<TICKER>;<PER>;<DATE>;<TIME>;<OPEN>;<HIGH>;<LOW>;<CLOSE>;<AMOUNT>;<VOLUME>
DSKY;D;20170210;000000;90;96;83;85;35138800;2976631628.9
DSKY;D;20170213;000000;85.6;85.9;84.4;85.2;2282830;194269737.7
DSKY;D;20170214;000000;85.5;85.5;84.64;85;2561550;217778137.1
DSKY;D;20170215;000000;85.2;85.2;84.7;85;379180;32210396.5
DSKY;D;20170216;000000;85.09;85.09;83.7;84.99;2647260;223866287.1
DSKY;D;20170217;000000;84;84.9;84;84.9;630210;53494862.9
DSKY;D;20170220;000000;84.9;84.9;84;84.85;117420;9930320.1
DSKY;D;20170221;000000;84;84.9;84;84.8;216860;18287317.5
DSKY;D;20170222;000000;84.79;84.8;84.15;84.75;626430;53037488.1
DSKY;D;20170224;000000;84.01;84.7;83.75;84.7;109270;9222135.6
DSKY;D;20170227;000000;84.9;85;83.8;84.48;814270;68508766.5
DSKY;D;20170228;000000;84;84.99;83.8;84.93;6744560;570682496.5
DSKY;D;20170301;000000;84.9;84.9;84.03;84.42;44400;3760148.9
DSKY;D;20170302;000000;86;88;83.85;83.85;376710;31845197.6
DSKY;D;20170303;000000;83.51;84.26;82.82;82.82;260170;21820126.4
DSKY;D;20170306;000000;83.95;83.96;80.5;82.98;805580;66267807.2
DSKY;D;20170307;000000;83.47;84.75;80.56;84.75;2274440;191594118.8
DSKY;D;20170309;000000;84.7;84.7;82.28;84.6;1546990;130238096.1
DSKY;D;20170310;000000;83.11;84.38;82.06;82.07;92400;7621282.9
DSKY;D;20170313;000000;81.25;82.46;81.14;81.5;320800;26151917.8
DSKY;D;20170314;000000;82.16;82.17;81.11;81.14;17350;1417691.9
DSKY;D;20170315;000000;81.99;81.99;80.01;80.01;51190;4144266.4
DSKY;D;20170316;000000;81.9;82.1;77.69;77.69;570540;45120675.9
DSKY;D;20170317;000000;78.48;79.88;76.2;76.2;1295970;100232674.8
DSKY;D;20170320;000000;77.69;78.91;75.01;75.01;1025970;78831000.4
DSKY;D;20170321;000000;75.38;79.95;75.38;79;383940;30080617.5
DSKY;D;20170322;000000;79.4;80.95;78;80.41;175580;13939123.4
DSKY;D;20170323;000000;80.4;81.87;80.12;81.3;488860;39583377.4
DSKY;D;20170324;000000;81.49;84.4;81.36;82.41;320450;26715461.9
DSKY;D;20170327;000000;81.92;85.53;80.63;85.53;646820;54974599.8
DSKY;D;20170328;000000;85.5;86;84.67;85.1;201150;17201763
DSKY;D;20170329;000000;85.27;86;84.74;85.2;91060;7779004.4
DSKY;D;20170330;000000;86;87.5;85.15;87.5;251800;21939349.6
DSKY;D;20170331;000000;88.99;90;86.5;88;170570;14973371.2
DSKY;D;20170403;000000;87;89.99;87;88.24;147070;13032361.1
DSKY;D;20170404;000000;89;89.77;88.37;89;27460;2440538.5
DSKY;D;20170405;000000;89.01;89.99;89.01;89.99;21940;1964733.9
DSKY;D;20170406;000000;89.98;100;89.98;92;531630;49203463.2
DSKY;D;20170407;000000;92.78;93;88.64;89.61;441400;40006616.6
DSKY;D;20170410;000000;89.53;90.87;84.57;84.57;301240;26493222.8
DSKY;D;20170411;000000;84.25;88.9;83.91;87.56;59650;5195054.3
DSKY;D;20170412;000000;88.3;90;87;87.03;90920;7943699.5
DSKY;D;20170413;000000;86.14;90;85;88.9;185550;16222518.6
DSKY;D;20170414;000000;88.9;91.8;88.8;89.68;92410;8319148.5
DSKY;D;20170417;000000;89.99;92;89.01;89.9;57560;5185435.1
DSKY;D;20170418;000000;89.9;92;89.01;90.01;71190;6416669.3
DSKY;D;20170419;000000;88.1;90.26;88.1;90;454630;40903707.3
DSKY;D;20170420;000000;90.9;91.5;88;89;26440;2360981.4
DSKY;D;20170421;000000;90.16;90.98;88.71;90.48;207880;18711242.2
DSKY;D;20170424;000000;90.88;91.41;89;90;43210;3867381
DSKY;D;20170425;000000;89;91;89;90.5;232210;21063260.4
DSKY;D;20170426;000000;91.07;91.07;88;89.9;183090;16510033.1
DSKY;D;20170427;000000;89.86;91;89.5;90;139900;12622350.7
DSKY;D;20170428;000000;89.87;92;89.46;90.47;209060;19015840.5
DSKY;D;20170502;000000;90.9;95;90.04;92;138390;12789173.1
DSKY;D;20170503;000000;82.8;92.64;82.74;85.53;642290;55605833.9
DSKY;D;20170504;000000;83.3;91;83.3;87.6;290120;25487294.2
DSKY;D;20170505;000000;87.5;92.41;87.5;88.65;571490;50315219.7
DSKY;D;20170510;000000;87.03;89.99;87;88.55;129960;11470440.8
DSKY;D;20170511;000000;88.54;91.99;87.98;89;229530;20622839.1
DSKY;D;20170512;000000;89.87;90.04;89.08;89.19;38380;3447452.7
DSKY;D;20170515;000000;90.01;90.35;88.78;89.01;7630;682439.5
DSKY;D;20170516;000000;91.41;91.6;89.04;91.41;383850;34807517.5
DSKY;D;20170517;000000;91.41;91.98;90.34;91.6;121770;11099549.9
DSKY;D;20170518;000000;91.14;91.41;90.36;91.41;170030;15428268.8
DSKY;D;20170519;000000;91.67;93.5;89.84;91.55;169070;15545383.2
DSKY;D;20170522;000000;93.95;93.95;89.5;92;42720;3917708.5
DSKY;D;20170523;000000;92.48;93;90.99;92;76190;7018007.6
DSKY;D;20170524;000000;90.94;92;90.94;91.41;10130;926534.4
DSKY;D;20170525;000000;92;92;90.32;91.99;50370;4604094.1
DSKY;D;20170526;000000;92;92;90.1;91.08;96380;8805480.7
DSKY;D;20170529;000000;92;92.07;90.6;91.04;99750;9153436.2
DSKY;D;20170530;000000;91.98;93.99;91.93;93.49;247500;22944738.8
DSKY;D;20170531;000000;94;98.99;92.39;92.39;1316730;124359750.8
DSKY;D;20170601;000000;92.54;96.89;92;95.39;399140;37602278.4
DSKY;D;20170602;000000;96.79;99;96;97.3;218620;21067227.6
DSKY;D;20170605;000000;102;102;96.14;96.5;160450;15799118.1
DSKY;D;20170606;000000;96.01;96.51;95.06;95.6;87730;8404656.4
DSKY;D;20170607;000000;96.3;96.49;94.89;95.8;429930;41209169.8
DSKY;D;20170608;000000;95.96;97.37;94.45;96.2;618110;59274773.6
DSKY;D;20170609;000000;96.74;101.8;95.89;100.45;267690;26073939.5
DSKY;D;20170613;000000;101.95;101.95;99.11;101;287200;28990396.8
DSKY;D;20170614;000000;101;103;100.01;103;553940;56002252.1
DSKY;D;20170615;000000;100;102;96.73;101;654440;65977384.4
DSKY;D;20170616;000000;101;104.19;99.1;99.99;5114950;514185907
DSKY;D;20170619;000000;100.5;100.98;97.32;100.98;128350;12706611.6
DSKY;D;20170620;000000;101.6;101.6;97.21;98.48;73230;7218426
DSKY;D;20170621;000000;99.9;102;97.9;102;406150;40714262.3
DSKY;D;20170622;000000;101;101;99.01;99.65;11100;1108473.3
DSKY;D;20170623;000000;99.65;100;98.92;98.95;93390;9302648
DSKY;D;20170626;000000;99.3;100;98.12;98.99;228020;22710947.7
DSKY;D;20170627;000000;97.01;99.84;96.75;96.75;254000;24869517.3
DSKY;D;20170628;000000;98.33;99.25;97.5;97.88;161660;15872176.3
DSKY;D;20170629;000000;97.93;97.94;92.02;94.01;218890;20915287.2
DSKY;D;20170630;000000;94.01;95.89;91.11;93.99;71080;6640425.3
DSKY;D;20170703;000000;94.41;94.41;92;93.71;45450;4233045.3
DSKY;D;20170704;000000;94.2;94.2;91.52;92;231260;21338088.2
DSKY;D;20170705;000000;92;92.35;88.34;89.4;121900;11021626.3
DSKY;D;20170706;000000;89.99;91.88;89.6;90.9;207360;18748262.5
DSKY;D;20170707;000000;89.61;92.99;89.6;92;190700;17439152.3
DSKY;D;20170710;000000;91.99;93.35;91.56;93.35;42660;3962869.1
DSKY;D;20170711;000000;92;93.7;91.77;91.77;46900;4324383.9
DSKY;D;20170712;000000;91.67;92.89;91.66;91.7;70210;6476112.3
DSKY;D;20170713;000000;91.46;91.8;91;91.8;53530;4894555
DSKY;D;20170714;000000;89.43;90.32;88.84;90;247990;22305092.7
DSKY;D;20170717;000000;90.41;90.99;89.08;89.1;12980;1162413.7
DSKY;D;20170718;000000;89.26;89.26;86.88;86.88;54510;4789939.3
DSKY;D;20170719;000000;86.57;89.34;86.52;88.16;86270;7675198.6
DSKY;D;20170720;000000;88.6;90.49;88.6;89.98;76350;6855896.1
DSKY;D;20170721;000000;89.95;90.9;88.76;88.94;79680;7131446.9
DSKY;D;20170724;000000;89.4;91.46;89.4;89.8;161750;14573693.9
DSKY;D;20170725;000000;89.77;90.43;88.23;88.87;166520;14814037
DSKY;D;20170726;000000;89.38;89.72;88.5;88.86;516600;46218663.9
DSKY;D;20170727;000000;89.18;90.98;89.01;90.98;101280;9056806.2
DSKY;D;20170728;000000;90.9;90.9;88.57;89.97;79640;7184194.1
DSKY;D;20170731;000000;89.34;90.7;88.55;90.5;192080;17290181
DSKY;D;20170801;000000;91.1;91.35;90.3;91.25;54930;5001362
DSKY;D;20170802;000000;92.5;92.5;91;91.3;40380;3698822
DSKY;D;20170803;000000;92;92;90.35;91.3;31850;2893785
DSKY;D;20170804;000000;90.05;91.8;90.05;91.3;31000;2829817
DSKY;D;20170807;000000;90.8;91.2;90.05;91.2;16340;1479659.5
DSKY;D;20170808;000000;90.75;91.25;90.15;91.2;40850;3718240.5
DSKY;D;20170809;000000;90.65;92.8;90.65;92;47540;4373730
DSKY;D;20170810;000000;92.05;92.2;91.5;91.7;46010;4231119.5
DSKY;D;20170811;000000;91.5;91.95;89.95;91.15;187660;17089567
DSKY;D;20170814;000000;90.85;93;90.35;92.95;251180;23118057.5
DSKY;D;20170815;000000;92.2;92.95;91;92.25;72550;6644636.5
DSKY;D;20170816;000000;92;92.2;90.55;90.8;2225490;202081888.5
DSKY;D;20170817;000000;90.9;92;90.9;91.65;305020;27899604.5
DSKY;D;20170818;000000;91.4;92.9;91;92.9;76580;7032514.5
DSKY;D;20170821;000000;92.55;92.55;91.7;92.05;97220;8952606
DSKY;D;20170822;000000;92.05;93.4;92.05;93.4;115990;10774393
DSKY;D;20170823;000000;93.5;94.35;92.9;93.3;57190;5330494
DSKY;D;20170824;000000;92.75;94.4;90.6;94;61870;5800405.5
DSKY;D;20170825;000000;94.1;98.7;94.05;96.9;76860;7367627.5
DSKY;D;20170828;000000;97;99.6;97;99;143170;14172984
DSKY;D;20170829;000000;99.8;99.95;97.3;98.95;106120;10493998.5
DSKY;D;20170830;000000;99.4;99.4;97.2;98.25;60620;5950431.5
DSKY;D;20170831;000000;99.3;99.9;95.65;99.9;70240;6901121
DSKY;D;20170901;000000;98.5;99.65;97.65;99.5;65830;6532412
DSKY;D;20170904;000000;98.5;100.5;98;98.1;103610;10268230.5
DSKY;D;20170905;000000;97.8;99;96;96.5;118690;11577489
DSKY;D;20170906;000000;95.25;98.05;92;95.5;236480;22989771.5
DSKY;D;20170907;000000;95.8;97.65;94.8;96.6;67150;6532599.5
DSKY;D;20170908;000000;96.7;97.55;96.4;97.25;88090;8563664.5
DSKY;D;20170911;000000;98.9;103;97.3;99.15;543310;53374009
DSKY;D;20170912;000000;99.85;104.2;99.35;101;99730;10103961.5
DSKY;D;20170913;000000;101.55;102.8;100.35;101.05;139740;14246647.5
DSKY;D;20170914;000000;101.35;101.5;98.9;99.1;144030;14567634.5
DSKY;D;20170915;000000;99.85;102;97.85;97.85;119750;11864574
DSKY;D;20170918;000000;99.05;100.9;98.55;99.6;116120;11605537
DSKY;D;20170919;000000;102.15;102.45;99.1;102.4;530200;53189381
DSKY;D;20170920;000000;100.1;103.55;100.1;100.6;94370;9670035
DSKY;D;20170921;000000;100;102.2;100;101.85;46260;4713872
DSKY;D;20170922;000000;102.9;105;101.6;101.6;148360;15279655.5
DSKY;D;20170925;000000;101.2;104.05;100.65;102.7;429540;43990172.5
DSKY;D;20170926;000000;104;104.7;102.6;103.25;445860;46181322
DSKY;D;20170927;000000;104.5;105;103.45;104.3;375830;38977249.5
DSKY;D;20170928;000000;104.15;104.7;103.05;103.2;431740;44999443.5
DSKY;D;20170929;000000;103.95;104.5;102.4;102.7;316090;32768671.5
DSKY;D;20171002;000000;103.85;104.1;102.3;102.6;194740;19996480
DSKY;D;20171003;000000;102.6;102.6;100.85;101.5;36910;3755457
DSKY;D;20171004;000000;101.6;101.85;98.75;101.1;120160;12020534
DSKY;D;20171005;000000;100.25;101.6;100;101.5;258940;26138531.5
DSKY;D;20171006;000000;101;101.5;100.2;101.5;19710;1996885
DSKY;D;20171009;000000;101.1;103;101.1;102.5;17690;1812470.5
DSKY;D;20171010;000000;102.5;102.75;102.3;102.5;68120;6982541.5
DSKY;D;20171011;000000;100;102.5;100;101.4;21020;2136627.5
DSKY;D;20171012;000000;101.85;102;101.6;101.8;10420;1061218
DSKY;D;20171013;000000;101.8;101.9;100;100.55;166250;16865678.5
DSKY;D;20171016;000000;102.4;102.45;100.65;100.65;51150;5167808
DSKY;D;20171017;000000;100.65;100.85;99.05;99.75;45760;4577329
DSKY;D;20171018;000000;99.75;101.5;99.75;100.15;92490;9295378.5
DSKY;D;20171019;000000;101.75;101.8;100.15;100.15;28660;2893953.5
DSKY;D;20171020;000000;99.85;101.7;99.85;100.65;31260;3161245
DSKY;D;20171023;000000;100.6;103.65;100.6;101.9;35250;3598996.5
DSKY;D;20171024;000000;101.85;102;100.7;101.75;31960;3241958
DSKY;D;20171025;000000;101.05;101.4;97.65;97.65;94330;9464054
DSKY;D;20171026;000000;100;100.75;99.05;100.2;9870;990186.5
DSKY;D;20171027;000000;99.7;100.8;99.05;99.95;41330;4135060
DSKY;D;20171030;000000;101.9;102;100.15;102;46660;4720585
DSKY;D;20171031;000000;102;102;100.65;101.5;177790;18031437
DSKY;D;20171101;000000;101.1;101.9;100;101.1;422590;42846034.5
DSKY;D;20171102;000000;101.55;103.8;101.05;103.4;129190;13266377
DSKY;D;20171103;000000;103.4;107.8;103.2;107.75;239770;25398880
DSKY;D;20171107;000000;107.8;109.7;106.2;108.3;99030;10687898.5
DSKY;D;20171108;000000;108.25;124.95;106.6;109;429850;47160523.5
DSKY;D;20171109;000000;113.45;113.45;107.05;108;151730;16528423.5
DSKY;D;20171110;000000;108.4;108.45;105.85;106;186810;19969698.5
DSKY;D;20171113;000000;106.9;107.75;103.5;103.5;293470;30873750.5
DSKY;D;20171114;000000;104.35;105.95;103.85;105.7;178440;18787959
DSKY;D;20171115;000000;106.4;109;105.15;106.35;129920;13858026.5
DSKY;D;20171116;000000;106.95;109.7;105.75;109.7;137310;14742765.5
DSKY;D;20171117;000000;109.8;109.8;106.05;106.85;125930;13486991
DSKY;D;20171120;000000;107.3;107.9;106.85;107.2;100420;10778748.5
DSKY;D;20171121;000000;107.95;107.95;107;107.9;104130;11204714
DSKY;D;20171122;000000;107.5;108.95;107;107.85;140730;15199375
DSKY;D;20171123;000000;107.25;108.5;106.75;106.95;151690;16234834
DSKY;D;20171124;000000;107.5;107.8;106.7;106.75;213370;22821638.5
DSKY;D;20171127;000000;106.2;107;106.1;106.65;22910;2443638
DSKY;D;20171128;000000;109.9;109.9;106;106.8;102510;10926667.5
DSKY;D;20171129;000000;107.05;107.05;106.55;106.75;118380;12647201
DSKY;D;20171130;000000;106.25;108.8;106;108.8;127080;13686353
DSKY;D;20171201;000000;108.65;108.65;106;106;159440;16932037.5
DSKY;D;20171204;000000;106.95;107.45;106;106.1;26580;2830021.5
DSKY;D;20171205;000000;106.85;106.95;104;104.15;422800;44458699
DSKY;D;20171206;000000;104.4;105;102.75;104;172220;17948820
DSKY;D;20171207;000000;104.7;105.6;99.4;101;368350;37331799.5
DSKY;D;20171208;000000;104.7;104.7;100.5;101;795840;80984589
DSKY;D;20171211;000000;101.55;102;100.85;100.85;664830;67177595.5
DSKY;D;20171212;000000;96;96;91.1;92.55;2902900;270996270
DSKY;D;20171213;000000;94.3;97.05;90.3;94.7;5469760;514760498
DSKY;D;20171214;000000;92.5;93.8;91.15;92;619180;57164813.5
DSKY;D;20171215;000000;92.4;94.2;92.2;94.1;244720;22905855
DSKY;D;20171218;000000;94.05;94.1;91.2;91.5;287430;26468305.5
DSKY;D;20171219;000000;91.7;92.35;91.2;91.55;408930;37560682
DSKY;D;20171220;000000;92.3;92.3;89.3;89.7;267170;24313493.5
DSKY;D;20171221;000000;90.3;90.7;87;87.8;168650;14882928.5
DSKY;D;20171222;000000;89.7;92.2;89.35;91.75;299180;27300683.5
DSKY;D;20171225;000000;94.85;98;94.2;95.95;270170;25933760
DSKY;D;20171226;000000;97.5;97.5;94.85;96.1;160600;15402052.5
DSKY;D;20171227;000000;95.15;96.25;93.05;94.75;86690;8220628.5
DSKY;D;20171228;000000;95;96.45;94.15;95.9;81720;7825670.5
DSKY;D;20171229;000000;96.4;96.4;95.1;95.95;105780;10149417.5
DSKY;D;20180103;000000;96.4;97.55;96;97.2;60220;5833957.5
DSKY;D;20180104;000000;96.6;99.2;96.6;99.2;137510;13527042
DSKY;D;20180105;000000;99.5;100;98.1;99.2;134790;13379729
DSKY;D;20180109;000000;99.2;99.7;97.5;98.5;249090;24521650
DSKY;D;20180110;000000;98.5;99.8;97.95;99.25;139680;13861723.5
DSKY;D;20180111;000000;99.6;101.3;98.75;99.55;380220;37874235
DSKY;D;20180112;000000;100.95;101;99.35;99.85;247430;24701295
DSKY;D;20180115;000000;99.9;100.4;98;98;168210;16630421.5
DSKY;D;20180116;000000;99.7;100;96.35;98.4;356170;35034498.5
DSKY;D;20180117;000000;98;98.95;97.5;98.25;76150;7471940.5
DSKY;D;20180118;000000;98.55;100;95.1;100;370290;35947181.5
DSKY;D;20180119;000000;98.5;98.5;96.8;98;190650;18540319
DSKY;D;20180122;000000;97.45;97.95;96.5;97.95;104920;10192580.5
DSKY;D;20180123;000000;97.75;98.05;96.1;96.1;315550;30548102
DSKY;D;20180124;000000;96.4;96.4;92.4;92.95;544090;51116411
DSKY;D;20180125;000000;93;93.65;92.5;92.75;381430;35481122
DSKY;D;20180126;000000;93.15;93.5;92.2;92.6;271310;25119231
DSKY;D;20180129;000000;93.2;93.25;92.3;93.2;89770;8336780
DSKY;D;20180130;000000;93.5;93.5;92.5;92.7;38830;3605958
DSKY;D;20180131;000000;93.15;93.15;92.5;92.5;77170;7156972
DSKY;D;20180201;000000;92.8;92.8;91.2;91.4;468120;42951842
DSKY;D;20180202;000000;91.75;92.9;91.05;92.35;189310;17406911
DSKY;D;20180205;000000;92.6;93.4;91.4;92.25;387460;35779466.5
DSKY;D;20180206;000000;91.35;92;89.25;92;319660;28966779
DSKY;D;20180207;000000;91.95;92.85;91.8;92.3;60350;5570497
DSKY;D;20180208;000000;92.4;92.5;91.85;92.05;28030;2583284.5
DSKY;D;20180209;000000;91.75;91.8;90;91.35;253420;22924664
DSKY;D;20180212;000000;91.4;92;90.3;90.5;125950;11440780
DSKY;D;20180213;000000;91.25;91.95;90.45;90.7;146330;13337722.5
DSKY;D;20180214;000000;90.8;90.95;90;90.55;59360;5361124.5
DSKY;D;20180215;000000;91;91;89.7;90.1;104920;9465924.5
DSKY;D;20180216;000000;90.05;90.45;89.8;90.1;110240;9930941.5
DSKY;D;20180219;000000;90.25;90.4;89.85;90;88540;7972019
DSKY;D;20180220;000000;89.85;90.1;89.7;89.75;186400;16771767.5
DSKY;D;20180221;000000;90.15;90.15;89.3;90.1;195350;17541190.5
DSKY;D;20180222;000000;90.5;90.85;88.65;89.25;349320;31337112.5
DSKY;D;20180226;000000;90;90;88.65;89;121190;10800341
DSKY;D;20180227;000000;89;89.35;88.5;88.5;180750;16061157
DSKY;D;20180228;000000;89;91;88.6;90.5;666760;60208885
DSKY;D;20180301;000000;90.65;91;89.2;89.85;336430;30275148.5
DSKY;D;20180302;000000;90;90;88.9;89.6;440870;39425699
DSKY;D;20180305;000000;91.05;92.5;90.2;90.3;619230;56285149.5
DSKY;D;20180306;000000;91;91;89.9;90;533460;48273593
DSKY;D;20180307;000000;90;90.5;89.15;89.85;190710;17152279
DSKY;D;20180309;000000;90.25;90.4;89.8;90.05;95420;8589307.5
DSKY;D;20180312;000000;90.9;90.9;90;90.25;137890;12434896
DSKY;D;20180313;000000;90.6;112.85;90;95;881100;82825134.5
DSKY;D;20180314;000000;96.25;98.95;95.6;96;903130;87230382.5
DSKY;D;20180315;000000;96.3;96.9;94.4;95;206610;19672935
DSKY;D;20180316;000000;95.15;97;94.95;97;218690;20943562
DSKY;D;20180319;000000;97;97;95.5;96.15;73700;7074479.5
DSKY;D;20180320;000000;96;96.6;96;96.15;182210;17529509.5
DSKY;D;20180321;000000;96.45;97;96.25;97;208510;20113900.5
DSKY;D;20180322;000000;96.5;98.15;95.9;96.55;255460;24733528.5
DSKY;D;20180323;000000;96.15;98.1;95.7;97;590450;57453471
DSKY;D;20180326;000000;96.25;96.65;95.5;95.75;191310;18360475
DSKY;D;20180327;000000;95.35;96.35;95.2;96.3;95140;9123259
DSKY;D;20180328;000000;96.5;96.5;94.35;96;478430;45448845
DSKY;D;20180329;000000;96;96.05;94.9;95.95;156980;15035282
DSKY;D;20180330;000000;95.85;96.6;95.45;96.45;25860;2487844
DSKY;D;20180402;000000;95.6;97;95.55;96.4;48480;4670829
DSKY;D;20180403;000000;97;97;95.9;96.05;469450;45157176
DSKY;D;20180404;000000;96.9;96.9;95.35;95.5;59140;5662973
DSKY;D;20180405;000000;95.9;96;95.5;95.55;225180;21578963.5
DSKY;D;20180406;000000;95.95;96.05;94.15;94.15;338450;32226417
DSKY;D;20180409;000000;94;94;85;91;1462480;131987478.5
DSKY;D;20180410;000000;91;91.5;89.15;89.45;1483960;133500124.5
DSKY;D;20180411;000000;90.2;90.4;87.35;89;480440;43045006.5
DSKY;D;20180412;000000;89.6;93.4;89.05;90.45;430930;38814758.5
DSKY;D;20180413;000000;90.15;90.75;90;90.05;2411520;218286904
DSKY;D;20180416;000000;89.9;90.25;88.6;90;1389080;124979423
DSKY;D;20180417;000000;90.3;91.8;86.55;88.9;457780;40670184
DSKY;D;20180418;000000;89.15;89.75;88.1;89.05;1760450;157138062
DSKY;D;20180419;000000;89.5;89.7;88.55;88.55;169280;15049320.5
DSKY;D;20180420;000000;88.9;89.7;88.6;89.7;429040;38284120.5
DSKY;D;20180423;000000;89.75;90;89.45;89.9;750050;67287873
DSKY;D;20180424;000000;89.9;90.2;88.35;89.65;915020;81852798.5
DSKY;D;20180425;000000;89;90.65;89;90.25;287800;25960093.5
DSKY;D;20180426;000000;90.5;92;90.45;92;978470;89093252
DSKY;D;20180427;000000;93.5;93.85;92;93;960130;88915565
DSKY;D;20180428;000000;93.9;93.9;92.1;92.95;52580;4879802.5
DSKY;D;20180430;000000;93.3;93.5;92.85;93.4;54550;5079382.5
DSKY;D;20180502;000000;92.85;94;92.85;93.5;40490;3778879
DSKY;D;20180503;000000;94.35;94.35;93.2;93.5;227510;21333373
DSKY;D;20180504;000000;94;95.15;93.65;95.15;236050;22320398.5
DSKY;D;20180507;000000;95.25;96.1;95;95.45;144400;13809164
DSKY;D;20180508;000000;95.25;96;94.5;95.95;305990;29224546
DSKY;D;20180510;000000;95.15;96.9;94.95;95.75;98530;9451966
DSKY;D;20180511;000000;95.75;95.75;95;95.2;81720;7783809.5
DSKY;D;20180514;000000;95.5;95.6;94.8;95.15;187000;17766726
DSKY;D;20180515;000000;95.95;96.3;94.35;95.35;367940;34995841
DSKY;D;20180516;000000;95.8;96;95;95.9;75650;7235746
DSKY;D;20180517;000000;96.2;96.95;95.4;96.25;68990;6614468.5
DSKY;D;20180518;000000;95.95;96.65;95.85;96.65;385860;37215350
DSKY;D;20180521;000000;96;97.3;95.95;96.8;82200;7968734.5
DSKY;D;20180522;000000;97.2;97.5;96;96.9;145100;14036594.5
DSKY;D;20180523;000000;96.05;97;95.4;95.4;242750;23346405
DSKY;D;20180524;000000;95.95;97.3;95.05;96.5;485570;46876262
DSKY;D;20180525;000000;96.55;96.9;96.15;96.5;741120;71481982.5
DSKY;D;20180528;000000;93.1;93.8;91.5;93.1;447030;41702302.5
DSKY;D;20180529;000000;93.4;95.6;92.8;95.3;687370;65122707.5
DSKY;D;20180530;000000;94.5;95.7;93.55;94.8;229590;21691083
DSKY;D;20180531;000000;94.9;95.3;93.8;95;682750;64593636.5
DSKY;D;20180601;000000;94.6;94.7;93.85;93.95;168600;15892928
DSKY;D;20180604;000000;93.95;95;93.95;94.9;56260;5331230
DSKY;D;20180605;000000;94.9;95.35;94;94;60530;5724207
DSKY;D;20180606;000000;93.9;95.3;93.85;94.4;174940;16562973
DSKY;D;20180607;000000;95;95;94.1;94.15;200900;18956703.5
DSKY;D;20180608;000000;94.1;94.9;94;94.05;82670;7790553
DSKY;D;20180609;000000;93.75;94.85;91.6;94.6;21620;2026127
DSKY;D;20180611;000000;94.5;95.1;94;94.4;240970;22857301
DSKY;D;20180613;000000;94.35;94.7;94.15;94.15;131550;12410802
DSKY;D;20180614;000000;94.3;94.5;93.8;94;124260;11676008.5
DSKY;D;20180615;000000;94;94.5;93.3;94.5;157830;14800859
DSKY;D;20180618;000000;94.5;94.5;93;93.5;176610;16494843
DSKY;D;20180619;000000;93.15;93.8;92.5;93.5;274200;25608827
DSKY;D;20180620;000000;92.7;94;92.55;93.6;776890;72663815
DSKY;D;20180621;000000;94;94;93.3;93.8;365920;34290832.5
DSKY;D;20180622;000000;93.95;94;91.2;92.55;2030870;188915413
DSKY;D;20180625;000000;93.4;93.4;92.25;92.5;74620;6906947.5
DSKY;D;20180626;000000;92.9;93.5;92.3;92.5;94020;8700697.5
DSKY;D;20180627;000000;92.4;92.5;91.75;92;104140;9581550.5
DSKY;D;20180628;000000;92;92.3;91.55;91.55;122850;11298308
DSKY;D;20180629;000000;92;92.4;91.75;92;313950;28883494
DSKY;D;20180702;000000;92;92.3;90.45;91.1;276270;25169582.5
DSKY;D;20180703;000000;91.4;93;90.65;93;118760;10865860
DSKY;D;20180704;000000;91;92;90.9;90.95;89410;8140636
DSKY;D;20180705;000000;90.75;91.7;90.7;91;266980;24336909.5
DSKY;D;20180706;000000;90.9;91.2;90.8;91.1;189790;17278577
DSKY;D;20180709;000000;91.15;91.65;91;91.4;149360;13638898.5
DSKY;D;20180710;000000;91.4;92;91;91.35;1655750;151312778.5
DSKY;D;20180711;000000;91.1;91.85;90.55;91;242460;22042683
DSKY;D;20180712;000000;91;91.7;90.95;91.7;120820;11050727
DSKY;D;20180713;000000;91.05;91.75;90.35;90.7;131410;11939140.5
DSKY;D;20180716;000000;90.95;91.6;90.75;91.6;65180;5938938.5
DSKY;D;20180717;000000;91;91.25;90.85;91.05;76910;7005371
DSKY;D;20180718;000000;91.4;91.5;90.55;91.25;151970;13812448.5
DSKY;D;20180719;000000;90.85;91;90.7;90.7;65890;5986376.5
DSKY;D;20180720;000000;90.75;91;90.6;91;86710;7873919
DSKY;D;20180723;000000;91;91.15;90.75;90.8;57240;5205263
DSKY;D;20180724;000000;91;91;90.3;90.5;241470;21875677
DSKY;D;20180725;000000;90.2;90.5;89.25;89.5;170350;15329026.5
DSKY;D;20180726;000000;89.85;90.35;89.65;90;262470;23672199
DSKY;D;20180727;000000;90.35;90.35;89.65;89.95;79480;7148538.5
DSKY;D;20180730;000000;90.1;90.55;89.6;89.8;120810;10872208
DSKY;D;20180731;000000;89.9;90.4;89.75;89.8;218930;19730383
DSKY;D;20180801;000000;89.7;90.35;89.55;89.7;50510;4544522.5
DSKY;D;20180802;000000;89.85;89.95;88.85;88.85;68880;6144949
DSKY;D;20180803;000000;89.85;89.85;88;88.2;71260;6292819.5
DSKY;D;20180806;000000;88.7;90;88.05;89.75;73480;6562165.5
DSKY;D;20180807;000000;89.55;90;89.2;89.9;168840;15161826.5
DSKY;D;20180808;000000;89.7;89.7;88.4;88.5;91290;8106815
DSKY;D;20180809;000000;88.2;88.3;86.6;87.75;165240;14451958.5
DSKY;D;20180810;000000;87.7;87.7;86.5;86.9;82350;7169073.5
DSKY;D;20180813;000000;86.9;87.9;86.45;87.25;53640;4684654.5
DSKY;D;20180814;000000;87.6;88.15;87.25;88;48110;4220742.5
DSKY;D;20180815;000000;87.25;88.05;86.65;86.85;35370;3082701
DSKY;D;20180816;000000;86.85;87.45;86.55;86.75;50560;4398266.5
DSKY;D;20180817;000000;86.45;86.55;84.05;84.85;267450;22757838
DSKY;D;20180820;000000;85.2;85.5;84.55;85.1;65910;5604786.5
DSKY;D;20180821;000000;86.15;88.1;85.8;87.65;331040;28883420.5
DSKY;D;20180822;000000;88.05;89.9;88.05;89.4;234280;20921544
DSKY;D;20180823;000000;89.3;89.85;87.75;88.5;320500;28462449.5
DSKY;D;20180824;000000;88.1;89.5;88.05;89.45;263450;23540709.5
DSKY;D;20180827;000000;89.3;90.5;89;89.45;82130;7373431.5
DSKY;D;20180828;000000;89.35;90.25;89.1;90;150240;13516428
DSKY;D;20180829;000000;89.75;90.55;89.45;90.3;189910;17104558.5
DSKY;D;20180830;000000;90;90.75;89.5;90.45;131650;11867902
DSKY;D;20180831;000000;90.45;90.75;89;90;76090;6845469
DSKY;D;20180903;000000;90.6;91.35;90;90.9;108770;9877879
DSKY;D;20180904;000000;91;91.65;90.1;90.45;110490;10001390
DSKY;D;20180905;000000;94;94.6;91.55;91.95;1110260;102780697
DSKY;D;20180906;000000;91.85;92.8;91.5;91.5;295620;27177559
DSKY;D;20180907;000000;91.9;92.65;91.3;92.65;382310;35212888.5
DSKY;D;20180910;000000;92.7;93.95;91.15;91.75;518890;47742820.5
DSKY;D;20180911;000000;91.45;92.8;91.45;92.15;307420;28316194
DSKY;D;20180912;000000;92.95;93.45;92.3;92.8;247860;23070752
DSKY;D;20180913;000000;92.7;93.75;92.15;92.5;83810;7767341.5
DSKY;D;20180914;000000;92.95;93.1;92.4;92.85;95060;8830716
DSKY;D;20180917;000000;93.1;93.35;92.8;92.8;126440;11784247.5
DSKY;D;20180918;000000;92.75;93.55;92.6;93.55;496090;46188958.5
DSKY;D;20180919;000000;93.55;93.8;92.5;93.4;410500;38381599.5
DSKY;D;20180920;000000;93.35;93.5;92.8;92.9;174110;16237039.5
DSKY;D;20180921;000000;93.1;95;93;95;905160;84897586.5
DSKY;D;20180924;000000;94;94;91.3;93.25;349000;32553416.5
DSKY;D;20180925;000000;93.5;93.7;93.05;93.35;148070;13826086
DSKY;D;20180926;000000;93.5;93.55;93.05;93.4;145140;13551572
DSKY;D;20180927;000000;93.1;93.5;92.75;92.75;289690;27001003
DSKY;D;20180928;000000;92.8;93;91.55;93;172020;15875635
DSKY;D;20181001;000000;92.85;93.5;92.5;93.2;75900;7061105
DSKY;D;20181002;000000;93.4;93.4;91.05;91.95;108620;10049752
DSKY;D;20181003;000000;91.6;92.55;91.6;92;163880;15083164.5
DSKY;D;20181004;000000;91.6;92;89.5;91.2;192970;17549592.5
DSKY;D;20181005;000000;91.4;91.4;90;90.3;363660;32844665
DSKY;D;20181008;000000;90.9;91.1;90.05;90.6;40330;3642073
DSKY;D;20181009;000000;90.8;92;89.9;90.5;200340;18095821.5
DSKY;D;20181010;000000;90.15;91.25;90;91.05;120620;10931659
DSKY;D;20181011;000000;90.45;91.25;88.75;90.25;144060;12946909.5
DSKY;D;20181012;000000;90;92.35;90;90.2;191170;17298421.5
DSKY;D;20181015;000000;90.2;92.3;90;90.75;200620;18209168.5
DSKY;D;20181016;000000;90.8;91.3;90.5;90.8;196490;17836169
DSKY;D;20181017;000000;90.8;91;89.45;89.95;537810;48557680.5
DSKY;D;20181018;000000;90.2;90.2;89.05;89.5;176970;15841239
DSKY;D;20181019;000000;90;90;88.6;88.65;187660;16709587.5
DSKY;D;20181022;000000;88.6;89.2;85.55;85.9;158420;13854137.5
DSKY;D;20181023;000000;85.9;88.2;85.8;86.25;212020;18357348
DSKY;D;20181024;000000;86.3;88.3;85.6;87;623900;54039040.5
DSKY;D;20181025;000000;86.5;87.3;86.15;86.35;54840;4753957
DSKY;D;20181026;000000;86.9;88.45;86.55;87.85;231260;20166737
DSKY;D;20181029;000000;88.6;89.95;87.65;87.65;238480;21080231
DSKY;D;20181030;000000;88.8;88.9;87.3;88.2;220990;19517223
DSKY;D;20181031;000000;88.9;89.85;88.85;89.5;235270;21045862.5
DSKY;D;20181101;000000;89.5;90.5;89.2;90.38;217570;19595617
DSKY;D;20181102;000000;90.38;90.9;90;90.76;296570;26857867.8
DSKY;D;20181106;000000;90.76;90.94;90.12;90.5;193580;17508892
DSKY;D;20181107;000000;90.68;90.98;89.98;90.3;122250;11052400.6
DSKY;D;20181108;000000;90.88;91.2;90.18;90.8;401700;36466155.4
DSKY;D;20181109;000000;90.7;91.12;90;90.38;213050;19268249.8
DSKY;D;20181112;000000;91;91.4;89.5;91;146880;13321393.4
DSKY;D;20181113;000000;91.4;111.1;90;90.66;337670;31107773.6
DSKY;D;20181114;000000;90.66;91;90.24;90.62;64170;5818477
DSKY;D;20181115;000000;91.68;91.68;90;90.32;104250;9438254.6
DSKY;D;20181116;000000;90.5;90.7;89.9;90;93230;8407632.2
DSKY;D;20181119;000000;90.58;90.86;90.02;90.36;80130;7239623
DSKY;D;20181120;000000;90.36;90.38;89.58;89.98;63230;5683429.8
DSKY;D;20181121;000000;89.46;89.98;89.12;89.82;146380;13142803.6
DSKY;D;20181122;000000;89.74;90.6;89.5;89.88;131400;11821118.2
DSKY;D;20181123;000000;90.64;90.64;89.02;89.34;86360;7717441
DSKY;D;20181126;000000;89.44;90.6;89.12;89.62;125820;11301950.6
DSKY;D;20181127;000000;89.72;90.18;89.62;89.86;45380;4082838.2
DSKY;D;20181128;000000;89.7;93.66;89.6;92.52;635570;58726904.4
DSKY;D;20181129;000000;92.34;93.7;92.04;92.92;389430;36170307.2
DSKY;D;20181130;000000;93.1;93.5;92.6;93.5;246180;22928190.8
DSKY;D;20181203;000000;93.16;93.22;92.5;92.92;799270;74331330.6
DSKY;D;20181204;000000;93.22;93.4;92.64;93.02;530540;49379801.8
DSKY;D;20181205;000000;92.92;93.28;92.58;92.92;289060;26901079.2
DSKY;D;20181206;000000;93.2;93.2;92.7;93.1;267220;24846841
DSKY;D;20181207;000000;93;93.54;93;93.5;1309230;122201886.2
DSKY;D;20181210;000000;93.48;94.46;93.1;93.4;417330;39037118.6
DSKY;D;20181211;000000;93.4;93.74;93.02;93.2;268480;25037676
DSKY;D;20181212;000000;93.02;94.5;93;93.94;327200;30600855.8
DSKY;D;20181213;000000;93.7;93.98;92.12;93.84;387330;36091129
DSKY;D;20181214;000000;93.3;93.84;92.9;93.16;205600;19186501.2
DSKY;D;20181217;000000;92.66;93.5;92.56;92.96;219330;20436369.6
DSKY;D;20181218;000000;92.74;93;92.2;92.6;225100;20853481
DSKY;D;20181219;000000;92.36;93.32;92.36;93;414240;38524217.2
DSKY;D;20181220;000000;92.48;93.08;92.26;92.88;214660;19921928.6
DSKY;D;20181221;000000;92.88;93.96;92.88;93.7;328340;30697695.6
DSKY;D;20181224;000000;93.6;95.1;92.74;94.88;788650;74275212.8
DSKY;D;20181225;000000;91.5;91.68;89;89.6;433930;39060602.2
DSKY;D;20181226;000000;89.98;91.72;89.44;91.04;299560;27084709.8
DSKY;D;20181227;000000;91.52;91.6;89.82;90;285980;25827520
DSKY;D;20181228;000000;89.98;91;89.98;90.2;256120;23232045
DSKY;D;20181229;000000;90.58;90.94;90.1;90.44;198950;18005688.8
DSKY;D;20190103;000000;90.44;91.8;90.22;90.68;140740;12820094.8
DSKY;D;20190104;000000;90.56;91.5;90.46;90.72;41700;3795033.8
DSKY;D;20190108;000000;90.5;91.4;90.5;90.7;47870;4349095.4
DSKY;D;20190109;000000;91.32;91.42;90.72;90.8;208140;18928829.2
DSKY;D;20190110;000000;91.26;91.46;90.6;90.96;174730;15924462
DSKY;D;20190111;000000;91.2;91.3;90.88;91.18;143780;13099341.4
DSKY;D;20190114;000000;91.18;91.9;91.12;91.7;268580;24566483.8
DSKY;D;20190115;000000;91.92;91.96;91.24;91.5;348360;31871867.8
DSKY;D;20190116;000000;91.22;91.76;91.18;91.5;491040;44877024.4
DSKY;D;20190117;000000;91.7;92;91.32;91.56;436620;40021770.8
DSKY;D;20190118;000000;91.62;92.5;90.6;91.76;554940;50961631.2
DSKY;D;20190121;000000;91.98;92.5;91.22;92.26;228220;21030464.4
DSKY;D;20190122;000000;92.3;93.26;92.1;92.76;225580;20934438
DSKY;D;20190123;000000;92.02;92.86;92.02;92.76;126360;11699489.6
DSKY;D;20190124;000000;92.8;92.9;92.06;92.6;202900;18757667.4
DSKY;D;20190125;000000;92.38;92.96;90.48;92.44;660940;60758035.8
DSKY;D;20190128;000000;92.44;92.82;90.98;91.28;257920;23571554.4
DSKY;D;20190129;000000;91.68;91.68;90.82;91.2;184620;16808624.8
DSKY;D;20190130;000000;90.94;91.38;90.74;90.88;262770;23903285
DSKY;D;20190131;000000;90.98;91;90.7;90.9;183410;16675312.8
DSKY;D;20190201;000000;90.8;91.24;89.58;90.9;326330;29602642
DSKY;D;20190204;000000;90.3;91.26;90.3;90.94;99040;9004533.6
DSKY;D;20190205;000000;90.8;91.5;90.6;90.8;350130;31880943.2
DSKY;D;20190206;000000;91;91.08;90.62;90.76;229350;20860911
DSKY;D;20190207;000000;90.8;90.98;87.5;89.86;534470;47787100.8
DSKY;D;20190208;000000;89.74;90.48;89.2;89.9;109390;9820176.6
DSKY;D;20190211;000000;90.2;90.78;89.9;90.7;68170;6166698
DSKY;D;20190212;000000;90.78;90.98;89.62;90.02;498720;45094440.4
DSKY;D;20190213;000000;90.4;90.78;88.9;89.1;403840;36167583
DSKY;D;20190214;000000;89.98;89.98;86.9;88.9;850770;75138402.2
DSKY;D;20190215;000000;88.96;89.4;88.58;89.1;136840;12173836.8
DSKY;D;20190218;000000;89.14;89.14;88.16;88.8;78630;6972065.6
DSKY;D;20190219;000000;88.82;89.22;88.34;88.68;143170;12717042.2
DSKY;D;20190220;000000;89.14;89.14;86.64;87.66;597720;52289599.2
DSKY;D;20190221;000000;87.92;88;87.4;87.5;229570;20118556.8
DSKY;D;20190222;000000;87.5;87.94;87.3;87.4;185260;16192013
DSKY;D;20190225;000000;87.68;88.34;87.36;88.02;119420;10506486.4
DSKY;D;20190226;000000;88.1;88.3;87.92;87.94;65250;5750975.4
DSKY;D;20190227;000000;88.26;88.88;87.42;87.68;231090;20291329.2
DSKY;D;20190228;000000;87.88;88.92;87.52;88.92;213010;18817994.2
DSKY;D;20190301;000000;90.44;90.44;88.6;88.92;391040;34833011.8
DSKY;D;20190304;000000;89.8;89.8;87.5;87.58;388330;34348162.4
DSKY;D;20190305;000000;88.38;89;87.62;88.7;442730;39277310.4
DSKY;D;20190306;000000;88.42;89;88.42;88.98;260180;23142730.2
DSKY;D;20190307;000000;88.9;89;88.22;88.36;220760;19618701.6
DSKY;D;20190311;000000;88.34;90.16;88.34;89.98;438330;39170583
DSKY;D;20190312;000000;90.2;91;89.58;90.5;1055360;95644772.8
DSKY;D;20190313;000000;90.14;90.68;88.92;89;521850;46685884
DSKY;D;20190314;000000;89.04;89.6;88.1;88.38;517700;45956601.8
DSKY;D;20190315;000000;88.4;88.96;88.06;88.12;901330;79613579.8
DSKY;D;20190318;000000;88.76;90;88.1;89.98;610670;54438051.8
DSKY;D;20190319;000000;90.6;90.6;88.7;89.6;335310;30102304.2
DSKY;D;20190320;000000;89.14;90;89.14;89.24;155970;14000352.8
DSKY;D;20190321;000000;89.92;89.92;88.72;88.8;287450;25579310.8
DSKY;D;20190322;000000;89.38;89.8;88.5;88.9;246370;21971144.2
DSKY;D;20190325;000000;89.46;89.46;88.28;88.44;280500;24905635
DSKY;D;20190326;000000;88.3;89.3;88;88.5;191210;16978629.2
DSKY;D;20190327;000000;88.3;89;88.22;88.66;208470;18474672.8
DSKY;D;20190328;000000;89.06;89.1;88.56;88.78;46430;4120853.4
DSKY;D;20190329;000000;88.88;88.94;87.5;88.88;173630;15380007
DSKY;D;20190401;000000;90;90;88.42;88.9;163350;14539670.8
DSKY;D;20190402;000000;88.84;89.2;88.54;89;98160;8720552.2
DSKY;D;20190403;000000;88.6;89.2;88.6;88.8;70110;6226659.8
DSKY;D;20190404;000000;89.1;89.1;88.6;88.8;47420;4207110.6
DSKY;D;20190405;000000;88.62;89;88.5;88.84;50980;4527310
DSKY;D;20190408;000000;88.56;89.3;87.98;88.3;155880;13765635.8
DSKY;D;20190409;000000;88.3;88.7;87.7;87.7;339590;29916378.4
DSKY;D;20190410;000000;88.18;88.22;87.7;87.86;156330;13743702.6
DSKY;D;20190411;000000;87.92;88.16;87.6;87.7;366800;32252916
DSKY;D;20190412;000000;87.72;88.2;87.72;87.9;267360;23506319.6
DSKY;D;20190415;000000;88;88.7;87.76;88.3;421760;37172567.4
DSKY;D;20190416;000000;88.32;89;88.02;88.88;470170;41649894.2
DSKY;D;20190417;000000;88.94;89.54;88.94;89.02;205790;18376821
DSKY;D;20190418;000000;89.4;89.42;88.08;88.1;289350;25705300
DSKY;D;20190419;000000;88.6;89.2;88.14;89.1;247670;22026105.2
DSKY;D;20190422;000000;89.16;89.48;88.7;89.38;142750;12712171.4
DSKY;D;20190423;000000;89.4;89.7;88.92;89.36;663540;59197258.6
DSKY;D;20190424;000000;89.38;89.6;88.74;89.06;120170;10691054
DSKY;D;20190425;000000;89.04;89.3;88.26;88.76;222600;19747073.8
DSKY;D;20190426;000000;88.88;88.94;88.2;88.4;182140;16100571
DSKY;D;20190429;000000;88.78;89.6;87.72;88.14;665610;58691706.4
DSKY;D;20190430;000000;88.48;88.58;87.9;88.44;270710;23904588.6
DSKY;D;20190502;000000;88.16;88.58;88.16;88.24;163300;14425041
DSKY;D;20190503;000000;88.34;88.6;88.26;88.34;105760;9359203.4
DSKY;D;20190506;000000;88.3;89.6;88.2;88.88;173990;15461877.2
DSKY;D;20190507;000000;88.94;90.36;88.92;89.72;263180;23655824.2
DSKY;D;20190508;000000;89.88;90.18;88.5;88.92;445950;39780280.6
DSKY;D;20190510;000000;89.22;89.22;88.42;88.86;90120;8007907.6
DSKY;D;20190513;000000;88.9;89.36;88.42;89.12;163530;14563347
DSKY;D;20190514;000000;89.32;89.36;88.6;88.88;214610;19101867.8
DSKY;D;20190515;000000;89.22;89.56;88.72;89.42;276030;24581935.8
DSKY;D;20190516;000000;89.46;90.2;89.4;89.88;165330;14881090.8
DSKY;D;20190517;000000;89.84;90.1;89.42;89.8;96800;8701849.6
DSKY;D;20190520;000000;90.1;90.3;89.76;89.86;380880;34289068.4
DSKY;D;20190521;000000;90.06;90.28;89.9;89.96;436220;39273888.8
DSKY;D;20190522;000000;90.18;90.18;89.22;89.68;767070;68882615.2
DSKY;D;20190523;000000;89.66;90.18;89.4;89.8;1074940;96560254
DSKY;D;20190524;000000;86.5;86.6;85.52;85.58;1827250;157136799.8
DSKY;D;20190527;000000;85.8;85.98;85.04;85.2;448350;38259330.2
DSKY;D;20190528;000000;85.24;85.74;85.02;85.74;590700;50385872.2
DSKY;D;20190529;000000;85.68;85.68;85.08;85.32;380760;32459748.6
DSKY;D;20190530;000000;85.5;85.5;85;85.3;607350;51744392.4
DSKY;D;20190531;000000;85.4;85.46;84.6;84.7;487730;41379018.6
DSKY;D;20190603;000000;84.62;84.96;84.16;84.66;390850;32989063.2
DSKY;D;20190604;000000;84.72;85.96;84.56;85.5;321030;27450216.8
DSKY;D;20190605;000000;85.56;85.94;85.2;85.2;216690;18550354.4
DSKY;D;20190606;000000;85.68;85.7;85.14;85.7;266450;22778499.8
DSKY;D;20190607;000000;85.7;85.7;85.32;85.48;411980;35231404
DSKY;D;20190610;000000;85.48;85.64;85.12;85.26;232440;19837587
DSKY;D;20190611;000000;85.48;85.64;85.1;85.32;360030;30755112.8
DSKY;D;20190613;000000;85.6;85.62;85.16;85.2;175770;14996734
DSKY;D;20190614;000000;85.5;85.5;84.86;84.96;243010;20705496.2
DSKY;D;20190617;000000;85.24;85.34;84.52;84.74;290800;24704449.2
DSKY;D;20190618;000000;84.76;85.12;84.6;84.76;377460;32013615.6
DSKY;D;20190619;000000;84.94;86.74;84.82;86.06;699950;60187106.8
DSKY;D;20190620;000000;86.12;87.28;86.1;86.38;654560;56664924.8
DSKY;D;20190621;000000;86.52;87;86;87;445480;38584612.6
DSKY;D;20190624;000000;86.7;86.9;86.2;86.62;473190;40970463.2
DSKY;D;20190625;000000;86.5;86.5;85.66;85.98;304130;26138619.2
DSKY;D;20190626;000000;86;86.28;85.68;85.8;343750;29559276.2
DSKY;D;20190627;000000;86.14;86.48;85.74;85.8;215070;18495928.6
DSKY;D;20190628;000000;85.7;86.2;85.6;85.8;329200;28251263.6
DSKY;D;20190701;000000;85.8;85.9;84.8;85.44;1182360;100647475.4
DSKY;D;20190702;000000;85.42;85.98;85.16;85.64;393870;33683634.6
DSKY;D;20190703;000000;85.64;86.3;85.32;85.9;626300;53805847.4
DSKY;D;20190704;000000;85.8;87.2;85.8;86.72;839490;72635693.6
DSKY;D;20190705;000000;86.72;87.12;86.02;86.72;603550;52444470
DSKY;D;20190708;000000;87.16;87.2;86.58;87.02;581390;50564249.4
DSKY;D;20190709;000000;87.02;87.9;86.8;86.8;574340;50241059.6
DSKY;D;20190710;000000;87.1;88.4;86.68;87.86;597070;52190320.4
DSKY;D;20190711;000000;87.88;88.48;87.52;87.54;444700;39082028.2
DSKY;D;20190712;000000;87.54;88.08;86.9;87.8;221280;19334589.8
DSKY;D;20190715;000000;87.86;88.42;87.58;87.9;436950;38419356.6
DSKY;D;20190716;000000;88;89.16;88;88.96;770590;68420427.4
DSKY;D;20190717;000000;88.66;89.5;88.54;89.32;282480;25183679.8
DSKY;D;20190718;000000;89.32;90.84;89.24;90.74;729180;65701643.6
DSKY;D;20190719;000000;90.8;92.38;90.3;90.8;863580;78791656
DSKY;D;20190722;000000;91.5;91.5;89.8;90.52;425910;38479080.8
DSKY;D;20190723;000000;90.02;90.5;89.84;90.5;409390;36964732.4
DSKY;D;20190724;000000;90.32;90.5;89.54;89.8;312520;28124762.8
DSKY;D;20190725;000000;89.54;89.8;89.02;89.48;524580;46838412.8
DSKY;D;20190726;000000;89.48;89.88;88.94;89.5;474300;42467870.2
DSKY;D;20190729;000000;89.98;90.2;89.52;89.7;253510;22789039.2
DSKY;D;20190730;000000;89.94;89.94;88.36;88.56;339920;30222982.4
DSKY;D;20190731;000000;88.2;89.68;88.2;89.68;543170;48421358.6
DSKY;D;20190801;000000;89.36;90.2;88.88;90;470340;42228564.6
DSKY;D;20190802;000000;89;89.66;88.36;88.84;348870;31136518.6
DSKY;D;20190805;000000;88.8;89.48;88.2;89.02;382200;33997832.4
DSKY;D;20190806;000000;89.24;90;88.46;89.26;366670;32815921.2
DSKY;D;20190807;000000;89.28;89.74;88.82;89.74;168100;15008992.4
DSKY;D;20190808;000000;89.54;90.48;89;89.78;531950;47752966.2
DSKY;D;20190809;000000;89.94;90.5;89.5;90.24;155530;14031144
DSKY;D;20190812;000000;90.24;90.8;89.62;89.76;120110;10836195.2
DSKY;D;20190813;000000;90.02;90.02;88.8;89.08;385620;34460778.6
DSKY;D;20190814;000000;89.64;89.88;88.34;88.7;379970;33863844.2
DSKY;D;20190815;000000;88.7;89.16;86.08;87;705420;61865030.4
DSKY;D;20190816;000000;87;88.08;87;87.4;165020;14435133.2
DSKY;D;20190819;000000;87.98;87.98;86.56;87.14;355040;30933610.2
DSKY;D;20190820;000000;87.44;87.86;87.02;87.4;271620;23739042.6
DSKY;D;20190821;000000;87.48;87.98;87.22;87.88;696540;60946166
DSKY;D;20190822;000000;88.06;89.5;87.98;89.3;356570;31658987.2
DSKY;D;20190823;000000;89.5;89.5;88.04;88.7;302020;26788708.2
DSKY;D;20190826;000000;89.14;90.4;89.1;89.5;584380;52401127.8
DSKY;D;20190827;000000;90.02;90.38;89.3;89.76;719530;64618619
DSKY;D;20190828;000000;90.02;90.34;89.8;90.02;340540;30676368.8
DSKY;D;20190829;000000;90.22;91;88.38;90.7;488080;44115855.4
DSKY;D;20190830;000000;90.7;90.7;89.8;90.2;265970;23987202
DSKY;D;20190902;000000;90.48;90.72;90.04;90.5;193100;17478180.6
DSKY;D;20190903;000000;90.52;90.72;89.54;89.6;369190;33215481.4
DSKY;D;20190904;000000;90.1;90.8;90.04;90.4;260550;23553823.6
DSKY;D;20190905;000000;90.4;90.9;90.2;90.48;299470;27086435
DSKY;D;20190906;000000;90.5;90.8;90.02;90.5;208310;18816480.8
DSKY;D;20190909;000000;90.66;90.9;90.08;90.34;155460;14038076.6
DSKY;D;20190910;000000;90.54;90.7;89.98;90.4;213240;19230190
DSKY;D;20190911;000000;90.1;90.6;89.98;90.1;342480;30901682.8
DSKY;D;20190912;000000;90.12;90.48;89.8;90.48;395810;35677822.4
DSKY;D;20190913;000000;90.6;91;90;90.88;580560;52562627.8
DSKY;D;20190916;000000;90.9;91.48;90;90.2;439340;39709245.6
DSKY;D;20190917;000000;90.48;90.5;90;90.26;616140;55646790
DSKY;D;20190918;000000;90.26;90.48;89.82;90.28;219290;19768845.2
DSKY;D;20190919;000000;90.3;90.36;88.54;90;331830;29815151.8
DSKY;D;20190920;000000;89.98;90.2;89.5;90.2;99180;8908085.8
DSKY;D;20190923;000000;90;90.38;89.76;90.3;168180;15139002.8
DSKY;D;20190924;000000;90.1;90.3;89.72;89.72;88740;7984583.6
DSKY;D;20190925;000000;90;90.2;89.4;89.94;248930;22322183
DSKY;D;20190926;000000;90.1;90.16;89.5;90.02;157850;14195337
DSKY;D;20190927;000000;89.88;90.18;89.64;89.68;141940;12779590.8
DSKY;D;20190930;000000;89.68;90;88.78;88.92;166580;14862511.2
DSKY;D;20191001;000000;88.98;89.38;88.86;89.38;185920;16574933.2
DSKY;D;20191002;000000;89.82;89.88;89.14;89.64;266360;23810291.8
DSKY;D;20191003;000000;89.16;90;89.16;89.6;318650;28531155.8
DSKY;D;20191004;000000;89.4;89.88;89.4;89.6;216200;19368633.4
DSKY;D;20191007;000000;89.32;90;89.32;89.66;368730;33048114
DSKY;D;20191008;000000;89.68;90.3;89.24;90.26;280810;25285797.4
DSKY;D;20191009;000000;90.28;90.38;89.9;90.16;110040;9930321.6
DSKY;D;20191010;000000;90;90.38;89.72;90.08;100690;9072316.8
DSKY;D;20191011;000000;90.08;90.08;89.62;89.8;189660;17041034.2
DSKY;D;20191014;000000;89.78;90.56;89.56;90.52;272660;24591057.8
DSKY;D;20191015;000000;90.6;91.22;89.16;91.22;823170;74704833.2
DSKY;D;20191016;000000;92.42;94.48;92;93.96;1766300;164848909.6
DSKY;D;20191017;000000;94.24;94.5;93.6;94.3;605880;57041940.4
DSKY;D;20191018;000000;94.48;94.58;93.62;93.94;305260;28704829.2
DSKY;D;20191021;000000;94.48;94.48;93.7;94.26;374980;35280852
DSKY;D;20191022;000000;93.9;95.2;93.9;95;575990;54611731.2
DSKY;D;20191023;000000;95.36;96;94.5;96;604110;57541478
DSKY;D;20191024;000000;96.54;96.54;95.34;95.98;244740;23464000.8
DSKY;D;20191025;000000;96;96;93.58;95.24;460040;43671869
DSKY;D;20191028;000000;95.26;95.96;95.1;95.86;135740;12960603.2
DSKY;D;20191029;000000;95.12;97.74;95.12;97.2;614460;59273126.2
DSKY;D;20191030;000000;97.4;97.74;96.22;96.96;312260;30324075.8
DSKY;D;20191031;000000;97;97.5;95.84;95.9;212600;20518476.2
DSKY;D;20191101;000000;96.2;97;96.1;96.96;332930;32224585
DSKY;D;20191105;000000;97.3;98.92;95.82;97.1;1745440;169020213.6
DSKY;D;20191106;000000;97.3;97.96;96.52;97.76;803700;78400727.2
DSKY;D;20191107;000000;98.5;98.76;97.9;98.26;785360;77360016.4
DSKY;D;20191108;000000;98.42;99.38;98.26;99.28;925960;91512002.4
DSKY;D;20191111;000000;98.9;100.38;98.88;99.38;644780;64257837.6
DSKY;D;20191112;000000;99.76;100.4;99.44;99.74;964310;96331869.8
DSKY;D;20191113;000000;99.48;100.34;98.2;98.5;1756810;174726430.4
DSKY;D;20191114;000000;99;99.2;96.18;96.3;1846190;180175664.8
DSKY;D;20191115;000000;97.26;99.32;96.56;96.56;1362470;133157138.2
DSKY;D;20191118;000000;96.68;96.7;92.02;93.46;6231950;582462656
DSKY;D;20191119;000000;93.56;96.8;93.2;95.6;2460200;234926653
DSKY;D;20191120;000000;96;97;95.2;95.2;1002840;96545504.2
DSKY;D;20191121;000000;95.2;95.94;93;93;2125460;200023010.6
DSKY;D;20191122;000000;92.5;93.96;91.8;93.6;16635140;1543506652.8
DSKY;D;20191125;000000;93.6;94.96;93.6;94.36;4834810;456020413.2
DSKY;D;20191126;000000;94.8;95.24;93.92;94.26;5484280;517353825.6
DSKY;D;20191127;000000;94.4;94.7;93.4;93.6;2674710;251322221.2
DSKY;D;20191128;000000;93.6;94.1;93.12;93.72;1925750;180413747.4
DSKY;D;20191129;000000;94.02;94.78;93.76;94.62;2328460;219268783.8
DSKY;D;20191202;000000;94.86;96.8;94.8;94.82;2516100;240152205.2
DSKY;D;20191203;000000;95.16;95.78;94.22;95;1946690;184791246.8
DSKY;D;20191204;000000;95;95.66;94.94;95.3;1351750;128965071.4
DSKY;D;20191205;000000;95.66;95.9;95.3;95.7;1402790;134030521.6
DSKY;D;20191206;000000;95.7;98.28;95.7;97.56;3287150;319509445.6
DSKY;D;20191209;000000;98.14;98.8;97.58;98;2651960;260235995.8
DSKY;D;20191210;000000;98;98.22;95.74;97.48;2402480;234485092.6
DSKY;D;20191211;000000;97.54;98.2;97.44;97.96;3944950;386529176.6
DSKY;D;20191212;000000;98.08;98.52;97.5;98.5;4624100;453815979.8
DSKY;D;20191213;000000;98.5;99;98.2;98.74;6240160;615298006.4
DSKY;D;20191216;000000;94.38;94.94;93.74;94.5;7287100;688000906.2
DSKY;D;20191217;000000;94.28;96.9;94.28;96.9;4670850;447938924
DSKY;D;20191218;000000;96.98;99.8;96.04;99.28;7132670;701464976.4
DSKY;D;20191219;000000;99.6;100;98.1;99.5;4039500;401828234
DSKY;D;20191220;000000;99.54;99.54;97.6;98.2;1615010;159140870.2
DSKY;D;20191223;000000;98.2;99.38;96.44;97.68;1428430;140149934.6
DSKY;D;20191224;000000;97.42;99.3;97.42;99;2109800;208378174.8
DSKY;D;20191225;000000;99.08;99.44;98.64;98.92;393400;38979652
DSKY;D;20191226;000000;99;99.38;98.06;99.1;691570;68209018.6
DSKY;D;20191227;000000;99.02;100.2;98.86;100;1742710;173633903.2
DSKY;D;20191230;000000;100.18;102;99.84;100;1423800;143976999.2
DSKY;D;20200103;000000;100.08;102.76;100.08;101.5;957550;97361360.8
DSKY;D;20200106;000000;101.6;103.44;100.72;102.36;1239520;126802718.2
DSKY;D;20200108;000000;102.38;103;98.7;102.5;1170220;119850060.6
DSKY;D;20200109;000000;102.5;104;101.5;103.92;1386340;142611938.6
DSKY;D;20200110;000000;103.5;106;103.5;105.56;1373120;144530965
DSKY;D;20200113;000000;106;107.64;105.68;107.4;2116380;226383054.2
DSKY;D;20200114;000000;107.42;108.52;105.52;107.06;1877240;201052226.4
DSKY;D;20200115;000000;107.72;107.98;103.48;105.24;2746310;291567296.4
DSKY;D;20200116;000000;105.3;109.9;105.3;109.1;3441470;374814694.6
DSKY;D;20200117;000000;109.4;117.52;109;117.2;9996930;1155556430.6
DSKY;D;20200120;000000;117.66;118.5;113.7;115.2;4625020;535771321.6
DSKY;D;20200121;000000;115;116.38;114.4;115.8;1700950;196694829
DSKY;D;20200122;000000;116.1;119.84;116.08;117.6;4168050;491891139.6
DSKY;D;20200123;000000;117;118.98;115.5;117.32;3082230;360611151.4
DSKY;D;20200124;000000;118.5;119.88;114;116.72;2917750;343190537.6
DSKY;D;20200127;000000;116;117.5;112.88;116;4191710;481248290.8
DSKY;D;20200128;000000;116;117;115.62;116;1557940;181140290.8
DSKY;D;20200129;000000;116.12;119.2;116.12;118.3;1414160;166722725.4
DSKY;D;20200130;000000;117.9;118.8;116.02;116.02;1557430;182691538
DSKY;D;20200131;000000;116.36;117.48;114.7;115.04;1339860;155367664.6
DSKY;D;20200203;000000;114.5;116.92;113.4;116;1688630;195222958.4
DSKY;D;20200204;000000;116;117.7;116;116.4;858030;100002390.6
DSKY;D;20200205;000000;116.9;116.96;115.66;116;1588870;184309815.4
DSKY;D;20200206;000000;116.7;116.9;115;115.66;1944360;224891826.2
DSKY;D;20200207;000000;116;116;113.6;114;1814720;207216141
DSKY;D;20200210;000000;114.68;115.98;113.86;115.5;1532910;176543058
DSKY;D;20200211;000000;115.82;116;114.88;115.64;623070;71785377.6
DSKY;D;20200212;000000;116;116.9;115.18;116.9;1291080;149798236.8
DSKY;D;20200213;000000;116.76;116.98;115.64;116.56;1222730;142497874
DSKY;D;20200214;000000;116.76;119.02;116;118;1910760;225324906.2
DSKY;D;20200217;000000;118.42;118.92;117.44;118.54;952930;112551802.6
DSKY;D;20200218;000000;118.5;119.02;117.9;118.48;561280;66375057.8
DSKY;D;20200219;000000;118.48;119.5;118.1;118.82;602380;71606730
DSKY;D;20200220;000000;118.66;120.56;118.4;119.14;1102450;131540875.2
DSKY;D;20200221;000000;119.2;119.8;117.74;119;598410;71164972
DSKY;D;20200225;000000;118;119.96;89.08;117.92;3363150;390804505.8
DSKY;D;20200226;000000;116.2;118.2;113.7;115.8;2284400;264881712.4
DSKY;D;20200227;000000;115.64;115.64;112;112.44;1756110;198968015
DSKY;D;20200228;000000;109.52;111.8;102.2;111.8;4095900;442295728.6
DSKY;D;20200302;000000;114.06;118.9;109.38;112.5;4622410;528825213
DSKY;D;20200303;000000;115.2;117;110.22;112.6;2805440;315841321.6
DSKY;D;20200304;000000;111.6;113.26;107.12;109.16;3663240;398444017
DSKY;D;20200305;000000;110.16;113.62;109.06;111.54;3420940;378454506
DSKY;D;20200306;000000;110.4;110.46;104.7;105.28;4697380;507741344.8
DSKY;D;20200310;000000;99.16;108.82;96;102.58;3332730;343157193
DSKY;D;20200311;000000;104.04;106.12;100.14;100.14;3108010;321540828.8
DSKY;D;20200312;000000;97;99.5;88.18;91.98;6578330;608785966.2
DSKY;D;20200313;000000;91.3;98.2;90.1;95.48;5526070;529280814.8
DSKY;D;20200316;000000;96.98;96.98;82;84.4;7509150;646015719.6
DSKY;D;20200317;000000;84.5;87.28;75.68;78;6811040;543267935.8
DSKY;D;20200318;000000;77.02;77.1;70.52;74.72;4975980;367618625.2
DSKY;D;20200319;000000;74;88.9;72;85.6;8091990;661987414.2
DSKY;D;20200320;000000;87;94.5;85.6;89;9003790;813488866.8
DSKY;D;20200323;000000;88;88.96;83.04;84.5;3439290;295008575.2
DSKY;D;20200324;000000;88.98;89.5;86;87.7;3028370;264406645.2
DSKY;D;20200325;000000;89;95.52;88.4;91.08;4486030;410346773.2
DSKY;D;20200326;000000;90.5;92.8;85.04;89;4459730;391612368.2
DSKY;D;20200327;000000;90;91.46;87.12;88.5;2254780;200546573.2
DSKY;D;20200330;000000;85.5;90.5;83.74;89.64;4315240;378929253.4
DSKY;D;20200331;000000;90.02;93.48;89.7;91.02;4181180;383805669
DSKY;D;20200401;000000;88.1;91.72;86.54;90.12;2375510;213049252.4
DSKY;D;20200402;000000;91.2;92.38;89.16;90.62;2144250;194853028.6
DSKY;D;20200403;000000;91.28;94.8;90.62;94.42;1780740;165667065.2
DSKY;D;20200406;000000;95.04;99.5;94.56;97.8;3366160;328015717.2
DSKY;D;20200407;000000;98.84;100.5;97.18;98.12;2923550;290174203.4
DSKY;D;20200408;000000;98.46;100;97.58;100;1153400;114001523
DSKY;D;20200409;000000;100.2;102.84;98.56;101.46;2147430;217641214.2
DSKY;D;20200410;000000;101.46;101.62;98.52;100.36;1156450;115304034.6
DSKY;D;20200413;000000;100.26;100.26;98.08;98.1;659010;65161228.4
DSKY;D;20200414;000000;98.38;100.74;98.38;100.5;1233720;123222772.2
DSKY;D;20200415;000000;101;101.04;95.14;95.46;3193980;310942332.8
DSKY;D;20200416;000000;95.94;96.92;92.6;93;4065870;382532558.6
DSKY;D;20200417;000000;94.58;94.9;90.74;91.3;4612070;423101392.8
DSKY;D;20200420;000000;91.92;93.48;89;90.02;3770410;344024392
DSKY;D;20200421;000000;89.2;90.5;87;88;3749580;328888870
DSKY;D;20200422;000000;87.18;90.3;87.06;87.12;4107030;364582677
DSKY;D;20200423;000000;87.62;88.96;87;88.1;5281450;462689914.2
DSKY;D;20200424;000000;88.28;89.04;86.08;86.82;2777460;242049237
DSKY;D;20200427;000000;88;88.14;86.82;87.04;2064900;180115636.6
DSKY;D;20200428;000000;87.48;89.76;87.02;88.98;4496590;395667387.4
DSKY;D;20200429;000000;89.28;92.6;89.04;91.24;3845410;350141512
DSKY;D;20200430;000000;91.32;92.92;86.8;87.8;9045960;802060642
DSKY;D;20200504;000000;87.5;87.5;85.64;86.5;1909850;165179223.8
DSKY;D;20200505;000000;86.98;88;86.7;87.22;2341210;204157560.8
DSKY;D;20200506;000000;87.3;87.56;86.08;86.6;2955010;256181878
DSKY;D;20200507;000000;86.84;86.84;86.16;86.2;1988920;171696259.2
DSKY;D;20200508;000000;86.5;86.5;85.8;86.04;930820;80130772.6
DSKY;D;20200512;000000;86.64;86.64;85.2;86.1;1624910;139909826.4
DSKY;D;20200513;000000;86;86.36;85.4;85.9;1711540;146924945.6
DSKY;D;20200514;000000;85.9;85.9;83;83.7;3330730;280332033.8
DSKY;D;20200515;000000;84.2;84.7;83.88;84.2;1405920;118304415.4
DSKY;D;20200518;000000;84.64;86.6;84.54;86.54;1635680;139954280
DSKY;D;20200519;000000;86.86;87.26;85.68;86.94;3010370;260755056.8
DSKY;D;20200520;000000;86.6;95.2;86.2;95.1;14633780;1351416702.8
DSKY;D;20200521;000000;95.7;99.8;93.4;94.88;6467510;621710921
DSKY;D;20200522;000000;94.8;96.7;92.9;96.12;2675360;254313998.2
DSKY;D;20200525;000000;96.2;97.1;95.16;95.96;1350390;129423737.6
DSKY;D;20200526;000000;96.04;99.38;95.48;97.8;2821030;275863849.4
DSKY;D;20200527;000000;97.78;98.42;95.64;96;1946610;189317909.6
DSKY;D;20200528;000000;96.76;97.98;96.2;97.98;1832670;178094341.4
DSKY;D;20200529;000000;97.72;99.02;96.42;99.02;2948430;289518275.2
DSKY;D;20200601;000000;99.5;99.9;97.52;99.04;2261340;222379619.4
DSKY;D;20200602;000000;99.42;99.42;97.24;98.06;3317210;326421687
DSKY;D;20200603;000000;98.92;101.36;98.14;100.04;3739690;373295549.6
DSKY;D;20200604;000000;100.48;102.12;98.9;101.2;2586590;260144614.8
DSKY;D;20200605;000000;101.98;102;100;100.94;2994930;302112610.6
DSKY;D;20200608;000000;101.34;102.16;97;98;6718790;672937044.2
DSKY;D;20200609;000000;98.48;99.5;97.24;98.5;3567740;350675853
DSKY;D;20200610;000000;98.82;99.2;96.16;98.52;2768720;271596529.2
DSKY;D;20200611;000000;97.12;99.34;96.86;97.9;2718820;266602206.8
DSKY;D;20200615;000000;97;99.36;96.92;98.1;4890700;479344873.4
DSKY;D;20200616;000000;99;100.8;95.9;96.8;11201800;1098661097
DSKY;D;20200617;000000;97.2;100.3;97.16;97.4;27520730;2706828561.2
DSKY;D;20200618;000000;97.8;99.5;97.02;99.24;6336200;621757267.2
DSKY;D;20200619;000000;99;105.2;99;103.48;15268890;1561454982.6
DSKY;D;20200622;000000;103.48;103.84;101.98;102.6;3749200;385886562.6
DSKY;D;20200623;000000;103;103.26;101.08;101.84;3918780;399374188
DSKY;D;20200625;000000;102.54;102.54;99;101.1;3254110;327136299.2
DSKY;D;20200626;000000;102.2;102.2;100.3;101.3;1768560;178661457.6
DSKY;D;20200629;000000;101.7;101.7;99.8;100.54;2012010;202152583.4
DSKY;D;20200630;000000;100.02;101.8;100.02;100.6;4119690;415195794.2
DSKY;D;20200702;000000;101.6;102.92;100.74;102.1;4898250;497818191.2
DSKY;D;20200703;000000;101.94;104.44;101.92;103.5;1847370;190588841.6
DSKY;D;20200706;000000;103.74;107.36;103.6;106.78;3443350;365786242.6
DSKY;D;20200707;000000;107.48;107.8;104.66;106.1;2000060;212846019.8
DSKY;D;20200708;000000;106.24;106.94;106;106.3;2722820;289641076
DSKY;D;20200709;000000;104.12;105.3;103.54;105.3;1782810;185883184
DSKY;D;20200710;000000;105.28;107.16;104.4;106.8;1760070;186985216
DSKY;D;20200713;000000;107;110;107;108.86;3171720;345074799.4
DSKY;D;20200714;000000;107.82;108.8;105.76;106.8;2058300;220277623
DSKY;D;20200715;000000;106.22;109.02;106.22;108.54;1229380;133033782.2
DSKY;D;20200716;000000;108;110.5;108;110.2;3716540;409003324
DSKY;D;20200717;000000;110.7;113.78;110.16;112.54;2729060;306780763.8
DSKY;D;20200720;000000;112.54;114.6;110.78;112.76;2495470;281504150.2
DSKY;D;20200721;000000;114.96;118.52;112.76;115.28;5113790;591058769.6
DSKY;D;20200722;000000;115.88;117.98;115.46;116.4;1918300;223686968
DSKY;D;20200723;000000;116.4;117.98;115.24;116.78;3516870;409796111.2
DSKY;D;20200724;000000;115.84;118.72;113.28;115.1;4125720;475745821.4
DSKY;D;20200727;000000;115.16;115.98;113.54;115.04;2226030;254807981.6
DSKY;D;20200728;000000;115.54;116.92;114.54;115.4;2113730;243674279.6
DSKY;D;20200729;000000;115.2;116.4;114.92;115.4;1059190;122272130.8
DSKY;D;20200730;000000;116;116.3;114.28;115.62;2045340;235791911.8
DSKY;D;20200731;000000;115.62;117.5;115.12;116.9;3070740;357818851.8
DSKY;D;20200803;000000;116.3;118.5;116.24;118.12;2225970;262078419.8
DSKY;D;20200804;000000;118.54;120.34;117.66;119.4;3290430;392001845
DSKY;D;20200805;000000;120;123.88;119.82;121.58;3784030;462138210.2
DSKY;D;20200806;000000;122;122.46;118.72;121.44;2572460;309556114.2
DSKY;D;20200807;000000;119.74;120.76;119;120.12;1044520;125111162.8
DSKY;D;20200810;000000;120.26;120.86;117.56;119.18;1997640;237117392.2
DSKY;D;20200811;000000;119.28;121.78;118.16;120;1721770;205841825
DSKY;D;20200812;000000;119.62;122.4;119.62;120.96;1892900;228663036
DSKY;D;20200813;000000;120.42;122.36;118.24;121.58;1591400;192076423
DSKY;D;20200814;000000;121.8;123.58;118.92;121.48;2069150;251158462.6
DSKY;D;20200817;000000;121.82;122.16;118.24;120.3;2157630;259653856.6
DSKY;D;20200818;000000;120.28;121.18;118.7;119.96;3306430;395230311.8
DSKY;D;20200819;000000;120.1;121.92;120.02;120.32;2175910;263438797.2
DSKY;D;20200820;000000;120.9;120.9;118.32;119.44;1974180;236690946.4
DSKY;D;20200821;000000;119.98;121.3;118.8;120.36;1693370;202981003.4
DSKY;D;20200824;000000;121.3;123.54;120.5;123.5;2277630;279371166.8
DSKY;D;20200825;000000;124.18;126.24;119.74;122;4301860;525179672
DSKY;D;20200826;000000;121.3;124.9;120.4;123.1;2513480;307433305.2
DSKY;D;20200827;000000;122.9;125.4;122.62;125.12;2604010;323093801.2
DSKY;D;20200828;000000;124.82;125.2;118.26;120.5;4656130;562181564
DSKY;D;20200831;000000;120.7;120.7;114.32;116.76;6932610;815653297.4
DSKY;D;20200901;000000;116.98;119.5;110.12;113.8;8413870;968613048.6
DSKY;D;20200902;000000;112;113.48;110.7;112.8;32354720;3632513372.4
DSKY;D;20200903;000000;112.68;114;110.3;110.94;11104550;1245737563
DSKY;D;20200904;000000;110.5;111.18;109.06;110.46;6865710;755202669.2
DSKY;D;20200907;000000;110.48;112;109.98;111.36;11754410;1307792932.4
DSKY;D;20200908;000000;111.36;111.98;109.2;110.6;4997360;553270111.6
DSKY;D;20200909;000000;110.48;112.26;109.6;112;8213800;917176073
DSKY;D;20200910;000000;112.04;113.46;110.84;111.5;3788690;424083825.4
DSKY;D;20200911;000000;111.9;112.88;110;111.98;2743470;307004286.4
DSKY;D;20200914;000000;112.4;113;111.6;112.16;3209520;359876255.2
DSKY;D;20200915;000000;113;113;111.66;112.5;4997380;560868967
DSKY;D;20200916;000000;112.78;115.4;111.94;114.48;5904980;669813112
DSKY;D;20200917;000000;114.14;115.5;113.04;114.86;5724800;652683398
DSKY;D;20200918;000000;115;115;113.22;114.1;8932070;1019294623.8
DSKY;D;20200921;000000;114.32;114.88;111.78;112.94;2783370;314371486.4
DSKY;D;20200922;000000;113.16;114.5;112.86;113.94;2337070;265972987.4
DSKY;D;20200923;000000;114.2;114.7;113.2;113.86;4691410;534562349
DSKY;D;20200924;000000;114;114.98;113.3;114.82;2492570;285001477
DSKY;D;20200925;000000;115.22;117.48;114.06;116.8;12614630;1464970987.8
DSKY;D;20200928;000000;114.64;118;113.2;117.18;7899090;918088499.6
DSKY;D;20200929;000000;117.48;117.52;114.4;115.8;4898490;567532698.8
DSKY;D;20200930;000000;116.5;117.9;115.92;117.06;3281500;384619031.4
DSKY;D;20201001;000000;117.84;119.54;117.08;118.6;4634710;549289792.4
DSKY;D;20201002;000000;117.5;120;117.4;119.48;4573500;545323533.4
DSKY;D;20201005;000000;119.94;121.16;118.14;119.34;2954800;352523450.8
DSKY;D;20201006;000000;119.3;120.6;117.64;118.2;1819070;217181353.8
DSKY;D;20201007;000000;119;120;117.62;118.1;2777750;329361638.8
DSKY;D;20201008;000000;118.02;120.84;118.02;119.3;3533650;423134667
DSKY;D;20201009;000000;119;119.42;115.6;117.02;3112970;364552026.4
DSKY;D;20201012;000000;116.2;119.24;116.2;118.26;1002100;118598589.8
DSKY;D;20201013;000000;118.56;119.2;118.28;118.9;1641980;194652590.8
DSKY;D;20201014;000000;121;121;118.4;119.18;2646800;315927798.8
DSKY;D;20201015;000000;119.48;120.34;118.3;118.9;1633550;194286328
DSKY;D;20201016;000000;119.68;119.68;114.64;115.76;3744940;434405443.4
DSKY;D;20201019;000000;115.64;116.36;113.1;114.14;2707260;310023563.6
DSKY;D;20201020;000000;113.86;117.26;113.72;115.94;1774720;205600794.4
DSKY;D;20201021;000000;116.3;116.46;113.7;114.88;1675100;191752238
DSKY;D;20201022;000000;114.84;115.9;114.26;115;1275070;146745828
DSKY;D;20201023;000000;115.16;115.88;114.76;115.5;1000160;115504189.6
DSKY;D;20201026;000000;115.02;117;114.14;115;1909600;220447483.4
DSKY;D;20201027;000000;115.4;115.62;114.06;114.5;950870;109243316.4
DSKY;D;20201028;000000;114.68;114.7;109.56;112.04;3900430;436726013.6
DSKY;D;20201029;000000;112.18;114.2;109.4;111;2789260;309284365.2
DSKY;D;20201030;000000;111.04;111.04;108.1;109.74;1932920;210845074.4
DSKY;D;20201102;000000;111;113.28;109.52;112.5;3141740;350841827
DSKY;D;20201103;000000;112.98;113.9;112.08;112.86;2633510;297971630
DSKY;D;20201105;000000;114;117.6;113;116.18;3038510;350945710.4
DSKY;D;20201106;000000;116.18;118.94;115.04;118;3724150;436646411.4
DSKY;D;20201109;000000;119;119.48;116;117.28;4164650;489978384
DSKY;D;20201110;000000;117;118.9;116.66;117.6;2305020;271131241.2
DSKY;D;20201111;000000;117.98;118.5;115.04;116.14;2380610;278772930.2
DSKY;D;20201112;000000;117;117.98;115.8;116.32;2464370;288270120.8
DSKY;D;20201113;000000;116.2;118.4;116.2;118.3;2993680;351415517
DSKY;D;20201116;000000;118.58;121;118.56;120.78;4084590;489404301.8
DSKY;D;20201117;000000;121;122.9;119.68;120.6;2316560;280633355.2
DSKY;D;20201118;000000;119.7;125;119.7;124.44;3858810;476835320.2
DSKY;D;20201119;000000;123.52;125.82;122.04;123.1;2593490;320160760.2
DSKY;D;20201120;000000;123.1;128;123.1;126.52;5580990;705474929.8
DSKY;D;20201123;000000;127.5;129.5;126.1;129;3488720;448817444.2
DSKY;D;20201124;000000;129.4;130.38;125.48;127.92;4605960;587227922.8
DSKY;D;20201125;000000;127.16;128.22;122.6;124.96;4894980;609109941.4
DSKY;D;20201126;000000;124.1;127;122.8;126.06;3663040;458884682.4
DSKY;D;20201127;000000;126.3;127.12;125.02;126.48;3841850;483899362.4
DSKY;D;20201130;000000;126.62;151.42;125.68;143.6;60790750;8664585052
DSKY;D;20201201;000000;141;146.62;140.3;141.3;12148730;1728790170.4
DSKY;D;20201202;000000;141.96;142.54;134.8;137.6;12724830;1757409411.6
DSKY;D;20201203;000000;137.98;139.94;136.18;138.14;16179130;2230888072.4
DSKY;D;20201204;000000;137.84;140.8;136.72;139.9;11467520;1590741545
DSKY;D;20201207;000000;139.2;144.4;139.2;143.2;9362940;1324969585.2
DSKY;D;20201208;000000;143.5;145.3;141.58;143.26;9156160;1316688548
DSKY;D;20201209;000000;143.84;143.84;137.02;140.3;20446320;2863553563.8
DSKY;D;20201210;000000;140;142.56;135.46;138.98;12720060;1763683669.2
DSKY;D;20201211;000000;141.5;149.86;141.5;146;30500040;4419547035.2
DSKY;D;20201214;000000;146.62;150.32;141.54;149.3;12000770;1742298967.6
DSKY;D;20201215;000000;146.1;151.48;142.04;145.5;19327350;2855003249.4
DSKY;D;20201216;000000;144.48;149;141.7;143.4;10172290;1481847669.2
DSKY;D;20201217;000000;143.1;146.12;140;142.02;9032910;1291942751.4
DSKY;D;20201218;000000;141;141;134.24;136.98;10335670;1414174705.8
DSKY;D;20201221;000000;135;137.5;134.44;136;6343880;857017954
DSKY;D;20201222;000000;135.26;139;134.8;138.78;5136980;703724877
DSKY;D;20201223;000000;138;144.3;137.64;143.5;7082380;1004863342.2
DSKY;D;20201224;000000;143.72;145.7;143.6;144.58;6424980;928852633
DSKY;D;20201225;000000;139.52;142.96;139.1;140.48;5122600;719644850.2
DSKY;D;20201228;000000;139.54;142;139.02;139.68;3133970;438944626.2
DSKY;D;20201229;000000;139.06;139.88;134.8;136.46;6658700;906970365.6
DSKY;D;20201230;000000;136.3;137;135.02;136.2;1692610;230240468.4
DSKY;D;20210104;000000;135.7;137.76;135.7;137.12;2430740;333292239
DSKY;D;20210105;000000;136.9;138.5;135.7;136.96;3433380;468922308.4
DSKY;D;20210106;000000;136.5;137.76;135.2;135.54;2348460;319489839.4
DSKY;D;20210108;000000;136.48;136.6;132.52;134.1;5376110;720266883.8
DSKY;D;20210111;000000;134.08;134.7;133.18;133.6;3401750;454941985.2
DSKY;D;20210112;000000;133.98;133.98;131;132.18;3784210;500794467.8
DSKY;D;20210113;000000;131.82;132.24;130.18;131.14;2201620;288634929.2
DSKY;D;20210114;000000;131.52;131.52;130.42;131.44;2227890;291784280
DSKY;D;20210115;000000;131.48;131.5;130.06;130.72;2382440;311887744.4
DSKY;D;20210118;000000;130.92;133.8;130.08;132.92;4283760;565080445
DSKY;D;20210119;000000;133.04;134.5;131.64;134.02;4083120;542870726
DSKY;D;20210120;000000;135.1;138.22;134.26;137.98;6494730;886863917.4
DSKY;D;20210121;000000;137.12;141.96;136.26;140.5;12525660;1748597508.6
DSKY;D;20210122;000000;140.98;143;139.56;141.54;7546160;1069295184.4
DSKY;D;20210125;000000;142;142.88;139.8;141.86;4672140;661819534.2
DSKY;D;20210126;000000;141.9;143.44;141.18;142.78;4176550;595279041.2
DSKY;D;20210127;000000;143.12;143.5;138.52;139.88;2919890;411319294.6
DSKY;D;20210128;000000;139.86;142.5;137.64;140.92;5574450;778797292.6
DSKY;D;20210129;000000;140.72;143.5;139.8;141.24;3947120;563492019.8
DSKY;D;20210201;000000;142.48;143.9;138.24;140;5697630;806288273
DSKY;D;20210202;000000;139.16;142.2;139.16;140.56;1656690;233826548
DSKY;D;20210203;000000;140.98;141.4;139.62;140.4;1119320;157177500.2
DSKY;D;20210204;000000;140.4;141;140.14;140.82;1078180;151569555.8
DSKY;D;20210205;000000;140.62;141.38;140.02;140.78;1074690;151167991.4
DSKY;D;20210208;000000;140.72;142;140.36;141.88;957450;135383765.2
DSKY;D;20210209;000000;142;143;140.48;142.66;1800960;255721342
DSKY;D;20210210;000000;142.6;147.48;142.38;145.26;4928110;715765842
DSKY;D;20210211;000000;145;146.48;142.4;142.92;2328290;333918271
DSKY;D;20210212;000000;143;144.4;141.96;143.94;1504770;215585660.2
DSKY;D;20210215;000000;144.2;144.98;143.54;144.8;1392680;201063475.6
DSKY;D;20210216;000000;145;145;143.54;143.84;1606040;231675589.8
DSKY;D;20210217;000000;143.64;145.4;143.02;144.68;1230500;177722670
DSKY;D;20210218;000000;144.88;144.88;141.28;143.52;2110780;302028122
DSKY;D;20210219;000000;142.16;145.26;141.76;145;1793650;258926617.8
DSKY;D;20210220;000000;145;145;143.54;144.7;308920;44544147.8
DSKY;D;20210222;000000;145;145.98;142.12;143.68;1244810;178856755.4
DSKY;D;20210224;000000;143.98;143.98;138.2;140.42;2503180;351990263.4
DSKY;D;20210225;000000;140.4;142.3;139.22;140.34;1398290;196685442.2
DSKY;D;20210226;000000;139.5;142.5;139.5;141.92;2646190;374036657
DSKY;D;20210301;000000;143.84;144.74;142.04;143.42;2262330;324206089
DSKY;D;20210302;000000;143.2;144.74;140.96;143.32;2049350;292816185.4
DSKY;D;20210303;000000;143;145.5;143;144.64;1977060;286299844.2
DSKY;D;20210304;000000;145;145.4;141.36;141.46;2420570;345347062.6
DSKY;D;20210305;000000;142.14;142.86;139.3;142.2;2598410;367321215.6
DSKY;D;20210309;000000;142.02;142.78;134.32;137.58;7616590;1041309136.6
DSKY;D;20210310;000000;136.76;141.5;136.16;139.4;3702710;517586556.6
DSKY;D;20210311;000000;139.9;141.28;139;140;2025170;283109017.2
DSKY;D;20210312;000000;139.88;140.4;136.62;139.5;2321220;321438877.2
DSKY;D;20210315;000000;138.52;139.76;135.88;137.56;4292440;590315176.4
DSKY;D;20210316;000000;137.62;137.7;135.7;136.74;2781390;379268518
DSKY;D;20210317;000000;136;136.62;133.62;135.32;6339730;852476661.4
DSKY;D;20210318;000000;134.44;136.26;133.5;134.5;5279540;711478685.6
DSKY;D;20210319;000000;135;137;134.12;136.12;3294500;447291604.4
DSKY;D;20210322;000000;135.14;138.56;135.14;137.68;3580710;491537485.6
DSKY;D;20210323;000000;138;138.1;135.54;136.2;1985150;272046021.4
DSKY;D;20210324;000000;136.76;138.06;136;137.1;1609850;221202504.2
DSKY;D;20210325;000000;136.42;139.36;135.5;138.2;3210600;444634541.8
DSKY;D;20210326;000000;138.44;138.98;135.7;138;1675030;231095988.2
DSKY;D;20210329;000000;137.8;138.44;136.8;137.9;1754550;241525291.8
DSKY;D;20210330;000000;137.9;140.98;137.58;140.04;1932510;270028931.8
DSKY;D;20210331;000000;139.78;144.32;139.16;142.3;2997490;427027003.4
DSKY;D;20210401;000000;143.5;144.02;141;142.7;1949790;278019111
DSKY;D;20210402;000000;142.22;142.66;140.16;141.2;813680;115036783.4
DSKY;D;20210405;000000;141.18;141.18;138.42;139.38;1808290;252120827
DSKY;D;20210406;000000;138.72;145;138.72;142.54;3466680;494940040
DSKY;D;20210407;000000;142.7;144.14;142.04;143.5;2604660;373929306.2
DSKY;D;20210408;000000;144;147.3;142.64;145.74;2513140;364207750.2
DSKY;D;20210409;000000;146.04;146.06;143.5;144.74;1731100;249820691
DSKY;D;20210412;000000;144.76;149.56;144.76;148.94;2446040;362060382.4
DSKY;D;20210413;000000;149.8;151.3;147.66;150.3;3071670;459549034.8
DSKY;D;20210414;000000;150.76;153.96;150.52;153.32;2972830;454980401
DSKY;D;20210415;000000;155.92;156.96;151.06;154.04;4830990;741022084
DSKY;D;20210416;000000;154;155.32;152.52;154.26;2435930;374430632.8
DSKY;D;20210419;000000;156.38;156.8;151.68;152.76;3330600;514167530.4
DSKY;D;20210420;000000;153.88;155.08;151.12;154.52;2544570;391176516.4
DSKY;D;20210421;000000;155;155.8;150.7;153.66;4541250;695820230.4
DSKY;D;20210422;000000;153.66;153.66;150.9;151.02;3791280;575940054.6
DSKY;D;20210423;000000;151.54;151.96;150.3;151.72;1876380;283050027.6
DSKY;D;20210426;000000;151.42;157.2;151.42;156.18;4498490;696234376.8
DSKY;D;20210427;000000;156.98;161.32;156.42;160.78;3772630;601947397.6
DSKY;D;20210428;000000;160.7;161.96;150.8;154;3763310;582943290.4
DSKY;D;20210429;000000;155.54;158.38;147.7;150.94;4110600;622588046.4
DSKY;D;20210430;000000;150.52;151.78;148.7;149.78;1772690;266326155
DSKY;D;20210504;000000;149.66;151.26;149.26;150.8;1871020;281231878
DSKY;D;20210505;000000;151.94;153.4;150.26;153.2;3990410;605141737.4
DSKY;D;20210506;000000;153.5;156.2;152.68;155.52;2342210;362147169.2
DSKY;D;20210507;000000;155.92;156.42;153.62;154.22;1747820;270431974.4
DSKY;D;20210510;000000;154.22;156.82;153.56;155.9;862130;133999102.2
DSKY;D;20210511;000000;155.9;155.9;149.02;151.46;4088400;619907347.6
DSKY;D;20210512;000000;151.3;152.72;149.26;150.62;2132720;321828322.2
DSKY;D;20210513;000000;150.6;151.68;149.96;150.62;1347030;202948771
DSKY;D;20210514;000000;151.26;151.82;150.1;151;1220550;184209062.4
DSKY;D;20210517;000000;151.3;151.62;148.5;149.58;1587530;237647012
DSKY;D;20210518;000000;149.56;151.56;149.08;150.6;1181780;178196609.2
DSKY;D;20210519;000000;151.28;151.28;146.3;148.32;2816930;417874997.8
DSKY;D;20210520;000000;148.88;149.62;147.5;148.36;1308530;194360890.6
DSKY;D;20210521;000000;148;149.7;147.92;148.9;1755580;261620715.4
DSKY;D;20210524;000000;148.92;151.02;148.92;150.6;812300;121645732.2
DSKY;D;20210525;000000;151;154.1;150.7;151.9;2122720;323383808.8
DSKY;D;20210526;000000;154;154.44;152.36;153.1;3089380;472780775.4
DSKY;D;20210527;000000;152.06;153.54;151.6;152.86;3245750;495707109.6
DSKY;D;20210528;000000;152.5;153.1;150.18;152.06;1591500;241138900.4
DSKY;D;20210531;000000;151.84;152.46;150.8;152.28;1385680;209964398.4
DSKY;D;20210601;000000;152.48;153.74;151.32;153.5;1911660;292013823
DSKY;D;20210602;000000;153.6;155.66;152.84;155.6;2035200;314622084.8
DSKY;D;20210603;000000;155.66;156.5;155.18;156.46;1769200;275367347.4
DSKY;D;20210604;000000;155.82;156.04;154.3;155.5;1249710;193556450.6
DSKY;D;20210607;000000;155.5;155.5;152.94;153.94;2191380;335950720.2
DSKY;D;20210608;000000;153.02;153.6;151.2;152.22;2305610;350687968.4
DSKY;D;20210609;000000;152;153.3;150.88;152.5;1576370;239367187.6
DSKY;D;20210610;000000;152.7;152.8;151.02;151.94;1475740;223623925.4
DSKY;D;20210611;000000;152.1;152.22;150.9;151.5;1249320;189372704.6
DSKY;D;20210614;000000;151.26;151.74;150;151.1;1445840;217727366.2
DSKY;D;20210615;000000;151;151;148.76;149.2;2300070;343909538.4
DSKY;D;20210616;000000;149.76;149.76;148.2;149.26;1265150;188197376
DSKY;D;20210617;000000;148.6;150.1;148.36;148.82;2150130;320522796.4
DSKY;D;20210618;000000;148.82;151.06;147.7;149.9;7039430;1057920400.2
DSKY;D;20210621;000000;149.9;152.28;149.22;151.4;2065560;310135828
DSKY;D;20210622;000000;151.4;151.98;149.78;150.28;1546470;232435940.6
DSKY;D;20210623;000000;150.28;151.56;148.66;149.64;3537030;530147243.8
DSKY;D;20210624;000000;149.64;149.68;147.52;148.54;1910680;284110536.4
DSKY;D;20210625;000000;149.08;149.76;148.3;149.4;1225970;182440579
DSKY;D;20210628;000000;149.6;151.1;149.46;150.98;1725060;260188658.8
DSKY;D;20210629;000000;151.5;151.74;149.28;150.24;1463210;219954041.2
DSKY;D;20210630;000000;150.74;151.5;150.1;151.02;1388340;209779284
DSKY;D;20210701;000000;151.64;151.98;150.5;151.5;2667640;404214235
DSKY;D;20210702;000000;151.8;151.96;150.28;151.08;1434930;216748254
DSKY;D;20210705;000000;151;151.64;150.64;151.48;1168650;176661488.8
DSKY;D;20210706;000000;152.1;152.1;150.8;150.88;1695600;256134969.6
DSKY;D;20210707;000000;151.4;151.4;150.12;150.26;2375350;358095231.2
DSKY;D;20210708;000000;146.26;146.26;141.5;142.72;4308100;616817070.2
DSKY;D;20210709;000000;142.7;144.2;141.3;143.7;1875370;266374975.8
DSKY;D;20210712;000000;143.7;146.72;143;146.46;2028080;294180879.2
DSKY;D;20210713;000000;146.94;147.2;144.12;145.3;1700690;246905588.2
DSKY;D;20210714;000000;145.5;145.5;143.02;143.4;1447930;208107202.8
DSKY;D;20210715;000000;144.8;145.48;143.56;144.6;1353710;195324554.8
DSKY;D;20210716;000000;144.82;144.82;142.42;143.3;2016620;289024624.4
DSKY;D;20210719;000000;143.48;143.62;138.5;140.86;2163100;304112550.8
DSKY;D;20210720;000000;140.98;141.06;139.02;140.86;1007400;141216803.2
DSKY;D;20210721;000000;140.88;141.18;137.7;139.5;1829720;254360401
DSKY;D;20210722;000000;139.8;139.8;138;138.6;2010900;278979713.4
DSKY;D;20210723;000000;139.4;139.46;138.5;139.14;988050;137260875.8
DSKY;D;20210726;000000;139.14;139.42;137.12;137.96;1866510;257168013.8
DSKY;D;20210727;000000;138.08;138.38;136.9;137.9;1219060;167515883.8
DSKY;D;20210728;000000;137.92;138.94;137;137.98;1500100;206554251.4
DSKY;D;20210729;000000;137.92;138.46;137.08;138.16;1632660;224626995.4
DSKY;D;20210730;000000;137.36;140.78;137.36;140.18;3652830;508958428.8
DSKY;D;20210802;000000;140.04;140.6;137.38;138.12;2709500;374587677.6
DSKY;D;20210803;000000;138.12;138.12;135;136.12;3616720;491800544.4
DSKY;D;20210804;000000;136.4;136.84;135.1;135.9;1577290;214241480.6
DSKY;D;20210805;000000;136.12;136.68;135.52;136.54;1748420;237775120.4
DSKY;D;20210806;000000;136.54;136.6;135.3;135.56;1763590;239543518.8
DSKY;D;20210809;000000;135.6;137.4;135.1;137.14;1875510;256510765.8
DSKY;D;20210810;000000;137.34;137.38;136.18;136.7;972290;132812861
DSKY;D;20210811;000000;136.7;139;136.4;138.8;2134510;293098441.2
DSKY;D;20210812;000000;138.72;140.2;138.3;139.5;2543600;355084568
DSKY;D;20210813;000000;139.44;139.98;138.82;139.68;1106350;154229629
DSKY;D;20210816;000000;139;139.4;137.52;137.86;1592440;220081471.4
DSKY;D;20210817;000000;137.58;138.62;137.52;138.28;923060;127560225.4
DSKY;D;20210818;000000;138.5;139.8;137.88;138.98;1680400;233064643.2
DSKY;D;20210819;000000;138.8;139.98;137.84;138.32;3056690;423086896
DSKY;D;20210820;000000;138.32;138.7;136.1;137.38;2215180;303679352.2
DSKY;D;20210823;000000;137.38;138.2;136.46;137.84;1669490;228890069.8
DSKY;D;20210824;000000;137.4;139.18;136.7;139.08;1475500;203188921.6
DSKY;D;20210825;000000;139.76;141;139;139.72;3474230;485815066.4
DSKY;D;20210826;000000;139.72;139.86;138.66;138.86;1507230;210253819.2
DSKY;D;20210827;000000;138.88;140.22;138.04;139.62;2381630;331784431.8
DSKY;D;20210830;000000;139.8;140.4;139.1;139.5;1215120;169637375.4
DSKY;D;20210831;000000;139.5;139.72;137.56;138.58;2014860;278879392
DSKY;D;20210901;000000;138.3;138.56;137.24;138.14;1564140;215432765.4
DSKY;D;20210902;000000;137.88;139.24;137.54;138.6;1945620;269576405.6
DSKY;D;20210903;000000;138.6;138.7;137.04;137.6;1909060;262714983.6
DSKY;D;20210906;000000;137.88;137.88;136.3;137.14;1992910;273097802.8
DSKY;D;20210907;000000;137.36;137.36;135.42;135.98;2000480;271897879.2
DSKY;D;20210908;000000;135.98;135.98;133.6;134.14;3348940;449213021.2
DSKY;D;20210909;000000;133.9;134;132;132.14;2293270;304205521.6
DSKY;D;20210910;000000;132.1;133.28;130.5;131.46;2354890;310067653.8
DSKY;D;20210913;000000;131.92;136.7;131.34;135.22;4081930;549589055.2
DSKY;D;20210914;000000;135.48;135.5;132.08;133.5;2103730;280588379
DSKY;D;20210915;000000;133.5;133.5;131.48;132.2;1660740;219591763.6
DSKY;D;20210916;000000;132.2;134.48;131.12;133.3;4256900;564030816.6
DSKY;D;20210917;000000;133.2;133.98;130.06;131.32;4160260;545361327
DSKY;D;20210920;000000;130.82;131.3;128.82;129.62;2030760;264130614.8
DSKY;D;20210921;000000;130.78;130.78;129.78;130.16;1272860;165759056.6
DSKY;D;20210922;000000;130.2;131.82;129.92;131.02;2052860;267967119.8
DSKY;D;20210923;000000;131.66;131.92;129.04;130.44;2612320;340472705.6
DSKY;D;20210924;000000;130.5;130.7;129.38;130.56;1722350;223665916.8
DSKY;D;20210927;000000;130.9;131;129.6;130.6;2135460;277629536.6
DSKY;D;20210928;000000;130.6;130.6;129.38;129.7;1627390;211222142.8
DSKY;D;20210929;000000;129.7;129.98;129.24;129.8;1285590;166661964.4
DSKY;D;20210930;000000;129.3;131;129.3;130.36;9284500;1209663265.2
DSKY;D;20211001;000000;130.44;130.92;129.94;130.38;3083340;401688218.8
DSKY;D;20211004;000000;130.92;132.5;126.72;130.82;7185750;937151843
DSKY;D;20211005;000000;130.82;131.26;129.34;130.66;1936840;252205464.4
DSKY;D;20211006;000000;130.86;132.18;130.32;131.76;4883620;641230100.8
DSKY;D;20211007;000000;131.76;136.2;131.76;135.44;4487190;603471752.2
DSKY;D;20211008;000000;135;136.48;134.72;135.88;1797930;243735765.2
DSKY;D;20211011;000000;135.88;136.96;134.9;136.5;2946970;400363795.2
DSKY;D;20211012;000000;136.7;137.38;135.58;137.04;1382080;188445486
DSKY;D;20211013;000000;137.2;137.78;134.8;136.88;2195420;299647754.2
DSKY;D;20211014;000000;137.52;138.88;136.52;138.16;3719350;512747390
DSKY;D;20211015;000000;138.26;138.26;135;135.98;3142420;427386984.2
DSKY;D;20211018;000000;135.98;136.78;134.36;135.22;3003340;406347092.2
DSKY;D;20211019;000000;135.48;136.24;133.62;134.62;2381480;320678932
DSKY;D;20211020;000000;134.62;136.4;134.3;135.7;2637090;357325593.8
DSKY;D;20211021;000000;135.5;136.18;134;134.66;1780260;240846926.2
DSKY;D;20211022;000000;134.06;135.16;134.02;134.68;1493280;201277955.4
DSKY;D;20211025;000000;134.68;136;133.84;135.12;1736930;233835451
DSKY;D;20211026;000000;135.12;135.76;134.52;134.7;1174040;158523822.8
DSKY;D;20211027;000000;134.8;135.16;134.2;135.02;998810;134430671.8
DSKY;D;20211028;000000;134.26;136.68;134.26;136.36;2384760;323872579
DSKY;D;20211029;000000;136.34;136.98;135.5;136.5;1300210;177143282.8
DSKY;D;20211101;000000;137;137.96;136.74;137.66;1244410;171050500.4
DSKY;D;20211102;000000;137.88;137.92;135.68;135.96;987950;135065070.8
DSKY;D;20211103;000000;135.96;138.8;135.82;138.5;2861380;394996784.4
DSKY;D;20211105;000000;138.5;139.64;136.22;138.14;1857000;256357130.8
DSKY;D;20211108;000000;138.96;140.3;137.2;139.62;4990440;694732710
DSKY;D;20211109;000000;140;144.86;139.88;143.86;5546300;796998582
DSKY;D;20211110;000000;144.3;145.18;141.24;142.22;2545180;366299203
DSKY;D;20211111;000000;143;144.6;142.58;143.72;3614580;518893973.4
DSKY;D;20211112;000000;143.4;144.12;142;142.48;2712820;387434897.4
DSKY;D;20211115;000000;143.76;145;142.5;143.26;2893380;416238890.4
DSKY;D;20211116;000000;143;144.32;139.54;140.2;2907520;409980238
DSKY;D;20211117;000000;140;141;138.28;139.44;2601990;363555034.2
DSKY;D;20211118;000000;139.44;141.62;139.44;140.12;1638590;230295064.4
DSKY;D;20211119;000000;140.9;141.24;138.36;139.24;2350600;328469196.2
DSKY;D;20211122;000000;140;140.02;136.1;137;3978240;548460652.2
DSKY;D;20211123;000000;136;136.76;133.52;136.4;4128020;556000768
DSKY;D;20211124;000000;136.4;138.48;134.58;136.04;3476350;473154940.8
DSKY;D;20211125;000000;136.42;138.2;134.92;136.26;1425010;194398777
DSKY;D;20211126;000000;135.48;136.68;131;132.12;3190950;423953762.4
DSKY;D;20211129;000000;132.54;137.92;132.54;136.88;2498960;338541007.6
DSKY;D;20211130;000000;135.02;139.78;134.48;138.8;2981460;410143549.6
DSKY;D;20211201;000000;139.46;140.94;137.3;137.48;2628560;365358450.4
DSKY;D;20211202;000000;137.48;138.9;136.62;138;1640230;226226439.8
DSKY;D;20211203;000000;138.5;139.5;135.14;136.34;2020210;278027243.6
DSKY;D;20211206;000000;136.34;137.88;134.02;135.22;1470470;198950263.8
DSKY;D;20211207;000000;135.22;136.76;134.48;136.32;2118330;287266758.8
DSKY;D;20211208;000000;136.88;138.5;133.02;133.76;3174890;430104022.6
DSKY;D;20211209;000000;133.76;134.74;128.82;130.7;5086130;666751595.6
DSKY;D;20211210;000000;131.4;131.4;126.3;127.22;2807470;359956329
DSKY;D;20211213;000000;127.22;129;120.12;122.12;5560940;684457217.8
DSKY;D;20211214;000000;122.12;123.34;110.9;121.52;3669190;439482765
DSKY;D;20211215;000000;122.4;126.34;121.64;124.9;4349420;540142399.2
DSKY;D;20211216;000000;125.72;128.28;124.9;127.24;3272850;415844111.4
DSKY;D;20211217;000000;127.4;129.56;126.12;129.14;2498960;318763853.6
DSKY;D;20211220;000000;129.12;131.48;126.7;129.06;4007890;518912876
DSKY;D;20211221;000000;129.2;130.32;127.52;128.6;2207850;284220246
DSKY;D;20211222;000000;128.64;129.48;127.16;127.8;3253230;417940096.8
DSKY;D;20211223;000000;123;124.86;122.6;124.08;4952660;613479365.6
DSKY;D;20211224;000000;123.6;126.32;123.06;124.54;1224740;152679832.4
DSKY;D;20211227;000000;124.54;126.26;123.72;124.76;1359490;169679679.4
DSKY;D;20211228;000000;124.56;125.48;123.5;124.2;2265050;281722086.2
DSKY;D;20211229;000000;124.22;125;123.32;124.4;1336380;166164878
DSKY;D;20211230;000000;124.9;125.24;123.9;124.74;1129090;140756372.8
DSKY;D;20220103;000000;125.26;127.58;124.52;126.74;927380;117588325.8
DSKY;D;20220104;000000;127.22;127.48;126.24;127.16;1339310;170090346.2
DSKY;D;20220105;000000;127.58;127.6;121.5;124.04;1328940;166779586.6
DSKY;D;20220106;000000;124;126.78;122.72;125.12;1455700;181586063.2
DSKY;D;20220110;000000;125.84;126.9;122.7;125.3;2066540;257102816.4
DSKY;D;20220111;000000;125.3;125.92;122.84;124.42;2572900;317916973.4
DSKY;D;20220112;000000;124.12;125.56;123.54;125;1118040;139114318.6
DSKY;D;20220113;000000;125;125.28;119.9;122.64;3518430;431965973.4
DSKY;D;20220114;000000;122.64;123.6;115.44;118.44;4598250;543290700.2
DSKY;D;20220117;000000;120;120.96;117.02;119.64;5037290;598493260.2
DSKY;D;20220118;000000;120.24;120.8;111.12;113.68;6381580;726490093
DSKY;D;20220119;000000;114;114.26;110.12;111.12;10202050;1137914236.6
DSKY;D;20220120;000000;111.2;113.44;107.04;107.9;11751320;1280086617.6
DSKY;D;20220121;000000;107.7;108.58;101.82;103.2;10808510;1125067341.2
DSKY;D;20220124;000000;104.98;104.98;98.32;103.8;10098380;1025509428.2
DSKY;D;20220125;000000;105.2;105.9;100.18;104.52;10261930;1051045250.8
DSKY;D;20220126;000000;103.96;105.06;101.22;101.8;6897380;705976971.6
DSKY;D;20220127;000000;101.2;104.68;100.34;101.92;9666710;992516862.2
DSKY;D;20220128;000000;102.58;103.52;101.6;102.3;3334800;341443168.4
DSKY;D;20220131;000000;102.6;104.5;101.58;103.12;4574290;471631636.6
DSKY;D;20220201;000000;103.18;104;102.2;103.5;5670530;586090697
DSKY;D;20220202;000000;103.54;105.68;100.34;101.8;9867290;1018043716.4
DSKY;D;20220203;000000;101.7;102.08;98.8;98.88;4856140;485968709.2
DSKY;D;20220204;000000;99;100.68;97.2;99.02;4244380;420332971.4
DSKY;D;20220207;000000;99.02;100.14;96.88;98;5243050;515841708.6
DSKY;D;20220208;000000;98.3;103.5;97.64;101.5;19376490;1971056152.4
DSKY;D;20220209;000000;102;112.96;101.9;112.4;14133020;1515808917.2
DSKY;D;20220210;000000;113;116.66;108.32;109.54;13300900;1500581476.4
DSKY;D;20220211;000000;109.54;111.76;105.56;107.3;8102000;883030975.4
DSKY;D;20220214;000000;105.5;111.34;101.6;109.46;9205300;989533421.6
DSKY;D;20220215;000000;109.46;113.6;109.46;113.5;5733660;643007502.4
DSKY;D;20220216;000000;114;114.92;111.38;113.74;5648760;642339309.8
DSKY;D;20220217;000000;113.16;113.72;109.02;110.3;4529900;503020908.6
DSKY;D;20220218;000000;110.32;111.66;102.24;104.14;8876910;942653409
DSKY;D;20220221;000000;103.58;106.8;89.04;92.98;22577720;2250059084.4
DSKY;D;20220222;000000;92;96.8;87.12;95.5;28402050;2618191463.4
DSKY;D;20220224;000000;85.94;87;42.32;77;21110180;1341718451.8
DSKY;D;20220225;000000;69.58;87.96;69.58;84.34;9828790;799081947.8
DSKY;D;20220324;000000;76.04;92;76.04;79.66;4807970;404414251.2
DSKY;D;20220325;000000;79;79.6;72.02;73.8;2055190;155546675.6
DSKY;D;20220328;000000;74.5;76.42;69.4;73.72;1682460;123670739.2
DSKY;D;20220329;000000;73.96;78.4;69.9;73;2282090;170110428.2
DSKY;D;20220330;000000;75;82.72;74.5;80.98;2168040;171404042.8
DSKY;D;20220331;000000;81.8;88.44;81.04;87.5;2688160;231660612.2
DSKY;D;20220401;000000;88.8;92.84;87;89.56;2330840;208100628.2
DSKY;D;20220404;000000;90;92.5;85;90.36;1919000;170597651.2
DSKY;D;20220405;000000;90.64;91;82;84.5;1896680;163832813.6
DSKY;D;20220406;000000;84.02;85.6;80.32;84.08;805960;67948118.8
DSKY;D;20220407;000000;84.08;87.5;83.48;85.88;825750;70680528.2
DSKY;D;20220408;000000;86.14;87;83.5;84.28;703310;60210453
DSKY;D;20220411;000000;84.3;85.6;82.6;83;674070;56551850.4
DSKY;D;20220412;000000;83.98;83.98;80;81.36;687150;55605544.6
DSKY;D;20220413;000000;81.6;82.86;80.34;80.5;591100;47877277
DSKY;D;20220414;000000;80.64;80.9;77.14;77.24;1232070;96595402.6
DSKY;D;20220415;000000;76.14;78.3;73.62;77.72;806150;61761378.4
DSKY;D;20220418;000000;77.96;78.74;75.52;75.6;558960;42872767.8
DSKY;D;20220419;000000;78;79.36;74;75.2;1459370;110852373.8
DSKY;D;20220420;000000;75;77.5;74.5;75.98;763890;58405283.2
DSKY;D;20220421;000000;76;76.5;75;75.18;425130;32061085.6
DSKY;D;20220422;000000;75.18;75.48;72.04;74;717640;52997954.4
DSKY;D;20220425;000000;73.82;73.96;70.94;71.66;618550;44475176
DSKY;D;20220426;000000;71.66;74.9;71.44;74.32;693900;51147985
DSKY;D;20220427;000000;74.64;77.3;74.32;77.1;926710;70870249.4
DSKY;D;20220428;000000;77.48;79.1;74.7;74.92;923010;71278365.8
DSKY;D;20220429;000000;75;77.08;75;77.04;759340;58127810
DSKY;D;20220504;000000;77.18;78.36;75;75;572160;43430867
DSKY;D;20220505;000000;75.44;76.2;75.1;75.5;232380;17564753.4
DSKY;D;20220506;000000;75.5;75.88;74.44;74.46;358340;26845280.2
DSKY;D;20220511;000000;74.5;74.92;73.54;73.9;456890;33828830.4
DSKY;D;20220512;000000;75.02;75.02;72.2;72.2;445870;32640404.2
DSKY;D;20220513;000000;72.5;72.98;72;72.62;267880;19416737.6
DSKY;D;20220516;000000;72.5;73.92;72.02;72.52;638900;46413226
DSKY;D;20220517;000000;73.5;73.5;72.52;72.88;419450;30581947.4
DSKY;D;20220518;000000;72.72;74.24;72.66;73.22;604310;44490885.2
DSKY;D;20220519;000000;73.56;74.5;71.6;73.38;739180;54248757.6
DSKY;D;20220520;000000;73.38;74.28;72.18;72.32;576350;41920361.8
DSKY;D;20220523;000000;72.3;73.28;70;70.68;605110;43034693.4
DSKY;D;20220524;000000;70.6;71;67.08;69.58;745550;51393100
DSKY;D;20220525;000000;69.96;70.96;67.8;69.2;911480;62675984.8
DSKY;D;20220526;000000;69.66;71.46;68.52;69.64;1279140;89229587.2
DSKY;D;20220527;000000;69.64;71;69.02;70.14;861820;60401520.2
DSKY;D;20220530;000000;68.8;69.6;67.5;67.84;1263590;86332728.6
DSKY;D;20220531;000000;68.2;68.2;66.06;66.5;1292020;86237417.6
DSKY;D;20220601;000000;66.5;68.24;66.5;66.9;535220;36110099.4
DSKY;D;20220602;000000;67.84;68.06;66.72;67.74;503290;33832662.2
DSKY;D;20220603;000000;67.7;68.4;66.4;66.82;509390;34220152
DSKY;D;20220606;000000;66.5;67.08;66;66.28;540440;35904186.2
DSKY;D;20220607;000000;66.46;66.46;64.12;65.22;605140;39433870.6
DSKY;D;20220608;000000;65.22;66.96;65.06;66.34;539270;35820493
DSKY;D;20220609;000000;66.34;69;66.34;67.4;2711820;184581699.4
DSKY;D;20220610;000000;67.46;68.16;66.22;66.46;531840;35722561.6
DSKY;D;20220614;000000;66.3;66.8;65;65.26;697800;45664371.2
DSKY;D;20220615;000000;65.26;65.5;64.1;65.16;808940;52433688.8
DSKY;D;20220616;000000;65.46;65.8;64.82;65.1;1028270;67308108.4
DSKY;D;20220617;000000;65.58;65.86;64.74;64.96;609170;39629225.2
DSKY;D;20220620;000000;65;66.26;64.9;66;690940;45375419
DSKY;D;20220621;000000;66.1;66.58;65.52;65.78;679300;44800751.8
DSKY;D;20220622;000000;65.6;65.92;65;65.22;475900;31074313.6
DSKY;D;20220623;000000;65.78;66.48;65;65.92;622260;40955330
DSKY;D;20220624;000000;66.26;70.64;66.02;70.56;5766530;397531836.6
DSKY;D;20220627;000000;70.62;71.66;69.48;70.34;1925530;135733028.8
DSKY;D;20220628;000000;71.4;72.98;70.66;71.6;1635500;117425619.4
DSKY;D;20220629;000000;72;72;69.02;70.56;1078290;75835917.2
DSKY;D;20220630;000000;70.4;71.56;67.22;68.16;1428940;99289366.2
DSKY;D;20220701;000000;68.16;68.62;66.16;68.5;1193820;80691636.2
DSKY;D;20220704;000000;68.46;71;67.5;70.4;1294800;89873093.8
DSKY;D;20220705;000000;70.48;71.7;69.16;70.32;1070320;75348685.6
DSKY;D;20220706;000000;70.1;72.5;69.52;72.4;1103870;78753171
DSKY;D;20220707;000000;72.56;75.5;70.82;74.9;2885400;213747355.6
DSKY;D;20220708;000000;75.26;77.5;74.38;75.2;2125680;161236690.8
DSKY;D;20220711;000000;75.16;76.44;72.7;73.14;1522000;113508795.8
DSKY;D;20220712;000000;73.14;73.92;71.28;73.5;1148820;83686903.2
DSKY;D;20220713;000000;73.36;74.96;71.76;71.9;938410;68492526.8
DSKY;D;20220714;000000;71.86;72.56;68.5;68.96;1655010;116729215.6
DSKY;D;20220715;000000;69.1;72.26;68.54;71.92;1042930;73458210.6
DSKY;D;20220718;000000;72.56;74.98;71.66;73.08;1180180;86359293
DSKY;D;20220719;000000;75.26;76.98;73.72;74.62;3146800;236217008.6
DSKY;D;20220720;000000;75.32;77.6;74.78;77.42;2909220;223426641.2
DSKY;D;20220721;000000;77.64;78.98;75.2;76.92;1883760;144642448
DSKY;D;20220722;000000;77.2;78.68;76.92;77.9;1176300;91501323.8
DSKY;D;20220725;000000;78;78.06;75.5;76.7;1099370;84747790.6
DSKY;D;20220726;000000;76.9;79.9;76.74;79.36;1823370;143334532.6
DSKY;D;20220727;000000;80;82.1;78.62;79.58;2205700;177045478
DSKY;D;20220728;000000;79.96;80.12;77.6;79.24;830500;65449799.6
DSKY;D;20220729;000000;79.5;80.6;78.04;79.84;747460;59559457.2
DSKY;D;20220801;000000;79.78;81.14;78.02;78.52;816300;64426678
DSKY;D;20220802;000000;78.08;78.28;76.8;77.36;623320;48231837.8
DSKY;D;20220803;000000;77.64;79.38;77.16;78.44;780910;61412899.4
DSKY;D;20220804;000000;78.74;79.32;78.02;78.3;797320;62606795.8
DSKY;D;20220805;000000;78.2;78.56;76.36;76.4;893160;68726928.2
DSKY;D;20220808;000000;78.6;78.6;76.6;76.92;495830;38412357
DSKY;D;20220809;000000;76.92;78.2;76.48;77.94;470580;36487479.6
DSKY;D;20220810;000000;78.22;80.5;77.78;79.34;1540270;122561613.4
DSKY;D;20220811;000000;80.44;80.8;79.4;80.44;967000;77476436.6
DSKY;D;20220812;000000;80.96;81;79.04;79.84;562920;44999219.6
DSKY;D;20220815;000000;80;81;79;80.78;579590;46433520
DSKY;D;20220816;000000;81.04;83.96;80.12;83.58;1410200;115824016.8
DSKY;D;20220817;000000;83.96;84.42;82.12;82.82;895700;74462515.2
DSKY;D;20220818;000000;82.92;83.44;81.22;81.8;583430;47783162
DSKY;D;20220819;000000;81.9;83.98;81;83.12;956440;79011759.2
DSKY;D;20220822;000000;83.7;86.54;83.2;86.54;3019960;258491884.4
DSKY;D;20220823;000000;86.52;88.9;86.42;87.5;2695690;236646414.4
DSKY;D;20220824;000000;87.6;88.3;85.4;86.1;1816100;157179137.2
DSKY;D;20220825;000000;86.14;88.5;83.8;86.5;1899720;164309959.8
DSKY;D;20220826;000000;86.44;86.6;84.62;85.9;825160;70661412.2
DSKY;D;20220829;000000;85.52;86.9;85.1;85.62;811460;69798767.2
DSKY;D;20220830;000000;86.6;86.6;85.66;86.02;470850;40541237.4
DSKY;D;20220831;000000;85.5;86.9;83.94;85;1183300;100910286.2
DSKY;D;20220901;000000;85;85.76;84.1;84.96;600380;50891924.6
DSKY;D;20220902;000000;85.72;85.72;84.4;85.04;1133900;96225706.6
DSKY;D;20220905;000000;85.1;86.5;84.68;85.56;792240;67614254.2
DSKY;D;20220906;000000;85.62;85.86;81.98;84.14;1311750;110469561.2
DSKY;D;20220907;000000;84.14;84.14;82.2;82.4;728990;60489605.4
DSKY;D;20220908;000000;82.18;83.9;81.36;83.12;626050;51853645.8
DSKY;D;20220909;000000;83.12;83.8;82.38;82.9;513270;42704765.6
DSKY;D;20220912;000000;82.9;84.7;82.3;83.6;963850;80596769
DSKY;D;20220913;000000;83.36;85.88;83.36;84.84;1521010;129240593.4
DSKY;D;20220914;000000;84.5;84.76;81.56;83.04;1930850;159693798.8
DSKY;D;20220915;000000;83.24;83.9;82.56;83.46;638930;53169043.6
DSKY;D;20220916;000000;83.44;84.5;82.46;83.14;619270;51717339.2
DSKY;D;20220919;000000;82.88;84.32;82.6;83.94;583100;48877184
DSKY;D;20220920;000000;84;84.6;76.32;77.28;2811900;224779435.4
DSKY;D;20220921;000000;69.4;76.76;65;72.62;2520820;182345085.4
DSKY;D;20220922;000000;72.6;75.12;72.08;73.26;1080600;79649279.2
DSKY;D;20220923;000000;72.5;73.24;69.72;70.14;1113390;78763173.2
DSKY;D;20220926;000000;69;69.3;55.8;60.2;3030540;190072876
DSKY;D;20220927;000000;60.4;63.3;60.4;63;1319590;81502559.6
DSKY;D;20220928;000000;63;64.78;62;64.44;1150720;72945674.8
DSKY;D;20220929;000000;64.68;67.4;63.74;65.4;2027830;133201177.8
DSKY;D;20220930;000000;65.8;66.76;62.12;65.98;1810930;116110317.6
DSKY;D;20221003;000000;65.98;70.1;65.48;70.1;1433430;97888986.4
DSKY;D;20221004;000000;70.48;72.14;68.9;70.26;1244120;87427248
DSKY;D;20221005;000000;70;71.78;66.18;71.26;1458170;100896724
DSKY;D;20221006;000000;71.26;72.92;70.8;71.72;710560;51193636.8
DSKY;D;20221007;000000;71.9;71.9;68.08;69.02;1295070;90315666.8
DSKY;D;20221010;000000;67;69.78;63.7;69.38;1694280;115442677.4
DSKY;D;20221011;000000;69.62;71.7;68.38;70.6;1028630;72618594
DSKY;D;20221012;000000;70.76;71.24;69;70.34;727310;51061126
DSKY;D;20221013;000000;70.68;70.68;68.56;69.26;2010610;139765097.2
DSKY;D;20221014;000000;69.7;69.88;68.88;69.82;605680;42050129.6
DSKY;D;20221017;000000;70.12;73.82;69.9;73.38;1475100;105351723.6
DSKY;D;20221018;000000;74.48;75.3;71.02;71.74;2350980;172645889.4
DSKY;D;20221019;000000;71.2;71.76;70;71.56;833230;58974873.4
DSKY;D;20221020;000000;71.36;72.32;70;70.86;1041940;74209337
DSKY;D;20221021;000000;71;71.96;69.88;71.2;1361100;96714746.8
DSKY;D;20221024;000000;71.9;73.12;71.14;72.98;1014870;73465133
DSKY;D;20221025;000000;72.98;74.3;70.08;73.52;1222720;89689443.8
DSKY;D;20221026;000000;74.36;74.4;72.04;74.32;987860;72325726.6
DSKY;D;20221027;000000;74.44;74.76;73.44;74.3;1145540;84967196.8
DSKY;D;20221028;000000;73.98;74.5;72.74;74.14;697180;51522082.2
DSKY;D;20221031;000000;74.46;75;74.04;74.8;552770;41297098.2
DSKY;D;20221101;000000;75.2;75.66;72.82;73.58;2033940;150096825.4
DSKY;D;20221102;000000;73.58;73.62;72;72.76;641130;46886296.4
DSKY;D;20221103;000000;72.58;73.3;71.1;72.46;1529380;110058148.6
DSKY;D;20221107;000000;73.54;75.38;60.3;61.1;54483570;3507257223.4
DSKY;D;20221108;000000;60.24;60.5;45;50.44;153451390;7833734416.2
DSKY;D;20221109;000000;49.5;52.14;48;49.36;38356610;1930290313.8
DSKY;D;20221110;000000;49.2;49.96;47.5;48.7;19353950;938357343.6
DSKY;D;20221111;000000;48.68;54.78;48.28;53.5;51843920;2712365617.4
DSKY;D;20221114;000000;54;65.52;53.82;64.36;132630780;8166881009.6
DSKY;D;20221115;000000;65.9;65.9;56.58;59.32;66561730;4035476282.6
DSKY;D;20221116;000000;59.78;62.5;58.52;61.8;18599970;1130450766.2
DSKY;D;20221117;000000;61.4;64;61.28;63.48;13970480;881656228.8
DSKY;D;20221118;000000;62.82;64.8;62.62;63.96;11642780;746692736.6
DSKY;D;20221121;000000;63.88;68.2;63.26;67.26;29696460;1964387714.4
DSKY;D;20221122;000000;67.34;70.86;66.7;69.28;16195070;1115945617.4
DSKY;D;20221123;000000;69;71.66;68.34;71.44;11740010;830336444.2
DSKY;D;20221124;000000;71.6;71.78;70.5;71.28;5491390;389843667.8
DSKY;D;20221125;000000;71;71.24;69.78;71.06;3142740;221606247.8
DSKY;D;20221128;000000;70.8;71.6;70.14;71.16;2151300;152870193.2
DSKY;D;20221129;000000;71.2;71.28;69.52;70.38;4199470;295084486.4
DSKY;D;20221130;000000;70;71.26;69.64;70.38;1801600;126423772.8
DSKY;D;20221201;000000;70.38;70.5;69.92;70.26;819340;57492293.6
DSKY;D;20221202;000000;70;70.74;70;70.62;1021470;71795656
DSKY;D;20221205;000000;70.5;70.64;69.74;69.96;1465970;102798481.6
DSKY;D;20221206;000000;69.7;70.08;68.58;69.82;1605880;111495990
DSKY;D;20221207;000000;69.3;69.5;68;68.58;1627910;111883806
DSKY;D;20221208;000000;68.36;68.74;68.1;68.7;1034510;70701505.2
DSKY;D;20221209;000000;68.9;70.36;68.36;70.32;1053920;73470267.2
DSKY;D;20221212;000000;70;70.26;69.5;69.8;440900;30763941.2
DSKY;D;20221213;000000;69.52;69.88;69.16;69.7;684480;47667382.8
DSKY;D;20221214;000000;69.5;69.76;69.28;69.4;439800;30562116.2
DSKY;D;20221215;000000;69.34;69.96;68.72;69.86;1102710;76409061
DSKY;D;20221216;000000;69.7;69.9;69.28;69.84;1081270;75239540.6
DSKY;D;20221219;000000;69.7;70;69.36;69.64;1023520;71394749.8
DSKY;D;20221220;000000;69.04;69.62;69.02;69.3;542460;37588981.4
DSKY;D;20221221;000000;69;69.5;69;69.18;401670;27819209
DSKY;D;20221222;000000;69.06;69.4;69.02;69.22;431430;29871845.2
DSKY;D;20221223;000000;69.3;69.3;69;69.22;374870;25920393
DSKY;D;20221226;000000;69.18;69.2;68.5;68.72;620400;42617804.4
DSKY;D;20221227;000000;68.54;68.78;68.3;68.4;576030;39464729.6
DSKY;D;20221228;000000;68.22;69;68.14;68.66;870840;59636911.8
DSKY;D;20221229;000000;68.18;69;65.74;67.16;3246590;219030449
DSKY;D;20221230;000000;66.06;70.02;60.32;69.76;11231380;734484189.6
DSKY;D;20230104;000000;68.96;69.7;68.7;69.08;267040;18400618.8
DSKY;D;20230105;000000;68.8;69.7;68.76;69.04;337850;23399991.8
DSKY;D;20230106;000000;69.18;69.52;68.86;69.46;251400;17366628.4
DSKY;D;20230109;000000;68.78;69.42;68.5;68.94;448840;30878214.4
DSKY;D;20230110;000000;68.58;68.9;68.44;68.6;400540;27458526.2
DSKY;D;20230111;000000;68.5;69.1;68.02;68.74;630240;43285245.6
DSKY;D;20230112;000000;68.74;68.96;68.32;68.78;282610;19424678.2
DSKY;D;20230113;000000;68.5;68.92;68.5;68.86;277570;19089603.4
DSKY;D;20230116;000000;68.38;69.28;68.32;68.74;630250;43384522.4
DSKY;D;20230117;000000;68.94;68.96;68.22;68.58;412150;28229395
DSKY;D;20230118;000000;68.22;68.54;68.02;68.18;351020;23938383.8
DSKY;D;20230119;000000;68;68.02;67.04;67.6;440850;29829789
DSKY;D;20230120;000000;67.2;67.82;67;67.66;415360;28039404.2
DSKY;D;20230123;000000;67.54;68.2;67.14;67.7;675600;45846210.4
DSKY;D;20230124;000000;67.7;68.24;67.42;67.72;274830;18614895
DSKY;D;20230125;000000;67.48;68.26;67.3;67.72;291700;19760411.2
DSKY;D;20230126;000000;67.6;68.4;67.38;67.68;400750;27179292.4
DSKY;D;20230127;000000;67.56;68.58;67.52;68.58;416620;28287104.6
DSKY;D;20230130;000000;67.6;69.08;67.6;68.5;519360;35440254.2
DSKY;D;20230131;000000;68.04;69.4;68.04;69.26;964680;66564901
DSKY;D;20230201;000000;69.28;70;68.98;69.5;1133140;78676982.2
DSKY;D;20230202;000000;69.64;70.4;69.06;70.32;988590;69042010.2
DSKY;D;20230203;000000;69.72;70.18;69.6;70;605930;42344446.2
DSKY;D;20230206;000000;69.4;69.98;69.02;69.52;284980;19766666.6
DSKY;D;20230207;000000;69.3;69.52;69;69.28;520610;36034679.6
DSKY;D;20230208;000000;69;69.18;67.92;68.46;442540;30379557.2
DSKY;D;20230209;000000;68.46;69.1;67.9;68.3;558640;38276916.2
DSKY;D;20230210;000000;68.02;68.3;67.92;68.18;218460;14885747.6
DSKY;D;20230213;000000;68.02;68.38;67.8;67.98;187440;12761292
DSKY;D;20230214;000000;67.92;68.3;67.8;68.26;213590;14543991.2
DSKY;D;20230215;000000;67.8;68.44;67.72;68;369280;25154802.8
DSKY;D;20230216;000000;68;70.5;67.16;68.28;1605850;110465449.8
DSKY;D;20230217;000000;68.06;68.28;67.48;68.24;364060;24721511.6
DSKY;D;20230220;000000;67.74;68.24;67.24;67.78;223890;15147244
DSKY;D;20230221;000000;67.76;69.1;67.76;68.94;264700;18132363.2
DSKY;D;20230222;000000;68.84;70.16;68.84;69.7;566460;39400078
DSKY;D;20230224;000000;69.72;69.94;69.12;69.64;144970;10088986.8
DSKY;D;20230227;000000;69.56;70;69.24;69.6;196090;13645587.4
DSKY;D;20230228;000000;69.9;70;69.02;69.92;291690;20292183.2
DSKY;D;20230301;000000;69.64;69.92;69.44;69.64;202970;14147715.8
DSKY;D;20230302;000000;69.2;69.78;69.2;69.6;268260;18638140
DSKY;D;20230303;000000;69.34;69.7;69.12;69.54;276680;19207761.4
DSKY;D;20230306;000000;69.3;69.7;68.84;69.68;479900;33265651.4
DSKY;D;20230307;000000;69.5;69.76;69.42;69.68;368230;25653498.6
DSKY;D;20230309;000000;69.44;69.64;69.12;69.24;179930;12473554.2
DSKY;D;20230310;000000;68.82;69.3;68.8;69.3;270940;18723541.4
DSKY;D;20230313;000000;69.3;69.4;68.14;68.68;809660;55561630.2
DSKY;D;20230314;000000;68.06;69.48;68.06;69.42;652830;44851887
DSKY;D;20230315;000000;69.4;102.62;68.44;76.7;14115140;1134458748.2
DSKY;D;20230316;000000;76.7;77.94;72.34;73.2;2093110;156002225.4
DSKY;D;20230317;000000;73.98;73.98;70.78;71.48;1176740;84658326.6
DSKY;D;20230320;000000;71.68;71.84;71.1;71.52;514960;36800061.6
DSKY;D;20230321;000000;71.56;78.5;71.38;72.72;2854210;211903136
DSKY;D;20230322;000000;72.56;73.7;72.04;72.74;504610;36730174.4
DSKY;D;20230323;000000;73.2;73.2;72.16;72.54;218630;15855091.4
DSKY;D;20230324;000000;72.34;72.68;69.08;71.5;685750;48836296.2
DSKY;D;20230327;000000;71.6;71.96;71.22;71.5;262520;18767131.6
DSKY;D;20230328;000000;71.72;71.76;70.94;71.28;172100;12262321.2
DSKY;D;20230329;000000;71.48;71.68;70.22;71.46;337840;24056639.8
DSKY;D;20230330;000000;71.02;71.44;71;71.16;176000;12521672.6
DSKY;D;20230331;000000;71.16;71.2;70.3;70.96;262510;18598779.6
DSKY;D;20230403;000000;70.5;74.5;70.22;71;710930;50941926.6
DSKY;D;20230404;000000;70.96;73.96;70.7;71.14;942800;67916066.8
DSKY;D;20230405;000000;71;72.36;71;71.48;365310;26132812.4
DSKY;D;20230406;000000;71;72.28;70.32;71.24;361210;25790784.8
DSKY;D;20230407;000000;71;72;71;71.46;308690;22040308
DSKY;D;20230410;000000;71.16;72;69.66;71.96;375140;26822439.6
DSKY;D;20230411;000000;71.96;72.28;70.78;71.22;335820;23965131.4
DSKY;D;20230412;000000;71.26;71.6;70.58;71.06;126920;9020227.4
DSKY;D;20230413;000000;70.8;71.58;70.76;71.2;128220;9125449.2
DSKY;D;20230414;000000;71.5;71.5;70.54;70.94;116200;8246672.6
DSKY;D;20230417;000000;71.1;71.3;70.7;70.98;185940;13211452.4
DSKY;D;20230418;000000;70.98;71.2;70.74;71.08;148870;10571093.6
DSKY;D;20230419;000000;71.08;71.18;70.76;70.92;210310;14933059
DSKY;D;20230420;000000;70.78;71.12;70.02;70.46;200420;14121338.2
DSKY;D;20230421;000000;70.9;70.9;70.2;70.5;180380;12729648.6
DSKY;D;20230424;000000;70.28;71.94;70.28;70.46;515330;36429353.2
DSKY;D;20230425;000000;70.34;70.72;70.3;70.42;109990;7747703.4
DSKY;D;20230426;000000;70.46;70.98;70.34;70.42;131160;9251610.6
DSKY;D;20230427;000000;70.9;70.9;69.74;70.18;197300;13838808.8
DSKY;D;20230428;000000;69.96;70.3;69.5;69.84;195160;13651959.4
DSKY;D;20230502;000000;69.84;70.84;68.5;69.14;501030;34855649.8
DSKY;D;20230503;000000;69.32;69.34;66.54;67.68;308070;20989424.6
DSKY;D;20230504;000000;68;68.44;67.28;68.2;138950;9446941.6
DSKY;D;20230505;000000;68;68.28;67.62;67.94;74660;5077031.4
DSKY;D;20230508;000000;67.94;68;66.98;67.06;106580;7210572.2
DSKY;D;20230510;000000;66.58;68.46;66.1;68.32;237050;16068010
DSKY;D;20230511;000000;68.48;68.56;67.78;67.94;124540;8487278
DSKY;D;20230512;000000;67.74;69.96;67.32;68.24;289900;19856421.6
DSKY;D;20230515;000000;68.02;68.96;68.02;68.92;179220;12289510
DSKY;D;20230516;000000;68.98;69.58;68.06;68.64;180450;12382072.2
DSKY;D;20230517;000000;68.64;68.64;68;68.38;163490;11143427
DSKY;D;20230518;000000;68.4;68.46;67.76;68.28;219460;14935982.2
DSKY;D;20230519;000000;68.5;68.5;67.52;68;148420;10100691
DSKY;D;20230522;000000;67.92;69.94;67.04;69.06;498350;34022634.4
DSKY;D;20230523;000000;68.84;69.18;67.76;68.14;173180;11814788.8
DSKY;D;20230524;000000;67.92;68.16;67.06;67.24;395200;26615037.8
DSKY;D;20230525;000000;67.06;68.2;67;68.04;374220;25252325.8
DSKY;D;20230526;000000;68.46;68.46;67.3;67.44;245530;16658126
DSKY;D;20230529;000000;67.54;71.5;67.46;68.2;2144130;148491245.6
DSKY;D;20230530;000000;70.2;70.98;68.54;70.66;1901720;133519191
DSKY;D;20230531;000000;70.66;70.82;70.2;70.74;529090;37261905
DSKY;D;20230601;000000;70.46;71.26;70.38;71.22;707160;50105237.4
DSKY;D;20230602;000000;71.22;71.34;70.84;71.16;436820;31049949.8
DSKY;D;20230605;000000;71.04;71.36;71.04;71.2;593470;42219833.2
DSKY;D;20230606;000000;71.12;71.3;71.12;71.28;353750;25182975.6
DSKY;D;20230607;000000;71.18;71.34;71.18;71.3;263840;18809215.8
DSKY;D;20230608;000000;71.28;71.56;71.24;71.36;361870;25813645.6
DSKY;D;20230609;000000;71.36;71.44;71.28;71.38;249220;17775280.6
DSKY;D;20230613;000000;71.34;71.44;71.32;71.34;352760;25167962.2
DSKY;D;20230614;000000;71.32;71.36;71.16;71.3;361110;25737766.8
DSKY;D;20230615;000000;71.28;71.4;71.26;71.38;243920;17392915.4
DSKY;D;20230616;000000;71.38;71.38;71.32;71.36;237470;16940990.4
DSKY;D;20230619;000000;71.42;71.46;71.32;71.4;238670;17033147.6
DSKY;D;20230620;000000;71.42;71.5;71.24;71.32;320410;22870890.2
DSKY;D;20230621;000000;71.36;71.42;71.28;71.38;210960;15052543.2
DSKY;D;20230622;000000;71.32;71.44;71.32;71.38;289360;20655930.4
DSKY;D;20230623;000000;71.32;71.44;70.02;70.7;339680;24184370.8
DSKY;D;20230626;000000;70.2;71.4;70.2;71.32;392770;27960680.2
DSKY;D;20230627;000000;71.16;71.44;71.16;71.38;223230;15928960
DSKY;D;20230628;000000;71.18;71.48;71.14;71.34;263130;18760631.8
DSKY;D;20230629;000000;71.28;71.4;71.2;71.3;349760;24938968
DSKY;D;20230630;000000;71.2;71.32;70.88;71.26;147570;10502002.4
DSKY;D;20230703;000000;71.04;71.38;71.04;71.32;293920;20950675.6
DSKY;D;20230704;000000;71.36;71.38;71.2;71.32;162200;11570724
DSKY;D;20230705;000000;71.2;71.38;71.2;71.32;146990;10480343.4
DSKY;D;20230706;000000;71.28;71.46;71.28;71.36;147460;10520980.4
DSKY;D;20230707;000000;71.46;71.46;71.22;71.38;107540;7676523.6
DSKY;D;20230710;000000;71.24;71.46;71.22;71.36;172480;12307289.8
DSKY;D;20230711;000000;71.4;71.42;71.28;71.36;160000;11415457.2
DSKY;D;20230712;000000;71.36;71.44;71.34;71.4;170290;12154585
DSKY;D;20230713;000000;71.34;71.44;71.26;71.36;223760;15972141
DSKY;D;20230714;000000;71.24;71.4;71.24;71.34;249980;17840755
DSKY;D;20230717;000000;71.3;71.4;71.3;71.36;229680;16390004.4
DSKY;D;20230718;000000;71.34;71.4;71.28;71.32;329920;23535355.2
DSKY;D;20230719;000000;71.28;71.42;70.56;71.34;394590;28108772.2
DSKY;D;20230720;000000;71.1;71.4;71.02;71.36;220080;15693109.8
DSKY;D;20230721;000000;71.36;71.4;71.22;71.38;161090;11489692.4
DSKY;D;20230724;000000;71.38;71.4;71.2;71.32;277920;19813606.8
DSKY;D;20230725;000000;71.34;72.66;71.22;71.68;956370;68560652.4
DSKY;D;20230726;000000;71.88;71.9;71.32;71.42;386000;27579838.6
DSKY;D;20230727;000000;71.42;71.7;70.78;71.24;443380;31558832.2
DSKY;D;20230728;000000;71.2;71.2;70.5;70.5;292200;20654504
DSKY;D;20230731;000000;70.5;70.66;70;70.58;417910;29415733.4
DSKY;D;20230801;000000;70.58;71.18;70.1;70.56;340090;24001932.4
DSKY;D;20230802;000000;69.8;70.46;68.5;69.78;843170;58740490.4
DSKY;D;20230803;000000;69.56;70.1;69.28;70.08;239790;16711091.6
DSKY;D;20230804;000000;70.08;71.48;69.7;69.92;846290;59637405.6
DSKY;D;20230807;000000;69.8;69.96;69.3;69.7;240780;16781301.8
DSKY;D;20230808;000000;69.58;69.78;68.56;68.78;241140;16607561.8
DSKY;D;20230809;000000;68.86;69.2;68.02;68.48;267560;18355210.2
DSKY;D;20230810;000000;68.02;68.94;68.02;68.56;163970;11256093.6
DSKY;D;20230811;000000;68.56;69.22;68.42;68.94;185930;12834646.6
DSKY;D;20230814;000000;68.94;69.48;68.52;68.78;233530;16140287.8
DSKY;D;20230815;000000;68.7;69.48;67.8;68.36;424610;29134272.4
DSKY;D;20230816;000000;68.36;68.44;67.36;68.08;194840;13213598.2
DSKY;D;20230817;000000;68.1;68.92;67.88;68.66;121470;8305003.4
DSKY;D;20230818;000000;68.6;69.1;68.06;68.98;137900;9467339.4
DSKY;D;20230821;000000;68.96;69.4;68.68;69.24;174760;12078229.8
DSKY;D;20230822;000000;69.66;69.66;68.4;68.9;169770;11688084.8
DSKY;D;20230823;000000;69.24;69.24;68;68.06;115430;7918312.8
DSKY;D;20230824;000000;68.1;68.86;67.98;68.44;115830;7921174.2
DSKY;D;20230825;000000;68.28;69.38;68.04;69.1;136420;9359296.4
DSKY;D;20230828;000000;69.06;70;68.5;69.22;296360;20417031.8
DSKY;D;20230829;000000;69.22;70;68.56;68.86;286090;19803619.4
DSKY;D;20230830;000000;68.6;69.04;68;68.46;238020;16238212
DSKY;D;20230831;000000;68.6;68.84;67.72;68.18;232720;15862232.6
DSKY;D;20230901;000000;68.18;68.3;68;68.18;155960;10625468.2
DSKY;D;20230904;000000;68;68.52;67.92;68.2;291180;19849481.6
DSKY;D;20230905;000000;68.2;68.42;67.66;68.2;238070;16205294.6
DSKY;D;20230906;000000;68;68.12;67.72;67.78;159120;10797270.4
DSKY;D;20230907;000000;68.14;68.14;67;67.8;234800;15826796.2
DSKY;D;20230908;000000;68;68.02;66.5;66.96;146120;9778793
DSKY;D;20230911;000000;66.8;67.5;66.64;66.86;167110;11202717.2
DSKY;D;20230912;000000;66.86;67.16;66.66;67.04;106780;7150768.4
DSKY;D;20230913;000000;67.04;67.32;66.88;66.94;59890;4010570.6
DSKY;D;20230914;000000;66.94;67.02;65.06;65.58;258950;17009992.2
DSKY;D;20230915;000000;66.5;66.5;65.2;66.1;174360;11481820.2
DSKY;D;20230918;000000;66.32;66.76;65.46;65.52;89100;5866621.8
DSKY;D;20230919;000000;65.52;65.68;65;65;134450;8773405
DSKY;D;20230920;000000;66.9;83;66.06;78;29459650;2210800046.8
DSKY;D;20230921;000000;75.16;76.34;70.2;72.32;4647750;338281791.8
DSKY;D;20230922;000000;72.5;74.88;70.6;70.84;1414130;101893576.4
DSKY;D;20230925;000000;71.54;71.72;68.5;68.5;819460;57012167.4
DSKY;D;20230926;000000;68.5;68.56;66.6;67.7;565250;38161144
DSKY;D;20230927;000000;67.8;69.14;67.4;68.64;288720;19742771.8
DSKY;D;20230928;000000;68.48;69.1;67.7;67.96;264270;18095508.4
DSKY;D;20230929;000000;68.2;72.74;67.98;69.76;1744480;123589422.8
DSKY;D;20231002;000000;69.52;70.34;69.04;69.5;279440;19417591.4
DSKY;D;20231003;000000;69.5;70.32;68.68;68.76;555630;38408421
DSKY;D;20231004;000000;68.5;69.92;68.5;69.16;271490;18813723.8
DSKY;D;20231005;000000;69.16;71.28;68.76;69.12;817500;57034395.8
DSKY;D;20231006;000000;69.8;69.8;67.4;67.94;277560;18941687.8
DSKY;D;20231009;000000;68;74.26;68;71.32;2365300;167908306
DSKY;D;20231010;000000;71.32;71.38;71.04;71.32;380400;27097782.4
DSKY;D;20231011;000000;71.12;71.4;71.12;71.38;258000;18406182
DSKY;D;20231012;000000;71.2;71.5;71.14;71.38;377060;26917360.8
DSKY;D;20231013;000000;71.38;71.5;71.36;71.42;198720;14190580
DSKY;D;20231016;000000;71.26;71.5;71.26;71.42;297010;21211400.6
DSKY;D;20231017;000000;71.42;72.12;71.42;71.42;437230;31281521.4
DSKY;D;20231018;000000;71.42;71.48;71.32;71.42;200540;14321192.4
DSKY;D;20231019;000000;71.38;71.44;71.32;71.4;299860;21406928.6
DSKY;D;20231020;000000;71.32;71.46;71.32;71.38;713500;50938475
DSKY;D;20231023;000000;71.38;71.44;71;71.42;453710;32356881.8
DSKY;D;20231024;000000;71.24;71.44;71.24;71.42;221680;15827116.8
DSKY;D;20231025;000000;71.4;71.44;71.4;71.42;158020;11285093.4
DSKY;D;20231026;000000;71.42;71.46;71.4;71.42;302470;21602701.6
DSKY;D;20231027;000000;71.42;71.44;71.4;71.42;403380;28806332
DSKY;D;20231030;000000;71.4;71.46;71.38;71.42;333410;23807502.8
DSKY;D;20231031;000000;71.42;71.44;71.36;71.4;305000;21777111.2
DSKY;D;20231101;000000;71.26;71.42;71.26;71.4;293650;20964780.6
DSKY;D;20231102;000000;71.36;71.42;71.28;71.4;490030;34971080.4
DSKY;D;20231103;000000;71.12;71.12;68;68.36;310450;21463330.6
DSKY;D;20231106;000000;68.36;71.02;68.06;69.16;135520;9336883.4
DSKY;D;20231107;000000;69.16;69.16;68.22;68.5;94220;6461062.8
DSKY;D;20231108;000000;68.5;68.7;68;68.04;86240;5875725.8
DSKY;D;20231109;000000;68.04;68.48;68;68.04;65550;4466635.8
DSKY;D;20231110;000000;68;68.04;67.28;67.64;107160;7252092.8
DSKY;D;20231113;000000;67.54;68.28;67.54;68.18;82570;5618251.6
DSKY;D;20231114;000000;67.68;68.1;65.56;67.3;135870;9135295
DSKY;D;20231115;000000;67.3;67.78;66.78;67.64;72380;4882324.4
DSKY;D;20231116;000000;67.46;70;65.72;69.28;749350;51699430.4
DSKY;D;20231117;000000;69.42;69.7;68.86;69.58;143970;9988948.2
DSKY;D;20231120;000000;68.94;69.44;68.78;69.26;51580;3571547.4
DSKY;D;20231121;000000;69.26;69.68;69.1;69.3;99050;6868661.6
DSKY;D;20231122;000000;69.18;69.64;69.16;69.36;41450;2873437.4
DSKY;D;20231123;000000;69.26;69.52;69.24;69.52;62450;4334331.4
DSKY;D;20231124;000000;69.52;69.6;69.46;69.5;45480;3160082.2
DSKY;D;20231127;000000;69.46;69.86;69.46;69.56;88000;6120926
DSKY;D;20231128;000000;69.5;69.92;69.5;69.72;70080;4885736.4
DSKY;D;20231129;000000;69.72;70.62;69.56;69.62;112750;7873268.6
DSKY;D;20231130;000000;69.46;70;69.46;69.94;114800;8012812.2
DSKY;D;20231201;000000;69.5;70.08;69.5;69.78;99580;6958907.8
DSKY;D;20231204;000000;69.76;70;69.5;70;166730;11630511.4
DSKY;D;20231205;000000;69.54;70.02;69.54;69.82;145460;10153927.8
DSKY;D;20231206;000000;69.54;70;69.44;69.72;752740;52468737
DSKY;D;20231207;000000;69.56;69.8;69.54;69.76;261620;18236664
DSKY;D;20231208;000000;69.56;69.76;69.5;69.7;264630;18443723.4
DSKY;D;20231211;000000;69.14;69.98;67;69.12;245400;16946627.8
DSKY;D;20231212;000000;68.2;68.6;65.1;65.42;337290;22248018.2
DSKY;D;20231213;000000;63.14;65.42;62.8;62.92;208550;13213976.4
DSKY;D;20231214;000000;61.34;62.92;60.6;60.62;242310;14916654.2
DSKY;D;20231215;000000;60.2;60.6;59.2;60.1;95110;5702457.6
DSKY;D;20231218;000000;60.1;60.62;60;60.36;100490;6054376.4
DSKY;D;20231219;000000;64;64;60.36;62.72;213680;13280316
DSKY;D;20231220;000000;62.72;64.28;61.54;62.24;109330;6813668.4
DSKY;D;20231221;000000;62.24;62.72;61;61.4;54100;3321173.4
DSKY;D;20231222;000000;61.42;61.78;61;61.14;46020;2821303.4
DSKY;D;20231225;000000;61.2;61.2;58.6;60.82;105160;6377041.6
DSKY;D;20231226;000000;60.82;60.82;58.7;59;141780;8424472.4
DSKY;D;20231227;000000;59;59.96;57.8;58.1;125000;7279843.2
DSKY;D;20231228;000000;58;58.4;56.62;57.32;141660;8104300.2
DSKY;D;20231229;000000;57.32;57.68;56.72;56.84;62930;3586791
DSKY;D;20240103;000000;56.8;58.44;56.72;57.68;72150;4146966
DSKY;D;20240104;000000;58.14;58.22;57.34;57.76;55340;3208236.4
DSKY;D;20240105;000000;57.92;59.98;57.76;58.32;154900;9038729.2
DSKY;D;20240108;000000;58.48;70.6;57.92;68.24;2575700;175123073.6
DSKY;D;20240109;000000;68.98;69;63.96;64.94;598720;39186278.6
DSKY;D;20240110;000000;64.8;68.3;63.8;64.84;820030;54091848
DSKY;D;20240111;000000;64.82;64.82;62.6;64.3;113170;7240160.6
DSKY;D;20240112;000000;64.3;68.5;64.02;64.58;671530;44251298.8
DSKY;D;20240115;000000;64.58;64.98;63;64.66;179550;11580594
DSKY;D;20240116;000000;64.58;64.66;63.5;64.08;63840;4091589.2
DSKY;D;20240117;000000;64;64.08;63.04;63.6;123220;7829421.4
DSKY;D;20240118;000000;63.4;65.2;63.26;63.64;150040;9596688
DSKY;D;20240119;000000;63.58;63.92;63.06;63.18;81110;5131075.8
DSKY;D;20240122;000000;63;63.18;62.48;63;114750;7231020.4
DSKY;D;20240123;000000;62.8;63.24;61.84;62.46;93610;5852480.8
DSKY;D;20240124;000000;62.26;62.46;61.56;61.82;76950;4768531.8
DSKY;D;20240125;000000;61.82;61.92;61.2;61.52;56530;3474213.6
DSKY;D;20240126;000000;61.32;61.56;60.2;60.96;121090;7370651.4
DSKY;D;20240129;000000;59.9;61.78;58.5;61.2;396940;23965733.4
DSKY;D;20240130;000000;61.2;61.48;59.58;60.1;110140;6673629.6
DSKY;D;20240131;000000;60.1;60.76;60;60.38;93730;5652744.4
DSKY;D;20240201;000000;60.64;60.66;59.9;60.2;79170;4774436.4
DSKY;D;20240202;000000;60.2;60.2;59.42;59.72;78590;4692060.8
DSKY;D;20240205;000000;59.72;61.88;59.42;60;263540;15924405.6
DSKY;D;20240206;000000;60.04;60.82;59.52;60.18;83330;5004249
DSKY;D;20240207;000000;60.6;62;59.6;59.92;167390;10135552.2
DSKY;D;20240208;000000;60.18;61.5;59.4;59.92;109140;6558359.4
DSKY;D;20240209;000000;60.02;60.96;59.4;59.58;78660;4711530.4
DSKY;D;20240212;000000;59.6;59.72;57.52;58.26;195160;11410135.8
DSKY;D;20240213;000000;58.26;59.74;57.94;58.5;96790;5679505.2
DSKY;D;20240214;000000;58.1;60.72;57;59.7;214530;12654463.6
DSKY;D;20240215;000000;59.7;60.56;57.6;58.96;237970;13966011.2
DSKY;D;20240216;000000;58.62;59;57.5;57.68;243740;14146930.6
DSKY;D;20240219;000000;57;57.68;57;57.08;160900;9199069.2
DSKY;D;20240220;000000;57.12;57.68;56.52;56.52;137280;7812441.8
DSKY;D;20240221;000000;56;56;54;55.18;193900;10730419.4
DSKY;D;20240222;000000;55.16;55.44;54.7;54.74;66290;3648271.2
DSKY;D;20240226;000000;54.74;55.18;53.02;54.26;93530;5101809
DSKY;D;20240227;000000;54.26;54.94;52.6;52.92;232860;12381162.4
DSKY;D;20240228;000000;52.8;52.98;51;51.02;450050;23092234.4
DSKY;D;20240229;000000;52.7;52.7;51;51.46;322090;16524485.6
DSKY;D;20240301;000000;51.46;52.6;50.5;51.08;135110;6885342
DSKY;D;20240304;000000;51;52.34;49.8;50.06;339120;17037192.8
DSKY;D;20240305;000000;50.06;50.16;48.62;48.9;313030;15437546.6
DSKY;D;20240306;000000;48.92;49.22;48;48.62;233550;11312318.8
DSKY;D;20240307;000000;48.5;48.68;46.2;46.58;341140;16170575.2
DSKY;D;20240311;000000;46.58;56.7;45.4;56.7;4512940;242655334.4
DSKY;D;20240312;000000;56.7;62.3;53.6;53.82;7775170;463251513.4
DSKY;D;20240313;000000;54.16;58;50.6;51.32;3314800;180364517.8
DSKY;D;20240314;000000;52;52.84;49.48;49.92;877680;44933048.4
DSKY;D;20240315;000000;50.3;52.4;49;50.48;624090;31881394.6
DSKY;D;20240318;000000;50.94;51.08;48.02;49.14;625950;30739904.4
DSKY;D;20240319;000000;49.82;49.82;48.04;48.04;304710;14804623.4
DSKY;D;20240320;000000;48.64;52.7;47.26;49.36;1908920;97117005
DSKY;D;20240321;000000;49.5;50.5;48.58;49;313140;15370999.2
DSKY;D;20240322;000000;48.7;51;48.16;48.34;271230;13382229
DSKY;D;20240325;000000;48.34;48.76;47.64;48.04;205930;9891293.4
DSKY;D;20240326;000000;48.04;50.82;47.74;48.82;290470;14273455.8
DSKY;D;20240327;000000;48.82;49.32;48;48.18;159580;7723976
DSKY;D;20240328;000000;48.04;48.18;46.24;47.34;188820;8898861
DSKY;D;20240329;000000;47.06;47.32;46;46.6;182850;8532498.6
DSKY;D;20240401;000000;46.5;47.2;46.4;46.58;117800;5514337.2
DSKY;D;20240402;000000;46.58;46.7;46.04;46.3;169110;7840092.2
DSKY;D;20240403;000000;46.66;46.7;46.02;46.24;196410;9081108.2
DSKY;D;20240404;000000;46.2;50;45;46.32;754020;35493769
DSKY;D;20240405;000000;46.7;48;45.2;46.08;407400;18925915.8
DSKY;D;20240408;000000;46.14;47.64;45.52;45.96;109080;5030206
DSKY;D;20240409;000000;45.72;47;45.42;46.02;232040;10686582.8
DSKY;D;20240410;000000;46.02;46.7;45.56;45.92;84650;3898100.8
DSKY;D;20240411;000000;45.96;46.34;45.72;45.8;101300;4647573.8
DSKY;D;20240412;000000;45.72;46.5;45.58;45.6;77460;3547779.8
DSKY;D;20240415;000000;45.6;47.76;45.52;45.84;553600;25707392
DSKY;D;20240416;000000;45.88;46.88;45.52;46;104760;4821690.4
DSKY;D;20240417;000000;45.98;47;45.7;45.84;61180;2810546.8
DSKY;D;20240418;000000;45.84;46.2;45.62;46;100750;4620598.8
DSKY;D;20240419;000000;45.92;46.4;45.72;46.26;110180;5066431.4
DSKY;D;20240422;000000;46.26;46.3;45.9;46.06;70820;3263563.6
DSKY;D;20240423;000000;46.06;46.4;45.86;46.02;70940;3265070
DSKY;D;20240424;000000;46;46.8;45.7;46.1;77800;3586803.4
DSKY;D;20240425;000000;46.1;46.38;45.92;46.04;67820;3124468.4
DSKY;D;20240426;000000;46;46.12;45.9;46.02;47310;2174011.4
DSKY;D;20240427;000000;46.02;46.26;45.94;46;92690;4267078.8
DSKY;D;20240429;000000;46.46;46.46;45.9;46;54410;2502948.4
DSKY;D;20240430;000000;46;46.34;45.8;46.2;28050;1290504.4
DSKY;D;20240502;000000;46.08;46.88;45.6;46;154420;7147747.4
DSKY;D;20240503;000000;46.02;46.5;45.5;45.88;102340;4699994.8
DSKY;D;20240506;000000;45.8;46;45.52;45.7;74480;3411534.4
DSKY;D;20240507;000000;45.7;46.1;45.54;46.02;82940;3799505.6
DSKY;D;20240508;000000;46.16;46.4;45.7;46.24;65270;3016124.4
DSKY;D;20240510;000000;46.1;46.44;46;46.2;41280;1903615.4
DSKY;D;20240513;000000;46.18;46.38;45.88;45.9;70560;3249256
DSKY;D;20240514;000000;45.76;46.1;45.68;45.94;41740;1917107.6
DSKY;D;20240515;000000;45.94;45.98;45.72;45.86;45590;2090628.2
DSKY;D;20240516;000000;46.04;52.2;45.9;45.96;2232130;109774984
DSKY;D;20240517;000000;46.6;48.3;45.32;47.02;727150;33977984
DSKY;D;20240520;000000;46.76;47.2;45.58;45.8;322080;14859934.2
DSKY;D;20240521;000000;45.7;46.14;45.2;45.68;149850;6816235.8
DSKY;D;20240522;000000;45.68;46;45.36;45.64;36530;1672274.2
DSKY;D;20240523;000000;45.92;46.04;45.34;45.66;85700;3901461.4
DSKY;D;20240524;000000;45.66;45.78;45.34;45.36;58060;2636180.8
DSKY;D;20240527;000000;45.36;45.54;44.1;44.38;159750;7158486.8
DSKY;D;20240528;000000;44.38;45.96;44.02;45.08;120840;5416280.8
DSKY;D;20240529;000000;44.86;48;44.8;45.14;530360;24440321.4
DSKY;D;20240530;000000;45.16;46.64;45.06;45.28;75680;3431337.8
DSKY;D;20240531;000000;45.14;45.44;44.02;44.24;75520;3364992
DSKY;D;20240603;000000;44;44.7;41.4;43.2;188690;8091593.6
DSKY;D;20240604;000000;43.22;44.28;42.96;43.8;58530;2540824.2
DSKY;D;20240605;000000;43.8;44.6;43.52;43.66;44990;1967677.8
DSKY;D;20240606;000000;43.66;49.44;43.56;45;946000;44565953.8
DSKY;D;20240607;000000;45.02;46.6;44.04;45.32;362960;16316469.6
DSKY;D;20240610;000000;45.36;46;43.88;43.88;105150;4702333.2
DSKY;D;20240611;000000;43.88;44.88;43.18;43.74;95140;4167629.8
DSKY;D;20240613;000000;42.5;43.74;41.76;42.9;94930;4071066.8
DSKY;D;20240614;000000;42.9;43.98;42.76;43.46;101830;4418725.8
DSKY;D;20240617;000000;43.32;43.92;42.9;43.08;70740;3055263.8
DSKY;D;20240618;000000;43.14;43.42;42.56;42.72;93210;4001344.8
DSKY;D;20240619;000000;42.72;43.28;41.42;41.86;172950;7258667.6
DSKY;D;20240620;000000;41.86;43.5;41.86;43.14;75060;3201137.8
DSKY;D;20240621;000000;43.16;44.38;43.14;43.76;91230;3991108.6
DSKY;D;20240624;000000;43.76;44.38;42.48;44;51000;2234853.4
DSKY;D;20240625;000000;44.02;45.32;43.02;45.32;99140;4408924.8
DSKY;D;20240626;000000;44.44;45.62;44.44;45.12;49290;2227375.4
DSKY;D;20240627;000000;45.12;45.38;44.66;45.18;40760;1840362.4
DSKY;D;20240628;000000;45.18;45.48;44.6;45.4;36090;1633519.6
DSKY;D;20240701;000000;45.38;46.26;45.06;45.6;55850;2548104.2
DSKY;D;20240702;000000;46;46.38;45.26;46.2;56530;2597705.2
DSKY;D;20240703;000000;46;46.46;45.02;46.4;64030;2963339.4
DSKY;D;20240704;000000;46.24;46.68;45.82;46.08;54200;2506109
DSKY;D;20240705;000000;46.26;46.58;45.56;46.36;49660;2289802.2
DSKY;D;20240708;000000;46.3;46.42;45.62;46.06;45540;2097375.6
DSKY;D;20240709;000000;46.06;46.2;45.02;45.24;43510;1983861.4
DSKY;D;20240710;000000;45.26;45.78;44.02;44.02;118910;5326291.4
DSKY;D;20240711;000000;44.02;44.98;43.64;44.1;70000;3089164.4
DSKY;D;20240712;000000;44.1;46;43.42;43.84;72090;3223622.8
DSKY;D;20240715;000000;43.84;44.9;43.84;44.18;22130;978023.8
DSKY;D;20240716;000000;44;44.24;43.56;43.9;32850;1438290.2
DSKY;D;20240717;000000;43.9;44.46;43.24;43.34;99280;4307850.6
DSKY;D;20240718;000000;43.34;43.9;43.2;43.4;14940;647496
DSKY;D;20240719;000000;42.98;44.48;42.66;44.16;18860;827780.6
DSKY;D;20240722;000000;44.42;44.46;44;44.3;16890;746431.8
DSKY;D;20240723;000000;44.14;44.44;43.46;44.02;25870;1140043.4
DSKY;D;20240724;000000;44.18;44.78;43.64;44;29430;1298787
DSKY;D;20240725;000000;44;44.76;43.42;44.36;63380;2786001.6
DSKY;D;20240726;000000;44.36;44.72;43.7;44.18;52690;2320220.8
DSKY;D;20240729;000000;43.48;44.18;42.54;43.56;29150;1265662.2
DSKY;D;20240730;000000;43.52;43.64;43.26;43.44;19730;856331.6
DSKY;D;20240731;000000;43.44;43.84;43.26;43.32;41940;1822748.6
DSKY;D;20240801;000000;43.44;43.66;43.14;43.14;183340;7939413
DSKY;D;20240802;000000;42.96;50.88;42.64;44.82;1370530;63542867.4
DSKY;D;20240805;000000;44.4;44.4;42.54;43;461710;19923807.6
DSKY;D;20240806;000000;42.8;47;42.66;43.06;152840;6697262
DSKY;D;20240807;000000;42.92;43.3;42.52;42.9;103420;4413452.4
DSKY;D;20240808;000000;42.9;43.3;42.58;42.74;146730;6271993.6
DSKY;D;20240809;000000;42.74;42.8;42.58;42.66;51120;2182026.2
DSKY;D;20240812;000000;42.5;42.66;41.52;41.62;283360;11857938.6
DSKY;D;20240813;000000;41.62;42.5;40.26;41.76;299130;12391097.2
DSKY;D;20240814;000000;41;42.58;40.46;41.8;190780;7928787
DSKY;D;20240815;000000;41.9;42.5;41.24;41.6;180520;7504271.4
DSKY;D;20240816;000000;41.5;42.3;40.56;42;371180;15453657.4
DSKY;D;20240819;000000;41.6;46.8;41.52;43.72;562180;24720522.6
DSKY;D;20240820;000000;43.66;45.02;42.72;43.44;227140;9945373.8
DSKY;D;20240821;000000;43.42;45;43.42;43.76;250010;11080409.2
DSKY;D;20240822;000000;43.5;44.22;42.68;42.82;63950;2780897.4
DSKY;D;20240823;000000;42.8;43.56;41.54;41.68;131540;5604050
DSKY;D;20240826;000000;41.58;44;40.76;43.1;129480;5554496.4
DSKY;D;20240827;000000;42.9;45.62;41.74;44.5;209360;9346999.6
DSKY;D;20240828;000000;44.52;48.94;44.5;47.64;772370;36709848.8
DSKY;D;20240829;000000;48.54;51.8;46.6;50.02;828550;41043928.6
DSKY;D;20240830;000000;50.02;50.8;48.82;49.48;266130;13246582
DSKY;D;20240902;000000;49.08;49.94;48.32;48.34;141330;6955886.2
DSKY;D;20240903;000000;48.34;49.28;47.64;48.98;82050;3980195.2
DSKY;D;20240904;000000;48.14;49.08;48.04;48.56;59300;2876721
DSKY;D;20240905;000000;48.56;49.38;48.12;48.6;71480;3499140.2
DSKY;D;20240906;000000;48.6;49.94;47.94;48.92;31580;1548287.2
DSKY;D;20240909;000000;48.92;50.9;48.22;50.02;145160;7248592.8
DSKY;D;20240910;000000;50.5;50.76;49.12;49.12;73130;3656884
DSKY;D;20240911;000000;49.12;49.48;48.3;48.6;24870;1216662.2
DSKY;D;20240912;000000;48.08;48.7;45.82;47.64;214280;10046362.4
DSKY;D;20240913;000000;47.42;48.6;47.4;48.32;39370;1895969.8
DSKY;D;20240916;000000;47.82;50.8;47.8;50;165940;8244317.6
DSKY;D;20240917;000000;49.6;50.84;49.12;50.5;53710;2694297.2
DSKY;D;20240918;000000;50;50.64;49.26;50.32;27560;1388013.8
DSKY;D;20240919;000000;50.4;51.5;49.56;51.24;94430;4808645.6
DSKY;D;20240920;000000;50.96;52;50.5;50.58;176810;9117710
DSKY;D;20240923;000000;50.62;53.98;50.62;53.36;277860;14618519
DSKY;D;20240924;000000;53.36;54.94;52.56;52.56;94290;5019846
DSKY;D;20240925;000000;52.5;52.88;51.4;51.8;119000;6180262.4
DSKY;D;20240926;000000;51.64;51.86;51.12;51.44;73670;3788938.2
DSKY;D;20240927;000000;51.4;51.8;51.12;51.32;28270;1453214
DSKY;D;20240930;000000;51.56;52.28;51;51.72;73300;3793876.4
DSKY;D;20241001;000000;51.7;52.3;51.3;52.22;148210;7716371.6
DSKY;D;20241002;000000;51.96;53;51.74;52.16;126230;6594771.4
DSKY;D;20241003;000000;51.94;52.88;51.52;52.72;292160;15373316.4
DSKY;D;20241004;000000;52.72;53.1;52.26;52.92;73380;3870930.4
DSKY;D;20241007;000000;52.52;52.98;51.56;51.84;90140;4725603.4
DSKY;D;20241008;000000;50.84;52.18;50.84;51.58;186200;9601854.8
DSKY;D;20241009;000000;51.46;52.16;51;51.24;172330;8837895.6
DSKY;D;20241010;000000;50.84;51.3;50.5;51.22;155920;7965589.4
DSKY;D;20241011;000000;50.68;52;50.66;51.6;322900;16565853
DSKY;D;20241014;000000;51.1;51.8;51.02;51.02;651330;33355045.6
