<TICKER>;<PER>;<DATE>;<TIME>;<OPEN>;<HIGH>;<LOW>;<CLOSE>;<AMOUNT>;<VOLUME>
KMAZ;D;20050209;000000;13;13.8;13;13.8;7200;94960
KMAZ;D;20050210;000000;13.8;14;13.5;14;7100;99045
KMAZ;D;20050211;000000;14;14.5;13.9;14.5;3700;52329
KMAZ;D;20050214;000000;14.15;17.98;14.15;17.49;31500;478359
KMAZ;D;20050215;000000;17.45;26.1;17.45;23;16881;356447
KMAZ;D;20050216;000000;22;24;16.05;16.7;38000;675995
KMAZ;D;20050217;000000;16.8;17;16.15;16.75;137800;2290773
KMAZ;D;20050218;000000;16.8;17.5;16.8;16.98;47400;810067
KMAZ;D;20050221;000000;17;17;16.04;16.9;43400;721986
KMAZ;D;20050222;000000;16.46;16.9;16.41;16.78;4200;70314
KMAZ;D;20050224;000000;16.5;16.73;16.5;16.73;3200;52953
KMAZ;D;20050225;000000;16.9;16.9;16.52;16.75;6000;100618
KMAZ;D;20050228;000000;16.9;16.9;16.11;16.3;9800;162124
KMAZ;D;20050301;000000;16.79;16.79;16.5;16.75;12700;209810
KMAZ;D;20050302;000000;16.7;16.7;16.5;16.5;12300;202972
KMAZ;D;20050303;000000;16.5;17;16.35;16.5;74200;1231806
KMAZ;D;20050304;000000;16.39;16.8;16.39;16.5;1300;21739
KMAZ;D;20050305;000000;16.5;16.5;16.5;16.5;4400;72600
KMAZ;D;20050309;000000;16.51;16.51;16.2;16.4;31400;509244
KMAZ;D;20050310;000000;15.8;16.29;15.8;16.25;4900;79545
KMAZ;D;20050311;000000;16.23;16.25;16;16.25;3400;54988
KMAZ;D;20050314;000000;16.1;16.1;16.1;16.1;27600;444360
KMAZ;D;20050315;000000;16.01;16.5;16;16;4800;78345
KMAZ;D;20050317;000000;15.44;16.49;15.44;16;700;11353
KMAZ;D;20050318;000000;16.45;16.75;16;16;14400;237206
KMAZ;D;20050321;000000;16.01;16.01;15.9;15.9;5400;86391
KMAZ;D;20050322;000000;16;16;15.7;16;50500;807851
KMAZ;D;20050323;000000;16.1;16.1;16.1;16.1;800;12880
KMAZ;D;20050324;000000;16;16;15.8;15.8;52005;831692
KMAZ;D;20050325;000000;15.8;15.8;15.75;15.8;400;6315
KMAZ;D;20050328;000000;16;16.4;15.25;15.85;12700;202530
KMAZ;D;20050329;000000;15.8;15.8;15.8;15.8;500;7900
KMAZ;D;20050330;000000;15.28;15.28;15.28;15.28;100;1528
KMAZ;D;20050331;000000;15.7;15.7;15.7;15.7;7500;117750
KMAZ;D;20050401;000000;15.26;16;15.26;16;300;4725
KMAZ;D;20050404;000000;15.4;15.4;15.26;15.26;10000;153337
KMAZ;D;20050405;000000;15.99;15.99;15.32;15.32;200;3131
KMAZ;D;20050406;000000;15.39;15.95;15.05;15.95;6600;101954
KMAZ;D;20050407;000000;15.32;16;15.32;16;30100;461200
KMAZ;D;20050408;000000;15.98;15.98;15.5;15.97;14500;226867
KMAZ;D;20050411;000000;15.93;15.93;15.16;15.16;400;6161
KMAZ;D;20050412;000000;15.01;15.37;15;15.03;11400;173095
KMAZ;D;20050413;000000;15.06;16.5;15.06;16.5;29900;467005
KMAZ;D;20050414;000000;15.5;16.19;15.5;16.15;300;4784
KMAZ;D;20050415;000000;15.99;15.99;15.1;15.8;10900;168023
KMAZ;D;20050418;000000;14.71;15.05;14.71;15.05;5400;81168
KMAZ;D;20050419;000000;15.65;15.65;15.45;15.45;500;7805
KMAZ;D;20050420;000000;14.5;15.36;14.5;15.3;8600;129186
KMAZ;D;20050421;000000;15.29;15.29;15.29;15.29;100;1529
KMAZ;D;20050422;000000;14.51;15.22;14.51;15.22;300;4424
KMAZ;D;20050425;000000;15.2;15.2;14.73;14.74;1100;16393
KMAZ;D;20050426;000000;14.75;14.99;14.01;14.75;25900;386078
KMAZ;D;20050427;000000;14.56;14.56;14.56;14.56;100;1456
KMAZ;D;20050428;000000;14.98;14.98;14.23;14.97;10600;155140
KMAZ;D;20050429;000000;15;15;14.99;15;1200;17996
KMAZ;D;20050504;000000;15;15;15;15;100;1500
KMAZ;D;20050505;000000;14.5;15.6;14.5;15.6;27900;416160
KMAZ;D;20050513;000000;14;15;14;15;400;5800
KMAZ;D;20050514;000000;15.05;15.05;14.16;14.16;29853;448984
KMAZ;D;20050516;000000;14;14;14;14;1000;14000
KMAZ;D;20050517;000000;14;14;14;14;600;8400
KMAZ;D;20050518;000000;15;15.87;15;15.4;103500;1585256
KMAZ;D;20050519;000000;15;15.5;15;15.5;1400;21500
KMAZ;D;20050520;000000;14.05;15.86;14.05;15.86;1800;26757
KMAZ;D;20050523;000000;15.86;15.86;15.25;15.25;19100;300852
KMAZ;D;20050524;000000;15.8;15.8;15.8;15.8;600;9480
KMAZ;D;20050527;000000;14.51;14.51;14.51;14.51;100;1451
KMAZ;D;20050530;000000;15;15;15;15;200;3000
KMAZ;D;20050531;000000;15.54;15.54;15.54;15.54;100;1554
KMAZ;D;20050601;000000;15.69;15.69;15;15;800;12071
KMAZ;D;20050602;000000;15.85;15.85;15.85;15.85;100;1585
KMAZ;D;20050606;000000;15.12;15.7;15.12;15.7;900;13702
KMAZ;D;20050607;000000;15.47;15.47;15.47;15.47;400;6188
KMAZ;D;20050608;000000;15.3;15.3;15.3;15.3;700;10710
KMAZ;D;20050609;000000;15.06;15.06;15.06;15.06;224;3242
KMAZ;D;20050610;000000;15.49;15.49;15.49;15.49;1120;17243.6
KMAZ;D;20050614;000000;15.8;15.8;15.3;15.3;200;3110
KMAZ;D;20050616;000000;15.11;15.11;15.11;15.11;3000;45330
KMAZ;D;20050617;000000;15.11;15.11;15.11;15.11;100;1511
KMAZ;D;20050620;000000;15.5;15.5;15.35;15.35;15100;231800
KMAZ;D;20050621;000000;15.46;15.46;15.1;15.1;1100;16646
KMAZ;D;20050622;000000;15.49;15.49;15.2;15.2;200;3069
KMAZ;D;20050623;000000;15.4;15.4;15.4;15.4;100;1540
KMAZ;D;20050624;000000;15.39;15.39;15.39;15.39;100;1539
KMAZ;D;20050627;000000;15.05;15.2;15.03;15.03;2100;31657
KMAZ;D;20050628;000000;15.04;15.2;15;15.2;1300;19622
KMAZ;D;20050629;000000;15.26;15.26;14.66;14.66;200;2992
KMAZ;D;20050630;000000;15.32;15.32;13.75;13.75;117700;1632447
KMAZ;D;20050701;000000;15.1;15.22;13.07;15.03;7800;115604
KMAZ;D;20050704;000000;15.21;15.22;15.21;15.22;4000;60870
KMAZ;D;20050705;000000;16;16;15.73;15.73;2500;39865
KMAZ;D;20050706;000000;15.31;15.31;15.31;15.31;100;1531
KMAZ;D;20050707;000000;15.24;15.7;14.04;15.45;128900;1846264
KMAZ;D;20050708;000000;15.5;15.95;15.5;15.66;35500;560501
KMAZ;D;20050711;000000;15.4;15.87;15.4;15.87;700;10995
KMAZ;D;20050712;000000;15.97;16;15.97;16;900;14394
KMAZ;D;20050714;000000;15.67;15.9;15.6;15.75;88600;1389206
KMAZ;D;20050718;000000;15.9;17.2;15.9;16.65;228100;3761104
KMAZ;D;20050719;000000;17.1;17.47;17;17.35;96100;1660717
KMAZ;D;20050720;000000;17.2;17.4;16.91;17.07;31500;542403
KMAZ;D;20050721;000000;18;18;17.01;17.01;10400;177401
KMAZ;D;20050722;000000;16.91;17.5;16.91;17.5;31900;552910
KMAZ;D;20050725;000000;17.25;17.51;17.25;17.25;27400;474486
KMAZ;D;20050726;000000;16.55;17.4;16.55;17.3;25600;443255
KMAZ;D;20050727;000000;17.29;17.29;16.9;16.9;1700;28780
KMAZ;D;20050728;000000;17.3;17.3;17;17;10300;178100
KMAZ;D;20050729;000000;17.1;17.2;17.1;17.2;4000;68599
KMAZ;D;20050801;000000;17.2;17.2;17.2;17.2;1300;22360
KMAZ;D;20050802;000000;17.2;17.5;17.2;17.5;20000;347510
KMAZ;D;20050803;000000;17.5;17.5;16.75;16.75;40000;691837
KMAZ;D;20050804;000000;16.7;17;16.7;17;3100;52670
KMAZ;D;20050805;000000;17.9;20;17;17;85500;1498668
KMAZ;D;20050809;000000;17.19;17.24;17;17;12600;216373
KMAZ;D;20050810;000000;17.03;17.2;17;17.2;18000;306940
KMAZ;D;20050811;000000;17.2;17.2;16.75;16.75;6100;104690
KMAZ;D;20050812;000000;17;17;16.7;16.7;1700;28426
KMAZ;D;20050815;000000;17.18;17.2;17;17;19700;337307
KMAZ;D;20050816;000000;17.19;17.2;16.85;17.07;31400;537449
KMAZ;D;20050817;000000;17;17.25;17;17.25;16400;281201
KMAZ;D;20050818;000000;17.25;17.35;17;17.11;17800;303458
KMAZ;D;20050819;000000;17.15;17.25;16.06;17;47500;810243
KMAZ;D;20050822;000000;17;17.28;16.91;16.93;11700;198669
KMAZ;D;20050823;000000;17.1;17.1;16.7;16.7;40100;677366
KMAZ;D;20050824;000000;16.97;17;16.8;16.95;24300;410462
KMAZ;D;20050825;000000;16.8;16.9;16.71;16.86;56700;951931
KMAZ;D;20050826;000000;16.8;16.95;16.8;16.95;107400;1810526
KMAZ;D;20050829;000000;16.99;17;16.7;16.7;10600;178845
KMAZ;D;20050830;000000;17;17;16.71;16.9;32500;549998
KMAZ;D;20050831;000000;17;17;16.95;17;28400;481656
KMAZ;D;20050901;000000;17;17;16.7;16.7;56300;948740
KMAZ;D;20050902;000000;17;17;16.75;16.75;52400;886989
KMAZ;D;20050905;000000;16.99;16.99;16.97;16.97;600;10192
KMAZ;D;20050906;000000;16.68;16.68;16.58;16.58;9500;157847
KMAZ;D;20050907;000000;16.9;16.9;16.02;16.49;1700;27751
KMAZ;D;20050908;000000;16.95;16.95;16.54;16.57;2400;39744
KMAZ;D;20050909;000000;16.67;17;16.6;17;10800;180104
KMAZ;D;20050912;000000;16.4;16.99;16.4;16.75;39500;656061
KMAZ;D;20050913;000000;18.25;18.25;17.3;17.8;448900;7881015
KMAZ;D;20050914;000000;18;18;17.2;17.44;193300;3374001
KMAZ;D;20050915;000000;17.29;17.7;17.29;17.37;331200;5806685
KMAZ;D;20050916;000000;17.47;17.47;16.91;16.99;45600;785789
KMAZ;D;20050919;000000;16.99;17.3;16.99;17.29;48800;831004
KMAZ;D;20050920;000000;17.29;17.5;17;17.01;64900;1117185
KMAZ;D;20050921;000000;17.27;17.57;17.1;17.57;68800;1195726
KMAZ;D;20050922;000000;17.57;19.37;17.32;18.41;622100;11499828
KMAZ;D;20050923;000000;19;19.14;18.55;18.6;223800;4226125
KMAZ;D;20050926;000000;18.5;20.1;18.5;19.8;154600;2991279
KMAZ;D;20050927;000000;20.19;21.5;20.1;21.49;549900;11461946
KMAZ;D;20050928;000000;22;22.01;20.87;20.87;266000;5701938
KMAZ;D;20050929;000000;21.7;21.7;20.65;20.99;180100;3795463
KMAZ;D;20050930;000000;20.42;21.1;20.36;20.66;159700;3326960
KMAZ;D;20051003;000000;20.21;21.19;20.21;21.04;100000;2093801
KMAZ;D;20051004;000000;20.75;22.1;20.75;21.65;346800;7510509
KMAZ;D;20051005;000000;21.7;23;21.15;21.4;72700;1568974
KMAZ;D;20051006;000000;20.75;21.75;19.2;21.74;214200;4446390
KMAZ;D;20051007;000000;22.41;22.41;19.4;19.4;316700;6389404
KMAZ;D;20051010;000000;18.65;19.8;18.61;19.28;386900;7386120
KMAZ;D;20051011;000000;18.5;19.49;18.5;19.1;126300;2405331
KMAZ;D;20051012;000000;19.49;19.49;18.91;19.06;92300;1754581
KMAZ;D;20051013;000000;19;19.09;18.45;18.79;95300;1801601
KMAZ;D;20051014;000000;19;21.7;18.5;18.5;87200;1628981
KMAZ;D;20051017;000000;19.19;19.19;18.02;18.6;24500;452870
KMAZ;D;20051018;000000;18.02;18.8;18.02;18.8;6600;121290
KMAZ;D;20051019;000000;17.53;18.5;17.02;18.5;94100;1697013
KMAZ;D;20051020;000000;18.2;18.76;18.2;18.76;35800;667441
KMAZ;D;20051021;000000;18.6;19.6;18.5;18.5;127800;2412536
KMAZ;D;20051024;000000;18.99;19;18.99;19;600;11399
KMAZ;D;20051025;000000;18.6;18.6;18.55;18.55;1300;24145
KMAZ;D;20051026;000000;19;19;18.4;18.5;10900;202380
KMAZ;D;20051027;000000;18.5;18.55;18.4;18.4;19200;353309
KMAZ;D;20051028;000000;18.5;18.91;18.5;18.9;33200;623712
KMAZ;D;20051031;000000;18.84;19.48;18.8;18.8;70900;1343017
KMAZ;D;20051101;000000;18.51;19;18.5;19;5400;101500
KMAZ;D;20051102;000000;19.2;19.9;19.2;19.6;27100;529573
KMAZ;D;20051103;000000;20;20.5;19.61;20.2;22900;454486
KMAZ;D;20051107;000000;20.35;20.35;19.4;19.5;11100;220899
KMAZ;D;20051108;000000;19.5;19.91;18.71;19.5;11100;216204
KMAZ;D;20051109;000000;19.6;20.43;19.6;19.66;16600;331055
KMAZ;D;20051110;000000;20;21;20;20.5;77400;1580944
KMAZ;D;20051111;000000;21.2;21.2;20.71;20.75;22800;476820
KMAZ;D;20051114;000000;20.5;21.3;20.2;20.89;37400;776030
KMAZ;D;20051115;000000;21;21;20.58;20.6;4700;97810
KMAZ;D;20051116;000000;20.99;21;20.3;20.3;2200;45779
KMAZ;D;20051117;000000;21;21.69;20.77;20.77;12300;258642
KMAZ;D;20051118;000000;21;21;20.82;20.82;5900;123370
KMAZ;D;20051121;000000;21.5;21.5;20.8;20.8;5200;108807
KMAZ;D;20051122;000000;20.91;21.75;20.8;21.3;142500;3048965
KMAZ;D;20051123;000000;21.5;21.79;21.2;21.6;89300;1923911
KMAZ;D;20051124;000000;21.75;22;21.55;21.57;27400;598528
KMAZ;D;20051125;000000;21.7;22.85;21.6;21.7;84600;1844160
KMAZ;D;20051128;000000;22.85;25;21.6;23;259900;5958081
KMAZ;D;20051129;000000;23;23.5;22.6;22.65;21900;504262
KMAZ;D;20051130;000000;23.3;23.3;22.27;22.9;111600;2529720
KMAZ;D;20051201;000000;22.65;24.49;22.5;24;292200;6958625
KMAZ;D;20051202;000000;24.48;25.64;24.33;25;100600;2499056
KMAZ;D;20051205;000000;24.34;25.15;23.5;24.2;290900;7213575
KMAZ;D;20051206;000000;24.2;24.44;23.13;24.1;32200;772228
KMAZ;D;20051207;000000;24.1;24.8;24.1;24.2;30600;745437
KMAZ;D;20051208;000000;24.1;24.78;24.1;24.6;2900;70537
KMAZ;D;20051209;000000;24.5;25;24.4;25;24100;595018
KMAZ;D;20051212;000000;25;25.5;24.42;25.5;37100;928104
KMAZ;D;20051213;000000;24.92;25.6;24.45;25.4;96800;2444850
KMAZ;D;20051214;000000;25;25.99;25;25.98;49900;1261256
KMAZ;D;20051215;000000;26;26;24.83;25;88500;2222512
KMAZ;D;20051216;000000;25;25;25;25;18700;467500
KMAZ;D;20051219;000000;24.96;25.54;24.62;24.62;44200;1103397
KMAZ;D;20051220;000000;25.11;26.04;25.11;25.61;113100;2929814
KMAZ;D;20051221;000000;26;26;25.6;25.7;54100;1399497
KMAZ;D;20051222;000000;25.7;26.1;21;25.75;97800;2495793
KMAZ;D;20051223;000000;25.8;26;25.6;25.6;29700;768150
KMAZ;D;20051226;000000;25.6;27.97;25;27.3;41700;1070205
KMAZ;D;20051227;000000;26.35;27.5;26.2;26.5;29100;783706
KMAZ;D;20051228;000000;26.35;27.5;26.3;27;37800;1021127
KMAZ;D;20051229;000000;26.55;27.75;23.11;27.36;4700;121395
KMAZ;D;20060110;000000;26.35;27.54;26.35;26.51;17600;480873
KMAZ;D;20060111;000000;27.04;27.5;27;27.5;2400;65602
KMAZ;D;20060112;000000;27.51;28;26;27.8;94300;2575442
KMAZ;D;20060113;000000;27;28;27;27;64900;1804620
KMAZ;D;20060116;000000;27.99;28.1;27.55;28.1;96500;2704252
KMAZ;D;20060117;000000;28;28;27;27.1;102200;2793148
KMAZ;D;20060118;000000;27.19;28.7;27;28.7;114400;3181888
KMAZ;D;20060119;000000;28.59;39;28;38;884400;30593910
KMAZ;D;20060120;000000;39.01;50;36;37;886000;36294815
KMAZ;D;20060123;000000;37;41.02;36.1;40.99;205100;7928207
KMAZ;D;20060124;000000;39.85;39.9;33.33;36;848300;30998196
KMAZ;D;20060125;000000;36.19;37;33.45;36.4;225600;7932106
KMAZ;D;20060126;000000;36.5;37.59;35.2;37.3;90500;3329287
KMAZ;D;20060127;000000;38;39.9;36.4;39.48;125900;4880725
KMAZ;D;20060130;000000;40;40;36.71;37.99;93200;3597293
KMAZ;D;20060131;000000;37;39.69;35.01;39;200300;7597457
KMAZ;D;20060201;000000;39.64;40;38.78;39.95;49000;1948984
KMAZ;D;20060202;000000;39.9;40.8;39.1;40.79;139400;5598935
KMAZ;D;20060203;000000;40;41.59;40;40.32;183200;7511308
KMAZ;D;20060206;000000;40.95;41.9;40.41;41.85;159000;6563619
KMAZ;D;20060207;000000;41.85;51.4;41.42;49.8;1529100;72405228
KMAZ;D;20060208;000000;50.56;58.5;49.9;56.75;2771200;152813230
KMAZ;D;20060209;000000;57.45;58.9;52.05;56;1014300;55967772
KMAZ;D;20060210;000000;54.88;57;53.75;56;407400;22534415
KMAZ;D;20060213;000000;55;55.13;53.22;55;159500;8706902
KMAZ;D;20060214;000000;54.49;55.25;53.1;53.25;105400;5706961
KMAZ;D;20060215;000000;53.1;53.1;47.9;50.69;655300;32705248
KMAZ;D;20060216;000000;50.05;51.9;49;51.9;322800;16140429
KMAZ;D;20060217;000000;51.9;56.75;51.5;56.5;777300;42824196
KMAZ;D;20060220;000000;56.94;62;55.1;61.36;500300;29503883
KMAZ;D;20060221;000000;62;62;56.6;56.77;195200;11292995
KMAZ;D;20060222;000000;56.88;60.3;56;56.94;211700;12231937
KMAZ;D;20060226;000000;56.2;58.4;55.7;57.3;185100;10621084
KMAZ;D;20060227;000000;57.3;58.49;54.85;55.5;377200;21336450
KMAZ;D;20060228;000000;55.2;55.53;51.15;51.15;230500;12417093
KMAZ;D;20060301;000000;52;62.9;51.5;54;220500;12457264
KMAZ;D;20060302;000000;54.5;56;51.3;53.5;105700;5629661
KMAZ;D;20060303;000000;53.88;53.88;51.65;52.56;100300;5284319
KMAZ;D;20060306;000000;53.49;53.5;51.2;52.49;201800;10444210
KMAZ;D;20060307;000000;51.3;51.5;49.6;49.6;147700;7440310
KMAZ;D;20060309;000000;48.89;50.5;47.2;49.23;309400;15372190
KMAZ;D;20060310;000000;50.8;50.8;48.6;49.6;62400;3086616
KMAZ;D;20060313;000000;49.3;50.8;48;50.14;141100;6996628
KMAZ;D;20060314;000000;50;50.1;49;49;139400;6923678
KMAZ;D;20060315;000000;49.99;49.99;48;48;69200;3358011
KMAZ;D;20060316;000000;49.44;49.44;47.9;48.05;100700;4910458
KMAZ;D;20060317;000000;48.01;48.64;46.54;47.27;112900;5379172
KMAZ;D;20060320;000000;48.35;48.35;44.05;44.63;165700;7603749
KMAZ;D;20060321;000000;44.4;44.9;43;43.9;76200;3328698
KMAZ;D;20060322;000000;42.6;43.63;42;43;272200;11658351
KMAZ;D;20060323;000000;43;44.99;41.18;42.1;285300;12195204
KMAZ;D;20060324;000000;41.51;44.61;41.5;42.5;551700;23634211
KMAZ;D;20060327;000000;42.9;44;42.02;43.2;149500;6437379
KMAZ;D;20060328;000000;43;44.2;41.5;41.8;272600;11698450
KMAZ;D;20060329;000000;41.5;41.8;40;40.34;70700;2859526
KMAZ;D;20060330;000000;41;42;40.5;41.2;33200;1374457
KMAZ;D;20060331;000000;41.55;41.79;40.85;41.72;106700;4405159
KMAZ;D;20060403;000000;41.9;42.8;41.4;41.4;226100;9488797
KMAZ;D;20060404;000000;42;45;41.04;43.19;614300;26450883
KMAZ;D;20060405;000000;44;44.8;43.05;44.1;447500;19675138
KMAZ;D;20060406;000000;44.36;44.5;43.32;43.79;109600;4811309
KMAZ;D;20060407;000000;43.2;44.32;43.2;44;93100;4095619
KMAZ;D;20060410;000000;43.51;44.5;43.01;43.5;224400;9907084
KMAZ;D;20060411;000000;43.5;44.79;43.1;44.46;157300;6942962
KMAZ;D;20060412;000000;44.5;47.98;44.5;45.99;438800;20266657
KMAZ;D;20060413;000000;46;47.98;45.99;46.98;104000;4884798
KMAZ;D;20060414;000000;46.99;47.4;45.68;46.1;104700;4838353
KMAZ;D;20060417;000000;46.7;47.1;46.11;46.8;49300;2299198
KMAZ;D;20060418;000000;46.9;47.4;46.2;47.24;107900;5057581
KMAZ;D;20060419;000000;47.235;47.39;45;46;96800;4514798.8
KMAZ;D;20060420;000000;46;46.75;45.12;45.12;51600;2365422.5
KMAZ;D;20060421;000000;45;45.888;44.1;44.5;110400;4921570.5
KMAZ;D;20060424;000000;44.5;44.879;42.5;43.799;96200;4192344.3
KMAZ;D;20060425;000000;43.138;43.5;41.02;42.33;62300;2651667.3
KMAZ;D;20060426;000000;43.317;43.317;41.882;42.9;52300;2233277.2
KMAZ;D;20060427;000000;42.8;42.8;40.015;41;191400;7905666.6
KMAZ;D;20060428;000000;41.02;42.909;40;41.101;147400;5998469.4
KMAZ;D;20060502;000000;42.79;42.79;41.6;42;23000;976603.5
KMAZ;D;20060503;000000;41.6;42.5;40.5;40.9;78300;3220120.1
KMAZ;D;20060504;000000;40.8;40.8;39.611;40.5;42500;1710262.4
KMAZ;D;20060505;000000;40;40.8;40;40.043;33900;1360875.8
KMAZ;D;20060506;000000;39.9;41.89;39.9;40.6;22800;927429.5
KMAZ;D;20060510;000000;40.5;41.21;26.35;40.6;151700;5996603.7
KMAZ;D;20060511;000000;40;40.579;37.4;38.78;116300;4500979.5
KMAZ;D;20060512;000000;37.86;40.579;37.86;39.44;64800;2550575.8
KMAZ;D;20060515;000000;39;39;36.4;37.5;34800;1310138.6
KMAZ;D;20060516;000000;37;39.79;37;37.51;126700;4790532.5
KMAZ;D;20060517;000000;39.5;39.5;35;35.02;53100;1962288.9
KMAZ;D;20060518;000000;33.1;34.98;31.01;34.36;91200;3069147.5
KMAZ;D;20060519;000000;34.94;36.5;34.019;35.8;102400;3623582.1
KMAZ;D;20060522;000000;35;35.8;30;30;134200;4308006.8
KMAZ;D;20060523;000000;30.22;37;30.22;35.7;265800;8919799.5
KMAZ;D;20060524;000000;35;35.4;32.202;34.049;163300;5476375
KMAZ;D;20060525;000000;33.85;35.9;33.3;35.1;26700;920968.1
KMAZ;D;20060526;000000;35.99;38.99;33.53;35;18300;646799
KMAZ;D;20060529;000000;35;35.2;34.4;34.5;35800;1245493.9
KMAZ;D;20060530;000000;35.199;35.2;33.201;34.487;121000;4117964.9
KMAZ;D;20060531;000000;34;34;33.1;33.97;12300;413366.2
KMAZ;D;20060601;000000;34;34.24;33.35;33.989;38400;1302580.8
KMAZ;D;20060602;000000;34.198;35.68;33.8;35.01;92300;3201934.5
KMAZ;D;20060605;000000;35;35.22;34.011;34.011;22100;772054.9
KMAZ;D;20060606;000000;33.6;33.6;32.11;32.8;48100;1583659.4
KMAZ;D;20060607;000000;33;34;32.38;33.4;52600;1740660.3
KMAZ;D;20060608;000000;33.699;37;33;34.999;293600;10354672.7
KMAZ;D;20060609;000000;34.95;35;34.003;35;12500;431310.3
KMAZ;D;20060613;000000;34.011;34.011;32.1;33;102400;3350216.3
KMAZ;D;20060614;000000;33;34.6;33;33.601;74300;2504278.6
KMAZ;D;20060615;000000;34.49;38;33.801;34;40500;1387983.9
KMAZ;D;20060616;000000;35.3;35.5;33.33;33.899;39200;1331545.2
KMAZ;D;20060619;000000;33.112;34.25;33.11;33.55;19500;662509.9
KMAZ;D;20060620;000000;34.1;34.1;33.5;34.093;46100;1555057.7
KMAZ;D;20060621;000000;33.7;34.4;33.7;34.199;1900;64960.6
KMAZ;D;20060622;000000;34.699;34.699;33.301;33.999;67100;2265898.7
KMAZ;D;20060623;000000;33.8;33.999;33.5;33.55;16200;544630.2
KMAZ;D;20060626;000000;33.513;33.513;33.407;33.407;1300;43534.6
KMAZ;D;20060627;000000;33.75;33.789;33;33.02;112000;3729916.1
KMAZ;D;20060628;000000;33.01;33.899;33.01;33.33;17400;578022.9
KMAZ;D;20060629;000000;33.003;33.98;32.701;33.98;254200;8395154.3
KMAZ;D;20060630;000000;32.6;37.8;32.6;37.8;60400;2100050.6
KMAZ;D;20060703;000000;35;35.98;34;34.053;185100;6371489.2
KMAZ;D;20060704;000000;33.852;34.39;33.81;34.25;35800;1223016.9
KMAZ;D;20060705;000000;34;34.3;33.5;33.5;191800;6511113.1
KMAZ;D;20060706;000000;33.898;34.248;33.8;33.8;9000;304947.4
KMAZ;D;20060707;000000;33.658;34.196;33.658;34;21800;740926.9
KMAZ;D;20060710;000000;34;34.055;34;34;7600;258471.5
KMAZ;D;20060711;000000;33.6;34.144;33.6;33.622;7100;241029.5
KMAZ;D;20060712;000000;34;34.048;33.15;33.603;25800;869350.6
KMAZ;D;20060713;000000;34.009;34.22;33;33;53900;1801089.1
KMAZ;D;20060714;000000;32.67;32.888;30.51;31.6;23100;737092.6
KMAZ;D;20060717;000000;33;33.737;31.522;32.6;65100;2128485.4
KMAZ;D;20060718;000000;32.9;32.9;32;32.8;49800;1619747.8
KMAZ;D;20060719;000000;33.29;35.4;32.6;33;40200;1333808.2
KMAZ;D;20060720;000000;32.71;32.71;32.6;32.6;1700;55567
KMAZ;D;20060721;000000;33.48;33.99;32.41;32.554;5300;172654.4
KMAZ;D;20060724;000000;33;34.3;32.4;33;244800;8078827.5
KMAZ;D;20060725;000000;33;33.2;32.5;32.5;37100;1218499.7
KMAZ;D;20060726;000000;32.99;32.99;32.4;32.8;85700;2803618.6
KMAZ;D;20060727;000000;32.96;34.8;32.65;34;425900;14280941.1
KMAZ;D;20060728;000000;33.015;35.23;33.015;34.5;469200;16186202.5
KMAZ;D;20060731;000000;34.6;35;34.25;34.895;87800;3048038.9
KMAZ;D;20060801;000000;34.9;35.893;34.502;35.398;165600;5820029.4
KMAZ;D;20060802;000000;35.5;37.298;35.5;36.45;241000;8772020.8
KMAZ;D;20060803;000000;36.2;36.7;34.7;35.06;138600;4941210.3
KMAZ;D;20060804;000000;35.1;36;34.56;35.945;38100;1352800.1
KMAZ;D;20060807;000000;36.397;36.5;35.4;36.19;37800;1370432.2
KMAZ;D;20060808;000000;36.4;37.2;35.051;35.051;155000;5591052.4
KMAZ;D;20060809;000000;35.89;36;35.259;35.697;147000;5218328.1
KMAZ;D;20060810;000000;35.85;35.85;33.002;35.3;252400;8627780
KMAZ;D;20060811;000000;34.802;35.996;34.802;35.85;51000;1812825.9
KMAZ;D;20060814;000000;35;35.6;35;35.302;178600;6317038.7
KMAZ;D;20060815;000000;35.01;36.15;35.01;36.111;92700;3320472.3
KMAZ;D;20060816;000000;36.397;36.65;36;36.2;134200;4863656
KMAZ;D;20060817;000000;36.4;36.498;35.75;36.25;121500;4388660
KMAZ;D;20060818;000000;36.393;36.399;34.601;35.7;86600;3074829
KMAZ;D;20060821;000000;34.605;35.799;34.605;35.41;22100;775695.3
KMAZ;D;20060822;000000;35.5;36.11;35.3;35.78;22100;787950.1
KMAZ;D;20060823;000000;35.737;35.89;35.227;35.78;4000;142261.1
KMAZ;D;20060824;000000;35.01;36.1;34.8;36;71400;2548001.7
KMAZ;D;20060825;000000;35.6;35.8;35.252;35.8;3200;114209.1
KMAZ;D;20060828;000000;35.66;35.66;34.8;35.05;87700;3070894.4
KMAZ;D;20060829;000000;35.1;35.49;35;35.295;25000;878473.6
KMAZ;D;20060830;000000;34.95;35.34;34.612;34.801;43800;1530697.3
KMAZ;D;20060831;000000;34.725;35.34;34.65;34.949;38200;1329129.1
KMAZ;D;20060901;000000;34.517;34.523;33.3;34;92200;3158823.8
KMAZ;D;20060904;000000;34.022;34.692;33.501;33.949;34300;1154623.9
KMAZ;D;20060905;000000;33.8;34.268;33.8;34.001;12800;435302.2
KMAZ;D;20060906;000000;34;34.195;33.75;33.762;25600;867470.9
KMAZ;D;20060907;000000;33.601;33.601;33.001;33.201;24600;820096.4
KMAZ;D;20060908;000000;33.2;33.5;33;33.5;9600;320155.4
KMAZ;D;20060911;000000;33.002;33.003;31.733;32.32;103100;3354716.8
KMAZ;D;20060912;000000;32.89;34.28;32.25;33.998;542100;18167602
KMAZ;D;20060913;000000;34.01;35;33.75;34.99;142100;4882028.2
KMAZ;D;20060914;000000;35;35.12;34.252;34.9;31400;1090112.1
KMAZ;D;20060915;000000;34.9;35;34.3;34.79;37700;1302569.3
KMAZ;D;20060918;000000;34.985;35.72;34.97;35.7;89200;3160718.2
KMAZ;D;20060919;000000;35.61;38.49;35.61;37.405;81400;3045100.9
KMAZ;D;20060920;000000;37.4;37.948;36.502;37.4;173500;6522744.3
KMAZ;D;20060921;000000;37.5;38.3;37.3;38;85200;3215456.7
KMAZ;D;20060922;000000;38.5;38.5;36;36.75;121300;4549300.1
KMAZ;D;20060925;000000;36.6;36.6;34.2;34.99;70300;2461040.3
KMAZ;D;20060926;000000;35.485;36.499;35;35.67;34800;1236915.7
KMAZ;D;20060927;000000;35.425;36.25;35.011;36.09;93200;3339012.7
KMAZ;D;20060928;000000;36.1;36.36;35.8;36.05;121500;4390814.3
KMAZ;D;20060929;000000;36.006;36.09;35.5;35.8;34800;1249814.9
KMAZ;D;20061002;000000;36.37;36.5;35.851;35.9;18800;680691
KMAZ;D;20061003;000000;35.9;36.17;34.764;35.71;82500;2930751.3
KMAZ;D;20061004;000000;35.9;36.3;35.4;36.099;82700;2972017.9
KMAZ;D;20061005;000000;36.47;37.26;36.1;37.2;34700;1275967.8
KMAZ;D;20061006;000000;37.28;37.3;36.504;37.2;54100;2007701.8
KMAZ;D;20061009;000000;37.47;40;37.22;40;370700;14361400.4
KMAZ;D;20061010;000000;40.06;40.9;39.6;40;231800;9299484.6
KMAZ;D;20061011;000000;40.02;40.4;39.9;40.05;84800;3402682.8
KMAZ;D;20061012;000000;39.9;41;39.9;40.5;33500;1355091.2
KMAZ;D;20061013;000000;40.905;44;40.2;42.75;130900;5597244
KMAZ;D;20061016;000000;43.79;43.79;41.5;42.5;100600;4255711.8
KMAZ;D;20061017;000000;42.7;43.15;42.1;42.75;30500;1300746.7
KMAZ;D;20061018;000000;43.147;43.147;41.89;42.49;25300;1070325.7
KMAZ;D;20061019;000000;42.1;43.5;41.11;43.5;505900;21723133.6
KMAZ;D;20061020;000000;41.307;43.6;41.307;43.2;58300;2521453.3
KMAZ;D;20061023;000000;42.9;44.99;42.9;44.2;39300;1725864.3
KMAZ;D;20061024;000000;44.3;44.5;43.55;43.55;20500;897359
KMAZ;D;20061025;000000;43.75;44.3;43.511;43.7;40900;1795821.9
KMAZ;D;20061026;000000;43.6;44;43.6;43.6;29400;1285891
KMAZ;D;20061027;000000;43.601;43.99;43.5;43.75;136300;5956105
KMAZ;D;20061030;000000;43.3;43.36;43.1;43.15;45600;1972110.5
KMAZ;D;20061031;000000;43.545;43.545;42.85;42.85;43400;1867615.3
KMAZ;D;20061101;000000;43.399;43.88;43.399;43.693;63800;2776305.2
KMAZ;D;20061102;000000;43.89;44;43.4;43.6;103900;4561967.6
KMAZ;D;20061103;000000;44.15;45;43.451;45;220400;9887146.8
KMAZ;D;20061107;000000;45.49;46.299;44.9;46.2;122500;5568557.4
KMAZ;D;20061108;000000;46.489;46.489;45.55;45.955;16100;742197.1
KMAZ;D;20061109;000000;46.459;46.46;45.505;46.289;16300;751865.1
KMAZ;D;20061110;000000;46.23;47.1;45.53;46.995;62600;2910811.7
KMAZ;D;20061113;000000;47.247;47.47;46.95;47.38;68600;3234436.2
KMAZ;D;20061114;000000;47.497;47.99;47;47.98;65900;3138972.1
KMAZ;D;20061115;000000;48;48.39;47.8;48.299;128400;6172895.3
KMAZ;D;20061116;000000;48.39;48.494;47.7;48;26100;1254071.2
KMAZ;D;20061117;000000;48.27;48.489;47.04;48.2;235100;11279421.8
KMAZ;D;20061120;000000;48.72;48.72;48.15;48.399;10400;502443.7
KMAZ;D;20061121;000000;48.5;48.749;48.055;48.539;42100;2042235
KMAZ;D;20061122;000000;48.54;48.54;48.2;48.45;33600;1623519
KMAZ;D;20061123;000000;48.1;48.449;48.05;48.43;13900;671227
KMAZ;D;20061124;000000;48.25;48.47;48;48.37;70600;3415462.9
KMAZ;D;20061127;000000;48.25;48.5;48;48.499;196500;9515297.9
KMAZ;D;20061128;000000;48.47;50.89;48.25;50;166900;8282490.5
KMAZ;D;20061129;000000;50;50;49.2;49.507;35300;1754030.4
KMAZ;D;20061130;000000;50;50;49.03;49.888;80200;3987748
KMAZ;D;20061201;000000;49.995;49.995;49;49;68900;3417230.2
KMAZ;D;20061204;000000;49.774;50.49;49;50.4;137600;6867228.4
KMAZ;D;20061205;000000;50.5;50.5;50;50;34700;1736671.2
KMAZ;D;20061206;000000;50.47;50.49;50;50.4;3600;180959
KMAZ;D;20061207;000000;50.45;50.45;50;50;110300;5522763.2
KMAZ;D;20061208;000000;50.245;50.29;49;50.055;87400;4362631.6
KMAZ;D;20061211;000000;50;50;49.15;49.65;41900;2087313.9
KMAZ;D;20061212;000000;49.11;49.98;48.5;49.5;82900;4112991.5
KMAZ;D;20061213;000000;49.97;49.97;49;49.73;168700;8374353.9
KMAZ;D;20061214;000000;49.6;49.89;49.45;49.5;17100;849248
KMAZ;D;20061215;000000;49.8;49.99;49.5;49.76;49700;2478558
KMAZ;D;20061218;000000;49.94;49.94;48.7;49.558;29100;1443838.2
KMAZ;D;20061219;000000;49.87;49.87;49.5;49.5;44300;2201598.7
KMAZ;D;20061220;000000;49.49;50.3;49.49;50;147000;7338135.5
KMAZ;D;20061221;000000;50.24;51;47;49.85;41100;2056108.8
KMAZ;D;20061222;000000;50.275;50.33;49.75;49.75;9200;460343
KMAZ;D;20061225;000000;50.02;50.147;49.6;49.77;25400;1266234.8
KMAZ;D;20061226;000000;50.03;50.147;49;49.99;24800;1239118.8
KMAZ;D;20061227;000000;49.751;50.2;49;49.77;33100;1652204.4
KMAZ;D;20061228;000000;50.4;50.9;49.9;50.5;68900;3479537.1
KMAZ;D;20061229;000000;50.9;51;50.2;51;18900;958830
KMAZ;D;20070109;000000;50;50;49.116;49.5;15600;775793.9
KMAZ;D;20070110;000000;49.59;50;49.3;50;64900;3229372.3
KMAZ;D;20070111;000000;50;50;49.5;50;14500;724891.5
KMAZ;D;20070112;000000;49.5;50;49.5;49.77;11800;588163.7
KMAZ;D;20070115;000000;49.75;51;49.75;50.74;71400;3605212.1
KMAZ;D;20070116;000000;51.2;51.2;50.1;50.85;141700;7176731.2
KMAZ;D;20070117;000000;50.7;51.71;50;51.71;65000;3317299.5
KMAZ;D;20070118;000000;52.2;53;51.5;52.34;507700;26496597.5
KMAZ;D;20070119;000000;51.01;51.994;50.6;51.745;182800;9343894.6
KMAZ;D;20070122;000000;51.2;51.99;51.1;51.8;101000;5211256.1
KMAZ;D;20070123;000000;51.97;53.5;51.6;53.4;295800;15560337.6
KMAZ;D;20070124;000000;53.499;54;52.25;52.75;112500;5937419.2
KMAZ;D;20070125;000000;53.44;53.44;52.21;52.3;28000;1466392.6
KMAZ;D;20070126;000000;52.8;53.24;52.5;52.52;69700;3687762.9
KMAZ;D;20070129;000000;52.52;52.52;50.5;51.01;16200;843727
KMAZ;D;20070130;000000;50;50.797;49.02;49.8;72600;3626457.1
KMAZ;D;20070131;000000;49.805;52.4;49.805;50.5;84300;4242127.5
KMAZ;D;20070201;000000;51.99;51.99;50.5;50.801;9600;487323.8
KMAZ;D;20070202;000000;51.897;51.897;49.85;50.501;4900;247895.1
KMAZ;D;20070205;000000;51.37;51.7;50.8;51.7;55400;2849083.9
KMAZ;D;20070206;000000;51.9;52.67;50.1;52;102500;5311268.2
KMAZ;D;20070207;000000;52.67;52.67;51.5;52.4;78800;4103750.7
KMAZ;D;20070208;000000;52;52.87;51.01;52;108700;5694758
KMAZ;D;20070209;000000;52.78;56;52.45;54.884;306300;16702916.7
KMAZ;D;20070212;000000;55;55.999;53;54.19;315800;17329061.8
KMAZ;D;20070213;000000;56.5;56.785;54.1;56.548;133800;7479483.4
KMAZ;D;20070214;000000;58.5;58.5;56.05;56.97;48500;2758945.2
KMAZ;D;20070215;000000;57.897;57.997;56.051;56.897;27800;1590600.9
KMAZ;D;20070216;000000;56.98;58.4;56;58;141600;8115543.8
KMAZ;D;20070219;000000;57.97;59.5;57.97;59.5;158200;9352807.7
KMAZ;D;20070220;000000;58.5;61.4;58.5;60.915;378700;22812562.4
KMAZ;D;20070221;000000;61.39;61.9;58.7;61.749;93600;5754906.5
KMAZ;D;20070222;000000;62.5;62.5;60.5;61.8;99500;6154562.4
KMAZ;D;20070226;000000;62.75;62.75;59.5;61;84400;5209400.5
KMAZ;D;20070227;000000;62.385;62.385;59.5;61;170500;10381783.3
KMAZ;D;20070228;000000;59.5;61;57.5;59.5;452900;26636785.4
KMAZ;D;20070301;000000;60.2;60.2;54;55.55;151600;8560332
KMAZ;D;20070302;000000;55.98;58.5;55.45;56.25;224600;12796621.5
KMAZ;D;20070305;000000;56;58.99;52.02;58.5;778700;44174085
KMAZ;D;20070306;000000;60;60.1;58;59;41900;2493938.9
KMAZ;D;20070307;000000;60.5;60.5;55.001;60.1;96600;5771106.3
KMAZ;D;20070309;000000;60.5;60.6;60;60.48;70300;4240062.9
KMAZ;D;20070312;000000;61.5;61.5;59.999;60.89;199000;12044527.6
KMAZ;D;20070313;000000;60.99;61;60;60.894;33800;2045097
KMAZ;D;20070314;000000;59.51;60.69;59;60.11;173400;10359979.8
KMAZ;D;20070315;000000;60.5;60.89;59.75;59.75;118900;7169627.6
KMAZ;D;20070316;000000;59.812;60.87;59.81;60.1;43800;2648014.8
KMAZ;D;20070319;000000;60.65;61;60;60;36400;2204301.5
KMAZ;D;20070320;000000;60.011;60.75;60.011;60.04;76200;4598572.9
KMAZ;D;20070321;000000;60.69;60.69;60.01;60.5;38100;2294287.2
KMAZ;D;20070322;000000;60.5;60.888;60;60.202;46500;2810882.9
KMAZ;D;20070323;000000;60.21;61.2;60.1;60.51;126800;7716718.3
KMAZ;D;20070326;000000;60.3;60.699;60.05;60.31;42200;2540204.9
KMAZ;D;20070327;000000;60.75;60.75;60.3;60.6;38600;2343490
KMAZ;D;20070328;000000;60.7;60.79;60;60.21;37400;2257382.4
KMAZ;D;20070329;000000;60.75;61;60;60.601;118200;7179485.2
KMAZ;D;20070330;000000;60.6;65;60.6;63.5;646600;40667128.5
KMAZ;D;20070402;000000;63.5;65.6;63.5;65.4;80600;5235065.4
KMAZ;D;20070403;000000;65.6;65.8;65;65.4;93600;6112032.9
KMAZ;D;20070404;000000;65.481;66.6;65.481;66.55;46200;3052986.9
KMAZ;D;20070405;000000;68;68;66.5;66.8;26700;1781728
KMAZ;D;20070406;000000;68.4;68.4;66;66.011;11500;761595.6
KMAZ;D;20070409;000000;67;67;63.6;67;142700;9384005
KMAZ;D;20070410;000000;66.85;67.3;66.25;66.65;12300;822550.1
KMAZ;D;20070411;000000;67.29;67.9;66.9;67;30400;2043630.9
KMAZ;D;20070412;000000;67.148;69.979;67.148;69.451;151700;10423876.2
KMAZ;D;20070413;000000;69.9;71;69.45;70;68500;4785550.6
KMAZ;D;20070416;000000;67.625;71;67.25;70.1;55300;3872056.8
KMAZ;D;20070417;000000;70.12;70.8;69.5;70.8;109900;7743862.6
KMAZ;D;20070418;000000;71.2;71.2;70;70.99;36500;2582975.2
KMAZ;D;20070419;000000;69.502;70.85;69.5;70.6;181800;12765101.1
KMAZ;D;20070420;000000;69.75;71;69.75;70.98;6400;450281.7
KMAZ;D;20070423;000000;71.005;71.005;69.5;69.7;123200;8635023
KMAZ;D;20070424;000000;70.54;70.7;69.501;69.51;45200;3160478.5
KMAZ;D;20070425;000000;69.999;70;68.5;69.49;60800;4216253.6
KMAZ;D;20070426;000000;70;70.5;69.5;70.489;138200;9689359.7
KMAZ;D;20070427;000000;70.5;70.5;70;70.4;28200;1981086.5
KMAZ;D;20070428;000000;69.8;74.9;69.8;74.9;58700;4326004.9
KMAZ;D;20070502;000000;72.95;74.9;70.673;73.9;28200;2047473.3
KMAZ;D;20070503;000000;73.3;73.85;71.98;73.85;28300;2076912
KMAZ;D;20070504;000000;73.8;79;73;79;59000;4453761.8
KMAZ;D;20070507;000000;79;79;75.117;76.01;34600;2650422.8
KMAZ;D;20070508;000000;77;79;77;77.99;11900;927414.5
KMAZ;D;20070510;000000;79.98;79.98;76.56;76.56;8900;694773.8
KMAZ;D;20070511;000000;76.5;76.7;73.752;73.752;22800;1728190.4
KMAZ;D;20070514;000000;74.86;77.43;74.86;77.3;151100;11535529.2
KMAZ;D;20070515;000000;77;78;76.5;77.9;146300;11285887.2
KMAZ;D;20070516;000000;78.499;79;77.3;78;69500;5444530.3
KMAZ;D;20070517;000000;78.95;79.99;78;78.7;133800;10489067.3
KMAZ;D;20070518;000000;78;79.68;78;79.4;217900;17197410
KMAZ;D;20070521;000000;79.4;80.5;79;79.75;39500;3151557.8
KMAZ;D;20070522;000000;79.75;80.78;79.75;80.7;78600;6310689.8
KMAZ;D;20070523;000000;83.368;83.368;81.2;82.3;122400;10056756.3
KMAZ;D;20070524;000000;82;82.62;79.117;81.751;182000;14918918.1
KMAZ;D;20070525;000000;81;81.97;80.751;80.803;34000;2770356.2
KMAZ;D;20070528;000000;80.803;82.5;80.803;81.5;31900;2600872
KMAZ;D;20070529;000000;80.75;82;80.7;81.8;131000;10605763.4
KMAZ;D;20070530;000000;81;81.5;80.25;80.57;54100;4394305
KMAZ;D;20070531;000000;81;82.99;80.57;82;28600;2343597.4
KMAZ;D;20070601;000000;82.1;83.4;82;83;198000;16441590.9
KMAZ;D;20070604;000000;83;83.48;82.501;83;26600;2209157.7
KMAZ;D;20070605;000000;83;84.79;83;84.79;84600;7094990.5
KMAZ;D;20070606;000000;84.75;93.5;84.75;90.7;223000;19758868.5
KMAZ;D;20070607;000000;90.8;99.5;90.8;99.49;311400;30367492
KMAZ;D;20070608;000000;99.695;103.9;98;103.9;304700;30548812.2
KMAZ;D;20070609;000000;104;137.99;103.99;115.612;1134200;131435533.6
KMAZ;D;20070613;000000;116.065;117;101.02;116.999;701400;77689513.8
KMAZ;D;20070614;000000;116;124.76;115;121.8;216600;26296744.4
KMAZ;D;20070615;000000;124.7;125;112;113;179400;20888450.9
KMAZ;D;20070618;000000;113;113;105.216;109.1;381100;41641489.2
KMAZ;D;20070619;000000;109.1;109.1;100.6;102.5;333800;35039628.7
KMAZ;D;20070620;000000;101;104.55;101;104;115700;11993686.3
KMAZ;D;20070621;000000;104;105.9;97.2;100;391800;38927273.2
KMAZ;D;20070622;000000;99.7;108.7;97.621;106.9;444300;45392242.2
KMAZ;D;20070625;000000;106.645;121;104.109;116.445;747900;86758001.5
KMAZ;D;20070626;000000;118;120;110.001;112.397;499200;57235603
KMAZ;D;20070627;000000;112;114;109.588;110.001;155100;17315757.8
KMAZ;D;20070628;000000;111;113.98;105.1;110;156100;17190218.5
KMAZ;D;20070629;000000;111;112.001;107.021;109.5;71900;7872749.2
KMAZ;D;20070702;000000;109.5;109.5;107;107.99;84500;9125836.9
KMAZ;D;20070703;000000;107.99;111.5;106.202;111;151200;16497280.7
KMAZ;D;20070704;000000;111.98;112.488;108;111;140600;15553967.7
KMAZ;D;20070705;000000;112;112;109;109.201;192900;21106152.5
KMAZ;D;20070706;000000;109.011;110.249;109.001;109.98;39400;4325842.5
KMAZ;D;20070709;000000;108.5;109.992;108.5;109.2;22900;2503737.6
KMAZ;D;20070710;000000;110;125;108.511;115.197;1009300;116714521.2
KMAZ;D;20070711;000000;114.26;118;114;116.12;89300;10359283.3
KMAZ;D;20070712;000000;119.023;119.023;115.005;115.9;79800;9273752.9
KMAZ;D;20070713;000000;116.5;120.2;115.102;118.5;131100;15502153.1
KMAZ;D;20070716;000000;119;119.98;118;118;36500;4336640.2
KMAZ;D;20070717;000000;118;118.97;116.354;117.9;38600;4530119.1
KMAZ;D;20070718;000000;117;122;108.001;122;74500;8850675.7
KMAZ;D;20070719;000000;120.85;120.85;117.56;119.45;49400;5891421.8
KMAZ;D;20070720;000000;118.98;120.777;118.45;120;34800;4156177.4
KMAZ;D;20070723;000000;119.99;120;117.51;118.995;651300;77501653.1
KMAZ;D;20070724;000000;119.488;119.797;117.001;117.264;45700;5395445.6
KMAZ;D;20070725;000000;115.1;118.3;112.1;115.5;61700;7164641.3
KMAZ;D;20070726;000000;114;116.89;113.112;114.51;32500;3746122.8
KMAZ;D;20070727;000000;115;115;112.011;113;22900;2601149.5
KMAZ;D;20070730;000000;114.85;116.9;113;116;22300;2572107.1
KMAZ;D;20070731;000000;116;116.5;114.5;115;91100;10511775.8
KMAZ;D;20070801;000000;115.499;117;113;116.5;65600;7580170.6
KMAZ;D;20070802;000000;116.5;117.999;114.751;117.299;51100;5984463.3
KMAZ;D;20070803;000000;118;119.8;117.901;119.7;44400;5261191.4
KMAZ;D;20070806;000000;118.45;119.49;117;118;7100;835202
KMAZ;D;20070807;000000;117.999;118.999;117.1;118.999;11300;1334591
KMAZ;D;20070808;000000;118.888;118.888;116.5;117;98900;11609312.6
KMAZ;D;20070809;000000;117.2;117.46;116;117.449;22200;2596002.1
KMAZ;D;20070810;000000;116;118;115.62;116;45900;5348176
KMAZ;D;20070813;000000;116.5;117;116;116.5;54100;6291005.1
KMAZ;D;20070814;000000;116.25;116.5;115;116;11200;1298451.2
KMAZ;D;20070815;000000;115.997;115.998;112.501;115;46000;5277132.2
KMAZ;D;20070816;000000;114;115;109;114.73;115900;13208213.8
KMAZ;D;20070817;000000;114.75;115.5;111.501;114.7;25100;2876699.9
KMAZ;D;20070820;000000;114.75;116.98;112.012;114;17600;2012577.8
KMAZ;D;20070821;000000;114.747;115;111.214;114;182300;20809622.2
KMAZ;D;20070822;000000;113.75;114.5;113.75;114.4;125300;14303162.4
KMAZ;D;20070823;000000;114.25;114.5;111.52;112.949;44500;5028915.2
KMAZ;D;20070824;000000;112.5;112.5;111.641;111.999;32400;3632475.8
KMAZ;D;20070827;000000;112.2;112.799;111.249;111.3;70500;7890711.3
KMAZ;D;20070828;000000;111.5;112.5;110.107;112;43500;4849358.8
KMAZ;D;20070829;000000;110.077;111;107;109.6;34800;3819343.8
KMAZ;D;20070830;000000;106.76;110.5;106.76;109.5;25800;2825452.3
KMAZ;D;20070831;000000;109.425;120;108.503;114.999;162100;18099044.3
KMAZ;D;20070903;000000;111.52;115.444;110.1;113.1;52600;5932482.4
KMAZ;D;20070904;000000;112.5;113.25;111.7;112;287200;32210877
KMAZ;D;20070905;000000;112.5;112.67;111.5;112;22700;2545047.3
KMAZ;D;20070906;000000;112;112;110;111.1;78300;8697869.3
KMAZ;D;20070907;000000;111;111;109.06;109.5;4100;452160.2
KMAZ;D;20070910;000000;108.6;110;108;109.55;24200;2625550.7
KMAZ;D;20070911;000000;108;110;107.105;109;19700;2143104.8
KMAZ;D;20070912;000000;108.5;110.101;104.001;106.997;79500;8523454.2
KMAZ;D;20070913;000000;108.235;108.235;105.001;106.986;4000;426409.1
KMAZ;D;20070914;000000;105.75;108;105.75;106.998;24000;2564458.3
KMAZ;D;20070917;000000;106.986;107.25;104;104;52100;5485259
KMAZ;D;20070918;000000;104.1;106;103.5;106;373000;38804171.3
KMAZ;D;20070919;000000;106;107;105.4;106;131800;13999884.8
KMAZ;D;20070920;000000;106.1;106.1;91.33;100.496;1035100;102905874.7
KMAZ;D;20070921;000000;100.745;101.191;97.3;99.999;33200;3295578.3
KMAZ;D;20070924;000000;99;108.999;98.5;107.1;146600;15360753.8
KMAZ;D;20070925;000000;106;119.8;101.2;106;567700;61120219.4
KMAZ;D;20070926;000000;107.3;109.8;104;105.25;143500;15239199.1
KMAZ;D;20070927;000000;105;105.02;103;104.25;53100;5514153.2
KMAZ;D;20070928;000000;102.1;104.984;99.27;104;170900;17439221.7
KMAZ;D;20071001;000000;102.999;103;100;100;36800;3715176.4
KMAZ;D;20071002;000000;100.998;102.1;97;97.052;574800;56517958.8
KMAZ;D;20071003;000000;97.4;100;94.3;95;146400;14210237.5
KMAZ;D;20071004;000000;94;95.4;92.1;94.4;40600;3805735.4
KMAZ;D;20071005;000000;96;96;94.755;95.5;43300;4133108.1
KMAZ;D;20071008;000000;98.5;98.5;95;95.5;66200;6342745.3
KMAZ;D;20071009;000000;95.15;95.87;93.05;94.88;61300;5820546.1
KMAZ;D;20071010;000000;95;98;92.804;95.16;116600;11072062.2
KMAZ;D;20071011;000000;95.21;96.4;95.05;95.225;95700;9131101.5
KMAZ;D;20071012;000000;95;96.499;94.11;95.5;75500;7213630.1
KMAZ;D;20071015;000000;95.5;96.98;95;96.7;33000;3168746.1
KMAZ;D;20071016;000000;96.42;97;95.65;96.728;68100;6548499.5
KMAZ;D;20071017;000000;96.2;96.869;95.8;96.499;12800;1231154.2
KMAZ;D;20071018;000000;95.751;96.77;95.75;96.25;72400;6983592.6
KMAZ;D;20071019;000000;95.8;96.1;95.01;95.6;14000;1339067.9
KMAZ;D;20071022;000000;95.125;96.35;92.907;96.3;585000;56312523
KMAZ;D;20071023;000000;96.2;97.3;96;97.3;50600;4897840.4
KMAZ;D;20071024;000000;97.5;97.8;96.2;97.25;43400;4207677.6
KMAZ;D;20071025;000000;97;99.5;97;98.2;83700;8244401.4
KMAZ;D;20071026;000000;99.869;100.79;98.21;100;51600;5148318.6
KMAZ;D;20071029;000000;101;103.5;100.2;101.3;61200;6264546.6
KMAZ;D;20071030;000000;100.777;103.199;98.013;100;156200;15925936.3
KMAZ;D;20071031;000000;101.079;103.85;100.5;103.47;96300;9901016
KMAZ;D;20071101;000000;103.9;104.9;101.011;102.3;77300;7942239
KMAZ;D;20071102;000000;102;102.54;101;102.3;44500;4543306.8
KMAZ;D;20071106;000000;102.4;102.95;100.303;102.002;18000;1839653.4
KMAZ;D;20071107;000000;101.757;103;98.71;100.798;150200;15023486
KMAZ;D;20071108;000000;99.99;100.39;99;99.9;43300;4311019.8
KMAZ;D;20071109;000000;100.3;101.344;99.301;99.7;70200;7031308.6
KMAZ;D;20071112;000000;98.999;101.39;98.499;101.25;354400;35654260.9
KMAZ;D;20071113;000000;100.76;103;100.751;101.5;111500;11332208.2
KMAZ;D;20071114;000000;102.4;106.5;102.4;105.8;249000;26123325.1
KMAZ;D;20071115;000000;105;107.2;105;106.675;74500;7923763.3
KMAZ;D;20071116;000000;107;107;104.001;105.3;52700;5563472.5
KMAZ;D;20071119;000000;106.495;106.495;102.601;104.5;95700;10067631.8
KMAZ;D;20071120;000000;103.917;111;102.701;106.999;131000;14088461.3
KMAZ;D;20071121;000000;107;109.5;106.5;108;206700;22362277.3
KMAZ;D;20071122;000000;107.615;109.458;106;107;29000;3109129.1
KMAZ;D;20071123;000000;102.25;108.5;102.25;107;63100;6775632.9
KMAZ;D;20071126;000000;107;108;107;107.01;14000;1504796.7
KMAZ;D;20071127;000000;106.5;108.499;106.5;107.25;11100;1197414.9
KMAZ;D;20071128;000000;107.25;108;107.25;108;20300;2183948.9
KMAZ;D;20071129;000000;108;110.8;107.9;110;217300;23796975.6
KMAZ;D;20071130;000000;110.999;110.999;107.45;107.5;62300;6776300.2
KMAZ;D;20071203;000000;109.8;110;108;110;184600;20198314.2
KMAZ;D;20071204;000000;110;110.9;109.25;110;55800;6145863.7
KMAZ;D;20071205;000000;110;110.899;108.31;110;355000;39085422.4
KMAZ;D;20071206;000000;109.5;111.5;107.162;111.5;63700;7027313.6
KMAZ;D;20071207;000000;110.5;112.8;110.5;112.5;22400;2511398.6
KMAZ;D;20071210;000000;111.1;118.999;111;118.02;97500;11414849.2
KMAZ;D;20071211;000000;119.1;119.9;116.512;118.799;173200;20508321.8
KMAZ;D;20071212;000000;115.005;119;115;117.029;32600;3795869.7
KMAZ;D;20071213;000000;117;117.099;116;116;16600;1935499.8
KMAZ;D;20071214;000000;116.9;118.999;115.5;117.95;18600;2191672
KMAZ;D;20071217;000000;116.3;118;116.123;118;10200;1191658.8
KMAZ;D;20071218;000000;117.97;118.9;117;117.99;9300;1098077.4
KMAZ;D;20071219;000000;117.3;117.35;116.99;117.1;5800;678799
KMAZ;D;20071220;000000;117.15;122.2;117.15;121.999;65100;7837970.6
KMAZ;D;20071221;000000;122;136;122;135;240200;30742162.5
KMAZ;D;20071224;000000;136;147.5;134;136.998;629800;87541131.7
KMAZ;D;20071225;000000;137.001;137.21;128.3;130;610700;80599418.4
KMAZ;D;20071226;000000;128.501;129.3;122.59;126.33;70500;8876280.7
KMAZ;D;20071227;000000;126.403;131.97;126.402;129.99;57200;7433640.8
KMAZ;D;20071228;000000;130.9;130.9;125.6;126.05;63100;8066308.9
KMAZ;D;20080109;000000;125.4;132;125.4;131.5;66000;8642498.2
KMAZ;D;20080110;000000;131.62;143.8;131.51;142.99;286100;39568825.7
KMAZ;D;20080111;000000;145;152.89;143;144.19;321500;47522179.9
KMAZ;D;20080114;000000;143.445;157;140.202;152;259600;39097282
KMAZ;D;20080115;000000;155;165.95;152.503;161.99;402300;64331912.1
KMAZ;D;20080116;000000;161.25;174;152.763;173;327200;53149495
KMAZ;D;20080117;000000;171;186;155;166.75;1205800;202599607
KMAZ;D;20080118;000000;165.735;166;153.01;154.1;299800;47828047
KMAZ;D;20080121;000000;154;154;138.001;143;217400;31732509.7
KMAZ;D;20080122;000000;135.5;148;130;142.9;243000;34285663
KMAZ;D;20080123;000000;146;149.999;140.001;143;95100;13804988
KMAZ;D;20080124;000000;146.1;155;143;150;167900;25082626.2
KMAZ;D;20080125;000000;151;156;146;146.502;163400;24775387.9
KMAZ;D;20080128;000000;144.165;148;132.101;144.7;139600;20103615.8
KMAZ;D;20080129;000000;146.21;148;144.201;146.77;53000;7764932.7
KMAZ;D;20080130;000000;145.64;147.5;145;146.49;45000;6557048
KMAZ;D;20080131;000000;146.745;146.745;141;142.25;69700;9966724.5
KMAZ;D;20080201;000000;142.75;146;130.91;143.25;23593;3374825.69
KMAZ;D;20080204;000000;143.74;148.75;143.2;146;72790;10702447.09
KMAZ;D;20080205;000000;146.5;146.94;143.21;146;74523;10885679.03
KMAZ;D;20080206;000000;139.35;144;138.7;142.5;229436;32677114.27
KMAZ;D;20080207;000000;144;144;137;138;92174;13013459.12
KMAZ;D;20080208;000000;141.08;141.08;135.3;136.33;30152;4146140.22
KMAZ;D;20080211;000000;138;139.95;136.3;138;19704;2724244.4
KMAZ;D;20080212;000000;138;140.97;137;138.59;142942;19915399.61
KMAZ;D;20080213;000000;139.99;149;139.01;149;253671;36997363.45
KMAZ;D;20080214;000000;150;159.9;150;156.65;203302;31639755.91
KMAZ;D;20080215;000000;155.65;159.8;150.02;151.33;90951;14029458.33
KMAZ;D;20080218;000000;152.81;154.47;151.3;152.51;88410;13543845.77
KMAZ;D;20080219;000000;153;154;150.22;153.24;72001;10997510.26
KMAZ;D;20080220;000000;152.75;153.5;149.28;149.4;40087;6087149.61
KMAZ;D;20080221;000000;151.45;154;150.12;152.95;57586;8791167.45
KMAZ;D;20080222;000000;150;151;147.03;148.8;44754;6691160.04
KMAZ;D;20080226;000000;148.8;152.1;145.8;147.5;34285;5102532.13
KMAZ;D;20080227;000000;149.89;150.7;140;143.71;56074;8064074.67
KMAZ;D;20080228;000000;143;144.71;140;144.71;29449;4204802.2
KMAZ;D;20080229;000000;141.01;144.5;141.01;144;25717;3684829.63
KMAZ;D;20080303;000000;140.1;143.09;136.1;142.89;43555;6158886.21
KMAZ;D;20080304;000000;142.9;146.9;142.9;146;26551;3854285.3
KMAZ;D;20080305;000000;146;146.28;144;146.28;16941;2468351.31
KMAZ;D;20080306;000000;146.28;153;137.11;147.5;31500;4679032.73
KMAZ;D;20080307;000000;148;148.9;141;145.7;20295;2918889.85
KMAZ;D;20080311;000000;144.44;148.78;144.44;146.98;41540;6109651.19
KMAZ;D;20080312;000000;147.3;148.14;145.03;146.3;11184;1645485.89
KMAZ;D;20080313;000000;146.5;147.99;141.01;145.5;40042;5794227.33
KMAZ;D;20080314;000000;152.54;152.54;143.1;145;23404;3382865.2
KMAZ;D;20080317;000000;144;144;133.15;138.98;64508;8958144.65
KMAZ;D;20080318;000000;138;143.45;135.13;139.01;45936;6416373.98
KMAZ;D;20080319;000000;141;142.48;138.07;140.9;11721;1641947.66
KMAZ;D;20080320;000000;138.24;139.47;136;138.37;31594;4362063.04
KMAZ;D;20080321;000000;138;139.73;136.2;136.72;43636;6028518.58
KMAZ;D;20080324;000000;134.61;139.95;134.02;137;19536;2675103.57
KMAZ;D;20080325;000000;139;139;136.21;137;11253;1539974.99
KMAZ;D;20080326;000000;137;137;134.5;135;19087;2583951.41
KMAZ;D;20080327;000000;134.6;137;132.2;135.88;29262;3945114.61
KMAZ;D;20080328;000000;135.99;136.49;133.61;134.11;10878;1462708.95
KMAZ;D;20080331;000000;134;134.5;131.8;132.1;37681;4989702.04
KMAZ;D;20080401;000000;133;144;132.06;138.5;71054;9864514.24
KMAZ;D;20080402;000000;144.22;144.98;138.02;144.5;106818;15200812.78
KMAZ;D;20080403;000000;145;146.8;142.12;142.4;35762;5160467.3
KMAZ;D;20080404;000000;142;142.99;139.52;139.8;32686;4608312.18
KMAZ;D;20080407;000000;139.1;143.99;138.12;141;37208;5229264.12
KMAZ;D;20080408;000000;139.01;143.5;138;143.39;69766;9912442.73
KMAZ;D;20080409;000000;144.52;147.99;140.45;147.95;85978;12541906.11
KMAZ;D;20080410;000000;146.12;152.94;146.12;151.9;70444;10662494.56
KMAZ;D;20080411;000000;152;153;148.99;150.25;52698;7960835.23
KMAZ;D;20080414;000000;150;153;144.1;147.21;52382;7801373.94
KMAZ;D;20080415;000000;149.9;151;147.82;150;37255;5568444.76
KMAZ;D;20080416;000000;149.99;153.5;148;153;43104;6510746.23
KMAZ;D;20080417;000000;153.88;156.99;153.01;155.1;77573;12034973.39
KMAZ;D;20080418;000000;154.5;155.89;154;155.39;16790;2595056.57
KMAZ;D;20080421;000000;155;156;150.2;151.99;69892;10660526.35
KMAZ;D;20080422;000000;151.99;153;148.88;150.8;38525;5812810.29
KMAZ;D;20080423;000000;150;151;142.5;150;40187;5973692.43
KMAZ;D;20080424;000000;148.02;148.43;143.7;144.2;30534;4461358.02
KMAZ;D;20080425;000000;145;145.5;142.5;143.5;21374;3066741.87
KMAZ;D;20080428;000000;143.51;143.51;141.96;142.8;8039;1145950.17
KMAZ;D;20080429;000000;142.8;142.99;139;140.9;19927;2813350.71
KMAZ;D;20080430;000000;140.02;140.8;138.11;139;11748;1637271.29
KMAZ;D;20080504;000000;139;140;137.5;139.5;22107;3062908.14
KMAZ;D;20080505;000000;140;146.89;139.7;144.87;54607;7848446.2
KMAZ;D;20080506;000000;147.64;147.64;143.14;144.49;46341;6707507.71
KMAZ;D;20080507;000000;142.55;145;142.06;143.95;23691;3389233.25
KMAZ;D;20080512;000000;146.99;147;144.68;146.4;14945;2176719.15
KMAZ;D;20080513;000000;147;147;142.07;143;75801;10933613.1
KMAZ;D;20080514;000000;141.05;144.37;141.05;142;25009;3573797.02
KMAZ;D;20080515;000000;142.6;143;140.55;143;42097;5981921.63
KMAZ;D;20080516;000000;143;144;142.44;143.69;58016;8290019.02
KMAZ;D;20080519;000000;143.5;143.5;141.1;141.71;59754;8472808.78
KMAZ;D;20080520;000000;141.52;141.52;140.07;141.13;8883;1248367.89
KMAZ;D;20080521;000000;141;141;138.11;140;62705;8747422.11
KMAZ;D;20080522;000000;139.99;140.87;138.99;139.08;36117;5045093.58
KMAZ;D;20080523;000000;140;140.2;138.8;139.98;21421;2998071.35
KMAZ;D;20080526;000000;140.88;140.88;137.06;137.62;34353;4738517.4
KMAZ;D;20080527;000000;137.12;140;136.36;137.64;13853;1909920.6
KMAZ;D;20080528;000000;137.64;148.88;137.01;144.1;94669;13594525.62
KMAZ;D;20080529;000000;145.5;145.5;142.02;142.21;47095;6745982.15
KMAZ;D;20080530;000000;141.64;145;141.6;142.3;18253;2610439.69
KMAZ;D;20080602;000000;142;142.5;141;141;30491;4306797.36
KMAZ;D;20080603;000000;142.99;142.99;138.17;139;96403;13367091.14
KMAZ;D;20080604;000000;144.94;144.94;137.2;139.47;28282;3921169.71
KMAZ;D;20080605;000000;139.99;143;137.5;138.4;68471;9595280.52
KMAZ;D;20080606;000000;138.62;141;137.52;138.84;87209;12108128.11
KMAZ;D;20080607;000000;139;139.36;137;138.8;17144;2375594.45
KMAZ;D;20080609;000000;137.25;143;136.8;142;80920;11346806.24
KMAZ;D;20080610;000000;140.63;140.63;138;139.01;27198;3784903.15
KMAZ;D;20080611;000000;139.95;139.96;138;139.45;4465;619956.82
KMAZ;D;20080616;000000;140.1;140.2;138.54;139.72;4836;673033.6
KMAZ;D;20080617;000000;139.21;139.99;138.01;138.8;7709;1070737.56
KMAZ;D;20080618;000000;139;139.88;138.15;139.5;21383;2980658.45
KMAZ;D;20080619;000000;138.52;139.42;138.51;139.06;13492;1874498.65
KMAZ;D;20080620;000000;139.06;139.6;137.9;138.6;21698;3003243.24
KMAZ;D;20080623;000000;138.4;138.4;136.77;137.98;10175;1397658.88
KMAZ;D;20080624;000000;137.98;139.98;132.61;135;16980;2301698.05
KMAZ;D;20080625;000000;138.38;138.38;133.27;134;24567;3307533.62
KMAZ;D;20080626;000000;134;134.01;130.65;131.99;38440;5094746.65
KMAZ;D;20080627;000000;130.01;130.01;125.51;126.8;59935;7605666.87
KMAZ;D;20080630;000000;126.8;132;123.3;129.5;48846;6241561.7
KMAZ;D;20080701;000000;129;133.5;127.8;130.02;29336;3836225.31
KMAZ;D;20080702;000000;131.99;131.99;127.05;129.79;6170;793381.57
KMAZ;D;20080703;000000;128.04;128.99;126.4;128.96;12138;1553854.25
KMAZ;D;20080704;000000;129;129;127;127.89;5452;698337.96
KMAZ;D;20080707;000000;127.52;128.99;127.02;128.86;4225;539827.75
KMAZ;D;20080708;000000;127.01;129.22;127;127.95;11686;1497044.85
KMAZ;D;20080709;000000;129.76;130.01;126.53;127;4390;561639.69
KMAZ;D;20080710;000000;126.51;126.51;123.1;123.1;13455;1684769.77
KMAZ;D;20080711;000000;123.71;124.98;123.1;124.31;11695;1452575.14
KMAZ;D;20080714;000000;125;125.3;123.99;125.3;3159;393697.88
KMAZ;D;20080715;000000;125.79;129.99;124.11;126.99;11521;1469474.65
KMAZ;D;20080716;000000;128.8;128.8;124.2;125;9812;1228623.18
KMAZ;D;20080717;000000;125.79;127.94;125.3;127;2757;348849.3
KMAZ;D;20080718;000000;126.99;126.99;122.01;124;23867;2967352.71
KMAZ;D;20080721;000000;124.98;125.74;124.1;124.99;3361;419315.09
KMAZ;D;20080722;000000;124.56;127;124.55;126;13744;1729443.08
KMAZ;D;20080723;000000;128.9;132;127.87;131.5;9351;1209749.08
KMAZ;D;20080724;000000;129.02;134.9;129.01;132.09;20976;2759986.32
KMAZ;D;20080725;000000;130.01;144.99;124.9;144.94;87124;11620786.34
KMAZ;D;20080728;000000;145.01;150;131;141;151813;22122574.55
KMAZ;D;20080729;000000;141.5;141.5;125.02;129.39;24717;3202416.64
KMAZ;D;20080730;000000;129.7;130.93;125.56;128;9869;1261089.25
KMAZ;D;20080731;000000;126.56;128;125;127;21045;2647224.89
KMAZ;D;20080801;000000;126.21;126.21;123.99;126.2;7512;940381.03
KMAZ;D;20080804;000000;125.4;125.99;121.1;123;10960;1351595.39
KMAZ;D;20080805;000000;120.51;122;115;115;9885;1174595.88
KMAZ;D;20080806;000000;116;123.99;115.99;119.39;64084;7569134.46
KMAZ;D;20080807;000000;119.19;124;119.19;121.9;2401;293799.06
KMAZ;D;20080808;000000;120;123.08;117.13;122;21048;2517445.33
KMAZ;D;20080811;000000;116.14;118;115;117.88;13911;1623447.19
KMAZ;D;20080812;000000;118.11;124;117.01;119;10664;1280736.96
KMAZ;D;20080813;000000;119;121;119;119.5;14604;1750185.91
KMAZ;D;20080814;000000;120.5;121;119.75;120.5;4946;596299.88
KMAZ;D;20080815;000000;120;122.01;118.99;122;4553;548343.95
KMAZ;D;20080818;000000;121.01;122.87;118;119.8;32580;3877267.61
KMAZ;D;20080819;000000;119.9;120;113;116;28435;3337909.81
KMAZ;D;20080820;000000;116;117.99;114;115;162905;18661346.23
KMAZ;D;20080821;000000;115.26;115.37;105.4;106.44;5777;638182.55
KMAZ;D;20080822;000000;109;110.89;106.01;108;1887;204397.75
KMAZ;D;20080825;000000;110;110;105.01;105.01;3657;386558.96
KMAZ;D;20080826;000000;105;105;90.03;91.96;28893;2743621.62
KMAZ;D;20080827;000000;93;94.5;82.13;89.68;24091;2101355.34
KMAZ;D;20080828;000000;88.18;90.5;86.01;88;26038;2312029.63
KMAZ;D;20080829;000000;95.97;95.97;88.97;90.04;20670;1892159.91
KMAZ;D;20080901;000000;91.99;94;90.31;91;12775;1177160.2
KMAZ;D;20080902;000000;92;92;87.5;91;4391;396328.49
KMAZ;D;20080903;000000;91;93;87;87;18117;1606679.26
KMAZ;D;20080904;000000;88.58;88.58;86;86.58;2616;226766.84
KMAZ;D;20080905;000000;82.13;86;74;78.8;23115;1823149.88
KMAZ;D;20080908;000000;80.93;87;80.07;83.5;10552;882422.41
KMAZ;D;20080909;000000;80.51;80.51;75.07;76.8;38830;2968083.67
KMAZ;D;20080910;000000;75.02;75.02;68.03;74;43269;3125445.2
KMAZ;D;20080911;000000;71.5;76;69.02;71.37;7144;522111.55
KMAZ;D;20080912;000000;69.1;74;60.01;71.91;18826;1324759.83
KMAZ;D;20080915;000000;70;72;65;65;5766;404272.86
KMAZ;D;20080916;000000;59.97;66.97;42.07;42.07;6297;370953.81
KMAZ;D;20080917;000000;49.99;57;42.07;48.99;2817;150152.78
KMAZ;D;20080919;000000;63.39;69;54.03;65.5;29179;1854968.38
KMAZ;D;20080922;000000;67;82;64.99;65;20609;1444309.51
KMAZ;D;20080923;000000;65.01;70;61.62;63;12636;828094.52
KMAZ;D;20080924;000000;63;69;59.99;61.6;39309;2410248.06
KMAZ;D;20080925;000000;61.5;61.5;58.21;60.05;11158;672725.79
KMAZ;D;20080926;000000;56.15;61.16;56.15;59;12820;761723.98
KMAZ;D;20080929;000000;59;61;55.1;56;14738;867315.68
KMAZ;D;20080930;000000;53.2;59.99;49;58.9;17838;973839.35
KMAZ;D;20081001;000000;60;61.97;56.13;59.65;12963;764731.24
KMAZ;D;20081002;000000;58.8;58.8;54;54.25;8270;457833.8
KMAZ;D;20081003;000000;51.01;58;50;52;8108;427717.07
KMAZ;D;20081006;000000;53;56;45.2;51;88606;4480519.36
KMAZ;D;20081007;000000;48;69.99;46;62.06;60453;3453838.33
KMAZ;D;20081008;000000;57;62.99;44;58.14;13019;625491.44
KMAZ;D;20081009;000000;50.34;62;50.34;58.96;14582;871795.79
KMAZ;D;20081013;000000;61.94;61.94;50.13;52;8070;422115.72
KMAZ;D;20081014;000000;56.99;57;51.12;52.5;27636;1489246.26
KMAZ;D;20081015;000000;52.47;54.5;46.4;47.98;8271;417014.26
KMAZ;D;20081016;000000;48.11;48.11;38;40.01;27970;1129509.06
KMAZ;D;20081017;000000;37.6;44;37.6;41.51;6883;284600.45
KMAZ;D;20081020;000000;43.99;43.99;40.07;41.49;3769;156701.49
KMAZ;D;20081021;000000;42;44.5;40.8;42.6;15074;641025.37
KMAZ;D;20081022;000000;42;44.25;39.16;44.25;12958;555382.4
KMAZ;D;20081023;000000;40.01;44;40.01;41;5032;205010.3
KMAZ;D;20081024;000000;39.07;41;37;37;8959;351022.44
KMAZ;D;20081028;000000;38;39;34;37.6;25923;984760.01
KMAZ;D;20081029;000000;37.61;39.61;36.6;38.92;15243;577840.72
KMAZ;D;20081030;000000;40.47;40.47;36;38;91283;3415133.76
KMAZ;D;20081031;000000;37.08;50.5;36.23;50;62216;2459255.96
KMAZ;D;20081101;000000;45;48.05;40.02;45;57441;2564055.42
KMAZ;D;20081105;000000;48;49.5;39.5;42.48;66151;2878379.25
KMAZ;D;20081106;000000;40.6;42.9;37.55;40.8;14229;572332.81
KMAZ;D;20081107;000000;40.79;42;38.51;41.84;21458;868552.98
KMAZ;D;20081110;000000;42.99;44.81;40.14;42;28128;1203649.27
KMAZ;D;20081111;000000;39.12;40;37.6;38.49;21650;838008.99
KMAZ;D;20081113;000000;37.52;37.52;34.13;36.49;15099;547519.75
KMAZ;D;20081114;000000;36.49;38.45;36.49;37.29;1014;37248.41
KMAZ;D;20081117;000000;37.49;37.49;31;32.09;20481;656545.5
KMAZ;D;20081118;000000;33.99;33.99;28;30.07;27526;851341.96
KMAZ;D;20081119;000000;31.87;31.88;29;30.75;2095;62393.74
KMAZ;D;20081120;000000;28.01;28.01;25.5;26.5;8816;231907.62
KMAZ;D;20081121;000000;27.87;32;23.99;27.48;27109;775182.88
KMAZ;D;20081124;000000;27.99;29;26;28.26;42371;1172822.78
KMAZ;D;20081125;000000;28.5;28.6;25.13;27.49;18392;498484
KMAZ;D;20081126;000000;26.12;27.98;26.12;26.41;2968;78356.54
KMAZ;D;20081127;000000;26.5;27.8;26.35;27.3;7503;202922.73
KMAZ;D;20081128;000000;26.03;29;26.02;29;71709;2013323.97
KMAZ;D;20081201;000000;28.05;28.57;25.12;26.17;10450;276106.13
KMAZ;D;20081202;000000;24.93;30;23.74;26;68804;1858067.54
KMAZ;D;20081203;000000;27;27.94;24.75;26.01;4423;114197.62
KMAZ;D;20081204;000000;26.7;26.95;25.3;26.4;11630;300006.53
KMAZ;D;20081205;000000;26.77;26.8;25;25.83;5512;141973.46
KMAZ;D;20081208;000000;26.6;27.49;26.05;26.55;23584;631978.83
KMAZ;D;20081209;000000;27;29.24;25.3;29.24;490387;13841758.03
KMAZ;D;20081210;000000;29.1;32;27.1;29.38;268882;7985906.46
KMAZ;D;20081211;000000;29.05;29.5;27.25;27.82;64103;1796675.94
KMAZ;D;20081212;000000;28.5;31.4;28.23;29.68;882334;26524811.71
KMAZ;D;20081215;000000;30;30.1;27.6;28.14;226480;6545981.39
KMAZ;D;20081216;000000;28.72;28.72;25.5;26.2;179422;4773320.48
KMAZ;D;20081217;000000;26.49;26.49;24.9;25.02;223397;5686283.62
KMAZ;D;20081218;000000;25;25.2;23.86;24.25;151060;3685406.16
KMAZ;D;20081219;000000;23.75;24.71;23.33;24.2;101614;2452297.44
KMAZ;D;20081222;000000;24.68;26.5;24.68;25.5;236771;6123585.68
KMAZ;D;20081223;000000;25.99;25.99;25.02;25.38;112633;2872490.85
KMAZ;D;20081224;000000;20.53;25.9;20.53;25;50110;1245938.36
KMAZ;D;20081225;000000;25;25;22.8;23.39;89484;2121636.66
KMAZ;D;20081226;000000;23.49;24;22;22.6;125235;2862603.33
KMAZ;D;20081229;000000;22.5;22.75;21.62;22.38;65307;1450503.32
KMAZ;D;20081230;000000;22.38;22.45;21.52;22.38;24309;532764.39
KMAZ;D;20081231;000000;22.38;23;22.01;22.42;27485;615787.26
KMAZ;D;20090111;000000;22.03;22.83;22;22.74;20624;464836.19
KMAZ;D;20090112;000000;22.21;22.84;21.5;22.35;61462;1370587.04
KMAZ;D;20090113;000000;21.56;22.6;21.56;22.05;65972;1463102.49
KMAZ;D;20090114;000000;22.92;23;21.4;21.5;36534;801205.81
KMAZ;D;20090115;000000;21.8;21.8;19.6;20.2;112077;2264272.49
KMAZ;D;20090116;000000;21.06;21.06;19.4;19.6;90715;1783868.51
KMAZ;D;20090119;000000;19.7;20.3;18.8;19.34;73273;1436524.44
KMAZ;D;20090120;000000;19.9;19.9;18;18.6;92509;1719579.38
KMAZ;D;20090121;000000;18;18.65;18;18.59;16847;308813.02
KMAZ;D;20090122;000000;18.5;18.82;17.01;17.5;77130;1383677.57
KMAZ;D;20090123;000000;17.49;18.3;14.55;15.1;359122;5395653.63
KMAZ;D;20090126;000000;15.1;15.48;14.3;14.57;185696;2718563.18
KMAZ;D;20090127;000000;14.57;14.69;14.2;14.4;58122;834371.22
KMAZ;D;20090128;000000;14.53;14.8;14.2;14.43;199903;2878335.75
KMAZ;D;20090129;000000;15.02;15.02;14.18;14.46;80242;1156618.11
KMAZ;D;20090130;000000;14.32;14.4;13.41;13.77;270751;3730387.93
KMAZ;D;20090202;000000;13.59;13.68;13.3;13.39;46343;623732.5
KMAZ;D;20090203;000000;13.68;13.68;13.05;13.2;93077;1231884.2
KMAZ;D;20090204;000000;13.35;13.35;12.56;13;113863;1472178.26
KMAZ;D;20090205;000000;13.1;13.3;12.08;12.25;235731;2971211.34
KMAZ;D;20090206;000000;12.25;12.8;12.03;12.6;236030;2953373.18
KMAZ;D;20090209;000000;12.72;12.94;12.3;12.8;487955;6116358.21
KMAZ;D;20090210;000000;12.7;14.79;12.55;14.28;870879;12054464.01
KMAZ;D;20090211;000000;14;16.69;13.6;16.3;1122035;16681834.97
KMAZ;D;20090212;000000;16.31;21.2;15.82;18.87;1785677;34281517.88
KMAZ;D;20090213;000000;19.1;21.9;18.1;20.29;880747;17920803.9
KMAZ;D;20090216;000000;21.55;21.55;18.25;18.87;382318;7196807.16
KMAZ;D;20090217;000000;20;20;16.62;17.13;319972;5694561.07
KMAZ;D;20090218;000000;16.52;17.4;14.8;16.4;347954;5462283.8
KMAZ;D;20090219;000000;16.45;18.88;16.45;18.16;354440;6309714.93
KMAZ;D;20090220;000000;17.93;17.93;16.51;17.25;93304;1598082.6
KMAZ;D;20090224;000000;16.98;17.45;16.81;17.15;69441;1183537.78
KMAZ;D;20090225;000000;17.52;17.74;16.68;16.97;141995;2434347.81
KMAZ;D;20090226;000000;17.29;18.4;16.8;17.64;483399;8452880.2
KMAZ;D;20090227;000000;17.5;17.57;16.61;17;95872;1628432.89
KMAZ;D;20090302;000000;16.9;16.9;15.8;16.5;148115;2417711.91
KMAZ;D;20090303;000000;16.35;17.18;16.2;17.04;126848;2136954.77
KMAZ;D;20090304;000000;17.18;17.42;16.31;16.5;177326;2968141.77
KMAZ;D;20090305;000000;18.3;18.3;16.2;16.5;193196;3205296.7
KMAZ;D;20090306;000000;16.15;16.49;16.1;16.44;54652;893364.73
KMAZ;D;20090310;000000;16.85;17.19;16.37;17.1;208490;3483537.76
KMAZ;D;20090311;000000;17.3;17.3;16.5;16.9;79545;1339761.07
KMAZ;D;20090312;000000;16.85;17;16.03;16.69;241712;3972569.94
KMAZ;D;20090313;000000;16.81;17.2;16.4;16.85;250905;4222657.02
KMAZ;D;20090316;000000;16.43;16.79;16.1;16.65;309300;5107185.18
KMAZ;D;20090317;000000;16.78;16.95;16.51;16.78;189368;3161335.17
KMAZ;D;20090318;000000;16.8;16.8;16.11;16.34;204181;3366388.52
KMAZ;D;20090319;000000;16.38;16.85;15.85;16.53;174285;2887993.06
KMAZ;D;20090320;000000;16.6;16.9;16.34;16.65;373275;6181344.22
KMAZ;D;20090323;000000;16.65;18.34;16.42;18.34;960834;16538318.13
KMAZ;D;20090324;000000;18.77;19.5;17;17.4;802962;14732237.84
KMAZ;D;20090325;000000;18.71;18.71;16.99;18.2;528946;9452869.54
KMAZ;D;20090326;000000;18.21;19.3;17.76;18.7;474581;8822419.47
KMAZ;D;20090327;000000;18.45;19.4;17.8;18.2;241588;4539322.34
KMAZ;D;20090330;000000;18.01;21.07;17.39;20.69;1702110;34082354.21
KMAZ;D;20090331;000000;20.75;23;19.08;19.79;1444691;29508193.24
KMAZ;D;20090401;000000;19.78;19.78;18.59;19.25;374754;7123489.21
KMAZ;D;20090402;000000;19.5;19.8;18.89;19.5;356678;6887340.41
KMAZ;D;20090403;000000;19.8;20;18.93;19.4;439489;8441407.54
KMAZ;D;20090406;000000;19.47;19.95;18.8;18.91;501306;9649388.55
KMAZ;D;20090407;000000;20.65;20.65;18.65;19.1;179950;3430956.27
KMAZ;D;20090408;000000;19.23;20.77;18.6;19.93;564023;11160362.37
KMAZ;D;20090409;000000;20;20.7;19.6;20.56;476864;9661832
KMAZ;D;20090410;000000;19.18;24.77;19.18;23.3;1031392;22854445.74
KMAZ;D;20090413;000000;24;25.65;22.6;23.66;856301;20755402.46
KMAZ;D;20090414;000000;23.56;25.48;23.15;24.03;720776;17502327.71
KMAZ;D;20090415;000000;24.25;24.43;22.78;23.16;351382;8258469.48
KMAZ;D;20090416;000000;23.16;23.7;22.75;23.06;197826;4608080.91
KMAZ;D;20090417;000000;23.43;23.59;23;23.45;139919;3262889.73
KMAZ;D;20090420;000000;23.6;23.6;20.9;21.13;247257;5490703.87
KMAZ;D;20090421;000000;22.01;22.96;20.52;22.79;533609;11621372.56
KMAZ;D;20090422;000000;22.6;28.8;22.6;28.3;3177085;85225535.58
KMAZ;D;20090423;000000;28.63;28.63;25.43;26.95;1189808;31630692.85
KMAZ;D;20090424;000000;27.51;29.33;26.54;27.07;913377;25611588.31
KMAZ;D;20090427;000000;27.31;27.99;25.09;26.35;398042;10401666.36
KMAZ;D;20090428;000000;26.08;26.1;24.5;25.39;338377;8451846.86
KMAZ;D;20090429;000000;26.25;32.97;24.65;30.8;1670588;49141931.91
KMAZ;D;20090430;000000;31.7;33.2;29.2;30.23;873584;27598583.72
KMAZ;D;20090504;000000;30.6;34.98;29.12;34.87;1323477;43242636.93
KMAZ;D;20090505;000000;35;36;33;33.7;623575;21069958.2
KMAZ;D;20090506;000000;33;35;32;34.37;322109;10937069.19
KMAZ;D;20090507;000000;35.3;37.97;34.31;36.36;1028483;37837243.76
KMAZ;D;20090508;000000;35.55;37.28;35.25;35.96;343839;12377263.67
KMAZ;D;20090512;000000;36.32;37.8;35;37;464140;16909674.84
KMAZ;D;20090513;000000;37.03;38.54;36.12;36.75;686166;25472898.26
KMAZ;D;20090514;000000;36.5;38;35.06;38;341388;12452068.65
KMAZ;D;20090515;000000;38;38.9;36.16;36.92;190813;7185948.93
KMAZ;D;20090518;000000;35.64;37.19;35.54;36.8;90187;3285720.97
KMAZ;D;20090519;000000;36.51;38;36.26;36.55;114020;4212912.42
KMAZ;D;20090520;000000;36.55;36.85;35.97;36.84;81636;2975144.6
KMAZ;D;20090521;000000;37;41.5;34.6;40.1;609671;23517240.76
KMAZ;D;20090522;000000;41;42.5;38.2;38.9;585023;23549387.32
KMAZ;D;20090525;000000;39.74;39.74;37.53;38.48;102915;3930602.81
KMAZ;D;20090526;000000;39.74;39.74;34.77;36.66;317619;11422917.6
KMAZ;D;20090527;000000;36.86;37.45;35.92;36.6;118733;4323049.73
KMAZ;D;20090528;000000;36;38.79;35.36;37.51;452595;16900430.95
KMAZ;D;20090529;000000;38.21;39.63;37.55;39.5;369924;14393893.92
KMAZ;D;20090601;000000;39.51;43.33;38.53;43.33;689711;28072009.4
KMAZ;D;20090602;000000;44.5;47.88;41.18;43.53;665727;30258719.48
KMAZ;D;20090603;000000;43.77;45.48;39.51;40.32;398368;16360429.06
KMAZ;D;20090604;000000;39.52;41.47;37;38.95;174883;6974017.54
KMAZ;D;20090605;000000;39.58;40.6;38.71;39.24;248847;9820880.81
KMAZ;D;20090608;000000;40.4;45.25;39.61;40;667748;27706474.81
KMAZ;D;20090609;000000;40.45;40.45;38.01;38.9;221226;8620295.56
KMAZ;D;20090610;000000;39.5;40.5;38.53;39.12;104564;4108874.8
KMAZ;D;20090611;000000;38.82;39.9;37.87;38.37;65288;2515559.53
KMAZ;D;20090615;000000;38.12;38.12;36;36.2;173155;6342439.86
KMAZ;D;20090616;000000;35.25;37.72;35;37.72;196312;7150851.67
KMAZ;D;20090617;000000;37.97;37.98;34.8;34.8;226551;8206719.22
KMAZ;D;20090618;000000;40.6;40.6;31.83;33.59;280560;9328159.67
KMAZ;D;20090619;000000;32.63;35.3;32.63;34;76697;2594926.44
KMAZ;D;20090622;000000;32.3;34.07;30.3;30.3;153485;4911587.32
KMAZ;D;20090623;000000;30;30.73;25.8;29.29;225889;6346265.04
KMAZ;D;20090624;000000;29.97;30.97;29.57;30.68;108698;3276230.6
KMAZ;D;20090625;000000;29.33;30.85;29;30.1;69967;2096629.4
KMAZ;D;20090626;000000;31;32.7;29.54;30.29;93089;2870120.29
KMAZ;D;20090629;000000;28.24;30.74;28.24;30.69;50881;1536690.6
KMAZ;D;20090630;000000;30.73;31;29.46;29.52;126289;3789596.78
KMAZ;D;20090701;000000;29.55;30.25;28.41;30;61747;1844014.38
KMAZ;D;20090702;000000;30.05;30.9;28.76;29.3;151722;4453949.97
KMAZ;D;20090703;000000;29.26;30.49;29.05;30.18;108447;3209168.63
KMAZ;D;20090706;000000;30.55;31.46;28.58;28.85;78827;2346591.62
KMAZ;D;20090707;000000;29.01;29.49;28.75;28.89;39630;1152847.64
KMAZ;D;20090708;000000;28.91;29.5;28.47;28.78;42416;1223823.07
KMAZ;D;20090709;000000;28.99;29.3;28.5;28.77;42605;1230790.85
KMAZ;D;20090710;000000;28.14;28.6;26.85;28;124556;3435206.81
KMAZ;D;20090713;000000;26.6;27.95;25.97;27.6;78073;2087284.49
KMAZ;D;20090714;000000;28;28.97;27.59;27.59;250775;7059931.31
KMAZ;D;20090715;000000;28;29.7;27.83;29.7;65086;1870716.03
KMAZ;D;20090716;000000;30;30.15;28.3;29.1;83414;2407930.34
KMAZ;D;20090717;000000;29.1;31.28;28.97;30.98;80764;2406684.93
KMAZ;D;20090720;000000;31;31.93;30.11;31.23;87889;2760035.94
KMAZ;D;20090721;000000;31.34;33.22;30.39;33;204556;6537298.54
KMAZ;D;20090722;000000;33;34.1;31.22;31.22;81425;2597344.49
KMAZ;D;20090723;000000;31.38;31.76;30.68;31.51;70993;2220383.69
KMAZ;D;20090724;000000;31.81;32.58;31.1;31.7;47869;1525220.42
KMAZ;D;20090727;000000;31.5;32.5;31.14;31.75;64351;2070185.43
KMAZ;D;20090728;000000;31.96;32.58;30.01;30.28;56114;1747510.76
KMAZ;D;20090729;000000;30;30.04;28.7;28.71;61631;1804359.56
KMAZ;D;20090730;000000;29.39;31.41;28.55;30.62;116963;3483301.84
KMAZ;D;20090731;000000;30.52;30.88;29.25;29.74;203317;6035899
KMAZ;D;20090803;000000;29.56;31.25;29.5;30.6;344294;10316707.77
KMAZ;D;20090804;000000;30.52;32.4;29.92;32.4;288922;9020451.48
KMAZ;D;20090805;000000;32.45;34;31.79;32.5;352697;11686294.74
KMAZ;D;20090806;000000;32.67;33.9;32.15;32.3;80233;2659967.73
KMAZ;D;20090807;000000;32.5;33.2;31.66;32.6;164041;5321323.2
KMAZ;D;20090810;000000;33.4;34;32.6;33.3;57163;1893302.5
KMAZ;D;20090811;000000;33.32;35.04;32.77;33.58;89853;3074451.34
KMAZ;D;20090812;000000;33.35;33.35;32;32.9;56670;1834542.6
KMAZ;D;20090813;000000;32.97;34.5;32.97;34.1;94224;3204747.09
KMAZ;D;20090814;000000;33.75;34;33;34;130663;4413491.11
KMAZ;D;20090817;000000;33.71;33.71;31.65;31.98;82010;2640003.63
KMAZ;D;20090818;000000;32.79;32.79;31.2;32.1;59583;1904016.04
KMAZ;D;20090819;000000;31.8;32.7;31.1;32.45;426476;13635418.77
KMAZ;D;20090820;000000;32.59;32.9;32;32.72;83929;2728653.15
KMAZ;D;20090821;000000;32;33.5;32;32.89;115959;3809509.35
KMAZ;D;20090824;000000;34.48;39.3;33.33;35.24;1220853;44689365.24
KMAZ;D;20090825;000000;35.09;35.39;33.5;34.32;203965;7083581.52
KMAZ;D;20090826;000000;34.88;34.97;33.09;33.8;75349;2568629.43
KMAZ;D;20090827;000000;34;35.98;33.27;35.3;498313;17541534.87
KMAZ;D;20090828;000000;35.4;36.95;35.32;36.06;72461;2628687.97
KMAZ;D;20090831;000000;36.03;36.3;33.13;36.07;41080;1472485.11
KMAZ;D;20090901;000000;37.01;38.38;36.06;38.09;305219;11377859.88
KMAZ;D;20090902;000000;37.32;37.99;35.6;36.25;72882;2668850.41
KMAZ;D;20090903;000000;36.38;37.4;35.11;36.8;81641;3000580.78
KMAZ;D;20090904;000000;36.31;37.1;35.58;36;93939;3442343.63
KMAZ;D;20090907;000000;36.23;38.2;36.2;37.79;347143;13022242.5
KMAZ;D;20090908;000000;37.6;38.55;37.4;37.5;180303;6846821.29
KMAZ;D;20090909;000000;37.78;37.78;36.5;37.28;160999;5953900.47
KMAZ;D;20090910;000000;39;48.46;38.5;48.46;987667;44839768.52
KMAZ;D;20090911;000000;55;63;55;63;2549467;155914052.81
KMAZ;D;20090914;000000;65;81.9;64.01;81.9;3820280;296553595.07
KMAZ;D;20090915;000000;95;103.98;68.05;72.56;8280770;728702485.24
KMAZ;D;20090916;000000;73.45;76.85;62.1;64.42;3296381;226002679.25
KMAZ;D;20090917;000000;66;78.19;62.58;72.5;4306899;309917914.88
KMAZ;D;20090918;000000;74.35;77;68.2;69.89;1699368;122207763.64
KMAZ;D;20090921;000000;72.91;72.91;64.5;66.17;650298;43262810.79
KMAZ;D;20090922;000000;67.27;69.49;65.6;66.51;581667;39203222.81
KMAZ;D;20090923;000000;65.84;66.75;64.23;65.1;439382;28530438.09
KMAZ;D;20090924;000000;64.95;64.95;62;62;335952;21182987.66
KMAZ;D;20090925;000000;62;63.94;60.3;61.18;329589;20420590.36
KMAZ;D;20090928;000000;60;74.66;57.64;69.6;3094028;213397488.21
KMAZ;D;20090929;000000;70;74.77;65.3;68.47;1073985;74786745.13
KMAZ;D;20090930;000000;69.94;71.5;67.02;70.5;964354;66897108.83
KMAZ;D;20091001;000000;70.17;73.21;68.51;70;805596;57134199.43
KMAZ;D;20091002;000000;69.76;70.95;64;68.05;390083;26386974.99
KMAZ;D;20091005;000000;71.93;71.93;67.3;68.68;701276;48314593.56
KMAZ;D;20091006;000000;69.69;71;67.65;68.99;527191;36289737.82
KMAZ;D;20091007;000000;69.2;69.5;66.89;67.37;300041;20267576.36
KMAZ;D;20091008;000000;68.5;71.99;67.01;69.9;1095265;76560468.65
KMAZ;D;20091009;000000;70.93;72.76;69.15;69.93;768711;54420427.11
KMAZ;D;20091012;000000;71;71;68.4;69;310078;21451573.11
KMAZ;D;20091013;000000;69.47;69.75;66.6;66.78;315519;21373366.52
KMAZ;D;20091014;000000;68.69;68.69;67;67.2;181186;12232865.3
KMAZ;D;20091015;000000;67.1;68;63.8;64.72;202142;13155542.84
KMAZ;D;20091016;000000;67.82;67.82;62.48;62.9;175334;11107436.73
KMAZ;D;20091019;000000;62.9;65;62.11;64.3;94429;6041315.85
KMAZ;D;20091020;000000;64.46;65.2;62.85;64;153498;9697698.42
KMAZ;D;20091021;000000;64.34;64.34;60.6;63.4;100148;6223939.42
KMAZ;D;20091022;000000;62.89;62.9;61.32;62.9;83366;5180425.26
KMAZ;D;20091023;000000;69.02;69.02;62.02;64.66;713138;47347529.84
KMAZ;D;20091026;000000;64.83;67.13;63.5;64.1;287655;18641341.89
KMAZ;D;20091027;000000;65.28;65.28;62.53;63.28;104448;6632019.1
KMAZ;D;20091028;000000;69.19;69.19;60.18;60.89;517616;32943686.62
KMAZ;D;20091029;000000;65.25;65.25;57.58;62.21;198315;11936831.5
KMAZ;D;20091030;000000;68.72;81.3;60.45;70.23;5850647;435312972.42
KMAZ;D;20091102;000000;70.33;72.23;63;64.94;1378301;90361369.7
KMAZ;D;20091103;000000;64.87;64.87;61.5;62.22;376470;23693630.96
KMAZ;D;20091105;000000;64.17;65.43;61.56;64.4;456757;29227535.09
KMAZ;D;20091106;000000;66.99;66.99;61.84;62.49;305501;19202604.19
KMAZ;D;20091109;000000;64.44;64.44;62.22;63.2;366188;23127821.49
KMAZ;D;20091110;000000;63.6;72.1;62.69;66.85;1463072;98547104.92
KMAZ;D;20091111;000000;65.07;69;65.07;66.25;423526;28346161.22
KMAZ;D;20091112;000000;66.04;66.9;65.05;66.01;184212;12160375.67
KMAZ;D;20091113;000000;67.57;67.57;64.8;65.36;136025;8894640.85
KMAZ;D;20091116;000000;65.5;68.22;65.5;66.9;278563;18594134.96
KMAZ;D;20091117;000000;67;74.87;66.89;72.64;1957666;139278329.28
KMAZ;D;20091118;000000;73.98;79;72.12;73.1;1863221;140724883.55
KMAZ;D;20091119;000000;73.1;73.68;69.52;70.39;442485;31408819.52
KMAZ;D;20091120;000000;70;71.97;67.55;69.99;266742;18524169.56
KMAZ;D;20091123;000000;70.79;71.45;69.6;70.47;202244;14242961.54
KMAZ;D;20091124;000000;72.95;76.5;72.12;74.5;1400850;103622483.64
KMAZ;D;20091125;000000;75;76.4;70.11;73.1;483018;35646263.66
KMAZ;D;20091126;000000;79;79;69.37;70.32;325122;23010725.09
KMAZ;D;20091127;000000;69.5;69.8;64.64;68.89;396455;26670676.44
KMAZ;D;20091130;000000;69.9;70.3;66.24;67.5;185514;12561632.18
KMAZ;D;20091201;000000;68;69.49;67;68.02;143351;9741233.12
KMAZ;D;20091202;000000;73.93;73.93;67.5;68.24;88875;6051701.47
KMAZ;D;20091203;000000;69;72.39;67.72;68.72;318962;22281556.04
KMAZ;D;20091204;000000;68.23;70;67.02;68.72;137854;9398032.88
KMAZ;D;20091207;000000;74.54;74.54;67.4;69.01;90733;6198849.58
KMAZ;D;20091208;000000;77.18;77.18;67.11;68.18;107703;7336468.22
KMAZ;D;20091209;000000;76.5;76.5;67.4;68.25;66930;4552858.44
KMAZ;D;20091210;000000;76.5;76.5;67.21;68.7;93910;6384875.73
KMAZ;D;20091211;000000;69.05;69.1;66.81;67.56;99932;6770960.42
KMAZ;D;20091214;000000;68.23;68.23;65.9;66.48;79723;5348973.63
KMAZ;D;20091215;000000;67.15;67.15;64.75;66.06;147192;9683915.18
KMAZ;D;20091216;000000;67.51;71.2;66.2;69.24;636352;44006786.61
KMAZ;D;20091217;000000;69.41;69.73;67.23;68.17;121048;8283453.52
KMAZ;D;20091218;000000;68.4;71.84;67;70.5;599503;42088187.51
KMAZ;D;20091221;000000;71.5;71.83;68.5;69.19;222772;15495866.42
KMAZ;D;20091222;000000;69.05;69.3;67.5;67.5;100296;6817768.88
KMAZ;D;20091223;000000;67.8;68.37;66.22;66.64;88989;5973035.53
KMAZ;D;20091224;000000;66.78;67.48;65;65.9;113875;7522613.62
KMAZ;D;20091225;000000;65.91;65.91;63.62;65.14;88391;5694608.88
KMAZ;D;20091228;000000;65.14;67.5;64;64.74;185644;12078705.53
KMAZ;D;20091229;000000;64.7;65.27;64.2;64.22;89530;5763749.8
KMAZ;D;20091230;000000;64.54;64.64;63.63;64.13;124445;7970939.72
KMAZ;D;20091231;000000;64.15;64.99;64;64.52;32167;2066150.58
KMAZ;D;20100111;000000;66;67.67;65;66.5;222700;14755822.52
KMAZ;D;20100112;000000;66.8;75.8;66.51;75.3;1583379;113909834.71
KMAZ;D;20100113;000000;75.93;76.5;72.01;73.6;950312;69949185.36
KMAZ;D;20100114;000000;75;75;71.1;72.39;242217;17589999.34
KMAZ;D;20100115;000000;72.28;72.28;69.8;70.49;360736;25459696.5
KMAZ;D;20100118;000000;70.4;71.5;70.29;70.86;119212;8452354.77
KMAZ;D;20100119;000000;71.04;71.04;68.39;70.3;177796;12363360.45
KMAZ;D;20100120;000000;71.85;71.85;69.1;69.3;76421;5318826.13
KMAZ;D;20100121;000000;69;70;67.49;67.49;156610;10715846.86
KMAZ;D;20100122;000000;67.18;68;66.04;68;152552;10181804.05
KMAZ;D;20100125;000000;67.9;69.46;66.11;67.49;114163;7782066.65
KMAZ;D;20100126;000000;67.49;67.56;66.11;66.92;33018;2195833.35
KMAZ;D;20100127;000000;66;68;66;67.98;84583;5690977.28
KMAZ;D;20100128;000000;67.95;73.73;67.67;72;891238;63317407.32
KMAZ;D;20100129;000000;69.57;71.49;69.53;70.47;114181;8030961.3
KMAZ;D;20100201;000000;70.05;73.83;70;71.61;559492;40444768.28
KMAZ;D;20100202;000000;73.5;75.49;71;72.7;564093;41287019.99
KMAZ;D;20100203;000000;74.83;75.5;72.13;73.45;266264;19726020.84
KMAZ;D;20100204;000000;75.4;75.4;69.58;69.8;267609;19432768.04
KMAZ;D;20100205;000000;69.5;74.53;66.5;70;1147644;82197375.91
KMAZ;D;20100208;000000;71.95;73.8;69.42;70.73;311509;22299408.1
KMAZ;D;20100209;000000;70.8;72.27;70.01;72;106001;7546746.66
KMAZ;D;20100210;000000;72.95;75.5;71.62;73.2;451643;33089381.11
KMAZ;D;20100211;000000;75;81;74.8;79.5;1599414;125434284.15
KMAZ;D;20100212;000000;82.05;85.55;74.21;75.39;1607086;130293638.99
KMAZ;D;20100215;000000;78.23;78.23;71;72.48;478098;34748674.7
KMAZ;D;20100216;000000;73;75.1;72.2;73.7;469032;34456991.23
KMAZ;D;20100217;000000;65.79;75.69;65.79;74.24;655324;48626984.92
KMAZ;D;20100218;000000;74.24;74.33;72.72;74.3;327018;24043527.57
KMAZ;D;20100219;000000;74.15;77.8;72;75.7;564480;42690190.6
KMAZ;D;20100224;000000;75.66;76.45;74.3;75.6;180609;13657388.4
KMAZ;D;20100225;000000;76;77.2;74.5;74.96;299982;22701428.91
KMAZ;D;20100226;000000;75.4;77.25;74.67;76.11;507448;38645115.87
KMAZ;D;20100227;000000;76.11;77.22;76;76.9;156406;11982639.83
KMAZ;D;20100301;000000;76.6;78.8;76.48;76.95;405835;31232238.93
KMAZ;D;20100302;000000;77;78.5;76.27;78.29;361257;28098929.81
KMAZ;D;20100303;000000;78.45;79.4;77.55;79.1;122543;9633040.29
KMAZ;D;20100304;000000;78.9;80.89;78.9;80.08;132307;10569124.25
KMAZ;D;20100305;000000;80.1;81.8;80;81.22;138589;11189948.56
KMAZ;D;20100309;000000;81.91;81.91;79.5;80.02;57887;4667127.88
KMAZ;D;20100310;000000;80.03;80.8;78.5;78.79;111962;8850113.75
KMAZ;D;20100311;000000;86.66;86.66;77.46;77.81;72035;5625201.25
KMAZ;D;20100312;000000;78.22;79.16;78;78.81;61686;4843202.56
KMAZ;D;20100315;000000;78.46;79.99;78.46;78.96;35389;2808876.68
KMAZ;D;20100316;000000;80;80;77.59;77.75;54959;4310363.93
KMAZ;D;20100317;000000;77.4;79;77.4;78.71;160120;12543725.09
KMAZ;D;20100318;000000;78.72;81.77;77.78;78.18;261556;20686384.71
KMAZ;D;20100319;000000;85.44;85.44;77.55;77.98;361238;28902590.18
KMAZ;D;20100322;000000;85.23;85.23;66.1;76.2;111443;8433308.08
KMAZ;D;20100323;000000;76.3;79;75.4;76.21;205380;15840802.21
KMAZ;D;20100324;000000;76;76.4;75.4;75.8;147276;11172559.35
KMAZ;D;20100325;000000;75.86;75.86;74.26;75.12;63955;4807654.52
KMAZ;D;20100326;000000;79.1;79.1;74;74.86;153593;11553296.11
KMAZ;D;20100329;000000;75.28;75.28;74.12;74.69;36326;2709405.87
KMAZ;D;20100330;000000;73.6;75.75;73.6;74.75;128159;9612396.15
KMAZ;D;20100331;000000;74.88;75.89;74.52;75.39;102159;7687348.24
KMAZ;D;20100401;000000;75.74;76.8;75.5;75.77;117223;8932560.17
KMAZ;D;20100402;000000;75.85;76.88;75.51;76.32;113146;8647902.86
KMAZ;D;20100405;000000;76.34;77.29;75.81;76.97;96649;7403964.62
KMAZ;D;20100406;000000;76.6;77;75.55;76.11;160485;12203884.95
KMAZ;D;20100407;000000;75.8;76.22;74.9;75.49;54560;4099769.31
KMAZ;D;20100408;000000;75.5;75.5;73.8;74.4;76717;5695225.04
KMAZ;D;20100409;000000;74.4;75.47;74.4;75;38096;2851848.68
KMAZ;D;20100412;000000;75.03;75.6;74.6;74.94;59749;4480573.92
KMAZ;D;20100413;000000;74.7;74.95;74.3;74.7;61970;4631266.47
KMAZ;D;20100414;000000;74.86;74.86;74.21;74.4;59246;4411095.54
KMAZ;D;20100415;000000;74.4;75.88;74.05;74.8;95868;7184827.04
KMAZ;D;20100416;000000;74.83;74.99;73.17;73.25;35348;2624673.68
KMAZ;D;20100419;000000;73;73;69.84;71.15;144804;10297730.89
KMAZ;D;20100420;000000;79.18;79.18;70;73.05;281885;20542152.32
KMAZ;D;20100421;000000;73.24;76.79;72.54;74.62;329440;24773295.35
KMAZ;D;20100422;000000;74.61;75.95;71.26;71.5;105256;7702652.41
KMAZ;D;20100423;000000;68.95;73;68.95;73;69745;5029437.49
KMAZ;D;20100426;000000;76.4;76.4;72.65;73.2;248181;18146248.36
KMAZ;D;20100427;000000;73;73;71.17;72.5;87189;6285847.9
KMAZ;D;20100428;000000;71.77;71.77;69.5;71;49542;3506279.46
KMAZ;D;20100429;000000;78.98;78.98;71.94;72.6;36773;2671181.45
KMAZ;D;20100430;000000;73.13;76;71.74;71.79;192038;14147663.64
KMAZ;D;20100504;000000;68.3;72.27;68.3;69.35;74235;5252657.76
KMAZ;D;20100505;000000;70.25;71.19;66.9;67.48;62016;4236637.13
KMAZ;D;20100506;000000;67.5;69.59;67.28;67.68;36487;2484461.4
KMAZ;D;20100507;000000;67.15;67.5;61.08;63;131131;8429223.09
KMAZ;D;20100511;000000;63.03;66.05;63.03;64.74;75771;4954227.33
KMAZ;D;20100512;000000;64.16;67.4;63.55;67.15;85506;5662780.09
KMAZ;D;20100513;000000;66.05;68.5;65.25;66.17;59609;3988859.07
KMAZ;D;20100514;000000;63.6;66.66;63.6;65.46;18653;1213591.73
KMAZ;D;20100517;000000;65.1;66.89;64.16;66.46;69237;4547211.96
KMAZ;D;20100518;000000;66.5;70;66.5;69.45;79018;5399001.87
KMAZ;D;20100519;000000;67.95;72.62;66.56;69.52;107968;7525432.8
KMAZ;D;20100520;000000;68.39;74.75;66.01;67.03;378407;27149697.56
KMAZ;D;20100521;000000;68;69.9;63.98;66.4;106183;7001186.67
KMAZ;D;20100524;000000;67;72;65.72;70.14;156774;10965793.63
KMAZ;D;20100525;000000;68.68;68.68;64.99;65.01;162394;10655885.34
KMAZ;D;20100526;000000;65.96;67.92;65.3;66.47;122704;8152258.73
KMAZ;D;20100527;000000;59.36;67.42;59.36;67;68267;4573843.25
KMAZ;D;20100528;000000;67.35;68.33;67;68.33;52019;3506446.53
KMAZ;D;20100531;000000;67.86;73.38;66.2;72.99;142995;10065614.02
KMAZ;D;20100601;000000;72.2;73.4;68.6;70.88;123683;8775246.73
KMAZ;D;20100602;000000;70.5;71;68.32;70.56;16442;1147879.69
KMAZ;D;20100603;000000;72.82;72.82;70.06;70.76;21561;1531769.42
KMAZ;D;20100604;000000;70.45;71.97;69;70.45;30592;2164210.6
KMAZ;D;20100607;000000;71.05;71.05;66.99;67.75;60498;4094949.5
KMAZ;D;20100608;000000;67.84;69.77;67.56;68.75;31907;2183969.11
KMAZ;D;20100609;000000;70.47;70.47;68.61;69.2;20618;1426009.49
KMAZ;D;20100610;000000;69;69.91;61.82;68.2;71978;4846519.27
KMAZ;D;20100611;000000;68.09;69.8;67.08;67.3;70954;4858415.62
KMAZ;D;20100615;000000;74.54;74.54;67.2;68.69;64184;4375958.51
KMAZ;D;20100616;000000;69;69.44;67.94;68.13;24886;1702819.81
KMAZ;D;20100617;000000;68.12;68.85;67.48;67.48;6815;463670.4
KMAZ;D;20100618;000000;67.92;68.9;67.92;68.45;22951;1569231.65
KMAZ;D;20100621;000000;69.25;71.88;69.07;69.66;41944;2934834.09
KMAZ;D;20100622;000000;69.6;74.87;69.6;72.2;335340;24344948.51
KMAZ;D;20100623;000000;71.93;73.33;70.11;71.77;59399;4291948.67
KMAZ;D;20100624;000000;72.01;72.49;70.01;70.4;30321;2139736.13
KMAZ;D;20100625;000000;70.2;70.71;69.8;70.19;7650;537485.81
KMAZ;D;20100628;000000;69.8;70.99;69.2;70.8;14981;1054621.25
KMAZ;D;20100629;000000;71.45;71.45;67;67.33;27314;1856112.15
KMAZ;D;20100630;000000;67.55;68.38;66.38;66.5;80508;5422650.84
KMAZ;D;20100701;000000;66.21;66.21;64;64.48;47190;3054796.65
KMAZ;D;20100702;000000;66.18;66.18;63.74;64.9;21634;1400378.53
KMAZ;D;20100705;000000;64.92;65.75;64.56;65.36;12724;831076.45
KMAZ;D;20100706;000000;65.82;66.95;65.35;66.94;34901;2314841.49
KMAZ;D;20100707;000000;66.5;68.4;64.6;67.41;49228;3258487.87
KMAZ;D;20100708;000000;67.5;69.5;66;66.5;20170;1352389.19
KMAZ;D;20100709;000000;66.72;67.13;66;66.48;13785;914826.86
KMAZ;D;20100712;000000;66.2;67.37;66;66.9;27360;1826530.57
KMAZ;D;20100713;000000;66.72;67.58;66.2;67.25;24918;1667089.1
KMAZ;D;20100714;000000;67.5;68.28;66.82;67.18;7164;483385.31
KMAZ;D;20100715;000000;67.6;67.6;65.77;65.97;13733;911594.84
KMAZ;D;20100716;000000;66.35;66.4;65;65.59;31968;2093923.74
KMAZ;D;20100719;000000;74.15;74.15;64.8;64.92;35822;2329910.88
KMAZ;D;20100720;000000;73.4;73.4;63.93;64.09;52097;3358609.25
KMAZ;D;20100721;000000;64.41;65.5;62.51;65.03;70709;4570423.71
KMAZ;D;20100722;000000;65;66.56;65;66.22;70491;4651207.17
KMAZ;D;20100723;000000;66.5;66.98;65.45;66.1;36394;2399791.78
KMAZ;D;20100726;000000;66.06;67;65.66;65.77;14674;969112.45
KMAZ;D;20100727;000000;66;67;65.67;66.5;29563;1955014.53
KMAZ;D;20100728;000000;66.5;67.19;66.15;66.75;61874;4128226.73
KMAZ;D;20100729;000000;66.72;68.42;66.72;67.7;57516;3891684.73
KMAZ;D;20100730;000000;77.36;77.36;66.42;66.61;13810;932512.32
KMAZ;D;20100802;000000;66.8;67.37;66.42;67.25;87424;5851109.09
KMAZ;D;20100803;000000;67.39;69.8;67.39;69.7;133435;9223083.43
KMAZ;D;20100804;000000;69.15;70.7;69.1;70.5;133849;9384873.8
KMAZ;D;20100805;000000;70.7;71.6;70;70.75;130993;9282749.94
KMAZ;D;20100806;000000;70.75;71.83;69.69;70;87546;6249044.9
KMAZ;D;20100809;000000;69.41;70.05;68.5;69.73;46000;3183544.17
KMAZ;D;20100810;000000;69.72;69.72;69;69.4;24086;1667791.85
KMAZ;D;20100811;000000;69;69.9;68.5;69.4;81423;5648441.81
KMAZ;D;20100812;000000;69;70;68.34;68.59;42854;2970850.97
KMAZ;D;20100813;000000;68.7;69.6;68.7;69.02;4622;319642.69
KMAZ;D;20100816;000000;69.5;69.9;67.41;67.98;16672;1132328.59
KMAZ;D;20100817;000000;68.63;69.32;67.99;68.88;12799;878443.66
KMAZ;D;20100818;000000;68.67;69.5;68.6;68.72;20945;1452205.29
KMAZ;D;20100819;000000;69.2;69.85;68.8;68.8;15143;1045506.26
KMAZ;D;20100820;000000;68.67;69.13;68.21;68.21;10308;705966.11
KMAZ;D;20100823;000000;68.66;70.15;68.21;69.54;17620;1228799.26
KMAZ;D;20100824;000000;69.49;70;68.64;69.2;41396;2872550.03
KMAZ;D;20100825;000000;69.04;75.23;68.78;71.95;200326;14517189.13
KMAZ;D;20100826;000000;72.35;73.83;71.61;72.1;44366;3215975.38
KMAZ;D;20100827;000000;72.22;72.39;66.12;70.71;45283;3208059.99
KMAZ;D;20100830;000000;70.42;72.5;70.28;72.5;93183;6721336.34
KMAZ;D;20100831;000000;71.96;71.96;70.64;71.6;27200;1933895.98
KMAZ;D;20100901;000000;71.67;75.5;71.15;74.1;192103;14225856.72
KMAZ;D;20100902;000000;74.01;76;72.5;73;105741;7850359.73
KMAZ;D;20100903;000000;73.36;75;73.01;73.4;72973;5387375.72
KMAZ;D;20100906;000000;73.65;74.63;72.01;72.67;137782;10115894.8
KMAZ;D;20100907;000000;73.17;73.17;71.33;72.49;37787;2717957.1
KMAZ;D;20100908;000000;72.49;72.59;71.4;72.59;24240;1748134.3
KMAZ;D;20100909;000000;72.35;73;72.01;72.49;71415;5181352.17
KMAZ;D;20100910;000000;72.11;74.2;71.97;74;179001;13094323.45
KMAZ;D;20100913;000000;74;77.7;73.37;75.3;440318;33120458.7
KMAZ;D;20100914;000000;75.5;75.8;73.51;74.88;152859;11420079.89
KMAZ;D;20100915;000000;76.24;76.24;72.36;72.95;97278;7153612.65
KMAZ;D;20100916;000000;79.9;79.9;71.5;71.89;91430;6620490.75
KMAZ;D;20100917;000000;79.17;79.17;71.88;72.35;70160;5107645.02
KMAZ;D;20100920;000000;73.33;73.4;72.25;72.9;19415;1410590.2
KMAZ;D;20100921;000000;72.6;73;72.05;72.5;17025;1233557.26
KMAZ;D;20100922;000000;72.35;72.5;71.51;71.71;27157;1952859.28
KMAZ;D;20100923;000000;71.72;72.58;71.15;71.56;66939;4803288.01
KMAZ;D;20100924;000000;71.02;72.47;71.02;71.75;34714;2496522.96
KMAZ;D;20100927;000000;72.23;72.54;71.7;71.93;17983;1295272.76
KMAZ;D;20100928;000000;71.89;72.02;69.05;71.6;76117;5405791.67
KMAZ;D;20100929;000000;71.67;71.99;71.02;71.25;7071;504458.61
KMAZ;D;20100930;000000;71.66;71.86;71;71.55;16364;1169008.91
KMAZ;D;20101001;000000;71.11;71.78;70.45;71.45;20410;1455865.07
KMAZ;D;20101004;000000;70.87;74.65;70.87;72.47;270841;19823485.24
KMAZ;D;20101005;000000;72.5;72.58;71.01;71.67;76167;5461608.23
KMAZ;D;20101006;000000;71.98;72.48;71.5;71.95;48308;3470764.09
KMAZ;D;20101007;000000;71.95;74.6;71.05;72.44;455737;33353693.9
KMAZ;D;20101008;000000;73.75;75.99;72.52;74.17;569547;42289940.17
KMAZ;D;20101011;000000;76.05;76.05;72.57;73.13;152138;11174229.44
KMAZ;D;20101012;000000;72.98;73.15;71.66;73;205194;14859541.38
KMAZ;D;20101013;000000;73.67;73.97;72.59;73.22;128922;9428853.23
KMAZ;D;20101014;000000;75.72;75.72;71.75;72.12;139668;10094300.3
KMAZ;D;20101015;000000;80;80;71.5;71.82;54180;3904647.71
KMAZ;D;20101018;000000;76.67;76.67;71.69;72;77542;5581570.73
KMAZ;D;20101019;000000;74.5;74.5;71.69;72.02;139216;10079277.98
KMAZ;D;20101020;000000;78.46;78.46;72.43;73.98;381018;28148528
KMAZ;D;20101021;000000;84.31;84.31;73.01;73.5;209999;15425940.31
KMAZ;D;20101022;000000;73.02;74.05;72.21;73.35;154390;11288269.41
KMAZ;D;20101025;000000;73.8;74.48;73.06;74.1;197723;14597664.66
KMAZ;D;20101026;000000;74.47;75.48;73.45;74.21;441542;32938176.9
KMAZ;D;20101027;000000;84.95;84.95;72.27;72.58;205984;15072111.6
KMAZ;D;20101028;000000;70.6;73.31;70.6;72.17;86881;6257189.89
KMAZ;D;20101029;000000;71.79;72.55;71.27;72.15;104497;7494923.85
KMAZ;D;20101101;000000;72.2;73;71.96;72.71;91648;6631417.66
KMAZ;D;20101102;000000;73;73;71.79;72.15;52269;3767928.03
KMAZ;D;20101103;000000;71.99;72.23;71.6;71.75;57738;4151515.8
KMAZ;D;20101108;000000;80.2;80.2;71.75;72.5;122841;8878352.16
KMAZ;D;20101109;000000;79.46;79.46;72.15;73.22;332012;24340421.08
KMAZ;D;20101110;000000;84.06;84.06;72.06;72.5;107371;7840862.03
KMAZ;D;20101111;000000;76.45;76.45;72.07;73;132782;9659520.52
KMAZ;D;20101112;000000;72.64;73.88;72;72.7;156468;11442271.02
KMAZ;D;20101113;000000;72.32;73;72.14;72.71;32613;2369501.13
KMAZ;D;20101115;000000;73.49;73.49;72.45;72.89;76931;5598918.75
KMAZ;D;20101116;000000;72.6;72.6;71.01;71.6;87000;6253652.42
KMAZ;D;20101117;000000;81.42;81.42;70.62;72.59;60046;4322829.92
KMAZ;D;20101118;000000;72.95;75;72.11;73.16;120862;8871225.62
KMAZ;D;20101119;000000;82.39;82.39;72.25;72.5;44315;3217212.31
KMAZ;D;20101122;000000;72.79;73.45;72.6;72.7;89488;6525439.13
KMAZ;D;20101123;000000;72.25;73.42;72.2;73.38;166307;12086920.04
KMAZ;D;20101124;000000;73.07;73.4;72.29;72.99;76466;5558145.42
KMAZ;D;20101125;000000;72.84;73.26;72.17;72.77;93849;6810976.34
KMAZ;D;20101126;000000;72.52;72.95;72.35;72.47;27470;1992220.46
KMAZ;D;20101129;000000;70.6;72.9;70.6;72.3;25618;1855378.3
KMAZ;D;20101130;000000;73.65;73.65;71.21;71.78;88736;6358113.76
KMAZ;D;20101201;000000;71.78;72.97;71.53;72.89;114421;8275105.83
KMAZ;D;20101202;000000;83;83;72.27;72.98;109925;7996306.81
KMAZ;D;20101203;000000;72.38;75.74;72.38;72.99;412534;30407694.63
KMAZ;D;20101206;000000;73.07;73.47;72.52;73.05;173185;12607331.11
KMAZ;D;20101207;000000;73;73.74;72.75;72.91;166797;12194531.82
KMAZ;D;20101208;000000;73.95;73.95;72.62;72.65;65458;4769311.84
KMAZ;D;20101209;000000;72.8;73;72.47;72.55;71885;5222875.28
KMAZ;D;20101210;000000;72.56;72.74;72.06;72.52;39751;2879765.6
KMAZ;D;20101213;000000;73.01;74.34;73.01;73.12;627832;46308969.15
KMAZ;D;20101214;000000;73.02;73.84;72.52;72.89;142999;10426929.33
KMAZ;D;20101215;000000;73.35;73.35;72.36;72.82;50997;3702212.82
KMAZ;D;20101216;000000;72.88;72.88;72.35;72.7;65636;4768072.43
KMAZ;D;20101217;000000;72.5;72.88;72.06;72.69;89557;6500590.65
KMAZ;D;20101220;000000;73.21;73.21;72.2;72.31;152331;11045789.01
KMAZ;D;20101221;000000;72.69;72.69;72.1;72.3;90367;6531886.9
KMAZ;D;20101222;000000;70.64;72.6;70.64;72.36;40731;2944780.87
KMAZ;D;20101223;000000;72.26;74;71.82;73.18;456681;33364566.13
KMAZ;D;20101224;000000;72.19;73.5;72.19;72.95;83896;6109431.19
KMAZ;D;20101227;000000;73.07;73.19;72.01;72.4;139026;10049477.3
KMAZ;D;20101228;000000;71.84;72.6;71.84;72.21;111163;8015939.66
KMAZ;D;20101229;000000;72.06;72.51;71.88;72.45;42691;3080023.64
KMAZ;D;20101230;000000;71.87;72.47;71.87;72.29;80331;5793851.34
KMAZ;D;20110111;000000;72.51;73;72.3;72.97;77396;5638334.61
KMAZ;D;20110112;000000;73.28;73.28;72.52;72.9;169988;12389483.74
KMAZ;D;20110113;000000;72.99;73.05;72.33;72.7;121292;8813381.85
KMAZ;D;20110114;000000;72.69;73.08;72.5;72.62;58278;4239425.99
KMAZ;D;20110117;000000;72.79;74.31;72.5;72.99;487498;35702503.73
KMAZ;D;20110118;000000;73;73.65;72.72;73.17;309135;22608342.12
KMAZ;D;20110119;000000;73.6;89.8;73.5;88.99;7355342;612880643.78
KMAZ;D;20110120;000000;89;89.1;79.9;80.59;3622728;303421424.43
KMAZ;D;20110121;000000;80.87;86.12;78.71;80.24;3619274;298913757.03
KMAZ;D;20110124;000000;80.98;81.47;77.33;78.4;683747;53872308.62
KMAZ;D;20110125;000000;78.68;82.67;78.02;79.08;952888;76610601.78
KMAZ;D;20110126;000000;79.35;81.98;78.6;79.75;882297;70682250.64
KMAZ;D;20110127;000000;79.8;83.5;78.67;80.49;1194298;97154718.88
KMAZ;D;20110128;000000;80.54;81.74;79.37;80.33;438873;35243964.84
KMAZ;D;20110131;000000;80.49;81.1;79;80.2;411524;33055489.31
KMAZ;D;20110201;000000;80.2;81.46;79.77;80.51;157423;12658589.05
KMAZ;D;20110202;000000;80.34;81;79.51;80.25;295998;23806238.98
KMAZ;D;20110203;000000;80.5;84.95;80.1;82.5;1083646;89557428.89
KMAZ;D;20110204;000000;82.5;83.5;80.9;81.35;262161;21397221.67
KMAZ;D;20110207;000000;81.38;82;79.68;80.8;195255;15687513.43
KMAZ;D;20110208;000000;83.61;83.61;79.68;81.49;748982;60853303.61
KMAZ;D;20110209;000000;80.86;81.48;79.86;81.4;168842;13674198.65
KMAZ;D;20110210;000000;80.66;81.17;79.79;80.39;148237;11899418.1
KMAZ;D;20110211;000000;80.53;80.94;80.02;80.37;61388;4929679.22
KMAZ;D;20110214;000000;80.54;81.4;79.91;80.86;103916;8349914.58
KMAZ;D;20110215;000000;81.68;89.46;80.5;85.78;2049948;176674006.09
KMAZ;D;20110216;000000;85.73;86.96;81.5;81.5;874594;73181525.25
KMAZ;D;20110217;000000;81.5;83.57;81.5;82.9;371869;30717560.42
KMAZ;D;20110218;000000;82.97;83.88;82;82.57;188876;15646720.69
KMAZ;D;20110221;000000;82.64;85.3;81.93;83.8;300659;25215983.62
KMAZ;D;20110222;000000;84.39;84.9;81.68;82.15;198880;16409724.81
KMAZ;D;20110224;000000;81.42;81.5;79;79.91;255117;20486722.51
KMAZ;D;20110225;000000;79.5;81.46;79.5;81.21;92284;7459965.61
KMAZ;D;20110228;000000;81.21;83.39;81.21;81.56;91074;7470785.98
KMAZ;D;20110301;000000;81.7;82.5;81.4;82;101700;8335125
KMAZ;D;20110302;000000;82.47;83.47;81.79;82.9;129600;10692870
KMAZ;D;20110303;000000;82.97;84.1;82.56;82.7;89900;7477163
KMAZ;D;20110304;000000;81.46;83;81.46;82.39;35700;2942357
KMAZ;D;20110305;000000;82.05;82.5;82;82.3;9400;772760
KMAZ;D;20110309;000000;82.16;83;80.22;82.39;92100;7534802
KMAZ;D;20110310;000000;81.91;82.18;80.4;80.5;55400;4481616
KMAZ;D;20110311;000000;80.33;81.45;79.7;80.59;72700;5838586
KMAZ;D;20110314;000000;80;80.26;78.12;79.9;141700;11249785
KMAZ;D;20110315;000000;78.61;79;73.79;74.21;389600;29570180
KMAZ;D;20110316;000000;75.75;79.4;75;75.4;326700;25076822
KMAZ;D;20110317;000000;75.25;77.01;74.99;76.86;106700;8120572
KMAZ;D;20110318;000000;76.97;79.14;76.01;76.94;114000;8808799
KMAZ;D;20110321;000000;77.85;78.99;76.35;77.14;151100;11636604
KMAZ;D;20110322;000000;76.97;77.2;76.43;76.99;37600;2890522
KMAZ;D;20110323;000000;76.76;77;76.05;77;66500;5111976
KMAZ;D;20110324;000000;76.97;77.95;76.51;77.52;139500;10767336
KMAZ;D;20110325;000000;77.44;77.63;76.81;77.02;100300;7729630
KMAZ;D;20110328;000000;77.14;77.69;77;77.28;35500;2739605
KMAZ;D;20110329;000000;77.13;77.63;75.61;76.5;92600;7067016
KMAZ;D;20110330;000000;76.8;77.18;76.02;76.02;21200;1624938
KMAZ;D;20110331;000000;76.22;76.22;75;75.94;76200;5753304
KMAZ;D;20110401;000000;75.94;76.88;75.61;76.46;142600;10845891
KMAZ;D;20110404;000000;76.7;77.07;75.11;75.12;285000;21548706
KMAZ;D;20110405;000000;75.25;75.25;74.5;74.87;64800;4854876
KMAZ;D;20110406;000000;75;75.51;75;75.25;213500;16078203
KMAZ;D;20110407;000000;76.53;76.53;74.97;75.27;83400;6281600
KMAZ;D;20110408;000000;75.35;75.35;74.71;74.72;47500;3560782
KMAZ;D;20110411;000000;74.98;75.25;74.52;74.52;51300;3839948
KMAZ;D;20110412;000000;74.52;75;73.3;73.6;127600;9467452
KMAZ;D;20110413;000000;73.63;74.36;73.5;73.71;36500;2693333
KMAZ;D;20110414;000000;73.53;74.35;73.14;73.39;45400;3339068
KMAZ;D;20110415;000000;73.01;74.2;72.81;73.01;63300;4646912
KMAZ;D;20110418;000000;73.03;73.5;69.16;70.61;102400;7322351
KMAZ;D;20110419;000000;70;71.21;69.4;70.77;113100;7947922
KMAZ;D;20110420;000000;70.96;71.4;70.1;70.8;60700;4299282
KMAZ;D;20110421;000000;71.69;71.69;70.68;70.68;25700;1825974
KMAZ;D;20110422;000000;71.03;71.42;70;70.6;59300;4176314
KMAZ;D;20110425;000000;70.6;71.99;70.21;70.45;60500;4302571
KMAZ;D;20110426;000000;70.33;70.78;69.5;70.15;19100;1339121
KMAZ;D;20110427;000000;70.33;70.7;68.38;68.6;56000;3898102
KMAZ;D;20110428;000000;69.4;70.14;67.1;67.48;88000;6002961
KMAZ;D;20110429;000000;68.33;68.85;64.8;66;305900;20091204
KMAZ;D;20110503;000000;65.99;66.2;63.7;64.28;57400;3729324
KMAZ;D;20110504;000000;63.8;63.81;62;62.11;145900;9163582
KMAZ;D;20110505;000000;62.4;64.44;59.7;60.7;252500;15566901
KMAZ;D;20110506;000000;60.75;63.96;60;63;170700;10586026
KMAZ;D;20110510;000000;62.41;63;61.11;62;99200;6131934
KMAZ;D;20110511;000000;62.49;62.97;61.88;62.33;85000;5300796
KMAZ;D;20110512;000000;61.39;61.76;59.55;59.55;150900;9070687
KMAZ;D;20110513;000000;60.17;60.7;59.5;59.87;77000;4617352
KMAZ;D;20110516;000000;59.99;59.99;58.35;59.05;73200;4317711
KMAZ;D;20110517;000000;58.99;60;58.45;58.64;61700;3657928
KMAZ;D;20110518;000000;59.43;59.8;58.68;58.8;46800;2766097
KMAZ;D;20110519;000000;59;59.71;58.85;59.36;95900;5685751
KMAZ;D;20110520;000000;59.37;63.7;59.07;59.69;272100;16596449
KMAZ;D;20110523;000000;59;59.51;58.35;58.4;64700;3804051
KMAZ;D;20110524;000000;58.01;60.88;58.01;60.2;365900;21650397
KMAZ;D;20110525;000000;59.33;61.75;59.33;61;453200;27615784
KMAZ;D;20110526;000000;62.42;62.87;60.45;60.55;64200;3936776
KMAZ;D;20110527;000000;61.39;62.93;61.37;62;378100;23457928
KMAZ;D;20110530;000000;61.71;62.49;61.11;62.19;47200;2927326
KMAZ;D;20110531;000000;62.2;63.54;62.17;62.8;138000;8712975
KMAZ;D;20110601;000000;62.78;63.55;62.05;62.25;174300;11011440
KMAZ;D;20110602;000000;62;62.72;61.44;62.44;40600;2513158
KMAZ;D;20110603;000000;62.57;62.71;61.67;62.16;24700;1533242
KMAZ;D;20110606;000000;62.08;62.3;61.54;61.97;22100;1369504
KMAZ;D;20110607;000000;61.54;63.13;61.52;63;50200;3142584
KMAZ;D;20110608;000000;63.01;63.38;60.1;61.71;74600;4632544
KMAZ;D;20110609;000000;61.99;63;61.83;62.5;27400;1710675
KMAZ;D;20110610;000000;62.02;63.49;60.05;62.64;77000;4832803
KMAZ;D;20110614;000000;62;63.44;61;62.51;36200;2275096
KMAZ;D;20110615;000000;63.19;64.89;63.15;63.15;80700;5177603
KMAZ;D;20110616;000000;62.12;63.28;62.12;62.8;49000;3073330
KMAZ;D;20110617;000000;63.16;63.8;62.34;62.4;32900;2071892
KMAZ;D;20110620;000000;62;63.49;61.17;61.68;24200;1496980
KMAZ;D;20110621;000000;61.21;63.6;61.21;62.95;50700;3186640
KMAZ;D;20110622;000000;62.98;64.29;62.4;62.5;57000;3606903
KMAZ;D;20110623;000000;62.9;63.17;61.5;61.5;65200;4073914
KMAZ;D;20110624;000000;61.5;62.87;61.5;61.83;17300;1072777
KMAZ;D;20110627;000000;61.83;62.1;61.35;61.85;15700;970488
KMAZ;D;20110628;000000;61.98;62;60.87;61.07;83500;5106071
KMAZ;D;20110629;000000;60.9;62;60.85;61.26;39200;2406778
KMAZ;D;20110630;000000;61.37;61.9;61.3;61.32;32500;2000082
KMAZ;D;20110701;000000;61.3;62.68;61;62.68;85200;5265583
KMAZ;D;20110704;000000;62.03;63.1;62.03;62.78;74500;4677127
KMAZ;D;20110705;000000;62.84;64.25;62.41;64.25;134700;8575361
KMAZ;D;20110706;000000;64.26;64.26;63.25;63.88;27900;1776285
KMAZ;D;20110707;000000;64;64.47;63.4;64.05;79900;5108954
KMAZ;D;20110708;000000;63.99;64.51;63.3;63.4;51300;3273509
KMAZ;D;20110711;000000;64.5;64.5;62.8;63;115000;7317110
KMAZ;D;20110712;000000;62;62.64;61.81;62.33;32200;2004024
KMAZ;D;20110713;000000;62.49;62.81;62.01;62.81;32600;2034575
KMAZ;D;20110714;000000;62.74;62.74;62.22;62.52;7200;449062
KMAZ;D;20110715;000000;62.52;62.8;62.04;62.43;50800;3167786
KMAZ;D;20110718;000000;61.43;62.94;61.43;61.58;28000;1733978
KMAZ;D;20110719;000000;61.75;61.92;60.52;60.83;78100;4781328
KMAZ;D;20110720;000000;61;61.19;60.4;60.5;324300;19645582
KMAZ;D;20110721;000000;61.04;61.45;60.48;61.45;67600;4102285
KMAZ;D;20110722;000000;61.1;61.5;60.8;61.35;54600;3340505
KMAZ;D;20110725;000000;61.04;61.44;60.5;61.32;39200;2388569
KMAZ;D;20110726;000000;61.05;61.59;61;61.06;128900;7888591
KMAZ;D;20110727;000000;62.97;62.97;60.31;60.35;33800;2052970
KMAZ;D;20110728;000000;60.27;60.48;59.8;60.11;38900;2335826
KMAZ;D;20110729;000000;60;60.48;59.63;59.7;147900;8908794
KMAZ;D;20110801;000000;60;60.8;60;60.14;49400;2985153
KMAZ;D;20110802;000000;60.2;60.41;60;60.1;25800;1553431
KMAZ;D;20110803;000000;58.65;60;58;58;72500;4270195
KMAZ;D;20110804;000000;58.29;58.96;56.26;56.29;86700;4980086
KMAZ;D;20110805;000000;51.73;54.88;51.01;54.01;177100;9383553
KMAZ;D;20110808;000000;59.76;59.76;48.6;49.15;163000;8260830
KMAZ;D;20110809;000000;48.47;50.49;42.8;49.99;262000;12040074
KMAZ;D;20110810;000000;51.89;52.2;46.5;47.01;90200;4474374
KMAZ;D;20110811;000000;47.98;49.78;41.77;44.7;312100;13574736
KMAZ;D;20110812;000000;46;46;42.55;45.7;213600;9531414
KMAZ;D;20110815;000000;46.41;47.99;45.09;46.32;129400;6019807
KMAZ;D;20110816;000000;46.5;46.9;45.16;45.5;158700;7251698
KMAZ;D;20110817;000000;45.6;46.38;45.05;46.38;107100;4902821
KMAZ;D;20110818;000000;46.35;46.8;42.51;42.61;119300;5298671
KMAZ;D;20110819;000000;42.18;42.77;40.32;41.97;122900;5089070
KMAZ;D;20110822;000000;41.04;43.6;41;42.4;159500;6782164
KMAZ;D;20110823;000000;43.2;43.2;41.43;41.72;47100;2000678
KMAZ;D;20110824;000000;42.57;42.57;41.51;42.31;29500;1236991
KMAZ;D;20110825;000000;42.66;42.83;41.61;41.85;89200;3772049
KMAZ;D;20110826;000000;42.53;42.93;41.5;41.98;25400;1069707
KMAZ;D;20110829;000000;43;44;42.6;43.86;118000;5120682
KMAZ;D;20110830;000000;44.74;44.95;43.5;44.87;114600;5069575
KMAZ;D;20110831;000000;45.3;49.65;45.3;47.91;1138600;53917077
KMAZ;D;20110901;000000;48.4;50.9;46.21;48.08;378000;18459013
KMAZ;D;20110902;000000;47.51;47.93;46.02;46.63;176600;8246102
KMAZ;D;20110905;000000;45.27;46.33;44.31;44.56;192600;8727744
KMAZ;D;20110906;000000;44.3;48;43.99;47.95;215100;9871836
KMAZ;D;20110907;000000;48.5;48.5;47.1;48.02;145600;6997651
KMAZ;D;20110908;000000;48.07;48.17;47.5;48.05;61900;2965559
KMAZ;D;20110909;000000;48;48;46.78;47.1;33200;1564782
KMAZ;D;20110912;000000;46.01;46.52;43.8;45.02;160000;7155890
KMAZ;D;20110913;000000;46.72;46.72;45.05;45.75;34800;1586393
KMAZ;D;20110914;000000;45.76;46.42;45.7;45.75;23600;1085121
KMAZ;D;20110915;000000;46.09;47;46.05;47;44200;2055959
KMAZ;D;20110916;000000;47.74;48;45.39;45.51;247800;11506077
KMAZ;D;20110919;000000;45.52;46.55;45;46.4;92500;4250590
KMAZ;D;20110920;000000;46.99;49;46.61;47.79;141500;6779867
KMAZ;D;20110921;000000;47.6;48.79;47.01;48.28;99800;4788261
KMAZ;D;20110922;000000;46.5;47.01;43;43.01;110600;4955530
KMAZ;D;20110923;000000;43.01;43.25;40.11;42.29;97900;4051815
KMAZ;D;20110926;000000;42.29;43.93;38.29;41.43;129200;5335187
KMAZ;D;20110927;000000;46.52;46.52;42.1;43.75;75700;3278464
KMAZ;D;20110928;000000;43.34;43.43;42.35;42.51;27800;1191279
KMAZ;D;20110929;000000;42.73;44.5;42.41;43.75;141400;6144717
KMAZ;D;20110930;000000;44.46;44.46;41;41;31500;1329638
KMAZ;D;20111003;000000;41.2;41.56;38.73;40.31;64200;2592633
KMAZ;D;20111004;000000;39.03;42.64;38.78;39.01;69000;2783833
KMAZ;D;20111005;000000;40.99;40.99;38.52;39.87;35400;1405915
KMAZ;D;20111006;000000;41;42.1;40.71;41.7;45700;1899274
KMAZ;D;20111007;000000;42.48;44;41.9;42.78;61500;2594524
KMAZ;D;20111010;000000;43.27;44.49;42.7;43.9;141200;6158328
KMAZ;D;20111011;000000;44.78;44.78;42;42.4;73300;3114192
KMAZ;D;20111012;000000;42;42.95;41.39;42.56;111100;4680172
KMAZ;D;20111013;000000;42.12;43.97;40.81;41.98;67700;2858374
KMAZ;D;20111014;000000;42;43.3;41.14;43.19;184800;7881395
KMAZ;D;20111017;000000;43.49;43.94;41.4;41.83;89000;3777726
KMAZ;D;20111018;000000;41.58;42.5;41.1;42.47;31400;1312415
KMAZ;D;20111019;000000;42.57;43.29;42.1;43.18;46400;1976617
KMAZ;D;20111020;000000;42.59;42.97;41.01;42.4;115600;4847690
KMAZ;D;20111021;000000;42;42.9;41.8;42.49;53200;2241870
KMAZ;D;20111024;000000;43.47;44;42.66;43.21;117700;5090333
KMAZ;D;20111025;000000;42.89;44.39;42.52;43.18;103600;4488309
KMAZ;D;20111026;000000;42.71;43.8;42.71;43.36;136200;5893149
KMAZ;D;20111027;000000;44.4;45.15;43.72;44.49;444400;19712657
KMAZ;D;20111028;000000;44.63;45.75;44.03;44.77;215300;9646401
KMAZ;D;20111031;000000;44.95;45.2;44.15;44.57;147100;6586353
KMAZ;D;20111101;000000;44.3;44.88;42;42.33;113400;4887112
KMAZ;D;20111102;000000;42.55;43.5;42.3;43.5;71100;3047803
KMAZ;D;20111103;000000;43.07;43.6;42;43.6;32500;1391579
KMAZ;D;20111107;000000;44.68;44.68;43;43.92;22000;959476
KMAZ;D;20111108;000000;44.86;44.86;43.53;44.15;47600;2113397
KMAZ;D;20111109;000000;44.67;44.67;41.18;41.88;96900;4156530
KMAZ;D;20111110;000000;41.96;42.6;41.12;42.32;31800;1340171
KMAZ;D;20111111;000000;42.5;43;42.05;42.55;20600;871773
KMAZ;D;20111114;000000;43.07;43.49;42.45;42.49;34300;1467417
KMAZ;D;20111115;000000;42.2;42.6;41.23;41.8;52100;2192142
KMAZ;D;20111116;000000;41.5;41.5;40.1;40.94;194000;7859511
KMAZ;D;20111117;000000;40.46;40.95;40.05;40.95;71500;2888602
KMAZ;D;20111118;000000;40.74;40.84;40.04;40.58;28800;1166413
KMAZ;D;20111121;000000;40.36;41.43;38.4;39.22;68100;2718334
KMAZ;D;20111122;000000;39.51;41.7;38.96;40;57600;2322167
KMAZ;D;20111123;000000;40;40.29;39;40.22;56600;2241763
KMAZ;D;20111124;000000;40.2;40.37;39.9;40.22;18300;733351
KMAZ;D;20111125;000000;39.9;40.27;39;40;41600;1643787
KMAZ;D;20111128;000000;40.45;41;39.79;40.9;71800;2904303
KMAZ;D;20111129;000000;41;41;39.63;40.07;46100;1845505
KMAZ;D;20111130;000000;40.29;40.6;39.77;40.5;69700;2799502
KMAZ;D;20111201;000000;40.75;44.4;40.5;42;500900;21400861
KMAZ;D;20111202;000000;42.09;43.09;41.7;42.48;94300;3980291
KMAZ;D;20111205;000000;41.9;42.48;41.81;42.1;43500;1833365
KMAZ;D;20111206;000000;41.67;41.94;40.68;40.96;136600;5631523
KMAZ;D;20111207;000000;41.06;41.22;40.16;40.9;60900;2492369
KMAZ;D;20111208;000000;41.11;41.27;40.59;41.04;12500;513227
KMAZ;D;20111209;000000;40.16;40.16;38.72;39.89;58900;2330062
KMAZ;D;20111212;000000;40.39;40.97;38.66;38.94;44600;1768933
KMAZ;D;20111213;000000;39.52;39.78;38.66;39.44;47900;1872744
KMAZ;D;20111214;000000;39.24;39.66;38.84;39;41400;1617434
KMAZ;D;20111215;000000;38.98;39.58;38.95;39.5;18400;723611
KMAZ;D;20111216;000000;40.28;40.3;39.45;39.97;15100;601538
KMAZ;D;20111219;000000;39.2;39.55;39;39.35;5700;223604
KMAZ;D;20111220;000000;39.1;39.5;38.62;39;89700;3481892
KMAZ;D;20111221;000000;39.84;40.5;38.6;38.79;140800;5497638
KMAZ;D;20111222;000000;38.55;38.94;37.71;37.71;81100;3094122
KMAZ;D;20111223;000000;37.56;38.9;36.51;37.33;97900;3705160
KMAZ;D;20111226;000000;37.36;37.78;36.61;37;65800;2436407
KMAZ;D;20111227;000000;37.14;37.14;36;36.3;77300;2808121
KMAZ;D;20111228;000000;36.19;36.84;36.14;36.23;35700;1297527
KMAZ;D;20111229;000000;36.48;36.56;34.23;35.06;145300;5095083
KMAZ;D;20111230;000000;35.38;36.6;35;35.16;79200;2806106
KMAZ;D;20120103;000000;35.7;36.9;35.7;36.64;24500;894296
KMAZ;D;20120104;000000;36.48;37.88;36.48;37;53900;2013883
KMAZ;D;20120105;000000;37.01;37.01;36.02;36.61;53400;1956058
KMAZ;D;20120106;000000;36.35;37;36.35;36.8;25300;930617
KMAZ;D;20120109;000000;37.26;37.76;36.67;36.82;16300;603826
KMAZ;D;20120110;000000;37;37.6;36.85;37.2;190400;7051423
KMAZ;D;20120111;000000;37.25;38.87;36.67;37.22;256100;9654352
KMAZ;D;20120112;000000;37.36;38.4;37.2;38.25;167000;6324153
KMAZ;D;20120113;000000;38.13;38.78;37.65;37.65;69700;2650860
KMAZ;D;20120116;000000;37.49;37.9;37;37.37;55500;2080421
KMAZ;D;20120117;000000;37.56;41.37;37.53;39.96;409500;16321114
KMAZ;D;20120118;000000;39.96;40.28;39.34;39.8;266500;10610266
KMAZ;D;20120119;000000;40;40.92;39.6;39.79;174300;6985151
KMAZ;D;20120120;000000;40.44;40.47;39.01;39.2;80500;3169585
KMAZ;D;20120123;000000;39.14;39.57;39.11;39.38;42100;1650289
KMAZ;D;20120124;000000;38.58;39.32;38.58;38.79;35200;1370677
KMAZ;D;20120125;000000;38.8;39.37;38.8;39.3;15800;617942
KMAZ;D;20120126;000000;39.41;39.99;39.3;39.4;47900;1896923
KMAZ;D;20120127;000000;39.26;39.4;38.52;39.1;32700;1275100
KMAZ;D;20120130;000000;38.91;47.79;38.68;43.99;842000;36984721
KMAZ;D;20120131;000000;44.41;45.99;43.93;44.45;505400;22658754
KMAZ;D;20120201;000000;44.38;44.38;42.68;42.87;256100;11056029
KMAZ;D;20120202;000000;43.65;43.65;42.24;42.48;98000;4193096
KMAZ;D;20120203;000000;42.73;43.1;42.53;42.85;79400;3392014
KMAZ;D;20120206;000000;43.55;43.94;42.9;43.25;116800;5066295
KMAZ;D;20120207;000000;43;43.27;42.75;42.86;51600;2219258
KMAZ;D;20120208;000000;43.02;43.9;42.88;43.64;136400;5904907
KMAZ;D;20120209;000000;43.22;43.8;43;43.46;66900;2898318
KMAZ;D;20120210;000000;43.62;43.62;41.82;42.45;88300;3781113
KMAZ;D;20120213;000000;42.73;44.4;42.52;44.1;113400;4917072
KMAZ;D;20120214;000000;44.05;52.79;44.05;50.03;3166300;156225834
KMAZ;D;20120215;000000;51.11;54.87;48.27;48.5;4110200;214550612
KMAZ;D;20120216;000000;48;48;45.75;46.25;747100;34704718
KMAZ;D;20120217;000000;46.43;46.8;45.64;46.09;494800;22794605
KMAZ;D;20120220;000000;46.59;49.1;45.85;46.82;622500;29487704
KMAZ;D;20120221;000000;46.9;47.3;45.76;46.4;215600;9999611
KMAZ;D;20120222;000000;46.78;48.74;46.28;46.49;409800;19368549
KMAZ;D;20120224;000000;46.78;48.17;46.68;47.55;197700;9370986
KMAZ;D;20120227;000000;47.22;48.19;46.51;47.22;138900;6541828
KMAZ;D;20120228;000000;47.49;47.86;46.05;46.15;100000;4650878
KMAZ;D;20120229;000000;46.33;46.7;45.55;46.17;153800;7075196
KMAZ;D;20120301;000000;46;46;41.13;45.01;166300;7478268
KMAZ;D;20120302;000000;45.08;45.7;44.9;45.25;65100;2948813
KMAZ;D;20120305;000000;45.24;45.72;45.24;45.36;64500;2930029
KMAZ;D;20120306;000000;45.06;45.06;42.6;42.85;323100;13996930
KMAZ;D;20120307;000000;42.45;44.8;41.9;43.6;375300;16314736
KMAZ;D;20120311;000000;44.49;45.5;44;44.67;221900;9904794
KMAZ;D;20120312;000000;44.49;44.67;43.75;44;119100;5261598
KMAZ;D;20120313;000000;44.35;44.37;43.65;43.94;60500;2653138
KMAZ;D;20120314;000000;44.01;47.36;44.01;45.7;658600;30191035
KMAZ;D;20120315;000000;45.7;47.3;45;45.78;168400;7765054
KMAZ;D;20120316;000000;46.3;46.3;45.75;45.82;85400;3912162
KMAZ;D;20120319;000000;45.84;50.31;44.78;48.8;2665100;129171515
KMAZ;D;20120320;000000;48.42;48.99;46.71;47;322000;15333174
KMAZ;D;20120321;000000;47.14;47.25;46.08;46.21;141800;6593919
KMAZ;D;20120322;000000;46.62;47.39;45.84;46.5;176500;8203997
KMAZ;D;20120323;000000;46.29;46.75;46;46.75;58300;2708295
KMAZ;D;20120326;000000;47.14;49.47;47.14;47.8;290800;13993509
KMAZ;D;20120327;000000;48.15;49.35;47.12;47.42;231400;11241482
KMAZ;D;20120328;000000;47.51;48.51;46.58;46.74;166900;7914907
KMAZ;D;20120329;000000;46.91;47.48;45;45.96;200800;9241798
KMAZ;D;20120330;000000;46.06;47.65;45.52;46.53;186800;8701935
KMAZ;D;20120402;000000;46.97;47.4;46.2;46.6;71700;3339564
KMAZ;D;20120403;000000;47.57;47.9;46.86;47.01;113000;5354728
KMAZ;D;20120404;000000;46.54;47.4;46.15;46.52;55200;2582576
KMAZ;D;20120405;000000;46.06;47.37;46.06;47.2;63500;2978534
KMAZ;D;20120406;000000;47.32;47.37;46.11;46.25;44700;2091668
KMAZ;D;20120409;000000;46.15;46.16;44.42;45.49;69900;3178533
KMAZ;D;20120410;000000;45.5;46.1;45.16;45.7;35000;1594709
KMAZ;D;20120411;000000;45.5;45.54;43.01;44.98;160600;7177955
KMAZ;D;20120412;000000;44.99;47.3;44.75;45.67;177900;8241623
KMAZ;D;20120413;000000;46.2;49.87;46.2;47.9;685200;33153768
KMAZ;D;20120416;000000;47.8;49.13;47.18;48.47;402700;19395717
KMAZ;D;20120417;000000;48.7;48.8;47.01;47.57;135400;6484649
KMAZ;D;20120418;000000;47.61;47.8;46.82;47.6;155300;7323600
KMAZ;D;20120419;000000;47.29;47.92;46.8;47.18;122100;5760416
KMAZ;D;20120420;000000;46.95;48.31;46.8;48.24;179200;8561696
KMAZ;D;20120423;000000;48;48.48;47.13;48.12;136300;6550344
KMAZ;D;20120424;000000;47.83;49.25;47.7;48.5;226200;10965389
KMAZ;D;20120425;000000;49;51;48.6;50.09;448000;22312628
KMAZ;D;20120426;000000;50.32;53.69;50.11;52.25;953700;49396336
KMAZ;D;20120427;000000;52.33;55.8;51.7;54.14;1710700;93451983
KMAZ;D;20120428;000000;54.11;54.54;52.81;53.79;55100;2946867
KMAZ;D;20120502;000000;53.8;54.7;49.87;50.36;525100;27458229
KMAZ;D;20120503;000000;50.3;50.77;47.51;48.18;252000;12342031
KMAZ;D;20120504;000000;48.22;48.9;46.99;48;295700;14107314
KMAZ;D;20120505;000000;48.59;48.86;47.9;48.65;68400;3317092
KMAZ;D;20120507;000000;47.86;47.99;44.44;46.9;40700;1902102
KMAZ;D;20120508;000000;47.54;47.6;47.23;47.41;8600;407168
KMAZ;D;20120510;000000;47.79;51.67;47.79;49.76;119500;5926331
KMAZ;D;20120511;000000;49.51;49.51;48.05;48.42;163900;8022631
KMAZ;D;20120512;000000;48.33;48.8;48.23;48.41;8000;388682
KMAZ;D;20120514;000000;48.63;49.4;47.71;47.9;69200;3358990
KMAZ;D;20120515;000000;47.78;48.45;47.71;48.45;75000;3591552
KMAZ;D;20120516;000000;47.89;48.5;47.75;48.04;61900;2966833
KMAZ;D;20120517;000000;48.03;49.1;47.31;47.31;220700;10662603
KMAZ;D;20120518;000000;47.05;48.9;46.16;47.11;567600;26909586
KMAZ;D;20120521;000000;46.95;48.41;46.95;48.4;31900;1531002
KMAZ;D;20120522;000000;48.41;49.57;48.24;48.27;13900;675018
KMAZ;D;20120523;000000;48.26;48.66;47.5;47.89;145900;7034025
KMAZ;D;20120524;000000;47.85;48.23;46.62;47.35;108000;5130068
KMAZ;D;20120525;000000;47.58;48.23;47.3;47.98;47100;2246282
KMAZ;D;20120528;000000;47.5;47.55;46.55;46.85;196100;9217537
KMAZ;D;20120529;000000;47.31;47.31;46;46.5;146600;6805830
KMAZ;D;20120530;000000;46.5;46.77;44.14;45.37;44400;2016186
KMAZ;D;20120531;000000;45.37;47.47;44.8;45.22;25300;1153105
KMAZ;D;20120601;000000;45.02;45.87;42.81;43.19;75600;3329054
KMAZ;D;20120604;000000;42.8;43.26;41.54;41.85;134400;5645839
KMAZ;D;20120605;000000;41.95;42.98;41.9;42.14;35400;1493760
KMAZ;D;20120606;000000;42.15;42.84;41.73;42.74;61500;2604359
KMAZ;D;20120607;000000;42.79;42.83;42.36;42.8;47400;2021929
KMAZ;D;20120608;000000;42.39;42.54;42.1;42.37;34500;1458238
KMAZ;D;20120609;000000;42.55;45.75;42.46;44.23;123400;5446957
KMAZ;D;20120613;000000;44;46.48;43.22;44.78;63400;2840106
KMAZ;D;20120614;000000;44.35;45.4;43.5;45.4;32000;1414824
KMAZ;D;20120615;000000;44.28;45.4;44.28;44.7;32400;1458102
KMAZ;D;20120618;000000;45;45.6;45;45.27;45700;2065323
KMAZ;D;20120619;000000;44.98;45.27;44.79;44.87;15400;692482
KMAZ;D;20120620;000000;44.96;44.96;44.2;44.22;13700;611576
KMAZ;D;20120621;000000;44.47;45;44.01;44.02;23600;1052092
KMAZ;D;20120622;000000;43.8;43.8;42.4;43.15;40900;1756129
KMAZ;D;20120625;000000;42.6;43.94;42.6;43.3;8300;360592
KMAZ;D;20120626;000000;44.35;44.7;43.52;43.73;11600;506805
KMAZ;D;20120627;000000;44.06;44.3;43.37;44.24;16900;743271
KMAZ;D;20120628;000000;44.27;44.3;43.58;43.58;4800;210905
KMAZ;D;20120629;000000;43.89;45.7;43.89;45.19;77500;3480921
KMAZ;D;20120702;000000;45.45;45.98;44.2;44.67;70100;3128415
KMAZ;D;20120703;000000;44.71;44.71;43.67;44.4;157700;6970430
KMAZ;D;20120704;000000;44.79;44.89;44.32;44.5;36100;1606713
KMAZ;D;20120705;000000;44.13;44.5;44.02;44.42;12800;566996
KMAZ;D;20120706;000000;43.86;44.47;42.95;43.4;76700;3329632
KMAZ;D;20120709;000000;43.1;43.5;43;43.07;13300;574144
KMAZ;D;20120710;000000;42.81;43.89;42.81;43.79;27000;1166879
KMAZ;D;20120711;000000;43.02;43.15;42.89;43.15;21800;938350
KMAZ;D;20120712;000000;42.91;43.3;42.64;43.04;24000;1032100
KMAZ;D;20120713;000000;43.05;43.25;42.8;43.15;10200;439174
KMAZ;D;20120716;000000;43.09;43.35;42.83;43.2;43700;1881152
KMAZ;D;20120717;000000;43.05;43.3;43;43;18000;775231
KMAZ;D;20120718;000000;43.57;43.57;42.9;42.96;15300;660089
KMAZ;D;20120719;000000;43.39;44.56;43.12;43.67;51700;2270919
KMAZ;D;20120720;000000;43.32;43.56;42.82;43.12;30700;1322815
KMAZ;D;20120723;000000;42.56;42.56;41.02;41.96;49400;2062885
KMAZ;D;20120724;000000;41.4;41.95;41.27;41.88;2900;120495
KMAZ;D;20120725;000000;41.86;42;41.14;41.99;14400;600408
KMAZ;D;20120726;000000;42;43.05;41.65;42.24;51600;2174249
KMAZ;D;20120727;000000;42.46;42.99;41.75;42.26;40800;1722552
KMAZ;D;20120730;000000;42.64;43.2;42.43;42.7;25300;1085800
KMAZ;D;20120731;000000;42.4;42.66;41.77;42;40800;1717506
KMAZ;D;20120801;000000;41.79;42.3;41.53;42;35300;1484347
KMAZ;D;20120802;000000;41.6;42.7;41;41;68800;2859027
KMAZ;D;20120803;000000;40.99;41.8;40.99;41.62;32700;1352624
KMAZ;D;20120806;000000;36.37;42.36;36.37;42;79900;3356379
KMAZ;D;20120807;000000;42.1;42.4;41.76;41.95;52600;2208658
KMAZ;D;20120808;000000;36.06;42.28;36.06;41.44;116200;4850245
KMAZ;D;20120809;000000;46.99;46.99;41.25;41.82;156300;6528240
KMAZ;D;20120810;000000;41.79;41.82;41.13;41.31;47600;1983178
KMAZ;D;20120813;000000;46.39;46.39;41.2;41.47;58300;2415984
KMAZ;D;20120814;000000;41.22;41.88;41.22;41.26;60800;2524195
KMAZ;D;20120815;000000;41.2;41.97;40.3;40.7;55500;2269598
KMAZ;D;20120816;000000;45.94;45.94;40.57;40.85;54500;2234053
KMAZ;D;20120817;000000;41.01;41.19;40.75;40.93;28200;1153243
KMAZ;D;20120820;000000;40.86;41.29;40.5;40.8;13100;532772
KMAZ;D;20120821;000000;40.79;41.75;40.79;41.5;29500;1221552
KMAZ;D;20120822;000000;40.65;41.22;40.65;40.83;20800;852595
KMAZ;D;20120823;000000;41.38;41.5;40.53;41;39900;1639798
KMAZ;D;20120824;000000;40.99;41;40.4;40.5;30700;1245959
KMAZ;D;20120827;000000;40.41;40.7;40.1;40.34;56900;2298324
KMAZ;D;20120828;000000;40.03;40.3;39.6;39.61;54700;2185311
KMAZ;D;20120829;000000;39.57;40.13;39;39.7;43300;1710570
KMAZ;D;20120830;000000;39.2;39.41;39.1;39.15;14800;580093
KMAZ;D;20120831;000000;39.5;39.79;39.2;39.27;34100;1346417
KMAZ;D;20120903;000000;39.25;39.55;38.84;39.22;62400;2439123
KMAZ;D;20120904;000000;39.19;39.42;38.87;39.23;26900;1054508
KMAZ;D;20120905;000000;39.18;39.19;38.6;38.6;34500;1340066
KMAZ;D;20120906;000000;38.77;38.8;38.58;38.77;79100;3059418
KMAZ;D;20120907;000000;39.19;39.46;38.77;39.25;83400;3272143
KMAZ;D;20120910;000000;39.01;39.32;38.86;39.23;72100;2817963
KMAZ;D;20120911;000000;39.24;39.24;38.08;38.68;137800;5328534
KMAZ;D;20120912;000000;38.78;40.8;38.53;39.9;339300;13611099
KMAZ;D;20120913;000000;40.57;41.83;40.02;40.25;147900;5987260
KMAZ;D;20120914;000000;41;42.42;40;41.14;215400;8822446
KMAZ;D;20120917;000000;40.94;41.54;40.5;41.15;101700;4161077
KMAZ;D;20120918;000000;40.85;41.4;40.5;40.53;70200;2868410
KMAZ;D;20120919;000000;40.98;41.1;39.2;39.65;106900;4268239
KMAZ;D;20120920;000000;40;40;39;39.32;41400;1627943
KMAZ;D;20120921;000000;39.92;39.94;39.33;39.35;12800;506943
KMAZ;D;20120924;000000;39.07;39.61;38.8;39.25;32100;1255191
KMAZ;D;20120925;000000;39.38;41.44;39.38;40.72;387700;15752860
KMAZ;D;20120926;000000;40.1;40.95;39.51;39.77;161700;6471333
KMAZ;D;20120927;000000;39.98;40.98;39.65;40;209700;8404223
KMAZ;D;20120928;000000;40.23;41.95;40.1;40.64;315500;12890903
KMAZ;D;20121001;000000;40.51;41.34;40.23;41.02;176600;7201037
KMAZ;D;20121002;000000;41;41.55;40.88;41.26;72200;2978110
KMAZ;D;20121003;000000;41.25;41.38;40.65;40.99;31300;1281401
KMAZ;D;20121004;000000;40.58;42;40.03;41.09;190500;7888418
KMAZ;D;20121005;000000;41.59;41.8;41.3;41.67;51000;2116649
KMAZ;D;20121008;000000;41.79;42.11;41.35;41.39;34200;1421558
KMAZ;D;20121009;000000;41.38;41.98;39.84;40.05;344000;13876349
KMAZ;D;20121010;000000;39.8;40.9;39.51;40.9;115100;4615905
KMAZ;D;20121011;000000;40.13;41.2;40.07;40.71;156100;6386541
KMAZ;D;20121012;000000;40.99;41.15;39.93;40.06;73200;2944826
KMAZ;D;20121015;000000;44.14;44.14;39.55;39.73;71500;2859508
KMAZ;D;20121016;000000;39.47;40.1;38.56;38.75;618900;24060835
KMAZ;D;20121017;000000;33.3;39.7;33.3;38.81;191600;7482669
KMAZ;D;20121018;000000;39.19;39.57;38.86;38.95;66900;2622329
KMAZ;D;20121019;000000;39.19;39.4;38.5;38.6;69300;2685105
KMAZ;D;20121022;000000;38.5;38.94;38.1;38.94;30600;1181950
KMAZ;D;20121023;000000;38.53;39.1;37.51;37.66;118800;4523393
KMAZ;D;20121024;000000;37.61;37.96;37.32;37.96;63300;2374059
KMAZ;D;20121025;000000;39.06;39.06;37.63;38;34100;1301106
KMAZ;D;20121026;000000;37.43;39.59;37.43;38.7;120800;4669524
KMAZ;D;20121029;000000;38.46;38.73;38;38.35;20100;771143
KMAZ;D;20121030;000000;38.06;38.65;38.06;38.26;10500;401835
KMAZ;D;20121031;000000;38.57;38.57;38;38.35;12100;463583
KMAZ;D;20121101;000000;38.02;39.44;37.88;38.77;63500;2446018
KMAZ;D;20121102;000000;38.78;39.08;38.01;39.08;53200;2059728
KMAZ;D;20121106;000000;38.99;39.91;38.78;39.47;160000;6306230
KMAZ;D;20121107;000000;39.94;40;39;39;53300;2101970
KMAZ;D;20121108;000000;39.01;39.01;38;38.63;113900;4389295
KMAZ;D;20121109;000000;38.57;39;37.7;38.7;105600;4075646
KMAZ;D;20121112;000000;38.38;38.63;38.15;38.49;13900;532696
KMAZ;D;20121113;000000;38.07;38.6;37.13;37.37;46300;1746443
KMAZ;D;20121114;000000;37.85;38.33;36.8;37.35;60900;2297114
KMAZ;D;20121115;000000;37.29;37.63;37;37.63;57600;2139954
KMAZ;D;20121116;000000;37.14;38.16;37.11;37.36;28700;1071286
KMAZ;D;20121119;000000;37.98;37.98;37.07;37.15;72900;2710625
KMAZ;D;20121120;000000;37.32;37.36;36.17;36.29;113100;4155997
KMAZ;D;20121121;000000;36.17;36.36;35.88;36.22;104000;3758769
KMAZ;D;20121122;000000;32.46;36.38;32.46;35.8;134700;4823522
KMAZ;D;20121123;000000;35.97;36;35.5;36;92600;3308019
KMAZ;D;20121126;000000;35.99;36;34.99;35.28;91800;3239411
KMAZ;D;20121127;000000;35.48;35.63;35.09;35.21;22700;803435
KMAZ;D;20121128;000000;35.17;35.49;34.6;34.73;65800;2299984
KMAZ;D;20121129;000000;34.74;35.2;34.74;35.18;58600;2052196
KMAZ;D;20121130;000000;35.29;35.55;35.1;35.55;21700;768845
KMAZ;D;20121203;000000;35.01;36.54;35;36.46;67700;2409015
KMAZ;D;20121204;000000;36.26;36.26;35.72;35.85;25200;908901
KMAZ;D;20121205;000000;36.42;36.42;36;36.17;20000;723788
KMAZ;D;20121206;000000;35.91;36.4;35.91;36.11;77400;2809731
KMAZ;D;20121207;000000;36.29;37.59;36.29;37.38;234200;8696357
KMAZ;D;20121210;000000;37.36;39.02;37.05;38.46;281000;10798560
KMAZ;D;20121211;000000;38.69;38.69;37.19;37.6;83300;3133697
KMAZ;D;20121212;000000;37.75;37.89;37.47;37.6;174900;6576599
KMAZ;D;20121213;000000;37.5;37.55;37.07;37.11;84300;3127961
KMAZ;D;20121214;000000;37.1;37.21;36.93;37.21;22700;841840
KMAZ;D;20121217;000000;37.22;37.43;36.62;37.19;28300;1046354
KMAZ;D;20121218;000000;37.04;37.69;37.03;37.51;62400;2338070
KMAZ;D;20121219;000000;37.88;38.2;37.52;38.15;68200;2590033
KMAZ;D;20121220;000000;38.01;38.38;37.5;38.14;67600;2569189
KMAZ;D;20121221;000000;37.92;38.1;37.15;37.22;28900;1084706
KMAZ;D;20121224;000000;37.3;37.5;37.08;37.18;35900;1342744
KMAZ;D;20121225;000000;37.11;37.45;36.73;37.29;241300;8996887
KMAZ;D;20121226;000000;37.43;37.48;36.91;37.17;140300;5238152
KMAZ;D;20121227;000000;37.33;37.6;37.08;37.5;25600;959012
KMAZ;D;20121228;000000;37.5;37.5;36.73;37.47;41800;1555821
KMAZ;D;20130108;000000;37.68;37.97;37.1;37.7;73000;2737554
KMAZ;D;20130109;000000;37.81;38;37.19;37.9;59200;2226460
KMAZ;D;20130110;000000;38;38.42;37.9;38.17;111400;4247235
KMAZ;D;20130111;000000;38.26;38.5;38;38.32;35100;1344465
KMAZ;D;20130114;000000;38.39;39.9;38.39;39.55;284200;11234570
KMAZ;D;20130115;000000;39.5;40.59;39.18;39.34;113000;4517440
KMAZ;D;20130116;000000;39.39;39.39;38.54;38.86;67100;2609389
KMAZ;D;20130117;000000;38.97;40.79;38.77;40;259300;10372232
KMAZ;D;20130118;000000;40.28;40.3;39.75;40;92800;3708663
KMAZ;D;20130121;000000;40.5;41.27;39.81;40.3;182200;7375810
KMAZ;D;20130122;000000;40.2;40.39;39.3;39.7;82900;3292952
KMAZ;D;20130123;000000;39.7;40.4;39.5;40.13;58600;2346545
KMAZ;D;20130124;000000;40.15;40.33;39.56;40.27;118400;4712992
KMAZ;D;20130125;000000;40.29;40.7;39.8;40.08;245100;9844420
KMAZ;D;20130128;000000;40.07;40.57;39.62;40;107800;4305991
KMAZ;D;20130129;000000;40.08;40.37;39.67;39.68;199000;7964853
KMAZ;D;20130130;000000;39.7;39.99;38.85;38.91;69900;2756291
KMAZ;D;20130131;000000;38.8;39.25;38.22;38.35;57700;2232416
KMAZ;D;20130201;000000;38.44;39.22;38.38;38.4;78700;3041200
KMAZ;D;20130204;000000;38.82;38.87;37.81;37.91;61900;2371551
KMAZ;D;20130205;000000;38;38;37.45;37.71;76100;2858401
KMAZ;D;20130206;000000;37.77;37.77;37.01;37.23;68200;2548689
KMAZ;D;20130207;000000;37.35;37.38;36.6;36.8;164800;6092545
KMAZ;D;20130208;000000;37.26;37.26;36.25;37.1;102100;3760746
KMAZ;D;20130211;000000;37.2;37.8;36.66;37.25;53200;1986921
KMAZ;D;20130212;000000;37.25;37.4;37;37.34;27300;1016728
KMAZ;D;20130213;000000;37.49;39.16;37.49;38.56;207300;7965046
KMAZ;D;20130214;000000;38.57;39.76;38;38.7;338800;13212935
KMAZ;D;20130215;000000;39.2;39.5;38.26;38.97;93800;3658306
KMAZ;D;20130218;000000;39.5;39.5;38.51;39.06;53800;2101252
KMAZ;D;20130219;000000;39.07;41.15;39.07;41;381700;15461925
KMAZ;D;20130220;000000;41.66;42.5;40.98;40.98;327500;13722036
KMAZ;D;20130221;000000;40.98;41.2;39.51;40.26;141900;5710058
KMAZ;D;20130222;000000;40.13;42.7;39.74;41.05;402900;16702274
KMAZ;D;20130225;000000;41.14;41.68;41;41.36;63800;2634306
KMAZ;D;20130226;000000;40.52;41;40.51;40.58;50400;2054682
KMAZ;D;20130227;000000;40.51;41.28;39.93;40.15;55600;2254887
KMAZ;D;20130228;000000;40.4;40.98;40.4;40.63;34600;1406876
KMAZ;D;20130301;000000;40.66;40.66;40.11;40.25;42700;1722758
KMAZ;D;20130304;000000;40.06;40.6;39.56;40.07;42300;1690820
KMAZ;D;20130305;000000;40;40.09;39.9;40.08;12100;483079
KMAZ;D;20130306;000000;40.49;40.5;39.75;39.75;27200;1085375
KMAZ;D;20130307;000000;39.64;40.2;39.4;39.85;39200;1558078
KMAZ;D;20130311;000000;40.39;40.39;39.75;39.75;11500;460233
KMAZ;D;20130312;000000;40.17;40.17;39.25;39.59;17200;678066
KMAZ;D;20130313;000000;39.58;40;39.3;39.51;21500;851122
KMAZ;D;20130314;000000;39.51;40;39.4;39.68;20900;830929
KMAZ;D;20130315;000000;39.55;40;39.55;39.87;28500;1137016
KMAZ;D;20130318;000000;39.29;41;38.1;39.67;105500;4178252
KMAZ;D;20130319;000000;39.99;40;39.31;39.7;24900;986951
KMAZ;D;20130320;000000;39.53;39.61;39.05;39.05;18700;738390
KMAZ;D;20130321;000000;39.21;39.74;39.2;39.5;27600;1085356
KMAZ;D;20130322;000000;39.32;39.42;39.05;39.2;22200;870018
KMAZ;D;20130325;000000;39.89;39.9;39.26;39.29;23200;920564
KMAZ;D;20130326;000000;39.31;39.49;37.5;38.15;136700;5222305
KMAZ;D;20130327;000000;39.1;39.18;38.08;38.53;155200;6005846
KMAZ;D;20130328;000000;37.93;38.68;37.5;38.28;17600;666934
KMAZ;D;20130329;000000;38.5;38.5;38.02;38.34;14700;562530
KMAZ;D;20130401;000000;38.01;38.29;38;38.04;14700;559385
KMAZ;D;20130402;000000;37.62;38.83;37.62;38.01;10600;405486
KMAZ;D;20130403;000000;38;38.2;38;38.18;8900;338809
KMAZ;D;20130404;000000;38.1;38.25;38;38;23000;874406
KMAZ;D;20130405;000000;37.52;38.33;37;38.19;50600;1917814
KMAZ;D;20130408;000000;38.09;41.32;37.85;38.7;331200;13413078
KMAZ;D;20130409;000000;39.38;39.38;37.5;38.02;17300;659374
KMAZ;D;20130410;000000;38.19;38.41;37.99;37.99;7400;281674
KMAZ;D;20130411;000000;37.82;37.82;36.07;37.4;27700;1023743
KMAZ;D;20130412;000000;37.48;38.7;35.83;37.99;38000;1392138
KMAZ;D;20130415;000000;36.4;36.97;35.12;35.69;18300;654230
KMAZ;D;20130416;000000;35.11;36;34.78;34.78;50600;1788432
KMAZ;D;20130417;000000;35;35;33.51;34.22;53400;1824749
KMAZ;D;20130418;000000;33.57;34.6;33.57;34.03;12200;416094
KMAZ;D;20130419;000000;34.03;34.47;32.99;32.99;82700;2751520
KMAZ;D;20130422;000000;33.1;34.15;32.61;33.87;32800;1103773
KMAZ;D;20130423;000000;33.98;33.99;33.5;33.6;6200;208536
KMAZ;D;20130424;000000;33.7;34.97;33.7;34.3;73000;2509361
KMAZ;D;20130425;000000;34.65;34.91;33.66;34.17;43800;1496009
KMAZ;D;20130426;000000;33.63;33.96;33.4;33.96;4300;144539
KMAZ;D;20130429;000000;33.96;34.55;33.4;33.47;12500;421873
KMAZ;D;20130430;000000;33.5;34.45;33.18;34.01;47500;1616059
KMAZ;D;20130502;000000;34.45;34.46;34;34.46;12200;416339
KMAZ;D;20130503;000000;34.18;34.76;34.18;34.51;7400;254680
KMAZ;D;20130506;000000;34.51;34.74;34.2;34.44;43400;1495410
KMAZ;D;20130507;000000;34.12;34.54;34.12;34.54;4100;141206
KMAZ;D;20130508;000000;34.54;34.99;34.37;34.79;13900;482061
KMAZ;D;20130510;000000;34.52;34.79;34.35;34.35;22400;772131
KMAZ;D;20130513;000000;34.11;34.3;33.9;34;31900;1090849
KMAZ;D;20130514;000000;33.17;34;33.17;33.66;70300;2373790
KMAZ;D;20130515;000000;33.98;33.98;33.12;33.39;25300;841249
KMAZ;D;20130516;000000;33.2;33.2;32.16;32.57;69400;2261915
KMAZ;D;20130517;000000;32.06;33;31.92;32.8;54900;1773506
KMAZ;D;20130520;000000;32.45;33.3;31.99;32.55;102600;3317879
KMAZ;D;20130521;000000;32.13;32.49;32.13;32.39;56600;1829375
KMAZ;D;20130522;000000;32.36;32.74;32.3;32.6;91200;2966938
KMAZ;D;20130523;000000;32.41;32.47;31.59;32.25;77000;2461598
KMAZ;D;20130524;000000;32.27;32.28;31.62;31.62;17300;553024
KMAZ;D;20130527;000000;32;32.2;31.01;31.01;62300;1970443
KMAZ;D;20130528;000000;31.08;31.69;31.08;31.28;34000;1064992
KMAZ;D;20130529;000000;31.29;31.47;30.4;30.66;24100;742248
KMAZ;D;20130530;000000;30.21;30.78;30.2;30.55;44200;1342785
KMAZ;D;20130531;000000;30.5;30.5;30;30.21;11900;358639
KMAZ;D;20130603;000000;30.51;30.51;29;29.1;58500;1722670
KMAZ;D;20130604;000000;29.61;30.67;29.23;29.71;58300;1755511
KMAZ;D;20130605;000000;29.13;29.32;28.9;29;23800;691784
KMAZ;D;20130606;000000;29.29;29.29;28.29;28.53;22300;639892
KMAZ;D;20130607;000000;27.67;30;27.67;29.98;45800;1359272
KMAZ;D;20130610;000000;29.98;30.43;28.97;29.27;40900;1198103
KMAZ;D;20130611;000000;29.29;29.29;28.57;28.87;17100;494127
KMAZ;D;20130613;000000;28.53;28.97;27.21;27.74;107200;2963828
KMAZ;D;20130614;000000;27.95;27.97;27.1;27.58;55500;1521216
KMAZ;D;20130617;000000;27.24;27.8;27.24;27.63;74100;2043820
KMAZ;D;20130618;000000;27.15;27.8;27.15;27.55;28700;792533
KMAZ;D;20130619;000000;27.26;27.59;26.8;27.5;27300;746414
KMAZ;D;20130620;000000;26.73;27.4;26.73;27.28;158800;4294945
KMAZ;D;20130621;000000;27.25;28.69;27.25;28.36;66800;1872808
KMAZ;D;20130624;000000;28.23;31.5;28.07;31.41;136000;4118313
KMAZ;D;20130625;000000;30.44;33.5;29.02;33;295600;9503087
KMAZ;D;20130626;000000;33;36.26;33;34.43;178100;6079653
KMAZ;D;20130627;000000;34.79;38.38;34.77;37.8;449000;16676820
KMAZ;D;20130628;000000;37.98;39.49;36.12;36.26;221100;8467086
KMAZ;D;20130701;000000;36.03;43.2;34.14;42.81;570200;23061931
KMAZ;D;20130702;000000;42.05;46.61;42.05;43.37;787000;35122724
KMAZ;D;20130703;000000;43.01;43.26;39;40.26;248900;10082704
KMAZ;D;20130704;000000;40.01;45;40.01;42.04;506100;21910327
KMAZ;D;20130705;000000;42.1;46.62;42.1;43.7;128400;5719638
KMAZ;D;20130708;000000;44.96;45.55;41.61;42.3;134500;5852217
KMAZ;D;20130709;000000;42.89;43.33;42.2;42.32;69800;2991092
KMAZ;D;20130710;000000;42.1;43.45;41.2;41.5;41000;1717762
KMAZ;D;20130711;000000;42;43.2;41.06;41.08;52500;2191445
KMAZ;D;20130712;000000;41.92;44.2;41.2;42.42;69200;2916161
KMAZ;D;20130715;000000;42.99;43.5;42.55;43.06;64400;2762993
KMAZ;D;20130716;000000;42.62;43;41.8;41.89;42400;1792191
KMAZ;D;20130717;000000;37.12;42.19;37.12;41.83;217500;9037688
KMAZ;D;20130718;000000;41.75;42.17;41.2;41.7;88500;3699728
KMAZ;D;20130719;000000;41.4;41.76;40.45;41.5;27300;1123757
KMAZ;D;20130722;000000;41.95;42;40.5;41.5;20200;828935
KMAZ;D;20130723;000000;41.98;42.79;41.7;42.13;35500;1501093
KMAZ;D;20130724;000000;42.01;42.52;41.65;41.81;65700;2786844
KMAZ;D;20130725;000000;41.97;42.5;41.9;42.23;52300;2209349
KMAZ;D;20130726;000000;42.85;43.49;42.51;42.98;19500;835520
KMAZ;D;20130729;000000;42.41;43.15;42.11;43.12;6600;283325
KMAZ;D;20130730;000000;43.1;43.13;42.12;42.9;15200;645853
KMAZ;D;20130731;000000;42.12;42.9;41.01;42.3;8900;374223
KMAZ;D;20130801;000000;42.5;42.5;41.5;41.68;33600;1407409
KMAZ;D;20130802;000000;41.6;41.76;41.05;41.76;9900;411175
KMAZ;D;20130805;000000;41.7;42.34;41.51;41.82;19300;809821
KMAZ;D;20130806;000000;41.7;41.85;39.95;40.12;37200;1512729
KMAZ;D;20130807;000000;39.8;40.5;39.8;40.5;13900;557707
KMAZ;D;20130808;000000;41.22;42.39;40.6;42.39;30700;1281016
KMAZ;D;20130809;000000;42;42.98;42;42.9;196000;8236466
KMAZ;D;20130812;000000;42.06;45;41.03;44.5;175100;7727179
KMAZ;D;20130813;000000;45;46.89;43.81;46.5;241100;10970804
KMAZ;D;20130814;000000;46.93;47.25;45.38;46.95;116000;5400470
KMAZ;D;20130815;000000;46.69;53.99;46.69;51.96;658100;33621125
KMAZ;D;20130816;000000;51.95;59.97;51.61;59.5;909000;51333069
KMAZ;D;20130819;000000;59.39;63.9;52.67;53.78;1076500;62983442
KMAZ;D;20130820;000000;52.65;56.19;52.53;54.19;253100;13771059
KMAZ;D;20130821;000000;53.53;55.99;53.52;55.62;120200;6593740
KMAZ;D;20130822;000000;54.45;54.98;53.45;54.47;50400;2749609
KMAZ;D;20130823;000000;54.77;56.59;54.77;55.53;98200;5465930
KMAZ;D;20130826;000000;56.55;56.55;54.11;56;234600;12976464
KMAZ;D;20130827;000000;55.4;55.8;54.68;54.68;26500;1461910
KMAZ;D;20130828;000000;55.27;55.28;53;53.9;84100;4537559
KMAZ;D;20130829;000000;54.22;54.23;53.4;53.4;21400;1147623
KMAZ;D;20130830;000000;53.5;54.76;53.5;54;29400;1585340
KMAZ;D;20130902;000000;53.02;54.43;53.01;53.52;7100;382804
KMAZ;D;20130903;000000;54.96;55.59;53.11;53.5;91700;4964641
KMAZ;D;20130904;000000;54.35;62.4;53.33;61.5;644100;37571542
KMAZ;D;20130905;000000;62;63.6;60;61.11;290800;17902486
KMAZ;D;20130906;000000;61.99;63.27;60.5;61.88;136400;8483356
KMAZ;D;20130909;000000;61.11;64.5;61.1;64.4;127800;8108146
KMAZ;D;20130910;000000;63.02;66;61.5;64.71;225600;14566567
KMAZ;D;20130911;000000;64.99;65.5;63.34;64.5;100200;6473215
KMAZ;D;20130912;000000;64.98;65;63.19;64.5;38100;2447565
KMAZ;D;20130913;000000;64.47;64.47;62.52;62.52;56100;3539360
KMAZ;D;20130916;000000;62.53;64.55;60.3;64.04;88500;5645595
KMAZ;D;20130917;000000;63.3;64.34;63.3;63.4;5300;336643
KMAZ;D;20130918;000000;63.3;63.3;62.21;62.77;21500;1344764
KMAZ;D;20130919;000000;62.6;63.1;62.5;62.6;34400;2162193
KMAZ;D;20130920;000000;62.31;63.47;60.02;63.47;58000;3560140
KMAZ;D;20130923;000000;62.41;63.35;60.43;62;45500;2801193
KMAZ;D;20130924;000000;61.38;62.89;61.1;62.89;84200;5254137
KMAZ;D;20130925;000000;62.1;64.89;62.1;63.18;277900;17652110
KMAZ;D;20130926;000000;62.46;62.55;62.02;62.55;5900;368474
KMAZ;D;20130927;000000;61.97;64;61.97;62.99;148600;9370252
KMAZ;D;20130930;000000;62.45;63;61.56;62.62;50600;3162983
KMAZ;D;20131001;000000;63.99;63.99;61.76;62.15;1800;112720
KMAZ;D;20131002;000000;62.99;62.99;61.15;61.69;9400;578693
KMAZ;D;20131003;000000;62;62.25;60.4;61.96;23700;1445659
KMAZ;D;20131004;000000;61.04;61.04;60.52;60.8;6800;414183
KMAZ;D;20131007;000000;60.48;60.55;59.1;60.15;37100;2225064
KMAZ;D;20131008;000000;60.04;60.04;57.37;57.86;58500;3413965
KMAZ;D;20131009;000000;57.11;57.94;55.5;56.12;63800;3587869
KMAZ;D;20131010;000000;55.1;59.93;55.1;58.76;123900;7292094
KMAZ;D;20131011;000000;57.9;59.9;57.76;58.48;39400;2300455
KMAZ;D;20131014;000000;58.5;58.5;57.07;57.72;11500;662480
KMAZ;D;20131015;000000;57.5;57.93;57.5;57.93;13600;783064
KMAZ;D;20131016;000000;57.17;58.02;57.11;57.24;39200;2255570
KMAZ;D;20131017;000000;57.72;58;57.15;57.7;11900;684330
KMAZ;D;20131018;000000;57.51;58.57;55.9;57.72;29500;1681811
KMAZ;D;20131021;000000;56.71;57.85;56.21;57.8;26600;1523710
KMAZ;D;20131022;000000;57.46;60.4;56.95;60.01;37900;2202175
KMAZ;D;20131023;000000;60;60.45;58.62;59.74;241400;14471677
KMAZ;D;20131024;000000;59.9;59.9;57.5;59.07;22500;1319998
KMAZ;D;20131025;000000;59.21;59.96;56.12;56.7;44400;2555401
KMAZ;D;20131028;000000;56.77;58.07;56.7;57.3;48400;2783486
KMAZ;D;20131029;000000;57.2;57.2;56.5;56.5;58300;3320028
KMAZ;D;20131030;000000;56.55;56.98;55;55.68;41900;2341503
KMAZ;D;20131031;000000;54.71;55.65;52.01;54.99;23200;1267711
KMAZ;D;20131101;000000;55.58;55.58;54.32;54.32;13000;714546
KMAZ;D;20131105;000000;54.45;54.45;53.7;53.98;2700;146360
KMAZ;D;20131106;000000;54.19;54.2;52.98;53.18;21800;1159587
KMAZ;D;20131107;000000;52.5;53.55;52.5;53.18;11100;591447
KMAZ;D;20131108;000000;52.02;52.98;51.53;52.06;11200;583861
KMAZ;D;20131111;000000;52.5;54.8;51.5;53.5;36000;1926034
KMAZ;D;20131112;000000;54.99;54.99;53.9;53.98;10700;581041
KMAZ;D;20131113;000000;53.02;54.35;52.7;52.7;11000;589897
KMAZ;D;20131114;000000;52.72;53.68;52.61;52.98;5100;270103
KMAZ;D;20131115;000000;52.27;53;50;51.42;103300;5246840
KMAZ;D;20131118;000000;50.53;51.85;50.49;51.4;25700;1311514
KMAZ;D;20131119;000000;49.6;51;49.6;50.5;43600;2193837
KMAZ;D;20131120;000000;50.47;50.55;49.65;50.34;25600;1282117
KMAZ;D;20131121;000000;50.11;50.5;49.17;49.21;15400;764641
KMAZ;D;20131122;000000;50;50.05;49.05;49.73;14500;718767
KMAZ;D;20131125;000000;49.3;49.42;47.5;48.01;43500;2096040
KMAZ;D;20131126;000000;47.9;47.9;44.26;44.67;102100;4645375
KMAZ;D;20131127;000000;44.7;45;41.55;43.6;104800;4585574
KMAZ;D;20131128;000000;43.66;45.98;43.15;45.98;55100;2427054
KMAZ;D;20131129;000000;44.8;52;44.8;47.38;277100;13020885
KMAZ;D;20131202;000000;47.01;47.01;45.06;46.36;29900;1387079
KMAZ;D;20131203;000000;45.34;49.98;45.33;49.98;158300;7472039
KMAZ;D;20131204;000000;52.44;54.73;49.67;54.73;207100;10663974
KMAZ;D;20131205;000000;53.82;56.44;52.53;54;221500;12116260
KMAZ;D;20131206;000000;53.02;53.02;49.87;51.1;169100;8665008
KMAZ;D;20131209;000000;51.05;51.77;50;50.27;25100;1275837
KMAZ;D;20131210;000000;49.9;50.5;49.9;50.5;6800;342782
KMAZ;D;20131211;000000;49.91;51.02;49.5;51.01;36400;1833909
KMAZ;D;20131212;000000;50.39;53.88;50.29;53;71000;3738447
KMAZ;D;20131213;000000;52.51;53.95;52.01;53.5;21100;1125003
KMAZ;D;20131216;000000;53.2;54.9;53.06;54.9;64200;3448548
KMAZ;D;20131217;000000;54.41;54.99;53.19;53.2;114300;6183054
KMAZ;D;20131218;000000;53.01;53.62;51.02;52.99;66700;3468870
KMAZ;D;20131219;000000;53.97;53.98;51.03;52;114100;5972678
KMAZ;D;20131220;000000;51.74;51.87;50.1;50.45;73600;3739092
KMAZ;D;20131223;000000;50.5;51.02;50.06;50.1;63500;3218856
KMAZ;D;20131224;000000;50.5;50.56;49.7;49.97;37900;1895962
KMAZ;D;20131225;000000;49.66;50;49.2;49.54;26700;1323331
KMAZ;D;20131226;000000;49.41;53;49.31;51.85;133000;6808137
KMAZ;D;20131227;000000;52;52.98;51.23;51.23;22400;1163606
KMAZ;D;20131230;000000;51.97;52;50.4;51.72;31200;1605611
KMAZ;D;20140106;000000;50.13;52.48;50.12;50.28;22500;1151334
KMAZ;D;20140108;000000;50.88;52;50.3;50.3;9500;480613
KMAZ;D;20140109;000000;50.02;51.2;50;50.86;14500;735777
KMAZ;D;20140110;000000;50.8;51.96;50.33;51.59;17400;889301
KMAZ;D;20140113;000000;51.23;52.35;51.21;51.73;20800;1079895
KMAZ;D;20140114;000000;51.31;51.53;50.53;51;24400;1245372
KMAZ;D;20140115;000000;51.4;52;51.05;51.79;32400;1672929
KMAZ;D;20140116;000000;51.6;51.6;50.9;50.9;21800;1115109
KMAZ;D;20140117;000000;50.81;52.27;50.8;51;53400;2737090
KMAZ;D;20140120;000000;51.53;51.53;51;51.07;9100;465609
KMAZ;D;20140121;000000;51.71;54.3;50.99;54.29;108100;5736750
KMAZ;D;20140122;000000;54.4;54.51;43.61;52.66;77600;4094668
KMAZ;D;20140123;000000;52.4;53.6;50.6;51.77;102900;5352907
KMAZ;D;20140124;000000;51.2;51.68;50.01;50.12;127500;6460148
KMAZ;D;20140127;000000;50.13;50.65;48.01;49.32;71100;3515317
KMAZ;D;20140128;000000;49.3;49.72;47.72;47.9;118700;5727894
KMAZ;D;20140129;000000;48;49.2;47.62;47.66;157700;7625547
KMAZ;D;20140130;000000;48.39;48.39;45.11;47.26;67200;3161969
KMAZ;D;20140131;000000;47.39;47.72;46;46.48;33500;1567256
KMAZ;D;20140203;000000;46.67;46.79;45.22;46;254000;11659087
KMAZ;D;20140204;000000;45.48;46.43;45.48;46.31;102900;4695760
KMAZ;D;20140205;000000;46.39;47.5;46.04;47.4;60900;2863376
KMAZ;D;20140206;000000;48;49.61;47.7;48.51;42800;2079003
KMAZ;D;20140207;000000;48.8;48.8;46.99;48;31900;1522892
KMAZ;D;20140210;000000;48.37;48.76;47.7;48.39;13200;635955
KMAZ;D;20140211;000000;47.82;48.7;47.78;48.3;6500;314373
KMAZ;D;20140212;000000;48.3;48.98;47.68;48.39;23100;1116913
KMAZ;D;20140213;000000;47.9;48.69;47.37;47.46;17200;825431
KMAZ;D;20140214;000000;47.99;48.6;47.69;47.91;8700;418776
KMAZ;D;20140217;000000;48.39;48.96;47.61;47.81;13900;669049
KMAZ;D;20140218;000000;48.22;48.48;46.12;47.19;28600;1352222
KMAZ;D;20140219;000000;47.01;47.59;46.5;46.7;17900;840603
KMAZ;D;20140220;000000;46.41;46.8;46.09;46.42;5500;255173
KMAZ;D;20140221;000000;48.72;48.72;46.55;46.55;4200;197562
KMAZ;D;20140224;000000;46.89;46.89;45;45.7;44000;2004046
KMAZ;D;20140225;000000;45.7;46;45.01;45.49;55500;2504091
KMAZ;D;20140226;000000;45.58;47.6;45.5;45.7;82900;3849702
KMAZ;D;20140227;000000;46;46;44.8;45.59;38400;1738798
KMAZ;D;20140228;000000;45.59;45.59;44;44.83;41500;1849335
KMAZ;D;20140303;000000;43.77;43.77;30;38.5;207700;8194138
KMAZ;D;20140304;000000;40.95;42.01;36;38.98;203600;8015279
KMAZ;D;20140305;000000;39;39.36;37.3;38.59;77800;2975929
KMAZ;D;20140306;000000;39.88;41.43;38.86;40.19;101700;4118451
KMAZ;D;20140307;000000;40.92;41.55;38.76;39.16;29000;1171882
KMAZ;D;20140311;000000;38.14;38.52;37.52;37.75;201800;7710396
KMAZ;D;20140312;000000;37.16;37.82;35.15;35.45;47300;1719431
KMAZ;D;20140313;000000;35.98;36.1;33.13;33.5;98500;3371252
KMAZ;D;20140314;000000;33.45;33.45;29.9;31.96;192300;5972452
KMAZ;D;20140317;000000;32.38;44;32.38;34.5;179100;6323664
KMAZ;D;20140318;000000;34.1;35.84;34.1;34.75;94600;3302432
KMAZ;D;20140319;000000;35.51;36.88;34.56;35.02;59500;2092477
KMAZ;D;20140320;000000;34.33;35.3;34.33;35;29900;1047224
KMAZ;D;20140321;000000;33.33;34.8;33.33;34.41;33400;1140719
KMAZ;D;20140324;000000;35.49;39.67;35.35;36;98200;3702028
KMAZ;D;20140325;000000;36.41;37.2;36.1;37;60000;2207053
KMAZ;D;20140326;000000;37.59;38.15;36.6;37.01;67000;2515791
KMAZ;D;20140327;000000;37.01;37.17;35.49;35.96;38800;1399956
KMAZ;D;20140328;000000;36.66;37.16;36.4;36.66;26900;992241
KMAZ;D;20140331;000000;37.25;37.25;36.77;37.1;13100;484455
KMAZ;D;20140401;000000;37.17;37.88;36.9;37.16;10400;386797
KMAZ;D;20140402;000000;37.13;37.32;36.6;36.95;10800;399279
KMAZ;D;20140403;000000;37.01;37.48;36.5;37.01;15400;568372
KMAZ;D;20140404;000000;36.99;37.75;36.99;37.37;6400;238463
KMAZ;D;20140407;000000;38.62;38.62;35.77;36.9;23100;840707
KMAZ;D;20140408;000000;35.85;36.85;35.85;36.39;25600;930820
KMAZ;D;20140409;000000;36.38;36.79;36.29;36.7;3000;109334
KMAZ;D;20140410;000000;36.66;36.88;36.31;36.64;21600;788469
KMAZ;D;20140411;000000;36.31;36.56;35.23;36.37;61300;2202720
KMAZ;D;20140414;000000;35.74;35.74;35.35;35.36;19700;700747
KMAZ;D;20140415;000000;35.4;35.4;33.16;33.93;47300;1619483
KMAZ;D;20140416;000000;34.38;34.38;33.04;34.14;71300;2405228
KMAZ;D;20140417;000000;34.5;35.4;33.83;34.45;18000;622272
KMAZ;D;20140418;000000;35.37;35.48;34.67;35.4;16800;589499
KMAZ;D;20140421;000000;35.25;35.5;34.77;35.35;11200;393696
KMAZ;D;20140422;000000;35.06;35.4;34.6;35.15;9500;333472
KMAZ;D;20140423;000000;34.74;34.8;34.14;34.75;10000;343933
KMAZ;D;20140424;000000;34.68;34.86;33.21;33.64;33200;1125053
KMAZ;D;20140425;000000;33.27;33.96;33.25;33.25;13100;439473
KMAZ;D;20140428;000000;33;33.79;32.86;33.79;21400;713726
KMAZ;D;20140429;000000;34;34.28;33.8;34.05;21600;736662
KMAZ;D;20140430;000000;33.84;34.05;33.38;33.38;5200;174915
KMAZ;D;20140502;000000;33.87;35.15;33.05;33.5;2000;67437
KMAZ;D;20140505;000000;33.33;33.76;33.05;33.54;5000;167257
KMAZ;D;20140506;000000;33.78;35.34;33.78;35.17;25800;898498
KMAZ;D;20140507;000000;35.5;37.5;35.04;36.47;80600;2937403
KMAZ;D;20140508;000000;36.36;36.61;35.07;35.96;39600;1424014
KMAZ;D;20140512;000000;35.35;36.5;35.35;36.27;80100;2922736
KMAZ;D;20140513;000000;36.5;36.5;36.11;36.16;33900;1232664
KMAZ;D;20140514;000000;36.76;36.76;35.81;36.02;9900;358138
KMAZ;D;20140515;000000;36.07;36.12;35.15;35.73;23400;834830
KMAZ;D;20140516;000000;35.52;35.94;34.99;35.94;27100;957862
KMAZ;D;20140519;000000;35.98;36.66;35.97;36.26;18600;675018
KMAZ;D;20140520;000000;36.21;36.89;35;36.01;43100;1551005
KMAZ;D;20140521;000000;36.01;36.25;36;36;19500;703007
KMAZ;D;20140522;000000;36.02;36.09;35.24;35.92;9800;350993
KMAZ;D;20140523;000000;35.81;36.29;35.51;35.66;17000;611296
KMAZ;D;20140526;000000;36.95;39.67;36.35;37.98;216100;8141912
KMAZ;D;20140527;000000;38.23;38.24;36.63;36.63;25300;936323
KMAZ;D;20140528;000000;36.41;37.49;36.22;36.48;14700;537562
KMAZ;D;20140529;000000;37;37.2;36.6;37.15;6600;244245
KMAZ;D;20140530;000000;36.86;37.23;36.07;36.8;23000;844893
KMAZ;D;20140602;000000;37.5;37.5;36.74;37.13;14000;519319
KMAZ;D;20140603;000000;37.18;37.2;36.73;36.99;12300;454402
KMAZ;D;20140604;000000;36.99;37;36.5;36.81;12800;470323
KMAZ;D;20140605;000000;36.7;36.85;36.28;36.28;9700;355887
KMAZ;D;20140606;000000;36.78;37.37;36.31;37.37;28500;1045990
KMAZ;D;20140609;000000;37.99;38;37.24;37.24;16400;616220
KMAZ;D;20140610;000000;37.29;37.37;36.97;37.06;11500;427535
KMAZ;D;20140611;000000;37.39;37.64;37;37;12600;470213
KMAZ;D;20140616;000000;37.4;37.4;36.19;36.2;42700;1574286
KMAZ;D;20140617;000000;37;37;36.1;36.4;14200;517205
KMAZ;D;20140618;000000;37.37;37.37;36.33;36.52;11600;424037
KMAZ;D;20140619;000000;36.64;37.21;36.52;37.05;16300;602801
KMAZ;D;20140620;000000;36.94;37.2;36.94;37.09;10000;371073
KMAZ;D;20140623;000000;36.93;36.95;36.76;36.91;6200;228358
KMAZ;D;20140624;000000;36.63;37.69;36.53;37.58;23300;870684
KMAZ;D;20140625;000000;37.75;38.57;37.02;37.03;16600;624084
KMAZ;D;20140626;000000;37.08;37.76;36.9;37.71;8600;321229
KMAZ;D;20140627;000000;37.89;38.34;37.21;37.26;7400;277710
KMAZ;D;20140630;000000;38.24;38.25;37.34;37.48;4300;161641
KMAZ;D;20140701;000000;37.5;37.59;37.32;37.48;8000;299973
KMAZ;D;20140702;000000;37.78;37.8;37.5;37.7;6800;255734
KMAZ;D;20140703;000000;37.73;37.74;37.07;37.6;12400;465472
KMAZ;D;20140704;000000;37.67;37.94;37.1;37.11;16600;621048
KMAZ;D;20140707;000000;37.13;37.13;35.92;36.92;22200;815206
KMAZ;D;20140708;000000;36.77;37.65;36.73;36.85;13700;507815
KMAZ;D;20140709;000000;37;37;36.52;36.52;4300;157990
KMAZ;D;20140710;000000;36.52;36.97;36.5;36.79;290900;10701324
KMAZ;D;20140711;000000;36.66;36.97;36.01;36.06;23400;853502
KMAZ;D;20140714;000000;36.08;36.1;35.62;35.7;15900;569702
KMAZ;D;20140715;000000;35.95;36.56;35.31;35.44;16400;587321
KMAZ;D;20140716;000000;35.29;35.9;34.7;35.45;28600;1008257
KMAZ;D;20140717;000000;35.22;35.23;33.67;34.02;78500;2689559
KMAZ;D;20140718;000000;33.7;33.98;33.54;33.95;18700;631842
KMAZ;D;20140721;000000;33.92;33.92;33.33;33.45;136100;4561275
KMAZ;D;20140722;000000;33.5;33.91;33.2;33.64;43200;1447685
KMAZ;D;20140723;000000;33.86;34.14;33.52;33.64;12700;430749
KMAZ;D;20140724;000000;34;34.14;33.33;33.67;21400;721094
KMAZ;D;20140725;000000;33.69;33.7;33.18;33.27;5700;190648
KMAZ;D;20140728;000000;33.22;33.84;33;33.2;20300;674565
KMAZ;D;20140729;000000;33.35;33.49;33;33.19;281800;9383180
KMAZ;D;20140730;000000;33.11;33.11;32.01;33;24700;810655
KMAZ;D;20140731;000000;33.2;33.28;32.7;32.84;21400;706235
KMAZ;D;20140801;000000;33.02;33.3;32.45;32.93;16500;543075
KMAZ;D;20140804;000000;32.93;33.29;32.54;32.84;19400;639643
KMAZ;D;20140805;000000;32.76;33;32.72;33;35600;1174663
KMAZ;D;20140806;000000;32.97;33.16;32.48;32.6;30800;1014863
KMAZ;D;20140807;000000;32.24;32.89;32.05;32.5;29900;968084
KMAZ;D;20140808;000000;32.39;32.76;32.02;32.75;24500;794615
KMAZ;D;20140811;000000;32.81;33.77;32.81;33.63;22300;741613
KMAZ;D;20140812;000000;33.5;33.6;33.03;33.03;28200;943896
KMAZ;D;20140813;000000;33.29;33.49;32.61;32.99;53200;1757927
KMAZ;D;20140814;000000;32.84;33.8;32.84;33;41600;1378625
KMAZ;D;20140815;000000;33.01;33.01;32.05;32.05;127200;4100217
KMAZ;D;20140818;000000;32.04;32.34;31.9;32.14;55900;1796490
KMAZ;D;20140819;000000;32.18;35.9;32.12;34.21;668500;22924579
KMAZ;D;20140820;000000;35.08;38.79;34.46;37.95;1448200;53989948
KMAZ;D;20140821;000000;39.75;40;35.22;35.71;908200;33622761
KMAZ;D;20140822;000000;35.99;36.61;34.21;35.01;313300;11004796
KMAZ;D;20140825;000000;35.35;36.06;34.5;35.1;86300;3029712
KMAZ;D;20140826;000000;34.69;35.29;34.55;34.79;42200;1471571
KMAZ;D;20140827;000000;35;35;33.54;33.71;153200;5219430
KMAZ;D;20140828;000000;33.61;35.49;32.81;34.99;273900;9290607
KMAZ;D;20140829;000000;35.06;36.19;34.23;34.52;200100;7029622
KMAZ;D;20140901;000000;34.8;34.8;34.3;34.32;7200;247821
KMAZ;D;20140902;000000;34.44;35;33.83;34.67;26900;928586
KMAZ;D;20140903;000000;34.5;35.2;34.5;34.52;73800;2560746
KMAZ;D;20140904;000000;34.57;34.85;33.9;34.3;70200;2406221
KMAZ;D;20140905;000000;34.68;35;33.99;34.5;49000;1686663
KMAZ;D;20140908;000000;34.67;35.77;34.11;34.17;50200;1745520
KMAZ;D;20140909;000000;35.85;35.85;34.39;34.42;56500;1960362
KMAZ;D;20140910;000000;34.48;34.59;34.11;34.21;19400;665523
KMAZ;D;20140911;000000;34.2;34.67;33.5;33.87;57100;1943813
KMAZ;D;20140912;000000;34.05;36;34.01;34.7;111600;3895370
KMAZ;D;20140915;000000;34.78;35;34.1;34.2;25300;871513
KMAZ;D;20140916;000000;34.14;34.69;34;34.61;15300;523553
KMAZ;D;20140917;000000;34.58;34.59;33.74;33.9;45900;1556361
KMAZ;D;20140918;000000;33.77;34.06;33.16;33.38;36400;1221140
KMAZ;D;20140919;000000;33.75;33.75;32.99;33.39;41800;1388651
KMAZ;D;20140922;000000;33.03;33.42;33;33.15;7400;245767
KMAZ;D;20140923;000000;33.05;33.46;33;33.05;19100;633815
KMAZ;D;20140924;000000;33.24;33.66;33.04;33.35;51000;1700109
KMAZ;D;20140925;000000;33.03;33.72;33.03;33.37;15600;522544
KMAZ;D;20140926;000000;33.03;33.48;32;32.63;73000;2379393
KMAZ;D;20140929;000000;32.51;32.57;31.91;31.91;54200;1742197
KMAZ;D;20140930;000000;31.78;32.21;31.5;32;54600;1735178
KMAZ;D;20141001;000000;32;32.15;31;31.5;39300;1236440
KMAZ;D;20141002;000000;31.15;31.5;31;31.35;24800;774105
KMAZ;D;20141003;000000;31.45;33.5;31.05;33;249100;8042260
KMAZ;D;20141006;000000;32.55;34;32.55;32.7;44700;1482505
KMAZ;D;20141007;000000;32.75;33.55;32.35;32.95;175000;5756195
KMAZ;D;20141008;000000;32.85;32.85;31.3;31.6;110800;3527635
KMAZ;D;20141009;000000;31.85;32.1;31.05;31.25;41900;1317000
KMAZ;D;20141010;000000;31.15;31.25;30.65;30.85;32400;1000430
KMAZ;D;20141013;000000;30.9;30.9;30;30.5;44300;1351720
KMAZ;D;20141014;000000;30.45;30.6;29.8;30.1;83700;2533390
KMAZ;D;20141015;000000;29.95;30.25;29.95;29.95;17700;532175
KMAZ;D;20141016;000000;30;30.2;29.6;30;27100;811250
KMAZ;D;20141017;000000;30.1;30.6;30.05;30.45;46300;1405695
KMAZ;D;20141020;000000;31.5;31.5;30.3;30.5;11900;365180
KMAZ;D;20141021;000000;30.5;30.8;30.45;30.6;9700;297030
KMAZ;D;20141022;000000;30.7;30.8;29.9;29.95;56500;1698175
KMAZ;D;20141023;000000;29.9;29.95;28.4;28.45;256100;7406135
KMAZ;D;20141024;000000;28.75;28.75;28.1;28.3;21900;620645
KMAZ;D;20141027;000000;29.25;29.25;27.65;27.85;155700;4396400
KMAZ;D;20141028;000000;27.75;27.9;26.85;27.8;310700;8498635
KMAZ;D;20141029;000000;27.75;28.4;27.65;28.05;81000;2269390
KMAZ;D;20141030;000000;28;28.45;27.4;28.1;223800;6200510
KMAZ;D;20141031;000000;28.15;28.75;27.5;28.15;205200;5760990
KMAZ;D;20141103;000000;30.05;30.05;28.15;28.55;78100;2250900
KMAZ;D;20141105;000000;28.55;28.9;28.35;28.7;52700;1505910
KMAZ;D;20141106;000000;28.7;31.3;28.7;30;285400;8675465
KMAZ;D;20141107;000000;29.95;32.4;29.65;31.5;323300;10064375
KMAZ;D;20141110;000000;31.9;32.3;30.6;31.05;240000;7537930
KMAZ;D;20141111;000000;31;31.55;30.5;31.05;75600;2350485
KMAZ;D;20141112;000000;31;31.3;30.55;30.9;23500;726175
KMAZ;D;20141113;000000;30.55;30.85;29.85;29.9;58700;1773430
KMAZ;D;20141114;000000;29.8;30.1;29.7;30;27100;812100
KMAZ;D;20141117;000000;29.95;30.8;29.95;30.3;47300;1438170
KMAZ;D;20141118;000000;30.3;30.85;30.3;30.55;31600;967600
KMAZ;D;20141119;000000;30.5;30.85;30.25;30.35;37200;1133775
KMAZ;D;20141120;000000;30.3;30.5;29.25;29.75;173900;5196175
KMAZ;D;20141121;000000;29.8;30.4;29.5;30;89600;2670120
KMAZ;D;20141124;000000;29.8;30.05;29.55;29.7;42400;1262700
KMAZ;D;20141125;000000;29.85;30.15;29.55;29.85;45700;1364410
KMAZ;D;20141126;000000;29.8;30.1;29.65;29.8;42300;1266235
KMAZ;D;20141127;000000;29.95;29.95;29.45;29.8;32300;959560
KMAZ;D;20141128;000000;29.65;30;29;29.75;62300;1844230
KMAZ;D;20141201;000000;29.95;30.7;29.7;30;137500;4161390
KMAZ;D;20141202;000000;30.4;30.75;30;30;93500;2824860
KMAZ;D;20141203;000000;30.2;31.5;30.15;31.25;232900;7233840
KMAZ;D;20141204;000000;31.3;32.3;30.1;30.2;177100;5510035
KMAZ;D;20141205;000000;30.3;30.3;29.7;30.1;74900;2240640
KMAZ;D;20141208;000000;30.1;30.2;28.4;28.5;103300;3025680
KMAZ;D;20141209;000000;28.6;28.85;28.1;28.85;137900;3918130
KMAZ;D;20141210;000000;28.9;29.5;28.6;28.65;34700;1010595
KMAZ;D;20141211;000000;28.7;29.75;28.35;28.5;29900;861785
KMAZ;D;20141212;000000;28.35;28.45;27.1;27.85;87100;2412705
KMAZ;D;20141215;000000;28.4;28.4;26.35;26.35;149700;4039865
KMAZ;D;20141216;000000;26.6;26.6;20.55;22.85;472300;10477025
KMAZ;D;20141217;000000;23.1;24.65;22.6;24;104900;2493830
KMAZ;D;20141218;000000;24;26.75;24;26.4;76700;1998320
KMAZ;D;20141219;000000;26.4;26.4;25;25.75;181800;4645895
KMAZ;D;20141222;000000;26.4;27.9;24.5;26.6;91700;2450045
KMAZ;D;20141223;000000;27;27.45;26;26.8;97800;2589990
KMAZ;D;20141224;000000;28.1;28.1;26.05;26.55;48500;1291425
KMAZ;D;20141225;000000;28;28;26.4;26.95;27600;745490
KMAZ;D;20141226;000000;26.9;27.05;26;26.2;30700;806745
KMAZ;D;20141229;000000;26.45;26.75;26;26.15;135000;3527765
KMAZ;D;20141230;000000;26.1;26.9;26;26.15;40500;1057490
KMAZ;D;20150105;000000;26.1;26.45;26;26.25;12500;326835
KMAZ;D;20150106;000000;26.25;27.3;26.25;27.05;25600;689190
KMAZ;D;20150108;000000;31.85;31.85;27.75;28.55;105500;3050400
KMAZ;D;20150109;000000;29.5;30;28.2;28.75;80100;2355215
KMAZ;D;20150112;000000;28.7;29;28.15;28.5;15900;454090
KMAZ;D;20150113;000000;28.1;28.95;28.1;28.75;13700;391170
KMAZ;D;20150114;000000;29.3;29.8;28.65;28.8;13500;392350
KMAZ;D;20150115;000000;28.85;29.55;28.5;28.75;42600;1241810
KMAZ;D;20150116;000000;28.9;29;28.45;28.9;32900;950280
KMAZ;D;20150119;000000;28.55;29.6;28.55;28.55;24100;700635
KMAZ;D;20150120;000000;28.65;29.3;28;28.4;41700;1209105
KMAZ;D;20150121;000000;28.95;29.2;28.45;28.6;53100;1529945
KMAZ;D;20150122;000000;29;29.7;28.7;29.25;124500;3666755
KMAZ;D;20150123;000000;29.5;30.35;28.75;29.05;77500;2277875
KMAZ;D;20150126;000000;28.6;30.15;27.75;28.6;71300;2068610
KMAZ;D;20150127;000000;29;29.05;27.45;28.5;47200;1337665
KMAZ;D;20150128;000000;28.15;29;28;28.3;38400;1089035
KMAZ;D;20150129;000000;28.1;28.15;27.5;28.1;57100;1588705
KMAZ;D;20150130;000000;27.9;28.25;27.5;27.5;50000;1391525
KMAZ;D;20150202;000000;28.2;35.55;27.55;30.8;316100;9580390
KMAZ;D;20150203;000000;31;33.5;30.8;31.85;167600;5391815
KMAZ;D;20150204;000000;32.1;32.95;30.65;31;131700;4134145
KMAZ;D;20150205;000000;30.75;31.1;30.2;31.1;64900;1984035
KMAZ;D;20150206;000000;30.8;31.85;30.8;31.75;65300;2044635
KMAZ;D;20150209;000000;31.8;32.9;31.5;31.95;114700;3695710
KMAZ;D;20150210;000000;34.75;34.75;32;32;56300;1841315
KMAZ;D;20150211;000000;32.35;32.85;31.65;32.1;52100;1674360
KMAZ;D;20150212;000000;32.15;32.55;30.05;31.05;205800;6422660
KMAZ;D;20150213;000000;31.1;31.95;31.1;31.65;87100;2750255
KMAZ;D;20150216;000000;32;32.65;31.7;32.2;311600;9992780
KMAZ;D;20150217;000000;32.15;33.3;32.1;33;161400;5303245
KMAZ;D;20150218;000000;33.3;33.3;32.5;32.95;53100;1747670
KMAZ;D;20150219;000000;32.7;32.9;31.2;31.85;82300;2622760
KMAZ;D;20150220;000000;32.3;32.3;31.7;32.1;27100;867315
KMAZ;D;20150224;000000;30.5;32;30.5;31.9;284400;8845315
KMAZ;D;20150225;000000;32.75;44.6;32.25;44.6;4297300;177622515
KMAZ;D;20150226;000000;47.9;53;41.3;42.05;4129800;192694025
KMAZ;D;20150227;000000;42.1;42.1;39;39.05;855500;34183525
KMAZ;D;20150302;000000;39.1;39.65;37;38.2;507300;19422455
KMAZ;D;20150303;000000;38.5;44.6;37.4;43.8;1420500;58809650
KMAZ;D;20150304;000000;44.9;44.9;41.4;41.95;626700;26449335
KMAZ;D;20150305;000000;42.15;42.85;40.05;41.35;352500;14617505
KMAZ;D;20150306;000000;41.2;42.2;39.1;39.1;164500;6613825
KMAZ;D;20150310;000000;39.5;42;38.55;39.65;329300;13209185
KMAZ;D;20150311;000000;36.75;39.7;36.75;38.95;140700;5462545
KMAZ;D;20150312;000000;39.5;40.8;38.1;39.65;321300;12758010
KMAZ;D;20150313;000000;39.05;40.05;38;38.55;140100;5423805
KMAZ;D;20150316;000000;38.75;38.75;37.35;37.45;59300;2239515
KMAZ;D;20150317;000000;37.7;38.8;37.2;37.3;62300;2356890
KMAZ;D;20150318;000000;37.9;37.9;35.85;36.8;143600;5265505
KMAZ;D;20150319;000000;37.2;37.65;36.05;36.95;145000;5331285
KMAZ;D;20150320;000000;37;37.95;36.5;36.5;79400;2947025
KMAZ;D;20150323;000000;37;37.5;36.5;36.75;87100;3234125
KMAZ;D;20150324;000000;37;38.2;36.2;36.55;188000;6974195
KMAZ;D;20150325;000000;36.6;36.7;34.05;34.5;193400;6785220
KMAZ;D;20150326;000000;35;35.85;33.9;34.3;111600;3877810
KMAZ;D;20150327;000000;35;35;33.5;34.2;59600;2023490
KMAZ;D;20150330;000000;34.2;34.65;33.6;34.65;94100;3214300
KMAZ;D;20150331;000000;34.5;35.45;34.15;34.7;41600;1444400
KMAZ;D;20150401;000000;35;35.2;34.45;34.7;48800;1699555
KMAZ;D;20150402;000000;34.85;35.3;34.6;35;42600;1487450
KMAZ;D;20150403;000000;35.1;35.2;34.2;34.55;80200;2775145
KMAZ;D;20150406;000000;33.05;35.35;33.05;34.9;101800;3546250
KMAZ;D;20150407;000000;35.1;44.85;35;40.4;2462000;102564155
KMAZ;D;20150408;000000;41.25;41.25;37.35;37.85;667400;25577685
KMAZ;D;20150409;000000;38.6;38.6;36.15;36.35;240100;8857725
KMAZ;D;20150410;000000;38.05;38.05;36.4;36.8;157800;5839015
KMAZ;D;20150413;000000;36.75;37.15;36.75;36.9;97100;3583360
KMAZ;D;20150414;000000;36.9;37.45;36.15;36.55;178100;6544555
KMAZ;D;20150415;000000;36.95;38.65;36.95;38.05;418800;15884670
KMAZ;D;20150416;000000;38.1;39.65;37.95;38.4;238100;9182775
KMAZ;D;20150417;000000;38.9;38.9;37.9;38.5;72000;2757140
KMAZ;D;20150420;000000;38.75;39.95;38.1;38.25;83400;3209810
KMAZ;D;20150421;000000;38.45;38.95;38.25;38.35;10900;419675
KMAZ;D;20150422;000000;38.3;39.55;38.15;38.9;99400;3861710
KMAZ;D;20150423;000000;38.95;38.95;36;38.3;80600;3041880
KMAZ;D;20150424;000000;38.15;38.6;37.55;38.3;33000;1256990
KMAZ;D;20150427;000000;38.3;39.4;37.35;38;42200;1617910
KMAZ;D;20150428;000000;37.9;38.3;37.5;38;24900;942385
KMAZ;D;20150429;000000;37.8;38.2;37.8;38.2;13700;520655
KMAZ;D;20150430;000000;37.8;38;37.3;37.95;26000;979245
KMAZ;D;20150505;000000;38.2;38.95;37.55;38.15;45400;1733460
KMAZ;D;20150506;000000;38.15;38.55;37.75;38.1;46800;1784490
KMAZ;D;20150507;000000;38;38.25;37.7;37.9;29500;1118720
KMAZ;D;20150508;000000;37.95;38;37.75;38;24100;912775
KMAZ;D;20150512;000000;38.05;38.05;37.35;37.65;33600;1267575
KMAZ;D;20150513;000000;37.85;38.1;36.6;38;47400;1794125
KMAZ;D;20150514;000000;38;38.4;37.5;37.65;18100;687665
KMAZ;D;20150515;000000;37.95;38.3;37.5;37.5;25100;948485
KMAZ;D;20150518;000000;37.75;37.95;37.4;37.65;29000;1087810
KMAZ;D;20150519;000000;37.75;38.2;37.15;37.35;19900;749155
KMAZ;D;20150520;000000;37.8;38.5;36.65;37.35;52700;1992415
KMAZ;D;20150521;000000;37.3;37.85;37.25;37.5;62300;2328995
KMAZ;D;20150522;000000;37.6;37.8;37.4;37.8;44000;1650455
KMAZ;D;20150525;000000;37.7;37.7;37.5;37.55;8200;307720
KMAZ;D;20150526;000000;37;37.85;36.75;37.75;617800;23055380
KMAZ;D;20150527;000000;37.05;37.9;37.05;37.55;128900;4796610
KMAZ;D;20150528;000000;37.55;38.2;37.4;37.7;35600;1341780
KMAZ;D;20150529;000000;37.55;38.3;37.55;37.65;6500;245990
KMAZ;D;20150601;000000;38.15;38.5;37.25;37.7;86900;3281675
KMAZ;D;20150602;000000;38;38.5;37.5;38.2;76500;2901585
KMAZ;D;20150603;000000;38.45;38.5;37.6;37.95;15800;598970
KMAZ;D;20150604;000000;38;38;37.6;37.7;11500;435210
KMAZ;D;20150605;000000;37.65;38.15;37.4;37.7;19200;724030
KMAZ;D;20150608;000000;37.75;37.95;37.6;37.6;8600;324110
KMAZ;D;20150609;000000;37.45;37.9;37.45;37.5;23500;882365
KMAZ;D;20150610;000000;37.9;38;37.5;37.55;9000;338830
KMAZ;D;20150611;000000;37.6;37.7;37.4;37.5;63000;2360815
KMAZ;D;20150615;000000;37.55;37.55;37;37.45;225200;8416980
KMAZ;D;20150616;000000;37.55;38;37.2;37.4;243500;9156655
KMAZ;D;20150617;000000;37.8;37.8;37.4;37.5;26400;989975
KMAZ;D;20150618;000000;37.45;37.9;37.4;37.75;32900;1237405
KMAZ;D;20150619;000000;37.5;37.8;37.5;37.6;17300;650225
KMAZ;D;20150622;000000;38.15;38.15;37.4;37.8;43100;1616630
KMAZ;D;20150623;000000;37.5;37.6;37.25;37.4;65300;2443750
KMAZ;D;20150624;000000;37.5;37.6;37.35;37.45;54100;2024675
KMAZ;D;20150625;000000;37.55;37.8;37.35;37.4;88000;3297180
KMAZ;D;20150626;000000;37.5;37.6;37.35;37.45;51900;1944730
KMAZ;D;20150629;000000;37.4;37.5;37.2;37.25;52500;1963195
KMAZ;D;20150630;000000;37.3;38.95;37.3;38;487900;18545845
KMAZ;D;20150701;000000;37.75;38.1;37.7;37.75;38300;1448555
KMAZ;D;20150702;000000;37.75;39;37.5;37.75;150500;5796870
KMAZ;D;20150703;000000;38.15;38.15;37.35;37.55;81300;3063210
KMAZ;D;20150706;000000;37.4;37.75;37.3;37.65;78800;2955405
KMAZ;D;20150707;000000;37.55;37.8;37.3;37.8;64000;2400305
KMAZ;D;20150708;000000;37.6;37.6;36.1;36.8;109500;4069685
KMAZ;D;20150709;000000;36.5;37.35;35.5;36.5;161400;5817350
KMAZ;D;20150710;000000;36.55;37.35;36.5;37.2;20200;746610
KMAZ;D;20150713;000000;37.15;37.15;36.5;36.5;34300;1258545
KMAZ;D;20150714;000000;36.65;38;36.5;37.15;187300;6949325
KMAZ;D;20150715;000000;37.65;37.7;35.75;36.55;52500;1914950
KMAZ;D;20150716;000000;36.4;36.75;36.15;36.75;10600;387120
KMAZ;D;20150717;000000;36.8;37;36.75;36.8;7100;261475
KMAZ;D;20150720;000000;36.8;36.8;36.15;36.35;29900;1088395
KMAZ;D;20150721;000000;36.45;37.65;36.35;36.95;81300;3016080
KMAZ;D;20150722;000000;37.3;37.3;36.65;36.65;8300;305755
KMAZ;D;20150723;000000;36.8;36.95;36.55;36.55;4900;180135
KMAZ;D;20150724;000000;36.5;36.6;36.1;36.25;8000;290500
KMAZ;D;20150727;000000;36.1;36.25;35;36;79700;2842750
KMAZ;D;20150728;000000;36.05;36.05;35.5;35.65;34700;1242155
KMAZ;D;20150729;000000;35.7;35.75;35.05;35.75;52700;1870050
KMAZ;D;20150730;000000;35.85;35.85;35.25;35.7;10900;387550
KMAZ;D;20150731;000000;35.95;36.3;35.2;35.95;63900;2266720
KMAZ;D;20150803;000000;35.9;36.45;35.55;35.55;12300;442680
KMAZ;D;20150804;000000;35.7;36.7;35.7;36.25;34700;1260095
KMAZ;D;20150805;000000;36.25;36.7;36;36.3;21700;787370
KMAZ;D;20150806;000000;36.65;36.65;35.55;35.85;26900;967815
KMAZ;D;20150807;000000;36.2;36.75;35.9;35.95;39100;1418825
KMAZ;D;20150810;000000;35.85;36.55;35.85;36.55;10300;374235
KMAZ;D;20150811;000000;36.3;36.6;35.95;36.55;29600;1074790
KMAZ;D;20150812;000000;36.3;36.45;36.05;36.2;4500;162980
KMAZ;D;20150813;000000;36.45;36.75;36;36.05;29400;1069490
KMAZ;D;20150814;000000;36.15;36.3;35.9;36;10700;386440
KMAZ;D;20150817;000000;36.05;36.05;35.55;35.95;41800;1496885
KMAZ;D;20150818;000000;35.95;35.95;35.3;35.55;27200;965355
KMAZ;D;20150819;000000;35.35;35.65;35;35.05;44700;1572915
KMAZ;D;20150820;000000;35.15;35.5;34.7;35.1;116000;4057960
KMAZ;D;20150821;000000;34.95;35.2;34.9;35;17600;616375
KMAZ;D;20150824;000000;34.55;35.05;33.85;34.4;61400;2104500
KMAZ;D;20150825;000000;33.95;34.75;33.95;34.5;20500;704205
KMAZ;D;20150826;000000;34.85;34.95;33.95;34.75;32400;1113835
KMAZ;D;20150827;000000;35;35.85;34.75;35.1;74000;2608310
KMAZ;D;20150828;000000;35.1;35.45;34.85;35.45;68200;2399570
KMAZ;D;20150831;000000;35.15;35.65;34.95;35.45;26400;930325
KMAZ;D;20150901;000000;35.55;36.65;35.45;35.7;18700;671990
KMAZ;D;20150902;000000;35.7;35.8;35.25;35.65;10800;383815
KMAZ;D;20150903;000000;35.95;35.95;34.9;35.65;61800;2178905
KMAZ;D;20150904;000000;37;37;35.05;35.15;31000;1109275
KMAZ;D;20150907;000000;35.5;35.5;34.35;34.95;43500;1513790
KMAZ;D;20150908;000000;35;35.35;34.65;35.05;9300;326245
KMAZ;D;20150909;000000;34.8;35.25;34.75;35.05;12700;445010
KMAZ;D;20150910;000000;35.1;35.35;34.8;34.85;8000;279850
KMAZ;D;20150911;000000;34.75;35.5;34.2;34.9;155500;5391860
KMAZ;D;20150914;000000;35.35;35.35;34.6;35;12500;436360
KMAZ;D;20150915;000000;34.8;35.1;34.6;35.05;18100;630445
KMAZ;D;20150916;000000;35;35.2;34.8;35.15;48600;1701805
KMAZ;D;20150917;000000;35;35.1;34.8;34.95;11600;406060
KMAZ;D;20150918;000000;34.85;35.15;34.7;35;10300;358710
KMAZ;D;20150921;000000;35;36;34.8;35.9;33100;1176025
KMAZ;D;20150922;000000;35.9;36.3;35.1;35.3;22300;792545
KMAZ;D;20150923;000000;35.25;35.5;34.5;34.95;24000;837515
KMAZ;D;20150924;000000;35.05;35.05;34.35;34.85;5400;186960
KMAZ;D;20150925;000000;35;35.1;34.75;34.75;4200;146880
KMAZ;D;20150928;000000;34.8;35.05;34.25;35.05;22000;761985
KMAZ;D;20150929;000000;34.75;34.95;34.7;34.9;1000;34830
KMAZ;D;20150930;000000;34.75;34.9;34.7;34.85;4100;142695
KMAZ;D;20151001;000000;34.65;34.95;34;34.6;11000;378870
KMAZ;D;20151002;000000;34.55;35.15;34.45;34.65;21200;734460
KMAZ;D;20151005;000000;34.1;34.75;34.05;34.3;19600;675025
KMAZ;D;20151006;000000;34.9;34.9;34.15;34.45;12100;415045
KMAZ;D;20151007;000000;34.55;34.55;34.1;34.25;22600;773585
KMAZ;D;20151008;000000;34.5;35;33.85;33.85;51500;1764910
KMAZ;D;20151009;000000;34.15;34.85;33.55;34.75;37700;1291660
KMAZ;D;20151012;000000;34.6;34.65;34.3;34.35;13800;475915
KMAZ;D;20151013;000000;34.05;34.5;34;34.2;25200;858870
KMAZ;D;20151014;000000;34.3;34.7;34.05;34.55;11600;399175
KMAZ;D;20151015;000000;34.4;34.95;34.25;34.75;35900;1246115
KMAZ;D;20151016;000000;34.75;35.05;34.4;34.55;13300;462990
KMAZ;D;20151019;000000;34.4;34.7;34;34.5;15500;530280
KMAZ;D;20151020;000000;34.3;34.65;34.3;34.55;2900;100130
KMAZ;D;20151021;000000;34.25;34.6;34.25;34.3;9500;326735
KMAZ;D;20151022;000000;34.4;35.2;34.05;34.8;40700;1415535
KMAZ;D;20151023;000000;34.4;34.95;34.35;34.55;18200;630890
KMAZ;D;20151026;000000;34.4;34.8;34.05;34.7;15700;540965
KMAZ;D;20151027;000000;34.45;35;34.45;35;22700;790110
KMAZ;D;20151028;000000;35.05;35.05;34.55;34.6;12500;434230
KMAZ;D;20151029;000000;34.8;34.95;34.1;34.25;28800;992070
KMAZ;D;20151030;000000;34.3;34.7;34.25;34.55;15100;520655
KMAZ;D;20151102;000000;34.85;35.05;34.55;34.7;28400;987875
KMAZ;D;20151103;000000;34.7;37.95;34.7;36.85;126100;4607160
KMAZ;D;20151105;000000;36.4;36.45;35.6;35.8;90800;3255520
KMAZ;D;20151106;000000;35.75;36.2;35.5;35.8;10400;372995
KMAZ;D;20151109;000000;35.9;36.25;35.5;35.5;20800;745365
KMAZ;D;20151110;000000;35.65;35.65;35;35.35;36400;1281650
KMAZ;D;20151111;000000;35.4;35.5;35.35;35.45;2300;81540
KMAZ;D;20151112;000000;35.3;35.7;35.25;35.3;3400;120120
KMAZ;D;20151113;000000;35.05;35.55;34.9;34.9;9700;339495
KMAZ;D;20151116;000000;35;35.1;34.35;34.35;21600;747475
KMAZ;D;20151117;000000;34.75;35.45;34.65;35.15;10400;364275
KMAZ;D;20151118;000000;34.95;35.45;34.85;35.3;6100;215105
KMAZ;D;20151119;000000;34.8;35.85;34.8;35.5;24600;873715
KMAZ;D;20151120;000000;35.5;35.7;35.3;35.6;12000;427075
KMAZ;D;20151123;000000;35.25;35.95;35;35.85;17800;631780
KMAZ;D;20151124;000000;36.1;36.5;34.95;35;44000;1566225
KMAZ;D;20151125;000000;35.35;35.5;35;35.5;13900;489545
KMAZ;D;20151126;000000;35.75;35.75;35.1;35.2;4200;148140
KMAZ;D;20151127;000000;35.4;35.4;34.85;35.25;8400;295285
KMAZ;D;20151130;000000;35.5;35.65;35.2;35.5;7400;261705
KMAZ;D;20151201;000000;35.25;35.25;34.8;35.1;13500;472680
KMAZ;D;20151202;000000;35.05;35.1;34.2;34.85;33200;1150670
KMAZ;D;20151203;000000;34.85;36;34.5;34.85;52700;1857770
KMAZ;D;20151204;000000;35;35.1;34.4;35;25100;872830
KMAZ;D;20151207;000000;35.15;35.2;34.5;34.65;201000;7031365
KMAZ;D;20151208;000000;34.8;34.95;34.15;34.45;26300;905235
KMAZ;D;20151209;000000;34.55;34.7;34;34.5;18700;639130
KMAZ;D;20151210;000000;34.45;34.95;33.5;34.45;35200;1211975
KMAZ;D;20151211;000000;34.55;35.2;34.3;35;28000;977735
KMAZ;D;20151214;000000;34.6;35.15;34.5;35;25200;881560
KMAZ;D;20151215;000000;35;35.3;35;35;14700;515055
KMAZ;D;20151216;000000;34.95;37.8;34.95;35.5;59100;2113300
KMAZ;D;20151217;000000;35.85;37.1;35.55;35.9;46400;1684710
KMAZ;D;20151218;000000;35.9;36.3;35;35.1;31600;1112610
KMAZ;D;20151221;000000;35.5;35.5;34.95;35;13500;473405
KMAZ;D;20151222;000000;35.3;35.3;35;35.1;5400;189880
KMAZ;D;20151223;000000;35.15;36.4;35.1;35.65;82000;2940945
KMAZ;D;20151224;000000;36.2;36.2;35.7;35.85;3600;129160
KMAZ;D;20151225;000000;35.85;36.15;35.3;35.85;19300;692205
KMAZ;D;20151228;000000;36;36;35.3;35.8;11400;405985
KMAZ;D;20151229;000000;35.2;35.6;35;35.5;14900;526070
KMAZ;D;20151230;000000;35.2;35.6;35.05;35.55;34400;1218015
KMAZ;D;20160104;000000;35.85;36.95;35.6;36.1;17200;625360
KMAZ;D;20160105;000000;35.95;36.7;35.95;36.05;10500;380420
KMAZ;D;20160106;000000;36;36.15;35.6;36.15;9700;347555
KMAZ;D;20160111;000000;35.6;35.65;35;35.6;17500;620890
KMAZ;D;20160112;000000;35.6;35.8;35.35;35.4;11400;406255
KMAZ;D;20160113;000000;35.65;35.9;35.65;35.8;15200;544085
KMAZ;D;20160114;000000;35.65;35.7;35.5;35.5;15800;561275
KMAZ;D;20160115;000000;35.5;35.6;34.05;35;129100;4516695
KMAZ;D;20160118;000000;34.5;34.95;34.2;34.45;57100;1979490
KMAZ;D;20160119;000000;34.45;35.4;34.45;34.9;34000;1190565
KMAZ;D;20160120;000000;35;35.3;34.15;34.5;22000;756095
KMAZ;D;20160121;000000;34.35;34.45;34;34.4;35000;1199995
KMAZ;D;20160122;000000;34.85;34.85;34.3;34.35;30900;1065660
KMAZ;D;20160125;000000;34.7;35.1;34.4;34.4;64900;2256160
KMAZ;D;20160126;000000;34.5;34.9;34.35;34.7;64800;2247760
KMAZ;D;20160127;000000;34.75;35.1;34.5;34.8;37600;1303870
KMAZ;D;20160128;000000;34.8;34.9;34.7;34.85;48200;1677450
KMAZ;D;20160129;000000;34.95;34.95;34.45;34.65;27800;962335
KMAZ;D;20160201;000000;34.95;35;34.65;34.95;21500;749800
KMAZ;D;20160202;000000;34.9;34.95;34.7;34.95;23000;802250
KMAZ;D;20160203;000000;34.9;35;34.85;34.95;29800;1040910
KMAZ;D;20160204;000000;35.1;35.5;35;35.1;32400;1139665
KMAZ;D;20160205;000000;35.3;35.3;34.75;35.25;47900;1681310
KMAZ;D;20160208;000000;34.75;36.4;34.75;35.3;119200;4263070
KMAZ;D;20160209;000000;35.6;35.65;35.05;35.15;132300;4684580
KMAZ;D;20160210;000000;35.1;35.15;34.75;35.15;55500;1941515
KMAZ;D;20160211;000000;35.05;35.4;34.15;34.8;62400;2182710
KMAZ;D;20160212;000000;35.15;36;35.1;35.45;186300;6606600
KMAZ;D;20160215;000000;35.6;36.65;34.8;35;149900;5350020
KMAZ;D;20160216;000000;35.2;35.2;34.45;35.1;46100;1607820
KMAZ;D;20160217;000000;35.15;35.4;34.65;34.7;34900;1212320
KMAZ;D;20160218;000000;35.05;35.3;34.65;34.95;53000;1854315
KMAZ;D;20160219;000000;34.7;35.05;34.65;35;19000;663270
KMAZ;D;20160220;000000;34.75;35.1;34.7;35;24900;869730
KMAZ;D;20160222;000000;34.9;35.1;34.9;35;2300;80585
KMAZ;D;20160224;000000;35.05;35.05;34.75;34.9;5700;198790
KMAZ;D;20160225;000000;34.75;35.1;34.4;34.95;9900;343950
KMAZ;D;20160226;000000;35;35;34.85;34.85;10500;366455
KMAZ;D;20160229;000000;34.75;35.05;34.4;35;129500;4507580
KMAZ;D;20160301;000000;35;35.05;34.5;35;22700;792220
KMAZ;D;20160302;000000;34.8;35.05;34.75;34.95;9500;331510
KMAZ;D;20160303;000000;35;35.15;34.75;34.95;91400;3190865
KMAZ;D;20160304;000000;35;35;34.75;34.9;3100;107920
KMAZ;D;20160307;000000;35;35.1;34.85;34.85;17000;593470
KMAZ;D;20160309;000000;34.95;35.1;34.85;34.95;24900;870450
KMAZ;D;20160310;000000;34.85;35.5;34.8;35.15;28700;1006745
KMAZ;D;20160311;000000;35.15;35.55;34.7;35;237600;8333095
KMAZ;D;20160314;000000;35.1;35.55;35.05;35.15;105600;3736875
KMAZ;D;20160315;000000;35.2;35.3;34.6;34.7;104300;3632905
KMAZ;D;20160316;000000;34.85;35.1;34.7;34.85;70500;2459875
KMAZ;D;20160317;000000;35.3;35.35;34.8;34.8;47200;1650490
KMAZ;D;20160318;000000;35;35.1;34.8;35;38300;1340260
KMAZ;D;20160321;000000;35;35.1;34.8;34.95;32800;1144855
KMAZ;D;20160322;000000;35;35.05;34.7;35.05;73000;2547590
KMAZ;D;20160323;000000;35.05;35.1;34.8;34.9;42000;1470250
KMAZ;D;20160324;000000;34.8;35.4;34.65;35.15;74600;2611935
KMAZ;D;20160325;000000;35.15;35.3;35;35.15;11000;386845
KMAZ;D;20160328;000000;35.15;35.5;35;35.25;22000;775270
KMAZ;D;20160329;000000;35.35;36.8;34.6;35.2;311500;11080175
KMAZ;D;20160330;000000;35.15;35.25;34.55;35.25;42200;1468595
KMAZ;D;20160331;000000;35;35.2;34.85;35.05;30300;1060190
KMAZ;D;20160401;000000;34.9;35.35;34.8;35.1;29200;1021760
KMAZ;D;20160404;000000;35;35.55;34.9;35.25;50500;1782100
KMAZ;D;20160405;000000;35.3;35.35;34.95;35;11800;414420
KMAZ;D;20160406;000000;35.1;35.35;34.8;34.8;52400;1836940
KMAZ;D;20160407;000000;35.3;37.95;35.15;37.35;456700;16849485
KMAZ;D;20160408;000000;37.1;39.2;36.2;36.5;227800;8563485
KMAZ;D;20160411;000000;37.05;37.3;35.65;35.7;141500;5135230
KMAZ;D;20160412;000000;35.95;37.3;35.65;36.15;79700;2888860
KMAZ;D;20160413;000000;36.2;37.5;36.1;36.35;119200;4398135
KMAZ;D;20160414;000000;36.6;37.7;36.55;36.65;24300;902505
KMAZ;D;20160415;000000;36.7;37;36.4;36.8;76500;2803810
KMAZ;D;20160418;000000;36.65;36.75;36;36.45;90300;3276130
KMAZ;D;20160419;000000;36.4;36.9;36.4;36.5;42600;1556555
KMAZ;D;20160420;000000;37;37;36.6;36.65;16500;605010
KMAZ;D;20160421;000000;37.2;37.35;36.5;36.9;48900;1802280
KMAZ;D;20160422;000000;36.75;36.85;36.5;36.85;24200;887775
KMAZ;D;20160425;000000;36.65;37.25;36.65;37;17100;632285
KMAZ;D;20160426;000000;37.25;37.65;36.8;37.05;62600;2326040
KMAZ;D;20160427;000000;37.1;37.15;36.65;36.9;10200;376020
KMAZ;D;20160428;000000;36.75;36.95;35.45;36.95;83600;3016235
KMAZ;D;20160429;000000;36.35;36.9;36.25;36.75;40200;1472025
KMAZ;D;20160504;000000;35.85;37.3;35.85;36.8;8800;324290
KMAZ;D;20160505;000000;36.75;36.75;36.65;36.7;12400;454605
KMAZ;D;20160506;000000;36.75;36.9;36.7;36.8;3200;117890
KMAZ;D;20160510;000000;37.05;37.05;36.45;36.8;17000;623490
KMAZ;D;20160511;000000;36.7;37;36.7;36.8;50700;1872910
KMAZ;D;20160512;000000;36.65;37.05;36.05;37;41800;1543020
KMAZ;D;20160513;000000;36.85;36.95;36.2;36.85;17300;631575
KMAZ;D;20160516;000000;36.85;37;36.4;36.7;13800;507350
KMAZ;D;20160517;000000;36.75;37;36.4;36.7;24500;897535
KMAZ;D;20160518;000000;36.7;36.75;36.4;36.65;23600;865190
KMAZ;D;20160519;000000;36.55;37.25;36.55;36.8;29500;1090500
KMAZ;D;20160520;000000;36.9;36.9;36.4;36.7;12400;454525
KMAZ;D;20160523;000000;36.75;36.8;36.65;36.8;10200;373875
KMAZ;D;20160524;000000;36.9;37;36.5;36.65;9200;337130
KMAZ;D;20160525;000000;36.65;37;36.65;36.7;30300;1112600
KMAZ;D;20160526;000000;36.9;36.9;36.5;36.8;3000;109830
KMAZ;D;20160527;000000;36.7;36.8;36.4;36.55;20700;758360
KMAZ;D;20160530;000000;36.3;38.6;35.5;36.85;36300;1336900
KMAZ;D;20160531;000000;36.55;36.6;35.5;36.15;36400;1306005
KMAZ;D;20160601;000000;36;36;35.65;35.75;17100;613095
KMAZ;D;20160602;000000;35.65;36;35.1;35.35;39800;1409930
KMAZ;D;20160603;000000;35.45;35.75;35;35.35;27600;972110
KMAZ;D;20160606;000000;35.7;36.15;34.8;35.3;36600;1302780
KMAZ;D;20160607;000000;35.7;35.8;35;35.5;14000;495075
KMAZ;D;20160608;000000;35.3;35.65;34.8;35.1;17400;609695
KMAZ;D;20160609;000000;34.9;35.2;34.7;35.1;17900;624180
KMAZ;D;20160610;000000;35.45;35.5;34.2;34.65;57600;1997880
KMAZ;D;20160614;000000;34.5;35.2;34.1;35;43300;1503720
KMAZ;D;20160615;000000;34.85;35.25;34.8;35;22700;796145
KMAZ;D;20160616;000000;34.85;35.15;34.25;35.15;13200;459060
KMAZ;D;20160617;000000;35.45;35.45;34.75;35.05;14600;512490
KMAZ;D;20160620;000000;35.35;35.85;34.8;35.3;15800;560160
KMAZ;D;20160621;000000;35;35.25;34.8;35;3900;136760
KMAZ;D;20160622;000000;35;35.05;34.75;34.95;6700;233580
KMAZ;D;20160623;000000;34.9;35;34.6;35;8100;281575
KMAZ;D;20160624;000000;34.5;35;34.15;34.85;46500;1604370
KMAZ;D;20160627;000000;34.85;34.95;34.7;34.7;12100;421225
KMAZ;D;20160628;000000;34.75;35.6;34.75;34.85;31100;1089770
KMAZ;D;20160629;000000;34.9;35.1;34.85;34.95;3700;129305
KMAZ;D;20160630;000000;34.9;35;34.6;35;10500;365265
KMAZ;D;20160701;000000;34.6;34.95;34.6;34.95;10300;358170
KMAZ;D;20160704;000000;34.65;35.35;34.6;35.35;25500;894870
KMAZ;D;20160705;000000;35.3;35.4;35.15;35.4;18200;643410
KMAZ;D;20160706;000000;35.5;35.7;35.25;35.35;4300;152855
KMAZ;D;20160707;000000;35.4;35.4;35.2;35.2;1000;35295
KMAZ;D;20160708;000000;35.4;35.4;34.85;35;6500;227625
KMAZ;D;20160711;000000;35.1;35.45;34.65;35.05;17300;606835
KMAZ;D;20160712;000000;34.95;35.9;34.85;35.7;34600;1227935
KMAZ;D;20160713;000000;35.65;36.3;35.1;35.55;48900;1751080
KMAZ;D;20160714;000000;35.5;35.8;34.8;34.95;60200;2111195
KMAZ;D;20160715;000000;34.8;35;34.65;34.9;15000;522290
KMAZ;D;20160718;000000;34.9;35.7;34.75;35.45;66500;2338985
KMAZ;D;20160719;000000;35.2;36;35.2;35.65;68500;2449275
KMAZ;D;20160720;000000;35.7;35.7;34.85;34.95;35500;1247470
KMAZ;D;20160721;000000;35;35.45;34.85;35.15;31100;1092005
KMAZ;D;20160722;000000;35.3;35.3;35.05;35.1;4600;161585
KMAZ;D;20160725;000000;35.15;35.25;34.5;34.9;53000;1851660
KMAZ;D;20160726;000000;35.1;35.15;34.85;35.05;42100;1474660
KMAZ;D;20160727;000000;34.95;35.35;34.8;34.95;8900;312990
KMAZ;D;20160728;000000;35.1;35.2;34.85;34.95;13000;455390
KMAZ;D;20160729;000000;35.1;35.1;34.85;34.95;75300;2629340
KMAZ;D;20160801;000000;35.05;35.25;34.65;34.85;25000;871230
KMAZ;D;20160802;000000;34.9;34.9;34.6;34.6;48500;1684610
KMAZ;D;20160803;000000;34.75;35;34.75;34.8;15900;555095
KMAZ;D;20160804;000000;34.7;35.1;34.65;35;17700;617985
KMAZ;D;20160805;000000;35;35.15;34.75;35.15;11500;401675
KMAZ;D;20160808;000000;35.1;35.1;34.65;35;29100;1015660
KMAZ;D;20160809;000000;35.05;36.2;35.05;35.45;111900;4007310
KMAZ;D;20160810;000000;35.5;37;34.6;36.55;136000;4925245
KMAZ;D;20160811;000000;36.65;36.9;35.7;36.25;80400;2906490
KMAZ;D;20160812;000000;36.4;36.5;35.9;36.1;39400;1424920
KMAZ;D;20160815;000000;36.1;36.5;35.9;36.3;40400;1458560
KMAZ;D;20160816;000000;36.55;36.85;35.95;36.3;35400;1286600
KMAZ;D;20160817;000000;36;36.2;35;35.3;60400;2132355
KMAZ;D;20160818;000000;35.3;35.3;35;35.2;30400;1068585
KMAZ;D;20160819;000000;35.15;35.6;35.15;35.45;18900;667655
KMAZ;D;20160822;000000;35.35;35.7;35.25;35.55;17600;623705
KMAZ;D;20160823;000000;35.65;35.8;35.1;35.35;28500;1006965
KMAZ;D;20160824;000000;35.5;35.55;35.25;35.5;14800;523675
KMAZ;D;20160825;000000;35.5;36.2;35.45;36.15;45100;1617695
KMAZ;D;20160826;000000;36.3;36.9;36;36.15;26700;970645
KMAZ;D;20160829;000000;36.35;36.45;35.7;35.95;23800;859555
KMAZ;D;20160830;000000;35.85;35.85;35.35;35.6;62600;2228395
KMAZ;D;20160831;000000;35.55;36.15;35.35;35.8;28900;1031105
KMAZ;D;20160901;000000;35.7;36.2;35.5;35.85;30200;1079365
KMAZ;D;20160902;000000;35.95;36.25;35.5;36;25200;904375
KMAZ;D;20160905;000000;36.1;36.6;35.85;36.2;56300;2041710
KMAZ;D;20160906;000000;36.5;36.95;36.15;36.3;41900;1534180
KMAZ;D;20160907;000000;36.55;37;36.25;36.55;37000;1353955
KMAZ;D;20160908;000000;36.8;36.95;36.25;36.6;54700;1999445
KMAZ;D;20160909;000000;36.35;38.2;36.35;37.4;139400;5209155
KMAZ;D;20160912;000000;38.1;38.7;36.65;37;94400;3572430
KMAZ;D;20160913;000000;36.9;37.1;36;36.5;45500;1663885
KMAZ;D;20160914;000000;36.6;37;36.15;36.6;60800;2231855
KMAZ;D;20160915;000000;36.7;37;36.2;36.4;13400;489790
KMAZ;D;20160916;000000;36.2;37.2;36.05;36.75;39300;1440805
KMAZ;D;20160919;000000;36.8;37.3;36.45;37;37500;1384635
KMAZ;D;20160920;000000;36.8;37.05;36.5;37.05;29000;1070915
KMAZ;D;20160921;000000;36.8;38.6;36.8;37.7;180300;6829000
KMAZ;D;20160922;000000;38.1;38.15;37.55;37.95;46200;1751090
KMAZ;D;20160923;000000;38;44.3;38;43.25;810000;34052055
KMAZ;D;20160926;000000;44.2;51.45;43.4;46.8;935300;44075555
KMAZ;D;20160927;000000;48.45;48.8;42.15;44.1;329300;14638585
KMAZ;D;20160928;000000;44.05;44.05;41.95;43.2;131200;5647630
KMAZ;D;20160929;000000;43.3;44.45;41.35;43.85;146600;6347865
KMAZ;D;20160930;000000;43.75;44.3;42.85;43.7;31900;1393535
KMAZ;D;20161003;000000;43.9;46.9;43.2;45.45;98100;4414980
KMAZ;D;20161004;000000;45.7;45.75;43.85;44.15;66700;2987575
KMAZ;D;20161005;000000;43.85;44.4;42.85;43.9;28500;1250990
KMAZ;D;20161006;000000;43.9;44.2;43.4;44.05;32600;1425890
KMAZ;D;20161007;000000;43.9;44.3;43.5;44.1;117200;5125310
KMAZ;D;20161010;000000;44.15;44.7;43.5;44.5;36300;1598095
KMAZ;D;20161011;000000;44.55;46.9;44.5;45.7;136000;6214090
KMAZ;D;20161012;000000;46.1;46.15;45.2;45.25;40300;1844400
KMAZ;D;20161013;000000;45.2;45.35;43.9;44.15;17900;797365
KMAZ;D;20161014;000000;44.4;44.4;43.9;44;12100;532730
KMAZ;D;20161017;000000;44.05;45.95;43.9;45.35;69500;3108720
KMAZ;D;20161018;000000;45.5;46.9;45.4;45.5;51300;2375795
KMAZ;D;20161019;000000;45.55;45.55;44.3;44.9;39500;1768835
KMAZ;D;20161020;000000;44.85;44.85;44.4;44.4;7900;353355
KMAZ;D;20161021;000000;44.25;44.6;44;44;19700;872440
KMAZ;D;20161024;000000;43.95;45;43.4;44.9;82100;3606240
KMAZ;D;20161025;000000;44.65;45.3;44.4;44.6;37800;1688000
KMAZ;D;20161026;000000;44.3;44.75;43.75;44.2;63500;2809055
KMAZ;D;20161027;000000;43.85;44.3;43.8;44;23200;1022535
KMAZ;D;20161028;000000;44.1;44.55;43.8;44.2;24800;1095350
KMAZ;D;20161031;000000;44.95;44.95;43.8;44;85000;3735840
KMAZ;D;20161101;000000;44.2;44.45;44;44;37900;1673555
KMAZ;D;20161102;000000;44.15;44.3;43.75;44.05;78300;3445460
KMAZ;D;20161103;000000;44.1;44.25;43.85;43.95;8200;361395
KMAZ;D;20161107;000000;44.1;44.15;43.4;44;82800;3629585
KMAZ;D;20161108;000000;44;44.1;43.85;44.05;15000;659230
KMAZ;D;20161109;000000;43.6;44.1;43.5;44;15500;680775
KMAZ;D;20161110;000000;44;44.7;43.8;44.05;49800;2194805
KMAZ;D;20161111;000000;44.1;45;43.8;44.45;101900;4502745
KMAZ;D;20161114;000000;44.7;46.45;44.2;46.15;112100;5149620
KMAZ;D;20161115;000000;46.6;48.85;46.6;47.95;213300;10199475
KMAZ;D;20161116;000000;48;49.95;46.1;46.8;119900;5716580
KMAZ;D;20161117;000000;47.2;47.25;45.7;46.8;105500;4891285
KMAZ;D;20161118;000000;46.3;46.7;45.65;46.5;55100;2543410
KMAZ;D;20161121;000000;45.8;47.6;45;47.2;40200;1885725
KMAZ;D;20161122;000000;47;47.45;46.55;46.55;12700;597350
KMAZ;D;20161123;000000;46.45;46.9;46.25;46.25;11300;526160
KMAZ;D;20161124;000000;46.2;46.2;45.45;45.75;25500;1169890
KMAZ;D;20161125;000000;45.9;46.85;45.7;46.3;39200;1817090
KMAZ;D;20161128;000000;46.55;46.85;46;46;43200;2000310
KMAZ;D;20161129;000000;46.15;46.8;46.1;46.8;36700;1695880
KMAZ;D;20161130;000000;46.8;46.8;46.5;46.65;15900;740220
KMAZ;D;20161201;000000;46.35;46.6;46.05;46.45;28200;1307020
KMAZ;D;20161202;000000;46;46.75;45.5;46.75;77600;3575670
KMAZ;D;20161205;000000;46.35;47.5;46.1;47.35;50400;2361955
KMAZ;D;20161206;000000;47.35;47.45;47.05;47.15;13000;614270
KMAZ;D;20161207;000000;47.4;49.95;47.05;48;118500;5750580
KMAZ;D;20161208;000000;48.5;52.5;48.2;52.45;251400;12662320
KMAZ;D;20161209;000000;51.9;55.5;50.5;51.4;287100;14961420
KMAZ;D;20161212;000000;51.4;51.65;49.5;51;152600;7673920
KMAZ;D;20161213;000000;51.1;51.1;49.85;50.3;39400;1981245
KMAZ;D;20161214;000000;50.5;50.6;49.8;50.2;48100;2410285
KMAZ;D;20161215;000000;50.15;50.8;50;50.3;27200;1371205
KMAZ;D;20161216;000000;51;51;50.15;50.15;45800;2317080
KMAZ;D;20161219;000000;50.65;54.3;50.6;52.25;172600;9075300
KMAZ;D;20161220;000000;52.75;53.65;50.5;50.85;92000;4754675
KMAZ;D;20161221;000000;51.15;51.25;48.8;49.15;110700;5479890
KMAZ;D;20161222;000000;49.8;49.8;46.85;47.3;131300;6262165
KMAZ;D;20161223;000000;48.05;48.5;47.2;48.25;52300;2498570
KMAZ;D;20161226;000000;48.1;49.2;47.9;48.6;26100;1264465
KMAZ;D;20161227;000000;48.8;49.5;48.1;48.1;34700;1686050
KMAZ;D;20161228;000000;48.45;48.8;47.2;47.8;35700;1707025
KMAZ;D;20161229;000000;48;48.35;47.5;48.25;15100;724350
KMAZ;D;20161230;000000;48.75;50.95;48.7;48.95;34400;1708025
KMAZ;D;20170103;000000;48.9;49.8;48.9;49.45;15200;752960
KMAZ;D;20170104;000000;49.45;49.85;49.2;49.5;13600;674015
KMAZ;D;20170105;000000;49.4;49.45;48.7;49.2;30600;1501545
KMAZ;D;20170106;000000;48.75;49.05;48.6;49;10800;527030
KMAZ;D;20170109;000000;48.7;49.2;48.7;49.05;14200;696140
KMAZ;D;20170110;000000;49.1;49.45;48.8;48.95;18800;923020
KMAZ;D;20170111;000000;49.05;49.5;48.05;48.35;60100;2915755
KMAZ;D;20170112;000000;48.35;50.25;47.45;49.55;113500;5556355
KMAZ;D;20170113;000000;49.8;49.8;48.55;48.75;15600;764045
KMAZ;D;20170116;000000;49.05;50.1;48.25;48.45;55500;2705865
KMAZ;D;20170117;000000;48.9;48.9;48.35;48.6;13500;655255
KMAZ;D;20170118;000000;48.95;48.95;48.25;48.7;12400;603230
KMAZ;D;20170119;000000;48.95;48.95;48.2;48.85;21100;1025330
KMAZ;D;20170120;000000;48.55;49.5;48.35;49;75400;3696045
KMAZ;D;20170123;000000;49.1;49.1;48.65;48.7;10700;522510
KMAZ;D;20170124;000000;48.8;53.05;48.45;51.3;254400;13086820
KMAZ;D;20170125;000000;51.85;52;50.45;51;59700;3070500
KMAZ;D;20170126;000000;51.05;52;50.4;50.65;41700;2132115
KMAZ;D;20170127;000000;50.3;51.95;50.25;50.4;43200;2202570
KMAZ;D;20170130;000000;50.05;51.85;50;50.95;16300;829475
KMAZ;D;20170131;000000;50.95;52.3;50.55;52.1;29000;1495535
KMAZ;D;20170201;000000;52.05;53.9;52.05;53;73600;3925600
KMAZ;D;20170202;000000;53.75;54.35;53.2;53.55;74400;4007875
KMAZ;D;20170203;000000;53.95;54.35;52.05;53.35;33800;1796690
KMAZ;D;20170206;000000;53.15;53.65;52.25;53;17100;904950
KMAZ;D;20170207;000000;53.4;53.5;52.85;53.1;16100;854675
KMAZ;D;20170208;000000;53.05;53.45;52.95;53;54800;2906100
KMAZ;D;20170209;000000;53.5;58;53.5;54.8;454200;25176125
KMAZ;D;20170210;000000;53.75;57;53.75;55.9;108600;6064080
KMAZ;D;20170213;000000;55.3;56;54.25;54.95;103800;5741575
KMAZ;D;20170214;000000;54.05;55.3;54.05;55;24600;1352655
KMAZ;D;20170215;000000;54.7;57.5;54.6;56.6;95700;5321025
KMAZ;D;20170216;000000;58;58;56.7;57.4;71500;4091505
KMAZ;D;20170217;000000;57.55;59.15;57.25;58.45;113600;6611220
KMAZ;D;20170220;000000;58.65;58.9;57.85;58.45;43100;2508660
KMAZ;D;20170221;000000;58.7;58.75;57.75;58.35;33900;1966565
KMAZ;D;20170222;000000;58.2;58.25;57.4;58;70900;4106290
KMAZ;D;20170224;000000;57.9;58.05;57.15;57.9;76100;4381135
KMAZ;D;20170227;000000;58;58.5;57.2;57.6;124800;7181660
KMAZ;D;20170228;000000;57.55;57.55;54;55.5;290800;16346095
KMAZ;D;20170301;000000;55.5;56.75;54.85;55.55;145600;8086075
KMAZ;D;20170302;000000;55.65;57.45;55.55;57.1;69300;3899330
KMAZ;D;20170303;000000;57.75;58.1;55.85;57.65;123600;7013980
KMAZ;D;20170306;000000;57.75;58;57.4;57.6;40600;2341525
KMAZ;D;20170307;000000;57.7;58.3;56.65;56.8;45500;2614350
KMAZ;D;20170309;000000;56.8;57.7;56;56.35;152000;8601635
KMAZ;D;20170310;000000;56.05;57.3;55.8;56.8;79800;4501970
KMAZ;D;20170313;000000;57.6;58;56.45;57.2;41600;2364005
KMAZ;D;20170314;000000;57.5;58;57;57;27000;1561190
KMAZ;D;20170315;000000;57.05;57.4;56.6;57.05;47100;2679280
KMAZ;D;20170316;000000;57.05;57.4;56.6;57.15;22500;1281735
KMAZ;D;20170317;000000;57.5;61.8;57.2;59.6;242900;14271960
KMAZ;D;20170320;000000;59.95;59.95;57.55;58.6;90500;5280460
KMAZ;D;20170321;000000;58.95;59.15;57.85;59;25900;1514625
KMAZ;D;20170322;000000;59.45;59.45;58.45;59;64500;3797060
KMAZ;D;20170323;000000;59.35;60.35;59;59.05;170300;10166600
KMAZ;D;20170324;000000;58.85;59.3;58.8;59.3;7800;462050
KMAZ;D;20170327;000000;59.75;59.75;57.5;57.6;55200;3197115
KMAZ;D;20170328;000000;57;58.05;55.05;58;58800;3354085
KMAZ;D;20170329;000000;57.55;57.55;57;57.4;20300;1160555
KMAZ;D;20170330;000000;57.6;58.65;57.25;58.25;44500;2580715
KMAZ;D;20170331;000000;58.95;58.95;57.85;57.85;28400;1645260
KMAZ;D;20170403;000000;58.55;58.65;58;58.3;6900;401020
KMAZ;D;20170404;000000;58.3;58.75;58.3;58.7;13200;771930
KMAZ;D;20170405;000000;58.95;59.6;58;59.2;74100;4364065
KMAZ;D;20170406;000000;59.1;59.95;58.1;59.05;271900;16042765
KMAZ;D;20170407;000000;59.05;59.6;58.85;59;85300;5032760
KMAZ;D;20170410;000000;59;59.05;55.05;58.15;65800;3794520
KMAZ;D;20170411;000000;57.45;57.9;57;57.5;18100;1040605
KMAZ;D;20170412;000000;57.9;58.35;56.05;56.1;38800;2219850
KMAZ;D;20170413;000000;56;57.9;55.8;56.2;35100;1974715
KMAZ;D;20170414;000000;57.15;57.15;55.5;55.75;24900;1405660
KMAZ;D;20170417;000000;55.55;57.9;55.3;57.6;58700;3320835
KMAZ;D;20170418;000000;57.15;58.4;56.85;57;22300;1278375
KMAZ;D;20170419;000000;57.05;59.5;56.85;57.15;34000;1962465
KMAZ;D;20170420;000000;57;58.55;55.65;58.05;100900;5791215
KMAZ;D;20170421;000000;57.55;58;56.4;56.7;33900;1938570
KMAZ;D;20170424;000000;57.4;57.45;53.5;56.05;155400;8597655
KMAZ;D;20170425;000000;56.45;57.3;56.45;57.15;27300;1555885
KMAZ;D;20170426;000000;57;57.65;57;57.15;14800;845450
KMAZ;D;20170427;000000;57;57.2;56.5;57;10100;575455
KMAZ;D;20170428;000000;57.25;58;57.1;57.35;10800;618215
KMAZ;D;20170502;000000;57.05;57.7;57;57.4;27800;1589360
KMAZ;D;20170503;000000;57.45;57.65;57;57;6700;383680
KMAZ;D;20170504;000000;57.1;58;57;57.1;16400;942285
KMAZ;D;20170505;000000;57.15;57.85;56.55;57.05;22600;1288875
KMAZ;D;20170510;000000;56.95;57.85;56.85;57;14200;810115
KMAZ;D;20170511;000000;57.25;57.25;55.5;56.2;28600;1619145
KMAZ;D;20170512;000000;56.25;56.25;55.1;55.85;6600;366350
KMAZ;D;20170515;000000;56.1;56.3;55.15;56.3;6400;357385
KMAZ;D;20170516;000000;56.3;56.35;54.8;55;14300;788700
KMAZ;D;20170517;000000;54.7;55.25;50;55.25;70000;3726795
KMAZ;D;20170518;000000;55.65;55.65;53.55;53.85;10000;546680
KMAZ;D;20170519;000000;54.35;54.35;52.8;52.9;5000;265785
KMAZ;D;20170522;000000;53.35;53.75;52.45;53.55;28100;1496200
KMAZ;D;20170523;000000;54;55.95;54;55.4;29100;1596480
KMAZ;D;20170524;000000;55.75;56.35;53.85;54.6;48200;2657670
KMAZ;D;20170525;000000;54.45;54.45;54;54.45;11700;631935
KMAZ;D;20170526;000000;54.3;56.7;53.7;54.5;32900;1828580
KMAZ;D;20170529;000000;54.5;55.45;53.95;54.6;5400;294390
KMAZ;D;20170530;000000;54.7;55;53.5;54;20200;1091290
KMAZ;D;20170531;000000;54;54.25;53.25;53.25;13300;712320
KMAZ;D;20170601;000000;54.3;54.3;52.3;52.65;6500;344020
KMAZ;D;20170602;000000;53.05;53.6;52.25;52.6;11100;587030
KMAZ;D;20170605;000000;52.95;53.25;52.7;52.8;2600;137855
KMAZ;D;20170606;000000;52.85;53.65;52.1;52.75;18400;972315
KMAZ;D;20170607;000000;52.6;52.6;50.85;51;43100;2215780
KMAZ;D;20170608;000000;51.4;51.4;49.95;50.5;47700;2399070
KMAZ;D;20170609;000000;50.45;50.7;49.65;50.7;155600;7844885
KMAZ;D;20170613;000000;51;51.4;50;50.65;72100;3617865
KMAZ;D;20170614;000000;50.65;50.65;50.25;50.5;2400;120750
KMAZ;D;20170615;000000;50.1;50.8;50;50.05;28500;1428810
KMAZ;D;20170616;000000;50.05;50.2;49.4;49.9;37500;1871330
KMAZ;D;20170619;000000;50.35;50.45;49.55;50.05;20500;1023990
KMAZ;D;20170620;000000;50.45;51.35;50.1;50.1;28400;1434610
KMAZ;D;20170621;000000;50.35;50.35;49.75;50.35;600;30140
KMAZ;D;20170622;000000;50.45;50.45;50.1;50.35;3300;166175
KMAZ;D;20170623;000000;50.85;51.85;50.65;51;7000;359930
KMAZ;D;20170626;000000;52.45;52.5;50.2;50.8;7300;372315
KMAZ;D;20170627;000000;51.3;51.3;50.15;50.4;9600;484130
KMAZ;D;20170628;000000;50.4;51.15;49.5;50.8;57200;2882800
KMAZ;D;20170629;000000;50.9;51.55;50.9;51.05;34500;1761350
KMAZ;D;20170630;000000;50.8;52.5;50.75;51.65;33700;1733400
KMAZ;D;20170703;000000;51.65;52.05;50.55;50.55;6600;341520
KMAZ;D;20170704;000000;51.75;51.8;51;51.35;3500;179650
KMAZ;D;20170705;000000;51.35;51.55;51;51.25;5900;302365
KMAZ;D;20170706;000000;51.4;51.45;50.25;50.6;14500;735315
KMAZ;D;20170707;000000;50.55;51.1;50.4;50.5;5400;273440
KMAZ;D;20170710;000000;51;51.75;50.8;51.5;41700;2140095
KMAZ;D;20170711;000000;51.4;51.55;51.2;51.45;18300;941635
KMAZ;D;20170712;000000;51.45;52;51.3;51.4;16500;851730
KMAZ;D;20170713;000000;51.45;51.8;51.4;51.55;13600;701090
KMAZ;D;20170714;000000;51.5;54.25;51.5;53.55;68000;3609385
KMAZ;D;20170717;000000;53.75;57.55;53.55;54;47000;2570355
KMAZ;D;20170718;000000;53.15;53.9;53;53.3;18100;967070
KMAZ;D;20170719;000000;53.15;53.5;52.85;53.2;5400;286080
KMAZ;D;20170720;000000;52.8;53;52.3;52.6;16100;846850
KMAZ;D;20170721;000000;52.15;52.15;51.4;51.4;11400;590720
KMAZ;D;20170724;000000;51.95;52;51.4;51.95;26800;1386615
KMAZ;D;20170725;000000;51.9;51.9;50.7;50.9;16300;838120
KMAZ;D;20170726;000000;50.8;51.45;50.8;51.4;11800;603845
KMAZ;D;20170727;000000;51.4;52;51.4;52;7700;400090
KMAZ;D;20170728;000000;51.3;51.8;51.25;51.8;2600;133865
KMAZ;D;20170731;000000;51.75;51.75;51.35;51.65;3400;175435
KMAZ;D;20170801;000000;51.3;51.9;51.3;51.85;2400;124290
KMAZ;D;20170802;000000;52.1;52.5;52;52.5;9200;482310
KMAZ;D;20170803;000000;52.2;52.4;52.05;52.05;2000;104345
KMAZ;D;20170804;000000;52.4;53.75;52.4;53.35;15300;809085
KMAZ;D;20170807;000000;52.95;54.05;52.95;53.95;14500;781010
KMAZ;D;20170808;000000;53.5;55.65;53.5;54.05;11100;603495
KMAZ;D;20170809;000000;53.85;53.85;52.5;52.5;8300;441750
KMAZ;D;20170810;000000;53.55;54.45;52.75;53.85;7800;416135
KMAZ;D;20170811;000000;53;53.85;52.05;52.8;7700;406070
KMAZ;D;20170814;000000;52.5;52.8;51.6;52.3;16100;841680
KMAZ;D;20170815;000000;52.3;53.3;51.75;52.3;8800;459095
KMAZ;D;20170816;000000;52.4;53.55;52.4;53.2;14600;770595
KMAZ;D;20170817;000000;52.85;54.8;52.85;54.1;6000;322010
KMAZ;D;20170818;000000;54.8;54.9;52.9;53.25;9000;485700
KMAZ;D;20170821;000000;52.25;54;52.25;53.45;5100;272570
KMAZ;D;20170822;000000;53.5;53.8;52.6;53;3300;174895
KMAZ;D;20170823;000000;53.85;53.85;52;52;36900;1936355
KMAZ;D;20170824;000000;52.15;56.75;52.1;53.45;63100;3456455
KMAZ;D;20170825;000000;53.15;54;53;53.5;10000;534435
KMAZ;D;20170828;000000;54.05;55.4;53.7;54.65;27900;1524280
KMAZ;D;20170829;000000;54.25;54.3;53.2;53.8;6200;332980
KMAZ;D;20170830;000000;53.4;54.25;53;53.25;15300;818380
KMAZ;D;20170831;000000;53.6;54.05;53.25;53.9;15200;814870
KMAZ;D;20170901;000000;53.9;53.9;52.65;53.35;13200;699935
KMAZ;D;20170904;000000;53.85;53.85;51.85;52.9;15600;821450
KMAZ;D;20170905;000000;52.7;52.9;52.3;52.35;6200;325230
KMAZ;D;20170906;000000;52.1;52.5;51.95;52.3;7500;391460
KMAZ;D;20170907;000000;52.65;53.1;52.4;52.4;64800;3405655
KMAZ;D;20170908;000000;52.7;52.7;52.2;52.4;72200;3785530
KMAZ;D;20170911;000000;52.15;52.75;51.8;52.25;273300;14222450
KMAZ;D;20170912;000000;52.4;53.85;51.05;53.1;271500;14171545
KMAZ;D;20170913;000000;53.2;53.2;52.7;52.7;23200;1227890
KMAZ;D;20170914;000000;52.9;52.9;52.25;52.5;7000;369105
KMAZ;D;20170915;000000;52.1;52.9;52.1;52.85;3600;188980
KMAZ;D;20170918;000000;52.45;52.85;52.4;52.8;3800;199755
KMAZ;D;20170919;000000;52.75;53.1;52;52.9;47700;2511325
KMAZ;D;20170920;000000;53.2;54.25;53.2;53.7;43100;2316700
KMAZ;D;20170921;000000;53.35;53.95;53.3;53.85;8500;455840
KMAZ;D;20170922;000000;53.55;53.55;52.65;53.5;28900;1533275
KMAZ;D;20170925;000000;52.95;53.8;52.95;53.4;16300;870710
KMAZ;D;20170926;000000;53.8;54.2;53.25;54;20900;1123875
KMAZ;D;20170927;000000;53.7;54.1;53.45;53.85;8900;479430
KMAZ;D;20170928;000000;54.05;54.8;53.4;54.15;29100;1575310
KMAZ;D;20170929;000000;54.85;55;53.9;54;32600;1782485
KMAZ;D;20171002;000000;54.05;54.05;52.45;53;84300;4463230
KMAZ;D;20171003;000000;52.75;53.5;52.55;52.9;12900;682785
KMAZ;D;20171004;000000;53.35;53.8;52.25;52.7;33400;1753995
KMAZ;D;20171005;000000;53.1;53.1;52.05;52.4;33700;1763050
KMAZ;D;20171006;000000;52.25;53.8;52.25;52.95;18900;1004875
KMAZ;D;20171009;000000;53.05;53.5;52.5;53.25;34100;1808575
KMAZ;D;20171010;000000;53;53.5;52.85;53.2;31400;1670715
KMAZ;D;20171011;000000;53.15;53.3;52.85;53.3;16300;866050
KMAZ;D;20171012;000000;53.2;54.15;53.15;53.9;31400;1682250
KMAZ;D;20171013;000000;57.55;59.8;55.2;57.1;243400;13994030
KMAZ;D;20171016;000000;57.1;57.75;56.2;56.3;40300;2301155
KMAZ;D;20171017;000000;56.15;56.15;55.25;55.75;31100;1739675
KMAZ;D;20171018;000000;55.55;57.95;55.3;57.6;47700;2721525
KMAZ;D;20171019;000000;57.7;57.75;56;56.65;40300;2288925
KMAZ;D;20171020;000000;56.5;57.2;56.2;56.2;8600;485375
KMAZ;D;20171023;000000;56.55;57.5;56.55;57.5;38300;2188965
KMAZ;D;20171024;000000;57.65;57.7;56.9;56.9;7200;412780
KMAZ;D;20171025;000000;57.65;61.9;57.25;59.9;176200;10478040
KMAZ;D;20171026;000000;58.7;59.85;58.4;59.15;35500;2094420
KMAZ;D;20171027;000000;59;59.65;57.3;57.85;64500;3731705
KMAZ;D;20171030;000000;58;58;57;57.65;29000;1666415
KMAZ;D;20171031;000000;57.05;59;56.95;57.85;65500;3827820
KMAZ;D;20171101;000000;57.75;58.35;57.4;57.7;14900;861095
KMAZ;D;20171102;000000;58;58.65;56.9;57;47700;2757935
KMAZ;D;20171103;000000;57.45;58.15;56.8;57.75;19200;1103035
KMAZ;D;20171107;000000;57.05;57.85;57;57.75;18800;1078785
KMAZ;D;20171108;000000;57.7;58.4;57.1;58;24900;1435135
KMAZ;D;20171109;000000;57.6;59.5;57.55;58.85;110100;6495175
KMAZ;D;20171110;000000;59.6;59.6;58.4;58.5;40200;2358230
KMAZ;D;20171113;000000;58.5;58.5;58;58;14300;832535
KMAZ;D;20171114;000000;57.95;58;56.5;56.65;52200;2975780
KMAZ;D;20171115;000000;56.7;56.7;55.45;55.45;30800;1728150
KMAZ;D;20171116;000000;55.75;56.45;54.45;56.1;40000;2207470
KMAZ;D;20171117;000000;56.85;56.85;55.35;55.65;3100;172515
KMAZ;D;20171120;000000;55.2;55.55;54.8;55.2;3700;203600
KMAZ;D;20171121;000000;55.4;55.45;54.3;54.3;8700;477150
KMAZ;D;20171122;000000;55.7;55.7;54.55;54.7;6100;334600
KMAZ;D;20171123;000000;54.5;55;54.1;54.3;10800;588155
KMAZ;D;20171124;000000;54.5;55.2;53.5;54.3;17100;927270
KMAZ;D;20171127;000000;54.4;55;54;54.65;13500;736710
KMAZ;D;20171128;000000;54;54.7;53;54.65;12700;684765
KMAZ;D;20171129;000000;54.45;54.45;53.85;53.85;10600;575330
KMAZ;D;20171130;000000;53.1;53.95;51.9;52.15;55400;2910730
KMAZ;D;20171201;000000;52.2;53.4;52;52.8;18200;963295
KMAZ;D;20171204;000000;53.1;53.1;52.3;52.3;4900;258990
KMAZ;D;20171205;000000;52.3;54.45;51.35;53;50600;2677775
KMAZ;D;20171206;000000;54.4;54.45;53;53.1;8100;433350
KMAZ;D;20171207;000000;53.35;53.6;51.6;52.6;43300;2273415
KMAZ;D;20171208;000000;52.6;53;52.2;52.35;13200;691670
KMAZ;D;20171211;000000;51.75;53;51.75;52.55;14000;731740
KMAZ;D;20171212;000000;52.75;53.05;52.05;52.6;31700;1672980
KMAZ;D;20171213;000000;52.5;52.6;52.1;52.3;4400;229855
KMAZ;D;20171214;000000;52.1;52.55;52;52.55;4300;224355
KMAZ;D;20171215;000000;51.9;52.45;51.75;52.2;21400;1113475
KMAZ;D;20171218;000000;52.2;52.35;51.7;52.15;14000;727200
KMAZ;D;20171219;000000;51.75;52.95;51.4;52.45;46000;2397005
KMAZ;D;20171220;000000;51.95;52.2;51.35;51.85;23600;1217610
KMAZ;D;20171221;000000;51.9;52.05;51.35;51.75;13600;701840
KMAZ;D;20171222;000000;51.45;52.2;51.45;51.95;13700;712195
KMAZ;D;20171225;000000;51.75;52.2;51.75;52.15;5200;270715
KMAZ;D;20171226;000000;52.85;52.85;51.9;52.1;4100;213710
KMAZ;D;20171227;000000;52.15;52.9;51.65;52.4;34200;1792060
KMAZ;D;20171228;000000;52.2;52.6;52.1;52.4;8400;438645
KMAZ;D;20171229;000000;52.6;52.8;52.3;52.7;17300;908930
KMAZ;D;20180103;000000;52.7;52.85;52.65;52.75;4600;242535
KMAZ;D;20180104;000000;52.9;53.8;52.85;53.7;26100;1393280
KMAZ;D;20180105;000000;53.8;54.7;53.7;54.15;22200;1200660
KMAZ;D;20180109;000000;54.5;54.5;53.55;53.55;17800;957780
KMAZ;D;20180110;000000;53.85;54.15;53.25;53.85;15200;814685
KMAZ;D;20180111;000000;53.85;54.6;52.9;53.25;102500;5504690
KMAZ;D;20180112;000000;53.05;53.1;52.5;52.7;29800;1573475
KMAZ;D;20180115;000000;53.2;53.2;51.9;52.55;39100;2050825
KMAZ;D;20180116;000000;52.8;53.65;52.35;52.9;88100;4643095
KMAZ;D;20180117;000000;52.95;53.4;52.2;52.55;36200;1902630
KMAZ;D;20180118;000000;52.55;52.7;52.1;52.45;18400;963200
KMAZ;D;20180119;000000;52.45;52.55;51.65;52.5;35100;1830305
KMAZ;D;20180122;000000;52.7;53.4;52.05;52.35;32800;1716210
KMAZ;D;20180123;000000;52.45;52.7;52.3;52.5;11800;619760
KMAZ;D;20180124;000000;52.3;52.6;52.25;52.5;6400;335830
KMAZ;D;20180125;000000;52.5;52.55;52.4;52.4;23400;1228940
KMAZ;D;20180126;000000;52.6;52.8;52;52.05;17200;902835
KMAZ;D;20180129;000000;52.05;52.45;51.5;51.5;22100;1143810
KMAZ;D;20180130;000000;51.45;51.45;50.55;51.25;26900;1371175
KMAZ;D;20180131;000000;51.5;51.5;50.55;51.25;8100;413530
KMAZ;D;20180201;000000;51.25;51.5;51.05;51.15;7400;379545
KMAZ;D;20180202;000000;51.65;51.95;51.5;51.7;16700;863310
KMAZ;D;20180205;000000;51.35;51.45;50.95;51.15;4100;209480
KMAZ;D;20180206;000000;50.55;50.85;49.95;50.15;24700;1239845
KMAZ;D;20180207;000000;50.15;50.75;50.15;50.4;6000;303315
KMAZ;D;20180208;000000;50.35;50.35;50.2;50.3;2600;130790
KMAZ;D;20180209;000000;50.15;50.4;49.55;50.4;27800;1389955
KMAZ;D;20180212;000000;51.85;53.25;51.4;51.85;56300;2931220
KMAZ;D;20180213;000000;51.45;51.9;51.3;51.4;13400;691810
KMAZ;D;20180214;000000;51.35;51.8;51.1;51.2;11500;591825
KMAZ;D;20180215;000000;51.5;51.95;51.4;51.65;3100;160365
KMAZ;D;20180216;000000;51.2;52.35;50.45;51;98400;5032285
KMAZ;D;20180219;000000;51.25;51.75;50.5;50.8;32000;1636150
KMAZ;D;20180220;000000;50.8;51;50.15;50.7;43600;2201250
KMAZ;D;20180221;000000;50.85;51.2;50.5;50.9;21700;1106710
KMAZ;D;20180222;000000;50.85;51.15;50.35;51.05;12600;641355
KMAZ;D;20180226;000000;50.75;51.8;50.55;50.8;91900;4710975
KMAZ;D;20180227;000000;51.45;53.85;50.95;51.65;273400;14197090
KMAZ;D;20180228;000000;52.2;53.55;51.5;53.35;94200;4978080
KMAZ;D;20180301;000000;53.4;53.8;52.65;53.3;56500;3011010
KMAZ;D;20180302;000000;53.85;53.85;52.95;53.1;33800;1795410
KMAZ;D;20180305;000000;53.1;53.25;53.05;53.1;7800;414420
KMAZ;D;20180306;000000;53.2;53.75;52.7;53;22300;1182505
KMAZ;D;20180307;000000;53.25;53.6;52.7;52.7;21300;1128755
KMAZ;D;20180309;000000;53.2;53.55;52.85;53;18900;1002980
KMAZ;D;20180312;000000;53.85;53.85;52.05;52.7;14200;749130
KMAZ;D;20180313;000000;52.7;53.5;52.7;53.05;31300;1663420
KMAZ;D;20180314;000000;52.9;53.25;52.7;52.8;19100;1011500
KMAZ;D;20180315;000000;52.75;53.05;52.3;52.3;14600;769755
KMAZ;D;20180316;000000;52.25;53.1;52.15;52.6;9400;496435
KMAZ;D;20180319;000000;53;53.5;53;53;13300;707605
KMAZ;D;20180320;000000;53.05;53.25;52.65;53.25;8600;455665
KMAZ;D;20180321;000000;53.05;54.05;53;53.75;71900;3858610
KMAZ;D;20180322;000000;53.6;53.65;52.8;53.55;28400;1516455
KMAZ;D;20180323;000000;52.75;53.35;52.75;53.35;2200;116470
KMAZ;D;20180326;000000;52.85;53.3;52.35;52.35;4000;211020
KMAZ;D;20180327;000000;52.6;53.15;52.45;52.7;6100;320755
KMAZ;D;20180328;000000;52.45;53;52.35;52.9;12900;679850
KMAZ;D;20180329;000000;52.65;53;52.5;52.8;8700;459785
KMAZ;D;20180330;000000;52.95;53.05;52.95;53;4000;212025
KMAZ;D;20180402;000000;52.95;52.95;52.85;52.85;2300;121570
KMAZ;D;20180403;000000;52.75;53.45;52.35;53;18200;962570
KMAZ;D;20180404;000000;52.75;53.05;52.75;53.05;3700;195570
KMAZ;D;20180405;000000;53.15;53.15;52.95;52.95;9900;524430
KMAZ;D;20180406;000000;52.9;53.15;52.9;53;10200;540750
KMAZ;D;20180409;000000;52.25;52.85;49.7;51.85;229000;11696795
KMAZ;D;20180410;000000;49.2;52.3;49.2;51.95;397500;20538840
KMAZ;D;20180411;000000;51.2;51.6;51;51;7600;388220
KMAZ;D;20180412;000000;51.85;52.25;51.4;52;8700;451200
KMAZ;D;20180413;000000;52;52;50.2;51.05;103100;5343130
KMAZ;D;20180416;000000;50.55;50.55;48.05;49.35;261300;12832975
KMAZ;D;20180417;000000;49.9;50.95;49.7;50.05;19000;951645
KMAZ;D;20180418;000000;50.1;50.85;49.95;50.65;15400;775490
KMAZ;D;20180419;000000;50.7;50.85;50.3;50.5;10200;515880
KMAZ;D;20180420;000000;50.2;50.5;49.65;50;13700;685220
KMAZ;D;20180423;000000;49.65;50;49;49.4;39500;1949065
KMAZ;D;20180424;000000;49.4;50;49.4;49.85;26400;1310755
KMAZ;D;20180425;000000;49.45;50.4;49.3;49.75;5400;270020
KMAZ;D;20180426;000000;49.9;50.1;49.7;49.8;2200;109695
KMAZ;D;20180427;000000;49.7;49.7;48.8;49.35;31100;1529030
KMAZ;D;20180428;000000;49.05;49.4;49.05;49.35;5700;280815
KMAZ;D;20180430;000000;49.05;49.7;49;49.5;2500;123530
KMAZ;D;20180502;000000;49.45;50.05;49.4;49.6;8200;409750
KMAZ;D;20180503;000000;50.35;51.95;50.1;50.55;92700;4730415
KMAZ;D;20180504;000000;50.8;53.8;50.8;53;175700;9272600
KMAZ;D;20180507;000000;51.85;53.5;51.85;53.3;32800;1737665
KMAZ;D;20180508;000000;53.3;54.2;53;53;34200;1828065
KMAZ;D;20180510;000000;53;53.4;52.7;52.75;21400;1136105
KMAZ;D;20180511;000000;52.85;54.75;52.65;54;41900;2260220
KMAZ;D;20180514;000000;54.8;54.95;53.6;54;19100;1040895
KMAZ;D;20180515;000000;53.85;54;53.25;53.45;12900;694820
KMAZ;D;20180516;000000;53.5;54.2;53.25;53.95;12400;668455
KMAZ;D;20180517;000000;53.6;54.05;52;52.5;38500;2029435
KMAZ;D;20180518;000000;52.2;53.75;52.15;53.05;6900;365745
KMAZ;D;20180521;000000;52.95;53.8;52.95;53.35;10900;579895
KMAZ;D;20180522;000000;53.1;53.75;53;53;5500;292425
KMAZ;D;20180523;000000;53;53.15;52.5;52.6;10600;559995
KMAZ;D;20180524;000000;53.2;54.1;50.15;51.35;48600;2546610
KMAZ;D;20180525;000000;51.75;52.35;50.85;51.9;16100;830535
KMAZ;D;20180528;000000;51.15;52.4;51.05;52.4;8500;441660
KMAZ;D;20180529;000000;52.5;54.5;50.05;52.2;50500;2641705
KMAZ;D;20180530;000000;52.85;52.85;51.6;52.8;14400;755220
KMAZ;D;20180531;000000;53;53;52.7;52.7;31300;1653145
KMAZ;D;20180601;000000;53;53;52;52.8;8700;459145
KMAZ;D;20180604;000000;52.4;53.05;51.3;52.8;19000;999610
KMAZ;D;20180605;000000;52.85;53.05;52.7;52.75;9900;522880
KMAZ;D;20180606;000000;52.15;52.8;52.15;52.8;6100;320860
KMAZ;D;20180607;000000;52.9;53;52.75;52.8;10700;565250
KMAZ;D;20180608;000000;52.6;53;51.85;52.8;22800;1200595
KMAZ;D;20180609;000000;52.05;52.75;52.05;52.55;2400;125505
KMAZ;D;20180611;000000;52.15;53.85;52.1;53.15;14600;773355
KMAZ;D;20180613;000000;52.5;53.1;52.25;52.35;8600;453430
KMAZ;D;20180614;000000;52.4;52.4;50.35;51.9;14000;722705
KMAZ;D;20180615;000000;51.9;51.95;51.35;51.9;6500;336770
KMAZ;D;20180618;000000;51.9;52.25;51.1;51.45;11400;584165
KMAZ;D;20180619;000000;51.25;51.25;50.2;50.7;10400;527150
KMAZ;D;20180620;000000;50.9;51.75;50.9;51.2;21300;1091915
KMAZ;D;20180621;000000;51.25;51.85;51.1;51.75;27100;1392575
KMAZ;D;20180622;000000;51.6;52.95;51.6;52;15600;814100
KMAZ;D;20180625;000000;53.05;53.15;51.4;53;34000;1801475
KMAZ;D;20180626;000000;53;53;53;53;5300;280900
KMAZ;D;20180627;000000;53.2;53.45;53;53.05;31000;1643385
KMAZ;D;20180628;000000;53.35;53.35;53;53.05;7700;408200
KMAZ;D;20180629;000000;53.35;53.85;52.8;53.85;44800;2395215
KMAZ;D;20180702;000000;53.55;55.1;53.5;54.85;47000;2554965
KMAZ;D;20180703;000000;54.3;54.9;54;54.25;41700;2268315
KMAZ;D;20180704;000000;54.25;55.5;54.25;55;68600;3783100
KMAZ;D;20180705;000000;55.8;56.5;55;56;86900;4852690
KMAZ;D;20180706;000000;56.7;57.75;55.7;57.75;63000;3594090
KMAZ;D;20180709;000000;58;60.45;58;60.45;270700;16078805
KMAZ;D;20180710;000000;59.6;63.45;58.5;62.4;208300;12786285
KMAZ;D;20180711;000000;62.3;62.3;57.3;60.75;48800;2921685
KMAZ;D;20180712;000000;60;62.3;60;62;63600;3923390
KMAZ;D;20180713;000000;62.4;63.85;60.75;61.3;27700;1713405
KMAZ;D;20180716;000000;60.4;61.9;60.25;60.95;33700;2060575
KMAZ;D;20180717;000000;60.2;62;60;62;37600;2298260
KMAZ;D;20180718;000000;61.1;62.25;61;61;20400;1249920
KMAZ;D;20180719;000000;61;61.1;60.3;60.3;17500;1067040
KMAZ;D;20180720;000000;61.5;61.7;61.05;61.35;60500;3712535
KMAZ;D;20180723;000000;60.5;62.2;58.5;61.05;28700;1733630
KMAZ;D;20180724;000000;61.15;62.1;61;62.1;21400;1316925
KMAZ;D;20180725;000000;61.65;63;61.25;61.5;14500;897585
KMAZ;D;20180726;000000;62.85;70.85;61.6;65.8;174900;11439940
KMAZ;D;20180727;000000;66.85;67.65;64;65.1;49800;3296205
KMAZ;D;20180730;000000;63.15;66;62.65;65.8;36300;2365045
KMAZ;D;20180731;000000;65.2;66.5;64.2;66.05;76200;5007680
KMAZ;D;20180801;000000;65.8;67;65.1;66.7;59400;3948410
KMAZ;D;20180802;000000;66.6;70;65.6;68.2;293800;19898550
KMAZ;D;20180803;000000;66.9;70;66.9;68.3;99700;6881060
KMAZ;D;20180806;000000;66.1;68.8;66.1;68;13000;878380
KMAZ;D;20180807;000000;66.7;68.8;66.4;67.3;15800;1067320
KMAZ;D;20180808;000000;66.9;67.5;63.7;64.9;59100;3837560
KMAZ;D;20180809;000000;64.8;65.1;62.5;63.8;26300;1667890
KMAZ;D;20180810;000000;63.9;65.1;63.1;63.1;27400;1761860
KMAZ;D;20180813;000000;62.8;63.4;62.5;63.2;44800;2807980
KMAZ;D;20180814;000000;65.5;65.5;63.9;63.9;14200;915690
KMAZ;D;20180815;000000;63.9;63.9;61.4;62.2;16700;1038620
KMAZ;D;20180816;000000;61;63.2;60.8;62;15200;935700
KMAZ;D;20180817;000000;64;64.3;62.3;62.9;7800;492680
KMAZ;D;20180820;000000;62.3;62.7;62.1;62.1;16800;1043780
KMAZ;D;20180821;000000;62.5;66.9;62;62;24300;1533160
KMAZ;D;20180822;000000;61.1;62.8;61.1;62.1;19700;1222060
KMAZ;D;20180823;000000;64.1;64.3;62;62;27100;1706490
KMAZ;D;20180824;000000;62.2;63;62.2;63;5500;344470
KMAZ;D;20180827;000000;62.5;64;62.4;63;5000;316960
KMAZ;D;20180828;000000;61.3;63.3;61.1;62.8;3700;228650
KMAZ;D;20180829;000000;63.3;63.3;62;62.5;45000;2792590
KMAZ;D;20180830;000000;62.5;62.5;62;62.1;3400;211380
KMAZ;D;20180831;000000;62.1;62.9;62.1;62.6;3300;205670
KMAZ;D;20180903;000000;62.6;64.2;62.3;63.4;18400;1167080
KMAZ;D;20180904;000000;64.2;65;62.7;64;17400;1105510
KMAZ;D;20180905;000000;63.1;65.5;63;63.4;10100;646660
KMAZ;D;20180906;000000;64.2;67.9;63;64;64800;4251640
KMAZ;D;20180907;000000;64.7;67;64.2;65.5;32300;2108490
KMAZ;D;20180910;000000;64.6;65.2;62.3;63.5;33100;2107020
KMAZ;D;20180911;000000;63.5;64.1;62.1;63.7;11300;713150
KMAZ;D;20180912;000000;64.8;65.6;64;65.2;16200;1052990
KMAZ;D;20180913;000000;64.2;65.6;63.8;64.2;13200;849280
KMAZ;D;20180914;000000;64.2;65.9;64.2;64.8;14900;970510
KMAZ;D;20180917;000000;66.9;66.9;64.2;65.1;5100;331520
KMAZ;D;20180918;000000;66.1;67;66.1;67;31000;2073590
KMAZ;D;20180919;000000;67;67.1;65.7;67.1;11600;774740
KMAZ;D;20180920;000000;67.1;67.4;66;66;23500;1570630
KMAZ;D;20180921;000000;65.7;66;64.8;65.1;13000;846310
KMAZ;D;20180924;000000;65.6;66.5;65.2;65.6;6500;428160
KMAZ;D;20180925;000000;66.8;67;66.2;66.5;13900;928130
KMAZ;D;20180926;000000;67.9;68;65.2;66.4;32500;2159700
KMAZ;D;20180927;000000;66.4;66.5;64.1;65.1;21200;1380920
KMAZ;D;20180928;000000;64.4;64.6;63.2;64.4;16700;1069600
KMAZ;D;20181001;000000;63.9;66;62.5;63.6;26300;1703460
KMAZ;D;20181002;000000;64.6;64.6;63.5;63.7;8800;562130
KMAZ;D;20181003;000000;63.1;64.8;63;64.1;12600;806690
KMAZ;D;20181004;000000;64.1;65.9;64.1;64.4;32400;2120510
KMAZ;D;20181005;000000;64;65;63.2;64.1;25400;1629170
KMAZ;D;20181008;000000;64.1;64.8;60.8;62.9;36700;2297480
KMAZ;D;20181009;000000;62.9;65.5;62.6;63.4;19100;1223570
KMAZ;D;20181010;000000;63.4;63.9;62.7;63.1;5700;359480
KMAZ;D;20181011;000000;63;63;58.8;60;105900;6416680
KMAZ;D;20181012;000000;60.6;62.8;60.6;61.7;12900;803050
KMAZ;D;20181015;000000;62.5;62.8;58.4;60;110700;6652520
KMAZ;D;20181016;000000;59.9;59.9;58;58.6;236400;13916200
KMAZ;D;20181017;000000;58.2;59.1;58;58.2;134000;7865410
KMAZ;D;20181018;000000;58.4;63.3;58.4;60.5;776100;47081450
KMAZ;D;20181019;000000;61;62.9;58.1;59.5;293700;17418830
KMAZ;D;20181022;000000;60.2;60.4;58.9;59.4;171100;10088360
KMAZ;D;20181023;000000;59;59.1;54.9;56.1;404200;22552020
KMAZ;D;20181024;000000;56.9;57.6;56.6;56.9;22600;1287030
KMAZ;D;20181025;000000;56.3;59.5;56.1;57.8;66000;3833490
KMAZ;D;20181026;000000;57.3;58;56.7;57.1;31200;1787360
KMAZ;D;20181029;000000;56.8;57.6;56.6;57.6;7200;412340
KMAZ;D;20181030;000000;57.7;58.5;56;56.5;17200;978010
KMAZ;D;20181031;000000;57;57.8;57;57.1;3400;194820
KMAZ;D;20181101;000000;56.9;57.6;56.2;57.5;18400;1055390
KMAZ;D;20181102;000000;57.7;58.2;56.9;58;12300;709660
KMAZ;D;20181106;000000;57.4;58;57.1;57.4;12000;689480
KMAZ;D;20181107;000000;58;59.2;57.7;58.3;24400;1417840
KMAZ;D;20181108;000000;58.2;59.3;58;58;19800;1152930
KMAZ;D;20181109;000000;58;58.4;57.6;57.8;44000;2548480
KMAZ;D;20181112;000000;57.8;58.2;57.3;57.9;13100;754490
KMAZ;D;20181113;000000;58.2;58.2;57.4;57.9;11000;634430
KMAZ;D;20181114;000000;57.4;58;56.3;58;21500;1229700
KMAZ;D;20181115;000000;57.4;58;57.3;57.8;4000;231200
KMAZ;D;20181116;000000;57.2;58;53.7;57.5;35800;2027700
KMAZ;D;20181119;000000;58;58;56.5;56.9;6600;377160
KMAZ;D;20181120;000000;56.4;57.2;55.3;55.3;26200;1465850
KMAZ;D;20181121;000000;55.2;55.5;54;54.8;20300;1105860
KMAZ;D;20181122;000000;54.8;55.7;54.5;55;5900;324410
KMAZ;D;20181123;000000;55;56.4;54.7;55.1;13100;727350
KMAZ;D;20181126;000000;55.8;56.1;54;55;11400;624640
KMAZ;D;20181127;000000;55;55;54.2;54.8;6500;355150
KMAZ;D;20181128;000000;55;55.2;54.1;54.7;8900;486220
KMAZ;D;20181129;000000;54.7;55.7;54.7;54.8;28200;1553600
KMAZ;D;20181130;000000;54.6;55;54.3;54.9;9800;536990
KMAZ;D;20181203;000000;54.9;55;54.5;54.8;11700;641800
KMAZ;D;20181204;000000;54.8;55;54.5;54.9;8000;438780
KMAZ;D;20181205;000000;55;55;54.5;54.9;12500;684300
KMAZ;D;20181206;000000;54.9;55;54.4;54.9;11700;640250
KMAZ;D;20181207;000000;54.5;54.9;54;54.3;16200;881230
KMAZ;D;20181210;000000;54;54.8;52;53.6;51100;2707360
KMAZ;D;20181211;000000;54.1;54.1;52;52.7;37400;1972280
KMAZ;D;20181212;000000;53.1;53.2;51.1;51.7;16500;855170
KMAZ;D;20181213;000000;51.8;52.8;51.4;52.5;7500;389770
KMAZ;D;20181214;000000;52.8;53.1;52.2;52.8;13500;711210
KMAZ;D;20181217;000000;53;53.5;50.5;51.5;33300;1716790
KMAZ;D;20181218;000000;52;52;50.9;51.5;569700;29027650
KMAZ;D;20181219;000000;51.5;53;51.2;52.9;18900;989450
KMAZ;D;20181220;000000;53.2;53.4;51.4;53;17600;916200
KMAZ;D;20181221;000000;52.3;53.2;52.3;52.4;5800;305850
KMAZ;D;20181224;000000;53.2;53.2;52.3;52.3;2700;142140
KMAZ;D;20181225;000000;52.5;52.5;50.5;51.8;516500;26471860
KMAZ;D;20181226;000000;52.3;52.4;51.1;51.1;256800;13351880
KMAZ;D;20181227;000000;51.6;52.9;51.2;52;17900;934520
KMAZ;D;20181228;000000;52.1;53.6;52.1;53.6;11600;614790
KMAZ;D;20181229;000000;53.4;54.5;52.8;53.6;14400;773500
KMAZ;D;20190103;000000;54.4;56.3;53.5;55.3;18500;1017460
KMAZ;D;20190104;000000;56.1;57.8;55.2;56;29300;1649030
KMAZ;D;20190108;000000;56;56.9;53.2;56.1;21200;1161270
KMAZ;D;20190109;000000;56;60;55.4;59.4;185600;10938170
KMAZ;D;20190110;000000;59.2;62;58.7;60.7;104700;6333230
KMAZ;D;20190111;000000;60.6;61.5;59.5;59.6;23200;1402190
KMAZ;D;20190114;000000;60.8;60.8;56.7;60;33800;1982700
KMAZ;D;20190115;000000;60.6;60.7;59.9;60;11300;678930
KMAZ;D;20190116;000000;59.5;61.2;59.3;60.9;17300;1046390
KMAZ;D;20190117;000000;60.4;62.5;59.6;61.1;19500;1189170
KMAZ;D;20190118;000000;60.5;61;60;60.5;9300;562630
KMAZ;D;20190121;000000;60.4;61.7;60.4;60.7;19500;1188790
KMAZ;D;20190122;000000;61.6;61.6;57.7;60;22400;1335970
KMAZ;D;20190123;000000;60.6;63.1;58.1;61;38000;2304840
KMAZ;D;20190124;000000;60.6;61.5;60.3;61;24000;1463840
KMAZ;D;20190125;000000;61.1;62.1;61;61.1;10800;663530
KMAZ;D;20190128;000000;61.1;61.9;60;61.1;12200;746580
KMAZ;D;20190129;000000;60.9;60.9;58.5;60.3;28900;1722730
KMAZ;D;20190130;000000;59.8;60.3;59.7;59.7;3700;221820
KMAZ;D;20190131;000000;60;60.3;59;59;10700;639490
KMAZ;D;20190201;000000;59;61.8;59;61;32200;1964960
KMAZ;D;20190204;000000;61.7;61.9;60.2;60.6;12400;753440
KMAZ;D;20190205;000000;61.3;61.3;60.1;60.1;5000;302490
KMAZ;D;20190206;000000;61.3;61.5;60.4;60.6;13000;795940
KMAZ;D;20190207;000000;61.4;61.4;60;60.6;4500;272580
KMAZ;D;20190208;000000;61;61.9;60;60.5;9500;573560
KMAZ;D;20190211;000000;60.4;61.4;60.1;60.7;3200;193570
KMAZ;D;20190212;000000;60.8;60.9;60.2;60.5;7500;453170
KMAZ;D;20190213;000000;60.4;60.8;58.6;60.5;32900;1970250
KMAZ;D;20190214;000000;60.5;60.8;58.8;59.6;10300;614630
KMAZ;D;20190215;000000;59.4;60.2;59.4;59.9;12300;734500
KMAZ;D;20190218;000000;59.4;60.1;59.2;59.7;5500;328630
KMAZ;D;20190219;000000;59.6;60.4;56.1;57.7;30100;1755160
KMAZ;D;20190220;000000;57.8;60.4;57.8;59.1;24300;1440730
KMAZ;D;20190221;000000;59.9;60;59;59;6800;404480
KMAZ;D;20190222;000000;59.2;60.2;58.2;59.8;16800;1002170
KMAZ;D;20190225;000000;59.3;60;59.3;59.5;2700;161340
KMAZ;D;20190226;000000;59.4;59.9;58.6;59.3;7600;450490
KMAZ;D;20190227;000000;58.9;59.6;57;57;50100;2905780
KMAZ;D;20190228;000000;57.6;59;56.9;57.9;43900;2528290
KMAZ;D;20190301;000000;57.7;58.6;57;57.9;41700;2403680
KMAZ;D;20190304;000000;57.9;57.9;57.1;57.4;17000;976670
KMAZ;D;20190305;000000;57.6;57.6;56.4;56.9;16100;916300
KMAZ;D;20190306;000000;56.6;57.3;55;56.1;32900;1847190
KMAZ;D;20190307;000000;56.3;56.4;55.9;56.3;3300;185570
KMAZ;D;20190311;000000;55.8;56.4;55.8;56.2;15800;885880
KMAZ;D;20190312;000000;55.8;56.1;55.1;55.6;22500;1250350
KMAZ;D;20190313;000000;55.1;55.5;54.8;55;10900;599990
KMAZ;D;20190314;000000;54.6;56;53.9;53.9;48200;2622720
KMAZ;D;20190315;000000;53.6;54.7;53;54.2;42500;2284800
KMAZ;D;20190318;000000;54.1;56.9;54.1;55.3;57900;3218260
KMAZ;D;20190319;000000;55;56.1;54.8;55.1;25200;1397120
KMAZ;D;20190320;000000;54.7;55.6;54.7;55;5100;280800
KMAZ;D;20190321;000000;55.1;55.2;54.4;54.5;5200;285320
KMAZ;D;20190322;000000;55.3;56.1;54.4;54.7;19300;1071850
KMAZ;D;20190325;000000;55.4;55.6;54.5;55;18500;1017930
KMAZ;D;20190326;000000;55.5;55.8;55;55.1;10100;558280
KMAZ;D;20190327;000000;55.2;55.6;55;55;3700;204150
KMAZ;D;20190328;000000;55.2;55.3;55;55.1;2600;143450
KMAZ;D;20190329;000000;54.9;55.4;54.6;54.6;11800;649580
KMAZ;D;20190401;000000;54.6;55.1;54.5;55.1;7800;427910
KMAZ;D;20190402;000000;55;55.4;54.9;55.4;3400;187450
KMAZ;D;20190403;000000;55.8;56.2;55.4;55.5;4000;222810
KMAZ;D;20190404;000000;55.5;55.8;54.9;55.3;7400;407620
KMAZ;D;20190405;000000;55.4;55.5;54.5;54.7;7700;423430
KMAZ;D;20190408;000000;55.2;55.2;54.5;54.9;8200;450350
KMAZ;D;20190409;000000;54.9;55;51;52.4;149100;7830940
KMAZ;D;20190410;000000;52.4;54;51.8;52.3;105900;5552920
KMAZ;D;20190411;000000;52.4;52.6;51.7;52.1;40300;2098510
KMAZ;D;20190412;000000;52.1;52.3;51;51.7;39000;2018780
KMAZ;D;20190415;000000;51.6;52.3;51.3;51.4;33400;1729350
KMAZ;D;20190416;000000;51.7;52.3;50;50.6;98100;5006680
KMAZ;D;20190417;000000;50.6;57.6;50.3;55.4;357000;19222680
KMAZ;D;20190418;000000;55.9;59.6;54.4;57.3;449000;26259940
KMAZ;D;20190419;000000;55.8;58;55.8;56;42000;2396490
KMAZ;D;20190422;000000;56.1;56.3;54.8;55.3;22600;1251820
KMAZ;D;20190423;000000;55.3;55.4;54.6;55.2;7600;417520
KMAZ;D;20190424;000000;54.9;55;54.6;54.8;7700;422070
KMAZ;D;20190425;000000;54.6;55;54.2;54.2;12000;654980
KMAZ;D;20190426;000000;54;55;53.3;55;23100;1247790
KMAZ;D;20190429;000000;54.2;57;54.1;55.9;23800;1323330
KMAZ;D;20190430;000000;56;58;55;55.5;37900;2156740
KMAZ;D;20190502;000000;55.5;56.2;55.1;55.1;3500;193830
KMAZ;D;20190503;000000;55;55.6;55;55.1;3000;165630
KMAZ;D;20190506;000000;55;55.4;54.4;55.3;7600;417770
KMAZ;D;20190507;000000;54.9;55.3;54.8;54.8;2500;137420
KMAZ;D;20190508;000000;54.7;55.1;54.4;54.5;3700;201910
KMAZ;D;20190510;000000;54.2;55;54.1;54.7;3100;169510
KMAZ;D;20190513;000000;55;55;52.8;53.3;33100;1770820
KMAZ;D;20190514;000000;53.2;55.1;52.5;53.1;196100;10753710
KMAZ;D;20190515;000000;54.5;54.5;53.1;53.9;11600;620900
KMAZ;D;20190516;000000;54.1;55.1;53.5;54.5;12800;695620
KMAZ;D;20190517;000000;54.3;55.6;53.1;55;24200;1306980
KMAZ;D;20190520;000000;55;58.4;54.6;57.1;96200;5526310
KMAZ;D;20190521;000000;58;59;54;55.9;41400;2322230
KMAZ;D;20190522;000000;55.9;56;55;55.6;4800;266980
KMAZ;D;20190523;000000;55.9;56.7;55.3;56;6500;363570
KMAZ;D;20190524;000000;55.4;56.5;55.4;56;2500;139580
KMAZ;D;20190527;000000;56.5;56.5;53.8;55.8;13100;724440
KMAZ;D;20190528;000000;55.7;55.7;54;54.3;29000;1588210
KMAZ;D;20190529;000000;54.3;54.7;54;54.7;6700;364600
KMAZ;D;20190530;000000;54.5;55.9;54.5;54.9;17300;955790
KMAZ;D;20190531;000000;55.2;55.8;54.4;54.4;15600;860890
KMAZ;D;20190603;000000;56;56;54.4;54.9;9400;515520
KMAZ;D;20190604;000000;55;56;54;54.5;22100;1213500
KMAZ;D;20190605;000000;54.6;55.4;54.4;54.7;10000;548190
KMAZ;D;20190606;000000;54.5;55.4;54.4;55.2;8100;444010
KMAZ;D;20190607;000000;54.8;55.6;54.5;54.6;13500;742660
KMAZ;D;20190610;000000;54.8;54.9;53.9;54;28300;1532400
KMAZ;D;20190611;000000;54;55;53.8;54.4;22500;1225630
KMAZ;D;20190613;000000;55.1;55.2;54.2;54.5;9300;507800
KMAZ;D;20190614;000000;54.8;54.8;54.2;54.5;8300;452240
KMAZ;D;20190617;000000;54.4;55;54.1;54.7;10500;574480
KMAZ;D;20190618;000000;55;56.5;54.6;55.6;71300;3976180
KMAZ;D;20190619;000000;55.9;55.9;54.5;55.2;45300;2495950
KMAZ;D;20190620;000000;54.7;55.7;54.3;55.4;33700;1858360
KMAZ;D;20190621;000000;55.2;57;54.4;55.3;68700;3848750
KMAZ;D;20190624;000000;56.4;56.4;55;55.8;25900;1432600
KMAZ;D;20190625;000000;55.8;57.8;55;56.7;36700;2069580
KMAZ;D;20190626;000000;56.9;59.6;55.4;59;53100;3056980
KMAZ;D;20190627;000000;57.1;60.9;57.1;58.3;46500;2761530
KMAZ;D;20190628;000000;58.8;61.9;58;59.2;76900;4615920
KMAZ;D;20190701;000000;59.4;61.5;59.4;60;13800;832170
KMAZ;D;20190702;000000;58.8;60;58.8;60;8700;515110
KMAZ;D;20190703;000000;59.8;59.8;58.1;58.1;10300;604740
KMAZ;D;20190704;000000;58.8;58.8;57.6;58.6;37800;2193240
KMAZ;D;20190705;000000;58.5;58.9;58;58.8;7800;457730
KMAZ;D;20190708;000000;58.4;58.9;58.1;58.1;3900;227540
KMAZ;D;20190709;000000;58.6;58.6;57.3;57.8;5700;329540
KMAZ;D;20190710;000000;58.2;58.2;56.8;57.3;13800;790400
KMAZ;D;20190711;000000;56.5;57.2;55.3;56.3;50100;2799330
KMAZ;D;20190712;000000;55.8;56.5;55.7;56.1;43200;2436620
KMAZ;D;20190715;000000;56.3;56.3;55.7;56.3;23500;1321880
KMAZ;D;20190716;000000;56.2;56.2;54;54.6;78100;4258250
KMAZ;D;20190717;000000;54.4;56.8;54.1;55.4;46000;2546020
KMAZ;D;20190718;000000;55.7;55.8;55;55;8400;466190
KMAZ;D;20190719;000000;55.1;56.2;55.1;55.3;12300;684310
KMAZ;D;20190722;000000;55.6;55.9;54.9;55;15400;850190
KMAZ;D;20190723;000000;55.5;57.5;55.1;57.3;113400;6403480
KMAZ;D;20190724;000000;57.4;57.8;56.4;57;12600;721590
KMAZ;D;20190725;000000;56.4;56.5;55.8;56.4;14900;838010
KMAZ;D;20190726;000000;56.6;57.7;56;56.4;17500;996800
KMAZ;D;20190729;000000;56.2;56.8;56;56;6400;360810
KMAZ;D;20190730;000000;56.5;56.5;55.8;56.4;11000;617520
KMAZ;D;20190731;000000;56.8;56.8;55.8;56.5;18000;1016850
KMAZ;D;20190801;000000;56;58.2;56;56.6;19600;1121290
KMAZ;D;20190802;000000;56.1;56.8;55.1;55.4;37300;2084360
KMAZ;D;20190805;000000;55.2;55.9;55;55.1;15500;856130
KMAZ;D;20190806;000000;55.1;56.5;55.1;56.2;17300;971150
KMAZ;D;20190807;000000;56.2;56.3;55.7;56.2;5100;286040
KMAZ;D;20190808;000000;56.4;56.5;55.7;56.4;4800;270060
KMAZ;D;20190809;000000;56.2;56.2;53.2;54.5;75700;4122380
KMAZ;D;20190812;000000;54.4;55.2;54;54.6;28400;1549770
KMAZ;D;20190813;000000;54.5;54.5;53;54.1;68300;3662410
KMAZ;D;20190814;000000;53.6;55.8;53.6;55.8;63800;3515450
KMAZ;D;20190815;000000;55.6;55.6;53.5;53.7;32400;1747670
KMAZ;D;20190816;000000;54.4;54.4;52.7;53.3;44800;2383110
KMAZ;D;20190819;000000;53.5;54.3;52.8;54.3;49200;2636260
KMAZ;D;20190820;000000;53.6;54.7;53.4;54.6;13900;756580
KMAZ;D;20190821;000000;55.4;56.1;54.6;55.4;24100;1332960
KMAZ;D;20190822;000000;56.1;57.1;55.5;56.2;32000;1806170
KMAZ;D;20190823;000000;56.6;56.9;54.8;55.2;10900;604330
KMAZ;D;20190826;000000;54.9;55.2;54;54.8;9600;523730
KMAZ;D;20190827;000000;54.4;55;54;54.5;8000;435570
KMAZ;D;20190828;000000;55;56.5;54.5;55.3;19300;1064460
KMAZ;D;20190829;000000;55.4;57.7;55;57.2;119900;6829200
KMAZ;D;20190830;000000;56.6;57.5;55.5;57;27400;1555380
KMAZ;D;20190902;000000;56.5;58.4;56;57.1;15720;901790
KMAZ;D;20190903;000000;57.3;58.2;56.7;57.9;21200;1226758
KMAZ;D;20190904;000000;58.1;59;57.3;58.5;22470;1317449
KMAZ;D;20190905;000000;57.6;59.4;57.5;58.8;20700;1210461
KMAZ;D;20190906;000000;57.9;58.9;57.5;57.6;9230;533870
KMAZ;D;20190909;000000;57.7;60.8;56.9;57.4;38110;2235424
KMAZ;D;20190910;000000;57.3;57.9;56.4;57.2;12590;719676
KMAZ;D;20190911;000000;56.7;57.8;55;57.6;17670;1007081
KMAZ;D;20190912;000000;57.7;58.4;57;57.7;6010;346419
KMAZ;D;20190913;000000;57;58.5;56.7;57.8;17870;1025532
KMAZ;D;20190916;000000;58;58;57;57.9;8300;477384
KMAZ;D;20190917;000000;57.6;58.1;57.4;58;6050;350121
KMAZ;D;20190918;000000;57.5;59.4;57.5;58.6;7690;447680
KMAZ;D;20190919;000000;58.6;58.8;57.5;57.8;7430;430005
KMAZ;D;20190920;000000;58.1;58.8;57.6;58.7;5970;347671
KMAZ;D;20190923;000000;59;59.2;57.6;58.2;17670;1030596
KMAZ;D;20190924;000000;58.5;58.5;58;58.3;1690;98517
KMAZ;D;20190925;000000;59;59;57.5;57.9;8790;507271
KMAZ;D;20190926;000000;58.3;58.3;57.5;57.6;2360;136306
KMAZ;D;20190927;000000;58;58.3;53.6;56.5;29990;1693415
KMAZ;D;20190930;000000;56.5;65.5;56.3;60.1;342660;21080267
KMAZ;D;20191001;000000;60.8;61.5;58.1;60;56170;3362836
KMAZ;D;20191002;000000;60.8;60.8;58.4;59.7;18620;1101063
KMAZ;D;20191003;000000;61;61;58.3;59.1;17100;1004432
KMAZ;D;20191004;000000;59.9;59.9;56.9;57.8;40960;2371238
KMAZ;D;20191007;000000;57.2;58.2;57.1;57.8;5470;315155
KMAZ;D;20191008;000000;57;58;56.3;56.3;12050;685817
KMAZ;D;20191009;000000;56.4;59.3;56.4;58.3;22290;1290363
KMAZ;D;20191010;000000;58;58.6;57.6;57.7;1530;88856
KMAZ;D;20191011;000000;58.7;59;56.5;57;16960;978908
KMAZ;D;20191014;000000;57.1;57.6;56.5;56.7;7300;415595
KMAZ;D;20191015;000000;56.3;58.5;56.2;56.8;17440;999412
KMAZ;D;20191016;000000;56.2;58;56.1;57;16220;927137
KMAZ;D;20191017;000000;58.2;58.2;56.6;57.2;9710;555503
KMAZ;D;20191018;000000;57.6;57.6;56.8;57.3;8980;513889
KMAZ;D;20191021;000000;58.5;58.5;56.6;57.1;2460;140842
KMAZ;D;20191022;000000;57.7;57.8;56.7;57.3;18640;1060823
KMAZ;D;20191023;000000;56.9;57.1;56.4;56.6;21620;1229530
KMAZ;D;20191024;000000;57;57.4;55;56.7;44420;2488500
KMAZ;D;20191025;000000;56.7;56.7;55.8;56.6;7020;395971
KMAZ;D;20191028;000000;56.8;56.9;54.5;56.4;14830;829253
KMAZ;D;20191029;000000;56.4;56.5;55.8;56.2;7740;434824
KMAZ;D;20191030;000000;56;56.3;55.6;55.7;14140;791402
KMAZ;D;20191031;000000;55.9;56.7;55.9;56.1;15110;851254
KMAZ;D;20191101;000000;56.2;56.6;55.8;56.2;11580;649009
KMAZ;D;20191105;000000;56.4;56.7;55.8;56.5;19290;1088507
KMAZ;D;20191106;000000;56.8;57;56.2;56.6;13010;736341
KMAZ;D;20191107;000000;56.8;57.2;56.5;57;9770;556118
KMAZ;D;20191108;000000;57.2;58.1;56.9;58;159520;9170516
KMAZ;D;20191111;000000;57.8;58.7;57.5;57.6;19650;1142943
KMAZ;D;20191112;000000;58.3;58.3;57.6;57.9;9890;573402
KMAZ;D;20191113;000000;58.2;58.2;56;57.4;16450;940809
KMAZ;D;20191114;000000;56.9;57.7;56.8;57;2320;132817
KMAZ;D;20191115;000000;57.4;57.4;56.6;56.9;7470;425742
KMAZ;D;20191118;000000;57.3;57.3;56.2;56.4;9810;554529
KMAZ;D;20191119;000000;56.7;56.9;56.3;56.9;5610;317137
KMAZ;D;20191120;000000;56.9;57.7;56.6;57.5;12930;739742
KMAZ;D;20191121;000000;56.8;57.6;56.4;57.5;12290;699215
KMAZ;D;20191122;000000;57;57.9;56.2;57.7;23120;1324692
KMAZ;D;20191125;000000;58;58.7;57.2;57.5;21400;1239649
KMAZ;D;20191126;000000;57.3;58.1;57;57.9;18220;1048781
KMAZ;D;20191127;000000;57.4;58.3;57.4;57.9;65270;3780433
KMAZ;D;20191128;000000;57.7;58.6;57.6;57.8;21160;1224834
KMAZ;D;20191129;000000;57.7;58.2;57.4;57.8;14880;857885
KMAZ;D;20191202;000000;58;58.2;57.5;57.6;18850;1089730
KMAZ;D;20191203;000000;57.9;58.1;56.7;57.5;22020;1261952
KMAZ;D;20191204;000000;57.3;57.3;56.6;57.2;6570;374644
KMAZ;D;20191205;000000;57;57.6;56.6;57.3;5510;314762
KMAZ;D;20191206;000000;56.8;58.3;56.8;57.9;14250;821051
KMAZ;D;20191209;000000;57.3;59.3;57.3;57.7;23570;1374739
KMAZ;D;20191210;000000;58;58.3;57.5;57.5;6210;359461
KMAZ;D;20191211;000000;58.2;58.2;57;57.5;15050;861391
KMAZ;D;20191212;000000;57.2;58.7;57.1;58.4;33580;1949971
KMAZ;D;20191213;000000;58.5;60;58;58.5;77760;4581247
KMAZ;D;20191216;000000;58.5;58.9;57.8;58.2;40010;2329285
KMAZ;D;20191217;000000;58.8;58.8;57.5;58.6;21530;1247143
KMAZ;D;20191218;000000;58.2;58.4;57.4;57.8;19150;1109824
KMAZ;D;20191219;000000;57.8;58;57.5;57.7;11300;652208
KMAZ;D;20191220;000000;58;58;56.9;57.3;20190;1155145
KMAZ;D;20191223;000000;57;57.5;56.6;57.1;21280;1213241
KMAZ;D;20191224;000000;57.1;57.2;56.8;56.8;9970;568132
KMAZ;D;20191225;000000;56.8;57.3;56.8;57.3;6870;392359
KMAZ;D;20191226;000000;57.4;58.3;57.4;57.9;32370;1874127
KMAZ;D;20191227;000000;58.1;58.3;57.5;57.8;61080;3530074
KMAZ;D;20191230;000000;57.9;63;57.3;60.4;532950;32479651
KMAZ;D;20200103;000000;60.4;70.5;60.3;69.5;469830;30675830
KMAZ;D;20200106;000000;69.9;75;69.5;73.6;449920;32304860
KMAZ;D;20200108;000000;76;76;66.3;73;298840;21804600
KMAZ;D;20200109;000000;73;75;69.6;70.3;211360;15375144
KMAZ;D;20200110;000000;71.5;73;70.2;71.7;93780;6717086
KMAZ;D;20200113;000000;73.4;73.8;71.1;72.3;90580;6560809
KMAZ;D;20200114;000000;70.9;72.8;69.6;70.1;109970;7801548
KMAZ;D;20200115;000000;70.4;72.4;68.8;70;223220;15568061
KMAZ;D;20200116;000000;70;71.8;69.9;71.3;79960;5693654
KMAZ;D;20200117;000000;70.9;72.4;70.3;72;65660;4704039
KMAZ;D;20200120;000000;71.9;73;70.2;71.6;52680;3808315
KMAZ;D;20200121;000000;71.6;72.1;70.3;70.9;21820;1546813
KMAZ;D;20200122;000000;71.4;71.9;70.9;71.5;81720;5813563
KMAZ;D;20200123;000000;71.4;71.4;67.7;69.1;91370;6319164
KMAZ;D;20200124;000000;69.3;70;68;68.4;37050;2554222
KMAZ;D;20200127;000000;68.1;68.7;64.3;64.8;73750;4878154
KMAZ;D;20200128;000000;65;69;64.7;67.4;76220;5136981
KMAZ;D;20200129;000000;66.5;70.5;66.2;68;40180;2764992
KMAZ;D;20200130;000000;68.1;69.7;68.1;69.6;27920;1931562
KMAZ;D;20200131;000000;69.7;70;67.6;67.8;25180;1725605
KMAZ;D;20200203;000000;67.5;69.8;66;67.7;57040;3852200
KMAZ;D;20200204;000000;67;68.8;67;68.1;6650;450589
KMAZ;D;20200205;000000;67.1;69;65.7;66.7;40400;2702899
KMAZ;D;20200206;000000;67.1;67.8;65.9;66.7;39500;2639817
KMAZ;D;20200207;000000;66.3;67.6;66.3;67.1;13220;884582
KMAZ;D;20200210;000000;67.4;69.4;66.3;68.5;49570;3374604
KMAZ;D;20200211;000000;68.1;69;67.6;68.2;22410;1534975
KMAZ;D;20200212;000000;68.9;68.9;67.1;67.8;24500;1662485
KMAZ;D;20200213;000000;68.2;68.6;66.9;67.4;10550;711053
KMAZ;D;20200214;000000;68;68;66.1;67.7;10760;723372
KMAZ;D;20200217;000000;69.7;78;69.1;74.9;680760;51002022
KMAZ;D;20200218;000000;75.5;79.9;71.3;73.2;608550;46773188
KMAZ;D;20200219;000000;74.2;76;70.2;72.1;302510;22193816
KMAZ;D;20200220;000000;72.9;73.4;71.4;72.6;126720;9199713
KMAZ;D;20200221;000000;71.5;74;71.3;72.4;35400;2563351
KMAZ;D;20200225;000000;70.8;72.8;69.7;69.8;70380;4988653
KMAZ;D;20200226;000000;69.5;71.2;66.8;68.9;121720;8288719
KMAZ;D;20200227;000000;68.9;68.9;65.9;67.8;59720;4003603
KMAZ;D;20200228;000000;67.9;68.5;62.5;65.5;134400;8692977
KMAZ;D;20200302;000000;66.6;68.7;63.1;66.1;89720;5908855
KMAZ;D;20200303;000000;66.3;67;63.7;67;44880;2959202
KMAZ;D;20200304;000000;67;68.5;64.8;67.6;21410;1436660
KMAZ;D;20200305;000000;67.2;68.9;65.9;66.7;19950;1335441
KMAZ;D;20200306;000000;66.7;66.7;60.2;63;91340;5771143
KMAZ;D;20200310;000000;60;61.9;57;58.4;74050;4413575
KMAZ;D;20200311;000000;60.8;61.6;58.4;59.4;37610;2254069
KMAZ;D;20200312;000000;59;69.8;50.1;51.3;171580;9298148
KMAZ;D;20200313;000000;51;54;50.2;52.9;44280;2344607
KMAZ;D;20200316;000000;52.9;53;50.1;51.5;22460;1145969
KMAZ;D;20200317;000000;51.9;52.4;48;48.4;51500;2550990
KMAZ;D;20200318;000000;48.4;48.8;42.3;44;116220;5178731
KMAZ;D;20200319;000000;44.9;51;43.4;49.9;118560;5724107
KMAZ;D;20200320;000000;50;53.5;49.1;51.2;113240;5755310
KMAZ;D;20200323;000000;50.1;53;48;51.5;33800;1721292
KMAZ;D;20200324;000000;52.8;53.8;51.9;52.8;22870;1207073
KMAZ;D;20200325;000000;53.1;56.8;52.5;55.5;90930;4958287
KMAZ;D;20200326;000000;54.2;56.7;52.6;56.6;45030;2461376
KMAZ;D;20200327;000000;56.6;56.6;53.6;53.8;18770;1025609
KMAZ;D;20200330;000000;54.7;54.7;49.5;51.1;650930;32670896
KMAZ;D;20200331;000000;51.1;52.8;49.9;51.7;339620;17426426
KMAZ;D;20200401;000000;51.1;51.9;50.5;51;76780;3911838
KMAZ;D;20200402;000000;51.3;52.5;50.3;50.9;218970;11216981
KMAZ;D;20200403;000000;51;53.9;50.2;53.6;221830;11610340
KMAZ;D;20200406;000000;53.8;55.9;51.5;54.4;137950;7511324
KMAZ;D;20200407;000000;54.4;56;54.4;54.8;144470;7957814
KMAZ;D;20200408;000000;54.6;54.8;53;53.7;139680;7502866
KMAZ;D;20200409;000000;55.7;55.7;53.3;54.1;90960;4914471
KMAZ;D;20200410;000000;54.5;54.8;53.5;54.1;48010;2614548
KMAZ;D;20200413;000000;54.5;54.5;53.5;54.2;33530;1812552
KMAZ;D;20200414;000000;54.4;54.9;54;54.1;27390;1489134
KMAZ;D;20200415;000000;54.1;54.8;51.5;52;76170;4037618
KMAZ;D;20200416;000000;51.7;53.4;51.6;53.1;35110;1859590
KMAZ;D;20200417;000000;52.8;53.8;52.8;53;19190;1020886
KMAZ;D;20200420;000000;52.8;53.7;52.5;52.6;24620;1297877
KMAZ;D;20200421;000000;53.4;53.8;51.1;51.5;35830;1859653
KMAZ;D;20200422;000000;51.6;53;51.4;52.9;50260;2635221
KMAZ;D;20200423;000000;53;54;53;54;67140;3592346
KMAZ;D;20200424;000000;54.9;56.6;53.2;54.9;125500;6895535
KMAZ;D;20200427;000000;54.3;56;53.9;55.2;42510;2350547
KMAZ;D;20200428;000000;55.2;56.7;54.3;55.8;140480;7816034
KMAZ;D;20200429;000000;56.2;56.2;55;55.5;22370;1244712
KMAZ;D;20200430;000000;55.7;56.1;54.8;55.5;28990;1607196
KMAZ;D;20200504;000000;56.1;56.1;54.8;55.1;17060;940822
KMAZ;D;20200505;000000;55.4;56.5;55.1;56;25030;1399099
KMAZ;D;20200506;000000;56.5;56.8;55.5;55.6;32770;1837498
KMAZ;D;20200507;000000;55.9;56.7;55.3;55.3;19520;1094003
KMAZ;D;20200508;000000;55.7;56.2;55.1;56;15370;855611
KMAZ;D;20200512;000000;56.6;57.5;54.9;55.5;44390;2464790
KMAZ;D;20200513;000000;55.2;55.6;53.4;54.3;78600;4252057
KMAZ;D;20200514;000000;54;54.9;53.1;54.2;31990;1726720
KMAZ;D;20200515;000000;54.4;54.8;54;54.3;13800;750104
KMAZ;D;20200518;000000;54.2;55.7;54;55.2;11060;609226
KMAZ;D;20200519;000000;55.6;55.7;54.6;54.7;17120;942976
KMAZ;D;20200520;000000;55;55.3;54.5;55.2;24910;1372733
KMAZ;D;20200521;000000;55.2;55.8;53.6;55.4;43930;2423279
KMAZ;D;20200522;000000;55.4;55.5;54.2;55;9940;547377
KMAZ;D;20200525;000000;55.3;55.6;54.8;55.2;15070;831337
KMAZ;D;20200526;000000;55;56;54.7;55.6;23360;1297730
KMAZ;D;20200527;000000;55.5;56.2;55.1;55.3;29360;1632716
KMAZ;D;20200528;000000;55.8;56.2;55.2;55.5;30320;1695062
KMAZ;D;20200529;000000;55.9;56.2;55.4;55.9;21840;1219226
KMAZ;D;20200601;000000;56.3;56.9;55.4;56;25040;1407100
KMAZ;D;20200602;000000;56.5;65;55.4;60.6;260350;15730768
KMAZ;D;20200603;000000;61.5;62;58.5;59.4;88900;5308751
KMAZ;D;20200604;000000;59.3;59.7;57.2;58.3;56180;3272565
KMAZ;D;20200605;000000;58.3;61;57.5;60;91620;5472905
KMAZ;D;20200608;000000;60.4;60.6;58.5;59.4;94460;5642045
KMAZ;D;20200609;000000;58.5;59.5;56;58;30270;1764531
KMAZ;D;20200610;000000;58.4;59.3;57.3;58.8;42840;2504913
KMAZ;D;20200611;000000;59.1;59.8;57.2;57.3;36850;2126804
KMAZ;D;20200615;000000;56.6;58.6;55.9;58.6;75670;4322972
KMAZ;D;20200616;000000;58.9;59;57.1;57.8;64580;3733772
KMAZ;D;20200617;000000;57.2;57.9;57.2;57.7;21170;1218725
KMAZ;D;20200618;000000;57.7;57.8;57.1;57.3;10230;588310
KMAZ;D;20200619;000000;57.4;57.9;57.3;57.6;23340;1347129
KMAZ;D;20200622;000000;58.5;58.6;57.6;58.1;32240;1873141
KMAZ;D;20200623;000000;58.6;58.6;57.3;57.4;25080;1452787
KMAZ;D;20200625;000000;58.9;58.9;56.3;57;21890;1247814
KMAZ;D;20200626;000000;56.5;57.7;56.4;57;13310;760994
KMAZ;D;20200629;000000;57.3;57.8;56.3;57;22390;1277506
KMAZ;D;20200630;000000;57;57.8;56.3;57.1;27200;1550861
KMAZ;D;20200702;000000;57.3;58;56.8;57.5;26760;1540143
KMAZ;D;20200703;000000;58.3;58.3;57;57.1;31930;1835523
KMAZ;D;20200706;000000;57.1;58;57.1;57.8;24470;1410285
KMAZ;D;20200707;000000;59.8;59.8;54.9;57.4;25990;1479805
KMAZ;D;20200708;000000;57.4;57.4;56.5;56.8;29670;1691024
KMAZ;D;20200709;000000;56.4;57.4;56.4;56.8;12710;724084
KMAZ;D;20200710;000000;57;57.1;55.8;56.2;25370;1428882
KMAZ;D;20200713;000000;56.2;58.8;56.2;58.7;125090;7241564
KMAZ;D;20200714;000000;58.3;59.3;56.6;57.8;61820;3566301
KMAZ;D;20200715;000000;58.5;58.6;56.9;57.8;50550;2918097
KMAZ;D;20200716;000000;58.5;58.6;57.3;58.1;54570;3176559
KMAZ;D;20200717;000000;61.9;61.9;57.7;58.5;210240;12539096
KMAZ;D;20200720;000000;58.5;59.2;57;58.3;90270;5224365
KMAZ;D;20200721;000000;57.6;58.7;57.6;58.2;75940;4428848
KMAZ;D;20200722;000000;58.1;58.8;57.9;58.2;29210;1701537
KMAZ;D;20200723;000000;58.1;58.5;57.3;58;44730;2590477
KMAZ;D;20200724;000000;57.6;58.1;57.2;58.1;11450;661758
KMAZ;D;20200727;000000;57.4;58.2;57.2;57.7;53510;3088958
KMAZ;D;20200728;000000;57.7;58.2;57.5;57.6;23840;1377853
KMAZ;D;20200729;000000;57.7;60.6;57.5;60;199620;11886959
KMAZ;D;20200730;000000;60.9;60.9;58.4;59.5;69320;4125145
KMAZ;D;20200731;000000;59.8;60.2;57.7;57.7;103350;6026645
KMAZ;D;20200803;000000;58.4;59;57.6;58.2;90290;5255319
KMAZ;D;20200804;000000;58.4;58.6;57.8;58.4;27490;1598164
KMAZ;D;20200805;000000;58.4;59.3;58.1;58.5;68190;4000665
KMAZ;D;20200806;000000;58.5;58.8;58;58.6;29750;1739095
KMAZ;D;20200807;000000;58.7;76;58.2;65.7;2073940;137588351
KMAZ;D;20200810;000000;66.3;70.7;63.3;64.9;432760;28838959
KMAZ;D;20200811;000000;64.6;65.8;62.4;63.8;181040;11638622
KMAZ;D;20200812;000000;65;66.6;64;65;161630;10560984
KMAZ;D;20200813;000000;65;65.8;64.3;64.8;67850;4405507
KMAZ;D;20200814;000000;64.8;66.8;64.2;65.4;90500;5913216
KMAZ;D;20200817;000000;66.5;66.5;63;64.2;126700;8148945
KMAZ;D;20200818;000000;64;64;63.1;63.5;37240;2368345
KMAZ;D;20200819;000000;64.1;79.9;63.4;66.8;644720;43879590
KMAZ;D;20200820;000000;66.1;66.7;64.1;64.5;150310;9757189
KMAZ;D;20200821;000000;65.3;65.7;64.2;64.4;46340;3001314
KMAZ;D;20200824;000000;64.5;64.6;63.5;64.3;60250;3867195
KMAZ;D;20200825;000000;64;64.6;63.7;63.9;38660;2476326
KMAZ;D;20200826;000000;64.3;64.3;63.1;63.3;63150;4017711
KMAZ;D;20200827;000000;63.5;65.6;63.1;64.7;105290;6816895
KMAZ;D;20200828;000000;65;65.1;63.7;63.9;15770;1011618
KMAZ;D;20200831;000000;64;65.9;63.6;63.8;96320;6260111
KMAZ;D;20200901;000000;63.7;64.5;63.1;63.3;44190;2810681
KMAZ;D;20200902;000000;63.2;64.5;61.7;62.3;87050;5485967
KMAZ;D;20200903;000000;61.5;62.6;60.6;61.2;66710;4101626
KMAZ;D;20200904;000000;61;62.5;60.1;61.8;76490;4687579
KMAZ;D;20200907;000000;61.8;63.4;61.6;63.1;51380;3217856
KMAZ;D;20200908;000000;63.2;63.4;60.6;61.6;49310;3044491
KMAZ;D;20200909;000000;61;63.3;61;62.5;68870;4290292
KMAZ;D;20200910;000000;63.4;63.4;62.3;62.7;19660;1228902
KMAZ;D;20200911;000000;62.6;63;62;62.6;21380;1336266
KMAZ;D;20200914;000000;62.7;64.4;62.4;62.5;96070;6062372
KMAZ;D;20200915;000000;62.5;63.8;62.5;62.9;23060;1450969
KMAZ;D;20200916;000000;62.9;62.9;62.4;62.7;16660;1043394
KMAZ;D;20200917;000000;62.4;63.3;62.3;63;25200;1581317
KMAZ;D;20200918;000000;63.3;63.7;62.9;63.2;27120;1717957
KMAZ;D;20200921;000000;63;63.6;62;62;32820;2046512
KMAZ;D;20200922;000000;61.8;62.8;61.8;62.1;14820;923102
KMAZ;D;20200923;000000;62.2;62.4;60.7;61.7;49510;3044296
KMAZ;D;20200924;000000;61.6;61.8;59.5;61.5;170120;10296898
KMAZ;D;20200925;000000;61.2;61.6;60.3;60.6;27380;1664411
KMAZ;D;20200928;000000;60.9;60.9;59;59.9;101650;6052264
KMAZ;D;20200929;000000;59.9;60.1;59.5;59.7;24310;1453583
KMAZ;D;20200930;000000;59.5;59.9;59.5;59.7;14450;862937
KMAZ;D;20201001;000000;59.6;60.5;59.5;59.9;42710;2563977
KMAZ;D;20201002;000000;60;60;59;59.3;23280;1381368
KMAZ;D;20201005;000000;59.3;59.8;59.1;59.4;19550;1162238
KMAZ;D;20201006;000000;59.1;60.4;58.2;59.8;48020;2860826
KMAZ;D;20201007;000000;59.9;59.9;58.8;59.3;29630;1752484
KMAZ;D;20201008;000000;59.3;59.8;58.8;59.3;15150;899713
KMAZ;D;20201009;000000;59.1;62;59.1;59.6;27680;1652733
KMAZ;D;20201012;000000;60;60.5;59.1;60.3;30240;1809943
KMAZ;D;20201013;000000;60.8;60.8;59.1;59.4;28060;1688379
KMAZ;D;20201014;000000;59.6;60.2;59.1;60.2;16150;966362
KMAZ;D;20201015;000000;60.2;62.9;59.7;61.4;140800;8689358
KMAZ;D;20201016;000000;61.6;62.7;60.7;62;47290;2913810
KMAZ;D;20201019;000000;61.8;63;61.1;62.4;72340;4502362
KMAZ;D;20201020;000000;62.1;62.4;61.6;61.8;15160;937178
KMAZ;D;20201021;000000;61.9;62.1;61.5;61.8;12410;766157
KMAZ;D;20201022;000000;61.6;62.1;61.2;61.7;12320;758194
KMAZ;D;20201023;000000;61.8;62.4;61;61.4;24930;1536334
KMAZ;D;20201026;000000;61.6;61.9;60.7;61.2;20640;1265789
KMAZ;D;20201027;000000;61.2;61.3;60.4;60.5;17150;1042914
KMAZ;D;20201028;000000;60.3;60.4;58.8;59.3;27520;1633297
KMAZ;D;20201029;000000;59.2;59.2;56.5;58.5;103460;5960761
KMAZ;D;20201030;000000;58.3;58.5;57.2;57.7;17450;1010755
KMAZ;D;20201102;000000;57.8;59.2;57;57.9;34000;1966365
KMAZ;D;20201103;000000;58;58.5;57.4;58;29560;1719264
KMAZ;D;20201105;000000;58.2;61;58.2;59.7;65290;3899215
KMAZ;D;20201106;000000;59.7;62.2;59;60.8;55100;3349008
KMAZ;D;20201109;000000;60.7;62.5;60.7;61.2;100420;6172088
KMAZ;D;20201110;000000;61.5;61.7;60.5;61;31090;1901050
KMAZ;D;20201111;000000;61.2;62.1;60.8;61.7;50230;3081507
KMAZ;D;20201112;000000;62.1;62.1;60.9;61.3;17810;1093059
KMAZ;D;20201113;000000;61.1;61.6;60;61.2;43620;2654946
KMAZ;D;20201116;000000;61.3;61.6;60.8;61.1;30680;1876266
KMAZ;D;20201117;000000;61.1;65.7;60.2;64.4;226760;14425098
KMAZ;D;20201118;000000;65.8;65.8;63;63.9;108620;6928399
KMAZ;D;20201119;000000;63.9;64;62.6;63.3;46150;2908282
KMAZ;D;20201120;000000;63.1;63.5;61.3;61.5;55150;3434887
KMAZ;D;20201123;000000;61.7;62.9;61.7;62.9;44870;2791821
KMAZ;D;20201124;000000;62.7;64;62.7;63.6;68210;4332898
KMAZ;D;20201125;000000;63.4;65.7;62.2;63.5;105040;6716588
KMAZ;D;20201126;000000;63.6;63.6;62.7;63.4;33280;2107293
KMAZ;D;20201127;000000;64.7;65.1;63;63.9;195360;12537049
KMAZ;D;20201130;000000;64.2;64.5;63;63.7;67680;4324609
KMAZ;D;20201201;000000;63.8;64.6;63.8;64.5;61330;3937220
KMAZ;D;20201202;000000;64.5;66.2;63.5;66;116310;7607371
KMAZ;D;20201203;000000;66.1;67;64.5;65.5;83640;5512211
KMAZ;D;20201204;000000;65.1;67;65;65.9;68750;4544628
KMAZ;D;20201207;000000;65.9;66.5;64.9;65.6;67240;4405609
KMAZ;D;20201208;000000;65.4;65.7;64.6;65.1;61290;3990110
KMAZ;D;20201209;000000;65.1;65.6;64.6;65;40930;2659162
KMAZ;D;20201210;000000;64.8;65.3;62.6;63.7;104820;6714814
KMAZ;D;20201211;000000;63.8;66.2;63.5;64.3;131590;8440121
KMAZ;D;20201214;000000;64.4;64.9;63.7;63.9;79140;5098571
KMAZ;D;20201215;000000;64.2;64.6;63.5;64.6;69080;4420707
KMAZ;D;20201216;000000;64.3;64.9;63.7;64.5;38950;2503864
KMAZ;D;20201217;000000;64.5;64.6;63.9;64.1;44000;2823510
KMAZ;D;20201218;000000;64.3;64.4;63.2;64.2;49790;3177318
KMAZ;D;20201221;000000;64.3;64.3;61.8;62.4;80130;5035167
KMAZ;D;20201222;000000;62.4;64.2;62.2;64;139310;8786099
KMAZ;D;20201223;000000;63.8;64.2;63.5;63.8;21040;1341390
KMAZ;D;20201224;000000;63.9;64.2;60.8;62.8;65390;4104667
KMAZ;D;20201225;000000;63;64;63;63.7;42380;2701256
KMAZ;D;20201228;000000;63.7;64.6;63.4;64;60960;3903849
KMAZ;D;20201229;000000;64.2;65.7;63.8;63.9;125970;8114414
KMAZ;D;20201230;000000;64.9;64.9;63.9;64.7;44040;2845554
KMAZ;D;20210104;000000;64.8;65.5;64.6;64.9;53470;3473355
KMAZ;D;20210105;000000;65.1;66.5;64.8;65.1;34660;2262636
KMAZ;D;20210106;000000;65;66.6;64.9;65;41180;2696819
KMAZ;D;20210108;000000;65.1;65.6;65;65.1;52430;3419879
KMAZ;D;20210111;000000;65.4;65.6;64.3;64.8;93310;6072643
KMAZ;D;20210112;000000;64.8;65.5;64.6;64.9;64810;4217239
KMAZ;D;20210113;000000;65.1;65.3;64.6;64.7;28930;1875712
KMAZ;D;20210114;000000;64.5;65;64.5;64.7;26310;1704758
KMAZ;D;20210115;000000;65.2;65.3;64.6;64.6;35810;2322343
KMAZ;D;20210118;000000;67.8;67.8;64.5;64.9;22980;1493757
KMAZ;D;20210119;000000;64.7;65;64.6;64.8;23380;1516386
KMAZ;D;20210120;000000;65;65.1;64.6;64.6;21270;1378086
KMAZ;D;20210121;000000;64.6;64.9;63.8;64.1;43580;2805428
KMAZ;D;20210122;000000;64.1;64.1;62.3;63.2;72610;4567124
KMAZ;D;20210125;000000;63;63.4;62.1;62.9;58810;3696849
KMAZ;D;20210126;000000;63.1;63.8;62.8;63.8;29850;1888365
KMAZ;D;20210127;000000;63.8;63.8;62.8;62.9;59970;3788787
KMAZ;D;20210128;000000;62.9;62.9;62.1;62.6;37650;2344316
KMAZ;D;20210129;000000;62.6;63.5;62.2;62.4;38900;2441902
KMAZ;D;20210201;000000;63.3;64;60.5;62.4;55580;3466823
KMAZ;D;20210202;000000;62.6;63.3;62.3;63.2;23960;1504884
KMAZ;D;20210203;000000;63.1;63.2;62.7;62.8;19770;1244952
KMAZ;D;20210204;000000;62.9;65;62.9;63.9;97390;6239963
KMAZ;D;20210205;000000;64;64.7;63;63.5;38450;2448418
KMAZ;D;20210208;000000;64;64.6;63.1;63.6;39940;2538293
KMAZ;D;20210209;000000;63.2;63.9;63.1;63.3;22760;1444433
KMAZ;D;20210210;000000;63.7;64.5;63.3;63.9;54280;3473294
KMAZ;D;20210211;000000;63.5;64.2;63.1;63.8;29440;1870784
KMAZ;D;20210212;000000;64.1;64.3;62.1;63.3;70150;4422226
KMAZ;D;20210215;000000;62.8;64;62.8;63.8;28930;1841989
KMAZ;D;20210216;000000;64;64.1;63.5;63.6;29470;1879847
KMAZ;D;20210217;000000;63.6;64;63.5;63.5;34330;2184889
KMAZ;D;20210218;000000;63.5;63.7;62.9;62.9;29820;1887706
KMAZ;D;20210219;000000;63.5;63.5;62.3;63.2;30060;1892451
KMAZ;D;20210220;000000;62.9;63.9;62.6;63.6;21320;1355664
KMAZ;D;20210222;000000;63.1;69;62.7;62.8;642100;42393800
KMAZ;D;20210224;000000;63.4;64.1;62.7;62.9;84160;5327614
KMAZ;D;20210225;000000;62.7;63.1;62;63;89190;5585456
KMAZ;D;20210226;000000;62.3;62.7;61.3;62.2;42490;2645607
KMAZ;D;20210301;000000;65.1;66;64;64.2;195650;12673211
KMAZ;D;20210302;000000;64.2;65;64.2;64.8;74250;4809801
KMAZ;D;20210303;000000;64.9;65.1;64.6;64.6;41710;2704453
KMAZ;D;20210304;000000;65;65.3;64;64.1;46900;3019806
KMAZ;D;20210305;000000;64.1;64.5;63.8;64.2;49440;3171007
KMAZ;D;20210309;000000;64.7;64.8;64.1;64.6;52540;3384827
KMAZ;D;20210310;000000;64.4;64.9;64.3;64.5;37260;2405431
KMAZ;D;20210311;000000;64.9;65.6;64.3;64.6;55060;3561835
KMAZ;D;20210312;000000;64.6;65.9;64.4;64.5;63830;4148038
KMAZ;D;20210315;000000;64.5;66.9;64.4;65;127450;8376983
KMAZ;D;20210316;000000;65.7;65.7;64.5;64.6;61260;3973122
KMAZ;D;20210317;000000;64.5;67.8;64.4;65.1;250220;16505327
KMAZ;D;20210318;000000;65.1;66;64.7;65;42460;2766204
KMAZ;D;20210319;000000;65;66.8;64.9;65.5;82510;5414836
KMAZ;D;20210322;000000;66.1;66.2;65.1;65.5;53690;3511085
KMAZ;D;20210323;000000;66;66;64.6;64.6;44600;2896766
KMAZ;D;20210324;000000;64.6;65.3;64.4;65;44120;2860460
KMAZ;D;20210325;000000;64.5;65.2;64.2;64.2;43790;2824222
KMAZ;D;20210326;000000;65.1;65.9;64.4;65;91230;5929330
KMAZ;D;20210329;000000;65;65.5;64.4;65;64630;4207022
KMAZ;D;20210330;000000;65.5;65.5;64.5;64.6;52680;3412874
KMAZ;D;20210331;000000;64.6;65.2;64.4;64.7;67950;4406879
KMAZ;D;20210401;000000;65;65.5;64.6;64.9;96290;6265257
KMAZ;D;20210402;000000;64.9;65.4;64.7;65.3;65220;4248713
KMAZ;D;20210405;000000;65.3;65.4;64.8;65.4;61640;4013066
KMAZ;D;20210406;000000;65.3;65.4;64.9;65.1;44660;2909187
KMAZ;D;20210407;000000;64.7;65.3;64.5;65;47150;3065135
KMAZ;D;20210408;000000;65.3;68.9;64.7;67.1;256540;17024862
KMAZ;D;20210409;000000;66.8;67.3;64.3;65.3;121840;8024309
KMAZ;D;20210412;000000;65.2;66.4;62.7;65;184720;11972691
KMAZ;D;20210413;000000;64.9;65.4;64.9;65.2;56480;3680755
KMAZ;D;20210414;000000;65.6;65.6;65.1;65.3;56430;3680776
KMAZ;D;20210415;000000;65.6;67.9;65.3;65.8;214330;14204583
KMAZ;D;20210416;000000;66.1;66.5;65.6;66;60590;4003746
KMAZ;D;20210419;000000;67.2;74.3;66.1;69.9;975600;69072651
KMAZ;D;20210420;000000;70;72;67.7;68.2;241410;16797483
KMAZ;D;20210421;000000;68;72;67.1;69.7;222620;15642811
KMAZ;D;20210422;000000;69.7;71.1;69.4;70.1;103550;7263910
KMAZ;D;20210423;000000;70.6;70.6;68.9;70.4;86760;6083407
KMAZ;D;20210426;000000;70.5;71;69.3;69.7;110580;7736136
KMAZ;D;20210427;000000;69.9;71.7;69.6;70.4;121310;8584925
KMAZ;D;20210428;000000;71.5;72.3;69.6;69.9;156520;11160186
KMAZ;D;20210429;000000;70.6;72;70;70.7;105550;7478579
KMAZ;D;20210430;000000;70.7;71.5;69.3;69.8;80590;5667716
KMAZ;D;20210504;000000;70.1;71.5;69.5;70.8;102910;7287797
KMAZ;D;20210505;000000;70.3;72;70.3;70.6;66340;4696992
KMAZ;D;20210506;000000;70.9;71.2;70.1;70.3;52580;3706929
KMAZ;D;20210507;000000;70.8;70.8;70.2;70.5;59190;4170920
KMAZ;D;20210510;000000;70.5;70.8;69.5;70;92720;6508951
KMAZ;D;20210511;000000;70;70.4;69.1;69.5;58830;4096273
KMAZ;D;20210512;000000;70.1;70.1;68.2;68.4;64320;4456958
KMAZ;D;20210513;000000;68.2;69.5;67.9;68.3;95220;6526401
KMAZ;D;20210514;000000;68.8;69.9;68;68.5;78800;5422176
KMAZ;D;20210517;000000;69.6;70.5;68.5;70.1;94850;6616233
KMAZ;D;20210518;000000;71.1;71.9;70.3;71.5;152810;10914857
KMAZ;D;20210519;000000;71.5;72;69.1;69.8;87080;6135658
KMAZ;D;20210520;000000;70.1;70.6;69.3;69.9;56450;3939566
KMAZ;D;20210521;000000;69.9;70.8;69.3;70;42080;2938731
KMAZ;D;20210524;000000;70.5;71;70;70.5;60210;4240288
KMAZ;D;20210525;000000;71.2;71.2;70.1;70.4;55690;3927387
KMAZ;D;20210526;000000;70.7;70.9;70.2;70.5;61080;4306370
KMAZ;D;20210527;000000;70.9;70.9;69.7;70.2;48690;3419351
KMAZ;D;20210528;000000;70.4;70.4;69.6;69.9;42480;2969915
KMAZ;D;20210531;000000;70.3;70.6;69.7;70.3;52960;3724599
KMAZ;D;20210601;000000;70.7;70.7;70.1;70.2;54260;3819672
KMAZ;D;20210602;000000;70;71.5;69.9;70.5;76750;5431105
KMAZ;D;20210603;000000;71.9;75.2;70.8;73.3;287090;20947207
KMAZ;D;20210604;000000;73.4;75;72.5;73.6;160060;11811157
KMAZ;D;20210607;000000;73.6;77;73.6;76.9;250300;18951652
KMAZ;D;20210608;000000;77;77.7;73.8;76;179970;13763602
KMAZ;D;20210609;000000;74.3;76.3;73.3;75;134220;10040685
KMAZ;D;20210610;000000;75.5;76.9;74.1;74.7;107770;8124815
KMAZ;D;20210611;000000;74.8;76.3;74.2;75.6;99130;7495321
KMAZ;D;20210614;000000;75;77;74.7;77;117370;8907572
KMAZ;D;20210615;000000;76.5;77;75.2;75.4;121490;9249582
KMAZ;D;20210616;000000;75.2;76.2;73.9;74.6;96250;7226288
KMAZ;D;20210617;000000;74.6;75.5;73.1;74.3;66570;4956138
KMAZ;D;20210618;000000;75;75.6;73.1;73.3;49410;3672340
KMAZ;D;20210621;000000;73.3;75.6;73.1;74.7;153830;11478032
KMAZ;D;20210622;000000;77;77;73.9;74.2;72420;5425412
KMAZ;D;20210623;000000;74.3;75.1;73.5;73.7;45270;3348680
KMAZ;D;20210624;000000;74.3;74.7;73.5;74.1;63000;4675478
KMAZ;D;20210625;000000;74.5;74.7;73;73.3;57230;4218695
KMAZ;D;20210628;000000;73.7;74.5;72;72;72510;5296516
KMAZ;D;20210629;000000;71.9;73.3;71.2;72.1;50780;3666759
KMAZ;D;20210630;000000;72.9;72.9;71.6;71.7;41880;3017022
KMAZ;D;20210701;000000;71.8;72.4;71.7;72;39170;2823836
KMAZ;D;20210702;000000;73;73.9;71.3;73.3;60950;4452609
KMAZ;D;20210705;000000;74.1;74.2;71.6;72.4;181320;13104674
KMAZ;D;20210706;000000;73.3;73.7;72.3;72.3;61430;4491224
KMAZ;D;20210707;000000;72.3;74;72.2;72.7;61970;4522274
KMAZ;D;20210708;000000;72.2;73.4;71.7;73.2;67030;4872364
KMAZ;D;20210709;000000;73;74.2;72.7;74;53050;3894313
KMAZ;D;20210712;000000;72.8;76.6;72.6;74.8;126010;9445216
KMAZ;D;20210713;000000;74.7;76.8;73.6;75.9;99730;7564966
KMAZ;D;20210714;000000;75.8;76.2;73.3;73.9;56530;4198296
KMAZ;D;20210715;000000;73.4;73.9;71.2;72;104270;7520995
KMAZ;D;20210716;000000;72;76.9;71.8;73.6;199360;14869145
KMAZ;D;20210719;000000;73.6;75.5;71.6;71.8;123470;9011256
KMAZ;D;20210720;000000;72.5;72.7;71.8;72.2;37010;2674071
KMAZ;D;20210721;000000;72.5;73;71.7;72.4;51830;3757811
KMAZ;D;20210722;000000;72.2;73.3;72.2;72.3;38130;2776552
KMAZ;D;20210723;000000;73.4;73.6;72.3;72.6;29970;2181304
KMAZ;D;20210726;000000;72.6;73;72;72.4;33710;2446071
KMAZ;D;20210727;000000;73;73.4;72.4;72.5;54860;3996008
KMAZ;D;20210728;000000;73.3;73.3;72.2;72.4;48350;3508724
KMAZ;D;20210729;000000;72.7;73.2;72.2;72.3;26200;1899628
KMAZ;D;20210730;000000;72.6;72.7;72;72.2;27230;1971049
KMAZ;D;20210802;000000;72.5;73;72.2;72.6;38880;2821778
KMAZ;D;20210803;000000;72.6;72.7;72;72.5;37770;2735408
KMAZ;D;20210804;000000;72.5;72.9;72.2;72.8;53320;3867869
KMAZ;D;20210805;000000;72.7;73.8;72.5;72.9;52150;3803925
KMAZ;D;20210806;000000;73;73.6;72.6;73.4;70230;5145197
KMAZ;D;20210809;000000;73.3;76;72.8;75.1;92450;6899142
KMAZ;D;20210810;000000;73.8;75.3;73.8;74.8;69450;5186533
KMAZ;D;20210811;000000;74.8;76;74;75;61150;4582900
KMAZ;D;20210812;000000;75;76;74.5;75.2;34830;2615079
KMAZ;D;20210813;000000;75.6;76.4;75.2;75.7;46090;3490832
KMAZ;D;20210816;000000;76;76.7;76;76.4;62440;4760529
KMAZ;D;20210817;000000;76.6;77.7;76;76;94940;7287329
KMAZ;D;20210818;000000;77.1;77.5;75.2;76.5;51450;3952054
KMAZ;D;20210819;000000;76.5;77;72.2;74.5;112040;8297701
KMAZ;D;20210820;000000;74.5;74.7;73.1;73.8;47840;3532427
KMAZ;D;20210823;000000;74;76.3;74;75.8;67090;5059770
KMAZ;D;20210824;000000;75.8;76.2;75;75.6;46720;3529221
KMAZ;D;20210825;000000;75.6;76;75;75.4;28440;2144527
KMAZ;D;20210826;000000;75.5;76.2;75;75.2;57780;4366863
KMAZ;D;20210827;000000;75.5;83.7;75.2;81;593220;47548586
KMAZ;D;20210830;000000;82;97.2;81.4;94.4;1364960;125578387
KMAZ;D;20210831;000000;95.8;132.1;95.1;117;5537720;650418456
KMAZ;D;20210901;000000;118.1;137.7;105.9;109.6;3357160;407069357
KMAZ;D;20210902;000000;109.7;111.5;102.1;106.6;787160;82470388
KMAZ;D;20210903;000000;106.1;119.8;105.1;113.5;1523460;173496810
KMAZ;D;20210906;000000;114.7;115.6;106.2;111;467810;52100500
KMAZ;D;20210907;000000;113;113;106.6;107.1;294180;32007362
KMAZ;D;20210908;000000;106.6;109.1;104.5;106.4;265420;28391926
KMAZ;D;20210909;000000;106.8;106.8;103.5;104.3;135570;14183499
KMAZ;D;20210910;000000;105.3;114.4;104.4;106.5;1160280;128622550
KMAZ;D;20210913;000000;107.9;115;106.1;110;617390;68902796
KMAZ;D;20210914;000000;112;117.6;110;111.2;393370;44271696
KMAZ;D;20210915;000000;111.7;112.3;106.1;107.5;251100;27324810
KMAZ;D;20210916;000000;108.9;109;107;107.5;126270;13617070
KMAZ;D;20210917;000000;108.8;110;106.3;106.5;152150;16423337
KMAZ;D;20210920;000000;106.5;108.4;99.3;101.9;279780;28832057
KMAZ;D;20210921;000000;101.9;103.7;97.8;100.5;164560;16578937
KMAZ;D;20210922;000000;101;105.1;100.3;102.9;151090;15547148
KMAZ;D;20210923;000000;104.5;113.3;104.3;107.9;548550;59650856
KMAZ;D;20210924;000000;108.8;109.9;105;106.1;143530;15232563
KMAZ;D;20210927;000000;106.4;107.1;102;104.3;177230;18493117
KMAZ;D;20210928;000000;105.4;107.4;103.7;106.2;174750;18467532
KMAZ;D;20210929;000000;106.2;106.6;103.9;104.5;94160;9881720
KMAZ;D;20210930;000000;107;107;104.1;104.4;69860;7312344
KMAZ;D;20211001;000000;105;105;100;102.7;120320;12355523
KMAZ;D;20211004;000000;106.8;106.8;101.3;102.4;137900;14200559
KMAZ;D;20211005;000000;102.7;102.8;96.6;100;249580;24924703
KMAZ;D;20211006;000000;101;101.4;96.6;99.5;195350;19346736
KMAZ;D;20211007;000000;100;101.1;97.6;100.6;121520;12101966
KMAZ;D;20211008;000000;101.3;102.7;99;100;222780;22373131
KMAZ;D;20211011;000000;104;104;100.5;102.4;159930;16324116
KMAZ;D;20211012;000000;103.2;103.2;98.8;101.7;59660;6073496
KMAZ;D;20211013;000000;102;102.5;100.7;101.2;92120;9374640
KMAZ;D;20211014;000000;102.1;102.1;100.1;100.9;82760;8348648
KMAZ;D;20211015;000000;101;119;100.5;113.3;1651240;183272291
KMAZ;D;20211018;000000;116.8;130;115.5;127.5;3279870;408668541
KMAZ;D;20211019;000000;129;135;120;122.8;1114510;138219070
KMAZ;D;20211020;000000;126.8;126.8;120;121;298710;36425623
KMAZ;D;20211021;000000;122;122.2;113.4;114.5;520500;60772515
KMAZ;D;20211022;000000;115.9;128.5;114;121.6;834230;101646868
KMAZ;D;20211025;000000;123.7;124.3;116.5;118;205340;24547404
KMAZ;D;20211026;000000;118;124.8;117.6;121.4;526930;64783684
KMAZ;D;20211027;000000;122.6;123.5;120;121.9;164050;19890608
KMAZ;D;20211028;000000;121.5;122.5;117.1;118.5;109560;13043403
KMAZ;D;20211029;000000;119;122.9;116.2;116.5;245270;29299028
KMAZ;D;20211101;000000;116.6;121;116.6;119.4;200480;23868818
KMAZ;D;20211102;000000;121.6;121.6;118.4;118.9;109340;13113744
KMAZ;D;20211103;000000;118.9;120.1;117.8;118.6;76010;9023507
KMAZ;D;20211105;000000;119.9;120;115.1;117.9;80400;9524225
KMAZ;D;20211108;000000;117.9;126.9;117.9;121;439070;53718486
KMAZ;D;20211109;000000;121.5;121.5;119.3;120.1;85690;10306355
KMAZ;D;20211110;000000;120.9;127;120;125.7;633470;79084403
KMAZ;D;20211111;000000;127.3;130;120;123;740350;94764578
KMAZ;D;20211112;000000;125.8;128;121.7;122.9;200620;24946506
KMAZ;D;20211115;000000;123;125.2;122.4;122.5;123330;15255561
KMAZ;D;20211116;000000;124;124;120.7;120.7;86850;10579293
KMAZ;D;20211117;000000;121.5;121.5;120;120.7;69200;8339366
KMAZ;D;20211118;000000;120.8;126;117.5;119.6;446100;54524338
KMAZ;D;20211119;000000;121.2;124.5;116;117.6;234200;28000817
KMAZ;D;20211122;000000;118.8;121.2;100.6;112.6;393970;44384682
KMAZ;D;20211123;000000;112.6;117.8;110;116.5;192560;22019783
KMAZ;D;20211124;000000;116.5;120;114.4;116;147380;17314656
KMAZ;D;20211125;000000;114.9;118;113.9;114.8;114160;13177185
KMAZ;D;20211126;000000;113.9;114;107.5;110.4;320130;35602825
KMAZ;D;20211129;000000;113.1;114.3;109.9;110.8;197410;21978327
KMAZ;D;20211130;000000;110.6;112.4;108;108.7;208330;22887089
KMAZ;D;20211201;000000;109.3;111.1;104.1;108;210820;22869033
KMAZ;D;20211202;000000;108;108.3;103.6;107.4;176900;18847176
KMAZ;D;20211203;000000;108.3;109.3;106.1;107;94060;10126021
KMAZ;D;20211206;000000;107;108.3;100.1;101.1;179320;18535654
KMAZ;D;20211207;000000;103;108;102.2;106;175020;18338765
KMAZ;D;20211208;000000;108.7;111.1;104.2;105.1;246830;26709122
KMAZ;D;20211209;000000;106.5;106.5;103.6;104.9;47260;4947351
KMAZ;D;20211210;000000;105.1;109.8;102.1;103.8;162560;17140804
KMAZ;D;20211213;000000;103.8;105;100.3;100.9;78920;8054719
KMAZ;D;20211214;000000;99.9;102.2;98.8;100.6;136770;13761373
KMAZ;D;20211215;000000;103.2;104.3;101.2;103;98810;10175553
KMAZ;D;20211216;000000;104.4;107;103.8;106;86260;9114371
KMAZ;D;20211217;000000;106;106.7;104.8;106.4;65940;6981017
KMAZ;D;20211220;000000;107.2;108.9;102.5;105.2;113400;11951530
KMAZ;D;20211221;000000;105.2;107;104;105.6;57480;6064464
KMAZ;D;20211222;000000;106.8;108;105.4;107.4;100390;10721149
KMAZ;D;20211223;000000;108.1;108.8;103.3;106.3;81790;8696256
KMAZ;D;20211224;000000;106.4;108.1;102.9;106;53400;5661461
KMAZ;D;20211227;000000;107.1;107.1;103.9;105;106900;11259056
KMAZ;D;20211228;000000;106.1;106.6;104.2;104.6;102600;10805364
KMAZ;D;20211229;000000;104.6;105.6;103.6;104.7;66800;6988476
KMAZ;D;20211230;000000;104.7;105.7;104;105;52290;5481276
KMAZ;D;20220103;000000;105.1;114;105.1;110.8;144970;15961513
KMAZ;D;20220104;000000;110.4;113.8;109.7;110.9;97050;10783030
KMAZ;D;20220105;000000;111;112.2;109.9;110;64040;7097334
KMAZ;D;20220106;000000;110.4;110.4;106.1;107.2;64420;6961855
KMAZ;D;20220110;000000;107.3;118.5;107.3;112.4;618630;70492263
KMAZ;D;20220111;000000;113.8;116.9;110.9;113.3;206550;23592940
KMAZ;D;20220112;000000;113;116.1;113;114.1;116400;13274682
KMAZ;D;20220113;000000;114.8;115.5;110.2;110.5;158480;17870269
KMAZ;D;20220114;000000;113.6;113.6;105.1;107.1;194510;21046510
KMAZ;D;20220117;000000;108.1;110;106.1;110;147480;15955540
KMAZ;D;20220118;000000;110.2;111.1;102;103.8;158790;16807053
KMAZ;D;20220119;000000;103.5;109;101.3;106;183030;19323902
KMAZ;D;20220120;000000;107.4;108;105.6;107.4;86620;9260201
KMAZ;D;20220121;000000;107.5;107.5;105.6;106.3;53230;5664895
KMAZ;D;20220124;000000;106.8;106.8;97.2;101.1;180750;18276022
KMAZ;D;20220125;000000;101.5;103.5;98.7;100.8;77270;7854471
KMAZ;D;20220126;000000;100.8;104.4;100.6;103.4;87680;9054136
KMAZ;D;20220127;000000;103.4;105.3;102.8;104.2;72730;7579511
KMAZ;D;20220128;000000;105.4;107;104.7;105.8;78530;8330893
KMAZ;D;20220131;000000;105.8;107.4;105.8;106.4;60920;6487191
KMAZ;D;20220201;000000;106.4;106.7;104.5;105.4;71970;7590153
KMAZ;D;20220202;000000;105.9;105.9;103.4;103.7;47070;4925727
KMAZ;D;20220203;000000;103.7;104;100.9;102.8;48170;4940705
KMAZ;D;20220204;000000;104;105.3;103;103.6;74210;7741874
KMAZ;D;20220207;000000;105.4;105.4;102.5;102.7;52670;5459955
KMAZ;D;20220208;000000;102.5;106.4;102.5;103.7;157920;16435925
KMAZ;D;20220209;000000;104.9;104.9;103.5;104.2;84500;8797922
KMAZ;D;20220210;000000;104.2;109.8;103.6;108.2;285040;30414688
KMAZ;D;20220211;000000;108.2;110;104.3;106.1;82020;8756864
KMAZ;D;20220214;000000;105.8;105.8;102.6;104.2;81980;8504910
KMAZ;D;20220215;000000;104.3;110.5;104.3;106.4;247930;26574861
KMAZ;D;20220216;000000;106.7;108.9;106.6;107.2;95710;10304746
KMAZ;D;20220217;000000;106.1;107.3;104.9;104.9;39040;4132519
KMAZ;D;20220218;000000;106.3;106.3;102.4;104.7;47850;4985113
KMAZ;D;20220221;000000;104.9;107;86.2;93.3;248000;23576813
KMAZ;D;20220222;000000;92.9;93.5;75;91.9;349580;29640083
KMAZ;D;20220224;000000;84;85.5;56.8;72.9;325700;22851328
KMAZ;D;20220225;000000;74.6;91.9;73.3;81.5;180890;15158853
KMAZ;D;20220328;000000;81.4;103;75.2;101.5;677810;65139504
KMAZ;D;20220329;000000;104.6;129.7;102.2;117.9;806610;96098481
KMAZ;D;20220330;000000;122;129;102.2;111.3;447290;50641098
KMAZ;D;20220331;000000;111.3;111.7;106;108.4;360210;39100630
KMAZ;D;20220401;000000;109;109;104;105.9;300050;31788232
KMAZ;D;20220404;000000;106.2;107.9;103.5;104.4;178020;18675332
KMAZ;D;20220405;000000;106;106;97.5;100.6;187860;19065547
KMAZ;D;20220406;000000;99.2;104.8;96.8;100.2;177430;17940023
KMAZ;D;20220407;000000;101;106;100.2;101;187200;19268398
KMAZ;D;20220408;000000;103;103.4;100;101.3;72540;7383772
KMAZ;D;20220411;000000;103.9;103.9;101.5;101.5;87350;8991385
KMAZ;D;20220412;000000;103.9;103.9;97.1;102.8;206750;20831939
KMAZ;D;20220413;000000;102.8;103.8;100.1;102.9;113150;11527646
KMAZ;D;20220414;000000;102.5;103.9;100;100.3;116330;11774764
KMAZ;D;20220415;000000;100.3;105;95;100.1;199190;20109243
KMAZ;D;20220418;000000;100.1;102.7;99;100.1;77510;7796360
KMAZ;D;20220419;000000;100.8;101;98.1;99.5;58920;5862080
KMAZ;D;20220420;000000;99.5;100.5;98.2;99.1;76310;7600009
KMAZ;D;20220421;000000;98.9;107.6;98.2;103.6;511050;53443321
KMAZ;D;20220422;000000;103.8;112;102;103.6;440900;47234180
KMAZ;D;20220425;000000;103.6;104.7;100.6;102.2;90450;9240141
KMAZ;D;20220426;000000;103.3;104;102.3;103;121870;12597390
KMAZ;D;20220427;000000;103.5;104.4;102.2;104;135440;14010734
KMAZ;D;20220428;000000;104.5;107.3;101.2;102.5;195080;20409394
KMAZ;D;20220429;000000;103;104.9;102.7;103;45970;4747649
KMAZ;D;20220504;000000;103;103.8;100.7;102.7;73720;7543470
KMAZ;D;20220505;000000;103;103.8;101;102.3;114130;11717618
KMAZ;D;20220506;000000;103.6;103.6;101.3;102.1;57600;5878188
KMAZ;D;20220511;000000;102.9;102.9;101.4;101.9;54480;5550427
KMAZ;D;20220512;000000;102.4;102.4;101.1;101.6;28520;2895774
KMAZ;D;20220513;000000;100.5;101.7;100.5;100.8;28310;2853940
KMAZ;D;20220516;000000;101.2;104.5;101;103.7;143050;14756194
KMAZ;D;20220517;000000;105.2;106.2;102.8;104;113310;11841830
KMAZ;D;20220518;000000;104;110;101;103.1;291560;30631538
KMAZ;D;20220519;000000;103.9;104.1;102.2;102.5;34500;3546015
KMAZ;D;20220520;000000;102;103.3;101.6;102;58900;6015913
KMAZ;D;20220523;000000;103.2;103.3;100.9;101.3;42860;4363832
KMAZ;D;20220524;000000;101.3;102;100;100.5;62660;6314736
KMAZ;D;20220525;000000;100.5;101.5;100.5;100.8;32560;3278715
KMAZ;D;20220526;000000;100.5;101.2;97.5;100.6;134280;13432936
KMAZ;D;20220527;000000;100.6;100.7;100;100.3;34360;3446717
KMAZ;D;20220530;000000;100.9;100.9;99.4;99.9;57030;5703791
KMAZ;D;20220531;000000;99.9;99.9;99;99.6;30620;3045130
KMAZ;D;20220601;000000;99.8;100.7;99.4;100.5;40930;4098498
KMAZ;D;20220602;000000;100.7;100.9;99.4;99.6;29910;2990355
KMAZ;D;20220603;000000;99.3;100.5;98.1;98.3;67160;6641359
KMAZ;D;20220606;000000;98;99.8;97.5;98.4;93100;9169195
KMAZ;D;20220607;000000;98.4;99.1;95.2;98;74700;7307781
KMAZ;D;20220608;000000;97.6;99.2;97.6;98.3;47590;4686369
KMAZ;D;20220609;000000;97.7;98.8;96.5;98.4;50190;4895706
KMAZ;D;20220610;000000;98.1;100.9;97.1;97.1;29020;2846036
KMAZ;D;20220614;000000;100;100;96.1;96.7;40920;3965387
KMAZ;D;20220615;000000;96.9;97;95.1;96;107940;10311885
KMAZ;D;20220616;000000;96.1;99.4;95.1;98;149430;14545998
KMAZ;D;20220617;000000;98;99.7;96.2;96.9;69520;6756812
KMAZ;D;20220620;000000;97.6;97.6;95.8;96.9;60120;5809015
KMAZ;D;20220621;000000;97.5;98;96.3;96.7;71240;6922129
KMAZ;D;20220622;000000;96;96;94.7;95.8;62080;5929347
KMAZ;D;20220623;000000;98.9;98.9;94.5;94.7;101780;9670079
KMAZ;D;20220624;000000;95.6;95.6;94.1;94.2;62970;5955100
KMAZ;D;20220627;000000;94.5;95;94;94.7;69150;6544251
KMAZ;D;20220628;000000;94.9;96.1;94.3;94.6;78300;7452636
KMAZ;D;20220629;000000;94;94.5;92.2;92.9;77370;7199179
KMAZ;D;20220630;000000;92.5;93.6;88.2;88.8;109100;9798637
KMAZ;D;20220701;000000;88.8;90.8;85.2;89.3;88070;7753395
KMAZ;D;20220704;000000;90.5;94;89.3;91.9;126700;11636531
KMAZ;D;20220705;000000;91.1;94.9;86;89.2;215810;19303568
KMAZ;D;20220706;000000;89.5;92.5;89.2;92;109510;9976254
KMAZ;D;20220707;000000;92.8;94.5;89;90.9;159680;14639547
KMAZ;D;20220708;000000;92;92;90.2;90.5;42210;3844559
KMAZ;D;20220711;000000;91.8;91.8;89.3;89.8;47260;4270822
KMAZ;D;20220712;000000;90.7;90.7;87.6;88.2;38310;3394794
KMAZ;D;20220713;000000;88.3;89.8;85.5;86.5;74980;6545766
KMAZ;D;20220714;000000;86.2;88.1;84.7;86.1;47840;4124591
KMAZ;D;20220715;000000;86.4;89;82.9;85.5;214280;18151355
KMAZ;D;20220718;000000;85.9;86.6;84.3;85.9;78110;6672957
KMAZ;D;20220719;000000;85;86.5;80.8;83;90220;7571127
KMAZ;D;20220720;000000;83;83.5;80;80.8;163630;13300594
KMAZ;D;20220721;000000;80.9;81;78.1;79.8;84600;6738700
KMAZ;D;20220722;000000;80.4;81.8;79.9;81.2;46170;3739574
KMAZ;D;20220725;000000;81.5;82.7;81;81.5;78930;6465810
KMAZ;D;20220726;000000;81.6;83.9;81.5;82.7;70620;5828564
KMAZ;D;20220727;000000;83.1;87.6;81.9;86;149850;12699538
KMAZ;D;20220728;000000;86.9;87.5;83;85.5;116220;9942852
KMAZ;D;20220729;000000;85.2;87.1;84;86.7;63990;5500704
KMAZ;D;20220801;000000;86.9;101.9;86.5;94.8;1346830;128804196
KMAZ;D;20220802;000000;96.9;99;92.5;92.5;498900;47741585
KMAZ;D;20220803;000000;93;95.2;86.5;91.1;440670;39830127
KMAZ;D;20220804;000000;89.2;91.7;86.6;87.2;316290;27936867
KMAZ;D;20220805;000000;87.5;89.9;81;81.9;338570;28602530
KMAZ;D;20220808;000000;83.9;94.4;83.1;87;748730;67296298
KMAZ;D;20220809;000000;88.5;93.3;87.2;91.3;402080;36647458
KMAZ;D;20220810;000000;91.4;92.5;89.1;89.6;169930;15379777
KMAZ;D;20220811;000000;90.7;90.7;87.4;89.3;125500;11240045
KMAZ;D;20220812;000000;89.3;96.7;87;90.6;1059290;99216535
KMAZ;D;20220815;000000;91.4;93.5;90.6;92.4;160200;14759900
KMAZ;D;20220816;000000;92.8;92.8;90.4;92.2;123740;11380766
KMAZ;D;20220817;000000;92.2;92.6;91.4;91.5;69680;6401549
KMAZ;D;20220818;000000;91.5;92.1;90;90.6;82030;7450564
KMAZ;D;20220819;000000;90.9;91.1;89.4;90.1;73630;6639275
KMAZ;D;20220822;000000;90.2;90.6;87.5;89.9;94720;8507823
KMAZ;D;20220823;000000;91.2;94.9;90.2;92;521610;48354154
KMAZ;D;20220824;000000;92.3;92.3;90.4;90.8;91400;8315103
KMAZ;D;20220825;000000;91.4;91.9;89.9;90.5;151960;13752294
KMAZ;D;20220826;000000;90.2;90.8;89.6;90.1;126460;11396257
KMAZ;D;20220829;000000;90.1;94.2;89.9;90.9;315220;28930118
KMAZ;D;20220830;000000;92.2;92.4;90.5;90.5;104650;9542721
KMAZ;D;20220831;000000;89.5;91.6;89.4;91.1;165830;15023234
KMAZ;D;20220901;000000;91.1;91.1;89.8;90.4;253170;22859130
KMAZ;D;20220902;000000;90.4;90.9;90.1;90.4;192220;17375567
KMAZ;D;20220905;000000;90.6;91;89.9;90.8;253450;22913260
KMAZ;D;20220906;000000;91.5;92.8;90.1;91;546500;49937730
KMAZ;D;20220907;000000;91.7;92.5;90.2;91.7;584240;53528912
KMAZ;D;20220908;000000;92;93.9;91.1;92.4;611790;56577334
KMAZ;D;20220909;000000;92.4;93.6;92;92.2;222370;20666965
KMAZ;D;20220912;000000;93;93.4;90.2;92.4;267360;24721013
KMAZ;D;20220913;000000;92.8;93;90.5;91.1;240820;22122362
KMAZ;D;20220914;000000;91.5;91.5;90.1;90.5;128780;11640806
KMAZ;D;20220915;000000;90.2;96.6;90.1;95.3;940610;88112064
KMAZ;D;20220916;000000;95.6;96.1;92.5;93.8;449510;42134822
KMAZ;D;20220919;000000;93.8;94;92.3;92.3;189830;17653328
KMAZ;D;20220920;000000;92.8;94.1;80;84.5;840900;74190381
KMAZ;D;20220921;000000;76.1;88.3;71;85.8;662860;55263099
KMAZ;D;20220922;000000;85.8;87.9;85;85.5;295230;25534298
KMAZ;D;20220923;000000;86.5;86.9;79.4;82.7;265310;22074752
KMAZ;D;20220926;000000;82.7;83.8;72.1;77.9;252610;19409099
KMAZ;D;20220927;000000;77.9;80.1;75.4;77.9;162400;12632014
KMAZ;D;20220928;000000;78.7;81.8;77;77.4;111080;8777391
KMAZ;D;20220929;000000;78;78.7;73.1;74.3;96750;7338829
KMAZ;D;20220930;000000;74.4;77.9;73;76.9;138850;10481743
KMAZ;D;20221003;000000;81.1;81.1;77.3;79.8;103350;8190412
KMAZ;D;20221004;000000;80.9;81;79;79;83850;6668853
KMAZ;D;20221005;000000;79;79.5;77;78.6;104020;8143399
KMAZ;D;20221006;000000;78.3;79.5;77.3;78.1;42900;3380882
KMAZ;D;20221007;000000;77.5;78.8;76.9;76.9;52770;4103081
KMAZ;D;20221010;000000;76;78.4;73;77.1;96060;7407712
KMAZ;D;20221011;000000;77.9;89.6;77.4;84.8;1660810;141292062
KMAZ;D;20221012;000000;85.5;87;82;84.5;386370;32833724
KMAZ;D;20221013;000000;84.1;86;83.1;84;219010;18571033
KMAZ;D;20221014;000000;84;85.5;83.2;83.4;100250;8429467
KMAZ;D;20221017;000000;85.4;85.9;84;85.2;189640;16141544
KMAZ;D;20221018;000000;85.4;86.8;85.3;85.8;214610;18491403
KMAZ;D;20221019;000000;85;85.6;82.1;84.3;123450;10410602
KMAZ;D;20221020;000000;85.5;91;84.3;87.5;954690;84198294
KMAZ;D;20221021;000000;88.5;90.8;86.3;86.5;373240;33004674
KMAZ;D;20221024;000000;88;88;86.6;87.2;113600;9942275
KMAZ;D;20221025;000000;87.2;90.9;87.2;89;563290;50395387
KMAZ;D;20221026;000000;89.6;89.7;87.1;88.3;188510;16680976
KMAZ;D;20221027;000000;89.6;90.4;88.1;89.5;404310;36222312
KMAZ;D;20221028;000000;89.5;89.9;87.3;88.2;167670;14803985
KMAZ;D;20221031;000000;88.4;89.6;87.5;88.1;127290;11257143
KMAZ;D;20221101;000000;88.5;89.4;88;88.5;87170;7726996
KMAZ;D;20221102;000000;88.5;88.9;87.7;87.9;112500;9923951
KMAZ;D;20221103;000000;85.5;87.5;85.4;86.8;128030;11077817
KMAZ;D;20221107;000000;87;90.2;87;88.6;145850;12937834
KMAZ;D;20221108;000000;89.6;89.9;87.4;89;139640;12409742
KMAZ;D;20221109;000000;89;89.6;86.2;86.6;207800;18205366
KMAZ;D;20221110;000000;85.8;88.3;85.8;87.2;95210;8324170
KMAZ;D;20221111;000000;87.2;88.4;86.6;86.9;137390;11977429
KMAZ;D;20221114;000000;87.2;88;86.1;86.3;258000;22356042
KMAZ;D;20221115;000000;86.8;86.8;85.7;86.3;95020;8179336
KMAZ;D;20221116;000000;86;87;85.9;86.1;141590;12205314
KMAZ;D;20221117;000000;86.1;86.5;85;85.5;62800;5385975
KMAZ;D;20221118;000000;85.7;87.2;85;85.4;98480;8463438
KMAZ;D;20221121;000000;85.5;85.6;83.2;83.8;79260;6675042
KMAZ;D;20221122;000000;84.4;84.7;83.8;84.3;48800;4113308
KMAZ;D;20221123;000000;84.4;85.5;84.4;84.9;79080;6723122
KMAZ;D;20221124;000000;85.3;90.8;85.3;87.5;1054470;93672135
KMAZ;D;20221125;000000;88;88.9;85.1;85.5;292620;25237713
KMAZ;D;20221128;000000;85.8;88.2;85.1;85.4;301840;26005832
KMAZ;D;20221129;000000;86;86.2;84.4;84.6;230940;19627264
KMAZ;D;20221130;000000;85.4;85.4;84.5;84.6;148220;12560218
KMAZ;D;20221201;000000;85.1;86.3;84.4;85.3;341320;29171794
KMAZ;D;20221202;000000;85.5;85.5;84;84.5;135740;11482394
KMAZ;D;20221205;000000;84.8;85.5;83.6;84.5;406700;34389480
KMAZ;D;20221206;000000;84.4;84.7;83.7;84;131880;11091539
KMAZ;D;20221207;000000;84;84;83;83.6;121320;10117376
KMAZ;D;20221208;000000;83.7;84;83.4;83.7;59020;4941700
KMAZ;D;20221209;000000;83.7;83.8;82.3;82.8;73450;6102547
KMAZ;D;20221212;000000;83;83.3;81.5;82.3;103160;8477857
KMAZ;D;20221213;000000;82.3;82.4;81.5;82.3;103410;8473902
KMAZ;D;20221214;000000;82.3;83;81.5;82;92570;7610354
KMAZ;D;20221215;000000;82.2;82.2;80.4;80.6;104990;8529965
KMAZ;D;20221216;000000;80.8;82;80.4;81.6;82090;6672584
KMAZ;D;20221219;000000;82.1;82.1;79.5;80.2;171520;13750674
KMAZ;D;20221220;000000;80.2;85;79.3;81.2;289960;23679488
KMAZ;D;20221221;000000;81.2;84.9;81.2;82.4;686260;57090579
KMAZ;D;20221222;000000;82.5;84;81.4;82.4;215110;17713293
KMAZ;D;20221223;000000;85.9;91.6;83.3;83.3;3274720;286882898
KMAZ;D;20221226;000000;84.4;85.4;83.3;83.9;260790;21960103
KMAZ;D;20221227;000000;83.9;89;83.4;85.2;1135060;97892046
KMAZ;D;20221228;000000;85.9;85.9;82.6;83.8;285020;23955210
KMAZ;D;20221229;000000;84.3;84.6;83.8;84.2;108290;9119146
KMAZ;D;20221230;000000;84.2;84.8;83.1;83.2;171720;14409533
KMAZ;D;20230104;000000;84.6;85.9;84.6;85.2;112810;9616069
KMAZ;D;20230105;000000;85.2;86;84;84.7;143180;12165965
KMAZ;D;20230106;000000;84.8;85.3;84.3;84.7;85350;7237901
KMAZ;D;20230109;000000;84.8;86.1;84.6;85.2;144770;12364302
KMAZ;D;20230110;000000;85.2;87.3;85.2;85.6;355660;30636092
KMAZ;D;20230111;000000;84.9;86.8;84.7;86;212040;18220206
KMAZ;D;20230112;000000;86.6;86.9;85.9;86.1;150340;12975970
KMAZ;D;20230113;000000;86.6;87.1;85.7;86.2;192030;16612163
KMAZ;D;20230116;000000;86.6;88.7;86.2;88.4;491050;42922393
KMAZ;D;20230117;000000;88.4;88.6;86.1;87.6;368220;32140615
KMAZ;D;20230118;000000;87.5;88.3;86.5;87.4;251050;21901424
KMAZ;D;20230119;000000;87.7;89.9;85.4;88.6;1066870;94246524
KMAZ;D;20230120;000000;89;89.7;87.4;87.8;241040;21320558
KMAZ;D;20230123;000000;88.4;89.6;87.3;87.6;178610;15727694
KMAZ;D;20230124;000000;87.9;89.7;87.4;88.5;566030;50264837
KMAZ;D;20230125;000000;89;89.8;88.1;88.6;251270;22395068
KMAZ;D;20230126;000000;88.9;91.4;88.3;90.1;812110;73298627
KMAZ;D;20230127;000000;90.5;90.8;89.1;89.3;248540;22341553
KMAZ;D;20230130;000000;89.6;90.1;88.6;89.5;186420;16654035
KMAZ;D;20230131;000000;89.6;111;89.3;106.7;15589210;1621076592
KMAZ;D;20230201;000000;107.4;119.4;102.2;103.2;9753710;1109490828
KMAZ;D;20230202;000000;105;114;104.3;110.1;3071580;337531394
KMAZ;D;20230203;000000;111.8;114;104.2;105;1538680;166328298
KMAZ;D;20230206;000000;106.2;109.6;103.7;107.3;2071010;222165955
KMAZ;D;20230207;000000;108.5;108.9;105;106.1;957210;101493902
KMAZ;D;20230208;000000;107.5;107.5;104.1;104.9;1095180;115384435
KMAZ;D;20230209;000000;105;105.8;101.1;102.2;892340;91880204
KMAZ;D;20230210;000000;102.4;113.6;102;105.4;10088130;1103974789
KMAZ;D;20230213;000000;108;109.2;104.5;105.5;1480010;157357127
KMAZ;D;20230214;000000;105.8;106.9;102.2;103.2;643380;67153454
KMAZ;D;20230215;000000;102.6;102.6;93;95.7;2020860;198097992
KMAZ;D;20230216;000000;98.9;105;96.1;100;2263130;229232011
KMAZ;D;20230217;000000;100.3;102.3;98.2;99.5;629910;63095108
KMAZ;D;20230220;000000;99.5;100.3;97.6;98.9;310640;30746344
KMAZ;D;20230221;000000;98.9;107.2;98.6;102.1;3989360;414692193
KMAZ;D;20230222;000000;102.1;105.5;102.1;103.1;1105100;114651483
KMAZ;D;20230224;000000;104.6;104.9;102.2;103.2;452650;46745142
KMAZ;D;20230227;000000;103.4;109.7;102.1;108.6;4657000;499117169
KMAZ;D;20230228;000000;109.7;113;109;112.3;4097120;456818757
KMAZ;D;20230301;000000;114;114.6;108.6;111;2535820;283300783
KMAZ;D;20230302;000000;111.5;111.8;104.8;108.2;1320870;144059074
KMAZ;D;20230303;000000;108.2;111.5;108.2;109.2;940500;103503115
KMAZ;D;20230306;000000;110.7;111;109.6;110.2;526670;58119422
KMAZ;D;20230307;000000;110.5;110.5;108.5;109.8;302490;33174521
KMAZ;D;20230309;000000;109.9;110.9;109.2;109.8;473910;52091122
KMAZ;D;20230310;000000;109.4;109.9;108.8;109;339790;37115660
KMAZ;D;20230313;000000;109.5;110.2;107.5;108.5;466110;50862329
KMAZ;D;20230314;000000;109.4;109.6;108.7;109.3;293230;32021809
KMAZ;D;20230315;000000;109.6;110.3;107.7;109;389500;42509414
KMAZ;D;20230316;000000;109.4;112.6;108.1;109.9;1316080;145468467
KMAZ;D;20230317;000000;110.5;111.8;108.9;109.2;825200;91111599
KMAZ;D;20230320;000000;109.5;112.7;108.5;110.5;1665510;184916979
KMAZ;D;20230321;000000;111.3;112.4;111;111.3;1105680;123396025
KMAZ;D;20230322;000000;111.6;111.8;110;110.5;513140;56838350
KMAZ;D;20230323;000000;110.5;119.7;110.2;116.4;4868440;565313395
KMAZ;D;20230324;000000;117.3;124.3;116;117;5788880;701193099
KMAZ;D;20230327;000000;118.9;126.3;117.1;122.3;5054080;621350963
KMAZ;D;20230328;000000;122.6;125.5;120.9;122.6;1401310;172471825
KMAZ;D;20230329;000000;122.6;123.9;119.5;121.9;904020;110233150
KMAZ;D;20230330;000000;121.9;123.9;116.3;121.5;1514580;184343926
KMAZ;D;20230331;000000;121.9;124.9;119.3;119.3;1186960;144891494
KMAZ;D;20230403;000000;121.8;132.3;120.4;128.3;8275330;1057081658
KMAZ;D;20230404;000000;128.5;152;128.5;147.5;17794580;2548174530
KMAZ;D;20230405;000000;149.1;198;140.2;186;51034510;9113275881
KMAZ;D;20230406;000000;183;200;172.1;173.8;10264360;1922298433
KMAZ;D;20230407;000000;174;188;167.8;170.4;5110970;916871162
KMAZ;D;20230410;000000;174.4;182.3;170.6;175;2271330;400272207
KMAZ;D;20230411;000000;176.1;177.8;167.9;171.1;890990;153721885
KMAZ;D;20230412;000000;173.2;177;168.5;170;1627330;281202239
KMAZ;D;20230413;000000;170.5;171.3;162.2;165.3;1060930;175306280
KMAZ;D;20230414;000000;166.7;170.7;163.1;167.4;801230;134476135
KMAZ;D;20230417;000000;168;180.5;167.6;175;4743930;832073387
KMAZ;D;20230418;000000;177.2;177.5;172;173;829860;144092875
KMAZ;D;20230419;000000;174;174.5;167.1;170.8;590260;101193819
KMAZ;D;20230420;000000;170.8;176.3;169;170.3;1287600;222360153
KMAZ;D;20230421;000000;172.4;172.4;168.5;169.1;295290;49990043
KMAZ;D;20230424;000000;169.2;172.1;165.2;169.6;404520;68711736
KMAZ;D;20230425;000000;170.2;170.8;167;168;245810;41494455
KMAZ;D;20230426;000000;168.8;169.3;167.6;168.2;157580;26573935
KMAZ;D;20230427;000000;167.9;169.1;163;164.4;474610;78573046
KMAZ;D;20230428;000000;166.5;173.3;161;163.2;1450780;242220696
KMAZ;D;20230502;000000;163.6;166.2;145.1;152;1069700;167070373
KMAZ;D;20230503;000000;154;156.1;145.4;148.8;601140;90511643
KMAZ;D;20230504;000000;148.8;158;148.8;154.1;675600;104327320
KMAZ;D;20230505;000000;154.1;161.7;152.2;153.4;521780;82087532
KMAZ;D;20230508;000000;154.4;161.2;153.7;158.2;299820;47346529
KMAZ;D;20230510;000000;159.5;165;158.2;162.6;484560;78852141
KMAZ;D;20230511;000000;163.2;167.5;163.2;164.4;644520;106604921
KMAZ;D;20230512;000000;164.8;171.5;164.4;169.7;2074030;350458689
KMAZ;D;20230515;000000;173;184.1;171;181;5470240;979567355
KMAZ;D;20230516;000000;182;182.3;173.2;174;1870900;331037998
KMAZ;D;20230517;000000;174.8;174.9;169.3;171;715220;122881210
KMAZ;D;20230518;000000;171.8;179.4;170.5;174;1495920;262180607
KMAZ;D;20230519;000000;174.3;177.4;172.8;174;610030;106795699
KMAZ;D;20230522;000000;175.6;175.6;162;170;725600;123739739
KMAZ;D;20230523;000000;170.1;171.5;166.9;171.4;242070;40998661
KMAZ;D;20230524;000000;172;175.9;170.2;173.4;561030;97301300
KMAZ;D;20230525;000000;174.9;174.9;170.5;171.5;200740;34525017
KMAZ;D;20230526;000000;173.4;173.4;171;171.3;176910;30360994
KMAZ;D;20230529;000000;173;177.4;171.5;175.4;852370;148862123
KMAZ;D;20230530;000000;175;176.2;165;171.5;630320;108788885
KMAZ;D;20230531;000000;170.8;184.7;170;184.7;3592680;647793779
KMAZ;D;20230601;000000;188.8;195.4;185.4;188.5;4042940;772150178
KMAZ;D;20230602;000000;191;191;181;183.4;2080510;383167223
KMAZ;D;20230605;000000;186;191.9;178.1;182;1219270;226916448
KMAZ;D;20230606;000000;180.3;190;175;190;1167660;214445740
KMAZ;D;20230607;000000;193;201.3;185;187;6030700;1170917495
KMAZ;D;20230608;000000;189.9;190;186;187.7;489580;92126315
KMAZ;D;20230609;000000;189;189;180.2;187.3;734700;136649996
KMAZ;D;20230613;000000;190;192.9;187;190.9;1050890;200883292
KMAZ;D;20230614;000000;192.4;194.8;190.1;191.4;1144120;220465551
KMAZ;D;20230615;000000;191.5;192.5;188.5;190.6;403040;76785901
KMAZ;D;20230616;000000;191;191.7;186.3;188;490880;92961072
KMAZ;D;20230619;000000;189.3;194.5;188.1;192.9;1048360;200977611
KMAZ;D;20230620;000000;193;205.9;191.2;203.8;5206970;1042158992
KMAZ;D;20230621;000000;205;220.7;204.5;211.7;5724770;1229205925
KMAZ;D;20230622;000000;214;215.9;206.5;209.2;1006660;212220071
KMAZ;D;20230623;000000;209;209;199;203.4;895210;182377445
KMAZ;D;20230626;000000;206.8;207.8;195;199.6;583540;117301084
KMAZ;D;20230627;000000;200;210.6;200;207.2;931230;192761924
KMAZ;D;20230628;000000;208;214.8;207.5;213.7;1129970;239402564
KMAZ;D;20230629;000000;215;216.7;208;209.8;650660;137769352
KMAZ;D;20230630;000000;209.8;211.8;205.5;206.9;562450;117065605
KMAZ;D;20230703;000000;206.5;214;206.4;209.5;610320;128480132
KMAZ;D;20230704;000000;210;211;202.8;204.9;464870;95793475
KMAZ;D;20230705;000000;206;206.4;200.6;202.5;525800;106960318
KMAZ;D;20230706;000000;203.6;209.1;202.6;203.1;577940;119098456
KMAZ;D;20230707;000000;203.1;206.9;200.7;205;544410;111302886
KMAZ;D;20230710;000000;204;207;203.2;205.1;432220;88569379
KMAZ;D;20230711;000000;206;207.8;205.1;205.7;313410;64643728
KMAZ;D;20230712;000000;207.5;214.9;206.3;212.6;1688330;357871145
KMAZ;D;20230713;000000;214.6;214.9;208.1;211.4;423170;89336372
KMAZ;D;20230714;000000;212.9;213.1;209.6;210.9;246510;52017141
KMAZ;D;20230717;000000;210.2;213.4;210.1;211.7;584700;123948651
KMAZ;D;20230718;000000;211.3;219;211.1;218.9;1811130;389689936
KMAZ;D;20230719;000000;219.8;225.3;218.3;221;2100530;467122333
KMAZ;D;20230720;000000;221;230;212.3;213.1;2500250;559888830
KMAZ;D;20230721;000000;215;224.9;213.7;219.6;1757830;387656629
KMAZ;D;20230724;000000;222.5;225;219.7;222.7;733010;163274393
KMAZ;D;20230725;000000;223.3;226.7;221;224.9;752250;168202484
KMAZ;D;20230726;000000;225.9;227;222;224.2;988140;221651636
KMAZ;D;20230727;000000;225.4;230;224.6;228;1166150;265266603
KMAZ;D;20230728;000000;230;232;226.2;227.7;752350;171572628
KMAZ;D;20230731;000000;230;234.4;228.5;232.5;1007900;233317490
KMAZ;D;20230801;000000;234.6;246.6;230.7;243.5;2236360;534894702
KMAZ;D;20230802;000000;243.8;247;235.5;242;1253440;302129749
KMAZ;D;20230803;000000;242;245.5;241.1;242.5;690650;168172554
KMAZ;D;20230804;000000;242.8;244.7;215;231.9;1791880;421428031
KMAZ;D;20230807;000000;232.3;239.9;232.3;238;651140;154192992
KMAZ;D;20230808;000000;237.9;239.5;228.1;234.2;730560;169869359
KMAZ;D;20230809;000000;235.3;239.8;234.5;236.2;624660;148322991
KMAZ;D;20230810;000000;236.9;238.5;235.8;237.5;283300;67220021
KMAZ;D;20230811;000000;238;241.6;236;238.8;728270;174037595
KMAZ;D;20230814;000000;240.8;242.8;230.2;232.5;820250;195505105
KMAZ;D;20230815;000000;230.9;239.6;218.8;238.2;1254530;293225843
KMAZ;D;20230816;000000;237.7;242.8;225.1;231;1236750;287915880
KMAZ;D;20230817;000000;231.6;234.4;227.5;230.7;261700;60433902
KMAZ;D;20230818;000000;234.1;239.7;231.3;236.9;925700;218792499
KMAZ;D;20230821;000000;237.4;244.8;233.3;243.9;1332790;319220691
KMAZ;D;20230822;000000;244.1;257.9;241;248.7;5676140;1435109009
KMAZ;D;20230823;000000;250.9;253.7;240.6;246.3;1226660;303586651
KMAZ;D;20230824;000000;246.2;248.8;242.2;246.1;368140;90550215
KMAZ;D;20230825;000000;248.9;249;243;245.2;526720;130098953
KMAZ;D;20230828;000000;240;249;240;247.7;482530;119008340
KMAZ;D;20230829;000000;244.1;247.5;244.1;246.4;412020;101357563
KMAZ;D;20230830;000000;246.9;252;245.5;249.5;1264700;315753031
KMAZ;D;20230831;000000;249.5;253;246.2;247.2;417060;104239091
KMAZ;D;20230901;000000;248.2;252.9;246.1;249.9;657220;164342240
KMAZ;D;20230904;000000;252;258.9;247.3;257.8;2034210;516491571
KMAZ;D;20230905;000000;259;278.4;251.2;267.4;6484990;1740057179
KMAZ;D;20230906;000000;267.4;268.3;258.3;262.5;1514220;399536047
KMAZ;D;20230907;000000;263;268;245.1;252.3;1826090;472161243
KMAZ;D;20230908;000000;253;262.3;242.4;256;1595510;406928634
KMAZ;D;20230911;000000;259.4;265.1;254.5;259.6;851410;222652536
KMAZ;D;20230912;000000;259.8;264.9;256.8;261.1;488080;127887890
KMAZ;D;20230913;000000;261.3;262.8;250.2;255;502520;129526001
KMAZ;D;20230914;000000;255;257.2;222.1;244.4;1787800;432011916
KMAZ;D;20230915;000000;245;252.2;237.5;248.5;719990;176785730
KMAZ;D;20230918;000000;251.1;255.6;242.4;246.5;769680;192471802
KMAZ;D;20230919;000000;244.4;246.8;230;236.8;754270;179352806
KMAZ;D;20230920;000000;234.8;248;220.1;235.1;1452970;338575979
KMAZ;D;20230921;000000;231;239;224.7;226.3;762280;175475247
KMAZ;D;20230922;000000;226;233;223.6;230;556280;126968008
KMAZ;D;20230925;000000;231.7;242.1;227.8;241.4;771320;182454957
KMAZ;D;20230926;000000;241.7;244.9;233.2;239;505740;120489881
KMAZ;D;20230927;000000;241;246.7;239.6;243.8;528250;128647639
KMAZ;D;20230928;000000;244;249.6;244;246.2;360390;88946308
KMAZ;D;20230929;000000;248.8;248.8;241.1;243.9;282030;69201857
KMAZ;D;20231002;000000;244.1;253;242.3;244.4;511000;126656424
KMAZ;D;20231003;000000;245.5;246.4;238.5;242.3;308230;74673379
KMAZ;D;20231004;000000;242.5;246.8;240.3;242;226030;55022849
KMAZ;D;20231005;000000;242;244.4;236;238;296630;70818412
KMAZ;D;20231006;000000;238;239;230.6;233.4;359840;84011930
KMAZ;D;20231009;000000;233.6;237.7;233.6;237.4;179310;42323615
KMAZ;D;20231010;000000;237.5;240;235.3;236.6;206980;49151018
KMAZ;D;20231011;000000;236.6;242.2;233.1;238.9;632860;151392096
KMAZ;D;20231012;000000;234.9;238;230.6;234;357040;83834253
KMAZ;D;20231013;000000;234.5;236.8;233.7;235.5;161370;37965579
KMAZ;D;20231016;000000;237.1;237.9;234.7;236.4;186280;44015403
KMAZ;D;20231017;000000;237.8;242.9;236.1;240.4;455960;109465003
KMAZ;D;20231018;000000;241;243.6;236.2;238.9;305880;73728187
KMAZ;D;20231019;000000;239.5;250.8;238;249.7;1512950;373044938
KMAZ;D;20231020;000000;249.7;250;241.4;245.6;378070;92862659
KMAZ;D;20231023;000000;247.4;248.2;240.5;243;328470;79785866
KMAZ;D;20231024;000000;241.2;243.4;240.5;242.4;149440;36185324
KMAZ;D;20231025;000000;242.5;243;240.5;240.7;126850;30593234
KMAZ;D;20231026;000000;240.9;242.6;236.2;236.5;364750;87077110
KMAZ;D;20231027;000000;236.5;242;233.5;238.1;333060;79050067
KMAZ;D;20231030;000000;236.5;240.7;235.1;237.7;205900;49108479
KMAZ;D;20231031;000000;237.5;237.6;231;236.2;257570;60405835
KMAZ;D;20231101;000000;235.4;240;234.6;239.4;194320;46277020
KMAZ;D;20231102;000000;239.5;240.2;235.2;238;170720;40539271
KMAZ;D;20231103;000000;236.7;240.8;236;236.3;175550;41812722
KMAZ;D;20231106;000000;235.9;239.6;235.9;237.6;65180;15452837
KMAZ;D;20231107;000000;237.8;238.7;235.7;236.3;89520;21191975
KMAZ;D;20231108;000000;236.3;238;235.5;236.4;118450;27986658
KMAZ;D;20231109;000000;237.2;237.2;233.1;234.6;181740;42668330
KMAZ;D;20231110;000000;235.3;235.3;226.4;231;437210;100537468
KMAZ;D;20231113;000000;232;233.5;219.9;219.9;409600;92583832
KMAZ;D;20231114;000000;218.6;219.4;201.3;205.4;1230170;256229317
KMAZ;D;20231115;000000;205.4;223.8;202.4;219;774940;165488316
KMAZ;D;20231116;000000;219.7;229.5;219;222.6;1033560;233060538
KMAZ;D;20231117;000000;221.9;227;215.7;224;553880;122856824
KMAZ;D;20231120;000000;226.9;227;217.5;217.5;305090;67724530
KMAZ;D;20231121;000000;217.5;217.8;210;213.2;300010;64296836
KMAZ;D;20231122;000000;211.5;220.4;211.4;216.5;288710;62973765
KMAZ;D;20231123;000000;216.5;218.4;211.6;214;205740;44014257
KMAZ;D;20231124;000000;214;215.4;205.2;207.7;434480;91058968
KMAZ;D;20231127;000000;206.4;206.4;193.4;194.4;1537010;302999656
KMAZ;D;20231128;000000;197.8;198.2;194.6;196.2;500010;98152935
KMAZ;D;20231129;000000;197.5;203.6;196.4;199.7;942670;189022800
KMAZ;D;20231130;000000;202;203.6;190;196.7;923280;180321803
KMAZ;D;20231201;000000;196.7;196.7;193.5;194.6;275810;53751977
KMAZ;D;20231204;000000;194;199.8;190.1;193.8;432740;83450773
KMAZ;D;20231205;000000;193.7;197;190.6;194.6;495120;95888094
KMAZ;D;20231206;000000;197.8;199.6;186.1;188;459940;88204190
KMAZ;D;20231207;000000;188;190.9;176;184;1147210;207308881
KMAZ;D;20231208;000000;188;194.6;184.2;186.5;1453070;275868645
KMAZ;D;20231211;000000;187.8;189.6;180.5;183.1;418580;76901046
KMAZ;D;20231212;000000;184;185.4;180.7;182;197230;36011278
KMAZ;D;20231213;000000;181.8;187;180.5;185.1;201600;37225141
KMAZ;D;20231214;000000;187;187.8;182.1;182.6;146060;27076374
KMAZ;D;20231215;000000;182.6;188;182;187.3;178510;33073405
KMAZ;D;20231218;000000;187.7;199.2;187.6;197.6;1331460;259652274
KMAZ;D;20231219;000000;198.9;202;191.2;193.1;924090;182140219
KMAZ;D;20231220;000000;194.5;201.9;191.6;198.9;720870;142734927
KMAZ;D;20231221;000000;199;200;195.5;198;249860;49258874
KMAZ;D;20231222;000000;198;201.2;196.7;197.7;969010;193169362
KMAZ;D;20231225;000000;199.7;201;197.2;199.8;1660590;331677733
KMAZ;D;20231226;000000;200;203.5;197.7;198.4;1626960;326024294
KMAZ;D;20231227;000000;198.4;200.1;193;195.5;1247900;245506099
KMAZ;D;20231228;000000;196.8;199;195.5;195.7;497880;98203377
KMAZ;D;20231229;000000;195.7;196.9;193;193.3;339990;66190360
KMAZ;D;20240103;000000;195.3;197.6;193.6;197.5;198910;39071419
KMAZ;D;20240104;000000;198.2;200.3;196.9;199.5;889810;177705495
KMAZ;D;20240105;000000;200;200;195.6;198.4;377220;74757040
KMAZ;D;20240108;000000;199.4;200.5;196.1;200;452790;90255094
KMAZ;D;20240109;000000;200;202;198.2;199.9;2867860;575101863
KMAZ;D;20240110;000000;201;207.5;199.2;199.7;8407400;1701485490
KMAZ;D;20240111;000000;200.1;200.5;183;194.9;3099380;604550740
KMAZ;D;20240112;000000;195;203.5;195;198.5;4492040;899396273
KMAZ;D;20240115;000000;198.1;201.3;198;199.9;1773620;355170418
KMAZ;D;20240116;000000;200;200.5;197.8;199.3;930160;185095579
KMAZ;D;20240117;000000;199.9;203;199.4;201.8;2825570;569903904
KMAZ;D;20240118;000000;202.5;204.5;199.1;200;2243360;452692204
KMAZ;D;20240119;000000;200;200;196;199.2;929470;184528104
KMAZ;D;20240122;000000;199.6;201;198.7;199.6;752180;150481600
KMAZ;D;20240123;000000;199.8;200;198.3;198.9;583570;116218999
KMAZ;D;20240124;000000;199.5;199.5;197.6;198.1;492140;97701857
KMAZ;D;20240125;000000;197.6;198.8;193.2;195.7;1141150;223246454
KMAZ;D;20240126;000000;195.7;196;192;193.5;1269080;245747056
KMAZ;D;20240129;000000;195;196.7;193.8;196;409900;80077490
KMAZ;D;20240130;000000;196.2;197.6;194.2;195.2;491170;96306928
KMAZ;D;20240131;000000;195.3;198.2;193.5;196.4;1162390;227989093
KMAZ;D;20240201;000000;196.9;199.1;195.7;195.9;619690;122287809
KMAZ;D;20240202;000000;195.9;196.4;194.6;195.2;284920;55679458
KMAZ;D;20240205;000000;195;196.9;195;195.6;429100;84047256
KMAZ;D;20240206;000000;195.7;197.8;195.6;197.4;474550;93497386
KMAZ;D;20240207;000000;197.7;199.9;197.5;199.3;940480;186954353
KMAZ;D;20240208;000000;201;201.8;193.6;195.2;1850270;367828287
KMAZ;D;20240209;000000;195.4;197.9;193.9;194;590770;115656394
KMAZ;D;20240212;000000;195.4;195.5;189.5;191.6;1160110;222455514
KMAZ;D;20240213;000000;191.5;194.8;191.5;194;442840;85674391
KMAZ;D;20240214;000000;194.1;195;193;193.9;352880;68471511
KMAZ;D;20240215;000000;193.6;195;191.4;192.8;418640;80765156
KMAZ;D;20240216;000000;194.5;194.6;191;191.3;415080;79741443
KMAZ;D;20240219;000000;191.3;192.5;186.3;188.1;897910;169342117
KMAZ;D;20240220;000000;188.2;188.6;184.3;185.3;745350;138478570
KMAZ;D;20240221;000000;184.6;187;179.2;182.5;1587700;290751083
KMAZ;D;20240222;000000;183;185.2;182;182.2;619470;113529284
KMAZ;D;20240226;000000;185;189.8;183;188.9;830370;155564661
KMAZ;D;20240227;000000;190;190;186.4;187.3;353060;66431792
KMAZ;D;20240228;000000;187.5;189;185.5;186.4;308870;57790701
KMAZ;D;20240229;000000;187;190.8;186;188.5;693040;130676203
KMAZ;D;20240301;000000;188.5;189.9;187.6;188.8;209590;39589788
KMAZ;D;20240304;000000;188.8;193.1;188.8;191.9;729800;139920758
KMAZ;D;20240305;000000;191.9;192.5;189.1;189.7;313720;59753516
KMAZ;D;20240306;000000;189;190.4;187.3;188.9;325760;61546745
KMAZ;D;20240307;000000;189.9;190.8;187.8;188;267400;50567959
KMAZ;D;20240311;000000;188.9;191.2;188.1;188.6;279060;52754127
KMAZ;D;20240312;000000;188.6;188.8;186.1;186.8;250110;46760731
KMAZ;D;20240313;000000;186.8;189.6;183.6;184.6;397090;74036082
KMAZ;D;20240314;000000;184.9;185.5;182.4;183.2;502080;92316978
KMAZ;D;20240315;000000;183.5;186;183.3;185;333610;61602934
KMAZ;D;20240318;000000;185;186;183.1;183.7;275120;50669921
KMAZ;D;20240319;000000;183.8;185.5;182.1;183.4;402690;73990957
KMAZ;D;20240320;000000;183;183.4;180.4;181.8;454940;82609993
KMAZ;D;20240321;000000;182;182.5;180.5;181;169890;30799812
KMAZ;D;20240322;000000;180.8;181.7;176.2;177.1;680230;121865883
KMAZ;D;20240325;000000;177.5;183;175.3;179.3;688430;122690691
KMAZ;D;20240326;000000;180.7;180.7;176.4;178.2;309190;55167763
KMAZ;D;20240327;000000;178.2;179.9;176.6;177.8;293100;52254583
KMAZ;D;20240328;000000;178.1;178.9;177.2;177.4;213700;38038305
KMAZ;D;20240329;000000;177.4;178.5;176.4;177.2;260670;46184322
KMAZ;D;20240401;000000;177.2;185.8;177.2;184.1;1020650;185093054
KMAZ;D;20240402;000000;184.7;185.6;181.6;182.8;709240;130266132
KMAZ;D;20240403;000000;183;189.7;182.7;189.7;1022090;190365636
KMAZ;D;20240404;000000;190;195;184.1;185.5;3338120;633938057
KMAZ;D;20240405;000000;185.7;188.1;184.8;185.5;417200;77653104
KMAZ;D;20240408;000000;185.9;188.6;185.9;187.4;434960;81620220
KMAZ;D;20240409;000000;187.5;192.5;186.4;187.1;563700;106085212
KMAZ;D;20240410;000000;187.2;187.7;183.2;185.8;337620;62528811
KMAZ;D;20240411;000000;186;187;184;184.7;333670;61924721
KMAZ;D;20240412;000000;185;185.5;183.4;183.6;197050;36330936
KMAZ;D;20240415;000000;183.9;184.7;182.6;184.3;383730;70586329
KMAZ;D;20240416;000000;184.2;185.5;183.2;184.2;653880;120743549
KMAZ;D;20240417;000000;184.8;185.3;183.3;184.1;431750;79406929
KMAZ;D;20240418;000000;183.5;192;183.2;189.7;1450020;273154909
KMAZ;D;20240419;000000;190;193.3;186;187.6;1229790;233398704
KMAZ;D;20240422;000000;187.3;191.9;185.8;187.5;1661220;313808141
KMAZ;D;20240423;000000;188;188.7;183.5;185.5;1498340;278793519
KMAZ;D;20240424;000000;185.5;186.5;182.7;183.8;804750;147921567
KMAZ;D;20240425;000000;183.8;189;182.8;184.5;807950;149111563
KMAZ;D;20240426;000000;184;187.4;182.9;184.7;555850;102847656
KMAZ;D;20240427;000000;183.5;185.2;183;183.5;338780;62236561
KMAZ;D;20240429;000000;184;184;180.3;181.6;423220;76918478
KMAZ;D;20240430;000000;181.7;182;180.3;180.7;278310;50425161
KMAZ;D;20240502;000000;180.7;189.5;175.8;185.9;2407650;445755674
KMAZ;D;20240503;000000;186.7;187.2;181.7;182.2;542090;99906966
KMAZ;D;20240506;000000;183.1;185.9;182.4;184.4;771830;142184590
KMAZ;D;20240507;000000;184.2;185.9;182.9;183.2;290180;53387312
KMAZ;D;20240508;000000;184.1;184.2;182.5;182.6;190340;34842896
KMAZ;D;20240510;000000;182.6;183.9;182.6;183;112840;20671444
KMAZ;D;20240513;000000;184;189.7;183.2;189.3;915480;170745694
KMAZ;D;20240514;000000;190.1;190.6;185.6;186.3;1094260;205631395
KMAZ;D;20240515;000000;186.9;188.4;183.5;185.2;474770;88288698
KMAZ;D;20240516;000000;185.5;187.3;180.5;183.4;720220;132131943
KMAZ;D;20240517;000000;183;183.8;181.5;183.2;544760;99494992
KMAZ;D;20240520;000000;183.5;183.6;178;180.5;740500;133982088
KMAZ;D;20240521;000000;180.4;180.5;177.5;179.7;294450;52736205
KMAZ;D;20240522;000000;180;184.8;179.3;180.1;355290;64506033
KMAZ;D;20240523;000000;180;180;177.1;178.8;324000;57698325
KMAZ;D;20240524;000000;178.8;179.7;168.8;169.6;1083250;188238871
KMAZ;D;20240527;000000;170;175;167.6;172.8;1098510;188795760
KMAZ;D;20240528;000000;173.7;174.8;169.3;170.5;401820;69280275
KMAZ;D;20240529;000000;170.5;171.9;166.2;168.1;543000;91363253
KMAZ;D;20240530;000000;168.1;169.3;156.1;157.2;863450;140556919
KMAZ;D;20240531;000000;157;157.4;145.2;148;1448730;218021511
KMAZ;D;20240603;000000;148.1;150.8;133.8;144.2;2098880;298128819
KMAZ;D;20240604;000000;146.5;156.8;140.6;155;1724220;256300482
KMAZ;D;20240605;000000;157.8;164.9;153;159.4;2155850;343865029
KMAZ;D;20240606;000000;158.4;160;156.7;159.4;506750;80295506
KMAZ;D;20240607;000000;159.4;170;157.8;169.6;979210;160338732
KMAZ;D;20240610;000000;170;171.1;162.4;164.9;792010;131994334
KMAZ;D;20240611;000000;164.6;167.8;161.5;164.8;521710;86119733
KMAZ;D;20240613;000000;156.8;162.9;145.1;162.3;817810;129908269
KMAZ;D;20240614;000000;163.3;166.4;160.7;165.9;288740;47301863
KMAZ;D;20240617;000000;165.9;166.5;163.2;163.9;246740;40665946
KMAZ;D;20240618;000000;163.9;163.9;154.2;155.9;978330;155214072
KMAZ;D;20240619;000000;157;157;149.6;153.4;657910;100585411
KMAZ;D;20240620;000000;151.3;157.3;151;156.6;605990;93620716
KMAZ;D;20240621;000000;156.9;160.9;155.1;155.1;278770;43783506
KMAZ;D;20240624;000000;154.5;155.7;151.5;151.9;223770;34322622
KMAZ;D;20240625;000000;151.7;153;149.9;151.8;179190;27124516
KMAZ;D;20240626;000000;151.9;154.9;151.9;152.9;239770;36840337
KMAZ;D;20240627;000000;152.9;154.1;150.5;151.4;238560;36293238
KMAZ;D;20240628;000000;152.5;152.5;149.5;150.8;187660;28317050
KMAZ;D;20240701;000000;151.1;152.5;150.4;151.8;255360;38601724
KMAZ;D;20240702;000000;152.5;159.5;152.3;159.3;1576300;247357837
KMAZ;D;20240703;000000;159.3;160;156.1;156.7;544980;85768344
KMAZ;D;20240704;000000;156.5;156.9;152.2;154.1;537910;83061982
KMAZ;D;20240705;000000;154;155.5;152.5;155.3;334960;51404322
KMAZ;D;20240708;000000;155.2;158.3;154;155.5;511810;79909026
KMAZ;D;20240709;000000;155.2;155.9;145.1;145.2;687560;102329348
KMAZ;D;20240710;000000;145.2;147;131.9;132.3;1312170;180130650
KMAZ;D;20240711;000000;132.3;146.3;132.1;145;1075190;150094807
KMAZ;D;20240712;000000;145.8;145.8;135.7;141.3;1055280;147505392
KMAZ;D;20240715;000000;141.5;142.3;137;138.6;428310;59361621
KMAZ;D;20240716;000000;136.7;139.1;132.1;138.2;673860;90846280
KMAZ;D;20240717;000000;139;141;130.9;132.8;1247790;167830101
KMAZ;D;20240718;000000;132.7;135.5;131.4;135.2;641510;85679849
KMAZ;D;20240719;000000;135.1;145.5;133.2;145.4;788660;109740631
KMAZ;D;20240722;000000;145.8;149;142.8;148.4;816090;118228885
KMAZ;D;20240723;000000;148.8;148.8;143.4;146.4;519300;75804125
KMAZ;D;20240724;000000;146.4;147.4;144.5;146.8;282260;41213029
KMAZ;D;20240725;000000;146.9;147;142.9;144.5;264230;38212837
KMAZ;D;20240726;000000;144.2;145.2;135.8;139.2;583930;82520932
KMAZ;D;20240729;000000;137.8;138.9;133.6;134;351130;47435166
KMAZ;D;20240730;000000;134.3;137.7;133.1;137;192260;26094768
KMAZ;D;20240731;000000;137.7;143;135.5;141.9;256510;35406703
KMAZ;D;20240801;000000;141.8;141.8;136.7;138.3;549580;76537706
KMAZ;D;20240802;000000;136.6;138.4;133.1;134.9;708520;95755844
KMAZ;D;20240805;000000;133.1;134.3;128.6;130.5;630380;82580821
KMAZ;D;20240806;000000;131;135;129.8;132.4;590070;78349855
KMAZ;D;20240807;000000;132.2;136;130.6;134.4;387570;51707118
KMAZ;D;20240808;000000;135.4;136;132.3;132.8;195700;26261142
KMAZ;D;20240809;000000;132.6;137;131.9;134.3;162580;21801764
KMAZ;D;20240812;000000;134.3;135.4;132.1;135.1;197460;26438973
KMAZ;D;20240813;000000;135.5;141;134.7;140.4;828300;114796945
KMAZ;D;20240814;000000;140.8;142;135.4;135.9;883050;122180911
KMAZ;D;20240815;000000;135.8;137.4;134;134.2;260100;35253074
KMAZ;D;20240816;000000;134.5;135.5;132.5;133.2;228790;30659992
KMAZ;D;20240819;000000;133.2;133.7;129;131.2;583250;76173628
KMAZ;D;20240820;000000;131.2;131.5;127.3;128.2;425090;54855652
KMAZ;D;20240821;000000;127.9;128.9;125.6;127.9;407510;51853678
KMAZ;D;20240822;000000;127.7;128.6;122.2;123.2;490900;61357008
KMAZ;D;20240823;000000;123.2;125;118.5;124.3;557540;67521353
KMAZ;D;20240826;000000;126.3;129;125.6;126.4;338610;43016741
KMAZ;D;20240827;000000;126.4;126.9;121;122.7;283530;35078424
KMAZ;D;20240828;000000;122.7;122.7;117.7;119.9;524890;62729875
KMAZ;D;20240829;000000;119.9;120.5;115.6;118.3;637380;74927244
KMAZ;D;20240830;000000;118;118.8;114.6;114.7;465560;53992543
KMAZ;D;20240902;000000;114.4;114.4;105;105.5;1135330;122206325
KMAZ;D;20240903;000000;105;111.9;102.3;104.8;840490;89277608
KMAZ;D;20240904;000000;105.8;116.1;104.8;115.4;814580;89849048
KMAZ;D;20240905;000000;115.2;117.3;110.5;113.2;628250;71503670
KMAZ;D;20240906;000000;113.9;116.5;111;113.5;378490;42787407
KMAZ;D;20240909;000000;114;119.2;113.7;118.3;541130;63164244
KMAZ;D;20240910;000000;118.8;118.9;113.9;118.4;476330;55637785
KMAZ;D;20240911;000000;118.4;118.7;114.3;114.8;277480;32275799
KMAZ;D;20240912;000000;115;115.2;111.7;113.1;231460;26161269
KMAZ;D;20240913;000000;113.9;118.9;108.2;117.6;826490;93853994
KMAZ;D;20240916;000000;118;124.5;116.6;122.4;1496660;181253298
KMAZ;D;20240917;000000;122.5;123.8;120.3;122.9;440280;53698305
KMAZ;D;20240918;000000;123.2;123.2;120.4;121.1;291680;35451342
KMAZ;D;20240919;000000;120.8;126.5;120.2;124.7;790580;97955758
KMAZ;D;20240920;000000;124.3;129.2;123.4;127;793890;100115122
KMAZ;D;20240923;000000;129;132.9;127.3;132.3;764690;99255542
KMAZ;D;20240924;000000;132.5;136.2;130.3;131.8;548390;72760682
KMAZ;D;20240925;000000;132;135.8;123;129;1016440;131323101
KMAZ;D;20240926;000000;128;130;126.1;128.4;370220;47612817
KMAZ;D;20240927;000000;128.5;133.2;128.1;130.8;422020;54805638
KMAZ;D;20240930;000000;131;132.8;126.8;127.4;408000;53124270
KMAZ;D;20241001;000000;127.4;128.6;125.7;128;254420;32415101
KMAZ;D;20241002;000000;128;130;124.1;125.6;363640;46199008
KMAZ;D;20241003;000000;124.3;126.2;123;125.9;411480;51305376
KMAZ;D;20241004;000000;125.9;127.2;123.6;126.1;321270;40306417
KMAZ;D;20241007;000000;126.6;126.9;123.9;125.3;176920;22116458
KMAZ;D;20241008;000000;124.7;125.9;123.6;124.7;141910;17715510
KMAZ;D;20241009;000000;124.8;125.7;120.6;122.3;264830;32626796
KMAZ;D;20241010;000000;122.3;124.6;122;123.4;231370;28514065
KMAZ;D;20241011;000000;123.4;124;121.1;122.2;129080;15781538
KMAZ;D;20241014;000000;122;126;119.8;125.9;443930;54613139
KMAZ;D;20241015;000000;125.9;130;125;127.5;573350;73275760
KMAZ;D;20241016;000000;127.9;129.6;122.3;124.7;402440;50822420
KMAZ;D;20241017;000000;125.5;125.5;122.5;123;175020;21689435
KMAZ;D;20241018;000000;123.1;124.8;121.7;124.7;197320;24257278
KMAZ;D;20241021;000000;125.1;125.4;122.8;123.9;325260;40385203
KMAZ;D;20241022;000000;123.8;124.2;121;121.4;179220;21986244
KMAZ;D;20241023;000000;121.4;124.9;119.9;120.9;472510;57804756
KMAZ;D;20241024;000000;120.9;122.5;119.2;120.9;208500;25162095
KMAZ;D;20241025;000000;120.9;123.5;116.1;118.7;501490;60157401
KMAZ;D;20241028;000000;117;120.3;108.9;110.9;1261040;141225615
KMAZ;D;20241029;000000;111;116.3;109.3;114.8;491540;55305953
KMAZ;D;20241030;000000;114.8;115.4;111.3;111.7;368830;41871192
KMAZ;D;20241031;000000;111.5;112.4;108.3;109.3;358590;39405058
KMAZ;D;20241101;000000;109.9;112.1;108.7;111.6;182030;20112165
KMAZ;D;20241102;000000;111.3;112.3;109;111.7;461350;51077773
KMAZ;D;20241105;000000;111;112.6;109.7;110.2;226530;25170358
KMAZ;D;20241106;000000;112.5;115;112;113;273650;30915697
KMAZ;D;20241107;000000;114.1;116;112;115.8;274020;31200713
KMAZ;D;20241108;000000;116.1;123.9;114.6;120.7;684750;81304619
KMAZ;D;20241111;000000;121.8;123;119.5;119.7;361370;43732787
KMAZ;D;20241112;000000;120.1;120.3;118;118.4;91400;10862816
KMAZ;D;20241113;000000;118;120.4;114.8;115;221990;26229030
KMAZ;D;20241114;000000;115;116.9;113.1;115.4;212410;24451733
KMAZ;D;20241115;000000;114.7;118.5;114.3;118.2;185430;21596777
KMAZ;D;20241118;000000;113.8;118.7;113.8;116;229150;26682886
KMAZ;D;20241119;000000;115.8;116.8;111.4;112;272810;30966474
KMAZ;D;20241120;000000;112.5;114.7;109.4;109.9;347210;38857736
KMAZ;D;20241121;000000;110.4;111.3;107.9;111.2;289460;31762940
KMAZ;D;20241122;000000;111.2;112.3;109.1;109.6;162690;18016683
KMAZ;D;20241125;000000;109.2;109.2;105;105.5;268840;28667304
KMAZ;D;20241126;000000;105.9;106.4;99;100.2;484330;49598826
KMAZ;D;20241127;000000;101;103.5;96.9;102.6;482750;48264911
KMAZ;D;20241128;000000;103.9;104;101.1;102.7;252860;25930038
KMAZ;D;20241129;000000;102.7;105.8;101.8;104.1;220180;22939487
KMAZ;D;20241202;000000;104.9;105.8;104.2;105.8;146030;15352810
KMAZ;D;20241203;000000;106.5;107;101.1;101.7;361280;37104209
KMAZ;D;20241204;000000;102;105.2;99.4;101;241530;24620729
KMAZ;D;20241205;000000;102.1;102.9;97.4;101.2;490540;49391177
KMAZ;D;20241206;000000;101.8;102.2;100.7;100.9;138210;14005791
KMAZ;D;20241209;000000;101.7;103.9;101.2;103;222540;22813882
KMAZ;D;20241210;000000;103;103.2;100.1;100.4;221620;22352947
KMAZ;D;20241211;000000;100.1;100.3;98.7;99.8;214590;21350152
KMAZ;D;20241212;000000;99.6;100.4;97.3;97.7;231540;22816087
KMAZ;D;20241213;000000;97.7;98.3;97.1;97.4;132940;12954344
KMAZ;D;20241216;000000;97.4;97.4;93;93.4;338250;32132131
KMAZ;D;20241217;000000;93.5;94.3;91.5;92.5;265580;24683678
KMAZ;D;20241218;000000;92.4;96;91.6;95.5;389040;36586011
KMAZ;D;20241219;000000;95;96.2;94.2;94.5;312520;29645735
KMAZ;D;20241220;000000;94.2;106.4;94.2;103.8;1156450;117353059
KMAZ;D;20241223;000000;106;107.9;104.2;105.3;516550;54627868
KMAZ;D;20241224;000000;105.3;105.4;100.5;103.2;427740;43899437
KMAZ;D;20241225;000000;102.9;106.6;101.3;103.5;537020;55540212
KMAZ;D;20241226;000000;104.3;105.2;102.3;102.9;284380;29486313
KMAZ;D;20241227;000000;102.5;103.4;102.1;103.2;174870;17964430
KMAZ;D;20241228;000000;103.6;104.8;102.4;104.5;376150;39008958
KMAZ;D;20241230;000000;106.6;115;105;113.3;1401820;153717269
KMAZ;D;20250103;000000;115.1;120;112.5;113.2;768070;88412569
KMAZ;D;20250106;000000;113.2;114.7;111.6;114.3;179670;20314488
KMAZ;D;20250108;000000;115.5;117.7;113.8;116.8;551100;64115023
KMAZ;D;20250109;000000;116.8;117;113.2;113.8;463000;53072611
KMAZ;D;20250110;000000;114.6;116.7;112.9;115.8;478830;55069964
KMAZ;D;20250113;000000;116.9;117.9;113.8;116.4;654450;75943743
KMAZ;D;20250114;000000;115.4;121.1;115.4;120.8;784770;93177042
KMAZ;D;20250115;000000;121;122.9;118.7;121.4;584770;70575318
KMAZ;D;20250116;000000;122.4;124.7;120.4;122.5;523730;64182665
KMAZ;D;20250117;000000;122.7;127.7;121.3;125.6;650400;80997159
KMAZ;D;20250120;000000;128.6;129.5;122;122.6;697430;87479589
KMAZ;D;20250121;000000;124;128.4;122.7;125.4;318770;39853872
KMAZ;D;20250122;000000;125.4;126.4;122;122.6;423240;52635781
KMAZ;D;20250123;000000;122.6;125.8;122.6;125.1;238580;29639769
KMAZ;D;20250124;000000;125.2;126.5;123.7;124.5;246600;30837011
KMAZ;D;20250127;000000;124.5;125;122.2;122.9;235770;29090539
KMAZ;D;20250128;000000;121.9;127.8;118.2;123.7;1345270;167104308
KMAZ;D;20250129;000000;124;128;123.7;126.9;877280;110744238
KMAZ;D;20250130;000000;126.9;129;126.2;127.7;529700;67713294
KMAZ;D;20250131;000000;127.9;128.3;124.8;126.1;327720;41491296
KMAZ;D;20250203;000000;125.6;126.9;124.2;126;218210;27402380
KMAZ;D;20250204;000000;126;126.7;123.2;123.5;158680;19765157
KMAZ;D;20250205;000000;122.5;125.4;121.9;125.3;247780;30623741
KMAZ;D;20250206;000000;125.3;126.5;124.2;126.2;212100;26654552
KMAZ;D;20250207;000000;126.3;126.8;119.2;121.4;1114760;135695168
KMAZ;D;20250210;000000;122.7;123.5;120.3;120.9;462890;56246824
KMAZ;D;20250211;000000;121.8;122.6;119.4;122.5;310780;37789681
KMAZ;D;20250212;000000;122.8;131;122.6;127.6;1748510;220973989
KMAZ;D;20250213;000000;128.1;129.8;124.1;126.3;779380;98551984
KMAZ;D;20250214;000000;126.3;127.9;123.7;124.8;773400;97381910
KMAZ;D;20250217;000000;125.6;133;125.5;129.6;2282590;294919284
KMAZ;D;20250218;000000;128.3;128.3;124.1;125;1063540;133673032
KMAZ;D;20250219;000000;126.2;127.8;123.1;126.8;569820;71575760
KMAZ;D;20250220;000000;126.8;130;126;127.4;574590;73292026
KMAZ;D;20250221;000000;127.8;129.6;125.8;127.1;656510;83783792
KMAZ;D;20250224;000000;127.2;131.9;127;131.2;1625610;210324024
KMAZ;D;20250225;000000;132;143.2;129.2;143;6680550;925700349
KMAZ;D;20250226;000000;143;143.2;131.5;132.5;4193600;571806443
KMAZ;D;20250227;000000;132.6;133.5;125.2;126;2140320;276103118
KMAZ;D;20250228;000000;127.1;129.5;123.2;126.6;1589780;200565501
KMAZ;D;20250303;000000;124.7;126.6;122.2;124.9;766400;94994684
KMAZ;D;20250304;000000;125.9;129.1;125.6;127.8;777630;99310606
KMAZ;D;20250305;000000;127.5;129.5;125.9;126.6;825850;105579469
KMAZ;D;20250306;000000;127;128;125.2;126.6;437040;55172270
KMAZ;D;20250307;000000;126.9;127.6;121;123.8;845440;105331476
KMAZ;D;20250310;000000;124.8;125.7;122.7;123.5;440010;54575964
KMAZ;D;20250311;000000;123.4;124.5;122.1;123.3;374390;46262649
KMAZ;D;20250312;000000;122.6;123.2;121;122.4;242270;29615624
KMAZ;D;20250313;000000;120.6;123.8;118;119.8;918880;110773386
KMAZ;D;20250314;000000;120.2;125;117.1;123.9;1108780;133922600
KMAZ;D;20250317;000000;124.5;126.3;124.1;124.4;484760;60625268
KMAZ;D;20250318;000000;125;125.9;121.6;123;473560;58778967
KMAZ;D;20250319;000000;123.1;125.2;122.2;124.6;365590;45383903
KMAZ;D;20250320;000000;125;127.4;123.6;124.9;832010;104548342
KMAZ;D;20250321;000000;124.9;125.4;121.1;123.2;687900;84951141
KMAZ;D;20250324;000000;123.7;124.6;121.9;122.1;314780;38697801
KMAZ;D;20250325;000000;122.6;124;121.3;123.2;240700;29526200
KMAZ;D;20250326;000000;123.3;124.6;121.5;121.9;282770;34786174
KMAZ;D;20250327;000000;122.4;122.4;117;117.1;715810;84938973
KMAZ;D;20250328;000000;117.9;117.9;110.2;113.7;850030;96380265
KMAZ;D;20250331;000000;114.3;114.9;107.6;114.1;653400;73576613
KMAZ;D;20250401;000000;114.1;120.6;110.8;111.6;1274900;146163356
KMAZ;D;20250402;000000;111.6;115.4;111.4;113.9;449210;50926668
KMAZ;D;20250403;000000;113.8;115.5;110.3;112.4;379190;42646849
KMAZ;D;20250404;000000;112.4;113.8;106.6;107;564630;62019644
KMAZ;D;20250407;000000;106.9;110.8;94.9;102.2;1365320;141272806
KMAZ;D;20250408;000000;102.9;105;98;98.4;443720;45106315
KMAZ;D;20250409;000000;98.4;103.2;95.5;103.2;932590;92794033
KMAZ;D;20250410;000000;103.7;105.3;100.3;102.5;459390;47269637
KMAZ;D;20250411;000000;102.5;105.1;102.2;104.1;348780;36154751
KMAZ;D;20250414;000000;105;108.3;103.3;103.8;519350;54918942
KMAZ;D;20250415;000000;103.7;105.8;103.5;105.4;136790;14313759
KMAZ;D;20250416;000000;105.3;107.2;104.2;106.2;268200;28471583
KMAZ;D;20250417;000000;106.2;107.4;104.8;107.1;228410;24284784
KMAZ;D;20250418;000000;106.8;106.8;104.6;105.9;150290;15886315
KMAZ;D;20250421;000000;105.8;109.5;105.1;107.1;362960;38734378
KMAZ;D;20250422;000000;107.2;112.5;107.2;111.1;1170620;129423681
KMAZ;D;20250423;000000;111.1;111.1;107.3;108.9;450500;49024652
KMAZ;D;20250424;000000;108.9;114.7;108.9;112.4;1711870;192264462
KMAZ;D;20250425;000000;112.8;113.8;111.8;112.7;275790;31094038
KMAZ;D;20250428;000000;113.4;114.4;110.4;111.4;550550;61848420
KMAZ;D;20250429;000000;111;111.3;106.8;107.7;296450;32349568
KMAZ;D;20250430;000000;107.7;108.8;106;108.3;607510;65287240
KMAZ;D;20250502;000000;107.6;108.5;102.2;102.4;418580;43695440
KMAZ;D;20250505;000000;102.4;104.1;99.5;102.7;296880;30288924
KMAZ;D;20250506;000000;102.7;105.2;102.5;104;191770;19962905
KMAZ;D;20250507;000000;104.4;105.2;104;104.2;114450;11968315
KMAZ;D;20250508;000000;104.2;105.5;103.4;104.1;119970;12527237
KMAZ;D;20250512;000000;104.6;110.3;104.1;106.8;413440;44326397
KMAZ;D;20250513;000000;106.9;108;104.1;105.3;280950;29609496
KMAZ;D;20250514;000000;105.4;105.9;103.2;104;155250;16274395
KMAZ;D;20250515;000000;103.8;105.2;102.6;103.5;163550;17005951
KMAZ;D;20250516;000000;103.9;104.9;102;104.6;212470;22019464
KMAZ;D;20250519;000000;104.5;107.6;103.5;105;342540;36217170
KMAZ;D;20250520;000000;105.1;105.9;103.1;103.7;153520;15972802
KMAZ;D;20250521;000000;103.1;104.5;102.1;102.8;181680;18721024
KMAZ;D;20250522;000000;103;103.7;101;101.6;258960;26369256
KMAZ;D;20250523;000000;101.9;102.9;101.1;101.5;158300;16148342
KMAZ;D;20250526;000000;101.5;101.5;96.2;97.6;1021750;99663310
KMAZ;D;20250527;000000;97.8;98.5;95.6;97.3;246100;23956176
KMAZ;D;20250528;000000;97.9;103.7;97.7;100.9;474780;47460373
KMAZ;D;20250529;000000;101;102.3;98.2;98.7;245090;24588550
KMAZ;D;20250530;000000;98.7;100.6;98.1;98.8;272140;27127198
KMAZ;D;20250602;000000;99;101.4;96.7;99.3;472090;46635601
KMAZ;D;20250603;000000;99.8;101.2;99.5;101.1;189400;19043770
KMAZ;D;20250604;000000;101.1;102.3;100.2;100.6;300520;30453433
KMAZ;D;20250605;000000;101.2;104.2;100.9;101.8;607170;62419815
KMAZ;D;20250606;000000;101.8;104;100.9;101.3;404510;41345716
KMAZ;D;20250609;000000;101.2;102.6;100.5;100.7;166950;16897696
KMAZ;D;20250610;000000;100.7;101.9;99.5;100.1;152730;15294617
KMAZ;D;20250611;000000;100.4;103.6;99.7;102.2;152400;15494625
KMAZ;D;20250613;000000;102.2;102.7;100.1;100.2;116740;11822545
KMAZ;D;20250616;000000;100.1;100.8;99;99.5;117730;11763569
KMAZ;D;20250617;000000;99.5;100.6;98.9;100.3;146790;14678388
KMAZ;D;20250618;000000;100.3;102.8;100;100.4;254600;25762277
KMAZ;D;20250619;000000;100.5;102.6;99.6;99.9;267650;27087787
KMAZ;D;20250620;000000;100.4;100.8;98.5;99.4;110810;11033278
KMAZ;D;20250623;000000;99.4;100.1;95.6;97.4;330460;32229166
KMAZ;D;20250624;000000;97.7;98.1;97;97.5;182980;17864133
KMAZ;D;20250625;000000;98;98.8;97.5;97.9;156610;15331658
KMAZ;D;20250626;000000;98;98.9;97.5;97.7;209200;20524443
KMAZ;D;20250627;000000;97.9;98.1;97.3;97.6;152800;14921752
KMAZ;D;20250630;000000;98.1;98.3;97.2;97.5;448580;43815515
KMAZ;D;20250701;000000;97.6;98.9;96.9;97.2;476030;46650754
KMAZ;D;20250702;000000;97.7;97.7;96;96.9;309270;29935386
KMAZ;D;20250703;000000;96.9;97.2;95.2;96;416910;40082627
KMAZ;D;20250704;000000;96.2;96.3;92.2;93.4;1878390;175471954
KMAZ;D;20250707;000000;93.4;93.5;90.3;91.5;1313840;120167023
KMAZ;D;20250708;000000;91.5;91.8;88.3;89.9;591530;53398689
KMAZ;D;20250709;000000;90;90.9;86.9;87.9;579440;51228457
KMAZ;D;20250710;000000;88;89.5;87.7;88.2;452640;40194744
KMAZ;D;20250711;000000;88.2;88.5;86.6;86.7;239290;20968992
KMAZ;D;20250714;000000;86.8;91.2;84.7;88.3;872140;76303039
KMAZ;D;20250715;000000;88.5;90.2;87.6;88.4;651500;57875645
KMAZ;D;20250716;000000;88.5;91.4;88.4;90.7;706910;63731799
KMAZ;D;20250717;000000;91.2;91.2;88.3;88.3;312410;28126446
KMAZ;D;20250718;000000;88.6;90.6;88.2;90.3;316990;28383788
KMAZ;D;20250721;000000;90.5;94.9;90.4;91.8;1370190;127000968
KMAZ;D;20250722;000000;91.7;93;91.5;92;265470;24519497
KMAZ;D;20250723;000000;92.5;93.4;91.8;92.3;243380;22555366
KMAZ;D;20250724;000000;92.3;92.7;90.7;91.9;187760;17190148
KMAZ;D;20250725;000000;92;92.5;88.8;90.4;557520;50424644
KMAZ;D;20250728;000000;90.5;91.5;86.9;89.2;698580;62312191
KMAZ;D;20250729;000000;89.2;90;88.2;88.9;257180;22927495
KMAZ;D;20250730;000000;88.8;103.3;88.1;102.1;13325040;1295536848
KMAZ;D;20250731;000000;102.3;103.3;96.2;96.9;10356450;1020054384
KMAZ;D;20250801;000000;97;99.9;94.1;94.9;4105670;394899775
KMAZ;D;20250804;000000;95.1;95.6;92.9;93.9;1448580;135920885
KMAZ;D;20250805;000000;94.2;94.5;93;94.2;634830;59448804
KMAZ;D;20250806;000000;94;96.4;93;94.4;1190080;112267923
KMAZ;D;20250807;000000;94.9;95.8;93.2;94;1027160;97125430
KMAZ;D;20250808;000000;94.3;95.5;93.6;95.2;540010;51074574
KMAZ;D;20250811;000000;95.7;100;92;94.1;2599990;250531640
KMAZ;D;20250812;000000;94.3;97;93.6;95.7;826460;78895888
KMAZ;D;20250813;000000;96.1;97.8;95.1;95.3;745300;71941146
KMAZ;D;20250814;000000;95.4;95.7;92.9;95.4;537590;50833666
KMAZ;D;20250815;000000;95.4;95.7;92.3;93.7;643030;60589683
KMAZ;D;20250818;000000;93.8;95.4;93;94.2;649640;61130767
KMAZ;D;20250819;000000;94.5;94.9;93.9;94.7;300430;28371705
KMAZ;D;20250820;000000;94.7;96.6;93.9;94.5;1024350;97918222
KMAZ;D;20250821;000000;94.9;94.9;92.9;92.9;393120;36835439
KMAZ;D;20250822;000000;93.2;94;92.9;93.6;252840;23653907
KMAZ;D;20250825;000000;93.7;94.2;93;93;214030;20028574
KMAZ;D;20250826;000000;93.7;94;93.1;93.2;161610;15127117
KMAZ;D;20250827;000000;93.6;94;92.9;93.8;213050;19911007
KMAZ;D;20250828;000000;93.9;95.8;93.1;93.2;428660;40469258
KMAZ;D;20250829;000000;93.7;97;92;94.7;1024600;96364190
KMAZ;D;20250901;000000;94.7;95.4;93.4;94.4;447270;42257948
KMAZ;D;20250902;000000;94.9;94.9;93.2;94;271100;25467655
KMAZ;D;20250903;000000;93.9;94.3;93.5;94.2;109190;10248173
KMAZ;D;20250904;000000;94.4;96.9;94;96;1073030;103027703
KMAZ;D;20250905;000000;96;96.8;95.6;95.8;293070;28190653
KMAZ;D;20250908;000000;95.8;98.2;95.6;96.3;788930;76649933
KMAZ;D;20250909;000000;96.5;96.5;95.2;96.5;252090;24164001
KMAZ;D;20250910;000000;96;97.3;94.5;94.8;467470;44645889
KMAZ;D;20250911;000000;95;95.5;94.7;95.4;135690;12901194
KMAZ;D;20250912;000000;95.4;95.7;91.5;91.8;574710;53383430
KMAZ;D;20250915;000000;92.4;92.5;90.6;91.4;279670;25608802
KMAZ;D;20250916;000000;91.7;92.1;90.6;91.2;153970;14057254
KMAZ;D;20250917;000000;91.2;91.5;90.4;90.9;111940;10173368
KMAZ;D;20250918;000000;91;91.1;89.3;89.9;138720;12506968
KMAZ;D;20250919;000000;90.1;90.1;88.3;88.9;195390;17437215
KMAZ;D;20250922;000000;89.3;89.8;87.6;89.6;238270;21126978
KMAZ;D;20250923;000000;89.9;89.9;87.7;88.8;144330;12830150
KMAZ;D;20250924;000000;88.8;89;87.7;88.3;151370;13390054
KMAZ;D;20250925;000000;88.8;88.8;87.7;87.9;108730;9576681
KMAZ;D;20250926;000000;88.2;88.7;87.5;87.8;194770;17148092
KMAZ;D;20250929;000000;88.1;90.5;86.2;87.1;965840;85840369
KMAZ;D;20250930;000000;87.1;87.3;85.9;86.1;199510;17262356
KMAZ;D;20251001;000000;86.4;86.7;85.2;86.1;195880;16866751
KMAZ;D;20251002;000000;86.4;86.4;84.5;84.6;143680;12224200
KMAZ;D;20251003;000000;85;85.4;82.7;83.3;209900;17665436
KMAZ;D;20251006;000000;83.4;84.7;81.5;84.4;297240;24738263
KMAZ;D;20251007;000000;84.8;85.3;84.3;84.9;114120;9679446
KMAZ;D;20251008;000000;85.1;85.5;81.3;82.3;393400;32934932
KMAZ;D;20251009;000000;82.9;84.3;80.5;82.8;390560;32300315
KMAZ;D;20251010;000000;83.3;83.3;81.8;82.3;111630;9185577
KMAZ;D;20251013;000000;82;82.7;81.4;81.9;168840;13837412
KMAZ;D;20251014;000000;81.9;82;80;80.6;241680;19526336
KMAZ;D;20251015;000000;80.6;81.1;79.2;79.5;232650;18576266
KMAZ;D;20251016;000000;79.8;84.2;79.3;83.2;702080;57201101
KMAZ;D;20251017;000000;83.3;83.5;81.7;81.9;264380;21832697
KMAZ;D;20251020;000000;82.2;85.2;82;84.5;609200;51370690
KMAZ;D;20251021;000000;84.8;84.9;81.7;82.4;406600;33734416
KMAZ;D;20251022;000000;82.4;84.1;81.5;82.9;400080;33198645
KMAZ;D;20251023;000000;81.6;82.4;80.6;82.2;242160;19758508
KMAZ;D;20251024;000000;82.5;82.7;81;81.7;137880;11269272
KMAZ;D;20251027;000000;81.7;81.9;79.5;79.9;182940;14682011
KMAZ;D;20251028;000000;80.4;81;79.6;80.4;302710;24338055
KMAZ;D;20251029;000000;80.3;81.2;80.1;80.6;140840;11367758
KMAZ;D;20251030;000000;80.6;81.6;80.3;81.4;120140;9732123
KMAZ;D;20251031;000000;81.4;81.6;80;80.5;97760;7873271
KMAZ;D;20251101;000000;80.5;80.7;80.1;80.5;108340;8710340
KMAZ;D;20251103;000000;80.6;82.4;80.5;81.1;128050;10420431
KMAZ;D;20251105;000000;81.3;83.1;80.6;81.3;259270;21164737
KMAZ;D;20251106;000000;81.7;81.7;80.1;81;120660;9746337
KMAZ;D;20251107;000000;81;81.3;80.7;81.2;117440;9518429
KMAZ;D;20251110;000000;81.3;82;81;81.2;248500;20257748
KMAZ;D;20251111;000000;81.3;81.8;80.8;81.6;126070;10251773
KMAZ;D;20251112;000000;81.5;82.2;81;81.2;217100;17696869
KMAZ;D;20251113;000000;81.2;81.7;80.8;81.2;158260;12867972
KMAZ;D;20251114;000000;81.5;83.9;80.7;83.2;432600;35556461
KMAZ;D;20251117;000000;83.1;84.5;80.3;80.7;778430;64095317
KMAZ;D;20251118;000000;81;81.8;80.5;80.7;313040;25397609
KMAZ;D;20251119;000000;80.8;84.7;80.8;82.6;1080980;89324199
KMAZ;D;20251120;000000;82.5;83.5;81;82.6;768230;63494173
KMAZ;D;20251121;000000;82.8;83.2;81.9;82.3;176020;14503790
KMAZ;D;20251124;000000;82.2;83.4;81.9;82.2;203700;16821152
KMAZ;D;20251125;000000;82.2;86.8;82.2;85.3;2041870;172930110
KMAZ;D;20251126;000000;85.7;85.7;84.6;84.9;149390;12701637
KMAZ;D;20251127;000000;85.3;85.3;83;84;281560;23623197
KMAZ;D;20251128;000000;84;85;83.9;84.6;248560;21005359
KMAZ;D;20251201;000000;84.7;87.4;84.4;86.1;399100;34192585
KMAZ;D;20251202;000000;86.4;86.9;85.8;86;228200;19694921
KMAZ;D;20251203;000000;86.1;86.1;84.9;85.4;162070;13830959
KMAZ;D;20251204;000000;85.7;87.5;85.4;86.4;359170;31136666
KMAZ;D;20251205;000000;86.5;86.8;84.3;86.4;458630;39445276
KMAZ;D;20251208;000000;86.3;86.7;84.6;85.2;443600;38060644
KMAZ;D;20251209;000000;85.5;85.5;84.8;85.2;165410;14070060
KMAZ;D;20251210;000000;85.2;85.5;84.5;84.7;162640;13809085
KMAZ;D;20251211;000000;84.6;85.9;84.5;85.1;276750;23594324
KMAZ;D;20251212;000000;85.1;85.3;83.4;83.6;210990;17816642
KMAZ;D;20251215;000000;83.5;84.4;83.5;84.1;131770;11087081
KMAZ;D;20251216;000000;84.2;86;84.1;85.1;225140;19091259
KMAZ;D;20251217;000000;85.1;85.5;84.2;84.9;221990;18847538
KMAZ;D;20251218;000000;85.3;85.3;84.3;84.8;73190;6201350
KMAZ;D;20251219;000000;84.9;87.6;84.6;86.2;970350;83838064
KMAZ;D;20251222;000000;86.1;86.5;85.2;85.8;228990;19674793
KMAZ;D;20251223;000000;85.9;86.3;84.7;84.7;158400;13518240
KMAZ;D;20251224;000000;85.2;86;83.8;84.6;225830;19150726
KMAZ;D;20251225;000000;84.6;84.9;84.1;84.2;131430;11095500
KMAZ;D;20251226;000000;84.2;85.2;84;84.7;177680;15025747
KMAZ;D;20251229;000000;84.9;87.4;84.1;84.9;713160;61026176
KMAZ;D;20251230;000000;85.5;85.5;84.1;84.6;198310;16758556
KMAZ;D;20260105;000000;83.8;84.5;82.2;84;194930;16257727
KMAZ;D;20260106;000000;84;84.8;84;84.4;49680;4199862
KMAZ;D;20260108;000000;84;84.1;83.2;83.8;52920;4428818
KMAZ;D;20260109;000000;83.8;84.2;83.7;83.9;32320;2714294
KMAZ;D;20260112;000000;84.2;84.5;83.7;83.9;105100;8841638
KMAZ;D;20260113;000000;84.1;84.4;83.3;83.7;114290;9590385
