<TICKER>;<PER>;<DATE>;<TIME>;<OPEN>;<HIGH>;<LOW>;<CLOSE>;<AMOUNT>;<VOLUME>
MGNT;D;20160104;000000;11230;11398;10949;11366;93153;1045857480
MGNT;D;20160105;000000;11240;11385;11203;11350;118924;1345387778
MGNT;D;20160106;000000;11350;11351;11150;11320;50905;572229054
MGNT;D;20160111;000000;11008;11079;10502;10667;166511;1786585449
MGNT;D;20160112;000000;10600;10600;10291;10367;193926;2019917392
MGNT;D;20160113;000000;10400;10515;10323;10352;131279;1366947521
MGNT;D;20160114;000000;10339;10339;10021;10230;185013;1882883450
MGNT;D;20160115;000000;10228;10228;9555;9640;285166;2788479330
MGNT;D;20160118;000000;9582;9940;9251;9940;162238;1576550513
MGNT;D;20160119;000000;10040;10530;9990;10427;176576;1819650705
MGNT;D;20160120;000000;10271;10427;10105;10350;252743;2600093450
MGNT;D;20160121;000000;10410;10971;10381;10850;271973;2907583190
MGNT;D;20160122;000000;11070;11100;10729;11050;258112;2840865434
MGNT;D;20160125;000000;11113;11113;10861;11042;140550;1541675384
MGNT;D;20160126;000000;10958;11080;10911;10975;140342;1545028998
MGNT;D;20160127;000000;11023;11285;10982;11285;120360;1340889582
MGNT;D;20160128;000000;11250;11662;11250;11485;187015;2149401352
MGNT;D;20160129;000000;11501;11720;11400;11500;173033;2008115716
MGNT;D;20160201;000000;11542;11674;11258;11270;104971;1202191755
MGNT;D;20160202;000000;11230;11470;11094;11150;159196;1793554057
MGNT;D;20160203;000000;11085;11200;10928;10955;95403;1053716328
MGNT;D;20160204;000000;11110;11299;10805;10889;122376;1349540242
MGNT;D;20160205;000000;10890;11000;10673;10765;123948;1341679943
MGNT;D;20160208;000000;10831;10854;10363;10450;154135;1625876341
MGNT;D;20160209;000000;10412;10485;10000;10103;255416;2613227288
MGNT;D;20160210;000000;10031;10220;10005;10070;175949;1777148492
MGNT;D;20160211;000000;10090;10198;9710;10143;258560;2566102569
MGNT;D;20160212;000000;10203;10290;9977;10000;213450;2152056884
MGNT;D;20160215;000000;10175;10175;9840;9920;170643;1698625351
MGNT;D;20160216;000000;10015;10058;9865;9900;131917;1311793343
MGNT;D;20160217;000000;9903;10052;9732;10000;248700;2468258483
MGNT;D;20160218;000000;10050;10362;10005;10318;263102;2689922064
MGNT;D;20160219;000000;10264;10415;10200;10354;168654;1740593881
MGNT;D;20160220;000000;10357;10408;10310;10345;27569;285760637
MGNT;D;20160222;000000;10379;10718;10320;10655;132089;1398772299
MGNT;D;20160224;000000;10555;10675;10356;10475;177306;1863533547
MGNT;D;20160225;000000;10511;10659;10350;10530;159166;1676409753
MGNT;D;20160226;000000;10615;10799;10526;10589;169925;1810507850
MGNT;D;20160229;000000;10501;10680;10430;10648;138729;1467589321
MGNT;D;20160301;000000;10680;10780;10525;10592;115369;1227317505
MGNT;D;20160302;000000;10670;10740;10601;10695;104645;1118160366
MGNT;D;20160303;000000;10700;10808;10631;10715;135717;1456603660
MGNT;D;20160304;000000;10736;10799;10640;10668;81977;875154927
MGNT;D;20160307;000000;10700;10758;10662;10715;60503;648410823
MGNT;D;20160309;000000;10680;10755;10541;10700;154843;1648686244
MGNT;D;20160310;000000;10749;10975;10730;10900;248710;2711257037
MGNT;D;20160311;000000;10920;10945;10824;10900;106715;1161540954
MGNT;D;20160314;000000;10900;10950;10750;10780;131401;1424450041
MGNT;D;20160315;000000;10839;10920;10805;10880;278874;3033587149
MGNT;D;20160316;000000;10900;10923;10750;10788;108711;1177672377
MGNT;D;20160317;000000;10855;10990;10803;10900;214660;2341494794
MGNT;D;20160318;000000;10895;11400;10881;11400;202215;2250415106
MGNT;D;20160321;000000;11388;11388;11190;11255;185121;2088287956
MGNT;D;20160322;000000;11212;11310;11142;11209;153172;1716468025
MGNT;D;20160323;000000;11235;11298;10992;11100;100877;1122568651
MGNT;D;20160324;000000;11002;11085;10925;11041;150522;1653994954
MGNT;D;20160325;000000;11051;11118;10849;10880;41387;452966014
MGNT;D;20160328;000000;10906;10928;10635;10655;83411;896772787
MGNT;D;20160329;000000;10655;10714;10560;10575;113609;1206030100
MGNT;D;20160330;000000;10665;10671;10408;10410;166664;1745670531
MGNT;D;20160331;000000;10400;10697;10306;10550;237828;2503292176
MGNT;D;20160401;000000;10519;10700;10329;10470;234532;2478944985
MGNT;D;20160404;000000;10537;10614;10422;10470;153418;1617336774
MGNT;D;20160405;000000;10407;10521;10366;10400;136715;1426183550
MGNT;D;20160406;000000;10430;10499;10355;10390;110320;1148000349
MGNT;D;20160407;000000;10450;10473;10314;10332;142359;1478343015
MGNT;D;20160408;000000;10335;10420;10318;10320;99706;1032283978
MGNT;D;20160411;000000;10321;10360;10056;10254;196847;2026509866
MGNT;D;20160412;000000;10320;10320;10129;10129;202951;2070016896
MGNT;D;20160413;000000;10186;10612;10167;10490;292849;3040943364
MGNT;D;20160414;000000;10488;10575;10212;10240;197670;2052422260
MGNT;D;20160415;000000;10257;10300;10132;10132;115925;1182538731
MGNT;D;20160418;000000;10149;10243;10012;10125;134705;1362903431
MGNT;D;20160419;000000;10160;10225;10073;10075;129229;1310692088
MGNT;D;20160420;000000;10098;10169;10052;10115;118554;1198414136
MGNT;D;20160421;000000;10170;10250;10102;10162;181345;1846149712
MGNT;D;20160422;000000;10207;10295;10152;10295;169934;1739541990
MGNT;D;20160425;000000;10303;10310;9535;9540;569356;5543372499
MGNT;D;20160426;000000;9508;9632;9126;9180;458523;4256455186
MGNT;D;20160427;000000;9210;9210;8778;8825;352325;3152398999
MGNT;D;20160428;000000;8869;9140;8684;9040;372959;3370756256
MGNT;D;20160429;000000;9070;9085;8888;9002;224612;2021366033
MGNT;D;20160504;000000;8900;9192;8805;9006;229459;2064517806
MGNT;D;20160505;000000;9077;9175;9002;9151;219821;2004176402
MGNT;D;20160506;000000;9153;9173;9075;9093;118232;1076537893
MGNT;D;20160510;000000;9072;9168;8918;9038;120545;1091107689
MGNT;D;20160511;000000;9000;9098;8785;8921;210542;1877218969
MGNT;D;20160512;000000;8902;8977;8789;8834;158050;1399473425
MGNT;D;20160513;000000;8810;9065;8803;9036;235159;2108626275
MGNT;D;20160516;000000;9100;9478;9050;9430;386532;3605978101
MGNT;D;20160517;000000;9452;9515;9210;9352;185560;1733999005
MGNT;D;20160518;000000;9352;9426;9300;9301;129374;1213052381
MGNT;D;20160519;000000;9280;9280;9076;9200;129243;1186053188
MGNT;D;20160520;000000;9225;9236;9070;9075;129617;1181689155
MGNT;D;20160523;000000;9050;9103;8847;8975;123604;1107881959
MGNT;D;20160524;000000;8971;9230;8956;9150;96614;883700269
MGNT;D;20160525;000000;9240;9240;9131;9140;91305;839052176
MGNT;D;20160526;000000;9140;9328;9078;9201;168528;1551725100
MGNT;D;20160527;000000;9181;9494;9163;9466;146638;1375596658
MGNT;D;20160530;000000;9500;9500;9352;9408;56124;527881090
MGNT;D;20160531;000000;9410;9499;9273;9340;120369;1129358765
MGNT;D;20160601;000000;9301;9390;9202;9255;119327;1104954943
MGNT;D;20160602;000000;9279;9293;9000;9190;213452;1938350484
MGNT;D;20160603;000000;9228;9350;9113;9150;112221;1034692802
MGNT;D;20160606;000000;9188;9298;9173;9260;99876;924278861
MGNT;D;20160607;000000;9275;9508;9240;9388;127746;1199731189
MGNT;D;20160608;000000;9500;9562;9181;9200;233818;2186886861
MGNT;D;20160609;000000;9200;9206;8793;8830;433304;3846185268
MGNT;D;20160610;000000;8830;8939;8771;8819;314267;2780621120
MGNT;D;20160614;000000;8810;8869;8514;8660;251175;2191870476
MGNT;D;20160615;000000;8617;8929;8583;8929;227983;2011124922
MGNT;D;20160616;000000;8850;8999;8641;8755;146532;1277350437
MGNT;D;20160617;000000;8755;8849;8706;8750;125623;1103769751
MGNT;D;20160620;000000;8788;8947;8750;8850;132774;1177064848
MGNT;D;20160621;000000;8841;8885;8602;8709;127239;1114174472
MGNT;D;20160622;000000;8709;8794;8415;8488;153593;1312998301
MGNT;D;20160623;000000;8431;8515;8310;8450;140119;1180432805
MGNT;D;20160624;000000;8003;8450;8003;8280;136018;1130832771
MGNT;D;20160627;000000;8333;8350;8203;8320;116918;971527582
MGNT;D;20160628;000000;8284;8486;8250;8300;119900;997561215
MGNT;D;20160629;000000;8379;8700;8310;8700;177700;1521952978
MGNT;D;20160630;000000;8657;9043;8657;9012;222606;1981798272
MGNT;D;20160701;000000;9012;9196;9009;9101;126271;1151980439
MGNT;D;20160704;000000;9170;9170;8970;9145;90049;817610305
MGNT;D;20160705;000000;9085;9144;8925;8950;102089;918313856
MGNT;D;20160706;000000;8949;8977;8742;8760;116436;1028435719
MGNT;D;20160707;000000;8801;8925;8722;8753;108756;960332581
MGNT;D;20160708;000000;8706;9261;8662;9261;292846;2652206108
MGNT;D;20160711;000000;9270;9446;8980;9348;223773;2075254596
MGNT;D;20160712;000000;9333;9460;9300;9404;140000;1313993585
MGNT;D;20160713;000000;9411;9535;9314;9460;150185;1419226420
MGNT;D;20160714;000000;9430;9564;9380;9508;113066;1072259255
MGNT;D;20160715;000000;9475;9535;9380;9461;98246;932346365
MGNT;D;20160718;000000;9356;9557;9190;9250;151993;1421273923
MGNT;D;20160719;000000;9202;9348;9063;9104;153825;1420910773
MGNT;D;20160720;000000;9165;9285;9030;9225;102625;939590046
MGNT;D;20160721;000000;9266;9480;9204;9400;83329;777516379
MGNT;D;20160722;000000;9401;9427;9314;9365;40102;376033376
MGNT;D;20160725;000000;9342;10136;9342;10100;599097;5919063395
MGNT;D;20160726;000000;10124;10498;10078;10475;405879;4190150026
MGNT;D;20160727;000000;10480;10490;9950;10020;267043;2718063140
MGNT;D;20160728;000000;10026;10345;10026;10292;189235;1933477641
MGNT;D;20160729;000000;10248;10319;10125;10210;85030;871292583
MGNT;D;20160801;000000;10220;10597;10220;10381;159211;1662148195
MGNT;D;20160802;000000;10375;10498;10191;10347;121050;1247279044
MGNT;D;20160803;000000;10263;10500;10233;10368;66301;683910106
MGNT;D;20160804;000000;10386;10490;10312;10450;106111;1103846632
MGNT;D;20160805;000000;10440;10749;10359;10690;156653;1655559330
MGNT;D;20160808;000000;10740;10969;10652;10927;153821;1670806612
MGNT;D;20160809;000000;10974;10974;10750;10846;160332;1740401891
MGNT;D;20160810;000000;10843;10888;10744;10751;68969;744585121
MGNT;D;20160811;000000;10754;10851;10599;10673;101561;1089242912
MGNT;D;20160812;000000;10693;10885;10601;10800;102464;1101803712
MGNT;D;20160815;000000;10864;10988;10663;10835;162016;1757092645
MGNT;D;20160816;000000;10801;10848;10454;10532;110223;1172835007
MGNT;D;20160817;000000;10516;10729;10400;10400;172336;1818662340
MGNT;D;20160818;000000;10460;10559;10275;10380;115599;1199731854
MGNT;D;20160819;000000;10405;10430;10230;10260;59068;609811984
MGNT;D;20160822;000000;10265;10620;10200;10589;103844;1082544375
MGNT;D;20160823;000000;10600;10850;10526;10643;148967;1599133637
MGNT;D;20160824;000000;10679;10699;10105;10250;204741;2107843329
MGNT;D;20160825;000000;10240;10317;10133;10289;88738;909431222
MGNT;D;20160826;000000;10310;10467;10252;10376;104617;1085603991
MGNT;D;20160829;000000;10350;10492;10190;10492;57104;589578525
MGNT;D;20160830;000000;10492;10578;10417;10475;75333;791560460
MGNT;D;20160831;000000;10454;10499;10220;10262;70633;727866030
MGNT;D;20160901;000000;10262;10410;10133;10308;66506;685890197
MGNT;D;20160902;000000;10345;10560;10268;10544;88315;924521394
MGNT;D;20160905;000000;10567;10739;10540;10734;74860;797644387
MGNT;D;20160906;000000;10764;10950;9967;10615;117235;1262885624
MGNT;D;20160907;000000;10615;10819;10602;10670;90141;963024946
MGNT;D;20160908;000000;10700;10800;10652;10743;78294;840679649
MGNT;D;20160909;000000;10780;10797;10324;10544;134825;1413798088
MGNT;D;20160912;000000;10447;10730;10289;10372;103256;1074415719
MGNT;D;20160913;000000;10405;10464;10204;10291;67409;694281518
MGNT;D;20160914;000000;10304;10304;10200;10205;51997;532626961
MGNT;D;20160915;000000;10205;10295;10125;10167;81928;835823522
MGNT;D;20160916;000000;10195;10457;10174;10269;126206;1307027061
MGNT;D;20160919;000000;10291;10440;10262;10339;76898;794826958
MGNT;D;20160920;000000;10316;10475;10300;10350;80593;835055654
MGNT;D;20160921;000000;10388;10739;10365;10648;141251;1489106120
MGNT;D;20160922;000000;10575;10758;10550;10700;83537;892640808
MGNT;D;20160923;000000;10680;10700;10420;10600;112096;1181378295
MGNT;D;20160926;000000;10550;10800;10541;10789;88114;944726798
MGNT;D;20160927;000000;10799;10799;10425;10432;81425;863243364
MGNT;D;20160928;000000;10432;10690;10410;10555;83451;883452196
MGNT;D;20160929;000000;10675;10797;10511;10530;95825;1020153680
MGNT;D;20160930;000000;10497;10580;10391;10391;89973;942357723
MGNT;D;20161003;000000;10442;10600;10300;10539;89231;936888200
MGNT;D;20161004;000000;10540;10640;10350;10507;75965;795429781
MGNT;D;20161005;000000;10478;10537;10311;10490;76651;798179255
MGNT;D;20161006;000000;10495;10595;10445;10590;56075;589307927
MGNT;D;20161007;000000;10598;10636;10380;10411;74773;784421832
MGNT;D;20161010;000000;10411;10516;10371;10491;35282;368747004
MGNT;D;20161011;000000;10462;10600;10219;10351;88899;918458436
MGNT;D;20161012;000000;10304;10347;10170;10245;69609;713519381
MGNT;D;20161013;000000;10245;10375;10181;10219;63810;656991233
MGNT;D;20161014;000000;10225;10277;10113;10144;72584;738557476
MGNT;D;20161017;000000;10183;10183;10002;10100;58655;590566293
MGNT;D;20161018;000000;10150;10537;10072;10535;119793;1239875322
MGNT;D;20161019;000000;10506;10600;10360;10567;122003;1279925646
MGNT;D;20161020;000000;10515;10690;10515;10605;113121;1200995875
MGNT;D;20161021;000000;10590;10613;10353;10525;142389;1489821789
MGNT;D;20161024;000000;10515;10577;10411;10526;134178;1407593248
MGNT;D;20161025;000000;10511;10533;10357;10430;199392;2086361886
MGNT;D;20161026;000000;10410;10445;10342;10405;67756;704305717
MGNT;D;20161027;000000;10419;10549;10365;10450;81581;852695695
MGNT;D;20161028;000000;10418;10630;10405;10551;82720;870307369
MGNT;D;20161031;000000;10550;10639;10421;10630;135069;1420275238
MGNT;D;20161101;000000;10620;10722;10467;10530;129802;1372266686
MGNT;D;20161102;000000;10462;10571;10353;10421;98369;1025629433
MGNT;D;20161103;000000;10420;10420;10242;10360;110062;1137447144
MGNT;D;20161107;000000;10049;10099;9731;9740;388923;3822988139
MGNT;D;20161108;000000;9760;9933;9736;9860;106526;1052192196
MGNT;D;20161109;000000;9740;9800;9550;9651;285699;2758704097
MGNT;D;20161110;000000;9695;10060;9666;9850;350197;3458848014
MGNT;D;20161111;000000;9873;10120;9733;9910;338280;3376725019
MGNT;D;20161114;000000;9920;9978;9662;9870;141648;1391676387
MGNT;D;20161115;000000;9908;9950;9804;9920;84292;832285338
MGNT;D;20161116;000000;9920;10194;9917;10138;160110;1618124199
MGNT;D;20161117;000000;10151;10310;10138;10267;94475;966599529
MGNT;D;20161118;000000;10238;10400;10170;10351;97818;1009461546
MGNT;D;20161121;000000;10370;10470;10312;10380;87417;911021201
MGNT;D;20161122;000000;10345;10476;10270;10450;98700;1026260787
MGNT;D;20161123;000000;10450;10590;10410;10487;121784;1279364782
MGNT;D;20161124;000000;10499;10535;10410;10430;57789;605924171
MGNT;D;20161125;000000;10400;10476;10324;10420;37645;391976542
MGNT;D;20161128;000000;10400;10490;10341;10380;68492;711311314
MGNT;D;20161129;000000;10372;10449;10223;10290;79603;823726947
MGNT;D;20161130;000000;10280;10500;10156;10500;126924;1306416208
MGNT;D;20161201;000000;10500;10500;10272;10297;79230;822874765
MGNT;D;20161202;000000;10300;10387;10210;10350;69892;717777633
MGNT;D;20161205;000000;10341;10579;10295;10550;97875;1024515177
MGNT;D;20161206;000000;10571;10670;10510;10649;115700;1230072814
MGNT;D;20161207;000000;10649;10649;10549;10580;88062;933347595
MGNT;D;20161208;000000;10593;10730;10533;10730;129956;1388764283
MGNT;D;20161209;000000;10747;10808;10240;10423;216988;2266063427
MGNT;D;20161212;000000;10498;10560;10228;10350;196706;2038378593
MGNT;D;20161213;000000;10367;10693;10337;10693;129526;1364179643
MGNT;D;20161214;000000;10698;10706;10510;10602;83488;883797651
MGNT;D;20161215;000000;10589;10670;10400;10532;254962;2682036758
MGNT;D;20161216;000000;10583;10780;10507;10720;142697;1517394548
MGNT;D;20161219;000000;10718;10718;10466;10597;77662;822256263
MGNT;D;20161220;000000;10560;10745;10513;10709;104840;1119734077
MGNT;D;20161221;000000;10729;10909;10680;10750;150995;1629522833
MGNT;D;20161222;000000;10649;10649;10255;10411;136642;1418543297
MGNT;D;20161223;000000;10380;10526;10321;10408;46466;483535490
MGNT;D;20161226;000000;10419;10449;10309;10327;13616;141255187
MGNT;D;20161227;000000;10310;10425;10255;10400;39281;405839504
MGNT;D;20161228;000000;10400;10700;10371;10665;86067;909530096
MGNT;D;20161229;000000;10650;10800;10500;10795;79137;845920389
MGNT;D;20161230;000000;10779;11097;10710;11000;99556;1085948467
MGNT;D;20170103;000000;11015;11476;10902;11347;128257;1451153094
MGNT;D;20170104;000000;11330;11367;11118;11220;78698;885630168
MGNT;D;20170105;000000;11180;11316;10850;10875;98876;1095849518
MGNT;D;20170106;000000;10786;10978;10786;10900;88308;962144575
MGNT;D;20170109;000000;10900;10993;10704;10819;140599;1526110641
MGNT;D;20170110;000000;10821;10837;10413;10534;352508;3713758886
MGNT;D;20170111;000000;10545;10545;9963;10000;320744;3268568004
MGNT;D;20170112;000000;10000;10155;9820;9880;149594;1488782615
MGNT;D;20170113;000000;9880;9918;9488;9640;233690;2252532380
MGNT;D;20170116;000000;9640;9838;9506;9830;192040;1869114872
MGNT;D;20170117;000000;9835;9925;9655;9825;132283;1292696553
MGNT;D;20170118;000000;9844;9879;9572;9695;109241;1061355819
MGNT;D;20170119;000000;9750;9800;9662;9800;125842;1227769381
MGNT;D;20170120;000000;9790;9790;9662;9730;105783;1028021395
MGNT;D;20170123;000000;9735;9735;9626;9694;68024;658531656
MGNT;D;20170124;000000;9700;9744;9620;9690;79914;774621666
MGNT;D;20170125;000000;9703;9703;9530;9625;137018;1316351480
MGNT;D;20170126;000000;9626;10085;9623;10020;210436;2080301110
MGNT;D;20170127;000000;10021;10040;9750;9900;381339;3755417648
MGNT;D;20170130;000000;9895;9895;9615;9625;247355;2402657750
MGNT;D;20170131;000000;9603;9740;9603;9650;98331;949631164
MGNT;D;20170201;000000;9673;9774;9632;9700;108384;1051572360
MGNT;D;20170202;000000;9700;9725;9464;9495;243066;2334113066
MGNT;D;20170203;000000;9543;9654;9340;9580;130454;1249245710
MGNT;D;20170206;000000;9580;9699;9529;9640;103386;993935007
MGNT;D;20170207;000000;9645;9680;9536;9550;104137;1001305999
MGNT;D;20170208;000000;9550;9800;9503;9577;126640;1222125508
MGNT;D;20170209;000000;9604;9890;9517;9862;159559;1546889491
MGNT;D;20170210;000000;9856;10064;9770;10002;157465;1571139324
MGNT;D;20170213;000000;10020;10230;9974;10078;142150;1434024073
MGNT;D;20170214;000000;10085;10085;9900;10030;135739;1350883249
MGNT;D;20170215;000000;10002;10053;9910;10000;132531;1321195495
MGNT;D;20170216;000000;9953;10054;9860;9930;155497;1548263292
MGNT;D;20170217;000000;9930;10039;9700;9700;169654;1675374385
MGNT;D;20170220;000000;9747;9755;9577;9577;140392;1355652954
MGNT;D;20170221;000000;9577;9637;9510;9540;92674;886885043
MGNT;D;20170222;000000;9530;9550;9118;9194;162893;1520712203
MGNT;D;20170224;000000;9181;9188;8732;8825;250799;2239057751
MGNT;D;20170227;000000;8827;9220;8811;9190;179430;1623488512
MGNT;D;20170228;000000;9151;9649;8993;9133;172263;1577417289
MGNT;D;20170301;000000;9053;9293;9027;9150;65407;600085107
MGNT;D;20170302;000000;9214;9381;9130;9250;106834;987810025
MGNT;D;20170303;000000;9211;9310;9152;9175;63469;585202638
MGNT;D;20170306;000000;9150;9300;9150;9250;61228;566125921
MGNT;D;20170307;000000;9251;9271;9128;9233;80690;742879577
MGNT;D;20170309;000000;9230;9280;9044;9061;245125;2253231699
MGNT;D;20170310;000000;9100;9250;9100;9155;97717;895671917
MGNT;D;20170313;000000;9155;9270;9101;9235;106811;982190135
MGNT;D;20170314;000000;9250;9379;9171;9270;96098;888607029
MGNT;D;20170315;000000;9286;9436;9223;9346;100843;940343699
MGNT;D;20170316;000000;9437;9731;9388;9700;207103;1968658703
MGNT;D;20170317;000000;9664;9755;9606;9700;99178;962864295
MGNT;D;20170320;000000;9745;9840;9587;9780;123526;1207367286
MGNT;D;20170321;000000;9777;9909;9661;9730;144597;1421501103
MGNT;D;20170322;000000;9681;9780;9275;9440;184937;1773609799
MGNT;D;20170323;000000;9432;9481;9180;9370;149325;1385938814
MGNT;D;20170324;000000;9303;9408;9231;9350;59625;555770132
MGNT;D;20170327;000000;9311;9370;9201;9351;73858;688012544
MGNT;D;20170328;000000;9374;9680;9374;9600;114095;1091061167
MGNT;D;20170329;000000;9649;9649;9301;9327;80091;755971536
MGNT;D;20170330;000000;9320;9638;9240;9580;123514;1171380156
MGNT;D;20170331;000000;9574;9574;9261;9261;80242;752531481
MGNT;D;20170403;000000;9315;9366;9200;9313;52506;487640069
MGNT;D;20170404;000000;9310;9377;9227;9261;83819;778917657
MGNT;D;20170405;000000;9280;9470;9235;9470;101256;949728023
MGNT;D;20170406;000000;9403;9600;9403;9550;70145;670215500
MGNT;D;20170407;000000;9494;9590;9400;9430;142006;1345110411
MGNT;D;20170410;000000;9399;9500;9290;9360;136415;1276302423
MGNT;D;20170411;000000;9333;9460;9250;9265;113597;1060021963
MGNT;D;20170412;000000;9290;9318;9033;9100;146888;1354637080
MGNT;D;20170413;000000;9127;9222;9060;9160;131578;1197497539
MGNT;D;20170414;000000;9197;9197;8941;8985;22394;202234389
MGNT;D;20170417;000000;8980;9137;8853;9135;23379;210725840
MGNT;D;20170418;000000;9129;9218;8987;9113;52917;482526865
MGNT;D;20170419;000000;9150;9189;8880;9000;100540;907292829
MGNT;D;20170420;000000;8951;9148;8901;9110;128099;1160709472
MGNT;D;20170421;000000;9000;9182;8950;9070;191989;1738059245
MGNT;D;20170424;000000;9197;9197;8919;9008;130770;1185277361
MGNT;D;20170425;000000;9011;9035;8809;8825;112571;998543711
MGNT;D;20170426;000000;8835;8847;8615;8823;194666;1698373203
MGNT;D;20170427;000000;8781;8917;8750;8825;70183;620823830
MGNT;D;20170428;000000;8850;8950;8610;8776;136581;1206978780
MGNT;D;20170502;000000;8810;8939;8734;8821;149342;1318176985
MGNT;D;20170503;000000;8798;8880;8670;8685;116671;1019233505
MGNT;D;20170504;000000;8676;8873;8676;8841;96367;848804369
MGNT;D;20170505;000000;8754;8931;8754;8900;77128;684789147
MGNT;D;20170510;000000;8923;9154;8806;9140;101633;913302466
MGNT;D;20170511;000000;9130;9180;8810;9010;56211;507861474
MGNT;D;20170512;000000;9037;9090;8900;8985;44154;396136664
MGNT;D;20170515;000000;8968;9180;8951;9180;89251;811488371
MGNT;D;20170516;000000;9150;9295;9095;9238;58027;533962602
MGNT;D;20170517;000000;9233;9566;9216;9440;142661;1342550556
MGNT;D;20170518;000000;9408;9543;9155;9255;167481;1560098720
MGNT;D;20170519;000000;9250;9324;9060;9190;137692;1261736209
MGNT;D;20170522;000000;9192;9448;9122;9413;63043;587380878
MGNT;D;20170523;000000;9400;9460;9246;9280;112626;1052736721
MGNT;D;20170524;000000;9288;9354;9205;9205;73195;679047312
MGNT;D;20170525;000000;9278;9385;9248;9359;68095;635926855
MGNT;D;20170526;000000;9351;9554;9301;9450;91254;865036991
MGNT;D;20170529;000000;9460;9508;9280;9300;36032;338020886
MGNT;D;20170530;000000;9297;9339;9219;9240;47510;440649337
MGNT;D;20170531;000000;9240;9320;9032;9197;112265;1026555038
MGNT;D;20170601;000000;9193;9197;9062;9070;72326;659685232
MGNT;D;20170602;000000;9050;9050;8865;8875;59976;535541758
MGNT;D;20170605;000000;8875;8990;8840;8989;67316;599937207
MGNT;D;20170606;000000;8989;9160;8957;9053;80348;731214942
MGNT;D;20170607;000000;9052;9219;9008;9204;108282;992571693
MGNT;D;20170608;000000;9212;9298;9201;9270;77966;721241263
MGNT;D;20170609;000000;9250;9496;9226;9435;176410;1655468376
MGNT;D;20170613;000000;9402;9596;9317;9589;177054;1668713345
MGNT;D;20170614;000000;9585;9600;9465;9588;113910;1086181326
MGNT;D;20170615;000000;9540;9553;9155;9449;355009;3293578593
MGNT;D;20170616;000000;9437;9519;9285;9412;73124;687902920
MGNT;D;20170619;000000;9400;9588;9323;9539;52430;496466494
MGNT;D;20170620;000000;9584;9744;9561;9613;97169;938741409
MGNT;D;20170621;000000;9620;9691;9484;9499;155863;1487106632
MGNT;D;20170622;000000;9449;9449;9280;9330;63461;594459915
MGNT;D;20170623;000000;9300;9341;9190;9280;89295;827647143
MGNT;D;20170626;000000;9344;9374;9236;9301;44551;413994325
MGNT;D;20170627;000000;9300;9646;9289;9504;117894;1120307784
MGNT;D;20170628;000000;9500;9616;9457;9471;143370;1368020153
MGNT;D;20170629;000000;9489;9500;9102;9103;151356;1403446645
MGNT;D;20170630;000000;9103;9205;8976;9180;157064;1426273870
MGNT;D;20170703;000000;9198;9249;9089;9115;58793;537598477
MGNT;D;20170704;000000;9150;9160;9030;9105;86320;784700456
MGNT;D;20170705;000000;9109;9200;9076;9165;96438;880827909
MGNT;D;20170706;000000;9175;9291;9172;9200;64295;593519811
MGNT;D;20170707;000000;9187;9323;9115;9313;49297;454624901
MGNT;D;20170710;000000;9272;9380;9157;9360;72693;673680143
MGNT;D;20170711;000000;9360;9471;9300;9370;97184;910106988
MGNT;D;20170712;000000;9380;9487;9326;9340;56735;533858445
MGNT;D;20170713;000000;9398;9548;9352;9545;80127;759277142
MGNT;D;20170714;000000;9532;9738;9528;9720;80555;777390129
MGNT;D;20170717;000000;9720;9777;9580;9618;49864;480995692
MGNT;D;20170718;000000;9610;9700;9590;9600;51810;499440890
MGNT;D;20170719;000000;9597;9630;9503;9530;56157;536737512
MGNT;D;20170720;000000;9524;9564;9436;9504;62940;598277142
MGNT;D;20170721;000000;9466;9610;9341;9405;91537;866789148
MGNT;D;20170724;000000;9426;9624;9425;9598;76962;735296185
MGNT;D;20170725;000000;9564;9603;9426;9540;61404;583585450
MGNT;D;20170726;000000;9525;9796;9525;9750;100033;970179940
MGNT;D;20170727;000000;9729;9797;9604;9797;84139;817704637
MGNT;D;20170728;000000;9787;9930;9680;9680;179766;1764832498
MGNT;D;20170731;000000;9650;9699;9453;9525;140989;1347793124
MGNT;D;20170801;000000;9503;9528;9321;9372;165775;1561946556
MGNT;D;20170802;000000;9372;9477;9335;9470;88681;833806098
MGNT;D;20170803;000000;9460;9609;9405;9428;83543;791741585
MGNT;D;20170804;000000;9419;9433;9293;9321;69770;653160272
MGNT;D;20170807;000000;9339;9450;9278;9401;48967;459632951
MGNT;D;20170808;000000;9451;9567;9385;9497;110340;1049153276
MGNT;D;20170809;000000;9500;9500;9385;9407;27360;257812888
MGNT;D;20170810;000000;9410;9500;9315;9333;34343;323759133
MGNT;D;20170811;000000;9350;9409;9203;9358;89487;834366126
MGNT;D;20170814;000000;9364;9430;9307;9370;43495;407224240
MGNT;D;20170815;000000;9357;9413;9302;9360;38277;357782329
MGNT;D;20170816;000000;9394;9527;9367;9470;119226;1131224661
MGNT;D;20170817;000000;9470;9480;9365;9447;80516;758619621
MGNT;D;20170818;000000;9350;9453;9302;9335;82621;772973937
MGNT;D;20170821;000000;9335;9570;9331;9492;94938;901154924
MGNT;D;20170822;000000;9496;9569;9431;9556;54516;517927265
MGNT;D;20170823;000000;9538;9777;9512;9744;132141;1280589659
MGNT;D;20170824;000000;9730;9900;9715;9812;139753;1372961899
MGNT;D;20170825;000000;9766;9949;9700;9799;135730;1335018471
MGNT;D;20170828;000000;9800;10113;9790;10000;138302;1382278133
MGNT;D;20170829;000000;10020;10462;9923;10247;214507;2181697154
MGNT;D;20170830;000000;10251;10676;10251;10650;200121;2106200459
MGNT;D;20170831;000000;10620;10882;10561;10800;184067;1974874946
MGNT;D;20170901;000000;10800;10871;10563;10590;78097;836406272
MGNT;D;20170904;000000;10568;10730;10470;10510;49433;521596932
MGNT;D;20170905;000000;10496;10670;10496;10630;40164;425204186
MGNT;D;20170906;000000;10600;10638;10421;10540;107132;1128700294
MGNT;D;20170907;000000;10559;10666;10506;10544;61195;647239795
MGNT;D;20170908;000000;10544;10689;10471;10527;86867;918924888
MGNT;D;20170911;000000;10528;10690;10521;10680;83107;881341155
MGNT;D;20170912;000000;10730;10919;10688;10795;128566;1389732248
MGNT;D;20170913;000000;10800;10858;10651;10700;106573;1146828321
MGNT;D;20170914;000000;10550;10584;10268;10434;136059;1414196831
MGNT;D;20170915;000000;10399;10530;10306;10397;89283;931363979
MGNT;D;20170918;000000;10400;10486;10260;10320;78018;809030731
MGNT;D;20170919;000000;10359;10376;10257;10376;36269;373956562
MGNT;D;20170920;000000;10376;10520;10376;10465;78774;823771580
MGNT;D;20170921;000000;10475;10500;10300;10340;83643;873473692
MGNT;D;20170922;000000;10330;10361;10201;10260;91646;941984313
MGNT;D;20170925;000000;10205;10244;9955;10140;149277;1508113545
MGNT;D;20170926;000000;10126;10260;9975;10090;107310;1086431476
MGNT;D;20170927;000000;10061;10225;10060;10163;77208;782929790
MGNT;D;20170928;000000;10180;10190;10032;10089;80196;810487341
MGNT;D;20170929;000000;10075;10190;10056;10100;49803;503641993
MGNT;D;20171002;000000;10100;10154;10072;10085;52120;526757668
MGNT;D;20171003;000000;10101;10150;10032;10070;70195;709766830
MGNT;D;20171004;000000;10069;10123;9903;9914;114412;1144881224
MGNT;D;20171005;000000;9914;9985;9770;9836;105502;1037595578
MGNT;D;20171006;000000;9864;10079;9833;10050;63958;639601000
MGNT;D;20171009;000000;10079;10148;9830;9880;71827;713169075
MGNT;D;20171010;000000;9899;9899;9770;9804;50757;498320093
MGNT;D;20171011;000000;9842;9918;9730;9760;75555;741489643
MGNT;D;20171012;000000;9794;9794;9680;9736;68378;666169560
MGNT;D;20171013;000000;9728;9762;9525;9540;131752;1268011709
MGNT;D;20171016;000000;9559;9565;9422;9429;72215;683334741
MGNT;D;20171017;000000;9429;9469;9332;9332;130575;1226744133
MGNT;D;20171018;000000;9348;9351;9240;9286;134122;1246844647
MGNT;D;20171019;000000;9320;9469;9320;9445;117496;1102992242
MGNT;D;20171020;000000;9470;9488;8311;8550;1097264;9627698994
MGNT;D;20171023;000000;8560;8625;8112;8221;678812;5628118876
MGNT;D;20171024;000000;8215;8285;7860;7913;521342;4180181120
MGNT;D;20171025;000000;7900;8299;7880;8299;564579;4618460561
MGNT;D;20171026;000000;8315;8382;8080;8347;275431;2264987016
MGNT;D;20171027;000000;8388;8396;8050;8065;379852;3106749908
MGNT;D;20171030;000000;8060;8189;7961;8022;210491;1699112880
MGNT;D;20171031;000000;8013;8069;7672;7693;458570;3586938726
MGNT;D;20171101;000000;7703;7721;7533;7610;319877;2441231552
MGNT;D;20171102;000000;7600;7633;7225;7370;546756;4040785266
MGNT;D;20171103;000000;7375;7571;7265;7390;350467;2610511956
MGNT;D;20171107;000000;7370;7486;7237;7380;422163;3108473381
MGNT;D;20171108;000000;7400;7536;7333;7398;286399;2127013565
MGNT;D;20171109;000000;7416;7466;7343;7399;233893;1729432532
MGNT;D;20171110;000000;7430;7430;7131;7175;440797;3192503236
MGNT;D;20171113;000000;7170;7249;7077;7146;269953;1934885631
MGNT;D;20171114;000000;7166;7174;6945;6949;321062;2253905463
MGNT;D;20171115;000000;6452;6452;6165;6170;1695175;10686396270
MGNT;D;20171116;000000;6200;6588;6200;6531;873898;5608368267
MGNT;D;20171117;000000;6584;6899;6485;6884;983543;6688757827
MGNT;D;20171120;000000;6894;7030;6735;6768;514737;3515841951
MGNT;D;20171121;000000;6799;6818;6567;6599;371712;2475430067
MGNT;D;20171122;000000;6600;6749;6521;6720;332750;2204617256
MGNT;D;20171123;000000;6738;6830;6661;6829;300821;2041305099
MGNT;D;20171124;000000;6850;6886;6631;6635;303487;2041382377
MGNT;D;20171127;000000;6636;6673;6556;6602;226183;1493794116
MGNT;D;20171128;000000;6595;6643;6450;6450;275704;1794807494
MGNT;D;20171129;000000;6445;6525;6367;6380;282671;1817519738
MGNT;D;20171130;000000;6377;6396;6227;6359;295795;1864925182
MGNT;D;20171201;000000;6360;6475;6300;6340;247607;1578292807
MGNT;D;20171204;000000;6335;6420;6251;6370;184492;1165856422
MGNT;D;20171205;000000;6370;6370;6275;6300;103324;652741783
MGNT;D;20171206;000000;6309;6389;6266;6335;126767;803093268
MGNT;D;20171207;000000;6325;6385;6301;6355;104361;661220677
MGNT;D;20171208;000000;6355;6619;6355;6550;316950;2067056033
MGNT;D;20171211;000000;6558;6694;6542;6655;354910;2356887564
MGNT;D;20171212;000000;6679;6737;6498;6559;245018;1619949679
MGNT;D;20171213;000000;6540;6569;6400;6400;275841;1783018320
MGNT;D;20171214;000000;6416;6490;6325;6490;225121;1446161570
MGNT;D;20171215;000000;6479;6529;6395;6411;135977;874838920
MGNT;D;20171218;000000;6421;6477;6251;6287;239208;1512925705
MGNT;D;20171219;000000;6290;6317;6200;6254;188078;1173506175
MGNT;D;20171220;000000;6262;6330;6220;6256;166761;1046953495
MGNT;D;20171221;000000;6270;6319;6220;6290;193492;1211837767
MGNT;D;20171222;000000;6312;6325;6250;6251;97361;612060980
MGNT;D;20171225;000000;6252;6287;6233;6237;49113;306966891
MGNT;D;20171226;000000;6231;6290;6220;6244;81942;511205287
MGNT;D;20171227;000000;6204;6280;6202;6265;201003;1256955986
MGNT;D;20171228;000000;6265;6290;6250;6270;119102;745590917
MGNT;D;20171229;000000;6252;6377;6251;6340;155918;986467439
MGNT;D;20180103;000000;6327;6485;6322;6485;140861;910054068
MGNT;D;20180104;000000;6490;6640;6480;6629;171241;1125692700
MGNT;D;20180105;000000;6647;6724;6525;6724;226709;1507696855
MGNT;D;20180109;000000;6790;6829;6555;6600;267483;1794717467
MGNT;D;20180110;000000;6638;6685;6531;6660;209824;1390668760
MGNT;D;20180111;000000;6670;6747;6620;6651;135285;902788826
MGNT;D;20180112;000000;6650;6765;6630;6700;214589;1440000809
MGNT;D;20180115;000000;6718;6738;6560;6579;212432;1407969791
MGNT;D;20180116;000000;6590;6627;6380;6400;290710;1880368043
MGNT;D;20180117;000000;6377;6494;6315;6400;218306;1400801297
MGNT;D;20180118;000000;6429;6467;6225;6265;344370;2167151042
MGNT;D;20180119;000000;6265;6307;6227;6240;329915;2063436316
MGNT;D;20180122;000000;6241;6350;6240;6279;288690;1817753616
MGNT;D;20180123;000000;6296;6375;6294;6360;238324;1509275641
MGNT;D;20180124;000000;6370;6410;6302;6345;161982;1026611741
MGNT;D;20180125;000000;6345;6369;6007;6170;370984;2315314320
MGNT;D;20180126;000000;6170;6170;5531;5539;1571111;9088235792
MGNT;D;20180129;000000;5489;5645;5100;5155;1394796;7414155812
MGNT;D;20180130;000000;5170;5450;5051;5419;705632;3756900617
MGNT;D;20180131;000000;5361;5500;5250;5330;452970;2426695042
MGNT;D;20180201;000000;5338;5368;5174;5219;661834;3476721444
MGNT;D;20180202;000000;5210;5255;4921;5032;824570;4176225328
MGNT;D;20180205;000000;5011;5019;4811;4950;584039;2857324994
MGNT;D;20180206;000000;4800;4949;4727;4785;631864;3042642761
MGNT;D;20180207;000000;4830;4990;4720;4725;616077;2999233621
MGNT;D;20180208;000000;4706;4890;4668;4825;553463;2654357432
MGNT;D;20180209;000000;4771;4925;4740;4808;506206;2450895596
MGNT;D;20180212;000000;4890;4890;4827;4881;304253;1475549768
MGNT;D;20180213;000000;4884;4937;4821;4860;290926;1413053909
MGNT;D;20180214;000000;4875;4882;4770;4820;494376;2376849508
MGNT;D;20180215;000000;4847;4909;4828;4850;462757;2250009797
MGNT;D;20180216;000000;4670;4755;4410;4473;2668524;12165978678
MGNT;D;20180219;000000;4499;4549;4250;4251;1628206;7129451623
MGNT;D;20180220;000000;4271;4626;4250;4588;1601143;7103835973
MGNT;D;20180221;000000;4605;4848;4579;4793;1394938;6545034659
MGNT;D;20180222;000000;4780;5200;4735;5140;1944191;9812777817
MGNT;D;20180226;000000;5175;5250;4766;4803;1438605;7208730643
MGNT;D;20180227;000000;4814;4986;4735;4882;845364;4123134263
MGNT;D;20180228;000000;4873;4919;4745;4782;509442;2461635590
MGNT;D;20180301;000000;4770;4995;4701;4985;900159;4428278322
MGNT;D;20180302;000000;4984;5177;4964;5058;868626;4417652033
MGNT;D;20180305;000000;5089;5170;5062;5130;446889;2293990006
MGNT;D;20180306;000000;5155;5195;4970;5000;695991;3507802706
MGNT;D;20180307;000000;4981;5055;4937;4973;508314;2533587519
MGNT;D;20180309;000000;4958;5115;4957;5115;293489;1488098275
MGNT;D;20180312;000000;5134;5199;5111;5154;424977;2196836197
MGNT;D;20180313;000000;5160;5190;5017;5050;517401;2644440425
MGNT;D;20180314;000000;5050;5096;4970;4970;401749;2019551058
MGNT;D;20180315;000000;4980;5149;4915;5149;621157;3140126088
MGNT;D;20180316;000000;5150;5180;4957;4957;710373;3579833726
MGNT;D;20180319;000000;5020;5077;4971;4990;580071;2910128697
MGNT;D;20180320;000000;5002;5027;4872;4930;458049;2263363068
MGNT;D;20180321;000000;4935;4982;4892;4910;200923;990335412
MGNT;D;20180322;000000;4900;4932;4800;4800;335213;1622158370
MGNT;D;20180323;000000;4769;4838;4700;4747;516940;2461783372
MGNT;D;20180326;000000;4737;4806;4671;4715;431850;2043776308
MGNT;D;20180327;000000;4721;4785;4708;4755;212396;1008613189
MGNT;D;20180328;000000;4725;4739;4559;4605;486960;2253566952
MGNT;D;20180329;000000;4616;4761;4603;4636;525597;2465786438
MGNT;D;20180330;000000;4658;4687;4637;4680;80718;376666785
MGNT;D;20180402;000000;4680;4786;4672;4720;203437;963730903
MGNT;D;20180403;000000;4736;4736;4651;4700;148363;696886973
MGNT;D;20180404;000000;4705;4718;4630;4651;157634;734580405
MGNT;D;20180405;000000;4663;4754;4655;4725;219561;1033138629
MGNT;D;20180406;000000;4710;4785;4686;4694;222965;1056442103
MGNT;D;20180409;000000;4678;4678;4131;4484;953761;4298841720
MGNT;D;20180410;000000;4500;4677;4422;4518;586353;2677849255
MGNT;D;20180411;000000;4538;4625;4437;4555;388932;1767829405
MGNT;D;20180412;000000;4575;4755;4541;4730;511484;2387518499
MGNT;D;20180413;000000;4740;4777;4655;4710;321928;1514021903
MGNT;D;20180416;000000;4645;4748;4623;4690;190459;895644139
MGNT;D;20180417;000000;4739;4840;4730;4790;257282;1230823275
MGNT;D;20180418;000000;4791;4947;4791;4895;346781;1695685251
MGNT;D;20180419;000000;4927;5030;4885;4921;418862;2079162291
MGNT;D;20180420;000000;4944;5017;4780;4825;388593;1896751841
MGNT;D;20180423;000000;4825;4870;4715;4785;329575;1576603372
MGNT;D;20180424;000000;4808;4808;4715;4729;277805;1318642875
MGNT;D;20180425;000000;4721;4840;4716;4786;508880;2441113901
MGNT;D;20180426;000000;4801;4830;4722;4830;319096;1525513026
MGNT;D;20180427;000000;4835;4888;4781;4875;194026;941423968
MGNT;D;20180428;000000;4868;4869;4842;4853;25732;124940678
MGNT;D;20180430;000000;4861;4918;4820;4902;134321;656016971
MGNT;D;20180502;000000;4870;4938;4851;4893;152641;747478710
MGNT;D;20180503;000000;4907;4935;4805;4827;181994;886666734
MGNT;D;20180504;000000;4826;4942;4822;4892;236835;1158124387
MGNT;D;20180507;000000;4901;4935;4862;4870;106694;521692606
MGNT;D;20180508;000000;4879;4890;4821;4840;171329;830813145
MGNT;D;20180510;000000;4893;4920;4840;4860;217237;1059172970
MGNT;D;20180511;000000;4856;4937;4856;4901;239647;1175682426
MGNT;D;20180514;000000;4911;4998;4863;4985;241747;1195597410
MGNT;D;20180515;000000;4990;5098;4960;5045;451970;2274484803
MGNT;D;20180516;000000;5045;5236;5012;5170;662336;3425328393
MGNT;D;20180517;000000;5225;5266;5097;5164;461597;2390158912
MGNT;D;20180518;000000;5182;5210;5066;5108;291483;1491309968
MGNT;D;20180521;000000;5116;5200;5087;5185;352719;1815374469
MGNT;D;20180522;000000;5185;5275;5167;5260;296767;1554096282
MGNT;D;20180523;000000;5255;5260;5171;5185;198806;1038311965
MGNT;D;20180524;000000;5170;5348;5115;5265;507077;2672743543
MGNT;D;20180525;000000;5279;5329;5210;5210;247304;1303651174
MGNT;D;20180528;000000;5215;5275;5184;5185;97113;507975315
MGNT;D;20180529;000000;5206;5237;5052;5087;274882;1404993393
MGNT;D;20180530;000000;5076;5192;5013;5150;297592;1528900908
MGNT;D;20180531;000000;5181;5210;5060;5111;209455;1074097330
MGNT;D;20180601;000000;5080;5154;5031;5112;171531;872082468
MGNT;D;20180604;000000;5112;5227;5091;5187;274371;1424697824
MGNT;D;20180605;000000;5210;5256;5170;5175;182201;952158476
MGNT;D;20180606;000000;5193;5218;4905;4937;696781;3489271343
MGNT;D;20180607;000000;4954;5030;4914;5030;285639;1422362824
MGNT;D;20180608;000000;5019;5019;4770;4818;404014;1965727083
MGNT;D;20180609;000000;4818;4838;4786;4818;28675;138113716
MGNT;D;20180611;000000;4831;4852;4726;4750;141619;678976568
MGNT;D;20180613;000000;4775;4786;4651;4702;394077;1854479837
MGNT;D;20180614;000000;4705;4724;4657;4690;166845;782871088
MGNT;D;20180615;000000;4697;4739;4654;4710;228341;1072867800
MGNT;D;20180618;000000;4699;4699;4596;4631;201823;936853021
MGNT;D;20180619;000000;4621;4644;4514;4592;315313;1438680880
MGNT;D;20180620;000000;4611;4660;4597;4646;269836;1250521864
MGNT;D;20180621;000000;4646;4673;4576;4599;172697;797771297
MGNT;D;20180622;000000;4601;4670;4572;4572;270455;1247171849
MGNT;D;20180625;000000;4554;4608;4534;4550;112503;513340467
MGNT;D;20180626;000000;4570;4654;4556;4615;219631;1012436074
MGNT;D;20180627;000000;4620;4677;4555;4609;184737;853721998
MGNT;D;20180628;000000;4601;4647;4586;4610;142045;657510599
MGNT;D;20180629;000000;4635;4637;4570;4600;259906;1195503957
MGNT;D;20180702;000000;4605;4664;4590;4623;156211;724473377
MGNT;D;20180703;000000;4630;4677;4606;4620;166355;772079704
MGNT;D;20180704;000000;4628;4656;4617;4630;107796;499491676
MGNT;D;20180705;000000;4547;4586;4528;4528;204241;931424421
MGNT;D;20180706;000000;4540;4564;4481;4550;147087;666384760
MGNT;D;20180709;000000;4564;4590;4500;4521;220825;1002011815
MGNT;D;20180710;000000;4529;4544;4458;4465;192707;866957984
MGNT;D;20180711;000000;4465;4486;4415;4446;149818;666343264
MGNT;D;20180712;000000;4440;4499;4374;4463;178117;790169863
MGNT;D;20180713;000000;4469;4497;4438;4474;131957;589501509
MGNT;D;20180716;000000;4476;4495;4455;4457;174021;779469632
MGNT;D;20180717;000000;4460;4480;4400;4430;219816;976506892
MGNT;D;20180718;000000;4439;4468;4413;4440;126259;560500257
MGNT;D;20180719;000000;4444;4455;4312;4342;443428;1938401740
MGNT;D;20180720;000000;4340;4365;4263;4300;372864;1602292676
MGNT;D;20180723;000000;4295;4337;4266;4285;147141;631891872
MGNT;D;20180724;000000;4285;4301;4171;4180;291175;1231213208
MGNT;D;20180725;000000;4155;4168;3991;4050;673148;2734138908
MGNT;D;20180726;000000;4055;4344;4055;4280;984790;4171984217
MGNT;D;20180727;000000;4290;4311;4215;4270;382380;1628561721
MGNT;D;20180730;000000;4272;4273;4200;4214;264558;1119631087
MGNT;D;20180731;000000;4215;4215;4088;4128;416669;1725009822
MGNT;D;20180801;000000;4128;4213;4125;4187;280150;1173092341
MGNT;D;20180802;000000;4184;4215;4109;4179;235300;982569909
MGNT;D;20180803;000000;4178;4224;4161;4205;371558;1561378919
MGNT;D;20180806;000000;4208;4339;4175;4230;593052;2535820406
MGNT;D;20180807;000000;4230;4284;4207;4240;176058;747487263
MGNT;D;20180808;000000;4239;4249;4122;4228;275568;1152963040
MGNT;D;20180809;000000;4208;4230;4107;4189;302961;1260863238
MGNT;D;20180810;000000;4194;4194;4007;4033;485589;1983742485
MGNT;D;20180813;000000;3999;4082;3936;4039;581864;2337781083
MGNT;D;20180814;000000;4056;4114;3970;3995;322687;1301424460
MGNT;D;20180815;000000;4005;4058;3977;4016;254280;1021860456
MGNT;D;20180816;000000;4019;4076;4006;4035;238804;966787699
MGNT;D;20180817;000000;4033;4081;4015;4033;148981;603504877
MGNT;D;20180820;000000;4048;4209;4039;4108;520622;2159187167
MGNT;D;20180821;000000;4122;4275;4076;4235;715085;3001751853
MGNT;D;20180822;000000;4240;4269;4140;4170;431362;1817251475
MGNT;D;20180823;000000;4169;4183;4123;4157;306081;1271278340
MGNT;D;20180824;000000;4156;4166;4074;4141;180314;743207055
MGNT;D;20180827;000000;4137;4184;4117;4175;97344;405549558
MGNT;D;20180828;000000;4187;4225;4169;4205;171927;720804582
MGNT;D;20180829;000000;4224;4228;4156;4192;120727;506738363
MGNT;D;20180830;000000;4210;4227;4072;4098;189412;783539271
MGNT;D;20180831;000000;4085;4099;4024;4057;247131;1001006723
MGNT;D;20180903;000000;4054;4068;4034;4037;96049;388988843
MGNT;D;20180904;000000;4037;4068;3990;4045;413887;1663955221
MGNT;D;20180905;000000;4055;4142;4046;4110;318717;1308789879
MGNT;D;20180906;000000;4110;4122;4045;4058;290959;1190933557
MGNT;D;20180907;000000;4071;4073;4009;4049;311339;1258422452
MGNT;D;20180910;000000;4055;4077;3993;4040;250335;1011170174
MGNT;D;20180911;000000;4040;4047;3990;4018;215214;864302447
MGNT;D;20180912;000000;4020;4095;4020;4095;200106;813489223
MGNT;D;20180913;000000;4102;4160;4058;4070;299274;1232218996
MGNT;D;20180914;000000;4087;4169;4048;4163;256274;1059789852
MGNT;D;20180917;000000;4180;4224;4165;4185;334998;1405902583
MGNT;D;20180918;000000;4194;4275;4189;4196;364418;1542971448
MGNT;D;20180919;000000;4210;4275;4210;4258;309375;1314410542
MGNT;D;20180920;000000;4270;4275;4182;4200;477800;2019830493
MGNT;D;20180921;000000;4197;4227;4141;4190;390277;1631168685
MGNT;D;20180924;000000;4190;4215;4096;4141;223487;923660219
MGNT;D;20180925;000000;4156;4195;4130;4185;248670;1036208108
MGNT;D;20180926;000000;4197;4230;3992;3992;653974;2667915408
MGNT;D;20180927;000000;3999;4025;3750;3840;1564481;6021526950
MGNT;D;20180928;000000;3839;3867;3710;3835;504709;1929748120
MGNT;D;20181001;000000;3853;3942;3757;3825;776044;3002655912
MGNT;D;20181002;000000;3831;3846;3775;3840;309471;1182029276
MGNT;D;20181003;000000;3840;3876;3810;3852;263531;1015630246
MGNT;D;20181004;000000;3850;3869;3793;3840;335377;1285534432
MGNT;D;20181005;000000;3860;3913;3789;3830;429363;1645220432
MGNT;D;20181008;000000;3825;3848;3765;3771;343721;1306996362
MGNT;D;20181009;000000;3780;3799;3581;3582;715776;2622274388
MGNT;D;20181010;000000;3585;3603;3455;3490;798292;2798235549
MGNT;D;20181011;000000;3431;3475;3350;3440;916895;3133850771
MGNT;D;20181012;000000;3465;3565;3465;3490;711948;2503952456
MGNT;D;20181015;000000;3500;3579;3460;3560;518959;1823251205
MGNT;D;20181016;000000;3565;3612;3521;3540;543788;1944664122
MGNT;D;20181017;000000;3558;3618;3541;3581;468166;1679776882
MGNT;D;20181018;000000;3589;3640;3546;3588;383236;1376012051
MGNT;D;20181019;000000;3600;3610;3562;3580;439260;1578556959
MGNT;D;20181022;000000;3590;3648;3481;3487;378474;1358879178
MGNT;D;20181023;000000;3470;3477;3291;3465;695995;2359474407
MGNT;D;20181024;000000;3494;3544;3461;3461;328331;1151991246
MGNT;D;20181025;000000;3444;3520;3431;3515;314483;1099938586
MGNT;D;20181026;000000;3505;3514;3417;3461;295188;1025904651
MGNT;D;20181029;000000;3510;3551;3434;3541;348576;1220080057
MGNT;D;20181030;000000;3520;3634;3520;3606;510219;1837991083
MGNT;D;20181031;000000;3630;3672;3590;3590;324048;1172946195
MGNT;D;20181101;000000;3630;3648;3603.5;3640;412038;1493148918.5
MGNT;D;20181102;000000;3646;3696;3625.5;3660;393741;1438280850
MGNT;D;20181106;000000;3712;3740;3685;3695;351658;1303780438.5
MGNT;D;20181107;000000;3710;3727.5;3665.5;3720;364377;1352735302
MGNT;D;20181108;000000;3768.5;3768.5;3716.5;3735;305861;1143767666.5
MGNT;D;20181109;000000;3720;3734.5;3680;3700;321682;1191192531
MGNT;D;20181112;000000;3740;3740;3656;3656;210833;778439163
MGNT;D;20181113;000000;3695;3695;3615;3629.5;189358;691023373
MGNT;D;20181114;000000;3630;3630;3512;3549;355504;1263349184
MGNT;D;20181115;000000;3569;3569;3535;3543.5;236316;839908383.5
MGNT;D;20181116;000000;3560;3560;3472.5;3478;324241;1137859891
MGNT;D;20181119;000000;3496;3508.5;3468;3500;159875;558551873.5
MGNT;D;20181120;000000;3485;3524.5;3441;3454.5;184262;641772621
MGNT;D;20181121;000000;3484;3509;3441.5;3496;261940;915696927
MGNT;D;20181122;000000;3514;3514.5;3464;3493;198828;695278317.5
MGNT;D;20181123;000000;3509.5;3509.5;3454;3461;146193;509146183
MGNT;D;20181126;000000;3462;3503;3388;3490;330568;1145921555
MGNT;D;20181127;000000;3490;3508.5;3455.5;3500;238948;833538134.5
MGNT;D;20181128;000000;3500;3515;3479;3500;356408;1248686790
MGNT;D;20181129;000000;3511;3541;3494.5;3500;281159;987230255.5
MGNT;D;20181130;000000;3498.5;3518.5;3487;3500;238361;835077237
MGNT;D;20181203;000000;3515;3522;3491;3500;253465;888028033
MGNT;D;20181204;000000;3500;3684;3494.5;3630;615083;2215480128
MGNT;D;20181205;000000;3614.5;3669;3590;3669;333248;1215097961
MGNT;D;20181206;000000;3654;3710;3578.5;3699;313640;1141011220.5
MGNT;D;20181207;000000;3709;3750;3662.5;3719;442707;1641568046
MGNT;D;20181210;000000;3694;3721.5;3621;3685;255708;939176945.5
MGNT;D;20181211;000000;3677.5;3689.5;3583.5;3595;241439;878427403
MGNT;D;20181212;000000;3599;3631;3545;3600.5;222210;799120247
MGNT;D;20181213;000000;3610.5;3664;3586;3653.5;147182;534419376.5
MGNT;D;20181214;000000;3653.5;3658.5;3595;3644;159168;577996464
MGNT;D;20181217;000000;3647;3688.5;3634.5;3671.5;182392;668855809
MGNT;D;20181218;000000;3665;3730;3605;3725;305303;1121741579.5
MGNT;D;20181219;000000;3710;3720;3673.5;3675;255625;944519074.5
MGNT;D;20181220;000000;3540;3594;3526.5;3565;374692;1337832646
MGNT;D;20181221;000000;3550;3574;3537;3537;217380;771400613.5
MGNT;D;20181224;000000;3530;3548.5;3493;3503.5;101335;356145947
MGNT;D;20181225;000000;3485;3490;3310;3439.5;209195;714251789
MGNT;D;20181226;000000;3433;3498;3428.5;3491.5;186484;646602547
MGNT;D;20181227;000000;3518;3537;3429;3440;234286;817177147.5
MGNT;D;20181228;000000;3456;3494;3444;3475;115180;400748424
MGNT;D;20181229;000000;3478;3536.5;3473;3511.5;68588;241350160
MGNT;D;20190103;000000;3511.5;3596.5;3482;3576;221569;789639918
MGNT;D;20190104;000000;3600;3652.5;3580;3600;259359;937284010.5
MGNT;D;20190108;000000;3600;3688;3563;3680;232888;845062571
MGNT;D;20190109;000000;3679;3750;3661;3698.5;252901;938679697.5
MGNT;D;20190110;000000;3703;3838.5;3699;3830;423307;1602459070.5
MGNT;D;20190111;000000;3830.5;3897;3816;3827;370792;1431897370.5
MGNT;D;20190114;000000;3820;3820;3756.5;3790.5;188247;712331489
MGNT;D;20190115;000000;3818;3930;3806;3920;460014;1792673323
MGNT;D;20190116;000000;3937.5;3999;3930.5;3970;378181;1500946345
MGNT;D;20190117;000000;4000;4166.5;3992.5;4155;972965;3999748059.5
MGNT;D;20190118;000000;4181;4232;4110;4152;587675;2452683022.5
MGNT;D;20190121;000000;4170;4267.5;4112;4140;634655;2666368085
MGNT;D;20190122;000000;4130;4228;4112.5;4200;428487;1792086301.5
MGNT;D;20190123;000000;4219.5;4328;4191.5;4300;554217;2370608927
MGNT;D;20190124;000000;4323;4425;4240;4256;698968;3020560363.5
MGNT;D;20190125;000000;4284.5;4284.5;4140;4191;581294;2441499603.5
MGNT;D;20190128;000000;4225.5;4229.5;4115;4147;298695;1245609964
MGNT;D;20190129;000000;4157;4211.5;4124;4188;246023;1028534397.5
MGNT;D;20190130;000000;4198;4209.5;4150;4164;156128;652045491
MGNT;D;20190131;000000;4200;4220;4105.5;4155;366295;1519464572.5
MGNT;D;20190201;000000;4155.5;4187;4117.5;4133;168771;698572576
MGNT;D;20190204;000000;4152.5;4167;4122.5;4130;207920;862043828
MGNT;D;20190205;000000;4132;4155;4040;4054;299448;1223589854
MGNT;D;20190206;000000;4055;4059.5;4000.5;4025.5;335177;1346858098
MGNT;D;20190207;000000;4023.5;4155;4010.5;4029.5;592225;2419658274
MGNT;D;20190208;000000;4029.5;4099.5;4020;4039.5;387386;1569381859
MGNT;D;20190211;000000;4060;4074;4015;4035;199433;805136142.5
MGNT;D;20190212;000000;4048;4094;4015;4035;340504;1380321614.5
MGNT;D;20190213;000000;4046.5;4054.5;3944;3988;483883;1938919744.5
MGNT;D;20190214;000000;3967.5;4017.5;3895.5;3895.5;530712;2102481156.5
MGNT;D;20190215;000000;3911.5;3952.5;3844.5;3896;411421;1602756189.5
MGNT;D;20190218;000000;3920;3947;3871;3910;204291;800432603.5
MGNT;D;20190219;000000;3915;3934.5;3860.5;3900;194537;758598896
MGNT;D;20190220;000000;3903;3954;3903;3950;274052;1077439441
MGNT;D;20190221;000000;3960;3990;3944;3945.5;236782;939082968
MGNT;D;20190222;000000;3938.5;3985;3933;3962.5;271009;1074691861.5
MGNT;D;20190225;000000;3980;3992.5;3911;3922.5;155731;614399089
MGNT;D;20190226;000000;3911.5;3938.5;3850;3875.5;169214;657146864.5
MGNT;D;20190227;000000;3892;3899.5;3790.5;3803;255002;976644268.5
MGNT;D;20190228;000000;3810;3814;3776;3780;243518;923200283.5
MGNT;D;20190301;000000;3791;3920.5;3782.5;3904;385334;1490238612.5
MGNT;D;20190304;000000;3910.5;3959.5;3850;3860;196328;765364869
MGNT;D;20190305;000000;3849;3905;3832.5;3900;198962;769669048
MGNT;D;20190306;000000;3911;3939;3845.5;3859;240921;937735298.5
MGNT;D;20190307;000000;3866;3909;3827;3850;181725;703062588
MGNT;D;20190311;000000;3843;3880;3776;3801.5;203448;776023206
MGNT;D;20190312;000000;3814.5;3837.5;3787.5;3790;165035;628627544
MGNT;D;20190313;000000;3790.5;3830;3757;3830;216764;822842416
MGNT;D;20190314;000000;3791.5;3834;3735;3750;227153;858238098
MGNT;D;20190315;000000;3764;3777.5;3703.5;3776.5;330521;1240024717.5
MGNT;D;20190318;000000;3784;3824.5;3740;3788;186519;707643446
MGNT;D;20190319;000000;3799;3847.5;3771;3792;246133;937663102.5
MGNT;D;20190320;000000;3792;3797;3730;3761;211979;796517905.5
MGNT;D;20190321;000000;3760;3793.5;3718.5;3730;238516;898362183.5
MGNT;D;20190322;000000;3736;3752;3672.5;3688;223302;827756790
MGNT;D;20190325;000000;3676;3734;3673.5;3715.5;276193;1024327761.5
MGNT;D;20190326;000000;3716;3806;3711;3760;401993;1515430574.5
MGNT;D;20190327;000000;3758;3777;3698;3700;155109;578195022
MGNT;D;20190328;000000;3723.5;3723.5;3674;3689;182021;671725031.5
MGNT;D;20190329;000000;3691.5;3723;3610;3640;431864;1574379657
MGNT;D;20190401;000000;3698;3720;3671;3690.5;317253;1174002841.5
MGNT;D;20190402;000000;3685;3708.5;3651.5;3680;269088;991177710.5
MGNT;D;20190403;000000;3691;3742;3690;3715;223698;831239395.5
MGNT;D;20190404;000000;3715;3719.5;3655;3666;261028;960933157
MGNT;D;20190405;000000;3670;3674;3600;3610;300935;1091308479
MGNT;D;20190408;000000;3615;3658.5;3584;3652;302763;1095833882.5
MGNT;D;20190409;000000;3655;3659;3603.5;3610;119651;433753739
MGNT;D;20190410;000000;3608;3625.5;3560.5;3560.5;300559;1078652935.5
MGNT;D;20190411;000000;3576;3578;3543.5;3548;171041;608641824
MGNT;D;20190412;000000;3560;3602;3547;3550.5;178504;637463714
MGNT;D;20190415;000000;3550.5;3566.5;3500;3500;157452;555902632.5
MGNT;D;20190416;000000;3513.5;3514;3443.5;3496;319161;1111065240.5
MGNT;D;20190417;000000;3509;3585;3504;3581;280933;994454747.5
MGNT;D;20190418;000000;3582;3600;3542;3595;152596;544539128
MGNT;D;20190419;000000;3595;3635;3590;3597;97722;352421370
MGNT;D;20190422;000000;3607.5;3612.5;3565.5;3578.5;105364;377893835.5
MGNT;D;20190423;000000;3565;3679.5;3565;3675;317054;1153201141.5
MGNT;D;20190424;000000;3668;3678;3623.5;3639.5;182007;664457290.5
MGNT;D;20190425;000000;3651.5;3718;3641.5;3649.5;294539;1084430952.5
MGNT;D;20190426;000000;3663.5;3670;3575.5;3590;284858;1028433885.5
MGNT;D;20190429;000000;3565;3632.5;3500;3630.5;248679;894288351.5
MGNT;D;20190430;000000;3631;3724.5;3545;3720;753673;2734602061.5
MGNT;D;20190502;000000;3704;3774;3680.5;3746;303383;1134974413
MGNT;D;20190503;000000;3750;3799;3750;3795;197893;748701290.5
MGNT;D;20190506;000000;3760;3772;3711.5;3758.5;203094;759000348.5
MGNT;D;20190507;000000;3750;3864.5;3750;3781;367009;1405866925.5
MGNT;D;20190508;000000;3780;3831;3755.5;3815;233056;885080389.5
MGNT;D;20190510;000000;3770;3780;3696.5;3710;268706;1004932166.5
MGNT;D;20190513;000000;3688;3752;3675;3730;234450;872199117
MGNT;D;20190514;000000;3730;3803.5;3729.5;3795;354023;1335680391.5
MGNT;D;20190515;000000;3808;3808;3728;3728.5;170119;638435577.5
MGNT;D;20190516;000000;3737.5;3740.5;3687;3700;171965;637768250
MGNT;D;20190517;000000;3706;3754.5;3680;3700;191834;710922792.5
MGNT;D;20190520;000000;3711;3711;3645;3659;136350;500857319.5
MGNT;D;20190521;000000;3659.5;3671;3604;3619;260926;944948839.5
MGNT;D;20190522;000000;3619;3650;3590.5;3616;182874;662501731.5
MGNT;D;20190523;000000;3616;3637;3544.5;3552;242061;867275575.5
MGNT;D;20190524;000000;3566;3594;3556;3565;247971;885115131
MGNT;D;20190527;000000;3576;3629;3570;3615;130983;472534536.5
MGNT;D;20190528;000000;3629;3659;3612.5;3630;251981;916332286.5
MGNT;D;20190529;000000;3635;3689.5;3630.5;3670;182497;668202549.5
MGNT;D;20190530;000000;3685;3695;3655.5;3673.5;107664;395319133.5
MGNT;D;20190531;000000;3665;3738.5;3642.5;3738.5;227679;842895376
MGNT;D;20190603;000000;3730;3859.5;3697.5;3850;386084;1460289035.5
MGNT;D;20190604;000000;3843;3890.5;3821;3860;365503;1414384079.5
MGNT;D;20190605;000000;3865;3877.5;3837.5;3853;165836;640928413.5
MGNT;D;20190606;000000;3853;3876;3826.5;3839.5;152006;586491101.5
MGNT;D;20190607;000000;3839;3864;3789;3820;241044;919768280
MGNT;D;20190610;000000;3832;3841.5;3791;3797;200017;762181425
MGNT;D;20190611;000000;3814;3826;3760;3781;419495;1589268228
MGNT;D;20190613;000000;3648;3683;3625.5;3650;305715;1118246783.5
MGNT;D;20190614;000000;3659.5;3689;3615;3650;252360;922381972.5
MGNT;D;20190617;000000;3646;3755;3623;3740;256589;952182666
MGNT;D;20190618;000000;3735;3785;3716;3741;207492;778119956
MGNT;D;20190619;000000;3741;3774.5;3717.5;3759.5;162868;610827203
MGNT;D;20190620;000000;3779.5;3819;3759;3805.5;360024;1366561560
MGNT;D;20190621;000000;3818;3818.5;3716;3753;285331;1072107212.5
MGNT;D;20190624;000000;3765;3765;3700;3718.5;159556;593554992.5
MGNT;D;20190625;000000;3706;3736;3663;3690;148346;547237350.5
MGNT;D;20190626;000000;3690;3865.5;3681.5;3865;874484;3335757359
MGNT;D;20190627;000000;3865;3914;3791;3791;483332;1857394883
MGNT;D;20190628;000000;3800;3802.5;3731;3735;233338;877830401
MGNT;D;20190701;000000;3754;3782;3725.5;3729.5;165236;618543708
MGNT;D;20190702;000000;3730.5;3769.5;3703;3769;156102;583243760
MGNT;D;20190703;000000;3771.5;3793.5;3747;3785;168072;634364824.5
MGNT;D;20190704;000000;3780;3849.5;3770.5;3833;324902;1243122401
MGNT;D;20190705;000000;3832;3844.5;3803.5;3832.5;170510;652476022.5
MGNT;D;20190708;000000;3837.5;3938;3828.5;3935;395292;1535573652.5
MGNT;D;20190709;000000;3948.5;3955;3875.5;3930;276221;1081397976.5
MGNT;D;20190710;000000;3944.5;3990;3900;3911;328365;1296418594
MGNT;D;20190711;000000;3900;3930;3842;3860;299180;1162640590
MGNT;D;20190712;000000;3861.5;3886;3795.5;3863.5;259286;996963208.5
MGNT;D;20190715;000000;3863;3938;3839;3878.5;214192;835864239.5
MGNT;D;20190716;000000;3873.5;3898;3835.5;3867;156659;606778374
MGNT;D;20190717;000000;3851;3907;3846;3869.5;169905;660877536.5
MGNT;D;20190718;000000;3869.5;3885.5;3837;3845.5;137031;529056748
MGNT;D;20190719;000000;3870;3887;3806;3820;393431;1517756857
MGNT;D;20190722;000000;3820;3834.5;3746;3751;309075;1165393351.5
MGNT;D;20190723;000000;3760;3819;3736;3807;235636;891683541.5
MGNT;D;20190724;000000;3810;3816.5;3785;3800;159136;604662072.5
MGNT;D;20190725;000000;3795.5;3900;3770;3793.5;409650;1573725578
MGNT;D;20190726;000000;3818;3818;3746;3780;172922;652585123
MGNT;D;20190729;000000;3781.5;3812.5;3762.5;3784.5;156262;592512252.5
MGNT;D;20190730;000000;3795;3795;3745;3782.5;104518;393881974
MGNT;D;20190731;000000;3781;3809.5;3751;3785;250581;947636408.5
MGNT;D;20190801;000000;3769;3793.5;3721.5;3759;169550;637907405
MGNT;D;20190802;000000;3737;3759;3690;3690;229792;854914836.5
MGNT;D;20190805;000000;3685;3719;3556;3581;390590;1411944415
MGNT;D;20190806;000000;3588.5;3609.5;3580;3594;137708;494472914
MGNT;D;20190807;000000;3600;3623;3513;3532.5;289016;1027969836.5
MGNT;D;20190808;000000;3557.5;3598;3541;3582.5;142868;510330421.5
MGNT;D;20190809;000000;3575;3598;3534;3545;139474;496615217.5
MGNT;D;20190812;000000;3568.5;3577;3536.5;3559;94163;334889294
MGNT;D;20190813;000000;3560;3594;3552;3585.5;284268;1016094250.5
MGNT;D;20190814;000000;3596.5;3640;3566;3605;237911;855986421
MGNT;D;20190815;000000;3598;3626.5;3565.5;3586;277650;997982792.5
MGNT;D;20190816;000000;3586;3617;3578.5;3601;157726;567647830.5
MGNT;D;20190819;000000;3620.5;3649;3597.5;3633;118707;430258480
MGNT;D;20190820;000000;3628.5;3637;3575;3584;142187;512094049.5
MGNT;D;20190821;000000;3586;3588.5;3545;3571;197490;703229432.5
MGNT;D;20190822;000000;3563;3572;3526;3535;151278;535773727.5
MGNT;D;20190823;000000;3544.5;3547;3519.5;3520.5;152025;537097189.5
MGNT;D;20190826;000000;3518.5;3549;3483;3529.5;98513;347171842.5
MGNT;D;20190827;000000;3520;3543.5;3512;3525.5;97806;345542849
MGNT;D;20190828;000000;3540;3544.5;3518;3543.5;172184;607827108.5
MGNT;D;20190829;000000;3544.5;3595;3542;3580;119430;426074028.5
MGNT;D;20190830;000000;3580;3690;3575.5;3690;430539;1570575359
MGNT;D;20190902;000000;3690;3691;3650;3656;142421;522311952
MGNT;D;20190903;000000;3656.5;3666.5;3606.5;3624;189850;687622375.5
MGNT;D;20190904;000000;3634.5;3654.5;3596;3608;327492;1183046457
MGNT;D;20190905;000000;3615;3624.5;3577.5;3599.5;429582;1546848805
MGNT;D;20190906;000000;3610;3616;3570.5;3574.5;226007;810872152
MGNT;D;20190909;000000;3580;3595.5;3540;3550;253399;902752580.5
MGNT;D;20190910;000000;3550;3578;3505.5;3575;435285;1540713669.5
MGNT;D;20190911;000000;3580;3625;3558;3585;472166;1696528168.5
MGNT;D;20190912;000000;3594;3637;3578;3625;408070;1475727002.5
MGNT;D;20190913;000000;3635;3647;3608;3620;215994;782583195.5
MGNT;D;20190916;000000;3620;3638.5;3600.5;3633;138860;502817493.5
MGNT;D;20190917;000000;3623.5;3654;3607.5;3650;251642;916043247
MGNT;D;20190918;000000;3650;3705;3642;3671.5;460818;1691625362
MGNT;D;20190919;000000;3674;3682.5;3608.5;3620;324878;1183540542.5
MGNT;D;20190920;000000;3620;3632.5;3600;3630;211901;766554055
MGNT;D;20190923;000000;3630;3642.5;3601;3630;103529;374933262
MGNT;D;20190924;000000;3628;3642.5;3562;3562;199068;716685180.5
MGNT;D;20190925;000000;3565;3579;3539.5;3539.5;211151;751156199
MGNT;D;20190926;000000;3548;3610;3543;3587;188852;677563751
MGNT;D;20190927;000000;3592.5;3594;3559.5;3559.5;114661;409470882
MGNT;D;20190930;000000;3551.5;3569;3530;3558;204858;726583152
MGNT;D;20191001;000000;3557.5;3569.5;3535;3540.5;121206;430189555.5
MGNT;D;20191002;000000;3545;3553.5;3500;3504;207778;731427634.5
MGNT;D;20191003;000000;3500.5;3511.5;3406;3427;376092;1297484810.5
MGNT;D;20191004;000000;3433;3444.5;3368;3379.5;247208;841568584
MGNT;D;20191007;000000;3388.5;3395;3355;3355;193914;653589908.5
MGNT;D;20191008;000000;3375.5;3378;3273;3292.5;500616;1658351079
MGNT;D;20191009;000000;3292.5;3325;3247;3321.5;471989;1553255483
MGNT;D;20191010;000000;3327.5;3331.5;3276;3277;293444;965657145.5
MGNT;D;20191011;000000;3283;3298;3202.5;3211.5;358561;1162485774.5
MGNT;D;20191014;000000;3217;3231;3136.5;3136.5;401405;1274928502
MGNT;D;20191015;000000;3133;3218;3110.5;3215;424317;1346425156
MGNT;D;20191016;000000;3215;3259;3186;3254.5;406231;1312128924
MGNT;D;20191017;000000;3261.5;3262.5;3221;3239.5;280055;908066102.5
MGNT;D;20191018;000000;3240;3242;3205.5;3215;148655;478785538.5
MGNT;D;20191021;000000;3215;3242;3168;3175;297111;952280170.5
MGNT;D;20191022;000000;3177;3231;3164;3230;244592;781275287.5
MGNT;D;20191023;000000;3229.5;3278;3195;3214;456937;1477652666.5
MGNT;D;20191024;000000;3214;3255;3207;3231;425348;1375574265
MGNT;D;20191025;000000;3244;3244;3105;3182;519627;1646960005
MGNT;D;20191028;000000;3184.5;3235.5;3162;3168;279769;893512904
MGNT;D;20191029;000000;3174;3247;3092.5;3211;867059;2761307978.5
MGNT;D;20191030;000000;3211;3223;3164.5;3201.5;251591;803786714
MGNT;D;20191031;000000;3203;3232;3199;3232;282442;908554527
MGNT;D;20191101;000000;3241;3320;3238;3273.5;494508;1622896625
MGNT;D;20191105;000000;3306;3370;3290.5;3346.5;431083;1439140009.5
MGNT;D;20191106;000000;3347;3366.5;3325;3350;299433;1003070464
MGNT;D;20191107;000000;3350;3379;3338.5;3360;328309;1102900799
MGNT;D;20191108;000000;3352;3358.5;3257;3303;418635;1382529718.5
MGNT;D;20191111;000000;3307.5;3324.5;3291;3305;146558;484864400
MGNT;D;20191112;000000;3309;3365.5;3306;3320.5;304579;1014656201
MGNT;D;20191113;000000;3310.5;3345;3301.5;3333;163837;545552844
MGNT;D;20191114;000000;3328;3374;3313;3317;218870;731446630
MGNT;D;20191115;000000;3339;3350;3280;3305.5;218151;722494276.5
MGNT;D;20191118;000000;3341;3348;3285.5;3294.5;281723;933385781.5
MGNT;D;20191119;000000;3299.5;3338.5;3291.5;3334;226266;752009800.5
MGNT;D;20191120;000000;3321;3330;3301.5;3314;125173;414824205.5
MGNT;D;20191121;000000;3306;3317.5;3257;3270;277097;909141742
MGNT;D;20191122;000000;3275;3292.5;3255;3261;182253;596467854
MGNT;D;20191125;000000;3263.5;3275;3240;3240;196689;639828160
MGNT;D;20191126;000000;3247;3264.5;3231;3241.5;245512;797146845
MGNT;D;20191127;000000;3250;3266;3234.5;3245.5;200277;650764825.5
MGNT;D;20191128;000000;3243;3264;3236.5;3259.5;117151;380909300
MGNT;D;20191129;000000;3252;3292;3236.5;3283;189185;617103325
MGNT;D;20191202;000000;3280;3303.5;3242;3253.5;212731;696347133.5
MGNT;D;20191203;000000;3258.5;3258.5;3174;3180;339489;1087898678.5
MGNT;D;20191204;000000;3189;3215.5;3151.5;3195.5;190059;606914889.5
MGNT;D;20191205;000000;3206;3222;3191;3199;114491;367279530.5
MGNT;D;20191206;000000;3209;3219.5;3195.5;3207;94990;304609028
MGNT;D;20191209;000000;3210;3234.5;3207;3231.5;169494;546344528
MGNT;D;20191210;000000;3232;3238;3211.5;3234;89486;288511621
MGNT;D;20191211;000000;3233;3258.5;3225;3230.5;168718;546777045
MGNT;D;20191212;000000;3230.5;3259.5;3230.5;3235;209924;681582016.5
MGNT;D;20191213;000000;3245;3274;3237;3265.5;239230;780109911
MGNT;D;20191216;000000;3274.5;3289.5;3255.5;3265.5;228965;748945462.5
MGNT;D;20191217;000000;3267;3285.5;3258.5;3272.5;212907;697340713
MGNT;D;20191218;000000;3272;3289;3268.5;3271;253396;830577526.5
MGNT;D;20191219;000000;3272.5;3288.5;3270.5;3276;327142;1072639998.5
MGNT;D;20191220;000000;3325;3352;3287;3297;661651;2193585847
MGNT;D;20191223;000000;3310;3344.5;3301;3340;299716;997296352
MGNT;D;20191224;000000;3345.5;3379.5;3341;3371.5;374963;1261415557.5
MGNT;D;20191225;000000;3374.5;3431.5;3372;3416;395050;1344859104
MGNT;D;20191226;000000;3432.5;3464.5;3424;3449;401759;1384159817.5
MGNT;D;20191227;000000;3450;3467;3412.5;3428;425257;1460439093.5
MGNT;D;20191230;000000;3439.5;3444;3416.5;3425;253527;870389006.5
MGNT;D;20200103;000000;3441.5;3460;3431;3445.5;292736;1008393449.5
MGNT;D;20200106;000000;3450;3455.5;3407;3416;291656;998219466.5
MGNT;D;20200108;000000;3411.5;3432;3381;3427;388935;1328983190
MGNT;D;20200109;000000;3312;3368.5;3300.5;3348;494609;1651011404.5
MGNT;D;20200110;000000;3355;3379;3312;3319.5;377004;1258236344.5
MGNT;D;20200113;000000;3330;3347.5;3306.5;3345;223029;743841882
MGNT;D;20200114;000000;3347;3370.5;3325.5;3339;362490;1214193575
MGNT;D;20200115;000000;3342;3463;3334.5;3440;1536796;5269398946.5
MGNT;D;20200116;000000;3463;3629.5;3460;3625;1631990;5818698712
MGNT;D;20200117;000000;3661;3700;3590.5;3623;1427595;5210371629
MGNT;D;20200120;000000;3640;3889.5;3638;3855;1597387;6021054687.5
MGNT;D;20200121;000000;3840;3885;3714.5;3840;1142441;4362724516
MGNT;D;20200122;000000;3860;3939;3750;3750;1202498;4613470874.5
MGNT;D;20200123;000000;3723;3750;3632;3702.5;891907;3301109391
MGNT;D;20200124;000000;3733.5;3815;3706.5;3796;1029119;3876048592
MGNT;D;20200127;000000;3753;3763;3683;3708.5;588295;2187566270
MGNT;D;20200128;000000;3725;3812;3708;3751;598307;2244990006.5
MGNT;D;20200129;000000;3760;3870;3731;3819.5;719415;2745019221.5
MGNT;D;20200130;000000;3799;3874;3775.5;3830;619101;2376745427
MGNT;D;20200131;000000;3851.5;3870;3727;3727;683034;2593931814.5
MGNT;D;20200203;000000;3700;3761;3668;3720.5;564697;2099093838.5
MGNT;D;20200204;000000;3742;3797;3725;3750;454530;1710403220.5
MGNT;D;20200205;000000;3760;3805.5;3700;3783.5;1004594;3776064443
MGNT;D;20200206;000000;3814.5;3839;3655;3713;1508406;5602829223.5
MGNT;D;20200207;000000;3715;3727;3625.5;3640;655079;2409643289.5
MGNT;D;20200210;000000;3639.5;3657.5;3507;3564.5;788949;2814614251
MGNT;D;20200211;000000;3571;3597;3512;3575;595258;2116460522.5
MGNT;D;20200212;000000;3570;3760;3563;3760;1114524;4093766691.5
MGNT;D;20200213;000000;3745;3806.5;3712.5;3750;852128;3202691093.5
MGNT;D;20200214;000000;3760;3768.5;3661;3669;480722;1776077517
MGNT;D;20200217;000000;3684;3718;3651.5;3697;452986;1670014524.5
MGNT;D;20200218;000000;3690;3690;3605;3620;460776;1673540392.5
MGNT;D;20200219;000000;3632.5;3668;3557.5;3640.5;547506;1981867302
MGNT;D;20200220;000000;3651;3670;3617;3641;269228;981176801
MGNT;D;20200221;000000;3621;3651.5;3591;3625;314889;1139939784
MGNT;D;20200225;000000;3555;3598.5;3500;3503;440348;1566092459
MGNT;D;20200226;000000;3489;3529;3390.5;3529;668365;2309413655.5
MGNT;D;20200227;000000;3483.5;3484.5;3320;3345;601865;2048839648
MGNT;D;20200228;000000;3236;3269;3054;3160.5;1463246;4613841583.5
MGNT;D;20200302;000000;3210.5;3271.5;3066;3201;752761;2405947872.5
MGNT;D;20200303;000000;3270;3288;3131;3150;808301;2572575437.5
MGNT;D;20200304;000000;3123;3182;3102;3130;533662;1676277738.5
MGNT;D;20200305;000000;3160.5;3169;3081;3121;522089;1629252574
MGNT;D;20200306;000000;3074;3093.5;2950;2984;864164;2587601938
MGNT;D;20200310;000000;2686;2820;2507;2669.5;2136382;5727798171.5
MGNT;D;20200311;000000;2689;2777;2630;2705;1265899;3425846974
MGNT;D;20200312;000000;2600;2625;2313;2337;1844208;4526944884
MGNT;D;20200313;000000;2328.5;2545;2289;2501;2038760;4982433646.5
MGNT;D;20200316;000000;2501;2650;2378;2636;1406042;3510027008.5
MGNT;D;20200317;000000;2590;2782;2583.5;2765.5;1388533;3737469270
MGNT;D;20200318;000000;2727;2890;2713;2780;1843211;5182492944
MGNT;D;20200319;000000;2765.5;2969;2765.5;2950;1234837;3555959691.5
MGNT;D;20200320;000000;2988;3075;2980;3002.5;1331208;4028195967
MGNT;D;20200323;000000;2950;3050;2830;2986;1070784;3166177251
MGNT;D;20200324;000000;3040;3095;3009.5;3020;735708;2242062912
MGNT;D;20200325;000000;3064;3134;2950;3070;1018016;3117168658
MGNT;D;20200326;000000;3070;3251;3003;3249.5;776805;2422150825
MGNT;D;20200327;000000;3251;3272;3063.5;3140;641570;2019831815.5
MGNT;D;20200330;000000;3100.5;3159;3045;3128.5;387316;1204021237
MGNT;D;20200331;000000;3148.5;3241.5;3065;3202.5;468279;1494331886.5
MGNT;D;20200401;000000;3157;3189.5;3116.5;3140;402234;1267227557.5
MGNT;D;20200402;000000;3179.5;3200;3115;3190;603461;1905067691.5
MGNT;D;20200403;000000;3164.5;3275;3158;3189;632382;2033009057
MGNT;D;20200406;000000;3206.5;3262;3191;3262;428372;1384651020.5
MGNT;D;20200407;000000;3280.5;3354;3254;3255;635367;2103526417.5
MGNT;D;20200408;000000;3230;3377;3204;3372.5;639362;2118724730
MGNT;D;20200409;000000;3390;3418.5;3287.5;3318;665341;2218811418.5
MGNT;D;20200410;000000;3318;3326.5;3275.5;3321.5;198952;657623642.5
MGNT;D;20200413;000000;3315.5;3383.5;3260;3286;303535;1006992482.5
MGNT;D;20200414;000000;3318;3385;3308;3362;477201;1597902728
MGNT;D;20200415;000000;3369.5;3369.5;3215;3244.5;489573;1599327652.5
MGNT;D;20200416;000000;3249;3290;3180;3196.5;424083;1373387265.5
MGNT;D;20200417;000000;3253;3263.5;3200;3236;292065;944810189
MGNT;D;20200420;000000;3220;3254;3159.5;3165;272685;871143991.5
MGNT;D;20200421;000000;3130;3155;3032;3142.5;448561;1392632355.5
MGNT;D;20200422;000000;3140;3263;3120;3205;412711;1326102483
MGNT;D;20200423;000000;3240;3320.5;3187.5;3287;370558;1209985452.5
MGNT;D;20200424;000000;3298.5;3298.5;3215.5;3215.5;315854;1028099277
MGNT;D;20200427;000000;3230;3356;3229;3356;512245;1698834882
MGNT;D;20200428;000000;3350;3502.5;3336;3380;760802;2605862014
MGNT;D;20200429;000000;3400;3506.5;3392;3467;546734;1894454996.5
MGNT;D;20200430;000000;3476;3705;3468;3690;1485267;5327821667.5
MGNT;D;20200504;000000;3675;3858;3612;3760;1341640;5036732610
MGNT;D;20200505;000000;3780;3824.5;3664.5;3702;661892;2461045625.5
MGNT;D;20200506;000000;3708.5;3740;3661;3690;675785;2504663214.5
MGNT;D;20200507;000000;3701;3731;3673;3694;483869;1788996311.5
MGNT;D;20200508;000000;3699.5;3710;3640.5;3663;291123;1067896458.5
MGNT;D;20200512;000000;3669.5;3669.5;3573;3575.5;535716;1931744553
MGNT;D;20200513;000000;3562;3647.5;3518;3631;546629;1973590493
MGNT;D;20200514;000000;3606;3634.5;3507;3508;621843;2224378173.5
MGNT;D;20200515;000000;3533.5;3578;3520.5;3544.5;309242;1097447891.5
MGNT;D;20200518;000000;3572;3634;3551.5;3619.5;522742;1881472745
MGNT;D;20200519;000000;3649.5;3677;3583;3657;352595;1281025728.5
MGNT;D;20200520;000000;3667.5;3686;3633;3640;400731;1465500243.5
MGNT;D;20200521;000000;3647;3657.5;3592.5;3600;345091;1249212323.5
MGNT;D;20200522;000000;3585.5;3621;3566;3616;208546;750425449.5
MGNT;D;20200525;000000;3622;3647;3614.5;3635;119546;433917118
MGNT;D;20200526;000000;3650;3657;3581.5;3615.5;367462;1333875998
MGNT;D;20200527;000000;3616;3779;3608.5;3744.5;856454;3174216575
MGNT;D;20200528;000000;3764;3833;3735;3827;502672;1909158406.5
MGNT;D;20200529;000000;3809;3833;3728;3740;518802;1952354566
MGNT;D;20200601;000000;3750;3873;3750;3832;428590;1635529745
MGNT;D;20200602;000000;3850.5;3908;3823.5;3899.5;591048;2290202578
MGNT;D;20200603;000000;3914.5;3934.5;3812;3869;532070;2054885959.5
MGNT;D;20200604;000000;3870;3887;3789.5;3836;632639;2422256618
MGNT;D;20200605;000000;3840;3867;3815;3846;300433;1153368631.5
MGNT;D;20200608;000000;3866.5;3989;3855;3950;624261;2456952913.5
MGNT;D;20200609;000000;3967;3997;3916.5;3929;368008;1450272328.5
MGNT;D;20200610;000000;3931;4050;3911;3995;805730;3207574894.5
MGNT;D;20200611;000000;3955;4104;3930;4004;786525;3173306303
MGNT;D;20200615;000000;3980;4060;3924.5;3985.5;611133;2447874111
MGNT;D;20200616;000000;4009;4043.5;3945;3950;409565;1631188678
MGNT;D;20200617;000000;3970;3990;3904;3945;542800;2141727187
MGNT;D;20200618;000000;3805;3847;3791;3820;729209;2791672238.5
MGNT;D;20200619;000000;3849.5;3980;3832;3980;867885;3403208581
MGNT;D;20200622;000000;3958.5;4086;3907;4076;655914;2625891666.5
MGNT;D;20200623;000000;4080.5;4204.5;4080.5;4115;715847;2970988423
MGNT;D;20200625;000000;4093.5;4167;4066;4140.5;872217;3586828220
MGNT;D;20200626;000000;4145;4224;4134.5;4180.5;559088;2340835190
MGNT;D;20200629;000000;4184;4208.5;4114;4156.5;332606;1381481714.5
MGNT;D;20200630;000000;4157;4174.5;4020.5;4035;439531;1794595223
MGNT;D;20200702;000000;4052;4218;4047;4202;514315;2143881245
MGNT;D;20200703;000000;4202.5;4234.5;4179;4222;287399;1208144933
MGNT;D;20200706;000000;4235.5;4374;4235.5;4332;495167;2132548622.5
MGNT;D;20200707;000000;4325;4334;4235.5;4242;599558;2569351958.5
MGNT;D;20200708;000000;4240;4276.5;4184;4225;364115;1534781628.5
MGNT;D;20200709;000000;4240;4385;4224;4337;675565;2920235191
MGNT;D;20200710;000000;4320.5;4377;4272.5;4307;519800;2248290511.5
MGNT;D;20200713;000000;4315.5;4357.5;4274;4291;328363;1418956600.5
MGNT;D;20200714;000000;4305;4307;4125;4259.5;403844;1699255985
MGNT;D;20200715;000000;4265;4333;4237.5;4298;278972;1196056813
MGNT;D;20200716;000000;4285.5;4360.5;4218;4303.5;361806;1558169748.5
MGNT;D;20200717;000000;4300.5;4328.5;4264;4302;176036;757009500.5
MGNT;D;20200720;000000;4300;4495;4276.5;4476.5;570127;2511990824
MGNT;D;20200721;000000;4485;4662.5;4480;4648;717669;3292574233.5
MGNT;D;20200722;000000;4645.5;4756;4610.5;4690;859858;4029125082
MGNT;D;20200723;000000;4700;4756;4675.5;4720;648582;3054878336
MGNT;D;20200724;000000;4717;4804.5;4692.5;4782.5;464961;2213300059.5
MGNT;D;20200727;000000;4786;4854.5;4680;4752;554928;2635425060
MGNT;D;20200728;000000;4755;4795;4713.5;4768;303643;1446887644.5
MGNT;D;20200729;000000;4760.5;4788;4600;4698;815330;3818200282.5
MGNT;D;20200730;000000;4707;4775;4622;4675.5;500161;2347284442.5
MGNT;D;20200731;000000;4652.5;4686.5;4555;4586;546457;2515252699.5
MGNT;D;20200803;000000;4585.5;4668;4574;4614;440894;2036656897
MGNT;D;20200804;000000;4630;4665;4600.5;4658.5;276812;1281405198.5
MGNT;D;20200805;000000;4667;4705.5;4591.5;4632;333095;1546016193
MGNT;D;20200806;000000;4630.5;4635;4572.5;4606.5;321524;1479331537.5
MGNT;D;20200807;000000;4608;4627;4534;4618;310012;1422885760.5
MGNT;D;20200810;000000;4620;4675;4577;4613.5;263598;1217375799.5
MGNT;D;20200811;000000;4602.5;4655;4563.5;4622;369215;1706287528.5
MGNT;D;20200812;000000;4641.5;4646;4581;4619.5;343593;1583376725
MGNT;D;20200813;000000;4619.5;4780;4593.5;4738.5;509497;2400426020
MGNT;D;20200814;000000;4744;4784;4676;4763.5;561271;2663938254
MGNT;D;20200817;000000;4764;4817.5;4647.5;4688;518748;2455662829
MGNT;D;20200818;000000;4670;4739;4655;4690.5;321376;1511480791.5
MGNT;D;20200819;000000;4695;4711.5;4661.5;4671.5;252889;1184851765
MGNT;D;20200820;000000;4655;4659.5;4523.5;4561.5;534198;2438862503
MGNT;D;20200821;000000;4557.5;4585;4438;4523;369018;1664800146
MGNT;D;20200824;000000;4548.5;4613;4532.5;4608;335620;1540417448.5
MGNT;D;20200825;000000;4615;4644.5;4576;4642.5;473696;2181497568
MGNT;D;20200826;000000;4640.5;4676;4606.5;4666;302628;1406175551.5
MGNT;D;20200827;000000;4669;4746;4652.5;4728;422298;1992448820.5
MGNT;D;20200828;000000;4735.5;4735.5;4560;4581.5;481237;2226200018.5
MGNT;D;20200831;000000;4590;4603;4420.5;4474.5;468244;2107619105.5
MGNT;D;20200901;000000;4480;4540;4376;4497.5;556701;2470254616
MGNT;D;20200902;000000;4500;4619;4444.5;4564.5;518245;2365367051.5
MGNT;D;20200903;000000;4577;4597.5;4537.5;4565;274930;1256133033.5
MGNT;D;20200904;000000;4555.5;4616;4528;4590.5;251515;1148670069.5
MGNT;D;20200907;000000;4585;4604.5;4540;4558.5;150812;688371987.5
MGNT;D;20200908;000000;4562.5;4582.5;4448.5;4535;312061;1411408849.5
MGNT;D;20200909;000000;4532;4532;4403;4456;279474;1247101776
MGNT;D;20200910;000000;4472;4518;4420;4475;218001;973822344.5
MGNT;D;20200911;000000;4499.5;4685;4468;4663.5;322326;1482253347
MGNT;D;20200914;000000;4685;4773.5;4632;4671.5;459096;2155450416.5
MGNT;D;20200915;000000;4663.5;4758;4609.5;4724.5;382879;1789998144
MGNT;D;20200916;000000;4721.5;4753;4637;4710;274581;1286584737.5
MGNT;D;20200917;000000;4682;4889.5;4677;4863;787604;3790196226.5
MGNT;D;20200918;000000;4865;4875;4788;4805;395044;1911951152
MGNT;D;20200921;000000;4813;4813;4691.5;4772.5;468300;2223622335.5
MGNT;D;20200922;000000;4758.5;4965;4717;4962;654093;3182538560
MGNT;D;20200923;000000;4952.5;5138.5;4918;4989.5;762957;3851978884
MGNT;D;20200924;000000;4980;5082;4966;5057;585766;2944861085.5
MGNT;D;20200925;000000;5060.5;5129.5;4976.5;5025;485185;2441070632
MGNT;D;20200928;000000;5040;5114;5023;5080;347123;1756594564.5
MGNT;D;20200929;000000;5068.5;5086.5;4926;4965.5;492280;2456423023
MGNT;D;20200930;000000;4955;4995.5;4874.5;4956;440600;2176273251
MGNT;D;20201001;000000;4985;5022;4850;4896;419831;2062448892.5
MGNT;D;20201002;000000;4860;4940;4853.5;4906.5;308184;1509833762
MGNT;D;20201005;000000;4915;4949.5;4872;4895;323034;1586062022.5
MGNT;D;20201006;000000;4905;4911;4858;4879;215537;1052517606
MGNT;D;20201007;000000;4878;4897;4692;4766.5;603329;2885761142.5
MGNT;D;20201008;000000;4770;4799;4695;4722;389170;1847786907.5
MGNT;D;20201009;000000;4718;4719.5;4597;4690.5;330727;1542066070
MGNT;D;20201012;000000;4695;4863;4676;4859;428212;2051109420
MGNT;D;20201013;000000;4851;4934.5;4785;4837;449102;2180831281
MGNT;D;20201014;000000;4839;4931.5;4818.5;4912;369435;1809768547.5
MGNT;D;20201015;000000;4900;4912;4702;4741;357775;1709792068
MGNT;D;20201016;000000;4743;4804.5;4687;4782;358825;1702119155
MGNT;D;20201019;000000;4787;4950;4777.5;4914.5;441229;2158481755
MGNT;D;20201020;000000;4929.5;5023;4867.5;4910.5;506888;2513992394
MGNT;D;20201021;000000;4911.5;4934;4829;4863;267110;1301598065
MGNT;D;20201022;000000;4849;4925;4831;4900.5;212909;1041878711.5
MGNT;D;20201023;000000;4897.5;4908;4825.5;4855.5;176398;856914045
MGNT;D;20201026;000000;4820;4894;4760;4799.5;254997;1234627876.5
MGNT;D;20201027;000000;4815;4862;4763;4784;263933;1268356269
MGNT;D;20201028;000000;4776;4783.5;4636;4702;403936;1894709436
MGNT;D;20201029;000000;4710;4742;4581;4659;603821;2811622064
MGNT;D;20201030;000000;4639;4728;4542;4706;357274;1660836939
MGNT;D;20201102;000000;4706;4844;4635;4829;291312;1390512489
MGNT;D;20201103;000000;4832.5;4900;4728;4770;415641;1989222262.5
MGNT;D;20201105;000000;4820;4860.5;4708;4741.5;345118;1648648556.5
MGNT;D;20201106;000000;4750;4827.5;4694.5;4796;400779;1909760010
MGNT;D;20201109;000000;4820;4930;4797.5;4893.5;487316;2376414971
MGNT;D;20201110;000000;4885;4985.5;4880;4945;333615;1650175059
MGNT;D;20201111;000000;4961;5003.5;4754;4780;523043;2530592370.5
MGNT;D;20201112;000000;4766;4974.5;4766;4910;478153;2337214817
MGNT;D;20201113;000000;4930;4946.5;4831;4932;250741;1226937220.5
MGNT;D;20201116;000000;4945;5025;4906.5;4982;396110;1965834637
MGNT;D;20201117;000000;4994;5000;4848;4891.5;320047;1577433276.5
MGNT;D;20201118;000000;4891.5;5001;4850;4980;442531;2182114227.5
MGNT;D;20201119;000000;4998;5096.5;4943;5012.5;632855;3184889863.5
MGNT;D;20201120;000000;5000;5028.5;4900;4933;390529;1929407417
MGNT;D;20201123;000000;4929;4989;4883;4945;367356;1813887419
MGNT;D;20201124;000000;4960;4968.5;4876.5;4910;319937;1569688178
MGNT;D;20201125;000000;4915;4935;4806.5;4891.5;555655;2705756921.5
MGNT;D;20201126;000000;4894;4995;4874.5;4971.5;309228;1528971903
MGNT;D;20201127;000000;4965;4997;4936.5;4985.5;272516;1354279845
MGNT;D;20201130;000000;4955;5043.5;4947;4979;304767;1522249382.5
MGNT;D;20201201;000000;4974.5;5057;4961.5;5019.5;291156;1461606140
MGNT;D;20201202;000000;5003;5038;4968.5;4995;232414;1160758260
MGNT;D;20201203;000000;4999;5054;4950.5;5008;485411;2426082431
MGNT;D;20201204;000000;5014;5034;4975;4992.5;151715;758113280
MGNT;D;20201207;000000;4994.5;5050;4992;5008;202170;1014897309
MGNT;D;20201208;000000;5023.5;5055.5;5000;5040.5;282869;1422122291.5
MGNT;D;20201209;000000;5051;5426;5048;5384;1358735;7168814363.5
MGNT;D;20201210;000000;5396;5496;5309;5384.5;909085;4908306134
MGNT;D;20201211;000000;5357;5418;5321.5;5381;309431;1660160746
MGNT;D;20201214;000000;5391;5549;5385;5512;574475;3147960627
MGNT;D;20201215;000000;5524;5548;5445;5494;307291;1687389995
MGNT;D;20201216;000000;5492.5;5537.5;5406.5;5432;324690;1769076866.5
MGNT;D;20201217;000000;5439;5457.5;5368;5421;382307;2065908680
MGNT;D;20201218;000000;5405.5;5498.5;5384;5449;332694;1814742745
MGNT;D;20201221;000000;5440;5444;5284;5362;571664;3050585261
MGNT;D;20201222;000000;5338;5394.5;5321.5;5346;283600;1522906581.5
MGNT;D;20201223;000000;5332;5382;5287.5;5356;272674;1450137888
MGNT;D;20201224;000000;5361.5;5468.5;5339;5424.5;260278;1407797032.5
MGNT;D;20201225;000000;5420;5486;5420;5474.5;179792;980814911.5
MGNT;D;20201228;000000;5490;5607.5;5483.5;5599;368610;2049558663.5
MGNT;D;20201229;000000;5613.5;5687.5;5587.5;5643;425919;2403719496.5
MGNT;D;20201230;000000;5670;5714;5635;5685.5;425355;2413802086.5
MGNT;D;20210104;000000;5700;5784.5;5700;5744;389868;2240120385
MGNT;D;20210105;000000;5749;5770;5688.5;5762.5;523489;3000080888.5
MGNT;D;20210106;000000;5560;5620;5500;5534;752223;4175608632
MGNT;D;20210108;000000;5535.5;5590;5439.5;5478;685654;3767714216.5
MGNT;D;20210111;000000;5461;5546;5410;5484.5;381512;2092149230.5
MGNT;D;20210112;000000;5485;5541;5425;5450.5;384359;2106671710.5
MGNT;D;20210113;000000;5450.5;5473.5;5351;5410;292593;1580619388
MGNT;D;20210114;000000;5403;5423;5345;5375.5;284283;1527329490
MGNT;D;20210115;000000;5374;5374;5150;5210;1082185;5665120183.5
MGNT;D;20210118;000000;5210;5254;5143.5;5219;559570;2905191425
MGNT;D;20210119;000000;5232;5254;5134.5;5183.5;443621;2300902896.5
MGNT;D;20210120;000000;5188.5;5220;5125;5161.5;496312;2562733031.5
MGNT;D;20210121;000000;5173.5;5192.5;5045.5;5060;553216;2819683035
MGNT;D;20210122;000000;5045;5054;4918;4991;706534;3508669516.5
MGNT;D;20210125;000000;4983;5175;4983;5168.5;752206;3846030109.5
MGNT;D;20210126;000000;5147;5211;5125.5;5175;461879;2387738340
MGNT;D;20210127;000000;5180;5187;5070;5087.5;406698;2086632010.5
MGNT;D;20210128;000000;5050;5071;4981;5060;396448;1990737130
MGNT;D;20210129;000000;5031;5045;4900.5;4924;551768;2742761203
MGNT;D;20210201;000000;4942;5017;4865;4948.5;490371;2418894789.5
MGNT;D;20210202;000000;4950;5096.5;4949;5014.5;717232;3605631887.5
MGNT;D;20210203;000000;5014;5081.5;4987.5;5048.5;394898;1983904964.5
MGNT;D;20210204;000000;5060;5160;5005;5062.5;732064;3720628464.5
MGNT;D;20210205;000000;5080;5097;4953;4996;511998;2566377160
MGNT;D;20210208;000000;5012.5;5117;5005;5107.5;555139;2811268871
MGNT;D;20210209;000000;5110;5298.5;5110;5273;870211;4537327185.5
MGNT;D;20210210;000000;5295.5;5312;5125.5;5197;543196;2819784392
MGNT;D;20210211;000000;5175;5196.5;5090;5117.5;496298;2548566707.5
MGNT;D;20210212;000000;5100;5174;5036;5169;494159;2531981383
MGNT;D;20210215;000000;5186.5;5289;5186.5;5280;556876;2918089749
MGNT;D;20210216;000000;5285;5336;5271.5;5297.5;473384;2508662291
MGNT;D;20210217;000000;5300;5320;5211;5260;538318;2828317071
MGNT;D;20210218;000000;5242.5;5269;5076;5155.5;762354;3931621831
MGNT;D;20210219;000000;5155.5;5196;5110.5;5172.5;383607;1975825820
MGNT;D;20210220;000000;5169;5169;5125;5149.5;33575;172689051.5
MGNT;D;20210222;000000;5162;5169.5;5055;5098;271108;1382238114
MGNT;D;20210224;000000;5094;5094;4957;5008;546671;2734348710
MGNT;D;20210225;000000;4998;5027;4889.5;4919.5;713894;3525485753.5
MGNT;D;20210226;000000;4900;4974.5;4872.5;4929;459747;2264148493
MGNT;D;20210301;000000;4958;4974.5;4916.5;4970.5;345513;1708743351
MGNT;D;20210302;000000;4965;5080;4938;5068.5;394160;1982320347
MGNT;D;20210303;000000;5079.5;5130.5;5016;5030;466733;2364899291.5
MGNT;D;20210304;000000;5037.5;5059;4953;4965.5;315506;1584254200.5
MGNT;D;20210305;000000;4983;5059.5;4906.5;5010;570416;2832546133.5
MGNT;D;20210309;000000;5024.5;5044.5;4936;4980.5;515316;2562686350
MGNT;D;20210310;000000;4980;5125;4966.5;5070;366363;1858306564.5
MGNT;D;20210311;000000;5089.5;5104;5031;5096.5;254485;1291636016
MGNT;D;20210312;000000;5097;5135.5;5074.5;5135.5;293587;1500785062.5
MGNT;D;20210315;000000;5148.5;5217.5;5142;5217.5;395205;2049178774.5
MGNT;D;20210316;000000;5207.5;5209.5;5132.5;5170.5;307588;1591512114
MGNT;D;20210317;000000;5195;5309;5170;5274.5;583341;3060204713
MGNT;D;20210318;000000;5287;5463.5;5275;5362;915479;4941676239.5
MGNT;D;20210319;000000;5377;5494;5301;5428.5;828951;4497730294
MGNT;D;20210322;000000;5435;5515;5374;5409;396245;2159959570
MGNT;D;20210323;000000;5400;5446.5;5282.5;5300.5;446422;2385869258.5
MGNT;D;20210324;000000;5320.5;5423;5308;5354.5;351417;1888756003
MGNT;D;20210325;000000;5371;5397;5250;5294.5;254932;1354921087
MGNT;D;20210326;000000;5300.5;5365;5289.5;5348;223587;1190057795
MGNT;D;20210329;000000;5314.5;5354;5256;5300;375398;1988302172
MGNT;D;20210330;000000;5330.5;5332;5281;5281;130030;688942087
MGNT;D;20210331;000000;5282;5384;5268;5344.5;281128;1501646594
MGNT;D;20210401;000000;5357;5375.5;5270;5293.5;263221;1398523321
MGNT;D;20210402;000000;5306;5318.5;5273;5301.5;89762;475246335
MGNT;D;20210405;000000;5290.5;5297;5202;5254.5;214665;1124936782
MGNT;D;20210406;000000;5259;5273.5;5096;5110.5;441611;2276108669.5
MGNT;D;20210407;000000;5103;5147;5040;5080;524006;2668763883.5
MGNT;D;20210408;000000;5080.5;5149;5033.5;5099;334047;1701212760
MGNT;D;20210409;000000;5101;5159;5060;5135;335747;1721712812.5
MGNT;D;20210412;000000;5138.5;5214.5;5125;5180;211378;1093769849
MGNT;D;20210413;000000;5180.5;5188.5;5086.5;5134.5;402744;2062837429.5
MGNT;D;20210414;000000;5137;5146;5070.5;5095;319264;1630445134.5
MGNT;D;20210415;000000;5074;5132;5046;5111.5;289457;1475392568.5
MGNT;D;20210416;000000;5135;5141.5;5083;5111.5;242499;1238143616.5
MGNT;D;20210419;000000;5121.5;5139;5081;5095.5;171133;873539680.5
MGNT;D;20210420;000000;5102.5;5116.5;5054;5086;274967;1398335911.5
MGNT;D;20210421;000000;5080;5156.5;5071;5140;299162;1531039779.5
MGNT;D;20210422;000000;5129.5;5200;5100;5153.5;513524;2637602717
MGNT;D;20210423;000000;5153;5302.5;5130;5258;657102;3439352095
MGNT;D;20210426;000000;5305;5349;5255;5277;369775;1958341500
MGNT;D;20210427;000000;5290;5334;5215;5255;316066;1671413534.5
MGNT;D;20210428;000000;5251.5;5273.5;5166;5226;218320;1135678014
MGNT;D;20210429;000000;5228.5;5265;5083;5113.5;366760;1889508542.5
MGNT;D;20210430;000000;5116.5;5137;5070;5119;293783;1500893462
MGNT;D;20210504;000000;5135;5208.5;5131.5;5195;302031;1563517083
MGNT;D;20210505;000000;5207;5254.5;5144.5;5211;401112;2086803377.5
MGNT;D;20210506;000000;5211;5218;5135;5170;293796;1520673189.5
MGNT;D;20210507;000000;5161;5170;5093;5129.5;272247;1394371589.5
MGNT;D;20210510;000000;5129;5135;5065;5091.5;352862;1795044616
MGNT;D;20210511;000000;5091.5;5171.5;5081;5156;351016;1801098274.5
MGNT;D;20210512;000000;5145;5158;5065.5;5099.5;479988;2445241836.5
MGNT;D;20210513;000000;5093;5154;5089.5;5122;319805;1640517512.5
MGNT;D;20210514;000000;5122;5203;5122;5155.5;279224;1442616009.5
MGNT;D;20210517;000000;5155;5200;5103.5;5149.5;232993;1200066356.5
MGNT;D;20210518;000000;5165;5395;5153;5256;2440218;12865394246.5
MGNT;D;20210519;000000;5260.5;5301;5151;5226.5;517005;2699057969.5
MGNT;D;20210520;000000;5241.5;5241.5;5141.5;5161;335997;1737706434
MGNT;D;20210521;000000;5157;5315;5157;5300.5;591439;3115120652.5
MGNT;D;20210524;000000;5317;5345;5265.5;5282;296683;1574348473.5
MGNT;D;20210525;000000;5280;5348;5255.5;5331;283909;1508049766
MGNT;D;20210526;000000;5330.5;5410;5317;5346.5;357294;1918574431.5
MGNT;D;20210527;000000;5330.5;5385;5300;5362;354722;1898489213
MGNT;D;20210528;000000;5378;5433;5361.5;5409.5;336189;1816071765
MGNT;D;20210531;000000;5419.5;5474.5;5419.5;5460.5;243371;1326576693
MGNT;D;20210601;000000;5480;5524.5;5442;5469.5;403328;2209443538
MGNT;D;20210602;000000;5491;5500;5432;5471.5;258096;1408458418
MGNT;D;20210603;000000;5470;5502;5439;5459;299909;1640519473
MGNT;D;20210604;000000;5476.5;5476.5;5382.5;5445;322149;1748043337.5
MGNT;D;20210607;000000;5445;5471;5390.5;5417;240156;1300921685
MGNT;D;20210608;000000;5430.5;5452.5;5338.5;5396;326267;1757588044
MGNT;D;20210609;000000;5403;5403;5345;5384.5;194816;1046129496
MGNT;D;20210610;000000;5397;5398.5;5315;5379.5;295187;1582206544
MGNT;D;20210611;000000;5384.5;5459.5;5345;5405;430075;2324558108
MGNT;D;20210614;000000;5394;5460;5392.5;5449;235883;1281945681.5
MGNT;D;20210615;000000;5455;5499;5422.5;5457.5;354894;1940052527.5
MGNT;D;20210616;000000;5460;5505;5451;5486;494851;2714387134
MGNT;D;20210617;000000;5464;5568.5;5462;5559;507243;2805033438.5
MGNT;D;20210618;000000;5555.5;5685;5460;5605;686144;3823682831
MGNT;D;20210621;000000;5591;5670;5586;5650;511132;2883016403
MGNT;D;20210622;000000;5675;5686.5;5585.5;5606;518211;2915363391
MGNT;D;20210623;000000;5608;5628;5550;5569;733122;4096766603
MGNT;D;20210624;000000;5323;5363;5275;5319.5;615120;3269351520.5
MGNT;D;20210625;000000;5329.5;5335.5;5290;5324.5;181718;966218124.5
MGNT;D;20210628;000000;5314.5;5339;5296;5302.5;267791;1424447094
MGNT;D;20210629;000000;5284.5;5371.5;5270;5324;234223;1242249544
MGNT;D;20210630;000000;5352;5355;5280;5301;248366;1318493613
MGNT;D;20210701;000000;5284.5;5324;5271;5282.5;174831;925267828
MGNT;D;20210702;000000;5282.5;5303;5225.5;5250;300461;1577963170
MGNT;D;20210705;000000;5264;5283;5221;5232;196047;1027361562
MGNT;D;20210706;000000;5230;5311;5202;5241;371822;1951091228
MGNT;D;20210707;000000;5264.5;5328;5239.5;5310;304084;1610561076
MGNT;D;20210708;000000;5311.5;5357.5;5245;5344;307672;1633056289
MGNT;D;20210709;000000;5352;5368;5302;5322.5;237936;1265542810
MGNT;D;20210712;000000;5334.5;5370;5320;5365;136430;729767373
MGNT;D;20210713;000000;5368.5;5417.5;5344.5;5416.5;323033;1741449981
MGNT;D;20210714;000000;5424;5425;5382.5;5385;191067;1032319228
MGNT;D;20210715;000000;5380;5437.5;5287.5;5308;326183;1751351256
MGNT;D;20210716;000000;5311.5;5335;5205;5235;295687;1554163510.5
MGNT;D;20210719;000000;5204;5237;5055.5;5099;402781;2068428371.5
MGNT;D;20210720;000000;5112;5133;5067.5;5096.5;174292;888398101.5
MGNT;D;20210721;000000;5110;5149;5080;5142;151688;775622145.5
MGNT;D;20210722;000000;5151;5159.5;5071;5128;218322;1115442012
MGNT;D;20210723;000000;5136.5;5168;5104;5130;183430;940889181
MGNT;D;20210726;000000;5119;5215;5097;5215;279296;1442312310
MGNT;D;20210727;000000;5225;5247.5;5155.5;5198.5;256418;1335671502.5
MGNT;D;20210728;000000;5207;5278.5;5200;5265;235613;1238002246
MGNT;D;20210729;000000;5307.5;5375;5261;5347;293261;1560550023.5
MGNT;D;20210730;000000;5340;5399.5;5326.5;5337;347181;1864050901
MGNT;D;20210802;000000;5361;5376;5306;5321;217339;1160968059
MGNT;D;20210803;000000;5358;5395;5324;5383;234704;1260994654
MGNT;D;20210804;000000;5398;5456;5386.5;5415;297390;1611027258
MGNT;D;20210805;000000;5415;5515;5404.5;5489.5;506708;2774392837.5
MGNT;D;20210806;000000;5496;5510;5455;5458.5;185312;1014680212.5
MGNT;D;20210809;000000;5452;5494.5;5416;5457;278538;1522587218.5
MGNT;D;20210810;000000;5468;5484.5;5432.5;5458;304458;1661798859.5
MGNT;D;20210811;000000;5468;5507;5440;5465;240941;1319504781.5
MGNT;D;20210812;000000;5490;5545;5453.5;5537.5;444311;2445440871.5
MGNT;D;20210813;000000;5545;5611;5433;5504.5;837801;4624808202.5
MGNT;D;20210816;000000;5463.5;5487;5380;5466;346730;1886636686.5
MGNT;D;20210817;000000;5466;5568;5466;5523.5;303764;1682529064.5
MGNT;D;20210818;000000;5532.5;5620;5518;5555;269974;1506789470.5
MGNT;D;20210819;000000;5555;5598;5514;5573;275844;1530229936
MGNT;D;20210820;000000;5574;5584.5;5530;5532;100687;559480594.5
MGNT;D;20210823;000000;5561.5;5584;5527.5;5545;160999;893822122.5
MGNT;D;20210824;000000;5559;5638;5553;5634;374900;2102960552.5
MGNT;D;20210825;000000;5638;5650;5574.5;5583;270669;1516388982
MGNT;D;20210826;000000;5581;5633.5;5551;5619;217543;1218213819.5
MGNT;D;20210827;000000;5628.5;5636;5584;5601;224473;1258662775
MGNT;D;20210830;000000;5601;5623.5;5544;5591;230795;1289864633.5
MGNT;D;20210831;000000;5600;5634;5530;5539.5;262980;1467442327
MGNT;D;20210901;000000;5540;5584.5;5501;5547.5;205911;1140782074
MGNT;D;20210902;000000;5550;5581.5;5481;5565.5;189577;1050460283
MGNT;D;20210903;000000;5575;5592;5452;5517.5;240190;1327143102.5
MGNT;D;20210906;000000;5499.5;5514.5;5429;5440;195148;1066442831
MGNT;D;20210907;000000;5442.5;5461.5;5320;5337;412384;2211246489.5
MGNT;D;20210908;000000;5330;5474;5324;5452.5;331790;1795601717
MGNT;D;20210909;000000;5453;5453.5;5301;5323;265040;1424635943.5
MGNT;D;20210910;000000;5340;5353.5;5252;5318.5;327044;1732667820
MGNT;D;20210913;000000;5300;5454.5;5291;5434.5;360422;1947674132
MGNT;D;20210914;000000;5445;5467;5370;5378;249266;1349021611.5
MGNT;D;20210915;000000;5362;5512.5;5362;5501.5;403913;2211595042
MGNT;D;20210916;000000;5503.5;5732;5503.5;5714.5;1188374;6716227763
MGNT;D;20210917;000000;5700;5750;5649;5727.5;523929;2995760376
MGNT;D;20210920;000000;5719;5720.5;5593;5630.5;368675;2087607993.5
MGNT;D;20210921;000000;5650.5;5700;5615.5;5623.5;194697;1100855621
MGNT;D;20210922;000000;5623.5;5667.5;5623.5;5655.5;87483;494098352
MGNT;D;20210923;000000;5648;5994.5;5648;5941;976341;5729319565
MGNT;D;20210924;000000;5941;6015;5890;5944.5;583202;3479779372
MGNT;D;20210927;000000;5972;5982;5842.5;5954.5;607551;3597061943.5
MGNT;D;20210928;000000;5980;6055;5850.5;5906.5;639925;3808689988.5
MGNT;D;20210929;000000;5906;6049;5905;6027.5;378681;2273323396.5
MGNT;D;20210930;000000;6069;6131.5;5988;6060;505383;3064634229
MGNT;D;20211001;000000;6014.5;6080.5;5976.5;6014;215022;1294806258.5
MGNT;D;20211004;000000;6000;6056.5;5928.5;5985.5;316766;1896440285
MGNT;D;20211005;000000;5980;6280;5976;6245;452879;2786255058
MGNT;D;20211006;000000;6289;6289;6162;6240.5;361819;2250643817
MGNT;D;20211007;000000;6260;6377;6215.5;6339.5;448232;2832705793.5
MGNT;D;20211008;000000;6350;6408;6280.5;6300;222219;1411426351.5
MGNT;D;20211011;000000;6325;6365;6272.5;6350;125990;796067322
MGNT;D;20211012;000000;6320.5;6495;6320.5;6475.5;338575;2183146266.5
MGNT;D;20211013;000000;6493.5;6493.5;6285;6401;227804;1454406738
MGNT;D;20211014;000000;6416.5;6446;6342;6358;190432;1218357464.5
MGNT;D;20211015;000000;6351;6354;6218.5;6270.5;263259;1649367019
MGNT;D;20211018;000000;6270.5;6330.5;6196;6270;186317;1167696955
MGNT;D;20211019;000000;6283.5;6375;6271;6361;201858;1278237448.5
MGNT;D;20211020;000000;6361.5;6384;6244;6307.5;326153;2059122177
MGNT;D;20211021;000000;6296.5;6306.5;6144.5;6158;230639;1430072815
MGNT;D;20211022;000000;6158;6419;6142;6315.5;484596;3056634767
MGNT;D;20211025;000000;6315.5;6480;6283.5;6465;332010;2131084244
MGNT;D;20211026;000000;6469;6613.5;6414.5;6570.5;445636;2911138637.5
MGNT;D;20211027;000000;6576;6704;6507.5;6668;443087;2953136605.5
MGNT;D;20211028;000000;6668;6741;6551.5;6635;339993;2256119498
MGNT;D;20211029;000000;6620;6627;6435.5;6472;329854;2144367759.5
MGNT;D;20211101;000000;6525;6565;6430;6536;198983;1295590765
MGNT;D;20211102;000000;6560;6695;6504.5;6656;258314;1713225098
MGNT;D;20211103;000000;6664;6723.5;6570.5;6712;284835;1898776216.5
MGNT;D;20211105;000000;6704;6842;6623;6793.5;418629;2829700451.5
MGNT;D;20211108;000000;6800;6972;6791.5;6859.5;361756;2492412971.5
MGNT;D;20211109;000000;6879;7011.5;6680;6729.5;507562;3468749889.5
MGNT;D;20211110;000000;6731;6731;6583;6594;489864;3260510836.5
MGNT;D;20211111;000000;6619.5;6796;6470;6779;513356;3420176519
MGNT;D;20211112;000000;6795;6822;6492;6568.5;705972;4671532869
MGNT;D;20211115;000000;6592.5;6640;6443.5;6499.5;396331;2590303732
MGNT;D;20211116;000000;6500;6590;6460.5;6551;304449;1986717171.5
MGNT;D;20211117;000000;6557;6557;6315.5;6405;406463;2613368343.5
MGNT;D;20211118;000000;6405;6427;5938;5945.5;898765;5554448016
MGNT;D;20211119;000000;5945.5;6219.5;5796.5;6014;2353213;14154584209
MGNT;D;20211122;000000;6014;6100;5749;5789.5;901052;5308011897
MGNT;D;20211123;000000;5740;5919;5620;5917;742917;4303836657.5
MGNT;D;20211124;000000;5924.5;5973;5789;5875;535249;3153273946
MGNT;D;20211125;000000;5948;6081.5;5880;6056;434837;2596438618.5
MGNT;D;20211126;000000;5960;5973.5;5740.5;5775.5;545200;3183871416.5
MGNT;D;20211129;000000;5830.5;5914;5802;5898.5;425360;2492259916
MGNT;D;20211130;000000;5868;5978;5698;5733;588795;3435103329
MGNT;D;20211201;000000;5754;5889;5728;5768;432802;2516416894.5
MGNT;D;20211202;000000;5780;5824;5736;5789;267792;1545229278
MGNT;D;20211203;000000;5814;5823.5;5693.5;5715.5;207524;1191289278.5
MGNT;D;20211206;000000;5745;5794;5603;5650;295388;1680478223
MGNT;D;20211207;000000;5675;5850;5619.5;5841.5;319388;1839482817.5
MGNT;D;20211208;000000;5850;5907;5680;5765;302503;1755903820.5
MGNT;D;20211209;000000;5794.5;5949.5;5755;5908;376921;2216220446
MGNT;D;20211210;000000;5908;5958;5770.5;5822.5;249386;1458572156
MGNT;D;20211213;000000;5832.5;5892.5;5600;5637;364305;2097673892.5
MGNT;D;20211214;000000;5638;5731.5;5264.5;5670;415291;2328214773
MGNT;D;20211215;000000;5689;5728.5;5580;5700;318724;1796519234
MGNT;D;20211216;000000;5700;5846;5683.5;5752;557733;3208254096.5
MGNT;D;20211217;000000;5760;5776.5;5611.5;5674.5;346342;1960449426
MGNT;D;20211220;000000;5659;5659;5492.5;5533.5;280160;1557081221.5
MGNT;D;20211221;000000;5535;5600;5483;5521.5;328518;1815135449.5
MGNT;D;20211222;000000;5541.5;5598;5501.5;5551;311777;1732359112.5
MGNT;D;20211223;000000;5551.5;5612;5505;5538.5;320871;1779540571
MGNT;D;20211224;000000;5543.5;5629;5505;5592.5;175935;977149658
MGNT;D;20211227;000000;5612.5;5685;5600;5665.5;359751;2037184618
MGNT;D;20211228;000000;5665;5679.5;5602;5658;500461;2825619286.5
MGNT;D;20211229;000000;5400;5466.5;5378;5446;483520;2623499004.5
MGNT;D;20211230;000000;5446;5488;5409;5444;270550;1471873012
MGNT;D;20220103;000000;5460;5549;5440.5;5509.5;188892;1039472789
MGNT;D;20220104;000000;5519;5578;5493.5;5565;215757;1195421057
MGNT;D;20220105;000000;5570;5602.5;5370;5399;202643;1118190877.5
MGNT;D;20220106;000000;5398;5555;5360;5535;215099;1183128109
MGNT;D;20220110;000000;5552.5;5584.5;5424;5473;231475;1272165479.5
MGNT;D;20220111;000000;5473;5563;5460;5505.5;188892;1040286920.5
MGNT;D;20220112;000000;5502;5642.5;5480;5623;355622;1981825308
MGNT;D;20220113;000000;5609;5640;5250;5330;667854;3623408414.5
MGNT;D;20220114;000000;5340;5399;5106;5235.5;839772;4365912281.5
MGNT;D;20220117;000000;5235;5297;5141.5;5185.5;502430;2625039678
MGNT;D;20220118;000000;5206;5226.5;4770;4973;860969;4274471583.5
MGNT;D;20220119;000000;5000;5149.5;4791.5;5040;750621;3772729365.5
MGNT;D;20220120;000000;5042.5;5175;4982;4991;437643;2212464532
MGNT;D;20220121;000000;4980;5137.5;4921.5;5046.5;550053;2786239768
MGNT;D;20220124;000000;5060;5090;4667;4823.5;900708;4351861470.5
MGNT;D;20220125;000000;4823.5;4909;4651;4895;619960;2954311568
MGNT;D;20220126;000000;4907;4924;4733;4768.5;508946;2469518609
MGNT;D;20220127;000000;4733;4997.5;4714.5;4883.5;668464;3262537158.5
MGNT;D;20220128;000000;4888;4968;4816.5;4904;467423;2294324513
MGNT;D;20220131;000000;4946.5;5079;4921.5;5079;287560;1443594581.5
MGNT;D;20220201;000000;5079;5117;5012;5114;390612;1981884675.5
MGNT;D;20220202;000000;5102.5;5225;5102.5;5200;378886;1955358502
MGNT;D;20220203;000000;5200;5278;5125;5187;556899;2893526421.5
MGNT;D;20220204;000000;5195;5384.5;5176;5285;740047;3920099913.5
MGNT;D;20220207;000000;5308.5;5357;5153;5210;368053;1929370944
MGNT;D;20220208;000000;5210.5;5229;5164.5;5182;407421;2117519810.5
MGNT;D;20220209;000000;5212;5276.5;5182.5;5254;436575;2285991167.5
MGNT;D;20220210;000000;5265;5269;5197;5227.5;311003;1626024495
MGNT;D;20220211;000000;5220;5224;4925.5;4971.5;595993;3024749080.5
MGNT;D;20220214;000000;4965;5045.5;4770;4956.5;542462;2692813569
MGNT;D;20220215;000000;4975;5260.5;4971.5;5239;480609;2463351638.5
MGNT;D;20220216;000000;5260;5450;5191;5395;529598;2820736790.5
MGNT;D;20220217;000000;5395;5402.5;5187;5224.5;567733;2998349814.5
MGNT;D;20220218;000000;5236;5284.5;4996;5041.5;572659;2935925191.5
MGNT;D;20220221;000000;5037.5;5186;4021;4240;1587061;7258215931
MGNT;D;20220222;000000;4120;4660;4000.5;4600;1540199;6667807019
MGNT;D;20220224;000000;4140;4300;2414;3312;1561945;4851260506.5
MGNT;D;20220225;000000;3236;3840;3100;3202;1257392;4118134779.5
MGNT;D;20220324;000000;3202;4100;3200;3457.5;584852;2164904293
MGNT;D;20220325;000000;3640;3780;3286.5;3338;239925;819242385.5
MGNT;D;20220328;000000;3415;3490;3330;3337.5;122932;416207545
MGNT;D;20220329;000000;3351;3669;3330;3405.5;270529;946773251
MGNT;D;20220330;000000;3635.5;3855;3450;3855;207413;770377315.5
MGNT;D;20220331;000000;3930;4272;3884;4155;317235;1310043806.5
MGNT;D;20220401;000000;4185;4429;4155;4220;259807;1120396407.5
MGNT;D;20220404;000000;4365;4395;4201;4273.5;142026;610571717.5
MGNT;D;20220405;000000;4300;4300;3901;4098;121516;498819165
MGNT;D;20220406;000000;4089;4195;3950;4120;103172;426155832
MGNT;D;20220407;000000;4120;4250;4120;4247;96796;408325261.5
MGNT;D;20220408;000000;4250;4422;4222;4335;210325;912904167
MGNT;D;20220411;000000;4386.5;4405;4250;4310;95521;415168989
MGNT;D;20220412;000000;4311;4420;4251.5;4297.5;176215;764401658
MGNT;D;20220413;000000;4300;4340;4216;4256.5;66328;282657761
MGNT;D;20220414;000000;4256.5;4262.5;3980;4017;127896;525752229.5
MGNT;D;20220415;000000;4029.5;4145;3902;4070.5;89927;362682684.5
MGNT;D;20220418;000000;4100;4156.5;3963;4000;84515;338752300
MGNT;D;20220419;000000;4000;4038.5;3850;4038;136838;537649576
MGNT;D;20220420;000000;4050;4300;3962.5;4300;95550;393941535
MGNT;D;20220421;000000;4240.5;4273.5;4055.5;4197.5;161680;669539541.5
MGNT;D;20220422;000000;4156;4330;4137;4170;357496;1510390824
MGNT;D;20220425;000000;4167;4318.5;4075;4299.5;94738;400754949.5
MGNT;D;20220426;000000;4335.5;4460;4332;4460;159506;703860894.5
MGNT;D;20220427;000000;4471;4761;4450.5;4720;235221;1074475220
MGNT;D;20220428;000000;4772;4939;4443;4566.5;296680;1421721193
MGNT;D;20220429;000000;4599;4700;4355;4592.5;257567;1157580265.5
MGNT;D;20220504;000000;4611;4796.5;4506;4651;142466;667249951.5
MGNT;D;20220505;000000;4698;4792;4670;4741;81583;386535404
MGNT;D;20220506;000000;4783;4784.5;4662.5;4750;59050;278131934.5
MGNT;D;20220511;000000;4755;4826;4680;4805;95955;456653756.5
MGNT;D;20220512;000000;4770;4898;4690;4720;129964;625820171.5
MGNT;D;20220513;000000;4744;4790;4608.5;4637;64942;303434984.5
MGNT;D;20220516;000000;4650;4825;4650;4790.5;74674;356918488
MGNT;D;20220517;000000;4846;4875;4790.5;4828.5;63862;309044216
MGNT;D;20220518;000000;4855;4923.5;4833;4890;70897;346799551.5
MGNT;D;20220519;000000;4895;4904.5;4792;4885;101366;492268425
MGNT;D;20220520;000000;4884.5;4884.5;4610;4620;85376;402374600
MGNT;D;20220523;000000;4658.5;4686.5;4412;4475.5;76706;344622730
MGNT;D;20220524;000000;4462;4474;4259;4350;84956;370125632.5
MGNT;D;20220525;000000;4348.5;4576;4348;4576;65156;292508052.5
MGNT;D;20220526;000000;4579.5;4690;4550;4610;92596;428171979
MGNT;D;20220527;000000;4610;4632;4470;4520;63205;287227934
MGNT;D;20220530;000000;4522.5;4622;4364;4622;78516;351821060
MGNT;D;20220531;000000;4600;4690.5;4515.5;4640;104974;486062938.5
MGNT;D;20220601;000000;4638;4638;4512.5;4586.5;65853;300894114
MGNT;D;20220602;000000;4575;4575;4380;4448;63445;283931152
MGNT;D;20220603;000000;4452;4452;4261;4382;91991;397483134.5
MGNT;D;20220606;000000;4362;4374.5;4200.5;4223.5;95316;405673534.5
MGNT;D;20220607;000000;4223.5;4463;4120;4420;199479;856015177.5
MGNT;D;20220608;000000;4430;4488;4280.5;4338;123803;541611993
MGNT;D;20220609;000000;4303;4324.5;4219;4300;75346;321172701
MGNT;D;20220610;000000;4299;4331;4185;4241;103762;440139183.5
MGNT;D;20220614;000000;4210;4237.5;4160;4200;58828;246076274.5
MGNT;D;20220615;000000;4191;4300;4150;4257;132523;560147445
MGNT;D;20220616;000000;4299;4399.5;4261.5;4393;127120;551542821
MGNT;D;20220617;000000;4388;4399.5;4295;4319;72235;312684537.5
MGNT;D;20220620;000000;4310.5;4370;4287.5;4370;66281;286649241
MGNT;D;20220621;000000;4360;4365;4250;4365;83086;359157637
MGNT;D;20220622;000000;4364.5;4474;4275;4458;174640;766266851.5
MGNT;D;20220623;000000;4465;4469;4315;4405;145172;636364261.5
MGNT;D;20220624;000000;4399.5;4420;4247;4359;130201;565219742.5
MGNT;D;20220627;000000;4347.5;4360;4294;4360;58131;252267295.5
MGNT;D;20220628;000000;4347;4360;4297;4327;105412;457648165
MGNT;D;20220629;000000;4327;4359;4271;4316;69135;298496004.5
MGNT;D;20220630;000000;4303;4347.5;4192.5;4238;176979;752670248
MGNT;D;20220701;000000;4250.5;4312;4155;4155;74927;318088224
MGNT;D;20220704;000000;4220;4275;4155;4198;77686;326599744.5
MGNT;D;20220705;000000;4190;4314;4172.5;4314;95168;403822167.5
MGNT;D;20220706;000000;4300;4360;4280;4306;109299;473800756
MGNT;D;20220707;000000;4312;4458;4300.5;4420;206511;906468970.5
MGNT;D;20220708;000000;4420;4448;4359;4439;75534;332628542.5
MGNT;D;20220711;000000;4430;4430;4282.5;4385;66633;289638682
MGNT;D;20220712;000000;4312;4369.5;4250;4300;79169;341928163.5
MGNT;D;20220713;000000;4317.5;4328;4250;4255.5;84066;359963616.5
MGNT;D;20220714;000000;4270.5;4285.5;4182.5;4228;69169;293031022
MGNT;D;20220715;000000;4230;4380;4200;4380;104865;449374487.5
MGNT;D;20220718;000000;4379;4425;4308;4382;100522;440176355
MGNT;D;20220719;000000;4383;4394.5;4225;4355;105824;455474991.5
MGNT;D;20220720;000000;4351;4370.5;4271.5;4315;56092;242019388
MGNT;D;20220721;000000;4333.5;4333.5;4234.5;4251;49767;212090568.5
MGNT;D;20220722;000000;4240.5;4345;4240.5;4341;75053;323311269
MGNT;D;20220725;000000;4342.5;4390;4317;4345;62041;270943829.5
MGNT;D;20220726;000000;4351;4520;4351;4512;156810;698440455.5
MGNT;D;20220727;000000;4521;4638;4521;4630;166604;764387596.5
MGNT;D;20220728;000000;4698;4782;4630;4765.5;374824;1767147716.5
MGNT;D;20220729;000000;4771;4889;4716;4889;252360;1217498108.5
MGNT;D;20220801;000000;4889;4889;4765.5;4800;252095;1216392818
MGNT;D;20220802;000000;4799.5;4885;4720;4813;209970;1011348460.5
MGNT;D;20220803;000000;4813;4948;4808.5;4910;259697;1273764190
MGNT;D;20220804;000000;4910;4975;4856.5;4883;329815;1620765076
MGNT;D;20220805;000000;4860.5;4880;4738;4799.5;245836;1179986053.5
MGNT;D;20220808;000000;4872;4948.5;4835;4880;120680;592281487.5
MGNT;D;20220809;000000;4883;5059;4852.5;5032.5;294896;1470158541.5
MGNT;D;20220810;000000;5036;5088.5;5000.5;5024;120092;606700328.5
MGNT;D;20220811;000000;5015;5069;4950;5002.5;89009;444861099.5
MGNT;D;20220812;000000;5010;5139.5;4977.5;5134;99022;502007784
MGNT;D;20220815;000000;5150;5186.5;5063;5159.5;133987;685904249
MGNT;D;20220816;000000;5160;5177;5102;5177;79197;407813534
MGNT;D;20220817;000000;5160;5300;5151;5270;196428;1029083610.5
MGNT;D;20220818;000000;5275;5354;5250;5350;125661;667734052
MGNT;D;20220819;000000;5359.5;5359.5;5174;5245;394029;2067775898
MGNT;D;20220822;000000;5243;5334.5;5196;5302;154388;815287690.5
MGNT;D;20220823;000000;5307;5331;5254;5319;120730;638164430
MGNT;D;20220824;000000;5318.5;5393;5281;5393;145890;780336762.5
MGNT;D;20220825;000000;5385;5450;5382.5;5440;123802;671544805.5
MGNT;D;20220826;000000;5430;5469;5382.5;5459.5;75094;407615888
MGNT;D;20220829;000000;5438.5;5459;5418;5450;68255;371393382.5
MGNT;D;20220830;000000;5450;5450;5420.5;5450;70929;385418882.5
MGNT;D;20220831;000000;5450;5509;5350;5490.5;161708;877880823
MGNT;D;20220901;000000;5480;5490;5392;5399;96263;524020105
MGNT;D;20220902;000000;5440;5485.5;5406.5;5485.5;68579;374288711
MGNT;D;20220905;000000;5486.5;5600;5451;5600;87389;480694267
MGNT;D;20220906;000000;5593;5597.5;5510;5510;147222;818465144.5
MGNT;D;20220907;000000;5501;5544.5;5455.5;5490;86612;476493287
MGNT;D;20220908;000000;5480;5490;5433;5433;94814;517806999
MGNT;D;20220909;000000;5435;5499;5420.5;5499;59651;325831726.5
MGNT;D;20220912;000000;5498;5630.5;5464;5575;122191;681508897
MGNT;D;20220913;000000;5580;5629;5545.5;5594;106645;597492122.5
MGNT;D;20220914;000000;5578;5593;5457.5;5558;133272;735946425.5
MGNT;D;20220915;000000;5558;5570;5480;5555.5;142249;785753537.5
MGNT;D;20220916;000000;5554;5620;5527.5;5582;100587;560396037
MGNT;D;20220919;000000;5542;5570;5480;5505;73034;402808262
MGNT;D;20220920;000000;5505;5515;5101;5222.5;473735;2523814085.5
MGNT;D;20220921;000000;4898.5;5100;4850;4904.5;318833;1589478186
MGNT;D;20220922;000000;4907.5;5085;4907.5;5015;185906;930678552
MGNT;D;20220923;000000;5059.5;5059.5;4700;4889;271044;1318833022.5
MGNT;D;20220926;000000;4815;4866;4380;4474;335583;1546063370
MGNT;D;20220927;000000;4519;4650;4306.5;4481.5;206101;920011693
MGNT;D;20220928;000000;4465.5;4780;4400;4750;170301;769866196.5
MGNT;D;20220929;000000;4740;4740;4421;4537.5;181775;830194134
MGNT;D;20220930;000000;4520;4745;4355;4722;222670;1009327142.5
MGNT;D;20221003;000000;4740;5030;4633;5008;266215;1301015811
MGNT;D;20221004;000000;4970;5019.5;4843;4906.5;163807;806437187
MGNT;D;20221005;000000;4900;4907;4740;4784.5;235178;1130205061
MGNT;D;20221006;000000;4802;4846.5;4711;4719.5;108016;514812007
MGNT;D;20221007;000000;4719.5;4719.5;4530;4546;118659;549635281.5
MGNT;D;20221010;000000;4399;4690;4352;4645;167248;769432017.5
MGNT;D;20221011;000000;4690;4849;4668.5;4838;173351;829066544.5
MGNT;D;20221012;000000;4866.5;4910;4710;4772;132667;637099259.5
MGNT;D;20221013;000000;4810;4810;4731;4772.5;83380;397581656.5
MGNT;D;20221014;000000;4780;4845;4760.5;4810;93454;449495791
MGNT;D;20221017;000000;4849;5064.5;4818.5;5060.5;200064;996481910.5
MGNT;D;20221018;000000;5072;5124.5;4890;4918.5;156729;787216369.5
MGNT;D;20221019;000000;4889.5;4999;4820;4961;213320;1047353028
MGNT;D;20221020;000000;4988;5058.5;4961.5;5011.5;114610;574054938
MGNT;D;20221021;000000;5012;5188;4971;5164;133009;674949486
MGNT;D;20221024;000000;5177;5256;5121;5196.5;107551;557100787
MGNT;D;20221025;000000;5218.5;5350;5167;5315;153877;811355251
MGNT;D;20221026;000000;5330;5369.5;5130;5270;160074;843682022.5
MGNT;D;20221027;000000;5302.5;5320;5182.5;5247;198454;1042250773
MGNT;D;20221028;000000;5230;5291.5;5180;5269;132533;694517611
MGNT;D;20221031;000000;5275;5302;5208;5237;92553;486519441.5
MGNT;D;20221101;000000;5250;5265;5190;5249.5;75467;394597380
MGNT;D;20221102;000000;5239;5270;5030;5170;88064;458860893.5
MGNT;D;20221103;000000;5167;5196;5100;5183;90260;464289999
MGNT;D;20221107;000000;5205;5259;5160;5208.5;127955;667002643
MGNT;D;20221108;000000;5204;5204;5105;5165;160124;824208635.5
MGNT;D;20221109;000000;5174;5174;5000;5027.5;156862;794818322
MGNT;D;20221110;000000;5045;5059.5;4927;5031.5;215901;1078014985.5
MGNT;D;20221111;000000;5049;5050;4966.5;5005;114515;572374238.5
MGNT;D;20221114;000000;5010;5049.5;4952;4974.5;124891;624339993
MGNT;D;20221115;000000;4980;5025;4735;4888;368208;1814327593
MGNT;D;20221116;000000;4912;4970;4894.5;4945.5;130353;643507765
MGNT;D;20221117;000000;4948.5;5090;4936;5011.5;314140;1578677489
MGNT;D;20221118;000000;5027;5027;4870;4918.5;283814;1397585022.5
MGNT;D;20221121;000000;4900.5;4920;4809;4856;168881;818704243
MGNT;D;20221122;000000;4865;4911.5;4846;4869;90194;439854325.5
MGNT;D;20221123;000000;4870;4898;4826;4879.5;69965;340612529.5
MGNT;D;20221124;000000;4885;4942;4869;4893;101941;500240202.5
MGNT;D;20221125;000000;4893.5;4912;4830;4849;89038;432499610.5
MGNT;D;20221128;000000;4837.5;4875;4811;4844;84465;408793709.5
MGNT;D;20221129;000000;4864;4871.5;4766;4819;138025;665131995.5
MGNT;D;20221130;000000;4827.5;4828.5;4790;4827;52206;250788987.5
MGNT;D;20221201;000000;4835.5;4840;4751;4777;130523;624647661.5
MGNT;D;20221202;000000;4777;4777;4663;4667;364639;1712768297
MGNT;D;20221205;000000;4669.5;4670;4552;4587;485824;2236216613.5
MGNT;D;20221206;000000;4591;4597;4450.5;4475.5;739873;3329303481
MGNT;D;20221207;000000;4475.5;4567.5;4440.5;4492.5;685499;3084990758.5
MGNT;D;20221208;000000;4509;4509;4421;4464;313032;1396356633
MGNT;D;20221209;000000;4462.5;4494;4431;4446;176202;785553288
MGNT;D;20221212;000000;4468;4563;4453;4560;458900;2072933453
MGNT;D;20221213;000000;4570;4600;4470;4529.5;483977;2199971162.5
MGNT;D;20221214;000000;4510.5;4525;4447;4454.5;279071;1248757847.5
MGNT;D;20221215;000000;4450;4473.5;4353;4382.5;362899;1594032474
MGNT;D;20221216;000000;4379;4429;4370;4386.5;170188;748628705
MGNT;D;20221219;000000;4369.5;4381;4257;4260;335425;1445309765
MGNT;D;20221220;000000;4250;4350;4239;4326;359133;1541325316.5
MGNT;D;20221221;000000;4333;4368.5;4271;4288.5;246884;1061513798
MGNT;D;20221222;000000;4288;4350;4245;4347;226935;980286065
MGNT;D;20221223;000000;4355.5;4394;4296;4315.5;213023;923494973
MGNT;D;20221226;000000;4315;4445;4315;4442;259938;1138670264.5
MGNT;D;20221227;000000;4450.5;4490;4423;4425.5;227798;1013910164.5
MGNT;D;20221228;000000;4423;4486.5;4370;4414.5;225915;1000738146.5
MGNT;D;20221229;000000;4400;4460;4395;4407.5;143413;635433501.5
MGNT;D;20221230;000000;4410.5;4419;4334;4340.5;253915;1107293540
MGNT;D;20230104;000000;4369.5;4383;4350.5;4369;66631;291030280
MGNT;D;20230105;000000;4370;4374.5;4308;4325.5;110050;477102817.5
MGNT;D;20230106;000000;4310;4329;4309;4319.5;45710;197520972.5
MGNT;D;20230109;000000;4324.5;4365;4320;4330;130304;565796674
MGNT;D;20230110;000000;4328;4378;4312.5;4372.5;142305;619395485
MGNT;D;20230111;000000;4379;4461;4361;4458;186034;822632084
MGNT;D;20230112;000000;4465;4664;4426;4638;818747;3758953088
MGNT;D;20230113;000000;4640;4675;4610;4620;360425;1669468317
MGNT;D;20230116;000000;4630.5;4688;4612;4674;280510;1309202402
MGNT;D;20230117;000000;4685;4726.5;4590;4628;523049;2437355764
MGNT;D;20230118;000000;4628;4658;4557;4575.5;242687;1120279183.5
MGNT;D;20230119;000000;4579.5;4586;4465;4504.5;338491;1529393033.5
MGNT;D;20230120;000000;4528;4577;4509;4575.5;200307;910547882.5
MGNT;D;20230123;000000;4581;4647.5;4581;4634.5;155186;718009670.5
MGNT;D;20230124;000000;4642;4676;4567;4586.5;208754;964964337
MGNT;D;20230125;000000;4587;4599;4560;4597;85481;391391179.5
MGNT;D;20230126;000000;4594;4637.5;4579.5;4602;99617;458710752
MGNT;D;20230127;000000;4609;4615;4582.5;4609;79282;364923016.5
MGNT;D;20230130;000000;4612;4663;4601.5;4653.5;140430;651447347
MGNT;D;20230131;000000;4658;4685;4651.5;4665;149446;697764008
MGNT;D;20230201;000000;4675;4676;4601;4647;160065;743151975
MGNT;D;20230202;000000;4648;4739;4619.5;4694;257842;1211136429.5
MGNT;D;20230203;000000;4704;4707;4625;4665;148908;694345804
MGNT;D;20230206;000000;4670;4748.5;4664;4720;160765;758683042
MGNT;D;20230207;000000;4725.5;4774;4708.5;4757;156723;744154841
MGNT;D;20230208;000000;4770;4796;4500;4698;331190;1551075513
MGNT;D;20230209;000000;4702;4739;4660;4696;120176;565151728.5
MGNT;D;20230210;000000;4695.5;4755;4665;4683.5;139278;655584331.5
MGNT;D;20230213;000000;4695;4710;4683.5;4689;72651;341144541
MGNT;D;20230214;000000;4681;4702.5;4605;4621;130087;602888329.5
MGNT;D;20230215;000000;4610;4619;4355.5;4432.5;283445;1273274891
MGNT;D;20230216;000000;4465;4513.5;4382.5;4430;174886;778808328
MGNT;D;20230217;000000;4412;4465.5;4392;4447.5;86668;384763621
MGNT;D;20230220;000000;4447.5;4490;4405.5;4481.5;76416;339829522
MGNT;D;20230221;000000;4494.5;4590;4466;4566;133616;608270513.5
MGNT;D;20230222;000000;4570;4579;4508;4549.5;91721;417254188
MGNT;D;20230224;000000;4555;4596;4545;4559.5;60466;276486098.5
MGNT;D;20230227;000000;4535;4650;4512;4643;106082;488634955.5
MGNT;D;20230228;000000;4661;4677;4571.5;4594;155382;716798173
MGNT;D;20230301;000000;4604.5;4611.5;4527;4567;312887;1426164243.5
MGNT;D;20230302;000000;4568;4568;4490.5;4524;144975;656508767
MGNT;D;20230303;000000;4520;4558.5;4512;4546.5;82023;372774094
MGNT;D;20230306;000000;4564.5;4574;4540.5;4559;90200;411209537.5
MGNT;D;20230307;000000;4559.5;4568.5;4520;4553;80984;368627287.5
MGNT;D;20230309;000000;4559;4588;4545.5;4551.5;91770;419258857.5
MGNT;D;20230310;000000;4540;4550;4495;4524;142577;644815867
MGNT;D;20230313;000000;4526.5;4554.5;4500;4527.5;95241;431049351.5
MGNT;D;20230314;000000;4527.5;4554.5;4515;4539.5;101902;462571444.5
MGNT;D;20230315;000000;4550.5;4570;4456;4500;155669;702258371
MGNT;D;20230316;000000;4511.5;4512;4455.5;4492;124223;556193526.5
MGNT;D;20230317;000000;4492;4522;4477;4504;109861;493631932.5
MGNT;D;20230320;000000;4509;4564;4485;4562.5;260375;1179254906
MGNT;D;20230321;000000;4563.5;4596.5;4495;4518;224691;1023221894
MGNT;D;20230322;000000;4520.5;4538;4502;4510;78686;355399761
MGNT;D;20230323;000000;4521;4528;4471.5;4491;136497;613220039.5
MGNT;D;20230324;000000;4490;4506;4477;4495;84673;380225619
MGNT;D;20230327;000000;4503;4542;4495;4516;233799;1054692303.5
MGNT;D;20230328;000000;4526.5;4567;4502;4512.5;225323;1020318345
MGNT;D;20230329;000000;4511.5;4555;4495;4527.5;245558;1112161516
MGNT;D;20230330;000000;4528;4587.5;4522;4583;177790;808018000.5
MGNT;D;20230331;000000;4592;4700;4582;4610;657513;3049873974
MGNT;D;20230403;000000;4632.5;4672;4550;4582;282448;1295275712
MGNT;D;20230404;000000;4582;4624;4555;4565;212218;972162004.5
MGNT;D;20230405;000000;4579;4579;4512;4554;134985;613944910
MGNT;D;20230406;000000;4564;4586;4552.5;4571.5;106290;485753120
MGNT;D;20230407;000000;4571.5;4592;4562;4574;101721;465501387
MGNT;D;20230410;000000;4576;4628;4576;4624;145461;668854592.5
MGNT;D;20230411;000000;4629;4648.5;4539.5;4552.5;329558;1514090412
MGNT;D;20230412;000000;4552.5;4590;4526.5;4576.5;171043;780700232
MGNT;D;20230413;000000;4577;4605;4530.5;4555;139311;634835728
MGNT;D;20230414;000000;4555;4588.5;4532.5;4575;103585;473067729.5
MGNT;D;20230417;000000;4625;4678;4590;4677.5;275940;1281563576.5
MGNT;D;20230418;000000;4688.5;4847.5;4678;4844.5;573375;2732658237
MGNT;D;20230419;000000;4844;4893;4670;4730.5;566526;2718782033
MGNT;D;20230420;000000;4735;4859.5;4731;4806.5;697591;3354350283.5
MGNT;D;20230421;000000;4830;4847.5;4785;4808;153257;737516964.5
MGNT;D;20230424;000000;4829;4858;4800.5;4817.5;166278;803223168
MGNT;D;20230425;000000;4836.5;4836.5;4773.5;4789;125764;603433179
MGNT;D;20230426;000000;4793;4817.5;4727;4756.5;188726;899475013
MGNT;D;20230427;000000;4756.5;4784.5;4731;4765;149777;712428685
MGNT;D;20230428;000000;4770;4777;4680;4686.5;174637;825003222.5
MGNT;D;20230502;000000;4686.5;4703.5;4562.5;4585.5;333637;1538066011.5
MGNT;D;20230503;000000;4596;4600;4411;4442;316393;1424565769
MGNT;D;20230504;000000;4460;4509;4387;4450;217146;966968689
MGNT;D;20230505;000000;4441;4482;4398.5;4422.5;178493;792555035
MGNT;D;20230508;000000;4428;4473.5;4412.5;4416;72236;320354347
MGNT;D;20230510;000000;4423;4546.5;4417.5;4529.5;169029;761252403.5
MGNT;D;20230511;000000;4544.5;4588;4460;4518;231283;1048116792.5
MGNT;D;20230512;000000;4529.5;4544.5;4440;4470.5;215955;965690134
MGNT;D;20230515;000000;4483.5;4540;4478;4519.5;160626;724643297.5
MGNT;D;20230516;000000;4537;4659;4524.5;4614;276915;1273327230
MGNT;D;20230517;000000;4620;4645;4556;4605.5;146137;671040214.5
MGNT;D;20230518;000000;4610;4619;4564;4578.5;117893;541206051
MGNT;D;20230519;000000;4578;4648;4558;4619;158258;729020191
MGNT;D;20230522;000000;4648;4678.5;4612.5;4631;283848;1320725767.5
MGNT;D;20230523;000000;4623;4652;4406;4419;728076;3277315252
MGNT;D;20230524;000000;4315.5;4424.5;4136;4208.5;3400618;14437709585
MGNT;D;20230525;000000;4187;4194.5;3965;4040;2211811;8962137405
MGNT;D;20230526;000000;4039;4178.5;3992;4139;1408564;5798238093
MGNT;D;20230529;000000;4150;4166;4044;4121;741042;3033414077.5
MGNT;D;20230530;000000;4170;4284.5;4134.5;4178;1191433;5025709162
MGNT;D;20230531;000000;4178;4294.5;4087;4293.5;732249;3076350801
MGNT;D;20230601;000000;4368;4390;4310;4370;1041876;4539672982.5
MGNT;D;20230602;000000;4375;4381.5;4285.5;4323.5;576833;2490639401.5
MGNT;D;20230605;000000;4336;4337;4181;4213.5;519020;2208314773.5
MGNT;D;20230606;000000;4211;4262.5;4140;4234.5;407570;1703074848
MGNT;D;20230607;000000;4249.5;4286;4213;4250.5;325554;1383210024
MGNT;D;20230608;000000;4240;4289;4220;4260;199161;848908676
MGNT;D;20230609;000000;4246;4267.5;4229;4230;151384;642804899.5
MGNT;D;20230613;000000;4251.5;4374;4239.5;4365;379371;1636970069
MGNT;D;20230614;000000;4369;4383.5;4320;4351;302992;1316118933.5
MGNT;D;20230615;000000;4359.5;4540;4321;4513;1290188;5769181928.5
MGNT;D;20230616;000000;4501;4940;4462.5;4896.5;3036391;14444394709
MGNT;D;20230619;000000;4988.5;5138;4877;4885;2693764;13416005349
MGNT;D;20230620;000000;4884.5;4926.5;4818;4898;792337;3862803161
MGNT;D;20230621;000000;4901;4998;4860;4982.5;584551;2887998923.5
MGNT;D;20230622;000000;4982;4993.5;4874.5;4901;415104;2052585782.5
MGNT;D;20230623;000000;4875;4918;4690.5;4725;715599;3437788839
MGNT;D;20230626;000000;4839;4881;4601.5;4779.5;868763;4138857323.5
MGNT;D;20230627;000000;4790;4880;4751;4837.5;370901;1790876894
MGNT;D;20230628;000000;4833;5194;4806;5190;2681346;13475092559.5
MGNT;D;20230629;000000;5201;5216;5085.5;5133;1228001;6312229456.5
MGNT;D;20230630;000000;5140;5178.5;5087.5;5156;581609;2989745022.5
MGNT;D;20230703;000000;5161.5;5356;5152.5;5267;1226413;6465732099.5
MGNT;D;20230704;000000;5278.5;5312.5;5168;5270;840774;4405098901.5
MGNT;D;20230705;000000;5299;5374.5;5280;5346.5;781733;4172085825
MGNT;D;20230706;000000;5347;5365;5280;5289;371952;1973727221.5
MGNT;D;20230707;000000;5291;5359;5255;5325;354884;1886552453.5
MGNT;D;20230710;000000;5351;5519.5;5313;5490;790288;4290512871.5
MGNT;D;20230711;000000;5508;5617.5;5462;5511;836998;4640367909
MGNT;D;20230712;000000;5528;5565;5471;5495;359267;1981149584
MGNT;D;20230713;000000;5500.5;5533;5451;5487.5;287636;1580443764
MGNT;D;20230714;000000;5480;5523.5;5461;5506;209973;1155072653
MGNT;D;20230717;000000;5485;5588;5457;5563.5;373168;2071090986
MGNT;D;20230718;000000;5563.5;5714.5;5550.5;5683;707910;4006624494
MGNT;D;20230719;000000;5685;5814;5592;5647;752745;4300493722.5
MGNT;D;20230720;000000;5664;5664;5490;5496;513018;2868435241.5
MGNT;D;20230721;000000;5495;5745;5410;5733;893018;5056363306
MGNT;D;20230724;000000;5735.5;5903;5728;5816.5;1077878;6279297609.5
MGNT;D;20230725;000000;5832;5945;5805;5900;576749;3388445908.5
MGNT;D;20230726;000000;5916.5;6023;5821.5;5825;1324715;7827135507
MGNT;D;20230727;000000;5880;5900;5720.5;5801.5;685651;3978766440
MGNT;D;20230728;000000;5819.5;5830;5733;5803;332504;1925096326
MGNT;D;20230731;000000;5824.5;5840;5765;5797.5;404240;2342680814
MGNT;D;20230801;000000;5796;5796;5747;5760.5;343676;1980727668
MGNT;D;20230802;000000;5759;5825;5737.5;5796.5;281722;1629851763
MGNT;D;20230803;000000;5820;5820;5762.5;5808;243788;1412802466.5
MGNT;D;20230804;000000;5819;5819;5541.5;5657.5;733728;4186743466.5
MGNT;D;20230807;000000;5693;5815;5557;5590;682619;3905264607
MGNT;D;20230808;000000;5589;5673.5;5475;5666.5;652411;3630521897.5
MGNT;D;20230809;000000;5669;5720;5575.5;5607;420489;2373016126
MGNT;D;20230810;000000;5614;5860;5561;5718;904925;5166358627
MGNT;D;20230811;000000;5734;5750;5645;5691;453459;2582782525
MGNT;D;20230814;000000;5715;5742.5;5485;5522.5;845368;4767149386.5
MGNT;D;20230815;000000;5502.5;5664;5435;5549.5;524142;2922831826
MGNT;D;20230816;000000;5555;5585;5400;5500;482749;2641197111.5
MGNT;D;20230817;000000;5525;5596.5;5460;5557;389456;2158062751.5
MGNT;D;20230818;000000;5559;5668;5506;5666;437894;2452962268
MGNT;D;20230821;000000;5699.5;5986;5652.5;5918;1357412;7939585883.5
MGNT;D;20230822;000000;5925;5988;5835;5902;776199;4595232171.5
MGNT;D;20230823;000000;5914;5936;5712.5;5726;672950;3907135211
MGNT;D;20230824;000000;5756.5;5880;5733;5865;380223;2206750879
MGNT;D;20230825;000000;5900;5947;5880.5;5888;545408;3224273184
MGNT;D;20230828;000000;5910;6000;5850.5;5984.5;536924;3189632756
MGNT;D;20230829;000000;5995;6144.5;5926;5978;1412372;8535562823.5
MGNT;D;20230830;000000;5978;5985;5836.5;5935.5;784508;4639004713.5
MGNT;D;20230831;000000;5937;6100;5937;6080;749240;4532323084
MGNT;D;20230901;000000;6090;6100;6003;6078;365859;2214615874
MGNT;D;20230904;000000;6099;6130.5;6060.5;6102;283698;1730291597
MGNT;D;20230905;000000;6110.5;6110.5;6001;6035;353823;2139883251.5
MGNT;D;20230906;000000;6030;6035;5900;5906;330895;1968354674.5
MGNT;D;20230907;000000;5900.5;5955;5670;5745.5;647491;3754432451
MGNT;D;20230908;000000;5762.5;5798;5585;5704.5;702542;3995930941.5
MGNT;D;20230911;000000;5695;5747.5;5563;5605;489160;2755520053.5
MGNT;D;20230912;000000;5649;5793;5630;5784.5;465085;2655242286
MGNT;D;20230913;000000;5779.5;5793;5618.5;5654.5;239543;1369613809
MGNT;D;20230914;000000;5656;5895;5577;5795;686357;3932258039
MGNT;D;20230915;000000;5791.5;5871;5710.5;5795;465452;2702852011
MGNT;D;20230918;000000;5849;5849;5700;5775;328597;1895327937.5
MGNT;D;20230919;000000;5769;5775;5540;5558;550758;3101569410.5
MGNT;D;20230920;000000;5564;5590;5457.5;5491;531822;2932349010
MGNT;D;20230921;000000;5470.5;5494;5251;5283;915890;4915342624
MGNT;D;20230922;000000;5300;5480;5222.5;5475;670240;3595484476.5
MGNT;D;20230925;000000;5461;5505;5350;5407.5;265973;1439616110
MGNT;D;20230926;000000;5390.5;5419.5;5293;5405;297764;1592869851
MGNT;D;20230927;000000;5420;5535;5411;5495;390034;2138921607
MGNT;D;20230928;000000;5502;5557;5475;5551.5;256510;1418186208.5
MGNT;D;20230929;000000;5560;5580;5481;5505;284430;1572406801.5
MGNT;D;20231002;000000;5535.5;5590;5470;5489;255321;1412866537
MGNT;D;20231003;000000;5489;5496;5397;5461;283781;1542394932
MGNT;D;20231004;000000;5422.5;5500;5411;5457;173532;947664506
MGNT;D;20231005;000000;5458;5478;5388;5425.5;180726;980576088
MGNT;D;20231006;000000;5445;5449;5365;5430.5;234840;1267373354.5
MGNT;D;20231009;000000;5432;5546;5432;5518;206004;1129632968.5
MGNT;D;20231010;000000;5525;5795;5503.5;5656;573655;3234505781
MGNT;D;20231011;000000;5674.5;5715;5505;5550.5;541666;3046272575.5
MGNT;D;20231012;000000;5540;5589;5516;5562;182553;1013976733
MGNT;D;20231013;000000;5565;5642;5510;5599.5;261073;1455479253.5
MGNT;D;20231016;000000;5610;5689.5;5605;5665;212725;1202330588.5
MGNT;D;20231017;000000;5672;5789.5;5640;5764.5;397296;2281245643
MGNT;D;20231018;000000;5764.5;5788;5675;5753;285576;1637937154.5
MGNT;D;20231019;000000;5781;5862.5;5730;5795.5;441526;2558408488.5
MGNT;D;20231020;000000;5794;5850;5737;5839;270862;1570697589.5
MGNT;D;20231023;000000;5840;5988.5;5840;5973.5;691922;4112679983.5
MGNT;D;20231024;000000;5982;6090;5925.5;6073;724264;4366583683.5
MGNT;D;20231025;000000;6073;6137.5;6002;6046.5;417358;2540910512
MGNT;D;20231026;000000;6040;6072.5;5888;5913;434469;2597804607.5
MGNT;D;20231027;000000;5932;6090;5867.5;6015;551342;3299056178
MGNT;D;20231030;000000;6022;6055.5;5931.5;5948;275365;1648311729
MGNT;D;20231031;000000;5934;5946.5;5777.5;5818;430589;2521219313.5
MGNT;D;20231101;000000;5815;5924.5;5810;5874;200253;1177540505.5
MGNT;D;20231102;000000;5877;5927;5840;5847;160039;942046076
MGNT;D;20231103;000000;5860;5892;5817;5866.5;128997;755065912
MGNT;D;20231106;000000;5873;5949.5;5859;5896.5;136700;805635465.5
MGNT;D;20231107;000000;5890;6078;5865;6044.5;418934;2514585703.5
MGNT;D;20231108;000000;6055;6175;6028.5;6090;552321;3379597221
MGNT;D;20231109;000000;6096;6115.5;5992;6079.5;328658;1990793385.5
MGNT;D;20231110;000000;6078;6110;5995;6015.5;193873;1171345671.5
MGNT;D;20231113;000000;6020;6119.5;5974;6061;233155;1412363390.5
MGNT;D;20231114;000000;6062;6088.5;5911;5940;498702;2987642237
MGNT;D;20231115;000000;5916.5;5973.5;5851;5935;472151;2795889009.5
MGNT;D;20231116;000000;5940.5;5956;5817.5;5823;219430;1291319338.5
MGNT;D;20231117;000000;5811;5930;5760.5;5903.5;271721;1588877000
MGNT;D;20231120;000000;5903.5;6005.5;5903.5;5931;236127;1406716172
MGNT;D;20231121;000000;5931;5980;5900.5;5952;208915;1239699985.5
MGNT;D;20231122;000000;5967;6049;5952.5;6045.5;279496;1677906149
MGNT;D;20231123;000000;6046;6350;5988;6259;1662085;10337796425.5
MGNT;D;20231124;000000;6240;6388;6165.5;6323;1728347;10837801997
MGNT;D;20231127;000000;6348;6390;6260;6290;647877;4090163938
MGNT;D;20231128;000000;6319;6353;6261;6347.5;353476;2228045550
MGNT;D;20231129;000000;6350.5;6447;6300.5;6377.5;326186;2079140466
MGNT;D;20231130;000000;6377.5;6434.5;6275;6354;387570;2460608979
MGNT;D;20231201;000000;6370;6480;6330.5;6405.5;467590;3001867000.5
MGNT;D;20231204;000000;6425;6438.5;6265;6265;404342;2560923714.5
MGNT;D;20231205;000000;6266.5;6334;6225;6333.5;218129;1369798730
MGNT;D;20231206;000000;6339;6479.5;6287.5;6352;415212;2652753689
MGNT;D;20231207;000000;6362;6390;6231;6264;305968;1928370625
MGNT;D;20231208;000000;6275.5;6295;6162;6170;238483;1482978838.5
MGNT;D;20231211;000000;6170;6193;6005;6058.5;319313;1942959977
MGNT;D;20231212;000000;6068.5;6137.5;6022;6071.5;251565;1531354539.5
MGNT;D;20231213;000000;6048;6128;6026.5;6096.5;131587;801282865
MGNT;D;20231214;000000;6109.5;6165.5;6030;6072.5;200580;1224301008
MGNT;D;20231215;000000;6072;6398;6057;6362;430288;2689954447
MGNT;D;20231218;000000;6375;6472.5;6318;6464.5;322314;2068519964
MGNT;D;20231219;000000;6472.5;6495.5;6377.5;6477.5;213295;1373805869.5
MGNT;D;20231220;000000;6490;6768;6478;6692.5;610722;4054267004.5
MGNT;D;20231221;000000;6694.5;6748.5;6590;6704.5;379933;2534412321
MGNT;D;20231222;000000;6705.5;6741;6645;6680;231414;1547190413.5
MGNT;D;20231225;000000;6685;6939.5;6685;6939.5;592977;4047522843.5
MGNT;D;20231226;000000;6944;6975;6859.5;6920.5;374409;2587595375
MGNT;D;20231227;000000;6944;7018.5;6907.5;6982.5;333348;2327981407
MGNT;D;20231228;000000;7002;7014.5;6875;6970;243885;1695036917.5
MGNT;D;20231229;000000;6970;7018;6930.5;7006;229018;1599204286.5
MGNT;D;20240103;000000;7015;7187.5;7014.5;7187;187353;1334381695
MGNT;D;20240104;000000;7190;7316.5;7189.5;7305.5;276550;2010814005
MGNT;D;20240105;000000;7323;7342;7211;7255.5;195882;1423658352.5
MGNT;D;20240108;000000;7272;7298.5;7150;7210;270112;1946401417.5
MGNT;D;20240109;000000;7197;7239;7141;7214.5;323478;2322092122
MGNT;D;20240110;000000;7215;7380;7182;7380;709872;5167352487.5
MGNT;D;20240111;000000;7048;7173.5;7021.5;7114.5;1038801;7382972521.5
MGNT;D;20240112;000000;7120;7147;7057;7082;287973;2043287451.5
MGNT;D;20240115;000000;7098;7115;7041;7070;316211;2238307306.5
MGNT;D;20240116;000000;7080;7088.5;6909;6923;518865;3636115206
MGNT;D;20240117;000000;6900.5;6970;6882.5;6943.5;207214;1435423388.5
MGNT;D;20240118;000000;6949;6968;6811.5;6816.5;369907;2539362996
MGNT;D;20240119;000000;6817;7032.5;6786;6944.5;700649;4855740848
MGNT;D;20240122;000000;6967;6971.5;6881;6890.5;171690;1186859482
MGNT;D;20240123;000000;6890.5;6917;6845.5;6883.5;113300;779161170.5
MGNT;D;20240124;000000;6883;6950;6871.5;6895;161076;1113247362
MGNT;D;20240125;000000;6900;6911.5;6831;6864.5;147604;1013517720
MGNT;D;20240126;000000;6870;6870;6805;6820.5;179482;1226461361.5
MGNT;D;20240129;000000;6830;6909;6812;6905.5;124724;856245350.5
MGNT;D;20240130;000000;6920;7113;6899.5;7049.5;497607;3497499537
MGNT;D;20240131;000000;7049.5;7099;6995.5;7039.5;193540;1362316068.5
MGNT;D;20240201;000000;7063;7138;7043;7119;331453;2351290152.5
MGNT;D;20240202;000000;7126.5;7194.5;7101;7116;247727;1771344326
MGNT;D;20240205;000000;7114;7168.5;7052.5;7062.5;157748;1119474028.5
MGNT;D;20240206;000000;7074;7199;7062.5;7199;221785;1584897732.5
MGNT;D;20240207;000000;7200;7301.5;7146;7283.5;334242;2418981854
MGNT;D;20240208;000000;7284;7425;7261;7318;564207;4142502460.5
MGNT;D;20240209;000000;7320;7328;7220;7283;252277;1832600723
MGNT;D;20240212;000000;7294.5;7345.5;7195;7249;256940;1861228069.5
MGNT;D;20240213;000000;7249.5;7313;7200.5;7250;207774;1507626057
MGNT;D;20240214;000000;7270;7428.5;7253.5;7420;362006;2667193074
MGNT;D;20240215;000000;7420.5;7508;7403;7471.5;425000;3175527504
MGNT;D;20240216;000000;7484.5;7494.5;7332;7424.5;258441;1915074598
MGNT;D;20240219;000000;7438;7516.5;7385;7399.5;202507;1510342130.5
MGNT;D;20240220;000000;7399.5;7491;7255;7256.5;279154;2062201036
MGNT;D;20240221;000000;7254;7399;7152;7199;364979;2650830716.5
MGNT;D;20240222;000000;7210;7278.5;7200;7272;260873;1888779961
MGNT;D;20240226;000000;7344;7450;7336.5;7401;241715;1790964645.5
MGNT;D;20240227;000000;7430;7499.5;7340.5;7499.5;335332;2492400367
MGNT;D;20240228;000000;7530;7686;7504;7631.5;554137;4221955871.5
MGNT;D;20240229;000000;7635;7679;7581.5;7651.5;214941;1640226380
MGNT;D;20240301;000000;7652;7725;7612.5;7634;215626;1654261423.5
MGNT;D;20240304;000000;7639.5;7710;7592;7698;252125;1930734348
MGNT;D;20240305;000000;7704;7739.5;7600;7610;198174;1517322528.5
MGNT;D;20240306;000000;7600.5;7678.5;7550.5;7613;159812;1219500882.5
MGNT;D;20240307;000000;7605;7651;7562;7646;176886;1345328174
MGNT;D;20240311;000000;7660;7767.5;7630.5;7760;314549;2419773110.5
MGNT;D;20240312;000000;7750;7794;7701.5;7744;208351;1615466185.5
MGNT;D;20240313;000000;7760.5;7764;7630;7648.5;160872;1239019243
MGNT;D;20240314;000000;7648.5;7648.5;7551;7607.5;257126;1951363082
MGNT;D;20240315;000000;7605;7695;7591.5;7611.5;181148;1384974398.5
MGNT;D;20240318;000000;7629;7676;7609;7636;106297;811201684.5
MGNT;D;20240319;000000;7635;7686.5;7573;7586;218493;1670602183.5
MGNT;D;20240320;000000;7575.5;7663;7522;7599;208868;1587127650.5
MGNT;D;20240321;000000;7616.5;7650;7560;7604;114933;873502096.5
MGNT;D;20240322;000000;7604.5;7608.5;7374.5;7410.5;475259;3555889230
MGNT;D;20240325;000000;7448.5;7640;7432.5;7611.5;307499;2318465094
MGNT;D;20240326;000000;7649.5;7700;7598.5;7689;190322;1456539327.5
MGNT;D;20240327;000000;7694;7749.5;7625;7709;306313;2356643716.5
MGNT;D;20240328;000000;7709;7878;7690;7740.5;690438;5379746071
MGNT;D;20240329;000000;7771.5;7968;7736;7896;448657;3531590157
MGNT;D;20240401;000000;7905;7988;7890;7943;283871;2258075229
MGNT;D;20240402;000000;7947;7965;7752.5;7818;374627;2932490696.5
MGNT;D;20240403;000000;7838;7860;7755;7804;227901;1779705572
MGNT;D;20240404;000000;7807;7920;7780;7864.5;218698;1721222006.5
MGNT;D;20240405;000000;7868.5;7943.5;7808.5;7840;172920;1361406927
MGNT;D;20240408;000000;7853;8000;7832;8000;283220;2252305373.5
MGNT;D;20240409;000000;8030;8065;7890;7935;214035;1705263965
MGNT;D;20240410;000000;7940;7967;7875.5;7918;117158;927344384
MGNT;D;20240411;000000;7920;7958.5;7880;7880.5;68437;541456202
MGNT;D;20240412;000000;7881.5;8000;7881.5;7991.5;205251;1634939191.5
MGNT;D;20240415;000000;7992;8258;7976.5;8248.5;454367;3689087502
MGNT;D;20240416;000000;8248;8365.5;8111.5;8232;428277;3544603036.5
MGNT;D;20240417;000000;8235;8257;8126.5;8160;138902;1134316201.5
MGNT;D;20240418;000000;8160;8192;8046.5;8078.5;230478;1863745833
MGNT;D;20240419;000000;8106.5;8230;8055;8181.5;152883;1248663501.5
MGNT;D;20240422;000000;8192;8281;8169;8204;217859;1792627964.5
MGNT;D;20240423;000000;8212;8300;8131;8211.5;261355;2155736002
MGNT;D;20240424;000000;8212;8277.5;8111;8153;210299;1719938643
MGNT;D;20240425;000000;8131;8198.5;8100;8122;72687;591560482
MGNT;D;20240426;000000;8122;8329;8113.5;8310;249514;2055458281
MGNT;D;20240427;000000;8310;8330;8163;8235;229953;1895243971
MGNT;D;20240429;000000;8235;8360;8177;8324;192372;1593926719
MGNT;D;20240430;000000;8322;8431.5;8302.5;8405;170245;1427820454
MGNT;D;20240502;000000;8400;8430;8206;8283;165693;1375857626.5
MGNT;D;20240503;000000;8284;8321;8227;8259.5;133206;1102327524
MGNT;D;20240506;000000;8269;8306.5;8183.5;8209.5;96384;793202166
MGNT;D;20240507;000000;8210;8294;8203;8267;134657;1112224432
MGNT;D;20240508;000000;8268;8316;8238;8247;105004;868874481.5
MGNT;D;20240510;000000;8250;8380.5;8250;8370.5;104675;872634465
MGNT;D;20240513;000000;8380.5;8425.5;8260;8313;193072;1606852772
MGNT;D;20240514;000000;8310;8362.5;8273.5;8290;136508;1135621527.5
MGNT;D;20240515;000000;8290;8470;8274;8444;232064;1944972115.5
MGNT;D;20240516;000000;8450;8488;8315;8355;251828;2109023492.5
MGNT;D;20240517;000000;8362;8379;8211;8230;185198;1532082781.5
MGNT;D;20240520;000000;8230;8325;8056.5;8145.5;291981;2383062038
MGNT;D;20240521;000000;8145;8268;8014;8199.5;452359;3688180042
MGNT;D;20240522;000000;8212.5;8233;8071;8090;163163;1327757249
MGNT;D;20240523;000000;8090;8178.5;8031;8082;232486;1883490599.5
MGNT;D;20240524;000000;8082;8140;7955;8057;329477;2648321819.5
MGNT;D;20240527;000000;8057;8100;7845;7872;194934;1550674281.5
MGNT;D;20240528;000000;7901;8050;7772;7818.5;227145;1797494117.5
MGNT;D;20240529;000000;7825;7882.5;7667.5;7874.5;277528;2152944005
MGNT;D;20240530;000000;7870;7917;7683;7692.5;200528;1562204025
MGNT;D;20240531;000000;7746;7746;7072;7072;1101284;7959633477.5
MGNT;D;20240603;000000;7000;7000;6334;6697;2037200;13576135145
MGNT;D;20240604;000000;6700;6845;6601;6828.5;582559;3929633141
MGNT;D;20240605;000000;6829;6903;6612;6636;533416;3599135688
MGNT;D;20240606;000000;6660;6724.5;6585.5;6692;246290;1643087492
MGNT;D;20240607;000000;6724.5;6895.5;6700.5;6744;514382;3485451977
MGNT;D;20240610;000000;6787;6799;6535;6580;254236;1697018061
MGNT;D;20240611;000000;6600;6634;6415;6486;385987;2511082018.5
MGNT;D;20240613;000000;6212;6640;6200;6491;533475;3415268381.5
MGNT;D;20240614;000000;6502;6670;6460;6620;226511;1493140721
MGNT;D;20240617;000000;6659;6738;6557;6619.5;206849;1377505421.5
MGNT;D;20240618;000000;6630;6724;6550;6556.5;222948;1483347055
MGNT;D;20240619;000000;6582.5;6593;6440;6579;237154;1544851451.5
MGNT;D;20240620;000000;6615;6641.5;6313;6572;659246;4277782224
MGNT;D;20240621;000000;6578;6596.5;6412;6457;192032;1247335459.5
MGNT;D;20240624;000000;6451;6497;6275;6281;278322;1768460808.5
MGNT;D;20240625;000000;6279.5;6400;6166;6390;311167;1950163819.5
MGNT;D;20240626;000000;6403.5;6415;6302.5;6375;233658;1487043284.5
MGNT;D;20240627;000000;6394;6394;6321.5;6340.5;112419;714407799.5
MGNT;D;20240628;000000;6350;6393;6295.5;6369;156740;994903930.5
MGNT;D;20240701;000000;6390;6600;6380.5;6558;365056;2377493392
MGNT;D;20240702;000000;6580;6620;6535;6592;192650;1267738752.5
MGNT;D;20240703;000000;6595;6649.5;6505;6530;230031;1512614872
MGNT;D;20240704;000000;6529;6564;6432;6470;143920;935266438.5
MGNT;D;20240705;000000;6450;6508;6400.5;6435;130996;845014204
MGNT;D;20240708;000000;6460;6507.5;6362;6392;103604;666168439.5
MGNT;D;20240709;000000;6426;6443.5;6130;6136;231324;1457556281.5
MGNT;D;20240710;000000;6135;6188;5802;5835.5;468097;2807275387
MGNT;D;20240711;000000;5835.5;6284.5;5805;6241.5;435034;2643297937
MGNT;D;20240712;000000;6241.5;6333;6080;6215;542236;3358558376.5
MGNT;D;20240715;000000;5856;5932.5;5820;5890;468881;2755056141.5
MGNT;D;20240716;000000;5895;5942.5;5616;5912;438099;2525185315.5
MGNT;D;20240717;000000;5945;5958.5;5757;5790;188838;1102690698
MGNT;D;20240718;000000;5790;6048.5;5776;6006.5;204415;1208440515
MGNT;D;20240719;000000;5977.5;6138;5953;6113;193103;1170207383
MGNT;D;20240722;000000;6149;6174.5;6035;6079.5;132352;808258056.5
MGNT;D;20240723;000000;6061.5;6076.5;6000;6039.5;83095;501891748
MGNT;D;20240724;000000;6029;6072;5915;5934;234143;1400862075
MGNT;D;20240725;000000;5929;5966;5873.5;5902.5;237879;1409991854.5
MGNT;D;20240726;000000;5914;5989;5806;5932;272961;1614086621
MGNT;D;20240729;000000;5929;5930;5718.5;5757.5;181393;1050751453.5
MGNT;D;20240730;000000;5743;5800;5680;5797.5;239016;1371410532
MGNT;D;20240731;000000;5797;5840;5731;5750.5;166176;958693833
MGNT;D;20240801;000000;5755;5780;5670;5690.5;135028;776505686.5
MGNT;D;20240802;000000;5690.5;5716;5632.5;5639;154845;877342407
MGNT;D;20240805;000000;5590;5598.5;5450.5;5505;232052;1281733561
MGNT;D;20240806;000000;5525.5;5580;5450.5;5482;160499;882105409.5
MGNT;D;20240807;000000;5492;5622.5;5425.5;5565.5;182723;1004940283.5
MGNT;D;20240808;000000;5590;5640;5444;5464.5;132012;730978107
MGNT;D;20240809;000000;5460;5562;5408;5508;112691;620648501.5
MGNT;D;20240812;000000;5498;5530;5470;5510.5;76197;419065910.5
MGNT;D;20240813;000000;5532;5631.5;5526;5631.5;144927;807243711.5
MGNT;D;20240814;000000;5636;5700;5513;5559;159211;892953770.5
MGNT;D;20240815;000000;5564;5594.5;5460;5480;96627;532379701.5
MGNT;D;20240816;000000;5480;5525;5358;5371;121493;661934420
MGNT;D;20240819;000000;5392;5435;5180.5;5241;331065;1748649387.5
MGNT;D;20240820;000000;5266;5313;5176.5;5244;243840;1283275109
MGNT;D;20240821;000000;5244;5285;5164.5;5211;208826;1088068132
MGNT;D;20240822;000000;5212;5244;4973;5088.5;343202;1749539244.5
MGNT;D;20240823;000000;5088.5;5094.5;4901.5;4948.5;424365;2106037477
MGNT;D;20240826;000000;5073;5150;4977;5138;295519;1501197816
MGNT;D;20240827;000000;5158;5206.5;4986.5;4998;228704;1160574351.5
MGNT;D;20240828;000000;5000;5006;4867;4926;243356;1194858752.5
MGNT;D;20240829;000000;4936.5;5101;4810;4999;466697;2314195513
MGNT;D;20240830;000000;5050;5054.5;4673;4720;579407;2796440740.5
MGNT;D;20240902;000000;4652;4685;4520.5;4595;522303;2405603124
MGNT;D;20240903;000000;4600;4685.5;4535;4610;374178;1723336201.5
MGNT;D;20240904;000000;4610;4715.5;4562.5;4705;281218;1304993373.5
MGNT;D;20240905;000000;4730;4856;4668;4712.5;301912;1439893719.5
MGNT;D;20240906;000000;4712.5;4799.5;4642;4756;179308;847332128.5
MGNT;D;20240909;000000;4766;4919;4757;4910;228756;1111059777.5
MGNT;D;20240910;000000;4933.5;5035;4832.5;4883;412626;2035718960
MGNT;D;20240911;000000;4883;4953.5;4751.5;4793.5;296494;1446872750.5
MGNT;D;20240912;000000;4790;4843;4670;4725.5;301452;1431501484
MGNT;D;20240913;000000;4735;5018;4661;4998;789796;3844438903
MGNT;D;20240916;000000;5020;5373.5;5002.5;5359.5;673003;3486075742
MGNT;D;20240917;000000;5353;5694.5;5340;5694.5;2660621;14648649679
MGNT;D;20240918;000000;5757;5757;5585;5597.5;1605573;9067446982
MGNT;D;20240919;000000;5584.5;5646;5485;5605;819934;4568416795
MGNT;D;20240920;000000;5605;5959.5;5605;5919.5;1134875;6537003139
MGNT;D;20240923;000000;5916.5;5944.5;5833;5874.5;872563;5133255075
MGNT;D;20240924;000000;5880;5902;5775.5;5848;550500;3211722500.5
MGNT;D;20240925;000000;5835;6021;5723;5763.5;756137;4429322257.5
MGNT;D;20240926;000000;5725;5810;5660.5;5789.5;513486;2943684046.5
MGNT;D;20240927;000000;5785;5837;5716.5;5759;232402;1339181665
MGNT;D;20240930;000000;5775;5828.5;5637;5667;398851;2282635627.5
MGNT;D;20241001;000000;5666;5893;5232;5244;3367080;18520752917.5
MGNT;D;20241002;000000;5234;5270;4991;5056;1835094;9459543142
MGNT;D;20241003;000000;5035.5;5129.5;5006;5099.5;847708;4300702484
MGNT;D;20241004;000000;5122;5134;5025;5076;339624;1724306704
MGNT;D;20241007;000000;5090;5122.5;5045;5069.5;233624;1186513220
MGNT;D;20241008;000000;5056;5070;4915.5;4930;475790;2365175787
MGNT;D;20241009;000000;4930;4974.5;4870;4889.5;355420;1746651656.5
MGNT;D;20241010;000000;4900;4995.5;4881;4968;290949;1433747593
MGNT;D;20241011;000000;4957.5;4974.5;4901;4902;204425;1006031886.5
MGNT;D;20241014;000000;4902;4945;4813.5;4923.5;369670;1804691610
MGNT;D;20241015;000000;4916;5010;4893.5;5007;316145;1572977557
MGNT;D;20241016;000000;5010;5035;4943;4970;269009;1342669618
MGNT;D;20241017;000000;4970;4991.5;4855;4882.5;181489;892183909
MGNT;D;20241018;000000;4895;4900;4835.5;4861;145781;708986443
MGNT;D;20241021;000000;4867;4885;4809;4818;177308;857067570.5
MGNT;D;20241022;000000;4811.5;4875.5;4773;4814;240403;1160950850
MGNT;D;20241023;000000;4792;4819;4730;4730;179614;855791390
MGNT;D;20241024;000000;4729.5;4753.5;4630;4673.5;288302;1347484471
MGNT;D;20241025;000000;4693.5;4748.5;4470;4504.5;543634;2507540786.5
MGNT;D;20241028;000000;4480;4480;4267;4376;572653;2499919883
MGNT;D;20241029;000000;4381;4449.5;4325;4404;313130;1375715243.5
MGNT;D;20241030;000000;4436;4569;4390;4408;345326;1543430265
MGNT;D;20241031;000000;4412;4497;4338;4486;419587;1845215636
MGNT;D;20241101;000000;4488.5;4561.5;4473.5;4529.5;392862;1773606071
MGNT;D;20241102;000000;4547;4579;4501.5;4520;109229;495400478.5
MGNT;D;20241105;000000;4552;4563.5;4454;4529.5;150927;681948946
MGNT;D;20241106;000000;4565.5;4700;4563;4625.5;393664;1826387658.5
MGNT;D;20241107;000000;4625.5;4781;4567;4776.5;275104;1291946494
MGNT;D;20241108;000000;4815;4860;4737.5;4856.5;319224;1531867651.5
MGNT;D;20241111;000000;4899;4924;4835;4917;251443;1228486750
MGNT;D;20241112;000000;4910;4923;4792;4802.5;207556;1013439054
MGNT;D;20241113;000000;4800;4910;4788;4840;186040;903019401
MGNT;D;20241114;000000;4821.5;4884.5;4742;4789.5;149596;719667561.5
MGNT;D;20241115;000000;4789.5;4847.5;4713.5;4822.5;157869;753805362.5
MGNT;D;20241118;000000;4720;4770;4684.5;4685;155997;736479183
MGNT;D;20241119;000000;4684;4697;4472;4491.5;259705;1186900153.5
MGNT;D;20241120;000000;4496;4569;4401;4424;278974;1252420660.5
MGNT;D;20241121;000000;4460.5;4592.5;4297;4582.5;909989;4045679974
MGNT;D;20241122;000000;4608;4619.5;4430;4494;532623;2402208859.5
MGNT;D;20241125;000000;4495;4525;4314.5;4330;337593;1485354827.5
MGNT;D;20241126;000000;4310.5;4385;4062;4150;708864;2973694732.5
MGNT;D;20241127;000000;4170;4238.5;4008;4213;631255;2593054380
MGNT;D;20241128;000000;4244;4324.5;4130.5;4263.5;481815;2043907874
MGNT;D;20241129;000000;4245.5;4550;4221.5;4529.5;1535613;6865181673.5
MGNT;D;20241202;000000;4555;4694;4540.5;4629;718752;3329723067
MGNT;D;20241203;000000;4638;4674;4497;4559.5;645609;2961373427.5
MGNT;D;20241204;000000;4560;4590;4433.5;4446;453057;2048441008
MGNT;D;20241205;000000;4455;4523;4377.5;4478;532898;2371976916.5
MGNT;D;20241206;000000;4499.5;4589.5;4468;4576;325970;1483054826.5
MGNT;D;20241209;000000;4623;4634.5;4570;4597.5;226693;1043865501.5
MGNT;D;20241210;000000;4610;4619.5;4503;4521.5;219157;994172796
MGNT;D;20241211;000000;4500;4538;4454;4529;224014;1006594797.5
MGNT;D;20241212;000000;4533;4564;4435;4443;226998;1018975829.5
MGNT;D;20241213;000000;4437;4468;4405;4411;196008;868741084.5
MGNT;D;20241216;000000;4400.5;4407.5;4300;4308.5;283430;1230209612.5
MGNT;D;20241217;000000;4308.5;4388;4255.5;4340;306674;1324336602
MGNT;D;20241218;000000;4350;4466.5;4301;4432.5;398905;1746963919
MGNT;D;20241219;000000;4452;4521.5;4407;4415.5;451744;2014607931
MGNT;D;20241220;000000;4398;4923;4376;4921.5;1077386;5065555705.5
MGNT;D;20241223;000000;4991.5;5081;4926;4984;753384;3760986120.5
MGNT;D;20241224;000000;4984.5;4984.5;4870;4945.5;504400;2489405117.5
MGNT;D;20241225;000000;4950;5038;4940;5027.5;481193;2400777727
MGNT;D;20241226;000000;5040;5216.5;5031;5174;797664;4099440187
MGNT;D;20241227;000000;5195;5220;5151;5210;329657;1711839448.5
MGNT;D;20241228;000000;5221;5348;4863;5009;3738042;18760960999.5
MGNT;D;20241230;000000;5025;5167;5016;5092;901305;4590803760.5
MGNT;D;20250103;000000;5090;5092;4917;5016.5;451425;2253180959
MGNT;D;20250106;000000;4990;5014.5;4930;4942.5;280890;1398263301
MGNT;D;20250108;000000;4909;4919;4759;4787.5;848582;4112102033.5
MGNT;D;20250109;000000;4757;4938.5;4705;4836;1199909;5796370452.5
MGNT;D;20250110;000000;4840;4954;4780;4882.5;734221;3568633475.5
MGNT;D;20250113;000000;4995;4995;4620.5;4660;1406351;6698278273.5
MGNT;D;20250114;000000;4664;4748;4611;4718;771336;3626720799
MGNT;D;20250115;000000;4710;4769;4633;4754.5;554339;2602896350
MGNT;D;20250116;000000;4792;4792;4681;4716.5;761945;3611524599
MGNT;D;20250117;000000;4728;4789;4662.5;4741.5;816346;3856499506
MGNT;D;20250120;000000;4785;4790;4635;4643;853395;4024559826
MGNT;D;20250121;000000;4664.5;4744;4620;4708;600707;2817915800
MGNT;D;20250122;000000;4719;4737;4669.5;4694.5;469198;2207354770
MGNT;D;20250123;000000;4694;4718;4653;4710;330464;1548497281.5
MGNT;D;20250124;000000;4712;4741;4662;4664.5;373234;1751701580.5
MGNT;D;20250127;000000;4668;4685;4558;4582.5;392831;1811363239.5
MGNT;D;20250128;000000;4576;4700;4540.5;4671;494456;2288343835.5
MGNT;D;20250129;000000;4671;4753;4650;4674.5;469525;2206585889
MGNT;D;20250130;000000;4675;4738;4633;4710;389177;1831891003.5
MGNT;D;20250131;000000;4727.5;4778;4654;4665.5;484619;2288798897.5
MGNT;D;20250203;000000;4665;4723;4590;4625.5;402568;1872944609
MGNT;D;20250204;000000;4625;4665;4571;4591;227024;1046827353.5
MGNT;D;20250205;000000;4591;4714;4526;4678;479015;2209557620.5
MGNT;D;20250206;000000;4681;4719;4655;4680.5;298636;1401155283
MGNT;D;20250207;000000;4699;4735;4631.5;4662;330897;1553660502
MGNT;D;20250210;000000;4689;4795;4680;4705.5;594082;2810593699.5
MGNT;D;20250211;000000;4705.5;4925;4705;4902;1098562;5329326615
MGNT;D;20250212;000000;4888;5075;4833;5029;1307531;6464290903
MGNT;D;20250213;000000;5060;5249.5;4960;5055.5;1337712;6804400847.5
MGNT;D;20250214;000000;5055.5;5156;4900;4938;1048950;5287904725
MGNT;D;20250217;000000;4995;5208;4992;5199;1038537;5341753120
MGNT;D;20250218;000000;5200;5216;5054.5;5125;681475;3495912136
MGNT;D;20250219;000000;5146;5215;5061.5;5195;512755;2641165446
MGNT;D;20250220;000000;5184.5;5430;5180;5324.5;1003635;5333692704
MGNT;D;20250221;000000;5324.5;5404;5255;5340;462789;2467812344
MGNT;D;20250224;000000;5346;5416.5;5311.5;5365;496987;2666247029
MGNT;D;20250225;000000;5366;5470;5320;5384.5;667696;3605771130.5
MGNT;D;20250226;000000;5386.5;5433;5139;5167;601170;3161926791
MGNT;D;20250227;000000;5165;5218;4960;5005;612634;3115712257.5
MGNT;D;20250228;000000;5006;5034;4810;4950;1576546;7731838716.5
MGNT;D;20250303;000000;4987;4998;4832.5;4909;625534;3058086124
MGNT;D;20250304;000000;4925;5074.5;4900;5037;556772;2785788181.5
MGNT;D;20250305;000000;5050;5140;4990;5015.5;532823;2702813377.5
MGNT;D;20250306;000000;5015;5073.5;4950;5000;383183;1920054471
MGNT;D;20250307;000000;5005;5060;4865;4936.5;501630;2489962126
MGNT;D;20250310;000000;4955;4988;4841;4841.5;352164;1729829607
MGNT;D;20250311;000000;4841.5;4924;4800;4900;462172;2253671698.5
MGNT;D;20250312;000000;4915;4924;4821;4852;250481;1217780475.5
MGNT;D;20250313;000000;4868.5;4895.5;4718;4830;531561;2552313871
MGNT;D;20250314;000000;4830;4937.5;4758.5;4923;401057;1944574342
MGNT;D;20250317;000000;4927;5043.5;4920.5;4977.5;457736;2285534018.5
MGNT;D;20250318;000000;4978;5030;4860.5;4892;472347;2350827461.5
MGNT;D;20250319;000000;4913;4978.5;4871;4873.5;422294;2080295546.5
MGNT;D;20250320;000000;4890;4930.5;4834;4855;873571;4264813977.5
MGNT;D;20250321;000000;4850;4921.5;4808;4814;472542;2302336637
MGNT;D;20250324;000000;4816.5;4849;4662;4689;667754;3170061407.5
MGNT;D;20250325;000000;4689;4736.5;4585;4677.5;654032;3041957654.5
MGNT;D;20250326;000000;4672;4734;4591.5;4618;362674;1693172151.5
MGNT;D;20250327;000000;4618;4649.5;4514;4520;549521;2521008399.5
MGNT;D;20250328;000000;4522.5;4575;4405;4421.5;904477;4046509463
MGNT;D;20250331;000000;4411;4500;4322;4417.5;723437;3189553203
MGNT;D;20250401;000000;4429;4700;4420.5;4649.5;1527541;6994551560
MGNT;D;20250402;000000;4630;4814.5;4610;4736.5;1374203;6482341628.5
MGNT;D;20250403;000000;4738;4773;4559;4658;769998;3588203324
MGNT;D;20250404;000000;4688;4768.5;4400.5;4415.5;1095625;5006019917
MGNT;D;20250407;000000;4416.5;4539;4212.5;4395;1227859;5353858602.5
MGNT;D;20250408;000000;4398;4563.5;4335;4345;735597;3268830069.5
MGNT;D;20250409;000000;4345;4532;4183;4518;1143719;4976088120.5
MGNT;D;20250410;000000;4529.5;4642.5;4413;4583;592278;2688389500
MGNT;D;20250411;000000;4583;4682.5;4530;4567.5;437397;2010567804.5
MGNT;D;20250414;000000;4584.5;4641;4430;4473;368803;1678707046.5
MGNT;D;20250415;000000;4461.5;4518;4438;4481.5;319957;1432681996.5
MGNT;D;20250416;000000;4473;4581.5;4414;4541;316805;1428996611
MGNT;D;20250417;000000;4570;4590.5;4485;4550;351016;1594326665.5
MGNT;D;20250418;000000;4510.5;4541;4460;4473;277272;1246861737
MGNT;D;20250421;000000;4501;4543.5;4476;4512.5;252299;1137365491
MGNT;D;20250422;000000;4514.5;4630;4510.5;4592.5;618000;2835126102
MGNT;D;20250423;000000;4600;4622;4504;4536;349604;1589646900.5
MGNT;D;20250424;000000;4550;4624;4538;4585;240253;1103372653.5
MGNT;D;20250425;000000;4590;4676;4585;4630;364953;1689325524
MGNT;D;20250428;000000;4640;4799;4550;4763.5;885040;4153612731.5
MGNT;D;20250429;000000;4770;4795;4430.5;4467;1546222;7102897718
MGNT;D;20250430;000000;4502.5;4549.5;4405;4434.5;858453;3838621403.5
MGNT;D;20250502;000000;4421.5;4441;4305;4309.5;218055;949506557
MGNT;D;20250505;000000;4310.5;4350;4180;4226;488041;2077351848.5
MGNT;D;20250506;000000;4233;4335.5;4150;4288.5;363966;1556182625
MGNT;D;20250507;000000;4289;4358.5;4257;4325;237300;1022780762.5
MGNT;D;20250508;000000;4330;4382;4307.5;4327;115469;501609472.5
MGNT;D;20250512;000000;4350;4436;4313.5;4416;279904;1231045733
MGNT;D;20250513;000000;4420;4434;4336.5;4353;237931;1043089160.5
MGNT;D;20250514;000000;4353;4380;4248.5;4288;234140;1016936550
MGNT;D;20250515;000000;4269.5;4336.5;4263.5;4315;174869;750869735
MGNT;D;20250516;000000;4324;4330.5;4214;4264.5;328198;1397603541
MGNT;D;20250519;000000;4263;4326.5;4240.5;4255;201217;861258859
MGNT;D;20250520;000000;4260;4278;4202;4238.5;301634;1276738379.5
MGNT;D;20250521;000000;4239.5;4259;4162.5;4176;204567;860050228.5
MGNT;D;20250522;000000;4172;4189;3865.5;3922;1375617;5469181563
MGNT;D;20250523;000000;3921.5;3946;3860;3877.5;704244;2742647958
MGNT;D;20250526;000000;3877;3880;3718;3750.5;624178;2368105021
MGNT;D;20250527;000000;3750.5;3782;3670;3744;375070;1402679360.5
MGNT;D;20250528;000000;3744;3793;3728;3780;444735;1674657111
MGNT;D;20250529;000000;3782;3859;3681.5;3755;506946;1931878772.5
MGNT;D;20250530;000000;3755;3821.5;3751;3788;235227;892469816
MGNT;D;20250602;000000;3804;3866;3703;3832.5;348637;1325632275.5
MGNT;D;20250603;000000;3849.5;3926.5;3834;3925.5;293164;1142331646
MGNT;D;20250604;000000;3930;3997;3923;3925;389661;1543998700.5
MGNT;D;20250605;000000;3925;3973.5;3910;3948;137097;541733751
MGNT;D;20250606;000000;3951.5;4055;3893;3897.5;707301;2817838946
MGNT;D;20250609;000000;3899;3918;3727;3759;499007;1888017687
MGNT;D;20250610;000000;3763;3780;3700;3706.5;259552;968468287
MGNT;D;20250611;000000;3707;3735;3680;3694;180343;668970760
MGNT;D;20250613;000000;3714;3728;3691.5;3697.5;85643;317487831
MGNT;D;20250616;000000;3703;3748;3661;3669.5;272401;1009576616.5
MGNT;D;20250617;000000;3665;3719.5;3627;3694.5;274915;1013479354
MGNT;D;20250618;000000;3691.5;3727.5;3667;3670;205550;759956589
MGNT;D;20250619;000000;3669.5;3695;3655.5;3676;171903;631776182.5
MGNT;D;20250620;000000;3683.5;3685.5;3606;3614.5;258593;941393907.5
MGNT;D;20250623;000000;3627;3627;3558;3566;336890;1206759548.5
MGNT;D;20250624;000000;3558.5;3589;3539;3576;242904;865204908
MGNT;D;20250625;000000;3578;3640;3576;3620.5;341376;1232883800
MGNT;D;20250626;000000;3622;3676.5;3606.5;3608.5;301717;1099458426.5
MGNT;D;20250627;000000;3610;3618;3580.5;3600;216542;778774479.5
MGNT;D;20250630;000000;3614;3660;3595;3632.5;485751;1759795281.5
MGNT;D;20250701;000000;3642;3744.5;3628.5;3719.5;633554;2341301885.5
MGNT;D;20250702;000000;3721;3769;3642;3664;453247;1673320099.5
MGNT;D;20250703;000000;3671;3715;3632.5;3637;308399;1131458273.5
MGNT;D;20250704;000000;3631;3641;3600;3603;203454;735580006
MGNT;D;20250707;000000;3604;3674;3585;3615.5;260266;947439700.5
MGNT;D;20250708;000000;3610;3642.5;3549;3551.5;310053;1117006825
MGNT;D;20250709;000000;3550;3588;3466.5;3502.5;410034;1446435850
MGNT;D;20250710;000000;3515;3531.5;3478;3491;185045;648194688
MGNT;D;20250711;000000;3494;3500;3388;3395;311547;1070987525.5
MGNT;D;20250714;000000;3407;3550;3336;3501;481862;1647073374.5
MGNT;D;20250715;000000;3503;3574.5;3496;3521.5;261056;923688996
MGNT;D;20250716;000000;3527.5;3599.5;3520.5;3580;297469;1061513881.5
MGNT;D;20250717;000000;3587;3637;3544;3569;298457;1074162752.5
MGNT;D;20250718;000000;3595.5;3633;3565;3621.5;246406;889104248
MGNT;D;20250721;000000;3622.5;3710;3622;3673;369930;1358480032
MGNT;D;20250722;000000;3673;3721.5;3655;3709.5;162639;600497588.5
MGNT;D;20250723;000000;3718.5;3738;3688;3693.5;197981;735780660
MGNT;D;20250724;000000;3690;3714.5;3655;3671;147105;540457282
MGNT;D;20250725;000000;3687.5;3766.5;3633;3680;406012;1501580253.5
MGNT;D;20250728;000000;3684;3705;3553;3585.5;334796;1213933524.5
MGNT;D;20250729;000000;3604;3636;3568;3592;189530;683156559
MGNT;D;20250730;000000;3593.5;3623.5;3554;3563.5;89325;320588970
MGNT;D;20250731;000000;3554.5;3598.5;3514;3525.5;218060;771106693.5
MGNT;D;20250801;000000;3534.5;3557.5;3502;3527.5;178755;631352319
MGNT;D;20250804;000000;3546;3616;3527;3599;235532;841314628
MGNT;D;20250805;000000;3599;3630;3552;3601;179192;642745169
MGNT;D;20250806;000000;3592.5;3666.5;3572;3616.5;370889;1342671777
MGNT;D;20250807;000000;3619;3697;3613.5;3675;436757;1599681410.5
MGNT;D;20250808;000000;3675;3758;3665.5;3745.5;365700;1356943778
MGNT;D;20250811;000000;3780;3836.5;3742;3785.5;590579;2243137597.5
MGNT;D;20250812;000000;3786.5;3807.5;3752;3765.5;212655;802439212.5
MGNT;D;20250813;000000;3765.5;3799;3728;3740;259896;978899467
MGNT;D;20250814;000000;3757.5;3823.5;3721;3801.5;311582;1178938355.5
MGNT;D;20250815;000000;3802;3838;3770;3788;260973;992697428
MGNT;D;20250818;000000;3748.5;3804;3676;3777.5;372717;1393871617.5
MGNT;D;20250819;000000;3793.5;3869;3762.5;3800;459289;1752732921
MGNT;D;20250820;000000;3794;3836.5;3740;3764.5;264434;1002460473.5
MGNT;D;20250821;000000;3764.5;3770;3683.5;3689;296547;1105995204.5
MGNT;D;20250822;000000;3689.5;3725;3683.5;3706.5;118425;438671572.5
MGNT;D;20250825;000000;3713;3722;3627;3651;242571;887944434
MGNT;D;20250826;000000;3651;3683;3651;3660.5;106893;391954707.5
MGNT;D;20250827;000000;3658;3709.5;3653.5;3692;121002;445882612.5
MGNT;D;20250828;000000;3696;3743;3660.5;3677;237769;880544039
MGNT;D;20250829;000000;3677;3759.5;3649;3670;400425;1480617006
MGNT;D;20250901;000000;3687;3687;3514.5;3520;805417;2880035897
MGNT;D;20250902;000000;3525;3537.5;3420;3475;470806;1641827471.5
MGNT;D;20250903;000000;3485;3505.5;3450;3489;166549;578568068
MGNT;D;20250904;000000;3489;3505;3461;3485.5;144409;503525134.5
MGNT;D;20250905;000000;3486;3565;3471;3531.5;239708;843900329.5
MGNT;D;20250908;000000;3526.5;3538.5;3470;3504.5;202838;712307018
MGNT;D;20250909;000000;3504.5;3547.5;3493;3509;241932;850809836
MGNT;D;20250910;000000;3516.5;3519;3460;3482;224489;782515024.5
MGNT;D;20250911;000000;3482.5;3495;3454;3481;182699;633997279.5
MGNT;D;20250912;000000;3481;3500;3400;3404;321867;1105668621
MGNT;D;20250915;000000;3404.5;3414;3308;3329.5;405565;1361654171
MGNT;D;20250916;000000;3330;3360;3287;3305;229395;761027648.5
MGNT;D;20250917;000000;3304;3380;3238.5;3299.5;520811;1711056054
MGNT;D;20250918;000000;3302;3309;3230;3231.5;231571;754421581
MGNT;D;20250919;000000;3232;3239.5;3186;3196.5;346863;1115048824.5
MGNT;D;20250922;000000;3196;3196;3122;3164;405192;1278977415
MGNT;D;20250923;000000;3173;3241.5;3149;3163.5;390652;1246974951.5
MGNT;D;20250924;000000;3170;3427;3136;3422;1756463;5844050704
MGNT;D;20250925;000000;3423;3473.5;3228.5;3251.5;2441148;8158455616.5
MGNT;D;20250926;000000;3251;3274;3185;3209.5;687900;2217951725.5
MGNT;D;20250929;000000;3216;3227.5;3101;3125;499508;1582474708
MGNT;D;20250930;000000;3137;3281.5;3065;3087;1739308;5516282639
MGNT;D;20251001;000000;3104.5;3127;3003.5;3041.5;569409;1739579178
MGNT;D;20251002;000000;3041.5;3123.5;2992;3052;490336;1500486002.5
MGNT;D;20251003;000000;3052;3095.5;2987.5;3005;284319;861889358.5
MGNT;D;20251006;000000;2998;3048;2951.5;3024;417769;1257197061
MGNT;D;20251007;000000;3020;3090.5;3017.5;3073;237725;728895594
MGNT;D;20251008;000000;3080;3097.5;2939.5;2979;411341;1243471255
MGNT;D;20251009;000000;2991;3049.5;2905;3041;364126;1086418450.5
MGNT;D;20251010;000000;3054.5;3054.5;2977.5;2996;234730;705822808
MGNT;D;20251013;000000;2980.5;3040.5;2925;2933;326328;968002253.5
MGNT;D;20251014;000000;2928;2945;2888.5;2901.5;228251;665184146
MGNT;D;20251015;000000;2902;2917;2868;2880;150913;436290814
MGNT;D;20251016;000000;2876;3041.5;2876;3040;457684;1353284675.5
MGNT;D;20251017;000000;3049;3090;3001.5;3065;318527;968949241.5
MGNT;D;20251020;000000;3077;3136;3047;3063;323077;998048829.5
MGNT;D;20251021;000000;3060.5;3065;2937.5;2986.5;357887;1070830691.5
MGNT;D;20251022;000000;2990;3016;2919;2955;247466;736908297
MGNT;D;20251023;000000;2914;2947;2890;2945;186800;544650944.5
MGNT;D;20251024;000000;2940;2980;2885;2916;230590;672825121.5
MGNT;D;20251027;000000;2916;2930.5;2798.5;2810;347601;986756148.5
MGNT;D;20251028;000000;2815;2859.5;2781.5;2838;201865;570803730
MGNT;D;20251029;000000;2848.5;2851;2812;2825;108220;306573914.5
MGNT;D;20251030;000000;2821;3006.5;2807;2926.5;361737;1044514956.5
MGNT;D;20251031;000000;2925;2973.5;2841.5;2871;221338;643243954
MGNT;D;20251101;000000;2870;2919.5;2863;2872.5;95794;276633422
MGNT;D;20251103;000000;2877.5;2933;2877.5;2908.5;79001;230226510
MGNT;D;20251105;000000;2910;2928;2856;2866;167352;483446336
MGNT;D;20251106;000000;2870;2883.5;2843.5;2869.5;110140;315449203.5
MGNT;D;20251107;000000;2865;2898;2860;2867.5;151814;436756511.5
MGNT;D;20251110;000000;2875.5;2912;2867;2880;283430;819736683
MGNT;D;20251111;000000;2881;2889.5;2852.5;2887;119222;342613971
MGNT;D;20251112;000000;2880.5;2894.5;2844;2851;125976;361455538.5
MGNT;D;20251113;000000;2851;2889.5;2825.5;2870;235083;672360784.5
MGNT;D;20251114;000000;2870.5;2878.5;2835;2848.5;159142;453501534
MGNT;D;20251117;000000;2848.5;2859;2812.5;2814.5;118653;336468771.5
MGNT;D;20251118;000000;2814.5;2884;2804;2843.5;216849;618568358
MGNT;D;20251119;000000;2842.5;2930;2831.5;2877.5;379267;1096898786.5
MGNT;D;20251120;000000;2871.5;2970;2871;2942.5;412778;1208046342
MGNT;D;20251121;000000;2945;2958;2890;2913.5;213505;623708940.5
MGNT;D;20251124;000000;2914;2978;2895.5;2905.5;371219;1092169830
MGNT;D;20251125;000000;2916.5;2984.5;2881.5;2982;292967;860455303.5
MGNT;D;20251126;000000;2984;2998;2954.5;2971;225137;670438642
MGNT;D;20251127;000000;2971;2983.5;2900;2900.5;160170;470328980
MGNT;D;20251128;000000;2903;2948.5;2886;2942;177767;518672093.5
MGNT;D;20251201;000000;2935;2964.5;2871.5;2897.5;378914;1103936921
MGNT;D;20251202;000000;2897.5;2936;2891;2900;221146;644721335.5
MGNT;D;20251203;000000;2889;2891;2852;2881;158436;455371712.5
MGNT;D;20251204;000000;2881.5;2899.5;2872;2879;152194;439179816
MGNT;D;20251205;000000;2877;2922.5;2877;2907;159753;464715122.5
MGNT;D;20251208;000000;2920;3105;2915;3052;3466197;10552392187.5
MGNT;D;20251209;000000;3055;3069;3000;3035;836932;2531524991.5
MGNT;D;20251210;000000;3030;3159;3016;3149.5;1110333;3455105465.5
MGNT;D;20251211;000000;3141.5;3187;3081.5;3097.5;916405;2870317609.5
MGNT;D;20251212;000000;3091;3135;3051;3057;438998;1356014017
MGNT;D;20251215;000000;3060;3140.5;3058;3102.5;398073;1236462684
MGNT;D;20251216;000000;3102;3133.5;3097.5;3113.5;291750;908253729
MGNT;D;20251217;000000;3112;3228;3101.5;3211;1189335;3763304727.5
MGNT;D;20251218;000000;3224;3249;3177;3211;440798;1416222956
MGNT;D;20251219;000000;3218;3237;3140;3161;548813;1745126705.5
MGNT;D;20251222;000000;3161;3172;3071.5;3083.5;391292;1215521500
MGNT;D;20251223;000000;3093.5;3099;3043;3076.5;172261;529223280
MGNT;D;20251224;000000;3076.5;3089.5;3033.5;3036.5;131453;402319398.5
MGNT;D;20251225;000000;3036.5;3042.5;2994;3001;268994;810397217
MGNT;D;20251226;000000;3004;3057.5;3003;3042.5;258556;784249807
MGNT;D;20251229;000000;3042.5;3104.5;3000;3017;517649;1579870780.5
MGNT;D;20251230;000000;3028;3037;3004;3012;141799;427624700
MGNT;D;20260105;000000;2999;3013;2952;2980;171357;510260481.5
MGNT;D;20260106;000000;2983.5;3015.5;2960;2971;103774;310653013
MGNT;D;20260108;000000;2960;2981;2931;2942.5;129391;381924197.5
MGNT;D;20260109;000000;2942.5;2979.5;2935.5;2951.5;72661;215417729
MGNT;D;20260112;000000;2952.5;3050;2952;3036.5;219924;660933685.5
