<TICKER>;<PER>;<DATE>;<TIME>;<OPEN>;<HIGH>;<LOW>;<CLOSE>;<AMOUNT>;<VOLUME>
MSTT;D;20101103;000000;264;264;191.9;203;48479;9886838.7
MSTT;D;20101108;000000;205;205;196.43;200.3;28607;5758412.93
MSTT;D;20101109;000000;199.99;200.2;197;198;39792;7929029.07
MSTT;D;20101110;000000;196;198.2;192.01;197.01;20500;4020192.3
MSTT;D;20101111;000000;195;198.34;195;195;5551;1088463
MSTT;D;20101112;000000;194.48;198.34;194.48;196.71;1886;371500.73
MSTT;D;20101113;000000;192.7;198.35;180;196.7;9814;1851944.33
MSTT;D;20101115;000000;198.34;203;196;200.39;35506;7066577.96
MSTT;D;20101116;000000;200.5;200.5;198.5;199;7805;1553073.84
MSTT;D;20101117;000000;200.3;203;200.3;200.75;7889;1590490.46
MSTT;D;20101118;000000;200.51;221;200.1;200.5;54822;11076726.8
MSTT;D;20101119;000000;202.5;204.99;198.52;201;10677;2141718.85
MSTT;D;20101122;000000;202.51;208;200;203;11601;2350586.99
MSTT;D;20101123;000000;204;204.89;196.11;204;11915;2417528.28
MSTT;D;20101124;000000;204;204.56;202.06;203.35;7045;1434195.9
MSTT;D;20101125;000000;204;204;200.54;202.3;1020;206544.51
MSTT;D;20101126;000000;204.57;204.65;202;203;5816;1181810.26
MSTT;D;20101129;000000;204;206.49;203.1;204;14564;2980561.72
MSTT;D;20101130;000000;203;206.9;202.5;204.12;469;95487.14
MSTT;D;20101201;000000;206.62;218.49;204.1;212.95;9791;2056300.63
MSTT;D;20101202;000000;208.77;227;208.75;226;32777;7235081.87
MSTT;D;20101203;000000;230.5;265;230.5;239.99;265655;64777635.83
MSTT;D;20101206;000000;240;250;230;234;13425;3172817.81
MSTT;D;20101207;000000;233.23;238.77;230;235;24371;5686395.15
MSTT;D;20101208;000000;234.95;234.95;228.03;232;2186;505875
MSTT;D;20101209;000000;238.77;239;230.05;234.09;13527;3180656.57
MSTT;D;20101210;000000;232.3;240;230;233.99;38648;9038970.16
MSTT;D;20101213;000000;233;234.99;227.99;227.99;19388;4475532.26
MSTT;D;20101214;000000;227.99;230.01;223.01;225;2637;598319.67
MSTT;D;20101215;000000;228;229.99;225.1;226.89;8802;1998300.01
MSTT;D;20101216;000000;226.89;232;226;231.19;10907;2490121.54
MSTT;D;20101217;000000;233;233;226.99;231.04;3168;723715.17
MSTT;D;20101220;000000;234.09;258.54;231;234.49;62467;14812099.74
MSTT;D;20101221;000000;235.4;246.8;235.19;237.24;104651;24982394.56
MSTT;D;20101222;000000;239.8;243.8;237.01;243.39;40330;9674651.15
MSTT;D;20101223;000000;243.38;254;241.02;247.95;38063;9419207.03
MSTT;D;20101224;000000;247.99;247.99;243.97;247.99;16378;4033543.42
MSTT;D;20101227;000000;248.25;248.25;240.01;243;32668;7916075.27
MSTT;D;20101228;000000;245.99;245.99;238.1;242;15831;3804861.41
MSTT;D;20101229;000000;250;251;238.11;249;35210;8676517.16
MSTT;D;20101230;000000;248.5;249.5;228;242.63;40845;9896541.3
MSTT;D;20110111;000000;242.64;247;239;246.5;50442;12315531.04
MSTT;D;20110112;000000;246.5;262.98;245;260;99084;24746131.55
MSTT;D;20110113;000000;276;287.99;261;273.5;116185;31857478.39
MSTT;D;20110114;000000;276;287;271.13;280;66598;18530294.84
MSTT;D;20110117;000000;286;286;272.18;276.1;48966;13528523.91
MSTT;D;20110118;000000;280.24;281;273.01;274.3;35537;9835845.21
MSTT;D;20110119;000000;282.5;282.5;273.9;278;43113;11975509.18
MSTT;D;20110120;000000;251.28;279.99;251.28;276.22;18176;4933142.89
MSTT;D;20110121;000000;278.88;280;274.5;276.99;30496;8403173.14
MSTT;D;20110124;000000;278;280.09;270.99;274.99;5950;1644384.34
MSTT;D;20110125;000000;278.64;280;269.05;269.11;16477;4490285.18
MSTT;D;20110126;000000;272.86;272.86;267.99;269;10210;2750724.33
MSTT;D;20110127;000000;267.63;270;264.04;264.04;7725;2054942.18
MSTT;D;20110128;000000;263.24;263.89;241;255;143208;35966426.87
MSTT;D;20110131;000000;250.02;258;247.46;253.98;15218;3865101.66
MSTT;D;20110201;000000;257;258.79;250;252.04;10891;2752838.43
MSTT;D;20110202;000000;254;254.44;252.35;253.91;4829;1225500.46
MSTT;D;20110203;000000;254.08;269.99;252.1;269.99;72734;18885023.24
MSTT;D;20110204;000000;270;280;265.12;273.87;62599;17250766.69
MSTT;D;20110207;000000;275.88;285.9;272;280;30503;8540476.14
MSTT;D;20110208;000000;280.49;280.5;269.52;274;21870;6011794.42
MSTT;D;20110209;000000;270.93;281;270;273.13;24071;6608429.42
MSTT;D;20110210;000000;273.13;273.64;261.24;266.1;8235;2216031.75
MSTT;D;20110211;000000;265.04;265.04;252.29;258.94;117561;30455287.63
MSTT;D;20110214;000000;256.99;258.97;251.06;252.5;33891;8654557
MSTT;D;20110215;000000;256;256;247.7;249.43;39180;9844327.29
MSTT;D;20110216;000000;250.1;251.85;245;248.96;42566;10566010.76
MSTT;D;20110217;000000;248.95;258.22;244.5;248.85;45421;11296722.65
MSTT;D;20110218;000000;250;253;240;247.84;28194;6944695.71
MSTT;D;20110221;000000;250.92;254;240;240.3;69104;16805953.78
MSTT;D;20110222;000000;242.78;244.5;237;238.49;97633;23342184.74
MSTT;D;20110224;000000;237.01;239.79;231;235;30076;7048257.8
MSTT;D;20110225;000000;235.5;243;231.07;233;85802;20031204.55
MSTT;D;20110228;000000;233;235;230.03;232.3;89592;20852562.23
MSTT;D;20110301;000000;234.87;234.88;228.31;231;12370;2864673.1
MSTT;D;20110302;000000;232.47;232.47;226.17;228;52190;11940600.4
MSTT;D;20110303;000000;228.1;228.2;221;223.75;61820;13841371.6
MSTT;D;20110304;000000;227.01;227.01;223.68;226;20570;4626542.5
MSTT;D;20110305;000000;227.97;232.56;223.54;229;36100;8178727.5
MSTT;D;20110309;000000;225.95;232.49;225.08;227.56;9930;2271190.8
MSTT;D;20110310;000000;225.75;230.26;225;225.9;24320;5488675.9
MSTT;D;20110311;000000;227;227.78;220.01;224.98;20930;4696393.5
MSTT;D;20110314;000000;225.75;232.99;224.9;227;11770;2690699.7
MSTT;D;20110315;000000;222;224.99;220.05;220.05;25120;5561001
MSTT;D;20110316;000000;223.03;224.96;217;219.58;19890;4365292.9
MSTT;D;20110317;000000;216.01;219.5;215;218;23460;5108339.1
MSTT;D;20110318;000000;219.5;220;215.04;215.37;3300;715858.3
MSTT;D;20110321;000000;215.3;219;214.77;217;16420;3564243
MSTT;D;20110322;000000;216.99;223.95;215.55;216.7;34050;7417692.7
MSTT;D;20110323;000000;216.6;222.9;216.6;220;18030;3952394.2
MSTT;D;20110324;000000;219.01;222.7;218.3;219.8;15170;3338530.5
MSTT;D;20110325;000000;222.89;225.15;219.5;224.9;66150;14720701.6
MSTT;D;20110328;000000;224.97;226.26;223.1;224.9;26110;5874216.7
MSTT;D;20110329;000000;223.02;226;223;223;60690;13593691.5
MSTT;D;20110330;000000;227.99;227.99;223.15;225;68330;15379553.7
MSTT;D;20110331;000000;227;227;222;223.2;20760;4679935.4
MSTT;D;20110401;000000;228.88;228.88;223;226.43;72150;16177440.1
MSTT;D;20110404;000000;227.77;227.77;219.48;220.03;75900;16870392.9
MSTT;D;20110405;000000;220.89;225.74;220.89;224;50430;11291686.6
MSTT;D;20110406;000000;225.89;228.79;224;228;21010;4762074.1
MSTT;D;20110407;000000;229.94;233;225.03;229.76;30870;7076311.8
MSTT;D;20110408;000000;231.99;234;225.69;234;60870;14041980
MSTT;D;20110411;000000;233.02;240.5;232;239.88;37390;8868176.2
MSTT;D;20110412;000000;237.05;239.8;230.62;235.24;103020;24280309.5
MSTT;D;20110413;000000;236;239.73;233;235.38;44200;10405035.7
MSTT;D;20110414;000000;230.29;232.37;225.1;228.49;26570;6076671.7
MSTT;D;20110415;000000;225.28;229.96;222.01;225.99;44120;9933603.6
MSTT;D;20110418;000000;229.85;229.85;207.67;210.44;39190;8623120.7
MSTT;D;20110419;000000;214;219;209.56;218.71;19140;4071129.1
MSTT;D;20110420;000000;219.99;220;215;218;23610;5139068
MSTT;D;20110421;000000;218.74;222.95;215.1;215.8;3980;863537.1
MSTT;D;20110422;000000;218.61;223.6;218.59;223.59;13870;3081094.7
MSTT;D;20110425;000000;204.75;229;204.75;222.77;25990;5797951.9
MSTT;D;20110426;000000;218.51;224.5;218.51;223.99;5430;1203113.4
MSTT;D;20110427;000000;223.99;223.99;218.1;218.1;26610;5845330.8
MSTT;D;20110428;000000;215.12;218;215;216.7;8410;1817572.7
MSTT;D;20110429;000000;216.32;218.33;216.01;216.75;2070;447281.5
MSTT;D;20110503;000000;216.01;219.13;216;217;20910;4537978.2
MSTT;D;20110504;000000;216.6;218.9;216;218.9;11880;2582520.7
MSTT;D;20110505;000000;217.61;220.95;217.61;218;3020;660826.3
MSTT;D;20110506;000000;218;226;218;218.01;8940;1971472.4
MSTT;D;20110510;000000;219.5;221.96;219;220.6;5770;1272334.6
MSTT;D;20110511;000000;221.35;222;218.58;219.56;4020;886660.1
MSTT;D;20110512;000000;218.99;225.98;217.25;217.51;6090;1340579.4
MSTT;D;20110513;000000;225.98;225.98;214.85;217.01;10040;2171750
MSTT;D;20110516;000000;217;218.36;217;218.36;200;43527.6
MSTT;D;20110517;000000;221;221.91;215.8;219.5;4310;944515.9
MSTT;D;20110518;000000;219.19;220;217.01;219.74;3680;805710.1
MSTT;D;20110519;000000;223.42;225;215;219;72320;15997479.2
MSTT;D;20110520;000000;217.11;219.19;215;216;24190;5233075
MSTT;D;20110523;000000;217.89;217.9;212.66;215;131720;28274954.8
MSTT;D;20110524;000000;217;224.99;215;221.55;38330;8411826.4
MSTT;D;20110525;000000;219.23;221.41;215.24;219.22;3410;743995.9
MSTT;D;20110526;000000;221.51;222.12;216.01;220;2270;497413.7
MSTT;D;20110527;000000;224.96;224.96;217.45;220.5;7850;1740579.8
MSTT;D;20110530;000000;223.63;223.63;221.01;221.01;1300;288621
MSTT;D;20110531;000000;223.62;243.99;223.01;240;169420;40045159
MSTT;D;20110601;000000;242.56;244.5;238.01;240;30550;7374326.4
MSTT;D;20110602;000000;236.5;238;233.55;235.7;9220;2167405.2
MSTT;D;20110603;000000;233.01;237.8;230.07;237.8;39870;9335307.9
MSTT;D;20110606;000000;237.81;244;235.02;240;26880;6414171
MSTT;D;20110607;000000;238.99;244;238.99;242.69;5900;1431030.7
MSTT;D;20110608;000000;243.99;247.75;241;241;35020;8550487.6
MSTT;D;20110609;000000;242.04;245.81;242;245.1;16940;4136907.4
MSTT;D;20110610;000000;245.8;247.75;242;242.5;24500;5999113.4
MSTT;D;20110614;000000;247.59;248;245.51;247.79;9450;2340120.9
MSTT;D;20110615;000000;243.56;247.8;236;239.66;22990;5462242.6
MSTT;D;20110616;000000;238.69;245;233.33;240.5;12380;2966360.6
MSTT;D;20110617;000000;244.7;244.7;235.25;238;1020;241713.8
MSTT;D;20110620;000000;240.8;240.8;226.2;240;23690;5569120.7
MSTT;D;20110621;000000;237.1;242.75;235;238;3650;869643.3
MSTT;D;20110622;000000;239.87;239.87;235;236.72;24530;5802119.7
MSTT;D;20110623;000000;237.86;238;231;231;13220;3095632.9
MSTT;D;20110624;000000;233.98;236.36;229;234;10640;2480761.8
MSTT;D;20110627;000000;229.26;235;229.26;235;21250;4993302.1
MSTT;D;20110628;000000;232.5;235.99;227.01;230.11;7060;1631932.7
MSTT;D;20110629;000000;232;233.7;230;232;69490;16164293
MSTT;D;20110630;000000;234.49;234.49;228.78;231.11;760;174882.8
MSTT;D;20110701;000000;230.05;235;221;234.93;9670;2206755.7
MSTT;D;20110704;000000;237.97;237.97;230.63;230.63;950;222747.5
MSTT;D;20110705;000000;230.11;234.93;227;230.5;4680;1080246
MSTT;D;20110706;000000;230;230;225.05;229.18;6650;1509887.2
MSTT;D;20110707;000000;233.89;234.76;228.02;229.99;12580;2893309
MSTT;D;20110708;000000;233;233;223.12;225;15690;3588603.4
MSTT;D;20110711;000000;224.99;227;222;224;4030;905658.3
MSTT;D;20110712;000000;226.97;227.8;225;227;4090;928059.6
MSTT;D;20110713;000000;229;234.95;224;226.3;10430;2376450.1
MSTT;D;20110714;000000;226;226.5;225;226.5;9420;2129255.6
MSTT;D;20110715;000000;224.01;226.75;222.4;225;5510;1239823.5
MSTT;D;20110718;000000;224.99;227;224.99;225;21610;4874882.4
MSTT;D;20110719;000000;224.01;232;224;224.85;63470;14425971.7
MSTT;D;20110720;000000;224.85;224.85;220;222.1;17570;3890879.6
MSTT;D;20110721;000000;222.11;223.1;218.11;221.03;2530;560907.9
MSTT;D;20110722;000000;223.96;226;222;225.1;188950;42467549.9
MSTT;D;20110725;000000;224.9;224.9;221;221;12000;2676801.6
MSTT;D;20110726;000000;223.97;224;220.3;220.3;29020;6429696.9
MSTT;D;20110727;000000;223.22;223.22;218.9;219.5;2500;548225.1
MSTT;D;20110728;000000;218.38;221;217;220.15;2430;531055.2
MSTT;D;20110729;000000;219.01;220.39;217.5;220.38;3370;736761
MSTT;D;20110801;000000;223.82;223.83;218.16;221;9330;2067278.9
MSTT;D;20110802;000000;219.99;220.8;218.16;220.8;620;136204.8
MSTT;D;20110803;000000;217.12;218.7;213.2;213.2;13370;2885421.6
MSTT;D;20110804;000000;214.99;218.99;208.08;208.08;5320;1133870
MSTT;D;20110805;000000;200;203.81;182;197.88;7310;1459791.1
MSTT;D;20110808;000000;190.05;197.63;182;182;30470;5631092.1
MSTT;D;20110809;000000;177.98;177.98;140;165.14;88920;14551343.1
MSTT;D;20110810;000000;171.11;179.64;152.3;158;54840;8837513.8
MSTT;D;20110811;000000;158.2;159.59;154;158;93630;14520218.3
MSTT;D;20110812;000000;155.16;168.7;155.15;167.96;62920;10098827
MSTT;D;20110815;000000;162.01;170;162.01;167;15470;2591740.2
MSTT;D;20110816;000000;167.1;168;160;163.86;6500;1058319.3
MSTT;D;20110817;000000;167.93;171;162.04;164.98;62160;10333638.7
MSTT;D;20110818;000000;162.98;162.99;148.1;156.99;132660;20414679.7
MSTT;D;20110819;000000;150.2;153.45;150;153.34;9370;1425847.3
MSTT;D;20110822;000000;151;155;148.58;150.9;13520;2063261.6
MSTT;D;20110823;000000;156.8;156.97;150.3;152;9130;1384746.6
MSTT;D;20110824;000000;155.85;155.85;151.1;155.33;13750;2130151.9
MSTT;D;20110825;000000;155.99;161.01;154;154;19480;3082909.7
MSTT;D;20110826;000000;153;153;149;152.94;9660;1459715.3
MSTT;D;20110829;000000;155.98;162;154;161.97;50690;8061599.8
MSTT;D;20110830;000000;160;168;157;160.9;14730;2378391.2
MSTT;D;20110831;000000;161.99;167.99;161.01;163;90180;14798918.6
MSTT;D;20110901;000000;163;171.99;161.26;169.48;44510;7362878.9
MSTT;D;20110902;000000;167.69;178;167.69;176.19;191610;33358449.9
MSTT;D;20110905;000000;175.89;177.99;170;172.9;43520;7584489.5
MSTT;D;20110906;000000;170.01;176.99;170;176.32;23640;4118548.3
MSTT;D;20110907;000000;178.98;180;176.5;177.03;48410;8603101
MSTT;D;20110908;000000;175.01;177.01;174.5;177;134510;23728558.8
MSTT;D;20110909;000000;179.99;179.99;173.52;175.99;31470;5548502.8
MSTT;D;20110912;000000;174.99;176.99;166.47;176;30610;5258821.3
MSTT;D;20110913;000000;178;178.9;172.14;176;9820;1727728.4
MSTT;D;20110914;000000;177.9;178;173.72;175.61;18080;3182112
MSTT;D;20110915;000000;175.01;177.25;173.12;173.98;23020;4013587.3
MSTT;D;20110916;000000;176.95;176.95;171.5;172.79;7770;1338044.7
MSTT;D;20110919;000000;171.83;171.83;168;168.65;96900;16481871.4
MSTT;D;20110920;000000;170.71;171;167.5;168;52840;8936235.8
MSTT;D;20110921;000000;173;173;166.52;166.99;10560;1789959.7
MSTT;D;20110922;000000;167.83;167.83;155.99;157;137870;22265450.4
MSTT;D;20110923;000000;158;160;150;155;53370;8336561.1
MSTT;D;20110926;000000;155.02;161;153.01;157.49;85440;13480493.6
MSTT;D;20110927;000000;159;163.66;157.99;158.01;20730;3303533.5
MSTT;D;20110928;000000;157.96;159;153.54;156.99;64840;10127425.3
MSTT;D;20110929;000000;155.03;162.99;155;159.95;41240;6499526.8
MSTT;D;20110930;000000;161.96;161.96;151.04;156.98;58050;9107928.6
MSTT;D;20111003;000000;151;157.84;150.99;156;34940;5401856.1
MSTT;D;20111004;000000;160;160;143.4;152;478460;74138783.2
MSTT;D;20111005;000000;150.03;157.99;146.01;152.39;132200;19829234.2
MSTT;D;20111006;000000;153;156;148.2;152.5;206820;31796287.2
MSTT;D;20111007;000000;153.6;157;151.1;152.9;72940;11191370.9
MSTT;D;20111010;000000;156.95;160;155.1;159.98;112630;17775296.8
MSTT;D;20111011;000000;160.12;162.2;155.99;159.5;108580;17162957.7
MSTT;D;20111012;000000;157.42;159.89;156.21;158.11;82660;13104825.9
MSTT;D;20111013;000000;158.4;158.4;152.02;157.5;77040;12070052.3
MSTT;D;20111014;000000;155.13;161;155.01;157.71;17900;2823904.5
MSTT;D;20111017;000000;158.58;161.85;153.13;157.8;61730;9787570.8
MSTT;D;20111018;000000;157.05;159;156.04;158;13690;2164245.2
MSTT;D;20111019;000000;159.97;160;158.1;159;18660;2969519.5
MSTT;D;20111020;000000;155.12;160.5;155.05;160.5;19680;3142136.9
MSTT;D;20111021;000000;160;161.5;157.92;160.91;33970;5446901.1
MSTT;D;20111024;000000;160.31;166.5;160;162;62320;10056051.4
MSTT;D;20111025;000000;160.05;161.5;160.01;161;46920;7548223.9
MSTT;D;20111026;000000;157.59;164.49;157.59;161.99;16690;2706734.2
MSTT;D;20111027;000000;166.45;171.99;164;171;252750;42520202.5
MSTT;D;20111028;000000;168.41;174.99;168.4;174;31630;5456365.9
MSTT;D;20111031;000000;165.02;184;165.02;174.88;37330;6515578.7
MSTT;D;20111101;000000;173.82;178.1;171.52;176;107610;18975467.1
MSTT;D;20111102;000000;185.99;185.99;175;175.51;76730;13474964.3
MSTT;D;20111103;000000;171.13;174.77;168.08;174.77;10780;1847892.5
MSTT;D;20111107;000000;173.45;175.94;170.57;175;103160;17958752.3
MSTT;D;20111108;000000;177.96;180;175.6;179;67290;11967509.8
MSTT;D;20111109;000000;179.14;182;174;178.08;105360;18830572.5
MSTT;D;20111110;000000;177;187.8;177;183.01;114370;20807533.2
MSTT;D;20111111;000000;183.51;185;180;184.99;117220;21511346
MSTT;D;20111114;000000;187.5;187.99;179.99;180;44300;8022031.1
MSTT;D;20111115;000000;181.7;183.61;175;182.67;26220;4711492.5
MSTT;D;20111116;000000;185;185;177.99;181.75;21570;3882214.9
MSTT;D;20111117;000000;181.75;184.44;175.53;178.01;3710;664449.4
MSTT;D;20111118;000000;176.87;179.79;176;176;12710;2253295.5
MSTT;D;20111121;000000;175;175;167.5;172.9;49440;8467733.9
MSTT;D;20111122;000000;172.49;172.9;169.5;170;4040;690873.4
MSTT;D;20111123;000000;168.51;184.61;168.51;179.08;42750;7562666.7
MSTT;D;20111124;000000;177.57;182;177.1;180;8980;1620645.4
MSTT;D;20111125;000000;180.98;183.5;179.8;183;72100;13086490
MSTT;D;20111128;000000;184.5;204;183.85;200;112910;22107139.6
MSTT;D;20111129;000000;200.48;200.48;194;195.91;8880;1750056.7
MSTT;D;20111130;000000;191.8;198.94;191.8;197;23550;4569027.1
MSTT;D;20111201;000000;200.48;200.48;194.36;194.77;11120;2179290.1
MSTT;D;20111202;000000;195.01;197.3;188.49;196.51;16940;3292338.9
MSTT;D;20111205;000000;198;198.01;186.17;198;10640;2039635.1
MSTT;D;20111206;000000;195.55;199.75;190.01;194;75310;14684534.5
MSTT;D;20111207;000000;191.46;194.9;191;194.15;52650;10111494.6
MSTT;D;20111208;000000;194;198.73;187.04;191;14360;2769380.4
MSTT;D;20111209;000000;184.01;191.99;180.13;187.37;22910;4229693
MSTT;D;20111212;000000;188.1;188.8;175.03;176.5;13700;2506311
MSTT;D;20111213;000000;180;181.26;175.05;177.01;5700;1017180.7
MSTT;D;20111214;000000;190.99;190.99;171;171.07;12710;2224569.6
MSTT;D;20111215;000000;170.19;174.99;168;170;19500;3370127.5
MSTT;D;20111216;000000;170.38;176.28;165;176.18;374530;64206126.6
MSTT;D;20111219;000000;162.56;176;162.56;170.97;91260;15709571.5
MSTT;D;20111220;000000;171.45;173;169.99;172.99;144080;24692731.8
MSTT;D;20111221;000000;173.99;175;170.22;172.5;131190;22550261.9
MSTT;D;20111222;000000;173.8;173.8;170.52;171.5;41870;7176256.7
MSTT;D;20111223;000000;174.63;174.63;171.25;174;114760;19802291.1
MSTT;D;20111226;000000;180.01;180.01;173.5;176.18;32390;5696949.5
MSTT;D;20111227;000000;173.52;176.22;173.52;175;20590;3600713.6
MSTT;D;20111228;000000;173.53;184;173.53;184;158530;28208804.6
MSTT;D;20111229;000000;176.12;206.5;176.12;204.5;1071120;208768416.9
MSTT;D;20111230;000000;206;214;183.6;187;920030;190629725.5
MSTT;D;20120103;000000;189;192.89;185.03;189.37;7020;1332283.7
MSTT;D;20120104;000000;189.33;189.33;181.31;185.98;3560;657151.1
MSTT;D;20120105;000000;185.66;186.8;179;179.02;5710;1038539.6
MSTT;D;20120106;000000;179;183.5;179;182.97;3440;625564.7
MSTT;D;20120109;000000;180.04;181.13;179.02;180.01;1210;217762.7
MSTT;D;20120110;000000;183.56;183.57;180.7;182.97;3830;697415.5
MSTT;D;20120111;000000;181.03;182.99;180;181.98;6240;1131430.5
MSTT;D;20120112;000000;183.25;183.25;180;181.19;21760;3943795
MSTT;D;20120113;000000;180.81;185.9;180;181.36;33150;5995487
MSTT;D;20120116;000000;183.17;183.17;178.28;180.25;35440;6391199.2
MSTT;D;20120117;000000;180.95;184.52;179.2;181;76200;13834755.8
MSTT;D;20120118;000000;181;182.69;181;182;25260;4592863.4
MSTT;D;20120119;000000;184.1;184.1;182.15;182.51;12590;2300075.4
MSTT;D;20120120;000000;182.7;183.87;181;182.5;24550;4474132.1
MSTT;D;20120123;000000;182.5;187.73;181.99;184.98;51250;9346970.3
MSTT;D;20120124;000000;184.99;185.93;182.62;184.49;3010;551640
MSTT;D;20120125;000000;182.37;188.37;181.01;186;17040;3124234.4
MSTT;D;20120126;000000;185.9;195.99;185.07;195.99;71770;13824135
MSTT;D;20120127;000000;195.15;195.15;189;195;11440;2217596.7
MSTT;D;20120130;000000;192.21;193.22;192.19;192.19;7520;1448253.2
MSTT;D;20120131;000000;191.59;194.94;191.59;193.03;31770;6161444.6
MSTT;D;20120201;000000;193.82;198;193.26;195.9;21220;4149329.1
MSTT;D;20120202;000000;195;195.01;193.6;194.75;11490;2230195.8
MSTT;D;20120203;000000;194.12;196.95;190.62;196.95;9440;1834981.5
MSTT;D;20120206;000000;198;198;193.01;193.01;1070;208624.2
MSTT;D;20120207;000000;192.66;193;190.19;191.5;8460;1622316.8
MSTT;D;20120208;000000;191.5;193.95;190;191.01;13590;2602754.4
MSTT;D;20120209;000000;191.19;192.9;188.16;190;71240;13555680.2
MSTT;D;20120210;000000;185.57;193;185.56;192.5;159540;30655422.2
MSTT;D;20120213;000000;195.18;195.18;192.5;194.46;21760;4206342.2
MSTT;D;20120214;000000;190.04;197;190.04;195.18;73420;14343676.8
MSTT;D;20120215;000000;195.6;197.7;195.2;196.78;10670;2095386.3
MSTT;D;20120216;000000;195.76;197.5;191;197;39380;7695566
MSTT;D;20120217;000000;198;203.8;198;201;14220;2859534.5
MSTT;D;20120220;000000;200.55;208.99;200.5;206;37950;7716525.6
MSTT;D;20120221;000000;208.3;208.8;202.58;204.21;51520;10642153.7
MSTT;D;20120222;000000;205;205;200.03;205;4920;996340.1
MSTT;D;20120224;000000;205;206.52;200;202.35;45510;9217152.9
MSTT;D;20120227;000000;202;202.29;199.59;199.6;21340;4262095.2
MSTT;D;20120228;000000;199.5;199.5;196;196;16840;3347440.2
MSTT;D;20120229;000000;196.77;201.9;195;198.58;71330;14062568.9
MSTT;D;20120301;000000;197.36;199.5;196.5;197.55;30470;6007260.6
MSTT;D;20120302;000000;198.04;200.02;197.51;198.19;7200;1428852.4
MSTT;D;20120305;000000;202;202.01;200;202;26170;5249121.6
MSTT;D;20120306;000000;201.11;205.5;195.01;195.01;97260;19315828.9
MSTT;D;20120307;000000;197.74;197.75;194.53;195.9;16020;3131720.9
MSTT;D;20120311;000000;196.02;199.73;195;198.76;10310;2020499.3
MSTT;D;20120312;000000;198.72;199.46;197.05;199.46;22450;4457754
MSTT;D;20120313;000000;200;201.99;197;200;13900;2783844
MSTT;D;20120314;000000;203.27;206;201;204.01;24080;4872412.6
MSTT;D;20120315;000000;201.09;212.49;201.08;212;111760;23478253.9
MSTT;D;20120316;000000;212.49;212.49;208;210;43380;9120963.6
MSTT;D;20120319;000000;210.01;211.7;205.01;211.7;25900;5401486.5
MSTT;D;20120320;000000;209.02;210;205.83;209.2;8170;1699876.5
MSTT;D;20120321;000000;208.02;210;208.01;210;10660;2228007.8
MSTT;D;20120322;000000;211.6;211.63;203.01;207.59;72550;15064378.1
MSTT;D;20120323;000000;209.35;210.46;205.1;207;18160;3762282.8
MSTT;D;20120326;000000;214;214;209;210;24860;5225258.7
MSTT;D;20120327;000000;214.2;214.2;210;210.96;1360;286985.7
MSTT;D;20120328;000000;213.45;213.45;205;209;80410;16883269.6
MSTT;D;20120329;000000;208.02;212;208;209.68;38030;7984858.2
MSTT;D;20120330;000000;213.44;213.44;208.2;210;8760;1846598.3
MSTT;D;20120402;000000;209.04;212.97;209.04;211.39;33100;7028047.4
MSTT;D;20120403;000000;208.17;213;208.17;212;50190;10644594.1
MSTT;D;20120404;000000;211.94;212.01;208;210.1;37030;7831880.3
MSTT;D;20120405;000000;212.35;212.47;209.99;210;22020;4627485.8
MSTT;D;20120406;000000;210.49;212;205;207.5;36440;7611724
MSTT;D;20120409;000000;207.55;211;207.54;209.29;7950;1664365.8
MSTT;D;20120410;000000;209.51;210.01;206.5;210;173230;36066951.4
MSTT;D;20120411;000000;203.13;212;203.13;210;50340;10645639
MSTT;D;20120412;000000;211.39;216;210;212.01;123200;26169683.5
MSTT;D;20120413;000000;212.56;213.9;211.27;213;169470;36133946.3
MSTT;D;20120416;000000;212;213.67;212;213.67;16850;3590437.6
MSTT;D;20120417;000000;213.06;213.48;211;211.2;63580;13467300.4
MSTT;D;20120418;000000;207.02;211.47;207.02;210.4;3920;824986.9
MSTT;D;20120419;000000;211.39;211.5;210;210.04;1030;217493.1
MSTT;D;20120420;000000;211;211.1;209.52;209.52;670;141224.8
MSTT;D;20120423;000000;210;211.5;210;211;8280;1742778.3
MSTT;D;20120424;000000;210.9;210.9;209.5;209.5;6030;1266072.6
MSTT;D;20120425;000000;210.7;211.49;209.96;211.49;4100;861675.5
MSTT;D;20120426;000000;210.49;210.5;207;208;3060;634290.8
MSTT;D;20120427;000000;209.97;209.97;207;207.7;13090;2719467.2
MSTT;D;20120428;000000;208.11;209;205;205;440;90658.7
MSTT;D;20120502;000000;207.19;209.97;205;205;36470;7561317.8
MSTT;D;20120503;000000;197.02;204.51;197.02;201;5150;1031912.3
MSTT;D;20120504;000000;199.04;200;190.22;191;4460;871275.9
MSTT;D;20120505;000000;197.58;197.58;182.23;184.02;2470;457320.2
MSTT;D;20120507;000000;184.02;188.67;184.02;186.02;230;43056.1
MSTT;D;20120508;000000;189.99;189.99;189;189;40;7569.9
MSTT;D;20120510;000000;189.99;189.99;184;187;10000;1855423.9
MSTT;D;20120511;000000;187;188;186;187;7000;1310974.3
MSTT;D;20120512;000000;186.02;186.02;184;185.8;5800;1070702.6
MSTT;D;20120514;000000;188.96;188.96;181;181.01;18450;3358974.5
MSTT;D;20120515;000000;180.97;196.96;177.29;185;57450;10574824.5
MSTT;D;20120516;000000;185;187.99;176.22;185;6450;1165277.3
MSTT;D;20120517;000000;185.16;187;177.51;184.89;4270;770423.6
MSTT;D;20120518;000000;171.7;181.99;170;173.05;97300;16969838.6
MSTT;D;20120521;000000;173.02;180;170;179.99;41560;7162059.4
MSTT;D;20120522;000000;179.48;179.48;174.51;177.5;4270;753029.4
MSTT;D;20120523;000000;173.01;175.99;168.01;173.17;35400;6046183.1
MSTT;D;20120524;000000;175.1;177;171.21;173.45;14150;2454199.7
MSTT;D;20120525;000000;172.1;173.27;170.03;173.27;14130;2438057.4
MSTT;D;20120528;000000;173.28;174.84;173;174.84;580;100391.3
MSTT;D;20120529;000000;181.99;181.99;174.5;176.65;13890;2460318.7
MSTT;D;20120530;000000;175.11;179;174.11;176.95;41450;7317773.4
MSTT;D;20120531;000000;181.4;184;177.19;177.86;25110;4480788.2
MSTT;D;20120601;000000;178;178;170.56;174.99;3010;520432
MSTT;D;20120604;000000;172.99;175;170;173.9;8570;1473505.9
MSTT;D;20120605;000000;173.45;173.53;169.04;169.04;11770;2010945.1
MSTT;D;20120606;000000;171.97;172;170;172;10160;1744999.2
MSTT;D;20120607;000000;172.02;175;172.02;174.1;2170;377834
MSTT;D;20120608;000000;171;172;170.61;170.61;5210;896031.1
MSTT;D;20120609;000000;173.1;174.68;170.5;172.51;5130;880758
MSTT;D;20120613;000000;170.27;172.9;170.27;172;7550;1291137
MSTT;D;20120614;000000;170.21;173.49;170;172;1350;230873.3
MSTT;D;20120615;000000;174;182.13;172.13;180.51;8300;1464729.5
MSTT;D;20120618;000000;176.01;176.01;172.8;175;14090;2471036.8
MSTT;D;20120619;000000;177.99;178.5;174;174.5;21180;3709518.8
MSTT;D;20120620;000000;175.25;175.25;173;173;26850;4649402.8
MSTT;D;20120621;000000;172.11;174.9;171.01;171.5;17440;3002889.6
MSTT;D;20120622;000000;169.72;173.99;166.26;170;19110;3213604.1
MSTT;D;20120625;000000;167.98;167.98;165.51;165.82;4440;738759.2
MSTT;D;20120626;000000;168;175.96;167;168;20400;3436368.6
MSTT;D;20120627;000000;169;170;168;168.5;12890;2182561.5
MSTT;D;20120628;000000;168.13;168.8;164.2;166.09;25110;4175593.4
MSTT;D;20120629;000000;172.72;204.99;165.52;175.72;863210;152971288.1
MSTT;D;20120702;000000;175.65;177.19;171.13;175.6;23640;4150499.5
MSTT;D;20120703;000000;175.51;179.8;175;177.88;40260;7083895.6
MSTT;D;20120704;000000;176.99;177;174.67;174.75;13290;2349383.1
MSTT;D;20120705;000000;173.72;175;172.34;173.83;17710;3077273.7
MSTT;D;20120706;000000;173;174;170.01;171.29;33720;5786888.1
MSTT;D;20120709;000000;174.98;176.98;172.7;176.18;9360;1642878.4
MSTT;D;20120710;000000;173.01;178.36;173;175.7;19430;3413780.7
MSTT;D;20120711;000000;175.8;177.3;173.5;175.74;9820;1725674.6
MSTT;D;20120712;000000;171.3;180.99;171.3;176.97;12530;2185164.9
MSTT;D;20120713;000000;177;179.5;176.71;176.88;88630;15754247.6
MSTT;D;20120716;000000;178;180.5;175.01;178.85;12190;2155114
MSTT;D;20120717;000000;173.67;183.89;173.67;179;18260;3265878.3
MSTT;D;20120718;000000;176.77;178.94;172;173.03;43800;7673562.9
MSTT;D;20120719;000000;173.04;176.49;173;173.45;8460;1480403.7
MSTT;D;20120720;000000;170.26;178;170.26;174.03;119690;21079793.9
MSTT;D;20120723;000000;178.97;178.98;168.52;171;11910;2047825.4
MSTT;D;20120724;000000;172;174;170.02;173.2;10210;1754596.6
MSTT;D;20120725;000000;170.31;175;170.3;175;21180;3659843.5
MSTT;D;20120726;000000;177.79;177.98;173;173.65;35520;6170903.1
MSTT;D;20120727;000000;173.01;176.9;173.01;176;26030;4576579.6
MSTT;D;20120730;000000;178.89;181.99;175.88;179.01;8990;1601784.9
MSTT;D;20120731;000000;180.79;180.8;175.86;177.49;16440;2914930.8
MSTT;D;20120801;000000;179.99;181;178;179.02;4510;810829.9
MSTT;D;20120802;000000;181.72;181.75;175.52;177.5;26200;4657973.4
MSTT;D;20120803;000000;175.11;180.9;172.02;179;8660;1536858
MSTT;D;20120806;000000;175.25;180.5;175.25;178.01;6450;1155393.3
MSTT;D;20120807;000000;177;181.92;175.99;181.92;12300;2216057.1
MSTT;D;20120808;000000;179.09;185.95;178.39;178.51;2870;519406.5
MSTT;D;20120809;000000;176.08;183.49;176.08;183.23;6230;1120401.1
MSTT;D;20120810;000000;179.5;181;179;179.02;4340;778585.3
MSTT;D;20120813;000000;182.86;182.98;176;179.11;18320;3268837
MSTT;D;20120814;000000;180;180.73;175.1;177.4;14140;2515208.5
MSTT;D;20120815;000000;175;178.99;173.13;176.5;21950;3861800.6
MSTT;D;20120816;000000;178.99;180.85;173.55;175;25790;4514166.8
MSTT;D;20120817;000000;176;180.59;173.51;176.44;6990;1223757.9
MSTT;D;20120820;000000;181.84;181.84;174.9;176.75;960;168898.6
MSTT;D;20120821;000000;178.4;179;175;177.93;19830;3502563.4
MSTT;D;20120822;000000;173.84;176;173.08;175.35;11840;2065560
MSTT;D;20120823;000000;178.5;179;174;174.04;16300;2879761.7
MSTT;D;20120824;000000;173.02;175.99;171.21;174.2;16240;2831916.3
MSTT;D;20120827;000000;177.64;177.64;174.55;174.7;9930;1736145.1
MSTT;D;20120828;000000;176.91;179.38;174.15;175;24540;4319143.1
MSTT;D;20120829;000000;177;177;170.01;173;36330;6283055.5
MSTT;D;20120830;000000;172.99;174.44;167.3;169.38;23630;4028408.9
MSTT;D;20120831;000000;168.81;173;168.8;172.76;9260;1580785.1
MSTT;D;20120903;000000;176.04;177.66;170.25;172.99;10200;1780249.2
MSTT;D;20120904;000000;172.17;176.99;170.55;171.99;14140;2434379.5
MSTT;D;20120905;000000;174.99;174.99;168.2;169;14950;2533210.6
MSTT;D;20120906;000000;170;173.48;168.7;170.99;28900;4925989.2
MSTT;D;20120907;000000;171.98;176.79;170.05;172;42550;7321695.5
MSTT;D;20120910;000000;174.34;174.34;169.2;171.49;98020;16855925.3
MSTT;D;20120911;000000;172.01;172.99;170.01;171.5;63650;10868643.5
MSTT;D;20120912;000000;171.51;171.94;169;170.49;18860;3205235.7
MSTT;D;20120913;000000;170.49;170.5;168.61;169.97;10870;1845363.6
MSTT;D;20120914;000000;172.73;179;171.39;179;149010;25822926.1
MSTT;D;20120917;000000;178.99;183;177.67;180;219040;39678622.9
MSTT;D;20120918;000000;179;185.6;179;185.05;94300;17365608.9
MSTT;D;20120919;000000;183.2;189;183.2;183.21;121120;22715533
MSTT;D;20120920;000000;185.77;187;180;185.15;40400;7372139.6
MSTT;D;20120921;000000;186.02;186.02;180.57;185;40890;7579265.4
MSTT;D;20120924;000000;182.5;190;182.5;187.95;77450;14406949.9
MSTT;D;20120925;000000;187.8;191.9;185.32;188.84;60900;11456197.6
MSTT;D;20120926;000000;183.98;187.95;183.98;185;33370;6174252.3
MSTT;D;20120927;000000;188.86;188.86;184.02;185.5;14710;2717671.3
MSTT;D;20120928;000000;186.96;190.3;185.58;190.3;48950;9215837.1
MSTT;D;20121001;000000;190.6;190.6;186.01;189.09;16360;3079294
MSTT;D;20121002;000000;185.01;190.87;185.01;190.87;23500;4448391.7
MSTT;D;20121003;000000;189.1;190.87;188.97;188.97;10060;1909025.6
MSTT;D;20121004;000000;189.4;190.7;187.3;190.66;27970;5282411.4
MSTT;D;20121005;000000;190.66;201;190.66;197;173200;34523524.6
MSTT;D;20121008;000000;198.24;199;189.49;191.97;52470;10010865.2
MSTT;D;20121009;000000;191.97;199;190;196;78620;15322584.4
MSTT;D;20121010;000000;193.6;196.73;192.51;193.5;12410;2412423.2
MSTT;D;20121011;000000;193.99;196.98;190.5;193.98;9090;1756709.2
MSTT;D;20121012;000000;190.53;193.91;186.6;188.99;28400;5393887.4
MSTT;D;20121015;000000;188.29;195.88;188.29;192.54;40020;7746984.9
MSTT;D;20121016;000000;193.31;195.2;188.04;195;18740;3605060.6
MSTT;D;20121017;000000;197.2;198.87;192.55;194.97;29180;5739439.1
MSTT;D;20121018;000000;194.29;196.18;190.5;190.61;23540;4513452
MSTT;D;20121019;000000;190.61;196.97;190.02;195.09;98840;19231938.3
MSTT;D;20121022;000000;194.98;198.87;190.22;198.66;46480;9051429.9
MSTT;D;20121023;000000;198.64;200.47;194.13;195.08;32180;6350120.8
MSTT;D;20121024;000000;194.49;195.3;191.26;194.16;20290;3938979.8
MSTT;D;20121025;000000;192.62;194.18;192.01;192.09;5520;1063687.3
MSTT;D;20121026;000000;190.01;193;190.01;192.03;15460;2962826.8
MSTT;D;20121029;000000;192.07;195.44;191.6;192.5;6180;1189792.8
MSTT;D;20121030;000000;192.11;192.11;187.6;190.6;33180;6322084
MSTT;D;20121031;000000;188.92;189.99;188.3;188.35;8540;1614675
MSTT;D;20121101;000000;185.95;187.8;181.78;183;37600;6916941.5
MSTT;D;20121102;000000;182.16;187.9;182.12;185;27710;5128810.6
MSTT;D;20121106;000000;183;188;180.72;186.1;20580;3807580.8
MSTT;D;20121107;000000;188.75;189.92;180;183;38220;7106715.8
MSTT;D;20121108;000000;181.01;184.88;175.36;177.03;61920;11215120.6
MSTT;D;20121109;000000;176.67;199.84;176.28;181.84;29050;5257128.6
MSTT;D;20121112;000000;180.02;183;179.12;181.55;4240;768648.5
MSTT;D;20121113;000000;192.49;192.5;177.7;177.73;45690;8275147.8
MSTT;D;20121114;000000;179.04;182.32;177.77;180.32;9810;1763086.2
MSTT;D;20121115;000000;178.73;180.12;177.12;178.98;4410;785288
MSTT;D;20121116;000000;176.51;178.5;175;176;19350;3410929.4
MSTT;D;20121119;000000;177.98;177.98;176.12;176.88;15250;2696717.4
MSTT;D;20121120;000000;177.79;177.79;172;172.4;44400;7687696.3
MSTT;D;20121121;000000;172.32;173.3;169.5;173.3;57850;9923524.7
MSTT;D;20121122;000000;171.05;179;171.05;176.5;17080;3002017.7
MSTT;D;20121123;000000;177.87;179.07;177;178;6110;1088266.6
MSTT;D;20121126;000000;178.5;178.97;174.45;176.95;9230;1625062.4
MSTT;D;20121127;000000;177.45;178.97;175.12;175.12;4560;807196.1
MSTT;D;20121128;000000;174.07;174.73;171.02;172.8;12880;2220569.6
MSTT;D;20121129;000000;175;175;171.8;173.2;7070;1218009.8
MSTT;D;20121130;000000;171.83;174.4;171.8;174;7920;1373488
MSTT;D;20121203;000000;175;177;172.51;174;4380;762889.1
MSTT;D;20121204;000000;175.39;175.5;172.9;172.9;23300;4048340
MSTT;D;20121205;000000;175.56;175.58;170.68;173;106580;18382756.9
MSTT;D;20121206;000000;173.7;173.7;172;173.08;6860;1185827.7
MSTT;D;20121207;000000;173.47;173.96;172.01;172.8;24650;4259727
MSTT;D;20121210;000000;173;173.2;172.25;172.6;6180;1068560.5
MSTT;D;20121211;000000;172.31;173;170.92;172.69;137870;23604861.9
MSTT;D;20121212;000000;172.72;183.5;172.72;178.1;165440;29156401.3
MSTT;D;20121213;000000;178.1;181;177.17;178.76;90710;16258230.5
MSTT;D;20121214;000000;178.67;180.29;177.7;178;65410;11731468.3
MSTT;D;20121217;000000;178.35;185;175;181.15;105310;19017375.7
MSTT;D;20121218;000000;181.15;187;180;183.99;152410;28111809.9
MSTT;D;20121219;000000;185;185;180.18;182.35;17610;3196286.6
MSTT;D;20121220;000000;182.91;185.18;180.07;182.47;28970;5291461.9
MSTT;D;20121221;000000;180.14;181.66;176.99;179.44;99130;17706035.6
MSTT;D;20121224;000000;180.99;181.9;176.52;179.28;33970;6064644.3
MSTT;D;20121225;000000;179.37;183.64;179;182;175050;31829987.9
MSTT;D;20121226;000000;183;189.7;182;183.62;374900;68949831.2
MSTT;D;20121227;000000;191.5;197;182.01;196.98;645920;124461892.6
MSTT;D;20121228;000000;192.12;212;179.8;182;1061020;214209102.4
MSTT;D;20130108;000000;187.13;187.13;181.83;183;60420;11034599.1
MSTT;D;20130109;000000;184.43;184.9;181.82;182.73;16380;2994415.2
MSTT;D;20130110;000000;182.74;182.74;178.12;178.5;28880;5217720
MSTT;D;20130111;000000;178.58;179.89;176.71;178.25;18610;3318807.7
MSTT;D;20130114;000000;178.99;181.23;178.34;178.34;67790;12187478
MSTT;D;20130115;000000;179.08;182;177.77;182;38120;6855955.1
MSTT;D;20130116;000000;180.04;187.39;178.63;181;57520;10412050.2
MSTT;D;20130117;000000;181.01;183.49;180;183.35;17580;3188576.6
MSTT;D;20130118;000000;182.7;187.75;182.7;187.5;229900;42680636.3
MSTT;D;20130121;000000;187.02;187.3;183.71;186.01;25550;4762770.9
MSTT;D;20130122;000000;185.31;187.5;184.1;186.97;75690;14092022.4
MSTT;D;20130123;000000;184;188;184;185.26;40810;7606373.2
MSTT;D;20130124;000000;185.01;187.01;181;187.01;30990;5743633
MSTT;D;20130125;000000;187.01;196.5;187.01;193.51;276110;53337231.8
MSTT;D;20130128;000000;201.5;201.5;193.1;193.27;57280;11193283.6
MSTT;D;20130129;000000;195.98;197;190;192.41;55370;10601151.4
MSTT;D;20130130;000000;191.5;194.83;190;190.5;42360;8086761
MSTT;D;20130131;000000;190.11;192.37;186.11;191;89280;16925678.3
MSTT;D;20130201;000000;193.96;193.96;189.45;193.29;55940;10699417.2
MSTT;D;20130204;000000;193.4;194.57;191.46;194;34600;6682041.7
MSTT;D;20130205;000000;193.06;195.25;191.5;193.7;79610;15447992.1
MSTT;D;20130206;000000;193.68;194.32;190.8;192.5;27330;5261952.3
MSTT;D;20130207;000000;192.99;193;191.31;192.97;11150;2143946.7
MSTT;D;20130208;000000;192.8;192.8;186.51;190;65840;12473501.4
MSTT;D;20130211;000000;190.02;191.78;190;190.69;12210;2327473.8
MSTT;D;20130212;000000;190.5;192;188.17;188.5;13510;2565906.2
MSTT;D;20130213;000000;188.51;188.53;184.55;187;46180;8627453.4
MSTT;D;20130214;000000;187.04;188;181;181.99;60730;11236911.5
MSTT;D;20130215;000000;180.3;182.5;174.84;175;208560;36862308.2
MSTT;D;20130218;000000;176.98;179.7;171.6;172.1;157480;27343703.6
MSTT;D;20130219;000000;172.1;174.2;170.2;170.2;192760;33202465
MSTT;D;20130220;000000;170.2;171;160.1;161.01;340120;55679862
MSTT;D;20130221;000000;161.9;161.9;151;159.72;198090;30924684
MSTT;D;20130222;000000;159.94;160.5;155.1;157.2;136530;21450430.2
MSTT;D;20130225;000000;157.2;160.4;157.03;160;75060;11961996.5
MSTT;D;20130226;000000;158.99;160;157.18;158.65;168490;26738187.3
MSTT;D;20130227;000000;159.48;161;158.9;160;111240;17825434.6
MSTT;D;20130228;000000;160.51;161.87;158.59;160.4;24360;3908115.6
MSTT;D;20130301;000000;159.99;160.98;156.3;157.58;62310;9845452.3
MSTT;D;20130304;000000;157.65;159.93;157.5;158.5;28020;4435780.9
MSTT;D;20130305;000000;159.1;159.11;155;157.47;152300;23979572.2
MSTT;D;20130306;000000;157.5;158.48;156.99;158;109960;17341200
MSTT;D;20130307;000000;158.9;158.9;156.83;157.4;85580;13465853.1
MSTT;D;20130311;000000;157.4;158.48;157.3;157.99;83620;13192677.3
MSTT;D;20130312;000000;157.75;157.78;155.13;157.48;29920;4700216
MSTT;D;20130313;000000;157.38;157.55;154.29;155;318760;49471140.4
MSTT;D;20130314;000000;154.67;155;141.11;148.8;393420;58498200
MSTT;D;20130315;000000;149;149;145.1;146.88;37380;5483548.8
MSTT;D;20130318;000000;145.27;145.28;135.4;136.75;230410;31970061.4
MSTT;D;20130319;000000;136.79;139.29;136;136.81;122940;16951312.7
MSTT;D;20130320;000000;137.42;147.5;136.07;146.01;555910;79477032.3
MSTT;D;20130321;000000;146.74;148;141.08;147;114130;16557479.4
MSTT;D;20130322;000000;146;147.9;142.02;144.1;203620;29239738.5
MSTT;D;20130325;000000;144.01;145.75;142.44;142.44;43710;6286595.3
MSTT;D;20130326;000000;142.43;142.62;138.52;142.62;90600;12719022.4
MSTT;D;20130327;000000;142.9;143;136.01;136.3;166800;23326188.7
MSTT;D;20130328;000000;137.3;140.5;136.01;139.35;68540;9501748.6
MSTT;D;20130329;000000;139.48;142.99;138;140.39;57470;8034861.1
MSTT;D;20130401;000000;140.1;141.89;136.57;137.58;15100;2100647.1
MSTT;D;20130402;000000;137.61;139.99;136.55;137.8;32400;4461348.4
MSTT;D;20130403;000000;137.16;139.5;130.02;133;91770;12529277.7
MSTT;D;20130404;000000;132.96;136.99;131.2;135;199510;26650272.5
MSTT;D;20130405;000000;135.99;139.9;135.5;137.47;200400;27577014.5
MSTT;D;20130408;000000;138.87;138.87;133.8;134.99;84400;11421078.3
MSTT;D;20130409;000000;134.99;137.47;134.99;136.5;281100;38161789.9
MSTT;D;20130410;000000;136.04;140.63;135.81;138.02;65790;9142756.3
MSTT;D;20130411;000000;136.93;138.45;134.94;136.1;129490;17669234.1
MSTT;D;20130412;000000;136.58;136.58;135.2;135.5;43470;5898866.1
MSTT;D;20130415;000000;135.01;136.75;131;134.03;155510;20915042.9
MSTT;D;20130416;000000;133.44;136;131.05;132.5;53630;7110907.6
MSTT;D;20130417;000000;131.49;134.6;131.13;133.44;122010;16232716.4
MSTT;D;20130418;000000;134.51;134.51;131.2;133.68;36280;4812307.2
MSTT;D;20130419;000000;133.68;135;129.5;130.88;65120;8641296.9
MSTT;D;20130422;000000;133;133.47;128;131;400800;52068329.7
MSTT;D;20130423;000000;132.4;133.35;121.66;133.1;43470;5742604.4
MSTT;D;20130424;000000;134;151.5;134;150.3;629690;89552819.1
MSTT;D;20130425;000000;149.21;150.94;145.02;148;264920;39640932
MSTT;D;20130426;000000;145.32;153;145;153;140030;20985656.8
MSTT;D;20130429;000000;152.97;152.97;147.61;150.99;22350;3369432.3
MSTT;D;20130430;000000;150;151.4;148;150.42;19180;2857777.5
MSTT;D;20130502;000000;151.89;151.89;149;150.01;4710;705757.7
MSTT;D;20130503;000000;151;153.49;151;152.4;6940;1054798.5
MSTT;D;20130506;000000;153;153.72;151.01;153.7;24550;3745289.5
MSTT;D;20130507;000000;153;158.4;152.06;156.94;178950;27599488.3
MSTT;D;20130508;000000;155.02;157.94;155.02;156.01;40430;6318564.7
MSTT;D;20130510;000000;155.68;156.94;155.01;155.01;23090;3600575.7
MSTT;D;20130513;000000;155.02;156.94;155.01;156.5;20370;3181848.7
MSTT;D;20130514;000000;156;159.49;156;157.97;92140;14503526.3
MSTT;D;20130515;000000;158.27;162.44;156.01;160.6;70540;11267755
MSTT;D;20130516;000000;162;162;156;158;53770;8560741.3
MSTT;D;20130517;000000;155.56;155.56;148.01;152;74430;11363397.9
MSTT;D;20130520;000000;152.47;152.47;150.01;150.5;30380;4573085.4
MSTT;D;20130521;000000;149;152.46;148.22;150.2;24240;3658368.9
MSTT;D;20130522;000000;150.02;152.98;148.03;152.98;44760;6769343.5
MSTT;D;20130523;000000;151.74;151.74;144.33;146.9;88270;13069241.9
MSTT;D;20130524;000000;146;150;143.26;148;52260;7758836.8
MSTT;D;20130527;000000;146.14;147.82;142.12;142.25;12180;1749722.7
MSTT;D;20130528;000000;141.04;148.96;141.02;146.99;34950;5123631.7
MSTT;D;20130529;000000;142.9;149.5;142.72;146.95;112220;16598642.7
MSTT;D;20130530;000000;146.85;148;146;146.82;15290;2249337
MSTT;D;20130531;000000;147.93;148.05;144.99;147.99;34770;5122975
MSTT;D;20130603;000000;132.18;148;132.18;146.5;730;106967
MSTT;D;20130604;000000;146.98;148.45;141.5;142.2;22010;3146479.4
MSTT;D;20130605;000000;143;143.97;138;139.99;12290;1723564.3
MSTT;D;20130606;000000;139.05;142.5;135.03;136;31220;4356427.2
MSTT;D;20130607;000000;138.33;141.75;138.33;140.8;40870;5688009.1
MSTT;D;20130610;000000;141.77;143;141;141.71;14650;2079004.9
MSTT;D;20130611;000000;141.25;142.5;139;140.04;14470;2036471.8
MSTT;D;20130613;000000;138.43;140.95;135.18;139.01;35180;4869355.3
MSTT;D;20130614;000000;138.55;138.55;137.11;138.31;19920;2749552.2
MSTT;D;20130617;000000;138.96;148;137;142.95;157500;22542609.6
MSTT;D;20130618;000000;141;143;140.09;141.48;13040;1857868.7
MSTT;D;20130619;000000;142.97;142.97;139.01;141.72;14840;2091863.8
MSTT;D;20130620;000000;139.9;139.9;137.01;137.01;37880;5253615.8
MSTT;D;20130621;000000;138.95;138.97;137.15;137.81;28310;3910105.9
MSTT;D;20130624;000000;137.01;141;136.51;138.79;111800;15544496.9
MSTT;D;20130625;000000;137.69;143.9;137.69;140.98;99760;14175647.3
MSTT;D;20130626;000000;142.5;143.2;138.99;140.21;155370;21876881.6
MSTT;D;20130627;000000;139.51;148.37;139.5;146.97;85810;12200521.3
MSTT;D;20130628;000000;145.1;146;143;143;82210;11820086.8
MSTT;D;20130701;000000;138.58;141.8;138.49;139;112860;15728491.6
MSTT;D;20130702;000000;139;139.01;135.1;136.01;42920;5853273.9
MSTT;D;20130703;000000;135.21;138.6;133.33;135.99;31040;4216225
MSTT;D;20130704;000000;137.8;137.8;134.85;137.4;99340;13519807.6
MSTT;D;20130705;000000;138.3;139.38;137.5;137.99;42350;5851201.9
MSTT;D;20130708;000000;138.1;139.7;136.25;137.25;43310;5954744.2
MSTT;D;20130709;000000;138.89;138.89;135.5;136.99;43270;5940892.6
MSTT;D;20130710;000000;136.5;137.2;135.5;135.55;18850;2569646.7
MSTT;D;20130711;000000;137.98;139.5;136.07;138.43;67820;9294537
MSTT;D;20130712;000000;138.79;139;136.52;138.49;70020;9662501.7
MSTT;D;20130715;000000;138.11;139.65;138;139.5;131680;18324319.2
MSTT;D;20130716;000000;139.71;140.4;138.71;139.39;91670;12795293
MSTT;D;20130717;000000;139.39;139.39;137.1;138.98;16650;2296080.7
MSTT;D;20130718;000000;140.05;140.05;136;137.5;87640;12026002.8
MSTT;D;20130719;000000;135.3;139.4;135.3;138.1;20070;2760611.8
MSTT;D;20130722;000000;135.24;138.25;135.24;136.8;19810;2721251.3
MSTT;D;20130723;000000;138;140.2;136.02;138.5;128250;17729473.3
MSTT;D;20130724;000000;137.93;138.85;137.9;138.59;3620;500937.9
MSTT;D;20130725;000000;139.84;139.84;136.56;138.13;53090;7348888.1
MSTT;D;20130726;000000;141.4;141.4;137.01;139.37;20810;2882900.2
MSTT;D;20130729;000000;138.45;140;137.59;138.62;15600;2168053.7
MSTT;D;20130730;000000;138.97;139.9;137.49;139.21;72210;10008168.4
MSTT;D;20130731;000000;140.19;140.99;138.08;138.82;38820;5414657.7
MSTT;D;20130801;000000;139.34;139.9;138.4;139.75;30530;4248704.7
MSTT;D;20130802;000000;140.04;141.32;139.04;141;101160;14188180.3
MSTT;D;20130805;000000;142.78;147;140.71;144.5;135330;19616451.8
MSTT;D;20130806;000000;144;144.23;141.99;142.02;24360;3482611.2
MSTT;D;20130807;000000;141.02;145;141.02;143.41;15450;2219952.8
MSTT;D;20130808;000000;143.21;145.94;139.99;145;152530;21864093.1
MSTT;D;20130809;000000;144.9;146.1;143.76;146;91150;13166675.1
MSTT;D;20130812;000000;145.1;146.89;144.13;146.5;5200;758736.4
MSTT;D;20130813;000000;146.99;157;146.99;148.01;135630;20408604
MSTT;D;20130814;000000;150;154.88;148.24;150;42600;6463288.3
MSTT;D;20130815;000000;152.49;152.49;146.12;147.89;22650;3386264.2
MSTT;D;20130816;000000;147.01;149.9;143.03;143.26;26270;3826784.4
MSTT;D;20130819;000000;143.3;144.99;143.26;144.01;24100;3470029
MSTT;D;20130820;000000;146.11;146.11;141.01;142.32;21360;3036638.8
MSTT;D;20130821;000000;141.87;143.97;140.05;141;49910;7114404.4
MSTT;D;20130822;000000;140.12;142.97;139.12;142.4;25670;3641552.8
MSTT;D;20130823;000000;140.21;142.33;140.21;140.5;94850;13335511.9
MSTT;D;20130826;000000;138.7;142.11;138.7;140.39;8260;1161496.3
MSTT;D;20130827;000000;140.42;141.72;139;140.01;23300;3265434.3
MSTT;D;20130828;000000;139.03;141.38;139.01;139.05;7620;1065735.7
MSTT;D;20130829;000000;139.49;140.63;139;139.69;11660;1627202.2
MSTT;D;20130830;000000;139.01;140.22;139;139.48;35450;4932411.6
MSTT;D;20130902;000000;139.03;143.99;135.11;138.34;16080;2227930.4
MSTT;D;20130903;000000;139.01;139.99;135.5;138;14430;1972416.6
MSTT;D;20130904;000000;138.5;140.43;137;138.62;73030;10157188.1
MSTT;D;20130905;000000;140.33;140.4;138;140;14780;2061521.5
MSTT;D;20130906;000000;140.44;140.44;138.5;138.5;34490;4826140.7
MSTT;D;20130909;000000;138.78;141.09;137.66;140.07;75910;10635551.6
MSTT;D;20130910;000000;141.33;142.95;139.52;142.53;66100;9388992.7
MSTT;D;20130911;000000;142.5;144.39;141.51;144.27;16390;2348700.9
MSTT;D;20130912;000000;143.12;144.06;142;142.84;18630;2663015.2
MSTT;D;20130913;000000;143;144.7;141.53;143.45;9140;1306117.9
MSTT;D;20130916;000000;144.24;147;142.04;145;104390;15108681
MSTT;D;20130917;000000;144.96;149.8;143.71;149.6;32780;4816851.7
MSTT;D;20130918;000000;147.73;150;146.01;146.01;28100;4152606.5
MSTT;D;20130919;000000;150;150;146;146.72;46210;6812966.6
MSTT;D;20130920;000000;146.96;148.1;145;146.07;57190;8365318.8
MSTT;D;20130923;000000;146.04;146.07;143.99;145.9;50120;7307542.2
MSTT;D;20130924;000000;138.58;147.38;138.58;147.35;33370;4887277.3
MSTT;D;20130925;000000;147.2;147.97;145.01;146.49;15170;2223534.2
MSTT;D;20130926;000000;147.42;147.85;143.21;147.49;96500;14100868.6
MSTT;D;20130927;000000;147;147;144.2;144.91;18420;2676876.3
MSTT;D;20130930;000000;145.59;145.59;142.6;143.52;21270;3070015.5
MSTT;D;20131001;000000;145.46;145.48;142.57;144.64;13300;1918286.8
MSTT;D;20131002;000000;147.48;147.48;143.29;143.35;48610;7005705.2
MSTT;D;20131003;000000;143.61;144.75;143.01;143.86;13830;1993231.8
MSTT;D;20131004;000000;144.74;144.75;142.3;143;48060;6898963.3
MSTT;D;20131007;000000;142.48;143.78;141.5;141.5;13280;1889392
MSTT;D;20131008;000000;143.14;143.97;140.6;141.99;30580;4329785.3
MSTT;D;20131009;000000;122;143.89;122;143;23330;3303320.4
MSTT;D;20131010;000000;143.36;143.5;141.7;141.91;21330;3036430.3
MSTT;D;20131011;000000;142.02;142.02;136.99;139;106210;14670720.2
MSTT;D;20131014;000000;139;139.99;137.42;138.98;21130;2931252.2
MSTT;D;20131015;000000;139.49;139.5;138.44;138.6;37550;5219501.1
MSTT;D;20131016;000000;138.51;138.99;136.5;136.79;88820;12238661.2
MSTT;D;20131017;000000;137.98;139.61;136.22;136.38;49490;6788769.6
MSTT;D;20131018;000000;136.8;139;135.9;138.3;170040;23383177
MSTT;D;20131021;000000;138.3;138.3;137.01;137.01;61140;8422313
MSTT;D;20131022;000000;138.97;138.97;135.75;136.37;63230;8625863.9
MSTT;D;20131023;000000;135.76;137.5;135.75;136;36970;5042770
MSTT;D;20131024;000000;136.05;142.73;136.05;136.31;21000;2896724.8
MSTT;D;20131025;000000;140.45;140.45;136.4;136.5;30790;4212507.6
MSTT;D;20131028;000000;137.46;139.47;136.27;136.56;317290;43457972.7
MSTT;D;20131029;000000;136.45;137.05;136.27;136.92;57710;7905754.6
MSTT;D;20131030;000000;137.96;137.98;135.53;136;61450;8412734.9
MSTT;D;20131031;000000;135.9;135.9;135.22;135.45;16950;2296091.8
MSTT;D;20131101;000000;136.11;136.97;135.26;136.27;5940;810470.9
MSTT;D;20131105;000000;135.9;136.96;134.75;135;22060;2983927.8
MSTT;D;20131106;000000;134;135.72;133.07;133.18;29440;3939307.1
MSTT;D;20131107;000000;134.51;137.49;132.33;137.47;388160;51953081
MSTT;D;20131108;000000;136.57;138.3;135.61;138;58760;8060457.8
MSTT;D;20131111;000000;138.3;138.47;137.51;138.1;101070;13945633.1
MSTT;D;20131112;000000;138.25;144;138.12;143.76;396840;56254610.4
MSTT;D;20131113;000000;143.75;143.75;138;138.9;58160;8212432.7
MSTT;D;20131114;000000;139;145;139;143.6;175720;25121912.9
MSTT;D;20131115;000000;145.05;150;141.27;144;1721650;248697630.1
MSTT;D;20131118;000000;143.01;143.01;140.27;141.47;36830;5206057.5
MSTT;D;20131119;000000;141.47;141.47;140.5;141;30160;4245273.9
MSTT;D;20131120;000000;141;141.75;138.47;139;117670;16458928.3
MSTT;D;20131121;000000;139.47;139.47;136.1;138.5;185580;25535914
MSTT;D;20131122;000000;140.25;141.9;138.56;139.79;407870;57189584.4
MSTT;D;20131125;000000;141;141;139.02;139.98;151990;21276365.8
MSTT;D;20131126;000000;140;141.99;139;140.6;89850;12583481.3
MSTT;D;20131127;000000;140.75;142.5;139.81;140;42100;5904703
MSTT;D;20131128;000000;142.78;144.78;138.75;139.99;63440;8912773.6
MSTT;D;20131129;000000;139.75;140.4;137.07;139.98;19390;2685285.9
MSTT;D;20131202;000000;139.75;141.5;136.25;140.2;89780;12413422.6
MSTT;D;20131203;000000;140.25;140.25;134.61;135.6;172860;23479353.4
MSTT;D;20131204;000000;135.5;136.9;132.05;132.5;319610;42773096.6
MSTT;D;20131205;000000;133.2;136.6;132.65;135.7;299160;40177810
MSTT;D;20131206;000000;135.6;136.74;135;136.11;56300;7642128.5
MSTT;D;20131209;000000;136.25;137.98;136;137.59;55960;7675914.9
MSTT;D;20131210;000000;137.99;139.88;137.48;138.03;322290;44644049.1
MSTT;D;20131211;000000;138;142;136;141.99;241730;33592360.5
MSTT;D;20131212;000000;136.27;143;136.27;143;200160;28262177.6
MSTT;D;20131213;000000;142.25;149.75;141.05;144.1;778490;113373763.3
MSTT;D;20131216;000000;145;146.94;142.2;145;690050;99298779.9
MSTT;D;20131217;000000;144.56;159.4;144;147.01;1161160;174322140.1
MSTT;D;20131218;000000;148;185.5;144.99;150.94;1607060;263430317.6
MSTT;D;20131219;000000;151.1;151.81;142.2;144;335390;49114071.6
MSTT;D;20131220;000000;143.16;144.35;141;141;393930;56331598.8
MSTT;D;20131223;000000;142.24;143.8;141.5;142.94;151660;21575071.1
MSTT;D;20131224;000000;142.72;142.72;139;139;92500;12944791.3
MSTT;D;20131225;000000;139.21;140.01;136.99;138;155270;21584697.9
MSTT;D;20131226;000000;137.76;141.76;137.76;139.26;52650;7352739.2
MSTT;D;20131227;000000;139.5;146;133.75;133.8;201090;27484963.8
MSTT;D;20131230;000000;141.38;141.38;132.19;134;226560;30232244.7
MSTT;D;20140106;000000;132.03;134.99;131.07;131.8;43090;5686913
MSTT;D;20140108;000000;131.99;133.49;131.07;133.49;36560;4825669.6
MSTT;D;20140109;000000;131.46;134.24;131.32;134;18170;2418576.5
MSTT;D;20140110;000000;132.1;135;132.02;134.64;31540;4238463.2
MSTT;D;20140113;000000;134.5;134.75;132.51;134.16;25080;3354762.2
MSTT;D;20140114;000000;134;136.19;131.51;133;144120;19244974
MSTT;D;20140115;000000;133.82;134;132.52;132.8;67500;8996261.1
MSTT;D;20140116;000000;133;133.03;127.31;127.45;235620;30451655.6
MSTT;D;20140117;000000;128.5;129.87;127.23;129.3;131480;16853897.3
MSTT;D;20140120;000000;129.98;131.2;129;130.05;90470;11817638.1
MSTT;D;20140121;000000;130.92;130.93;129.41;130.23;72940;9490567
MSTT;D;20140122;000000;130.23;130.23;127.8;128.17;32000;4110288.1
MSTT;D;20140123;000000;128.25;128.75;127.83;128.4;26570;3412378
MSTT;D;20140124;000000;128.25;128.75;126.3;128;64390;8211666.1
MSTT;D;20140127;000000;127.98;129.77;127.5;128.29;58700;7561524.5
MSTT;D;20140128;000000;132.39;132.39;127.36;127.59;66870;8559925.1
MSTT;D;20140129;000000;127.26;129.97;126.31;127;72100;9281336.8
MSTT;D;20140130;000000;128.39;129;120;123.48;138810;17292269.3
MSTT;D;20140131;000000;122.3;122.52;117.94;122;313110;37658026.1
MSTT;D;20140203;000000;124.96;124.96;120;120.01;82400;10007040.6
MSTT;D;20140204;000000;118;120.71;118;120.05;39490;4711452.1
MSTT;D;20140205;000000;123.88;126.88;120;125.75;89400;10917629.4
MSTT;D;20140206;000000;125.97;126.74;123.76;126.42;56340;7064433.7
MSTT;D;20140207;000000;126;128.9;125.01;128.4;285410;36507833.2
MSTT;D;20140210;000000;128.41;128.5;126.77;127.26;12340;1575939.5
MSTT;D;20140211;000000;127.25;128;125.71;127.99;11730;1492897.4
MSTT;D;20140212;000000;128;128.8;126;126.57;100130;12807060.3
MSTT;D;20140213;000000;126.25;126.25;123.51;125.68;61200;7680018.4
MSTT;D;20140214;000000;125.75;126.75;124.74;125;15880;1993165.1
MSTT;D;20140217;000000;127.75;127.75;125.5;127.4;41830;5306894.6
MSTT;D;20140218;000000;127.5;128;124.02;124.57;45970;5830251.8
MSTT;D;20140219;000000;133.17;133.33;122.22;125.77;143510;17990692.9
MSTT;D;20140220;000000;126;127.3;122.9;123;114030;14184343.5
MSTT;D;20140221;000000;123;123.45;120.36;120.99;19110;2327412.2
MSTT;D;20140224;000000;121.38;122.25;120.31;120.8;16390;1982261.4
MSTT;D;20140225;000000;120.93;121.6;116.5;118.49;38730;4618646.3
MSTT;D;20140226;000000;118.49;119.35;118;118.25;126640;15013163.6
MSTT;D;20140227;000000;118;118.8;113.51;113.6;61590;7051212.2
MSTT;D;20140228;000000;113.61;113.61;110;111;151540;16821822
MSTT;D;20140303;000000;101.05;102;79.99;83.11;679420;59313221.9
MSTT;D;20140304;000000;86;89.74;83.97;87.12;296530;25747210.5
MSTT;D;20140305;000000;88.51;89.98;86.04;88.49;250370;22049464.6
MSTT;D;20140306;000000;88.49;90.74;86.08;88.74;612950;54522872.3
MSTT;D;20140307;000000;88;89.6;88;89.1;116160;10294524.9
MSTT;D;20140311;000000;89.01;89.86;84.3;84.99;34650;2994643.8
MSTT;D;20140312;000000;84.43;84.51;82.98;83.58;107210;8937841.7
MSTT;D;20140313;000000;84.02;84.02;82.25;82.56;83690;6947383
MSTT;D;20140314;000000;81.59;81.99;70.25;80;313260;23923143.5
MSTT;D;20140317;000000;82.21;82.75;79.99;81.85;32020;2599462.2
MSTT;D;20140318;000000;82.74;87.5;82.31;86.5;43310;3684253.2
MSTT;D;20140319;000000;86.07;91.44;85.05;90.15;220100;19575777.1
MSTT;D;20140320;000000;89.98;92;89.2;91.19;73130;6641557.6
MSTT;D;20140321;000000;90.25;90.25;86;88.95;149390;13109808.1
MSTT;D;20140324;000000;90.44;90.44;88.12;89.88;58120;5227465.4
MSTT;D;20140325;000000;88.68;90.7;88.67;90.5;30470;2742192.5
MSTT;D;20140326;000000;90.5;100;90.5;97.14;117520;11342840.7
MSTT;D;20140327;000000;96.67;97.94;93.8;95;42900;4075789.9
MSTT;D;20140328;000000;96.2;97.6;94;94;43600;4137311.5
MSTT;D;20140331;000000;94;95.45;92.19;92.66;55180;5170067.6
MSTT;D;20140401;000000;94.35;96;92.7;94.98;157770;14984803.9
MSTT;D;20140402;000000;94.26;95.74;94.02;94.3;24570;2324291.7
MSTT;D;20140403;000000;94.84;96.69;93.31;95;53720;5102767.8
MSTT;D;20140404;000000;93.77;95;93.11;94.19;17010;1606289.2
MSTT;D;20140407;000000;93.89;94.5;90;91.44;139720;12761820.7
MSTT;D;20140408;000000;89.09;93;88.01;90.6;15720;1415054.9
MSTT;D;20140409;000000;91.88;92.4;90.62;92.4;20140;1836139.9
MSTT;D;20140410;000000;92.97;98;92.1;95.8;106240;10086756.8
MSTT;D;20140411;000000;95;95.77;93.13;93.35;45770;4315822.4
MSTT;D;20140414;000000;92.28;92.28;89.3;91.9;66170;6001079.5
MSTT;D;20140415;000000;91.5;93.72;90.07;90.96;43980;4033635.5
MSTT;D;20140416;000000;92.28;92.29;90.54;92;7370;676633.9
MSTT;D;20140417;000000;91.36;94.5;91.28;94.1;55900;5222386.9
MSTT;D;20140418;000000;94.1;96.84;93.53;95;93700;8952666.1
MSTT;D;20140421;000000;95;96.04;93.63;96;11960;1142472.5
MSTT;D;20140422;000000;96.01;96.01;93.73;94.01;31120;2928953.4
MSTT;D;20140423;000000;94.04;94.98;75.66;94;77860;7171321.8
MSTT;D;20140424;000000;93.31;94.97;91.98;93;80500;7472456.5
MSTT;D;20140425;000000;91.16;94.01;91;92.48;82450;7630095.7
MSTT;D;20140428;000000;92;93.9;90.57;92;35360;3242821.7
MSTT;D;20140429;000000;93.89;94.4;91.53;92.25;55100;5091961.9
MSTT;D;20140430;000000;93.88;93.98;92.29;92.29;9190;853563.2
MSTT;D;20140502;000000;92.27;93.89;91.53;91.9;28260;2603316.7
MSTT;D;20140505;000000;92;93.67;91.65;92;29670;2730329.2
MSTT;D;20140506;000000;92.22;93.76;92;92.5;23160;2146330.1
MSTT;D;20140507;000000;93.7;96.99;92.5;96.98;38870;3662411.6
MSTT;D;20140508;000000;97.74;97.74;93.81;95;20630;1967939.3
MSTT;D;20140512;000000;96;97.3;93.56;94.33;16100;1528852
MSTT;D;20140513;000000;95.46;96.47;94.02;95.38;33630;3172622.5
MSTT;D;20140514;000000;94.16;96.46;94.14;96.4;31990;3061509.4
MSTT;D;20140515;000000;95.07;96.35;94.66;96.35;20890;2007966.6
MSTT;D;20140516;000000;95.47;96.47;95.09;96.47;29480;2825146.2
MSTT;D;20140519;000000;96.5;97.47;95.89;96.81;52400;5047367.2
MSTT;D;20140520;000000;96.72;98.97;96.72;97.63;62490;6121428.3
MSTT;D;20140521;000000;97.97;107.71;97.8;105.49;268050;27214392.8
MSTT;D;20140522;000000;105.71;108.47;100.25;104.49;139540;14618272.6
MSTT;D;20140523;000000;104.77;109.5;104.77;106.9;110150;11800639.6
MSTT;D;20140526;000000;102.35;109;102.35;107.76;82040;8907159.1
MSTT;D;20140527;000000;107.78;108;104;106;262200;27721676.9
MSTT;D;20140528;000000;106.99;108.43;104.29;106.3;21190;2247677.4
MSTT;D;20140529;000000;105.34;107.41;104;106.5;23770;2516220.5
MSTT;D;20140530;000000;110.86;110.86;104;104.03;176760;18637412.8
MSTT;D;20140602;000000;105.42;109.19;81.66;108.2;248980;25951892.1
MSTT;D;20140603;000000;108.97;113.99;106.04;111.09;199010;22036220.1
MSTT;D;20140604;000000;111.08;112.6;110.64;112.49;120920;13588547.7
MSTT;D;20140605;000000;111.46;112.38;109.98;110.02;53480;5964823.8
MSTT;D;20140606;000000;111.07;111.09;108.52;109.4;46690;5130177.9
MSTT;D;20140609;000000;109.52;113.69;109;110.48;168720;18874584.1
MSTT;D;20140610;000000;111.69;112.47;108.84;109.63;119030;13131128.4
MSTT;D;20140611;000000;110.95;111.22;108.63;108.94;103730;11391334.6
MSTT;D;20140616;000000;108.71;110.98;107.01;109.58;133970;14697499.9
MSTT;D;20140617;000000;109.08;109.71;108;108.01;9160;994325.2
MSTT;D;20140618;000000;108.91;109.74;108.69;108.8;6090;662515.2
MSTT;D;20140619;000000;108.2;109.5;108.04;108.11;34210;3719509.6
MSTT;D;20140620;000000;108.36;108.44;105;106.99;49430;5280081
MSTT;D;20140623;000000;106.97;106.97;105.75;106.51;27760;2951571.3
MSTT;D;20140624;000000;107.1;107.99;105.87;107.01;56180;6033811.7
MSTT;D;20140625;000000;106.9;107.73;106.3;106.7;29170;3117418
MSTT;D;20140626;000000;106.8;107.39;106.5;106.61;23200;2481837.8
MSTT;D;20140627;000000;106.63;108.96;106.62;108;38690;4195158.1
MSTT;D;20140630;000000;108;109.38;107.7;109.38;46640;5057608
MSTT;D;20140701;000000;108.6;109.95;107.55;108;66500;7229124.7
MSTT;D;20140702;000000;108.99;109.16;106.99;108;45490;4921808.4
MSTT;D;20140703;000000;107.01;112.94;107;110.32;162940;18220057.5
MSTT;D;20140704;000000;110.35;114.49;110.1;113.21;120960;13641997.9
MSTT;D;20140707;000000;112.92;115;112.91;115;61200;7024928.9
MSTT;D;20140708;000000;115.01;116;114.49;115.3;197190;22685256.6
MSTT;D;20140709;000000;114.74;116.4;114.71;116.19;62990;7308646.9
MSTT;D;20140710;000000;116.6;118.67;112;114.43;114440;13224898
MSTT;D;20140711;000000;114.49;116.42;112.54;114.47;60940;6980492.4
MSTT;D;20140714;000000;114.59;114.7;111.51;113;108910;12362508
MSTT;D;20140715;000000;103.95;110.98;103.95;106.5;76220;8269442.1
MSTT;D;20140716;000000;107.38;107.5;105.55;106.77;10400;1107375.5
MSTT;D;20140717;000000;105.7;109.5;102.57;105.5;58400;6235009.7
MSTT;D;20140718;000000;105.08;105.08;101.01;103.15;196890;20035242.3
MSTT;D;20140721;000000;102.99;104.99;101.21;101.25;60460;6256434.3
MSTT;D;20140722;000000;101.96;104.49;101.96;102.99;60180;6242366.7
MSTT;D;20140723;000000;101.51;103.55;98.14;102.42;72350;7243590.3
MSTT;D;20140724;000000;102.91;107;102.36;103.74;54720;5718563.1
MSTT;D;20140725;000000;102.63;103.48;100.53;100.55;5450;554396.7
MSTT;D;20140728;000000;101.31;101.31;97.1;97.1;10340;1019578.6
MSTT;D;20140729;000000;96;97.85;95.76;96.99;156260;15109860.6
MSTT;D;20140730;000000;96.9;99.5;96.69;97.31;69530;6826319.1
MSTT;D;20140731;000000;98.43;98.46;97.04;97.27;5280;515558
MSTT;D;20140801;000000;97.05;97.9;93.82;95;15070;1432336
MSTT;D;20140804;000000;95.9;96.7;93.66;94.8;17080;1622467.4
MSTT;D;20140805;000000;94.64;95.4;93.01;93.02;44190;4157843.4
MSTT;D;20140806;000000;93.97;93.97;90.96;90.96;139540;12806960.6
MSTT;D;20140807;000000;90.9;90.9;87.47;89.91;38820;3463597.9
MSTT;D;20140808;000000;90.6;93.37;89.5;91.06;131820;12180054.7
MSTT;D;20140811;000000;93.68;93.68;91.91;92.89;21670;2011663
MSTT;D;20140812;000000;93.9;93.98;91.91;92.26;14770;1368503
MSTT;D;20140813;000000;92;93;90.8;91.06;44720;4110695.7
MSTT;D;20140814;000000;90.22;91.79;90.22;91;25310;2305943.9
MSTT;D;20140815;000000;90.66;92.48;90.38;92;25600;2350794.1
MSTT;D;20140818;000000;92.59;92.59;90.82;91.31;32680;2990144.1
MSTT;D;20140819;000000;98.05;98.05;90.85;94.8;336110;31072663
MSTT;D;20140820;000000;94.78;95.95;94.36;95.86;34570;3300702.4
MSTT;D;20140821;000000;96.26;97.78;93.37;93.4;68940;6591596
MSTT;D;20140822;000000;93.03;94.45;92.65;93.33;55640;5206338
MSTT;D;20140825;000000;93.48;95.51;93.47;94.35;441980;41972180.3
MSTT;D;20140826;000000;94.71;94.71;92.6;92.7;29330;2755199.2
MSTT;D;20140827;000000;94.75;94.75;92.8;92.99;73970;6880956.9
MSTT;D;20140828;000000;93.79;93.79;88.88;88.96;106120;9650117.5
MSTT;D;20140829;000000;89.43;89.44;85.71;86;177750;15473131.8
MSTT;D;20140901;000000;88.52;88.84;85.25;85.48;79960;6902677.7
MSTT;D;20140902;000000;85.96;85.96;83.53;84.2;58820;4958332.4
MSTT;D;20140903;000000;84.3;85.9;83.87;85.22;546810;46636801.9
MSTT;D;20140904;000000;85.41;85.6;84.05;84.11;145310;12267589.4
MSTT;D;20140905;000000;84;84.87;83.98;84.21;77980;6576375.2
MSTT;D;20140908;000000;84.75;85.01;83.7;83.99;59300;4990922.9
MSTT;D;20140909;000000;84.12;84.69;83.8;84.2;91210;7661233.7
MSTT;D;20140910;000000;83.99;84.99;83.7;84.4;88150;7421354
MSTT;D;20140911;000000;84.36;86.55;84.19;85.31;175430;15004717.7
MSTT;D;20140912;000000;85.25;85.33;84.25;84.7;93430;7922199.2
MSTT;D;20140915;000000;84.8;84.98;83.5;83.99;94410;7923677.4
MSTT;D;20140916;000000;84.39;84.79;84;84.1;49850;4197670.4
MSTT;D;20140917;000000;84.49;85.01;82.97;83;119050;9980514.7
MSTT;D;20140918;000000;83.64;84.01;82.77;83.7;38860;3242024.4
MSTT;D;20140919;000000;83.65;84.44;82.3;82.94;39740;3312780.2
MSTT;D;20140922;000000;83.43;83.98;82.61;83;23240;1929132.4
MSTT;D;20140923;000000;81.79;84.4;81.79;84.38;65090;5445011.5
MSTT;D;20140924;000000;84.15;87.8;84.15;86.5;148210;12749132.5
MSTT;D;20140925;000000;86.5;90.44;86.5;88.58;205970;18189645.5
MSTT;D;20140926;000000;88.01;88.68;87.63;88.65;78810;6969648.3
MSTT;D;20140929;000000;89;92.98;88;89.17;167450;15171569
MSTT;D;20140930;000000;89.04;90.7;88;89.92;49550;4426814.6
MSTT;D;20141001;000000;89.8;90.6;88.5;89.4;70670;6282082
MSTT;D;20141002;000000;88.2;89.9;87.1;88;53810;4757139
MSTT;D;20141003;000000;88.3;88.5;87.5;88.3;51440;4526295
MSTT;D;20141006;000000;88.8;89.8;86.1;86.5;48850;4252023
MSTT;D;20141007;000000;86.5;87;86.4;86.7;34270;2969299
MSTT;D;20141008;000000;86.6;86.9;84.5;84.8;27010;2315783
MSTT;D;20141009;000000;84.8;86.7;83.6;84.8;90870;7676378
MSTT;D;20141010;000000;83.2;84.7;82.9;83.3;20670;1732722
MSTT;D;20141013;000000;83.2;83.9;81.5;83.6;90160;7451070
MSTT;D;20141014;000000;83.3;84.5;82.5;84.1;120640;10046725
MSTT;D;20141015;000000;84.2;84.2;81.8;81.9;56460;4718243
MSTT;D;20141016;000000;82.2;83;82.1;82.8;61180;5048146
MSTT;D;20141017;000000;82.8;84.2;82.8;84.2;121190;10074822
MSTT;D;20141020;000000;84.1;85.4;83.6;84.2;6590;556434
MSTT;D;20141021;000000;84;84.6;82.3;83.4;22290;1856946
MSTT;D;20141022;000000;86.4;86.4;83.5;84.5;56030;4769603
MSTT;D;20141023;000000;84.5;84.8;83.2;83.5;24830;2079700
MSTT;D;20141024;000000;83.3;85.2;82;85;42080;3518455
MSTT;D;20141027;000000;85;86.8;84.6;85.2;55860;4768439
MSTT;D;20141028;000000;86;86;83.6;83.8;57030;4830134
MSTT;D;20141029;000000;83.5;84.4;82.9;84.2;68770;5751785
MSTT;D;20141030;000000;84.1;87.4;83.8;87.4;47830;4114479
MSTT;D;20141031;000000;87.2;87.7;85.9;87.5;42950;3738339
MSTT;D;20141103;000000;86.7;87.5;86;86.3;18040;1563721
MSTT;D;20141105;000000;85.3;87.1;85.1;87;61870;5342395
MSTT;D;20141106;000000;87.2;88.3;86.4;88.1;40870;3574212
MSTT;D;20141107;000000;87.4;88.2;86.5;86.8;28300;2462372
MSTT;D;20141110;000000;86.9;87;85.7;86.3;21240;1832186
MSTT;D;20141111;000000;86.5;87.2;86;87;16160;1399364
MSTT;D;20141112;000000;86.9;87.2;86.2;87.1;34220;2965423
MSTT;D;20141113;000000;86.8;87;82.5;83.7;57070;4813019
MSTT;D;20141114;000000;84;85.2;81.3;81.6;278250;22937228
MSTT;D;20141117;000000;81.9;82.4;80.4;80.5;93170;7547435
MSTT;D;20141118;000000;82;82.1;80.9;81.8;20650;1686620
MSTT;D;20141119;000000;81.3;83.2;80.1;80.3;127980;10412327
MSTT;D;20141120;000000;80.3;81.9;78.6;79.6;114540;9205100
MSTT;D;20141121;000000;79.8;80.8;78.7;79.7;58640;4664294
MSTT;D;20141124;000000;80.5;81.6;79.5;80.5;48230;3879674
MSTT;D;20141125;000000;80.7;80.8;78;79;647390;51225003
MSTT;D;20141126;000000;79.2;79.5;78.6;79;19040;1503639
MSTT;D;20141127;000000;79;79.6;78.5;79.1;16340;1291840
MSTT;D;20141128;000000;78.8;79.2;75.1;75.5;133230;10181167
MSTT;D;20141201;000000;75;75;71.4;73.4;159160;11596773
MSTT;D;20141202;000000;73.8;74.3;70.6;71;106740;7695278
MSTT;D;20141203;000000;71.4;71.4;66.1;67.8;258280;17451229
MSTT;D;20141204;000000;68.6;69.6;66.7;68.2;106100;7224189
MSTT;D;20141205;000000;68;77.9;67.9;75;806950;59339679
MSTT;D;20141208;000000;77.2;81.9;75.7;75.7;566080;45004824
MSTT;D;20141209;000000;76.6;76.9;66.3;72.7;313910;22819054
MSTT;D;20141210;000000;72.4;75.9;71.9;73.9;114500;8447040
MSTT;D;20141211;000000;74.7;74.7;71;72.1;47350;3417870
MSTT;D;20141212;000000;72.1;74.9;68.5;71.2;249380;18043122
MSTT;D;20141215;000000;70.2;75.1;67.1;67.1;213120;15021778
MSTT;D;20141216;000000;67.1;68;55.1;60.4;351360;21751452
MSTT;D;20141217;000000;60.5;62.9;54.3;59.2;298620;17168118
MSTT;D;20141218;000000;60;63;59.4;60.8;117930;7245511
MSTT;D;20141219;000000;62;62.9;60;61.3;138270;8538974
MSTT;D;20141222;000000;61.7;69.5;61;68;603590;38604519
MSTT;D;20141223;000000;68.3;69;65;68;265810;17922730
MSTT;D;20141224;000000;68.6;73.8;65.6;66.6;86010;5932518
MSTT;D;20141225;000000;66.7;68.5;65.2;67.5;41910;2789348
MSTT;D;20141226;000000;67.3;68.3;65.7;65.7;40880;2696181
MSTT;D;20141229;000000;66.1;67;62;66;176430;11409679
MSTT;D;20141230;000000;65.1;68.5;62.8;66.8;124440;8261347
MSTT;D;20150105;000000;67.3;68.4;66.4;68.3;5030;340803
MSTT;D;20150106;000000;68;68.4;66.7;68.2;4190;284323
MSTT;D;20150108;000000;68.5;69.4;68.2;69;26050;1793345
MSTT;D;20150109;000000;69;69.1;67;69.1;20070;1359334
MSTT;D;20150112;000000;68.1;68.5;66.4;67.2;15590;1045856
MSTT;D;20150113;000000;66.5;67.8;64.2;66.5;105370;6866302
MSTT;D;20150114;000000;69;69.8;66.2;68.5;333350;22669013
MSTT;D;20150115;000000;67.9;70.5;67.1;70.5;173770;11972657
MSTT;D;20150116;000000;70;70.4;68.8;70;5910;411603
MSTT;D;20150119;000000;70.2;72;68.7;70.8;121140;8499533
MSTT;D;20150120;000000;70.8;71.5;68.1;69;24880;1715019
MSTT;D;20150121;000000;69;69.8;68.3;69;33690;2331647
MSTT;D;20150122;000000;68.7;71.9;68.6;71.6;184070;12958016
MSTT;D;20150123;000000;72;72.4;69.5;69.5;225890;16175380
MSTT;D;20150126;000000;69;71.4;68.3;69.7;57480;4013834
MSTT;D;20150127;000000;68.8;69.5;66.8;68.9;32270;2200834
MSTT;D;20150128;000000;68.6;70.9;68.5;70.2;133900;9370330
MSTT;D;20150129;000000;69.5;70.1;67.5;68.5;100260;6922027
MSTT;D;20150130;000000;68.6;69.7;67.8;68.7;45340;3103732
MSTT;D;20150202;000000;69.6;70.5;67.8;67.8;37090;2558174
MSTT;D;20150203;000000;67.7;68.2;66.7;67.5;36600;2467419
MSTT;D;20150204;000000;68;68.9;67.2;67.4;26140;1774524
MSTT;D;20150205;000000;67.2;68;67.2;67.8;9630;650393
MSTT;D;20150206;000000;67.8;68.5;67.2;68.4;52220;3548741
MSTT;D;20150209;000000;68.5;70.1;68.3;70;119060;8277580
MSTT;D;20150210;000000;70.2;71.9;69.8;71.5;48850;3469602
MSTT;D;20150211;000000;71.5;75.5;70.4;73;660100;47834201
MSTT;D;20150212;000000;73.4;76;73;75.2;72480;5395510
MSTT;D;20150213;000000;75.4;76;74.1;75.9;402210;30544745
MSTT;D;20150216;000000;75.9;79;74.5;78.8;349610;26860974
MSTT;D;20150217;000000;78.7;79.8;77;77.4;72830;5733782
MSTT;D;20150218;000000;78.3;81.1;78;80.9;100990;8061735
MSTT;D;20150219;000000;81.2;83.6;78.2;79.5;324230;25778945
MSTT;D;20150220;000000;80.4;81.9;77.1;79;53800;4289371
MSTT;D;20150224;000000;75.2;78.5;75;76.8;33030;2561413
MSTT;D;20150225;000000;77.1;78.8;75;77;57760;4396365
MSTT;D;20150226;000000;75.8;78;75;76.2;70550;5408902
MSTT;D;20150227;000000;77;77;76.1;77;21470;1647466
MSTT;D;20150302;000000;76.2;77;76;76.6;27980;2142031
MSTT;D;20150303;000000;77;79.5;76.6;78.3;53440;4168151
MSTT;D;20150304;000000;78.9;79;74;76.9;87770;6738521
MSTT;D;20150305;000000;78.6;78.6;76.6;77;124820;9663396
MSTT;D;20150306;000000;77.3;78.3;77.3;77.6;44760;3486012
MSTT;D;20150310;000000;77.9;79.4;76.8;77.9;128070;9943241
MSTT;D;20150311;000000;77.8;81;77.7;78.7;20470;1625309
MSTT;D;20150312;000000;79.2;80.3;78.9;79.6;16220;1288248
MSTT;D;20150313;000000;79.9;80.9;78.8;79.7;16310;1300981
MSTT;D;20150316;000000;80;82.9;76.2;80.4;89520;7173599
MSTT;D;20150317;000000;80.9;80.9;79.2;80.3;32950;2635691
MSTT;D;20150318;000000;80;81.3;78.9;80.5;45360;3660310
MSTT;D;20150319;000000;80.8;80.9;79;79.4;8650;690614
MSTT;D;20150320;000000;79.4;80.9;78;80.9;14620;1172228
MSTT;D;20150323;000000;80.6;80.6;77.7;78.7;9670;765153
MSTT;D;20150324;000000;78.2;78.2;76.1;76.5;18670;1438734
MSTT;D;20150325;000000;76.4;78.2;75.8;76.3;20520;1574362
MSTT;D;20150326;000000;77.1;78.9;75.5;77.7;68710;5310935
MSTT;D;20150327;000000;77.7;77.7;74.5;76;13380;1014609
MSTT;D;20150330;000000;76.2;78.8;76;76.7;106960;8242560
MSTT;D;20150331;000000;75.3;76.7;75.3;75.7;10810;820293
MSTT;D;20150401;000000;76.6;78.4;75.9;78.4;74040;5750779
MSTT;D;20150402;000000;78.5;81.4;78.2;80.9;114610;9183229
MSTT;D;20150403;000000;81;82.9;80;81.5;84450;6974555
MSTT;D;20150406;000000;81.4;83;79;82.2;38960;3186703
MSTT;D;20150407;000000;82.9;83.4;80.6;81.7;4850;399536
MSTT;D;20150408;000000;81.6;82;81;81.7;5470;446407
MSTT;D;20150409;000000;82.2;83;80.6;83;51780;4204122
MSTT;D;20150410;000000;83.4;85;83.3;83.8;124490;10436436
MSTT;D;20150413;000000;84.1;89.3;83.6;86.5;269360;23301151
MSTT;D;20150414;000000;87.9;88.6;85.5;87.4;129730;11281564
MSTT;D;20150415;000000;87.7;88;86;87;81040;7068321
MSTT;D;20150416;000000;86.5;86.9;85;86.2;530350;45598776
MSTT;D;20150417;000000;86.5;87.8;84.6;85.4;665640;56764079
MSTT;D;20150420;000000;85.9;86.8;84.3;84.8;46610;3971510
MSTT;D;20150421;000000;84.7;85.8;84.6;85.2;25310;2153076
MSTT;D;20150422;000000;85;85.9;84.9;85.3;20850;1775025
MSTT;D;20150423;000000;85.4;85.4;84.6;84.9;51260;4351029
MSTT;D;20150424;000000;84.9;86;84.9;85.9;18170;1554183
MSTT;D;20150427;000000;86.9;87.6;85.6;86;93850;8151089
MSTT;D;20150428;000000;86.8;87;84.1;85.6;62500;5384384
MSTT;D;20150429;000000;85.8;86;84.8;85.4;71840;6121730
MSTT;D;20150430;000000;87.7;92.9;85.6;90.9;1018190;92650876
MSTT;D;20150505;000000;90.9;91.6;89.5;90.5;478620;43087626
MSTT;D;20150506;000000;90.7;91.8;90.1;91.3;530310;48306976
MSTT;D;20150507;000000;91.1;91.3;90.2;90.6;277420;25144102
MSTT;D;20150508;000000;92.7;92.7;90.1;90.9;251690;22825487
MSTT;D;20150512;000000;90.9;91.6;90.8;90.9;153980;14000182
MSTT;D;20150513;000000;90.4;91.1;90.4;91;230740;20951858
MSTT;D;20150514;000000;90.9;93.6;90.8;92;584970;53678556
MSTT;D;20150515;000000;92.1;92.6;91.9;92.3;852930;78572580
MSTT;D;20150518;000000;96.8;96.8;92.1;93;266480;24810388
MSTT;D;20150519;000000;92.5;93.5;91.1;93.2;1286570;119368145
MSTT;D;20150520;000000;93.4;94.5;93;94.3;5967740;557058993
MSTT;D;20150521;000000;94;94.6;94;94.4;410410;38728632
MSTT;D;20150522;000000;88;90;87.6;88.1;477290;42479686
MSTT;D;20150525;000000;88.1;88.2;86.4;88;525260;46175244
MSTT;D;20150526;000000;88;88;87.5;87.5;114030;9991038
MSTT;D;20150527;000000;87.6;87.7;85;87.5;10566540;923542757
MSTT;D;20150528;000000;87.6;88;87.5;87.5;117650;10309467
MSTT;D;20150529;000000;86.2;88.1;86.2;87.7;90250;7927242
MSTT;D;20150601;000000;87.8;87.9;87.5;87.7;53430;4685406
MSTT;D;20150602;000000;87.8;87.9;87.6;87.8;32640;2864065
MSTT;D;20150603;000000;87.9;88.2;87.8;87.8;700800;61670098
MSTT;D;20150604;000000;88.1;88.2;87.9;88.2;42720;3760435
MSTT;D;20150605;000000;88.2;88.6;88;88.2;160320;14124242
MSTT;D;20150608;000000;88;88.4;88;88.2;16120;1422323
MSTT;D;20150609;000000;88.2;88.5;88.1;88.5;466680;41179882
MSTT;D;20150610;000000;88.4;88.5;88.3;88.5;122320;10813087
MSTT;D;20150611;000000;88.4;89;88.4;88.7;106790;9477143
MSTT;D;20150615;000000;88.7;88.8;88;88.7;72070;6370190
MSTT;D;20150616;000000;88.7;88.7;88.2;88.5;63850;5646272
MSTT;D;20150617;000000;88.5;88.7;88.4;88.5;42330;3750652
MSTT;D;20150618;000000;88.6;88.7;88.4;88.6;109890;9735002
MSTT;D;20150619;000000;88.6;88.8;88.6;88.6;74700;6620943
MSTT;D;20150622;000000;88.6;88.9;88.5;88.6;25100;2224159
MSTT;D;20150623;000000;88.8;88.8;88.5;88.7;71370;6324240
MSTT;D;20150624;000000;88.7;88.8;88.6;88.7;73160;6488865
MSTT;D;20150625;000000;88.7;89;88.7;88.7;103600;9191580
MSTT;D;20150626;000000;88.7;89;88.7;88.7;134660;11946872
MSTT;D;20150629;000000;88.8;89.3;88.7;89.2;45330;4037567
MSTT;D;20150630;000000;89.1;89.6;89.1;89.5;47360;4238057
MSTT;D;20150701;000000;89.6;89.7;89.5;89.6;34940;3132127
MSTT;D;20150702;000000;89.4;89.9;89.4;89.7;130420;11695698
MSTT;D;20150703;000000;89.8;89.9;89.7;89.9;80470;7231077
MSTT;D;20150706;000000;89.9;90;89.8;90;71360;6419766
MSTT;D;20150707;000000;90;90;89.4;89.6;240000;21526455
MSTT;D;20150708;000000;89.6;89.6;88.8;89.1;208420;18602735
MSTT;D;20150709;000000;89.2;89.4;89;89.4;68040;6070909
MSTT;D;20150710;000000;89.3;90.3;89.3;90;1287490;115198871
MSTT;D;20150713;000000;90;90;89.3;89.4;244060;21844955
MSTT;D;20150714;000000;89.5;89.7;89.3;89.4;147910;13225810
MSTT;D;20150715;000000;89.4;89.5;89.2;89.2;136660;12209627
MSTT;D;20150716;000000;89.2;89.4;89;89.1;136740;12189748
MSTT;D;20150717;000000;89.7;89.7;88.7;88.8;691480;61380557
MSTT;D;20150720;000000;88.9;88.9;87.3;87.8;630810;55529776
MSTT;D;20150721;000000;87.6;89.5;87.5;88.6;1385680;123137726
MSTT;D;20150722;000000;88.7;89.5;88.7;89.5;196200;17520749
MSTT;D;20150723;000000;89.6;89.9;89.2;89.7;344360;30766862
MSTT;D;20150724;000000;89.4;90.2;89.4;90;959030;86061026
MSTT;D;20150727;000000;88.1;89.5;87.9;89.2;32430;2886419
MSTT;D;20150728;000000;89.2;89.2;85.6;87;157090;13690728
MSTT;D;20150729;000000;87;88.6;86.7;87.8;34100;2972677
MSTT;D;20150730;000000;87;89;86.7;89;32300;2831159
MSTT;D;20150731;000000;89;90;88.3;89.9;51000;4561058
MSTT;D;20150803;000000;88.5;90.4;87.6;89.4;34460;3078261
MSTT;D;20150804;000000;89.1;90.5;89;89.1;11200;1009727
MSTT;D;20150805;000000;89.8;90;88.9;89.7;33760;3009425
MSTT;D;20150806;000000;90.1;90.1;89.2;89.5;2690;240689
MSTT;D;20150807;000000;89.7;89.9;89.2;89.8;6660;596853
MSTT;D;20150810;000000;90;90;89.5;89.5;7730;692557
MSTT;D;20150811;000000;90;90.5;89.9;90.5;44610;4025840
MSTT;D;20150812;000000;90.5;90.9;88.5;89.2;60470;5431959
MSTT;D;20150813;000000;88.7;89.9;88.2;88.9;42620;3777011
MSTT;D;20150814;000000;88.8;89.8;88.5;89.1;13810;1229435
MSTT;D;20150817;000000;88.9;89.3;88;89.2;11260;996738
MSTT;D;20150818;000000;88.9;88.9;85.7;86.9;69170;6033567
MSTT;D;20150819;000000;87.1;87.4;86.1;86.3;3880;335893
MSTT;D;20150820;000000;86;86.3;83.7;84.9;10860;922338
MSTT;D;20150821;000000;85.7;87;83.8;84.7;10470;887754
MSTT;D;20150824;000000;83;84;78;83.7;31300;2541964
MSTT;D;20150825;000000;84.5;84.9;82.7;83.6;5970;499331
MSTT;D;20150826;000000;84.9;84.9;83;84.5;2820;235691
MSTT;D;20150827;000000;84;84.5;84;84.1;3120;262833
MSTT;D;20150828;000000;84.3;85;83.7;85;3740;315975
MSTT;D;20150831;000000;85.4;85.4;83.2;84.2;6910;582944
MSTT;D;20150901;000000;85;88.5;85;86.3;7900;687311
MSTT;D;20150902;000000;85.7;88.4;85.7;87.6;10960;960165
MSTT;D;20150903;000000;86.7;87.7;84.3;86.8;16800;1444151
MSTT;D;20150904;000000;86.7;86.9;85.2;85.2;22070;1897976
MSTT;D;20150907;000000;85.1;86;84.4;85;15110;1297537
MSTT;D;20150908;000000;86.6;86.6;84.4;84.9;4260;361719
MSTT;D;20150909;000000;85.7;85.7;84.4;85;8780;747471
MSTT;D;20150910;000000;85;85.3;80;83.4;22740;1885739
MSTT;D;20150911;000000;83.3;84;81.4;82.3;11740;975822
MSTT;D;20150914;000000;82.1;84.8;79;79.7;52560;4246993
MSTT;D;20150915;000000;79.6;80.4;79.6;79.9;13720;1097669
MSTT;D;20150916;000000;79.9;80.5;79;79.4;27020;2151765
MSTT;D;20150917;000000;79.5;80;78.5;79.3;5090;401922
MSTT;D;20150918;000000;79.2;79.2;78.6;78.8;2220;174998
MSTT;D;20150921;000000;79.1;79.1;78.3;78.3;6100;479059
MSTT;D;20150922;000000;78.3;78.7;77.5;78.5;4350;340201
MSTT;D;20150923;000000;77.2;78.7;74;75.2;30130;2280238
MSTT;D;20150924;000000;75.3;76;75.3;75.6;5880;444745
MSTT;D;20150925;000000;75.8;75.8;72.3;75.5;6730;501202
MSTT;D;20150928;000000;75.9;77.1;74.5;75;21610;1643820
MSTT;D;20150929;000000;74.3;76.2;73.3;73.3;17170;1279402
MSTT;D;20150930;000000;74.9;74.9;73.5;74;3160;234555
MSTT;D;20151001;000000;74.8;75;74.1;74.1;1910;142515
MSTT;D;20151002;000000;74.1;74.6;72.1;73.3;3890;285759
MSTT;D;20151005;000000;74.9;76;73.1;75.5;15450;1158713
MSTT;D;20151006;000000;75.9;78;75.5;78;6710;517078
MSTT;D;20151007;000000;77.5;78;76.2;76.2;32830;2535039
MSTT;D;20151008;000000;77.9;77.9;75;76;28020;2123409
MSTT;D;20151009;000000;75.6;77.5;74.5;77.5;32160;2427876
MSTT;D;20151012;000000;77.1;77.7;75.9;76.1;10220;787373
MSTT;D;20151013;000000;77.1;77.2;76.1;77.2;430;32943
MSTT;D;20151014;000000;77.2;77.2;76;76.4;3530;269616
MSTT;D;20151015;000000;76.1;76.8;75.1;76.8;720;54666
MSTT;D;20151016;000000;77;77.7;76.4;77.3;870;67162
MSTT;D;20151019;000000;77.2;77.2;76.9;76.9;1640;126423
MSTT;D;20151020;000000;77.2;77.2;75.7;76;4050;308792
MSTT;D;20151021;000000;76.5;76.9;76.2;76.8;2390;183277
MSTT;D;20151022;000000;76.9;76.9;75.1;75.7;4020;304084
MSTT;D;20151023;000000;76.6;76.7;75.5;75.7;500;37862
MSTT;D;20151026;000000;76.1;76.6;75.7;75.7;920;69968
MSTT;D;20151027;000000;75.1;76.2;74.7;74.9;8830;664860
MSTT;D;20151028;000000;74.9;74.9;73.3;74.6;7120;527850
MSTT;D;20151029;000000;74.6;74.6;73.4;74.1;3910;289413
MSTT;D;20151030;000000;74.4;75.3;74.4;75.3;8920;667537
MSTT;D;20151102;000000;75.6;75.6;74.1;74.8;2650;198034
MSTT;D;20151103;000000;74.7;77.3;74.1;74.1;14440;1088675
MSTT;D;20151105;000000;74.9;75.2;74.7;75.1;930;69748
MSTT;D;20151106;000000;74.6;75.1;74.5;75.1;790;59191
MSTT;D;20151109;000000;75;75.9;75;75.9;2360;177829
MSTT;D;20151110;000000;75.4;75.5;75;75.3;5920;445478
MSTT;D;20151111;000000;75.3;76.5;74.4;76.5;7400;559167
MSTT;D;20151112;000000;75.4;76.9;75.1;76.9;4160;317399
MSTT;D;20151113;000000;76.1;77.2;76;77;8470;651023
MSTT;D;20151116;000000;77;80;76.1;78.2;15630;1214279
MSTT;D;20151117;000000;77.7;79;77.3;78;6120;477586
MSTT;D;20151118;000000;78.3;79.9;77.5;77.9;3950;308705
MSTT;D;20151119;000000;77.7;77.7;75.5;76.3;21450;1638938
MSTT;D;20151120;000000;76.1;76.9;75.1;76.8;8590;656205
MSTT;D;20151123;000000;76.3;76.7;75.1;76.7;5130;389561
MSTT;D;20151124;000000;76.6;78;75;76.2;8670;660179
MSTT;D;20151125;000000;76.6;77.5;76.1;76.9;1880;144085
MSTT;D;20151126;000000;76.5;77.1;76;77.1;3790;290429
MSTT;D;20151127;000000;77.1;77.6;75.2;76.8;6430;492227
MSTT;D;20151130;000000;76.2;76.6;75.4;76;1150;87397
MSTT;D;20151201;000000;76.1;76.1;75.5;76;4320;327844
MSTT;D;20151202;000000;76.7;76.8;75.2;75.5;4690;355817
MSTT;D;20151203;000000;76;88.4;75.2;79.3;116160;9717282
MSTT;D;20151204;000000;78.5;79.6;77.1;79.3;92020;7249858
MSTT;D;20151207;000000;79.7;79.9;79;79;6020;476660
MSTT;D;20151208;000000;79;79.1;77.2;77.2;9970;783541
MSTT;D;20151209;000000;78;78;76.7;77.1;2570;198840
MSTT;D;20151210;000000;77.7;77.7;76.3;76.8;1870;143588
MSTT;D;20151211;000000;76.9;78.5;76.5;77.5;20150;1552745
MSTT;D;20151214;000000;78;78;77.4;77.5;15210;1177829
MSTT;D;20151215;000000;77.7;77.7;76.5;77.4;7430;572384
MSTT;D;20151216;000000;77.9;77.9;76.9;77;4670;360913
MSTT;D;20151217;000000;77.3;78.4;77.1;77.4;1250;97018
MSTT;D;20151218;000000;77.6;77.8;76.2;76.3;2810;216088
MSTT;D;20151221;000000;77.5;78.8;76.3;77;4100;315377
MSTT;D;20151222;000000;77;77;76.3;77;1640;125804
MSTT;D;20151223;000000;77.1;78.6;76.7;78.5;50040;3900274
MSTT;D;20151224;000000;78.8;78.9;78;78.3;11660;911016
MSTT;D;20151225;000000;78.5;78.6;77.6;78.1;4140;323140
MSTT;D;20151228;000000;77.7;77.7;77.3;77.3;3500;271408
MSTT;D;20151229;000000;78.2;78.3;77.1;77.4;8140;630398
MSTT;D;20151230;000000;77.4;77.8;77;77;4280;330580
MSTT;D;20160104;000000;77.5;77.6;77;77.5;2330;179809
MSTT;D;20160105;000000;78.8;78.8;77.5;77.9;5540;430500
MSTT;D;20160106;000000;77.8;77.8;77.1;77.8;1270;98449
MSTT;D;20160111;000000;77.4;77.6;76.7;76.7;6960;536507
MSTT;D;20160112;000000;76.8;76.8;75.6;76;14570;1110062
MSTT;D;20160113;000000;76.5;77;75.6;75.8;6510;495120
MSTT;D;20160114;000000;75.9;76.5;74.8;75;8480;638477
MSTT;D;20160115;000000;75.2;75.2;73.9;74.5;7920;591194
MSTT;D;20160118;000000;74.6;74.7;73.5;73.7;9230;683565
MSTT;D;20160119;000000;74.6;75;74;74.7;1390;103670
MSTT;D;20160120;000000;73.7;74.3;73.5;73.9;4620;340899
MSTT;D;20160121;000000;74.6;75.3;72.8;73.4;8510;624607
MSTT;D;20160122;000000;74;74.6;72.9;73.7;15300;1123325
MSTT;D;20160125;000000;74;74.1;73.3;73.9;1720;126811
MSTT;D;20160126;000000;73.9;74.8;73.4;74.8;3070;226705
MSTT;D;20160127;000000;75;76.8;74.3;76.6;9790;741018
MSTT;D;20160128;000000;76.4;77.5;76.4;76.7;7690;593842
MSTT;D;20160129;000000;76.6;76.6;75.8;76.5;1970;150502
MSTT;D;20160201;000000;76.1;77.4;75.5;76.3;7170;549273
MSTT;D;20160202;000000;76.9;76.9;74.8;76.8;19490;1470883
MSTT;D;20160203;000000;75.9;76.3;75;75.9;20220;1533062
MSTT;D;20160204;000000;75.7;76;74.4;75.2;26810;2015581
MSTT;D;20160205;000000;75.3;75.5;75;75.4;2480;186924
MSTT;D;20160208;000000;75.7;76.4;73;73.8;8480;626995
MSTT;D;20160209;000000;74;75;73.3;73.6;6730;498083
MSTT;D;20160210;000000;73.7;73.9;73.6;73.7;2050;151030
MSTT;D;20160211;000000;74;75;72.4;73;50240;3671897
MSTT;D;20160212;000000;74.4;74.5;73.8;73.8;2510;185980
MSTT;D;20160215;000000;74.3;75.8;73.7;74.5;12080;900673
MSTT;D;20160216;000000;74.7;74.7;73.8;74.4;10890;810047
MSTT;D;20160217;000000;75.9;75.9;74.6;74.9;8370;626947
MSTT;D;20160218;000000;74.7;75.3;74.4;74.5;9970;745882
MSTT;D;20160219;000000;74.5;74.9;74.5;74.5;5200;387586
MSTT;D;20160220;000000;75.1;75.3;75.1;75.3;110;8272
MSTT;D;20160222;000000;75.2;75.2;74.4;74.4;2000;149353
MSTT;D;20160224;000000;74.9;75;74.3;74.8;2220;166085
MSTT;D;20160225;000000;74.4;74.4;73.7;74;7420;549555
MSTT;D;20160226;000000;74.9;75.6;73.5;74.9;13250;989716
MSTT;D;20160229;000000;74.7;75.5;74.4;74.9;11790;881050
MSTT;D;20160301;000000;75.5;75.6;74;74.9;10980;819114
MSTT;D;20160302;000000;74.9;74.9;74.1;74.5;8360;624228
MSTT;D;20160303;000000;74.7;75.3;74.7;75.2;6830;512180
MSTT;D;20160304;000000;75.2;75.2;74.9;75;5790;434610
MSTT;D;20160307;000000;74.9;76.2;74.5;76;17510;1322775
MSTT;D;20160309;000000;75.8;76;75.1;75.7;13100;990603
MSTT;D;20160310;000000;75.8;76.5;75.8;75.9;15540;1186461
MSTT;D;20160311;000000;76.2;76.5;76.1;76.5;5500;419908
MSTT;D;20160314;000000;76.2;76.5;74.4;76.3;11600;873327
MSTT;D;20160315;000000;76.4;76.5;75.7;76.3;11400;869164
MSTT;D;20160316;000000;76.5;76.6;75.3;76.4;11730;891698
MSTT;D;20160317;000000;76.3;77.2;75.6;77.2;19360;1480759
MSTT;D;20160318;000000;77.3;79;77;78.2;15570;1216628
MSTT;D;20160321;000000;78.1;80;78;78.8;15050;1184886
MSTT;D;20160322;000000;78.9;79;77.3;78.4;13220;1034391
MSTT;D;20160323;000000;78.2;79;78.2;78.5;5190;408603
MSTT;D;20160324;000000;80.5;120;80.5;120;1640510;175673045
MSTT;D;20160325;000000;125;134;101;102.8;1540840;172738251
MSTT;D;20160328;000000;106.8;107;95.7;97.8;348310;34760932
MSTT;D;20160329;000000;97.4;98.6;90.2;91.5;364530;34005233
MSTT;D;20160330;000000;93.3;99.8;91.7;93.6;618010;59463155
MSTT;D;20160331;000000;93.9;95.8;90;90;139590;12899499
MSTT;D;20160401;000000;90.3;93.5;88.6;91.5;130160;11822183
MSTT;D;20160404;000000;90.7;94;89.5;92.4;95760;8907074
MSTT;D;20160405;000000;92.9;93.3;89.1;90.7;64680;5828439
MSTT;D;20160406;000000;90.8;91.9;89;89.4;52860;4748509
MSTT;D;20160407;000000;89.1;90.4;86.5;88.5;57280;5036956
MSTT;D;20160408;000000;88.5;93.3;86.6;88.1;125010;11262302
MSTT;D;20160411;000000;88.9;89.8;87;87.4;47760;4179525
MSTT;D;20160412;000000;87.8;90.6;86.5;87.2;74080;6517347
MSTT;D;20160413;000000;87.6;89.5;87.1;88.6;38750;3428348
MSTT;D;20160414;000000;88.7;90.6;88;88.4;51730;4614230
MSTT;D;20160415;000000;89.9;91.7;89.4;90.7;57310;5185473
MSTT;D;20160418;000000;89;91;88.5;89.6;26530;2373086
MSTT;D;20160419;000000;90.2;90.7;88.8;89.9;54230;4862827
MSTT;D;20160420;000000;89.2;90.3;88.2;89.4;42930;3828971
MSTT;D;20160421;000000;89.1;90.8;88.6;90.2;48940;4388233
MSTT;D;20160422;000000;91.3;91.3;89.2;90;16720;1500715
MSTT;D;20160425;000000;90.2;92.9;90;91.6;49520;4536761
MSTT;D;20160426;000000;92.9;92.9;90.5;91;13810;1260169
MSTT;D;20160427;000000;90.3;90.3;89.1;89.9;24760;2220353
MSTT;D;20160428;000000;89.7;90.5;87.8;88.2;45460;4023587
MSTT;D;20160429;000000;89.2;89.2;87;87.4;38750;3407115
MSTT;D;20160504;000000;87.2;88.5;86.5;87.2;21550;1881334
MSTT;D;20160505;000000;87.8;92.5;87.5;90.9;69710;6317330
MSTT;D;20160506;000000;90.8;92.3;89.4;91.2;17950;1634877
MSTT;D;20160510;000000;90.2;91.7;89.4;90.4;6630;598575
MSTT;D;20160511;000000;89.6;92.5;89.5;90.6;64850;5918585
MSTT;D;20160512;000000;90;92.4;89.5;92;42000;3845657
MSTT;D;20160513;000000;91.4;92.5;90.4;90.9;18450;1682487
MSTT;D;20160516;000000;92.2;92.2;89.6;90.1;27660;2492375
MSTT;D;20160517;000000;90.7;90.7;89.3;90;18380;1654356
MSTT;D;20160518;000000;90.7;90.9;89.9;90.6;14030;1265351
MSTT;D;20160519;000000;90.8;91;90.2;90.7;17020;1542694
MSTT;D;20160520;000000;90.5;92;89.8;90.4;66080;6010317
MSTT;D;20160523;000000;88.5;90;88.5;89.3;21490;1914320
MSTT;D;20160524;000000;89.3;89.4;87.8;88.2;30580;2702810
MSTT;D;20160525;000000;87.3;89.4;87.3;88.7;21670;1914719
MSTT;D;20160526;000000;88.8;97;88.8;94;182600;17002261
MSTT;D;20160527;000000;94;94;92;93.5;57340;5340573
MSTT;D;20160530;000000;93.9;97.8;93.3;95.4;324750;31082879
MSTT;D;20160531;000000;95.3;96.9;94.8;95;64750;6190411
MSTT;D;20160601;000000;96;96.4;95;95.7;79390;7615351
MSTT;D;20160602;000000;96.4;96.6;94.1;94.5;129760;12306654
MSTT;D;20160603;000000;95;95.1;94.2;94.3;25570;2422766
MSTT;D;20160606;000000;94.6;95.8;93.8;94.5;64160;6063973
MSTT;D;20160607;000000;94.7;95.2;94;95;59510;5643681
MSTT;D;20160608;000000;95;95;93.8;94;49590;4675718
MSTT;D;20160609;000000;94.3;94.3;91.5;91.7;97380;9013928
MSTT;D;20160610;000000;92.6;93.8;91.9;92.6;56890;5276489
MSTT;D;20160614;000000;92.8;92.8;92;92.2;16420;1514953
MSTT;D;20160615;000000;92.2;94.7;92.1;93.9;35040;3264113
MSTT;D;20160616;000000;94.3;94.3;92.2;92.7;36230;3375234
MSTT;D;20160617;000000;92.5;94;92.3;93.9;61460;5765702
MSTT;D;20160620;000000;93.8;94.2;92.8;94.2;51820;4851591
MSTT;D;20160621;000000;93.9;94;93.5;93.9;32140;3016738
MSTT;D;20160622;000000;93.7;94;93.1;93.9;15390;1442162
MSTT;D;20160623;000000;94.2;94.2;92.7;93.6;36910;3458032
MSTT;D;20160624;000000;89;93.5;89;93.5;25690;2370681
MSTT;D;20160627;000000;93.4;93.8;92.5;93;19960;1856724
MSTT;D;20160628;000000;92.9;93.8;92.7;93.5;39920;3717723
MSTT;D;20160629;000000;93.5;94;92.8;93.8;57940;5426095
MSTT;D;20160630;000000;94;94.3;93.7;93.7;29290;2751583
MSTT;D;20160701;000000;94.4;94.4;93.1;93.8;85950;8042681
MSTT;D;20160704;000000;94;94.3;93.7;93.9;46180;4337701
MSTT;D;20160705;000000;94;94.1;93.3;94.1;54630;5131778
MSTT;D;20160706;000000;93.7;96;93.7;95.5;120480;11455616
MSTT;D;20160707;000000;95.5;98.2;95.5;97.3;152740;14816538
MSTT;D;20160708;000000;88.9;90.9;88.1;88.3;147920;13188819
MSTT;D;20160711;000000;88.1;88.3;87;88.2;30100;2644606
MSTT;D;20160712;000000;88.5;88.5;87;87.7;55350;4848931
MSTT;D;20160713;000000;87.4;88;87.3;87.6;55900;4916165
MSTT;D;20160714;000000;87.5;88;87.4;88;27250;2394324
MSTT;D;20160715;000000;87.7;88.6;87.5;87.8;46860;4123848
MSTT;D;20160718;000000;88;88;85;86.5;57330;4991696
MSTT;D;20160719;000000;87;88;86.6;87.5;23990;2104076
MSTT;D;20160720;000000;87.7;88;87.2;87.5;12170;1068176
MSTT;D;20160721;000000;88;88;87.4;87.7;6870;603485
MSTT;D;20160722;000000;87.8;88;86.6;88;15250;1332338
MSTT;D;20160725;000000;88;89.7;87.7;89;25090;2222145
MSTT;D;20160726;000000;90;90.9;88.6;89.6;53890;4836414
MSTT;D;20160727;000000;89.7;89.7;87.6;88;52070;4605597
MSTT;D;20160728;000000;88.2;88.5;87.6;88;29830;2623574
MSTT;D;20160729;000000;88.1;89;86.7;87.9;78200;6841399
MSTT;D;20160801;000000;87.9;88;86.8;87.5;18790;1640811
MSTT;D;20160802;000000;87.5;87.5;85.8;86.5;29650;2555296
MSTT;D;20160803;000000;86.9;86.9;85.9;86.3;23700;2040773
MSTT;D;20160804;000000;86.8;87;86;86.3;17450;1505766
MSTT;D;20160805;000000;86.4;86.6;85.7;86.3;18010;1550930
MSTT;D;20160808;000000;86.3;87.2;86;87;76970;6691704
MSTT;D;20160809;000000;87;87.3;85.9;86.7;15020;1302553
MSTT;D;20160810;000000;87;87.2;86.5;87.1;13640;1186536
MSTT;D;20160811;000000;87;87.5;87;87.5;18380;1607385
MSTT;D;20160812;000000;87.5;87.5;86.4;86.7;23640;2060559
MSTT;D;20160815;000000;87.1;87.3;86.5;87;7510;651055
MSTT;D;20160816;000000;87;88.8;86.4;88.8;25210;2210337
MSTT;D;20160817;000000;88.4;88.8;86.8;87.2;21430;1875202
MSTT;D;20160818;000000;87.5;87.5;86.5;87.1;21030;1828030
MSTT;D;20160819;000000;86.7;87.2;86.2;87.2;10740;930515
MSTT;D;20160822;000000;87;87.7;86.6;87.3;86860;7562138
MSTT;D;20160823;000000;87.4;87.4;86.1;86.4;36920;3194636
MSTT;D;20160824;000000;86.8;86.8;86.1;86.1;8970;775299
MSTT;D;20160825;000000;86.1;86.3;84.4;85.1;46600;3966753
MSTT;D;20160826;000000;84.9;86;84;85.7;45580;3885503
MSTT;D;20160829;000000;86.3;88;86.3;87.7;196580;17177673
MSTT;D;20160830;000000;88;88.6;87;87.3;179050;15680454
MSTT;D;20160831;000000;87.9;87.9;86;86.9;55110;4797161
MSTT;D;20160901;000000;87.3;87.6;86;86.9;41430;3609233
MSTT;D;20160902;000000;86;86.4;84.7;85.3;130080;11090841
MSTT;D;20160905;000000;85.6;86.5;85.1;85.8;20250;1737704
MSTT;D;20160906;000000;85.8;86.2;85.2;86;114080;9798303
MSTT;D;20160907;000000;85.9;86.2;84.5;85.3;58550;4989910
MSTT;D;20160908;000000;85.6;86;84.7;84.9;113280;9684817
MSTT;D;20160909;000000;85.2;85.2;82.8;84;160790;13572637
MSTT;D;20160912;000000;83.4;84.4;79.8;81.2;151870;12332450
MSTT;D;20160913;000000;82;82.5;79.6;80.2;109610;8838043
MSTT;D;20160914;000000;80.6;82;79.8;81;145680;11725924
MSTT;D;20160915;000000;81.2;81.9;80.5;81;45430;3673313
MSTT;D;20160916;000000;81;81;80.4;80.9;75410;6098526
MSTT;D;20160919;000000;80.8;82;80.6;81.9;87120;7090234
MSTT;D;20160920;000000;81.6;82.8;80.5;81;68930;5625513
MSTT;D;20160921;000000;81.5;81.5;80;81.3;55900;4520113
MSTT;D;20160922;000000;81.3;82.9;80.8;82.2;514290;41964170
MSTT;D;20160923;000000;82.2;82.8;79.3;81.6;300850;24356147
MSTT;D;20160926;000000;81.6;81.6;80.6;81;53490;4331297
MSTT;D;20160927;000000;81.2;82.4;80.6;82;84200;6845096
MSTT;D;20160928;000000;82;82.1;81.1;81.8;30240;2465021
MSTT;D;20160929;000000;81.9;82.9;81.4;82.9;62110;5108273
MSTT;D;20160930;000000;82.5;86.9;81.9;82;255950;21521361
MSTT;D;20161003;000000;82.5;83.7;81;82.9;46140;3811014
MSTT;D;20161004;000000;83.4;83.7;82.5;83.7;28420;2364098
MSTT;D;20161005;000000;83.7;87.9;83.7;85.8;154790;13337487
MSTT;D;20161006;000000;88.5;89;85.6;87.7;86480;7583335
MSTT;D;20161007;000000;87.9;91.9;87.5;88.7;154550;13847609
MSTT;D;20161010;000000;89.3;91;88.4;88.8;107520;9645687
MSTT;D;20161011;000000;88.7;89.2;86;87.7;102300;8928865
MSTT;D;20161012;000000;87.7;89.3;86.7;86.8;70660;6227728
MSTT;D;20161013;000000;87;87.5;85.1;85.7;37730;3249681
MSTT;D;20161014;000000;85.7;86.8;85.5;85.8;39100;3360023
MSTT;D;20161017;000000;86;87.5;85.4;87.5;22800;1967337
MSTT;D;20161018;000000;87.9;88.3;86.7;86.7;22960;2010646
MSTT;D;20161019;000000;87.2;88.4;79;86.8;92330;7836076
MSTT;D;20161020;000000;87;87.2;85.3;87.2;45950;3978691
MSTT;D;20161021;000000;87.3;87.5;85.4;86;31070;2677249
MSTT;D;20161024;000000;85.6;85.9;84.8;84.9;43490;3701971
MSTT;D;20161025;000000;85;85;82.8;83.9;34050;2865021
MSTT;D;20161026;000000;84.2;84.2;83.1;84.2;18790;1573602
MSTT;D;20161027;000000;84.2;84.4;82.5;83.8;29770;2486981
MSTT;D;20161028;000000;83.9;86.4;83.8;85.8;58560;4995508
MSTT;D;20161031;000000;85.4;87;81;86.5;64190;5489102
MSTT;D;20161101;000000;86.7;86.8;85.3;86;28570;2457316
MSTT;D;20161102;000000;86.1;86.1;84.4;85.3;13230;1129958
MSTT;D;20161103;000000;85.1;85.8;83.5;85.2;29210;2472286
MSTT;D;20161107;000000;85.6;88.8;85.3;86.7;48260;4191779
MSTT;D;20161108;000000;87;87.9;85.9;86.4;23930;2071954
MSTT;D;20161109;000000;85.8;88;84.7;87;40560;3507574
MSTT;D;20161110;000000;86.9;88;86.8;87.6;22280;1952797
MSTT;D;20161111;000000;87.3;87.7;85.6;85.9;22900;1977861
MSTT;D;20161114;000000;85.9;86.7;84.1;85.9;43470;3712029
MSTT;D;20161115;000000;85.9;86.3;85.1;85.9;14290;1221955
MSTT;D;20161116;000000;85.7;86.4;85.1;85.8;9640;826525
MSTT;D;20161117;000000;85.8;86.5;84.9;85.7;21930;1875144
MSTT;D;20161118;000000;85.9;85.9;84.6;85;37610;3197282
MSTT;D;20161121;000000;85;86.6;85;85.9;23150;1983807
MSTT;D;20161122;000000;85.7;86.1;85;86;15460;1321433
MSTT;D;20161123;000000;86;86;84.6;86;37770;3218543
MSTT;D;20161124;000000;86;86.5;84.8;86.1;32520;2782167
MSTT;D;20161125;000000;86.7;86.7;85.5;86.1;5380;462299
MSTT;D;20161128;000000;86.4;86.5;85.7;85.7;7550;649540
MSTT;D;20161129;000000;85.7;86.1;84.9;85.1;43380;3696307
MSTT;D;20161130;000000;85.1;87.4;84.1;86;126300;10819742
MSTT;D;20161201;000000;85.9;86.1;84.9;85.5;81400;6948081
MSTT;D;20161202;000000;85.4;85.9;85;85.6;18380;1570775
MSTT;D;20161205;000000;85.6;86.3;85;86.2;42880;3675224
MSTT;D;20161206;000000;86.2;86.4;85.4;85.9;43580;3741975
MSTT;D;20161207;000000;86.3;86.3;84.9;85;212700;18106295
MSTT;D;20161208;000000;85.5;85.8;84.5;85.7;123610;10511101
MSTT;D;20161209;000000;85.8;88.2;85.3;87.9;113850;9882450
MSTT;D;20161212;000000;88.1;99.3;87.8;92.7;564220;53022999
MSTT;D;20161213;000000;92.7;97;91.1;93.1;228720;21556279
MSTT;D;20161214;000000;93.1;94.5;90;93.4;86110;7898076
MSTT;D;20161215;000000;92.9;93.1;91.1;92.3;10690;981800
MSTT;D;20161216;000000;92.3;92.8;91.5;91.6;5660;520687
MSTT;D;20161219;000000;91.4;92.2;89.9;91.1;35320;3214524
MSTT;D;20161220;000000;90.9;91.8;89.5;90.3;40650;3674879
MSTT;D;20161221;000000;89.9;90.6;88.7;89.8;27120;2433712
MSTT;D;20161222;000000;89.3;90.2;88.5;89.6;22850;2036110
MSTT;D;20161223;000000;89.9;91.2;88.3;90.7;61550;5555592
MSTT;D;20161226;000000;90.7;91.9;90;91.1;12130;1098439
MSTT;D;20161227;000000;91.1;91.9;89.9;91.9;11740;1066823
MSTT;D;20161228;000000;91.9;92.4;90.8;91.2;36110;3304252
MSTT;D;20161229;000000;91.7;92.9;90.7;92;32110;2958850
MSTT;D;20161230;000000;92.6;92.6;91;91.2;21870;2001645
MSTT;D;20170103;000000;90.9;93.4;90.2;92.8;39870;3693590
MSTT;D;20170104;000000;92.8;93.5;92.4;93;13520;1255228
MSTT;D;20170105;000000;93.2;97.9;92.6;94.9;81200;7668677
MSTT;D;20170106;000000;94.7;95.7;93;94.8;29760;2799920
MSTT;D;20170109;000000;95;95.7;94;95.3;15370;1458127
MSTT;D;20170110;000000;95.4;96;94.5;95.2;37940;3617539
MSTT;D;20170111;000000;95.2;96;94;95;48710;4619259
MSTT;D;20170112;000000;94.5;95.6;93.5;94.4;39850;3769640
MSTT;D;20170113;000000;94.8;95.1;93;93.7;38380;3592910
MSTT;D;20170116;000000;95;95;93.6;94.3;34680;3264456
MSTT;D;20170117;000000;95.2;95.2;93.7;94.2;13800;1298751
MSTT;D;20170118;000000;94.6;94.9;93.8;94.3;23520;2220264
MSTT;D;20170119;000000;94.3;95.2;93.5;94;77330;7283859
MSTT;D;20170120;000000;94.6;94.7;93.6;94.1;31870;3001629
MSTT;D;20170123;000000;93.9;94.2;93.5;93.9;9990;937125
MSTT;D;20170124;000000;94;94.1;91.5;93;104120;9635637
MSTT;D;20170125;000000;92.6;93.5;92;93.3;28730;2662930
MSTT;D;20170126;000000;93;94.8;92.8;94.8;36380;3418575
MSTT;D;20170127;000000;95;95.9;93.8;95;47350;4485063
MSTT;D;20170130;000000;94.4;94.9;93.8;94.7;21660;2041165
MSTT;D;20170131;000000;94.7;94.7;93.5;94;24730;2325433
MSTT;D;20170201;000000;93.8;96.3;93.3;96.2;69340;6586553
MSTT;D;20170202;000000;97;98;95.1;96;94920;9193316
MSTT;D;20170203;000000;96.5;96.9;95.8;96.8;22660;2183372
MSTT;D;20170206;000000;96.3;97.3;96.3;97;31940;3096679
MSTT;D;20170207;000000;97.4;99;96.5;98.4;60620;5913845
MSTT;D;20170208;000000;98.9;98.9;97;97.7;46740;4578275
MSTT;D;20170209;000000;97.8;102.5;97;100;194160;19337960
MSTT;D;20170210;000000;100;104.6;100;104;117370;11995780
MSTT;D;20170213;000000;104;110;103;110;240970;25870971
MSTT;D;20170214;000000;109;112;104.5;105;169210;18156785
MSTT;D;20170215;000000;105;106.6;100.1;103.7;108470;11126998
MSTT;D;20170216;000000;104.2;107.8;103.4;106.7;78690;8361731
MSTT;D;20170217;000000;106.9;107.5;104.7;105;44620;4721443
MSTT;D;20170220;000000;105.6;105.6;98.6;101.1;220230;22187658
MSTT;D;20170221;000000;101.2;102.5;99.6;102.1;19980;2026073
MSTT;D;20170222;000000;102.4;102.4;99.3;101.5;78750;7898829
MSTT;D;20170224;000000;100.5;101.6;99.3;100.3;58510;5859269
MSTT;D;20170227;000000;100;100.7;96.8;96.8;93210;9126766
MSTT;D;20170228;000000;97.5;99.7;95;98.5;104860;10164030
MSTT;D;20170301;000000;97.7;102;97.5;100.6;46000;4618863
MSTT;D;20170302;000000;100.6;101.8;100;100.5;57470;5759358
MSTT;D;20170303;000000;101.5;101.5;99.1;101.1;42490;4259425
MSTT;D;20170306;000000;101.7;102.9;101;102.2;28780;2930720
MSTT;D;20170307;000000;102.2;105;100;101;107050;10887284
MSTT;D;20170309;000000;99.1;100.4;97;97.5;82530;8097692
MSTT;D;20170310;000000;98.1;98.4;95.3;97.9;39450;3827790
MSTT;D;20170313;000000;98;99;97.4;98.6;11740;1153736
MSTT;D;20170314;000000;99.2;101.5;98.5;100.3;37350;3732430
MSTT;D;20170315;000000;100.3;101.2;98.8;99.8;13820;1383684
MSTT;D;20170316;000000;100.4;100.7;98.8;100.2;18860;1885371
MSTT;D;20170317;000000;100.9;103.8;100.9;102.4;35230;3619421
MSTT;D;20170320;000000;102.4;103.9;102;102.9;16450;1688146
MSTT;D;20170321;000000;103.1;104.6;102.8;102.9;21820;2260770
MSTT;D;20170322;000000;102.5;102.5;98;101;27860;2798237
MSTT;D;20170323;000000;101.8;102.5;100;100.9;29160;2941115
MSTT;D;20170324;000000;101.3;102;100.3;101.9;9350;949437
MSTT;D;20170327;000000;101.3;103.1;98.9;102.5;52570;5309984
MSTT;D;20170328;000000;102.5;107.4;102.5;105.8;64640;6774013
MSTT;D;20170329;000000;105.7;108.4;105.7;108.4;76230;8202042
MSTT;D;20170330;000000;108.4;110;107;107.3;27830;3028565
MSTT;D;20170331;000000;108.1;108.1;103.9;104.5;29900;3146574
MSTT;D;20170403;000000;105.4;107.4;104.3;106.2;31660;3358827
MSTT;D;20170404;000000;106.7;108.5;105.9;106.9;19840;2124361
MSTT;D;20170405;000000;106.4;107.5;103.5;105.6;37420;3947961
MSTT;D;20170406;000000;106.3;106.3;103.5;104.9;15660;1637612
MSTT;D;20170407;000000;104.9;104.9;101;103.8;37600;3863331
MSTT;D;20170410;000000;103.1;105.7;99.8;104;75870;7808005
MSTT;D;20170411;000000;104.3;107;104.3;104.5;26800;2830691
MSTT;D;20170412;000000;105.6;105.7;103;103.8;69680;7291953
MSTT;D;20170413;000000;104;104.6;101.1;103.2;51500;5292654
MSTT;D;20170414;000000;103.8;103.8;102.2;103;7780;799157
MSTT;D;20170417;000000;103;104;101.6;103;20280;2073185
MSTT;D;20170418;000000;103.2;103.9;101.4;102.3;28670;2924171
MSTT;D;20170419;000000;102;102.3;100.5;101.5;23770;2408011
MSTT;D;20170420;000000;100.9;101.6;99;100.2;62930;6282750
MSTT;D;20170421;000000;101.3;101.4;100.3;101.1;14900;1502131
MSTT;D;20170424;000000;101.4;102.8;100.9;101.9;36100;3675351
MSTT;D;20170425;000000;102;103.5;102;103.3;17710;1823100
MSTT;D;20170426;000000;103.5;106.2;103.5;105.3;34820;3658800
MSTT;D;20170427;000000;104.7;105.1;103.6;104.6;22770;2378267
MSTT;D;20170428;000000;105.4;106.6;103.3;106.1;46450;4878885
MSTT;D;20170502;000000;106.2;110;106.2;109.1;57120;6204929
MSTT;D;20170503;000000;109.1;111;105;105.4;217360;23311263
MSTT;D;20170504;000000;105.5;110.5;105.2;108.4;191630;20798091
MSTT;D;20170505;000000;108.1;108.5;106.1;107.4;39310;4210110
MSTT;D;20170510;000000;108.9;113;108;112.4;140230;15660623
MSTT;D;20170511;000000;112.5;114.9;111.5;113.4;94450;10682671
MSTT;D;20170512;000000;113.5;115;112.4;114.9;178170;20389727
MSTT;D;20170515;000000;115.1;115.1;114;114.5;78800;9043966
MSTT;D;20170516;000000;114.4;114.9;112;112.7;50940;5792827
MSTT;D;20170517;000000;113.3;113.8;110.5;111.3;37610;4210109
MSTT;D;20170518;000000;111.6;112.9;108.7;109.6;98140;10802466
MSTT;D;20170519;000000;111.8;111.8;109;109.9;40730;4468355
MSTT;D;20170522;000000;110;112;109.8;110.7;29250;3241156
MSTT;D;20170523;000000;110;110.9;109.3;110;46270;5094862
MSTT;D;20170524;000000;110;110.2;109;109.6;25280;2767303
MSTT;D;20170525;000000;109.9;110;109.5;110;19640;2156756
MSTT;D;20170526;000000;110.3;110.3;109;109.8;27530;3020430
MSTT;D;20170529;000000;110.2;110.7;109.4;109.6;29500;3239510
MSTT;D;20170530;000000;109.8;110.5;108.1;108.5;67370;7333413
MSTT;D;20170531;000000;108.7;109.7;107.7;107.7;36910;4015948
MSTT;D;20170601;000000;108.2;109.9;106.6;107.8;38660;4163953
MSTT;D;20170602;000000;107;109.6;106.1;108.9;53720;5789594
MSTT;D;20170605;000000;108.7;109.7;108.6;109;26730;2922456
MSTT;D;20170606;000000;109.3;109.6;108.2;109.1;19600;2133199
MSTT;D;20170607;000000;109.1;109.7;108.5;109;24960;2721516
MSTT;D;20170608;000000;108.4;109.1;106.7;107.6;82520;8845442
MSTT;D;20170609;000000;107.7;107.8;107.1;107.5;8530;917350
MSTT;D;20170613;000000;107.4;108.4;106.1;106.3;39760;4257471
MSTT;D;20170614;000000;106.4;107.2;106.1;106.9;8450;901214
MSTT;D;20170615;000000;106.2;106.3;103.1;104;116520;12143009
MSTT;D;20170616;000000;104.9;104.9;101.8;103.3;119820;12425959
MSTT;D;20170619;000000;104;104.4;102.6;104;53990;5600218
MSTT;D;20170620;000000;103.4;104.5;103.4;104.3;34370;3578906
MSTT;D;20170621;000000;104.2;104.5;103.8;104.4;11590;1206958
MSTT;D;20170622;000000;104.4;104.4;103.7;104;44760;4654859
MSTT;D;20170623;000000;104.2;107.8;103.8;107;98290;10404099
MSTT;D;20170626;000000;107.6;107.7;106.1;107;24360;2603292
MSTT;D;20170627;000000;107.2;107.2;106.5;107;14760;1579001
MSTT;D;20170628;000000;106.9;108.7;106.5;107.6;43680;4695015
MSTT;D;20170629;000000;107.1;108.1;107.1;107.4;36600;3934474
MSTT;D;20170630;000000;107.4;108.6;106.5;107.1;75320;8095920
MSTT;D;20170703;000000;107.1;109.2;107.1;108.9;61940;6701371
MSTT;D;20170704;000000;109;110;109;109.5;52330;5738183
MSTT;D;20170705;000000;110.1;110.4;108.2;109;102660;11199323
MSTT;D;20170706;000000;109.8;110.2;108.8;109;83360;9145967
MSTT;D;20170707;000000;110;110;108.7;109.5;113940;12439248
MSTT;D;20170710;000000;110.4;112.6;110;112;119880;13419966
MSTT;D;20170711;000000;113.8;113.8;112.4;113;61530;6951350
MSTT;D;20170712;000000;113;113;111.8;113;125300;14113080
MSTT;D;20170713;000000;113;114.6;113;114;226290;25767211
MSTT;D;20170714;000000;114.4;115;113.5;115;494030;56373649
MSTT;D;20170717;000000;106.2;106.4;104.3;105.5;301000;31763624
MSTT;D;20170718;000000;105.7;108.1;104.9;105.9;227180;24100110
MSTT;D;20170719;000000;106.4;108.1;105.9;108.1;89820;9611220
MSTT;D;20170720;000000;108.3;109.3;107.6;107.8;81350;8831008
MSTT;D;20170721;000000;108;108;107.1;107.2;52390;5629494
MSTT;D;20170724;000000;108.2;108.2;107;108.1;50350;5418505
MSTT;D;20170725;000000;108.2;108.8;107.8;108.4;62080;6721060
MSTT;D;20170726;000000;108.4;109;108;109;22530;2450916
MSTT;D;20170727;000000;109;109.4;108.5;109;31680;3459167
MSTT;D;20170728;000000;108.9;109.2;106.7;107.9;65770;7093119
MSTT;D;20170731;000000;107.1;109;106.8;108;59100;6352579
MSTT;D;20170801;000000;109;109;107.6;108.8;43600;4730314
MSTT;D;20170802;000000;109;109.2;107.9;109.1;70230;7629437
MSTT;D;20170803;000000;109;111.5;108.9;110.8;86650;9499754
MSTT;D;20170804;000000;110.6;112.6;110.5;112.6;73720;8223548
MSTT;D;20170807;000000;112.8;113.7;112.1;113;67740;7645385
MSTT;D;20170808;000000;113;114.4;113;114.4;74640;8497117
MSTT;D;20170809;000000;114.5;114.8;114;114.5;72130;8255270
MSTT;D;20170810;000000;114.7;115.5;114;114.5;90710;10391207
MSTT;D;20170811;000000;112.9;114.3;111.3;113.9;68510;7750279
MSTT;D;20170814;000000;114.5;121.9;114;120.2;317830;37933456
MSTT;D;20170815;000000;122;133.4;121;132.9;441840;56498798
MSTT;D;20170816;000000;134.9;134.9;126;127.9;264580;34226024
MSTT;D;20170817;000000;129.2;130.1;126.7;128.5;71230;9143564
MSTT;D;20170818;000000;127.5;129;127.4;128.9;33290;4271253
MSTT;D;20170821;000000;129.4;131.7;128.8;129.3;76860;9989857
MSTT;D;20170822;000000;129.4;130.8;128.7;129.4;42270;5480604
MSTT;D;20170823;000000;130.3;131.5;129.1;131.5;63480;8267480
MSTT;D;20170824;000000;131.6;136.5;131.6;136.3;172080;23149551
MSTT;D;20170825;000000;136.8;137.5;133.2;134.9;104870;14199247
MSTT;D;20170828;000000;135;136.5;132.8;134.3;52360;7080707
MSTT;D;20170829;000000;135;137.4;130.2;131.2;202650;27044832
MSTT;D;20170830;000000;131.5;132.4;125.5;129;227920;29181364
MSTT;D;20170831;000000;130.1;132.9;128.4;131.2;117140;15309504
MSTT;D;20170901;000000;131.2;132.1;128.2;129;53440;6939770
MSTT;D;20170904;000000;128.5;130.5;128.4;129.6;27230;3525168
MSTT;D;20170905;000000;129.7;129.9;127.1;127.8;62660;8047111
MSTT;D;20170906;000000;128;131.2;127.8;130.1;49870;6487272
MSTT;D;20170907;000000;131.1;132;128.6;128.8;43240;5633016
MSTT;D;20170908;000000;130;131.4;129;129.8;24720;3217959
MSTT;D;20170911;000000;129.5;129.5;125.9;127.3;213460;27098358
MSTT;D;20170912;000000;127.9;128.7;126.6;128.1;47870;6127054
MSTT;D;20170913;000000;127.2;128.9;127.2;128;64700;8288123
MSTT;D;20170914;000000;128;128.3;126.4;128.2;34140;4350482
MSTT;D;20170915;000000;128.2;128.5;127.2;128.4;28310;3625113
MSTT;D;20170918;000000;128.4;129.9;128;129.6;53540;6912109
MSTT;D;20170919;000000;129.5;129.7;127.8;128.7;14620;1878690
MSTT;D;20170920;000000;128.4;128.8;127.3;127.5;30770;3932547
MSTT;D;20170921;000000;127.8;127.9;127;127.9;50060;6379019
MSTT;D;20170922;000000;127.5;127.8;127;127.4;10650;1356428
MSTT;D;20170925;000000;127;127.8;126.5;127.5;31920;4060019
MSTT;D;20170926;000000;127.6;128.2;127.1;127.6;27280;3483842
MSTT;D;20170927;000000;127.5;128;127.1;127.8;15230;1943628
MSTT;D;20170928;000000;127.9;129;127.6;128;58480;7502281
MSTT;D;20170929;000000;128.3;129.4;127.8;128.5;36180;4660589
MSTT;D;20171002;000000;128;129.4;128;128.6;20320;2613705
MSTT;D;20171003;000000;128.3;128.8;128;128;23980;3075263
MSTT;D;20171004;000000;128;128.4;127.4;127.8;20980;2678945
MSTT;D;20171005;000000;128;128.2;127.2;127.7;31720;4044969
MSTT;D;20171006;000000;127.7;129.9;127.4;128.9;106330;13718759
MSTT;D;20171009;000000;128.9;131;128.5;129.2;44500;5747848
MSTT;D;20171010;000000;129.7;130.8;128.9;130.4;50440;6553903
MSTT;D;20171011;000000;130.7;132.3;130.4;132.2;62560;8227995
MSTT;D;20171012;000000;132.5;136.5;132.5;136.4;140400;18945887
MSTT;D;20171013;000000;136.4;137.2;135.5;135.7;34490;4691914
MSTT;D;20171016;000000;139.8;142.9;137.2;142.8;120480;16973032
MSTT;D;20171017;000000;142.9;145;138.5;139;147060;20816060
MSTT;D;20171018;000000;139.4;139.8;137.1;139.6;85610;11838250
MSTT;D;20171019;000000;139.2;143.4;139.2;140;73010;10302458
MSTT;D;20171020;000000;139.7;141.4;139.1;139.2;57430;8032243
MSTT;D;20171023;000000;140;143.1;138.4;141.9;69530;9815425
MSTT;D;20171024;000000;142;143;141.1;142.3;22810;3240295
MSTT;D;20171025;000000;144;144.5;140.3;140.5;44580;6366027
MSTT;D;20171026;000000;140.4;143.7;138.2;140;64610;9041094
MSTT;D;20171027;000000;141.3;141.3;139.1;139.4;35030;4899705
MSTT;D;20171030;000000;140.3;140.6;139;139.8;36290;5080109
MSTT;D;20171031;000000;140.5;142.5;140.3;140.9;62650;8866878
MSTT;D;20171101;000000;141.5;143;139.4;139.8;49310;6965475
MSTT;D;20171102;000000;139.8;149.5;139.7;149;331400;48312456
MSTT;D;20171103;000000;149.8;151.9;145.6;148.4;139290;20707472
MSTT;D;20171107;000000;148.8;150.9;148.8;150.7;73210;10985256
MSTT;D;20171108;000000;151.1;159;149.8;157.9;116090;18048568
MSTT;D;20171109;000000;157.9;159;154.5;157;56410;8794262
MSTT;D;20171110;000000;157.2;157.2;155.6;156.5;13500;2111342
MSTT;D;20171113;000000;156.9;163.8;156.5;163.7;116700;18739789
MSTT;D;20171114;000000;164;165.2;158.1;162.2;61030;9883351
MSTT;D;20171115;000000;162;167.9;159.2;164.9;131850;21749499
MSTT;D;20171116;000000;166.9;167.5;161.2;163.5;69980;11506224
MSTT;D;20171117;000000;163.5;164.5;158.4;160.3;93990;15046263
MSTT;D;20171120;000000;161;161;158.7;160.5;36420;5823013
MSTT;D;20171121;000000;160.5;163.7;160.4;162.8;41510;6722303
MSTT;D;20171122;000000;161.9;165.9;161.4;165.1;28330;4665846
MSTT;D;20171123;000000;166;166.1;163.6;164.9;19910;3273026
MSTT;D;20171124;000000;164.8;165;163;164.3;17160;2812382
MSTT;D;20171127;000000;166.4;166.4;161.1;164.7;43270;7060915
MSTT;D;20171128;000000;164.9;164.9;162;162.6;12560;2043791
MSTT;D;20171129;000000;163;163;160;161.7;29050;4675030
MSTT;D;20171130;000000;162.3;162.3;160;161.1;30710;4942441
MSTT;D;20171201;000000;162.5;162.5;160;161.3;21080;3390962
MSTT;D;20171204;000000;161.3;161.4;158;159.3;72160;11514874
MSTT;D;20171205;000000;159.3;159.6;156;157.6;49780;7844374
MSTT;D;20171206;000000;157.7;157.7;153.2;154.6;190260;29354969
MSTT;D;20171207;000000;154.6;160;154.1;157.5;89080;14058882
MSTT;D;20171208;000000;157.9;159;156;158;29030;4594382
MSTT;D;20171211;000000;158.8;164;158.8;163.2;89860;14592909
MSTT;D;20171212;000000;163.8;164.5;161;162.4;37780;6137962
MSTT;D;20171213;000000;162.4;163;160.7;161.9;40390;6536896
MSTT;D;20171214;000000;162.3;163.4;162.3;163.3;67980;11065956
MSTT;D;20171215;000000;163.7;164.4;162.2;163.8;190080;31084941
MSTT;D;20171218;000000;156.4;157.5;154.1;157;100750;15726650
MSTT;D;20171219;000000;157;158.4;156;156.5;36410;5711522
MSTT;D;20171220;000000;156.2;156.8;152.9;153.3;54560;8435336
MSTT;D;20171221;000000;152.8;153.4;146.4;149.5;137870;20597729
MSTT;D;20171222;000000;149.8;152.6;148.6;152.6;47410;7154866
MSTT;D;20171225;000000;152.6;153.1;149;150.9;47420;7160022
MSTT;D;20171226;000000;151;151.4;147;148.8;47470;7036547
MSTT;D;20171227;000000;148.8;148.9;144.6;145.8;85410;12461525
MSTT;D;20171228;000000;146;147.6;145.9;147;25610;3759192
MSTT;D;20171229;000000;147.5;147.8;146;147.8;50160;7390719
MSTT;D;20180103;000000;148.3;152.2;148;150.9;29200;4386957
MSTT;D;20180104;000000;151.2;152.3;150.1;152.3;30600;4630034
MSTT;D;20180105;000000;152.2;155.6;152.2;153.7;49190;7590134
MSTT;D;20180109;000000;153.9;155.2;153.6;154.9;34780;5378149
MSTT;D;20180110;000000;154.5;154.6;151.3;152.6;46460;7092187
MSTT;D;20180111;000000;152.8;154;151.5;152.2;44700;6809169
MSTT;D;20180112;000000;152.3;152.9;150.2;151.5;42200;6380072
MSTT;D;20180115;000000;151.5;151.5;150;151.5;19450;2934201
MSTT;D;20180116;000000;151.8;151.9;149.6;150;30280;4551649
MSTT;D;20180117;000000;150.1;150.1;147.1;148.6;64120;9493684
MSTT;D;20180118;000000;149.4;150.2;148.1;150.1;57510;8593871
MSTT;D;20180119;000000;150.1;151.7;150;151;46580;7040344
MSTT;D;20180122;000000;151.2;151.9;150;151.9;47430;7173229
MSTT;D;20180123;000000;152;152.8;151.5;152.1;19550;2975246
MSTT;D;20180124;000000;152.2;152.5;150.5;150.5;29790;4504642
MSTT;D;20180125;000000;149.5;151;149.5;150.4;25900;3888073
MSTT;D;20180126;000000;150.7;150.7;148.6;148.8;44340;6620183
MSTT;D;20180129;000000;148.6;149.7;148;149.7;17920;2667524
MSTT;D;20180130;000000;149.2;151.5;149.2;149.6;8220;1235042
MSTT;D;20180131;000000;149.7;150.8;148.4;149.1;19430;2895564
MSTT;D;20180201;000000;149.1;151.2;149.1;150.4;29640;4455699
MSTT;D;20180202;000000;150.9;152.7;149.7;150.7;29620;4469262
MSTT;D;20180205;000000;148.8;150;147.9;149.5;20280;3023824
MSTT;D;20180206;000000;135;147.6;135;145.8;145120;20863604
MSTT;D;20180207;000000;146.3;147.8;145.7;146;22260;3257559
MSTT;D;20180208;000000;146;146.4;145.7;145.8;14130;2062763
MSTT;D;20180209;000000;145.4;145.4;141.1;143.4;62610;8934314
MSTT;D;20180212;000000;143.7;149.6;143.7;149.6;61210;9030665
MSTT;D;20180213;000000;149.8;152;147.5;148.4;28910;4317772
MSTT;D;20180214;000000;149.1;149.6;146.7;147.9;28490;4218809
MSTT;D;20180215;000000;148.1;148.9;145.7;146.7;47490;6990802
MSTT;D;20180216;000000;147.1;147.2;145;145.9;26620;3885006
MSTT;D;20180219;000000;146.1;146.1;144;144.9;28340;4102766
MSTT;D;20180220;000000;145;150;144.3;148.8;59580;8813444
MSTT;D;20180221;000000;148.2;149.9;147.6;149;58940;8766834
MSTT;D;20180222;000000;149.4;149.6;148;148.4;22540;3351871
MSTT;D;20180226;000000;149;151.5;148.3;148.5;72970;10909650
MSTT;D;20180227;000000;149.3;150.9;148.3;148.5;56020;8366132
MSTT;D;20180228;000000;149;149.4;147.6;148.2;18260;2705727
MSTT;D;20180301;000000;148;148.7;147.2;148.5;18020;2666462
MSTT;D;20180302;000000;148;148.4;145.1;147.5;21390;3139882
MSTT;D;20180305;000000;147.9;148.6;147.5;148.5;12070;1787375
MSTT;D;20180306;000000;148.5;150.4;148;148.3;43730;6503220
MSTT;D;20180307;000000;149.1;149.1;147;148.2;15230;2255177
MSTT;D;20180309;000000;148.1;149;148.1;148.8;2960;439722
MSTT;D;20180312;000000;148.1;149.7;148.1;148.6;23280;3467906
MSTT;D;20180313;000000;148.6;148.9;148;148.1;16840;2501253
MSTT;D;20180314;000000;148.9;149;147.1;147.2;40290;5979442
MSTT;D;20180315;000000;148.1;148.1;145.7;146.3;17920;2628029
MSTT;D;20180316;000000;146.9;147.1;145.4;146.4;23430;3436531
MSTT;D;20180319;000000;147;148.8;146.6;147.5;16110;2383933
MSTT;D;20180320;000000;148.3;148.8;147.1;148;10430;1541440
MSTT;D;20180321;000000;148;148.6;147.5;148;7670;1136004
MSTT;D;20180322;000000;147.7;148.7;147.7;147.9;6960;1031106
MSTT;D;20180323;000000;147.2;147.9;145.8;147.7;16700;2454576
MSTT;D;20180326;000000;147.9;148.8;146.4;146.4;20650;3047236
MSTT;D;20180327;000000;146.6;147.5;145.5;147;32710;4795994
MSTT;D;20180328;000000;146.7;146.8;145.8;145.8;8030;1173928
MSTT;D;20180329;000000;147.1;149;145.7;148.3;62860;9288378
MSTT;D;20180330;000000;149.2;150;148.4;148.9;18710;2791585
MSTT;D;20180402;000000;149.8;150;148;148.7;21840;3258669
MSTT;D;20180403;000000;149.1;149.1;147.3;148.1;10480;1549846
MSTT;D;20180404;000000;148.7;148.8;146.7;147.6;11290;1667784
MSTT;D;20180405;000000;147;148.5;146.4;147.3;17690;2608828
MSTT;D;20180406;000000;147.6;147.9;147.1;147.3;8570;1264024
MSTT;D;20180409;000000;147.5;147.5;126.7;137.4;175240;24241648
MSTT;D;20180410;000000;137.4;142;131.6;139.1;87880;11935344
MSTT;D;20180411;000000;141.3;142.5;136.1;136.9;67440;9388123
MSTT;D;20180412;000000;139;140.8;137.7;139.5;23130;3227577
MSTT;D;20180413;000000;141;141.3;138.1;138.9;23020;3201956
MSTT;D;20180416;000000;138;139.8;135.8;136.9;38180;5250325
MSTT;D;20180417;000000;139;139;137;138.8;32280;4465276
MSTT;D;20180418;000000;139.1;142.7;139.1;141.1;26380;3732772
MSTT;D;20180419;000000;141.6;142;139.4;139.7;22780;3199534
MSTT;D;20180420;000000;140;141.9;128;129;183390;24199172
MSTT;D;20180423;000000;126.3;128;119;123.3;402360;49552099
MSTT;D;20180424;000000;123;124.7;121.7;122.3;95530;11770217
MSTT;D;20180425;000000;122.3;123.8;119.7;121;69920;8453236
MSTT;D;20180426;000000;120.9;122;120;121.6;56320;6810659
MSTT;D;20180427;000000;122;128.8;121.9;128;140490;17717150
MSTT;D;20180428;000000;128.1;130.5;127.1;127.9;44990;5796007
MSTT;D;20180430;000000;127.9;127.9;125.7;126.7;33330;4215160
MSTT;D;20180502;000000;127;127.1;125;125.9;28180;3552429
MSTT;D;20180503;000000;125.7;126.4;123.3;124.5;37190;4658330
MSTT;D;20180504;000000;125.1;126.7;124.8;125.1;14870;1863152
MSTT;D;20180507;000000;125.9;125.9;123.2;125.1;24010;2990764
MSTT;D;20180508;000000;125.8;125.8;124.7;125.7;23510;2942584
MSTT;D;20180510;000000;125.8;126.5;123.2;124.4;40130;4994433
MSTT;D;20180511;000000;124.4;124.6;123.4;124.2;16530;2046507
MSTT;D;20180514;000000;125;125.5;124.2;125.2;27920;3484371
MSTT;D;20180515;000000;125.5;125.9;120.2;121.1;66620;8168303
MSTT;D;20180516;000000;120.5;122.8;116.4;120;118580;14075714
MSTT;D;20180517;000000;120.9;121;119.1;121;18810;2260607
MSTT;D;20180518;000000;120.4;120.9;118;120;28390;3392166
MSTT;D;20180521;000000;120.4;120.5;119.2;120.3;15410;1847724
MSTT;D;20180522;000000;119.5;120;117.6;118.9;21170;2516126
MSTT;D;20180523;000000;118.6;118.6;117.5;117.9;23460;2761430
MSTT;D;20180524;000000;118;118;116.5;117.2;23580;2755843
MSTT;D;20180525;000000;116.7;117;115.6;116.1;31160;3618837
MSTT;D;20180528;000000;116.5;116.5;115;115.7;30560;3529435
MSTT;D;20180529;000000;116.2;120.4;115.3;117.6;88980;10433018
MSTT;D;20180530;000000;117.1;117.1;115.7;116;15570;1810265
MSTT;D;20180531;000000;116;116.4;114.7;115.4;39350;4553928
MSTT;D;20180601;000000;116;116.3;115.8;116.1;17550;2036928
MSTT;D;20180604;000000;116.1;118.2;116;116.4;35840;4190418
MSTT;D;20180605;000000;116.2;117;115.2;116.1;17560;2041291
MSTT;D;20180606;000000;116;116;114.1;114.9;33040;3796484
MSTT;D;20180607;000000;115;116.2;115;115.8;23110;2669317
MSTT;D;20180608;000000;115.7;115.8;114.2;114.4;19490;2232555
MSTT;D;20180609;000000;114.4;115.4;114.2;114.8;13590;1561010
MSTT;D;20180611;000000;115.7;115.7;114.2;114.9;5390;617509
MSTT;D;20180613;000000;115;115.7;114.5;114.6;15690;1799517
MSTT;D;20180614;000000;115.4;115.4;113.4;114.2;24340;2776583
MSTT;D;20180615;000000;114.6;114.9;111.4;111.8;33470;3757921
MSTT;D;20180618;000000;111.9;112.4;111.2;111.5;10640;1187971
MSTT;D;20180619;000000;111.2;111.2;108;108.8;56840;6201042
MSTT;D;20180620;000000;109.7;110.8;109.3;110.4;16600;1829774
MSTT;D;20180621;000000;110.5;112.6;110.5;110.7;22380;2493629
MSTT;D;20180622;000000;110.8;112.2;107.3;108.1;33260;3618409
MSTT;D;20180625;000000;108.1;108.9;106.5;107.7;31400;3373174
MSTT;D;20180626;000000;107.7;108;107;107.5;12080;1298584
MSTT;D;20180627;000000;108;108.1;106.4;107.5;13960;1494778
MSTT;D;20180628;000000;106.6;107.7;106.3;107.7;9680;1037563
MSTT;D;20180629;000000;107.8;108.5;107;107;32810;3538157
MSTT;D;20180702;000000;106.6;106.6;105;105.7;38630;4082953
MSTT;D;20180703;000000;105.8;106.8;105.2;106;20160;2136593
MSTT;D;20180704;000000;105.9;106.5;105.6;106.3;17730;1881392
MSTT;D;20180705;000000;106.5;106.5;105.2;105.9;25510;2700984
MSTT;D;20180706;000000;105.6;106.3;105.3;106;10540;1114983
MSTT;D;20180709;000000;106;106.1;105.5;105.9;15060;1595229
MSTT;D;20180710;000000;105.7;106.5;105.6;106.1;23600;2505091
MSTT;D;20180711;000000;106.1;106.1;105;105.2;16610;1747029
MSTT;D;20180712;000000;105.2;105.5;105;105.5;5470;575813
MSTT;D;20180713;000000;106.4;106.7;105.9;106.6;12600;1340149
MSTT;D;20180716;000000;106.2;109.4;106.2;107.2;57370;6195393
MSTT;D;20180717;000000;107.1;108.6;106.7;108;25320;2728322
MSTT;D;20180718;000000;108;113.3;108;112;58740;6526253
MSTT;D;20180719;000000;112.2;114.7;110;111.1;71590;8088408
MSTT;D;20180720;000000;111.8;114.3;111;111.4;14850;1672732
MSTT;D;20180723;000000;111.5;111.5;107.2;108.6;47910;5208989
MSTT;D;20180724;000000;108.7;113.4;108.1;111.2;46990;5195781
MSTT;D;20180725;000000;111;112.9;109.9;110.8;46880;5186700
MSTT;D;20180726;000000;110.7;113.8;110.7;113.7;25560;2877254
MSTT;D;20180727;000000;112.5;115.9;112.4;115.1;28760;3296763
MSTT;D;20180730;000000;115.3;115.4;113;113.5;11960;1362399
MSTT;D;20180731;000000;112.7;113.5;109.7;111.2;48080;5331506
MSTT;D;20180801;000000;111.2;112;110.6;111;16160;1796665
MSTT;D;20180802;000000;111.3;112;109.8;109.9;13860;1534789
MSTT;D;20180803;000000;110;110;109.2;109.8;18160;1992605
MSTT;D;20180806;000000;110.8;110.8;107.5;109;14950;1621034
MSTT;D;20180807;000000;109.4;109.5;107.8;108.5;12920;1400395
MSTT;D;20180808;000000;109.1;109.6;106;107;22340;2391662
MSTT;D;20180809;000000;106.8;106.8;102.2;105.8;61810;6478512
MSTT;D;20180810;000000;105.8;105.8;104;104.4;25540;2668506
MSTT;D;20180813;000000;103.8;104.9;100.8;101.2;54390;5565140
MSTT;D;20180814;000000;102;102;97;99.2;96310;9563879
MSTT;D;20180815;000000;98.3;99.7;97;97.6;24000;2354385
MSTT;D;20180816;000000;97.6;99.5;96.9;98.6;29830;2919440
MSTT;D;20180817;000000;98.8;100.1;97.5;98.4;22270;2204493
MSTT;D;20180820;000000;98.6;99.6;98.2;99.4;8240;815449
MSTT;D;20180821;000000;99.2;99.5;98.6;99.5;8550;845545
MSTT;D;20180822;000000;99.5;101.9;99;100;36760;3683382
MSTT;D;20180823;000000;100.7;100.7;96.1;97.9;27300;2668816
MSTT;D;20180824;000000;97.5;97.9;94.2;96.7;31670;3032247
MSTT;D;20180827;000000;96.9;98.9;95;96.9;28610;2783174
MSTT;D;20180828;000000;97;98;96.6;97.5;14210;1381353
MSTT;D;20180829;000000;98;98;93.3;94.3;54230;5173235
MSTT;D;20180830;000000;94.3;96;94;94.4;33690;3207092
MSTT;D;20180831;000000;94.6;95;93.4;95;19970;1882259
MSTT;D;20180903;000000;95.1;95.8;94.6;95.7;15630;1489498
MSTT;D;20180904;000000;95.8;96.5;95.7;95.7;13300;1277454
MSTT;D;20180905;000000;96;97.3;95;95.9;18160;1749820
MSTT;D;20180906;000000;95.8;95.8;93.5;93.5;25930;2448620
MSTT;D;20180907;000000;94;94;90.6;92;42910;3961879
MSTT;D;20180910;000000;92;92;89.1;89.9;31280;2823543
MSTT;D;20180911;000000;90;90;88.6;89.3;30940;2762088
MSTT;D;20180912;000000;88.7;90.1;88.7;89;48920;4368465
MSTT;D;20180913;000000;89.5;91;88.5;90.1;24260;2183771
MSTT;D;20180914;000000;90.5;92.6;90.4;92.5;24670;2266314
MSTT;D;20180917;000000;93;93.9;91.6;92;33660;3123174
MSTT;D;20180918;000000;92.3;93;91.6;92.3;15570;1437783
MSTT;D;20180919;000000;92.3;93.5;91.8;93;13410;1242639
MSTT;D;20180920;000000;93.5;96.4;93;96.3;48900;4655009
MSTT;D;20180921;000000;95.5;97.5;95.5;96.2;27990;2705244
MSTT;D;20180924;000000;96.3;97.3;96;96.8;19990;1929667
MSTT;D;20180925;000000;96.9;97.4;96;96.9;17140;1657068
MSTT;D;20180926;000000;96.9;96.9;95.6;95.7;17740;1707658
MSTT;D;20180927;000000;95.7;96;93.3;93.7;25720;2437467
MSTT;D;20180928;000000;94.2;96;93.7;95;14590;1379947
MSTT;D;20181001;000000;95.3;96;94;94.4;22840;2158572
MSTT;D;20181002;000000;94.1;95.6;93.8;94;20400;1922758
MSTT;D;20181003;000000;94.2;95.2;94.1;95;12950;1226478
MSTT;D;20181004;000000;95.1;95.3;93.2;94;13830;1301670
MSTT;D;20181005;000000;94.5;94.5;92.1;93.6;16280;1514324
MSTT;D;20181008;000000;93.7;94.9;93.6;93.9;19540;1838608
MSTT;D;20181009;000000;94.5;94.6;91.2;92.5;71230;6602361
MSTT;D;20181010;000000;92.7;92.7;91;91.6;18490;1690648
MSTT;D;20181011;000000;90;90.6;87.4;89.4;49720;4434901
MSTT;D;20181012;000000;90;92.1;90;90.7;21940;2003849
MSTT;D;20181015;000000;91.1;91.5;90.3;91.3;7580;688605
MSTT;D;20181016;000000;91.5;92.4;90.8;92.3;12790;1172913
MSTT;D;20181017;000000;92.4;92.9;91.6;92.2;10120;933712
MSTT;D;20181018;000000;92;92.4;90.8;91.6;53340;4894632
MSTT;D;20181019;000000;92;92.1;89;90;22310;2012976
MSTT;D;20181022;000000;90;90.9;89.6;89.7;12030;1084945
MSTT;D;20181023;000000;89.9;90.2;87.7;89.2;61760;5472788
MSTT;D;20181024;000000;90;90;88.7;89.8;10750;960023
MSTT;D;20181025;000000;89;89.6;88.5;89;10390;923766
MSTT;D;20181026;000000;89.4;89.5;87.5;88;16290;1433682
MSTT;D;20181029;000000;88.8;89.9;88.2;89.4;11780;1048832
MSTT;D;20181030;000000;89.5;89.9;89.1;89.5;8750;783259
MSTT;D;20181031;000000;90;91.3;90;91;13900;1261524
MSTT;D;20181101;000000;90.8;91.7;90.6;91;5330;485835
MSTT;D;20181102;000000;91.1;91.6;90.8;91.4;9050;826396
MSTT;D;20181106;000000;91.5;93.4;91.3;93.4;27900;2583053
MSTT;D;20181107;000000;92.7;94;92.7;93.4;12100;1128472
MSTT;D;20181108;000000;93.8;93.8;92.3;92.3;13590;1260615
MSTT;D;20181109;000000;92.2;92.7;91.5;91.5;19810;1818197
MSTT;D;20181112;000000;93.3;93.3;91.6;91.9;11920;1096714
MSTT;D;20181113;000000;92.6;93;91.9;92.2;13090;1210417
MSTT;D;20181114;000000;91.9;91.9;90.6;90.8;16350;1487089
MSTT;D;20181115;000000;90.5;92;90.5;91.6;6980;637683
MSTT;D;20181116;000000;91.5;92;91.1;91.7;3970;363634
MSTT;D;20181119;000000;92;92.1;90.7;91.3;11840;1084024
MSTT;D;20181120;000000;91;91.5;87.8;88.7;48680;4336145
MSTT;D;20181121;000000;88.9;89.9;88.7;89.8;14310;1277113
MSTT;D;20181122;000000;90;90.7;88.6;89.4;14130;1262544
MSTT;D;20181123;000000;89.7;90.6;88.5;89;21650;1937125
MSTT;D;20181126;000000;89;89;87.4;87.7;39080;3442427
MSTT;D;20181127;000000;88.2;89.6;88.1;88.8;17790;1573768
MSTT;D;20181128;000000;89.4;89.4;88.7;89.1;9030;803561
MSTT;D;20181129;000000;89.1;90.6;89.1;89.8;13450;1208859
MSTT;D;20181130;000000;90;90.4;88.5;89.6;21990;1966939
MSTT;D;20181203;000000;90;90.2;88.8;89.6;32380;2898666
MSTT;D;20181204;000000;89;90;88.6;89.6;26470;2361127
MSTT;D;20181205;000000;88.5;90.3;88.5;89.7;26770;2399383
MSTT;D;20181206;000000;89.7;89.9;88.6;89.5;11850;1056433
MSTT;D;20181207;000000;89.4;89.8;89;89.4;11140;995913
MSTT;D;20181210;000000;89;89.9;88.4;89;21390;1897964
MSTT;D;20181211;000000;88.6;89;87.7;87.8;26630;2344462
MSTT;D;20181212;000000;87.9;88.7;87.6;87.7;4950;435886
MSTT;D;20181213;000000;88.5;89.1;87.8;87.9;55350;4886841
MSTT;D;20181214;000000;88.7;90.9;87.8;89.8;86940;7795767
MSTT;D;20181217;000000;89.8;98.9;89.2;94.4;244850;23244816
MSTT;D;20181218;000000;94.3;94.3;90.7;91.7;33530;3082152
MSTT;D;20181219;000000;91.3;91.5;90;90.2;18120;1640659
MSTT;D;20181220;000000;89.3;90;89;89.5;36900;3295612
MSTT;D;20181221;000000;89;89.1;87.7;87.9;49820;4390308
MSTT;D;20181224;000000;88;88;86.3;86.7;28400;2471424
MSTT;D;20181225;000000;85.9;85.9;82.6;84.9;61080;5148078
MSTT;D;20181226;000000;85.3;85.7;83.4;83.7;35100;2970439
MSTT;D;20181227;000000;84.6;85.8;84;84;24060;2034859
MSTT;D;20181228;000000;83.9;85.5;83.8;85.3;15590;1322942
MSTT;D;20181229;000000;85.4;85.7;84.3;84.5;20960;1782396
MSTT;D;20190103;000000;84.3;85.4;84;85;6440;544349
MSTT;D;20190104;000000;84.9;86.8;84.8;86.2;11720;1008700
MSTT;D;20190108;000000;86.6;87.7;86.2;87;10950;953499
MSTT;D;20190109;000000;86.8;88.5;85.5;87.6;66270;5774667
MSTT;D;20190110;000000;87.7;88;86;88;17220;1499483
MSTT;D;20190111;000000;88.1;88.8;88.1;88.5;19290;1705735
MSTT;D;20190114;000000;88.5;88.5;85.6;87.5;33900;2944522
MSTT;D;20190115;000000;87.5;87.9;86.6;87.6;31940;2783650
MSTT;D;20190116;000000;87.1;87.7;87;87.7;6920;604960
MSTT;D;20190117;000000;88;88.5;86.6;87.5;25840;2260905
MSTT;D;20190118;000000;87.5;88.4;87.2;87.9;39310;3440710
MSTT;D;20190121;000000;88.3;88.7;85.7;87.1;56730;4961679
MSTT;D;20190122;000000;87;87.3;86.7;87.2;16500;1435128
MSTT;D;20190123;000000;87.3;88.2;86.4;88;41520;3648315
MSTT;D;20190124;000000;87.9;88;87;88;22950;2012561
MSTT;D;20190125;000000;87.9;88;87.5;88;14810;1300569
MSTT;D;20190128;000000;88.2;89;87.1;87.5;39220;3453495
MSTT;D;20190129;000000;87.2;87.9;87.1;87.7;5170;452248
MSTT;D;20190130;000000;87.9;88.2;87.3;87.9;15400;1349251
MSTT;D;20190131;000000;87.9;88.4;87.4;87.6;11320;993071
MSTT;D;20190201;000000;87.4;88.1;87.4;87.95;9060;796299.5
MSTT;D;20190204;000000;88.05;89;88.05;88.25;33220;2946687
MSTT;D;20190205;000000;88.3;89.8;88.3;89.75;37940;3377597
MSTT;D;20190206;000000;89.85;89.95;89.05;89.45;16470;1471744.5
MSTT;D;20190207;000000;89.85;89.85;88.55;89.25;21100;1884734.5
MSTT;D;20190208;000000;89.35;89.35;88.15;88.55;13330;1182746
MSTT;D;20190211;000000;88.65;89.9;88.65;89.55;18350;1640479
MSTT;D;20190212;000000;90;91.1;89.5;90.95;36490;3294137.5
MSTT;D;20190213;000000;91.15;91.75;90.1;90.1;33570;3049345
MSTT;D;20190214;000000;89.2;89.75;87.9;89.1;31190;2768249
MSTT;D;20190215;000000;88.85;89.95;88.85;89.35;12560;1125395.5
MSTT;D;20190218;000000;89.2;89.95;88.55;88.65;12610;1125620.5
MSTT;D;20190219;000000;88;89.85;88;89.6;19420;1735124.5
MSTT;D;20190220;000000;89.9;90.4;89.15;89.9;15680;1406474
MSTT;D;20190221;000000;90;90.3;89;89.75;8200;733598
MSTT;D;20190222;000000;89.75;89.75;88.8;89.05;12090;1078472
MSTT;D;20190225;000000;89.85;89.9;87.2;88.85;17350;1541164
MSTT;D;20190226;000000;88.8;89.05;88.5;88.6;7830;694819
MSTT;D;20190227;000000;89.05;89.2;88.55;89.15;12180;1083448.5
MSTT;D;20190228;000000;88.35;89.2;87.25;88.3;27930;2469044.5
MSTT;D;20190301;000000;88.65;88.9;88.35;88.85;4710;416791.5
MSTT;D;20190304;000000;88.15;88.9;88.15;88.25;11280;997971.5
MSTT;D;20190305;000000;89.95;89.95;88.3;88.5;15240;1353780.5
MSTT;D;20190306;000000;88.45;88.75;88.1;88.4;7520;665721.5
MSTT;D;20190307;000000;88.5;89.55;87.95;88.25;12850;1137479.5
MSTT;D;20190311;000000;90.5;96.6;90.5;93.7;253110;23733886
MSTT;D;20190312;000000;94.2;94.8;93.1;94.3;36050;3381000.5
MSTT;D;20190313;000000;93.7;98.8;93.65;97.65;137240;13264729.5
MSTT;D;20190314;000000;97.6;98.5;97;97.65;43490;4250505.5
MSTT;D;20190315;000000;98.3;102.85;97.2;101.4;100600;10082799.5
MSTT;D;20190318;000000;100.6;101.55;98.6;99.4;57690;5767726.5
MSTT;D;20190319;000000;99.55;102.05;98.25;99.85;50150;5023769
MSTT;D;20190320;000000;99.9;99.9;97.1;97.55;42550;4168043.5
MSTT;D;20190321;000000;97.5;98.1;95.4;96.15;51940;4999523
MSTT;D;20190322;000000;96;96.8;94;94.4;48820;4645304
MSTT;D;20190325;000000;94.95;96.3;93.25;95.8;32720;3106327
MSTT;D;20190326;000000;96.15;98;96.15;97.5;51230;4982299
MSTT;D;20190327;000000;97.8;97.8;94.6;96.75;27520;2641840.5
MSTT;D;20190328;000000;95.05;96.95;94;95.6;29030;2765644
MSTT;D;20190329;000000;95.65;96.1;93.65;94.4;35020;3322390.5
MSTT;D;20190401;000000;94.6;94.6;92.65;92.95;43060;4017410.5
MSTT;D;20190402;000000;93.9;94;93;93.55;6020;563332.5
MSTT;D;20190403;000000;93;96.95;92.9;93.55;22280;2102592
MSTT;D;20190404;000000;93.35;94.95;92.8;94.4;57960;5465703.5
MSTT;D;20190405;000000;93.6;94.75;92.75;93.7;19450;1816907
MSTT;D;20190408;000000;93.55;94.5;93.55;94.4;16340;1540081.5
MSTT;D;20190409;000000;94.5;96.1;94.1;95.6;32200;3059426
MSTT;D;20190410;000000;95.65;96.4;94.85;95.2;12220;1170713.5
MSTT;D;20190411;000000;95.95;96.4;92.7;94.95;56890;5364774
MSTT;D;20190412;000000;95.55;98.4;95.15;96.65;38230;3701353.5
MSTT;D;20190415;000000;101.45;103.9;98.6;98.65;417660;42513128.5
MSTT;D;20190416;000000;99.2;103.35;99.2;103.05;122610;12488516.5
MSTT;D;20190417;000000;103.05;103.7;101.5;101.95;29590;3027423.5
MSTT;D;20190418;000000;101.95;102.85;99.55;100.35;44070;4415062.5
MSTT;D;20190419;000000;99.95;101.9;98.6;101.65;47480;4746052.5
MSTT;D;20190422;000000;101.5;104.4;97.5;98.35;220580;21910081
MSTT;D;20190423;000000;98.6;98.8;97.9;98.35;55180;5427270
MSTT;D;20190424;000000;98.35;98.55;98;98.45;9580;941407.5
MSTT;D;20190425;000000;99.2;99.2;96.05;97.25;43500;4229377
MSTT;D;20190426;000000;97.95;99.3;97.6;98.7;44170;4352214.5
MSTT;D;20190429;000000;98.9;99.55;93;93.6;162680;15444472.5
MSTT;D;20190430;000000;93.55;93.55;89.55;92.3;173820;15928739.5
MSTT;D;20190502;000000;92.75;92.85;91.15;92;16790;1539194.5
MSTT;D;20190503;000000;92.45;94.5;92.1;93.4;40440;3778671
MSTT;D;20190506;000000;92.8;92.8;91.5;91.9;43990;4048117.5
MSTT;D;20190507;000000;91.6;92.3;90.25;90.75;31440;2861669.5
MSTT;D;20190508;000000;90.8;90.8;88.1;89.6;56840;5086489.5
MSTT;D;20190510;000000;89.1;90.35;87.05;88.65;20260;1793352
MSTT;D;20190513;000000;88.45;89.5;87;88.05;45070;3977554.5
MSTT;D;20190514;000000;88.3;89.05;87.2;88.2;25820;2272638
MSTT;D;20190515;000000;88.1;88.9;87.1;87.5;27640;2417667
MSTT;D;20190516;000000;87.7;88.25;87;87.7;30960;2705271
MSTT;D;20190517;000000;87.65;87.8;86.95;87.1;41980;3656610
MSTT;D;20190520;000000;87.05;89;86.4;88.7;30160;2644234
MSTT;D;20190521;000000;88;89.15;87;87.6;42290;3697651
MSTT;D;20190522;000000;87.6;89;87.2;88.65;37510;3305647.5
MSTT;D;20190523;000000;88.35;91.5;88.35;89.9;30470;2744639
MSTT;D;20190524;000000;89.4;89.8;87.75;89.7;37220;3300993
MSTT;D;20190527;000000;88.7;90.4;88.6;90.15;22050;1975679
MSTT;D;20190528;000000;89.95;91.4;89.95;90.4;27890;2527798
MSTT;D;20190529;000000;90.4;90.4;89.2;89.55;12620;1132021
MSTT;D;20190530;000000;90.4;90.6;89.35;90.5;28780;2596309.5
MSTT;D;20190531;000000;90.45;90.85;89.45;89.95;46440;4166254
MSTT;D;20190603;000000;90.7;90.7;88.35;89.75;23280;2073125.5
MSTT;D;20190604;000000;89.7;92.35;89.2;91.95;30990;2825052
MSTT;D;20190605;000000;91.9;94.95;91.9;94.1;114860;10777709
MSTT;D;20190606;000000;94.3;94.95;92.15;94.6;54460;5109769.5
MSTT;D;20190607;000000;94.6;94.6;90.15;91.15;74710;6850982
MSTT;D;20190610;000000;91.75;92.35;91;92.05;18760;1716501
MSTT;D;20190611;000000;91.7;92.6;91.3;91.6;30460;2789321.5
MSTT;D;20190613;000000;91.5;91.55;89.15;90.2;54590;4940213.5
MSTT;D;20190614;000000;90.55;90.65;89.45;90;14000;1260233
MSTT;D;20190617;000000;90.4;91.4;90;90.5;34780;3153519
MSTT;D;20190618;000000;90.25;90.5;89.25;89.6;29890;2684924
MSTT;D;20190619;000000;89.15;90.15;88.45;88.9;42150;3748726.5
MSTT;D;20190620;000000;89;89.4;88.45;88.95;49860;4432858
MSTT;D;20190621;000000;88.6;92.35;88.6;90.7;57070;5180489.5
MSTT;D;20190624;000000;90.45;90.95;89;90.05;72420;6495681.5
MSTT;D;20190625;000000;90.35;91.2;89.65;90.7;45050;4078617
MSTT;D;20190626;000000;90.85;91.25;90.05;90.4;17990;1629829.5
MSTT;D;20190627;000000;90.35;91.3;90.35;91.1;18800;1707162.5
MSTT;D;20190628;000000;90.3;91.25;90.3;90.7;16150;1469110
MSTT;D;20190701;000000;90.9;91.15;89.5;89.8;25030;2261414
MSTT;D;20190702;000000;90.1;90.1;88.45;88.8;40190;3569185.5
MSTT;D;20190703;000000;88.65;89.9;88.6;88.95;58300;5181561.5
MSTT;D;20190704;000000;89.1;89.2;88.65;89.1;17980;1601151
MSTT;D;20190705;000000;88.95;90.45;88.9;90;28600;2575025
MSTT;D;20190708;000000;90.15;90.2;89.45;89.9;12300;1105877
MSTT;D;20190709;000000;90.1;90.1;89.45;89.5;17260;1548310.5
MSTT;D;20190710;000000;89.95;89.95;89.05;89.7;13840;1238397.5
MSTT;D;20190711;000000;89.75;90;88.7;88.85;24550;2189250
MSTT;D;20190712;000000;89.45;89.45;87.9;88.75;20450;1806973.5
MSTT;D;20190715;000000;88.8;89.25;87.8;88.55;16210;1434721
MSTT;D;20190716;000000;88.8;89.4;88.55;88.9;19150;1704698
MSTT;D;20190717;000000;89.05;89.6;88.7;89.6;31450;2805712.5
MSTT;D;20190718;000000;89.6;90.15;89.2;90.1;14480;1302275.5
MSTT;D;20190719;000000;90.15;90.35;89.75;90.15;12640;1139898.5
MSTT;D;20190722;000000;90.2;90.4;89.55;89.9;17340;1558468
MSTT;D;20190723;000000;89.75;90.4;89.3;90.05;22560;2030982.5
MSTT;D;20190724;000000;90.05;90.2;89.75;90.05;14820;1333430
MSTT;D;20190725;000000;90.1;90.1;89.8;89.85;5950;535103
MSTT;D;20190726;000000;90;90.1;89.5;89.75;8480;760812.5
MSTT;D;20190729;000000;90;90.75;89.25;90.55;33120;2981071
MSTT;D;20190730;000000;90.7;91;90.2;90.45;17360;1572664.5
MSTT;D;20190731;000000;90.65;90.65;89.6;89.6;13800;1241541.5
MSTT;D;20190801;000000;89.95;90.2;89.6;90;9040;813363.5
MSTT;D;20190802;000000;89.55;90.25;86.2;88.3;44420;3922538.5
MSTT;D;20190805;000000;88.05;88.35;87.35;87.6;16730;1469249
MSTT;D;20190806;000000;87.6;88.5;87.6;88.3;6380;563029
MSTT;D;20190807;000000;88.65;88.65;88;88;12420;1094497
MSTT;D;20190808;000000;88.15;89.3;88.05;89.3;8240;733581.5
MSTT;D;20190809;000000;88.8;89.25;88.25;88.5;14620;1297142
MSTT;D;20190812;000000;88.5;89.05;87.85;88.3;32430;2869644.5
MSTT;D;20190813;000000;87.95;88;87.1;87.6;45340;3970755.5
MSTT;D;20190814;000000;87.7;88.15;87.4;87.85;11080;972208
MSTT;D;20190815;000000;88.15;88.15;85.8;86.6;42480;3679741
MSTT;D;20190816;000000;86.6;86.8;85.55;86;26680;2293559
MSTT;D;20190819;000000;86.2;86.9;84.1;84.6;63580;5411817
MSTT;D;20190820;000000;85;85.25;84.05;84.8;10380;879051.5
MSTT;D;20190821;000000;85.15;85.55;84.65;85.3;18620;1584892
MSTT;D;20190822;000000;85.9;86;84.85;85.3;18090;1544877
MSTT;D;20190823;000000;85.05;85.95;85;85.6;19850;1693835
MSTT;D;20190826;000000;85.75;87.4;84.95;85.95;32970;2835069.5
MSTT;D;20190827;000000;85.7;85.85;84.95;85.2;16540;1410118
MSTT;D;20190828;000000;85.6;85.6;84.6;85.25;22290;1895386
MSTT;D;20190829;000000;85.1;90.05;84.95;88.75;122440;10795472
MSTT;D;20190830;000000;89;89.65;85.7;86.85;91550;7966895.5
MSTT;D;20190902;000000;87.35;87.35;85.2;86.4;44480;3824126.5
MSTT;D;20190903;000000;86.05;86.6;85.2;86.55;28510;2452866.5
MSTT;D;20190904;000000;86.5;87.2;86.45;87.1;13890;1205505
MSTT;D;20190905;000000;87.25;87.35;86.2;86.65;13670;1184934.5
MSTT;D;20190906;000000;86.35;86.8;86.1;86.7;12310;1062318.5
MSTT;D;20190909;000000;86.7;87.25;86.35;87.25;15260;1324763.5
MSTT;D;20190910;000000;87.2;88.1;87.1;88;36630;3211949.5
MSTT;D;20190911;000000;88.1;89;88;88.6;18350;1624556.5
MSTT;D;20190912;000000;88.65;88.7;88;88.05;27350;2414593.5
MSTT;D;20190913;000000;88.1;88.7;88.05;88.7;12520;1106728
MSTT;D;20190916;000000;88.75;89.1;88.35;88.9;28080;2494868
MSTT;D;20190917;000000;88.95;89.25;88.75;89.1;10550;938829
MSTT;D;20190918;000000;88.5;90;86.95;88.1;66700;5899588.5
MSTT;D;20190919;000000;87.8;88.9;87.75;88.55;14130;1251555
MSTT;D;20190920;000000;87.95;88.75;87.9;88.3;5070;447321
MSTT;D;20190923;000000;87.8;88.7;87.8;88.4;7470;658792.5
MSTT;D;20190924;000000;88.05;88.8;87.9;88.45;5750;507347
MSTT;D;20190925;000000;88.45;88.45;87.3;87.75;12040;1054781.5
MSTT;D;20190926;000000;87.8;88.45;87.35;87.75;7700;675479
MSTT;D;20190927;000000;87.5;88;87.25;87.95;12820;1123384.5
MSTT;D;20190930;000000;88;88.2;87.05;87.75;21300;1862768.5
MSTT;D;20191001;000000;88.15;88.6;87.8;88.45;11890;1050697
MSTT;D;20191002;000000;88.45;88.45;87;87.25;30600;2675125
MSTT;D;20191003;000000;87.1;87.4;86.55;86.85;8560;743142.5
MSTT;D;20191004;000000;87.45;87.6;86.4;86.55;10400;901704
MSTT;D;20191007;000000;87.05;87.05;86.2;86.45;18150;1569790
MSTT;D;20191008;000000;86.65;87.3;86.3;87;15700;1363338.5
MSTT;D;20191009;000000;86.95;87.5;86.7;87.05;4070;354623
MSTT;D;20191010;000000;87.35;87.35;86.3;87.35;7840;679480.5
MSTT;D;20191011;000000;87.4;87.6;86.1;86.5;21240;1844505.5
MSTT;D;20191014;000000;86.15;86.65;85.5;85.9;27260;2341488
MSTT;D;20191015;000000;85.6;86.05;85.2;85.5;30990;2652836.5
MSTT;D;20191016;000000;85.55;85.9;85.25;85.65;11720;1002603
MSTT;D;20191017;000000;85.9;85.9;85.25;85.65;14860;1271739.5
MSTT;D;20191018;000000;85.5;86.95;85.35;86.3;28930;2487264.5
MSTT;D;20191021;000000;86.3;87.05;86.25;86.35;10550;915339.5
MSTT;D;20191022;000000;86.3;87.25;86.3;87.2;13180;1142764.5
MSTT;D;20191023;000000;87.3;87.6;86.8;87;5890;512510
MSTT;D;20191024;000000;86.75;87.2;86.5;87.15;20050;1741389.5
MSTT;D;20191025;000000;86.7;87.15;86.3;87;20420;1769728
MSTT;D;20191028;000000;86.6;87.8;85.5;86.25;33440;2887972.5
MSTT;D;20191029;000000;86.5;87.65;86.2;87.6;20120;1751160.5
MSTT;D;20191030;000000;87.45;87.8;87;87.8;11480;1003045
MSTT;D;20191031;000000;87.85;88.7;87.15;88.5;24340;2150328.5
MSTT;D;20191101;000000;88.75;96;88.2;95.7;272740;25462003.5
MSTT;D;20191105;000000;100;103;98.85;100.9;340640;34304546
MSTT;D;20191106;000000;101;113.3;99.2;113.3;747630;80827846
MSTT;D;20191107;000000;113.65;117.45;112.45;114.6;352470;40556347.5
MSTT;D;20191108;000000;115.65;119;115.1;118.4;228060;26822031.5
MSTT;D;20191111;000000;118.3;128.6;118.3;125.35;503920;63214283
MSTT;D;20191112;000000;127.8;128.75;118.15;122.8;341190;42379484.5
MSTT;D;20191113;000000;123;123.75;119.75;120.7;134820;16322432
MSTT;D;20191114;000000;121.3;121.3;118;118.6;154850;18393555.5
MSTT;D;20191115;000000;118.3;120.3;117.8;118.3;72270;8556425.5
MSTT;D;20191118;000000;118.25;125;118.25;122.55;198070;24237802
MSTT;D;20191119;000000;123;126.6;121.6;123;146630;18202121
MSTT;D;20191120;000000;123.75;124.45;122.8;123.3;48500;5983611
MSTT;D;20191121;000000;124.15;124.15;122.55;123.45;65310;8054041
MSTT;D;20191122;000000;122.95;123.5;121.55;122.6;54090;6617832
MSTT;D;20191125;000000;121.55;123.4;121.55;122.6;54500;6684524
MSTT;D;20191126;000000;122.9;123;122;122.6;61120;7475852
MSTT;D;20191127;000000;122.6;122.95;121.5;121.9;67840;8274338.5
MSTT;D;20191128;000000;122.25;122.25;120.15;120.6;66030;7989590
MSTT;D;20191129;000000;121.4;124.05;120.1;122.45;64330;7880048
MSTT;D;20191202;000000;123;125.35;122.45;125.35;157630;19592499.5
MSTT;D;20191203;000000;125.95;126.7;123.3;123.7;94120;11771884
MSTT;D;20191204;000000;124;125.4;124;125.15;49280;6159376.5
MSTT;D;20191205;000000;125.15;126;124.3;125.15;74050;9277477
MSTT;D;20191206;000000;125.8;129.8;125.45;128.8;297600;38255780
MSTT;D;20191209;000000;128.8;134.2;126.1;134.2;368750;48853504
MSTT;D;20191210;000000;135;135.7;131.15;132.6;202150;26950136.5
MSTT;D;20191211;000000;132.6;133;130.5;131;146020;19256024
MSTT;D;20191212;000000;132.7;132.95;130.65;132.15;142600;18847684.5
MSTT;D;20191213;000000;132.1;134;126.15;129.5;477480;62790072.5
MSTT;D;20191216;000000;127;127.9;120.15;122.25;803610;100047978.5
MSTT;D;20191217;000000;121.8;124.5;115.75;123.9;615630;74126617.5
MSTT;D;20191218;000000;124.1;128;122.05;125.8;404880;50921471.5
MSTT;D;20191219;000000;124;127;120.05;120.1;388640;48070212.5
MSTT;D;20191220;000000;118.2;119.95;116;118.4;234180;27696395
MSTT;D;20191223;000000;118;118;111.1;113.85;219930;25033440.5
MSTT;D;20191224;000000;113.95;117.5;112.15;115.35;175040;20156481
MSTT;D;20191225;000000;114.65;115.5;112.8;113.5;85580;9743604.5
MSTT;D;20191226;000000;113.5;115.3;113.05;113.35;125500;14290364.5
MSTT;D;20191227;000000;113.8;114.2;113.3;114;42330;4815541
MSTT;D;20191230;000000;114;114.05;113.15;113.5;57290;6507494.5
MSTT;D;20200103;000000;114.15;114.15;112.2;113.2;65800;7437624.5
MSTT;D;20200106;000000;113;113.8;110.85;111.7;105620;11814338
MSTT;D;20200108;000000;111.75;117;110.6;115;200480;22787315
MSTT;D;20200109;000000;114.65;116.3;114;114.4;48030;5499785.5
MSTT;D;20200110;000000;114;118;112.75;114.6;61440;7084639.5
MSTT;D;20200113;000000;114.2;115.35;113.5;114.7;44940;5137262.5
MSTT;D;20200114;000000;114.9;120;114.3;118.1;142890;16701754.5
MSTT;D;20200115;000000;118.6;119;114.4;115.5;160910;18759574.5
MSTT;D;20200116;000000;115.95;115.95;111.65;113.85;320710;36352436
MSTT;D;20200117;000000;117.1;122.35;117;120.15;489760;58768757
MSTT;D;20200120;000000;122;122.5;119.3;120.5;100380;12121109
MSTT;D;20200121;000000;120.5;120.5;118;118.3;110120;13050979.5
MSTT;D;20200122;000000;119.6;119.9;117.7;118;66090;7847589
MSTT;D;20200123;000000;117.6;117.6;115;116.5;52720;6126467.5
MSTT;D;20200124;000000;115.45;118.1;115.45;117.25;32470;3795521.5
MSTT;D;20200127;000000;115.5;116.4;114;114.45;82860;9546695.5
MSTT;D;20200128;000000;114.45;115.25;113.1;114.4;45270;5157994.5
MSTT;D;20200129;000000;113.8;116.1;113.75;115.75;58600;6756205
MSTT;D;20200130;000000;115.5;116.05;114.2;115.6;51440;5899924
MSTT;D;20200131;000000;115;115.55;114.1;114.35;67820;7777438
MSTT;D;20200203;000000;114.3;115.1;112.85;114.15;43620;4972628
MSTT;D;20200204;000000;114.2;115.3;114.05;114.4;39810;4560896.5
MSTT;D;20200205;000000;114.4;115.65;114.15;115.3;43060;4951330.5
MSTT;D;20200206;000000;115.65;116.45;114.7;115.1;59770;6900573
MSTT;D;20200207;000000;114.8;115.6;114.65;115;33210;3817116
MSTT;D;20200210;000000;115.1;115.55;114.5;114.9;41310;4740711
MSTT;D;20200211;000000;114.95;115.55;114.65;114.9;16290;1874353
MSTT;D;20200212;000000;115.3;116.1;114.8;115.7;67390;7769840.5
MSTT;D;20200213;000000;116.2;116.2;115;115.85;37000;4270697
MSTT;D;20200214;000000;116.05;116.1;115.4;115.4;29650;3430036.5
MSTT;D;20200217;000000;115.75;116.75;115.35;116.1;45560;5282999
MSTT;D;20200218;000000;116.5;116.8;115.7;116.3;64680;7530295.5
MSTT;D;20200219;000000;116.7;116.75;115.85;116.25;23820;2765575.5
MSTT;D;20200220;000000;116;116.9;116;116.5;21230;2474006
MSTT;D;20200221;000000;116.4;116.6;115.9;116.6;18810;2185330
MSTT;D;20200225;000000;115.4;116.35;113.75;114.2;97750;11209806.5
MSTT;D;20200226;000000;113.5;113.9;111.35;113.85;79420;8959924.5
MSTT;D;20200227;000000;113.6;113.85;111.3;111.7;182780;20541758
MSTT;D;20200228;000000;108.2;109.05;102.25;104.85;161500;17124460
MSTT;D;20200302;000000;109;109;103.3;104.95;126830;13489992.5
MSTT;D;20200303;000000;106;108.4;104.9;108.25;68080;7232204
MSTT;D;20200304;000000;106.3;108.95;106.3;108.9;65050;7027174.5
MSTT;D;20200305;000000;109;111.8;106.5;106.85;77670;8414457.5
MSTT;D;20200306;000000;105.95;105.95;101.3;103;137260;14121457.5
MSTT;D;20200310;000000;92.7;108.8;92.7;103.95;159860;16115120
MSTT;D;20200311;000000;103.95;115.55;101.95;115.25;372650;40847404
MSTT;D;20200312;000000;116.75;119.1;111.35;116.45;429420;49493230
MSTT;D;20200313;000000;115.7;124.5;112;119.1;542300;64603541
MSTT;D;20200316;000000;131;201.5;131;181;2014000;369525055.5
MSTT;D;20200317;000000;182.95;182.95;170.05;174.95;420140;73648608.5
MSTT;D;20200318;000000;174;175.85;162.5;163.45;339380;57711831.5
MSTT;D;20200319;000000;161.45;175.9;155;171.6;333830;55931173
MSTT;D;20200320;000000;174.9;176;162.1;165;466770;78079956
MSTT;D;20200323;000000;148.5;154.3;138;140;274580;39890254.5
MSTT;D;20200324;000000;138.5;145;138.5;142;61290;8737521.5
MSTT;D;20200325;000000;142.7;144.65;136.5;140.3;49260;6905789.5
MSTT;D;20200326;000000;136.4;139.15;135.3;137.5;31370;4294843
MSTT;D;20200327;000000;139.3;141.9;136.6;138.6;18480;2566768.5
MSTT;D;20200330;000000;138.95;138.95;135.2;137.5;13870;1906109.5
MSTT;D;20200331;000000;138.45;139.85;137.55;139.8;21000;2919258.5
MSTT;D;20200401;000000;139.4;143.9;138.05;142.65;41890;5932135.5
MSTT;D;20200402;000000;143.5;144.95;140.75;143.6;31330;4486972
MSTT;D;20200403;000000;144.8;155;143.5;150.9;96310;14497604
MSTT;D;20200406;000000;157.9;161.8;154.7;159.95;100220;16011833
MSTT;D;20200407;000000;162;162;156.8;159.15;40480;6463238
MSTT;D;20200408;000000;160.7;160.7;158.05;160.35;19090;3055662
MSTT;D;20200409;000000;161.4;162.35;153.45;157.9;75170;11890030
MSTT;D;20200410;000000;157.9;160.9;156.55;159;22230;3530083
MSTT;D;20200413;000000;157.35;161.9;157.35;159.4;15670;2490229.5
MSTT;D;20200414;000000;159.9;159.95;158.15;158.4;19470;3090871.5
MSTT;D;20200415;000000;158.5;158.5;155.6;155.6;14310;2245799
MSTT;D;20200416;000000;156;156.8;153.2;153.95;22080;3403316.5
MSTT;D;20200417;000000;154.35;160.6;151.4;159.45;56790;8947525
MSTT;D;20200420;000000;161;161;156.7;156.8;14990;2365562
MSTT;D;20200421;000000;155.4;155.4;151.7;154.65;27750;4249934
MSTT;D;20200422;000000;154.7;154.95;148.5;153.3;31730;4822524.5
MSTT;D;20200423;000000;153.35;154.85;151.7;153.95;9640;1475599.5
MSTT;D;20200424;000000;152.7;154.5;151.9;152.4;12310;1888542
MSTT;D;20200427;000000;152.4;154.8;151.5;154.35;13850;2127605
MSTT;D;20200428;000000;154.45;154.45;152.05;153.45;5150;788613
MSTT;D;20200429;000000;154.5;154.85;152.9;153.7;26950;4153190
MSTT;D;20200430;000000;154.8;154.8;153.2;154.3;45940;7061094
MSTT;D;20200504;000000;153.4;154.25;153.4;153.9;3180;489247.5
MSTT;D;20200505;000000;154.75;154.75;153.7;154.1;6030;928474
MSTT;D;20200506;000000;154.35;156.7;153.55;155.85;15530;2409367.5
MSTT;D;20200507;000000;156.4;156.4;155.1;155.8;3410;531362.5
MSTT;D;20200508;000000;157;157;154.65;156.05;5720;891210
MSTT;D;20200512;000000;156.85;160.5;156.15;158.55;36550;5781097
MSTT;D;20200513;000000;160.1;160.5;159.35;160.35;15230;2438317
MSTT;D;20200514;000000;160.65;161.95;157.55;158.65;32220;5108789
MSTT;D;20200515;000000;158.3;158.9;156.8;158;26510;4188112.5
MSTT;D;20200518;000000;158.45;161.75;157.7;161.15;32140;5156181.5
MSTT;D;20200519;000000;161.3;163.45;158.75;160.35;22590;3625702.5
MSTT;D;20200520;000000;160.55;197;158.1;171.95;1038360;192458610.5
MSTT;D;20200521;000000;170;171.9;157.05;161.4;178330;29284071.5
MSTT;D;20200522;000000;161.3;167.6;160.75;165;83820;13776501
MSTT;D;20200525;000000;163.45;167.55;163.45;164.5;53980;8928456
MSTT;D;20200526;000000;165.3;166;161.5;162.15;69270;11320140
MSTT;D;20200527;000000;162.9;162.9;160.95;161.6;13880;2242203.5
MSTT;D;20200528;000000;162.8;162.8;160.75;161.55;15090;2432685.5
MSTT;D;20200529;000000;161.55;162.4;161.05;162.2;17810;2879645.5
MSTT;D;20200601;000000;162;163.8;161.8;163.35;9360;1523913
MSTT;D;20200602;000000;163.4;163.4;161.95;163.15;9190;1494420
MSTT;D;20200603;000000;163.15;163.9;162.7;163.2;11610;1897667.5
MSTT;D;20200604;000000;163.7;163.7;161.7;162.9;18880;3071202.5
MSTT;D;20200605;000000;163.1;163.5;158.6;160.35;45720;7353856.5
MSTT;D;20200608;000000;161.8;161.8;159.35;159.5;25010;4006830.5
MSTT;D;20200609;000000;160.6;160.6;158.1;158.35;35320;5601761.5
MSTT;D;20200610;000000;159.45;159.8;157.75;159.4;26390;4180203.5
MSTT;D;20200611;000000;160.9;161.75;158.45;160.65;37310;5978006
MSTT;D;20200615;000000;161.55;161.55;158.1;159.45;13720;2182000
MSTT;D;20200616;000000;160.25;160.25;158.3;159.45;21670;3445440.5
MSTT;D;20200617;000000;159.55;159.95;158.75;159.45;20190;3214938
MSTT;D;20200618;000000;158.75;159.2;158.15;158.5;15230;2413682.5
MSTT;D;20200619;000000;158.4;158.85;157;157.2;36660;5800009
MSTT;D;20200622;000000;156.95;157.65;154.4;157;18150;2824310.5
MSTT;D;20200623;000000;155.15;162.6;155.15;162.6;40130;6476737
MSTT;D;20200625;000000;158.65;162.2;158.65;159.6;12730;2032212
MSTT;D;20200626;000000;162.6;162.6;157.1;158.1;4150;656751
MSTT;D;20200629;000000;161.8;161.8;152.25;155.85;13890;2151619
MSTT;D;20200630;000000;155.55;157.65;148;148;25480;3850515
MSTT;D;20200702;000000;147;154.55;146.85;151.8;24230;3654335.5
MSTT;D;20200703;000000;154;154;149.95;152.35;4400;667524
MSTT;D;20200706;000000;153;153;150;150;10480;1585594.5
MSTT;D;20200707;000000;149.7;154.4;126;150.05;18650;2782601
MSTT;D;20200708;000000;146.5;176.4;146.4;159.95;289440;48204492
MSTT;D;20200709;000000;159.6;161.95;159.05;160.25;17000;2728931.5
MSTT;D;20200710;000000;160;160;151.2;155.7;27820;4343411
MSTT;D;20200713;000000;157.4;157.4;153.2;153.3;9700;1497444.5
MSTT;D;20200714;000000;152.05;155.15;151.3;151.3;9180;1394719.5
MSTT;D;20200715;000000;150.85;155.2;150.8;152.95;12610;1920695.5
MSTT;D;20200716;000000;151.1;164.05;151.1;157.05;18040;2820750.5
MSTT;D;20200717;000000;155.45;159.65;153.7;156;17430;2718778.5
MSTT;D;20200720;000000;156.05;158.85;154.3;155;12960;2025279.5
MSTT;D;20200721;000000;156.9;158.4;155;156.4;5720;892792.5
MSTT;D;20200722;000000;155.05;157;155.05;155.6;5870;917771.5
MSTT;D;20200723;000000;156;157.2;155.65;156.3;13750;2155945
MSTT;D;20200724;000000;156.35;157;155;155.5;10340;1615169.5
MSTT;D;20200727;000000;155.2;155.85;153.65;154;10150;1571201
MSTT;D;20200728;000000;155;155.8;153.05;155.7;8160;1262983.5
MSTT;D;20200729;000000;156;158.5;155.05;157.15;13310;2085848
MSTT;D;20200730;000000;158.85;159;155.3;155.6;7730;1207216.5
MSTT;D;20200731;000000;156.5;158.3;156;156.7;19570;3081884.5
MSTT;D;20200803;000000;155.6;158.5;155;156;27520;4295981.5
MSTT;D;20200804;000000;155.15;162;155.15;158.4;24920;3943570.5
MSTT;D;20200805;000000;158.4;161.8;157.5;160.6;22570;3612575.5
MSTT;D;20200806;000000;161.3;162;157.75;159.3;18090;2892312.5
MSTT;D;20200807;000000;160.2;160.25;156.1;158.4;10240;1613044
MSTT;D;20200810;000000;156.85;160.3;156.85;158.6;7480;1190410.5
MSTT;D;20200811;000000;159.55;159.55;157.75;159;9680;1532501.5
MSTT;D;20200812;000000;159;159.95;158;158.9;9000;1432995.5
MSTT;D;20200813;000000;159.8;160;158;160;7060;1126132.5
MSTT;D;20200814;000000;159.95;160;158.5;158.8;6130;976057
MSTT;D;20200817;000000;159.9;161;158.65;159.35;13880;2216401
MSTT;D;20200818;000000;160.3;161;159.5;160.9;32640;5237123
MSTT;D;20200819;000000;160.9;161.15;159.35;159.9;24530;3935772.5
MSTT;D;20200820;000000;159.7;160.7;159;160;6550;1046744.5
MSTT;D;20200821;000000;160.45;160.5;159;159.85;4980;793607.5
MSTT;D;20200824;000000;159;160.55;158.8;159.5;8700;1390679.5
MSTT;D;20200825;000000;161;161;158.5;159;4250;676084
MSTT;D;20200826;000000;158.8;160.2;158.5;159;3570;568752
MSTT;D;20200827;000000;160;160;158.05;158.5;5100;810434
MSTT;D;20200828;000000;158.5;159.2;155.95;157;25670;4012264.5
MSTT;D;20200831;000000;156.05;157.5;155.5;156.4;6270;981875.5
MSTT;D;20200901;000000;155.45;156.05;154;155.7;6000;930799.5
MSTT;D;20200902;000000;155.95;155.95;154.65;154.65;6400;996538
MSTT;D;20200903;000000;154.6;155.6;153.7;153.7;11690;1802375
MSTT;D;20200904;000000;153.15;154;151.75;153.3;19570;2996210.5
MSTT;D;20200907;000000;153.85;153.95;152;152.85;2510;384327.5
MSTT;D;20200908;000000;153.9;153.9;150;150.25;12700;1915935
MSTT;D;20200909;000000;150;150.4;149.1;149.95;3840;575575
MSTT;D;20200910;000000;149.9;149.9;146.35;147.85;13420;1979330.5
MSTT;D;20200911;000000;147.25;149.5;147.2;148.8;4580;680769.5
MSTT;D;20200914;000000;147.1;150.5;147;149.25;14500;2161462
MSTT;D;20200915;000000;151;151;148.5;151;16710;2494291
MSTT;D;20200916;000000;151.9;152;149.7;151.55;29710;4493171
MSTT;D;20200917;000000;151.5;151.5;149.65;150.6;41730;6296430
MSTT;D;20200918;000000;150;162.3;150;161;70510;10972179
MSTT;D;20201014;000000;144.9;156;125.6;133;378640;50873867
MSTT;D;20201015;000000;133;134.25;121.85;122.15;89360;11381902.5
MSTT;D;20201016;000000;121.85;123.9;113;114.1;102440;11839623.5
MSTT;D;20201019;000000;114.1;115.85;109.95;110.35;33480;3752089
MSTT;D;20201020;000000;109.85;110.2;101.7;101.7;137500;14239840.5
MSTT;D;20201021;000000;102.95;125;102;108.05;507340;58872176.5
MSTT;D;20201022;000000;109;118.3;108.9;110.65;163010;18418657.5
MSTT;D;20201023;000000;110.7;119.55;110.7;112.9;174120;20145854.5
MSTT;D;20201026;000000;112.55;119.6;111.45;112.75;96910;11165385
MSTT;D;20201027;000000;113;113.7;109.2;111.15;35960;4021169.5
MSTT;D;20201028;000000;111.9;111.9;105;108.5;31750;3444905.5
MSTT;D;20201029;000000;108.6;110;107;107.4;11700;1263424
MSTT;D;20201030;000000;108.05;110.2;105.65;109;22960;2479516.5
MSTT;D;20201102;000000;110.85;111.45;108.05;110.25;15030;1657156.5
MSTT;D;20201103;000000;109.75;113;109.2;110.45;17740;1970252.5
MSTT;D;20201105;000000;110.95;111.85;110.05;110.75;12860;1423078.5
MSTT;D;20201106;000000;110.2;112.4;109.65;111.35;20030;2220817.5
MSTT;D;20201109;000000;111.05;112.85;110.75;111.55;39350;4414888
MSTT;D;20201110;000000;112.2;112.65;111.2;111.5;18220;2044024.5
MSTT;D;20201111;000000;112.8;112.8;111;111.5;24070;2690490.5
MSTT;D;20201112;000000;111;111.7;110.05;111.6;15260;1690760
MSTT;D;20201113;000000;111.75;112.45;109.7;112;34560;3860942
MSTT;D;20201116;000000;110.95;112.75;110.95;112.15;43970;4911860.5
MSTT;D;20201117;000000;112.2;114.1;110.95;112.65;44470;5016182
MSTT;D;20201118;000000;112.75;112.95;110.05;111.7;47100;5242140.5
MSTT;D;20201119;000000;110.6;113;110.15;110.95;24600;2736601
MSTT;D;20201120;000000;110.95;112.15;109.1;110.25;31220;3447624
MSTT;D;20201123;000000;110.25;111;109;110.35;21390;2359542.5
MSTT;D;20201124;000000;110.15;111.85;110.1;110.5;14380;1592358
MSTT;D;20201125;000000;110.55;111.7;110.3;110.8;9800;1088071
MSTT;D;20201126;000000;110.2;111.8;110.1;110.9;10750;1191515
MSTT;D;20201127;000000;110.35;111.4;110.15;110.75;15200;1683489
MSTT;D;20201130;000000;110.1;111.95;110.05;110.85;9490;1052180.5
MSTT;D;20201201;000000;110.85;111;110.15;110.9;21440;2372053.5
MSTT;D;20201202;000000;111.25;111.35;110.2;110.85;15660;1739649.5
MSTT;D;20201203;000000;111;111.3;110.4;110.85;16170;1791137.5
MSTT;D;20201204;000000;110.85;111;110.3;110.6;8350;923529
MSTT;D;20201207;000000;110.6;111.35;110.05;110.6;19600;2173655.5
MSTT;D;20201208;000000;110.3;111.35;110;110.3;8970;990185.5
MSTT;D;20201209;000000;110.45;110.85;108.95;110.4;37450;4123923
MSTT;D;20201210;000000;109.35;110.85;108.75;108.75;18860;2067355.5
MSTT;D;20201211;000000;108.95;110.3;107;107.85;45270;4891816
MSTT;D;20201214;000000;107.4;109.4;106.2;107.05;24300;2610411
MSTT;D;20201215;000000;106.55;108.05;106.5;106.9;10220;1099179
MSTT;D;20201216;000000;107.2;107.85;104.9;107;34130;3624384.5
MSTT;D;20201217;000000;107.1;107.6;105.4;106.05;19130;2038291
MSTT;D;20201218;000000;106.7;107.4;103.3;103.35;32100;3354642.5
MSTT;D;20201221;000000;103.5;103.95;102;102.25;33570;3439721
MSTT;D;20201222;000000;102.05;104.45;101.05;104.3;31470;3242922.5
MSTT;D;20201223;000000;104.2;105.3;104.05;104.6;22030;2307775.5
MSTT;D;20201224;000000;104.2;111;104.15;109.05;54260;5914581.5
MSTT;D;20201225;000000;109.05;110.65;106.05;107.55;31650;3410283.5
MSTT;D;20201228;000000;108.1;108.2;104.8;104.8;30360;3201375
MSTT;D;20201229;000000;104;105.7;104;105.6;8990;947821.5
MSTT;D;20201230;000000;105.6;105.95;104.5;105.45;12740;1339026.5
MSTT;D;20210104;000000;104.75;108.05;104.1;106.7;13150;1408172
MSTT;D;20210105;000000;107.8;108.5;106.9;108.1;12940;1397109.5
MSTT;D;20210106;000000;107.3;109;107.25;108.5;9890;1070440.5
MSTT;D;20210108;000000;108.75;109.1;107.5;108.5;8380;907667.5
MSTT;D;20210111;000000;108.75;110.6;107.6;109.2;41750;4579458.5
MSTT;D;20210112;000000;108.9;115;108.85;114.3;81000;9061912.5
MSTT;D;20210113;000000;112.9;116.05;112;112.95;34060;3865932.5
MSTT;D;20210114;000000;113.05;113.45;111.7;112.5;9500;1067640
MSTT;D;20210115;000000;113.25;113.7;111.8;112.2;18120;2037581
MSTT;D;20210118;000000;112;113.75;111.95;112.95;18680;2109231
MSTT;D;20210119;000000;112.8;113.7;112.5;113.05;14310;1616568.5
MSTT;D;20210120;000000;112.8;114.3;110;112.8;42900;4799351
MSTT;D;20210121;000000;112.3;112.8;110.55;110.55;18630;2079945
MSTT;D;20210122;000000;110.6;111.9;108.85;109.1;21830;2393331.5
MSTT;D;20210125;000000;109.05;110.55;109.05;109.05;7050;773269.5
MSTT;D;20210126;000000;110.3;110.3;109;109.5;8260;904677
MSTT;D;20210127;000000;109.15;110.15;108.5;108.95;15430;1683974
MSTT;D;20210128;000000;108.65;109.7;107.4;108.6;14710;1587871.5
MSTT;D;20210129;000000;108.6;109.1;107.35;107.95;7030;757455.5
MSTT;D;20210201;000000;108.5;109.9;107.45;108.5;8980;975214
MSTT;D;20210202;000000;110.2;110.2;107.2;107.6;11810;1272558
MSTT;D;20210203;000000;107.7;108.6;107.6;107.6;7900;852464
MSTT;D;20210204;000000;109.1;109.1;107.45;108.05;7560;818089
MSTT;D;20210205;000000;109.2;109.3;107.8;107.9;9260;1006742.5
MSTT;D;20210208;000000;107.65;109.3;107.65;108.45;14730;1601138
MSTT;D;20210209;000000;108.05;109.15;106.6;108.15;21240;2296685
MSTT;D;20210210;000000;108.6;108.85;108.4;108.6;7960;864195
MSTT;D;20210211;000000;107.35;108.85;107.05;107.7;11290;1215223.5
MSTT;D;20210212;000000;107.25;107.65;106.9;107.55;5350;573045.5
MSTT;D;20210215;000000;107.25;109.95;106.9;109.3;14460;1573050
MSTT;D;20210216;000000;109.5;112.75;108.9;109;15850;1741671
MSTT;D;20210217;000000;110.05;110.05;108;108.55;4730;514047.5
MSTT;D;20210218;000000;108.1;109.9;108;108.55;7170;782679.5
MSTT;D;20210219;000000;108.3;109.9;106.5;107.4;36020;3892837
MSTT;D;20210220;000000;108.85;108.9;107.15;108.45;5330;578514
MSTT;D;20210222;000000;108.45;133;108.45;111.55;675720;82482697.5
MSTT;D;20210224;000000;113.2;117;108.25;109.25;134440;14869317.5
MSTT;D;20210225;000000;110.05;110.65;108.5;109.4;21300;2326690
MSTT;D;20210226;000000;109.5;109.5;108.05;108.1;15380;1667414.5
MSTT;D;20210301;000000;108.7;110;108.05;109.1;13590;1479383
MSTT;D;20210302;000000;108.4;109.75;108;109.5;16830;1826591
MSTT;D;20210303;000000;108.5;110;108.35;108.95;9550;1042726
MSTT;D;20210304;000000;108.35;109.55;107.9;108.35;13730;1485227.5
MSTT;D;20210305;000000;107.95;109.6;107.85;109.1;10890;1185943.5
MSTT;D;20210309;000000;107.7;109.75;107.55;108.35;8820;958960.5
MSTT;D;20210310;000000;109.5;109.7;107.7;108.2;11080;1205739.5
MSTT;D;20210311;000000;107.8;109.35;107.8;108.7;7880;856030
MSTT;D;20210312;000000;108.4;108.95;107.7;108.7;13290;1436691.5
MSTT;D;20210315;000000;109.1;110;107.85;109;25650;2802986.5
MSTT;D;20210316;000000;109;110;109;109.7;13740;1507409
MSTT;D;20210317;000000;109.2;110.2;108.5;108.55;13380;1462711.5
MSTT;D;20210318;000000;109.3;109.4;108.35;108.5;6600;718567
MSTT;D;20210319;000000;108.3;108.9;108.05;108.55;5390;584309.5
MSTT;D;20210322;000000;109.3;109.35;108.1;108.8;5380;584818.5
MSTT;D;20210323;000000;108.95;109.4;108.15;109.05;11420;1243010
MSTT;D;20210324;000000;108.75;109.35;108.7;109;3410;371319
MSTT;D;20210325;000000;108.85;109.5;108.05;108.1;15500;1686431.5
MSTT;D;20210326;000000;108.1;108.1;108;108;15110;1632746
MSTT;D;20210329;000000;108;109.4;108;108.25;8680;940821
MSTT;D;20210330;000000;108.5;109.25;108;108.7;6720;728681.5
MSTT;D;20210331;000000;108.15;108.95;108.15;108.65;4470;485277
MSTT;D;20210401;000000;108.05;109.15;107.95;108.15;13360;1453169
MSTT;D;20210402;000000;109.5;109.55;108.15;109;5930;645029.5
MSTT;D;20210405;000000;108.4;109.35;108.2;108.55;4200;456237
MSTT;D;20210406;000000;108.8;108.8;108;108.2;9250;1001269.5
MSTT;D;20210407;000000;108.2;108.35;107.8;107.95;13090;1413842
MSTT;D;20210408;000000;107.85;108.3;107.85;108.05;3900;421699.5
MSTT;D;20210409;000000;108.05;108.35;105;108.35;21590;2320154
MSTT;D;20210412;000000;108.4;108.55;107.6;107.75;7050;762175.5
MSTT;D;20210413;000000;107.75;108.5;107.7;108.15;11330;1226698.5
MSTT;D;20210414;000000;107.05;109.4;107.05;108.4;5090;551842
MSTT;D;20210415;000000;108.15;108.65;107.9;107.95;4090;442519.5
MSTT;D;20210416;000000;107.7;109.2;107.6;107.9;7410;799583
MSTT;D;20210419;000000;108.55;108.85;107.7;107.7;6010;649460.5
MSTT;D;20210420;000000;107.65;108.45;107.6;107.75;8750;944330.5
MSTT;D;20210421;000000;108.4;108.75;107.5;108.4;14300;1548200
MSTT;D;20210422;000000;107.75;109.2;107.75;108.05;5440;588663
MSTT;D;20210423;000000;107.7;108.55;107.7;107.85;6600;712955
MSTT;D;20210426;000000;108;108.75;107.65;108.1;4780;517492
MSTT;D;20210427;000000;107.5;110;107.5;108.6;25840;2824362.5
MSTT;D;20210428;000000;109.9;110;107.4;108.05;27720;3016532.5
MSTT;D;20210429;000000;108.05;109.7;107.6;108.2;8550;926593.5
MSTT;D;20210430;000000;108.35;108.9;107.95;108.1;8010;868150.5
MSTT;D;20210504;000000;107.55;108.4;107.55;108.35;9810;1062196
MSTT;D;20210505;000000;108.15;109.1;107.9;108.4;6730;729649.5
MSTT;D;20210506;000000;107.55;109.4;107.5;108.5;6580;712682.5
MSTT;D;20210507;000000;108.1;109.25;106.8;107.75;20590;2212605.5
MSTT;D;20210510;000000;106.8;107.4;106.6;107.3;4800;513854
MSTT;D;20210511;000000;108.5;108.8;106.55;107;5400;577948.5
MSTT;D;20210512;000000;107.3;107.65;106.95;106.95;1630;174606.5
MSTT;D;20210513;000000;107.4;107.4;105.65;106.2;11330;1202740.5
MSTT;D;20210514;000000;106.05;106.8;106.05;106.15;3340;354852.5
MSTT;D;20210517;000000;106.05;107;105.6;106.15;5560;590015
MSTT;D;20210518;000000;107;107;106.05;106.15;3370;358901
MSTT;D;20210519;000000;106.25;106.9;105.5;105.65;3810;403588
MSTT;D;20210520;000000;104.3;108.3;104.3;106;5390;570409
MSTT;D;20210521;000000;105.3;106.5;105.2;106.45;3670;388859.5
MSTT;D;20210524;000000;106.7;107.5;105.05;105.7;11570;1224299
MSTT;D;20210525;000000;105.55;106.2;105.55;106.05;3730;394865.5
MSTT;D;20210526;000000;105.2;106.15;105.2;105.7;3300;348439.5
MSTT;D;20210527;000000;105.85;105.9;104.3;104.35;10140;1062912
MSTT;D;20210528;000000;106.2;106.2;104.35;104.7;2440;255507.5
MSTT;D;20210531;000000;104.55;104.6;104;104.2;9940;1036706
MSTT;D;20210601;000000;104.95;104.95;104;104.55;13210;1377826
MSTT;D;20210602;000000;104.35;105;104.3;104.75;4870;509897
MSTT;D;20210603;000000;104.9;104.95;104.2;104.45;4490;469016.5
MSTT;D;20210604;000000;104.5;104.85;104.25;104.45;2110;220400.5
MSTT;D;20210607;000000;104.95;104.95;101.55;103.8;10130;1052921
MSTT;D;20210608;000000;103.55;103.95;101.5;102.05;55760;5694755.5
MSTT;D;20210609;000000;101.95;103.8;101;101;27150;2753938.5
MSTT;D;20210610;000000;103.85;103.85;97.85;98.8;76950;7668388
MSTT;D;20210611;000000;98.9;98.9;95.35;96.75;55760;5397655
MSTT;D;20210614;000000;97.9;98.05;96;97.1;6930;676823.5
MSTT;D;20210615;000000;98;98;95.85;95.95;11380;1096175
MSTT;D;20210616;000000;95.9;108.5;95.7;97.9;148330;15096102.5
MSTT;D;20210617;000000;98.05;98.3;95.4;97.3;10310;1000225.5
MSTT;D;20210618;000000;98.3;98.3;96.2;96.9;6270;606607
MSTT;D;20210621;000000;96.5;97.95;96.4;97.1;8690;840283
MSTT;D;20210622;000000;97.05;97.05;96.45;96.45;5070;489787.5
MSTT;D;20210623;000000;96.55;99.65;96.4;98.45;12270;1202683
MSTT;D;20210624;000000;99.4;101.95;98.55;99.8;15520;1548895.5
MSTT;D;20210625;000000;99.9;106;99.1;101.95;39370;4047029
MSTT;D;20210628;000000;102.45;103.8;102.1;103;9760;1001746.5
MSTT;D;20210629;000000;102.1;103;101;101.75;11900;1209251.5
MSTT;D;20210630;000000;100.9;101.8;100.2;101.05;2070;208910.5
MSTT;D;20210701;000000;101.05;102.1;101.05;101.9;4930;501835.5
MSTT;D;20210702;000000;100.7;103.5;100.7;103.5;8260;844587.5
MSTT;D;20210705;000000;103.6;105;101.95;103;5920;613484.5
MSTT;D;20210706;000000;104.7;105.5;102.05;105.5;8770;907605
MSTT;D;20210707;000000;105.35;105.45;102.05;104.3;8330;858261.5
MSTT;D;20210708;000000;102.55;104;99.5;101.9;4570;464868.5
MSTT;D;20210709;000000;102.3;103.9;101.05;102.45;4570;466417.5
MSTT;D;20210712;000000;101.1;101.45;100.25;100.85;3470;349934
MSTT;D;20210713;000000;101.05;101.75;100.5;100.5;2190;221154
MSTT;D;20210714;000000;100.4;101.75;99.25;101.75;4560;455271
MSTT;D;20210715;000000;100.3;101.75;100.15;100.15;4550;461303.5
MSTT;D;20210716;000000;100.05;100.2;98.25;99.5;4480;447521
MSTT;D;20210719;000000;100;100;96;96.4;16440;1602200
MSTT;D;20210720;000000;96.6;98.05;94;96.15;15400;1465717.5
MSTT;D;20210721;000000;96.15;96.15;93.9;94.65;6170;585681.5
MSTT;D;20210722;000000;94.75;95.9;94.7;94.8;2550;242270
MSTT;D;20210723;000000;95.45;95.5;92.8;95.4;6090;576406
MSTT;D;20210726;000000;95.4;96.55;93.65;95.55;1760;167537.5
MSTT;D;20210727;000000;96.55;96.55;93;94;4150;392793
MSTT;D;20210728;000000;94.25;95.15;94.25;94.9;2710;256854.5
MSTT;D;20210729;000000;94.6;94.6;93.85;94.05;6320;595065
MSTT;D;20210730;000000;94;94.3;93.5;93.6;5870;550996
MSTT;D;20210802;000000;94.35;94.55;93.45;93.6;8480;798546
MSTT;D;20210803;000000;93.7;96;91.7;92.35;18590;1724947
MSTT;D;20210804;000000;92.55;94.4;92.55;92.85;5680;530429.5
MSTT;D;20210805;000000;92.5;94.3;92.35;92.5;6900;641031
MSTT;D;20210806;000000;94.15;94.15;92.5;93.1;4810;447691
MSTT;D;20210809;000000;93.1;93.95;92.3;93.95;9770;908501
MSTT;D;20210810;000000;92.95;94.75;92.95;93.2;8540;799827
MSTT;D;20210811;000000;92.9;93.45;92.9;93.2;4890;455861.5
MSTT;D;20210812;000000;93.2;94.65;93.15;93.3;4670;438562.5
MSTT;D;20210813;000000;95.6;95.6;92.65;93.8;7980;743771
MSTT;D;20210816;000000;93.6;93.95;93.5;93.5;11750;1099170
MSTT;D;20210817;000000;94.6;94.6;93.1;93.7;3070;286983
MSTT;D;20210818;000000;93.5;95.9;93.4;93.5;3410;320146.5
MSTT;D;20210819;000000;93.55;93.9;93.2;93.45;3590;335346.5
MSTT;D;20210820;000000;92.5;93.95;92.3;93.3;1780;165758
MSTT;D;20210823;000000;93.45;94;93.05;93.4;1620;151453
MSTT;D;20210824;000000;93.4;93.95;93.15;93.4;1650;154288
MSTT;D;20210825;000000;93.3;93.75;93;93;6840;638050.5
MSTT;D;20210826;000000;93.05;93.95;93;93.2;4180;389833
MSTT;D;20210827;000000;93.2;94;92.8;92.8;4020;375459.5
MSTT;D;20210830;000000;94;94;92.65;93.4;11100;1034933.5
MSTT;D;20210831;000000;95.2;101.2;93.25;93.95;136070;13030588
MSTT;D;20210901;000000;93.15;95.25;92.05;93.5;33160;3083377
MSTT;D;20210902;000000;94.5;94.5;93.15;93.2;6290;587871.5
MSTT;D;20210903;000000;93.2;94;92.95;93.2;6970;650751.5
MSTT;D;20210906;000000;93.25;94.1;92.05;92.95;18120;1677654.5
MSTT;D;20210907;000000;93.3;93.4;92.8;93;9510;886214
MSTT;D;20210908;000000;93;93;92.2;92.85;3730;345870
MSTT;D;20210909;000000;92.7;92.7;92.35;92.65;2650;245192.5
MSTT;D;20210910;000000;92.4;92.85;89.65;92.85;22950;2096578
MSTT;D;20210913;000000;93.3;93.4;92.55;92.7;3690;342531.5
MSTT;D;20210914;000000;92.65;93.25;92.55;93.05;4190;389316.5
MSTT;D;20210915;000000;93.2;94.2;91.9;92.95;9560;887596
MSTT;D;20210916;000000;92.55;93.4;91.95;93.3;6610;612254.5
MSTT;D;20210917;000000;93.3;93.4;91.65;91.8;9840;905992
MSTT;D;20210920;000000;91.75;92.55;90.65;90.8;14460;1319551.5
MSTT;D;20210921;000000;90.9;92.5;90.7;90.9;9280;845737
MSTT;D;20210922;000000;90.9;91;90.15;90.4;15720;1421163
MSTT;D;20210923;000000;90.7;93.5;90.35;91.4;12090;1109297
MSTT;D;20210924;000000;91.05;93.3;89.25;90.45;22090;1997426.5
MSTT;D;20210927;000000;92.75;92.75;89.05;90.7;16350;1473230
MSTT;D;20210928;000000;90.1;90.5;88.35;89.4;28380;2537814
MSTT;D;20210929;000000;89.5;89.95;88.65;89.15;9640;862112.5
MSTT;D;20210930;000000;89.55;89.8;88;89.05;21710;1928981
MSTT;D;20211001;000000;88.25;89.95;88.25;89.85;4790;428336
MSTT;D;20211004;000000;90;90.8;88.8;90.45;8210;739746
MSTT;D;20211005;000000;90.45;90.8;90.15;90.2;10590;958467.5
MSTT;D;20211006;000000;90.2;91.7;89;89.7;15790;1423869
MSTT;D;20211007;000000;89.15;90.5;89;90.1;4570;409746
MSTT;D;20211008;000000;90.3;90.85;89.65;90.1;7200;651235.5
MSTT;D;20211011;000000;91.95;92;90.05;91.7;10040;919351
MSTT;D;20211012;000000;92.15;92.8;91.65;92.4;5220;481983
MSTT;D;20211013;000000;92.7;93.35;92.4;92.5;6500;603159
MSTT;D;20211014;000000;92.65;94.9;92.65;94.7;11090;1042627.5
MSTT;D;20211015;000000;94.75;94.9;94.15;94.75;8010;758116.5
MSTT;D;20211018;000000;94;94.75;93.95;94.5;3550;334591
MSTT;D;20211019;000000;94.1;95.3;94;95.2;10100;957011
MSTT;D;20211020;000000;95.4;97;94.6;96.8;17040;1638945
MSTT;D;20211021;000000;96.7;96.7;94.05;94.7;14290;1357794.5
MSTT;D;20211022;000000;94;95.5;93.35;93.35;10650;999409
MSTT;D;20211025;000000;93.6;94.25;93.3;93.65;5700;535279
MSTT;D;20211026;000000;93.65;94.25;93.6;94.15;2760;259289
MSTT;D;20211027;000000;94.9;94.9;93.25;93.85;3870;362586
MSTT;D;20211028;000000;93.4;94.2;92.3;92.95;4680;436370.5
MSTT;D;20211029;000000;92.75;93.1;92.1;92.45;3230;298612
MSTT;D;20211101;000000;92.2;95.25;92.2;93.2;6300;589083.5
MSTT;D;20211102;000000;92.95;93.7;92.4;92.9;1920;178379.5
MSTT;D;20211103;000000;93.45;93.5;92.1;92.75;2580;238325
MSTT;D;20211105;000000;93.8;93.8;91.8;91.8;6970;642755.5
MSTT;D;20211108;000000;93.1;93.1;92.05;92.6;2380;219796.5
MSTT;D;20211109;000000;93.2;93.2;91.9;91.9;1960;180989.5
MSTT;D;20211110;000000;92.9;93;91.95;91.95;1160;107119.5
MSTT;D;20211111;000000;91.8;92.3;91;91.6;10060;922588.5
MSTT;D;20211112;000000;93.1;93.55;90.7;92.25;6230;569788
MSTT;D;20211115;000000;90.65;93.1;90.65;92.25;5050;464163
MSTT;D;20211116;000000;93.2;93.2;92.05;92.35;6420;595028.5
MSTT;D;20211117;000000;92.85;92.85;91.5;91.85;1120;102986
MSTT;D;20211118;000000;92.8;92.8;91.2;91.25;2470;226045.5
MSTT;D;20211119;000000;91.3;92;90.15;91.5;3100;281715
MSTT;D;20211122;000000;92.7;92.95;88.95;89.2;10590;949155.5
MSTT;D;20211123;000000;91.1;91.5;88;89;9570;851963
MSTT;D;20211124;000000;91.75;91.75;88;88.95;5190;460068
MSTT;D;20211125;000000;91.8;91.8;89;89;3160;283326
MSTT;D;20211126;000000;91.6;91.6;88;88.15;8540;754412.5
MSTT;D;20211129;000000;89.65;89.9;88;88.95;6400;570800
MSTT;D;20211130;000000;89.6;89.6;88.15;89.05;850;75453
MSTT;D;20211201;000000;90;90;88.6;89.55;1220;108970
MSTT;D;20211202;000000;89.8;89.8;89.05;89.3;1690;150747.5
MSTT;D;20211203;000000;89.95;89.95;88.9;88.95;2200;196404.5
MSTT;D;20211206;000000;88.35;91.95;88;89.2;9920;885294.5
MSTT;D;20211207;000000;88.5;90.05;88.5;88.7;1890;167875
MSTT;D;20211208;000000;90.2;90.2;87.85;88.15;5750;508887
MSTT;D;20211209;000000;88;89.65;87.7;89;4060;358819
MSTT;D;20211210;000000;90.2;90.2;88.3;89.45;1620;143892.5
MSTT;D;20211213;000000;88.8;89.85;86.15;86.25;21140;1839926.5
MSTT;D;20211214;000000;86.15;86.3;84;85;23000;1960727
MSTT;D;20211215;000000;85.15;85.95;84.25;85.45;2660;225651
MSTT;D;20211216;000000;86.95;87.35;85.5;86.05;1290;111662.5
MSTT;D;20211217;000000;86.1;86.85;84.5;85.85;4000;342197
MSTT;D;20211220;000000;85.05;85.85;84.25;84.3;6950;589023.5
MSTT;D;20211221;000000;85.8;85.85;85.05;85.05;3870;330339
MSTT;D;20211222;000000;85.6;85.75;85.05;85.55;2850;243207
MSTT;D;20211223;000000;85.45;85.45;85;85.25;4450;379024
MSTT;D;20211224;000000;85.8;85.8;84.6;85.2;3800;323446.5
MSTT;D;20211227;000000;85.2;85.4;84.2;84.2;8500;717286
MSTT;D;20211228;000000;84.3;85.45;84;84.15;6970;588888
MSTT;D;20211229;000000;84.1;84.75;83.25;83.55;10420;870186.5
MSTT;D;20211230;000000;83.3;84.1;83.25;83.45;5620;469216
MSTT;D;20220103;000000;85.4;85.4;83.7;84.85;1860;156932
MSTT;D;20220104;000000;84.45;85.1;84.45;85.05;3480;295450
MSTT;D;20220105;000000;85.1;85.45;83.3;84.7;7340;621350.5
MSTT;D;20220106;000000;83.75;85.5;83.35;85.4;2580;216983.5
MSTT;D;20220110;000000;85.45;85.45;84.6;84.75;1180;100086
MSTT;D;20220111;000000;85.45;87.5;84.6;84.75;5910;506056.5
MSTT;D;20220112;000000;84.55;84.75;83.85;84.3;8400;707742.5
MSTT;D;20220113;000000;86;86;83.65;83.8;13630;1145874
MSTT;D;20220114;000000;84.25;84.6;82.4;84.1;49260;4107141
MSTT;D;20220117;000000;84.4;84.5;82.9;82.9;12570;1049697
MSTT;D;20220118;000000;83;84.5;82.4;82.8;10460;864989.5
MSTT;D;20220119;000000;82.85;82.95;82.4;82.7;5580;460850
MSTT;D;20220120;000000;83.1;85;82.5;83.4;5010;416404
MSTT;D;20220121;000000;83.6;83.6;82.25;82.6;9780;806144.5
MSTT;D;20220124;000000;82.55;82.55;81.15;81.3;30160;2463865.5
MSTT;D;20220125;000000;82.1;83.15;81.25;81.65;2850;233722.5
MSTT;D;20220126;000000;81.6;83.15;81.6;82.85;1820;150236
MSTT;D;20220127;000000;83;83.45;82.15;83.4;5070;421505
MSTT;D;20220128;000000;83.95;84.05;82.05;82.95;3530;291890.5
MSTT;D;20220131;000000;84;84.5;83.05;83.45;2270;190028
MSTT;D;20220201;000000;84.45;84.45;82.6;82.65;1230;102802.5
MSTT;D;20220202;000000;82.65;84.35;82.5;82.55;4000;330545.5
MSTT;D;20220203;000000;82.35;83.7;82.05;82.5;2520;208409.5
MSTT;D;20220204;000000;82.5;83.95;82.05;82.55;3480;288334.5
MSTT;D;20220207;000000;82.1;82.1;81.35;81.75;3740;305662
MSTT;D;20220208;000000;81.6;82.35;81.2;81.7;4800;391904
MSTT;D;20220209;000000;81.55;81.8;81.15;81.35;9590;779496.5
MSTT;D;20220210;000000;82.45;82.55;81.2;82.1;7760;635837.5
MSTT;D;20220211;000000;82.45;82.45;81.65;81.9;770;63020.5
MSTT;D;20220214;000000;81.65;82.1;81.2;81.75;2940;239520
MSTT;D;20220215;000000;81.3;82.15;81.2;82.15;3820;312940.5
MSTT;D;20220216;000000;82;84.4;81.25;82.95;2850;236422.5
MSTT;D;20220217;000000;81.65;84.05;81.35;81.35;5830;481214
MSTT;D;20220218;000000;81.55;81.95;81.25;81.45;4400;359239.5
MSTT;D;20220221;000000;81.95;82.3;80.5;80.55;18400;1487181
MSTT;D;20220222;000000;80.5;80.5;79.55;80;22070;1764277
MSTT;D;20220224;000000;79.4;79.6;71.85;72.15;45390;3383278
MSTT;D;20220225;000000;72.6;79.95;72.05;76;7600;567549
MSTT;D;20220328;000000;77.5;87;75.05;80.9;12160;976366.5
MSTT;D;20220329;000000;81.9;84.9;76;80.4;3890;317515
MSTT;D;20220330;000000;80;85;80;81;19250;1575277
MSTT;D;20220331;000000;81.5;84.75;81.5;83.05;11080;926600.5
MSTT;D;20220401;000000;85;86.8;83.05;84.05;21410;1838415.5
MSTT;D;20220404;000000;85.75;86.35;82.6;82.85;6230;518591
MSTT;D;20220405;000000;84.15;84.2;81;81.15;2100;173044
MSTT;D;20220406;000000;81.05;81.05;80.1;80.55;4190;337814
MSTT;D;20220407;000000;80.7;83.4;80.05;81.55;5790;472962.5
MSTT;D;20220408;000000;81.6;82.9;80.1;81.55;2250;184690.5
MSTT;D;20220411;000000;80;83.3;80;81.15;3860;313066.5
MSTT;D;20220412;000000;80.2;81.85;80.05;81.15;3240;260814
MSTT;D;20220413;000000;82;82.9;80.3;80.3;3120;253270.5
MSTT;D;20220414;000000;80.1;81.8;78.7;79;6040;481839.5
MSTT;D;20220415;000000;79;81.35;77.6;79.2;1660;131722.5
MSTT;D;20220418;000000;79.15;81;78.05;78.15;2000;157740
MSTT;D;20220419;000000;81;81;78.1;78.25;5450;435803
MSTT;D;20220420;000000;77.6;80.25;77.6;78.85;1420;112279
MSTT;D;20220421;000000;79.2;81.9;78.1;79;1670;133016.5
MSTT;D;20220422;000000;79.55;80.75;77.6;80.7;9140;728236
MSTT;D;20220425;000000;78.7;82.95;76.15;77.9;3810;301894.5
MSTT;D;20220426;000000;78.95;82.9;76.15;78.1;11390;895362
MSTT;D;20220427;000000;78.1;78.95;76.5;77.75;4720;367414
MSTT;D;20220428;000000;78;79.1;77.2;77.3;2520;196155
MSTT;D;20220429;000000;78.7;79.05;77.15;77.95;2160;167691
MSTT;D;20220504;000000;77.3;78.9;77.15;77.15;1820;141228
MSTT;D;20220505;000000;77.05;78.35;77.05;77.9;1970;152564
MSTT;D;20220506;000000;77.65;77.9;77.2;77.5;770;59655
MSTT;D;20220511;000000;78.4;78.4;75.1;77.65;3180;246140
MSTT;D;20220512;000000;77.55;77.8;75.7;76;4090;313543.5
MSTT;D;20220513;000000;75.85;76.7;74.05;75.95;3290;248176.5
MSTT;D;20220516;000000;76.45;76.95;75.55;75.95;2330;176674
MSTT;D;20220517;000000;75.95;77.2;74.2;76.3;3780;286056
MSTT;D;20220518;000000;76.95;77.4;76.5;76.95;3500;269530.5
MSTT;D;20220519;000000;76.05;77.7;75.55;76.4;3320;253908
MSTT;D;20220520;000000;77.75;77.75;75.8;76.3;2760;210834
MSTT;D;20220523;000000;76.5;77.7;74.05;74.25;5460;413210.5
MSTT;D;20220524;000000;75.4;75.4;73.05;73.6;3710;274138.5
MSTT;D;20220525;000000;74.4;76.85;73.85;74.6;2630;197426.5
MSTT;D;20220526;000000;74.9;76.1;74.05;75.5;750;56341
MSTT;D;20220527;000000;75.55;76.75;74.3;75.5;2920;221370.5
MSTT;D;20220530;000000;76.8;76.8;73.85;74.4;1680;125973.5
MSTT;D;20220531;000000;74.4;75.6;72.5;74;4120;306932.5
MSTT;D;20220601;000000;75.15;75.65;73.9;74.9;2050;153488
MSTT;D;20220602;000000;74.1;75.6;73.75;75.1;3310;248274
MSTT;D;20220603;000000;73.95;75.55;73.6;73.9;5220;387153
MSTT;D;20220606;000000;73.15;75.05;73.15;73.4;6200;457066.5
MSTT;D;20220607;000000;73.2;75.6;73.2;74.8;1680;125060.5
MSTT;D;20220608;000000;75.05;75.05;73.6;74.65;1120;83348
MSTT;D;20220609;000000;74.95;74.95;74;74.25;1570;116756
MSTT;D;20220610;000000;75.45;75.45;73.25;74.25;1480;109243.5
MSTT;D;20220614;000000;73.05;74.6;73.05;74.6;4430;327592.5
MSTT;D;20220615;000000;75.05;75.8;73.9;75.75;4140;310671.5
MSTT;D;20220616;000000;75.6;76;75.1;75.75;1010;76576.5
MSTT;D;20220617;000000;74.7;76.75;74.7;75.9;3850;293831
MSTT;D;20220620;000000;77.65;90.8;75.85;82.4;197780;17029535
MSTT;D;20220621;000000;82.8;82.8;77.05;79.25;47920;3805539
MSTT;D;20220622;000000;78.25;80.5;77.65;80.1;14930;1188764
MSTT;D;20220623;000000;80.1;81.7;78.75;79.15;15600;1247483
MSTT;D;20220624;000000;79.15;82;79.15;79.9;6230;501550
MSTT;D;20220627;000000;80.95;82.1;79.55;80.2;5150;415807.5
MSTT;D;20220628;000000;80.15;80.9;78;78.6;8890;704757.5
MSTT;D;20220629;000000;78.5;79.4;78;78.05;2940;230093.5
MSTT;D;20220630;000000;78;79.45;75.75;77.1;11500;880649
MSTT;D;20220701;000000;78.85;79.5;77.05;79;5980;470506
MSTT;D;20220704;000000;78.1;87;78.1;83.65;29470;2444669
MSTT;D;20220705;000000;84.7;85;79;81;15420;1254658
MSTT;D;20220706;000000;82;82;81;81.25;3070;249500
MSTT;D;20220707;000000;81.15;81.15;79.5;80.5;5240;419618.5
MSTT;D;20220708;000000;81.2;82;78.5;80.2;1430;114747.5
MSTT;D;20220711;000000;80.75;80.8;79.4;79.9;2580;206076.5
MSTT;D;20220712;000000;79.55;79.7;77.35;78.65;8930;696844.5
MSTT;D;20220713;000000;78.1;78.95;75.8;76.45;4580;353612.5
MSTT;D;20220714;000000;76.1;77.05;75.3;76.1;2920;222231.5
MSTT;D;20220715;000000;76.95;76.95;75;76.15;6940;524767
MSTT;D;20220718;000000;76.9;77.85;76.25;77;2470;190175
MSTT;D;20220719;000000;77.85;79;77.3;78.5;3250;253671
MSTT;D;20220720;000000;78.5;78.95;77.4;77.9;3250;254696.5
MSTT;D;20220721;000000;79;79.5;75.9;76.8;3130;239765.5
MSTT;D;20220722;000000;76.05;78.45;76.05;77.85;4880;376641
MSTT;D;20220725;000000;77.95;78.7;76.5;77.5;2340;181775.5
MSTT;D;20220726;000000;77.55;77.85;76.9;77.75;2150;166496
MSTT;D;20220727;000000;78.8;78.8;77.85;78.35;4220;331347.5
MSTT;D;20220728;000000;78.85;79;77.3;77.4;2490;193592
MSTT;D;20220729;000000;77.65;78.4;75.95;78;3860;300394
MSTT;D;20220801;000000;78.3;78.9;77.5;77.5;1960;153335.5
MSTT;D;20220802;000000;78.9;78.9;76.7;76.8;1310;100997.5
MSTT;D;20220803;000000;76.8;78.05;76.3;77.55;1550;119890.5
MSTT;D;20220804;000000;77.25;77.8;75.85;76.45;4590;349563
MSTT;D;20220805;000000;75.95;76.75;75.95;76.05;1680;128033.5
MSTT;D;20220808;000000;76.45;79.9;76.05;79.05;12070;952365
MSTT;D;20220809;000000;79.1;79.25;78.3;78.65;2600;204918
MSTT;D;20220810;000000;78.95;80.1;78.35;78.35;5120;405614.5
MSTT;D;20220811;000000;78.75;79.55;78.4;78.55;1020;80191.5
MSTT;D;20220812;000000;78.6;79.5;78.6;79.3;1910;151171
MSTT;D;20220815;000000;80.35;80.35;79.05;79.05;1810;143631.5
MSTT;D;20220816;000000;79.75;80;79.3;79.3;3910;311317
MSTT;D;20220817;000000;78.9;80.2;77.8;78.4;6150;485801
MSTT;D;20220818;000000;78.95;79.85;78.45;79.45;2910;230334.5
MSTT;D;20220819;000000;79.15;80.25;78.8;80.1;2480;198445.5
MSTT;D;20220822;000000;80.3;82.95;79.2;81.5;19420;1578570
MSTT;D;20220823;000000;82.75;82.95;80.1;80.5;7020;571590
MSTT;D;20220824;000000;80;82.9;79.3;80.95;11040;902696
MSTT;D;20220825;000000;81.85;81.9;80.3;80.3;2360;190932
MSTT;D;20220826;000000;81.05;82.3;80.5;81.95;3190;259740
MSTT;D;20220829;000000;81.6;81.6;80.3;81.45;7110;577341.5
MSTT;D;20220830;000000;81.85;81.85;80.8;80.95;5400;438725.5
MSTT;D;20220831;000000;80.65;81.5;80.05;81;4430;357186
MSTT;D;20220901;000000;81.75;81.85;81.1;81.3;1970;160482.5
MSTT;D;20220902;000000;81.8;81.8;80.4;81;3530;286420.5
MSTT;D;20220905;000000;81.55;89.55;81.05;85.1;142050;12238803.5
MSTT;D;20220906;000000;86.15;89;85;86.6;83480;7257842.5
MSTT;D;20220907;000000;88.05;90.5;85.85;88.15;35310;3125829
MSTT;D;20220908;000000;88.9;88.9;86;87.1;9630;840050.5
MSTT;D;20220909;000000;87.1;88.8;86.2;86.2;12020;1050849.5
MSTT;D;20220912;000000;88;89;83;86.25;15470;1340622.5
MSTT;D;20220913;000000;86.95;89.3;86.35;87.85;20460;1810117.5
MSTT;D;20220914;000000;85.15;86.9;83.5;86.55;16250;1393381.5
MSTT;D;20220915;000000;86.5;89;86.1;86.25;11090;971344.5
MSTT;D;20220916;000000;87.95;89;86.3;87.65;15350;1357564.5
MSTT;D;20220919;000000;88;89.15;87.05;87.4;3210;281757
MSTT;D;20220920;000000;87.65;88.05;83.1;83.1;18100;1547425.5
MSTT;D;20220921;000000;83.1;83.5;80;81.2;19460;1597274.5
MSTT;D;20220922;000000;81.8;84;81.8;82.4;2700;223738
MSTT;D;20220923;000000;82.1;82.1;78.55;79.2;6700;533172
MSTT;D;20220926;000000;79.1;79.1;68.95;74.75;28000;2035955
MSTT;D;20220927;000000;78.65;78.65;73.45;77;1280;98104.5
MSTT;D;20220928;000000;78;78;76.7;77.7;1360;104789.5
MSTT;D;20220929;000000;76.8;77.95;73.35;77;2540;192700.5
MSTT;D;20220930;000000;77.05;77.9;76.6;77.15;3600;278117
MSTT;D;20221003;000000;77.5;86.35;77.2;83.6;32970;2729860.5
MSTT;D;20221004;000000;83.65;84;80;80.95;5470;445232.5
MSTT;D;20221005;000000;79;80.95;78.25;79.55;2400;191117.5
MSTT;D;20221006;000000;80.95;81;78.05;78.1;2880;229277.5
MSTT;D;20221007;000000;79.3;81;76;76.25;4100;315657
MSTT;D;20221010;000000;76.5;82.95;76.15;78.7;7550;588027
MSTT;D;20221011;000000;77.2;81.95;77.2;80.4;2950;235054.5
MSTT;D;20221012;000000;81.8;84.95;79.05;83.3;6520;539757
MSTT;D;20221013;000000;84.35;85;82.2;82.4;5550;467290
MSTT;D;20221014;000000;83.65;84.3;81.35;83.5;3400;283641.5
MSTT;D;20221017;000000;82.05;84.7;82.05;84;9830;826784.5
MSTT;D;20221018;000000;84.05;84.65;82.15;82.35;4730;392119.5
MSTT;D;20221019;000000;82.4;83.95;81.35;82.2;3250;267432.5
MSTT;D;20221020;000000;82.95;82.95;78;81.5;8520;687295.5
MSTT;D;20221021;000000;81.25;86.15;80.05;82.55;10390;855650.5
MSTT;D;20221024;000000;82.6;84.15;82.05;82.65;6250;518727.5
MSTT;D;20221025;000000;83.2;83.4;83;83.1;1340;111551
MSTT;D;20221026;000000;82.9;84.9;82;82.65;3300;274603
MSTT;D;20221027;000000;83.8;83.8;82.85;83.4;1830;152323.5
MSTT;D;20221028;000000;83.85;83.85;82.3;83.65;2540;211724
MSTT;D;20221031;000000;82;84.45;81.8;83.2;4070;339128
MSTT;D;20221101;000000;83.05;85;79.5;83.5;18740;1554109.5
MSTT;D;20221102;000000;83.05;84;81.15;83.05;4020;332935
MSTT;D;20221103;000000;83;85.25;81.95;83;3530;294341
MSTT;D;20221107;000000;82;84.95;82;83.2;1800;150256
MSTT;D;20221108;000000;83.85;87;82.05;84;9710;817113.5
MSTT;D;20221109;000000;85;85;81.2;81.2;25880;2146548.5
MSTT;D;20221110;000000;81.9;82.15;81.4;82;3590;293814
MSTT;D;20221111;000000;81.2;82.4;81;82.15;1960;160490.5
MSTT;D;20221114;000000;82.2;82.2;79.7;81.45;11400;922537
MSTT;D;20221115;000000;81.2;84;80.4;82.35;9620;787097
MSTT;D;20221116;000000;81;83.3;81;82.15;4640;381289
MSTT;D;20221117;000000;82.95;83.25;82.1;82.6;300;24740
MSTT;D;20221118;000000;81.05;83.55;81.05;81.85;1870;153994.5
MSTT;D;20221121;000000;82.75;82.75;80.15;81.6;3290;266861
MSTT;D;20221122;000000;81.8;83.15;81.5;81.7;1590;131372
MSTT;D;20221123;000000;82.25;82.25;80.1;81.5;7100;577858
MSTT;D;20221124;000000;82;82.05;81.2;81.45;730;59462
MSTT;D;20221125;000000;81.95;82.85;81.05;81.55;1350;110207
MSTT;D;20221128;000000;82.55;82.6;81.05;81.05;1600;130667
MSTT;D;20221129;000000;81.05;81.85;79.35;80.35;6040;485451
MSTT;D;20221130;000000;80.3;83;80.25;81;6520;532357.5
MSTT;D;20221201;000000;81.8;87;80.5;83.25;56920;4836443.5
MSTT;D;20221202;000000;83.3;86.4;81;81.5;9610;798842
MSTT;D;20221205;000000;81.95;83.85;81.65;82.4;2620;216535.5
MSTT;D;20221206;000000;83.55;85.95;81.5;83.5;21600;1813017
MSTT;D;20221207;000000;83.05;84.6;82.8;82.85;4820;401774
MSTT;D;20221208;000000;82.9;82.9;82;82.2;1270;104618.5
MSTT;D;20221209;000000;81.7;82.75;81;81.75;3850;313062
MSTT;D;20221212;000000;81.4;81.75;80.15;81;3830;308674.5
MSTT;D;20221213;000000;81.1;81.95;80.9;81.45;2020;164076
MSTT;D;20221214;000000;81.6;81.65;80.75;80.9;3130;253732.5
MSTT;D;20221215;000000;81.35;81.35;80.15;80.35;2520;202927
MSTT;D;20221216;000000;80.1;80.9;79.05;79.5;4320;343738.5
MSTT;D;20221219;000000;79.9;79.95;78.45;78.9;6250;492329.5
MSTT;D;20221220;000000;78.55;79;78.5;79;2620;206796.5
MSTT;D;20221221;000000;81.95;81.95;78.25;79;6710;529910
MSTT;D;20221222;000000;78.8;110.55;78.6;87.55;3140350;307176055.5
MSTT;D;20221223;000000;90;90.5;81.35;81.5;430570;36565050
MSTT;D;20221226;000000;81.4;87;81.25;83.05;247080;20696616
MSTT;D;20221227;000000;84.25;85.95;81.7;83.55;117490;9837404
MSTT;D;20221228;000000;83;83.75;81.1;81.55;77150;6317582
MSTT;D;20221229;000000;81.35;82.2;81;81.7;27890;2270521
MSTT;D;20221230;000000;81.7;83.35;81.2;81.4;29780;2440713.5
MSTT;D;20230104;000000;83.2;87.5;83.2;85.3;107350;9173373
MSTT;D;20230105;000000;85.65;85.8;82.5;84;40780;3430824.5
MSTT;D;20230106;000000;84.4;117.5;82.6;97;3739220;398967920.5
MSTT;D;20230109;000000;99;126.25;95;108.9;4276520;490712680.5
MSTT;D;20230110;000000;111.2;111.75;98.15;102.25;1289310;132512173
MSTT;D;20230111;000000;102.3;102.95;97.05;98.1;324610;32208619.5
MSTT;D;20230112;000000;97.7;100.65;95.5;98.6;152220;14918168
MSTT;D;20230113;000000;99.55;109;99.5;101.5;751970;77959654.5
MSTT;D;20230116;000000;105.85;105.9;98.95;102.15;283820;29188948
MSTT;D;20230117;000000;101.2;102.65;98.5;98.75;164720;16407190.5
MSTT;D;20230118;000000;99.65;102.8;98;99.75;179820;18017184.5
MSTT;D;20230119;000000;99.8;100.45;99;99.35;37920;3770301.5
MSTT;D;20230120;000000;99.35;99.95;98.9;99.25;38290;3800690.5
MSTT;D;20230123;000000;99.25;102.15;96.65;101.1;190440;19066893.5
MSTT;D;20230124;000000;101.9;101.9;99;99.8;77560;7771314.5
MSTT;D;20230125;000000;99.6;101.25;99.15;100.65;62720;6287964
MSTT;D;20230126;000000;101.25;101.25;99.05;99.8;34720;3476720
MSTT;D;20230127;000000;99.7;100.2;98;99.5;29590;2942451.5
MSTT;D;20230130;000000;99.85;100.4;99.5;99.7;31760;3175349.5
MSTT;D;20230131;000000;100;113.8;99.6;103.1;1932990;206906358.5
MSTT;D;20230201;000000;104.2;109.5;101.45;102.35;570910;60288294.5
MSTT;D;20230202;000000;103.5;105.6;101.6;101.95;153150;15764209.5
MSTT;D;20230203;000000;102.7;109;101.65;101.75;675130;70833075.5
MSTT;D;20230206;000000;102.75;142.3;102;142.3;15075550;1943804802.5
MSTT;D;20230207;000000;156.5;199.1;153.4;199.1;10858180;2021994340
MSTT;D;20230208;000000;215;278.6;210;278.6;11194780;2914028420
MSTT;D;20230209;000000;291.8;299;168.15;181;9879840;2096557347
MSTT;D;20230210;000000;162.9;164.6;143.05;144.05;2773160;427264130
MSTT;D;20230213;000000;142.2;159.05;140.05;159.05;1605190;250283748.5
MSTT;D;20230214;000000;159.2;167.1;144.2;147.65;716690;109010547
MSTT;D;20230215;000000;149.8;150.9;137.05;137.5;409870;58027594
MSTT;D;20230216;000000;141.95;141.95;132.15;138.2;153320;21222407.5
MSTT;D;20230217;000000;138;148;130.25;138.5;504610;71868304
MSTT;D;20230220;000000;140;141.5;135;135.05;157950;21476718.5
MSTT;D;20230221;000000;135.05;146.7;135.05;145;873060;124862979.5
MSTT;D;20230222;000000;146;151.4;141.25;142.65;319470;46593896.5
MSTT;D;20230224;000000;142.7;142.7;139.4;140.7;78280;11029434
MSTT;D;20230227;000000;141.2;145.7;140;143.6;233110;33506313.5
MSTT;D;20230228;000000;145;147.6;139.2;145.15;253110;36600699.5
MSTT;D;20230301;000000;147.45;159.6;145.3;159.6;1698250;261456171.5
MSTT;D;20230302;000000;162;175.45;162;167.15;2281270;388644083
MSTT;D;20230303;000000;165;173.6;163.2;169.7;652930;110560903.5
MSTT;D;20230306;000000;171.4;179.5;165.3;177.65;1014770;176922919
MSTT;D;20230307;000000;180;180;172;176.35;254030;44726294.5
MSTT;D;20230309;000000;175.95;176.15;162.05;171.75;284570;49010479
MSTT;D;20230310;000000;168;170.8;165.6;168.65;91530;15471330
MSTT;D;20230313;000000;168.55;173.1;162.6;167.25;326280;55081069
MSTT;D;20230314;000000;167.25;180;163.35;180;515370;89098822
MSTT;D;20230315;000000;198;213.55;180.5;186.6;3167160;615407889.5
MSTT;D;20230316;000000;188.7;189.95;175.45;181.2;466970;84637140
MSTT;D;20230317;000000;182.5;183;175.9;177.05;226690;40550878.5
MSTT;D;20230320;000000;177.95;182;174;179.95;205920;36867023.5
MSTT;D;20230321;000000;180.25;181.85;178.05;180.95;87650;15759823.5
MSTT;D;20230322;000000;184.5;244;181.15;240.55;9197050;2038183286
MSTT;D;20230323;000000;245;248.7;220.05;222;2695860;610376140
MSTT;D;20230324;000000;222;223.8;213.1;216.3;485750;106247722
MSTT;D;20230327;000000;219.7;230.4;216.55;222.5;1066710;239598481
MSTT;D;20230328;000000;225;226.2;220.25;220.9;242440;54011575
MSTT;D;20230329;000000;221.9;228.85;218.35;227.75;689200;155517137.5
MSTT;D;20230330;000000;228.55;239.5;226.25;229.75;1447090;337484609.5
MSTT;D;20230331;000000;232.75;233.75;223;225.3;307250;69510753
MSTT;D;20230403;000000;228;238.4;225.55;234.3;1085310;253419709.5
MSTT;D;20230404;000000;237.85;237.85;230;233.85;259970;60724245.5
MSTT;D;20230405;000000;233.85;234.75;225;231.85;261450;60256090
MSTT;D;20230406;000000;236.85;284;233.5;260;7359640;1975676536.5
MSTT;D;20230407;000000;263.8;277.55;255;258;991790;265726131
MSTT;D;20230410;000000;263.2;264.5;258.5;263;185300;48536315
MSTT;D;20230411;000000;269;269;238;256.25;257790;66527560.5
MSTT;D;20230412;000000;256.2;269.5;252.2;261.7;229440;60056793
MSTT;D;20230413;000000;261.7;264.4;255;257.8;82880;21439443.5
MSTT;D;20230414;000000;258.5;283;257.8;264.25;2528570;694593280.5
MSTT;D;20230417;000000;266;270.6;263;265.6;231960;61607373.5
MSTT;D;20230418;000000;270;278.4;268.8;273.4;938630;257195430.5
MSTT;D;20230419;000000;273.3;277;261.05;269.7;206980;55935043.5
MSTT;D;20230420;000000;270.8;270.8;256.7;264.8;161830;42606115
MSTT;D;20230421;000000;264.8;265.25;258;260.75;121890;31803682.5
MSTT;D;20230424;000000;262.25;262.25;257.15;260.15;80560;20941509.5
MSTT;D;20230425;000000;261.7;261.7;255.25;257.3;59680;15414657.5
MSTT;D;20230426;000000;257.3;259.35;256.05;257.65;35330;9109236.5
MSTT;D;20230427;000000;258;258.55;249;250.35;231340;58448694
MSTT;D;20230428;000000;251.75;251.95;240.1;241.05;179880;43936247
MSTT;D;20230502;000000;241.35;244.45;200.4;217;394090;87060613
MSTT;D;20230503;000000;217;260.25;217;227.7;1729310;415892607.5
MSTT;D;20230504;000000;230;234.5;219.4;222;130150;29595129
MSTT;D;20230505;000000;224.15;247;224.15;226;495060;115920884
MSTT;D;20230508;000000;229.25;238.85;226.2;226.75;140190;32490350.5
MSTT;D;20230510;000000;229;240.7;224.5;237.5;254350;58999454.5
MSTT;D;20230511;000000;237.5;244;230.15;237.5;206140;48998388
MSTT;D;20230512;000000;237.7;240.95;230.3;232.8;70580;16554243.5
MSTT;D;20230515;000000;235;241.6;232.5;235;222490;52842451
MSTT;D;20230516;000000;235.15;239.5;229.65;234.55;93350;21893324.5
MSTT;D;20230517;000000;235.15;235.2;230;232.25;61120;14202630
MSTT;D;20230518;000000;232.2;233;230;230.5;53710;12400651
MSTT;D;20230519;000000;230.8;230.8;226.1;227;42340;9636388
MSTT;D;20230522;000000;230;244.9;220.3;227.9;603980;142200676.5
MSTT;D;20230523;000000;228.1;231.7;217.55;222.35;162360;36375184
MSTT;D;20230524;000000;224;224.25;217.8;220.8;49300;10866569.5
MSTT;D;20230525;000000;223.95;223.95;212;217.35;61260;13336348
MSTT;D;20230526;000000;219.95;226.65;214.2;223.8;170990;38058399
MSTT;D;20230529;000000;225;226;217;221.6;55170;12219144
MSTT;D;20230530;000000;220;223.55;215;216.8;64660;14163845.5
MSTT;D;20230531;000000;217.95;227.5;214;222.6;142740;31365830
MSTT;D;20230601;000000;222.8;224.55;218;219.7;48650;10785678
MSTT;D;20230602;000000;219.7;219.7;215;216.05;31430;6826836
MSTT;D;20230605;000000;217;218;215.3;216.65;24520;5308051.5
MSTT;D;20230606;000000;215.8;223;210.3;218.95;107710;23365820
MSTT;D;20230607;000000;219.75;233;218.05;220.2;325040;73251513.5
MSTT;D;20230608;000000;222;223.95;219.1;220.35;62790;13894114
MSTT;D;20230609;000000;221.5;221.55;219.05;219.35;21740;4783364
MSTT;D;20230613;000000;220.3;222.85;219.45;219.75;38170;8422059
MSTT;D;20230614;000000;220.8;233;220;227.45;374020;85545546.5
MSTT;D;20230615;000000;228.65;235;227;229.7;138220;32005745
MSTT;D;20230616;000000;230;232.15;225.1;228.85;49500;11359743.5
MSTT;D;20230619;000000;229.85;230.4;227;229.95;53590;12262965.5
MSTT;D;20230620;000000;229.95;229.95;223.2;228;47720;10829669
MSTT;D;20230621;000000;228;234.5;223.15;229.25;227300;52573498.5
MSTT;D;20230622;000000;230;233.8;227.5;232.5;118320;27357723
MSTT;D;20230623;000000;231.5;232.45;227.1;227.6;53550;12261164
MSTT;D;20230626;000000;222.2;229.7;222.2;225.4;72670;16406547.5
MSTT;D;20230627;000000;228.35;228.35;225;225.45;18670;4209656
MSTT;D;20230628;000000;225.5;227.35;224;225.5;28140;6342021.5
MSTT;D;20230629;000000;226.5;226.5;220.2;222.55;46130;10310061.5
MSTT;D;20230630;000000;223;230;218.65;222.65;116230;26040443
MSTT;D;20230703;000000;222.85;231.6;221.1;226.1;161790;36902818.5
MSTT;D;20230704;000000;226.1;227.95;221.75;224.15;47760;10680037
MSTT;D;20230705;000000;225;225.9;223.65;224.7;23420;5269164
MSTT;D;20230706;000000;224.7;227;222.05;223.5;44120;9891886.5
MSTT;D;20230707;000000;223;225.45;220.1;220.7;45110;10035145.5
MSTT;D;20230710;000000;221.9;224.7;220.7;223;46040;10282914.5
MSTT;D;20230711;000000;224.1;224.85;222;223.05;41020;9157833
MSTT;D;20230712;000000;223.5;235.3;223.2;230.9;416580;96225572.5
MSTT;D;20230713;000000;234.5;235.45;227;227.85;75100;17248868.5
MSTT;D;20230714;000000;227.85;238.8;225.3;229;288750;67029947
MSTT;D;20230717;000000;228.9;243.4;228.9;236.45;787250;187867720.5
MSTT;D;20230718;000000;240;243.2;236.4;240.6;308800;74121556
MSTT;D;20230719;000000;241.9;254.8;240.8;249.4;713550;177371568.5
MSTT;D;20230720;000000;250.95;258;235.05;240.3;583250;144861656.5
MSTT;D;20230721;000000;240.25;246.65;235.5;239.9;193240;46754241
MSTT;D;20230724;000000;242.2;246.9;240;242.3;120550;29247972.5
MSTT;D;20230725;000000;244.2;245.85;242.5;244.45;112990;27566756.5
MSTT;D;20230726;000000;244.7;246;239.3;242.5;142990;34723473
MSTT;D;20230727;000000;242.7;255.4;241.8;246.3;411030;101873781.5
MSTT;D;20230728;000000;242.5;248.85;241.5;244.05;110420;27017824.5
MSTT;D;20230731;000000;244.1;253;243.4;246.95;234340;58230670.5
MSTT;D;20230801;000000;248.9;248.9;241.1;246.1;131840;32510261
MSTT;D;20230802;000000;247.7;253;244;246.95;286250;71077562
MSTT;D;20230803;000000;248.25;248.75;244;247.6;91590;22580792
MSTT;D;20230804;000000;250;279.3;239.2;252.3;2681970;717123984
MSTT;D;20230807;000000;254.15;289;252;268.2;1694340;463105590.5
MSTT;D;20230808;000000;269.7;273.9;254.5;257;478600;124917082.5
MSTT;D;20230809;000000;262.55;274;257;263.75;372850;99733031.5
MSTT;D;20230810;000000;266;274.65;264;269.25;211880;57141076
MSTT;D;20230811;000000;272;282;264.15;271.65;505470;138630236.5
MSTT;D;20230814;000000;274.5;281.75;250;264;630690;170078702
MSTT;D;20230815;000000;262.45;316.45;250;316.45;5670260;1677649509
MSTT;D;20230816;000000;330;348;274.75;290;3534050;1109590354.5
MSTT;D;20230817;000000;293.9;313.85;290;300.8;1430720;435878985
MSTT;D;20230818;000000;302.8;302.8;281.7;290.65;357500;103700969.5
MSTT;D;20230821;000000;295.7;308;291.05;302.6;501590;150938717.5
MSTT;D;20230822;000000;303.8;303.8;295.05;297;208290;62170447.5
MSTT;D;20230823;000000;300;311.25;292.65;299;466100;141559096
MSTT;D;20230824;000000;298.5;306.35;295.4;301.7;259540;78588427
MSTT;D;20230825;000000;306;309;301.8;303.7;332750;101720577.5
MSTT;D;20230828;000000;306.35;311.9;304;308.9;248070;76286103
MSTT;D;20230829;000000;310.95;335.9;300.95;315.65;1900610;611807678
MSTT;D;20230830;000000;318.7;324;307.1;309.7;464340;147150245.5
MSTT;D;20230831;000000;310;321.95;304.3;309;436260;136442460.5
MSTT;D;20230901;000000;313.8;345;309.25;323;2159910;708605002.5
MSTT;D;20230904;000000;327.6;335.75;319;326.95;1006290;329959352
MSTT;D;20230905;000000;329;336.7;318.15;335.05;1166410;384834204.5
MSTT;D;20230906;000000;339;341;323.3;326;359900;119116894
MSTT;D;20230907;000000;329.1;357.25;310.8;318.1;3189870;1087601100
MSTT;D;20230908;000000;322.9;327.25;294;313.6;493260;153279699
MSTT;D;20230911;000000;313.6;325;303.8;311.3;309080;97968103
MSTT;D;20230912;000000;312;324.9;312;315.25;285850;90700273.5
MSTT;D;20230913;000000;316;325;308.8;312.6;316920;100675268
MSTT;D;20230914;000000;312.45;314.1;250;275;645180;178297559.5
MSTT;D;20230915;000000;275.9;303.95;263.5;297.5;695430;204807841.5
MSTT;D;20230918;000000;298.8;313.8;281.35;289.9;463310;140206800
MSTT;D;20230919;000000;289.9;293.35;266.05;270.2;329570;90863964.5
MSTT;D;20230920;000000;270;276.7;249;261.5;415030;109832503.5
MSTT;D;20230921;000000;264.1;266.5;248.55;253.95;220130;56185983.5
MSTT;D;20230922;000000;250.65;273.75;241.05;262.5;501290;131732128.5
MSTT;D;20230925;000000;265.35;272.7;252.55;264.55;217480;57633778
MSTT;D;20230926;000000;265;271.6;260.65;266.05;176740;47441936.5
MSTT;D;20230927;000000;269.6;278.6;264;268.1;248310;67663186
MSTT;D;20230928;000000;268.2;282.95;268.2;278;273210;75841506
MSTT;D;20230929;000000;279;288.05;279;281;198410;56336162.5
MSTT;D;20231002;000000;284.35;290.7;280.25;282.15;254140;72659764
MSTT;D;20231003;000000;282;287;265;273.3;242300;66695948.5
MSTT;D;20231004;000000;274.4;281.2;270;275;139540;38710795.5
MSTT;D;20231005;000000;275.05;278.55;273.4;273.65;68780;18954697.5
MSTT;D;20231006;000000;273.75;275.8;265.55;266.6;85810;23131861
MSTT;D;20231009;000000;268.45;273.7;262;265.1;166570;44422820.5
MSTT;D;20231010;000000;263.25;270;262;262.4;94380;24994053
MSTT;D;20231011;000000;263.8;267.2;261.8;265;79030;20870762
MSTT;D;20231012;000000;253.65;264.5;253.65;256.9;86670;22404685.5
MSTT;D;20231013;000000;258;268.5;256.95;261.95;129610;34139028
MSTT;D;20231016;000000;262.1;267;254.55;262.6;95230;25014957
MSTT;D;20231017;000000;260.8;266.4;260.8;263.5;79590;21042880
MSTT;D;20231018;000000;263.9;276.8;263.9;270.1;305880;82882021.5
MSTT;D;20231019;000000;271.25;271.7;265;267.3;60090;16095715
MSTT;D;20231020;000000;267.2;267.3;261.65;262.25;67560;17786876
MSTT;D;20231023;000000;261.5;268.9;261.4;264.5;72960;19319174
MSTT;D;20231024;000000;261.45;272;261.45;269.6;101570;27144332
MSTT;D;20231025;000000;266.95;274.8;265.3;267;60450;16215188
MSTT;D;20231026;000000;269.5;272.7;262.6;263.35;99410;26627814
MSTT;D;20231027;000000;263.35;274.8;256.35;263.5;169000;44852257.5
MSTT;D;20231030;000000;264.35;291.75;262.8;278;1103070;309271263.5
MSTT;D;20231031;000000;279.05;283.65;264;266.25;302350;82263228
MSTT;D;20231101;000000;261.55;268.8;261.55;266.35;103050;27346743
MSTT;D;20231102;000000;266.45;274.75;262.4;264.1;133110;35877918
MSTT;D;20231103;000000;265.4;275.45;265.05;272.95;221460;60030665
MSTT;D;20231106;000000;275;275.9;271.05;274.45;79850;21836685.5
MSTT;D;20231107;000000;275;279;272.2;273.3;148330;40935593.5
MSTT;D;20231108;000000;273.3;274.9;266.2;270.25;129230;34938708
MSTT;D;20231109;000000;270.55;275;265;267.1;117740;31577893.5
MSTT;D;20231110;000000;267.3;269.5;257.65;260.15;124400;32649547
MSTT;D;20231113;000000;261;262.5;241;242.55;207210;52176072
MSTT;D;20231114;000000;242.7;242.75;202.8;213.95;358700;77726102
MSTT;D;20231115;000000;211;237;206.8;230;599090;135281409
MSTT;D;20231116;000000;230.1;241.85;230.05;236.95;303090;72048250.5
MSTT;D;20231117;000000;238.1;238.1;221.45;228.2;156520;35856619
MSTT;D;20231120;000000;231.3;245.8;230;243.2;459390;109940524
MSTT;D;20231121;000000;245.25;245.25;235.25;238.7;122550;29318987.5
MSTT;D;20231122;000000;239.85;245;237.05;239.55;110250;26594874
MSTT;D;20231123;000000;239.55;239.55;226.9;228.55;85790;19879148
MSTT;D;20231124;000000;228.1;235.3;222.4;227;104960;24083112
MSTT;D;20231127;000000;233;233;208.75;210.3;155150;33356948.5
MSTT;D;20231128;000000;211.05;213.65;204.4;210.75;106560;22213164.5
MSTT;D;20231129;000000;213;224.5;211.05;217.2;189090;41402475.5
MSTT;D;20231130;000000;219.5;220.8;205.95;209;81380;17181509.5
MSTT;D;20231201;000000;210;212.4;199;202;84690;17314924
MSTT;D;20231204;000000;201;201;181;182.85;184330;35191572
MSTT;D;20231205;000000;181.95;184.8;165.4;174.4;356750;61328758
MSTT;D;20231206;000000;176.6;183.75;166.8;174;143340;25048182.5
MSTT;D;20231207;000000;170.75;176.8;161.15;172;102070;17187405
MSTT;D;20231208;000000;169.15;176.6;166.5;169.95;65690;11316654
MSTT;D;20231211;000000;170.35;177;162;177;170330;29159686.5
MSTT;D;20231212;000000;180;202.4;177.95;181.5;1062280;204473118
MSTT;D;20231213;000000;182;190.75;172.5;183;435360;79361319.5
MSTT;D;20231214;000000;184.4;191.95;174.2;174.9;199320;36743927
MSTT;D;20231215;000000;174.85;186.9;174.4;183.6;204190;37165810.5
MSTT;D;20231218;000000;187;198.55;184.15;193.05;448800;86656602.5
MSTT;D;20231219;000000;194.5;201.25;191;194.8;290000;57191730.5
MSTT;D;20231220;000000;194.1;205.95;192.45;200.65;410950;82811825
MSTT;D;20231221;000000;200.65;207.6;197.1;200;183990;37266724
MSTT;D;20231222;000000;200.1;218.4;199.35;209.25;782360;165399738
MSTT;D;20231225;000000;210;216.7;207.5;209;233980;49920346.5
MSTT;D;20231226;000000;210.5;221.2;210.5;221;646900;140041562
MSTT;D;20231227;000000;221.15;222.8;214.1;219.25;281490;61303889.5
MSTT;D;20231228;000000;219.25;219.3;207;208.9;237580;50920894
MSTT;D;20231229;000000;209;213.6;200;205;129070;26814278
MSTT;D;20240103;000000;205;217.85;205;216;245960;52484555.5
MSTT;D;20240104;000000;217.45;225.95;216.1;220.7;421590;93424735.5
MSTT;D;20240105;000000;224.55;224.55;213;218.35;142380;31071644
MSTT;D;20240108;000000;219.05;230.75;218.55;225;427560;96333966
MSTT;D;20240109;000000;227.7;235;225;230.55;252180;57903802.5
MSTT;D;20240110;000000;231.65;233.6;227.5;231.4;121860;28092218
MSTT;D;20240111;000000;232;245;231.4;234.05;889250;212234079.5
MSTT;D;20240112;000000;234.5;242;234.1;237.85;234160;55941404
MSTT;D;20240115;000000;239;245;235;235.55;218850;52352181
MSTT;D;20240116;000000;235.55;240.85;230.05;240.6;297800;70246253
MSTT;D;20240117;000000;240.6;245;236.55;239.05;284090;68306327.5
MSTT;D;20240118;000000;239.05;248;238.4;241.9;348260;84567971.5
MSTT;D;20240119;000000;242;242.95;236;237.2;100920;24103258.5
MSTT;D;20240122;000000;238.3;244.9;237.45;238.75;180930;43708289
MSTT;D;20240123;000000;239;242.1;236.75;237.05;99790;23759767
MSTT;D;20240124;000000;238.05;242.45;237.1;238.05;201450;48370306.5
MSTT;D;20240125;000000;240;240;231.3;233.8;132080;30972007.5
MSTT;D;20240126;000000;233.85;235.8;230.25;235.4;88360;20638040
MSTT;D;20240129;000000;236.9;239.2;233.1;234.7;120220;28357874
MSTT;D;20240130;000000;234.75;239.05;233.9;235;134680;31880356.5
MSTT;D;20240131;000000;235.35;239.7;235.3;237;128850;30633014
MSTT;D;20240201;000000;237.05;241.5;231.8;233;162410;38578537.5
MSTT;D;20240202;000000;237.5;237.5;233;233.7;57870;13628949.5
MSTT;D;20240205;000000;234.95;239.85;233.8;236.6;177480;42180650
MSTT;D;20240206;000000;235.4;238.5;235.05;237.25;69610;16475088.5
MSTT;D;20240207;000000;239;239.9;236.7;237;104360;24879255.5
MSTT;D;20240208;000000;237.5;241.95;236.75;240.4;249700;59941712.5
MSTT;D;20240209;000000;240.4;242.4;232.55;233.8;186180;44109976
MSTT;D;20240212;000000;234.45;235.5;225.1;228.45;240040;54938856
MSTT;D;20240213;000000;229.9;232;227.3;227.5;73400;16833803.5
MSTT;D;20240214;000000;227.6;231.15;227.3;228.1;57180;13091868.5
MSTT;D;20240215;000000;229.15;229.3;223.5;226.05;74810;16933910.5
MSTT;D;20240216;000000;227;235.95;226;226.55;285190;65892363.5
MSTT;D;20240219;000000;224;228;220.25;228;186370;41826364.5
MSTT;D;20240220;000000;226;226;215.6;220;134980;29821421.5
MSTT;D;20240221;000000;218.4;218.95;206;211.95;142250;30150993
MSTT;D;20240222;000000;211.9;221.6;210;212;126840;27393985
MSTT;D;20240226;000000;215;224.45;215;222.8;177420;39211325
MSTT;D;20240227;000000;222.8;223.85;215.55;216.65;66680;14648898
MSTT;D;20240228;000000;218.9;221.45;216.4;218.2;86200;18878025.5
MSTT;D;20240229;000000;218.9;224;217.4;218.65;126490;27894448
MSTT;D;20240301;000000;218.5;218.65;213.4;216.2;65300;14104908.5
MSTT;D;20240304;000000;217.3;220;216.4;218.15;54770;11934586
MSTT;D;20240305;000000;216.45;220;216;217.15;34480;7510519
MSTT;D;20240306;000000;216.9;219.9;216;219.65;128740;28009877
MSTT;D;20240307;000000;220;222.25;216.05;216.35;85200;18685884
MSTT;D;20240311;000000;217.5;219.4;216.1;216.25;48940;10649770.5
MSTT;D;20240312;000000;217;217;213.5;215.5;67900;14654550.5
MSTT;D;20240313;000000;214.6;215.9;213.05;213.2;36500;7822621.5
MSTT;D;20240314;000000;213;213.4;208.25;209.1;68120;14359354
MSTT;D;20240315;000000;210;214.4;208.4;211.5;84640;17987349
MSTT;D;20240318;000000;211.6;214.85;211.05;212.1;33570;7159623.5
MSTT;D;20240319;000000;212.1;218.2;208.5;208.5;153790;32863807.5
MSTT;D;20240320;000000;210;211.9;206.5;207.2;52790;11017083.5
MSTT;D;20240321;000000;209;216.7;206.2;212.85;292390;62330172
MSTT;D;20240322;000000;213.8;215.5;210.1;210.2;38600;8212800
MSTT;D;20240325;000000;210;212.05;208.5;211.45;43710;9185055
MSTT;D;20240326;000000;214;214.15;210;212.5;30400;6446322
MSTT;D;20240327;000000;213;213.75;210.1;210.55;37000;7813772
MSTT;D;20240328;000000;210.8;211.75;208;209;33690;7048346
MSTT;D;20240329;000000;209;211.9;208;208.6;66510;13977410.5
MSTT;D;20240401;000000;209.95;215.8;209.1;214.5;133000;28299867
MSTT;D;20240402;000000;215;216.65;212.6;213.05;88490;18973676
MSTT;D;20240403;000000;214.5;228.8;213.65;221.3;653740;144540243
MSTT;D;20240404;000000;223.4;229.2;217.5;217.8;281420;63239722
MSTT;D;20240405;000000;217.8;228.8;216;225.9;304510;68451098.5
MSTT;D;20240408;000000;229.95;239;222.7;226.3;912960;210671792.5
MSTT;D;20240409;000000;226.3;228.1;217.55;219;174480;38756201.5
MSTT;D;20240410;000000;219;221.1;217.85;220.65;28710;6305080.5
MSTT;D;20240411;000000;220.6;222.8;219.4;221.7;36780;8134481.5
MSTT;D;20240412;000000;222.2;224;218;218;44400;9773304.5
MSTT;D;20240415;000000;218.7;223.3;218.1;220.2;93320;20660029
MSTT;D;20240416;000000;220.5;227.2;220.5;223.15;252500;56736372
MSTT;D;20240417;000000;223.15;227.85;220.45;223.05;66690;14925823
MSTT;D;20240418;000000;222.4;233;221.85;231;860810;197124633
MSTT;D;20240419;000000;232.15;233.85;224.7;226.45;232190;53078115.5
MSTT;D;20240422;000000;229;232.5;224.3;226.8;253310;57890115.5
MSTT;D;20240423;000000;226.8;229.45;222.5;222.5;88830;20087552
MSTT;D;20240424;000000;225.65;225.7;215.1;216.3;116500;25477304.5
MSTT;D;20240425;000000;219;219;212.15;214.05;100860;21709807.5
MSTT;D;20240426;000000;214.35;219.65;214.35;215.7;111050;24080703
MSTT;D;20240427;000000;215.7;218.75;212.7;213.7;42420;9126929
MSTT;D;20240429;000000;213.7;224.8;213.7;222.95;204880;45284624.5
MSTT;D;20240430;000000;221.35;224.85;218.6;219;85760;19032504.5
MSTT;D;20240502;000000;219.5;226.7;217;217;367680;81778666
MSTT;D;20240503;000000;218.6;221.75;216.85;217.05;68550;14983299
MSTT;D;20240506;000000;218;223.5;216.75;219.2;144900;31925250
MSTT;D;20240507;000000;219.5;225;219.3;222.8;330610;73545383
MSTT;D;20240508;000000;223;225.05;218.05;218.65;69930;15442581.5
MSTT;D;20240510;000000;218.65;220.1;217.5;218.9;17850;3902772.5
MSTT;D;20240513;000000;218.25;221.85;217.3;217.5;75320;16512592.5
MSTT;D;20240514;000000;217.7;222.9;217.7;220.1;144800;31992326
MSTT;D;20240515;000000;220.75;222.45;218.7;219.65;64820;14289081
MSTT;D;20240516;000000;220.05;221;215.2;216.7;110770;24218038.5
MSTT;D;20240517;000000;216.8;218;214;214.5;53770;11611376.5
MSTT;D;20240520;000000;214.9;215.3;208;209.8;78610;16629335.5
MSTT;D;20240521;000000;209.5;216;209.5;210;100200;21290999.5
MSTT;D;20240522;000000;210.1;215.1;209.5;209.75;88120;18649068
MSTT;D;20240523;000000;210.85;210.85;204.1;206.45;79330;16476715
MSTT;D;20240524;000000;207.5;208.4;195.05;196.45;135810;27270089
MSTT;D;20240527;000000;196.35;197.3;184.65;185;148780;28164051
MSTT;D;20240528;000000;185.1;194.1;184;193.7;183350;35022557.5
MSTT;D;20240529;000000;193.7;194;186.55;188.2;60020;11380838.5
MSTT;D;20240530;000000;188.05;192.95;185.1;185.25;86030;16319695
MSTT;D;20240531;000000;186.55;186.55;170.5;172.65;147190;25956824
MSTT;D;20240603;000000;172.65;175.75;160;167.7;214280;35682863
MSTT;D;20240604;000000;170;176;168.5;173.75;166140;28703024.5
MSTT;D;20240605;000000;174.8;184.6;174.2;177.25;174820;31340239.5
MSTT;D;20240606;000000;181.95;182.5;177.25;179.95;68950;12393548.5
MSTT;D;20240607;000000;181.95;189;180.4;185.55;115630;21445907
MSTT;D;20240610;000000;188.2;216;187.1;200.15;1134400;234684410.5
MSTT;D;20240611;000000;200.15;210.35;187.8;194;500350;99318047
MSTT;D;20240613;000000;174.6;200.95;165.05;192.55;238870;45705147
MSTT;D;20240614;000000;194.5;204.45;193.1;198;152780;30320861.5
MSTT;D;20240617;000000;198;203.5;195.1;195.2;114100;22720705
MSTT;D;20240618;000000;195;199.45;190.2;192.1;192470;37462654.5
MSTT;D;20240619;000000;192.15;194.4;180.2;180.4;112450;21321690.5
MSTT;D;20240620;000000;182.25;194;178.05;186.2;212390;39444371.5
MSTT;D;20240621;000000;187.55;197.8;184.35;185.1;90950;17369053
MSTT;D;20240624;000000;186.05;194.5;185.9;190;104340;19932687
MSTT;D;20240625;000000;190.3;193.5;187.45;187.95;48040;9174649
MSTT;D;20240626;000000;189;197.5;189;191.55;131700;25404471.5
MSTT;D;20240627;000000;193.45;197.45;191.35;194.7;107600;20936625.5
MSTT;D;20240628;000000;193.35;199.85;190;190.7;125020;24196628.5
MSTT;D;20240701;000000;189.5;193.75;189.5;190.5;57480;11046027
MSTT;D;20240702;000000;192.55;196.75;190.5;192.05;127160;24565226
MSTT;D;20240703;000000;193.15;193.5;185.1;187.55;59690;11330761
MSTT;D;20240704;000000;187.65;187.65;178.5;183.3;86260;15789668.5
MSTT;D;20240705;000000;183.35;183.85;175.15;176.2;192640;34688906.5
MSTT;D;20240708;000000;177.55;177.9;172.2;172.2;63100;11035791
MSTT;D;20240709;000000;171.9;172.4;160;160.8;131620;21852427.5
MSTT;D;20240710;000000;160;160.95;149.2;150.8;226480;35021198
MSTT;D;20240711;000000;150.8;158.95;149.9;156.95;93560;14613333.5
MSTT;D;20240712;000000;159.75;166;157.9;161.35;166460;27029240
MSTT;D;20240715;000000;163.9;164;151.3;152.55;126320;20112176.5
MSTT;D;20240716;000000;154.55;161.35;151.1;156.55;171430;26877960
MSTT;D;20240717;000000;158;160.95;155.5;156;61440;9745820
MSTT;D;20240718;000000;156.95;163.5;155.55;163;90860;14644729
MSTT;D;20240719;000000;163;167.3;162.05;164.05;102330;16825561.5
MSTT;D;20240722;000000;165.05;169;164.95;167.15;89260;14936833.5
MSTT;D;20240723;000000;168.3;193.75;166.75;184.7;868760;156339999
MSTT;D;20240724;000000;186.7;187.45;177.2;180.05;485290;88363694.5
MSTT;D;20240725;000000;180.05;190;177.4;181.35;470320;86141200.5
MSTT;D;20240726;000000;182;184.65;170.15;172.3;155030;27673760
MSTT;D;20240729;000000;172.5;173.75;165.9;166.45;72250;12150621.5
MSTT;D;20240730;000000;167.75;170;164.8;167.4;45470;7634899
MSTT;D;20240731;000000;167.4;169.15;165;166.35;39820;6639966.5
MSTT;D;20240801;000000;169;169.1;164.8;165.55;35180;5884733.5
MSTT;D;20240802;000000;164;165.5;160.3;161.5;33730;5497518
MSTT;D;20240805;000000;156;172.9;155.9;162.4;231980;38173696
MSTT;D;20240806;000000;162.1;171.25;161.4;163.05;147830;24579136.5
MSTT;D;20240807;000000;163.95;169;161.6;165.5;126720;20874315
MSTT;D;20240808;000000;165.5;171.95;163.75;166.95;211160;35382677.5
MSTT;D;20240809;000000;167.9;173.55;164.55;166.2;357180;60473590
MSTT;D;20240812;000000;165;173.3;165;170.3;177980;30247175.5
MSTT;D;20240813;000000;170.8;177.7;170.75;173.8;183450;31980243.5
MSTT;D;20240814;000000;176;178.1;169.1;169.9;148050;25789760
MSTT;D;20240815;000000;169.15;176.8;167.15;171;173430;30069746.5
MSTT;D;20240816;000000;172.6;177.9;170.05;172.65;169270;29485327.5
MSTT;D;20240819;000000;173.95;177;171;172.05;145370;25422146
MSTT;D;20240820;000000;172.05;176.85;171;174.4;100880;17680643
MSTT;D;20240821;000000;173.5;179.45;172;174.5;190670;33313659.5
MSTT;D;20240822;000000;173.75;178.4;164.1;164.6;474320;81769614.5
MSTT;D;20240823;000000;163.9;163.95;147.9;149;345280;53976833.5
MSTT;D;20240826;000000;155;159.8;153;156.1;168370;26316212.5
MSTT;D;20240827;000000;156.1;162.95;155.05;155.7;143720;22905331.5
MSTT;D;20240828;000000;155;158.65;150.15;152.85;187740;28837135
MSTT;D;20240829;000000;152.85;156.5;149.1;149.5;94460;14377999.5
MSTT;D;20240830;000000;149.6;151;140.8;142.85;147230;21584365
MSTT;D;20240902;000000;140;140.4;128.1;129.8;124600;16692434.5
MSTT;D;20240903;000000;130;140;127.4;133.1;221040;29591974
MSTT;D;20240904;000000;133.1;139.9;132;137.55;160840;22048916
MSTT;D;20240905;000000;137.65;144.95;136.1;137.3;234640;33197603
MSTT;D;20240906;000000;139;144.8;136.05;136.55;152670;21300012
MSTT;D;20240909;000000;136.55;147.85;136.55;143.25;225260;32366108.5
MSTT;D;20240910;000000;144.9;145.9;135.95;138;156550;22261490
MSTT;D;20240911;000000;138.4;143.9;138.4;140.6;82650;11598969.5
MSTT;D;20240912;000000;139.6;140;136;136.45;26590;3655494
MSTT;D;20240913;000000;136.3;139.4;133.6;137.5;68150;9288853.5
MSTT;D;20240916;000000;139;142.9;138.3;140.85;87270;12291944
MSTT;D;20240917;000000;142.25;149;141.3;145.3;167640;24465581.5
MSTT;D;20240918;000000;145.45;149.5;140;141;111050;16052308
MSTT;D;20240919;000000;142.8;146;141.15;144.9;104640;15114611
MSTT;D;20240920;000000;145;148.45;144.35;145.95;89960;13187928
MSTT;D;20240923;000000;146.85;154;146.05;149.1;159770;23966189.5
MSTT;D;20240924;000000;152;173.8;150.25;172.85;1416780;237076223.5
MSTT;D;20240925;000000;171;206.05;170;193.45;2658810;516091123
MSTT;D;20240926;000000;197.3;211.55;174.3;174.8;1761180;347124430
MSTT;D;20240927;000000;175.25;189.85;172.35;174;621510;113008393
MSTT;D;20240930;000000;175.7;181.9;173.6;176;133340;23659938.5
MSTT;D;20241001;000000;177;177.4;166.55;168.4;161800;27511278.5
MSTT;D;20241002;000000;168.5;171.6;162.85;163.4;57910;9652919
MSTT;D;20241003;000000;162.5;171;160.2;165;214170;35638184
MSTT;D;20241004;000000;169.5;174.75;165;166;217540;36966562.5
MSTT;D;20241007;000000;168.95;176.55;166.65;169.3;152520;26148820.5
MSTT;D;20241008;000000;171.9;174.95;171.15;174.1;154270;26721654
MSTT;D;20241009;000000;175.1;178.35;168;168.15;132170;22819020.5
MSTT;D;20241010;000000;168.25;174.65;168.25;171.1;134010;23068575.5
MSTT;D;20241011;000000;172.35;175.5;167.15;169.45;75230;12899762
MSTT;D;20241014;000000;168;177.5;167.55;172.45;408200;70554469.5
MSTT;D;20241015;000000;173;176;171.25;174.9;163940;28514410
MSTT;D;20241016;000000;176.65;198.9;176.2;188.95;2250230;428332693.5
MSTT;D;20241017;000000;190.2;205.95;187.6;189.6;1261300;250293011.5
MSTT;D;20241018;000000;185.5;185.95;174;174.1;385950;68778254.5
MSTT;D;20241021;000000;174;194;174;179.2;669360;122328851.5
MSTT;D;20241022;000000;181;187.05;178;178.95;321990;58910608
MSTT;D;20241023;000000;181;181;170;171.15;200140;34698311.5
MSTT;D;20241024;000000;167.85;171.25;163.5;164.1;162670;27153515
MSTT;D;20241025;000000;164.9;166.95;155;157.15;145010;23484612
MSTT;D;20241028;000000;157.2;165.95;156.05;159.4;294060;47165534
MSTT;D;20241029;000000;160;164;159.2;162.15;81010;13114977.5
MSTT;D;20241030;000000;163;171.85;163;166.9;221610;37085857
MSTT;D;20241031;000000;164.65;166.6;160.3;163.05;83710;13738176
MSTT;D;20241101;000000;163.05;167.2;160.8;163.3;137870;22587567.5
MSTT;D;20241102;000000;165.7;173.45;163.55;165.95;435310;73418215.5
MSTT;D;20241105;000000;167.25;170.9;163;164;165380;27581777
MSTT;D;20241106;000000;166;168.4;164;165.1;77110;12797664.5
MSTT;D;20241107;000000;165.1;167.5;162.5;164.45;33040;5420500
MSTT;D;20241108;000000;165;168.95;165;166.8;191380;31993145.5
MSTT;D;20241111;000000;169.05;175;167.65;172.7;294970;50738943
MSTT;D;20241112;000000;173;174.5;169;170.85;86820;14861654.5
MSTT;D;20241113;000000;170.85;174.2;168.9;172.8;124830;21560698.5
MSTT;D;20241114;000000;172;179;166.75;167.4;129610;22350480.5
MSTT;D;20241115;000000;169.9;172.25;164.9;168.7;102490;17348859
MSTT;D;20241118;000000;167.6;167.6;163.5;165.45;100560;16691222
MSTT;D;20241119;000000;163;166.8;157.1;158.2;96060;15499227.5
MSTT;D;20241120;000000;159.85;163.9;156;156.35;81720;13144894.5
MSTT;D;20241121;000000;156.4;158.55;145.25;149.2;113250;17164879
MSTT;D;20241122;000000;152.7;156.85;148.9;150.75;127560;19669795.5
MSTT;D;20241125;000000;151.75;151.8;138.15;140.25;171510;24681129.5
MSTT;D;20241126;000000;140.25;143;128.4;129.65;291610;40075726.5
MSTT;D;20241127;000000;129.05;130.8;117.05;123.05;232640;28396996.5
MSTT;D;20241128;000000;129;132.15;125.55;130.85;263100;34073538.5
MSTT;D;20241129;000000;130.6;132;127.2;129.6;118740;15441573.5
MSTT;D;20241202;000000;130.1;134;129.5;130.7;76110;10038221
MSTT;D;20241203;000000;133;136.6;125.95;128.15;176070;23185923.5
MSTT;D;20241204;000000;128.6;131.6;125.5;126.7;96870;12415222
MSTT;D;20241205;000000;125;130.95;124.05;128.9;106450;13599955
MSTT;D;20241206;000000;129.95;136.95;128;135.4;172630;22985057
MSTT;D;20241209;000000;135.6;138.5;133.7;134.6;116040;15715797
MSTT;D;20241210;000000;134.45;134.45;129;130;87750;11501854
MSTT;D;20241211;000000;128;132.65;127.4;128.8;94370;12251951.5
MSTT;D;20241212;000000;129.5;134;127;127.15;97460;12710366.5
MSTT;D;20241213;000000;125.4;127.85;122.05;122.75;77530;9720218.5
MSTT;D;20241216;000000;120.85;121.65;116.15;116.6;107830;12810797.5
MSTT;D;20241217;000000;116;121;115.05;118.5;117990;14005717
MSTT;D;20241218;000000;118.1;123;116.95;120.9;125630;15115839.5
MSTT;D;20241219;000000;122.6;127;120;120.95;145280;17898004.5
MSTT;D;20241220;000000;120.3;132.95;120.3;132.2;202830;25898069
MSTT;D;20241223;000000;135;139.85;131.05;134.55;307840;41484455
MSTT;D;20241224;000000;134.55;135.9;131.1;132.7;76190;10117579
MSTT;D;20241225;000000;132.7;136.2;131.15;134.3;102950;13789732.5
MSTT;D;20241226;000000;134.65;143.4;134.65;139.45;240440;33310125
MSTT;D;20241227;000000;138.95;142.9;136.6;138.45;171350;23998482.5
MSTT;D;20241228;000000;139;142.75;137.8;138.5;121080;17022986
MSTT;D;20241230;000000;141.1;146.9;139.85;143;244930;35029639
MSTT;D;20250103;000000;145.3;149.5;140.25;141.35;177450;25762495
MSTT;D;20250106;000000;140;142.7;137.9;140.9;97930;13743836.5
MSTT;D;20250108;000000;141.85;148.65;141.3;145.7;293270;42835911.5
MSTT;D;20250109;000000;147.55;147.55;141;143.4;153810;22090358.5
MSTT;D;20250110;000000;141.75;147.3;141.05;146;107260;15558789.5
MSTT;D;20250113;000000;147.15;149.6;143;145.7;152960;22447404
MSTT;D;20250114;000000;144.75;146.7;142.4;145.3;34250;4972096.5
MSTT;D;20250115;000000;146.3;150;145.35;147;229660;33983049.5
MSTT;D;20250116;000000;150;152.95;148.5;149.15;260200;39230457
MSTT;D;20250117;000000;149.8;151.5;147.15;149.5;188570;28215856
MSTT;D;20250120;000000;151;154.5;147.6;149.25;333150;50710403
MSTT;D;20250121;000000;149.5;151.4;148.8;150.7;92170;13855422
MSTT;D;20250122;000000;151;155.5;150;152.95;203380;31224553.5
MSTT;D;20250123;000000;153;154.95;151.35;153.35;89750;13751886
MSTT;D;20250124;000000;154;156.55;150.2;151.55;115160;17790579.5
MSTT;D;20250127;000000;152.55;156.35;147.2;147.8;111960;16934864.5
MSTT;D;20250128;000000;146.8;152.35;145.25;149.85;234310;35020751.5
MSTT;D;20250129;000000;150;154.9;149.85;151.7;172160;26347598
MSTT;D;20250130;000000;151.45;153.65;151;151.6;48120;7316313
MSTT;D;20250131;000000;152;155.35;150.2;151.3;256370;39187058
MSTT;D;20250203;000000;151.25;153.1;150.15;150.7;39810;6036318.5
MSTT;D;20250204;000000;151;153.4;147.6;148.7;46410;6988746.5
MSTT;D;20250205;000000;147;151.9;147;148.45;33380;4960764.5
MSTT;D;20250206;000000;152.15;154.8;149.1;150.4;197170;30112896.5
MSTT;D;20250207;000000;151;152.5;148.2;148.6;54750;8208124
MSTT;D;20250210;000000;149.05;153.3;149;150.85;91320;13837341
MSTT;D;20250211;000000;150;152;149.3;150.25;45730;6871330
MSTT;D;20250212;000000;152;158.65;150.8;152;449440;69536878
MSTT;D;20250213;000000;159.8;160;152.3;152.85;145470;22612274.5
MSTT;D;20250214;000000;153.85;159;151;152;195270;30321174
MSTT;D;20250217;000000;153.6;160;153.6;157;215340;34041620.5
MSTT;D;20250218;000000;157;159.7;154.45;155.65;107460;16852946.5
MSTT;D;20250219;000000;157.2;159.8;153.6;158.1;79660;12549563
MSTT;D;20250220;000000;159.25;164.65;157;157.6;188950;30293828.5
MSTT;D;20250221;000000;159;163.5;157.6;159.2;117520;18824199.5
MSTT;D;20250224;000000;160.8;170.25;160.05;163.9;501150;82944461.5
MSTT;D;20250225;000000;165.05;168.9;164.05;165.75;216470;36089717
MSTT;D;20250226;000000;170;176.9;161.1;164.95;453250;76497852.5
MSTT;D;20250227;000000;160.55;169.4;158;162.2;211300;34550731.5
MSTT;D;20250228;000000;161.6;164.4;156;158.6;125260;20015726
MSTT;D;20250303;000000;158.2;161.65;153.05;161.55;125410;19940976
MSTT;D;20250304;000000;162.1;164;161;161.3;97220;15798330
MSTT;D;20250305;000000;161;166.95;160.3;162.35;154930;25328647
MSTT;D;20250306;000000;163;165;158.4;160.65;62230;10074402.5
MSTT;D;20250307;000000;163.7;163.7;155.55;156.8;59760;9523588.5
MSTT;D;20250310;000000;157;159.8;156.95;157.5;32300;5104095
MSTT;D;20250311;000000;156.8;159.5;155.3;158.3;23030;3636049.5
MSTT;D;20250312;000000;156.8;159.25;153;153.6;61940;9584472
MSTT;D;20250313;000000;153;153.65;148.2;149.95;116520;17607542.5
MSTT;D;20250314;000000;150;156.6;150;153.1;78110;12024657
MSTT;D;20250317;000000;154.95;158;154.95;157.15;40470;6346622.5
MSTT;D;20250318;000000;158.05;159;155.1;156.15;43050;6763765.5
MSTT;D;20250319;000000;156.15;159.7;152.85;158.75;80250;12600794.5
MSTT;D;20250320;000000;160;162.85;156.75;157.75;41900;6686465.5
MSTT;D;20250321;000000;157.75;157.75;154.85;154.85;30410;4747936.5
MSTT;D;20250324;000000;154.85;155.15;153.3;153.7;8380;1290441.5
MSTT;D;20250325;000000;154;155.8;150;151.5;33540;5110715
MSTT;D;20250326;000000;153;161.1;152.8;155;230510;36312725
MSTT;D;20250327;000000;153.9;154.2;151;151;32780;4976271
MSTT;D;20250328;000000;147.8;157;147.8;151.8;165250;25290497
MSTT;D;20250331;000000;150;151.75;147.35;148.35;43470;6493510
MSTT;D;20250401;000000;150.9;152.95;146.85;148.8;52340;7841760
MSTT;D;20250402;000000;148.55;155.1;146.5;148.25;127580;19161331
MSTT;D;20250403;000000;148.45;151.95;141.1;141.4;81960;12122258
MSTT;D;20250404;000000;142.35;142.45;127.65;129.2;101640;13605043
MSTT;D;20250407;000000;125;128.55;118.05;124.6;146320;17995963
MSTT;D;20250408;000000;126.1;137.7;126.1;130.25;78870;10354855
MSTT;D;20250409;000000;126.15;135.95;120;127.05;112610;14481538
MSTT;D;20250410;000000;133.9;137.95;132.05;134.8;59990;8100886.5
MSTT;D;20250411;000000;136.2;141.8;136.2;136.5;42840;5941530
MSTT;D;20250414;000000;136.6;138.6;132.45;134.1;19690;2660713.5
MSTT;D;20250415;000000;134.95;139.7;133.05;136.25;97430;13286400
MSTT;D;20250416;000000;136.35;138;134.4;137.45;34040;4646904
MSTT;D;20250417;000000;138.9;138.9;136.55;137;29070;3997145.5
MSTT;D;20250418;000000;136.8;136.95;130.7;133.55;61970;8258671
MSTT;D;20250421;000000;134.35;134.75;133.2;133.75;18420;2468491.5
MSTT;D;20250422;000000;134;138.25;133.05;135.2;55790;7582205.5
MSTT;D;20250423;000000;135;135.3;133.05;133.1;11820;1581420
MSTT;D;20250424;000000;133.15;145;133.15;138.4;347170;48705768.5
MSTT;D;20250425;000000;137.6;140.95;137.4;137.45;67710;9382354
MSTT;D;20250428;000000;140;143;137.45;138.45;156220;21923793
MSTT;D;20250429;000000;137.9;138.35;132.05;133;48880;6600424.5
MSTT;D;20250430;000000;131;133.45;129;131.4;31360;4121358
MSTT;D;20250502;000000;134;135.4;125.05;125.7;126230;16451745.5
MSTT;D;20250505;000000;127.4;127.4;123.15;123.5;30340;3790253.5
MSTT;D;20250506;000000;124.35;132.95;123.85;130.05;108330;14042788
MSTT;D;20250507;000000;128.7;133;128.5;130.75;27750;3640963
MSTT;D;20250508;000000;133.45;133.45;129.8;129.85;14130;1849782
MSTT;D;20250512;000000;133;139.95;131.6;135.35;200620;27386935.5
MSTT;D;20250513;000000;138;138;134.2;135.3;14870;2018131
MSTT;D;20250514;000000;134.3;134.95;133;134.1;11380;1523970.5
MSTT;D;20250515;000000;133.45;133.45;129.1;129.6;32630;4259366.5
MSTT;D;20250516;000000;129.1;133.95;128.55;131.2;51640;6809910
MSTT;D;20250519;000000;132;133.65;130.8;131.6;12550;1662057
MSTT;D;20250520;000000;130.55;131.35;129;129;10860;1406545
MSTT;D;20250521;000000;128.5;128.7;127.2;127.2;12590;1609803
MSTT;D;20250522;000000;127;132.9;125;128.8;61990;7952243.5
MSTT;D;20250523;000000;126.05;130.6;126;128.95;12380;1600946.5
MSTT;D;20250526;000000;124.95;127;123.1;123.5;48110;5982469
MSTT;D;20250527;000000;125.65;125.7;123.1;124.05;24560;3050238.5
MSTT;D;20250528;000000;124.3;129.1;124.3;126.75;59770;7593404
MSTT;D;20250529;000000;129;135;127.2;131.95;111040;14686232.5
MSTT;D;20250530;000000;132.55;133.95;129.1;129.1;55040;7227888.5
MSTT;D;20250602;000000;129.15;132;127.4;132;18320;2373316
MSTT;D;20250603;000000;131.3;138.95;131;134.3;176800;24096240.5
MSTT;D;20250604;000000;134.4;137.65;134.35;134.6;28780;3914898
MSTT;D;20250605;000000;134.3;135.95;133.1;134.4;12800;1717008
MSTT;D;20250606;000000;135.85;136.3;130;131.65;39340;5258502.5
MSTT;D;20250609;000000;131.95;133.75;125.3;128.25;54960;7107424.5
MSTT;D;20250610;000000;128.9;129.6;125.5;126.05;13980;1780569
MSTT;D;20250611;000000;126.9;131.45;126.25;128.15;51700;6685702
MSTT;D;20250613;000000;129.3;131;127.45;128.2;14290;1838609.5
MSTT;D;20250616;000000;128.4;130.15;126.5;128.2;24680;3169380
MSTT;D;20250617;000000;128.25;129.25;126.8;128;16440;2108936.5
MSTT;D;20250618;000000;128.9;129.85;127.3;128.7;18770;2419767
MSTT;D;20250619;000000;128.75;129.65;126.95;128.2;10250;1315426
MSTT;D;20250620;000000;128.2;128.2;126.15;126.9;11690;1487296
MSTT;D;20250623;000000;126.6;128.45;124.5;125.05;55900;7052097.5
MSTT;D;20250624;000000;127.1;128.2;124.55;127.9;51030;6456061.5
MSTT;D;20250625;000000;127.7;132.2;126.3;127;212040;27477964
MSTT;D;20250626;000000;129.85;129.85;126.4;126.7;14440;1840753
MSTT;D;20250627;000000;126.9;129.65;126.5;127.85;58030;7454643
MSTT;D;20250630;000000;128.6;130.8;128.35;129.3;52920;6854775
MSTT;D;20250701;000000;129.7;132.4;128.65;130.8;94800;12404373.5
MSTT;D;20250702;000000;131.85;132.05;129.45;130.1;41590;5450142.5
MSTT;D;20250703;000000;130.05;131.5;128.55;128.9;20870;2700199.5
MSTT;D;20250704;000000;130.1;132.65;128.9;129.85;78240;10221905.5
MSTT;D;20250707;000000;129.6;129.6;125.05;126.45;62430;7941550.5
MSTT;D;20250708;000000;125.8;127.85;125;125.1;17370;2187685.5
MSTT;D;20250709;000000;126.45;126.45;122.45;123.3;36590;4532505.5
MSTT;D;20250710;000000;123.4;125.5;122.55;123.55;20970;2604510.5
MSTT;D;20250711;000000;124.95;125.5;121.55;121.95;39460;4871492.5
MSTT;D;20250714;000000;122.55;125.3;118.75;124.95;54550;6679317.5
MSTT;D;20250715;000000;124.85;129.5;124.5;127.4;100010;12747495.5
MSTT;D;20250716;000000;128.45;129.2;126.45;126.75;37640;4805741.5
MSTT;D;20250717;000000;127.05;128.35;124.7;125.1;37850;4799217
MSTT;D;20250718;000000;126.3;128.5;124.75;126.55;42910;5456417.5
MSTT;D;20250721;000000;126.9;132;124.85;127.05;341630;43854747
MSTT;D;20250722;000000;127;128.85;125.35;126.45;66950;8491413.5
MSTT;D;20250723;000000;127.55;127.55;125.65;126.05;29100;3678261
MSTT;D;20250724;000000;126.7;126.95;125.5;126.25;25580;3218099
MSTT;D;20250725;000000;126.3;131.2;125.05;128.55;332060;42822557.5
MSTT;D;20250728;000000;129.25;133.55;126.05;127.85;247340;32366539
MSTT;D;20250729;000000;128.55;129.2;126.85;127.75;17300;2222539
MSTT;D;20250730;000000;128.7;129.8;126.2;128.05;33940;4347758
MSTT;D;20250731;000000;128.8;128.8;125.3;125.9;54360;6872857.5
MSTT;D;20250801;000000;126.75;128.85;126;126.95;65420;8361401
MSTT;D;20250804;000000;128.15;128.4;125.9;127.75;25670;3272596
MSTT;D;20250805;000000;128;128.5;126;127.45;26650;3384320
MSTT;D;20250806;000000;127.85;129.15;125.4;128.1;133780;16979605
MSTT;D;20250807;000000;128.35;130;126.55;127.75;94850;12181496.5
MSTT;D;20250808;000000;128.4;132.95;127.2;130.1;334410;43621057.5
MSTT;D;20250811;000000;130.8;137.9;130.75;133.2;273190;36829204
MSTT;D;20250812;000000;133.85;133.85;131.1;133.05;24700;3271144
MSTT;D;20250813;000000;133.8;133.9;131.05;132;43980;5802137
MSTT;D;20250814;000000;132.2;132.5;128.45;132.25;47610;6201975.5
MSTT;D;20250815;000000;132.45;134;130.05;131.6;53800;7091992.5
MSTT;D;20250818;000000;130;132.5;128.15;129.6;89030;11520510.5
MSTT;D;20250819;000000;129.2;131.05;129.1;129.5;49660;6457013.5
MSTT;D;20250820;000000;129.45;130.95;128.05;128.05;19960;2579345.5
MSTT;D;20250821;000000;128.75;128.85;126.55;126.75;30300;3865558
MSTT;D;20250822;000000;127.3;129;127.3;128;15840;2033635
MSTT;D;20250825;000000;128.5;129.25;127.8;128.25;8640;1108977
MSTT;D;20250826;000000;128.1;130.2;127;127.45;32890;4207127.5
MSTT;D;20250827;000000;127.95;129;127.55;128.8;10730;1377278
MSTT;D;20250828;000000;129;129.4;127.35;127.5;10360;1327771
MSTT;D;20250829;000000;127.6;130;127;127.75;59000;7592293
MSTT;D;20250901;000000;128.65;129.95;127;127.45;28550;3667205.5
MSTT;D;20250902;000000;127.9;129.7;126.7;127;38420;4927146
MSTT;D;20250903;000000;128.9;128.9;126.05;126.2;15080;1909513.5
MSTT;D;20250904;000000;126.35;127.85;126.05;126.4;10780;1366949
MSTT;D;20250905;000000;126.45;127.8;126.45;126.65;10340;1313900
MSTT;D;20250908;000000;126.8;128.75;126.25;127.45;27700;3536037.5
MSTT;D;20250909;000000;128.4;128.75;127.4;127.9;13480;1725351
MSTT;D;20250910;000000;127.75;128.55;126.2;126.7;14020;1779938.5
MSTT;D;20250911;000000;127.5;127.5;125.9;126.45;7430;938569
MSTT;D;20250912;000000;126.85;126.85;124.65;124.75;19470;2443674.5
MSTT;D;20250915;000000;125.15;125.75;121.75;122.65;29590;3640137.5
MSTT;D;20250916;000000;122.9;124.5;121.15;121.9;25020;3063401
MSTT;D;20250917;000000;122.6;123.65;120.6;122.95;14370;1751776.5
MSTT;D;20250918;000000;124.35;124.35;121.55;121.55;7740;943927
MSTT;D;20250919;000000;121.5;122.7;119.7;119.85;28940;3486806.5
MSTT;D;20250922;000000;119.6;119.7;115.35;118;26070;3062846.5
MSTT;D;20250923;000000;117.2;121.3;113.05;114.3;124310;14602149.5
MSTT;D;20250924;000000;115;116;113;115.8;20360;2329148.5
MSTT;D;20250925;000000;115.25;116.85;113;113.4;17670;2030206
MSTT;D;20250926;000000;114;114;112;113.2;19350;2183369
MSTT;D;20250929;000000;112.85;114.6;112;112.8;14110;1597358.5
MSTT;D;20250930;000000;112.8;112.8;111.1;111.95;11140;1245771
MSTT;D;20251001;000000;111.05;113.25;110.55;110.55;26240;2940185
MSTT;D;20251002;000000;111.75;111.75;106;106.35;39730;4277091
MSTT;D;20251003;000000;107.6;107.6;103.65;105;24720;2615201
MSTT;D;20251006;000000;104.3;106.4;101.15;105.8;51000;5277124
MSTT;D;20251007;000000;108.6;108.6;104.55;105.25;32470;3446348.5
MSTT;D;20251008;000000;107.25;107.25;100;101.5;50000;5176570.5
MSTT;D;20251009;000000;101.75;102.15;96.05;101.2;58950;5868584.5
MSTT;D;20251010;000000;101.8;102.3;99.8;100.15;13100;1324515.5
MSTT;D;20251013;000000;99.9;101.85;98.25;100;30990;3098106.5
MSTT;D;20251014;000000;100;100.3;97.1;98.95;10420;1025929.5
MSTT;D;20251015;000000;100.2;100.2;97.3;99.15;10480;1039055.5
MSTT;D;20251016;000000;100;102.95;98.15;102.55;46680;4729832
MSTT;D;20251017;000000;103;112.9;102.05;112.9;93940;10115163
MSTT;D;20251020;000000;116.25;122.95;112.9;122.95;219720;26555534.5
MSTT;D;20251021;000000;125.5;128.7;115.25;117.05;281560;34667278
MSTT;D;20251022;000000;117;122.75;112.1;113.25;102350;11954902.5
MSTT;D;20251023;000000;111;114.65;108;112.85;44750;4973409
MSTT;D;20251024;000000;114.95;114.95;104.6;105.3;114500;12378170
MSTT;D;20251027;000000;106;106.2;99.3;101.05;41100;4193161
MSTT;D;20251028;000000;100;104.65;100;103.45;41180;4244423
MSTT;D;20251029;000000;103.1;106.65;103.1;103.85;42990;4503241
MSTT;D;20251030;000000;104.45;109.45;103.35;104.95;132820;14107970
MSTT;D;20251031;000000;104.1;104.9;101.5;102.5;21540;2216102.5
MSTT;D;20251101;000000;102.4;104.2;101.35;102.9;24150;2492044.5
MSTT;D;20251103;000000;102.7;105.5;102.7;105;12550;1312639
MSTT;D;20251105;000000;104.7;106;102.8;103.8;30480;3186083
MSTT;D;20251106;000000;103.7;104.85;102;103.5;25590;2632833.5
MSTT;D;20251107;000000;103;107.4;102.85;103.7;88510;9323405.5
MSTT;D;20251110;000000;104;106.1;103.5;103.6;43020;4501602
MSTT;D;20251111;000000;103.7;105.85;103.6;105;10140;1065274
MSTT;D;20251112;000000;104.5;105.4;103.65;104.45;9260;965123.5
MSTT;D;20251113;000000;104.45;104.5;103;103.7;9070;939411
MSTT;D;20251114;000000;103;104.35;102.55;103.3;6190;638400.5
MSTT;D;20251117;000000;103.25;104.45;101.75;102.5;33890;3487344
MSTT;D;20251118;000000;101.95;104.8;101.95;102.8;24800;2561436.5
MSTT;D;20251119;000000;102.6;114;102.55;106.15;280720;30255014
MSTT;D;20251120;000000;107.8;108.85;105.35;107.65;41690;4488045
MSTT;D;20251121;000000;106.7;109.55;106.7;108;30760;3327748.5
MSTT;D;20251124;000000;108.15;110.95;103.2;106;91550;9737685
MSTT;D;20251125;000000;105.15;108.55;105.1;108.2;32020;3433028.5
MSTT;D;20251126;000000;108.25;109.6;106.35;106.4;20660;2222549.5
MSTT;D;20251127;000000;108.9;108.9;105;105.75;19440;2064463.5
MSTT;D;20251128;000000;105.7;108.05;104.85;107;32830;3494422
MSTT;D;20251201;000000;108.25;108.4;106.05;106.95;20880;2237093
MSTT;D;20251202;000000;107.25;108.1;105.5;105.85;7550;804785.5
MSTT;D;20251203;000000;105.9;106.85;104;106.55;10190;1071425
MSTT;D;20251204;000000;106.85;112.45;106.5;110;312400;34558151
MSTT;D;20251205;000000;109.95;110.45;109.05;110.25;35550;3901138.5
MSTT;D;20251208;000000;110.25;110.55;108.15;109.5;31110;3413362
MSTT;D;20251209;000000;109;110.15;108.4;109.35;28820;3157434
MSTT;D;20251210;000000;110;114.4;109.35;113.3;183240;20503901
MSTT;D;20251211;000000;113.3;115;111.2;113.45;124210;14072013.5
MSTT;D;20251212;000000;112.45;114.5;109.6;110.75;61120;6873133
MSTT;D;20251215;000000;110.7;113.55;110.7;111.25;39600;4437877.5
MSTT;D;20251216;000000;111.2;118.75;111.2;117.05;318780;37228866
MSTT;D;20251217;000000;117.9;120;116;116.75;117700;13879080
MSTT;D;20251218;000000;117.75;139;117;134.25;2204050;290228573.5
MSTT;D;20251219;000000;135;136.3;125.3;126.7;513100;66002809.5
MSTT;D;20251222;000000;126.45;129.95;122.75;124.4;403360;50934345
MSTT;D;20251223;000000;124.5;128;122.2;122.9;143150;17826763
MSTT;D;20251224;000000;122.65;128.5;122.65;124.7;354180;44494098.5
MSTT;D;20251225;000000;125.65;126.35;117.35;118.75;225610;27234868
MSTT;D;20251226;000000;119.45;121.6;117.15;120.3;172470;20701652
MSTT;D;20251229;000000;120.1;122;117.05;118.45;126630;15229986
MSTT;D;20251230;000000;118.45;119.5;115.4;117.85;36920;4343531.5
MSTT;D;20260105;000000;117.95;117.95;116;116.25;17060;1990647.5
MSTT;D;20260106;000000;116;120.9;115.9;119.1;114970;13658271
MSTT;D;20260108;000000;117.35;118.9;115.95;117.65;40450;4747156.5
MSTT;D;20260109;000000;116.2;119.2;116.2;117.15;24990;2938331
MSTT;D;20260112;000000;117.25;123.35;117.15;121.5;327000;39517481.5
MSTT;D;20260113;000000;121.45;121.45;117.95;119.8;56020;6675323.5
