<TICKER>;<PER>;<DATE>;<TIME>;<OPEN>;<HIGH>;<LOW>;<CLOSE>;<AMOUNT>;<VOLUME>
MTLR;D;20081226;000000;123.25;123.25;110;114;9;1046.9
MTLR;D;20081229;000000;114;114;110.6;110.6;6;672
MTLR;D;20081230;000000;112.7;112.7;112.7;112.7;351;39557.7
MTLR;D;20081231;000000;113.4;113.4;113.4;113.4;1;113.4
MTLR;D;20090111;000000;130;130;116;121;1877;235638.06
MTLR;D;20090112;000000;124.85;145;122.66;132.85;12504;1594187.18
MTLR;D;20090113;000000;128.88;140;120.02;121.45;34763;4291756.07
MTLR;D;20090114;000000;121.45;122;111.11;113;11532;1342554.62
MTLR;D;20090115;000000;112.9;118.49;105.03;106;12011;1334658.5
MTLR;D;20090116;000000;108.25;111.9;106;107.5;13325;1452939.73
MTLR;D;20090119;000000;108;108;97.5;99.6;6489;663045.05
MTLR;D;20090120;000000;95;100;90;92.5;22316;2107690.65
MTLR;D;20090121;000000;85.05;89.99;83;85;69797;5926880.34
MTLR;D;20090122;000000;94.88;94.88;76;80;84730;6995855.26
MTLR;D;20090123;000000;84.99;84.99;73;75;15911;1184885.01
MTLR;D;20090126;000000;77;88.5;76.7;87;247892;20786975.02
MTLR;D;20090127;000000;89.99;105;82;93;82223;7545729.61
MTLR;D;20090128;000000;93.5;93.5;88.11;91.51;10706;970235.14
MTLR;D;20090129;000000;94.79;99.95;92;92;6901;647319.22
MTLR;D;20090130;000000;92;97.47;90.01;95.13;13007;1226996.67
MTLR;D;20090202;000000;99.29;103.99;96;101.89;27533;2752166.83
MTLR;D;20090203;000000;102.9;111.99;100.02;111.9;63973;6763323.59
MTLR;D;20090204;000000;113;125;112;124;74388;8811294.58
MTLR;D;20090205;000000;124.25;149.99;124.25;130;292125;38566588.52
MTLR;D;20090206;000000;138.45;148.49;129.02;147;56380;7947495.88
MTLR;D;20090209;000000;149.21;205.86;149.21;173.99;231330;39890236.81
MTLR;D;20090210;000000;180;217;175.47;188.8;253318;50531090
MTLR;D;20090211;000000;181.02;183.5;168.8;175.1;115028;20370847.89
MTLR;D;20090212;000000;175.05;175.1;150;154.15;63691;10211835.85
MTLR;D;20090213;000000;163;163.3;155;159;45449;7167854.54
MTLR;D;20090216;000000;157.13;159.79;149.5;156;18777;2901006.4
MTLR;D;20090217;000000;158.6;158.79;131;143.69;32462;4828844.29
MTLR;D;20090218;000000;145;147;130.1;139;26270;3658338.55
MTLR;D;20090219;000000;145.7;147;135.02;142;22858;3271797.56
MTLR;D;20090220;000000;142.5;160;126.62;134;82777;11577972.24
MTLR;D;20090224;000000;128.1;139.87;123.01;134.9;17410;2255688.9
MTLR;D;20090225;000000;149.23;156;139.9;142;110906;16552749.21
MTLR;D;20090226;000000;155.5;159;135.2;150;295294;45129094.34
MTLR;D;20090227;000000;139.8;146;131.02;134.97;304060;41748939.13
MTLR;D;20090302;000000;131.27;133.99;125;130.46;59018;7659720.44
MTLR;D;20090303;000000;127.75;140.35;126.5;128;115676;14895254.68
MTLR;D;20090304;000000;134.25;140;130;131.99;251256;33753338.1
MTLR;D;20090305;000000;137.99;137.99;128.5;128.51;100658;13178603.25
MTLR;D;20090306;000000;128.26;129.9;125.13;126;98215;12524799.52
MTLR;D;20090310;000000;128.5;134.5;126.1;132.8;294403;38252647.87
MTLR;D;20090311;000000;133.47;135.99;126.8;128.44;165833;21496833.36
MTLR;D;20090312;000000;128.2;128.97;120;121.12;141898;17456068.44
MTLR;D;20090313;000000;123.34;128.8;122;126;209897;26463219.99
MTLR;D;20090316;000000;128.5;133.5;126;133;118418;15456224.21
MTLR;D;20090317;000000;135.55;135.55;124.99;129;233945;30236098.64
MTLR;D;20090318;000000;130.06;131;124.8;126.5;93384;11935757.5
MTLR;D;20090319;000000;133.15;138.5;130;134.13;419279;56271741.26
MTLR;D;20090320;000000;135.25;145;135.11;142;259237;36231669.48
MTLR;D;20090323;000000;144.5;163;140.02;160.41;304911;45814530.36
MTLR;D;20090324;000000;157.35;165;144.05;147;471222;70414797.06
MTLR;D;20090325;000000;147;157.3;140.1;154;240800;35626783.65
MTLR;D;20090326;000000;156.05;159.9;148.5;157.99;232613;35938162.25
MTLR;D;20090327;000000;157.55;159.99;146.01;151;205380;31666727.88
MTLR;D;20090330;000000;149.75;149.75;138.81;140;85725;12210847.02
MTLR;D;20090331;000000;141;148;136.04;146.89;55983;8112427.89
MTLR;D;20090401;000000;148.99;149.95;141.1;145.92;57386;8353418.37
MTLR;D;20090402;000000;149.59;157;146.53;152.5;195027;29346718.98
MTLR;D;20090403;000000;157.5;157.5;151.99;156.29;101882;15728464.99
MTLR;D;20090406;000000;161.75;168.3;157;157.99;220117;36146877.51
MTLR;D;20090407;000000;156.51;161.51;155.01;158.98;66186;10413926.08
MTLR;D;20090408;000000;158;168.87;152.51;167;330105;52985227.24
MTLR;D;20090409;000000;170.5;199;169.05;198.9;293615;53499311.24
MTLR;D;20090410;000000;211;211;190.01;194.5;88065;17105253.56
MTLR;D;20090413;000000;187.42;198;187.42;195;59768;11540682.06
MTLR;D;20090414;000000;202.35;214.9;201.01;209.9;122949;25585891.15
MTLR;D;20090415;000000;200;204.94;190;202;91539;18296192.89
MTLR;D;20090416;000000;204.01;210;200.82;206.5;53433;10974208.05
MTLR;D;20090417;000000;211.36;218.01;208;218;104203;22210202.74
MTLR;D;20090420;000000;215.13;221.95;195.2;199;127344;26487889.44
MTLR;D;20090421;000000;195;199;180.18;193.6;216834;41136444.4
MTLR;D;20090422;000000;195.08;203.87;192.99;201.98;107069;21064032.58
MTLR;D;20090423;000000;201;207;198.75;203;131762;26584852.37
MTLR;D;20090424;000000;208.67;208.67;200;206;59546;12079877.59
MTLR;D;20090427;000000;200.89;203.5;195.5;198.9;22064;4387969.06
MTLR;D;20090428;000000;196;196;181.01;186.78;43867;8170050.43
MTLR;D;20090429;000000;187.5;189.89;185.01;187;202953;37790005.01
MTLR;D;20090430;000000;187;189.9;183.99;186.96;351933;65486830.08
MTLR;D;20090504;000000;200;207;193;206;259145;52302950.66
MTLR;D;20090505;000000;214.5;216.99;206.14;212.96;150332;31807873.53
MTLR;D;20090506;000000;213.65;223;206.18;214.5;97101;21016061.03
MTLR;D;20090507;000000;230;239.99;218;228.8;177723;40817000.6
MTLR;D;20090508;000000;227;234.99;223.31;230.5;40151;9261681.13
MTLR;D;20090512;000000;228.8;244;224;244;100235;23848164.94
MTLR;D;20090513;000000;254.5;259;225;231.31;71836;17022713.35
MTLR;D;20090514;000000;229.99;229.99;215.02;224.5;56406;12524379.87
MTLR;D;20090515;000000;227.58;230;219.99;226.8;31213;6978335.79
MTLR;D;20090518;000000;216.4;232;216.4;232;34371;7847472.31
MTLR;D;20090519;000000;245.5;255;235.3;255;87382;21311730.1
MTLR;D;20090520;000000;255.65;272;251;269;204397;53881184.34
MTLR;D;20090521;000000;262.5;265.8;250;256.1;115999;29820801.21
MTLR;D;20090522;000000;256;259.85;250.01;257.97;21134;5425514.98
MTLR;D;20090525;000000;259.98;259.98;250.33;256.98;14586;3684002.43
MTLR;D;20090526;000000;257.7;258.78;242.3;255.89;44016;10940889.33
MTLR;D;20090527;000000;260.5;271;256;265.88;76840;20243609.06
MTLR;D;20090528;000000;266.91;283;262;272.9;95062;25969770.86
MTLR;D;20090529;000000;280;288.89;277.07;283;94185;26626465.59
MTLR;D;20090601;000000;287;299.4;283;298.99;303224;89070607.83
MTLR;D;20090602;000000;303.51;316.99;289;316.5;389806;118572762.43
MTLR;D;20090603;000000;328.25;328.25;300;303;75907;23435091.04
MTLR;D;20090604;000000;298.21;308;287;294.99;78006;23412011.07
MTLR;D;20090605;000000;295.6;312;292.01;302.99;36650;11006024.46
MTLR;D;20090608;000000;302.98;303.1;282;289;18244;5303321.4
MTLR;D;20090609;000000;300.9;300.9;286.75;291.99;22774;6601919.58
MTLR;D;20090610;000000;294.7;297.1;280;293.47;35875;10436949.25
MTLR;D;20090611;000000;295.35;296;280;290.98;67657;19362908.67
MTLR;D;20090615;000000;289.39;289.4;263.31;266.97;42428;11492264.94
MTLR;D;20090616;000000;261.34;284.3;259;283.98;114912;31585322.27
MTLR;D;20090617;000000;283;294;256.36;262.99;61235;16522870.08
MTLR;D;20090618;000000;263;269;245.01;268;77510;20180992.87
MTLR;D;20090619;000000;268.79;280.9;262.01;274.45;61877;17047084.77
MTLR;D;20090622;000000;274.5;275.99;236.1;242.63;80790;20007872.52
MTLR;D;20090623;000000;235;249.9;220.02;238.5;67135;15892162.26
MTLR;D;20090624;000000;245;258.8;243.27;252.9;94095;23474201.44
MTLR;D;20090625;000000;250.49;250.49;236;244;53834;13006271.57
MTLR;D;20090626;000000;247.19;254.99;237;244.44;51690;12608650.43
MTLR;D;20090629;000000;236.11;248.4;232.22;248.4;15020;3673654.28
MTLR;D;20090630;000000;249.55;254.6;239;241.5;82167;20272154.71
MTLR;D;20090701;000000;243.99;245.99;238.3;245.98;15567;3798344.7
MTLR;D;20090702;000000;244.5;254;243.93;254;82112;20404940
MTLR;D;20090703;000000;250;253.5;245.5;253;45812;11437156.73
MTLR;D;20090706;000000;251;254.5;235;239.45;29751;7198757.94
MTLR;D;20090707;000000;244.43;244.86;235.22;239.98;12709;3051183.57
MTLR;D;20090708;000000;231.41;235;225;235;20465;4708722.87
MTLR;D;20090709;000000;235;235.99;230.05;233.8;11552;2707735.88
MTLR;D;20090710;000000;236.35;237.99;217.5;217.65;29677;6652520.02
MTLR;D;20090713;000000;210;219;210;211;30245;6474907.03
MTLR;D;20090714;000000;217.26;229;216;224.01;75899;16732610.82
MTLR;D;20090715;000000;230;243;226.01;243;34942;8326082.1
MTLR;D;20090716;000000;249.5;264.89;245.68;253.12;112079;28665714.59
MTLR;D;20090717;000000;255.55;266;250.05;262.99;60640;15883267.86
MTLR;D;20090720;000000;265.35;270;264.5;267;41947;11191356.14
MTLR;D;20090721;000000;267.97;269.29;257.01;269.29;127098;33926850.04
MTLR;D;20090722;000000;269.29;271.3;261.26;262.35;45277;12028866.76
MTLR;D;20090723;000000;265.55;280;263.51;280;84028;22967708.41
MTLR;D;20090724;000000;291.93;291.93;271.5;275.5;63602;17812447.92
MTLR;D;20090727;000000;283.74;286;275.12;282.48;70487;19803389.01
MTLR;D;20090728;000000;283.5;300;271.26;272;92090;26387263.5
MTLR;D;20090729;000000;290.5;290.5;266;275.67;38840;10587848.92
MTLR;D;20090730;000000;275;295;273;294.96;43720;12325615.82
MTLR;D;20090731;000000;295.55;297;284.5;293;62796;18257303.43
MTLR;D;20090803;000000;293.1;318.98;290.31;317.9;103068;31751064.28
MTLR;D;20090804;000000;315;315;309.9;312.98;30799;9608413.65
MTLR;D;20090805;000000;312;312;295.01;299.64;154032;47158707.02
MTLR;D;20090806;000000;301.2;310.7;297;304.58;74150;22363520.91
MTLR;D;20090807;000000;301.89;329;295.44;327.7;114268;35770207.58
MTLR;D;20090810;000000;327;333;320.1;328;78186;25598338.45
MTLR;D;20090811;000000;328.95;349.65;306.02;308.61;105709;34866077.14
MTLR;D;20090812;000000;308.49;326;295.31;325.98;121077;38156073.4
MTLR;D;20090813;000000;241.21;337.45;237.41;333;56613;17920504.23
MTLR;D;20090814;000000;337.5;349.99;324;333.89;46141;15659662.51
MTLR;D;20090817;000000;324.25;329.98;306.01;306.01;42843;13462690.65
MTLR;D;20090818;000000;309.99;318;300.83;312.99;27990;8657999.76
MTLR;D;20090819;000000;308.3;311.99;301.88;303;26573;8111581.53
MTLR;D;20090820;000000;313;313;305.36;309.95;11609;3582664.29
MTLR;D;20090821;000000;308.7;328.97;305.01;328.9;27359;8718182.38
MTLR;D;20090824;000000;330.1;336.33;329.87;332.98;40227;13411246.96
MTLR;D;20090825;000000;332.6;351.59;332.6;347;127475;43678875.64
MTLR;D;20090826;000000;347;354.12;341.7;349.13;28160;9856856.76
MTLR;D;20090827;000000;343.79;354;334.96;342;25707;8846140.76
MTLR;D;20090828;000000;346.15;370.89;345;357.5;31231;11133220.27
MTLR;D;20090831;000000;350.25;354.9;343;348;40241;14014982.03
MTLR;D;20090901;000000;351.05;356;343.73;350;30483;10649539
MTLR;D;20090902;000000;343.78;345;313.01;314.21;134919;43563101.68
MTLR;D;20090903;000000;320.56;352;320;339.85;133826;45142729.46
MTLR;D;20090904;000000;348.9;349.8;333.52;340.7;78111;26778534.01
MTLR;D;20090907;000000;342;346.15;341.38;343;12163;4178100.64
MTLR;D;20090908;000000;348.59;360;342;359.99;105608;36989733.47
MTLR;D;20090909;000000;359.99;364.8;354.02;359;32753;11746690.7
MTLR;D;20090910;000000;361.05;409.99;360.02;394;152399;57621349.75
MTLR;D;20090911;000000;400;497;385.21;436;222401;90540229.06
MTLR;D;20090914;000000;430;436;404.16;413.5;147723;61747205.99
MTLR;D;20090915;000000;415.77;439.89;414.41;426.89;122172;51575913.68
MTLR;D;20090916;000000;424.95;429.4;411.99;420.99;92214;38729456.83
MTLR;D;20090917;000000;425.5;439.07;420.99;431;89023;38425598.59
MTLR;D;20090918;000000;434.08;437.9;406.17;430.27;22900;9732998.42
MTLR;D;20090921;000000;373.03;428.78;373.03;414.95;66240;27676018.02
MTLR;D;20090922;000000;415;450;415;439.9;38546;16760001.88
MTLR;D;20090923;000000;449.5;478;440;459.89;261794;121723252.24
MTLR;D;20090924;000000;455;472;441.25;444;93473;42659215.48
MTLR;D;20090925;000000;450;459.95;433.2;449.19;135498;60061614.02
MTLR;D;20090928;000000;468.89;468.89;431.01;460;89979;40323900.64
MTLR;D;20090929;000000;463.95;514.99;455.21;494.99;118075;57440794.42
MTLR;D;20090930;000000;498.79;500;475.65;477;136052;65567739.67
MTLR;D;20091001;000000;484.99;498.6;476.51;484.99;35012;17053843.38
MTLR;D;20091002;000000;465.03;475.28;446.45;463.42;226892;103708108.68
MTLR;D;20091005;000000;467;467;449.5;451.33;12283;5604707.38
MTLR;D;20091006;000000;460.01;478.8;455.01;478.2;62321;28928210.94
MTLR;D;20091007;000000;484.27;485;468.45;469.99;24558;11761902.56
MTLR;D;20091008;000000;479.99;485.89;474.99;478.5;50359;24231749.16
MTLR;D;20091009;000000;493.69;493.69;470.56;477.02;79581;37976364.08
MTLR;D;20091012;000000;475.01;488.75;475.01;484.05;80915;39163682.92
MTLR;D;20091013;000000;484.51;494.99;473.3;478;60534;29123974.25
MTLR;D;20091014;000000;479;497;478;496.99;128563;63255418.5
MTLR;D;20091015;000000;500.5;512;494;502;151224;75727607.04
MTLR;D;20091016;000000;506.48;507.98;478.02;502.99;145198;72717153.42
MTLR;D;20091019;000000;500;506;492.01;506;88189;44398256.39
MTLR;D;20091020;000000;509.41;529;501.22;518.99;104870;53973709.66
MTLR;D;20091021;000000;518.99;530;496;519.99;81331;41653791.97
MTLR;D;20091022;000000;512;526;488.23;490;178154;88112013.65
MTLR;D;20091023;000000;500.1;503;490.63;498.84;38523;19166283.21
MTLR;D;20091026;000000;494.88;499.97;493.01;494;23935;11857305.74
MTLR;D;20091027;000000;491.9;494.37;462.64;470;79969;37494481.41
MTLR;D;20091028;000000;460;465;430;435.01;167192;73832127.89
MTLR;D;20091029;000000;437.55;468.01;411.51;465;73367;32808520.99
MTLR;D;20091030;000000;471.77;472;440;450.99;38113;17191052.06
MTLR;D;20091102;000000;445.83;460;444;459.4;15751;7091318.94
MTLR;D;20091103;000000;456.88;456.89;432;437;298415;130867989.59
MTLR;D;20091105;000000;442.64;497.67;442.64;492.09;137270;63916632.44
MTLR;D;20091106;000000;500.5;501.01;456.01;480;75237;36138808.05
MTLR;D;20091109;000000;530.52;530.52;470.01;491;122692;59411361.46
MTLR;D;20091110;000000;498.99;498.99;472.09;480;73846;35778019.51
MTLR;D;20091111;000000;482;486.88;471.67;482;14481;6959254.73
MTLR;D;20091112;000000;480;480;460;472;24885;11645984.94
MTLR;D;20091113;000000;433.01;475;433.01;469.9;20346;9511734.33
MTLR;D;20091116;000000;491;502;476;502;63829;31464211.16
MTLR;D;20091117;000000;505.53;505.53;476.01;485.41;118306;57357885.82
MTLR;D;20091118;000000;485.49;497.98;477.01;489;110003;53409170.65
MTLR;D;20091119;000000;481.64;487.98;473;478.5;28696;13708127.59
MTLR;D;20091120;000000;480;483.8;475;477.02;94816;45417685.58
MTLR;D;20091123;000000;480;486.37;479;480;21365;10284891.52
MTLR;D;20091124;000000;480;481.1;465.01;470;8835;4172258.07
MTLR;D;20091125;000000;468.88;480;458.08;464.79;84263;39453300.27
MTLR;D;20091126;000000;455;464.98;447;454;29901;13515904.02
MTLR;D;20091127;000000;445.83;471;420;469;79199;35495966.79
MTLR;D;20091130;000000;471.53;475;449;454.08;57465;26133573.73
MTLR;D;20091201;000000;461.69;470;452.12;467.96;18830;8757507.25
MTLR;D;20091202;000000;466.2;483.9;466.2;480;97137;46473865.14
MTLR;D;20091203;000000;480;485.95;475.24;478.75;67050;32203412.89
MTLR;D;20091204;000000;474.92;492;470;492;32295;15573166.31
MTLR;D;20091207;000000;492.5;492.5;478;490;37020;17941248.38
MTLR;D;20091208;000000;490;499;480.17;488.94;44350;21810080.89
MTLR;D;20091209;000000;485.02;497.97;472;473;36157;17376226.1
MTLR;D;20091210;000000;471.6;472.6;468.6;470.1;18192;8550997.71
MTLR;D;20091211;000000;475;477.91;470;474.04;4265;2015664.26
MTLR;D;20091214;000000;473;485;471.06;485;9427;4506743.87
MTLR;D;20091215;000000;487.7;494.96;480.64;486.95;10266;5008875.79
MTLR;D;20091216;000000;488.38;499;482.53;495.93;39466;19543091.86
MTLR;D;20091217;000000;492;495.95;482.62;486.97;14267;6987538.56
MTLR;D;20091218;000000;490;490;487.07;487.31;6401;3129979.97
MTLR;D;20091221;000000;495;497.31;484.99;492.14;21272;10436209.91
MTLR;D;20091222;000000;503.75;503.75;476;483;10097;4909258.53
MTLR;D;20091223;000000;488.38;488.87;478.17;482;4554;2202111.44
MTLR;D;20091224;000000;486;486;467;472;5249;2506714.78
MTLR;D;20091225;000000;472;478.97;468.31;477;1275;605829.61
MTLR;D;20091228;000000;478.2;485.87;478.2;485.87;4782;2312255.69
MTLR;D;20091229;000000;479.99;485.5;476.37;484.5;8102;3898842.73
MTLR;D;20091230;000000;485;487;480;485;6226;3004842.32
MTLR;D;20091231;000000;487.01;487.01;476.21;487;662;319627.6
MTLR;D;20100111;000000;498.11;529;495;527;98130;50894656.37
MTLR;D;20100112;000000;527;533;515;519;42342;22058907.61
MTLR;D;20100113;000000;512.04;579;512.04;564.33;127305;70607118.71
MTLR;D;20100114;000000;583.49;640;568.28;605.02;127721;77489723.13
MTLR;D;20100115;000000;610;611.49;600;605;63075;38225056.36
MTLR;D;20100118;000000;617.5;646.83;585.01;625.5;80946;50509804.25
MTLR;D;20100119;000000;646.9;646.9;605;633;87778;54501226.49
MTLR;D;20100120;000000;646;649.7;619.9;625;96821;61475722.75
MTLR;D;20100121;000000;626;633.34;591.07;609.9;39215;23867762.48
MTLR;D;20100122;000000;600;600;579.76;587.5;46569;27325071.16
MTLR;D;20100125;000000;581.95;603;570;590;35743;21253953.18
MTLR;D;20100126;000000;584.93;586;572.69;576;27876;16168587
MTLR;D;20100127;000000;575;584.29;570.6;572.48;17811;10275908.24
MTLR;D;20100128;000000;574.71;598.53;572.1;575;89361;52483772.65
MTLR;D;20100129;000000;569.99;579;553.3;578.2;46877;26697729.86
MTLR;D;20100201;000000;570.08;592;569.99;592;50397;29057952.92
MTLR;D;20100202;000000;605;640;600.06;622;126195;77977751.02
MTLR;D;20100203;000000;627.5;655;625.33;640;102492;65790474.33
MTLR;D;20100204;000000;640;675.75;615.2;625;167883;108117904.9
MTLR;D;20100205;000000;615.45;615.45;585.56;599.98;201940;120448740.9
MTLR;D;20100208;000000;615.49;623.89;594.64;615;69691;42693930.22
MTLR;D;20100209;000000;630.54;642.13;603.05;634.19;83001;51575068.71
MTLR;D;20100210;000000;643.08;653.8;614;623;54262;34608307.53
MTLR;D;20100211;000000;640;640;610;621;21765;13498030.67
MTLR;D;20100212;000000;630.96;645.03;615.02;627.04;59130;37489010.89
MTLR;D;20100215;000000;640.77;647.67;626.99;647.2;17534;11225955.33
MTLR;D;20100216;000000;651.2;699;651;690.31;111691;76154711.81
MTLR;D;20100217;000000;695;718;690;692;38321;26822281.2
MTLR;D;20100218;000000;692;700;667.4;682.9;67639;45986997.4
MTLR;D;20100219;000000;675;689;641.01;687.97;12779;8627854.74
MTLR;D;20100224;000000;680.08;685.78;666.31;676.99;30047;20253713.21
MTLR;D;20100225;000000;682.1;682.1;641.35;643.89;74560;48557170.65
MTLR;D;20100226;000000;651.39;663.77;646;655.25;39297;25810699.34
MTLR;D;20100227;000000;659;674;659;671.7;7151;4759169.62
MTLR;D;20100301;000000;675.44;697;669;676.95;35706;24170402.57
MTLR;D;20100302;000000;694.39;694.39;670.5;680.01;69950;47421130.86
MTLR;D;20100303;000000;694.69;725;677.86;721.99;53741;37541470.74
MTLR;D;20100304;000000;710.58;736.89;697;714.91;87779;63203023.92
MTLR;D;20100305;000000;746.2;746.2;718.2;731;44626;32498892.43
MTLR;D;20100309;000000;738;759;729;736.99;42625;31415478.21
MTLR;D;20100310;000000;740.58;740.58;725;728;28046;20536306.25
MTLR;D;20100311;000000;741.56;742.05;723;729;96912;71270689.89
MTLR;D;20100312;000000;753.34;753.34;730;738.6;71362;52541027.66
MTLR;D;20100315;000000;762.22;762.22;712.02;730.67;17204;12606301.93
MTLR;D;20100316;000000;737.97;743;731;740.95;27039;19973968.53
MTLR;D;20100317;000000;749.3;775;745;761;90679;68830118.77
MTLR;D;20100318;000000;777.25;777.25;739.85;740;194614;145333074.4
MTLR;D;20100319;000000;749.34;752;737;742;79539;59265672.21
MTLR;D;20100322;000000;716;745.9;716;735;167709;123470381.59
MTLR;D;20100323;000000;751;763;751;759.86;189875;143878846.5
MTLR;D;20100324;000000;759.86;798;759.86;780;102818;80076698.69
MTLR;D;20100325;000000;782;796.89;764.53;795.99;58257;45996839.47
MTLR;D;20100326;000000;795;824.95;795;817.99;53620;43389927.93
MTLR;D;20100329;000000;812;836;812;835.5;67013;55469874.29
MTLR;D;20100330;000000;854.99;859.8;822.28;838.96;51265;43151262.58
MTLR;D;20100331;000000;838.49;854.99;825.04;835;101774;85616479.14
MTLR;D;20100401;000000;801.5;845;801.5;844;82963;69721986.85
MTLR;D;20100402;000000;849.5;849.98;835;847.89;57501;48390793.12
MTLR;D;20100405;000000;863.16;875;838.22;863;60587;52071966.42
MTLR;D;20100406;000000;861.5;879;845;860;52710;45506041.07
MTLR;D;20100407;000000;858;863.99;791.44;847;73968;62150369.73
MTLR;D;20100408;000000;857.72;857.72;817.48;849;49452;41823257.9
MTLR;D;20100409;000000;844.17;882;844.17;860;61772;53602965.79
MTLR;D;20100412;000000;878.02;878.02;846.5;870;31708;27386588.15
MTLR;D;20100413;000000;864.65;877.42;850.01;867.5;64337;55773502.73
MTLR;D;20100414;000000;830.21;880;830.21;874;111454;97382720.59
MTLR;D;20100415;000000;892;892;845;865.99;27038;23233974
MTLR;D;20100416;000000;870;870;826.05;828.01;77569;65150495.55
MTLR;D;20100419;000000;800.36;830;783;816;58098;46610178.04
MTLR;D;20100420;000000;834.01;834.9;808.04;820.98;117306;96182813.93
MTLR;D;20100421;000000;825;831;801;813.63;45496;37293203.89
MTLR;D;20100422;000000;810;818.49;780.36;784.71;34489;27561929.93
MTLR;D;20100423;000000;791;812;782;797.94;83115;66290138.1
MTLR;D;20100426;000000;807.5;818.89;796.97;803;37588;30325636.55
MTLR;D;20100427;000000;774.43;803;759.78;772.99;103901;81043864.66
MTLR;D;20100428;000000;751.28;770;731;760;65364;49057151.6
MTLR;D;20100429;000000;762.5;784.14;761.13;784.05;35395;27504199.28
MTLR;D;20100430;000000;784;789.3;756.84;758.97;28470;21999000.54
MTLR;D;20100504;000000;780;780;702;707.98;34137;24988149.75
MTLR;D;20100505;000000;703.41;734.01;690.01;690.2;50170;35417681.13
MTLR;D;20100506;000000;660;720;660;704.98;47195;33217550.57
MTLR;D;20100507;000000;679.66;685.24;640;640.17;98074;65883864.44
MTLR;D;20100511;000000;720;749.99;696.8;742.1;146562;106477478.51
MTLR;D;20100512;000000;746;779.85;745;760.99;111248;84619688.02
MTLR;D;20100513;000000;752.5;779.85;747.53;753;39417;30043265.44
MTLR;D;20100514;000000;744.51;750;719;731.5;32801;24057048.17
MTLR;D;20100517;000000;700.02;739.77;696;729.03;25610;18476579.72
MTLR;D;20100518;000000;688.54;745;688.54;744.99;15125;11114725.41
MTLR;D;20100519;000000;735;735.1;706.69;712;48545;35065084.32
MTLR;D;20100520;000000;715.99;728;657;666.9;114745;77589474.22
MTLR;D;20100521;000000;663.45;715;645;706.93;86602;58095945.31
MTLR;D;20100524;000000;725;725;665;669.8;93242;63222170.19
MTLR;D;20100525;000000;643.72;668.48;624.94;650;364894;236775405.65
MTLR;D;20100526;000000;670.51;730;662.15;707;82267;56414431.46
MTLR;D;20100527;000000;720;720;669.95;692;121978;84114339.32
MTLR;D;20100528;000000;699;709.95;672;676;46504;32249292.01
MTLR;D;20100531;000000;676;699;672.02;691.64;23848;16429578.26
MTLR;D;20100601;000000;690;704;670.01;690.01;57050;38727757.98
MTLR;D;20100602;000000;683.6;697.74;672.4;687.18;119631;82583562.63
MTLR;D;20100603;000000;694.3;712.05;681.15;685;134876;94262835.03
MTLR;D;20100604;000000;687;695.99;656;667.56;63309;42449197.07
MTLR;D;20100607;000000;650;659.19;636.23;651.66;140297;91100518.26
MTLR;D;20100608;000000;650;659.99;615.01;617.99;68038;43503911.43
MTLR;D;20100609;000000;634.86;653.89;618.01;650;64273;40675789.47
MTLR;D;20100610;000000;650;664.9;638.63;664;31755;20707538.9
MTLR;D;20100611;000000;670.5;674.99;650.53;662.8;30919;20430529.51
MTLR;D;20100615;000000;667.74;679.9;661.2;679;27470;18427671.16
MTLR;D;20100616;000000;681;696.5;675.11;684.35;77632;53587662.06
MTLR;D;20100617;000000;682.5;697.98;671;681.79;35753;24563442.1
MTLR;D;20100618;000000;680;680;668;674.2;25900;17520625.63
MTLR;D;20100621;000000;684;702;684;700;85418;59179398.6
MTLR;D;20100622;000000;689.98;695;674.16;683.8;26755;18393426.83
MTLR;D;20100623;000000;676.98;689.9;670.07;671.1;14351;9777159.3
MTLR;D;20100624;000000;677.57;679.99;665;670;29155;19611312.63
MTLR;D;20100625;000000;668.5;668.5;644.02;645.99;65153;42308687.02
MTLR;D;20100628;000000;648.5;659.99;634;644.5;31497;20405375.88
MTLR;D;20100629;000000;640.05;640.1;607;614.5;63791;39834278.05
MTLR;D;20100630;000000;615.13;615.13;594.03;599.99;58601;35326349.22
MTLR;D;20100701;000000;600.4;600.4;555;557.98;87099;50164436.91
MTLR;D;20100702;000000;565;575;556;559;64193;36231364.33
MTLR;D;20100705;000000;569;570;559.08;567;22037;12471020.2
MTLR;D;20100706;000000;584.38;587.27;568.51;585;124382;72102403.11
MTLR;D;20100707;000000;580;582.89;563;582.87;58336;33500274.34
MTLR;D;20100708;000000;599;604.99;587.04;592.98;73011;43522582.16
MTLR;D;20100709;000000;599.8;607.8;585.7;607;54924;33041559.91
MTLR;D;20100712;000000;610.04;618.44;600.01;606;55796;34119377.43
MTLR;D;20100713;000000;600;626.01;585.02;617;78718;48533233.39
MTLR;D;20100714;000000;621.58;629.89;606.41;610.72;41868;25840493.35
MTLR;D;20100715;000000;613;622.99;599.36;603.19;28411;17458451
MTLR;D;20100716;000000;602.19;608.95;585.01;587.69;39552;23492752.99
MTLR;D;20100719;000000;585.54;594.71;574;575;51817;30130831.62
MTLR;D;20100720;000000;575.53;584.99;558.08;570;49828;28404789.25
MTLR;D;20100721;000000;582;604.99;577.47;601.06;70613;41855268.23
MTLR;D;20100722;000000;600.99;629.01;591;629.01;76251;47017472.7
MTLR;D;20100723;000000;645.29;645.29;625;639;82814;52429998.45
MTLR;D;20100726;000000;652;688;640.38;688;243961;160976972.32
MTLR;D;20100727;000000;688;697;671.03;676.01;124424;85111143.05
MTLR;D;20100728;000000;681.33;686;675.04;677;117602;79770108.02
MTLR;D;20100729;000000;675.03;687;674;687;87531;59831644.79
MTLR;D;20100730;000000;689.5;689.5;663.52;674;72767;49201749.34
MTLR;D;20100802;000000;688.76;702.89;678.11;701;47708;33019495.15
MTLR;D;20100803;000000;703;714.46;685.01;692.98;34775;24443557.52
MTLR;D;20100804;000000;689;713.27;686.01;709.98;38536;26818378.97
MTLR;D;20100805;000000;706;714;701.01;703.92;19161;13557543.8
MTLR;D;20100806;000000;705;711.44;690.22;692.08;29177;20409580.19
MTLR;D;20100809;000000;703.71;705.35;696.06;704;19207;13492881.82
MTLR;D;20100810;000000;704;704;685.01;687.64;54682;37874389.28
MTLR;D;20100811;000000;683.01;683.02;662.02;666.99;54232;36241800.39
MTLR;D;20100812;000000;652.4;674;651;660.24;105521;69909494.88
MTLR;D;20100813;000000;669.95;675;660.43;669;31737;21167873.48
MTLR;D;20100816;000000;670;685.05;653;685;55335;36746538
MTLR;D;20100817;000000;670;695;670;695;51905;35784446.56
MTLR;D;20100818;000000;695.15;707.5;685.02;703;42838;29841963.37
MTLR;D;20100819;000000;703;721;695.7;707.5;51023;36410306.03
MTLR;D;20100820;000000;728.82;728.82;688;697;86135;59943397.38
MTLR;D;20100823;000000;697;709.72;690.01;699;40053;28057502.25
MTLR;D;20100824;000000;697;697;670.01;680;45851;31181059.82
MTLR;D;20100825;000000;675.01;684;657;658.7;73753;49281895.8
MTLR;D;20100826;000000;662.5;678.97;662.5;678.97;23969;16166195.64
MTLR;D;20100827;000000;669;695;668.05;694.99;85200;57948420.07
MTLR;D;20100830;000000;708.24;708.24;686;698;35715;24855030.58
MTLR;D;20100831;000000;680;700;671.8;697.98;79353;55209648.56
MTLR;D;20100901;000000;703.72;730;693.38;730;47281;33798181.42
MTLR;D;20100902;000000;720.01;744.76;720.01;733.69;74565;54745787.3
MTLR;D;20100903;000000;732.56;754;724.5;737.94;49437;36607897.82
MTLR;D;20100906;000000;757.42;760.26;731;752.75;79037;59457424.26
MTLR;D;20100907;000000;751.68;759.99;733.09;735.05;33869;25171739.96
MTLR;D;20100908;000000;735.02;751.57;730.01;750.5;55907;41531949.56
MTLR;D;20100909;000000;752.01;772;747.25;768;142784;109116798.56
MTLR;D;20100910;000000;768;784.44;763.15;771;38803;29928817.52
MTLR;D;20100913;000000;780;780;765.01;775;66143;51168642.45
MTLR;D;20100914;000000;766.83;772.88;754.31;763;39804;30253022.93
MTLR;D;20100915;000000;774;774;745.01;752;59021;44421327.7
MTLR;D;20100916;000000;759.52;760;740.01;749.2;40505;30389466.05
MTLR;D;20100917;000000;754.91;754.91;740;743.18;29615;22089768.25
MTLR;D;20100920;000000;760.5;760.5;735.51;749.98;11691;8681364.37
MTLR;D;20100921;000000;751.05;759.07;749.98;753;28633;21621370.26
MTLR;D;20100922;000000;747.41;752.36;740.05;749;14247;10638221.8
MTLR;D;20100923;000000;752.28;756.89;737.01;741;26119;19483285.53
MTLR;D;20100924;000000;735.88;754;735.79;746.84;27343;20433173.69
MTLR;D;20100927;000000;755;755;741;746.5;21583;16188157.63
MTLR;D;20100928;000000;745.3;749.7;734.09;743.99;19226;14234984.75
MTLR;D;20100929;000000;747.74;754.99;740;744;56550;42339324.53
MTLR;D;20100930;000000;747.99;764.99;747.99;764.99;29102;22000386.63
MTLR;D;20101001;000000;765;771.99;752.57;764.83;50631;38643640.03
MTLR;D;20101004;000000;771.02;772.95;763.32;770;25497;19617305.52
MTLR;D;20101005;000000;767.96;771.5;746;752.93;37362;28251319.84
MTLR;D;20101006;000000;758.42;758.5;748.11;750.3;40023;30053138.34
MTLR;D;20101007;000000;755.37;755.37;739.95;741.09;24889;18584680.61
MTLR;D;20101008;000000;741.98;745;725.01;734.99;17123;12598492.82
MTLR;D;20101011;000000;737.44;749.69;737;744.86;14918;11083793.47
MTLR;D;20101012;000000;742.21;744.9;735.01;742;15576;11509909.09
MTLR;D;20101013;000000;740.01;747.5;734;735.96;41026;30466613.66
MTLR;D;20101014;000000;749.85;753.8;740.01;745.01;96152;71740717.01
MTLR;D;20101015;000000;742.16;749.4;740;744;43012;32020754.86
MTLR;D;20101018;000000;743.98;763;743.98;757.5;55725;42240336.37
MTLR;D;20101019;000000;774.16;774.16;745.01;745.03;44499;33455328.55
MTLR;D;20101020;000000;768.12;768.12;731.02;739;27893;20579551.8
MTLR;D;20101021;000000;745;748;737.01;742.37;41030;30429065.5
MTLR;D;20101022;000000;730.03;745;703;712;238106;171105860.07
MTLR;D;20101025;000000;715;719.98;705;716.45;69147;49461753.43
MTLR;D;20101026;000000;723.95;723.95;711;713.96;38070;27282373.2
MTLR;D;20101027;000000;711.64;721.99;706;707;34559;24662036.37
MTLR;D;20101028;000000;713.23;715;699;700;51923;36793814.54
MTLR;D;20101029;000000;698.89;715.5;695.51;715.2;45810;32612460.06
MTLR;D;20101101;000000;718.7;729;716.51;722.7;235436;170166857.01
MTLR;D;20101102;000000;725.75;730.6;718.09;730.56;53920;39114969.84
MTLR;D;20101103;000000;730.56;731.55;721.01;724.03;26441;19257567.17
MTLR;D;20101108;000000;750;760;741;757.97;259790;195380204.21
MTLR;D;20101109;000000;745.57;788;745.56;778;171513;132204121.95
MTLR;D;20101110;000000;775.56;777;755.05;759.5;71451;54634708.31
MTLR;D;20101111;000000;760.42;771;750.01;769.8;79527;60521569.11
MTLR;D;20101112;000000;760;778;750.32;775.4;84232;64203269.44
MTLR;D;20101113;000000;765.37;773;759.1;764.98;6623;5062572.44
MTLR;D;20101115;000000;778.51;778.51;759.01;765.79;53418;40804372.54
MTLR;D;20101116;000000;760;766.72;744;744;43717;32836690.48
MTLR;D;20101117;000000;743.2;749;730.01;746;22689;16774241.21
MTLR;D;20101118;000000;752;755.99;746;750.99;13024;9795541.75
MTLR;D;20101119;000000;758.44;758.44;750;758;17575;13245159.01
MTLR;D;20101122;000000;758.88;765;755.01;756.99;11011;8365769.31
MTLR;D;20101123;000000;749.66;749.66;738;743;23481;17477555.61
MTLR;D;20101124;000000;737.17;754;736.8;751.99;36087;27000028.69
MTLR;D;20101125;000000;764;764;754.17;759.94;11255;8534635.72
MTLR;D;20101126;000000;759.98;759.99;743.23;745;27310;20442680.15
MTLR;D;20101129;000000;749.75;755.8;735.5;742.38;60413;44848293.07
MTLR;D;20101130;000000;742.38;748;735;744;28869;21426490.21
MTLR;D;20101201;000000;763.76;767.76;740.52;762.09;42265;32081303.71
MTLR;D;20101202;000000;766.31;791;761.07;791;77708;60398129.57
MTLR;D;20101203;000000;795.01;834;791.01;828.99;147063;119967258.07
MTLR;D;20101206;000000;833.05;845;812.6;839.99;76578;63411037.9
MTLR;D;20101207;000000;842.52;845;827.28;830.05;74460;62536976.83
MTLR;D;20101208;000000;830.14;835;814;828.41;101226;83475990.08
MTLR;D;20101209;000000;802.5;836.83;802.5;826.71;18692;15441101
MTLR;D;20101210;000000;841.87;841.87;814.84;825;13325;10962929.37
MTLR;D;20101213;000000;827.5;841;827.5;840.99;31537;26409048.39
MTLR;D;20101214;000000;840.5;857.35;840;853.62;77895;66485635.06
MTLR;D;20101215;000000;894;894;842.18;858.5;58786;50109901.24
MTLR;D;20101216;000000;894.2;894.2;830.24;841.6;44246;37324807.18
MTLR;D;20101217;000000;887.37;887.37;830.01;861.8;100290;85773930.46
MTLR;D;20101220;000000;854.25;866;852;865.9;76670;66132800.63
MTLR;D;20101221;000000;871.78;879.11;855.1;877;103525;90091938.58
MTLR;D;20101222;000000;880;894;877;892.21;80028;70846542.11
MTLR;D;20101223;000000;894.8;894.8;880.01;884.57;33959;30064939.68
MTLR;D;20101224;000000;920;920;870.01;873.84;28625;25043933.02
MTLR;D;20101227;000000;876.36;877.82;854.3;856;24706;21328467.09
MTLR;D;20101228;000000;848.73;869.92;847.4;856.25;62567;53398786.38
MTLR;D;20101229;000000;859.35;880;854.08;877.07;34570;30140787.46
MTLR;D;20101230;000000;872.34;887.9;866.68;881.5;111798;98389781.33
MTLR;D;20110111;000000;924;955.98;924;948.89;249090;235898758.95
MTLR;D;20110112;000000;958.54;981.95;955.97;970;151017;146732967.91
MTLR;D;20110113;000000;989.95;989.95;955.01;957.5;164489;159624407.45
MTLR;D;20110114;000000;957.73;969.99;925.08;933.01;118642;113010725.6
MTLR;D;20110117;000000;933.06;959.9;933.06;954.98;48752;46588212.92
MTLR;D;20110118;000000;961.77;964.99;934.02;946.96;50809;48301854.39
MTLR;D;20110119;000000;969.63;969.63;940.13;940.39;32953;31287632.03
MTLR;D;20110120;000000;939.5;939.5;908;911.9;70834;65144452.33
MTLR;D;20110121;000000;922;933;905.55;926.81;37747;34471684.48
MTLR;D;20110124;000000;928.5;928.5;902.05;913.99;75715;68905985.64
MTLR;D;20110125;000000;914.54;930;914.04;917;54523;50191369.11
MTLR;D;20110126;000000;916.33;939.5;916.33;939.47;72914;68071328.43
MTLR;D;20110127;000000;940.67;953.99;930.01;942.89;64258;60503035.81
MTLR;D;20110128;000000;942.45;942.9;915.1;917.61;39549;36540172.92
MTLR;D;20110131;000000;910;924;905;924;51851;47544064.4
MTLR;D;20110201;000000;925.5;960;915.99;959.87;50873;47879907.13
MTLR;D;20110202;000000;971;983.99;960.01;971;114052;110932306.63
MTLR;D;20110203;000000;976;979.99;953.51;965.59;22321;21489684.4
MTLR;D;20110204;000000;966.7;971;955.56;967.99;16225;15668849.57
MTLR;D;20110207;000000;968.5;969.99;955.01;963;12268;11805686.64
MTLR;D;20110208;000000;962.99;962.99;930;930.06;25742;24237278.7
MTLR;D;20110209;000000;929.5;929.5;920.07;928.93;27507;25403953.4
MTLR;D;20110210;000000;920;920;880.71;903.98;54737;49392530.05
MTLR;D;20110211;000000;907.8;923.89;896.01;919.99;49377;45048890.95
MTLR;D;20110214;000000;934.73;939.97;915.01;923.1;9460;8751124.73
MTLR;D;20110215;000000;915.14;934.99;912;922;18165;16827741.48
MTLR;D;20110216;000000;912;928.5;912;916.01;6415;5906380.6
MTLR;D;20110217;000000;924;935;917.5;918.09;14287;13213106.96
MTLR;D;20110218;000000;920;927;910.01;913;12554;11504691.68
MTLR;D;20110221;000000;923.61;923.61;904;920;19590;17922866.07
MTLR;D;20110222;000000;947.87;947.87;891.93;903;29265;26386869.56
MTLR;D;20110224;000000;887;887;856;868;143012;123455908.11
MTLR;D;20110225;000000;878.6;900;871;900;58111;51248660.49
MTLR;D;20110228;000000;910;914.56;890.02;908;83476;75667986.7
MTLR;D;20110301;000000;911.5;915;876.5;884.6;200348;177254082.4
MTLR;D;20110302;000000;880;885;864;878;31183;27342751.9
MTLR;D;20110303;000000;879.3;890;875;877;36744;32300946.7
MTLR;D;20110304;000000;845;885;845;850.1;59017;51036897.9
MTLR;D;20110305;000000;850;879.9;850;875.8;26110;22832336.8
MTLR;D;20110309;000000;875;875;852.7;856;31859;27481261.9
MTLR;D;20110310;000000;853.9;867;820;827.4;53503;44900734.5
MTLR;D;20110311;000000;828.7;848;820;837.7;72141;60656456.9
MTLR;D;20110314;000000;836.9;859.9;835.9;844.8;71685;60777879.1
MTLR;D;20110315;000000;828.1;842.9;820;826;80398;66503196.3
MTLR;D;20110316;000000;840;844.4;830;840;99149;83019658.5
MTLR;D;20110317;000000;835;855;830;850;69102;58289629.2
MTLR;D;20110318;000000;862.5;866;848;850;52515;45053189.3
MTLR;D;20110321;000000;856.1;864.9;852.1;860;52829;45354308.6
MTLR;D;20110322;000000;862.5;862.5;836;860.9;85324;72898947
MTLR;D;20110323;000000;848.5;865;848.5;859.3;66925;57581253.5
MTLR;D;20110324;000000;860;895.8;860;895.8;135053;119259881.8
MTLR;D;20110325;000000;900;903.4;880.1;897;65046;58348992.9
MTLR;D;20110328;000000;894.9;900.1;881.6;891.3;42141;37683111.3
MTLR;D;20110329;000000;890;898;870;877.8;112495;99574001
MTLR;D;20110330;000000;879.7;894.9;879.7;888;33024;29288679.2
MTLR;D;20110331;000000;901;901;885;889;54198;48221000
MTLR;D;20110401;000000;886.7;904.5;886;894;71682;64391974.6
MTLR;D;20110404;000000;901.4;901.4;880.9;890;192452;171428341.2
MTLR;D;20110405;000000;892.1;893.8;881.5;890.6;31765;28165017.6
MTLR;D;20110406;000000;890.6;911.9;890;905;71007;64259199.1
MTLR;D;20110407;000000;905.5;905.5;888;888;41768;37265760.9
MTLR;D;20110408;000000;892;897.7;859.8;867;151915;133649792.8
MTLR;D;20110411;000000;867;875;845;849.8;113030;97141286.3
MTLR;D;20110412;000000;849.5;849.5;821.1;823.2;101097;84199749.6
MTLR;D;20110413;000000;823.6;839.9;823.3;827.1;136837;113770164
MTLR;D;20110414;000000;828.8;834;817.7;825.9;73242;60289928.1
MTLR;D;20110415;000000;837.8;837.8;817.5;820;82517;67688544.4
MTLR;D;20110418;000000;823.8;825.9;777.1;784.9;150906;121456199.8
MTLR;D;20110419;000000;792.2;804.3;788.1;795;50235;40019960.1
MTLR;D;20110420;000000;803.2;818;803.2;817.9;44266;35919159.9
MTLR;D;20110421;000000;816;817.8;805.1;812;33637;27352559.4
MTLR;D;20110422;000000;804.6;818.9;804.6;818.2;18388;14964840.2
MTLR;D;20110425;000000;819.9;827;800;801.9;46368;37796032.2
MTLR;D;20110426;000000;801;804.7;790;797.2;37957;30211216.8
MTLR;D;20110427;000000;805.2;807;778;785;52638;41513431.6
MTLR;D;20110428;000000;794;799;771.1;777.9;67910;53383669.5
MTLR;D;20110429;000000;780;781.5;770;780;21095;16417988.8
MTLR;D;20110503;000000;776.1;780.6;738;739;52109;39367339.5
MTLR;D;20110504;000000;738;740;709.8;711.5;223875;161336120.2
MTLR;D;20110505;000000;711.6;721;708;721;153662;109406975.4
MTLR;D;20110506;000000;720.5;753.8;710.2;731.9;112421;82341737.7
MTLR;D;20110510;000000;728;741;713.1;740;48798;35917500.1
MTLR;D;20110511;000000;744.4;759.7;730.1;732.6;123030;91992445.3
MTLR;D;20110512;000000;720.6;735;714.9;719;142170;102983487.1
MTLR;D;20110513;000000;729.8;734.1;714.9;718.9;67877;49080835
MTLR;D;20110516;000000;715.1;731;710;722.4;72094;52104891.1
MTLR;D;20110517;000000;722.4;728.1;709.7;718.7;118732;84589757.8
MTLR;D;20110518;000000;730;736.4;712.4;721.8;43884;31888631.4
MTLR;D;20110519;000000;725;739.9;724.9;730.5;45772;33471110.1
MTLR;D;20110520;000000;730.1;747;725.2;725.2;76111;55869390.3
MTLR;D;20110523;000000;723;725;710;712;61888;44203154.2
MTLR;D;20110524;000000;718.7;728;712.3;722;40246;29107364.3
MTLR;D;20110525;000000;717.1;729.8;713.8;728;78353;56679480.9
MTLR;D;20110526;000000;731.8;734.9;716.2;719.9;65723;47878906.3
MTLR;D;20110527;000000;724.4;749.9;720.8;747.7;122161;90167893
MTLR;D;20110530;000000;750;757.2;750;751.2;26721;20127028.9
MTLR;D;20110531;000000;755;774;755;756;170019;129834391.3
MTLR;D;20110601;000000;752.5;759.8;728;730;175607;129802834.1
MTLR;D;20110602;000000;730.1;747.5;720.1;744.9;156617;115449398.1
MTLR;D;20110603;000000;744.9;759;735.1;745;174946;131442120.3
MTLR;D;20110606;000000;749.8;749.9;724.8;729.9;105979;77601169.9
MTLR;D;20110607;000000;729.9;739.7;724.2;739.4;68353;50009520.7
MTLR;D;20110608;000000;741.7;744.7;730;737.8;34637;25528632.4
MTLR;D;20110609;000000;737.7;755;734.3;754;73134;54479112
MTLR;D;20110610;000000;750;756.1;744.6;748.9;49424;37193104.5
MTLR;D;20110614;000000;768.2;768.2;741.6;755;43942;33113398.7
MTLR;D;20110615;000000;756.1;757;743;746.8;42939;32156143.9
MTLR;D;20110616;000000;740;743.2;728;734.2;115017;84229051
MTLR;D;20110617;000000;732.1;733.8;720.1;729.9;61906;45047980.2
MTLR;D;20110620;000000;725.1;729;721.6;725.7;17849;12927645.2
MTLR;D;20110621;000000;739.9;739.9;722.5;729.7;48759;35468394.3
MTLR;D;20110622;000000;732.9;740;723.4;737;44234;32442469.7
MTLR;D;20110623;000000;730.1;730.1;709.9;711.4;132433;94885665.7
MTLR;D;20110624;000000;717.9;723.5;712.1;719.9;74121;53136292.6
MTLR;D;20110627;000000;713.1;717.7;700.7;708.5;106878;75795527.5
MTLR;D;20110628;000000;715;719.1;711.2;719;101920;72973190.3
MTLR;D;20110629;000000;719.5;724.8;699.6;701;234531;166246244.1
MTLR;D;20110630;000000;697.5;704.8;689.8;696.8;241809;168777908.9
MTLR;D;20110701;000000;695;707.9;681.9;701.6;151043;105122805.2
MTLR;D;20110704;000000;703.9;713;701;705.5;71457;50348189.9
MTLR;D;20110705;000000;702.3;711.3;688.3;690.1;154309;107500140.1
MTLR;D;20110706;000000;689;699.2;674.2;682;281982;191597484
MTLR;D;20110707;000000;682;694;681.2;691.9;153336;105143986.5
MTLR;D;20110708;000000;692;693.5;674.9;677;188965;128580618.2
MTLR;D;20110711;000000;681.9;681.9;669.6;671.9;263526;177199484.2
MTLR;D;20110712;000000;670;677.5;660;676;180688;120478565.3
MTLR;D;20110713;000000;675.1;683.6;665.3;680.8;150836;101751251.8
MTLR;D;20110714;000000;677.5;691.4;677;682.9;83818;57483551.7
MTLR;D;20110715;000000;682.5;684.9;671;684.9;38270;25886077.2
MTLR;D;20110718;000000;684.4;690;680;682.6;42594;29176717.2
MTLR;D;20110719;000000;682.6;697.2;679.4;695;51948;35732821.1
MTLR;D;20110720;000000;698.8;701.9;693.1;698.4;53443;37295047.8
MTLR;D;20110721;000000;700;707.5;690.1;704;67627;47387232.8
MTLR;D;20110722;000000;705.8;711.2;700.9;703.8;79533;56307878.3
MTLR;D;20110725;000000;702.5;706;694.5;697.9;34130;23861676.6
MTLR;D;20110726;000000;653.5;703.3;653.5;697.9;60640;42382509.4
MTLR;D;20110727;000000;702.2;703.3;690.5;691;37502;26217986.1
MTLR;D;20110728;000000;688.3;696.8;688;693.7;20986;14525993.2
MTLR;D;20110729;000000;687.8;693;674.1;684.5;55164;37705721
MTLR;D;20110801;000000;698.6;701.5;687.7;692.8;43717;30440393.3
MTLR;D;20110802;000000;688;697;687.2;691;42379;29284786
MTLR;D;20110803;000000;683.1;684.8;632.1;633;496920;324407871.6
MTLR;D;20110804;000000;647.2;647.2;591.9;599.9;197409;122782774.4
MTLR;D;20110805;000000;580;604;556;598.1;159886;92511380.7
MTLR;D;20110808;000000;581;586.6;555;568;322786;182202884.9
MTLR;D;20110809;000000;530.9;590;530.9;587.7;206790;115331668.3
MTLR;D;20110810;000000;598.5;598.5;530.5;530.9;239112;134421000.8
MTLR;D;20110811;000000;537;560.1;519.7;549;478483;254021028.2
MTLR;D;20110812;000000;547.5;568.8;540;557.7;103653;57362464.9
MTLR;D;20110815;000000;560.6;569.7;556.5;561.5;110815;62314387.7
MTLR;D;20110816;000000;560;573.8;555;559.5;142555;80255468.2
MTLR;D;20110817;000000;560;572.7;555.2;572.6;261708;147677968.7
MTLR;D;20110818;000000;568.6;575;533.5;539.2;351719;195709145
MTLR;D;20110819;000000;531.2;533;508.1;519;94689;49379260.5
MTLR;D;20110822;000000;518.6;531.4;503.8;526.3;88074;45804900.8
MTLR;D;20110823;000000;525.2;527;508.1;513.7;97452;50463357
MTLR;D;20110824;000000;515.3;519.9;507.5;509;52500;26853422
MTLR;D;20110825;000000;510.1;515;498;499;167332;84983032.2
MTLR;D;20110826;000000;503.6;503.9;482.1;496.8;113016;55743548.9
MTLR;D;20110829;000000;517.8;521;507.1;515;201106;103496056.3
MTLR;D;20110830;000000;517;521;508.5;514;205752;106057928.5
MTLR;D;20110831;000000;519.1;533.1;516.7;531.1;234084;122717765.5
MTLR;D;20110901;000000;532.8;548;530;542;295158;159228753.2
MTLR;D;20110902;000000;535;538.2;513;513;204952;106987211.4
MTLR;D;20110905;000000;509;509;497;502.2;121013;60640729.9
MTLR;D;20110906;000000;501.1;505.6;485.9;491;200689;99743155.6
MTLR;D;20110907;000000;499.9;514.6;497.1;512;161820;82345338.3
MTLR;D;20110908;000000;527.4;527.4;510.6;518.6;120128;62002179.8
MTLR;D;20110909;000000;514.2;517;487;488.7;377216;187614818.7
MTLR;D;20110912;000000;480;480.1;462.9;467.8;210787;99120581.9
MTLR;D;20110913;000000;491;491;466.5;478;107870;51174635.3
MTLR;D;20110914;000000;478.9;484.6;462;473.5;63274;30211250.3
MTLR;D;20110915;000000;477.3;490;477.3;489.5;171889;82814326.5
MTLR;D;20110916;000000;495.7;495.7;475.7;476.2;71725;34747391.4
MTLR;D;20110919;000000;475;478.8;464.5;467.6;131119;61642204.7
MTLR;D;20110920;000000;469.9;478.7;463;471.3;274804;129750815.2
MTLR;D;20110921;000000;465;465.5;445;446.6;562151;256178155.7
MTLR;D;20110922;000000;420.8;430.3;387.2;398.4;468050;192615738.9
MTLR;D;20110923;000000;394.5;394.5;360.5;367;268835;101157813.4
MTLR;D;20110926;000000;361.4;372;347.5;355;236133;84982693.3
MTLR;D;20110927;000000;362.5;380.1;362.5;371.7;221152;82345513.7
MTLR;D;20110928;000000;363.1;382.9;363.1;371.3;198894;74987245.6
MTLR;D;20110929;000000;365.1;377.4;360.1;360.3;324784;119437508.4
MTLR;D;20110930;000000;355.6;361;327;338.8;444016;151387601.1
MTLR;D;20111003;000000;327;333;318.1;320.5;234210;75990360.4
MTLR;D;20111004;000000;310.1;319.9;277.8;288.7;567759;169551153.4
MTLR;D;20111005;000000;312.2;312.2;289;298.9;183313;54995646.4
MTLR;D;20111006;000000;301;326;301;321.5;453725;143959692.9
MTLR;D;20111007;000000;330.3;341;330.3;340;580828;195524220.6
MTLR;D;20111010;000000;340;345;327.1;340.3;555219;185854013.3
MTLR;D;20111011;000000;338.5;358.9;328.5;332;545118;186700825.6
MTLR;D;20111012;000000;334.5;355;324.1;348.5;646316;222690257.9
MTLR;D;20111013;000000;348.8;357;345.1;346;226502;79475413.5
MTLR;D;20111014;000000;349.6;378.9;349.6;370.4;485746;178126169.5
MTLR;D;20111017;000000;378;383;346.1;346.3;514475;187130929.4
MTLR;D;20111018;000000;344.1;354;338.1;350;311562;107668086.1
MTLR;D;20111019;000000;351.4;364.9;351.4;358.1;227351;81459297.8
MTLR;D;20111020;000000;349.4;354.8;340;353.4;244160;85196297.5
MTLR;D;20111021;000000;355.9;369.1;350.2;366.8;233202;84338485.2
MTLR;D;20111024;000000;370;385.1;369.8;384.3;318365;120260576.2
MTLR;D;20111025;000000;389;397;378.8;387;663349;258588597.5
MTLR;D;20111026;000000;380.3;401;380.3;394.2;500238;197637248.6
MTLR;D;20111027;000000;400.1;431.4;398.1;399;646626;265790374
MTLR;D;20111028;000000;411;417;398.2;415.4;418563;169733128.4
MTLR;D;20111031;000000;414;422.9;399.2;405.6;322365;132505444.3
MTLR;D;20111101;000000;400;400;365;382.5;365106;139787913.6
MTLR;D;20111102;000000;380;389.9;372.8;384.5;325857;124679521.5
MTLR;D;20111103;000000;385.1;396.8;367;391.5;288288;110749677.3
MTLR;D;20111107;000000;394.2;403.8;390;403.8;196599;77714845
MTLR;D;20111108;000000;403.5;415;403;409.4;213677;87642248.4
MTLR;D;20111109;000000;419.5;419.5;383.2;385;280212;110216769.5
MTLR;D;20111110;000000;380;383;367.6;377.9;403684;151841338.4
MTLR;D;20111111;000000;377.5;381.6;368.2;380;174223;65002377.9
MTLR;D;20111114;000000;383;394.9;379.1;381.5;211369;81806417.2
MTLR;D;20111115;000000;383.1;386;371;380.2;131688;49831368.3
MTLR;D;20111116;000000;370;378.5;362;364.8;330863;122331866.2
MTLR;D;20111117;000000;351.1;368.9;347;347.5;490164;174518398.1
MTLR;D;20111118;000000;332.8;340;326.2;328.7;721476;240490714.1
MTLR;D;20111121;000000;325;325;300.9;303;436123;135855466.8
MTLR;D;20111122;000000;313.3;313.3;296;308.6;580427;175798508.3
MTLR;D;20111123;000000;295.8;310.7;293.8;299;708776;215036926.3
MTLR;D;20111124;000000;296.6;305.3;295.5;296.5;350039;104923819
MTLR;D;20111125;000000;297.9;297.9;286.7;295.5;358683;104560768.2
MTLR;D;20111128;000000;303;306.5;297.7;304.5;511998;154512108
MTLR;D;20111129;000000;306;307.5;296.2;297.5;482359;145114106.4
MTLR;D;20111130;000000;295.6;329;295.5;329;1241150;389345069.5
MTLR;D;20111201;000000;335;336;326;332.1;988493;326539951.8
MTLR;D;20111202;000000;333.3;351.4;332.3;341.5;643660;220582699.1
MTLR;D;20111205;000000;345;356;343.1;355.1;309553;108332233.5
MTLR;D;20111206;000000;353.1;366.2;334.1;334.1;881317;309700518.5
MTLR;D;20111207;000000;335.9;348.4;320;324.5;735070;244454781.2
MTLR;D;20111208;000000;325;332;315.2;317;515959;167910219.8
MTLR;D;20111209;000000;310;314;300;311.2;467348;143319854.6
MTLR;D;20111212;000000;321.9;322.2;293.1;296;534364;164460651.8
MTLR;D;20111213;000000;296;308.8;292.8;307.7;407318;122679876.6
MTLR;D;20111214;000000;303.1;305.9;291.1;293.9;613185;183682640
MTLR;D;20111215;000000;290;303.6;285;299.3;462100;136582111.1
MTLR;D;20111216;000000;295;297.5;281.4;282.5;870281;252589526.2
MTLR;D;20111219;000000;280;287.5;278.3;279;500508;141234257.5
MTLR;D;20111220;000000;275;277;267.3;276;604680;164807074.5
MTLR;D;20111221;000000;280;284.9;268;269;558479;154729588.3
MTLR;D;20111222;000000;268.1;272.9;262;267;597812;158894260.5
MTLR;D;20111223;000000;269;269;263;264.3;250927;66744971.1
MTLR;D;20111226;000000;278.5;278.5;264.8;267.6;83454;22273053.4
MTLR;D;20111227;000000;230;266.8;230;263.1;174206;45578760
MTLR;D;20111228;000000;260;262.3;255.4;255.8;165305;42883508
MTLR;D;20111229;000000;254.6;257.4;248.2;254;321237;81030135.5
MTLR;D;20111230;000000;259.3;272;259.3;271.9;361684;95929792.6
MTLR;D;20120103;000000;272;284.4;270;283;351556;98000416.2
MTLR;D;20120104;000000;284.2;285.7;278.2;282.1;316895;89023469.8
MTLR;D;20120105;000000;285.1;293;282.9;287.9;263786;75897759.6
MTLR;D;20120106;000000;287.4;296.8;286.6;296.8;183328;53630430
MTLR;D;20120109;000000;295.6;295.6;290.4;292.7;105190;30825238.7
MTLR;D;20120110;000000;294.5;305;293;303.1;356784;106892239.5
MTLR;D;20120111;000000;302.5;302.5;296.6;300.5;230087;68928940.7
MTLR;D;20120112;000000;302.3;310.6;301.1;307.7;478719;147237238.4
MTLR;D;20120113;000000;312.3;314.7;303;303.2;492661;152882903.6
MTLR;D;20120116;000000;301;303;294.2;300.8;236363;70778084.4
MTLR;D;20120117;000000;305.5;316.1;303.1;314.4;536895;166869445.2
MTLR;D;20120118;000000;315;316;308.7;314;206965;64665875.6
MTLR;D;20120119;000000;317.3;324.9;316.2;323.7;513548;164740845.2
MTLR;D;20120120;000000;324.7;326.3;318.1;323;329411;106223641.6
MTLR;D;20120123;000000;280;325.8;280;324.9;363431;117494767.5
MTLR;D;20120124;000000;325.8;331.4;324.3;327.9;713873;234083448.7
MTLR;D;20120125;000000;330.1;334.5;329.5;333;298232;99002200
MTLR;D;20120126;000000;337.1;354.7;336.6;354.4;873723;300833122.5
MTLR;D;20120127;000000;344.1;345.6;334.2;336.6;794679;270271805.7
MTLR;D;20120130;000000;333;333.5;322.8;324.4;447561;147258445.6
MTLR;D;20120131;000000;327.5;338.2;327.3;336;312687;104412158.6
MTLR;D;20120201;000000;338;342;332.6;339.7;304810;103255433.2
MTLR;D;20120202;000000;343.5;344;335.5;339.8;356787;121012046.5
MTLR;D;20120203;000000;339;347.7;336;345.8;401976;137349222.4
MTLR;D;20120206;000000;355;365;353.5;359.5;770317;276089959.3
MTLR;D;20120207;000000;359.8;361.4;348.1;351.2;461202;164539331.2
MTLR;D;20120208;000000;353.9;358;348.8;351.2;462222;163372087.2
MTLR;D;20120209;000000;341.7;348;339.1;341.9;504900;173577634.8
MTLR;D;20120210;000000;340;340.5;327.8;328.9;344209;115139932
MTLR;D;20120213;000000;329;337.3;327.4;335.1;485608;162470778.6
MTLR;D;20120214;000000;335.1;343.9;332;337.5;499650;169099531.9
MTLR;D;20120215;000000;337.7;341.9;330.1;332.7;635996;213781004.2
MTLR;D;20120216;000000;325;326;315;317.9;1414693;454823384.6
MTLR;D;20120217;000000;322.2;327.4;320.1;322;652238;211387728.2
MTLR;D;20120220;000000;327;327.3;324.6;326.7;229855;74960020.9
MTLR;D;20120221;000000;326.8;327.8;317.1;325.2;407997;131509793
MTLR;D;20120222;000000;323.5;325.8;316.5;320.9;274116;87891298.7
MTLR;D;20120224;000000;322;330;318.6;329.2;619637;201181783.4
MTLR;D;20120227;000000;332.4;333.5;322.5;323.8;370161;121623309.3
MTLR;D;20120228;000000;326;329;322.4;324;250539;81660330.1
MTLR;D;20120229;000000;327.8;333.4;325;330;511131;168523123.8
MTLR;D;20120301;000000;326.6;328.1;322.5;327.7;208457;67773515.9
MTLR;D;20120302;000000;329.1;329.9;324.5;328.1;187703;61523470.7
MTLR;D;20120305;000000;328;329.5;324.7;326;229484;75073103
MTLR;D;20120306;000000;319;319;292;294;1493504;456960485.8
MTLR;D;20120307;000000;294.7;299.6;289.9;295.8;633627;187065194.6
MTLR;D;20120311;000000;302;307.2;300.3;305.9;349726;106283706.4
MTLR;D;20120312;000000;304.2;309;300.6;308;325844;99460432.9
MTLR;D;20120313;000000;308;308.8;297.1;300.7;400946;121449685.8
MTLR;D;20120314;000000;304.9;304.9;300.4;302.4;446537;135242963.8
MTLR;D;20120315;000000;304.5;316.4;303.4;314.5;692130;213875132.7
MTLR;D;20120316;000000;315;318.7;311.2;317;324818;102196450.6
MTLR;D;20120319;000000;316.7;321.8;312.1;316.7;411753;130129043.5
MTLR;D;20120320;000000;317.9;317.9;304.1;305;376819;116420432.1
MTLR;D;20120321;000000;310;310;299.3;302;288298;87568970.1
MTLR;D;20120322;000000;302.3;304.3;281;287.2;813886;236997151.9
MTLR;D;20120323;000000;289.4;291.6;283.2;289.4;604818;174422566.5
MTLR;D;20120326;000000;291.7;293;284.5;285.7;566321;163790840
MTLR;D;20120327;000000;287.8;292;286.1;289.9;305597;88252340.4
MTLR;D;20120328;000000;287;288.5;276;276.5;726171;204705963
MTLR;D;20120329;000000;275.8;278;258.5;261;1116980;297179114
MTLR;D;20120330;000000;266.9;273;265.1;269.9;458327;123320237.1
MTLR;D;20120402;000000;267.3;272.1;264.3;268.8;446282;120078901.5
MTLR;D;20120403;000000;272.8;284.7;272.6;279;461555;128511787.9
MTLR;D;20120404;000000;276.4;277.9;265.8;267.1;459621;124213010
MTLR;D;20120405;000000;268.5;272.5;264.7;271.5;275476;74039056.8
MTLR;D;20120406;000000;273;273;263.1;264;260847;69635361.1
MTLR;D;20120409;000000;261.9;265.9;258.5;265.7;303926;79588430.2
MTLR;D;20120410;000000;265.8;268.9;261.2;261.3;318289;84425364.1
MTLR;D;20120411;000000;258.8;268.3;258.5;268.2;156352;41360047.7
MTLR;D;20120412;000000;267.6;273.4;261.3;272;277055;74289508.1
MTLR;D;20120413;000000;275;280.2;272.3;279;353478;97664921.5
MTLR;D;20120416;000000;277.9;284.7;274.5;278.2;197621;55320455.8
MTLR;D;20120417;000000;275.3;276.5;265.9;266.7;348331;93916224.1
MTLR;D;20120418;000000;267.5;269.5;256.2;260.9;358740;94056211.2
MTLR;D;20120419;000000;261;267.2;259.7;263.2;360689;94784223.3
MTLR;D;20120420;000000;259;261.9;256.2;258.1;457054;118257354.2
MTLR;D;20120423;000000;247.6;257.5;247.2;249.4;292390;73444463.2
MTLR;D;20120424;000000;250.5;251.5;246.2;248.5;214513;53438426.1
MTLR;D;20120425;000000;251;257.6;251;254.6;295603;75375435
MTLR;D;20120426;000000;256.5;258.9;251.8;256.6;305860;78024909.6
MTLR;D;20120427;000000;258.1;264;255.1;261;252735;65769899
MTLR;D;20120428;000000;260.5;261.9;257.1;260.8;97787;25311169
MTLR;D;20120502;000000;257.1;261.3;244;244.4;510814;127695957.1
MTLR;D;20120503;000000;246.1;246.5;234;234.8;708705;170339320.5
MTLR;D;20120504;000000;233.8;233.8;220;221;635807;143440192.8
MTLR;D;20120505;000000;222;222.7;218.1;222;139149;30609749.4
MTLR;D;20120507;000000;218;225;212;219.9;193281;42008127.5
MTLR;D;20120508;000000;223.3;225.4;216.8;217.1;184637;40725529.8
MTLR;D;20120510;000000;217.1;230;217;229;389564;87920226.5
MTLR;D;20120511;000000;227;227.3;220.2;224;792524;178390161.7
MTLR;D;20120512;000000;224;226;221.6;224.7;56579;12723490.6
MTLR;D;20120514;000000;223;223.5;210.9;210.9;324923;70079162.5
MTLR;D;20120515;000000;210.5;212.6;205.5;206.5;719225;150706292.7
MTLR;D;20120516;000000;204.5;206.6;199;204.3;737495;149314710.9
MTLR;D;20120517;000000;202;205.8;186.1;195.1;583452;114166005.7
MTLR;D;20120518;000000;188;191.6;185.1;187.5;712887;134372198.7
MTLR;D;20120521;000000;183;192.5;182.3;190.7;871998;164927034.7
MTLR;D;20120522;000000;194.2;203.4;193.7;202.1;956863;189765542.2
MTLR;D;20120523;000000;193;194.6;178.5;180.2;884757;163782674.5
MTLR;D;20120524;000000;185.4;185.9;178.5;181.1;592164;107716983.6
MTLR;D;20120525;000000;180.5;184;178.8;179.4;306279;55554846.5
MTLR;D;20120528;000000;181.9;185.5;181;181.8;183860;33739547
MTLR;D;20120529;000000;183.6;192.7;182.3;191.8;566770;105805444.3
MTLR;D;20120530;000000;188.4;190;180.3;183;509601;93798875.1
MTLR;D;20120531;000000;182.2;185.1;180.1;180.7;293960;53705569.4
MTLR;D;20120601;000000;180.7;181.5;171;176;391516;68727902.7
MTLR;D;20120604;000000;175.8;182;171;179.6;291877;51588599.8
MTLR;D;20120605;000000;182.5;185;180.6;183.5;527763;96633521.9
MTLR;D;20120606;000000;183;192;179.2;191.1;506625;93648735.7
MTLR;D;20120607;000000;190.5;199.6;186.5;192.4;1181747;227075461.3
MTLR;D;20120608;000000;190;190;185.2;185.7;731812;136783325.1
MTLR;D;20120609;000000;186.7;189.3;186.3;188.3;186470;35099300
MTLR;D;20120613;000000;188.9;190.8;183.1;185.7;765031;143606980.4
MTLR;D;20120614;000000;185.5;187.4;183.9;186.3;317775;59056589.9
MTLR;D;20120615;000000;197.1;205.9;192.4;205.9;1120597;220982388.1
MTLR;D;20120618;000000;207.8;213;202.2;204.8;472432;98172372.9
MTLR;D;20120619;000000;204.9;210.5;203.1;208.4;419999;87105651.9
MTLR;D;20120620;000000;208.2;216;203.6;212.7;746130;156303699.6
MTLR;D;20120621;000000;209.4;224.9;208.5;214.9;1105234;238555597.7
MTLR;D;20120622;000000;206.2;207.9;196.4;199.1;1439654;290892685.3
MTLR;D;20120625;000000;197;200.7;189.6;189.8;638362;123611108.1
MTLR;D;20120626;000000;189.9;195.6;189.9;190.5;632017;121583044.3
MTLR;D;20120627;000000;192;195.5;191.2;193.5;536912;103611217
MTLR;D;20120628;000000;194;194.9;187.4;189.1;416971;79612958.9
MTLR;D;20120629;000000;192.5;206.7;192.5;206;1044971;209301056.2
MTLR;D;20120702;000000;207.6;209.9;204;206.5;648663;134406675
MTLR;D;20120703;000000;208;218.2;207;214.5;725486;154351320.6
MTLR;D;20120704;000000;215.5;217.2;213.1;215.5;422854;91170583.4
MTLR;D;20120705;000000;210.9;220.4;209.8;210.2;775835;166761514.4
MTLR;D;20120706;000000;211.1;216.1;206.2;208;525326;110837004
MTLR;D;20120709;000000;206;208.7;200.3;203;679148;138762743.9
MTLR;D;20120710;000000;202.5;206.8;199.7;201.5;981996;199311890.5
MTLR;D;20120711;000000;200;200;195.3;196.7;680605;134431856.5
MTLR;D;20120712;000000;197;198.3;189.9;190.1;582355;113070351.9
MTLR;D;20120713;000000;193;198.8;192.5;196.2;518430;101536152
MTLR;D;20120716;000000;176.6;197.5;176.6;192.8;584198;113369844.3
MTLR;D;20120717;000000;195;197.4;193.1;193.6;869402;169666202.3
MTLR;D;20120718;000000;193.7;195.3;192.3;193.9;268885;52028416.8
MTLR;D;20120719;000000;194;197.2;192.9;194.2;512172;99739708.5
MTLR;D;20120720;000000;194.1;194.1;188.9;189.2;466794;89144372
MTLR;D;20120723;000000;188.2;188.2;176;180.2;982439;177459875.2
MTLR;D;20120724;000000;182.1;184.8;179.5;181;619828;112829772.8
MTLR;D;20120725;000000;178.5;182;176.5;178.4;740513;132548541.2
MTLR;D;20120726;000000;178.7;184;177;181.9;703455;127242745
MTLR;D;20120727;000000;184;189.8;182;186.6;825436;153500444.1
MTLR;D;20120730;000000;189.2;199.1;188.2;198.7;1196199;232623944.1
MTLR;D;20120731;000000;199;199;192.3;197.2;695194;135846266.1
MTLR;D;20120801;000000;200.1;210;200.1;209.4;1423164;294201839.1
MTLR;D;20120802;000000;209.4;218;200.1;210.4;1770309;369883297
MTLR;D;20120803;000000;205;220.5;204.2;215.8;1510970;319211583.4
MTLR;D;20120806;000000;215.9;225.7;215.8;220.5;1205046;266256943.4
MTLR;D;20120807;000000;220.1;227.4;215.1;225.3;798681;178546714.4
MTLR;D;20120808;000000;223.7;226.8;218.4;223.3;679624;151537137.1
MTLR;D;20120809;000000;224.9;226.8;218.1;221.9;566183;125486169.6
MTLR;D;20120810;000000;221.4;221.8;216.6;221;482983;106057380.8
MTLR;D;20120813;000000;223.1;226;221;221.2;506429;113201237.1
MTLR;D;20120814;000000;221.5;225.4;220;221.5;930046;206891464
MTLR;D;20120815;000000;214.9;220.8;213.1;215.4;881674;191260468.5
MTLR;D;20120816;000000;217;218.3;212.6;215.7;509857;109847519.7
MTLR;D;20120817;000000;215.1;217.1;211.5;213;733545;157233402.9
MTLR;D;20120820;000000;212.8;213.2;202.4;204.3;1167539;241845666.6
MTLR;D;20120821;000000;205;210;204.5;207;777094;160752066.5
MTLR;D;20120822;000000;206;206;202;205.2;801469;163505611.9
MTLR;D;20120823;000000;206;208;202.8;203.5;926933;190694814.2
MTLR;D;20120824;000000;200.9;202.3;198.8;200.1;1002553;200953256.1
MTLR;D;20120827;000000;201.6;201.6;197.4;197.4;618124;123394894.3
MTLR;D;20120828;000000;186.8;198.2;186.8;191.7;933846;181152600.7
MTLR;D;20120829;000000;190;191.5;186;186.6;880445;166068356.2
MTLR;D;20120830;000000;186.5;187.2;183.5;185.7;544546;100754215.9
MTLR;D;20120831;000000;185;191.1;184;190.5;718771;134790186.3
MTLR;D;20120903;000000;190;191.4;186.8;190.5;933792;177672397.8
MTLR;D;20120904;000000;190.5;191;184.5;185.2;746925;139606014.6
MTLR;D;20120905;000000;185;187.7;183.5;184.2;519538;96068936.7
MTLR;D;20120906;000000;185.4;195.1;185.2;195.1;1060369;201977415.6
MTLR;D;20120907;000000;196.5;217.7;195.3;215;3028739;625394738.4
MTLR;D;20120910;000000;215.1;223.4;215.1;218.4;1893126;416332878.7
MTLR;D;20120911;000000;217;221.6;213;218.5;1402203;304127656.7
MTLR;D;20120912;000000;220.9;227.9;219.6;221.8;1576830;353216760.9
MTLR;D;20120913;000000;222.5;223.3;215;220.6;1489829;326386508.7
MTLR;D;20120914;000000;230;253.7;229.6;244.8;4597570;1128486698.3
MTLR;D;20120917;000000;242.1;252.4;235.5;241;2165525;530398932.9
MTLR;D;20120918;000000;242.1;244.5;238.7;241;1256514;303370223.9
MTLR;D;20120919;000000;247.5;247.5;232.2;239;1080184;258467033.3
MTLR;D;20120920;000000;237.2;237.2;228.4;229.5;1084435;252019351.1
MTLR;D;20120921;000000;234.7;240;234;239;1169227;277772803.5
MTLR;D;20120924;000000;235.2;236;228.5;229.8;1030898;238051455.6
MTLR;D;20120925;000000;230;232.7;226.6;228.9;1427479;327981835.4
MTLR;D;20120926;000000;225;225;215.2;216.2;1996184;436691858.9
MTLR;D;20120927;000000;220;223;216.5;217.2;1550423;340437135.2
MTLR;D;20120928;000000;220;220.8;215.7;217.1;1073262;234694760.3
MTLR;D;20121001;000000;216.3;228.4;216;226.2;1814233;406931513.9
MTLR;D;20121002;000000;224.2;224.9;215.5;218.4;2691963;592590861
MTLR;D;20121003;000000;218.3;219.7;213.2;215.5;1571109;340160223.4
MTLR;D;20121004;000000;215.9;216.7;207.5;210.5;1481357;312069545.5
MTLR;D;20121005;000000;212;219.7;211.1;218;1798094;388291946.5
MTLR;D;20121008;000000;216.2;216.2;211.3;215.9;855455;183070657.2
MTLR;D;20121009;000000;216.8;219;215.7;216;634952;138058292.7
MTLR;D;20121010;000000;213;215;210.8;212.6;767428;163315180.4
MTLR;D;20121011;000000;210.5;215.5;209.8;215;1081691;230409227.2
MTLR;D;20121012;000000;216;217.6;212.3;215.3;834719;179524573
MTLR;D;20121015;000000;214.4;216.1;206.7;207.7;976330;205561580.5
MTLR;D;20121016;000000;210;212.3;204.8;210.9;1398862;291933468.9
MTLR;D;20121017;000000;211.4;217.1;209.7;214.1;1523995;326102538.5
MTLR;D;20121018;000000;217.1;225;216.1;219.7;2204167;485719436.7
MTLR;D;20121019;000000;220.7;222.4;218;220.2;556667;122693669.3
MTLR;D;20121022;000000;215.9;223.5;215.9;219.9;999770;219531694.7
MTLR;D;20121023;000000;218.1;219.3;210.4;211.8;1137320;244240082.8
MTLR;D;20121024;000000;213.9;217.9;211;213;1353088;290201819
MTLR;D;20121025;000000;212;213.9;208.5;209;819052;172759667.7
MTLR;D;20121026;000000;206;208;202;206.5;1359956;279104242.3
MTLR;D;20121029;000000;203.6;205.2;201.3;204.6;568657;115533164.9
MTLR;D;20121030;000000;202.6;207.6;201.5;203.4;444081;91110331.8
MTLR;D;20121031;000000;207;207.9;201.5;202;1011778;206714224.7
MTLR;D;20121101;000000;202;207.2;199.2;207.2;1135202;230099492.6
MTLR;D;20121102;000000;207.5;210.1;204.3;207.4;1276924;265147100
MTLR;D;20121106;000000;207.4;210.5;204.9;210.4;987442;206226250.5
MTLR;D;20121107;000000;211.9;212.5;203.5;204.1;786824;164427773.2
MTLR;D;20121108;000000;200.9;203.8;199;201.5;560153;112764591.2
MTLR;D;20121109;000000;199.7;200.9;194.3;197.5;862312;169868925.3
MTLR;D;20121112;000000;198;201.1;196.6;199.5;275557;54817040.8
MTLR;D;20121113;000000;197;198;192.1;193.4;692961;135526116.7
MTLR;D;20121114;000000;195;196;192.2;195.2;394367;76502346.2
MTLR;D;20121115;000000;194;197;193.6;195.6;497680;97351024.3
MTLR;D;20121116;000000;192.1;194.6;191;191.9;511278;98489826.3
MTLR;D;20121119;000000;191.7;194.9;191.7;192.7;811928;156790604.7
MTLR;D;20121120;000000;194.5;194.5;188.4;189;692993;131562757.6
MTLR;D;20121121;000000;188;192.4;187;190.7;760237;144340532.9
MTLR;D;20121122;000000;191.5;193;190.7;191.6;337324;64708007.3
MTLR;D;20121123;000000;194.6;194.6;190.3;192.1;479020;91878051.7
MTLR;D;20121126;000000;193.5;194.8;191.8;194.5;548185;105838735.4
MTLR;D;20121127;000000;196;197.5;190.7;192.8;524262;102217783.8
MTLR;D;20121128;000000;191.6;192.1;188;188.2;475749;90418139.9
MTLR;D;20121129;000000;217.8;217.8;190.1;192;276019;52781807.4
MTLR;D;20121130;000000;192.2;193.6;190.7;192.2;631099;121184197.3
MTLR;D;20121203;000000;190.8;191.5;189.3;190.9;586159;111598226
MTLR;D;20121204;000000;189.9;191.3;188.2;189.7;545000;103364481.4
MTLR;D;20121205;000000;191.1;194.3;189.9;193.7;699423;134244886.8
MTLR;D;20121206;000000;194;196;193;194.5;545228;106032681.4
MTLR;D;20121207;000000;195;195;190.5;192.9;303793;58425850.3
MTLR;D;20121210;000000;192.2;193.6;191.6;192.2;228330;43973062.5
MTLR;D;20121211;000000;194.6;199.2;194.6;197.7;1088768;214672816.8
MTLR;D;20121212;000000;197.9;199.3;196.6;197.1;464917;92043749.8
MTLR;D;20121213;000000;198.6;198.6;194.6;196;492725;96856258.7
MTLR;D;20121214;000000;197.7;205;197.7;204.5;1338122;269751898.9
MTLR;D;20121217;000000;205.2;212;205.2;209.7;1136231;237919543.9
MTLR;D;20121218;000000;212;212.3;208;210.6;606122;127296872
MTLR;D;20121219;000000;211;212;208.1;211.3;683008;143767676
MTLR;D;20121220;000000;210.2;213.3;208.5;208.5;847932;178771507.2
MTLR;D;20121221;000000;207;208;203;206.7;666148;137249911.4
MTLR;D;20121224;000000;204.3;204.9;201;201.5;681687;138246857.5
MTLR;D;20121225;000000;205.7;205.7;199.6;202;357327;71818753.6
MTLR;D;20121226;000000;202;204;200.7;203.5;179235;36309342.7
MTLR;D;20121227;000000;204.7;206.5;204.4;205.4;355865;73112312.1
MTLR;D;20121228;000000;205.3;206.1;202.5;204.9;424666;86558521.4
MTLR;D;20130108;000000;219.5;220.9;216;219.2;832863;182281989
MTLR;D;20130109;000000;216.5;216.5;213.5;214;634933;136211316.6
MTLR;D;20130110;000000;215;217.7;213.1;216.7;539006;115997084.8
MTLR;D;20130111;000000;215;215.6;212;212.4;496732;106408055.4
MTLR;D;20130114;000000;212.9;215.7;209.8;213.4;983461;210170600.8
MTLR;D;20130115;000000;215.2;215.2;209.2;209.5;570741;121089505.3
MTLR;D;20130116;000000;210.1;212.6;209.9;211.2;422863;89268272.6
MTLR;D;20130117;000000;212.1;217.5;211.7;216.9;972738;209696882.4
MTLR;D;20130118;000000;217;219.5;215.4;216;717522;155769305.7
MTLR;D;20130121;000000;216;216.6;213.7;214.3;343972;73978410.8
MTLR;D;20130122;000000;215.4;215.4;210.7;212.1;450264;95729553.3
MTLR;D;20130123;000000;212.1;213.9;209.7;211.9;457705;96995845.3
MTLR;D;20130124;000000;211;211;207.7;209;541062;113225794.7
MTLR;D;20130125;000000;206.1;208.5;205.3;207.9;973827;201698764.1
MTLR;D;20130128;000000;207.9;209.6;207.2;208.8;685960;142964890.8
MTLR;D;20130129;000000;207.9;208.5;202.9;205.3;736395;151274796.5
MTLR;D;20130130;000000;205.8;206.4;201;203.2;551280;112192841.7
MTLR;D;20130131;000000;200;200.4;196;198.2;906521;179683035.4
MTLR;D;20130201;000000;200.3;205.9;200.3;204.4;1019732;207883247.1
MTLR;D;20130204;000000;204.4;204.6;197;198.5;719184;144342258.3
MTLR;D;20130205;000000;197;198.9;195.6;198.3;567644;112148720.3
MTLR;D;20130206;000000;198.8;199.5;194.8;195.3;558799;110297427.9
MTLR;D;20130207;000000;197.1;198.4;196.5;198.1;474874;93656029.2
MTLR;D;20130208;000000;195.9;196.9;193.7;194.2;578162;112731051.4
MTLR;D;20130211;000000;194;196.7;192.1;192.4;549721;106972834.9
MTLR;D;20130212;000000;192.5;193.1;190.3;191.3;285501;54731896.1
MTLR;D;20130213;000000;192;196.2;191.4;194.5;656519;127491084.7
MTLR;D;20130214;000000;194.5;196.2;190;192.3;795040;153472433.2
MTLR;D;20130215;000000;192;193.2;190.1;190.7;407427;78023045.6
MTLR;D;20130218;000000;189.5;190.4;187.8;189.3;563460;106470779.7
MTLR;D;20130219;000000;189.1;191.1;188.7;189.3;404139;76714635.3
MTLR;D;20130220;000000;190.2;190.7;185.3;185.3;665476;124737677.3
MTLR;D;20130221;000000;183;183;178.5;178.8;1139465;205537721.8
MTLR;D;20130222;000000;178.5;179.2;175.3;175.5;1136174;201216396.9
MTLR;D;20130225;000000;176;179.4;174.2;178.2;1016282;179693611.3
MTLR;D;20130226;000000;175.6;177.4;174;174.8;666149;116777456
MTLR;D;20130227;000000;175.8;175.8;172.5;173.7;811668;141088732.1
MTLR;D;20130228;000000;175;175.4;171.9;172.5;543174;94273967.8
MTLR;D;20130301;000000;170;170.3;166.8;167.9;1046083;176164279.2
MTLR;D;20130304;000000;167.2;167.4;163.7;164.6;774092;128002319.9
MTLR;D;20130305;000000;164.9;165.9;163.7;165;845034;139303592.9
MTLR;D;20130306;000000;165.8;172.5;165.4;168.3;1831118;310295872.1
MTLR;D;20130307;000000;166.3;170.6;166.3;166.5;671460;113031011.1
MTLR;D;20130311;000000;171.1;171.7;168.9;169.9;1189410;202305101.9
MTLR;D;20130312;000000;168.9;168.9;166.5;168.6;698408;117201458.9
MTLR;D;20130313;000000;166.2;169.6;162.1;162.5;1491645;247809568.7
MTLR;D;20130314;000000;163.5;164.4;159.5;161.8;1723365;278619748.1
MTLR;D;20130315;000000;162.5;163.9;161;161.2;1064611;173008888.1
MTLR;D;20130318;000000;162;173.1;162;171;3304179;555756851.1
MTLR;D;20130319;000000;168.6;172.8;164.9;165;1227022;207099026.1
MTLR;D;20130320;000000;164;165.6;162.2;162.2;680859;111421304.2
MTLR;D;20130321;000000;165.3;166.4;163.8;164.9;779463;128855309.3
MTLR;D;20130322;000000;165.1;166.2;163.2;163.6;572569;94188475.3
MTLR;D;20130325;000000;163.9;165.7;157.5;158;873272;141179854.5
MTLR;D;20130326;000000;158.9;159.4;150.5;154.4;2159372;333063928.7
MTLR;D;20130327;000000;155.1;156.3;150.1;152.9;1300420;198618831
MTLR;D;20130328;000000;155.1;157.6;150.8;153.4;2110812;325832880.2
MTLR;D;20130329;000000;154.1;154.5;152.9;154.1;346734;53335644.8
MTLR;D;20130401;000000;154.1;155.6;151.2;153;608614;93279337.4
MTLR;D;20130402;000000;153;153.8;146;147;972765;145936935.6
MTLR;D;20130403;000000;146;146.1;138.3;140;1323087;187269858.5
MTLR;D;20130404;000000;138.5;143.7;136.8;142.7;1336364;189089645
MTLR;D;20130405;000000;142.5;143.2;136.6;138.5;833807;116125398.5
MTLR;D;20130408;000000;139;141.4;133.7;134.5;1193929;164252987.6
MTLR;D;20130409;000000;135.1;138.7;131;137.7;1236398;166181302.2
MTLR;D;20130410;000000;140.6;151;139.3;147.8;2335133;337490894
MTLR;D;20130411;000000;147.9;149.4;138.7;139.4;1179244;168949405.8
MTLR;D;20130412;000000;137.4;138.7;130.7;130.8;1010790;135741456.4
MTLR;D;20130415;000000;130;131;112.2;125;3209062;390456586.3
MTLR;D;20130416;000000;121.6;131;120;128.2;1592953;201790179.8
MTLR;D;20130417;000000;127.5;128.9;120;120.3;871153;107524260.8
MTLR;D;20130418;000000;120;122.6;117.1;119.9;1095840;131833351
MTLR;D;20130419;000000;121;122.4;115.4;116.9;1050149;124490549.9
MTLR;D;20130422;000000;117.3;118.6;112.5;113.4;692645;80178581.4
MTLR;D;20130423;000000;113.1;115.6;111.3;115.6;976465;111409753
MTLR;D;20130424;000000;117;122.4;116.4;119.6;1106554;132207897
MTLR;D;20130425;000000;120.5;124.6;119.3;124;911728;111408312.6
MTLR;D;20130426;000000;125;126.5;122.3;124.3;663267;82533759
MTLR;D;20130429;000000;121.6;123.5;120.6;123.1;746318;91208655.1
MTLR;D;20130430;000000;126;128;123.7;124.5;865026;108363582.4
MTLR;D;20130502;000000;123;126.4;121.4;122;597956;73774720.8
MTLR;D;20130503;000000;120.8;126;119.3;125.2;1009192;123990452.4
MTLR;D;20130506;000000;127;129.9;124.4;126.4;1219968;155003792.9
MTLR;D;20130507;000000;125.6;129;125;127.7;988748;125517664
MTLR;D;20130508;000000;127.7;130.5;126.8;129.4;759924;97833494.4
MTLR;D;20130510;000000;131.1;135.4;131.1;132.5;646433;86117473.7
MTLR;D;20130513;000000;132.8;133.1;125.5;126.6;954782;123214858.2
MTLR;D;20130514;000000;126.5;127.9;120.7;123.2;1258140;155237321.9
MTLR;D;20130515;000000;120.9;122.2;115.9;116.6;947717;113356616.8
MTLR;D;20130516;000000;117;117;109.5;113.3;1271125;143570144
MTLR;D;20130517;000000;112.6;118.5;111.2;117;837955;96943643.6
MTLR;D;20130520;000000;117.6;117.9;115.2;115.8;424059;49382355.8
MTLR;D;20130521;000000;116.7;120.8;116.7;119;707660;83995371.9
MTLR;D;20130522;000000;119.3;123.5;119;120.5;932511;113150734.4
MTLR;D;20130523;000000;117;117;114.1;114.9;857620;98923612.3
MTLR;D;20130524;000000;115.1;116.5;112.2;113;854304;97626377.2
MTLR;D;20130527;000000;114.5;115.5;113.1;114.1;281227;32161789.3
MTLR;D;20130528;000000;114.1;116.8;114;116.5;896431;103769755
MTLR;D;20130529;000000;116;116;112.4;112.5;482844;54944123.1
MTLR;D;20130530;000000;112.6;113.6;111;112;383734;43067985.4
MTLR;D;20130531;000000;112.1;113;107.4;109.3;929943;102397360.6
MTLR;D;20130603;000000;100.8;105.3;100.1;100.5;1889922;194225708.1
MTLR;D;20130604;000000;101;103.9;97;97.7;2029127;203161498.1
MTLR;D;20130605;000000;96.8;96.8;89.4;89.9;4825324;443210255.6
MTLR;D;20130606;000000;89;90;85;86.4;2195155;191671994.8
MTLR;D;20130607;000000;89.1;96;87.6;95.4;2888408;266246983.1
MTLR;D;20130610;000000;96;98.3;91.4;97.3;1655730;157523486.7
MTLR;D;20130611;000000;96.9;99.4;92.7;95;1854012;177343839.9
MTLR;D;20130613;000000;90;94.4;88.9;92.2;1126792;104516344.2
MTLR;D;20130614;000000;93.5;95.5;90.9;94;1238716;115837304.9
MTLR;D;20130617;000000;92.6;94.4;90.8;91.2;1556223;143988934.3
MTLR;D;20130618;000000;91;100.3;90.8;97.9;2948908;283211000.6
MTLR;D;20130619;000000;99;101.8;96.5;97.7;2346238;232601177.5
MTLR;D;20130620;000000;94.6;106.7;93;99;6737932;670499235.2
MTLR;D;20130621;000000;95.1;99.9;94;95.1;3432230;331370535.7
MTLR;D;20130624;000000;95;99;92.8;94;3285646;313503807.6
MTLR;D;20130625;000000;94;96.8;93.4;94.7;1886386;179811771.5
MTLR;D;20130626;000000;92.5;96.9;92.5;96.4;1265080;121033217.8
MTLR;D;20130627;000000;95.9;96.8;94.8;95.4;905859;86597162.7
MTLR;D;20130628;000000;95.4;98.5;94.2;95.6;1266812;121539428.9
MTLR;D;20130701;000000;96.1;97.7;95.9;96;535672;51783258.2
MTLR;D;20130702;000000;96.6;97.5;95.8;96.5;1024000;99090766.9
MTLR;D;20130703;000000;97.1;99.9;96.5;97.3;2123630;207828360.5
MTLR;D;20130704;000000;95.7;98;95.4;97.5;682353;66101300.9
MTLR;D;20130705;000000;97.5;100.6;96.6;96.8;1694241;166922524
MTLR;D;20130708;000000;96.8;97.6;95.4;96.3;648075;62602229.6
MTLR;D;20130709;000000;96.6;96.8;94.2;94.4;702787;67140633.2
MTLR;D;20130710;000000;95.7;95.9;94;94.1;455013;43147356.9
MTLR;D;20130711;000000;94.7;96.4;93.5;95.7;1513920;143670214.9
MTLR;D;20130712;000000;96.8;99.4;96.6;97.1;1384581;135472730.4
MTLR;D;20130715;000000;97;97.8;94.8;95;868387;83713479.8
MTLR;D;20130716;000000;95;96.8;94.2;95.2;1372660;131133590.1
MTLR;D;20130717;000000;95.9;98;95.6;97.7;1357424;131148103.4
MTLR;D;20130718;000000;97.7;99.5;96.5;98.3;1711207;168269727.5
MTLR;D;20130719;000000;98.3;99.2;96.7;97;913278;89398572.4
MTLR;D;20130722;000000;97.5;98.4;96.1;97.1;569349;55468081
MTLR;D;20130723;000000;97.7;98.9;96.6;97.9;761277;74517814.3
MTLR;D;20130724;000000;100;103.3;99.4;100.5;2759474;280567121
MTLR;D;20130725;000000;98.9;98.9;96.3;96.9;1305934;127332367.8
MTLR;D;20130726;000000;97;98;95.5;97.2;1268151;122857653.2
MTLR;D;20130729;000000;96.5;97.7;96.3;97.2;1228109;119268965.4
MTLR;D;20130730;000000;97;101;96.8;98;2229170;220233696.1
MTLR;D;20130731;000000;98.2;98.8;96.6;97.3;899306;87923242
MTLR;D;20130801;000000;97;101.5;96.1;100;2054702;203223182.2
MTLR;D;20130802;000000;101;102;97.6;98.7;1083466;107107174.8
MTLR;D;20130805;000000;98.9;99.4;97.3;98.3;904820;88851970.9
MTLR;D;20130806;000000;98.1;98.1;94.9;95.3;811396;78275835.3
MTLR;D;20130807;000000;94.7;95.6;93.2;93.7;766087;72289668.4
MTLR;D;20130808;000000;94.1;94.8;92.6;94.2;608863;57046037.1
MTLR;D;20130809;000000;95.7;100;94.8;99;2725986;265345738.9
MTLR;D;20130812;000000;102.1;103.4;99.6;101.8;2880623;292194075.9
MTLR;D;20130813;000000;103;106.2;102.6;104.2;2232636;232570053.9
MTLR;D;20130814;000000;104;104.8;102.2;103.5;1213487;125865221.1
MTLR;D;20130815;000000;102.6;103.8;100;100.5;888792;90205166.6
MTLR;D;20130816;000000;102;103.5;100.6;101.6;921140;93778657.2
MTLR;D;20130819;000000;101.6;102.2;100.6;100.8;328779;33386674.9
MTLR;D;20130820;000000;99.7;99.7;97.7;98.2;909367;89376335
MTLR;D;20130821;000000;98.6;98.9;97.1;97.4;461639;45218862.1
MTLR;D;20130822;000000;96.3;102.1;95.7;101.8;1362291;134929093.1
MTLR;D;20130823;000000;102;102.5;100.7;101.4;670492;67975168.9
MTLR;D;20130826;000000;102;106.3;99.8;104.3;1540490;159132207.7
MTLR;D;20130827;000000;102.5;104;100.6;101.5;1077291;110246375.7
MTLR;D;20130828;000000;101;101.7;98.9;100.7;1075802;107777899.8
MTLR;D;20130829;000000;100.9;101.4;99;99.4;474994;47551577.4
MTLR;D;20130830;000000;99.2;99.4;96;96.9;551180;53978970.1
MTLR;D;20130902;000000;97.7;98.8;96.6;97.5;204064;19951259.2
MTLR;D;20130903;000000;97.6;99.3;96.5;98.4;408841;40068137.1
MTLR;D;20130904;000000;98.1;98.5;97;97.6;235615;22992611.1
MTLR;D;20130905;000000;98.1;99.2;96.4;99;841675;82497253.2
MTLR;D;20130906;000000;100.2;102.1;99.5;100;1634383;164499052
MTLR;D;20130909;000000;105;107.5;101.8;106;3510584;368520370.5
MTLR;D;20130910;000000;108.9;113.2;108.4;113.1;2700378;299123450.9
MTLR;D;20130911;000000;113.4;113.8;110.6;111.5;1391403;156315879
MTLR;D;20130912;000000;114.5;117;113.4;114.8;2220416;255749525.9
MTLR;D;20130913;000000;111.9;113.9;108.4;109.9;1967331;217606412.9
MTLR;D;20130916;000000;111.4;114;111.3;112.4;1659385;186726653.4
MTLR;D;20130917;000000;111;111.2;110;110.7;726953;80321909.8
MTLR;D;20130918;000000;111.2;113.4;110.2;110.9;1110529;123990979.4
MTLR;D;20130919;000000;114.5;116;112.8;113.5;1847473;211765697.2
MTLR;D;20130920;000000;111.1;112;110.3;110.9;1382887;153613083.7
MTLR;D;20130923;000000;110.2;112.3;106;106.7;1445500;157356452.5
MTLR;D;20130924;000000;105.1;107.3;104.3;105.5;988687;104455752.1
MTLR;D;20130925;000000;106;107.7;105;107.1;812175;86329648.2
MTLR;D;20130926;000000;107.1;109.3;105.8;107;1219514;131277616.5
MTLR;D;20130927;000000;106.5;107.6;104.2;105;568657;60052368.1
MTLR;D;20130930;000000;103.3;105.6;100.3;102.8;1706630;173994594.8
MTLR;D;20131001;000000;103.8;104.4;102.2;102.9;691192;71320924.3
MTLR;D;20131002;000000;103;103;100.3;100.9;608286;61801880.1
MTLR;D;20131003;000000;102;102.9;100.5;100.9;758418;77255908.3
MTLR;D;20131004;000000;101;103.4;100.2;103.3;733226;74598663.4
MTLR;D;20131007;000000;102.3;102.8;101.6;102.7;534481;54613039.7
MTLR;D;20131008;000000;103.5;104.4;103.1;104;1272632;131848441.1
MTLR;D;20131009;000000;103;103.8;102.1;102.4;847544;87241144.5
MTLR;D;20131010;000000;102.8;104.8;102.6;104.3;896951;92951425.2
MTLR;D;20131011;000000;105;105.1;103.6;103.9;447620;46627749.7
MTLR;D;20131014;000000;104.5;104.9;103;104.7;402604;41828831.4
MTLR;D;20131015;000000;105.5;107.6;104.9;107.4;1300238;138461618
MTLR;D;20131016;000000;106.9;107.9;105.3;107.5;657388;70464552.5
MTLR;D;20131017;000000;107.9;107.9;104.3;105.3;1147249;121190269.1
MTLR;D;20131018;000000;106.5;107.8;106;106.3;512908;54744596.6
MTLR;D;20131021;000000;106.5;106.8;105.1;105.7;286297;30359404.8
MTLR;D;20131022;000000;105.6;105.7;102.9;104.3;1100988;114761017.7
MTLR;D;20131023;000000;103.4;103.9;102;103.4;686013;70574952.7
MTLR;D;20131024;000000;104;105;103;103.9;618669;64363829.3
MTLR;D;20131025;000000;105.4;105.5;104;104.2;755703;79149340.3
MTLR;D;20131028;000000;104.2;104.9;103.6;104.2;466263;48609354.8
MTLR;D;20131029;000000;104.9;104.9;103.4;103.9;246865;25705587.1
MTLR;D;20131030;000000;103.6;105.4;103.6;104.5;386597;40439623.9
MTLR;D;20131031;000000;103.9;104.2;102.4;104.2;685100;70865875.9
MTLR;D;20131101;000000;102.6;104.9;102.4;103;799388;82869168.5
MTLR;D;20131105;000000;104.4;105.5;104.2;104.3;734034;76896033.7
MTLR;D;20131106;000000;105;105.2;103.4;103.6;379757;39607420.4
MTLR;D;20131107;000000;103.2;103.9;102.5;103.4;527786;54474635.9
MTLR;D;20131108;000000;102.2;102.2;100.2;100.6;740795;74898994.3
MTLR;D;20131111;000000;101.5;101.5;99.1;99.6;404862;40516598.1
MTLR;D;20131112;000000;98.9;99.7;94.6;96;1951324;187920196.6
MTLR;D;20131113;000000;94.6;94.9;50.7;56.3;24557740;1613424830.9
MTLR;D;20131114;000000;64;66.5;56.3;63.1;39495163;2474530266.9
MTLR;D;20131115;000000;65.1;72;63.6;70.5;22611710;1534328513.2
MTLR;D;20131118;000000;72;76;71.5;74.9;11818453;878310533.4
MTLR;D;20131119;000000;74.9;74.9;70.1;71;8725404;629382776.8
MTLR;D;20131120;000000;70.8;72.6;68.4;71.5;5355253;376549784.5
MTLR;D;20131121;000000;70.6;72.9;69.3;71.8;4973471;355715022.5
MTLR;D;20131122;000000;72.5;72.8;68.5;69.3;4580521;325133617.2
MTLR;D;20131125;000000;69.9;70.2;56.2;67.1;9275032;614764280.8
MTLR;D;20131126;000000;67.1;69;65.1;65.6;3226204;215907651.8
MTLR;D;20131127;000000;65.6;65.9;60.6;62.5;5516923;348933941.1
MTLR;D;20131128;000000;63;63.9;58.5;60.4;5370724;325574389.2
MTLR;D;20131129;000000;60.4;60.4;57.6;59.3;3610054;213069685.6
MTLR;D;20131202;000000;59;59.7;57.5;58;3207671;187439909.9
MTLR;D;20131203;000000;57;60.9;55.2;59.3;7170827;415824052.1
MTLR;D;20131204;000000;61;62.7;59.3;61.1;7049766;431038968.4
MTLR;D;20131205;000000;60.1;61.2;58.7;59.5;3227749;192877250
MTLR;D;20131206;000000;59.6;60.7;59;60.3;1562475;93525600.3
MTLR;D;20131209;000000;60.8;61.7;59.7;61;1915710;116317233.9
MTLR;D;20131210;000000;61.5;61.5;60.6;61;863180;52717750.8
MTLR;D;20131211;000000;60.9;62;60.4;61.5;1090843;66858681.1
MTLR;D;20131212;000000;60.5;60.9;59.9;60.3;848832;51146123.4
MTLR;D;20131213;000000;59.9;60.5;59.3;60;644145;38669075.5
MTLR;D;20131216;000000;60.9;62.5;60.6;61.9;1355333;83335332
MTLR;D;20131217;000000;62.5;64.7;62.4;64.1;2558891;163669777.3
MTLR;D;20131218;000000;63.5;64.6;63;64.5;1130762;72455076.7
MTLR;D;20131219;000000;65;66.4;64.7;66;1885842;123399334.8
MTLR;D;20131220;000000;66.4;66.9;65.3;66.9;1682356;111505810.8
MTLR;D;20131223;000000;67.5;68.5;66.8;68.2;1647885;111769801.1
MTLR;D;20131224;000000;69.3;69.4;67.9;69.1;1365885;94227070.9
MTLR;D;20131225;000000;69.4;69.4;67.5;67.9;958770;65392475.1
MTLR;D;20131226;000000;67.8;68;64.3;65.5;2427372;160230573.2
MTLR;D;20131227;000000;65.2;65.5;63.8;64.9;979151;63354255.4
MTLR;D;20131230;000000;65;66.7;64.7;66.5;1349079;88296508.3
MTLR;D;20140106;000000;65.9;65.9;64.6;64.7;414127;27103279.8
MTLR;D;20140108;000000;65.5;66.1;64.8;65.2;314461;20558697.2
MTLR;D;20140109;000000;65;65.9;64.2;65.8;488626;31760096.9
MTLR;D;20140110;000000;65.4;66.4;64.9;66;589340;38551706.6
MTLR;D;20140113;000000;65.8;66.3;64.8;65.2;1037359;67865899.3
MTLR;D;20140114;000000;64.6;65;63.6;64.8;891084;57339576.3
MTLR;D;20140115;000000;65;65.7;64.7;65.7;620288;40440496.8
MTLR;D;20140116;000000;66;66.3;65.1;65.7;810999;53304081.5
MTLR;D;20140117;000000;65.2;66.1;65.1;66;427120;28042211.9
MTLR;D;20140120;000000;65.9;66.2;65.1;65.7;707109;46311771.4
MTLR;D;20140121;000000;66;66.3;64.9;65.1;1098496;71884882.5
MTLR;D;20140122;000000;65.1;65.1;63.2;64.6;1247905;80057253.4
MTLR;D;20140123;000000;64.5;64.8;63.8;63.9;730384;46895366.3
MTLR;D;20140124;000000;63.6;64.1;62.5;63.3;895125;56499824.4
MTLR;D;20140127;000000;62.7;62.8;61.3;62;933883;58191908.2
MTLR;D;20140128;000000;62;62.7;61.5;62.1;425831;26438409.4
MTLR;D;20140129;000000;62.6;64;62.3;62.5;926599;58508038.4
MTLR;D;20140130;000000;61.9;62.7;61;62.2;356748;22107179.3
MTLR;D;20140131;000000;62.2;62.2;60.9;61.6;374750;23067142.3
MTLR;D;20140203;000000;61.3;61.6;60.5;61.4;528791;32271180
MTLR;D;20140204;000000;60.2;60.8;59.1;60.7;330921;19873799.5
MTLR;D;20140205;000000;60.7;61.8;60.3;61.3;550107;33668681.4
MTLR;D;20140206;000000;61.4;61.9;60;60.9;842014;51304540.4
MTLR;D;20140207;000000;61.6;61.9;61.1;61.2;1093822;67185731.4
MTLR;D;20140210;000000;61.4;61.8;60.5;60.7;688101;41988802.1
MTLR;D;20140211;000000;60.8;63;60.5;61.1;1121519;68865536.5
MTLR;D;20140212;000000;61.8;62.5;61.4;61.9;956952;59250698
MTLR;D;20140213;000000;62.3;63.4;61.6;62.9;918055;57346118.8
MTLR;D;20140214;000000;63;63.7;62.7;63.3;625795;39548336.5
MTLR;D;20140217;000000;63.5;64.1;62.6;63.1;510849;32359928.4
MTLR;D;20140218;000000;63.5;63.7;62;62.4;821866;51825372.9
MTLR;D;20140219;000000;62.2;62.5;59.9;61.5;1140883;70119360.9
MTLR;D;20140220;000000;60.7;62;60.5;61.6;341815;20994098.6
MTLR;D;20140221;000000;62.2;62.4;61.2;62.3;448426;27765868.8
MTLR;D;20140224;000000;61.9;63.2;61.7;63.1;546870;34118803.3
MTLR;D;20140225;000000;63.6;64.2;61.6;62.1;949088;59882146
MTLR;D;20140226;000000;61.5;62.3;57;57.5;2016075;120312334.8
MTLR;D;20140227;000000;57.8;58.9;52.5;52.9;5816013;322210797.6
MTLR;D;20140228;000000;53.1;53.5;31.7;39.9;42632916;1642850530.9
MTLR;D;20140303;000000;38;38;28.1;31.9;14770284;464121576.6
MTLR;D;20140304;000000;33.4;35.6;32.3;35.5;8380747;286213499.5
MTLR;D;20140305;000000;35.7;40;35;39.3;7060405;267069698.8
MTLR;D;20140306;000000;40.1;43.5;38.5;41;11782466;485678217.4
MTLR;D;20140307;000000;41.4;44;40.3;41.9;7741579;332188704.4
MTLR;D;20140311;000000;40.5;42.7;37.5;37.5;5457244;222270401.7
MTLR;D;20140312;000000;37.3;40.8;34.3;38.8;6271501;240815260.2
MTLR;D;20140313;000000;38.4;41;38.4;40;3288175;130846055.3
MTLR;D;20140314;000000;39;39;32.6;37;6826296;243186034.6
MTLR;D;20140317;000000;38.5;39.9;36.7;39.9;5232405;202989614.3
MTLR;D;20140318;000000;40.4;40.6;38;39.9;4350350;172685325.7
MTLR;D;20140319;000000;40.2;40.2;38.7;39.5;2951390;116051524.2
MTLR;D;20140320;000000;38.8;39.5;38.2;39.1;1427430;55488231.1
MTLR;D;20140321;000000;38;39.9;37;39.7;2201352;84759822.4
MTLR;D;20140324;000000;40.8;44.1;40.4;43.2;4029978;173363591.7
MTLR;D;20140325;000000;43.2;44;42.2;42.4;2038536;87325710.2
MTLR;D;20140326;000000;43.2;43.2;42;42.7;1206259;51309207
MTLR;D;20140327;000000;43.1;43.1;40.1;41;854172;35211138.9
MTLR;D;20140328;000000;41.8;41.8;35.9;36.5;10291569;392767937.2
MTLR;D;20140331;000000;38;38.4;37;38.4;3105231;117765192.6
MTLR;D;20140401;000000;38.7;38.8;37.7;38;1914259;73025329.8
MTLR;D;20140402;000000;38.1;38.4;37.4;38.2;1477700;56050814.5
MTLR;D;20140403;000000;38.6;39.3;38.1;38.3;1759757;68018551.8
MTLR;D;20140404;000000;38.4;39.6;37;39.5;2708142;103848007.1
MTLR;D;20140407;000000;39;42.2;38.3;38.6;6548862;263786339.3
MTLR;D;20140408;000000;39;39.8;36.7;37.5;3811823;145848691.4
MTLR;D;20140409;000000;37.6;38.3;37.5;38.2;709587;26919722.7
MTLR;D;20140410;000000;38.6;38.7;38;38.4;1587885;60886440.7
MTLR;D;20140411;000000;37.9;38.4;37.6;38.4;1488865;56740126.8
MTLR;D;20140414;000000;38;38.5;37.7;38.1;708509;26972151.6
MTLR;D;20140415;000000;38.1;38.4;37;37;965871;36191901.6
MTLR;D;20140416;000000;37.3;37.6;36.9;37.2;707945;26358211.6
MTLR;D;20140417;000000;37.4;38.2;37.4;37.7;752457;28510590.9
MTLR;D;20140418;000000;38.9;39.8;38.4;39;2172191;84561938.5
MTLR;D;20140421;000000;39.6;39.6;38.5;39.1;993394;38706192.4
MTLR;D;20140422;000000;39.4;39.4;38.7;39.2;1162063;45312566.1
MTLR;D;20140423;000000;39.4;39.4;38.4;39.2;938678;36485156.7
MTLR;D;20140424;000000;39.4;39.4;37.6;38.3;1753979;67197411.8
MTLR;D;20140425;000000;38.3;40.4;35.9;39;4130234;157167987.6
MTLR;D;20140428;000000;38.9;39.4;37.9;39.1;578892;22412444.3
MTLR;D;20140429;000000;39.6;40;38.4;38.7;768161;29898054
MTLR;D;20140430;000000;39.1;39.1;37.4;37.5;909315;34423108.7
MTLR;D;20140502;000000;37.7;38.7;37.2;38.7;1047501;39675094.5
MTLR;D;20140505;000000;38;39.7;38;39.4;834666;32435899.6
MTLR;D;20140506;000000;39.8;40;37.5;39.6;1555868;61009621.2
MTLR;D;20140507;000000;38.3;42.3;38.3;41.7;2161097;89031982.6
MTLR;D;20140508;000000;42;45.3;40.9;44.5;5552447;240454124.4
MTLR;D;20140512;000000;44.5;49.2;43.4;48.5;8602304;405126724.3
MTLR;D;20140513;000000;49;50;48.2;49.2;3340734;163788485.2
MTLR;D;20140514;000000;49;49.8;48.3;48.5;1296370;63548387.9
MTLR;D;20140515;000000;48.3;49;47;47.5;3058554;146817699.9
MTLR;D;20140516;000000;47;47.6;46.1;46.9;1381552;64730326.2
MTLR;D;20140519;000000;47.5;48.8;47.2;47.4;861104;41022399.3
MTLR;D;20140520;000000;48.5;48.5;47;47;767498;36340043.6
MTLR;D;20140521;000000;47;47.4;44;45.7;1070871;48996312.4
MTLR;D;20140522;000000;45.8;46.2;44.8;46.1;946657;42963785.2
MTLR;D;20140523;000000;41.1;47.1;41.1;46.2;534844;24797175
MTLR;D;20140526;000000;47;47.3;46;46.8;660169;30909408.6
MTLR;D;20140527;000000;48.4;48.4;44.4;45.1;569877;25982232.2
MTLR;D;20140528;000000;45;46.6;45;45.1;531259;24173489.7
MTLR;D;20140529;000000;45.2;46.6;45.2;46.5;797346;36773462
MTLR;D;20140530;000000;46;47.9;46;47.5;1464722;69524271.7
MTLR;D;20140602;000000;47.5;48;45.9;46.3;946327;44434200.1
MTLR;D;20140603;000000;45.5;51;45.5;49.3;2448717;118933658.9
MTLR;D;20140604;000000;46.9;49.5;46.9;48.3;406506;19688443.9
MTLR;D;20140605;000000;56.4;56.4;47;47.3;413621;19987506.6
MTLR;D;20140606;000000;47.5;49.7;46.7;49.2;716895;34374700.6
MTLR;D;20140609;000000;49.3;51.6;49.2;49.7;890675;45103504.5
MTLR;D;20140610;000000;50.6;53.4;50.4;53.2;1481718;77391386.3
MTLR;D;20140611;000000;53;53.9;51;51.4;1032257;53705207
MTLR;D;20140616;000000;52.4;53;51.5;52;845291;43995472.4
MTLR;D;20140617;000000;52.8;56.9;52;55.5;3067068;168096586.3
MTLR;D;20140618;000000;54.5;55.9;53.3;53.7;1146839;62353345.1
MTLR;D;20140619;000000;43.7;53.8;43.4;51;2195352;112828298.1
MTLR;D;20140620;000000;44.6;52;44.6;50.8;950013;48153186.6
MTLR;D;20140623;000000;52;53;51.1;51.2;676660;35061667.1
MTLR;D;20140624;000000;51.3;51.6;49.8;50.5;967429;48829016.7
MTLR;D;20140625;000000;50.8;51.9;49.7;51.1;970397;49578925.6
MTLR;D;20140626;000000;51.3;52.5;50.9;51.3;709391;36527286.9
MTLR;D;20140627;000000;51;52.8;50.5;52.8;497809;25656480.6
MTLR;D;20140630;000000;52.5;52.9;51.9;52.4;317208;16596433.5
MTLR;D;20140701;000000;52;52.2;51;51.2;413850;21262064.5
MTLR;D;20140702;000000;51;51.6;50.7;51.2;288689;14807064.9
MTLR;D;20140703;000000;52.5;52.5;51.1;51.3;752048;38617850.7
MTLR;D;20140704;000000;52;52.7;50;50.8;918645;47247114.6
MTLR;D;20140707;000000;51.5;51.9;50;51.5;835313;42772100.6
MTLR;D;20140708;000000;51.4;51.8;50.6;50.6;212686;10914095.7
MTLR;D;20140709;000000;50.4;50.9;49.8;50.3;284798;14314621.8
MTLR;D;20140710;000000;49.9;50;40.8;42.9;4954948;222575365.7
MTLR;D;20140711;000000;42;42.7;35.4;38.5;7781780;297518816.4
MTLR;D;20140714;000000;39;41.6;37.3;39.5;3678100;147006357.4
MTLR;D;20140715;000000;39.5;43.5;39.4;42.7;2456339;102157842.8
MTLR;D;20140716;000000;42.7;42.9;40.7;41.4;1712359;71573879.9
MTLR;D;20140717;000000;41.5;41.5;39.6;40;1300450;52641915.4
MTLR;D;20140718;000000;39.8;41.2;37.8;40.3;814504;32520077.8
MTLR;D;20140721;000000;40;41;39.9;40.6;406048;16424237.4
MTLR;D;20140722;000000;41;41.1;39.2;39.9;611454;24588016.9
MTLR;D;20140723;000000;40;41.6;39.4;41.3;1678908;68306749.1
MTLR;D;20140724;000000;42.1;42.5;40;40.3;1015261;41371441.4
MTLR;D;20140725;000000;40.5;40.8;38.6;38.9;1017168;40395126.9
MTLR;D;20140728;000000;37.9;41.2;36;39.8;2887780;112635016.6
MTLR;D;20140729;000000;39.6;40.4;38;38.8;964901;37565184
MTLR;D;20140730;000000;38.1;40.6;37.7;39.4;1188166;47118809.1
MTLR;D;20140731;000000;39.5;39.9;38.5;38.5;412689;16139297.5
MTLR;D;20140801;000000;38.2;38.3;36.9;37.3;806582;30232716.4
MTLR;D;20140804;000000;37.4;37.9;37;37.3;270536;10100468.1
MTLR;D;20140805;000000;37.1;37.7;36.4;36.5;901524;33389050.8
MTLR;D;20140806;000000;36.2;36.2;31.5;33.8;3665226;121489383
MTLR;D;20140807;000000;33;33.6;30.5;31.3;2747920;87534227.9
MTLR;D;20140808;000000;31;31.2;27;29.3;4493681;131652143.5
MTLR;D;20140811;000000;29.7;31.6;28.7;31;2535228;76440824.7
MTLR;D;20140812;000000;26.7;30.7;26.7;29.5;2079966;61723043.2
MTLR;D;20140813;000000;30;30.7;29.4;29.6;1609508;47903937.6
MTLR;D;20140814;000000;29.7;30.5;29.5;30.1;1400425;42005819.3
MTLR;D;20140815;000000;30.1;31.1;29.8;31;981049;29878160.9
MTLR;D;20140818;000000;31;32.3;31;31.7;932347;29502389.1
MTLR;D;20140819;000000;32.1;32.4;31.6;32;948866;30273754.9
MTLR;D;20140820;000000;32.1;35.5;31.8;34.8;2454284;83509574.7
MTLR;D;20140821;000000;35.6;38;34.8;36.7;3166787;117168585.5
MTLR;D;20140822;000000;37;38.7;34.2;36.7;2097159;76799940.6
MTLR;D;20140825;000000;36.8;37.9;36.1;36.8;925031;34187562.7
MTLR;D;20140826;000000;36.8;37.2;35.3;35.4;747055;26994683.6
MTLR;D;20140827;000000;35.5;35.9;34.7;34.8;597067;21030200.1
MTLR;D;20140828;000000;35.7;35.7;30.3;33.7;862578;29127352.8
MTLR;D;20140829;000000;31.3;34.9;31.3;32.9;825833;27754083
MTLR;D;20140901;000000;33.1;34.6;33.1;34.3;717272;24312905.2
MTLR;D;20140902;000000;33.9;37.3;33.9;36.9;2355051;85283996.4
MTLR;D;20140903;000000;37;37.9;36.1;36.3;1390333;51239712.2
MTLR;D;20140904;000000;37.1;37.1;35.9;36.7;1491590;54506992.9
MTLR;D;20140905;000000;36.6;36.8;35.7;36.2;460524;16687318.2
MTLR;D;20140908;000000;36.2;36.4;34.3;34.8;1137503;40209907.6
MTLR;D;20140909;000000;34.8;36.1;34.6;35.5;485161;17287968.5
MTLR;D;20140910;000000;35.5;36.3;35.1;36;761012;27070427.9
MTLR;D;20140911;000000;36.5;36.8;35.3;35.6;565640;20303041.7
MTLR;D;20140912;000000;35.6;35.7;34.9;35.7;309770;10941481.5
MTLR;D;20140915;000000;35.5;35.5;34.7;34.9;556161;19529036.5
MTLR;D;20140916;000000;35;35.8;34.8;35.5;477241;16902595.8
MTLR;D;20140917;000000;35.4;35.6;33.5;34.5;1224716;42217159.1
MTLR;D;20140918;000000;34.5;35.3;33.8;34.5;645183;22258466.6
MTLR;D;20140919;000000;34.5;36.5;33.6;35.1;1550927;53743375.2
MTLR;D;20140922;000000;34.9;34.9;25.1;27.3;5403964;163199779.4
MTLR;D;20140923;000000;27.3;28;16.4;18.8;22154151;428684224.4
MTLR;D;20140924;000000;18.3;19.6;17.1;17.9;6184261;114937798.5
MTLR;D;20140925;000000;17.8;18.2;15.3;15.4;7747400;126662604.4
MTLR;D;20140926;000000;15;16.7;13;15;7112512;106347783.7
MTLR;D;20140929;000000;15.1;18.8;14.7;18.6;9016304;155104424.7
MTLR;D;20140930;000000;19;24.9;19;24.6;18004135;402688887.9
MTLR;D;20141001;000000;25.5;31.7;23;25.07;35779306;988118311.64
MTLR;D;20141002;000000;24.5;27.13;23;23.9;10918415;276626534.91
MTLR;D;20141003;000000;24;25.77;22.2;25.39;6929283;165350592.99
MTLR;D;20141006;000000;25.05;26.77;23.7;25.09;6216147;157802643.72
MTLR;D;20141007;000000;24.25;25.33;24.1;24.77;3881859;96426434.82
MTLR;D;20141008;000000;23.9;24.6;23.02;23.17;3172227;75478268.25
MTLR;D;20141009;000000;24;24.27;21.95;22.1;3465387;80652046
MTLR;D;20141010;000000;21.5;21.5;20.05;20.5;3684762;75930956.28
MTLR;D;20141013;000000;19.5;24.33;19.15;23.61;10766554;248524571.27
MTLR;D;20141014;000000;23.72;24.89;22.21;22.69;6184274;145856739.78
MTLR;D;20141015;000000;23.5;24.4;22.5;23.5;5706251;134250317.99
MTLR;D;20141016;000000;24;24.28;22.45;22.5;3441927;79466597.57
MTLR;D;20141017;000000;23.37;23.37;22.56;22.8;1924933;44128324.08
MTLR;D;20141020;000000;22.8;23.15;22.3;22.56;1419261;32319543.57
MTLR;D;20141021;000000;22.85;22.93;22.07;22.85;1221562;27639751.76
MTLR;D;20141022;000000;23.35;23.35;22.28;22.62;972860;22001527.13
MTLR;D;20141023;000000;22.33;22.55;21.51;21.99;910186;19977058.41
MTLR;D;20141024;000000;22.2;22.3;20.8;21.1;1099746;23557097.6
MTLR;D;20141027;000000;21.49;22.74;21.26;21.9;1870342;41092494.37
MTLR;D;20141028;000000;21.68;22.18;21.54;21.97;1303423;28500584.78
MTLR;D;20141029;000000;22.1;22.47;21.88;22.08;1454682;32266802.24
MTLR;D;20141030;000000;22;22.13;20.96;21.7;1198835;26019574.63
MTLR;D;20141031;000000;21.9;22.03;21.44;21.59;1143885;24685700.87
MTLR;D;20141103;000000;21.85;22.39;21.35;21.95;996158;21723576.76
MTLR;D;20141105;000000;21.93;22.05;21.49;21.65;1160180;25174033.17
MTLR;D;20141106;000000;21.64;24.66;21.5;23.07;7903339;184286172.35
MTLR;D;20141107;000000;23.27;23.53;22.13;22.59;2240583;50832412.61
MTLR;D;20141110;000000;23.39;24.81;23.1;23.89;5340625;128068128.53
MTLR;D;20141111;000000;23.87;23.87;22.81;23.16;1553283;35975594.93
MTLR;D;20141112;000000;22.83;23;21.9;22.1;2181412;48860757.79
MTLR;D;20141113;000000;22;22.38;21.5;21.69;1141686;24960382.9
MTLR;D;20141114;000000;21.6;21.75;21.3;21.59;644911;13876568.73
MTLR;D;20141117;000000;19.8;22.3;19.8;21.94;664905;14571350
MTLR;D;20141118;000000;21.95;22.29;21.7;21.82;1029157;22571996.64
MTLR;D;20141119;000000;21.86;22.18;21.66;21.99;804040;17681831.18
MTLR;D;20141120;000000;21.9;22.3;21.8;22.3;786010;17325096.32
MTLR;D;20141121;000000;22.62;24.1;22.27;22.89;4531216;105189163.78
MTLR;D;20141124;000000;23.13;23.48;22.2;22.36;1314666;30018513.8
MTLR;D;20141125;000000;22.57;22.63;21.84;22.52;863177;19141552.97
MTLR;D;20141126;000000;22.45;22.98;22.2;22.76;613581;13855713.63
MTLR;D;20141127;000000;22.15;23.87;22.15;22.57;1880845;43557490.98
MTLR;D;20141128;000000;22.4;22.78;22.01;22.6;909511;20416971.46
MTLR;D;20141201;000000;22.63;23.33;22.3;22.9;1204108;27472028.6
MTLR;D;20141202;000000;28.64;28.64;22.25;22.35;802432;18167634.95
MTLR;D;20141203;000000;22.45;22.63;21.37;22.03;1473577;32428543.89
MTLR;D;20141204;000000;22.01;22.33;21.62;22.2;1289844;28390561.46
MTLR;D;20141205;000000;22.4;22.64;18.33;19.85;3114979;63671730.23
MTLR;D;20141208;000000;19.02;20.47;17.71;18.44;2010049;37853364.82
MTLR;D;20141209;000000;20.14;20.14;16.8;17.9;2468747;42927626.15
MTLR;D;20141210;000000;18.5;20.85;18.5;20.3;4124697;82501564.34
MTLR;D;20141211;000000;21.1;21.5;18.62;19.15;3645079;73391881
MTLR;D;20141212;000000;19;19;11.1;17.9;3431921;60223659.94
MTLR;D;20141215;000000;15.5;17.9;15.5;16.8;1566712;26810124.93
MTLR;D;20141216;000000;16.8;16.8;14.56;16.47;3492604;54143188.88
MTLR;D;20141217;000000;16.17;16.89;15.76;16.8;2279092;37039126.43
MTLR;D;20141218;000000;16.9;19.87;16.8;19.35;3550770;67169328
MTLR;D;20141219;000000;20;37.98;19.54;30.28;23846716;670668807.23
MTLR;D;20141222;000000;31.5;33.4;27.25;27.7;9937599;305319868.83
MTLR;D;20141223;000000;27.7;29.75;25.17;25.51;4008595;106894180.18
MTLR;D;20141224;000000;25.9;27.18;24.33;26.07;2705108;70926653.93
MTLR;D;20141225;000000;26.11;29.95;25.5;29.15;4721051;132979858.97
MTLR;D;20141226;000000;29.55;31.29;28.2;28.63;4579601;136543798.73
MTLR;D;20141229;000000;28.63;30.22;25.4;26.7;3353587;91607915.62
MTLR;D;20141230;000000;26.02;26.49;22;24.71;3648794;89617235.53
MTLR;D;20150105;000000;24.5;25.9;23.43;24.97;1338193;33263036.12
MTLR;D;20150106;000000;24.87;26.39;24.39;25.3;1624001;41768951.63
MTLR;D;20150108;000000;25.8;27.2;25.71;26.4;2099267;55617389.46
MTLR;D;20150109;000000;26.4;27.1;25.91;26.5;958865;25412428.99
MTLR;D;20150112;000000;26.3;26.97;26.01;26.4;1022036;27036192.82
MTLR;D;20150113;000000;23.6;26.55;23.6;25;1524211;39017206.94
MTLR;D;20150114;000000;25;25.48;24;25.25;1662827;41124551.88
MTLR;D;20150115;000000;25.31;26.94;25.31;26.13;2343562;61460612.98
MTLR;D;20150116;000000;26.45;27.4;26.15;26.28;1666761;44650359.26
MTLR;D;20150119;000000;26.68;27.79;26.68;26.8;1391913;37809870.65
MTLR;D;20150120;000000;26.83;27.5;26.81;27.23;1127615;30602127.39
MTLR;D;20150121;000000;27;33;26.99;32.15;11088327;342935682.12
MTLR;D;20150122;000000;35.9;36.33;32.79;35.55;10779851;375835578.88
MTLR;D;20150123;000000;35.5;36;33.59;34.4;3549788;121640546.68
MTLR;D;20150126;000000;33.6;34.06;32.21;32.71;2229569;73256277.13
MTLR;D;20150127;000000;32;35.52;30;33.7;2985131;100884479.68
MTLR;D;20150128;000000;31.99;34.92;31.99;33.59;1581023;53866280.57
MTLR;D;20150129;000000;33.55;46;32.15;43.3;28167483;1156563901.61
MTLR;D;20150130;000000;45.08;49.24;43.75;44.85;22591719;1053460341.75
MTLR;D;20150202;000000;45.51;47.1;36.53;39.59;7737560;318469618.65
MTLR;D;20150203;000000;39;40.7;36.66;39.1;7427978;285733328.49
MTLR;D;20150204;000000;39.59;41.8;38.15;40.89;5114893;208375865.14
MTLR;D;20150205;000000;41.5;43.88;41.1;43.28;5686418;243047883.31
MTLR;D;20150206;000000;44;46.11;41.6;41.99;4103114;179381743.38
MTLR;D;20150209;000000;42.6;43.8;42.02;43;2835298;121670580.62
MTLR;D;20150210;000000;43;44.3;40.5;43.28;2791780;119981964.36
MTLR;D;20150211;000000;43.79;43.89;42.1;43.31;2447334;105835726.11
MTLR;D;20150212;000000;43.73;46.77;43.1;45;4207654;187984025.03
MTLR;D;20150213;000000;45.05;46.36;44.32;45.44;2561822;116410732.88
MTLR;D;20150216;000000;46;46.47;42.57;44.24;2319782;102615602.61
MTLR;D;20150217;000000;43.85;49.02;43.72;46.6;6462454;304952402.47
MTLR;D;20150218;000000;47;48.74;47;47.84;3612392;172868904.65
MTLR;D;20150219;000000;47.87;57.25;47.87;55.35;16294544;867314810.51
MTLR;D;20150220;000000;56.73;57.97;53.61;55.1;4883912;270532106.27
MTLR;D;20150224;000000;53;63.45;51;61.99;12632308;746553525.56
MTLR;D;20150225;000000;62.03;73;61.01;73;17919028;1232243457.93
MTLR;D;20150226;000000;73.96;87.36;73.88;83.58;16285047;1336105141.7
MTLR;D;20150227;000000;85;89.64;72;82.27;14925531;1217011094.89
MTLR;D;20150302;000000;82.23;84.8;78.52;83;6055679;499586613.76
MTLR;D;20150303;000000;83.02;86.38;80.51;83.79;6232654;528164732.77
MTLR;D;20150304;000000;85.38;90.75;85.13;89.45;6536080;574634972.97
MTLR;D;20150305;000000;90;99.65;89.65;93.5;14997628;1430893759.89
MTLR;D;20150306;000000;94.5;95.82;61.25;77.49;28988586;2301992973.16
MTLR;D;20150310;000000;75;75;65.55;70.04;16814879;1182410833.52
MTLR;D;20150311;000000;70;89.2;70;88;22383065;1809355624.1
MTLR;D;20150312;000000;89.5;93;82.02;87.27;14956445;1312290358.68
MTLR;D;20150313;000000;89;89;79;82.5;8832435;729674520.05
MTLR;D;20150316;000000;75;78.67;65.35;73.78;13951676;1047862674.22
MTLR;D;20150317;000000;70;77;68.15;72.68;10292715;757198498.93
MTLR;D;20150318;000000;77;83.82;76.52;78;10057688;802719853.91
MTLR;D;20150319;000000;81;85;78.17;80.05;7516736;608860414.18
MTLR;D;20150320;000000;80.08;82;70.54;70.54;4543645;348597990.8
MTLR;D;20150323;000000;72.85;74.56;70.2;72.15;4624756;333423778.63
MTLR;D;20150324;000000;73.13;74.18;67.62;72.19;5853322;411821426.45
MTLR;D;20150325;000000;70.25;71.5;68;70.3;2829153;197672081.11
MTLR;D;20150326;000000;70;70.68;65.4;65.54;2835411;192731505.31
MTLR;D;20150327;000000;66.31;66.65;57.2;60.11;7174081;443459535.18
MTLR;D;20150330;000000;59.95;75.5;58.05;75.45;13150941;899904829.06
MTLR;D;20150331;000000;75.97;79.19;70.35;74.3;9899391;738380439.26
MTLR;D;20150401;000000;72.94;74.06;70.1;71.2;10805112;770567385.62
MTLR;D;20150402;000000;73;73.45;68.23;71.8;7707754;542630451.57
MTLR;D;20150403;000000;71.7;71.8;68;69.02;4449959;308489734.38
MTLR;D;20150406;000000;71;72.22;68.8;70.42;3562170;249949605.22
MTLR;D;20150407;000000;70.72;71.89;68.35;69.87;2346996;163054751.69
MTLR;D;20150408;000000;71;74.74;70.5;71.53;7607890;551893489.65
MTLR;D;20150409;000000;71.52;72.31;64.25;67.85;7160757;488149133.28
MTLR;D;20150410;000000;66.03;67.75;64.62;66.97;2934455;193451716.55
MTLR;D;20150413;000000;66.12;67.75;64.5;64.7;3297887;218252153.87
MTLR;D;20150414;000000;64;66.22;61.09;65;3739051;237725043.7
MTLR;D;20150415;000000;65.18;67.75;62.4;66.38;5085097;332136335.97
MTLR;D;20150416;000000;66.03;66.49;64.22;64.65;1405682;91972667.9
MTLR;D;20150417;000000;64.41;64.97;62.17;62.99;1363482;86789268.24
MTLR;D;20150420;000000;63.5;64.7;61.51;63.87;1790549;113297311.26
MTLR;D;20150421;000000;63.68;66.35;63.14;65.15;909219;59260381.6
MTLR;D;20150422;000000;65.15;66.1;63.7;63.9;647736;41785003.64
MTLR;D;20150423;000000;64.66;64.66;61.1;61.6;1450459;89863116.37
MTLR;D;20150424;000000;61.3;66.7;59.15;64.95;4814902;306280772.65
MTLR;D;20150427;000000;64.65;65.87;63.2;64.7;1743624;112210694.13
MTLR;D;20150428;000000;63;67.3;62.01;64.01;2670454;172828577.56
MTLR;D;20150429;000000;65;66.79;63.47;65.94;4026512;264070015.84
MTLR;D;20150430;000000;67;68.38;64.3;64.3;2403510;160512750.89
MTLR;D;20150505;000000;64.8;66;63.32;65.2;1298008;84645528.5
MTLR;D;20150506;000000;65;65.77;64.28;64.65;576491;37515854.02
MTLR;D;20150507;000000;64.59;65.4;63.27;63.76;465967;29828872.17
MTLR;D;20150508;000000;63.99;64.64;63.06;63.49;519020;33107562.18
MTLR;D;20150512;000000;63.99;64.66;62.5;62.5;702697;44612997.5
MTLR;D;20150513;000000;62.97;62.97;60.6;61.29;877097;54181766.65
MTLR;D;20150514;000000;52.4;63.8;52.4;62.08;806576;49962774.59
MTLR;D;20150515;000000;68.7;68.7;61.85;62.27;234825;14621712.67
MTLR;D;20150518;000000;62.55;62.55;60.22;60.88;467840;28633761.82
MTLR;D;20150519;000000;59;60.4;58.13;59.12;1214530;71805286.05
MTLR;D;20150520;000000;59.46;64.98;58.31;64.6;1893436;118041682.98
MTLR;D;20150521;000000;65;67.5;61.67;63.4;3168747;205157271.34
MTLR;D;20150522;000000;63.75;63.88;60.8;62.24;1280807;79695012.56
MTLR;D;20150525;000000;63.31;63.83;61.3;62.52;1094405;68488713.12
MTLR;D;20150526;000000;63;63.89;62.1;63;539055;33881342.34
MTLR;D;20150527;000000;62.88;63.2;61.92;62.08;581851;36261819.38
MTLR;D;20150528;000000;62.15;63.85;62.01;63.15;649391;40886874.96
MTLR;D;20150529;000000;63.64;67;62.84;65.25;2047960;133783704.77
MTLR;D;20150601;000000;65;69.6;65;66.7;2297174;155689311.19
MTLR;D;20150602;000000;67;68.4;66.54;67.8;753385;50765001.63
MTLR;D;20150603;000000;67.5;69.19;65.7;66.7;1013936;68564938.85
MTLR;D;20150604;000000;66.89;67.16;65.72;66.82;213071;14174540
MTLR;D;20150605;000000;67.5;73.75;66.78;71;4322320;309060930.52
MTLR;D;20150608;000000;71;72.85;70.76;72.14;865074;62400972.52
MTLR;D;20150609;000000;73.48;73.48;71.19;71.65;522579;37604219.96
MTLR;D;20150610;000000;71;73.3;69.5;71.3;1327292;94367706.59
MTLR;D;20150611;000000;71.85;72;69.76;71.33;717880;50862327.36
MTLR;D;20150615;000000;71.06;71.39;69.8;70.16;371871;26178340.4
MTLR;D;20150616;000000;70.35;71.5;68.6;70.13;495622;34721102.34
MTLR;D;20150617;000000;70;70.75;69.65;69.99;244241;17142990.55
MTLR;D;20150618;000000;70;72.99;69.13;71.5;1431323;102510065.75
MTLR;D;20150619;000000;72;72.5;71.12;72;290390;20875968.57
MTLR;D;20150622;000000;71.99;73.75;71.85;72.84;609297;44361445.56
MTLR;D;20150623;000000;72.35;74.74;70.13;70.4;2074614;150508230.96
MTLR;D;20150624;000000;70.79;70.79;67.06;67.94;1476329;101098921.58
MTLR;D;20150625;000000;68;69.31;67.19;67.65;618148;42117332.75
MTLR;D;20150626;000000;68.38;70.48;67.4;69.17;812603;56090558.3
MTLR;D;20150629;000000;68.88;72.45;68.35;70.01;1407254;99272988.26
MTLR;D;20150630;000000;70.4;71.81;69.11;70.07;938066;66145974.31
MTLR;D;20150701;000000;70.49;72.85;70.49;71.6;2556539;183648552.01
MTLR;D;20150702;000000;72.29;73.9;71.6;72.42;682326;49498841.04
MTLR;D;20150703;000000;72.3;72.67;70.31;70.51;480600;34288632.82
MTLR;D;20150706;000000;70.4;70.87;69.18;69.55;405151;28299614.17
MTLR;D;20150707;000000;69.65;70.02;66.73;67.5;751191;51337322.25
MTLR;D;20150708;000000;67.1;67.69;60.82;63.16;2838983;181786957.45
MTLR;D;20150709;000000;63.95;65.74;62.3;64.25;1291903;82833756.77
MTLR;D;20150710;000000;65.9;66.34;64.63;65.03;655147;42819780.25
MTLR;D;20150713;000000;65.55;66.35;63.33;64.79;1273489;83014149.7
MTLR;D;20150714;000000;64.79;65.4;63.65;64.4;530421;34236268.78
MTLR;D;20150715;000000;63.8;65.71;61.79;64.99;1274374;81240812.05
MTLR;D;20150716;000000;66;70.8;66;67.2;2128851;144849552.17
MTLR;D;20150717;000000;66.9;69.4;66.53;67.09;954121;64667612.08
MTLR;D;20150720;000000;67.65;68.78;66.3;67.19;640923;43298155.01
MTLR;D;20150721;000000;67.19;67.69;65.7;67.17;452111;30175339.26
MTLR;D;20150722;000000;66.64;67.17;65.74;65.9;289874;19217244.92
MTLR;D;20150723;000000;66.45;66.45;64.55;64.85;350663;22917548.69
MTLR;D;20150724;000000;64.5;64.5;61.3;61.97;1326658;82889163.84
MTLR;D;20150727;000000;61.9;62.64;58.35;59.18;1433557;86763498.75
MTLR;D;20150728;000000;59.42;62.6;58.14;59.46;2119972;127849980.05
MTLR;D;20150729;000000;60.05;61.66;59.28;60.5;1844851;111584763.96
MTLR;D;20150730;000000;60.77;61.2;60.29;60.92;738133;44880557.17
MTLR;D;20150731;000000;59.92;61.44;59.92;61.03;827223;50252376.81
MTLR;D;20150803;000000;60.98;62.79;60.19;61.44;1380474;85203704.22
MTLR;D;20150804;000000;61;63.2;61;61.3;1389317;86072574.49
MTLR;D;20150805;000000;61.97;62.3;60.25;61.94;1308180;80296752.52
MTLR;D;20150806;000000;61.93;62.4;60.92;60.95;442837;27228759.93
MTLR;D;20150807;000000;60.8;61.8;60.8;61;568594;34776860.96
MTLR;D;20150810;000000;61.15;61.27;60.22;61.17;624759;37969710.2
MTLR;D;20150811;000000;60.58;61.34;60.58;60.77;358265;21832219.2
MTLR;D;20150812;000000;60.41;61.17;60.05;60.39;881325;53178402.24
MTLR;D;20150813;000000;60.67;61.45;60.3;60.72;573977;34959527.41
MTLR;D;20150814;000000;59;61.18;58.6;60.6;1967040;117579834.83
MTLR;D;20150817;000000;60.73;60.73;59.14;59.19;699596;41689473.18
MTLR;D;20150818;000000;59;59.37;58.63;58.7;616883;36420477.15
MTLR;D;20150819;000000;58;58.2;56.61;56.81;1283148;73353222.32
MTLR;D;20150820;000000;56.8;56.8;55.05;55.96;1108223;61818505.71
MTLR;D;20150821;000000;55.25;55.36;53.02;53.95;1375421;74289389.62
MTLR;D;20150824;000000;53.05;53.05;49.09;51.2;2363149;121148084.76
MTLR;D;20150825;000000;51;59.36;50.54;56.9;4790109;270281899.8
MTLR;D;20150826;000000;57.08;59;55.66;57.36;2679354;155543216.94
MTLR;D;20150827;000000;58.11;61.86;58.05;61.29;3756064;225923138.81
MTLR;D;20150828;000000;62.63;64.8;62.56;64.39;4491413;286920436.46
MTLR;D;20150831;000000;64.79;68.67;62.6;68.39;3113790;204173266.5
MTLR;D;20150901;000000;70.01;72.4;65.64;68.54;4826572;337557785.97
MTLR;D;20150902;000000;68;70.73;67.09;68.83;1457167;100009253.59
MTLR;D;20150903;000000;69.17;70.8;68.78;69.39;1814934;126574097.65
MTLR;D;20150904;000000;70.76;73.41;70.5;71.67;2926592;210082297.71
MTLR;D;20150907;000000;73;73.94;71.42;72.18;2230069;161638590.81
MTLR;D;20150908;000000;71.61;73.5;71.43;72.37;1099664;79715510.15
MTLR;D;20150909;000000;72.75;74.4;69;73.3;2365319;170813938.42
MTLR;D;20150910;000000;73.8;73.8;70.89;71.17;930069;67064469.1
MTLR;D;20150911;000000;70.49;70.49;68.5;68.5;1055451;73455802.46
MTLR;D;20150914;000000;68.08;68.08;65.8;65.84;1554000;103778641.08
MTLR;D;20150915;000000;65.84;68.78;65.84;67.35;2260654;152779831.99
MTLR;D;20150916;000000;68;69;65.31;66.11;1237017;82837729.59
MTLR;D;20150917;000000;66.83;66.83;64.14;64.38;856919;56044279.83
MTLR;D;20150918;000000;65.3;65.49;62.51;62.97;1201034;76838302.73
MTLR;D;20150921;000000;62.67;65.54;62.5;63.17;711172;45590979.12
MTLR;D;20150922;000000;63.65;64.24;60.56;60.91;859200;53211143.15
MTLR;D;20150923;000000;61;61.96;60.13;60.43;901592;54970212.26
MTLR;D;20150924;000000;60.63;60.94;59.13;59.96;852064;50975129.25
MTLR;D;20150925;000000;60.52;62.76;59.6;61.56;939758;58025960.68
MTLR;D;20150928;000000;62.25;63.22;61.1;61.4;766434;47284931.58
MTLR;D;20150929;000000;61.4;61.4;60.17;60.61;326707;19810890.13
MTLR;D;20150930;000000;60.63;63.25;60.62;62.25;706777;43923869.72
MTLR;D;20151001;000000;62.6;64.01;62.45;63.27;1218189;77019065.05
MTLR;D;20151002;000000;63.2;63.77;60.63;61.45;400223;24729760.96
MTLR;D;20151005;000000;61.5;62.58;61.13;61.44;755800;46696879.43
MTLR;D;20151006;000000;61.61;62.15;59.78;60.41;854812;52166121.95
MTLR;D;20151007;000000;60.75;60.75;59.5;60.19;874928;52460724.29
MTLR;D;20151008;000000;60.19;61.24;59.23;60.35;572988;34680942.58
MTLR;D;20151009;000000;60.35;62.18;59.33;61.34;1022848;61946596.52
MTLR;D;20151012;000000;61.5;62.18;60.51;60.88;574228;35336539.77
MTLR;D;20151013;000000;60.78;61.96;60.78;61.34;739858;45562736.51
MTLR;D;20151014;000000;61.6;61.77;60.83;61.21;732237;44867665.15
MTLR;D;20151015;000000;61.02;61.39;60.56;60.78;289525;17647048.44
MTLR;D;20151016;000000;60.53;61.11;60.04;60.41;342865;20780025.08
MTLR;D;20151019;000000;60.67;60.86;59.5;60.24;347486;20895350.13
MTLR;D;20151020;000000;60;60.37;59.5;59.61;388747;23239266.61
MTLR;D;20151021;000000;59.6;59.6;58;58.45;919972;54086429.76
MTLR;D;20151022;000000;58.3;61.49;57.87;59.24;1908829;115088762.4
MTLR;D;20151023;000000;60.47;60.47;58.3;58.84;684548;40422718.19
MTLR;D;20151026;000000;58.78;59.8;58.24;58.56;359346;21211059.88
MTLR;D;20151027;000000;58.5;59.4;58.2;59.33;346522;20452744.16
MTLR;D;20151028;000000;58.81;60.59;58.81;59.89;548425;32845630.28
MTLR;D;20151029;000000;59.87;60.49;59.6;59.9;463382;27817255.13
MTLR;D;20151030;000000;65.89;71.28;63.85;64.79;7111762;477153284.28
MTLR;D;20151102;000000;65.44;67.85;62.5;65.99;1692925;110184388.11
MTLR;D;20151103;000000;66;66.5;63.89;64.22;831752;53898840.64
MTLR;D;20151105;000000;64.03;64.73;63.2;63.67;528753;33787720.84
MTLR;D;20151106;000000;63.5;63.5;62.3;62.35;464732;29118440.71
MTLR;D;20151109;000000;62.87;63.44;61.45;61.8;549321;34186514.94
MTLR;D;20151110;000000;62.01;62.17;60.44;61.39;410224;25107596.96
MTLR;D;20151111;000000;61.35;61.35;59.8;60.01;685369;41414037.75
MTLR;D;20151112;000000;60;62.1;59.82;60.03;865323;52876481.05
MTLR;D;20151113;000000;60.7;60.8;59.4;60.23;512322;30771081.09
MTLR;D;20151116;000000;60.2;61.45;59.65;60.42;252057;15324940.09
MTLR;D;20151117;000000;60.4;61.3;59.85;60.2;650896;39329354.87
MTLR;D;20151118;000000;60.2;61.2;59.87;60.9;519820;31544786.33
MTLR;D;20151119;000000;60.9;64.62;60.87;61.8;1497315;94002050.48
MTLR;D;20151120;000000;62.29;62.29;60.91;61.2;317723;19537344.45
MTLR;D;20151123;000000;61.3;61.72;61;61.35;381336;23368963.41
MTLR;D;20151124;000000;61.35;61.67;58.5;60;713349;42889815.28
MTLR;D;20151125;000000;60;61.65;60;60.83;442040;26851114.06
MTLR;D;20151126;000000;61.1;65.95;60.8;63.64;2217188;141004859.38
MTLR;D;20151127;000000;63.5;63.95;62.49;63;868742;54807155.78
MTLR;D;20151130;000000;63.18;64.15;62.6;63.11;486190;30775082.27
MTLR;D;20151201;000000;62.77;66.41;62.77;64.4;1274046;82842424.52
MTLR;D;20151202;000000;64.57;68.68;64.57;67.4;2553133;171090967.37
MTLR;D;20151203;000000;67.5;69.66;67.5;68.22;1630821;112173870.49
MTLR;D;20151204;000000;67.7;67.8;64.65;65.36;894497;58849763.28
MTLR;D;20151207;000000;65.8;67.8;64.14;64.29;1126390;74431410.15
MTLR;D;20151208;000000;63.9;63.9;61.6;62.1;1054436;66074820.36
MTLR;D;20151209;000000;62;62.97;60.2;62.7;409279;25482520.01
MTLR;D;20151210;000000;62.95;67.25;62.3;63.99;1135983;73460611.66
MTLR;D;20151211;000000;64.88;66.45;63;65.28;864023;56260582.15
MTLR;D;20151214;000000;65.28;66.98;64.7;65.1;709665;46715534.94
MTLR;D;20151215;000000;65.93;66.6;65.1;65.9;596162;39245115.52
MTLR;D;20151216;000000;66.5;66.9;65.8;65.98;992174;65692700.52
MTLR;D;20151217;000000;66.73;68.85;66.09;68;1649905;111706301.12
MTLR;D;20151218;000000;68;68.32;65.27;65.32;756401;50366435.54
MTLR;D;20151221;000000;66.03;67.9;66;66.1;730347;48904604.31
MTLR;D;20151222;000000;65.01;66.77;64.5;64.64;789021;51549382.96
MTLR;D;20151223;000000;65.35;65.74;64.82;65.09;349779;22776483.49
MTLR;D;20151224;000000;65.2;65.66;65;65.07;351567;22914784.86
MTLR;D;20151225;000000;65.27;67.53;65.15;65.41;857627;56634977.35
MTLR;D;20151228;000000;65.41;65.62;64.01;64.38;421097;27288586.83
MTLR;D;20151229;000000;64.38;65.68;64.1;64.76;490488;31849387.56
MTLR;D;20151230;000000;65.1;65.19;64.75;64.9;195373;12687237.7
MTLR;D;20160104;000000;65.32;65.69;64.4;64.64;143307;9304592.71
MTLR;D;20160105;000000;64.44;64.8;64.2;64.8;109355;7055034.54
MTLR;D;20160106;000000;64.8;65.43;64.3;64.75;183407;11877906.24
MTLR;D;20160111;000000;63.63;63.99;61.8;62.02;481077;30083505.63
MTLR;D;20160112;000000;61.65;62.82;60.4;62.16;553187;34087311.88
MTLR;D;20160113;000000;62.52;62.83;62;62.27;353489;22037066.99
MTLR;D;20160114;000000;61.5;61.99;60.05;60.35;510982;31121553.2
MTLR;D;20160115;000000;60.3;60.7;56.1;57;1225801;71003476.8
MTLR;D;20160118;000000;56;57.69;53.12;56.25;888742;49407451.47
MTLR;D;20160119;000000;56.5;59;55.84;55.9;908424;52058370.71
MTLR;D;20160120;000000;55.8;55.8;53.14;54.13;1175404;63351512.52
MTLR;D;20160121;000000;54.68;56.8;54;55.97;892976;49833124.02
MTLR;D;20160122;000000;58.93;62.5;56.91;62.39;2645293;159340924.53
MTLR;D;20160125;000000;62.9;63.15;60.73;61.65;1032992;64427968.07
MTLR;D;20160126;000000;61;62.85;60.1;61.25;664561;40743086.61
MTLR;D;20160127;000000;61.06;62.47;61.06;61.7;397392;24571081.64
MTLR;D;20160128;000000;61.89;63.9;61.11;61.2;1234180;76860439.94
MTLR;D;20160129;000000;61.38;61.9;60.81;61.11;412608;25285931.89
MTLR;D;20160201;000000;64.03;65.45;61.8;62.09;1865265;118967040.83
MTLR;D;20160202;000000;61.92;63.88;61.42;62.23;817692;51126573.54
MTLR;D;20160203;000000;62.2;63;61.93;62.55;378917;23663377.55
MTLR;D;20160204;000000;64;64.63;63.14;63.99;563745;35915865.46
MTLR;D;20160205;000000;66.38;69.79;65.53;65.54;3772941;255204824.84
MTLR;D;20160208;000000;66;66.32;63.27;63.48;1024556;65896690.67
MTLR;D;20160209;000000;62.8;63.53;61.7;62.04;953581;59433339.92
MTLR;D;20160210;000000;62;64.14;61.72;64;673179;42374780.65
MTLR;D;20160211;000000;64.2;64.95;62.21;62.55;517301;32601839.92
MTLR;D;20160212;000000;62.6;64.15;62.6;63.82;499330;31752514.76
MTLR;D;20160215;000000;64.73;64.9;63.29;63.74;469302;30104013.99
MTLR;D;20160216;000000;64.01;64.28;63.69;63.97;357153;22839970.66
MTLR;D;20160217;000000;64.45;64.8;64;64.26;517667;33258116.81
MTLR;D;20160218;000000;65.03;65.47;64.57;65;860559;55890566.59
MTLR;D;20160219;000000;65.65;65.65;63.8;64.59;915730;59156954.81
MTLR;D;20160220;000000;64.99;65.35;64.55;64.7;239596;15544886.32
MTLR;D;20160222;000000;64.72;64.98;64.4;64.64;171301;11082133.61
MTLR;D;20160224;000000;64.51;65;64.2;64.59;399068;25800003.84
MTLR;D;20160225;000000;64.57;64.9;63.83;64.67;432872;27889249.19
MTLR;D;20160226;000000;64.66;65.03;64.24;64.48;519461;33548160.18
MTLR;D;20160229;000000;64.99;67.5;64.42;66.4;1123444;74637981.54
MTLR;D;20160301;000000;66.75;67.36;66.55;67.18;536541;35908838.67
MTLR;D;20160302;000000;67.22;68.75;66.75;67.04;1079357;73043750.66
MTLR;D;20160303;000000;68.53;69.75;68;68.99;1445785;99669290.34
MTLR;D;20160304;000000;69.6;70;53.81;64;7639325;479603342.98
MTLR;D;20160307;000000;64.01;64.27;63.01;64;812918;51832575.68
MTLR;D;20160309;000000;63.56;64.14;63.45;63.82;1656036;105567641.18
MTLR;D;20160310;000000;63.65;64.61;63.65;63.9;879140;56313145.52
MTLR;D;20160311;000000;63.51;64.08;63;63.2;1276957;81130450.47
MTLR;D;20160314;000000;63.05;63.37;62.05;62.31;997432;62333435.45
MTLR;D;20160315;000000;62.8;63.05;61.2;61.91;737491;45867369.09
MTLR;D;20160316;000000;62.26;62.57;61.15;62.13;1028787;63551330.71
MTLR;D;20160317;000000;62.04;63.48;61.87;63.05;895580;56360139.24
MTLR;D;20160318;000000;63;63.36;61.92;61.92;621696;38921534.43
MTLR;D;20160321;000000;62.3;62.57;61.91;62.13;432762;26890832.3
MTLR;D;20160322;000000;62.06;62.35;61.44;61.86;484538;29985788.7
MTLR;D;20160323;000000;62.23;62.28;61.69;62;498925;30963232.39
MTLR;D;20160324;000000;61.97;62.72;61.8;61.82;548752;34061051.32
MTLR;D;20160325;000000;61.84;62.2;61.84;62.13;271446;16833368.7
MTLR;D;20160328;000000;62.22;62.75;61.91;62.15;307495;19150568.02
MTLR;D;20160329;000000;62.04;62.49;61.62;61.78;505604;31315387.23
MTLR;D;20160330;000000;62.16;62.5;61.7;62.2;574697;35795229.2
MTLR;D;20160331;000000;62.2;62.54;61.97;62.01;274794;17083730.24
MTLR;D;20160401;000000;62.42;62.42;62.01;62.16;257122;15972884.25
MTLR;D;20160404;000000;62.35;63.99;62.08;63.15;755350;47790835.74
MTLR;D;20160405;000000;63.39;63.39;62.6;63.05;716694;45161129.2
MTLR;D;20160406;000000;63.1;63.45;62.71;62.9;346704;21876024.23
MTLR;D;20160407;000000;63.05;63.18;62.06;62.09;262897;16455410.01
MTLR;D;20160408;000000;62.07;62.52;61.51;62.36;339372;21047727.21
MTLR;D;20160411;000000;59.9;62.8;59.9;62.2;558149;34552051.44
MTLR;D;20160412;000000;62.97;63.5;61.7;62.96;574576;35901512.7
MTLR;D;20160413;000000;63.6;65;63.11;64.85;958125;61243389.96
MTLR;D;20160414;000000;65;66;63.7;65.56;1680444;109626565.52
MTLR;D;20160415;000000;65.23;65.64;64.45;64.51;634977;41141052.81
MTLR;D;20160418;000000;64.27;67.65;63.53;65.64;1611385;106101862.61
MTLR;D;20160419;000000;66.6;68.03;65.98;66.72;1682253;112546965.06
MTLR;D;20160420;000000;67;67.47;65.32;67.3;896976;59909901.64
MTLR;D;20160421;000000;67.34;67.99;66.7;67.07;1143693;77289473.14
MTLR;D;20160422;000000;67.07;67.66;66.12;66.44;481583;32068710.68
MTLR;D;20160425;000000;66.88;67.92;66;67.25;653738;44097241.82
MTLR;D;20160426;000000;67;67.5;66.07;66.9;667945;44418431.18
MTLR;D;20160427;000000;67.35;67.48;66.37;66.55;425368;28419087.22
MTLR;D;20160428;000000;66.3;67;65.57;66.55;692114;46098232.24
MTLR;D;20160429;000000;66.35;67.67;66.35;66.49;734938;49229744.94
MTLR;D;20160504;000000;66.17;66.17;63.55;65.04;580466;37786052.54
MTLR;D;20160505;000000;65;66;64.4;64.5;712427;46203164.87
MTLR;D;20160506;000000;64.98;65.24;64;64.04;402647;26013465.88
MTLR;D;20160510;000000;64.39;64.54;63.24;63.55;326517;20793903.3
MTLR;D;20160511;000000;63.6;64.78;63.39;63.91;246361;15839764.14
MTLR;D;20160512;000000;63.77;64.34;63;63.11;257288;16340879.31
MTLR;D;20160513;000000;63.58;63.7;62.6;63.08;471213;29749683.06
MTLR;D;20160516;000000;63;63.42;62.06;62.15;764786;47786951.13
MTLR;D;20160517;000000;62.6;62.6;61.03;61.41;367021;22655109.54
MTLR;D;20160518;000000;61.73;61.89;60.31;61.38;347549;21248887.22
MTLR;D;20160519;000000;61.25;61.82;60.73;61.2;542223;33164503.75
MTLR;D;20160520;000000;61.5;62.98;61.21;61.5;300878;18598695.61
MTLR;D;20160523;000000;61.65;61.79;61.08;61.22;115794;7106043.92
MTLR;D;20160524;000000;61.24;62.44;61.09;62.44;270464;16646468.47
MTLR;D;20160525;000000;62.44;64.07;62.44;64;356109;22576891.56
MTLR;D;20160526;000000;64.18;66.2;60;64.2;2755114;177518708.54
MTLR;D;20160527;000000;64;64.2;62.17;62.88;248185;15696321.72
MTLR;D;20160530;000000;63;63.75;61.61;62.7;296854;18616342.66
MTLR;D;20160531;000000;67.11;68.05;63.4;63.5;1128565;73316393.51
MTLR;D;20160601;000000;63.89;63.89;61.6;61.85;318158;19912126.2
MTLR;D;20160602;000000;61.57;62.23;60.52;61.28;222204;13601143.39
MTLR;D;20160603;000000;61.43;64.5;60.93;61.96;448380;28227102
MTLR;D;20160606;000000;62.08;62.81;61.2;61.43;308513;19114423.39
MTLR;D;20160607;000000;61.52;62;59.8;59.85;979934;59479574.72
MTLR;D;20160608;000000;60.05;60.82;59.07;60.01;549093;33032919.12
MTLR;D;20160609;000000;59.98;60.29;58.12;58.46;591861;34948184.44
MTLR;D;20160610;000000;58.16;59.59;58.1;58.7;269578;15820952.09
MTLR;D;20160614;000000;58.7;58.7;57.41;57.5;497294;28826787.08
MTLR;D;20160615;000000;57.4;58.78;57.4;57.8;199587;11643380.11
MTLR;D;20160616;000000;58.1;59;56.22;57.4;363606;20913754.89
MTLR;D;20160617;000000;57.39;58.17;57.37;58;276604;15975308.3
MTLR;D;20160620;000000;58;58;55.82;57.04;453136;25794988.53
MTLR;D;20160621;000000;57;57.09;56.19;56.59;106323;6025888.31
MTLR;D;20160622;000000;56.46;56.82;54.75;55.33;380780;21303642.31
MTLR;D;20160623;000000;54.77;56.48;54;54.99;629568;34475383.99
MTLR;D;20160624;000000;53.72;54.58;53.15;54.2;233417;12590114.11
MTLR;D;20160627;000000;54.41;54.41;52.5;52.75;407256;21669371.78
MTLR;D;20160628;000000;52.62;58.4;52.43;58.3;1121263;63540908.31
MTLR;D;20160629;000000;58.5;61.8;55.07;57.09;1756004;102067299.66
MTLR;D;20160630;000000;57;57.13;55.6;56.71;488037;27499149.53
MTLR;D;20160701;000000;56.08;57.47;56.08;56.5;334801;19002557.64
MTLR;D;20160704;000000;56.5;57.3;55;56.72;256071;14418381.39
MTLR;D;20160705;000000;57;57.13;55.95;56.25;128321;7230444.3
MTLR;D;20160706;000000;56.25;56.32;54.5;55.13;416356;22987150.11
MTLR;D;20160707;000000;55.45;55.89;54.65;55.56;373008;20587217.73
MTLR;D;20160708;000000;55;56.89;54.69;55.08;559593;30830760.73
MTLR;D;20160711;000000;54.9;56.19;54.07;56.18;575700;31656485.96
MTLR;D;20160712;000000;56.3;56.5;55;56.2;320724;17920131.25
MTLR;D;20160713;000000;56.02;57.3;55.1;56.6;660973;37101361.23
MTLR;D;20160714;000000;56.6;57.24;55.55;56.1;489101;27606954.94
MTLR;D;20160715;000000;56.97;56.97;56.11;56.56;179596;10131357.58
MTLR;D;20160718;000000;56.48;57.42;55.89;56.4;657413;37164901.59
MTLR;D;20160719;000000;56.67;57.76;56.51;57.01;339537;19391827.64
MTLR;D;20160720;000000;57.26;58.2;56.61;57.86;178739;10277669.71
MTLR;D;20160721;000000;57.7;61;57.43;58.55;443726;26137350.24
MTLR;D;20160722;000000;58.2;58.8;57.8;58.32;270557;15783331.8
MTLR;D;20160725;000000;58.01;58.8;57.83;58.06;425756;24782764.93
MTLR;D;20160726;000000;58.35;58.35;57.1;57.91;193881;11183237.58
MTLR;D;20160727;000000;57.8;59.29;57.73;58.31;470279;27559170.79
MTLR;D;20160728;000000;58.22;59.09;58.2;58.49;188278;11042915.87
MTLR;D;20160729;000000;58.5;58.64;57.33;57.51;303715;17609351.11
MTLR;D;20160801;000000;56.5;57.48;55.44;55.7;1008376;56881361.62
MTLR;D;20160802;000000;56.01;56.75;55.7;55.85;268254;15053298.47
MTLR;D;20160803;000000;55.6;56.2;55;55.01;343498;19090925.56
MTLR;D;20160804;000000;55.27;55.88;54.1;54.82;364416;20108648.78
MTLR;D;20160805;000000;55.03;55.33;54.3;54.53;324748;17780285.79
MTLR;D;20160808;000000;54.53;54.77;53.67;53.79;730440;39627226.86
MTLR;D;20160809;000000;53.98;54.3;53.79;53.9;382897;20692138.52
MTLR;D;20160810;000000;54.12;55.75;53.9;54.58;573092;31484073.5
MTLR;D;20160811;000000;54.7;55.4;54.31;54.43;648637;35427549.24
MTLR;D;20160812;000000;54.5;55;53.17;54.1;329868;17887607.73
MTLR;D;20160815;000000;54.3;54.74;54.05;54.08;242628;13183271.76
MTLR;D;20160816;000000;54.54;54.54;54.16;54.35;154481;8398064.01
MTLR;D;20160817;000000;54.5;56.4;54.18;56.1;1032089;57268531.36
MTLR;D;20160818;000000;56.39;58.98;56.21;58.82;1151893;66465481.49
MTLR;D;20160819;000000;58.58;60.4;57.3;58.84;1892527;111917331.63
MTLR;D;20160822;000000;58.52;60.03;57.84;59.8;680896;40258335.56
MTLR;D;20160823;000000;59.62;60.4;59.5;60.37;758823;45500564.84
MTLR;D;20160824;000000;59.8;61.69;59.8;61.41;1530892;93187728.94
MTLR;D;20160825;000000;61.11;62.55;61.11;61.59;547306;33870125.85
MTLR;D;20160826;000000;62;62.4;59.86;60.51;529017;32000052.13
MTLR;D;20160829;000000;60.51;65.7;60.51;63.62;2803082;178630957.57
MTLR;D;20160830;000000;64;64.99;63.66;64.55;1070945;68912061.88
MTLR;D;20160831;000000;64.37;69.5;64.37;68.7;3423903;232990243.88
MTLR;D;20160901;000000;69.37;73.15;68.7;72.3;4016816;288473818.63
MTLR;D;20160902;000000;72.99;73;67.48;70.9;2473149;173140950.43
MTLR;D;20160905;000000;71;72.89;70.33;71.25;1252508;89849329.19
MTLR;D;20160906;000000;71.53;74.2;71.2;74.15;2609873;189857864.34
MTLR;D;20160907;000000;75.61;78.9;75.61;78.65;2541833;197713373.78
MTLR;D;20160908;000000;78.8;92.32;78.5;88.68;6786468;587050005.9
MTLR;D;20160909;000000;89.48;95.5;85.5;87.7;7252856;669224012.19
MTLR;D;20160912;000000;88.36;91.8;80.55;84.18;5650075;480200271.01
MTLR;D;20160913;000000;84.21;86.95;79.6;80.01;3329489;274023530.5
MTLR;D;20160914;000000;79.97;82.77;75.37;82.01;4233411;336414273.91
MTLR;D;20160915;000000;82.02;84.44;80.03;80.99;1968179;161676749.66
MTLR;D;20160916;000000;81;81.49;78;80.17;1135837;90242202.58
MTLR;D;20160919;000000;83;86.1;81.82;85.2;2527980;213014145.88
MTLR;D;20160920;000000;85.84;86.37;82.9;84.57;987575;83126605.25
MTLR;D;20160921;000000;85.27;85.55;82.07;85.18;1744705;146703259.71
MTLR;D;20160922;000000;85.61;88.31;84.8;87.82;2463666;213391088.7
MTLR;D;20160923;000000;88.16;89;86.05;87.76;1918008;168960332.77
MTLR;D;20160926;000000;88.48;93;86.37;91.7;2355805;212195714.38
MTLR;D;20160927;000000;91.98;95.5;87.5;87.99;3266114;296814450.93
MTLR;D;20160928;000000;88.22;91.43;86.52;90.53;1632902;145567263.08
MTLR;D;20160929;000000;91.88;92.03;88.02;88.8;807194;72767983.76
MTLR;D;20160930;000000;88.78;90.4;87.33;90;1912008;170550336.91
MTLR;D;20161003;000000;89.9;91.78;88.47;91.03;2070172;187797729.43
MTLR;D;20161004;000000;91.48;92.5;90.4;92.01;1647164;151356039.19
MTLR;D;20161005;000000;92.01;92.38;88.5;90;964364;86862180.83
MTLR;D;20161006;000000;90.4;91.33;89;89;783749;70834130.17
MTLR;D;20161007;000000;89;89;87.5;87.82;542755;47722507.97
MTLR;D;20161010;000000;88.28;88.73;86.05;87.84;722809;63201995.54
MTLR;D;20161011;000000;88.02;91.43;88.02;91;1361366;122808537.2
MTLR;D;20161012;000000;91.33;92.35;89.5;89.99;1170878;107181588.23
MTLR;D;20161013;000000;90.33;90.88;88.21;89.51;443821;39658104.55
MTLR;D;20161014;000000;89.94;90.44;88.5;89.21;287944;25699512.05
MTLR;D;20161017;000000;89.85;93;89.35;93;1504072;138529298.05
MTLR;D;20161018;000000;93.43;94.94;92.23;93.14;1287194;120728685.06
MTLR;D;20161019;000000;93.98;98.7;93.19;98.7;3105347;302164969.46
MTLR;D;20161020;000000;99.51;106.8;99.51;106.68;4360996;448587792.42
MTLR;D;20161021;000000;110;120;107.3;116.6;6134612;693920986.13
MTLR;D;20161024;000000;118.2;145.9;118.2;145.6;15259145;2048754801.26
MTLR;D;20161025;000000;153.03;161.8;135.04;144.01;15093460;2217384727.1
MTLR;D;20161026;000000;148;149.15;136;147.45;6081500;871688118.01
MTLR;D;20161027;000000;146.5;159.8;145.44;157.79;8828476;1374406005.78
MTLR;D;20161028;000000;156.57;157.8;150.19;153;3436101;530817844.26
MTLR;D;20161031;000000;153;157.6;148.05;148.2;3692124;557119209.82
MTLR;D;20161101;000000;150.6;154.61;146;152.96;2644236;398252604.71
MTLR;D;20161102;000000;152.7;155.5;148.03;148.03;1822500;275779876.44
MTLR;D;20161103;000000;147.6;147.6;138.41;141.7;3231439;462474815.47
MTLR;D;20161107;000000;142.55;151.09;142;151;2834873;418088249.57
MTLR;D;20161108;000000;153;158.5;152.13;156.28;3608191;562668929.45
MTLR;D;20161109;000000;151;164.49;150;163.5;3622328;575582592.77
MTLR;D;20161110;000000;167.01;189.2;167.01;177;9343843;1678837740.49
MTLR;D;20161111;000000;180;187.75;177.76;185.9;4391721;807546257.82
MTLR;D;20161114;000000;185.76;210.83;185.5;210.83;9030363;1829752850.8
MTLR;D;20161115;000000;213.49;219.75;200.25;211;8583003;1814028380.83
MTLR;D;20161116;000000;211.02;213.93;205.15;208.21;3324023;694824056.24
MTLR;D;20161117;000000;208.77;209.23;201;201;2399151;486382494.11
MTLR;D;20161118;000000;200;200.32;181.71;185.93;6068223;1145202077.06
MTLR;D;20161121;000000;186;203.02;183.02;203.02;4947077;972751491.94
MTLR;D;20161122;000000;203.51;206.78;193;197.89;4317059;861229244.47
MTLR;D;20161123;000000;197;197;192.73;193.78;2391931;465398022.47
MTLR;D;20161124;000000;196.3;199;192;193;1529089;298470632.06
MTLR;D;20161125;000000;192.5;198.51;188.5;195.5;2030543;395034887.63
MTLR;D;20161128;000000;197.99;200.85;197;199.66;1793239;357429533.31
MTLR;D;20161129;000000;199.5;202.4;190.5;192.04;2675552;521297286.72
MTLR;D;20161130;000000;188.89;190.59;182.15;182.81;2550969;475514570.42
MTLR;D;20161201;000000;186;189;182.33;183.55;1130313;210004905.22
MTLR;D;20161202;000000;181.99;182.88;168.13;174.51;3672539;640479710.2
MTLR;D;20161205;000000;173.99;179.72;172.93;175.34;1672980;295432098.63
MTLR;D;20161206;000000;175.5;177;170.69;171.5;846173;147324033.94
MTLR;D;20161207;000000;172.52;175;169.11;172.5;1059562;182042203.1
MTLR;D;20161208;000000;171.09;172.49;169.7;170;1348142;230146607.06
MTLR;D;20161209;000000;168.99;168.99;165.03;165.62;1295835;215607748.13
MTLR;D;20161212;000000;166.1;194.5;163.11;194;7678599;1403052670.47
MTLR;D;20161213;000000;194.55;200.7;186.55;189;3968537;766773802.15
MTLR;D;20161214;000000;187.92;194.77;185.2;190;2292005;437484497.55
MTLR;D;20161215;000000;190;199.9;190;194.98;3803346;744995711.23
MTLR;D;20161216;000000;196.77;200.3;192.82;194;3250287;642195368.92
MTLR;D;20161219;000000;196.7;198.89;191;192.78;1591385;309987932.07
MTLR;D;20161220;000000;192.98;195.18;187.01;187.81;1220738;233946045.46
MTLR;D;20161221;000000;188.53;191.7;187;188.7;1166568;220716439.95
MTLR;D;20161222;000000;189.5;191.44;177.12;180.01;1895587;345017554.77
MTLR;D;20161223;000000;179.74;179.74;175.63;177.4;842154;149278193.69
MTLR;D;20161226;000000;178;191.4;178;189.1;2097546;392942195.59
MTLR;D;20161227;000000;190.44;193.64;181.25;181.8;1786770;332763175.21
MTLR;D;20161228;000000;181.88;181.88;176.1;180;1698933;304632953.01
MTLR;D;20161229;000000;181;184.61;179.26;181.51;759066;138021853.04
MTLR;D;20161230;000000;180.52;183.88;180.52;181.25;467996;85210150.18
MTLR;D;20170103;000000;181.12;187.81;181.12;185.15;726018;134110646.01
MTLR;D;20170104;000000;186.79;186.97;181.35;181.67;324038;59567430.86
MTLR;D;20170105;000000;183.36;184.78;181.09;181.26;444533;81165175.07
MTLR;D;20170106;000000;182.18;182.63;177.62;181.2;420098;75718903.78
MTLR;D;20170109;000000;180.32;184.29;179.03;179.7;320958;58087520.2
MTLR;D;20170110;000000;179.03;186.16;178.07;185.62;1145824;210090131.38
MTLR;D;20170111;000000;194.34;198.89;192.88;196.53;4393744;860004944.28
MTLR;D;20170112;000000;198.02;199.38;190.81;193.3;1494503;290829273.12
MTLR;D;20170113;000000;193.58;194.8;189.01;192;861610;165323826.81
MTLR;D;20170116;000000;192.33;195.08;190.72;193.6;434249;84208829.87
MTLR;D;20170117;000000;194.38;194.66;188.88;189;510674;97164223.59
MTLR;D;20170118;000000;189.98;189.98;186.41;187.08;470940;88437744.32
MTLR;D;20170119;000000;187.14;191.1;186.25;191;594421;112448924.62
MTLR;D;20170120;000000;192.5;193.23;188.4;190.01;616988;117681751.65
MTLR;D;20170123;000000;190.88;190.88;187.08;188.02;300821;56758972.81
MTLR;D;20170124;000000;188.44;191.88;187.1;190.73;1031485;195759000.19
MTLR;D;20170125;000000;191;194.06;188.72;189.98;826228;158203372.95
MTLR;D;20170126;000000;189.37;190.65;188.02;190;990200;187912585.23
MTLR;D;20170127;000000;189.67;192.93;188.6;190.01;1017957;194147050.32
MTLR;D;20170130;000000;190.5;192;187.31;188;619006;117358892.35
MTLR;D;20170131;000000;188.26;188.8;185;186.01;501600;93520650.71
MTLR;D;20170201;000000;186.22;186.73;181.27;184.65;519683;95822975.61
MTLR;D;20170202;000000;184.65;192.3;184.03;187;1135095;213867426.17
MTLR;D;20170203;000000;187.3;189.11;184.11;185.33;594513;110675521.09
MTLR;D;20170206;000000;185.27;188.6;184.47;185.34;572171;106947629.34
MTLR;D;20170207;000000;185.49;187.13;182.6;183.1;536547;99014342.92
MTLR;D;20170208;000000;184.75;184.75;181.27;181.55;560724;102654432.92
MTLR;D;20170209;000000;182.17;182.88;176.72;179.48;454986;81818914.47
MTLR;D;20170210;000000;179.98;181.88;176.8;177.6;307141;54825804.65
MTLR;D;20170213;000000;177.8;180.54;172.53;172.8;755414;133050848.6
MTLR;D;20170214;000000;172.83;173.5;165.13;166.92;1507002;252248993.4
MTLR;D;20170215;000000;164.89;168;158.99;165.52;1598491;260537286.52
MTLR;D;20170216;000000;165.9;176.79;164.01;175.4;2559170;442948593.63
MTLR;D;20170217;000000;175.51;185;174.56;176.06;2671797;482008457.85
MTLR;D;20170220;000000;176.1;179.99;170.9;171.78;860355;150105286.51
MTLR;D;20170221;000000;171.55;173.18;167.16;169.53;604076;102151875.02
MTLR;D;20170222;000000;170.99;173.9;165.8;166.4;944974;160348227.18
MTLR;D;20170224;000000;164;164.45;159.25;160.8;950708;153227628.92
MTLR;D;20170227;000000;160.91;165.69;148.5;151.49;1571427;244727671.38
MTLR;D;20170228;000000;152.4;152.4;134.11;146.8;3516723;505581849
MTLR;D;20170301;000000;146.69;154.3;140.03;154;1687846;252569143.59
MTLR;D;20170302;000000;155;159.23;150.34;152;1535841;238251830.57
MTLR;D;20170303;000000;150.5;154.37;145.28;151.76;1003725;151196221.25
MTLR;D;20170306;000000;151.96;155.66;150.41;150.42;660788;101066485.25
MTLR;D;20170307;000000;150.01;151.6;144.02;145.81;878092;128856574.17
MTLR;D;20170309;000000;144.96;144.96;134;134.47;1963389;272163108.49
MTLR;D;20170310;000000;131;134.79;123.37;133;2431267;314687677.67
MTLR;D;20170313;000000;132.99;143.6;126.99;143;2183990;303003449.76
MTLR;D;20170314;000000;142.95;144.5;137.11;139.25;1836377;258581898.7
MTLR;D;20170315;000000;140;142.88;139.02;140.02;1164463;164066163.02
MTLR;D;20170316;000000;140.8;144.49;140.8;142.08;957180;136468774.73
MTLR;D;20170317;000000;143;154;142.21;147.51;2861493;424051470.06
MTLR;D;20170320;000000;152;153.88;146.16;149.2;1509405;225026791.63
MTLR;D;20170321;000000;150.02;151.49;144.55;144.6;1166630;173714510.98
MTLR;D;20170322;000000;142.89;145.97;139.45;144.17;1689668;240695099.42
MTLR;D;20170323;000000;144.3;148.5;143;143.65;895795;130151502.51
MTLR;D;20170324;000000;143.01;144.49;142.2;143.09;390345;55900863.39
MTLR;D;20170327;000000;141.98;143.26;138.17;140.36;855651;119757141.8
MTLR;D;20170328;000000;143.01;150.19;142;148.52;1856224;270823561.87
MTLR;D;20170329;000000;150.4;161.28;148.18;161.13;2610009;403040723.19
MTLR;D;20170330;000000;161.5;164.5;155.26;157.52;1999744;319773986.15
MTLR;D;20170331;000000;156.49;156.49;150.22;151.62;1069807;163422593.12
MTLR;D;20170403;000000;153;159.47;151.21;156.12;1975361;308018453.01
MTLR;D;20170404;000000;156.64;159.31;154.3;157.26;1060053;166672383.1
MTLR;D;20170405;000000;159.18;165.75;158.14;163;3000211;489026863.53
MTLR;D;20170406;000000;163;168.94;160.42;168.86;2132867;354648742.69
MTLR;D;20170407;000000;168.93;168.93;161;166.41;2115484;348580819.19
MTLR;D;20170410;000000;167.12;167.12;155.52;157.99;2215837;353820603.97
MTLR;D;20170411;000000;155.57;165.2;155.57;159.66;2101759;340156691.45
MTLR;D;20170412;000000;159.98;162.99;155.51;155.74;1383565;221128944.45
MTLR;D;20170413;000000;157.61;160.5;151.25;159.93;1646214;259370570.68
MTLR;D;20170414;000000;159.7;159.91;154.05;155.34;501128;78544297.22
MTLR;D;20170417;000000;154.17;158.88;153.9;157.73;771699;121047562.83
MTLR;D;20170418;000000;158.5;160;152.25;153.19;572272;89206515.67
MTLR;D;20170419;000000;152.05;154.51;147.55;148.22;907992;136091848.54
MTLR;D;20170420;000000;148.25;151;141.13;148.75;1751071;253521852.85
MTLR;D;20170421;000000;150;152.89;147.33;148.74;814661;122437668.77
MTLR;D;20170424;000000;151.56;153.7;149.2;152.14;665725;100880576.5
MTLR;D;20170425;000000;153.16;153.89;150.02;150.5;616394;93424528.19
MTLR;D;20170426;000000;151.01;155.89;150.04;151.49;1463482;224051340.49
MTLR;D;20170427;000000;149.99;168.2;145;167.1;5555818;890384855.98
MTLR;D;20170428;000000;168.4;178.2;165;177.77;4988674;867133212.61
MTLR;D;20170502;000000;177.8;177.8;169.3;170.05;1280244;220382963.3
MTLR;D;20170503;000000;170.85;177;165.35;174.2;2517560;434433102.95
MTLR;D;20170504;000000;174.2;174.85;167.3;168.15;858148;146129063.45
MTLR;D;20170505;000000;167.85;168.35;162.65;164.15;555699;91633159.9
MTLR;D;20170510;000000;167.4;168.95;163.5;164.6;829066;138113440.85
MTLR;D;20170511;000000;164.6;167.55;158.85;159.65;635912;103468538.95
MTLR;D;20170512;000000;159;164.85;159;161.3;407966;65569650.25
MTLR;D;20170515;000000;162;163.5;158.1;158.5;325251;51916097.95
MTLR;D;20170516;000000;158.5;161.95;155.05;155.6;429919;68245403.65
MTLR;D;20170517;000000;156.6;157.3;152.65;153.95;420859;65224792.8
MTLR;D;20170518;000000;152.8;154.5;147.55;148.15;603662;90873878.35
MTLR;D;20170519;000000;149.2;151.5;148;148.65;327665;49116510.05
MTLR;D;20170522;000000;149.95;149.95;145.2;146.6;301794;44301103.9
MTLR;D;20170523;000000;147.25;157.9;145.5;157;761717;117363209.75
MTLR;D;20170524;000000;157.8;158.95;150.5;151.95;678806;104670195.6
MTLR;D;20170525;000000;152.35;155.45;149.7;151.85;429222;65358033.55
MTLR;D;20170526;000000;152.05;152.55;146.6;147.9;327723;48836048.4
MTLR;D;20170529;000000;148.9;150.95;147.1;150.35;159441;23829159.85
MTLR;D;20170530;000000;150.9;151.5;145.6;146.35;347845;51355337.4
MTLR;D;20170531;000000;147;167.45;145.05;155.35;3373828;540215125.65
MTLR;D;20170601;000000;157.5;158.7;147.1;149.6;1070241;162262330.4
MTLR;D;20170602;000000;149.5;150.05;145.75;147.4;621823;91848481.25
MTLR;D;20170605;000000;147.15;151.85;147.15;148;574751;85993594.4
MTLR;D;20170606;000000;148.8;150;147.4;148.6;178105;26480659.1
MTLR;D;20170607;000000;148.6;149.5;146.55;146.6;196729;29110649.95
MTLR;D;20170608;000000;147.3;149.25;138.5;138.75;1606082;228225605.85
MTLR;D;20170609;000000;139;143.5;136.2;139.9;583137;81949131.6
MTLR;D;20170613;000000;140;140.85;136.25;137.35;450427;62055773.75
MTLR;D;20170614;000000;136.25;136.95;130.25;130.3;732638;98009276.9
MTLR;D;20170615;000000;130;133.35;124.25;128.5;1573104;200780292.2
MTLR;D;20170616;000000;128.4;136.35;121;121.95;1132265;144321027.4
MTLR;D;20170619;000000;122.55;128.9;122.5;126.2;781975;98027236.15
MTLR;D;20170620;000000;126.9;132;126.5;130.65;937925;121769540.1
MTLR;D;20170621;000000;131;132.9;128.75;129.6;280927;36440016
MTLR;D;20170622;000000;130.05;137.3;128;134.95;857737;114897974.55
MTLR;D;20170623;000000;135.25;137.55;133.35;135.5;394872;53466637.6
MTLR;D;20170626;000000;136;138.85;132.7;132.7;368381;50149615.1
MTLR;D;20170627;000000;131.5;136.9;130.3;136;337759;45600096.8
MTLR;D;20170628;000000;136;139.2;135.15;137.9;396771;54530536.2
MTLR;D;20170629;000000;139.9;141.95;138.3;138.35;553910;77506227.8
MTLR;D;20170630;000000;139.95;141.35;138.3;138.3;519964;72652412.25
MTLR;D;20170703;000000;139.1;140.45;138.15;140.2;294247;40990096.15
MTLR;D;20170704;000000;141;146.6;140.1;143.65;710834;102156356.1
MTLR;D;20170705;000000;144.7;149.05;143.85;148.3;1459279;214552030.55
MTLR;D;20170706;000000;149.05;149.5;143.85;145.35;434882;63507695.4
MTLR;D;20170707;000000;145.9;145.9;141.65;142.05;428958;61461442.9
MTLR;D;20170710;000000;142.05;147.45;142.05;144.1;558662;80971144.85
MTLR;D;20170711;000000;145;146.9;142.1;146.3;549313;79561212.55
MTLR;D;20170712;000000;147.4;151.8;146.8;148.6;1324487;197618926
MTLR;D;20170713;000000;150.45;150.45;146;147.95;496629;73584714.7
MTLR;D;20170714;000000;146.55;147.25;140.1;141.5;1119118;159824001.75
MTLR;D;20170717;000000;141.9;143.6;138.55;143.35;514422;73021573
MTLR;D;20170718;000000;143.55;146.4;143.25;145.1;461710;67225612
MTLR;D;20170719;000000;144.45;145.45;141.2;145.1;446733;64083394.35
MTLR;D;20170720;000000;143.9;148.6;143.85;145.1;495136;72293386.8
MTLR;D;20170721;000000;146.15;146.15;143.4;144.95;415794;60129036.9
MTLR;D;20170724;000000;144;144.75;142.3;144.2;305135;43788585.5
MTLR;D;20170725;000000;145;145.55;143.05;143.45;409409;58924625.5
MTLR;D;20170726;000000;144.35;145;142.1;143.7;411277;59099205.15
MTLR;D;20170727;000000;143.95;146.3;143.95;144.45;305030;44225762.3
MTLR;D;20170728;000000;143;143.55;135.8;137.7;1020083;141253714.9
MTLR;D;20170731;000000;138.65;143.35;136.85;143.35;690242;96969894.5
MTLR;D;20170801;000000;143.35;144.8;141.95;142.8;319617;45760041.6
MTLR;D;20170802;000000;142.85;145.25;142.75;143.75;307607;44350912.9
MTLR;D;20170803;000000;144.1;147.5;143;144.1;536951;78127199.1
MTLR;D;20170804;000000;143.95;146.15;143.1;145.7;357630;51829881.05
MTLR;D;20170807;000000;146.2;150.65;146;150.5;773736;115159971.4
MTLR;D;20170808;000000;150.65;157.4;150.65;154.6;1378679;213533201.35
MTLR;D;20170809;000000;154;159.7;149.6;155.7;1192516;186124231.7
MTLR;D;20170810;000000;155.3;157.95;149.55;150.3;736024;112543713.15
MTLR;D;20170811;000000;149.05;149.95;145.05;146.8;634162;93144393.4
MTLR;D;20170814;000000;146.9;150.45;145.6;148.95;443445;65839552.15
MTLR;D;20170815;000000;148.2;153.3;146.55;152.2;757222;114013801.05
MTLR;D;20170816;000000;151.5;154.25;150.2;151.1;479392;72933473.35
MTLR;D;20170817;000000;151.65;155.05;151;151.05;585268;89755723.8
MTLR;D;20170818;000000;151.75;152.8;147.7;151;517329;77776894
MTLR;D;20170821;000000;150.05;154.85;150.05;152.5;948119;144920644.05
MTLR;D;20170822;000000;153.3;164.4;153.2;164;2344224;372314047.5
MTLR;D;20170823;000000;164.75;167.4;155.55;166;4219598;681752594.6
MTLR;D;20170824;000000;166.9;167;157.1;160.3;1719241;276297044.15
MTLR;D;20170825;000000;160.5;164;157.55;163.5;952131;153338273.05
MTLR;D;20170828;000000;162.9;165.9;161.15;164.25;610128;100075178.65
MTLR;D;20170829;000000;163.85;165.95;162;162.8;592126;97253010
MTLR;D;20170830;000000;163;165.4;162.75;164;638482;104751272.55
MTLR;D;20170831;000000;163.1;170.15;163.1;169.6;1469939;246335994.6
MTLR;D;20170901;000000;169.9;172;167.7;169.8;602712;102601186.1
MTLR;D;20170904;000000;168.3;172.25;167.25;169;360055;61042957.1
MTLR;D;20170905;000000;168.45;171.4;163.4;163.45;829022;138101264.8
MTLR;D;20170906;000000;163.1;164.95;160.15;164.15;438043;71625205
MTLR;D;20170907;000000;164.5;165.8;162.6;163.9;410250;67279794.45
MTLR;D;20170908;000000;163.05;164.65;162.15;162.85;430007;70288884.95
MTLR;D;20170911;000000;162.65;163.6;159.05;159.95;533535;85957482.95
MTLR;D;20170912;000000;161.9;162.35;160.05;161.1;359513;58048750.95
MTLR;D;20170913;000000;161.25;162.6;160.1;160.95;641752;103402729.2
MTLR;D;20170914;000000;159.45;159.55;153;153.7;1106911;172804745.25
MTLR;D;20170915;000000;153.25;155.8;149.1;154.7;2912105;440617204.25
MTLR;D;20170918;000000;155.45;157.7;154.1;156.9;678453;106096018.65
MTLR;D;20170919;000000;157;157.5;153.05;153.3;264889;41057687.8
MTLR;D;20170920;000000;152.85;156;152.7;154.75;209281;32420394.45
MTLR;D;20170921;000000;154.75;155.7;150.8;152.5;822830;125232379.6
MTLR;D;20170922;000000;152.25;154.05;149.15;153.8;536320;81735163.1
MTLR;D;20170925;000000;153.9;159;152.1;157.8;851440;132900445.15
MTLR;D;20170926;000000;158;158.4;153.35;153.35;589556;91302563.65
MTLR;D;20170927;000000;153;155.1;152;152.85;399969;61312885.4
MTLR;D;20170928;000000;153.3;153.9;151.05;151.4;305050;46515787.75
MTLR;D;20170929;000000;151;152.9;150.45;151.1;421963;63876829.45
MTLR;D;20171002;000000;151.55;152.15;150;150.05;291292;43969066.5
MTLR;D;20171003;000000;151;151;147.7;149;368561;54997851.5
MTLR;D;20171004;000000;148.7;150.5;147.15;148.8;444251;66202288.2
MTLR;D;20171005;000000;148.65;150.4;146.5;147.8;473742;70190833.2
MTLR;D;20171006;000000;148;151.4;148;148.65;455637;68247172.6
MTLR;D;20171009;000000;149.15;153.7;148.8;152;436548;66322227.85
MTLR;D;20171010;000000;152.9;153.85;148.35;148.4;625213;94276795.55
MTLR;D;20171011;000000;148.4;150.45;146.3;146.3;1071368;158493477.35
MTLR;D;20171012;000000;147;148.85;144.7;145;745117;109229495.2
MTLR;D;20171013;000000;145.75;147.15;143.8;145;1538643;222507761.3
MTLR;D;20171016;000000;145.65;148;144.25;145.1;695141;101559088.3
MTLR;D;20171017;000000;145.95;149.75;143.7;146.45;1792624;263596193
MTLR;D;20171018;000000;147;155.5;146.5;151.95;3491124;527559092.95
MTLR;D;20171019;000000;152.1;154.6;148.7;153;1442567;218788248.1
MTLR;D;20171020;000000;153;153.95;149.8;152.7;394498;59905392.8
MTLR;D;20171023;000000;152.95;155.25;151;152.9;502446;77245211.7
MTLR;D;20171024;000000;153;154.25;148.15;150;577566;86729423.65
MTLR;D;20171025;000000;150.05;151.35;148.05;148.95;470209;70158697.2
MTLR;D;20171026;000000;148.9;149.95;146.15;149.1;483162;71872266.2
MTLR;D;20171027;000000;148.5;154.4;148.5;151.7;1231923;187651436.75
MTLR;D;20171030;000000;153;153.9;149.4;150.5;693645;105096240.75
MTLR;D;20171031;000000;150.9;152.25;148.6;149.45;410854;61692409.45
MTLR;D;20171101;000000;149;149.95;147.4;147.7;400237;59401865.05
MTLR;D;20171102;000000;148.15;149.45;146.55;147.4;482758;71414129.6
MTLR;D;20171103;000000;147.4;149.25;146.65;146.85;389964;57706627.4
MTLR;D;20171107;000000;148.5;149;146.85;147.85;439327;64860200.25
MTLR;D;20171108;000000;147.15;149.2;146.3;147.2;473840;70044557.1
MTLR;D;20171109;000000;147.7;148.6;147.05;147.3;295607;43633663.65
MTLR;D;20171110;000000;147.25;147.9;146.3;146.6;308518;45295091.8
MTLR;D;20171113;000000;146.6;148.4;145;146;477608;70150186.6
MTLR;D;20171114;000000;146.6;148.9;145;145.45;542089;79577087.45
MTLR;D;20171115;000000;145.5;146.05;138.75;138.75;530961;75941732.6
MTLR;D;20171116;000000;139.2;140.45;131.15;135.7;1215112;164332928.05
MTLR;D;20171117;000000;136.3;142;135.5;136.9;794378;110659864.05
MTLR;D;20171120;000000;137.15;139.7;135.95;137.5;388226;53517193.1
MTLR;D;20171121;000000;137.85;145.55;137.75;143.6;1397473;200309223.35
MTLR;D;20171122;000000;143.2;147.75;142.75;144.95;532371;77476553.9
MTLR;D;20171123;000000;145.1;146.35;143.2;143.6;304739;44087995.6
MTLR;D;20171124;000000;144;145.3;140.1;143.1;322363;46185966
MTLR;D;20171127;000000;143.1;147.95;142.35;146.45;644640;94202231
MTLR;D;20171128;000000;146.2;149.5;143.65;144.1;1918254;281995332.7
MTLR;D;20171129;000000;145;146.5;140.35;141.75;888083;127351552.3
MTLR;D;20171130;000000;141;142;138.1;138.1;527185;73706758
MTLR;D;20171201;000000;136.65;139.9;135.45;137.2;462788;63883054.2
MTLR;D;20171204;000000;137.8;138;133;134.4;677037;91171754.8
MTLR;D;20171205;000000;135;136.4;131.6;132.9;490122;65222466.85
MTLR;D;20171206;000000;133.9;143.4;132.5;143.4;1290084;179457812
MTLR;D;20171207;000000;143.5;143.7;134.3;135.15;993674;136644433.4
MTLR;D;20171208;000000;135.95;137.2;134.6;134.75;377500;51238725.2
MTLR;D;20171211;000000;134.6;139.6;134.6;139;394722;54510372.55
MTLR;D;20171212;000000;138.5;139.5;137.5;137.75;205407;28390182.9
MTLR;D;20171213;000000;137.75;137.8;135;135.95;460147;62489326.55
MTLR;D;20171214;000000;136.85;137.15;135.5;136;298752;40632421.8
MTLR;D;20171215;000000;136.6;140;135.55;140;1143048;156682108.85
MTLR;D;20171218;000000;135;137.3;133.1;133.5;1073503;144648446.05
MTLR;D;20171219;000000;134.1;136.7;133.5;134;533674;72195538.2
MTLR;D;20171220;000000;134.45;134.6;129.3;129.65;935860;122155112.75
MTLR;D;20171221;000000;132;132;120.15;126.4;1399153;176036716.55
MTLR;D;20171222;000000;124.5;127.8;121.9;127.4;1113563;139000626.2
MTLR;D;20171225;000000;123.5;129.85;123.5;129.8;636523;82103135.35
MTLR;D;20171226;000000;130;136.4;128.55;136;1687714;224063363.5
MTLR;D;20171227;000000;136.4;143.25;136.4;140.4;2327277;327764169.65
MTLR;D;20171228;000000;141.3;142.8;138.1;141.3;631283;88637690.2
MTLR;D;20171229;000000;141.3;148;140.05;147.75;1668318;242120059.4
MTLR;D;20180103;000000;149;157.15;148.05;155.75;2067858;318108427
MTLR;D;20180104;000000;156.45;158.9;151.05;154.2;967356;148933358.55
MTLR;D;20180105;000000;154.2;155.55;153.4;154.5;561902;86783043.65
MTLR;D;20180109;000000;154.6;155.85;151.3;155.6;1156873;177773627.65
MTLR;D;20180110;000000;155.65;157.35;153.75;154.7;779625;120909853.8
MTLR;D;20180111;000000;154.7;155.3;151.05;155;708024;108757366.95
MTLR;D;20180112;000000;154.35;156.2;151.65;152.65;521708;80268039.8
MTLR;D;20180115;000000;153;154.95;152.6;154.95;360541;55511494.5
MTLR;D;20180116;000000;154.25;155;152.15;154;594677;91095062.4
MTLR;D;20180117;000000;153;153.4;148.3;150.65;899596;135739069.7
MTLR;D;20180118;000000;150.7;152.15;149.55;149.9;542941;81792072.15
MTLR;D;20180119;000000;149.9;150.4;146.2;147;521908;77590605
MTLR;D;20180122;000000;147.65;155;147;153;1160238;177081089.65
MTLR;D;20180123;000000;153.25;159;152.05;154.3;1958031;303212496.4
MTLR;D;20180124;000000;153.6;154.6;152.05;152.95;451524;69124955.35
MTLR;D;20180125;000000;152.5;153.95;149.5;150;836381;126880747.3
MTLR;D;20180126;000000;150;150.9;147.5;149.2;487731;72645269.3
MTLR;D;20180129;000000;147.5;150.5;145;145.2;597934;87855810.4
MTLR;D;20180130;000000;145.75;147.4;141;145;578213;83934441.7
MTLR;D;20180131;000000;145.65;146.85;142.35;146.05;587769;85257834.45
MTLR;D;20180201;000000;145.95;149.95;145.95;147.55;604493;89646265.25
MTLR;D;20180202;000000;148.2;149.1;144.1;144.3;483118;70409949.6
MTLR;D;20180205;000000;144;145.35;140.4;142.3;660527;94306913.85
MTLR;D;20180206;000000;138.45;139.5;132.6;135.25;1203196;164026382.85
MTLR;D;20180207;000000;137;138;135.5;136.9;430355;58896513.6
MTLR;D;20180208;000000;136.75;139;135.05;135.9;521821;71592147.9
MTLR;D;20180209;000000;130.9;134.8;130.8;134;703624;93850768.8
MTLR;D;20180212;000000;134.25;139.5;133.5;138.25;621090;85272161.5
MTLR;D;20180213;000000;139.45;140.25;137.95;138.7;286418;39828419.9
MTLR;D;20180214;000000;139.05;141.65;137.1;139.7;616083;85990876.5
MTLR;D;20180215;000000;141.65;148.75;141.1;147.25;1338887;193722336.4
MTLR;D;20180216;000000;147.9;151.9;144;145.3;1207005;179110482.9
MTLR;D;20180219;000000;145.7;149.5;145.7;146.7;441387;65305827.45
MTLR;D;20180220;000000;146;148;141.75;143.85;739680;106355218.85
MTLR;D;20180221;000000;142.45;145.75;142.4;144.3;392996;56719582.3
MTLR;D;20180222;000000;143.4;149.7;143.4;147.15;1226545;181255621.45
MTLR;D;20180226;000000;147.9;150.5;146.3;148.5;693989;103202534.2
MTLR;D;20180227;000000;147.5;148.9;146;146.6;408223;60204604.75
MTLR;D;20180228;000000;146.6;146.65;143.15;144;251986;36512226.25
MTLR;D;20180301;000000;143.45;145.9;142.2;145.9;391578;56412614.7
MTLR;D;20180302;000000;144.9;144.9;140.6;140.65;599237;84982026
MTLR;D;20180305;000000;141;141.85;140.05;141;351873;49630391.15
MTLR;D;20180306;000000;141.05;142.7;139.6;140;340206;48042683.05
MTLR;D;20180307;000000;139.5;140.1;135;139.95;392144;54339054.7
MTLR;D;20180309;000000;139.4;143.25;137.9;138.25;663399;93164574.05
MTLR;D;20180312;000000;140.45;140.45;136.05;136.45;767489;105756639.4
MTLR;D;20180313;000000;136.45;139.75;136.1;138.7;462774;64173192.95
MTLR;D;20180314;000000;139.35;139.4;132.3;132.3;1243328;167788977.5
MTLR;D;20180315;000000;133.95;135.65;132.3;134.85;873291;117376290.15
MTLR;D;20180316;000000;134.55;136.6;133.35;136.6;692004;93643368.55
MTLR;D;20180319;000000;136;136;132.6;132.6;923163;123995371.4
MTLR;D;20180320;000000;132.7;133.95;131.65;133.65;551250;73349242
MTLR;D;20180321;000000;134.1;137.85;133.8;136.8;789686;107300149.7
MTLR;D;20180322;000000;136.45;137.25;134;134;656829;89123332.35
MTLR;D;20180323;000000;133.3;133.85;131.6;132.65;398115;52768593.55
MTLR;D;20180326;000000;131.95;133.05;129.25;129.3;417802;54845851.7
MTLR;D;20180327;000000;130;131.95;129.5;129.9;506232;66075104.05
MTLR;D;20180328;000000;129.6;129.9;125.35;126.55;867575;110561489.7
MTLR;D;20180329;000000;126;129.15;126;127.6;418225;53633478.35
MTLR;D;20180330;000000;128.25;128.7;123.45;124.05;1695079;212417888.95
MTLR;D;20180402;000000;124.2;126.25;123.25;124.3;1246585;155371029.5
MTLR;D;20180403;000000;124.2;130.6;123.85;130.5;1439884;184135183.1
MTLR;D;20180404;000000;131.55;137.9;130.8;136.2;2843405;379089059.7
MTLR;D;20180405;000000;137.2;139.1;127.45;130.4;3269471;433690790.9
MTLR;D;20180406;000000;130.4;130.95;125.45;126.15;1123440;143749628.2
MTLR;D;20180409;000000;125;125.8;80;101.85;7454922;794027640.4
MTLR;D;20180410;000000;100.1;114.7;99.05;110.3;4493437;482250328.3
MTLR;D;20180411;000000;111.2;118.5;105.5;106;4037678;452979068.45
MTLR;D;20180412;000000;107.85;114.6;107.4;113.6;2098633;233983778.8
MTLR;D;20180413;000000;113.9;116.3;111.55;112.05;1272816;144478197.25
MTLR;D;20180416;000000;110.8;114.65;107;110.65;1062599;118738494.75
MTLR;D;20180417;000000;113.9;115.55;112.25;113.75;730898;83124506.65
MTLR;D;20180418;000000;114;117.45;113.75;116.15;1021223;118423424.95
MTLR;D;20180419;000000;117.3;119;115.15;116.1;727664;85413660.8
MTLR;D;20180420;000000;116.2;124.45;115.1;122.95;2348316;280205955.5
MTLR;D;20180423;000000;123.2;125.4;120.45;121.65;1202479;147843549.3
MTLR;D;20180424;000000;121.85;123.3;120.5;121.2;504745;61506624.25
MTLR;D;20180425;000000;120.45;120.9;118.5;119.3;415317;49635912.1
MTLR;D;20180426;000000;119.4;121.3;118.95;119.9;557220;66865998.3
MTLR;D;20180427;000000;120;121.8;119.05;120.2;416563;50272554.85
MTLR;D;20180428;000000;120.05;120.4;119.15;120.35;151750;18167504.05
MTLR;D;20180430;000000;120.45;122;119.55;120.2;291858;35252588.3
MTLR;D;20180502;000000;120.3;120.65;118;118.35;589244;70040057.55
MTLR;D;20180503;000000;118.1;119.75;117.95;118.65;587134;69849433.85
MTLR;D;20180504;000000;118.7;119.35;117.45;118.6;331954;39227598.5
MTLR;D;20180507;000000;118.5;119.55;118.3;118.8;252077;30012115.05
MTLR;D;20180508;000000;118.95;118.95;116.3;116.85;427831;50243482.95
MTLR;D;20180510;000000;117.1;117.9;114.5;115.2;543028;62946214.75
MTLR;D;20180511;000000;114.9;117.45;114.85;116;523173;60867935.2
MTLR;D;20180514;000000;116.05;116.5;114.85;115.5;457014;52784813.75
MTLR;D;20180515;000000;115.95;115.95;112.7;113.35;673595;76807591.75
MTLR;D;20180516;000000;113.55;113.95;112;113.45;486028;54893007.2
MTLR;D;20180517;000000;113.45;115;112.7;114.6;258736;29434891.25
MTLR;D;20180518;000000;114.6;115.8;113.75;114.35;407523;46811424.45
MTLR;D;20180521;000000;114.5;115.8;113.55;113.6;329027;37780514.85
MTLR;D;20180522;000000;114;115.4;113.4;115.05;327803;37438822.4
MTLR;D;20180523;000000;115;115.35;113.55;113.8;168870;19311512.9
MTLR;D;20180524;000000;114;115;108.35;108.6;1298440;143513720.15
MTLR;D;20180525;000000;108.6;111.85;106.2;110.9;913810;100352389.95
MTLR;D;20180528;000000;110.9;111.8;108.4;109.6;382058;41862191.2
MTLR;D;20180529;000000;109.8;110.45;106.8;109;686757;74576632.6
MTLR;D;20180530;000000;109;110.8;108.8;110.8;318808;34979340.7
MTLR;D;20180531;000000;111.1;113.75;110.1;111.85;1050551;117880682.85
MTLR;D;20180601;000000;111.6;112.6;110.7;110.7;368841;41179457.2
MTLR;D;20180604;000000;110.1;110.7;107.7;107.8;604719;66088069.2
MTLR;D;20180605;000000;107.95;110;106.95;108.8;697253;75404495.25
MTLR;D;20180606;000000;109.9;111.5;108.45;109.75;496749;54903838
MTLR;D;20180607;000000;110.6;112.35;109.3;110.6;740216;81899858.7
MTLR;D;20180608;000000;110.7;110.8;108.25;109.55;431035;47200920.4
MTLR;D;20180609;000000;109.55;110.25;108.15;109.6;52981;5798508.55
MTLR;D;20180611;000000;109.75;113.95;109.1;113.9;446328;49741911.6
MTLR;D;20180613;000000;113.8;115.95;112;113.95;799696;90943523.8
MTLR;D;20180614;000000;114.35;115.3;112.2;114.95;532540;60783329.55
MTLR;D;20180615;000000;114.35;114.85;107.35;107.35;1230426;134552866.65
MTLR;D;20180618;000000;108;108.75;104.35;104.95;859642;91424147.35
MTLR;D;20180619;000000;104.1;104.55;97;100.05;1048662;106524289.4
MTLR;D;20180620;000000;101.1;104.35;100.15;103.65;883319;90836920.05
MTLR;D;20180621;000000;103.7;104.1;101.75;102.7;292686;30052034.7
MTLR;D;20180622;000000;102.85;103.15;98.7;99.45;589734;59142203.85
MTLR;D;20180625;000000;99.7;100.1;95.6;95.85;600370;58821395.65
MTLR;D;20180626;000000;96;98.95;95.85;97;743868;72357173.7
MTLR;D;20180627;000000;97;97.95;94.35;96.3;865309;83093413.7
MTLR;D;20180628;000000;96.5;96.9;94.7;96.05;426736;40951102.05
MTLR;D;20180629;000000;96.2;99;95.65;98.05;588607;57766659.05
MTLR;D;20180702;000000;97.95;102.35;97;101.35;959507;96513963.8
MTLR;D;20180703;000000;101.4;102.35;99.6;100.4;469096;47290788.2
MTLR;D;20180704;000000;100.65;102;100.65;102;437625;44437983.3
MTLR;D;20180705;000000;101.55;105.85;101.55;105.5;802989;83719958.55
MTLR;D;20180706;000000;106;106.65;104;105.9;496210;52133305.3
MTLR;D;20180709;000000;105.9;107.95;105.55;107.5;493168;52797804
MTLR;D;20180710;000000;107.5;107.9;106.1;106.3;307046;32838770.5
MTLR;D;20180711;000000;106.05;106.3;103.15;103.35;449912;46830496.35
MTLR;D;20180712;000000;103.5;104.25;102;104.25;540450;55890812.2
MTLR;D;20180713;000000;104;105.45;103.25;103.5;410934;42902076.35
MTLR;D;20180716;000000;104.35;104.35;101.05;101.75;479998;49232974.5
MTLR;D;20180717;000000;101;102.55;99.05;99.55;818482;82389408.65
MTLR;D;20180718;000000;99.6;100.3;96.1;96.25;1144680;111642176.4
MTLR;D;20180719;000000;96.2;97.75;94.75;95.2;891731;85372438.85
MTLR;D;20180720;000000;95.2;98.35;92.4;95.5;1282712;122384131.35
MTLR;D;20180723;000000;95.6;99.5;95.5;97.1;661058;64790994.55
MTLR;D;20180724;000000;97.25;98.75;95.1;96;443448;42992425.9
MTLR;D;20180725;000000;96;96.8;94.5;94.8;460508;43936468.9
MTLR;D;20180726;000000;94.9;96.75;94.9;95.4;306313;29290797.55
MTLR;D;20180727;000000;95.45;95.85;93.55;95.2;286916;27211857.4
MTLR;D;20180730;000000;95;95.45;93.7;94.15;484965;45853176.35
MTLR;D;20180731;000000;94.1;94.95;92.8;92.8;377152;35244429.1
MTLR;D;20180801;000000;92.75;93.45;91.25;92.5;315101;29210037.3
MTLR;D;20180802;000000;92.65;94.5;90.85;91.15;597870;55504791.15
MTLR;D;20180803;000000;91.4;93.25;90.35;92.55;438004;40171037.55
MTLR;D;20180806;000000;92.35;96.5;91.55;94.8;1305056;122676464.25
MTLR;D;20180807;000000;94.9;96.9;94.85;95.65;510314;48879491.05
MTLR;D;20180808;000000;95.65;96.35;91.3;91.3;789907;73417737.7
MTLR;D;20180809;000000;91;93.25;82;93.15;1425955;126979653.05
MTLR;D;20180810;000000;91;93.45;88;88.7;895290;81041516.85
MTLR;D;20180813;000000;89.3;90.85;87;89.35;460681;41311520.05
MTLR;D;20180814;000000;89.55;90.85;87;88.3;587125;52148298.6
MTLR;D;20180815;000000;88.5;89.2;84;84.85;809456;69804630.05
MTLR;D;20180816;000000;85.2;87.15;84;86.3;454062;38924907
MTLR;D;20180817;000000;86.3;88;85.6;86.75;348168;30256925.85
MTLR;D;20180820;000000;86.6;88.45;86.25;88.25;272478;23903129.4
MTLR;D;20180821;000000;88.5;89.2;86.65;88.85;467359;41070908.6
MTLR;D;20180822;000000;89.3;94.5;87.85;92.15;1565359;143649900.1
MTLR;D;20180823;000000;92.65;96.25;90.65;95.3;956067;89300901.05
MTLR;D;20180824;000000;95.3;97;93.2;95.1;754239;71797268.1
MTLR;D;20180827;000000;95.25;97.85;93.05;93.6;534945;51027107.25
MTLR;D;20180828;000000;93.9;96.7;92.1;93.45;518962;49117349.05
MTLR;D;20180829;000000;93.6;94.85;92.65;93.3;335953;31455420.6
MTLR;D;20180830;000000;93.1;93.8;90.7;91.25;349976;32275117
MTLR;D;20180831;000000;91.25;91.75;89.05;89.25;483282;43373427.65
MTLR;D;20180903;000000;89.65;90.8;88.35;88.5;420504;37620362.6
MTLR;D;20180904;000000;88.1;89.5;86.7;87.55;369666;32487393.6
MTLR;D;20180905;000000;87.35;87.5;85.35;85.75;450791;38914216.5
MTLR;D;20180906;000000;85.5;86;84;84;431862;36631912
MTLR;D;20180907;000000;84;84.3;82.15;83.2;476120;39450478.5
MTLR;D;20180910;000000;83.2;87.9;83;84.55;764354;65236797.95
MTLR;D;20180911;000000;85;85.55;81.65;82;572561;47579015.7
MTLR;D;20180912;000000;82.2;86.3;82.2;84.75;675151;57299383.05
MTLR;D;20180913;000000;85.6;87.8;84.9;86.35;493759;42796651.15
MTLR;D;20180914;000000;86.7;87.4;84.5;84.8;548483;47058472.6
MTLR;D;20180917;000000;84.8;88.95;84.5;88;532551;46092815.15
MTLR;D;20180918;000000;88.1;90.5;87.4;89.3;685701;61293001.1
MTLR;D;20180919;000000;89.55;99.95;89.55;99.95;2588181;247080038.65
MTLR;D;20180920;000000;100.15;115.85;100.15;110.3;7646002;840404095.15
MTLR;D;20180921;000000;112.4;113.85;103.55;104.6;4927474;530143319.3
MTLR;D;20180924;000000;105.95;111.3;104.6;108.05;2365748;257767492.5
MTLR;D;20180925;000000;109.5;109.95;104.8;105.6;1194602;126938207.3
MTLR;D;20180926;000000;105.55;106.8;104;104.2;690893;72582994.4
MTLR;D;20180927;000000;104.25;104.25;100;100.45;1323049;134382031.8
MTLR;D;20180928;000000;99.2;107.9;99.2;105.35;1645109;173417904.1
MTLR;D;20181001;000000;105.95;107.65;103.1;103.95;554980;58350845.15
MTLR;D;20181002;000000;104.5;107;102;105.25;969267;101736690.65
MTLR;D;20181003;000000;105.85;109.55;105.05;106.25;1195354;128121759.85
MTLR;D;20181004;000000;106.4;107.3;104.2;105;640560;67551848.8
MTLR;D;20181005;000000;105;105.9;103.1;105.3;594063;61980916.85
MTLR;D;20181008;000000;104.9;106.5;104.9;105.45;395103;41781883.1
MTLR;D;20181009;000000;106.5;108.55;105.2;105.45;763224;81770031.85
MTLR;D;20181010;000000;105.95;106.25;102.55;102.6;634974;66109915.1
MTLR;D;20181011;000000;100;101.8;96.05;99.1;1234944;122059611.9
MTLR;D;20181012;000000;100;102.85;100;102.2;433641;44083900.85
MTLR;D;20181015;000000;102.4;105.9;102;103.25;804720;83648513.1
MTLR;D;20181016;000000;102.85;105;102.85;103.85;302583;31500331.2
MTLR;D;20181017;000000;104.55;104.85;102.1;102.55;653680;67314784.2
MTLR;D;20181018;000000;102.05;103.75;99.25;100.5;623359;62856744.1
MTLR;D;20181019;000000;99.95;101.65;99.5;100;425909;42837052.5
MTLR;D;20181022;000000;99.75;101.5;97.1;97.45;420263;41920897.4
MTLR;D;20181023;000000;97.45;99.15;93.25;95.4;894270;84906454.35
MTLR;D;20181024;000000;95.55;99.3;93.7;94.2;1062928;102382095.6
MTLR;D;20181025;000000;94.2;94.2;92;92.5;703892;65253859.05
MTLR;D;20181026;000000;91.85;92.45;88.7;89.4;567564;51208527.25
MTLR;D;20181029;000000;89.05;93.9;89;92.1;733179;67466259.25
MTLR;D;20181030;000000;92.4;92.4;89.6;91.35;321995;29261817.25
MTLR;D;20181031;000000;91.45;92.95;90.3;92.1;443749;40724342.65
MTLR;D;20181101;000000;92.15;92.7;90.25;91.25;774639;70669166.29
MTLR;D;20181102;000000;91.35;92.88;91.01;91.15;374476;34460723.39
MTLR;D;20181106;000000;91.51;93.5;91.51;92.27;508637;47113108.57
MTLR;D;20181107;000000;92.5;92.96;91.15;91.15;751130;69070423.57
MTLR;D;20181108;000000;91.65;92.28;90.1;90.19;729955;66443101.81
MTLR;D;20181109;000000;90;91.15;89.59;89.72;412968;37264950.67
MTLR;D;20181112;000000;89.64;92.39;89.64;91.9;585543;53609911.19
MTLR;D;20181113;000000;91.4;92.9;90.6;91.2;420995;38530345.87
MTLR;D;20181114;000000;91;93.63;89.96;93.5;816774;75086466.91
MTLR;D;20181115;000000;93.7;98.75;93.7;97.17;2360256;230282778.81
MTLR;D;20181116;000000;97.59;99.98;96.05;97.1;856935;84065363.2
MTLR;D;20181119;000000;97.11;97.14;94.2;94.29;781493;74727244.13
MTLR;D;20181120;000000;94;94.27;92;92.5;516210;47953162.59
MTLR;D;20181121;000000;92.5;97;92.04;96.12;1057397;101362300.74
MTLR;D;20181122;000000;96.12;97.46;94;95.01;759801;72494174.38
MTLR;D;20181123;000000;95.01;95.01;92.15;93.05;633127;58910390.35
MTLR;D;20181126;000000;93.21;93.86;90.03;93.25;708634;65272322.26
MTLR;D;20181127;000000;93.51;96.9;90;91.04;2424132;225738464.5
MTLR;D;20181128;000000;90;91.83;89.05;90.17;931413;84339662.41
MTLR;D;20181129;000000;90.01;92.88;90;91.49;701167;64080383.63
MTLR;D;20181130;000000;91.19;91.61;90.46;90.8;418591;38040742.49
MTLR;D;20181203;000000;91.01;92.74;90.6;90.89;674310;61714545.5
MTLR;D;20181204;000000;91.13;91.13;89.69;89.95;691651;62352397.42
MTLR;D;20181205;000000;89.7;90.5;89;89.94;441424;39652908.07
MTLR;D;20181206;000000;89.79;89.79;87.1;87.1;1325892;116855412.54
MTLR;D;20181207;000000;87.35;88.47;86.59;86.86;906902;79513211.16
MTLR;D;20181210;000000;86.79;87.8;84.09;85;778457;66445418.3
MTLR;D;20181211;000000;85.2;85.7;84.09;84.09;549407;46530395.31
MTLR;D;20181212;000000;84.22;84.82;83.5;83.9;533634;44813533.27
MTLR;D;20181213;000000;84;85.37;83.99;84.25;480002;40684123.72
MTLR;D;20181214;000000;84.42;84.81;82.36;82.85;556187;46162374.22
MTLR;D;20181217;000000;82.53;84.86;82.01;82.15;793542;65905068.09
MTLR;D;20181218;000000;82.1;82.44;80.26;80.7;1329940;107925226.76
MTLR;D;20181219;000000;80.71;81.18;79.65;79.9;688097;55271640.95
MTLR;D;20181220;000000;79.49;79.49;77.13;77.5;1209307;94172505.47
MTLR;D;20181221;000000;77.31;80.15;77.22;79.72;1256572;99367082.03
MTLR;D;20181224;000000;78.9;79.13;77.05;77.1;762825;59397038.84
MTLR;D;20181225;000000;76.9;76.9;73.11;74.44;1360864;101403161.39
MTLR;D;20181226;000000;74.61;74.95;73.91;74;548202;40850816.73
MTLR;D;20181227;000000;74.7;75.48;72.9;72.91;1207409;89720322.4
MTLR;D;20181228;000000;73.3;73.97;72.5;72.83;722555;52788566.84
MTLR;D;20181229;000000;72.86;74.96;72.86;73.47;631466;46668986
MTLR;D;20190103;000000;74;74.47;73.06;73.12;391550;28893451.93
MTLR;D;20190104;000000;73.3;74.89;73.21;73.68;462659;34138617.4
MTLR;D;20190108;000000;74.45;74.89;73.5;73.74;420958;31210499.78
MTLR;D;20190109;000000;74.01;74.62;73.82;73.93;652083;48404514.18
MTLR;D;20190110;000000;73.96;74.78;73.9;74.44;475643;35378470.17
MTLR;D;20190111;000000;74.69;77.5;74.58;76.16;2653295;203132155.17
MTLR;D;20190114;000000;76.48;78;75.8;77.62;1233931;95058715.84
MTLR;D;20190115;000000;77.7;80.6;77.7;79.14;2678701;213007780.67
MTLR;D;20190116;000000;79.56;80.59;79.01;79.26;1448142;115426745.61
MTLR;D;20190117;000000;80.39;80.39;77.32;78.3;1608022;126314964.21
MTLR;D;20190118;000000;79;79.65;78.11;79.35;1153498;91180576.06
MTLR;D;20190121;000000;79.35;82.22;79.3;81.4;1668874;135498987.39
MTLR;D;20190122;000000;81.29;85.07;80.08;83.81;3432679;285402067.02
MTLR;D;20190123;000000;83.8;86.38;82.81;85.51;2003400;169156415.57
MTLR;D;20190124;000000;85.88;85.9;82.03;83.29;1346954;113061369.35
MTLR;D;20190125;000000;83.58;83.95;82.38;82.65;636284;52888794.51
MTLR;D;20190128;000000;82.69;83.48;80.51;80.61;1245978;101753555.84
MTLR;D;20190129;000000;80.73;82.7;80.16;81.36;1005817;82040688.97
MTLR;D;20190130;000000;81.67;83.16;80.9;81.36;1074097;88071762.04
MTLR;D;20190131;000000;81.8;83.48;81.53;81.79;1487566;122799591.58
MTLR;D;20190201;000000;81.97;82.68;81.05;81.3;731974;59997032.34
MTLR;D;20190204;000000;81.57;82.95;81.21;81.81;751443;61614848.88
MTLR;D;20190205;000000;81.81;82.33;80.74;81.18;844642;68708867.44
MTLR;D;20190206;000000;81.39;81.7;80.75;80.83;576913;46827178.85
MTLR;D;20190207;000000;80.86;81.43;78.5;79;1120068;89209795.41
MTLR;D;20190208;000000;79.8;79.8;77.6;77.6;986127;77326220.05
MTLR;D;20190211;000000;77.67;78.77;77.66;78;752358;58880739.06
MTLR;D;20190212;000000;78.24;80.65;77.89;80.02;1228637;97782089.45
MTLR;D;20190213;000000;80.48;80.49;77.91;79;967398;76241601.92
MTLR;D;20190214;000000;78.75;78.94;77.07;77.82;547781;42769823.65
MTLR;D;20190215;000000;77.78;80.4;77.77;79.3;826206;65491997.89
MTLR;D;20190218;000000;79.3;79.87;78.03;78.78;364631;28646137.77
MTLR;D;20190219;000000;78.87;79.36;78;78.46;352202;27696301.23
MTLR;D;20190220;000000;78.4;78.52;77.81;77.95;469585;36697309.75
MTLR;D;20190221;000000;78.1;79.5;76.37;78.17;1251858;97564007.13
MTLR;D;20190222;000000;78.39;78.75;77.69;78.04;449138;35097102.18
MTLR;D;20190225;000000;78.11;78.48;77.51;77.83;458556;35722795.43
MTLR;D;20190226;000000;77.71;78.66;77.5;77.93;471900;36828692.99
MTLR;D;20190227;000000;78.39;78.39;76.5;76.53;785556;60616888.74
MTLR;D;20190228;000000;76.53;77.91;75.5;76.13;1444079;110535536.73
MTLR;D;20190301;000000;76.25;77.81;75.52;77.47;1103300;84529300.56
MTLR;D;20190304;000000;77.53;77.98;76.52;77.13;543250;41892671.58
MTLR;D;20190305;000000;77.09;77.12;75.84;76.04;591143;45019627.68
MTLR;D;20190306;000000;76.12;76.98;75.2;76.55;738340;56145346.08
MTLR;D;20190307;000000;75.99;76.77;75.1;75.3;857052;65044611.55
MTLR;D;20190311;000000;75.42;75.57;73.86;74.38;882388;65762597.69
MTLR;D;20190312;000000;74.5;74.89;73.1;73.25;890107;65565137.51
MTLR;D;20190313;000000;73.13;74.73;72.95;74.37;816138;60299104.48
MTLR;D;20190314;000000;74.21;75.26;73.6;73.74;698899;52095188.62
MTLR;D;20190315;000000;73.79;74.16;72.81;73.31;861821;63231795.04
MTLR;D;20190318;000000;73.11;73.82;73.11;73.3;443234;32577544.77
MTLR;D;20190319;000000;73.37;74.6;73.03;73.14;693752;51096714.06
MTLR;D;20190320;000000;73.14;73.79;72.03;72.67;1276183;92911136.2
MTLR;D;20190321;000000;72.67;77.78;72.52;73.99;5256898;394787443.56
MTLR;D;20190322;000000;74.02;74.49;72.37;72.52;1354254;99218593.33
MTLR;D;20190325;000000;72.49;73.17;72.01;72.1;1006568;72973017.4
MTLR;D;20190326;000000;72.39;72.43;70.98;71.68;1240731;89190673.17
MTLR;D;20190327;000000;71.94;71.97;70.1;70.15;678104;48061671.8
MTLR;D;20190328;000000;70.2;71.97;70.1;70.11;869860;61616101.46
MTLR;D;20190329;000000;70.38;70.95;68.1;68.59;1514797;104714304.59
MTLR;D;20190401;000000;68.6;68.97;67.12;67.91;1104744;74880264.81
MTLR;D;20190402;000000;68;70.52;67.51;69.8;1795648;124776260.28
MTLR;D;20190403;000000;70;70.82;69.5;69.7;841387;58979817.45
MTLR;D;20190404;000000;70;71.17;68.76;70.6;989653;69502735.4
MTLR;D;20190405;000000;70.55;71.4;69.75;69.87;580882;40986441.53
MTLR;D;20190408;000000;69.97;70.35;69.07;69.42;516400;35997290.45
MTLR;D;20190409;000000;69.54;70.45;69.1;69.38;355712;24784394.13
MTLR;D;20190410;000000;69.34;70.48;69.13;69.89;499623;34961065.96
MTLR;D;20190411;000000;69.89;70.2;68.54;69.91;622819;43275831.1
MTLR;D;20190412;000000;69.9;70.83;69.52;69.95;746839;52436250.21
MTLR;D;20190415;000000;69.87;70.38;69.52;69.64;372563;26061864.44
MTLR;D;20190416;000000;69.65;70.05;68.88;69.38;298007;20691530.79
MTLR;D;20190417;000000;69.41;69.9;69.21;69.4;378439;26317631.68
MTLR;D;20190418;000000;69.31;69.7;68.89;69.43;508524;35248102.9
MTLR;D;20190419;000000;69.44;69.97;69;69.8;235423;16379994.9
MTLR;D;20190422;000000;69.81;69.96;69;69.2;451319;31270995.79
MTLR;D;20190423;000000;69.32;69.44;68.6;68.71;320339;22095282.73
MTLR;D;20190424;000000;68.72;69.04;68.21;68.34;273358;18740229.7
MTLR;D;20190425;000000;68.41;68.69;67.87;67.87;412994;28151809.09
MTLR;D;20190426;000000;67.99;67.99;67.29;67.44;424478;28661744.28
MTLR;D;20190429;000000;67.5;68.46;67.41;68.05;409783;27869478.83
MTLR;D;20190430;000000;68.1;68.47;67.95;68.17;200279;13671841.82
MTLR;D;20190502;000000;68.15;69.98;67.75;69.26;708142;48965449.49
MTLR;D;20190503;000000;69.32;69.49;68.67;69.22;315584;21800378.26
MTLR;D;20190506;000000;69.09;69.29;68.7;69.07;203885;14069467.93
MTLR;D;20190507;000000;69.13;69.9;68.78;69;369945;25624045.17
MTLR;D;20190508;000000;69.26;69.34;68.4;68.4;331631;22852069.79
MTLR;D;20190510;000000;68.25;68.29;66.99;67.06;316700;21431150.81
MTLR;D;20190513;000000;67.1;67.1;65.48;65.74;703032;46443132.66
MTLR;D;20190514;000000;65.74;66.35;64.37;64.37;876315;56949931.98
MTLR;D;20190515;000000;64.51;68.32;62.55;65.43;5062708;330836283.9
MTLR;D;20190516;000000;65.98;68.15;64.95;68;1565844;104061069.28
MTLR;D;20190517;000000;67.59;69.79;67.1;68.12;1749249;119675615.41
MTLR;D;20190520;000000;67.94;70.16;67.22;68;1091035;74711123.06
MTLR;D;20190521;000000;68.2;69.9;67.54;67.68;1694268;116433007.37
MTLR;D;20190522;000000;67.61;68.1;66.15;66.53;837934;56364995.48
MTLR;D;20190523;000000;66.54;68.4;63.4;63.7;2277434;148514797.55
MTLR;D;20190524;000000;63.97;64.82;63.6;63.71;784268;50286061.46
MTLR;D;20190527;000000;64;64.1;63.31;63.8;439917;28035510.37
MTLR;D;20190528;000000;63.76;64.88;63.76;63.89;318655;20410942.96
MTLR;D;20190529;000000;63.75;63.79;62.8;63.18;671745;42395386.85
MTLR;D;20190530;000000;63.18;63.65;61.86;62.1;889945;55730842.01
MTLR;D;20190531;000000;62.1;64.15;61.03;61.4;1647451;102404326.8
MTLR;D;20190603;000000;61.49;62.47;60.84;61.45;800743;49161070.84
MTLR;D;20190604;000000;61.48;61.85;61.05;61.5;601027;36916948.68
MTLR;D;20190605;000000;61.53;62.42;61.3;62.1;477696;29588472.05
MTLR;D;20190606;000000;62;66.65;62;65.3;2612089;169395293.51
MTLR;D;20190607;000000;65.38;66.28;64.11;65.32;1034867;67257559
MTLR;D;20190610;000000;65.26;65.88;63.82;64.08;892853;57659292.91
MTLR;D;20190611;000000;64.08;66.49;64.05;66.34;1301923;85372928.69
MTLR;D;20190613;000000;66.29;68;65.87;68;1141939;76776071.1
MTLR;D;20190614;000000;68.01;69.38;67.82;68.3;788031;54056767.52
MTLR;D;20190617;000000;68.21;70.36;67.72;69.05;991845;68623636
MTLR;D;20190618;000000;68.93;69.7;67.53;68.24;684230;46782421.21
MTLR;D;20190619;000000;68.33;69.06;67.6;69.06;857022;58546563.57
MTLR;D;20190620;000000;68.88;70.3;68.38;69.11;1194237;82764399.25
MTLR;D;20190621;000000;69;69.7;68.1;69.59;1076469;74319361.51
MTLR;D;20190624;000000;69.5;70.09;67.84;68;1255934;86057689.86
MTLR;D;20190625;000000;68;68.05;66.3;66.66;1054970;70655400.54
MTLR;D;20190626;000000;66.72;67.88;66.65;67.07;455872;30575659.81
MTLR;D;20190627;000000;66.78;67.44;66.71;67.01;243575;16342072.53
MTLR;D;20190628;000000;67.37;67.88;66.2;66.5;740770;49687833.9
MTLR;D;20190701;000000;67.1;67.18;65.03;66.35;1292449;85758692.82
MTLR;D;20190702;000000;66;66.9;65.89;66.54;283843;18834502.69
MTLR;D;20190703;000000;66.64;67.97;66.47;67.75;651027;43994288.71
MTLR;D;20190704;000000;67.8;68.88;67.3;67.5;860553;58303462.06
MTLR;D;20190705;000000;67.45;67.87;67.45;67.79;400084;27071812.65
MTLR;D;20190708;000000;67.51;68.49;67.41;67.7;584524;39657211.74
MTLR;D;20190709;000000;67.7;67.95;66.47;66.81;441812;29606705.84
MTLR;D;20190710;000000;66.77;67.4;66.66;67;403753;27053231.5
MTLR;D;20190711;000000;66.88;67.37;65.26;65.66;651904;43085173.01
MTLR;D;20190712;000000;65.8;65.86;64.1;64.92;552568;35774335.71
MTLR;D;20190715;000000;64.97;65.43;64.35;64.79;414487;26870075.07
MTLR;D;20190716;000000;64.61;64.98;62.4;63.37;1166762;73791540.49
MTLR;D;20190717;000000;63.19;65.2;62;64.7;713586;45530505.44
MTLR;D;20190718;000000;64.56;65.06;63.4;63.47;340518;21821667.25
MTLR;D;20190719;000000;63.67;64;63.11;63.5;262529;16669575.93
MTLR;D;20190722;000000;63.64;64.47;63.33;64.11;348760;22310181.62
MTLR;D;20190723;000000;64.22;64.86;62.45;62.77;851545;54151112.55
MTLR;D;20190724;000000;62.55;63.36;61.61;61.73;857974;53553618.77
MTLR;D;20190725;000000;61.7;63.45;61.05;63.05;710965;44620230.5
MTLR;D;20190726;000000;63.17;63.58;62.33;63.55;404950;25481125.46
MTLR;D;20190729;000000;63.94;63.97;63.27;63.3;282636;17984736.61
MTLR;D;20190730;000000;63.33;66.44;63.3;65.29;1907313;124844461.83
MTLR;D;20190731;000000;65.3;67.57;65.3;67.35;1470767;98314501.13
MTLR;D;20190801;000000;67;68.18;66.03;66.55;653583;43747001.35
MTLR;D;20190802;000000;65.88;67.2;65.64;66.79;798315;52923853.03
MTLR;D;20190805;000000;66.68;67.38;64.3;64.44;1156177;75543098.37
MTLR;D;20190806;000000;64.44;65.25;63.12;63.29;971718;62178524.66
MTLR;D;20190807;000000;63.4;63.96;61.99;62.27;790979;49507651.75
MTLR;D;20190808;000000;62.9;63.22;62.11;62.23;485089;30335570.95
MTLR;D;20190809;000000;62.13;62.83;61.52;62;615021;38132879.95
MTLR;D;20190812;000000;62.22;63.77;62.06;62.75;1289185;81151728.74
MTLR;D;20190813;000000;62.9;63;61.59;62.2;752314;46800256.17
MTLR;D;20190814;000000;62.77;62.77;61.59;61.66;529827;32802087.24
MTLR;D;20190815;000000;62.1;63.33;59;60;2660281;161480242.64
MTLR;D;20190816;000000;60.01;60.24;57.05;57.16;2622738;151325338.57
MTLR;D;20190819;000000;57.16;57.62;55;55.51;3073456;171502896.68
MTLR;D;20190820;000000;55.64;57.34;55.5;56.16;1082887;61125776.47
MTLR;D;20190821;000000;56.8;56.82;56;56.25;595999;33616795.13
MTLR;D;20190822;000000;56.17;58.49;55.87;58.15;1165086;66924531.18
MTLR;D;20190823;000000;58.17;63.75;57.24;61.6;4983172;304372863.5
MTLR;D;20190826;000000;61.25;66.38;60.81;64.6;5017627;322964261.04
MTLR;D;20190827;000000;65.01;66.31;61.3;61.75;4054602;255768553.01
MTLR;D;20190828;000000;61.77;63.24;61.35;61.83;1442409;89675642.7
MTLR;D;20190829;000000;61.97;62.36;61.14;61.5;808127;49807663.1
MTLR;D;20190830;000000;61.32;61.63;58.86;59.95;1915344;115070486.22
MTLR;D;20190902;000000;59.95;60.87;58.47;60.35;1034081;61837664.48
MTLR;D;20190903;000000;60.51;60.8;59.17;60.46;957884;57523065.79
MTLR;D;20190904;000000;60.54;63.95;60;63.21;2968489;186483482.14
MTLR;D;20190905;000000;63.5;63.8;62.01;62.85;781237;49028793.47
MTLR;D;20190906;000000;62.88;63.41;61.63;62.34;804828;50205048.73
MTLR;D;20190909;000000;62.25;63.9;61.98;63.56;1192934;75565553.27
MTLR;D;20190910;000000;63.49;65.46;63.25;64.8;1597757;103170224.57
MTLR;D;20190911;000000;64.7;65.25;64;65;1190157;77093627.4
MTLR;D;20190912;000000;65.21;66.15;64.4;64.49;1090393;70829739.56
MTLR;D;20190913;000000;64.5;64.69;63.52;63.52;665430;42596572.6
MTLR;D;20190916;000000;64;65;62.7;64.15;1222661;78606845.14
MTLR;D;20190917;000000;64.07;65.95;63.82;65.01;1015532;66143052.97
MTLR;D;20190918;000000;65.08;68.15;65.06;67;2776228;186128795.37
MTLR;D;20190919;000000;66.99;68.55;66.77;67.7;1663994;112951496.32
MTLR;D;20190920;000000;67.75;67.83;66;67.02;749906;49934651.91
MTLR;D;20190923;000000;66.53;67.39;65.17;66.06;733783;48338290.54
MTLR;D;20190924;000000;66.15;66.9;65.1;65.15;953198;62773829.39
MTLR;D;20190925;000000;65.13;65.65;63.57;64;931015;60210840.91
MTLR;D;20190926;000000;63.97;65.34;63.66;64.41;513348;33200121.94
MTLR;D;20190927;000000;64.41;65.38;63.85;64.82;341375;22115563.71
MTLR;D;20190930;000000;64.56;65.21;62.62;63.31;1161588;73808720.91
MTLR;D;20191001;000000;63.19;64.36;62.94;63.26;1154693;73465884.16
MTLR;D;20191002;000000;63.33;63.52;61.1;61.49;907312;56282435.53
MTLR;D;20191003;000000;61.99;62.89;60.5;61.55;926943;57206892.78
MTLR;D;20191004;000000;61.35;62.12;60.88;61.03;522459;32098149.11
MTLR;D;20191007;000000;61.49;61.49;59.91;60.5;642501;38921513.01
MTLR;D;20191008;000000;60.5;62.5;60.29;61.56;1018891;62914922.55
MTLR;D;20191009;000000;61.89;62.35;61.37;61.44;421398;26029809.98
MTLR;D;20191010;000000;61.4;62.48;61.3;61.92;559431;34709637.95
MTLR;D;20191011;000000;61.93;62.93;60.4;60.7;903183;55752632.89
MTLR;D;20191014;000000;60.24;61.88;60.24;61.5;642455;39227065.96
MTLR;D;20191015;000000;61.79;61.79;60.63;60.7;463956;28343098.86
MTLR;D;20191016;000000;60.86;61.2;59.55;60.25;1608936;97035412.3
MTLR;D;20191017;000000;60.51;61.75;60;60.65;1116095;67787278.49
MTLR;D;20191018;000000;60.35;61.7;60.33;60.83;884436;54116839.73
MTLR;D;20191021;000000;60.99;62.12;60.79;61.83;1071456;65994009.26
MTLR;D;20191022;000000;61.67;62.21;61.19;61.9;599546;37051719.2
MTLR;D;20191023;000000;61.88;62.7;60.43;61.3;1539648;94774782.18
MTLR;D;20191024;000000;61.21;61.44;59.97;60.05;1185244;71837223.26
MTLR;D;20191025;000000;60.33;60.75;59.02;59.79;665524;39745635.36
MTLR;D;20191028;000000;59.82;60.82;59.81;59.98;673876;40631289.05
MTLR;D;20191029;000000;60.09;60.49;59.74;60.37;342133;20618192.79
MTLR;D;20191030;000000;60;61.17;59.63;60.32;595516;36065225.94
MTLR;D;20191031;000000;60.43;61.22;60.25;60.51;453511;27600182.08
MTLR;D;20191101;000000;60.51;60.9;59.93;60.2;521815;31418722.54
MTLR;D;20191105;000000;60.3;61.07;60.2;60.63;579070;35068858.05
MTLR;D;20191106;000000;60.9;60.9;60.3;60.5;775811;46927813.61
MTLR;D;20191107;000000;60.88;63.5;60.7;62.3;4370468;274383587.26
MTLR;D;20191108;000000;62.66;63.76;61.61;61.97;1341415;83796142.3
MTLR;D;20191111;000000;61.97;62.81;61.52;61.7;743265;46146861.69
MTLR;D;20191112;000000;61.99;62.4;61.51;61.83;796533;49360461.13
MTLR;D;20191113;000000;62.11;62.27;61.21;61.85;557271;34366520.65
MTLR;D;20191114;000000;61.8;62.2;60.5;60.63;882298;53945983.24
MTLR;D;20191115;000000;60.7;60.95;60.12;60.58;482563;29173659.45
MTLR;D;20191118;000000;60.58;61.29;60.36;60.99;643803;39204938.06
MTLR;D;20191119;000000;61;62.18;59.65;60.49;2170233;131988833.73
MTLR;D;20191120;000000;60.45;61.47;60.12;61.15;1300424;79344395.62
MTLR;D;20191121;000000;60.95;61.5;60.21;61.1;924505;56442257.09
MTLR;D;20191122;000000;61.11;61.64;60.78;61.03;485221;29689194.17
MTLR;D;20191125;000000;61.23;61.78;61.01;61.32;565493;34723099.71
MTLR;D;20191126;000000;61.54;61.7;60.93;61.7;749557;46083036.75
MTLR;D;20191127;000000;61.9;62.53;61.52;62.33;1173328;72784952.18
MTLR;D;20191128;000000;62.25;62.44;61.55;61.57;218677;13531703.45
MTLR;D;20191129;000000;61.56;62.1;61.3;61.72;616621;38054455.25
MTLR;D;20191202;000000;61.9;62.3;61.4;61.5;414005;25626661.44
MTLR;D;20191203;000000;61.58;62.47;60.29;60.38;1264955;77721725.06
MTLR;D;20191204;000000;60.31;61.38;60.31;61.09;642137;39157780.99
MTLR;D;20191205;000000;61.3;61.9;60.98;61.65;445000;27344921.76
MTLR;D;20191206;000000;61.93;62.09;61.43;61.6;407243;25111457.67
MTLR;D;20191209;000000;61.88;61.95;61.55;61.71;399645;24680218.15
MTLR;D;20191210;000000;61.85;62.8;61.62;62.1;1123351;69903726.13
MTLR;D;20191211;000000;62;64.39;61.97;62.49;2750107;173971936.82
MTLR;D;20191212;000000;62.65;63.58;62.06;62.15;843330;52900511.31
MTLR;D;20191213;000000;62.25;62.49;61.42;61.42;1067066;65940181.82
MTLR;D;20191216;000000;61.48;62.07;60.6;60.85;1753537;107039955.45
MTLR;D;20191217;000000;60.86;61.29;60.66;60.75;871212;53082819.39
MTLR;D;20191218;000000;60.81;61.17;60.63;60.77;982478;59821297.22
MTLR;D;20191219;000000;60.87;61.71;60.8;61.39;1531083;93831901.99
MTLR;D;20191220;000000;61.41;61.67;61.1;61.1;732076;44966548.64
MTLR;D;20191223;000000;61.14;61.47;61.01;61.21;716561;43871305.1
MTLR;D;20191224;000000;61.15;61.57;61.15;61.45;704319;43231308.31
MTLR;D;20191225;000000;61.33;61.73;61.31;61.73;669264;41168882.69
MTLR;D;20191226;000000;61.69;62.34;61.14;62;905932;56034765.72
MTLR;D;20191227;000000;62.03;62.7;61.8;62.57;1115812;69587231.84
MTLR;D;20191230;000000;62.68;63.3;62.32;63.14;993727;62567634.54
MTLR;D;20200103;000000;62.9;63.52;62.72;62.89;536460;33816629.48
MTLR;D;20200106;000000;62.89;76.3;62.42;76.3;18216149;1278437568.15
MTLR;D;20200108;000000;81.45;104;80.71;99.8;60301109;5731576444.51
MTLR;D;20200109;000000;99.89;99.9;90;91.5;25304302;2370449122.74
MTLR;D;20200110;000000;91.5;96.5;85.88;91.49;19055022;1731190831.41
MTLR;D;20200113;000000;92.98;94.24;89.4;89.8;6970898;632930508.27
MTLR;D;20200114;000000;89.4;90.15;86.23;86.45;7427466;651887171.76
MTLR;D;20200115;000000;87.88;94.3;86.36;92.17;14581623;1346028354.54
MTLR;D;20200116;000000;91.76;99.21;90.71;96.21;12616204;1203115180.5
MTLR;D;20200117;000000;97.15;102.6;94.38;98.9;25909718;2529820945.68
MTLR;D;20200120;000000;99;108.5;97.7;107.49;19243450;2005561704.84
MTLR;D;20200121;000000;107;113.87;101.94;103.42;18855492;2020898733.3
MTLR;D;20200122;000000;104.03;105.8;98.35;98.8;8234886;841384831.03
MTLR;D;20200123;000000;96.98;98.58;95;97.28;5600277;540205401.77
MTLR;D;20200124;000000;98.78;102.35;97.67;101.85;4761284;477240056.6
MTLR;D;20200127;000000;100.32;100.59;96.6;97.69;3648314;358349088.1
MTLR;D;20200128;000000;98.92;105.91;98.92;103.09;9436073;974139470.83
MTLR;D;20200129;000000;104.4;104.4;100.08;101.31;5143489;524399280.76
MTLR;D;20200130;000000;100;102.65;98.2;101.64;6156650;621507255.7
MTLR;D;20200131;000000;101.51;102.25;97.7;98.1;2754211;275404446.51
MTLR;D;20200203;000000;97.01;98.43;93.1;98;4040269;389793990.47
MTLR;D;20200204;000000;98.59;99.88;97.1;98;1827883;179396461.65
MTLR;D;20200205;000000;98.6;100.9;98.5;99.95;2483832;247411553.26
MTLR;D;20200206;000000;100.31;100.99;98.11;100.32;2328444;232293214.17
MTLR;D;20200207;000000;100.46;100.46;99;100.05;1296594;129251884.77
MTLR;D;20200210;000000;100.6;101;99;99.83;1489403;149080785.72
MTLR;D;20200211;000000;99.5;100.69;99.42;100.53;1229654;123215656.86
MTLR;D;20200212;000000;100.63;104.77;100.08;101.9;4412356;452161534.54
MTLR;D;20200213;000000;102.11;103.26;101.2;102.1;1427247;145864630.42
MTLR;D;20200214;000000;102.59;105.53;101.93;102.87;3348947;348528449.02
MTLR;D;20200217;000000;103.43;104.9;103.09;104.16;1927512;200197271.93
MTLR;D;20200218;000000;104.4;105.26;102;103.16;1865326;193301251.65
MTLR;D;20200219;000000;103.43;103.9;101.62;103.41;800889;82563037.78
MTLR;D;20200220;000000;103.03;104;103.03;103.76;397182;41168891.64
MTLR;D;20200221;000000;103.2;103.68;102.8;103.07;651400;67127445.41
MTLR;D;20200225;000000;101.49;103.3;100.1;100.79;1716892;174375569.17
MTLR;D;20200226;000000;100;101.79;90.5;101.47;7604348;732326338.77
MTLR;D;20200227;000000;99.64;100.29;93;93.33;5584871;537243012.99
MTLR;D;20200228;000000;89;92.3;60.5;85.7;12343840;1051799145.46
MTLR;D;20200302;000000;88.26;92.5;84;86.22;5592125;488953235.96
MTLR;D;20200303;000000;90.17;92.21;88.2;90.89;3934464;354640569.08
MTLR;D;20200304;000000;90.2;94.37;89.01;93.4;3542404;326762322.17
MTLR;D;20200305;000000;94.13;96.6;91.2;92.4;8594018;812600969.49
MTLR;D;20200306;000000;101;101.5;86.2;87.52;9843039;891283397.03
MTLR;D;20200310;000000;78.77;83.95;69;76.99;6168234;484595565.76
MTLR;D;20200311;000000;78.67;79.32;70.13;71.7;4745112;352987133.46
MTLR;D;20200312;000000;68.1;68.5;56.45;56.6;13199410;811305323.19
MTLR;D;20200313;000000;56.7;67.43;56.69;61.7;16496705;1041950496.4
MTLR;D;20200316;000000;59.5;61.41;56.2;60.25;6231910;368824135.02
MTLR;D;20200317;000000;60.97;65.49;57.86;59.6;7335070;443346733.71
MTLR;D;20200318;000000;58.2;59.14;54;56.71;6336519;357177409.72
MTLR;D;20200319;000000;56.79;60.8;53.33;54.55;10033875;569312028.08
MTLR;D;20200320;000000;55.89;58.9;55.11;57.5;6180378;352090388.46
MTLR;D;20200323;000000;56.44;59.35;55.34;56.7;6638417;381905546.94
MTLR;D;20200324;000000;58.5;61.24;57.72;60.32;7173377;426889098.82
MTLR;D;20200325;000000;61.19;67.19;57.3;59.57;14673860;914646036.49
MTLR;D;20200326;000000;61.2;63.41;58.9;63;8194523;507258571.41
MTLR;D;20200327;000000;62.29;62.3;57.61;58.3;5659615;337907990.31
MTLR;D;20200330;000000;57.87;59.5;56.26;59.29;4120687;239802161.01
MTLR;D;20200331;000000;59.29;62.85;59.29;60.79;6777953;413973728.62
MTLR;D;20200401;000000;59.8;61.78;58.98;59.76;3318831;199780401.6
MTLR;D;20200402;000000;61.3;61.94;58.52;60.18;5697632;344380124.56
MTLR;D;20200403;000000;60.57;63.44;59.95;61.9;5671670;351149530.94
MTLR;D;20200406;000000;62.8;64.15;61.8;63.07;4519394;284628569.43
MTLR;D;20200407;000000;64;68.3;63.72;65.28;10563497;699547346.88
MTLR;D;20200408;000000;64.99;66.87;64;66.26;4400218;288963167.43
MTLR;D;20200409;000000;67.06;68.56;66.17;67.37;4634203;311686589.01
MTLR;D;20200410;000000;66.37;67.73;65.5;67.32;1645474;110124485.97
MTLR;D;20200413;000000;67.6;68.37;66;66.51;3006343;201597148.6
MTLR;D;20200414;000000;67.1;67.5;65.29;65.38;1552417;103307984.32
MTLR;D;20200415;000000;65.31;65.31;62.15;64.97;3300349;209413162.57
MTLR;D;20200416;000000;64.33;66.25;62.96;65.12;2986136;194425360.6
MTLR;D;20200417;000000;65.9;66.78;65.21;66.78;1449308;95853535.34
MTLR;D;20200420;000000;66.57;67.82;65.81;65.82;2362294;157500845.26
MTLR;D;20200421;000000;65.48;66.05;64.05;65.35;2318054;150994658.63
MTLR;D;20200422;000000;65.75;77.82;63.8;65.07;29063187;2048437614.05
MTLR;D;20200423;000000;66.22;70.9;65.82;68.81;17543568;1193573376.59
MTLR;D;20200424;000000;69.25;71.99;67.4;68;9383850;651456853.06
MTLR;D;20200427;000000;68.4;69.46;67;67.38;3134372;213234644.83
MTLR;D;20200428;000000;67.15;68.33;66.5;67.23;2862905;192591816.45
MTLR;D;20200429;000000;67.23;67.93;66.57;66.9;2611919;175489865.94
MTLR;D;20200430;000000;67.5;68.67;65.06;65.67;6219879;414267250.81
MTLR;D;20200504;000000;64.75;65.47;63.42;64;4350247;279457889.85
MTLR;D;20200505;000000;65.07;65.33;63.95;64.34;1904456;122790296.65
MTLR;D;20200506;000000;64.24;64.98;63.6;63.8;1643861;105631662.95
MTLR;D;20200507;000000;63.77;64.17;62.67;63.46;2117435;134532368.54
MTLR;D;20200508;000000;63.62;64.05;62.63;63.18;1832823;115798359.07
MTLR;D;20200512;000000;63.18;63.92;61.51;63.35;2850075;178847024.12
MTLR;D;20200513;000000;63;63.24;61.75;61.75;2537978;158096820.88
MTLR;D;20200514;000000;61.25;61.61;60.1;60.88;2303761;140351393.27
MTLR;D;20200515;000000;61.4;62.93;61.06;61.22;2035251;125667560.24
MTLR;D;20200518;000000;61.85;63.82;61.68;63.09;2356074;148124484.32
MTLR;D;20200519;000000;63.15;63.85;62.92;63.82;1401171;88807744.18
MTLR;D;20200520;000000;63.82;64.75;63.03;64.49;2316772;148350547.8
MTLR;D;20200521;000000;64.5;66.3;64.2;64.31;3065827;199766243.97
MTLR;D;20200522;000000;64.19;64.68;63.53;64.61;1337005;85767245.25
MTLR;D;20200525;000000;64.62;65.43;64.3;64.5;1044601;67615009.17
MTLR;D;20200526;000000;64.97;65.35;63.61;64.18;2864419;184822376.64
MTLR;D;20200527;000000;64.23;65.1;64.1;64.82;1766032;114165555.04
MTLR;D;20200528;000000;65.42;66.37;65.03;65.53;2305131;151338858.04
MTLR;D;20200529;000000;65.9;66.36;64.57;64.65;1651929;107755094
MTLR;D;20200601;000000;64.99;65.77;64.81;65.73;1540284;100485373.61
MTLR;D;20200602;000000;65.92;66.99;65.43;66.2;2097610;139056433
MTLR;D;20200603;000000;67;69.55;66.63;69.15;4105856;279889708.84
MTLR;D;20200604;000000;72.6;74.34;67.53;72.98;17813057;1276644566.1
MTLR;D;20200605;000000;71.48;73.39;68.68;70.64;6945159;490065688.37
MTLR;D;20200608;000000;70.99;71.5;68.22;69.11;3584375;251154613.19
MTLR;D;20200609;000000;68.83;69.26;67.08;68.12;2308154;157043108.66
MTLR;D;20200610;000000;68.5;69.11;67.26;67.58;1563955;106806567.43
MTLR;D;20200611;000000;67.2;67.38;65;66.29;2118068;140099806.54
MTLR;D;20200615;000000;65.21;69.46;64.64;67.3;3732077;251252649.29
MTLR;D;20200616;000000;67.58;68.8;66.66;67.22;2151016;145840400.31
MTLR;D;20200617;000000;67.5;69.1;67.21;68.12;1974422;134868666.35
MTLR;D;20200618;000000;68.62;68.62;66.66;67.38;822852;55672879.39
MTLR;D;20200619;000000;67.52;68;66.98;66.98;917997;61867917.34
MTLR;D;20200622;000000;67.19;67.5;66.2;67.5;1064356;71170388.21
MTLR;D;20200623;000000;67.67;68.26;66.87;67.18;982705;66239347.95
MTLR;D;20200625;000000;66.34;66.85;65.69;65.95;945087;62636089.9
MTLR;D;20200626;000000;66.66;66.77;65.07;65.62;675336;44426792.33
MTLR;D;20200629;000000;65.3;65.77;63.96;65.52;1165119;75462588.55
MTLR;D;20200630;000000;65.37;66.39;65.13;65.16;791688;52038101.68
MTLR;D;20200702;000000;65.58;66.7;65.27;66.33;810674;53577396.27
MTLR;D;20200703;000000;66.5;66.7;65.34;65.97;1303074;85851436.15
MTLR;D;20200706;000000;66.4;67;66.19;66.36;1262230;84134852.1
MTLR;D;20200707;000000;66.3;89.25;53.94;65.52;1490297;98395399.13
MTLR;D;20200708;000000;65.29;65.87;64.8;64.8;692985;45247588.43
MTLR;D;20200709;000000;64.95;65.61;64.53;64.69;574394;37374666.99
MTLR;D;20200710;000000;64.51;65.18;64.5;64.89;437453;28314544.54
MTLR;D;20200713;000000;65.22;65.55;64.7;64.8;738101;47972987.37
MTLR;D;20200714;000000;64.52;64.67;62.6;63.44;1263219;80277784.92
MTLR;D;20200715;000000;63.54;63.92;63.21;63.21;706832;44887809.39
MTLR;D;20200716;000000;63.15;63.61;62.77;63.4;541197;34221644.76
MTLR;D;20200717;000000;63.43;63.43;62.8;62.88;577614;36359549.06
MTLR;D;20200720;000000;62.88;64.95;62.88;64.26;1465843;94124717.98
MTLR;D;20200721;000000;64.41;68.34;64.41;67.35;2394040;159418186.44
MTLR;D;20200722;000000;67.5;67.59;65.95;66.5;1099691;73091936.08
MTLR;D;20200723;000000;66.99;67.2;66;66;803258;53533089.36
MTLR;D;20200724;000000;65.52;65.91;65.12;65.7;554153;36335861.22
MTLR;D;20200727;000000;66.08;67.6;65.67;66.89;1073431;72011320.4
MTLR;D;20200728;000000;67.29;67.82;66.24;66.26;625573;41874793.41
MTLR;D;20200729;000000;66.6;67.25;66.09;66.95;578435;38610325.55
MTLR;D;20200730;000000;66.76;67;65.5;65.5;767837;50722052.28
MTLR;D;20200731;000000;65.54;66.46;65;65.98;1141086;75175069
MTLR;D;20200803;000000;65.16;66.47;65.16;65.65;710649;46837279.59
MTLR;D;20200804;000000;65.68;66.27;65.51;65.55;420522;27653657.52
MTLR;D;20200805;000000;65.55;66.68;65.5;66.39;912642;60257763.88
MTLR;D;20200806;000000;66.35;69.75;66.35;67.96;2827523;193057139.2
MTLR;D;20200807;000000;68.14;68.76;65.79;66.24;1964218;130777718.49
MTLR;D;20200810;000000;66.24;66.78;65.8;65.93;832666;55157599.1
MTLR;D;20200811;000000;66.2;66.64;65.71;66.07;1517260;100156013.34
MTLR;D;20200812;000000;65.94;66.19;65.7;65.91;965439;63679136.09
MTLR;D;20200813;000000;66;67.5;65.74;66.6;1877388;125285245.76
MTLR;D;20200814;000000;66.83;67.12;66.21;66.53;611836;40745011.65
MTLR;D;20200817;000000;67.13;67.18;65.88;66.87;1106201;73469578.43
MTLR;D;20200818;000000;66.76;67.1;66;66.6;566136;37601233.71
MTLR;D;20200819;000000;66.2;67.88;65.2;65.88;3162109;210704476.53
MTLR;D;20200820;000000;65.88;66.09;64.3;64.3;1446872;93994403.2
MTLR;D;20200821;000000;64.92;65.43;63.6;65.08;1475395;95233557.02
MTLR;D;20200824;000000;65.43;66.04;65.02;65.77;1130271;74220159.84
MTLR;D;20200825;000000;66;66.59;65.45;65.88;754823;49810537.65
MTLR;D;20200826;000000;65.74;65.8;65.23;65.62;491896;32233951.45
MTLR;D;20200827;000000;65.88;65.95;65.43;65.56;372718;24457920.78
MTLR;D;20200828;000000;65.58;65.87;65.22;65.32;529015;34675862.8
MTLR;D;20200831;000000;65.43;65.88;64.1;64.1;975750;63449867.9
MTLR;D;20200901;000000;64.26;64.93;63.77;64.93;957185;61503261.08
MTLR;D;20200902;000000;64.61;65.15;64.22;64.45;514192;33281931.35
MTLR;D;20200903;000000;64.46;64.68;63.85;64.09;433245;27764669.21
MTLR;D;20200904;000000;63.9;64.3;62.95;63.23;1074567;68288099.89
MTLR;D;20200907;000000;63;63.69;63;63.23;310942;19676097.7
MTLR;D;20200908;000000;63;63.71;60.6;60.98;2040674;125515430.79
MTLR;D;20200909;000000;60.92;63.66;60.66;62.18;2520812;155932862.96
MTLR;D;20200910;000000;62.48;62.63;61.1;61.81;817880;50606504.95
MTLR;D;20200911;000000;61.82;62.77;61.69;62.65;528196;32968604.78
MTLR;D;20200914;000000;62.89;63.64;62.64;62.91;907766;57267200.16
MTLR;D;20200915;000000;63.1;66.3;63.01;64.74;4795053;312065402.43
MTLR;D;20200916;000000;65.29;65.33;63.07;63.11;1258686;80301759.63
MTLR;D;20200917;000000;62.99;64.29;62.69;63.6;758321;48095561.37
MTLR;D;20200918;000000;63.71;63.79;62.85;62.85;401143;25413440.09
MTLR;D;20200921;000000;63.38;63.38;61.1;61.11;1310733;81324739.06
MTLR;D;20200922;000000;61.21;62.45;61.21;61.97;616712;38205099.94
MTLR;D;20200923;000000;62.01;62.44;61.8;61.87;699086;43441157.97
MTLR;D;20200924;000000;61.87;62.11;61.01;61.15;501965;30779133.51
MTLR;D;20200925;000000;61.76;61.76;60;60.66;1230300;74653352.47
MTLR;D;20200928;000000;61;61.7;60.21;61.28;1006751;61294623.41
MTLR;D;20200929;000000;61.35;62.46;60.6;61.13;1078378;66111453.55
MTLR;D;20200930;000000;60.9;61.71;60.8;61.52;557537;34155599.08
MTLR;D;20201001;000000;61.6;61.81;60.91;60.91;492389;30185264.54
MTLR;D;20201002;000000;60.8;61.11;60.1;60.2;595798;36066496.13
MTLR;D;20201005;000000;60.35;61.05;60.27;60.45;412030;24953124.66
MTLR;D;20201006;000000;60.7;63.56;60.61;62.71;2013738;125627779.99
MTLR;D;20201007;000000;62.68;62.9;60.75;60.9;957661;58791343.67
MTLR;D;20201008;000000;60.81;61.53;60.4;60.42;608983;37083613.51
MTLR;D;20201009;000000;60.42;60.85;59.32;60.46;1185184;71264929.14
MTLR;D;20201012;000000;60.6;61.18;60;60;961586;58091076.32
MTLR;D;20201013;000000;60.15;60.52;59.5;59.61;751747;45087217.42
MTLR;D;20201014;000000;59.74;59.84;59.22;59.54;494885;29475930.35
MTLR;D;20201015;000000;59.5;59.5;57.36;57.77;835735;48827513.65
MTLR;D;20201016;000000;57.87;58.18;57.06;57.41;946508;54498854.36
MTLR;D;20201019;000000;57.18;58.91;56.56;58.11;1393821;80443764.76
MTLR;D;20201020;000000;58.29;58.61;56.91;58;1242871;71911117.55
MTLR;D;20201021;000000;58.1;59.34;57.68;58.29;727648;42451478.38
MTLR;D;20201022;000000;58;58.95;57.97;58.59;411541;24082100.1
MTLR;D;20201023;000000;58.5;59.86;58.5;59.34;970756;57565943.87
MTLR;D;20201026;000000;59.43;59.59;57.76;58.02;602642;35365420.25
MTLR;D;20201027;000000;58.2;58.3;57.22;58.1;823410;47529226.06
MTLR;D;20201028;000000;57.49;57.6;55;55.62;1341804;75266158.09
MTLR;D;20201029;000000;55.75;56.18;54.21;54.9;1960888;107587555.99
MTLR;D;20201030;000000;54.92;54.92;53.94;54.15;1185346;64582946.75
MTLR;D;20201102;000000;54.2;56.55;54.14;55.46;2227037;123930017.04
MTLR;D;20201103;000000;56.17;56.19;55.5;55.85;701715;39234626.01
MTLR;D;20201105;000000;56.32;58.64;55.93;56.73;1348840;76831393.94
MTLR;D;20201106;000000;56.38;56.64;54.7;55.78;1183591;66275570.28
MTLR;D;20201109;000000;56;58.2;56;57.76;1808329;103549700.28
MTLR;D;20201110;000000;57.79;59.51;57.18;58.55;2345372;137421945.9
MTLR;D;20201111;000000;58.75;59.87;57.64;57.64;1353920;79515359.16
MTLR;D;20201112;000000;57.66;58.17;57.01;57.67;884955;51017567.29
MTLR;D;20201113;000000;57.65;58.64;57.28;58;1501018;87226789.06
MTLR;D;20201116;000000;58.39;61.61;58.39;61.25;5517523;334381098.69
MTLR;D;20201117;000000;61.09;62.28;58.94;59.75;3464308;210116185.89
MTLR;D;20201118;000000;59.64;60.94;59.12;60.6;2220400;133190890.71
MTLR;D;20201119;000000;61.25;61.5;58.62;59.41;2347655;140928984.88
MTLR;D;20201120;000000;59.41;60.18;59.16;59.85;1617792;96662695.32
MTLR;D;20201123;000000;59.86;60.5;58.85;58.9;1499103;89446697.13
MTLR;D;20201124;000000;59.15;59.92;58.52;58.93;1454548;85960054.55
MTLR;D;20201125;000000;59.41;59.65;58.41;58.55;1360923;80202409.78
MTLR;D;20201126;000000;58.56;59.2;58.15;59.13;1713647;100592202.91
MTLR;D;20201127;000000;59.01;59.52;58.62;59.13;1208928;71303617.01
MTLR;D;20201130;000000;59.31;59.45;58.42;58.6;1047136;61711236.64
MTLR;D;20201201;000000;58.8;59.38;58.73;59.05;1567490;92481343.86
MTLR;D;20201202;000000;58.95;59.38;58.6;58.77;1128865;66524462.94
MTLR;D;20201203;000000;60;61.3;59.7;60.63;5226591;316587069.34
MTLR;D;20201204;000000;61;61.4;59.46;59.54;1882307;112958700.15
MTLR;D;20201207;000000;59.54;63.5;59.4;62.64;6148046;378871328.54
MTLR;D;20201208;000000;63.14;63.26;61.15;61.88;4757156;294798486.46
MTLR;D;20201209;000000;62.01;62.58;61.21;61.7;3553649;219417360.85
MTLR;D;20201210;000000;61.5;62;60.6;61.85;2615770;159673180.69
MTLR;D;20201211;000000;61.98;65.27;60.8;64.93;9274187;586351067.39
MTLR;D;20201214;000000;65.88;67.22;62.7;63.4;9135040;595785170.78
MTLR;D;20201215;000000;63.06;64.25;62.98;63.11;2798078;177575001.37
MTLR;D;20201216;000000;63.56;64.79;63.32;63.73;4018017;256443923.32
MTLR;D;20201217;000000;64;65.03;63.18;63.31;2726171;174504732.54
MTLR;D;20201218;000000;63.43;63.75;62.2;63.75;2009389;126582683.62
MTLR;D;20201221;000000;63.42;63.79;59.81;60.55;4761599;291936315.2
MTLR;D;20201222;000000;60.5;62.99;60.5;62.43;3777194;235494488.28
MTLR;D;20201223;000000;62.43;67.92;62.43;67.8;9960622;655649206.96
MTLR;D;20201224;000000;68.6;79.85;68.44;78.7;46821786;3487949813.13
MTLR;D;20201225;000000;78.99;84.5;75.08;78.1;54813445;4381172444.33
MTLR;D;20201228;000000;78.7;82.72;78.23;81.3;24660544;1986202174.54
MTLR;D;20201229;000000;81.95;83.4;77.12;79.2;15179909;1209926164.91
MTLR;D;20201230;000000;78.78;79.88;76.72;79.1;9260957;726517163.12
MTLR;D;20210104;000000;79.3;81.93;79.3;79.8;6762412;543924080.9
MTLR;D;20210105;000000;79.41;79.84;77.84;78.74;3871940;305208054.63
MTLR;D;20210106;000000;79;79.49;76.63;77.51;5255650;408379611.47
MTLR;D;20210108;000000;77.86;78.88;77.1;77.5;4704901;366686687.3
MTLR;D;20210111;000000;77.5;79.95;76.17;79.21;5382949;423660260.41
MTLR;D;20210112;000000;79.21;79.98;77.83;78.2;2524883;198503461.95
MTLR;D;20210113;000000;78.7;84.14;77.2;84.05;11470056;932515763.83
MTLR;D;20210114;000000;84.2;86.47;81.28;81.75;15881765;1326343353.47
MTLR;D;20210115;000000;82;82.98;79.9;80.2;5463103;447108881.22
MTLR;D;20210118;000000;79.75;81.2;78.46;80.34;2766214;221945717.34
MTLR;D;20210119;000000;81;81.85;79.33;79.93;2312388;185942674.78
MTLR;D;20210120;000000;80.05;80.78;78.57;79.77;2445336;194262251.96
MTLR;D;20210121;000000;79.78;79.87;73.52;76.04;6906702;530425537.62
MTLR;D;20210122;000000;75.2;76.2;71.12;72.5;12627704;920051650.83
MTLR;D;20210125;000000;73.03;76.78;72.63;73.2;7069115;528380746.6
MTLR;D;20210126;000000;73.2;75.62;72.09;74.29;4673184;347041772.72
MTLR;D;20210127;000000;74.55;75.23;70.76;72.64;4304530;315217398.42
MTLR;D;20210128;000000;72;73.5;70.61;71.81;3145342;226212785.5
MTLR;D;20210129;000000;71.57;72.21;69.8;70.19;2890883;204379473.08
MTLR;D;20210201;000000;70.35;72.48;70.32;72.22;3293795;235629607.41
MTLR;D;20210202;000000;72.5;74.4;72.5;73.62;3619269;266654970.34
MTLR;D;20210203;000000;73.62;74.69;72.37;73.03;2513696;184725899.65
MTLR;D;20210204;000000;73.15;73.93;72.87;72.99;962975;70705627.18
MTLR;D;20210205;000000;73.88;74.6;73.01;73.13;1034905;75978593.81
MTLR;D;20210208;000000;73.63;74.78;73;73.6;2067967;152774003.53
MTLR;D;20210209;000000;73.83;74.19;72.12;72.3;1430598;104123732.19
MTLR;D;20210210;000000;72.3;72.99;71.49;71.75;1376074;99377896.53
MTLR;D;20210211;000000;72.02;73.93;71.31;72.33;1746310;126755278.44
MTLR;D;20210212;000000;72.42;72.42;70.55;70.77;2247755;159938274.82
MTLR;D;20210215;000000;71.6;73.4;71.14;73.27;3101031;224414344.85
MTLR;D;20210216;000000;73.12;74;72.14;72.33;2150986;156824796.58
MTLR;D;20210217;000000;72.46;73.14;71.75;72.37;1368309;99215384.67
MTLR;D;20210218;000000;72.47;73.4;69.2;69.84;3046138;216631344.86
MTLR;D;20210219;000000;70.06;71.22;68.57;70.51;2108249;147363102.74
MTLR;D;20210220;000000;71.2;71.62;70.47;71.62;475828;33824817.86
MTLR;D;20210222;000000;71.95;72.6;70.76;71.49;1835208;131676669.79
MTLR;D;20210224;000000;71.1;71.78;70.8;71;949332;67686191.8
MTLR;D;20210225;000000;71.5;74.3;71;72.8;4306541;314362677.3
MTLR;D;20210226;000000;72.17;73.07;70;70;3621621;257338805.08
MTLR;D;20210301;000000;70.72;71.45;70.32;71.08;1181486;83766253.99
MTLR;D;20210302;000000;70.42;71.8;70.36;70.8;1268882;90168236.67
MTLR;D;20210303;000000;71.05;71.67;70.41;70.62;1223965;86851588.42
MTLR;D;20210304;000000;70.36;70.8;69.34;69.57;1382304;96675761.79
MTLR;D;20210305;000000;69.7;70.61;68.73;70;1872633;130467791.76
MTLR;D;20210309;000000;70;70.98;69.8;70.59;1139127;80295145.12
MTLR;D;20210310;000000;70.65;71.17;69.89;70.01;825489;58181861.8
MTLR;D;20210311;000000;70.31;71.86;70.12;70.78;1893567;134263487.82
MTLR;D;20210312;000000;71;71.18;69.9;70.05;1212619;85248096.55
MTLR;D;20210315;000000;70.2;71.17;70.05;70.41;1129364;79842827.1
MTLR;D;20210316;000000;70.8;71.6;70.43;70.67;1642890;116596390.96
MTLR;D;20210317;000000;70.9;71.02;69.3;69.7;1596257;111815367.08
MTLR;D;20210318;000000;69.88;70.3;69;70.03;1158384;80857376.99
MTLR;D;20210319;000000;69.82;69.93;68.16;68.16;1693533;116870914.6
MTLR;D;20210322;000000;67.9;67.9;65.3;66.99;5302499;352662395.08
MTLR;D;20210323;000000;66.98;67.23;64.35;64.49;3259711;213366850.36
MTLR;D;20210324;000000;64.49;64.82;62.6;62.88;3206769;203657523.42
MTLR;D;20210325;000000;63.06;64.91;62.6;63.32;2710255;173221251.54
MTLR;D;20210326;000000;64.17;64.76;63.51;64.39;1414746;90876852.03
MTLR;D;20210329;000000;64.76;66.6;64.41;66.24;1907046;125585082.37
MTLR;D;20210330;000000;66.17;67.08;65.16;65.51;1491400;98642293.25
MTLR;D;20210331;000000;65.53;68.46;65.53;68;3311467;222688564.69
MTLR;D;20210401;000000;68.41;68.56;66.74;66.92;1455925;98372330.65
MTLR;D;20210402;000000;67.13;70.03;67.03;68.2;1960699;133997399.58
MTLR;D;20210405;000000;69.89;69.89;67.13;67.38;1093480;74294466.78
MTLR;D;20210406;000000;68;68.34;66.59;68.1;1910967;128993848.35
MTLR;D;20210407;000000;67.98;68.4;67.05;68.11;1203584;81691366.79
MTLR;D;20210408;000000;68.23;68.8;67.15;67.8;1562436;105911352.2
MTLR;D;20210409;000000;67.82;68.2;66.85;67.16;825101;55642385.87
MTLR;D;20210412;000000;67.05;68.25;66.45;68.03;1283825;86762700.93
MTLR;D;20210413;000000;68.17;69.3;67.68;68.63;1637899;112154665.71
MTLR;D;20210414;000000;68.9;73;68.64;72.72;5017274;358508380.3
MTLR;D;20210415;000000;72.39;74.19;71.01;72.62;2872005;207846111.37
MTLR;D;20210416;000000;72.62;77;72.51;75.7;5584006;419600502.04
MTLR;D;20210419;000000;75.2;78.68;74.5;77;5859542;449776982.52
MTLR;D;20210420;000000;77.1;79.65;76.55;77.97;5667236;445305689.9
MTLR;D;20210421;000000;78.05;79.36;77.1;79.35;3515648;275820902.15
MTLR;D;20210422;000000;79.5;81.24;77.84;78.02;3781196;299733569.94
MTLR;D;20210423;000000;78;79.3;76.53;78.5;2324549;181039338.73
MTLR;D;20210426;000000;79;80.1;78.54;79.54;1786006;141632874.71
MTLR;D;20210427;000000;80.06;80.43;77.16;77.73;2015645;157811940.01
MTLR;D;20210428;000000;77.71;78.34;76.72;77.5;1260377;97718371.58
MTLR;D;20210429;000000;77.6;78.18;72.24;72.92;3022504;225546261.74
MTLR;D;20210430;000000;73.04;73.96;72.36;72.74;1171768;85692561.58
MTLR;D;20210504;000000;73.9;74.4;72.62;72.62;921631;67760277.5
MTLR;D;20210505;000000;72.62;78.2;72.54;78.19;3425713;261220195.86
MTLR;D;20210506;000000;78.26;79.88;76.5;78.89;4462762;348959911.6
MTLR;D;20210507;000000;79.42;79.43;77.31;78.47;1087068;85292992.02
MTLR;D;20210510;000000;78.64;78.66;76.92;77.13;959634;74405709.31
MTLR;D;20210511;000000;76.97;77.2;75.53;75.68;989956;75551865.21
MTLR;D;20210512;000000;75.7;77.16;74.61;74.87;1736746;131581071.07
MTLR;D;20210513;000000;74.49;76.35;73.14;76.06;1730437;128386497.33
MTLR;D;20210514;000000;76.06;79.66;75.01;78.94;3430955;267434473.49
MTLR;D;20210517;000000;79.03;80.5;77.54;78.18;2228276;175751015.3
MTLR;D;20210518;000000;78.6;79.6;76.86;77.72;1158101;90353231.55
MTLR;D;20210519;000000;77.6;77.99;73.61;75.65;1875056;141745207.27
MTLR;D;20210520;000000;75.5;83.5;75.5;83.5;17535939;1417706547.54
MTLR;D;20210521;000000;83.58;89.8;80.32;85.5;19150809;1630424548.85
MTLR;D;20210524;000000;85.5;86.9;82.2;82.8;8422562;707975478.55
MTLR;D;20210525;000000;83.01;83.96;80.8;82;5056338;415240987.13
MTLR;D;20210526;000000;81.95;82.67;79.94;80.5;3997063;325590099.62
MTLR;D;20210527;000000;80.61;81.6;79.53;80;4470545;360302520
MTLR;D;20210528;000000;80.03;80.7;78.74;79.6;2590641;205779441.25
MTLR;D;20210531;000000;80.6;80.87;79.8;79.86;2402265;192664322.55
MTLR;D;20210601;000000;80;81.88;79.84;80.11;4313260;347447459.52
MTLR;D;20210602;000000;79.95;80.81;79.52;79.96;1437360;115137100.41
MTLR;D;20210603;000000;80;80.74;79.8;80.38;2736556;219770937.55
MTLR;D;20210604;000000;80.6;81;79.62;80.13;1726575;138322982.75
MTLR;D;20210607;000000;80.19;80.55;79.02;79.3;2006417;160329415.03
MTLR;D;20210608;000000;79.63;80.8;79.31;79.77;1870694;150086243.06
MTLR;D;20210609;000000;79.84;80.29;77.8;79.54;2847921;225261848
MTLR;D;20210610;000000;79.89;80.01;78.86;79;952666;75785997.09
MTLR;D;20210611;000000;79.6;80.1;79.16;80;2519626;201308998.74
MTLR;D;20210614;000000;80.21;80.93;79.12;79.35;2087165;166647588.96
MTLR;D;20210615;000000;79.6;79.78;78.2;78.2;1236551;97678154.88
MTLR;D;20210616;000000;78.26;78.74;77.63;78.18;1177166;91844189.35
MTLR;D;20210617;000000;77.92;79.77;76.6;79.04;2833078;221716555.94
MTLR;D;20210618;000000;79;79.38;77;77;770593;59982110.51
MTLR;D;20210621;000000;77;79.75;75.78;79.49;2680822;209074957.66
MTLR;D;20210622;000000;79.49;80.23;79.08;80;1862363;148607112.96
MTLR;D;20210623;000000;80.19;81.61;79.01;79.51;2519838;202139128.14
MTLR;D;20210624;000000;79.04;79.69;75.27;76.13;3155343;242023723.81
MTLR;D;20210625;000000;76.12;79;75.76;77.01;1312555;101228083.71
MTLR;D;20210628;000000;77.11;77.84;75.55;75.77;873738;66812647.83
MTLR;D;20210629;000000;75.93;76.06;74.87;75.2;1267757;95515194.72
MTLR;D;20210630;000000;75.2;76.5;75.04;75.54;1219948;92169749.61
MTLR;D;20210701;000000;75.54;77.13;75.54;76.9;1196306;91620231.47
MTLR;D;20210702;000000;77.1;78.33;76.1;76.1;1268511;98095328.16
MTLR;D;20210705;000000;76;77.03;75.68;76.5;838052;64008950.46
MTLR;D;20210706;000000;76.79;77.17;73;74.53;2125933;159823656.54
MTLR;D;20210707;000000;74.83;75.87;73.8;74.42;1665290;124520659.54
MTLR;D;20210708;000000;74.22;75.53;73.71;74.69;2020410;150854205.79
MTLR;D;20210709;000000;74.95;77.48;74.01;76.8;1889663;143856060.72
MTLR;D;20210712;000000;76.75;77.33;75.83;76.74;622373;47631099.08
MTLR;D;20210713;000000;76.99;79.97;76.7;79.52;2627920;206678769.82
MTLR;D;20210714;000000;79.77;81.3;78.6;80;6881399;549915323.26
MTLR;D;20210715;000000;80;81.8;77.58;79.36;3617067;287232087.35
MTLR;D;20210716;000000;79.67;80.62;78.98;79.8;2593322;207016091.7
MTLR;D;20210719;000000;79.87;79.93;74.59;76.49;4109796;315425778.28
MTLR;D;20210720;000000;76.51;80.11;76.37;79.35;3635239;287986366.55
MTLR;D;20210721;000000;79.35;80;78.07;79.8;1675889;133190269.69
MTLR;D;20210722;000000;79.8;80.76;78.22;79.3;3279442;260848651.53
MTLR;D;20210723;000000;79.51;80;79.12;79.28;1164134;92777941.72
MTLR;D;20210726;000000;79.09;79.23;78.03;78.41;521647;41000330.19
MTLR;D;20210727;000000;78.65;80.02;77.02;79.34;2359102;186794823.65
MTLR;D;20210728;000000;79.5;80.9;79.12;79.8;3823532;305784512.36
MTLR;D;20210729;000000;80.03;81.95;79.71;81.19;3066474;249183228.06
MTLR;D;20210730;000000;81.2;81.38;80.1;80.5;841016;67897324.46
MTLR;D;20210802;000000;80.46;82.17;80.43;81.55;1358633;110855704.47
MTLR;D;20210803;000000;81.9;82.22;80.89;81.5;1398000;113933750.43
MTLR;D;20210804;000000;81.5;83;81.17;82.69;4091224;336561758.42
MTLR;D;20210805;000000;82.6;83.44;81.06;81.9;1355768;111501631.03
MTLR;D;20210806;000000;81.7;82;80.99;81.33;734156;59901635.52
MTLR;D;20210809;000000;81.2;81.4;77.59;81.2;1046819;84168604.75
MTLR;D;20210810;000000;81.04;81.84;80.22;80.22;975352;78839868.62
MTLR;D;20210811;000000;80.08;81.49;79.12;80;1456268;116857872.66
MTLR;D;20210812;000000;80.1;80.69;79.66;80;1272761;102012480.18
MTLR;D;20210813;000000;80.2;82.5;79.81;81.7;3192875;261364467.68
MTLR;D;20210816;000000;81.81;82.71;81.04;81.14;2408277;197280959.5
MTLR;D;20210817;000000;81.46;82.15;80.94;81.83;1119505;91430127.22
MTLR;D;20210818;000000;81.97;85;81.97;82.79;3329763;277923538.12
MTLR;D;20210819;000000;82.69;82.7;80.47;81.18;2168532;176505198.9
MTLR;D;20210820;000000;81.19;83.8;81.19;83.75;4880428;406041707.28
MTLR;D;20210823;000000;84.15;97.23;84;96.14;26019755;2405591084.55
MTLR;D;20210824;000000;96.85;105.2;96.75;100.5;24580920;2479894850.67
MTLR;D;20210825;000000;100.75;102.75;97.24;101.5;11179825;1126438153.72
MTLR;D;20210826;000000;101.95;107.46;99.8;101.69;16138018;1676327708.48
MTLR;D;20210827;000000;102.8;106.9;97.7;105;28019836;2907030362.07
MTLR;D;20210830;000000;106.4;120;106.4;120;29471792;3411607314.59
MTLR;D;20210831;000000;121.98;126.54;111.56;114.48;18924594;2213160739.68
MTLR;D;20210901;000000;115;118.95;111.03;117.7;10238153;1181833087.98
MTLR;D;20210902;000000;118.13;121.6;116.01;119.15;8869893;1059676506.7
MTLR;D;20210903;000000;118;119.49;114.6;116.63;5857288;680615602.91
MTLR;D;20210906;000000;117.5;145.5;116.33;145.5;29479412;3848896253.81
MTLR;D;20210907;000000;148.5;178;148.5;150.1;70446031;11414310549.92
MTLR;D;20210908;000000;160;164.4;147;156.86;29377783;4585302377.61
MTLR;D;20210909;000000;158.9;158.9;148.5;151.55;10314912;1574434751.17
MTLR;D;20210910;000000;153;161;151.71;159.4;11974027;1863957372.03
MTLR;D;20210913;000000;159.93;166.56;156.65;162.6;13927585;2258419442.49
MTLR;D;20210914;000000;163.13;163.65;155;156.02;7170859;1137148226.46
MTLR;D;20210915;000000;155;159.5;151.55;157.59;7387764;1151448643.77
MTLR;D;20210916;000000;159.06;161;152.29;153.49;11199084;1755422497.25
MTLR;D;20210917;000000;152;153.53;148.12;148.55;8394133;1266422197.53
MTLR;D;20210920;000000;145;146.47;125;130.54;26698973;3586852324.23
MTLR;D;20210921;000000;131;135.91;125.2;127.49;21467060;2811997058.81
MTLR;D;20210922;000000;131.56;147.22;130.71;147.22;24393619;3389731827.43
MTLR;D;20210923;000000;148.7;150.33;141.32;146.01;18358209;2678145234.6
MTLR;D;20210924;000000;147.5;147.5;135.66;139.55;11588286;1624289934.93
MTLR;D;20210927;000000;140;151.36;139.66;149.82;13851470;2025972765.25
MTLR;D;20210928;000000;151.03;154.45;143.2;146.65;13417762;2012297822.46
MTLR;D;20210929;000000;146.03;148.9;141.9;143.51;5611644;815243478.47
MTLR;D;20210930;000000;144.9;154.32;143.23;150.9;15984388;2410557553.68
MTLR;D;20211001;000000;150.98;152.22;145.39;148.03;7743653;1151720110.08
MTLR;D;20211004;000000;149;156.6;149;154.33;11747116;1808739429.6
MTLR;D;20211005;000000;155.1;158.71;150.3;152.2;11619467;1797460764.75
MTLR;D;20211006;000000;151.88;154;143.02;145.71;10617832;1564895927.76
MTLR;D;20211007;000000;148.36;151.6;143.31;149.38;6910965;1021266285.72
MTLR;D;20211008;000000;149.56;150.05;147;148.4;3105001;461241001.49
MTLR;D;20211011;000000;149.8;161.99;148.7;161.98;14514170;2268506275.87
MTLR;D;20211012;000000;162.03;169.8;155.6;163.26;17547536;2878395438.03
MTLR;D;20211013;000000;163;166.16;159.22;161.55;7032651;1141587716.47
MTLR;D;20211014;000000;161.83;164.85;161.66;163.96;4359806;712206757.67
MTLR;D;20211015;000000;164.6;166.2;161.64;161.64;4380665;715201564.25
MTLR;D;20211018;000000;162.97;169.77;162.53;168.7;9491183;1589356751.72
MTLR;D;20211019;000000;170.81;176.4;168.8;173;11548603;1994379392.1
MTLR;D;20211020;000000;172.44;172.98;166.51;167.1;4573625;773412976.36
MTLR;D;20211021;000000;166.7;166.7;159.13;160.3;5001775;814639206.04
MTLR;D;20211022;000000;158.99;165.7;156.45;162.5;7998749;1294771176.67
MTLR;D;20211025;000000;163.84;165.02;158.67;160.69;3002224;486121224.72
MTLR;D;20211026;000000;160.03;162.99;159.33;160.44;2323941;374401585.3
MTLR;D;20211027;000000;160.01;160.17;150.68;151.5;7991737;1231664263.56
MTLR;D;20211028;000000;149.8;149.8;138.37;146.85;16118558;2309066147.39
MTLR;D;20211029;000000;145.85;148.81;142.22;145.53;7413696;1075096564.94
MTLR;D;20211101;000000;145.5;153.95;143.67;153.5;5833252;876495033.77
MTLR;D;20211102;000000;153.49;153.79;146;146.67;6550470;978299230.4
MTLR;D;20211103;000000;146.6;147.94;143.3;143.7;4187472;609185858.87
MTLR;D;20211105;000000;142;143.53;139;140.02;4523414;636895587.98
MTLR;D;20211108;000000;142.1;147.96;141.93;146.43;5643353;820966777.48
MTLR;D;20211109;000000;146;149.2;143.9;146.24;2687868;394528825.8
MTLR;D;20211110;000000;144.41;148.2;144.41;145.78;2186190;319392367.81
MTLR;D;20211111;000000;143;146.2;141.5;145.06;2955271;426705492.68
MTLR;D;20211112;000000;146;146.17;140.24;144.3;5047140;720519497.34
MTLR;D;20211115;000000;142.51;148.86;142.51;145.68;2965150;435168302.14
MTLR;D;20211116;000000;146.68;152.5;143.16;146.5;8804226;1304498857.97
MTLR;D;20211117;000000;147.98;151;144.12;146;6491805;959084267.89
MTLR;D;20211118;000000;145.9;148.7;128.31;129;30379814;4196410029.1
MTLR;D;20211119;000000;128.8;133.59;117;119.21;19381175;2400453500.11
MTLR;D;20211122;000000;117.01;117.84;103.96;116.4;21092660;2373477183.41
MTLR;D;20211123;000000;115.33;123.71;111.02;122;11208965;1348068941.72
MTLR;D;20211124;000000;123;128.65;118.26;123.53;8477124;1050288466.52
MTLR;D;20211125;000000;124.38;125.5;117.5;118.1;5295384;635055216.58
MTLR;D;20211126;000000;112;116.35;106.8;112;11520774;1273763382.69
MTLR;D;20211129;000000;114;117.5;110.2;113.42;5843675;663966440.34
MTLR;D;20211130;000000;111.21;112.33;108.18;109.18;4930325;540973810.01
MTLR;D;20211201;000000;111;114.25;109.11;113.17;4675407;523942855.45
MTLR;D;20211202;000000;111.5;113.22;109.62;112.22;3612730;403450904.83
MTLR;D;20211203;000000;113.25;114.8;111.6;111.6;3103304;351384367.33
MTLR;D;20211206;000000;113.19;113.66;106.24;110.15;2423256;266332635.12
MTLR;D;20211207;000000;110.5;111.71;108.73;110;2358793;259539615.68
MTLR;D;20211208;000000;111.2;112.4;102.51;102.76;4517393;485665864.15
MTLR;D;20211209;000000;102.77;105;100.35;102.3;4566835;471931072.45
MTLR;D;20211210;000000;102.42;103.15;92.63;99.8;11925013;1163116809.68
MTLR;D;20211213;000000;102.2;102.75;93.55;95.8;7761303;751982523.42
MTLR;D;20211214;000000;92.89;97.57;91.59;96.57;5210395;496600906
MTLR;D;20211215;000000;97;103.4;95.28;98.9;7361591;734613055.17
MTLR;D;20211216;000000;101.01;119.5;101.01;119;19177144;2133374671.32
MTLR;D;20211217;000000;116.17;120.46;111.2;114.66;16682580;1924746660.03
MTLR;D;20211220;000000;113.38;113.4;106.52;110.73;7453032;824032215.04
MTLR;D;20211221;000000;115.69;123.5;113.85;121.21;20030376;2411430682.34
MTLR;D;20211222;000000;121.4;125;118.56;121.4;9578293;1172609571.04
MTLR;D;20211223;000000;121.63;123;116.7;118.49;7828856;931612488.63
MTLR;D;20211224;000000;117;120.85;115.55;119.39;4822369;571087755.78
MTLR;D;20211227;000000;120.39;124.9;119.99;122.54;6841209;842375063.94
MTLR;D;20211228;000000;125;126.73;123.09;124.2;7945675;993703203.51
MTLR;D;20211229;000000;124.2;125;120.08;121.56;3920536;478287414.45
MTLR;D;20211230;000000;121.97;123.33;120.31;123.29;2417308;294246530.64
MTLR;D;20220103;000000;125.35;128.51;124.69;127.5;4997306;635520970.39
MTLR;D;20220104;000000;127.97;130;125.5;127.2;2780269;354172109.26
MTLR;D;20220105;000000;126.49;127.89;122.73;124.73;3026127;379310074.44
MTLR;D;20220106;000000;122;124.4;120;122.4;3062338;374579515.35
MTLR;D;20220110;000000;123.52;128.82;123.41;126.39;5336191;676306003.6
MTLR;D;20220111;000000;124.6;128.37;122.7;126.95;4202829;529966743.13
MTLR;D;20220112;000000;127.05;130.86;126.8;130.41;4415108;570652578.44
MTLR;D;20220113;000000;130.18;134.44;124.32;125;10477432;1350393374.53
MTLR;D;20220114;000000;125.86;128.4;114.36;121.27;9093294;1106071328.88
MTLR;D;20220117;000000;122.27;124.74;113.02;115.44;6526375;769807599.72
MTLR;D;20220118;000000;114.23;115.18;102.97;110.09;8203090;895286980.58
MTLR;D;20220119;000000;106;122.38;105.5;119.24;10257921;1196746766.28
MTLR;D;20220120;000000;122.6;126.25;116.21;118.23;6233728;743355260.02
MTLR;D;20220121;000000;116;119.84;113.48;114.55;4276190;497530136.68
MTLR;D;20220124;000000;115.7;115.7;99;101.69;9641399;1015825801.77
MTLR;D;20220125;000000;105.9;108.5;100.91;101.42;6741370;699655723.97
MTLR;D;20220126;000000;102.97;109.77;100;106.41;7972166;841722854.95
MTLR;D;20220127;000000;105;112.4;103.15;109.77;6855995;749861182.64
MTLR;D;20220128;000000;112.35;113.4;107.83;108.65;3249511;358897252.38
MTLR;D;20220131;000000;110.87;115.97;110.32;115.97;5166878;585841380.76
MTLR;D;20220201;000000;117.38;119.8;113.5;118.22;4698493;549908309.23
MTLR;D;20220202;000000;119.9;125;118;119.23;7171559;872580184.02
MTLR;D;20220203;000000;117.28;118.75;114.17;117;3646230;424481764.66
MTLR;D;20220204;000000;119.7;123.29;117.47;120.82;5427509;651167487.31
MTLR;D;20220207;000000;121.93;124;118.8;121.77;2579575;313552232.04
MTLR;D;20220208;000000;122.81;125;121.69;124.73;2755038;340044338.55
MTLR;D;20220209;000000;126.51;133.08;125.55;131.68;7694156;997550767.04
MTLR;D;20220210;000000;131.5;149.5;129.66;145.71;26773255;3811727611.18
MTLR;D;20220211;000000;142.1;143.87;136.2;138.5;10831994;1513707990.06
MTLR;D;20220214;000000;136.75;144.42;133.5;140.82;11196757;1574874042.08
MTLR;D;20220215;000000;143.03;155.92;142.62;155.56;14402616;2148847353.91
MTLR;D;20220216;000000;158.56;162.6;151.28;157.2;11789664;1861239543.1
MTLR;D;20220217;000000;153;155.79;146.3;148;7260589;1093681003.9
MTLR;D;20220218;000000;149.07;152.86;135.44;140.55;8128158;1175221793.67
MTLR;D;20220221;000000;145;152.17;110.16;122;20350373;2608248938.4
MTLR;D;20220222;000000;114.33;134.3;100.15;128;16875715;2000201277.73
MTLR;D;20220224;000000;115.2;115.2;64.94;68;17363332;1370352836.22
MTLR;D;20220225;000000;74.8;96.7;70.71;83.3;21802853;1791402416.95
MTLR;D;20220328;000000;87.8;100.1;71.21;76.28;10145268;801405568.93
MTLR;D;20220329;000000;77.65;89.99;75.01;82.9;7824945;663090361.15
MTLR;D;20220330;000000;85.72;95.5;85.01;93.2;5481438;501619071.86
MTLR;D;20220331;000000;95.05;104.82;95.01;102.44;7797121;792884260.52
MTLR;D;20220401;000000;103.5;106.82;99.1;103;6310350;648429077.87
MTLR;D;20220404;000000;103.05;106;99.6;102.73;3820306;391220955.46
MTLR;D;20220405;000000;102.11;102.9;95.11;97.44;4225521;416995235.69
MTLR;D;20220406;000000;96.64;103;92;100;3826062;383107771.32
MTLR;D;20220407;000000;101.67;105.67;100.6;103.45;3617093;374064743.63
MTLR;D;20220408;000000;104.39;106.3;101;102.36;3763598;390312366.37
MTLR;D;20220411;000000;104.04;113;102.4;110.99;9011864;988332593.72
MTLR;D;20220412;000000;112.6;120;107.01;120;7124008;805152707.85
MTLR;D;20220413;000000;121.2;129.5;120.03;127.67;15049168;1883200922.13
MTLR;D;20220414;000000;129;131.9;118.5;120.1;10530774;1338023912.78
MTLR;D;20220415;000000;119;123.75;115;122.78;5511151;660584947.31
MTLR;D;20220418;000000;124.41;128.47;118.08;119.55;4975982;616826779.27
MTLR;D;20220419;000000;119.4;120.85;109.11;117.61;5918892;684122134.26
MTLR;D;20220420;000000;119.87;124;111.03;118.6;6137986;723363136.95
MTLR;D;20220421;000000;119.08;126;118.64;120.33;5468136;672116459.73
MTLR;D;20220422;000000;121.67;125.5;118;125.42;2889859;352319693.1
MTLR;D;20220425;000000;127;128;121.43;122.25;3652453;454895747.67
MTLR;D;20220426;000000;123.2;126.79;122.32;126;2967929;371922492.39
MTLR;D;20220427;000000;127.8;136;126.51;133.79;6957971;919726685.27
MTLR;D;20220428;000000;134.5;142.43;130.52;135.5;9358623;1283973524.79
MTLR;D;20220429;000000;136;137.95;132;133;2644547;356873754.5
MTLR;D;20220504;000000;133;134.9;128.01;128.01;2247502;293256946.21
MTLR;D;20220505;000000;129.57;133.9;128.79;133.04;2822392;371888740.39
MTLR;D;20220506;000000;133.49;133.54;129.05;129.36;1955876;255880828.16
MTLR;D;20220511;000000;130.03;133.5;125.75;131.7;2468321;322521622.35
MTLR;D;20220512;000000;131.88;133;125.25;127.34;1650292;213604588.24
MTLR;D;20220513;000000;128.5;129.8;126.61;128.5;1079409;138871589.92
MTLR;D;20220516;000000;127.99;135.5;127.21;134.9;2772219;368576138.32
MTLR;D;20220517;000000;135.03;139.95;135.03;139.58;3216226;443434236.83
MTLR;D;20220518;000000;141.21;142.9;134.54;136;3218910;447113968.41
MTLR;D;20220519;000000;135.2;137.78;132.75;135.88;1375246;186027898.38
MTLR;D;20220520;000000;137.7;137.7;130.51;131.84;1461359;194819917.51
MTLR;D;20220523;000000;130;131.5;125;125.83;1660207;212312177.74
MTLR;D;20220524;000000;125.91;126;119;125.61;2286131;279808519.11
MTLR;D;20220525;000000;126.89;128;124.6;126.68;1010679;127730641.75
MTLR;D;20220526;000000;125;130.4;124.77;128.29;2634435;338286079.99
MTLR;D;20220527;000000;129.3;132.76;127.3;129.14;2708056;353018044.76
MTLR;D;20220530;000000;129.03;136.7;128.1;132.33;4539747;601445333.39
MTLR;D;20220531;000000;133.5;133.71;128.21;129.83;2519427;329025078.47
MTLR;D;20220601;000000;122.1;133.47;120.05;132.7;5834998;754775536.67
MTLR;D;20220602;000000;132.5;133.65;128.43;130.57;3459893;452405038.83
MTLR;D;20220603;000000;131.27;132.6;122;123.06;3108291;390250838.56
MTLR;D;20220606;000000;124.39;124.72;116.1;117.5;5181327;613443675.82
MTLR;D;20220607;000000;117;129;115.5;129;4474381;542843080.58
MTLR;D;20220608;000000;128.6;130.71;125.26;126.65;3797872;485303688.42
MTLR;D;20220609;000000;126.67;126.99;121.24;123.54;1514368;186869305.63
MTLR;D;20220610;000000;123;123.41;120.91;121.1;1086617;132565113.53
MTLR;D;20220614;000000;120.9;120.9;116.3;119.54;1502005;178179081.8
MTLR;D;20220615;000000;120;122.27;117.8;119;1157464;138235245.72
MTLR;D;20220616;000000;118.85;121.84;117.27;120.92;1642708;196716731.37
MTLR;D;20220617;000000;122.05;122.05;118.51;119.62;817088;98056265.04
MTLR;D;20220620;000000;119.7;120.66;115.2;118.98;1867308;221639908.84
MTLR;D;20220621;000000;119;119.88;116;116.3;1670566;196374590.84
MTLR;D;20220622;000000;116.01;117.5;112.06;113.87;2825258;324253666.51
MTLR;D;20220623;000000;114.28;114.28;110.66;112.48;1796813;201835193.42
MTLR;D;20220624;000000;112.93;120.55;112.75;118.89;3205547;376091607.96
MTLR;D;20220627;000000;117.05;122.68;117.05;119.57;2266658;273516641.1
MTLR;D;20220628;000000;120.04;124.77;118.25;122.64;2751676;338064848.12
MTLR;D;20220629;000000;121.5;124;120.01;123.42;2134077;260146548.94
MTLR;D;20220630;000000;123;127.58;117.62;123.89;3898020;478096339.53
MTLR;D;20220701;000000;123.89;124.6;118.8;123.66;2206380;271364088.39
MTLR;D;20220704;000000;123.3;127.5;120.55;121.2;1416028;174640179.38
MTLR;D;20220705;000000;121;125.6;118.53;122.94;3017426;366620069.64
MTLR;D;20220706;000000;123;127.4;123;123.6;1985181;249375936.56
MTLR;D;20220707;000000;124.03;124.89;121.1;121.57;1446109;177793718.72
MTLR;D;20220708;000000;121.6;123.72;121.23;121.95;1155333;141383146.94
MTLR;D;20220711;000000;121.99;123.27;116.82;116.9;1611168;192333047.98
MTLR;D;20220712;000000;116.9;117;112.98;115.4;1434015;164429100.55
MTLR;D;20220713;000000;115.7;116.27;110.9;111.73;1348105;152259119.73
MTLR;D;20220714;000000;112.46;114.95;111.56;112.27;1508284;171241618.08
MTLR;D;20220715;000000;114;114.87;111.51;113.97;1284118;145155424.36
MTLR;D;20220718;000000;114.6;115;113.25;114.49;629430;71900808.14
MTLR;D;20220719;000000;115.08;115.89;111.45;112.47;1170772;133127925.35
MTLR;D;20220720;000000;112.97;114.17;111.43;111.8;770889;86896507.65
MTLR;D;20220721;000000;111.4;111.62;104.07;111.3;5373397;576929136.77
MTLR;D;20220722;000000;111.3;113.99;111.01;112.79;1464735;165317254.97
MTLR;D;20220725;000000;114;122.21;111.5;122.15;4356818;515467583.16
MTLR;D;20220726;000000;122.15;124.98;121.66;124.39;3418275;422514846.42
MTLR;D;20220727;000000;124.44;125.99;122.05;122.55;1931418;239401855.69
MTLR;D;20220728;000000;124;124.5;119.6;123.85;2393868;292783090.88
MTLR;D;20220729;000000;123.84;127;123.2;125.4;3024665;379378120.73
MTLR;D;20220801;000000;125.4;128;123.85;124.44;3048432;384104315.81
MTLR;D;20220802;000000;123.93;123.99;118.03;119.5;2814596;339807627.08
MTLR;D;20220803;000000;119.4;122.27;118.2;120.19;1129654;136098315
MTLR;D;20220804;000000;120;123.75;119.35;122.3;1279879;155840037.8
MTLR;D;20220805;000000;122.5;123.68;117.01;118.5;1575242;188358233.42
MTLR;D;20220808;000000;120.99;124.07;120;123.39;1723476;211410994.93
MTLR;D;20220809;000000;123.5;131.85;121.9;129;7959916;1024275786.69
MTLR;D;20220810;000000;129.75;131.55;128.74;130.2;2304680;299549748.27
MTLR;D;20220811;000000;130.99;134.37;126.5;127.3;3988206;521053053.62
MTLR;D;20220812;000000;127.21;131.25;126.02;131;1626933;209849524.95
MTLR;D;20220815;000000;131.6;131.98;129.28;131.6;1140002;148648603.53
MTLR;D;20220816;000000;131.99;133.2;130.6;132.15;1113038;147109418.42
MTLR;D;20220817;000000;132;133.5;125.5;126.75;3058400;392954837.86
MTLR;D;20220818;000000;127.5;130;126.06;126.2;4176056;534251238.65
MTLR;D;20220819;000000;127.15;127.22;124.1;125.8;1239538;155516969.84
MTLR;D;20220822;000000;125.7;127.29;124.43;126.34;971276;122705214.14
MTLR;D;20220823;000000;126.89;127.95;125.72;126.28;1131445;143558729.45
MTLR;D;20220824;000000;126.52;127.28;125.03;125.65;732925;92366997.32
MTLR;D;20220825;000000;126.5;126.99;124.27;124.5;909442;114047147.92
MTLR;D;20220826;000000;124.91;124.91;122.2;124.34;1631168;201306837.14
MTLR;D;20220829;000000;124.78;125.29;123.3;124.12;1113412;138310998.05
MTLR;D;20220830;000000;124.49;127.97;124.05;125.63;2720562;344166825.42
MTLR;D;20220831;000000;126.5;129.98;119.1;124.5;2659448;331439512.08
MTLR;D;20220901;000000;125;127;123.82;126.15;1579113;198577154.62
MTLR;D;20220902;000000;126.68;129.51;126.55;128.4;3204926;411941405.11
MTLR;D;20220905;000000;129;133.16;127.77;132.85;3031716;396775378.25
MTLR;D;20220906;000000;133;133.77;126.13;130.18;3236566;422545245.08
MTLR;D;20220907;000000;130;130;127;127.44;1384306;177905560.98
MTLR;D;20220908;000000;127.01;128.22;126.01;126.86;1167133;147591304.39
MTLR;D;20220909;000000;126.99;128.79;126.49;128.21;1385799;177193142.54
MTLR;D;20220912;000000;128.18;129.84;126.2;126.91;1668593;213934219.09
MTLR;D;20220913;000000;127.32;129.1;127;127.5;1302515;166724162.19
MTLR;D;20220914;000000;128.07;128.07;123.11;126.5;2165046;270442256.48
MTLR;D;20220915;000000;124.01;126;122.21;122.43;4261282;526904568.64
MTLR;D;20220916;000000;122.43;123.54;121.07;121.94;2141469;261283050.83
MTLR;D;20220919;000000;121.94;122.72;121.05;121.25;565035;68809683.19
MTLR;D;20220920;000000;120.5;122.43;107.01;107.92;6625017;771444908.59
MTLR;D;20220921;000000;99.96;109.6;71.02;106.72;4681799;478205669.56
MTLR;D;20220922;000000;105.66;117.72;105.1;114.26;4991919;552352510.22
MTLR;D;20220923;000000;114.26;114.37;106.01;109.01;3339266;365410533.16
MTLR;D;20220926;000000;102.34;104.9;85.7;92.92;6265707;596264538.65
MTLR;D;20220927;000000;93.02;96.7;88.51;91.5;2465799;228660582.08
MTLR;D;20220928;000000;92.87;95.55;90.08;92.5;2347338;219497217.99
MTLR;D;20220929;000000;92.78;93.83;81.58;83.5;2809398;245726425.4
MTLR;D;20220930;000000;84.51;88.44;78.6;81.28;4209126;350021478.92
MTLR;D;20221003;000000;83.42;92.97;82.34;90;5316202;472071937.48
MTLR;D;20221004;000000;92.8;93.9;87.8;89.25;2862624;258695148.59
MTLR;D;20221005;000000;89;89.17;84.16;86.7;2521841;218296529.52
MTLR;D;20221006;000000;87.47;89.8;86.39;89.5;2792254;247075286.5
MTLR;D;20221007;000000;90.05;90.82;84;84.29;3120674;270124306.61
MTLR;D;20221010;000000;81.25;88;79.77;87.46;2932432;249161618.17
MTLR;D;20221011;000000;87.52;91.78;85.85;90.81;2431168;218425319.24
MTLR;D;20221012;000000;91.25;92.76;88.54;91.19;2264175;205702630.99
MTLR;D;20221013;000000;91.47;92.93;88.38;91.35;1437213;130987626.93
MTLR;D;20221014;000000;91.68;97;90.52;96.11;3123343;295066227.51
MTLR;D;20221017;000000;96.8;100.8;96.03;99.42;2668937;264080631.09
MTLR;D;20221018;000000;99.73;101.13;96.9;98.02;2123220;209280667.96
MTLR;D;20221019;000000;96.99;97.77;94.15;95.56;1768513;169411861.43
MTLR;D;20221020;000000;96.08;97.45;95.46;96.62;2485005;239641655.39
MTLR;D;20221021;000000;96.96;97.87;94.03;97.45;1518043;145718913.17
MTLR;D;20221024;000000;97.77;99.44;95.01;95.71;1862005;180684233.63
MTLR;D;20221025;000000;96.03;98.91;95.61;97.84;1811682;176985572.31
MTLR;D;20221026;000000;101.15;101.9;96.56;98.33;2566195;254542137.47
MTLR;D;20221027;000000;99.01;101.49;98.18;100.23;2581767;258352861.88
MTLR;D;20221028;000000;99.5;100.04;97.9;99.61;1400399;138809616.12
MTLR;D;20221031;000000;100.8;100.88;98.9;99.57;1082841;108236787.32
MTLR;D;20221101;000000;99.59;100.47;98.9;99.81;692105;69110981.64
MTLR;D;20221102;000000;100;100;98.5;99.35;921923;91495586.2
MTLR;D;20221103;000000;98.39;98.98;97.02;98.9;1271203;124527178.41
MTLR;D;20221107;000000;99.51;104.01;99.29;103.85;3045132;311805495.36
MTLR;D;20221108;000000;103.99;104.43;101.5;102.42;1809972;185783909.15
MTLR;D;20221109;000000;102.42;103.3;100.2;100.2;1325127;134972457.61
MTLR;D;20221110;000000;100;102.01;99.15;101.8;1554450;156995815.77
MTLR;D;20221111;000000;102.5;103;99.9;100.12;1304705;131777044.72
MTLR;D;20221114;000000;100.5;103.66;99.7;102.3;1795277;183632193.02
MTLR;D;20221115;000000;102.82;106.74;100.77;105.8;3864595;401776815.38
MTLR;D;20221116;000000;104.04;106;103.13;104.56;2020963;211459436.49
MTLR;D;20221117;000000;104.55;107.64;100.72;101.72;5454594;569469057.94
MTLR;D;20221118;000000;101.9;103.75;101.2;102.81;2047537;210011711.7
MTLR;D;20221121;000000;102.98;102.98;98.42;99.82;2026723;203105735.34
MTLR;D;20221122;000000;100;102.07;99.26;101.06;1398870;140749633.58
MTLR;D;20221123;000000;101.5;102.46;100.32;101.59;979304;99391024.3
MTLR;D;20221124;000000;101.5;102.82;100.83;100.87;892941;90852396.55
MTLR;D;20221125;000000;100.9;101.13;100.1;100.41;551282;55466456.47
MTLR;D;20221128;000000;100.2;100.33;99.35;99.57;606672;60541884.22
MTLR;D;20221129;000000;99.79;100.77;99.5;100.04;843632;84390567.22
MTLR;D;20221130;000000;100.28;101.91;99.68;101.5;1498843;151461087.28
MTLR;D;20221201;000000;101.91;102.21;100.83;100.85;647259;65621127.4
MTLR;D;20221202;000000;101.2;101.21;99.8;100.13;488871;48984148.31
MTLR;D;20221205;000000;100.48;100.82;99.67;100.01;744966;74597779.78
MTLR;D;20221206;000000;100.37;102.81;100.01;101.42;3160407;321226301.18
MTLR;D;20221207;000000;101.49;101.49;100.3;100.9;768163;77455275.45
MTLR;D;20221208;000000;101;101.65;100.01;100.17;454708;45683537.48
MTLR;D;20221209;000000;100.01;101.1;100.01;100.9;505023;50883944.4
MTLR;D;20221212;000000;101;101.78;100.13;100.44;567481;57193714.04
MTLR;D;20221213;000000;100.65;101.81;100;100.66;1221399;123089884.28
MTLR;D;20221214;000000;100.66;100.74;97.67;98.31;1371664;135461541.56
MTLR;D;20221215;000000;97.89;97.89;95.12;97.34;1180875;113909905.66
MTLR;D;20221216;000000;96.8;97.68;96.12;97.44;549824;53322713.76
MTLR;D;20221219;000000;97.7;97.78;94.36;95.78;1177370;113038364.04
MTLR;D;20221220;000000;95.49;102.82;94.86;102.49;2756373;275216646.38
MTLR;D;20221221;000000;102.49;103.49;100.49;101.14;1850705;188011548.1
MTLR;D;20221222;000000;101.2;104.15;101.2;102.89;1807070;185873384.45
MTLR;D;20221223;000000;103;103.1;101.17;102.88;1406504;143613671.4
MTLR;D;20221226;000000;103.15;103.9;102.6;102.7;694403;71672432.43
MTLR;D;20221227;000000;103.01;103.59;101.71;101.92;769988;78982309.83
MTLR;D;20221228;000000;101.92;102.27;100.05;100.65;1304449;131600847.6
MTLR;D;20221229;000000;101.1;103.3;100.86;103.19;1200285;123193594.71
MTLR;D;20221230;000000;102.61;105.5;102.54;105.5;2084080;217931533.21
MTLR;D;20230104;000000;108.51;109.28;106.2;109.18;1467101;157739808.52
MTLR;D;20230105;000000;109.48;111;107.6;108.28;1505690;164163056.92
MTLR;D;20230106;000000;108.55;110.5;105.99;105.99;3285837;355871679.28
MTLR;D;20230109;000000;106.4;107.49;105.2;105.95;1468314;155926855.45
MTLR;D;20230110;000000;105.93;105.94;104.22;105.05;1001374;105064972.3
MTLR;D;20230111;000000;105.08;107;105.05;106.18;1040995;110600211.2
MTLR;D;20230112;000000;106.55;107.75;106.1;106.73;1221463;130791618.63
MTLR;D;20230113;000000;106.74;108.3;106.54;107.09;943363;101322640.53
MTLR;D;20230116;000000;107.15;108.2;106.7;107.64;1237239;133145212.56
MTLR;D;20230117;000000;107.85;108.64;106.2;107;1770720;190301306.04
MTLR;D;20230118;000000;107.45;107.46;106.1;106.5;948732;101178610.22
MTLR;D;20230119;000000;106.5;106.5;102.34;104.24;2252553;234928250.86
MTLR;D;20230120;000000;104.07;104.75;102.74;104.65;1060394;109867426.33
MTLR;D;20230123;000000;104.99;105.64;103.52;103.96;1438407;150299624.36
MTLR;D;20230124;000000;104.32;106.97;104.1;104.51;2322970;245701954.56
MTLR;D;20230125;000000;104.5;107.38;104.11;107.07;1375770;145947351.08
MTLR;D;20230126;000000;107.39;110.01;107.04;110.01;3144172;342719353.88
MTLR;D;20230127;000000;110.6;115.77;110.6;114.48;5996546;682300119.91
MTLR;D;20230130;000000;115;118.87;112.55;113.77;3788077;436584112.78
MTLR;D;20230131;000000;113.51;115.14;112.5;113.95;2196134;250489296.86
MTLR;D;20230201;000000;113.89;117.9;113.55;117.4;3446928;400149497.48
MTLR;D;20230202;000000;117.2;122.95;117.19;122.87;5935888;714405607.19
MTLR;D;20230203;000000;122.59;122.82;120.35;122.2;4257022;517893731.14
MTLR;D;20230206;000000;122.1;125.9;122.01;125.13;4412926;548466784.91
MTLR;D;20230207;000000;125.99;128.47;124.05;126.9;6166740;781187151.26
MTLR;D;20230208;000000;127.42;128.69;124.11;124.77;4473079;565086531.79
MTLR;D;20230209;000000;125;125.48;122.5;124.53;2665315;330650736.74
MTLR;D;20230210;000000;124.49;125.52;123.81;124.55;2033967;253925468.01
MTLR;D;20230213;000000;124.41;125.79;124.12;124.83;1309203;163695212.54
MTLR;D;20230214;000000;124.8;124.8;120.68;121.7;3423333;417935072.31
MTLR;D;20230215;000000;121;121;115.16;115.66;3030403;357161726.25
MTLR;D;20230216;000000;116.25;119.8;116.25;118.8;3340296;394920190.89
MTLR;D;20230217;000000;118.11;119.5;117.41;119.44;1346360;159461571.06
MTLR;D;20230220;000000;119.61;119.79;116.11;118.4;1669154;196740883.58
MTLR;D;20230221;000000;119.01;124.93;118.65;122.54;2735882;333388359.63
MTLR;D;20230222;000000;122.83;122.87;120.51;121;1114587;135100501.51
MTLR;D;20230224;000000;120.95;123;120.16;122.04;1077793;131254065.67
MTLR;D;20230227;000000;121.88;125.99;121.71;125.16;3763225;470122872.79
MTLR;D;20230228;000000;125.55;127.3;125.55;126.76;2473544;313068280.96
MTLR;D;20230301;000000;127.2;129.43;125.53;125.63;3078764;393699158.93
MTLR;D;20230302;000000;125.66;127.2;124.05;124.91;4022033;505103771.01
MTLR;D;20230303;000000;124.8;128.4;124.71;128.39;1559187;197400948.33
MTLR;D;20230306;000000;128.57;129.98;127.79;129.29;2012186;259567806.81
MTLR;D;20230307;000000;129.5;133;128.61;132.79;3010973;394694392.58
MTLR;D;20230309;000000;133.49;136.9;131.52;136.14;4042322;543553851
MTLR;D;20230310;000000;135.79;141.71;134.55;140.78;6414279;885886967.52
MTLR;D;20230313;000000;141.1;144.47;136.43;139.26;8149620;1141722574.09
MTLR;D;20230314;000000;139.01;141.6;137.34;138.67;3988949;555316951.66
MTLR;D;20230315;000000;139;140.5;135.16;136.23;4213803;579166806.66
MTLR;D;20230316;000000;135.3;139.34;133.62;138.91;5176544;705601979.97
MTLR;D;20230317;000000;139.98;141.29;138.92;140.69;4060313;569831137.93
MTLR;D;20230320;000000;141;146.13;140.12;145.87;4019437;574611309.92
MTLR;D;20230321;000000;145.8;147.65;141.1;143.5;4057182;586334953.94
MTLR;D;20230322;000000;143.6;144.06;141.42;143.23;1422938;203161512.04
MTLR;D;20230323;000000;143.3;144.79;139.92;140.7;4190556;593215535.73
MTLR;D;20230324;000000;140;141.97;138.1;141.29;2247957;315732304.16
MTLR;D;20230327;000000;141.79;143.89;140.33;143.3;2826774;401141305.54
MTLR;D;20230328;000000;143.52;151.72;141.72;151.09;10301433;1532288885.09
MTLR;D;20230329;000000;151.63;157;149.05;155.78;11562034;1777763622.49
MTLR;D;20230330;000000;154.88;155.5;153.04;154.86;3702922;571613709.21
MTLR;D;20230331;000000;154.99;155.81;150.1;153.82;4126221;629916738.17
MTLR;D;20230403;000000;155.01;157.01;154.5;156.8;3640851;567084571
MTLR;D;20230404;000000;157.1;159.22;152.32;152.85;9000452;1399638424.69
MTLR;D;20230405;000000;152;153.84;147.58;152.83;7307892;1097108520.67
MTLR;D;20230406;000000;152.85;153.15;150.27;150.71;3143624;477067638.63
MTLR;D;20230407;000000;150.5;156;150.48;155.99;4830906;741421839.18
MTLR;D;20230410;000000;155.79;164.68;154.32;162.78;8724443;1394521903.24
MTLR;D;20230411;000000;162.78;172.85;161.28;166.24;19133450;3209959357.14
MTLR;D;20230412;000000;166.63;174;165.6;173.6;12321090;2104971089.41
MTLR;D;20230413;000000;174.22;181.35;174.05;176.93;18408906;3273945744.13
MTLR;D;20230414;000000;177.8;177.97;173.83;176.01;6221248;1090174992.82
MTLR;D;20230417;000000;176.96;181.99;174.99;181.75;8752930;1567556402.69
MTLR;D;20230418;000000;182.06;198.63;179.13;196.19;28019066;5345938173.56
MTLR;D;20230419;000000;195.84;208.44;191.61;198.26;40727914;8192321988.19
MTLR;D;20230420;000000;199;202.45;191;194.38;19105997;3728780737.86
MTLR;D;20230421;000000;195;197.84;190.63;196.94;9499596;1843989094.51
MTLR;D;20230424;000000;196.9;203.38;195;200.51;8189485;1640409709.95
MTLR;D;20230425;000000;201.11;201.75;195.48;195.92;4211309;831974015.34
MTLR;D;20230426;000000;195.27;198.51;192;193.82;5959616;1162405827.8
MTLR;D;20230427;000000;193.85;196.9;193.12;194.49;3490762;680267999.83
MTLR;D;20230428;000000;194.73;195.39;187.82;191.49;5811971;1111919882.26
MTLR;D;20230502;000000;188.9;189.73;175.13;179.7;12991881;2358062769.64
MTLR;D;20230503;000000;179.66;180.48;166.36;167.57;15837636;2750486712.77
MTLR;D;20230504;000000;167.5;179.77;167.01;179.7;18152387;3167190884.84
MTLR;D;20230505;000000;180;184.84;176.5;180.38;15653769;2827703637.5
MTLR;D;20230508;000000;180.38;182.8;175.3;176.62;5129236;910717577.8
MTLR;D;20230510;000000;177;189.89;176.73;189.6;10328744;1903166326.04
MTLR;D;20230511;000000;190.1;198.67;176.02;187.11;22136787;4226286738.61
MTLR;D;20230512;000000;187.4;191.85;182.02;186.89;9593620;1775366980.18
MTLR;D;20230515;000000;188;191.58;186.95;190.44;6757858;1277578848.25
MTLR;D;20230516;000000;192.34;192.8;187.1;188.6;3859304;727746716.79
MTLR;D;20230517;000000;188.11;191.8;186.24;190.27;3607134;681578930.09
MTLR;D;20230518;000000;191;194.8;188.56;191.69;4859901;930903378.05
MTLR;D;20230519;000000;190.9;190.9;187.54;188.37;2591762;490239250.87
MTLR;D;20230522;000000;190;190.49;185;186.52;2606363;487392551.88
MTLR;D;20230523;000000;186.5;187.52;182.04;185.67;3354402;620197806.48
MTLR;D;20230524;000000;187.59;191.92;185.25;191.38;4077912;770501958.43
MTLR;D;20230525;000000;191.05;191.48;187.51;189.85;2106642;399864986.07
MTLR;D;20230526;000000;189;193.7;188.72;191.18;4067050;778627797.86
MTLR;D;20230529;000000;193.5;193.5;186.86;188.62;7252811;1377406435.14
MTLR;D;20230530;000000;187.9;188.4;182.05;183.36;5427727;1005782444.07
MTLR;D;20230531;000000;182.02;182.4;175.88;177.2;9075588;1623443482.03
MTLR;D;20230601;000000;177.54;178.7;170.3;171.98;8184357;1416958829.89
MTLR;D;20230602;000000;171.53;179;171;173.7;11473197;1999860076.33
MTLR;D;20230605;000000;174.15;174.37;167.8;168.17;5535655;946771522.99
MTLR;D;20230606;000000;168;168.38;161.87;168.14;10421775;1719153299.47
MTLR;D;20230607;000000;168.2;176.99;168;176.3;10063028;1747073283.18
MTLR;D;20230608;000000;176;179;171.81;174.16;6250071;1091543971.57
MTLR;D;20230609;000000;175.38;175.38;172.4;173.9;2633057;456770822.81
MTLR;D;20230613;000000;174.02;177;173.39;175.49;3222503;564987354.44
MTLR;D;20230614;000000;176.5;176.59;172.83;173.82;2387878;416500657.63
MTLR;D;20230615;000000;174.24;181.81;173.1;181.42;6519122;1157703825.64
MTLR;D;20230616;000000;182;183;177.77;180.27;3820262;686374963.71
MTLR;D;20230619;000000;180.29;180.71;173.9;178.53;4348919;770008395.86
MTLR;D;20230620;000000;178.55;178.87;175.5;177.81;2244763;397208435.59
MTLR;D;20230621;000000;177.98;184.9;176.29;183.89;6358147;1156503006.79
MTLR;D;20230622;000000;183.89;186.2;179.2;180.22;4365413;798251094.58
MTLR;D;20230623;000000;179.6;181.43;174.55;176.93;4491950;800994404.27
MTLR;D;20230626;000000;177.5;179.49;172.5;176.22;4300205;759628995.73
MTLR;D;20230627;000000;177;179.4;175.55;178.6;2180841;388127506.95
MTLR;D;20230628;000000;179.38;180.79;176.21;178.77;2747351;490422198.25
MTLR;D;20230629;000000;179;182.53;177.57;180.69;3271408;590791855.05
MTLR;D;20230630;000000;181.64;183.92;178.05;179.92;3823986;692460883.27
MTLR;D;20230703;000000;180.55;182;178.71;179.31;2498062;450330927.69
MTLR;D;20230704;000000;179;179.38;177.08;177.12;2061648;366832586.14
MTLR;D;20230705;000000;177.28;188.98;176.2;188.55;12946309;2381716523.18
MTLR;D;20230706;000000;189.31;194.15;182.02;186.32;12370526;2337026856.3
MTLR;D;20230707;000000;186.28;187.85;182.99;185.29;4458749;827003275.69
MTLR;D;20230710;000000;186.43;191.5;185.29;191.19;4891563;923211893.26
MTLR;D;20230711;000000;190.86;192.44;187.76;189.36;3361330;637392233.07
MTLR;D;20230712;000000;189.99;193;188;191.39;3749645;713901898.1
MTLR;D;20230713;000000;191.39;193.87;188.36;189.87;3093306;590168124.71
MTLR;D;20230714;000000;189.37;191;187.53;190.33;2132838;404381632.29
MTLR;D;20230717;000000;189.5;192.37;184.85;187.09;11725404;2195079848.35
MTLR;D;20230718;000000;187.28;192.42;186.84;191.79;5767340;1097739471.8
MTLR;D;20230719;000000;192.01;193.59;189.52;190.66;3811058;727351411.18
MTLR;D;20230720;000000;191.24;191.31;186.5;186.98;5110836;963206873.87
MTLR;D;20230721;000000;186.43;188.83;185.65;188.6;3611380;676733164.97
MTLR;D;20230724;000000;188.86;190.9;188.36;190.6;2510153;476191281.69
MTLR;D;20230725;000000;190.97;191.08;189.52;191;2236067;425393143.8
MTLR;D;20230726;000000;191.1;203.6;191.05;202.96;17256682;3422355075.67
MTLR;D;20230727;000000;203.1;215;203.1;214.31;16552699;3476230331.18
MTLR;D;20230728;000000;214.4;217.8;208.5;215.99;10276270;2184892110.85
MTLR;D;20230731;000000;217.8;219.99;215.05;216.64;9305131;2016556953.55
MTLR;D;20230801;000000;217.2;219.35;211.61;217.4;6730350;1454057259.72
MTLR;D;20230802;000000;216.98;231.36;215.57;230.81;18380166;4145767263.21
MTLR;D;20230803;000000;231.77;236.42;228.2;234.92;12585385;2936424195.88
MTLR;D;20230804;000000;234.96;238.36;213.7;225.47;22293579;5072410691.17
MTLR;D;20230807;000000;226;229.7;217.54;219.91;10075474;2258605939.62
MTLR;D;20230808;000000;219.01;226.5;213.25;225.31;11127316;2437168634.3
MTLR;D;20230809;000000;226;228.3;222.42;224.08;5973196;1345368528.13
MTLR;D;20230810;000000;224.5;236.5;224.31;233.94;10118946;2323784079.34
MTLR;D;20230811;000000;234.85;236.8;230;235.19;6490133;1517069605.82
MTLR;D;20230814;000000;237;240.95;225.02;227.34;14542634;3409992747.41
MTLR;D;20230815;000000;226;233.4;222;226.97;8397521;1919898906.69
MTLR;D;20230816;000000;226.3;229.84;212.21;219.33;16796571;3675665665.54
MTLR;D;20230817;000000;221.98;224;215.38;219.4;6488510;1418312484.01
MTLR;D;20230818;000000;220.55;222;215.17;221.2;5683369;1236706055.65
MTLR;D;20230821;000000;222;224.13;217.5;220.76;5529827;1221945764.43
MTLR;D;20230822;000000;221.5;221.52;216.5;218.83;5100663;1112509839.91
MTLR;D;20230823;000000;218.93;219.99;209.12;210.3;9102514;1942580016.98
MTLR;D;20230824;000000;211.2;213.78;208.35;211.29;5728976;1210067768.8
MTLR;D;20230825;000000;212.1;212.64;208.82;210.86;4761736;1000060018.14
MTLR;D;20230828;000000;211;218.9;211;218.82;7889268;1700915768.48
MTLR;D;20230829;000000;219;219.48;208.07;210.1;15765261;3351912096.35
MTLR;D;20230830;000000;210.11;210.49;200.66;202.68;17510286;3570817756.41
MTLR;D;20230831;000000;203;207.98;201.18;206.01;7981265;1634424930.68
MTLR;D;20230901;000000;206.63;206.92;203.2;205.64;3810259;780613820.81
MTLR;D;20230904;000000;206.31;208.66;206.3;207.17;4716940;977441212.41
MTLR;D;20230905;000000;207.39;207.79;203.09;204.71;5825472;1192884092.28
MTLR;D;20230906;000000;204.89;205.3;201.1;203.56;4911783;996803947.19
MTLR;D;20230907;000000;204;204.45;197.28;199.21;7184753;1440744550.7
MTLR;D;20230908;000000;199.2;200.6;193.84;196.21;5780620;1133339766.28
MTLR;D;20230911;000000;196.02;197.23;190.84;192.1;6837166;1319470761.27
MTLR;D;20230912;000000;192.9;198.69;192.2;198.39;5155041;1006918776.48
MTLR;D;20230913;000000;198.94;198.94;192;192.78;4631032;904969939.04
MTLR;D;20230914;000000;193.3;193.8;185.5;190.77;7932095;1502205215.63
MTLR;D;20230915;000000;190.5;196.4;190.49;196.12;4960248;959593879.64
MTLR;D;20230918;000000;196.25;198.31;192;193.88;4354020;845601806.54
MTLR;D;20230919;000000;193.8;199.69;191.55;194.53;10789037;2106513351.49
MTLR;D;20230920;000000;194.9;202;192.05;198.82;11552456;2279282256.4
MTLR;D;20230921;000000;197.96;201.29;195;197.94;7869372;1563179958.56
MTLR;D;20230922;000000;198.1;204.9;196;204.55;11409421;2308183385.48
MTLR;D;20230925;000000;205;209.6;202.2;203.54;10118936;2078877209.02
MTLR;D;20230926;000000;203;205.66;199.19;204.12;4493547;908359391.95
MTLR;D;20230927;000000;204.99;205.7;201.87;203.45;2624340;535008482.24
MTLR;D;20230928;000000;203.8;208;202.37;205.57;3475188;711340509.33
MTLR;D;20230929;000000;205.9;206.64;199.6;202.81;3054267;622437712.73
MTLR;D;20231002;000000;203.7;207.18;202.62;205.98;4168822;856891837.53
MTLR;D;20231003;000000;206.01;209.34;203.2;209.19;6671454;1383853981.33
MTLR;D;20231004;000000;209.2;217.3;209.2;215.99;12058532;2577734263.82
MTLR;D;20231005;000000;216.11;218.53;213.25;216.75;7806346;1688766015.27
MTLR;D;20231006;000000;217.1;222.96;216.41;222.74;8469985;1863885620.18
MTLR;D;20231009;000000;223;225.13;220.48;221.66;5699770;1271449399.16
MTLR;D;20231010;000000;222.02;234.89;218.76;233.29;13386707;3055904808.23
MTLR;D;20231011;000000;233.26;237.81;225.6;226.86;12407648;2893772479.99
MTLR;D;20231012;000000;225.55;233.98;223.99;232.27;7353324;1695176088.13
MTLR;D;20231013;000000;232.5;237.94;232.27;237.88;10515655;2478899299.87
MTLR;D;20231016;000000;238.1;241.72;236.02;237.42;8699025;2079932506.52
MTLR;D;20231017;000000;236.9;239.15;233.07;237.04;7642068;1804085476.85
MTLR;D;20231018;000000;237.2;246.88;234.6;245.09;14091545;3401804471.34
MTLR;D;20231019;000000;245.09;261.34;243.61;260.61;35807686;9135389596.53
MTLR;D;20231020;000000;261.4;269;253.62;255.22;35331108;9232092908.53
MTLR;D;20231023;000000;257;259.6;248.15;259;19782090;5020532362.31
MTLR;D;20231024;000000;260;269.88;256.04;269.71;23729899;6287804787.43
MTLR;D;20231025;000000;270.01;289.98;269.1;289.49;41159965;11474471566.47
MTLR;D;20231026;000000;290.52;297.16;271.23;277.73;94190936;26808752835.26
MTLR;D;20231027;000000;278;287;270.31;283.99;44132942;12309493657.56
MTLR;D;20231030;000000;285;288;274.6;276.81;30324986;8516646326.22
MTLR;D;20231031;000000;274.62;276.24;264.27;266.82;36492280;9845897584.37
MTLR;D;20231101;000000;265.69;272.21;264.02;270.49;17646531;4751571606.69
MTLR;D;20231102;000000;272.3;279.79;270.49;278.2;28551911;7885818635.12
MTLR;D;20231103;000000;280;282.44;275.34;277.73;17282623;4815958444.77
MTLR;D;20231106;000000;278.01;284.33;277.01;283.67;8531207;2396635628.77
MTLR;D;20231107;000000;284.14;294.24;282.05;293;23522347;6787660147.57
MTLR;D;20231108;000000;293.91;303.48;293.15;301.9;38059261;11401126632.67
MTLR;D;20231109;000000;302.87;312;291.37;308.4;55657560;16779161808.72
MTLR;D;20231110;000000;308.5;322.99;305.12;320.41;63736651;20199846614.63
MTLR;D;20231113;000000;322.2;325.46;309.42;314.99;44380870;14055992289.31
MTLR;D;20231114;000000;314;320.8;305.77;315.3;29083294;9122806017.33
MTLR;D;20231115;000000;315;329.79;312.25;329.09;39655930;12787109333.24
MTLR;D;20231116;000000;329.49;345.87;325.73;331.31;85606616;28777553350.83
MTLR;D;20231117;000000;330;336.7;325;327.83;46719627;15429010779.49
MTLR;D;20231120;000000;327.85;331.29;314.02;315.01;34894682;11215593953.28
MTLR;D;20231121;000000;315.01;329;305.6;327.38;52609639;16693609041.02
MTLR;D;20231122;000000;327.55;335.64;310.28;314.1;62700781;20227118899.42
MTLR;D;20231123;000000;313.6;319.8;307.6;313.6;37632571;11828805774.82
MTLR;D;20231124;000000;313.64;314.99;305.29;309.54;21515701;6645051783.34
MTLR;D;20231127;000000;309.5;309.94;291.55;291.6;36281498;10837626588.94
MTLR;D;20231128;000000;290.5;304.29;280;303.44;50432568;14699009790.6
MTLR;D;20231129;000000;304.94;305.1;286.43;286.43;32746734;9674254063.06
MTLR;D;20231130;000000;289.59;296;283.43;292.42;25529566;7426681427.4
MTLR;D;20231201;000000;293.84;295.14;285;287.7;15660198;4543005433.57
MTLR;D;20231204;000000;286.9;291.6;281.5;284.56;16747778;4799381835.66
MTLR;D;20231205;000000;284.64;288.46;275.95;279.46;20650421;5809818017.72
MTLR;D;20231206;000000;279.79;280.78;268.1;269.07;19237238;5246923392.56
MTLR;D;20231207;000000;269.07;279.6;261.93;275.88;32562802;8799690555.6
MTLR;D;20231208;000000;277;285.36;271.84;277.5;28548616;7958759571.03
MTLR;D;20231211;000000;277.9;282.31;272.3;278.38;18122420;5006347959.24
MTLR;D;20231212;000000;280.1;282;269;270.54;15088025;4167884111.84
MTLR;D;20231213;000000;270.54;273.9;266.27;271.48;10742212;2900940289.06
MTLR;D;20231214;000000;271.52;280.93;271.01;275.15;19718650;5451106865.92
MTLR;D;20231215;000000;275.22;290;275.15;290;19544073;5531769977.84
MTLR;D;20231218;000000;293;298.7;290.12;296.54;18024012;5320415660.03
MTLR;D;20231219;000000;296.61;296.78;287.28;291.69;14811067;4315166439.72
MTLR;D;20231220;000000;291.7;293.29;287.6;290.27;7422237;2149323598.22
MTLR;D;20231221;000000;290.6;303.75;285.69;301.74;20618379;6066461889.69
MTLR;D;20231222;000000;302.74;313;299.28;311.65;25385270;7803316377.72
MTLR;D;20231225;000000;313.9;317.83;307.9;311.37;15568635;4870992236.6
MTLR;D;20231226;000000;311.37;314.2;306.72;312.4;7994338;2483235673.41
MTLR;D;20231227;000000;312.5;313.74;309.1;309.11;5571776;1730180407.79
MTLR;D;20231228;000000;309;312.33;306.61;310.99;5433307;1680495943.12
MTLR;D;20231229;000000;312;313;308.88;311;4103307;1275935457.73
MTLR;D;20240103;000000;311.03;326.74;311.03;326.74;12429476;3991271026.42
MTLR;D;20240104;000000;327.68;329.39;323.1;326.9;10175769;3317989885.19
MTLR;D;20240105;000000;328;328.49;325;328.46;3683364;1204347798.29
MTLR;D;20240108;000000;328.99;334.28;323.57;326.37;12827944;4222663733.64
MTLR;D;20240109;000000;328;333.54;324.22;332.88;8029246;2641464138.48
MTLR;D;20240110;000000;333;333.71;324.33;325.4;8127257;2670642013.58
MTLR;D;20240111;000000;325.4;326.9;318.6;322.35;11022840;3555732120.54
MTLR;D;20240112;000000;322.4;323.75;315.6;318.2;8599879;2747167734.06
MTLR;D;20240115;000000;318.3;319.9;314.52;316;5982028;1892973480.11
MTLR;D;20240116;000000;316;323.59;313.6;322.36;8954924;2852459607.49
MTLR;D;20240117;000000;322.29;326.43;319.42;320.29;8666004;2799588128.55
MTLR;D;20240118;000000;321;322.3;317.11;318.19;5097134;1628244885.14
MTLR;D;20240119;000000;317.85;319;315.04;318.48;5422062;1717183789.37
MTLR;D;20240122;000000;318.8;319.68;310.57;310.87;8687752;2732273143.74
MTLR;D;20240123;000000;309.9;309.9;304.1;305.96;10851938;3328103559.05
MTLR;D;20240124;000000;305.61;309.74;295.66;297.81;18313629;5513528170.48
MTLR;D;20240125;000000;296.03;304.67;291.6;303.89;14311419;4273836095.26
MTLR;D;20240126;000000;305;306.78;300.8;301.78;7423228;2250162440.26
MTLR;D;20240129;000000;302.53;303.59;297.3;298.29;7106627;2127604278.87
MTLR;D;20240130;000000;298;314.85;295.66;314.48;18093408;5568037376.55
MTLR;D;20240131;000000;315.32;322.42;314.5;319.88;21217586;6774280003.83
MTLR;D;20240201;000000;320.05;322.35;315.7;317.61;9210603;2937362515.95
MTLR;D;20240202;000000;317.55;320.8;313.4;318.69;9288524;2947216112.54
MTLR;D;20240205;000000;319.5;329;319;328.77;15639794;5089067212.33
MTLR;D;20240206;000000;329.2;329.57;322.1;323.24;9452357;3075733523.39
MTLR;D;20240207;000000;323;325.99;319.2;321.4;7875779;2533876787.37
MTLR;D;20240208;000000;321.99;325.79;317.15;317.94;10551723;3393848896.17
MTLR;D;20240209;000000;316.8;318.24;312;315.1;9594124;3023573591.33
MTLR;D;20240212;000000;315.5;319.29;312.67;315.39;5428371;1715077571.59
MTLR;D;20240213;000000;315.86;319.9;314.6;319.17;5185453;1646612988.74
MTLR;D;20240214;000000;319;321.35;317.01;317.55;4518086;1441670518.1
MTLR;D;20240215;000000;317.45;317.45;313.17;314.89;5557489;1750005245.65
MTLR;D;20240216;000000;315.3;316.2;309.5;310.51;6607610;2066553063.16
MTLR;D;20240219;000000;311.2;315.38;308.76;313.09;5714779;1787212276.31
MTLR;D;20240220;000000;313.3;316.5;305.06;305.39;14076314;4383731129.5
MTLR;D;20240221;000000;305.38;307.94;276.33;281.76;33668319;9771596995.95
MTLR;D;20240222;000000;282.5;285.67;270.5;276.71;31704688;8768782488.8
MTLR;D;20240226;000000;266.6;280.47;262.4;279.91;20999449;5748055834.92
MTLR;D;20240227;000000;281;288.69;278.21;281.65;18988454;5377876411.77
MTLR;D;20240228;000000;281.41;282.98;277;278.58;9307189;2608360174.5
MTLR;D;20240229;000000;278.75;278.8;270.31;271.44;10233086;2812161953.14
MTLR;D;20240301;000000;272;279.74;271.16;278.95;9307660;2563793417.5
MTLR;D;20240304;000000;281.1;287.48;279.67;285.99;12694442;3614985567.21
MTLR;D;20240305;000000;287.8;288;283.21;284.27;5210273;1484446214.1
MTLR;D;20240306;000000;284.4;284.75;281.35;282.1;4604824;1302199118.43
MTLR;D;20240307;000000;281.86;283.88;280.12;281.4;4396680;1238796852.22
MTLR;D;20240311;000000;282;291.99;282;290.19;7390710;2111705723.78
MTLR;D;20240312;000000;290.28;303.49;288.05;300.39;22396075;6645125086.29
MTLR;D;20240313;000000;301;303.99;293.07;294.63;14833754;4425520505.78
MTLR;D;20240314;000000;294.64;297.28;289.21;295;13109233;3852132962.28
MTLR;D;20240315;000000;295;297.71;291.1;292.83;5730223;1686247746.4
MTLR;D;20240318;000000;293.8;294.77;288.2;290.87;5498568;1602800623.11
MTLR;D;20240319;000000;290.6;297.8;289.55;293.97;11654057;3431071572.33
MTLR;D;20240320;000000;294.92;296.31;285.12;287.01;9607268;2782921518.96
MTLR;D;20240321;000000;287.01;289.09;283.02;287.51;6979008;1995333121.15
MTLR;D;20240322;000000;287.6;288.9;276.24;279.62;7931445;2238994796.16
MTLR;D;20240325;000000;279.59;281.99;274.22;279.06;8822694;2453623341.24
MTLR;D;20240326;000000;280;282.43;277.1;278.54;4089377;1143299030.62
MTLR;D;20240327;000000;279.5;282.11;275.8;277.21;4405268;1226063140.34
MTLR;D;20240328;000000;277.99;278.03;273.6;276.48;5151458;1420072334.62
MTLR;D;20240329;000000;276.49;278.95;275.16;277.04;3541959;981676174.81
MTLR;D;20240401;000000;278.44;288.9;278.05;288.9;8366254;2375560028.07
MTLR;D;20240402;000000;289.87;290.3;282.5;285.64;6457139;1849677904.61
MTLR;D;20240403;000000;286;289.84;282.13;286.25;5665921;1616089439.07
MTLR;D;20240404;000000;287.44;288.38;283.5;283.96;3351988;956281108.57
MTLR;D;20240405;000000;283.45;287.87;279.27;283.67;5928618;1683697553.5
MTLR;D;20240408;000000;284.47;287.9;284.07;285.56;3449987;986174480.27
MTLR;D;20240409;000000;286;286.47;280.73;282.06;4320796;1224488513.51
MTLR;D;20240410;000000;281;284.5;278.55;284.24;4738046;1336080933.31
MTLR;D;20240411;000000;284.09;284.09;279.35;280.32;4062497;1142924134.67
MTLR;D;20240412;000000;280.11;281.35;276.67;277.88;5492514;1527671711.53
MTLR;D;20240415;000000;277.88;279.4;274.5;278.46;4597948;1273145581.03
MTLR;D;20240416;000000;278.97;280.13;275.96;277.09;3108493;863454366.62
MTLR;D;20240417;000000;276.74;277.99;272;274.09;4950834;1359576891.71
MTLR;D;20240418;000000;274.1;276.42;271.01;272.71;4138671;1127686635.24
MTLR;D;20240419;000000;272;276.8;271.23;274.2;3563769;977951051.98
MTLR;D;20240422;000000;274.51;275.94;271.5;272.63;3762234;1028997518.49
MTLR;D;20240423;000000;272.27;273.9;269;270.1;4573174;1237893520.64
MTLR;D;20240424;000000;269.11;274.84;266.25;271.98;8837206;2401816124.15
MTLR;D;20240425;000000;273;274.29;267.5;268.33;4486803;1210612807.33
MTLR;D;20240426;000000;267.91;270.3;267;267.9;3743911;1005328013.66
MTLR;D;20240427;000000;267.9;268.49;262.11;264.44;7384079;1955163106.56
MTLR;D;20240429;000000;264.99;265.19;255.53;257.22;10525095;2720352745.64
MTLR;D;20240430;000000;257.22;257.49;251.05;252.57;6832760;1732779391.96
MTLR;D;20240502;000000;251.3;253.99;241.1;244;11426136;2815126214.96
MTLR;D;20240503;000000;243.48;247.66;242.41;244.24;8664080;2124054974.79
MTLR;D;20240506;000000;244.9;247.77;244;245.96;5065740;1246131712.68
MTLR;D;20240507;000000;245.9;247.34;242.64;245.99;4027064;989718056.69
MTLR;D;20240508;000000;246;246.79;244.16;245.68;2664276;653833004.6
MTLR;D;20240510;000000;245.44;256.96;245.34;256.25;11958309;3012154958.02
MTLR;D;20240513;000000;257.3;262.26;250.66;252.46;13801485;3540610220.26
MTLR;D;20240514;000000;252.46;253.42;247.4;249.32;5390124;1342287116.16
MTLR;D;20240515;000000;249.22;252.78;248.39;251.64;4330446;1088828559.89
MTLR;D;20240516;000000;252.19;252.69;247.77;249.95;3650083;911759123.1
MTLR;D;20240517;000000;250;250.14;246.41;248.68;2956284;733502745.13
MTLR;D;20240520;000000;248.36;248.54;241.45;241.84;5737227;1399216808.52
MTLR;D;20240521;000000;240.97;244.25;235.1;243.69;7443214;1788596190.34
MTLR;D;20240522;000000;243.9;245.99;238.1;238.11;6161172;1496233795.89
MTLR;D;20240523;000000;238.93;239.69;230.98;234.52;7449068;1753193329.22
MTLR;D;20240524;000000;234.7;235.5;225.86;227;7476528;1718014705.38
MTLR;D;20240527;000000;227;228.39;212.2;216.06;13912055;3047405846.87
MTLR;D;20240528;000000;216;225.35;214.02;220;12851637;2838947113.96
MTLR;D;20240529;000000;220;229.23;216.74;227.8;7751140;1718220050.25
MTLR;D;20240530;000000;227.8;233.33;220.1;223.3;8558829;1935910840.15
MTLR;D;20240531;000000;223;226.85;214.8;215.73;8040986;1770485086.99
MTLR;D;20240603;000000;216;219;206.27;217.44;13834128;2940559264.07
MTLR;D;20240604;000000;216.78;220.97;214.08;217.66;8838117;1918032080.84
MTLR;D;20240605;000000;218.66;229.99;217.67;227.99;31726504;7160031337.97
MTLR;D;20240606;000000;228.66;231.75;225;228.1;15077067;3444688100.33
MTLR;D;20240607;000000;227.73;231.49;226.61;229;8565934;1964474398.26
MTLR;D;20240610;000000;231.49;236.69;223.23;226.8;11570194;2686942800.87
MTLR;D;20240611;000000;226.2;226.78;217.45;221.9;13281983;2941821433.79
MTLR;D;20240613;000000;214.24;229;201.9;227.04;8957873;1977860983.06
MTLR;D;20240614;000000;227.04;230.46;223.05;228.73;4900335;1110784311.08
MTLR;D;20240617;000000;229.5;233.96;225.24;226.53;5804707;1333611595.32
MTLR;D;20240618;000000;226;227.41;219.46;223.48;7515544;1685281189.9
MTLR;D;20240619;000000;222.58;224.44;216.59;217.92;6817213;1500591839.58
MTLR;D;20240620;000000;218.05;226;217.33;225.78;6383781;1416598887.32
MTLR;D;20240621;000000;226.46;228.49;221.65;223.98;5580265;1259729091.87
MTLR;D;20240624;000000;223.08;224.77;220.78;221.6;2207734;491543229.32
MTLR;D;20240625;000000;221.7;224.22;219.53;223.38;5415217;1199479568.52
MTLR;D;20240626;000000;223.39;225.64;219.88;224.29;4859000;1084134647.66
MTLR;D;20240627;000000;224.28;224.75;216.7;218.01;9493909;2080161884.24
MTLR;D;20240628;000000;217.53;220;216.02;218.2;5227978;1139989467.41
MTLR;D;20240701;000000;218.15;219.57;217.71;218.49;4590719;1001860677.79
MTLR;D;20240702;000000;219.2;219.24;216.76;217.45;3423719;746054441.99
MTLR;D;20240703;000000;217.15;219.9;211.01;211.39;10924203;2358642777.23
MTLR;D;20240704;000000;210.53;210.86;204.25;207.69;10233736;2125251571.72
MTLR;D;20240705;000000;207.4;215.95;204.73;215.13;10727785;2270083646.6
MTLR;D;20240708;000000;215;216.48;208.84;209.62;7013255;1491024561.62
MTLR;D;20240709;000000;209;209.35;197.45;197.48;9005004;1829038219.36
MTLR;D;20240710;000000;197;199;180.22;181.99;13461339;2569801089.05
MTLR;D;20240711;000000;181;195;179.54;193.75;11025122;2088635729.61
MTLR;D;20240712;000000;194;194.74;183.13;188.2;10315609;1936482856.05
MTLR;D;20240715;000000;189;190.65;180.57;180.93;6572056;1208592978.22
MTLR;D;20240716;000000;180.57;182.35;169.63;177.97;19758076;3460639426.88
MTLR;D;20240717;000000;177.72;182.6;174.64;177.35;11268597;2013131527.12
MTLR;D;20240718;000000;177.1;184.96;175.59;184.75;9635669;1734993161.01
MTLR;D;20240719;000000;185;188;181.53;185.85;8462470;1565868375.7
MTLR;D;20240722;000000;186.33;188.9;182.5;186.47;6361762;1183175912.4
MTLR;D;20240723;000000;186.45;186.45;182.5;183.67;4272865;784637069.41
MTLR;D;20240724;000000;183.66;186.9;181.2;186.21;4970944;918350422.66
MTLR;D;20240725;000000;186.71;188.5;185.11;187.67;5402588;1010045003.25
MTLR;D;20240726;000000;187.73;191.3;176;177.41;14298420;2611435714.61
MTLR;D;20240729;000000;176;176.38;169.13;170.34;13403146;2299361428.38
MTLR;D;20240730;000000;169.7;172.92;168.04;172.19;6404056;1095001554.13
MTLR;D;20240731;000000;172.12;173.8;169.55;173;7121209;1222802609.87
MTLR;D;20240801;000000;173;174.95;166.46;167.52;10213707;1739489644.68
MTLR;D;20240802;000000;167.52;169.84;162.2;164.92;14067721;2318591914.78
MTLR;D;20240805;000000;162.45;162.8;150.75;150.86;22368007;3488559298.28
MTLR;D;20240806;000000;152.6;156.1;146.28;149.94;26861672;4046358680.27
MTLR;D;20240807;000000;150.51;159.62;145;156.72;36103466;5504968772.4
MTLR;D;20240808;000000;156.72;158.4;150.72;152.75;25581026;3964018310.52
MTLR;D;20240809;000000;152;153.01;149.4;151.48;13823584;2086994069.02
MTLR;D;20240812;000000;150.98;154.98;148.52;154.48;18383852;2790205946.76
MTLR;D;20240813;000000;154.52;157.97;153.09;156.2;12018914;1871270610.83
MTLR;D;20240814;000000;156.86;159.8;150.71;152.98;18178987;2829105503.77
MTLR;D;20240815;000000;152.23;153.8;150;150.2;11851816;1794216737.84
MTLR;D;20240816;000000;150.29;151.2;148;149.06;11421317;1701922681.31
MTLR;D;20240819;000000;149.06;149.72;139.53;142.13;26263744;3784999140.66
MTLR;D;20240820;000000;142.12;143.41;136.54;138.04;27479739;3826487303.39
MTLR;D;20240821;000000;137.53;138.87;131.1;131.88;31475574;4219844687.77
MTLR;D;20240822;000000;131.6;136.98;119.8;121.25;104946759;13528260247.26
MTLR;D;20240823;000000;120.6;121.2;103.48;114.03;162785051;18234893328.57
MTLR;D;20240826;000000;119.23;123.98;110.2;113.87;83690247;9487240118.71
MTLR;D;20240827;000000;113.87;113.87;105.15;106.56;71942114;7825836587.88
MTLR;D;20240828;000000;105.8;106.3;97.5;101.2;93468328;9477464589.66
MTLR;D;20240829;000000;100.6;110.42;98.32;105.33;95317938;9779564997.63
MTLR;D;20240830;000000;105.9;110;102.55;106.95;86373544;9182023140.21
MTLR;D;20240902;000000;104.42;110.93;104.03;110.54;67268492;7244723947.08
MTLR;D;20240903;000000;111.65;116.25;108.4;112.84;74437328;8382010190.15
MTLR;D;20240904;000000;112.9;115;108.87;114.37;50787322;5678032811.74
MTLR;D;20240905;000000;115.55;119.33;112.22;114;63692882;7399271378.61
MTLR;D;20240906;000000;113.3;114.5;109.1;111.77;41782177;4647610792.41
MTLR;D;20240909;000000;111.44;112.27;107.48;109.65;42786332;4704538416.9
MTLR;D;20240910;000000;109.6;111.99;107.8;110.66;38547906;4229316769.36
MTLR;D;20240911;000000;110.66;111.74;106.32;107.45;33326778;3656724585.8
MTLR;D;20240912;000000;106.9;107.77;102.25;103.56;50897117;5291434478.64
MTLR;D;20240913;000000;103.55;108.7;99.35;108.03;78897305;8159244867.12
MTLR;D;20240916;000000;108.6;109.55;106.04;108.54;33918971;3659952105.49
MTLR;D;20240917;000000;108.63;112.9;106.61;112.45;35062772;3840200048.89
MTLR;D;20240918;000000;112.45;112.57;109.62;109.9;29085523;3220709170.86
MTLR;D;20240919;000000;109.8;111.28;108.2;110.5;20468626;2251365266.2
MTLR;D;20240920;000000;110.5;111.89;109.4;111.13;18310663;2028843367.42
MTLR;D;20240923;000000;112.11;120.2;111.8;119.53;55902244;6511874671.52
MTLR;D;20240924;000000;119.99;121.81;116.01;120.6;41775804;4967774365.31
MTLR;D;20240925;000000;120.1;127.25;118.19;122.82;90191780;11090164333
MTLR;D;20240926;000000;122;124.78;119.51;121.23;40788109;4975664660.23
MTLR;D;20240927;000000;121.6;123.82;120.27;123.47;21979911;2690912143.09
MTLR;D;20240930;000000;124.5;126.74;119.8;120.06;36444961;4539955397.19
MTLR;D;20241001;000000;120.14;121.76;116.2;118.9;42777235;5063138983.7
MTLR;D;20241002;000000;119.4;120.48;113.39;114.28;34244500;3987983724.95
MTLR;D;20241003;000000;113.5;116.9;111.88;116.13;41134251;4681574429.74
MTLR;D;20241004;000000;116.13;116.38;113.7;114.86;22183904;2551989954.49
MTLR;D;20241007;000000;114.9;115.6;111.85;113.38;22665209;2569029966.83
MTLR;D;20241008;000000;112.85;113.45;111.35;112.74;18697341;2101713333.81
MTLR;D;20241009;000000;112.51;112.74;110.05;110.68;21290185;2370250237.89
MTLR;D;20241010;000000;110.4;112.2;106.7;106.85;25403692;2771676840.56
MTLR;D;20241011;000000;106.89;109;105;107.99;31926491;3401704934.24
MTLR;D;20241014;000000;107.42;109.73;105.1;109.07;27444322;2945294142.61
MTLR;D;20241015;000000;108.9;112.19;107.5;111.02;28557713;3152625848.93
MTLR;D;20241016;000000;111.11;112.51;108.15;109.13;24885254;2738795118.03
MTLR;D;20241017;000000;108.6;109.12;106.46;106.99;22669151;2438770875.78
MTLR;D;20241018;000000;106.73;109.7;106.26;109.59;18125934;1957956292.83
MTLR;D;20241021;000000;109.8;110.1;108.02;108.75;17112157;1864637966.27
MTLR;D;20241022;000000;108.1;109.36;107.22;107.75;12046825;1305092247.83
MTLR;D;20241023;000000;107.3;107.42;103.67;103.81;20957837;2212223559.23
MTLR;D;20241024;000000;103.5;105.34;102.44;104.59;19632461;2036843426.56
MTLR;D;20241025;000000;104.4;105;100.28;102.33;48571839;4970870148.89
MTLR;D;20241028;000000;100.11;100.96;96.57;97.6;43644034;4323911440.38
MTLR;D;20241029;000000;96.92;102.74;95.1;101.12;45606863;4486543576.18
MTLR;D;20241030;000000;101.5;102.23;97.4;97.89;41180827;4101244143.96
MTLR;D;20241031;000000;97.11;98.9;96;98.2;35965198;3499328255.37
MTLR;D;20241101;000000;98.04;100.87;97.05;100.56;24563168;2432657274.84
MTLR;D;20241102;000000;100.8;104.5;99.95;103.96;14739483;1498884760.43
MTLR;D;20241105;000000;104.3;104.4;101.08;102.13;19502866;2001993570.7
MTLR;D;20241106;000000;105;106.68;102.41;103.24;30867116;3218026925.62
MTLR;D;20241107;000000;103;104.1;100.24;103.73;24984015;2552161592.17
MTLR;D;20241108;000000;104.4;105.44;101.87;105.15;27155511;2815890241.3
MTLR;D;20241111;000000;106.2;108.9;105.03;108.57;29711510;3180508223.57
MTLR;D;20241112;000000;108.09;108.34;104.3;105.24;20624707;2195785626.07
MTLR;D;20241113;000000;105;106.39;102.87;103.05;22498379;2359186481.02
MTLR;D;20241114;000000;102.9;104.69;102.11;103.43;15830245;1637682011.11
MTLR;D;20241115;000000;103.29;105.34;102.21;105.18;16671530;1727781704.15
MTLR;D;20241118;000000;102.97;104.2;101.52;102.97;13990423;1443191781.4
MTLR;D;20241119;000000;102.7;103.12;97.52;98.39;28662522;2857778377.71
MTLR;D;20241120;000000;98.62;99.76;95.82;96.22;30289035;2946482542.11
MTLR;D;20241121;000000;96.42;96.92;93.05;95.5;30834891;2921886062.11
MTLR;D;20241122;000000;96;96.15;93.31;94.09;16652759;1570512897.86
MTLR;D;20241125;000000;93.5;94;88.64;88.97;23357129;2122674826.64
MTLR;D;20241126;000000;88.6;89.27;78;78.13;74887641;6184811534.34
MTLR;D;20241127;000000;78.54;81.72;71.55;81.32;130113024;9877753774.08
MTLR;D;20241128;000000;81.32;86.77;78.4;84.56;86951141;7143529278.84
MTLR;D;20241129;000000;84.5;87.98;83;85.45;46471067;3990153324.34
MTLR;D;20241202;000000;85.88;87.36;84.08;84.82;28715522;2460764372.35
MTLR;D;20241203;000000;84.79;84.79;79.5;79.87;38372202;3131566552.79
MTLR;D;20241204;000000;79.58;82.46;76.5;78.14;51058940;4069165508.34
MTLR;D;20241205;000000;78.17;82.79;76.3;82.17;55014162;4361442100.43
MTLR;D;20241206;000000;81.72;83.97;80.76;83;39422201;3241690566.89
MTLR;D;20241209;000000;84.01;84.54;82.67;83;22405130;1872700596.88
MTLR;D;20241210;000000;82.48;82.98;80;81.05;42111558;3428665665.47
MTLR;D;20241211;000000;81.05;82.48;79.9;81.81;37051686;3016720844
MTLR;D;20241212;000000;82.44;82.49;80.11;80.13;27266119;2208615631.08
MTLR;D;20241213;000000;79.68;80.36;78.6;79.79;26045925;2071108224.67
MTLR;D;20241216;000000;79.65;79.65;77.27;77.72;23620075;1851466967.41
MTLR;D;20241217;000000;77.63;79.29;77.1;78.44;19081399;1490882060.32
MTLR;D;20241218;000000;78.6;82.59;77.9;80.98;24264096;1937739795.16
MTLR;D;20241219;000000;81;82.2;78.62;79.27;26179251;2102279372.91
MTLR;D;20241220;000000;78.89;92.89;78.42;91.77;79993320;7015876106.59
MTLR;D;20241223;000000;92.5;96.77;90.61;92.84;55892880;5211211603.55
MTLR;D;20241224;000000;92.84;92.84;89.75;89.96;26591642;2425091520.23
MTLR;D;20241225;000000;89.2;93.55;87.77;92.7;41955592;3799952497.04
MTLR;D;20241226;000000;93.5;96.23;90.23;90.46;39699542;3712858099.98
MTLR;D;20241227;000000;90.7;94.65;89.3;94.04;31365122;2879783764.8
MTLR;D;20241228;000000;94.5;95.38;92.77;94.81;20282772;1908316140.5
MTLR;D;20241230;000000;95.94;108.48;95.57;108.29;67826358;6891743298.46
MTLR;D;20250103;000000;109;109;103.05;104.83;33737009;3548994135.87
MTLR;D;20250106;000000;103.68;104;101.4;104;21510735;2206135517.54
MTLR;D;20250108;000000;103.95;107.36;103.03;106.53;21364939;2247889080.5
MTLR;D;20250109;000000;106.6;107.08;100.7;101.89;35590224;3673043099.7
MTLR;D;20250110;000000;101.79;105.5;100.3;104.65;44961493;4635533118.65
MTLR;D;20250113;000000;105.89;108.53;104.2;104.65;36521235;3882842072.75
MTLR;D;20250114;000000;104.37;106.39;102.82;105.38;23831460;2495050532.6
MTLR;D;20250115;000000;105.18;109.48;104.32;109.38;42128978;4507283869.14
MTLR;D;20250116;000000;109.6;114.72;108.25;111.89;64088625;7180647557.53
MTLR;D;20250117;000000;112;114.4;109.64;112.6;42494808;4770838466.21
MTLR;D;20250120;000000;114;114.19;108.6;109.45;48582808;5387919730.46
MTLR;D;20250121;000000;114.5;115;110.6;112.45;43238442;4854327638.85
MTLR;D;20250122;000000;112.62;116.98;111.52;113.1;60013304;6840182373.81
MTLR;D;20250123;000000;112.8;116.05;111.67;115.25;35023821;3969415113.36
MTLR;D;20250124;000000;114.97;119.37;114.32;116.19;45183816;5272284556.13
MTLR;D;20250127;000000;116.1;116.78;111.05;111.29;26980152;3062094565.91
MTLR;D;20250128;000000;111.61;114.76;109.36;114.4;34679440;3883740126.89
MTLR;D;20250129;000000;114.4;114.68;112.11;112.83;21538736;2442443842.39
MTLR;D;20250130;000000;112.83;114.78;112.83;113.93;16661568;1898753228.73
MTLR;D;20250131;000000;114;116.09;111.7;112.59;26289454;2996955511.96
MTLR;D;20250203;000000;112.44;112.44;106.72;108.27;35291669;3842527204.57
MTLR;D;20250204;000000;108.27;109;103.75;103.89;37337894;3960296644.35
MTLR;D;20250205;000000;104;109.2;101.06;108.57;53495939;5601336301.04
MTLR;D;20250206;000000;108.57;108.97;105.3;106.72;32553879;3486756485.51
MTLR;D;20250207;000000;106.73;107.64;105.34;106.93;17180513;1827980434.3
MTLR;D;20250210;000000;107.4;108.9;104.8;105.33;23031950;2477027713.31
MTLR;D;20250211;000000;106;108.2;104.8;107.86;20651921;2200972044.77
MTLR;D;20250212;000000;107.75;116.59;105.5;113.3;73787933;8162705571.95
MTLR;D;20250213;000000;115;117.51;111.8;115.2;42497331;4890938958.67
MTLR;D;20250214;000000;119;120.4;111.32;114.31;69388045;8060786594.25
MTLR;D;20250217;000000;116;123.2;115.23;122.91;50619539;5989204193.86
MTLR;D;20250218;000000;123.21;128.57;115.15;116.81;75231411;9080178614.93
MTLR;D;20250219;000000;117.9;118.38;109.35;111.02;80496577;9074923622.09
MTLR;D;20250220;000000;111.1;115;108.5;111.26;84953287;9455126144.23
MTLR;D;20250221;000000;111.3;114.39;110.5;113.75;33363951;3753221487.66
MTLR;D;20250224;000000;113.8;119.94;112.72;117.5;32855552;3778557640.34
MTLR;D;20250225;000000;117.3;119.5;115.6;116.72;26096177;3074324755.62
MTLR;D;20250226;000000;116.72;117.77;112.79;113.24;26402602;3035487747.82
MTLR;D;20250227;000000;113.5;115.5;111.3;112.82;26758510;3035134498.91
MTLR;D;20250228;000000;112.82;115.4;111.84;114.45;28857148;3278432189.45
MTLR;D;20250303;000000;114.85;116.2;110.75;113.38;21223966;2389466342.41
MTLR;D;20250304;000000;113.5;117.79;113.3;116.66;20762218;2401032662.03
MTLR;D;20250305;000000;116.67;117.8;114.74;114.95;19813030;2304561578.89
MTLR;D;20250306;000000;114.9;116.71;114.76;115.7;11183912;1294444731.71
MTLR;D;20250307;000000;115.41;118.77;114.4;116.3;25325444;2956601227.79
MTLR;D;20250310;000000;117.2;118;115.43;116.98;11901332;1390303120.97
MTLR;D;20250311;000000;117;117.65;115.86;117.05;15757988;1841397223.07
MTLR;D;20250312;000000;116.98;117.35;114.92;116.7;11439456;1327512833.68
MTLR;D;20250313;000000;116.69;117.44;113.72;115.75;18460750;2128063805.14
MTLR;D;20250314;000000;115;117.4;114.5;116.32;10441003;1209057046.93
MTLR;D;20250317;000000;116.3;123.83;116.1;123.52;49480845;5998024031.84
MTLR;D;20250318;000000;123.63;126.76;120.4;121.89;48594563;6028830019.14
MTLR;D;20250319;000000;121.85;129.88;121.12;128.75;46149597;5857661757.08
MTLR;D;20250320;000000;128.9;131.9;126.52;129.18;38274811;4961113274.46
MTLR;D;20250321;000000;129.18;131.39;125.76;127.64;31532951;4049116293.7
MTLR;D;20250324;000000;127.93;128.56;123.06;124.53;22804025;2859439218.74
MTLR;D;20250325;000000;124.62;126.9;121.11;125.3;21442001;2663334094.9
MTLR;D;20250326;000000;125.52;126.28;122.66;123.64;12759158;1585050866.65
MTLR;D;20250327;000000;123.5;123.6;117.16;117.53;22484218;2691390136.72
MTLR;D;20250328;000000;117.55;117.81;112.51;114.26;24442993;2807234440.19
MTLR;D;20250331;000000;114.28;114.75;108.29;111.65;23114245;2589125215.42
MTLR;D;20250401;000000;111.65;115;109;109.46;19869135;2231210463.82
MTLR;D;20250402;000000;109.49;111.78;107;110.3;18337644;2011095390.19
MTLR;D;20250403;000000;110.3;111.46;104;107.06;24022998;2575033472.62
MTLR;D;20250404;000000;107.37;107.43;98.09;98.28;37153201;3770686299.86
MTLR;D;20250407;000000;98;100.5;89.36;93.86;51382998;4834211394.52
MTLR;D;20250408;000000;94.12;97.17;87.9;88.7;30631726;2846299154.39
MTLR;D;20250409;000000;88.52;95.15;84.1;94.84;55390372;4924607706.49
MTLR;D;20250410;000000;94.31;97.95;92.23;95.87;51683934;4906260204.66
MTLR;D;20250411;000000;95.87;98.61;94.65;97.35;33455395;3232875573.12
MTLR;D;20250414;000000;97.6;99;93.88;94.59;24172275;2339864498.25
MTLR;D;20250415;000000;94.6;94.98;91.5;93.34;26639883;2480728665.38
MTLR;D;20250416;000000;93.34;96.65;91.3;94.71;21353684;2007114951.19
MTLR;D;20250417;000000;94.62;96.77;94.02;96.62;18834235;1797701444.65
MTLR;D;20250418;000000;96;96;92.75;93.85;18472161;1741327253.31
MTLR;D;20250421;000000;94.4;95.5;93.65;94.7;11323772;1069705616.72
MTLR;D;20250422;000000;94.75;100.2;94.7;98.56;35098876;3427378503.64
MTLR;D;20250423;000000;98.6;99.03;95.12;96.95;17454801;1690089726
MTLR;D;20250424;000000;96.95;98.3;96.32;96.58;11501190;1119460777.64
MTLR;D;20250425;000000;97.1;98.17;94.56;97.37;18566787;1799195735.47
MTLR;D;20250428;000000;97.5;99.39;96.23;97;26765862;2613603250.16
MTLR;D;20250429;000000;97;97.03;91.63;93.16;28285715;2648894368.78
MTLR;D;20250430;000000;92.99;92.99;89.77;92.13;24824196;2264241571.27
MTLR;D;20250502;000000;91.52;91.68;88.52;89.29;12820659;1146726895.16
MTLR;D;20250505;000000;89.3;89.97;85.7;87.22;24257975;2120838419.35
MTLR;D;20250506;000000;87.5;89.7;86.45;88.54;14102354;1242687104.15
MTLR;D;20250507;000000;88.14;90.62;87.53;89.4;17074090;1523828034.41
MTLR;D;20250508;000000;89.47;91.78;89.43;90.59;11829461;1075547756.57
MTLR;D;20250512;000000;90.59;92.76;89.77;91.74;14909541;1365443200.62
MTLR;D;20250513;000000;91.74;92.2;90.01;90.38;10194905;925837425.99
MTLR;D;20250514;000000;90.12;91.41;88.2;88.35;12437093;1118782002.6
MTLR;D;20250515;000000;88.51;89.67;87;88.75;12920774;1140473010.58
MTLR;D;20250516;000000;88.75;89.19;86.57;88.64;9569127;842818711.87
MTLR;D;20250519;000000;88.7;92.31;88.6;91.21;16255460;1477364452.26
MTLR;D;20250520;000000;91.22;91.65;88.64;89.19;7460136;669430117.61
MTLR;D;20250521;000000;89.44;89.57;87.27;87.47;6022035;531775332.76
MTLR;D;20250522;000000;87.47;89.23;85.52;87.47;11958881;1041925441.77
MTLR;D;20250523;000000;87.1;87.87;85.8;86.84;7284545;631215368.98
MTLR;D;20250526;000000;86.5;86.83;81.15;82.49;13073902;1092505963.08
MTLR;D;20250527;000000;82.37;84.9;80.2;84.06;14691743;1219118118.73
MTLR;D;20250528;000000;84.07;88.48;84.07;87.4;14913498;1288240053.06
MTLR;D;20250529;000000;87.44;87.94;82.82;82.91;14283574;1219211871.61
MTLR;D;20250530;000000;82.68;85.35;81.81;85.02;23636376;1985233861.08
MTLR;D;20250602;000000;85.55;86.96;82.03;86.91;19555610;1651155336.9
MTLR;D;20250603;000000;86.87;89.97;85.8;89.55;19288627;1696600338.08
MTLR;D;20250604;000000;89.51;90.68;88.5;90.37;12804927;1148665471.22
MTLR;D;20250605;000000;90.3;92.12;90;91.76;8891956;812336149.21
MTLR;D;20250606;000000;92.15;98;86.9;87.39;39297821;3579643163.42
MTLR;D;20250609;000000;87.12;88.21;84.2;84.74;17343897;1482854177.84
MTLR;D;20250610;000000;84.74;85.96;82.18;83.75;14521608;1217122735.84
MTLR;D;20250611;000000;84.1;85.28;83.17;84.46;5751764;485305984.79
MTLR;D;20250613;000000;84.77;85.11;84.1;84.68;2548763;215843628.19
MTLR;D;20250616;000000;84.5;85.47;83.05;83.36;5221931;439710899.95
MTLR;D;20250617;000000;83.36;86.49;82.61;86.17;10786085;916901425.66
MTLR;D;20250618;000000;86.46;86.64;84.43;85.49;7257468;618727101.03
MTLR;D;20250619;000000;85.49;86.47;83.5;84.07;8258512;702020958.85
MTLR;D;20250620;000000;84;84.52;82.91;84.27;6263274;523999144.35
MTLR;D;20250623;000000;84.3;84.4;80.75;81.46;15753466;1289097227.29
MTLR;D;20250624;000000;81.3;83.15;81.11;82.94;10176274;835764238.59
MTLR;D;20250625;000000;83;83.39;82.05;82.2;5407484;447040151.12
MTLR;D;20250626;000000;82.27;82.81;80.88;81.58;7926756;646690204.89
MTLR;D;20250627;000000;81.49;82.24;80;81.8;14548387;1178212582.75
MTLR;D;20250630;000000;81.85;86.34;81.53;86.06;36270359;3072219244.1
MTLR;D;20250701;000000;85.83;91.82;84.81;89.6;43251116;3815246945.51
MTLR;D;20250702;000000;89.6;90.1;87.91;88.89;14448136;1285448540.78
MTLR;D;20250703;000000;88.89;91.91;88.55;90.28;17036866;1546487912.68
MTLR;D;20250704;000000;90.25;90.3;87.63;88.53;11653413;1033742347.59
MTLR;D;20250707;000000;88.55;89;85.54;86.17;14208150;1235699650.55
MTLR;D;20250708;000000;86;88.3;84.68;86.23;15876778;1372510968.73
MTLR;D;20250709;000000;86.21;87.5;84.56;86.79;13049019;1123832465.63
MTLR;D;20250710;000000;86.7;87.79;85.74;86.01;8281947;717921775.39
MTLR;D;20250711;000000;86;86.1;82.55;83.07;10551028;892435249.46
MTLR;D;20250714;000000;83.22;88.96;81.82;88;16724956;1431214467.81
MTLR;D;20250715;000000;88.01;88.65;87.01;87.29;7503765;658542997.69
MTLR;D;20250716;000000;87.2;87.49;85.46;86.07;13758490;1185242393.69
MTLR;D;20250717;000000;86.36;87.48;85.8;86.46;8642523;748176834.98
MTLR;D;20250718;000000;86.46;92.25;86.17;91.99;30293657;2718319627.43
MTLR;D;20250721;000000;92.39;94.4;91.43;92.4;17436403;1616680726.58
MTLR;D;20250722;000000;92.37;92.89;91.1;91.69;7859378;722019342.13
MTLR;D;20250723;000000;91.9;92.46;90.4;90.93;8907296;814912274.82
MTLR;D;20250724;000000;90.85;93;90.7;92.35;10601413;975533660.24
MTLR;D;20250725;000000;92.46;92.82;86.93;87.7;27034013;2426522066.25
MTLR;D;20250728;000000;87.71;88.18;84.41;84.87;19501466;1674038866.33
MTLR;D;20250729;000000;84.87;86.5;84.22;85.52;9358542;800362200.01
MTLR;D;20250730;000000;85.56;85.8;84.55;85.09;4411426;375382869.39
MTLR;D;20250731;000000;85.12;85.95;84.23;84.79;4694261;398523627.25
MTLR;D;20250801;000000;84.9;85.78;84.45;84.99;6711768;571407987.76
MTLR;D;20250804;000000;85.35;86.92;85.01;86.59;8185430;702755948.36
MTLR;D;20250805;000000;86.62;87.15;85.89;86.54;5220556;451851969.52
MTLR;D;20250806;000000;86.5;88.36;85.44;87.71;11021413;957813555.13
MTLR;D;20250807;000000;87.8;90.5;87.12;89.35;13473114;1199616442.64
MTLR;D;20250808;000000;89.36;90.44;88.05;90.3;8116665;725109319.84
MTLR;D;20250811;000000;90.86;92.09;89.53;90.12;12758913;1160483944.92
MTLR;D;20250812;000000;90.12;90.8;88.84;90.73;5039074;452739176.47
MTLR;D;20250813;000000;90.87;91.76;90.02;91.23;6972985;634245288.47
MTLR;D;20250814;000000;91;91.77;89.62;90.87;6193331;562684248.36
MTLR;D;20250815;000000;90.9;91.38;89.78;90.33;5312236;479384386.26
MTLR;D;20250818;000000;88.55;91.93;87.5;91.21;17099679;1536935346.93
MTLR;D;20250819;000000;91.43;93.41;90;91.02;15108274;1386547342.21
MTLR;D;20250820;000000;91.05;91.3;90.06;90.86;3695423;335071730.47
MTLR;D;20250821;000000;90.71;91.1;87.28;87.67;8915403;793568055.92
MTLR;D;20250822;000000;87.87;88.8;87.5;88.55;5060086;446107606.85
MTLR;D;20250825;000000;88.5;88.77;86.5;87;5146203;449185362.07
MTLR;D;20250826;000000;87;88.09;86.52;87.11;4055632;354316256.71
MTLR;D;20250827;000000;87.04;88.5;85.58;85.7;10792877;938419511.42
MTLR;D;20250828;000000;85.99;85.99;80.66;81.22;64799400;5362820448.57
MTLR;D;20250829;000000;81.01;82.33;80.4;81.58;13364761;1086460331.94
MTLR;D;20250901;000000;81.62;82.24;78.38;79.02;23066809;1845553383.89
MTLR;D;20250902;000000;79.02;80.23;77.33;79.36;21127688;1664860199.55
MTLR;D;20250903;000000;79.36;80.4;78.34;79.92;9909777;786079671.16
MTLR;D;20250904;000000;79.95;80.79;78.9;79.72;8699645;693280552.35
MTLR;D;20250905;000000;79.81;80.6;79.36;80.11;5998858;479967840.99
MTLR;D;20250908;000000;80.12;82.7;79.89;82.59;12348409;1004762739.19
MTLR;D;20250909;000000;82.59;84.7;81.84;84.53;15768846;1310987066.63
MTLR;D;20250910;000000;84.8;84.84;81.95;82.36;15085604;1264892905.25
MTLR;D;20250911;000000;82.4;82.67;80.88;81.88;11299060;922172404.14
MTLR;D;20250912;000000;81.88;82.49;78.37;79.24;20849635;1664589483.1
MTLR;D;20250915;000000;79.24;80.23;75.75;76.72;17133033;1326781886.6
MTLR;D;20250916;000000;76.72;77.85;76.35;77.13;9355553;721269505.27
MTLR;D;20250917;000000;77.13;77.43;75.51;76.51;8793154;670057589.48
MTLR;D;20250918;000000;76.56;76.8;75.14;75.28;5740919;435740745.54
MTLR;D;20250919;000000;75.18;75.39;72;72.2;13219429;973598756.57
MTLR;D;20250922;000000;72.15;73.82;71;73.61;12202230;883016277.6
MTLR;D;20250923;000000;73.52;74.39;71.54;72.24;10163136;741853157.42
MTLR;D;20250924;000000;72;76.2;71.2;75.29;18673974;1383454990.15
MTLR;D;20250925;000000;75.49;75.8;73.62;74.15;16536762;1235493461.44
MTLR;D;20250926;000000;74.15;75.3;73.12;74.81;7275710;539899532.25
MTLR;D;20250929;000000;75;75.38;71.8;73;12224286;900144175.77
MTLR;D;20250930;000000;73.05;73.6;71.8;72.46;9364819;678972271.37
MTLR;D;20251001;000000;72.8;73.11;66.58;67.07;21499765;1485926327.83
MTLR;D;20251002;000000;66.99;69.24;66.17;67.33;23535534;1596569025.22
MTLR;D;20251003;000000;67.46;69.66;64.91;65.26;15348707;1023196422.49
MTLR;D;20251006;000000;65.5;69.45;63.47;69.31;34401381;2296370056.02
MTLR;D;20251007;000000;69.2;69.7;67.44;69.49;18662418;1280710076.66
MTLR;D;20251008;000000;69.43;70.45;64.37;65.7;33538922;2252338179
MTLR;D;20251009;000000;65.7;69.48;63.57;68.11;30240503;2014432523.23
MTLR;D;20251010;000000;68.2;68.28;65.2;65.59;13232586;884636080.16
MTLR;D;20251013;000000;65.18;67.45;64.83;65.39;15309805;1009614071.71
MTLR;D;20251014;000000;65.38;66.03;64;64.68;14510705;941242633.21
MTLR;D;20251015;000000;64.45;66.41;63.41;64.87;19171107;1244004702.61
MTLR;D;20251016;000000;64.9;73.1;64.11;72.13;22632235;1532781086.37
MTLR;D;20251017;000000;72.3;73.44;71.45;72.44;18942251;1371320412.77
MTLR;D;20251020;000000;73.05;73.99;70.8;71.24;14458037;1042805814.17
MTLR;D;20251021;000000;71.24;71.24;67.16;68.34;18733021;1293166488.57
MTLR;D;20251022;000000;68.34;69.47;66.5;67.23;13124415;893034275.92
MTLR;D;20251023;000000;66.1;68.26;65.61;68.12;10993924;734098521.72
MTLR;D;20251024;000000;68.09;69.97;65.52;66.26;19022198;1273599910.42
MTLR;D;20251027;000000;66.2;66.2;62.5;62.61;11177635;716914946.59
MTLR;D;20251028;000000;62.87;66.16;61.91;65.28;10429992;668466336.69
MTLR;D;20251029;000000;65.18;65.87;64.51;65.1;8805560;573189293.2
MTLR;D;20251030;000000;65.15;74.99;64.35;67.37;45393578;3094745370.96
MTLR;D;20251031;000000;67.5;67.86;64.2;64.34;14560161;960666757.48
MTLR;D;20251101;000000;64.3;66.1;64.14;65.17;5667879;370010215.74
MTLR;D;20251103;000000;65.2;66.5;65.2;65.95;4035433;266048300.76
MTLR;D;20251105;000000;65.95;66.97;64.81;66.02;10171031;670851726.02
MTLR;D;20251106;000000;66.12;66.57;65.26;66.11;4519694;297424260.25
MTLR;D;20251107;000000;66.02;67.7;65.73;67.14;9857077;661557072.61
MTLR;D;20251110;000000;67.29;67.99;66.09;66.55;6753550;452623607.06
MTLR;D;20251111;000000;66.45;67.25;65.85;66.97;3466807;231093714.38
MTLR;D;20251112;000000;67.21;67.22;65.55;65.8;3349240;221618438.78
MTLR;D;20251113;000000;65.67;66.49;64.65;64.89;5773747;378154854.27
MTLR;D;20251114;000000;64.95;65.41;64.2;64.72;4103571;265581438.54
MTLR;D;20251117;000000;64.8;65.75;64.26;64.81;5831379;379712183.63
MTLR;D;20251118;000000;64.81;67.45;64.57;67.14;9502131;631995817.07
MTLR;D;20251119;000000;67.45;70.5;67.15;69.25;17916728;1230339581.49
MTLR;D;20251120;000000;68.87;71;67.5;70.59;17648547;1218154667.48
MTLR;D;20251121;000000;71;72.5;69.27;70.77;13031154;917073012.31
MTLR;D;20251124;000000;70.77;72.22;68.91;70.29;9157131;645944865.81
MTLR;D;20251125;000000;70.3;73.77;69.71;72.29;11275418;810690411.68
MTLR;D;20251126;000000;72.6;72.79;70.7;70.9;6208926;442820302.17
MTLR;D;20251127;000000;70.9;71.53;69.85;70.17;6464230;456937709.36
MTLR;D;20251128;000000;70.16;72.12;69.7;71.71;10275623;728482474.93
MTLR;D;20251201;000000;71.47;75.91;71.45;75.06;21559549;1603604274.91
MTLR;D;20251202;000000;75.1;75.76;74.01;74.34;9970436;744540050.24
MTLR;D;20251203;000000;73.64;73.64;71;72.18;16833358;1210668043.78
MTLR;D;20251204;000000;72.53;73.49;70.77;71.89;7777372;562020599.41
MTLR;D;20251205;000000;72.15;74.45;71.81;73.91;9206426;676171318.62
MTLR;D;20251208;000000;73.91;75.32;72.9;73.05;8750682;647021673.78
MTLR;D;20251209;000000;73.05;74.89;72.58;74.44;6016932;443956605.1
MTLR;D;20251210;000000;74.44;75.03;73.64;74.83;4180226;310669367.93
MTLR;D;20251211;000000;75.05;78.7;74.63;77.97;27468490;2130643524.55
MTLR;D;20251212;000000;77.94;78.17;76.55;77.27;10806927;834170942.89
MTLR;D;20251215;000000;77.22;78.51;76.11;77.23;11449470;885126594.01
MTLR;D;20251216;000000;77.23;78.75;76.7;78.66;7949304;619116115.88
MTLR;D;20251217;000000;78.6;79.5;77.6;78.63;10523919;827284878.52
MTLR;D;20251218;000000;78.64;79.2;77.7;78.8;3881755;304493428.8
MTLR;D;20251219;000000;78.8;80;76.1;77.35;19155120;1486990723.69
MTLR;D;20251222;000000;77.33;77.35;74.27;74.59;10239971;773142884.34
MTLR;D;20251223;000000;74.54;74.94;72.86;73.86;10439988;769166775.67
MTLR;D;20251224;000000;73.92;74.56;73;73.84;6765140;499494921.63
MTLR;D;20251225;000000;73.63;75.95;73.03;74.61;11948942;892403053.75
MTLR;D;20251226;000000;74.64;75.84;74.4;75.14;8119633;607727455.02
MTLR;D;20251229;000000;75.31;75.75;73.53;73.75;10697830;797424452.71
MTLR;D;20251230;000000;73.8;74.1;73.16;73.57;2883196;212095920.86
MTLR;D;20260105;000000;72.9;73.27;71;71.35;6550238;470331230.87
MTLR;D;20260106;000000;71.89;72.27;70.68;71.08;4268750;304528218
MTLR;D;20260108;000000;70.93;70.93;69.71;70.35;2932782;205915476.13
MTLR;D;20260109;000000;70.2;71.94;70.11;71.28;4356159;310351476.99
MTLR;D;20260112;000000;71.28;71.7;70.8;71.2;4467781;318124493.75
MTLR;D;20260113;000000;71.4;71.58;70.11;70.8;4226019;299039183.15
