<TICKER>;<PER>;<DATE>;<TIME>;<OPEN>;<HIGH>;<LOW>;<CLOSE>;<AMOUNT>;<VOLUME>
NKNC;D;20080407;000000;28.29;28.29;28.29;28.29;1900;53751
NKNC;D;20080408;000000;28.29;28.29;28.29;28.29;4300;121647
NKNC;D;20080409;000000;28.28;28.28;25.2;28;2900;75875
NKNC;D;20080410;000000;28.2;28.29;28.2;28.29;8100;228940
NKNC;D;20080411;000000;28.29;28.29;28.29;28.29;800;22632
NKNC;D;20080414;000000;28.25;28.25;28.25;28.25;1000;28250
NKNC;D;20080417;000000;25.2;27.775;24.51;27.775;1400;35855
NKNC;D;20080418;000000;25.4;26;25.4;25.41;1100;28241
NKNC;D;20080421;000000;26;26.3;25.4;25.4;41100;1068631.2
NKNC;D;20080422;000000;25.3;25.5;25.3;25.3;54900;1389265
NKNC;D;20080423;000000;25;25;24.5;25;5300;131422
NKNC;D;20080424;000000;26;26;24.15;24.15;20600;507781
NKNC;D;20080425;000000;24;24.95;24;24.91;36600;897956
NKNC;D;20080428;000000;25.15;25.15;24.5;24.5;2100;52231.6
NKNC;D;20080429;000000;24.55;24.55;24.5;24.5;34700;851050
NKNC;D;20080430;000000;26;26;26;26;100;2600
NKNC;D;20080504;000000;24.4;25;24.4;24.5;9200;224788
NKNC;D;20080505;000000;24.001;24.3;24;24.3;1100;26430.5
NKNC;D;20080506;000000;24;24;24;24;300;7200
NKNC;D;20080507;000000;24.75;25;24.75;25;55100;1370240
NKNC;D;20080512;000000;24.5;25.5;24.3;24.7;754600;18482271
NKNC;D;20080513;000000;24.25;26.5;24.25;24.5;18600;459617.6
NKNC;D;20080514;000000;24.3;24.3;24;24;13600;329122
NKNC;D;20080515;000000;24.301;24.301;23.576;23.9;6100;146199.4
NKNC;D;20080516;000000;23.003;24;22.004;24;2800;65024.9
NKNC;D;20080519;000000;23.4;23.5;22.331;23.5;1300;29643.1
NKNC;D;20080521;000000;23.85;23.9;23.6;23.6;1500;35495
NKNC;D;20080522;000000;23.59;23.59;23.51;23.51;400;9412
NKNC;D;20080523;000000;22.522;22.677;22.5;22.677;1100;24772.9
NKNC;D;20080527;000000;22.101;22.101;22.1;22.1;2100;46410.5
NKNC;D;20080528;000000;22.2;22.2;22;22;3300;72736.2
NKNC;D;20080529;000000;22;22.5;22;22.5;5000;112447.5
NKNC;D;20080530;000000;22.103;22.3;22.102;22.104;1400;31004.2
NKNC;D;20080602;000000;23;23;22.5;22.5;700;15900
NKNC;D;20080603;000000;22.37;22.37;21.022;22;11300;248050.3
NKNC;D;20080606;000000;21.7;21.7;21.7;21.7;3000;65100
NKNC;D;20080607;000000;22.221;22.222;21.01;21.01;800;17463.7
NKNC;D;20080609;000000;22.32;22.32;22.32;22.32;100;2232
NKNC;D;20080616;000000;22.39;22.4;20.01;21.5;9300;203692
NKNC;D;20080617;000000;22;22;22;22;500;11000
NKNC;D;20080618;000000;21.003;21.7;21;21.7;1300;27511
NKNC;D;20080619;000000;21.7;21.7;21.7;21.7;200;4340
NKNC;D;20080620;000000;21.7;21.9;21.7;21.9;3500;76350
NKNC;D;20080623;000000;21.6;22.25;21.6;21.8;11900;262775
NKNC;D;20080624;000000;21.5;21.5;21.5;21.5;4000;86000
NKNC;D;20080625;000000;21;21;21;21;1200;25200
NKNC;D;20080626;000000;21.5;21.5;21.5;21.5;800;17200
NKNC;D;20080630;000000;21.25;21.25;21.25;21.25;1300;27625
NKNC;D;20080701;000000;19.5;20;19.5;20;1300;25450
NKNC;D;20080702;000000;20;20;20;20;1900;38000
NKNC;D;20080703;000000;19.5;19.5;19.5;19.5;2100;40950
NKNC;D;20080707;000000;18.5;18.5;18.5;18.5;100;1850
NKNC;D;20080710;000000;18;18;18;18;1800;32400
NKNC;D;20080714;000000;18.541;18.541;16;17;2400;40904.2
NKNC;D;20080715;000000;17.5;17.5;16.85;16.85;8900;152715
NKNC;D;20080716;000000;17.5;17.5;17.5;17.5;1000;17500
NKNC;D;20080721;000000;17.999;17.999;17.999;17.999;100;1799.9
NKNC;D;20080723;000000;18;18;18;18;400;7200
NKNC;D;20080725;000000;18;18;18;18;200;3600
NKNC;D;20080728;000000;17;17;17;17;1500;25500
NKNC;D;20080730;000000;15.017;16;14.5;15.5;14800;217770.7
NKNC;D;20080731;000000;16.75;18.497;16.75;17.5;9400;159199.9
NKNC;D;20080801;000000;22.571;22.571;22.571;22.571;100;2257.1
NKNC;D;20080804;000000;21.999;21.999;21.999;21.999;400;8799.6
NKNC;D;20080805;000000;17;17.5;17;17.5;26900;461850
NKNC;D;20080807;000000;18;18;18;18;200;3600
NKNC;D;20080808;000000;16;17;16;17;4100;65700
NKNC;D;20080811;000000;17;17;17;17;100;1700
NKNC;D;20080813;000000;17;17;17;17;600;10200
NKNC;D;20080814;000000;17;17;17;17;300;5100
NKNC;D;20080818;000000;16;16;16;16;1000;16000
NKNC;D;20080819;000000;17;17;17;17;1000;17000
NKNC;D;20080820;000000;17.04;17.04;16.5;16.5;35500;586940
NKNC;D;20080821;000000;16.5;16.99;16.5;16.5;55100;909199
NKNC;D;20080822;000000;16.5;16.5;16.5;16.5;1700;28050
NKNC;D;20080825;000000;16.998;17;16.5;16.5;140100;2326299
NKNC;D;20080828;000000;15.005;16;15.005;16;1800;28241
NKNC;D;20080829;000000;16;16;16;16;200;3200
NKNC;D;20080901;000000;16.5;16.5;16.5;16.5;10000;165000
NKNC;D;20080902;000000;16.5;16.5;16.5;16.5;10000;165000
NKNC;D;20080903;000000;15.5;16.5;15.5;16.5;10400;171200
NKNC;D;20080904;000000;16.5;16.5;16.5;16.5;10000;165000
NKNC;D;20080905;000000;15;15;15;15;100;1500
NKNC;D;20080908;000000;15.75;15.75;15.75;15.75;100;1575
NKNC;D;20080916;000000;14;14;10;10.718;41400;430372.4
NKNC;D;20080919;000000;10;10.5;10;10.25;101800;1060000
NKNC;D;20080922;000000;10.5;12.5;10;10;92500;935625
NKNC;D;20080923;000000;10.5;10.5;9.5;10;2200;21100
NKNC;D;20080924;000000;10;10.5;9.9;9.9;4800;47660
NKNC;D;20080925;000000;9.85;9.85;9.85;9.85;2600;25610
NKNC;D;20080926;000000;10;10;10;10;6600;66000
NKNC;D;20080929;000000;9.6;9.6;9.6;9.6;100;960
NKNC;D;20080930;000000;10;10;10;10;100;1000
NKNC;D;20081002;000000;9.26;10;9.26;10;400;3778
NKNC;D;20081003;000000;10;10;10;10;3800;38000
NKNC;D;20081006;000000;9.5;9.75;9.4;9.5;77000;744685
NKNC;D;20081007;000000;9.5;9.5;9.3;9.3;18200;172860
NKNC;D;20081013;000000;6.5;9.5;6.5;9;300;2500
NKNC;D;20081017;000000;7.75;8;7.75;7.755;16700;132194
NKNC;D;20081020;000000;7.75;7.75;7.75;7.75;1900;14725
NKNC;D;20081021;000000;6.95;6.95;6.95;6.95;200;1390
NKNC;D;20081023;000000;7.5;7.5;7.5;7.5;25800;193500
NKNC;D;20081024;000000;7.999;7.999;7.995;7.995;200;1599.4
NKNC;D;20081028;000000;7.5;7.5;7.5;7.5;300;2250
NKNC;D;20081029;000000;7;7;7;7;500;3500
NKNC;D;20081030;000000;7;7;7;7;2500;17500
NKNC;D;20081031;000000;6.5;7;6.5;7;5300;36110
NKNC;D;20081101;000000;7;7;7;7;1100;7700
NKNC;D;20081105;000000;6.998;6.998;6.998;6.998;300;2099.4
NKNC;D;20081106;000000;7;7;7;7;1000;7000
NKNC;D;20081107;000000;6.899;6.9;6.899;6.9;2300;15869.6
NKNC;D;20081110;000000;6.998;7.014;6.998;7;107200;750929.6
NKNC;D;20081113;000000;7;7;6.5;6.5;1400;9150
NKNC;D;20081114;000000;7;7;7;7;700;4900
NKNC;D;20081118;000000;6;6.8;6;6.8;1100;6680
NKNC;D;20081121;000000;6.7;6.7;6.7;6.7;100;670
NKNC;D;20081124;000000;6.8;6.8;6.8;6.8;100;680
NKNC;D;20081127;000000;5.1;5.1;5.1;5.1;23400;119340
NKNC;D;20081128;000000;5;7;4.8;4.8;1307900;8388850
NKNC;D;20081201;000000;5;5;4.85;4.85;30100;148985
NKNC;D;20081202;000000;4;4.5;4;4.2;130900;535930
NKNC;D;20081203;000000;4.2;4.3;4.2;4.2;4300;18240
NKNC;D;20081204;000000;4.3;4.3;4.3;4.3;300;1290
NKNC;D;20081205;000000;4;4.2;3.9;4.1;273400;1107641.1
NKNC;D;20081208;000000;4.3;4.3;4.1;4.1;3000;12500
NKNC;D;20081210;000000;4.1;4.2;4.1;4.1;235600;974410
NKNC;D;20081211;000000;4.002;4.1;4.002;4.1;50100;205400.2
NKNC;D;20081212;000000;4.19;4.19;4;4.09;180700;740861.4
NKNC;D;20081215;000000;2.46;4.1;2.453;4.08;284500;922871.5
NKNC;D;20081216;000000;4.097;4.097;3.95;4.09;213300;859502
NKNC;D;20081217;000000;4.15;4.15;4.1;4.1;200000;824500
NKNC;D;20081218;000000;3.501;4.55;2.85;4.55;253600;903789
NKNC;D;20081219;000000;4.5;5.1;4.2;4.5;22200;101937.7
NKNC;D;20081222;000000;4.45;5;4.45;5;119800;540100
NKNC;D;20081223;000000;4.8;4.85;4.7;4.85;98200;471205
NKNC;D;20081224;000000;4.85;5;4.001;4.9;682000;3253838.1
NKNC;D;20081225;000000;4.85;5.1;4.8;5.1;66200;327295
NKNC;D;20081226;000000;5.05;5.3;5.05;5.3;71500;374790
NKNC;D;20081229;000000;5.2;5.2;5;5.05;22100;110625
NKNC;D;20081230;000000;5.2;5.2;5.05;5.05;4200;21510
NKNC;D;20081231;000000;5.01;5.1;5;5;3100;15701
NKNC;D;20090111;000000;5.2;5.2;5.2;5.2;1200;6240
NKNC;D;20090112;000000;5.2;5.3;5.2;5.3;51300;269890
NKNC;D;20090113;000000;5.3;5.3;5;5.1;5300;27450
NKNC;D;20090114;000000;5.3;5.4;5.1;5.1;27800;148390
NKNC;D;20090119;000000;5.5;5.5;5.4;5.4;101000;545500
NKNC;D;20090120;000000;5.6;5.6;5.6;5.6;100100;560560
NKNC;D;20090122;000000;5.55;5.55;5.5;5.5;200;1105
NKNC;D;20090123;000000;4.3;5.5;4.3;5.5;2500;13150
NKNC;D;20090126;000000;5;5;5;5;1900;9500
NKNC;D;20090127;000000;5.2;5.2;5.2;5.2;1000;5200
NKNC;D;20090129;000000;4.8;5;4.8;5;2400;11765.9
NKNC;D;20090202;000000;5.05;5.15;5.05;5.15;5800;29580
NKNC;D;20090204;000000;5.2;5.3;5.2;5.3;19900;104470
NKNC;D;20090206;000000;5.05;5.15;4.8;5.15;19400;98731.1
NKNC;D;20090209;000000;5.448;5.73;5.448;5.65;104000;586593.6
NKNC;D;20090210;000000;5.7;5.7;5.7;5.7;100;570
NKNC;D;20090212;000000;5.5;5.7;5.5;5.7;400;2220
NKNC;D;20090213;000000;5.7;5.7;5.55;5.55;200;1125
NKNC;D;20090216;000000;5.7;5.7;5.7;5.7;100;570
NKNC;D;20090218;000000;5.5;5.5;5.5;5.5;600;3300
NKNC;D;20090220;000000;5.5;5.5;5.5;5.5;200;1100
NKNC;D;20090224;000000;5.1;5.2;5.1;5.2;600;3090
NKNC;D;20090303;000000;5.4;5.4;5.4;5.4;1000;5400
NKNC;D;20090306;000000;5.5;5.5;5.5;5.5;100;550
NKNC;D;20090310;000000;5.499;5.499;5.499;5.499;100;549.9
NKNC;D;20090311;000000;5.2;5.2;5.2;5.2;2600;13520
NKNC;D;20090312;000000;5.1;5.1;5;5;2400;12030
NKNC;D;20090313;000000;5.499;5.499;5.499;5.499;100;549.9
NKNC;D;20090316;000000;5.499;5.499;5.499;5.499;5300;29144.7
NKNC;D;20090317;000000;5.399;5.4;5.399;5.4;5100;27539.9
NKNC;D;20090318;000000;5.3;5.4;5.3;5.4;700;3750
NKNC;D;20090319;000000;5.499;5.5;5.3;5.3;69200;376820.4
NKNC;D;20090320;000000;5.35;5.4;5.17;5.2;48000;253655
NKNC;D;20090323;000000;5.2;5.3;5.2;5.25;147300;771175
NKNC;D;20090324;000000;5.15;5.15;5.15;5.15;9200;47380
NKNC;D;20090325;000000;5.15;5.25;5.15;5.25;18400;95680
NKNC;D;20090326;000000;5.3;5.3;5.3;5.3;4100;21730
NKNC;D;20090327;000000;5.3;5.3;5.3;5.3;1024500;5429850
NKNC;D;20090330;000000;5.35;5.35;5.35;5.35;1000100;5350535
NKNC;D;20090331;000000;5.349;5.349;5.28;5.28;82100;434634.9
NKNC;D;20090401;000000;5.26;5.33;5.26;5.33;66700;353942
NKNC;D;20090402;000000;5.3;5.4;5.3;5.4;75300;402223.1
NKNC;D;20090403;000000;5.4;5.7;5.4;5.7;84300;468115
NKNC;D;20090406;000000;5.7;5.7;5.4;5.55;143400;796920.2
NKNC;D;20090407;000000;5.555;5.65;5.549;5.65;64700;361485.8
NKNC;D;20090409;000000;5.75;5.75;5.557;5.75;16200;91220
NKNC;D;20090410;000000;5.75;5.8;5.75;5.8;23400;134945
NKNC;D;20090413;000000;5.8;5.851;5.799;5.8;234900;1367020
NKNC;D;20090414;000000;5.79;5.88;5.79;5.83;162500;947244.4
NKNC;D;20090415;000000;5.83;5.85;5.83;5.85;60000;350400
NKNC;D;20090416;000000;5.89;6.84;5.88;6.555;210500;1351185
NKNC;D;20090417;000000;6.375;7;6.26;7;65700;445978.4
NKNC;D;20090420;000000;7;7.199;6.7;6.7;41700;291296.3
NKNC;D;20090421;000000;6.1;6.899;6.1;6.899;2400;14778.7
NKNC;D;20090422;000000;6.83;6.83;6.501;6.501;10900;73204.8
NKNC;D;20090423;000000;6.889;6.89;6.05;6.85;15600;106422.9
NKNC;D;20090424;000000;6.9;6.9;6.84;6.85;26900;184319
NKNC;D;20090427;000000;6.85;6.85;6.401;6.698;7700;50217.7
NKNC;D;20090428;000000;6.501;6.501;6.399;6.4;64100;416400
NKNC;D;20090429;000000;6.5;6.5;6.4;6.4;10600;68600
NKNC;D;20090430;000000;6.849;6.849;6.849;6.849;7300;49997.7
NKNC;D;20090504;000000;6.85;6.9;6.85;6.9;38200;262176
NKNC;D;20090505;000000;6.551;6.701;6.4;6.7;12100;78252.1
NKNC;D;20090506;000000;6.889;7.1;6.889;7.1;42000;292346.6
NKNC;D;20090507;000000;7.28;7.6;7.1;7.52;96600;721360.1
NKNC;D;20090508;000000;7.451;7.8;7.349;7.8;8400;62165
NKNC;D;20090512;000000;7.8;7.9;7.55;7.56;39100;302184.8
NKNC;D;20090513;000000;7.256;7.7;7.2;7.3;44600;323619.6
NKNC;D;20090514;000000;7.227;7.35;7.227;7.35;544100;3971705.9
NKNC;D;20090515;000000;7.49;7.603;7.49;7.49;579000;4343407.3
NKNC;D;20090518;000000;7.55;7.55;7.55;7.55;100;755
NKNC;D;20090519;000000;7.24;7.55;7.2;7.55;6500;47924.5
NKNC;D;20090520;000000;7.449;7.5;7.403;7.5;14000;104881.5
NKNC;D;20090521;000000;7.5;7.5;7.3;7.5;154800;1146823.2
NKNC;D;20090522;000000;7.429;7.534;7;7.53;35200;263612.1
NKNC;D;20090525;000000;7.13;7.45;7.1;7.45;1500;10906
NKNC;D;20090527;000000;7.448;7.448;7.415;7.421;800;5940.6
NKNC;D;20090528;000000;7.55;7.55;7.25;7.529;21800;160963.6
NKNC;D;20090529;000000;7.5;7.52;7.25;7.502;7600;56220.9
NKNC;D;20090601;000000;7.52;7.649;7.47;7.649;42500;321458
NKNC;D;20090602;000000;7.5;7.648;7.5;7.5;16800;126214.1
NKNC;D;20090603;000000;7.26;7.55;7.26;7.26;4400;32089
NKNC;D;20090604;000000;7.3;7.49;7.3;7.49;400;2977
NKNC;D;20090605;000000;7.6;8.44;7.43;7.7;128600;995142
NKNC;D;20090608;000000;7.53;7.9;7.53;7.9;16600;129947.3
NKNC;D;20090609;000000;7.7;7.8;7.7;7.8;5400;41890
NKNC;D;20090610;000000;7.701;7.701;7.6;7.601;18900;145073.7
NKNC;D;20090611;000000;7.6;7.899;7.6;7.6;1300;9970.2
NKNC;D;20090615;000000;7.56;7.9;7.55;7.9;45700;360197.7
NKNC;D;20090616;000000;7.86;8.1;7.86;8.1;83000;663822
NKNC;D;20090617;000000;7.861;7.861;7.5;7.5;3700;27822.6
NKNC;D;20090618;000000;7.5;7.74;7.301;7.7;3300;25358
NKNC;D;20090619;000000;7.5;7.5;7.5;7.5;4000;30000
NKNC;D;20090622;000000;7.5;7.5;6.305;6.7;110800;749271.6
NKNC;D;20090623;000000;6.1;7.099;6.001;6.15;101600;619585.2
NKNC;D;20090624;000000;6.698;6.7;6.3;6.5;91500;591233.9
NKNC;D;20090625;000000;6.45;6.5;6.38;6.38;16800;108462
NKNC;D;20090626;000000;6.3;6.3;6.15;6.15;40300;253125
NKNC;D;20090629;000000;6.38;6.5;6.25;6.5;11900;76005
NKNC;D;20090630;000000;6.39;6.45;6.125;6.125;12700;80592.5
NKNC;D;20090701;000000;6.45;6.5;6.202;6.5;13700;88665.6
NKNC;D;20090702;000000;6.45;6.55;6.45;6.55;51100;330590
NKNC;D;20090703;000000;6.201;6.45;6.2;6.45;6600;42320
NKNC;D;20090706;000000;6.4;6.4;6.022;6.04;5300;32044.4
NKNC;D;20090708;000000;5.8;5.8;5.601;5.601;500;2880.1
NKNC;D;20090709;000000;6.227;6.227;6.226;6.227;4100;25530.6
NKNC;D;20090710;000000;5.826;6.1;5;5.558;14800;77983.6
NKNC;D;20090713;000000;5.893;6.2;5.555;5.56;53300;314599.7
NKNC;D;20090714;000000;5.75;5.905;5.75;5.905;45500;261640.5
NKNC;D;20090716;000000;6.15;6.15;6.15;6.15;100;615
NKNC;D;20090717;000000;6.17;6.176;6.02;6.02;500;3056.2
NKNC;D;20090720;000000;6.093;6.19;5.505;5.505;1500;8787.7
NKNC;D;20090721;000000;5.61;6.27;5.35;6.27;19300;119611.3
NKNC;D;20090722;000000;6.2;6.2;5.299;6;8900;50208.5
NKNC;D;20090723;000000;6.21;6.27;6.007;6.25;147700;922798.1
NKNC;D;20090724;000000;6.38;6.5;6.206;6.5;16600;106266.2
NKNC;D;20090727;000000;6.4;6.85;6.35;6.8;1556100;10128324.1
NKNC;D;20090728;000000;6.9;7.036;6.65;6.9;1553600;10679923.2
NKNC;D;20090729;000000;6.9;7.5;6.9;7.5;17100;127148
NKNC;D;20090730;000000;7.45;7.7;7.001;7.5;23500;176503.5
NKNC;D;20090731;000000;7.5;7.505;5.5;7.5;59200;431554.2
NKNC;D;20090803;000000;7.5;7.831;7.5;7.83;47600;362344.2
NKNC;D;20090804;000000;7.572;7.66;7.55;7.66;1100;8374
NKNC;D;20090805;000000;7.975;7.975;7.975;7.975;300;2392.5
NKNC;D;20090807;000000;7.9;9.75;7.9;9.67;799500;7278561.2
NKNC;D;20090810;000000;9.976;9.976;9.45;9.45;281600;2675239.8
NKNC;D;20090811;000000;9.408;9.9;9.4;9.4;5100;48668.8
NKNC;D;20090812;000000;9.445;9.5;9.4;9.5;500;4714.7
NKNC;D;20090813;000000;9.5;9.5;9.5;9.5;100;950
NKNC;D;20090814;000000;9.46;9.592;9.4;9.4;14300;134460.9
NKNC;D;20090817;000000;9.35;9.505;9.35;9.505;305000;2867622.5
NKNC;D;20090818;000000;9.012;9.65;9;9.5;34900;332125.7
NKNC;D;20090819;000000;9.45;9.54;9.001;9.4;178800;1673421.5
NKNC;D;20090820;000000;9.5;9.7;9.5;9.651;76300;727625
NKNC;D;20090821;000000;9.65;10;9.65;10;70300;697342.8
NKNC;D;20090824;000000;10;10.005;7;9.5;67500;642703.6
NKNC;D;20090825;000000;9.6;9.6;9.5;9.6;45500;436439.9
NKNC;D;20090826;000000;9.6;10;9.5;9.5;38600;371927.9
NKNC;D;20090827;000000;9.5;9.55;9.498;9.5;21100;200454.4
NKNC;D;20090828;000000;9.6;9.6;9.6;9.6;45800;439680
NKNC;D;20090831;000000;9.6;9.6;9.6;9.6;100;960
NKNC;D;20090901;000000;9.6;9.6;9.5;9.5;3400;32408.6
NKNC;D;20090902;000000;9.6;9.88;9.5;9.5;8700;84010.8
NKNC;D;20090903;000000;9.6;9.6;9.5;9.5;23900;227295.9
NKNC;D;20090904;000000;9.59;9.59;9.5;9.5;11800;112109
NKNC;D;20090907;000000;9.65;9.65;9.65;9.65;32300;311695
NKNC;D;20090908;000000;9.985;9.985;9.5;9.6;10500;100315.1
NKNC;D;20090909;000000;9.95;9.95;9.684;9.887;300;2952.1
NKNC;D;20090910;000000;9.601;9.9;9.6;9.837;26400;255170.2
NKNC;D;20090911;000000;9.8;9.8;9.65;9.8;2200;21443.6
NKNC;D;20090914;000000;9.79;9.79;7.555;9.61;37700;338243
NKNC;D;20090915;000000;9.7;9.7;9.6;9.6;32100;310684
NKNC;D;20090916;000000;9.697;9.7;9.697;9.7;600;5819.3
NKNC;D;20090917;000000;9.7;9.7;9.6;9.6;31000;298036.1
NKNC;D;20090918;000000;9.7;10;9.699;9.8;250500;2473773.9
NKNC;D;20090921;000000;9.8;9.8;9.8;9.8;22100;216580
NKNC;D;20090922;000000;9.85;10.47;9.674;10.05;272500;2742883.6
NKNC;D;20090923;000000;9.9;10.98;9.8;10.681;267000;2813939.8
NKNC;D;20090924;000000;10.501;13.4;10.501;11.001;259500;2951702.9
NKNC;D;20090925;000000;11.007;11.249;11.007;11.049;11700;130505.8
NKNC;D;20090928;000000;11;11.48;11;11.356;172700;1954922.7
NKNC;D;20090929;000000;11.46;11.464;11.2;11.464;29100;331741.2
NKNC;D;20090930;000000;11.4;11.498;11.3;11.498;10400;118730.2
NKNC;D;20091001;000000;11.498;11.498;11.1;11.1;3900;43673.1
NKNC;D;20091002;000000;11.016;11.211;10.01;11.08;47100;513323.4
NKNC;D;20091005;000000;11.08;11.987;10.143;11.1;313900;3613443.1
NKNC;D;20091006;000000;12.569;12.569;11.247;11.667;347100;3991366.2
NKNC;D;20091007;000000;12.9;14.404;11.803;12.038;50500;601134.1
NKNC;D;20091008;000000;12.599;12.599;11.513;12.5;204400;2473119
NKNC;D;20091009;000000;13.5;13.998;12.4;12.939;59600;774922.2
NKNC;D;20091012;000000;12.426;13.6;12.4;13.595;296200;3815098.2
NKNC;D;20091013;000000;13.978;13.978;13.275;13.612;4300;58081.7
NKNC;D;20091014;000000;13.6;14.41;13.6;14.39;88300;1234991.4
NKNC;D;20091015;000000;14.049;15.999;13.75;14.356;359000;5591602.6
NKNC;D;20091016;000000;15.099;15.099;14.304;14.304;20800;303320.1
NKNC;D;20091019;000000;14.5;14.7;14.5;14.5;11700;171269.5
NKNC;D;20091020;000000;14.5;14.7;14.2;14.4;114200;1651088.2
NKNC;D;20091021;000000;14.599;14.605;14.3;14.3;61700;899276
NKNC;D;20091022;000000;13.599;13.9;13.302;13.9;10200;136266
NKNC;D;20091023;000000;14.497;14.5;13.45;14.168;28200;403711.1
NKNC;D;20091026;000000;13.544;13.999;13.502;13.882;11600;159977.7
NKNC;D;20091027;000000;14.298;14.315;13.062;13.85;65700;893472
NKNC;D;20091028;000000;13.157;13.157;12.597;12.597;52300;681773.2
NKNC;D;20091029;000000;12.211;13.792;11.505;12.999;15300;190068
NKNC;D;20091030;000000;12.301;12.941;12.3;12.941;2800;35240.5
NKNC;D;20091102;000000;11.842;13;11.842;12.779;9800;119230.4
NKNC;D;20091103;000000;12.218;12.4;12.1;12.2;16300;198845.8
NKNC;D;20091105;000000;12.2;12.999;12.2;12.999;8500;105803.2
NKNC;D;20091106;000000;12.999;13;12.999;13;1600;20799
NKNC;D;20091109;000000;13;13.795;13;13.5;66600;892118.4
NKNC;D;20091110;000000;13.086;13.55;12.012;13.55;32200;428245.5
NKNC;D;20091111;000000;12.754;13.138;12.753;13.138;2200;28287.8
NKNC;D;20091112;000000;13.215;13.215;13.075;13.137;2500;32808.2
NKNC;D;20091113;000000;13.132;13.132;12.8;13.12;3300;43031.2
NKNC;D;20091116;000000;12.801;13.25;12.754;13.249;130300;1696572.1
NKNC;D;20091117;000000;13.249;13.8;13.249;13.4;161500;2196187.3
NKNC;D;20091118;000000;13.501;13.7;13.4;13.4;61100;820002.3
NKNC;D;20091119;000000;13.4;13.5;13.2;13.338;199800;2648530.2
NKNC;D;20091120;000000;13.42;13.42;13.3;13.3;231800;3109970
NKNC;D;20091123;000000;13.428;13.428;13.24;13.24;400;5318.9
NKNC;D;20091124;000000;12.81;13.401;12.699;12.9;58800;747487.8
NKNC;D;20091125;000000;13.271;13.271;12.814;12.814;1300;16816.2
NKNC;D;20091126;000000;12.74;13.175;12.5;12.7;7400;94035.8
NKNC;D;20091127;000000;12.725;13.4;12.725;13.4;35800;461751.7
NKNC;D;20091130;000000;13.33;13.46;13.3;13.46;113900;1532184.5
NKNC;D;20091201;000000;13.041;13.45;13.041;13.327;5900;79147.9
NKNC;D;20091202;000000;13.4;13.45;13.139;13.25;11900;158007.5
NKNC;D;20091203;000000;13.1;13.1;13.1;13.1;2000;26200
NKNC;D;20091204;000000;12.95;13.549;12.95;13.37;31300;421573.3
NKNC;D;20091207;000000;13;13.15;13;13.1;111000;1452585
NKNC;D;20091209;000000;13.29;13.35;13.1;13.1;10500;138176.3
NKNC;D;20091210;000000;13.188;13.2;13.099;13.2;54300;715088.5
NKNC;D;20091211;000000;13.3;13.45;13.2;13.45;909000;12088579.8
NKNC;D;20091214;000000;13.25;13.449;13.2;13.25;11000;145485.5
NKNC;D;20091215;000000;13.253;13.45;13.25;13.45;21400;287410.2
NKNC;D;20091216;000000;13.5;13.5;13.5;13.5;10100;136350
NKNC;D;20091217;000000;13.549;13.555;13.549;13.555;15300;207316.9
NKNC;D;20091218;000000;13.323;13.55;13.323;13.55;13800;186896.2
NKNC;D;20091221;000000;13.55;14;13.5;14;149000;2056960.9
NKNC;D;20091222;000000;14.099;14.1;13.85;13.85;28100;393610
NKNC;D;20091223;000000;13.863;13.95;13.724;13.95;81000;1121959.2
NKNC;D;20091224;000000;14.08;14.1;13.701;13.84;6800;94168.9
NKNC;D;20091225;000000;13.751;13.85;13.7;13.85;7600;104815
NKNC;D;20091228;000000;14.1;14.1;14.092;14.1;18600;262258.1
NKNC;D;20091229;000000;13.801;14.35;13.801;14.35;49400;701657.8
NKNC;D;20091230;000000;14.162;14.4;14.162;14.3;2700;38657.1
NKNC;D;20100111;000000;13.901;15;13.9;15;203500;2972038.8
NKNC;D;20100112;000000;14.999;16.4;14.99;16.4;39400;595219
NKNC;D;20100113;000000;16;17.5;16;17.5;302500;5220811.8
NKNC;D;20100114;000000;17.526;17.526;16.523;17.252;3500;59780.1
NKNC;D;20100115;000000;17.251;17.252;16.501;16.501;55400;955384.7
NKNC;D;20100118;000000;16.683;16.694;16.01;16.06;4400;72453
NKNC;D;20100119;000000;16.01;17.498;16;17.2;60700;1029897.3
NKNC;D;20100120;000000;16.55;18;16.55;17.001;102000;1796995.7
NKNC;D;20100122;000000;16.5;17;14;17;9600;148112.8
NKNC;D;20100125;000000;16.25;17.25;16.25;17;15100;254852.1
NKNC;D;20100126;000000;16.525;16.8;16;16.8;1700;27702.1
NKNC;D;20100127;000000;17;17;16.899;17;13800;234249.6
NKNC;D;20100128;000000;17;17.069;16.99;17;27200;462399.4
NKNC;D;20100129;000000;16.016;17;16.016;17;22400;379252.7
NKNC;D;20100201;000000;17.05;17.1;16.005;17.1;27000;460649.8
NKNC;D;20100202;000000;17.1;17.1;16.249;17.1;15400;258147.5
NKNC;D;20100203;000000;16.881;17.03;16.881;17;400;6791.1
NKNC;D;20100204;000000;16.95;16.95;16.4;16.4;2300;37939.9
NKNC;D;20100205;000000;16.385;16.385;15;16;29400;470868.2
NKNC;D;20100208;000000;16.5;16.5;16.222;16.25;236800;3854530.2
NKNC;D;20100209;000000;16.5;16.5;16.5;16.5;207800;3428700
NKNC;D;20100210;000000;16.385;16.385;16.385;16.385;300;4915.5
NKNC;D;20100211;000000;16;16.2;15.999;16.2;40400;650539.8
NKNC;D;20100212;000000;16.236;16.499;15.8;16.466;23500;383982.3
NKNC;D;20100215;000000;16;16.3;16;16.225;6900;111632.4
NKNC;D;20100216;000000;16;16;15.85;15.999;36700;587109.8
NKNC;D;20100217;000000;15.772;15.999;15.772;15.999;2900;46373.2
NKNC;D;20100218;000000;16.19;16.347;16;16.347;26100;417746.1
NKNC;D;20100219;000000;15.999;16;15.999;16;25700;411199.3
NKNC;D;20100224;000000;15.79;17.25;15.79;17.25;961600;15850549.8
NKNC;D;20100225;000000;16.75;17;16.5;17;16100;269950
NKNC;D;20100226;000000;16.071;16.5;15.501;16.5;9600;152133.1
NKNC;D;20100227;000000;16.5;16.6;16.5;16.6;28000;462214
NKNC;D;20100301;000000;16.51;16.9;16.5;16.9;33900;567261
NKNC;D;20100302;000000;16.774;16.798;16.5;16.65;25100;417006.9
NKNC;D;20100303;000000;16.355;17.3;16;16.66;217100;3649714.9
NKNC;D;20100304;000000;16.974;17;16.638;16.997;1900;32241
NKNC;D;20100305;000000;16.8;17;16.8;16.9;10600;179828.8
NKNC;D;20100309;000000;17;17;16.351;16.351;24400;403220.5
NKNC;D;20100310;000000;16.549;17;16.1;16.401;30200;501701.9
NKNC;D;20100311;000000;16.69;16.8;16.5;16.8;13100;218703.2
NKNC;D;20100312;000000;16.001;16.77;16;16.555;7900;127539.1
NKNC;D;20100315;000000;16.6;16.789;16.41;16.7;22700;378729.8
NKNC;D;20100316;000000;15.703;16.596;15.703;16.595;3700;60408
NKNC;D;20100317;000000;16.191;16.672;15.877;16.4;9900;162443.1
NKNC;D;20100318;000000;16.554;16.75;16.2;16.75;33800;563108.4
NKNC;D;20100319;000000;16.7;17.15;16.7;16.999;103400;1758939.9
NKNC;D;20100322;000000;16.325;17;16.325;16.6;13300;223316.1
NKNC;D;20100323;000000;16.95;16.95;16.95;16.95;100;1695
NKNC;D;20100324;000000;16.327;16.963;16.327;16.961;1900;32038.3
NKNC;D;20100325;000000;16.333;16.767;16.333;16.767;500;8333.5
NKNC;D;20100326;000000;16.703;16.791;16.703;16.791;1100;18382.1
NKNC;D;20100329;000000;16.56;16.7;16.265;16.421;86100;1409194.1
NKNC;D;20100330;000000;16.267;16.449;16.15;16.35;20900;341982.2
NKNC;D;20100331;000000;16.21;16.8;16.21;16.8;134200;2244329.7
NKNC;D;20100401;000000;16.302;16.471;16.3;16.471;4500;73864
NKNC;D;20100402;000000;16.5;16.8;16.055;16.289;247200;4118810
NKNC;D;20100405;000000;16.128;16.65;16.006;16.65;40700;670111.3
NKNC;D;20100406;000000;16.611;16.611;16;16.607;17300;283353.1
NKNC;D;20100407;000000;16.44;16.45;16.1;16.29;20400;333243.5
NKNC;D;20100408;000000;16.3;16.3;16.3;16.3;14700;239610
NKNC;D;20100409;000000;16;16.3;16;16.053;13400;217061.4
NKNC;D;20100412;000000;16;16.25;15.95;16.25;5500;88552.6
NKNC;D;20100413;000000;16.2;16.29;16;16;4400;70717.6
NKNC;D;20100414;000000;16.01;16.229;16.001;16.22;5700;92247.1
NKNC;D;20100415;000000;16;16.25;16;16.2;62500;1001040.7
NKNC;D;20100416;000000;16.25;16.755;15.817;16.449;797900;13312024.5
NKNC;D;20100419;000000;16.449;16.45;15.9;16;62600;1002352.1
NKNC;D;20100420;000000;16.099;16.2;16.027;16.13;328000;5287052.2
NKNC;D;20100421;000000;16.18;16.18;15.915;16.099;10900;175384.8
NKNC;D;20100422;000000;16.1;16.16;16.09;16.09;20400;328364
NKNC;D;20100423;000000;16;16.299;16;16.25;8500;136921
NKNC;D;20100426;000000;15.904;16.35;15.904;16.3;14200;231645.3
NKNC;D;20100427;000000;16.11;16.11;15.901;15.901;1200;19109.4
NKNC;D;20100428;000000;15.511;16.187;14.113;15.6;295300;4606785.4
NKNC;D;20100429;000000;15.793;15.793;15.5;15.699;26600;415842.8
NKNC;D;20100430;000000;15.501;15.501;15.501;15.501;2900;44952.9
NKNC;D;20100504;000000;15.5;15.5;15;15;10100;153852.6
NKNC;D;20100505;000000;14.901;15.031;14.152;15.031;31000;455585.5
NKNC;D;20100506;000000;14.501;15.749;14.5;15.1;10600;159947.8
NKNC;D;20100507;000000;14.302;14.831;14.106;14.106;1600;23205.6
NKNC;D;20100511;000000;14.5;14.992;14.5;14.9;1100;16430.6
NKNC;D;20100512;000000;14.974;15.257;14.974;15.25;51900;787297.6
NKNC;D;20100513;000000;15.35;15.55;15.35;15.55;32600;503690
NKNC;D;20100514;000000;15.064;15.064;15;15;600;9007
NKNC;D;20100517;000000;14.7;15;14.7;15;800;11969.8
NKNC;D;20100519;000000;15.51;15.6;15.1;15.1;1500;22945.9
NKNC;D;20100520;000000;15.1;15.2;14.668;14.668;15500;234919.9
NKNC;D;20100521;000000;15.26;15.311;13.175;15.3;11000;150541.2
NKNC;D;20100524;000000;15.399;15.4;14.501;15.367;500;7516.8
NKNC;D;20100525;000000;15.413;15.413;15.349;15.349;200;3076.2
NKNC;D;20100527;000000;14.6;14.702;14.3;14.3;9900;143563
NKNC;D;20100528;000000;15.286;17.8;14.306;15.65;84400;1365381.4
NKNC;D;20100531;000000;15.55;15.55;14.99;15.25;12200;186450.5
NKNC;D;20100601;000000;15.39;15.4;11.111;14.56;99300;1344121.9
NKNC;D;20100602;000000;14.5;14.548;13.248;14.3;10500;145765.6
NKNC;D;20100603;000000;14.45;14.504;14.045;14.504;573700;8082179
NKNC;D;20100604;000000;14.646;14.65;14.36;14.4;30900;450043.3
NKNC;D;20100607;000000;14.001;15;13.3;15;38900;549026.9
NKNC;D;20100608;000000;14.55;14.55;14.4;14.4;7900;114446.7
NKNC;D;20100609;000000;14.2;14.65;14.2;14.65;30200;439654.8
NKNC;D;20100610;000000;14.66;14.75;14.522;14.75;4700;69235.2
NKNC;D;20100611;000000;14.75;14.75;14.52;14.52;5900;86799.4
NKNC;D;20100615;000000;14.6;15;14.6;14.8;35200;519268.1
NKNC;D;20100616;000000;14.546;15.1;14.5;15;29800;445551.6
NKNC;D;20100617;000000;14.95;14.95;14.8;14.8;7100;105830.6
NKNC;D;20100621;000000;14.95;15.2;14.95;15.2;17100;257168.9
NKNC;D;20100622;000000;14.5;14.999;14.5;14.999;160500;2334342.3
NKNC;D;20100623;000000;14.738;14.738;14.5;14.5;4800;69916.1
NKNC;D;20100624;000000;14.773;14.999;14;14.75;21600;310904.7
NKNC;D;20100628;000000;14.251;14.6;14.251;14.6;200;2885.1
NKNC;D;20100629;000000;14.75;14.75;14.15;14.15;42100;604187.9
NKNC;D;20100630;000000;14.5;15;14;15;61400;885350
NKNC;D;20100706;000000;14.95;14.95;14.95;14.95;4500;67275
NKNC;D;20100707;000000;14.95;14.95;14.1;14.499;26100;378010.7
NKNC;D;20100708;000000;14.9;14.9;14.9;14.9;100;1490
NKNC;D;20100712;000000;14.929;14.929;14.929;14.929;100;1492.9
NKNC;D;20100713;000000;14.8;14.8;14.8;14.8;1400;20720
NKNC;D;20100714;000000;14.4;14.4;14.251;14.251;6300;90675.3
NKNC;D;20100715;000000;14.4;14.4;14.257;14.257;2100;30225.7
NKNC;D;20100716;000000;14.1;14.1;14;14;4400;61930
NKNC;D;20100719;000000;13.802;14.145;13.8;14.145;4100;56758.9
NKNC;D;20100720;000000;14.395;14.395;14.395;14.395;500;7197.5
NKNC;D;20100722;000000;14.4;14.4;14.257;14.396;500;7156.9
NKNC;D;20100723;000000;14.14;14.14;13.75;14;900;12506
NKNC;D;20100726;000000;14;14.075;14;14.075;6600;92825
NKNC;D;20100727;000000;14.145;14.26;14.117;14.117;1100;15659.3
NKNC;D;20100728;000000;14.1;14.1;14.1;14.1;7100;100110
NKNC;D;20100729;000000;13.8;14.1;13.5;14;45300;621224.9
NKNC;D;20100730;000000;14;14.195;13.5;14.117;32400;452032.5
NKNC;D;20100802;000000;13.977;14.258;13.977;14.2;39400;556710
NKNC;D;20100803;000000;14.117;14.117;13.792;13.999;1000;13925.8
NKNC;D;20100804;000000;13.846;13.997;13.651;13.832;17800;244458.2
NKNC;D;20100805;000000;13.977;14;13.977;13.999;871800;12196561.6
NKNC;D;20100809;000000;14;14.1;13.711;13.977;7500;104274.7
NKNC;D;20100810;000000;14.092;14.3;14.092;14.3;187100;2669009.5
NKNC;D;20100811;000000;14.117;14.2;14;14.2;14700;207672
NKNC;D;20100812;000000;14.15;14.3;14;14.3;56800;805619.8
NKNC;D;20100813;000000;14.4;14.4;14.399;14.4;38700;557277
NKNC;D;20100816;000000;14.544;14.7;14.511;14.536;2300;33579.1
NKNC;D;20100817;000000;14.6;15.1;14.6;15;40600;608589
NKNC;D;20100818;000000;15;15;15;15;500;7500
NKNC;D;20100819;000000;14.91;15.2;14.91;15.2;21000;317387.5
NKNC;D;20100820;000000;15.2;15.65;15.2;15.49;61600;948001.8
NKNC;D;20100823;000000;15.55;15.6;15.373;15.373;16600;258437.3
NKNC;D;20100824;000000;14.927;14.927;14.899;14.899;2500;37264.3
NKNC;D;20100825;000000;15.1;15.2;15.1;15.2;200;3030
NKNC;D;20100827;000000;14.999;15;14.999;15;700;10499.4
NKNC;D;20100830;000000;16;16;15.685;15.685;1500;23624
NKNC;D;20100831;000000;15.529;15.7;15;15.7;79900;1250777.9
NKNC;D;20100901;000000;15.3;15.45;15.3;15.45;500;7700
NKNC;D;20100902;000000;15.3;16.3;15.3;16.004;247400;3786478.5
NKNC;D;20100903;000000;16;16;15.69;15.69;7300;116599.3
NKNC;D;20100906;000000;16.004;16.68;16.004;16.211;21900;360788.1
NKNC;D;20100907;000000;16.95;16.95;16.541;16.8;611100;10267684.9
NKNC;D;20100908;000000;16.99;16.99;16.7;16.7;15200;254657.6
NKNC;D;20100909;000000;16.71;16.89;16.7;16.72;9100;152500.1
NKNC;D;20100910;000000;16.88;16.95;16.75;16.9;77100;1298849.3
NKNC;D;20100913;000000;16.9;16.906;16.723;16.723;47400;801088.1
NKNC;D;20100914;000000;16.8;16.8;16.75;16.753;39700;665888.9
NKNC;D;20100915;000000;16.75;16.999;16.676;16.79;131500;2197384.3
NKNC;D;20100916;000000;16.765;16.765;16.5;16.75;11300;188618.4
NKNC;D;20100917;000000;16.301;16.698;15.739;16.31;486100;7889418.5
NKNC;D;20100920;000000;16.4;16.55;16.31;16.55;3000;49531.8
NKNC;D;20100921;000000;16.557;16.71;16.31;16.41;35700;586671.6
NKNC;D;20100922;000000;16.706;16.75;16.557;16.74;34500;577667.6
NKNC;D;20100923;000000;16.56;16.56;16.252;16.555;2900;47959
NKNC;D;20100924;000000;16.65;17.001;16.65;16.9;300600;5097438.3
NKNC;D;20100927;000000;16.9;16.95;16.89;16.9;129500;2193237
NKNC;D;20100928;000000;16.95;16.95;16.85;16.9;156300;2649245
NKNC;D;20100929;000000;16.9;16.9;16.9;16.9;5000;84500
NKNC;D;20100930;000000;16.9;16.9;16.724;16.724;5100;86172.4
NKNC;D;20101001;000000;16.52;16.52;16.1;16.1;4000;64608
NKNC;D;20101004;000000;16.83;16.83;16.5;16.5;25700;425193.4
NKNC;D;20101005;000000;16.7;16.779;16.5;16.7;146200;2440019.2
NKNC;D;20101006;000000;16.8;16.8;16.501;16.501;2600;43275.6
NKNC;D;20101008;000000;16.555;16.555;16.555;16.555;3300;54631.5
NKNC;D;20101011;000000;16.75;16.75;16.5;16.5;46100;761665.7
NKNC;D;20101012;000000;16.415;16.684;16.2;16.5;5100;84053.4
NKNC;D;20101013;000000;16.56;16.7;16.56;16.7;28600;474701
NKNC;D;20101014;000000;16.67;16.67;16.67;16.67;1000;16670
NKNC;D;20101015;000000;16.7;16.7;16.5;16.5;16800;277242.2
NKNC;D;20101018;000000;16.699;16.699;16.5;16.501;26500;439333.2
NKNC;D;20101019;000000;16.5;16.5;16.5;16.5;4000;66000
NKNC;D;20101020;000000;16.406;16.5;16.406;16.5;27600;454918.7
NKNC;D;20101021;000000;16.5;16.5;16.5;16.5;24100;397650
NKNC;D;20101022;000000;16.401;16.7;16.401;16.5;19000;314267.2
NKNC;D;20101025;000000;16.211;16.891;16;16.559;57500;953127.7
NKNC;D;20101026;000000;16.395;16.8;16.395;16.8;15500;256932.4
NKNC;D;20101027;000000;16.5;16.6;16.5;16.5;51600;851549.5
NKNC;D;20101028;000000;16.5;16.5;16.5;16.5;1100;18150
NKNC;D;20101029;000000;16.395;16.7;16.39;16.7;93600;1539474.2
NKNC;D;20101101;000000;16.55;16.9;16.5;16.75;179300;2978052.4
NKNC;D;20101102;000000;16.8;16.8;16.799;16.8;93000;1562399.9
NKNC;D;20101103;000000;16.85;16.85;16.631;16.85;46100;773783
NKNC;D;20101108;000000;16.9;17.1;16.7;17.049;261200;4431625
NKNC;D;20101109;000000;16.9;17.9;16.9;17.5;166900;2876111.7
NKNC;D;20101110;000000;17.5;17.84;17.1;17.3;39300;681602.4
NKNC;D;20101111;000000;17.35;17.68;17.1;17.1;66400;1159736.2
NKNC;D;20101112;000000;16.851;17.75;16.8;17.219;17700;310438.1
NKNC;D;20101113;000000;17.2;17.595;16.819;17.45;1404100;24430911.4
NKNC;D;20101115;000000;17.643;18;17.499;18;49800;884711.5
NKNC;D;20101116;000000;18.3;18.5;18.2;18.449;61300;1119850.4
NKNC;D;20101117;000000;18.65;19.998;18.5;19.998;569700;11098148.8
NKNC;D;20101118;000000;20.81;22.451;19.722;22.31;252700;5495192.4
NKNC;D;20101119;000000;22;24.355;21.25;23.688;119600;2723989.6
NKNC;D;20101122;000000;23.595;25;23.5;24.2;75900;1841437.2
NKNC;D;20101123;000000;24.396;24.396;22.799;23.239;70600;1631818.3
NKNC;D;20101124;000000;23.836;23.836;22.9;23.432;65700;1515163.9
NKNC;D;20101125;000000;23.837;24.377;23;23.59;72200;1717944.9
NKNC;D;20101126;000000;23.603;23.603;23.01;23.454;5800;135426.3
NKNC;D;20101129;000000;23.603;23.999;23.1;23.4;82200;1917163.7
NKNC;D;20101130;000000;23.84;23.84;23.001;23.001;19200;443291.3
NKNC;D;20101201;000000;23.37;23.37;23.001;23.348;12900;299012.5
NKNC;D;20101202;000000;23.348;23.8;23.011;23.25;10700;252109.5
NKNC;D;20101203;000000;23.365;23.365;23.002;23.25;135800;3154750.7
NKNC;D;20101206;000000;23.603;23.887;23.45;23.649;139700;3279315.3
NKNC;D;20101207;000000;23.2;24.4;23.2;23.7;50800;1209319.8
NKNC;D;20101208;000000;23.75;23.8;23.201;23.201;44700;1051090.8
NKNC;D;20101209;000000;22.969;24;22.969;23.602;24000;566675.4
NKNC;D;20101210;000000;24;24;23.613;23.8;7500;178573
NKNC;D;20101213;000000;23.85;23.988;22.13;23.79;49500;1160903.4
NKNC;D;20101214;000000;23.201;23.788;23;23.49;41300;965410.4
NKNC;D;20101215;000000;23.604;23.604;23;23;54200;1248187.7
NKNC;D;20101216;000000;22.688;22.99;21.9;22.63;43400;965601.1
NKNC;D;20101217;000000;22.688;22.8;20;22.797;57200;1229049.4
NKNC;D;20101220;000000;22.797;22.797;21.9;22;38100;840119
NKNC;D;20101221;000000;22;22.097;21.6;21.989;20200;442244.8
NKNC;D;20101222;000000;22.096;22.2;21.901;22.2;45900;1013414.9
NKNC;D;20101223;000000;22.001;22.995;22.001;22.872;46900;1048418.4
NKNC;D;20101224;000000;22.811;23.5;22.42;23;169400;3870018.9
NKNC;D;20101227;000000;22.918;23.9;22.363;22.995;71700;1638062.9
NKNC;D;20101228;000000;22.919;23;22.349;22.7;29900;683774.7
NKNC;D;20101229;000000;22.953;22.99;22.5;22.5;34800;784896
NKNC;D;20101230;000000;22.953;23;22.953;23;51100;1175006.5
NKNC;D;20110111;000000;23;24;22.5;23.989;102100;2394202.2
NKNC;D;20110112;000000;24.25;24.25;23.511;23.77;32900;785335.9
NKNC;D;20110113;000000;23.87;23.98;23.772;23.773;75000;1789543.3
NKNC;D;20110114;000000;23.9;23.9;23.502;23.502;5700;135786
NKNC;D;20110117;000000;23.69;23.7;22;23.554;62900;1461216.9
NKNC;D;20110118;000000;23.221;24.248;23.02;23.61;120800;2858080.3
NKNC;D;20110119;000000;23.949;23.97;23.536;23.945;22100;528177.7
NKNC;D;20110120;000000;23.9;24.399;23.014;24.1;354100;8526191.5
NKNC;D;20110121;000000;24;24.2;23.6;23.886;56000;1341387.7
NKNC;D;20110124;000000;23.985;24.1;22.3;22.79;240400;5564807.7
NKNC;D;20110125;000000;22.555;23.388;22.555;22.998;132400;3045110.4
NKNC;D;20110126;000000;22.995;23;22.61;22.838;440100;10082082.6
NKNC;D;20110127;000000;22.991;23.148;22.4;22.75;281300;6382452.7
NKNC;D;20110128;000000;22.85;23;22.5;22.751;153200;3497982
NKNC;D;20110131;000000;22.5;23;22.5;22.85;739400;16901959.9
NKNC;D;20110201;000000;22.9;23.199;22.75;23;624400;14368425.1
NKNC;D;20110202;000000;23.2;23.4;22.652;22.8;263300;6039229.4
NKNC;D;20110203;000000;22.95;23;22.504;22.504;288100;6617999.8
NKNC;D;20110204;000000;22.6;22.795;22.2;22.4;102700;2319941.8
NKNC;D;20110207;000000;22.695;22.695;22.32;22.5;128000;2872869.3
NKNC;D;20110208;000000;22.5;22.681;22.32;22.5;28600;640393.7
NKNC;D;20110209;000000;22.323;22.61;22.32;22.499;47900;1074223.3
NKNC;D;20110210;000000;22.4;22.499;22.322;22.352;49700;1113281.2
NKNC;D;20110211;000000;22.418;22.583;22.35;22.56;14000;315079.9
NKNC;D;20110214;000000;22.75;22.75;22.411;22.411;24500;552189.9
NKNC;D;20110215;000000;22.5;22.525;22.419;22.525;53200;1196755.3
NKNC;D;20110216;000000;22.41;22.56;21.9;22.256;134700;2993288.9
NKNC;D;20110217;000000;22.2;22.4;22.2;22.36;27300;611170.6
NKNC;D;20110218;000000;22.4;22.4;21.95;22.369;75200;1677069.3
NKNC;D;20110221;000000;21.933;22.695;21.9;22.599;136500;3054523.3
NKNC;D;20110222;000000;22.555;23.5;22.123;23.25;198300;4545497.3
NKNC;D;20110224;000000;23;23.5;22.315;23.298;117400;2723355.7
NKNC;D;20110225;000000;23.299;23.299;22.81;23.2;528300;12056011.7
NKNC;D;20110228;000000;21.501;22.876;20.9;22.84;250800;5521576.9
NKNC;D;20110301;000000;21.805;22.793;21.502;22.598;82400;1849769.9
NKNC;D;20110302;000000;22.96;24.9;22.012;22.791;656100;16264722.6
NKNC;D;20110303;000000;21.605;23.21;21.605;23.189;104000;2402688.9
NKNC;D;20110304;000000;23.21;23.21;22.5;22.7;24400;551669.1
NKNC;D;20110305;000000;22.301;22.8;22.228;22.775;9000;200959.4
NKNC;D;20110309;000000;21.66;22.697;21.66;22.399;78200;1745456.9
NKNC;D;20110310;000000;22.16;22.374;21.955;22.374;56400;1242393.7
NKNC;D;20110311;000000;22.48;22.5;21.5;21.949;22900;498678.2
NKNC;D;20110314;000000;22;22.997;22;22.251;7000;157549.8
NKNC;D;20110315;000000;22.25;22.423;21.116;21.982;52500;1137461.9
NKNC;D;20110316;000000;22.399;23.199;21.2;21.98;94400;2048830.1
NKNC;D;20110317;000000;21.6;21.999;21.4;21.999;14500;316944.1
NKNC;D;20110318;000000;21.301;22.93;21.301;22.93;26700;587258.1
NKNC;D;20110321;000000;22.222;22.256;21.95;22.2;44600;989074.6
NKNC;D;20110322;000000;21.899;21.9;21.74;21.78;22800;497332.5
NKNC;D;20110323;000000;21.79;21.79;21.03;21.539;25900;555732.5
NKNC;D;20110324;000000;21.676;21.677;21.3;21.659;49200;1054148.9
NKNC;D;20110325;000000;21.766;21.785;21.321;21.655;14700;316888.3
NKNC;D;20110328;000000;21.398;21.749;21.3;21.506;39000;840442.7
NKNC;D;20110329;000000;21.158;21.7;21.156;21.551;21200;458986.2
NKNC;D;20110330;000000;21.749;21.75;21.606;21.7;34200;741626.3
NKNC;D;20110331;000000;21.303;21.75;21.231;21.605;37700;814703.1
NKNC;D;20110401;000000;21.5;21.75;21.17;21.75;44600;961221.2
NKNC;D;20110404;000000;21.5;21.747;21;21.501;34600;739088.9
NKNC;D;20110405;000000;21.699;21.8;21.206;21.8;146200;3149738.5
NKNC;D;20110406;000000;21.909;21.909;21.733;21.789;29600;643784.9
NKNC;D;20110407;000000;21.604;21.796;21.604;21.793;31500;682423.4
NKNC;D;20110408;000000;21.6;22;21.6;21.999;651800;14267392.1
NKNC;D;20110411;000000;21.9;21.9;21.127;21.75;263200;5725328.1
NKNC;D;20110412;000000;21.99;21.99;21.35;21.7;581000;12687208.3
NKNC;D;20110413;000000;21.71;21.839;21.65;21.8;131800;2862911.1
NKNC;D;20110414;000000;21.7;21.7;21.7;21.7;4300;93310
NKNC;D;20110415;000000;21.6;21.875;21.6;21.873;28900;630073.2
NKNC;D;20110418;000000;21.522;21.6;20.004;20.888;42800;901075.1
NKNC;D;20110419;000000;19.366;20.994;19;20.898;14100;291235.6
NKNC;D;20110420;000000;21.49;21.6;21.25;21.6;84700;1821721.5
NKNC;D;20110421;000000;21.136;21.898;21.136;21.55;482200;10196526
NKNC;D;20110422;000000;21.898;21.898;21.001;21.298;11900;258596.9
NKNC;D;20110425;000000;21.55;21.85;21.38;21.85;48600;1041436.7
NKNC;D;20110426;000000;21.382;22;21.38;21.9;172200;3778417.3
NKNC;D;20110427;000000;21.95;21.99;21.39;21.666;234100;5073263
NKNC;D;20110428;000000;21.383;21.4;20;21.335;51900;1089834.7
NKNC;D;20110429;000000;21.339;21.4;21.1;21.4;83100;1762592.5
NKNC;D;20110503;000000;21.401;22;21.4;21.707;498200;10880100.6
NKNC;D;20110504;000000;21.919;22.35;21.726;22.345;669400;14868841.1
NKNC;D;20110505;000000;22.344;22.35;21.815;22.14;249500;5532648.3
NKNC;D;20110506;000000;22.05;22.998;21.599;22.7;776500;17592448
NKNC;D;20110510;000000;22.523;22.9;22.523;22.75;260700;5932585.4
NKNC;D;20110511;000000;22.895;22.895;22.611;22.7;55100;1251339.6
NKNC;D;20110512;000000;22.66;22.85;22.45;22.85;400100;9037182.2
NKNC;D;20110513;000000;22.894;23.57;22.894;23.449;804600;18590592
NKNC;D;20110516;000000;23.935;24.25;23.8;24.1;912800;21980821.5
NKNC;D;20110517;000000;24.495;24.495;23.8;24;168600;4045371.4
NKNC;D;20110518;000000;24.1;24.75;24.057;24.122;231800;5640066
NKNC;D;20110519;000000;23.542;24.749;23.542;24.749;512700;12505961.9
NKNC;D;20110520;000000;24.749;25.999;24.445;25.965;396200;10011444.3
NKNC;D;20110523;000000;25.505;25.651;24.05;24.39;58700;1451779.2
NKNC;D;20110524;000000;24.795;25;24.042;25;150000;3727351.2
NKNC;D;20110525;000000;24.601;25.5;24.601;25.32;215300;5401549
NKNC;D;20110526;000000;25.499;25.8;25.221;25.749;32500;830062.5
NKNC;D;20110527;000000;25.969;25.991;25.459;25.6;59700;1523601.5
NKNC;D;20110530;000000;25.713;25.998;25.501;25.94;7600;196475
NKNC;D;20110531;000000;25.927;25.97;24.609;25.199;46400;1168484.6
NKNC;D;20110601;000000;23.5;25.7;23.5;25;54700;1372476.8
NKNC;D;20110602;000000;25;25.147;25;25.147;30900;773383.4
NKNC;D;20110603;000000;25.2;25.2;25;25;15000;376065.8
NKNC;D;20110606;000000;25;25;24.75;25;55500;1384521.3
NKNC;D;20110607;000000;24.7;24.7;24.602;24.602;7600;187205.8
NKNC;D;20110608;000000;24.75;24.989;24.5;24.65;51800;1274669.9
NKNC;D;20110609;000000;24.554;24.719;24.5;24.5;37800;926823.3
NKNC;D;20110610;000000;24.5;25.19;24.5;25.19;28700;710395.2
NKNC;D;20110614;000000;25;25.229;24.713;24.9;44800;1124051.6
NKNC;D;20110615;000000;25;25;24.4;24.897;70400;1753345.7
NKNC;D;20110616;000000;24.878;24.878;24.878;24.878;300;7463.4
NKNC;D;20110617;000000;24.989;24.99;23.52;24.594;35500;865917.3
NKNC;D;20110620;000000;24.49;24.49;23.763;24.379;49500;1199832.9
NKNC;D;20110621;000000;23.262;24.41;23.261;24.1;11500;275982.9
NKNC;D;20110622;000000;24.739;25.2;24.312;24.721;35800;888393.6
NKNC;D;20110623;000000;24.269;24.889;24.25;24.706;62300;1519326.5
NKNC;D;20110624;000000;24.849;24.849;24.258;24.6;20700;508381.3
NKNC;D;20110627;000000;24.065;24.813;24.01;24.657;12400;300621
NKNC;D;20110628;000000;24.897;24.897;23.611;23.66;258600;6172095.8
NKNC;D;20110629;000000;23.948;24.082;23.65;24.081;181100;4312020.3
NKNC;D;20110630;000000;24.349;24.979;24.2;24.6;220200;5402020.3
NKNC;D;20110701;000000;24.165;25.93;24.1;25.755;296000;7336689.1
NKNC;D;20110704;000000;26.001;26.001;25;25.277;31100;786977.4
NKNC;D;20110705;000000;25;25.001;24.997;25;129900;3247497.8
NKNC;D;20110706;000000;25.183;25.183;24.817;24.983;1000;25001.1
NKNC;D;20110707;000000;24.987;26.015;24.987;25.999;343400;8802426.2
NKNC;D;20110708;000000;25.733;26.325;25.2;25.27;132200;3430338.5
NKNC;D;20110711;000000;25.25;25.847;25.25;25.5;86700;2203070.1
NKNC;D;20110712;000000;25.4;25.875;25.4;25.625;40900;1047684.9
NKNC;D;20110713;000000;25.929;26.15;25.605;25.73;26700;692139.3
NKNC;D;20110714;000000;25.799;26.49;25.755;26.4;70400;1849986.2
NKNC;D;20110715;000000;26.8;26.8;26.2;26.354;17900;472040.7
NKNC;D;20110718;000000;27.168;27.2;26.43;26.82;117900;3174904.1
NKNC;D;20110719;000000;26.812;27.199;26.551;27;115000;3087161.3
NKNC;D;20110720;000000;27.19;27.19;26.6;26.9;24800;665845.9
NKNC;D;20110721;000000;26.574;26.9;26.5;26.5;61000;1624016.5
NKNC;D;20110722;000000;26.7;26.7;26.05;26.694;46300;1226567.3
NKNC;D;20110725;000000;26.5;26.5;26.1;26.319;9400;247043
NKNC;D;20110726;000000;26.466;26.473;26.125;26.377;50500;1324413.4
NKNC;D;20110727;000000;26.5;26.69;26.2;26.3;145400;3821737.3
NKNC;D;20110728;000000;27.801;27.801;26.101;26.5;89400;2366325.8
NKNC;D;20110729;000000;26.699;26.699;26.306;26.4;21200;561668.4
NKNC;D;20110801;000000;26.399;26.65;26.399;26.5;522400;13844876.4
NKNC;D;20110802;000000;26.2;26.5;26.2;26.26;44700;1176066
NKNC;D;20110803;000000;26.199;26.499;26.199;26.201;43800;1151497.4
NKNC;D;20110804;000000;26.547;26.547;25.75;25.999;270800;7056334.8
NKNC;D;20110805;000000;24.927;25.121;23.602;25;91700;2248198.7
NKNC;D;20110808;000000;26.7;26.7;22.41;22.973;112200;2636903.7
NKNC;D;20110809;000000;22.353;23.8;19.305;21.5;161600;3457864.1
NKNC;D;20110810;000000;22.94;23;20.321;22;119400;2601470.4
NKNC;D;20110811;000000;21.999;22;20.35;21.15;96600;2052326.3
NKNC;D;20110812;000000;21.74;21.75;20.553;21.75;51900;1100955.9
NKNC;D;20110815;000000;21.75;22.5;21.75;22.399;44500;974917.4
NKNC;D;20110816;000000;22.475;22.5;21.8;22.248;70300;1566501.5
NKNC;D;20110817;000000;22.475;24.45;22.3;24;130500;3076138.2
NKNC;D;20110818;000000;23.95;24.38;23.15;24;244700;5831057.6
NKNC;D;20110819;000000;23.799;24.22;23.7;24;120400;2870286.5
NKNC;D;20110822;000000;23.161;23.621;23.16;23.62;1600;37314.5
NKNC;D;20110823;000000;23.701;23.701;23.7;23.7;800;18960.2
NKNC;D;20110824;000000;24;25.38;23.31;24.001;50200;1227739.7
NKNC;D;20110825;000000;24.5;24.9;24.15;24.15;4700;114453.9
NKNC;D;20110826;000000;24.101;24.101;24;24;12600;303135.9
NKNC;D;20110829;000000;24.5;24.714;24.1;24.631;8600;209516.1
NKNC;D;20110830;000000;24.198;24.315;24.198;24.312;1800;43727.1
NKNC;D;20110831;000000;24.4;24.98;24.3;24.98;196900;4859531.9
NKNC;D;20110901;000000;24.267;25.009;24.25;24.6;167400;4120904.2
NKNC;D;20110902;000000;24.3;24.6;23.899;24;51400;1245522.2
NKNC;D;20110905;000000;23.122;23.779;23.1;23.6;60800;1421361.6
NKNC;D;20110906;000000;23.75;24.43;23.75;24.43;51500;1228441.1
NKNC;D;20110907;000000;24.68;24.7;24.298;24.298;16600;409570
NKNC;D;20110908;000000;24.225;24.95;24.051;24.9;21500;527613.9
NKNC;D;20110909;000000;24.068;24.929;24.068;24.078;4000;96818.7
NKNC;D;20110912;000000;24.06;24.7;22.456;24.7;42600;989846.9
NKNC;D;20110913;000000;23.5;24.68;23.134;23.5;27000;638185.5
NKNC;D;20110914;000000;22.761;23.439;22.5;23.4;48700;1131461.2
NKNC;D;20110915;000000;23.28;23.879;23.28;23.879;3200;75271
NKNC;D;20110916;000000;23.7;23.97;23.6;23.601;26000;618110.6
NKNC;D;20110919;000000;24.999;24.999;22.941;22.941;20400;482405.7
NKNC;D;20110920;000000;23.779;23.779;22.86;23.025;18700;429816.5
NKNC;D;20110921;000000;23.418;23.418;23.1;23.2;13200;305442.2
NKNC;D;20110922;000000;22.504;22.659;21;21.097;114800;2488682.3
NKNC;D;20110923;000000;21.049;21.097;19.6;19.72;50400;1015777.1
NKNC;D;20110926;000000;19.75;20.895;19;20.492;129400;2585128.2
NKNC;D;20110927;000000;20.5;20.75;20.059;20.669;27300;553940.1
NKNC;D;20110928;000000;20.497;20.497;19.78;19.78;11300;224621.1
NKNC;D;20110929;000000;19.78;20.19;19.735;20.099;64900;1291104.5
NKNC;D;20110930;000000;19.511;20.1;19;19.877;90300;1755984.5
NKNC;D;20111003;000000;18.801;19.5;18.801;19.5;8800;170767.8
NKNC;D;20111004;000000;19.5;19.5;19;19.388;5700;109752
NKNC;D;20111005;000000;18.355;20.6;18.277;20.6;48900;975417.3
NKNC;D;20111006;000000;21.198;21.2;20.5;21.004;45200;939243.9
NKNC;D;20111007;000000;21.444;21.695;21.19;21.495;76800;1637850.8
NKNC;D;20111010;000000;21.999;22;21.5;21.999;109600;2404689.3
NKNC;D;20111011;000000;21.999;21.999;21.5;21.77;20100;432609.9
NKNC;D;20111012;000000;21.75;22.29;21.75;22.29;17900;393584
NKNC;D;20111013;000000;22.309;22.309;21.751;22;6200;136212
NKNC;D;20111014;000000;22;22.33;21.792;22.33;55400;1228918.5
NKNC;D;20111017;000000;22.329;22.98;21.762;21.936;46600;1036182
NKNC;D;20111018;000000;21.99;22.98;21.99;22.931;42600;941088.6
NKNC;D;20111019;000000;22.203;22.29;22.001;22.001;10400;230529.2
NKNC;D;20111020;000000;22.001;22.45;22;22.45;143700;3163044.9
NKNC;D;20111021;000000;22.45;22.9;22.3;22.75;28400;637714
NKNC;D;20111024;000000;22.75;23.25;22.001;23.23;32000;734308.1
NKNC;D;20111025;000000;23.24;23.25;22.671;22.999;7200;167091.5
NKNC;D;20111026;000000;22.999;23;22.999;23;21900;503699.6
NKNC;D;20111027;000000;23;23.25;23;23.213;7000;161192.6
NKNC;D;20111028;000000;23;23.25;22.78;23.199;6700;153583.3
NKNC;D;20111031;000000;23;23.169;23;23.15;26400;610040.7
NKNC;D;20111101;000000;23.099;23.099;22.9;22.9;30100;694864
NKNC;D;20111102;000000;22.405;22.897;22.31;22.606;7900;177279.8
NKNC;D;20111103;000000;22.998;22.999;22.322;22.964;4500;101490.9
NKNC;D;20111107;000000;22.327;22.996;22.3;22.83;8400;187608.6
NKNC;D;20111108;000000;22.997;23;22.997;23;48700;1120096
NKNC;D;20111109;000000;23;24.835;18.5;22.642;498900;11694776.7
NKNC;D;20111110;000000;22.5;23.39;22;23;102400;2274648.3
NKNC;D;20111111;000000;23;23;22.357;23;51100;1159251.2
NKNC;D;20111114;000000;23;23.189;22.999;23;13200;303938.5
NKNC;D;20111115;000000;22.999;23;22.829;23;15600;358495.2
NKNC;D;20111116;000000;23;23;22.448;23;11700;268591.2
NKNC;D;20111117;000000;22.9;23.35;22.801;22.85;23600;542508.8
NKNC;D;20111118;000000;22.503;22.999;22.4;22.999;6100;137653.9
NKNC;D;20111121;000000;22.554;22.999;22.4;22.4;9600;216823.8
NKNC;D;20111122;000000;22.8;23;22.713;22.898;14100;323190.7
NKNC;D;20111123;000000;23;23.855;23;23.5;45000;1049116.1
NKNC;D;20111124;000000;23.5;23.5;23.25;23.35;5600;130780.8
NKNC;D;20111125;000000;23.6;23.6;23;23.5;303300;7006672.2
NKNC;D;20111128;000000;23.8;23.985;23.503;23.8;63100;1504459.1
NKNC;D;20111129;000000;23.8;24;23.503;24;36700;876203.2
NKNC;D;20111130;000000;23.9;24.2;23.58;24.1;32700;785581.7
NKNC;D;20111201;000000;24.1;25.275;24.1;25;259400;6405090.3
NKNC;D;20111202;000000;24.516;25.25;24.5;24.988;61100;1515377.2
NKNC;D;20111205;000000;24.989;25.243;24.509;25;68100;1696249.7
NKNC;D;20111206;000000;25.239;25.3;24.99;25.3;127500;3212598.1
NKNC;D;20111207;000000;25.5;25.5;25;25;64500;1625738.4
NKNC;D;20111208;000000;25.01;25.499;25.01;25.105;63400;1603966.8
NKNC;D;20111209;000000;25;25.001;24.745;24.75;338700;8408585.8
NKNC;D;20111212;000000;24.651;24.651;24.45;24.45;108800;2666090.4
NKNC;D;20111213;000000;24.999;25;24.45;24.5;6400;157430.2
NKNC;D;20111214;000000;24.506;24.714;24.5;24.5;8600;210783.7
NKNC;D;20111215;000000;24.749;24.749;23.75;24.1;149600;3584179.3
NKNC;D;20111216;000000;24.7;24.8;23.251;23.5;42500;1001359
NKNC;D;20111219;000000;23.497;23.5;22.969;23.5;7300;171281.1
NKNC;D;20111220;000000;23.5;23.5;22.851;23;4600;105729.4
NKNC;D;20111221;000000;23;23.3;22.851;23.3;24000;552639.9
NKNC;D;20111222;000000;23.269;23.3;21.018;23.2;11500;264910.6
NKNC;D;20111223;000000;22.155;23;22.155;22.5;266200;6103277.5
NKNC;D;20111226;000000;22.9;23.6;22.5;22.95;119700;2695844.8
NKNC;D;20111227;000000;22.504;23.355;22.504;23.25;39600;914214.4
NKNC;D;20111228;000000;22.999;23;22.5;22.839;122100;2756652.4
NKNC;D;20111229;000000;22.5;22.999;22.302;22.69;19800;450706.4
NKNC;D;20111230;000000;22.501;22.501;22.31;22.5;10200;228749.2
NKNC;D;20120103;000000;22.501;22.949;22.501;22.55;2900;65371.2
NKNC;D;20120104;000000;22.988;23;22.525;22.75;20800;474555.3
NKNC;D;20120105;000000;22.799;22.997;22.52;22.784;23500;532372.4
NKNC;D;20120106;000000;22.691;22.897;22.691;22.8;1100;25011.2
NKNC;D;20120109;000000;22.8;23;22.52;23;97300;2235299.1
NKNC;D;20120110;000000;22.999;23.5;22.551;22.996;244700;5640081.1
NKNC;D;20120111;000000;22.8;22.8;22.602;22.799;6100;138929.6
NKNC;D;20120112;000000;22.799;23;22.55;22.6;123700;2800901.5
NKNC;D;20120113;000000;22.749;22.95;22.69;22.75;46800;1064920.1
NKNC;D;20120116;000000;22.75;22.955;22.649;22.65;29700;675607.8
NKNC;D;20120117;000000;22.65;22.8;22.55;22.65;380900;8633645.7
NKNC;D;20120118;000000;22.6;22.65;22.6;22.649;23500;532114.3
NKNC;D;20120119;000000;22.647;23;22.647;23;349400;7953920.5
NKNC;D;20120120;000000;22.999;24;22.9;23.879;467700;11013384.7
NKNC;D;20120123;000000;23.757;24;23.627;23.9;170900;4074715
NKNC;D;20120124;000000;23.899;23.975;23.4;23.531;226200;5370132.7
NKNC;D;20120125;000000;23.97;24.479;23.81;24.242;175500;4217535.6
NKNC;D;20120126;000000;24.499;24.788;24.249;24.778;341900;8377076.1
NKNC;D;20120127;000000;24.7;24.77;24.3;24.751;162200;3991640.8
NKNC;D;20120130;000000;24.039;24.5;24.014;24.5;13000;317044.2
NKNC;D;20120131;000000;24.5;24.964;24.5;24.673;26200;648377.4
NKNC;D;20120201;000000;24.879;25.4;24.311;24.726;77100;1907566.1
NKNC;D;20120202;000000;25.397;25.397;25;25;54800;1370564
NKNC;D;20120203;000000;24.767;25.742;24.767;25.655;67400;1710155
NKNC;D;20120206;000000;25.768;26.49;25.768;26.489;78100;2029999.8
NKNC;D;20120207;000000;26.889;26.89;26.016;26.3;24400;648175.7
NKNC;D;20120208;000000;26.138;26.82;26.003;26.773;89600;2357462.6
NKNC;D;20120209;000000;26.945;27;26.359;26.7;1198900;32114001.2
NKNC;D;20120210;000000;26.7;27.136;26.7;27.1;1330800;35935316.1
NKNC;D;20120213;000000;27.003;28;27.003;27.495;79500;2197738.9
NKNC;D;20120214;000000;27.454;28.3;27.452;28.289;46600;1301480.5
NKNC;D;20120215;000000;28;28.47;28;28.45;155700;4381595.5
NKNC;D;20120216;000000;27.804;27.804;27;27.615;418400;11458510.9
NKNC;D;20120217;000000;27.796;27.8;27;27.397;35800;976154.9
NKNC;D;20120220;000000;27.002;27.58;27.002;27.499;29800;815400.5
NKNC;D;20120221;000000;27.49;27.5;27.184;27.5;71000;1947653.9
NKNC;D;20120222;000000;27.3;27.47;26.751;26.994;47300;1286331.2
NKNC;D;20120224;000000;26.994;28.001;26.994;28;93700;2566134.4
NKNC;D;20120227;000000;27.5;27.5;27;27.5;22900;626246
NKNC;D;20120228;000000;26.835;27.086;26.601;27;75700;2029437.3
NKNC;D;20120229;000000;27.199;27.5;26.6;27.5;101100;2727106.8
NKNC;D;20120301;000000;27.2;27.65;26.7;27.65;39600;1091654.3
NKNC;D;20120302;000000;27.6;27.698;27.01;27.11;58400;1591948.8
NKNC;D;20120305;000000;27.569;27.85;27.225;27.35;47200;1300469.3
NKNC;D;20120306;000000;27.2;27.252;26.1;26.6;199800;5319376.7
NKNC;D;20120307;000000;26.609;26.609;26.468;26.6;47500;1262422.4
NKNC;D;20120311;000000;26.509;27.765;26.502;27.06;17100;466816
NKNC;D;20120312;000000;27.442;27.443;26.64;27;53200;1436184.5
NKNC;D;20120313;000000;27;27.79;26.757;27.79;17700;489529.3
NKNC;D;20120314;000000;27.545;27.995;27.031;27.899;74200;2051623.9
NKNC;D;20120315;000000;27.101;28;27.101;27.476;64400;1789742.4
NKNC;D;20120316;000000;28.249;28.25;27.489;27.7;126000;3468971.3
NKNC;D;20120319;000000;27.7;27.897;27.398;27.897;28600;791949.4
NKNC;D;20120320;000000;27.8;27.985;27.578;27.578;13600;378888.4
NKNC;D;20120321;000000;27.499;27.7;27.14;27.14;89500;2466536.1
NKNC;D;20120322;000000;27.14;27.25;27;27.25;75400;2045777.8
NKNC;D;20120323;000000;27.132;27.409;27.132;27.132;118100;3209911
NKNC;D;20120326;000000;27.889;27.889;27.269;27.27;33500;920878.2
NKNC;D;20120327;000000;27.499;27.699;27.328;27.39;38000;1047194.8
NKNC;D;20120328;000000;27.26;27.3;27.25;27.25;23000;626880.3
NKNC;D;20120329;000000;27.25;27.978;27;27.3;138100;3793670.1
NKNC;D;20120330;000000;27.446;27.791;27.446;27.791;20100;556241.4
NKNC;D;20120402;000000;27.5;27.7;27.5;27.501;69800;1923150.9
NKNC;D;20120403;000000;27.699;27.699;27.002;27.5;70000;1927836.1
NKNC;D;20120404;000000;27.1;27.395;27;27.3;26100;707266.9
NKNC;D;20120405;000000;27.2;27.75;27.2;27.46;39600;1087720.4
NKNC;D;20120406;000000;27.46;27.895;27.46;27.8;334800;9281570.1
NKNC;D;20120409;000000;27.847;29.49;27.847;29.002;179300;5135217.4
NKNC;D;20120410;000000;29;30.9;28.901;30.3;127100;3830558.5
NKNC;D;20120411;000000;29.055;31.5;29.055;31.201;171900;5370344.2
NKNC;D;20120412;000000;31.267;32.45;30.902;30.902;437400;13996269.2
NKNC;D;20120413;000000;31.117;31.18;29.1;30;138100;4118710.7
NKNC;D;20120416;000000;30.001;30.4;30;30.25;46000;1391909.9
NKNC;D;20120417;000000;30.25;30.252;30.001;30.1;60300;1818187
NKNC;D;20120418;000000;30.099;30.099;29.1;29.999;19300;574897.5
NKNC;D;20120419;000000;29.991;30.5;29.105;30.408;129400;3899350.8
NKNC;D;20120420;000000;30.105;30.642;30.104;30.104;39300;1183143.5
NKNC;D;20120423;000000;30;30.1;29.8;30.009;40600;1215860.2
NKNC;D;20120424;000000;30;30.739;30;30.302;91500;2784439.5
NKNC;D;20120425;000000;30.5;31;30.5;30.75;50200;1543285.7
NKNC;D;20120426;000000;30.7;31.45;30.501;31.097;295200;9141327.6
NKNC;D;20120427;000000;29;29.67;28.75;29.317;308300;8956770.1
NKNC;D;20120428;000000;29.492;29.492;28.6;29.299;27000;778016.9
NKNC;D;20120502;000000;29.643;29.8;29.184;29.5;17000;504307.8
NKNC;D;20120503;000000;29.3;29.3;29;29;500;14620
NKNC;D;20120504;000000;29;29.1;27.55;27.973;72200;2041518.4
NKNC;D;20120505;000000;28.956;28.958;26.001;27.785;220200;6217407.1
NKNC;D;20120507;000000;25.7;27;25.686;26.624;3100;81731.4
NKNC;D;20120508;000000;27.994;28.151;27.994;28.15;8600;241923.9
NKNC;D;20120510;000000;27.532;28.151;27.5;28.15;184200;5131248.1
NKNC;D;20120511;000000;28;28;27.5;27.812;16500;457935.2
NKNC;D;20120512;000000;28;28;27.9;28;137200;3836425.4
NKNC;D;20120514;000000;28.15;28.15;27.5;27.6;593100;16482531.1
NKNC;D;20120515;000000;27.91;27.91;27.7;27.8;121300;3372757.8
NKNC;D;20120516;000000;29.299;29.7;27.75;27.901;116100;3275154.2
NKNC;D;20120517;000000;27.75;27.751;26.498;27.01;208100;5748510.2
NKNC;D;20120518;000000;26.86;29.609;26.86;27.6;98200;2741750.8
NKNC;D;20120521;000000;28.749;28.75;27;27.525;141500;3927065.5
NKNC;D;20120522;000000;27.429;27.999;27.1;27.399;4300;117380.7
NKNC;D;20120523;000000;27.16;27.4;27;27.4;126000;3403174.1
NKNC;D;20120524;000000;27.998;28;26.999;27;33000;893473.6
NKNC;D;20120525;000000;26.975;27.491;26.952;27.491;3400;91698.1
NKNC;D;20120528;000000;27;27.75;26.95;27.25;150000;4085618.1
NKNC;D;20120529;000000;27.25;27.988;27.15;27.97;114500;3146175.5
NKNC;D;20120530;000000;27.5;27.5;26.5;27.498;24500;655413.2
NKNC;D;20120531;000000;27.495;28;27.1;27.751;42100;1168998.2
NKNC;D;20120601;000000;26.674;26.93;26.2;26.497;5600;149034.6
NKNC;D;20120604;000000;27.038;27.038;26.501;26.501;500;13396.2
NKNC;D;20120605;000000;26.56;26.95;26.56;26.9;205300;5491535.7
NKNC;D;20120606;000000;27.034;27.954;26.5;27.25;18400;499785.1
NKNC;D;20120607;000000;27.25;27.5;27.25;27.5;34500;948623.4
NKNC;D;20120608;000000;27.497;27.916;27.497;27.916;1500;41622.1
NKNC;D;20120609;000000;27.996;27.999;27.899;27.9;11100;309866.8
NKNC;D;20120614;000000;27.003;28;27.003;28;67100;1875457.6
NKNC;D;20120615;000000;28;28;27.5;28;230600;6396969.8
NKNC;D;20120618;000000;27.999;28.4;27.999;28.247;6700;188944.6
NKNC;D;20120619;000000;28;28;28;28;300;8400
NKNC;D;20120620;000000;27.8;27.8;27.8;27.8;100;2780
NKNC;D;20120621;000000;27.999;28.249;27.999;28.1;45300;1271573.8
NKNC;D;20120622;000000;27.999;28;27.999;27.999;1500;41998.8
NKNC;D;20120625;000000;27.998;27.998;27.998;27.998;100;2799.8
NKNC;D;20120626;000000;29.999;29.999;27.1;27.35;17700;482782.4
NKNC;D;20120627;000000;27.05;27.345;26.699;26.7;64300;1735026
NKNC;D;20120628;000000;27.247;27.32;26.821;27.3;29900;814311.5
NKNC;D;20120629;000000;27.25;28;27;27.845;87600;2414327.2
NKNC;D;20120702;000000;27.85;28.75;26.716;28.75;32800;912674.4
NKNC;D;20120703;000000;28.108;30;28.107;30;77500;2278893.7
NKNC;D;20120704;000000;29.002;29.999;28.1;28.901;27300;793387.9
NKNC;D;20120705;000000;28.899;29;28.805;28.99;24600;712623.1
NKNC;D;20120706;000000;28.55;28.55;27.5;27.966;60100;1665189.6
NKNC;D;20120709;000000;27.102;27.5;27;27.1;15100;414694.3
NKNC;D;20120710;000000;27.293;27.293;27.002;27.002;1500;40533.2
NKNC;D;20120711;000000;27.443;27.499;26.91;26.91;19300;521714
NKNC;D;20120712;000000;27.399;28.199;27.399;28;8500;236639.2
NKNC;D;20120713;000000;28.279;29.491;28.093;28.511;4800;136037.4
NKNC;D;20120716;000000;27.676;29.494;27.676;29;39500;1138471.1
NKNC;D;20120717;000000;28.503;29.2;28.5;29.15;47700;1382591.8
NKNC;D;20120718;000000;29.056;29.12;28.999;29;71400;2071705.1
NKNC;D;20120719;000000;29.099;29.248;29;29.16;44700;1299851
NKNC;D;20120720;000000;29.484;29.484;28;28.5;90600;2566576.4
NKNC;D;20120723;000000;27.999;28.001;27.005;27.6;21200;583505.9
NKNC;D;20120724;000000;27.8;27.8;27.4;27.4;700;19220
NKNC;D;20120725;000000;27.397;28.25;27.397;28.25;59800;1676224.4
NKNC;D;20120726;000000;28.238;28.598;28.068;28.083;100300;2853556.5
NKNC;D;20120727;000000;28.498;29;28.291;28.6;14200;404499.4
NKNC;D;20120730;000000;28.523;28.523;27.998;27.999;33300;947465
NKNC;D;20120731;000000;28;28;27.8;27.8;10400;291120.3
NKNC;D;20120801;000000;27.898;27.898;25.7;27.149;60700;1623911.6
NKNC;D;20120802;000000;26.4;27.739;26.4;26.999;4900;131618.1
NKNC;D;20120803;000000;26.251;27;26.251;26.999;24300;650266.6
NKNC;D;20120806;000000;26.501;26.898;26.05;26.898;12900;341324.2
NKNC;D;20120807;000000;26.55;27.45;26;27.45;71100;1913361.6
NKNC;D;20120808;000000;27;27.49;26.59;27.3;55100;1479479.7
NKNC;D;20120809;000000;27.23;27.24;26.843;27.234;3800;103185.6
NKNC;D;20120810;000000;26.85;27.25;26.85;27.099;46000;1236136.5
NKNC;D;20120813;000000;26.373;27;26.371;26.72;27200;730106.4
NKNC;D;20120814;000000;26.47;27;26.47;27;43200;1154158.1
NKNC;D;20120815;000000;27.249;28;27.1;27.6;186900;5181806.7
NKNC;D;20120816;000000;27.651;28.551;26.6;27.4;429900;11722813.9
NKNC;D;20120817;000000;27.949;28.489;27.5;28.3;974700;27586321.9
NKNC;D;20120820;000000;27.567;28.398;27.512;28.25;59800;1676015.2
NKNC;D;20120821;000000;28.299;28.995;28;28.35;124500;3535147.7
NKNC;D;20120822;000000;28.349;28.497;28.099;28.3;838000;23681135.1
NKNC;D;20120823;000000;28.25;28.5;28.249;28.5;58200;1649014.6
NKNC;D;20120824;000000;29;29;27.51;28.3;96900;2765443.2
NKNC;D;20120827;000000;28.314;28.47;28.314;28.47;20800;591899.1
NKNC;D;20120828;000000;28.498;28.855;28.2;28.6;21400;611851.6
NKNC;D;20120829;000000;28.302;28.701;28.301;28.7;212600;6071046.8
NKNC;D;20120830;000000;28.7;28.7;28.5;28.5;6200;176720.3
NKNC;D;20120831;000000;28.303;28.74;28.3;28.74;10800;305687.2
NKNC;D;20120903;000000;28.639;28.639;28.5;28.5;11100;316393.6
NKNC;D;20120904;000000;28.298;29.1;28.298;29;1203800;34724046.5
NKNC;D;20120905;000000;28.809;28.809;28.8;28.8;104200;3001050.6
NKNC;D;20120906;000000;28.769;29;28.769;28.85;7400;214167
NKNC;D;20120907;000000;28.622;28.8;28.622;28.8;137700;3965724.4
NKNC;D;20120910;000000;28.8;29;28.784;29;131600;3790198.2
NKNC;D;20120911;000000;29;29;28.7;28.7;2000;57583.6
NKNC;D;20120912;000000;28.8;29;27.96;28.458;40800;1167381.5
NKNC;D;20120913;000000;28.004;28.804;28;28.5;6200;175125.8
NKNC;D;20120914;000000;28.65;29;28.65;28.9;74000;2136677.4
NKNC;D;20120917;000000;29;29.399;29;29.398;36700;1073149.5
NKNC;D;20120918;000000;29.157;29.157;28.212;28.41;156600;4518460.3
NKNC;D;20120919;000000;28.858;28.858;28.25;28.5;10300;292813.5
NKNC;D;20120920;000000;28.102;29.087;28.05;28.334;152700;4368024.8
NKNC;D;20120921;000000;28.924;29.105;28.918;29.105;167900;4874146.1
NKNC;D;20120924;000000;29.249;29.399;29.249;29.25;96500;2822847.8
NKNC;D;20120925;000000;29.349;29.349;28.699;28.9;12500;359160.8
NKNC;D;20120926;000000;28.75;28.75;28.2;28.25;8000;226897.9
NKNC;D;20120927;000000;28.211;28.749;28.201;28.749;7600;214567.1
NKNC;D;20120928;000000;28.251;28.958;28;28.958;8400;237142.7
NKNC;D;20121001;000000;28.5;28.95;28.5;28.934;15400;440757.9
NKNC;D;20121002;000000;28.999;28.999;28.9;28.9;12600;364215.3
NKNC;D;20121003;000000;29.114;29.201;28.5;28.6;6800;194421.8
NKNC;D;20121004;000000;28.998;28.998;27.505;28.28;25300;707569
NKNC;D;20121005;000000;28.484;28.5;28.484;28.5;8600;245098.3
NKNC;D;20121008;000000;28.516;28.785;28.5;28.785;40500;1155705.7
NKNC;D;20121009;000000;28.389;28.797;28.388;28.797;1100;31268.6
NKNC;D;20121010;000000;28.5;28.794;28.5;28.794;400;11429.4
NKNC;D;20121011;000000;28.251;28.251;28.25;28.25;30000;847500.1
NKNC;D;20121012;000000;28.794;28.794;28.794;28.794;1000;28794
NKNC;D;20121015;000000;28.8;29;27.999;28.5;122200;3440451.6
NKNC;D;20121016;000000;28.65;28.75;27.513;28.6;525800;15077821.2
NKNC;D;20121017;000000;28.989;28.989;28.5;28.5;2500;71354.6
NKNC;D;20121018;000000;28.543;28.543;28.525;28.525;21100;601895.7
NKNC;D;20121019;000000;28.595;28.615;28.595;28.6;400;11441
NKNC;D;20121022;000000;28.942;28.998;28.942;28.998;8800;255072.9
NKNC;D;20121023;000000;28.998;28.998;28.998;28.998;100;2899.8
NKNC;D;20121024;000000;28.6;28.972;28.201;28.972;1900;53978.2
NKNC;D;20121025;000000;28.5;28.552;28.5;28.5;5500;156765.5
NKNC;D;20121026;000000;28.3;28.369;28.3;28.3;34100;965050.7
NKNC;D;20121029;000000;28.2;28.384;28.1;28.384;64000;1803497
NKNC;D;20121030;000000;28.321;28.337;28;28.171;8900;250072.9
NKNC;D;20121031;000000;28.4;28.998;28;28.998;63600;1807204.5
NKNC;D;20121101;000000;28.75;28.998;28.75;28.851;204900;5914432
NKNC;D;20121102;000000;28.851;29.2;28.749;29;516800;14867952.6
NKNC;D;20121106;000000;28.998;28.998;28.85;28.86;51100;1475147.4
NKNC;D;20121107;000000;29;29;28.851;28.9;207200;6008345.1
NKNC;D;20121108;000000;28.391;28.999;28.39;28.998;94300;2710446.3
NKNC;D;20121109;000000;28.524;28.65;28.5;28.5;11900;339387.1
NKNC;D;20121113;000000;28.53;28.8;28.53;28.6;27700;792442.3
NKNC;D;20121114;000000;29.249;29.25;28.5;28.793;152800;4400319.4
NKNC;D;20121115;000000;26.245;28.6;26.245;28.6;4000;113343.4
NKNC;D;20121116;000000;28.948;28.948;28.947;28.948;6400;185267
NKNC;D;20121119;000000;28.629;29.2;28.629;29;35000;1014117.2
NKNC;D;20121120;000000;29.255;29.855;29.1;29.748;881000;26145932.6
NKNC;D;20121121;000000;29.3;29.33;29.271;29.3;9500;278348.7
NKNC;D;20121122;000000;29.499;29.5;28.8;29.499;99100;2875701.1
NKNC;D;20121123;000000;29.299;29.5;29.25;29.5;11600;341730.9
NKNC;D;20121126;000000;29.5;29.9;29.5;29.53;38600;1143665.9
NKNC;D;20121127;000000;28.85;29.5;28.85;29.5;32800;956585.1
NKNC;D;20121128;000000;29.5;29.5;29.101;29.488;18300;536671.6
NKNC;D;20121129;000000;29.001;29.377;29;29.25;10100;295341.7
NKNC;D;20121130;000000;29.475;29.5;29.35;29.35;11000;324020.8
NKNC;D;20121203;000000;29.35;29.5;29.35;29.5;3900;114989.9
NKNC;D;20121204;000000;29.35;29.4;29.35;29.4;17800;522435
NKNC;D;20121205;000000;29.5;29.5;29.19;29.201;12400;363630.9
NKNC;D;20121206;000000;29.201;29.495;29.101;29.495;13000;380707.7
NKNC;D;20121207;000000;29.292;29.292;29.292;29.292;300;8787.6
NKNC;D;20121210;000000;29.15;29.475;29.1;29.475;43000;1258661.8
NKNC;D;20121211;000000;29.2;29.201;29.1;29.2;43700;1276041.7
NKNC;D;20121212;000000;29.2;29.3;29.1;29.199;43300;1266248.6
NKNC;D;20121213;000000;29.201;29.479;29.2;29.2;48500;1419499.2
NKNC;D;20121214;000000;29.267;29.3;29.092;29.3;54500;1590083.9
NKNC;D;20121217;000000;29.291;29.48;29.2;29.3;179600;5262197.1
NKNC;D;20121218;000000;29.3;29.479;29.3;29.35;523800;15350476.5
NKNC;D;20121219;000000;29.479;29.479;29.2;29.29;16700;488869
NKNC;D;20121220;000000;29.3;29.3;29.105;29.2;17300;505871.8
NKNC;D;20121221;000000;29.47;29.471;29;29.185;11400;332829.5
NKNC;D;20121224;000000;29.4;29.438;29.246;29.246;16300;478378.4
NKNC;D;20121225;000000;29.25;29.25;28.8;28.99;18600;538870.4
NKNC;D;20121226;000000;29.199;29.199;28.901;28.901;5300;153205.8
NKNC;D;20121227;000000;28.9;29.25;28.9;29.25;30400;885996.4
NKNC;D;20121228;000000;29.25;29.47;29.164;29.4;128700;3775564.6
NKNC;D;20130108;000000;29.35;29.85;29.35;29.85;106600;3175967.3
NKNC;D;20130109;000000;29.949;29.95;29.399;29.799;29400;870429.5
NKNC;D;20130110;000000;29.48;30;29.31;29.859;26300;777744.2
NKNC;D;20130111;000000;29.304;29.5;29.251;29.377;40100;1175058.8
NKNC;D;20130114;000000;29.996;29.999;29.5;29.8;78800;2347355.2
NKNC;D;20130115;000000;29.943;29.944;29.611;29.94;17700;528182.8
NKNC;D;20130116;000000;29.675;30;29.52;29.655;123500;3676704
NKNC;D;20130117;000000;29.6;29.94;29.5;29.606;129100;3828995.4
NKNC;D;20130118;000000;29.75;29.85;29.75;29.798;115800;3450548.5
NKNC;D;20130121;000000;29.8;30.44;29.8;30.404;311100;9384031
NKNC;D;20130122;000000;30.5;31.848;30.3;31.179;688500;21178712.3
NKNC;D;20130123;000000;26.29;31.842;26.29;31.26;270500;8463675.1
NKNC;D;20130124;000000;31;31.223;30.753;31;60700;1882314
NKNC;D;20130125;000000;30.631;31.199;30.499;31;69700;2154120.5
NKNC;D;20130128;000000;31.269;31.5;31.033;31.033;59700;1870006.4
NKNC;D;20130129;000000;31.006;31.088;30.999;31;89900;2787137.5
NKNC;D;20130130;000000;31;31.172;31;31;54300;1683605.4
NKNC;D;20130131;000000;31.002;31.18;31;31.15;588100;18313714.2
NKNC;D;20130201;000000;31.199;31.249;31.199;31.249;18500;577637.4
NKNC;D;20130204;000000;31.21;31.6;31.183;31.329;67400;2110648.5
NKNC;D;20130205;000000;31.2;31.289;31;31.2;122400;3811595.7
NKNC;D;20130206;000000;31.22;31.498;31.2;31.35;77300;2426715.7
NKNC;D;20130207;000000;30.651;31.279;30.651;31.2;18700;583277.7
NKNC;D;20130208;000000;30.6;31.391;30.6;31.3;153200;4778549
NKNC;D;20130211;000000;31.201;31.481;31.2;31.473;63200;1972774.1
NKNC;D;20130212;000000;31.2;31.9;31.2;31.7;61100;1921136.1
NKNC;D;20130213;000000;31.65;32.2;31.65;32.2;216200;6917905.9
NKNC;D;20130214;000000;32.199;32.299;32;32.25;127200;4101441.3
NKNC;D;20130215;000000;31.239;32.999;31.238;32.75;32500;1064839.5
NKNC;D;20130218;000000;32.75;32.998;32.7;32.998;82900;2725031.9
NKNC;D;20130219;000000;32.77;32.84;32.513;32.84;11200;366781
NKNC;D;20130220;000000;32.898;32.898;31.999;32.252;77000;2497796.7
NKNC;D;20130221;000000;31.999;31.999;31.516;31.688;11900;379808.4
NKNC;D;20130222;000000;31.688;31.999;31.379;31.99;40700;1288396
NKNC;D;20130225;000000;31.989;32;31.145;31.68;32800;1042111.6
NKNC;D;20130226;000000;30.73;31.32;30.45;31.185;454000;13996353.1
NKNC;D;20130227;000000;31.21;31.5;30.8;30.997;167800;5221102.3
NKNC;D;20130228;000000;30.849;31.4;30.849;31.4;68800;2125766
NKNC;D;20130301;000000;31.25;31.5;30.877;31;179800;5598798.7
NKNC;D;20130304;000000;29.254;29.347;28.108;28.7;135100;3903181.3
NKNC;D;20130305;000000;28.987;29;28.557;28.991;409700;11849783.9
NKNC;D;20130306;000000;28.902;29.173;28.901;28.99;67200;1952158.8
NKNC;D;20130307;000000;29.894;29.908;28.85;28.999;128100;3711982.3
NKNC;D;20130311;000000;29.1;29.513;28.88;29.154;114500;3311511.2
NKNC;D;20130312;000000;28.905;28.905;28.005;28.509;49900;1427027.5
NKNC;D;20130313;000000;28.544;29.108;27.777;28.7;42200;1200760.7
NKNC;D;20130314;000000;29;29;28.001;28.48;124000;3531423.8
NKNC;D;20130315;000000;28.5;28.5;28.012;28.15;82600;2336038.8
NKNC;D;20130318;000000;28.15;28.15;27.75;27.899;28400;793130
NKNC;D;20130319;000000;27.502;27.817;26.584;27.2;120400;3298621.8
NKNC;D;20130320;000000;28.49;28.49;26.743;27;138700;3741647.3
NKNC;D;20130321;000000;27.276;27.625;27.1;27.2;79500;2171910.3
NKNC;D;20130322;000000;27;27.416;26.155;26.501;31600;842086.1
NKNC;D;20130325;000000;26.458;27.625;26.458;26.801;48700;1324079.6
NKNC;D;20130326;000000;26.803;26.803;26.2;26.4;67800;1784649.7
NKNC;D;20130327;000000;26.5;26.6;25.401;26;251800;6504121.7
NKNC;D;20130328;000000;25.834;26.3;25.8;26.3;102800;2659969.2
NKNC;D;20130329;000000;26.827;26.998;26.058;26.5;20800;553575.8
NKNC;D;20130401;000000;27;27;26.3;26.48;23000;610188.4
NKNC;D;20130402;000000;26.242;26.898;26.241;26.56;53100;1407554.2
NKNC;D;20130403;000000;26.5;26.669;26;26.199;48600;1277724
NKNC;D;20130404;000000;26;26.2;25.9;26.199;71400;1853162.4
NKNC;D;20130405;000000;26.1;26.339;26.01;26.151;9600;251281.4
NKNC;D;20130408;000000;26.004;26.1;25.85;26;50200;1300977.8
NKNC;D;20130409;000000;26.038;26.3;25.8;26.1;52600;1366477.9
NKNC;D;20130410;000000;26.5;26.5;25.999;26.099;37200;968027.2
NKNC;D;20130411;000000;26;26;25.7;25.7;170300;4382997.8
NKNC;D;20130412;000000;25.201;25.955;23.3;25;412700;10286392.8
NKNC;D;20130415;000000;24.503;24.999;23;24;230300;5486860.4
NKNC;D;20130416;000000;24;24.5;23.831;24.5;109100;2659368.4
NKNC;D;20130417;000000;24.5;24.5;23.8;24;43800;1052173.9
NKNC;D;20130418;000000;23.891;24.895;23.093;24.895;92800;2213673.3
NKNC;D;20130419;000000;24.25;24.7;23.999;23.999;31500;759170.1
NKNC;D;20130422;000000;24.199;24.295;24.01;24.06;7100;171425.1
NKNC;D;20130423;000000;24.07;24.4;24.05;24.271;56300;1366463.8
NKNC;D;20130424;000000;24.558;26;24.351;25.995;42100;1048468
NKNC;D;20130425;000000;26;26;24.5;25.498;190000;4850705.6
NKNC;D;20130426;000000;25.257;25.8;24.999;25.6;47800;1214265.2
NKNC;D;20130429;000000;25.65;25.745;25.3;25.3;89000;2264452.1
NKNC;D;20130430;000000;25.496;25.697;25.496;25.695;43900;1124445.1
NKNC;D;20130502;000000;25.697;25.926;25.697;25.926;6000;154215.3
NKNC;D;20130503;000000;25.93;25.936;25.605;25.85;5600;144678.9
NKNC;D;20130506;000000;25.935;25.935;25.2;25.45;14500;369726.4
NKNC;D;20130507;000000;25.498;25.525;24.8;25.25;110100;2774641.9
NKNC;D;20130508;000000;25.5;25.759;24.999;25;58300;1460828.8
NKNC;D;20130510;000000;25.201;25.262;24.999;25.262;109900;2747759.8
NKNC;D;20130513;000000;25;25.62;24.891;25;17000;429320.8
NKNC;D;20130514;000000;24.999;25.833;24.999;25.249;110900;2791312.9
NKNC;D;20130515;000000;25.7;25.7;25.2;25.25;14600;371134.2
NKNC;D;20130516;000000;25.106;25.5;25;25.2;81000;2043436.3
NKNC;D;20130517;000000;25.102;25.5;25.1;25.5;7300;185180.8
NKNC;D;20130520;000000;25.688;25.8;25.415;25.509;13100;336713.3
NKNC;D;20130521;000000;25.542;25.542;25.361;25.538;4700;119346.2
NKNC;D;20130522;000000;25.006;25.899;25.006;25.2;172700;4371353.5
NKNC;D;20130523;000000;25.177;25.177;24.975;25.1;41100;1030672.3
NKNC;D;20130524;000000;25.395;25.395;24.8;25.099;32400;809376.2
NKNC;D;20130527;000000;25.291;25.291;24.7;24.981;11700;290692.9
NKNC;D;20130528;000000;24.501;25.6;24.263;25.6;17900;445580.3
NKNC;D;20130529;000000;25.063;25.143;24.97;24.97;4000;100145.3
NKNC;D;20130530;000000;25.055;25.355;25.042;25.042;7600;191587.8
NKNC;D;20130531;000000;25.169;25.76;25;25;28000;708232.3
NKNC;D;20130603;000000;24.897;24.999;24.5;24.979;6800;167532.4
NKNC;D;20130604;000000;24.999;25;24.619;24.8;83500;2070128.9
NKNC;D;20130605;000000;24.934;25.23;24.699;24.7;31800;792205.3
NKNC;D;20130606;000000;24.7;24.7;24.268;24.45;73100;1785407.3
NKNC;D;20130607;000000;24.5;24.5;23.9;24.313;122500;2968802.4
NKNC;D;20130610;000000;24.25;25.491;24.25;25;33600;829856.2
NKNC;D;20130611;000000;24.533;24.962;24.451;24.605;600;14764.8
NKNC;D;20130613;000000;24.5;24.5;24.177;24.5;23400;570455.4
NKNC;D;20130614;000000;24.5;24.95;23.997;24.5;10500;257455.1
NKNC;D;20130617;000000;24.949;25.2;24.949;25;24000;601446.4
NKNC;D;20130618;000000;25.188;25.2;25.188;25.198;18600;468690.6
NKNC;D;20130619;000000;24.671;25.195;24.671;25.195;8300;209062.7
NKNC;D;20130620;000000;24.693;25.17;24.5;25.142;14700;364287.5
NKNC;D;20130621;000000;25;25.079;24.9;25;79600;1988874.7
NKNC;D;20130624;000000;25;25;24.808;25;111300;2781527.7
NKNC;D;20130625;000000;25;25;24.77;24.85;339200;8422219.2
NKNC;D;20130626;000000;24.8;25.447;24.8;25.1;165300;4141172.1
NKNC;D;20130627;000000;25.199;25.2;25.05;25.2;151400;3812257.7
NKNC;D;20130628;000000;25.347;25.347;25.25;25.3;5000;126488.5
NKNC;D;20130701;000000;25.347;25.347;24.9;25.001;13600;340060.4
NKNC;D;20130702;000000;24.96;25.49;24.505;25.2;35400;898379.1
NKNC;D;20130703;000000;25.002;25.526;24.031;25.001;54700;1359200.9
NKNC;D;20130704;000000;25.45;25.496;24.478;25.004;66400;1669127.2
NKNC;D;20130705;000000;25.377;25.377;25.036;25.346;600;15086.7
NKNC;D;20130708;000000;25.799;25.799;24.9;25;127900;3225590.3
NKNC;D;20130709;000000;25.234;25.234;24.999;25;31300;782593.5
NKNC;D;20130710;000000;25.001;25.001;24.95;25;12700;317499.2
NKNC;D;20130711;000000;25.198;25.35;25.152;25.301;157500;3986601.8
NKNC;D;20130712;000000;24.508;25.3;24.508;25.099;71700;1787705.4
NKNC;D;20130715;000000;25.1;25.377;25.002;25.002;34600;871747.6
NKNC;D;20130716;000000;25.377;25.475;24.89;25.262;13100;332195.3
NKNC;D;20130717;000000;25.25;25.448;24.479;24.752;79900;1991286.3
NKNC;D;20130718;000000;24.786;24.973;24.501;24.875;19000;468748.6
NKNC;D;20130719;000000;24.503;25.098;24.503;24.599;25800;636424.3
NKNC;D;20130722;000000;24.799;24.99;24.5;24.589;23300;576356.3
NKNC;D;20130723;000000;24.511;24.568;24.415;24.566;4000;98130.3
NKNC;D;20130724;000000;24.42;24.497;24.401;24.401;2100;51270.4
NKNC;D;20130725;000000;24.4;24.475;23.98;24.4;20000;483370.1
NKNC;D;20130726;000000;24.5;24.5;24.4;24.4;2000;48900.1
NKNC;D;20130729;000000;24.241;25.25;24;24.5;462000;11482989.6
NKNC;D;20130730;000000;24.699;25;22.25;23.999;355300;8216060.4
NKNC;D;20130731;000000;24.25;24.25;23.315;23.501;285200;6914544.1
NKNC;D;20130801;000000;24.2;24.2;23.695;24.149;14900;354315.4
NKNC;D;20130802;000000;24.25;24.25;24.249;24.249;900;21824.9
NKNC;D;20130805;000000;24.102;24.29;24.1;24.251;18700;452422.1
NKNC;D;20130806;000000;24.251;24.458;23.531;24.3;63800;1537058.3
NKNC;D;20130807;000000;24.398;24.398;23.989;24.178;48500;1164249.6
NKNC;D;20130808;000000;24.097;24.1;24;24.001;12600;303403.9
NKNC;D;20130809;000000;24.444;24.444;24.444;24.444;100;2444.4
NKNC;D;20130812;000000;24.35;24.35;24.012;24.308;1200;29182
NKNC;D;20130813;000000;24.519;25;24.519;24.91;117000;2918898.9
NKNC;D;20130814;000000;25;25.24;24.903;24.903;93400;2353191.7
NKNC;D;20130815;000000;25.07;25.07;24.997;25;12000;300004.4
NKNC;D;20130816;000000;25.001;25.001;24.9;24.9;5200;129930.6
NKNC;D;20130819;000000;24.899;24.9;24.751;24.9;29600;735287.4
NKNC;D;20130820;000000;24.751;24.8;24.749;24.75;29500;731059.3
NKNC;D;20130821;000000;24.751;24.751;24.25;24.25;155900;3810752.3
NKNC;D;20130822;000000;24.302;24.659;24.251;24.6;70700;1720951.4
NKNC;D;20130823;000000;24.252;24.894;24.252;24.601;17100;418917
NKNC;D;20130826;000000;24.898;24.898;24.501;24.501;9800;240700.9
NKNC;D;20130827;000000;24.501;24.501;24.337;24.337;4300;105285.2
NKNC;D;20130828;000000;24.3;24.827;24.255;24.45;3700;89968.1
NKNC;D;20130829;000000;24.051;24.36;24.051;24.215;73800;1790369.8
NKNC;D;20130830;000000;24.121;24.121;23.7;23.949;78600;1878336.4
NKNC;D;20130902;000000;24.161;24.161;23.89;23.89;65700;1577836.5
NKNC;D;20130903;000000;24;24.898;23.506;23.9;103800;2471681.6
NKNC;D;20130904;000000;23.95;23.95;23.702;23.8;14900;354950.6
NKNC;D;20130905;000000;23.801;23.982;23.701;23.75;129300;3076834.2
NKNC;D;20130906;000000;23.6;23.6;23.51;23.52;66100;1554633.5
NKNC;D;20130909;000000;23.897;24;23.801;23.87;123900;2959603.7
NKNC;D;20130910;000000;23.9;24.409;23.87;24.05;212800;5098934.6
NKNC;D;20130911;000000;24.011;24.1;24.01;24.05;15300;368412
NKNC;D;20130912;000000;24.15;24.344;24.1;24.3;73800;1787008.6
NKNC;D;20130913;000000;24.899;24.899;24.034;24.3;29800;726158.5
NKNC;D;20130916;000000;24.024;24.745;24.022;24.745;94000;2305431.4
NKNC;D;20130917;000000;24.87;24.87;24.5;24.7;59400;1465226.4
NKNC;D;20130918;000000;24.501;25.17;24.501;24.9;240900;6001096.4
NKNC;D;20130919;000000;25.179;25.179;24.5;25;299100;7375782.5
NKNC;D;20130920;000000;25.18;26.472;25.003;25.003;10900;282113.2
NKNC;D;20130923;000000;25.003;25.003;24.7;24.75;39800;989274.8
NKNC;D;20130924;000000;25.99;25.99;24.6;24.75;23400;580084.3
NKNC;D;20130925;000000;24.999;24.999;24.807;24.807;500;12461.1
NKNC;D;20130927;000000;25.552;25.555;25.297;25.3;16800;426153.9
NKNC;D;20130930;000000;24.814;25.301;24.814;25.026;23800;601985.2
NKNC;D;20131001;000000;26.3;26.3;25.048;25.05;12600;315754.6
NKNC;D;20131002;000000;25.746;25.896;24.75;25;27300;685769.1
NKNC;D;20131003;000000;24.757;25.149;24.704;25.1;41800;1045153
NKNC;D;20131004;000000;25;25.1;25;25.1;105000;2629625
NKNC;D;20131007;000000;25.2;25.2;24.711;25;79800;1991162.7
NKNC;D;20131008;000000;25.133;25.15;25;25;126900;3172691.4
NKNC;D;20131009;000000;25.001;25.197;24.85;25;82400;2060842.5
NKNC;D;20131010;000000;25.078;25.12;25.052;25.06;11200;281015.1
NKNC;D;20131011;000000;25.02;25.299;25;25.01;89800;2262542.7
NKNC;D;20131014;000000;24.82;25.198;24.8;25.198;1300;32282.5
NKNC;D;20131015;000000;25;25.291;25;25.197;4500;113005
NKNC;D;20131016;000000;25.284;25.286;25;25.005;5200;130149.9
NKNC;D;20131018;000000;25.006;25.3;24.931;25.3;178700;4494873.7
NKNC;D;20131021;000000;25.201;25.201;25.137;25.201;1600;40245.2
NKNC;D;20131022;000000;25.202;25.3;25.012;25.2;39400;994799.9
NKNC;D;20131023;000000;25.1;25.2;25;25.2;12100;304821.5
NKNC;D;20131024;000000;26.499;26.499;25.247;25.25;62100;1568149.3
NKNC;D;20131025;000000;25.25;25.35;25.099;25.1;30400;763490.3
NKNC;D;20131028;000000;25.498;25.499;24.812;25.15;10700;270701.2
NKNC;D;20131029;000000;25.103;25.301;25;25.201;57600;1448926.2
NKNC;D;20131030;000000;25.498;25.91;25.201;25.202;21000;535441.5
NKNC;D;20131031;000000;25.102;25.35;25.099;25.35;91000;2304374.8
NKNC;D;20131101;000000;25.4;25.445;25.206;25.206;20200;513491.3
NKNC;D;20131105;000000;25.504;25.63;25.4;25.4;32300;822736.7
NKNC;D;20131106;000000;24.101;25.944;24.101;25.1;40200;1011455.5
NKNC;D;20131107;000000;25.101;25.102;25.101;25.101;1900;47692
NKNC;D;20131108;000000;25.11;25.11;25.11;25.11;600;15066
NKNC;D;20131111;000000;25.569;25.6;25.158;25.244;15600;398667.8
NKNC;D;20131112;000000;25.3;25.3;24.998;25.201;22600;566324.4
NKNC;D;20131113;000000;25.101;26;25.002;25.539;49400;1252794.9
NKNC;D;20131114;000000;25.301;25.55;25.3;25.5;37000;941817.5
NKNC;D;20131115;000000;25.001;26.37;25.001;26.1;193000;5063325.2
NKNC;D;20131118;000000;25.701;26;25.7;25.75;7500;194029.6
NKNC;D;20131119;000000;25.749;25.75;25.5;25.75;5900;151428.9
NKNC;D;20131120;000000;25.251;25.647;25.251;25.647;23200;591669.3
NKNC;D;20131121;000000;25.739;26.7;25.584;25.998;36800;950481.4
NKNC;D;20131125;000000;26.04;26.04;25.544;25.8;9400;242587.3
NKNC;D;20131126;000000;25.521;25.521;25.5;25.5;2800;71438.9
NKNC;D;20131127;000000;25.302;25.63;25.302;25.312;7400;188036.8
NKNC;D;20131128;000000;25.401;25.585;25.305;25.31;23000;582628.6
NKNC;D;20131129;000000;25.172;25.498;25.171;25.31;12600;318746.3
NKNC;D;20131202;000000;25.251;25.992;25.251;25.55;8700;221467.6
NKNC;D;20131203;000000;25.699;25.9;25.55;25.726;86900;2232926.6
NKNC;D;20131204;000000;25.947;25.947;25.515;25.515;300;7697.7
NKNC;D;20131205;000000;25.551;25.868;25.5;25.51;24500;625894.2
NKNC;D;20131206;000000;25.989;26;25.797;25.963;13600;353105.9
NKNC;D;20131209;000000;25.9;25.9;25.9;25.9;100000;2590000
NKNC;D;20131210;000000;25.997;26;25.997;26;5000;129997.9
NKNC;D;20131211;000000;25.626;26;25.626;26;2400;62060.4
NKNC;D;20131212;000000;25.999;26.349;25.849;25.849;99800;2594818.4
NKNC;D;20131213;000000;26.05;26.119;25.95;26.119;11000;286429.8
NKNC;D;20131216;000000;26.1;26.101;26.001;26.1;21400;558520.6
NKNC;D;20131217;000000;26.1;26.101;26.1;26.1;21200;553321.1
NKNC;D;20131218;000000;26.102;26.468;26.1;26.15;10800;281964.4
NKNC;D;20131219;000000;26.111;26.2;26.111;26.2;15600;408046.5
NKNC;D;20131220;000000;26.151;26.3;26.151;26.3;5300;138757.3
NKNC;D;20131223;000000;26.28;26.28;26.099;26.198;71200;1859077.4
NKNC;D;20131224;000000;26.1;26.3;26.1;26.3;23000;601503.5
NKNC;D;20131225;000000;26.053;26.45;26.05;26.45;18800;494073.1
NKNC;D;20131226;000000;26.495;26.495;26.15;26.39;47300;1239546
NKNC;D;20131227;000000;26.132;26.499;26.13;26.499;800;20941.5
NKNC;D;20131230;000000;26.3;26.598;26.3;26.598;4400;116272.7
NKNC;D;20140106;000000;26.649;26.65;26.35;26.4;3700;98384
NKNC;D;20140108;000000;26.37;26.37;26.231;26.35;4800;126514.1
NKNC;D;20140109;000000;26.581;26.599;23.393;26.11;16100;415953.2
NKNC;D;20140110;000000;26.1;26.5;26;26.5;27900;734464.7
NKNC;D;20140113;000000;26.4;26.858;26.13;26.293;53700;1407161.1
NKNC;D;20140114;000000;26.218;26.25;26.125;26.125;12500;328030.5
NKNC;D;20140115;000000;26.12;26.236;26.084;26.236;15600;408099.6
NKNC;D;20140116;000000;26.199;26.55;26.1;26.495;75300;1979096.5
NKNC;D;20140117;000000;26.3;26.399;26.299;26.35;28800;758839.1
NKNC;D;20140120;000000;26.5;26.65;26.308;26.308;79800;2117805.4
NKNC;D;20140121;000000;26.201;26.201;24.8;25.746;45700;1155358.2
NKNC;D;20140122;000000;25.016;26.025;25;25.996;19600;492581.6
NKNC;D;20140123;000000;25.306;25.695;25.2;25.2;5500;139195.7
NKNC;D;20140124;000000;25.495;25.701;24.574;25;37300;940865.5
NKNC;D;20140127;000000;25;25.075;23.892;24.057;74800;1803625.6
NKNC;D;20140128;000000;24.01;24.4;23.85;23.85;32400;775771.3
NKNC;D;20140129;000000;24.126;24.126;23.8;23.9;51100;1223989.2
NKNC;D;20140130;000000;23.7;24.198;23.508;24.198;6800;161931.3
NKNC;D;20140131;000000;24.116;24.116;23.3;23.7;9100;213474
NKNC;D;20140203;000000;23.301;24.098;23.301;23.514;14000;330999.3
NKNC;D;20140204;000000;23.841;24;23;23.797;65700;1533886.7
NKNC;D;20140205;000000;23.666;23.698;23.3;23.648;42100;988030.6
NKNC;D;20140206;000000;23.526;24.999;23.525;24.997;103200;2518200.7
NKNC;D;20140207;000000;24.503;24.8;24.351;24.503;170000;4165502.5
NKNC;D;20140210;000000;24.748;24.748;24.5;24.6;44400;1088329.7
NKNC;D;20140211;000000;24.69;25.25;24.69;25.25;183700;4595881
NKNC;D;20140212;000000;24.58;25;24.5;25;44600;1106440.5
NKNC;D;20140213;000000;24.722;25.099;24.7;24.8;85300;2108489.4
NKNC;D;20140214;000000;24.943;25.275;24.943;25.1;14900;373246.8
NKNC;D;20140217;000000;25;25.32;25;25.32;4300;107981.8
NKNC;D;20140218;000000;25.312;25.314;24.832;24.832;29200;730131
NKNC;D;20140219;000000;24.832;25.119;24.8;24.888;115800;2877429
NKNC;D;20140220;000000;25.265;26.08;24.933;26;127800;3293606.2
NKNC;D;20140221;000000;25.916;26;25.001;25.001;6000;154378.7
NKNC;D;20140224;000000;25;25;25;25;15000;375000
NKNC;D;20140225;000000;25.745;25.745;25.499;25.5;1700;43398.7
NKNC;D;20140226;000000;25.409;25.718;25.409;25.5;16700;425885.3
NKNC;D;20140227;000000;25.849;26;24.699;25;97200;2480025.4
NKNC;D;20140228;000000;25.289;26;25;25.199;56300;1413791.2
NKNC;D;20140303;000000;25.745;26;22;22.647;244800;5553430.6
NKNC;D;20140304;000000;22.993;23.45;21.723;23;463500;10590854.7
NKNC;D;20140305;000000;24.5;25.2;23;23.502;157300;3723398.2
NKNC;D;20140306;000000;23.946;24.46;23.502;24.162;119700;2856151.5
NKNC;D;20140307;000000;23.259;23.99;23.259;23.9;1700;40094.9
NKNC;D;20140311;000000;23.61;24.241;23.25;23.3;71200;1674324.5
NKNC;D;20140312;000000;23.001;23.414;22.252;22.949;122500;2802699.6
NKNC;D;20140313;000000;22.562;23.501;22.5;23;72200;1658374.7
NKNC;D;20140314;000000;22.267;23.226;20.702;22.87;210700;4674404.6
NKNC;D;20140317;000000;23.299;23.3;21.15;22.994;87500;1973639.8
NKNC;D;20140318;000000;22.17;23.496;22.17;22.899;800;18238.5
NKNC;D;20140319;000000;23.489;23.493;23.052;23.492;2700;63162.4
NKNC;D;20140320;000000;23.05;23.498;23.05;23.1;67300;1556668.7
NKNC;D;20140321;000000;23.011;23.098;22.77;22.9;52500;1203482
NKNC;D;20140324;000000;22.994;23;22.5;22.5;41800;953846
NKNC;D;20140325;000000;22.932;23.05;22.9;22.9;42300;972492.3
NKNC;D;20140326;000000;23;23.397;22.801;23.179;57700;1331507.2
NKNC;D;20140327;000000;23.02;23.135;22.404;23.049;46800;1081095.8
NKNC;D;20140328;000000;22.974;23.21;22.759;23.207;41800;965229.3
NKNC;D;20140331;000000;23.069;23.99;23.015;23.98;38900;915549.5
NKNC;D;20140401;000000;23.506;23.997;22.706;22.9;63300;1449413.9
NKNC;D;20140402;000000;22.701;23.038;22.55;22.799;6100;137903.5
NKNC;D;20140403;000000;22.799;22.8;21.999;22.001;53100;1190853.2
NKNC;D;20140404;000000;22.186;22.377;21.799;22.2;98300;2157778.1
NKNC;D;20140407;000000;22.002;22.9;22;22.178;1500;33591.9
NKNC;D;20140408;000000;22.12;23.643;21.49;22.428;78100;1748365.9
NKNC;D;20140409;000000;22.332;23.25;22.332;23;77200;1755203.3
NKNC;D;20140410;000000;22.772;23.372;22.762;23.155;20300;468008
NKNC;D;20140411;000000;23.002;23.156;22.891;22.931;16300;374271.7
NKNC;D;20140414;000000;22.9;23.004;22.6;22.999;7100;161717
NKNC;D;20140415;000000;23.236;23.248;22.76;22.769;15600;358477.6
NKNC;D;20140416;000000;22.752;22.752;22.751;22.751;400;9100.6
NKNC;D;20140417;000000;22.88;22.88;22.88;22.88;10000;228800
NKNC;D;20140418;000000;22.99;23.995;22.936;23.23;48400;1132930.3
NKNC;D;20140421;000000;23.003;23.784;23;23.55;34000;801120.4
NKNC;D;20140422;000000;23.406;23.406;23.23;23.3;5100;119128.4
NKNC;D;20140423;000000;24.001;24.197;23.997;23.997;700;16833.6
NKNC;D;20140424;000000;23.736;23.76;23.4;23.72;12000;284105.8
NKNC;D;20140425;000000;23.747;23.943;23.098;23.7;21900;516778.3
NKNC;D;20140428;000000;23.921;23.971;23.31;23.92;31200;739878.3
NKNC;D;20140429;000000;23.442;24.655;23.3;23.807;2100;50309.5
NKNC;D;20140430;000000;25.348;25.348;23.5;24.147;10500;250466.9
NKNC;D;20140502;000000;24.696;24.696;22.75;22.9;9200;210373.1
NKNC;D;20140505;000000;23.689;23.69;22.458;23;600;13904.7
NKNC;D;20140506;000000;23.002;23.002;22.507;22.997;600;13701.4
NKNC;D;20140507;000000;22.5;22.999;22.5;22.6;2000;45209.6
NKNC;D;20140508;000000;23;23;22.997;22.997;2800;64399.4
NKNC;D;20140512;000000;23.515;23.516;23.2;23.2;800;18686.3
NKNC;D;20140513;000000;24.396;24.396;24.396;24.396;300;7318.8
NKNC;D;20140514;000000;22.84;23.15;22.839;22.9;1600;36604.2
NKNC;D;20140515;000000;22.376;23.002;22.376;23;1300;29837.9
NKNC;D;20140516;000000;22.481;22.61;22.3;22.61;12800;285848.7
NKNC;D;20140519;000000;22.51;22.964;22.499;22.964;4400;100532.3
NKNC;D;20140521;000000;22.5;23;22.001;22.349;46800;1041163.7
NKNC;D;20140522;000000;22.199;22.584;22.007;22.059;5400;120542.5
NKNC;D;20140523;000000;22.029;22.262;22.001;22.047;37100;819677.8
NKNC;D;20140526;000000;22.119;22.485;22.1;22.485;5100;112768.8
NKNC;D;20140527;000000;22.21;22.588;22.21;22.224;1400;31254.3
NKNC;D;20140528;000000;22.301;23;22.19;23;39500;892915.1
NKNC;D;20140529;000000;24;24.498;22.4;23.218;83400;1966547
NKNC;D;20140530;000000;24.198;24.199;23.123;23.201;500;11891.9
NKNC;D;20140602;000000;22.501;23.22;22.497;23.208;6700;154794.4
NKNC;D;20140603;000000;23.044;23.044;22.645;22.645;1100;24950.2
NKNC;D;20140604;000000;23.523;23.525;23.523;23.525;400;9409.6
NKNC;D;20140606;000000;22.65;22.75;22.52;22.6;6200;139853.6
NKNC;D;20140609;000000;23.234;23.234;21.515;22;68000;1505378.8
NKNC;D;20140610;000000;21.697;22;21.499;21.969;81200;1748604
NKNC;D;20140611;000000;21.9;22.101;21.501;22.101;49400;1075208.5
NKNC;D;20140616;000000;21.715;22.187;21.712;22.168;2800;61460.4
NKNC;D;20140617;000000;21.756;22.17;21.501;22.001;16000;351681
NKNC;D;20140618;000000;22.745;22.76;22.745;22.747;16300;370779
NKNC;D;20140619;000000;22.719;22.997;22.452;22.46;6300;143925.5
NKNC;D;20140620;000000;22.995;22.997;22.611;22.611;17100;391462.1
NKNC;D;20140623;000000;22.231;22.231;21.985;21.992;1700;37695.1
NKNC;D;20140624;000000;22.941;22.941;21.751;22.737;30400;674138
NKNC;D;20140625;000000;22.64;22.64;21.982;22.1;54900;1213812.9
NKNC;D;20140626;000000;21.899;22.495;21.516;21.516;25500;556373.2
NKNC;D;20140627;000000;21.912;22;21.912;22;3700;81264.3
NKNC;D;20140630;000000;21.999;21.999;21.999;21.999;100;2199.9
NKNC;D;20140701;000000;21.811;21.879;21.501;21.862;18400;396452.2
NKNC;D;20140702;000000;21.94;21.94;21.356;21.5;25900;557201.7
NKNC;D;20140703;000000;21.5;21.79;21.395;21.6;8600;184758.8
NKNC;D;20140704;000000;21.611;21.816;21.562;21.562;2300;49880.7
NKNC;D;20140707;000000;21.35;21.99;21.35;21.699;4100;89862.9
NKNC;D;20140708;000000;22.06;22.097;22.06;22.097;200;4415.7
NKNC;D;20140710;000000;22;22;22;22;600;13200
NKNC;D;20140711;000000;21.522;21.522;21.247;21.5;3200;68792.5
NKNC;D;20140714;000000;21.499;21.5;20.999;21.004;48900;1027992.2
NKNC;D;20140715;000000;21.053;21.342;21.053;21.342;1700;35902.1
NKNC;D;20140716;000000;21.041;21.997;21;21.8;55400;1214449.7
NKNC;D;20140717;000000;21.52;21.52;21.519;21.519;300;6455.8
NKNC;D;20140718;000000;21.043;21.3;21.043;21.3;1100;23292
NKNC;D;20140721;000000;21.062;21.297;20.714;20.85;1500;31493.3
NKNC;D;20140722;000000;21.075;21.078;20.8;21;18300;383129.9
NKNC;D;20140723;000000;20.708;20.708;20.706;20.706;400;8282.6
NKNC;D;20140724;000000;21.833;21.85;20.72;21.1;131500;2803590.5
NKNC;D;20140725;000000;22.218;22.218;21;21;23700;500709
NKNC;D;20140728;000000;21.151;21.151;21.151;21.151;500;10575.5
NKNC;D;20140729;000000;20.753;21.54;20.753;21.54;1900;39915.1
NKNC;D;20140730;000000;21.07;21.69;21.07;21.69;4500;95022.4
NKNC;D;20140731;000000;21.399;21.399;21;21.239;1000;21064.1
NKNC;D;20140801;000000;21.325;21.325;20.92;21.199;1200;25379.8
NKNC;D;20140804;000000;21;21;20.6;20.6;3500;72638.4
NKNC;D;20140805;000000;22.097;22.097;20.592;20.592;10400;216309.8
NKNC;D;20140806;000000;20.5;20.5;20.5;20.5;700;14350
NKNC;D;20140807;000000;21.5;21.59;20.25;20.252;125800;2672545.8
NKNC;D;20140808;000000;20.219;20.782;20.219;20.782;800;16520.3
NKNC;D;20140811;000000;20.8;20.8;20.301;20.301;2100;42889.4
NKNC;D;20140812;000000;20.751;21;20.694;20.898;5500;114882.3
NKNC;D;20140813;000000;21.234;21.75;20.75;20.75;17000;362025.7
NKNC;D;20140814;000000;20.897;21.3;20.7;21.3;6500;136808.5
NKNC;D;20140815;000000;20.689;21.45;20.682;21.45;5500;116124.5
NKNC;D;20140819;000000;20.717;21.443;20.63;20.761;50600;1048353.2
NKNC;D;20140820;000000;21;21;20.747;20.747;1100;22872.3
NKNC;D;20140821;000000;20.8;20.8;20.712;20.712;400;8293.6
NKNC;D;20140822;000000;21.01;21.375;20.3;20.3;19900;405099
NKNC;D;20140825;000000;21.539;21.539;20.216;20.499;10800;221497.6
NKNC;D;20140826;000000;20.496;20.525;20.21;20.525;5000;101906.3
NKNC;D;20140827;000000;20.121;20.5;20.111;20.5;1700;34581.6
NKNC;D;20140828;000000;20.5;20.686;20.25;20.6;223400;4554275.9
NKNC;D;20140901;000000;21.267;21.289;20.522;20.522;8200;174289.9
NKNC;D;20140902;000000;20.014;20.514;20.014;20.514;300;6054.2
NKNC;D;20140903;000000;20.81;20.908;20.504;20.6;400;8282.2
NKNC;D;20140905;000000;20.587;20.587;20.587;20.587;200;4117.4
NKNC;D;20140908;000000;20.969;20.997;20.111;20.404;16100;334820.4
NKNC;D;20140910;000000;20.5;20.5;20.444;20.444;2300;47133.3
NKNC;D;20140911;000000;20.5;20.5;20.25;20.251;19900;403112
NKNC;D;20140912;000000;20.25;20.284;20.25;20.284;26900;544759
NKNC;D;20140915;000000;20.555;20.555;20.5;20.5;700;14355.7
NKNC;D;20140916;000000;20.262;20.462;20.262;20.3;900;18343.4
NKNC;D;20140917;000000;20.251;20.801;20.25;20.296;25600;529768.8
NKNC;D;20140918;000000;20.718;20.718;20.718;20.718;200;4143.6
NKNC;D;20140919;000000;20.895;20.895;20.251;20.252;5000;101327.6
NKNC;D;20140922;000000;20.2;20.2;20.2;20.2;400;8080
NKNC;D;20140926;000000;20.2;20.5;20.071;20.408;6300;127341.8
NKNC;D;20140929;000000;20.883;21;20.551;20.551;24800;516959.5
NKNC;D;20140930;000000;20.745;21;20.745;21;40000;835990.7
NKNC;D;20141001;000000;20.3;20.3;20.2;20.2;7500;151800
NKNC;D;20141002;000000;20.2;20.4;20.1;20.15;14400;291840
NKNC;D;20141003;000000;20.25;20.25;19.9;19.9;11300;225860
NKNC;D;20141006;000000;20.25;20.3;20.25;20.3;19000;384755
NKNC;D;20141007;000000;20.25;20.25;20.25;20.25;6800;137700
NKNC;D;20141008;000000;20.25;20.25;20.25;20.25;23800;481950
NKNC;D;20141009;000000;20.4;20.4;19.5;20;25500;506320
NKNC;D;20141010;000000;19.65;20.2;19.55;20;10300;205445
NKNC;D;20141013;000000;19.55;20.05;19.55;20;3900;78005
NKNC;D;20141014;000000;20.15;20.15;19.5;19.55;5000;98405
NKNC;D;20141015;000000;19.55;20.05;19.5;20.05;18400;367770
NKNC;D;20141016;000000;19.7;19.75;19.15;19.45;25100;487090
NKNC;D;20141017;000000;19.6;19.75;19.6;19.7;5500;108125
NKNC;D;20141020;000000;19.8;20.25;19.8;20;17900;355775
NKNC;D;20141021;000000;19.8;20.15;19.8;20;700;13950
NKNC;D;20141022;000000;20.15;20.15;20.05;20.05;900;18105
NKNC;D;20141023;000000;20.15;20.15;20.15;20.15;900;18135
NKNC;D;20141024;000000;19.7;20.05;19.05;20;74400;1458305
NKNC;D;20141027;000000;20.2;20.85;20.15;20.85;36400;743330
NKNC;D;20141028;000000;20.9;20.9;20.4;20.4;5900;121950
NKNC;D;20141029;000000;20.1;20.5;20;20.5;4500;90220
NKNC;D;20141030;000000;20.55;20.55;20.55;20.55;100;2055
NKNC;D;20141031;000000;20.6;20.7;20.6;20.7;1400;28970
NKNC;D;20141105;000000;20.55;20.85;20.5;20.8;1900;39245
NKNC;D;20141106;000000;21;21;20.8;21;3400;71060
NKNC;D;20141107;000000;20.95;21.55;20.95;21.55;300;6350
NKNC;D;20141110;000000;21.75;22.3;20.6;21.7;169800;3700740
NKNC;D;20141111;000000;21.6;21.6;20.55;21.5;29100;610860
NKNC;D;20141112;000000;21.05;21.6;21;21.4;16000;344015
NKNC;D;20141113;000000;21;21.2;20.95;21.05;46000;968700
NKNC;D;20141114;000000;21.15;21.3;21.05;21.05;15900;336485
NKNC;D;20141117;000000;21.25;21.75;21.25;21.55;51900;1120490
NKNC;D;20141118;000000;21.6;21.75;21.6;21.6;25400;551435
NKNC;D;20141119;000000;21.7;22.05;21.7;21.85;49800;1086540
NKNC;D;20141120;000000;21.95;23.6;21.95;22.2;19700;441185
NKNC;D;20141121;000000;22.65;22.65;22.2;22.2;1600;35710
NKNC;D;20141124;000000;20.85;22.75;20.8;22.1;15200;333415
NKNC;D;20141125;000000;22.7;22.7;22.1;22.35;4200;93725
NKNC;D;20141126;000000;22.05;22.25;21.8;22.25;28300;622755
NKNC;D;20141127;000000;22.15;22.15;22.15;22.15;100;2215
NKNC;D;20141128;000000;22;22.05;21;22.05;34500;759050
NKNC;D;20141201;000000;22.35;22.9;22;22.3;31200;696600
NKNC;D;20141202;000000;21.65;22.3;21.35;22.3;10300;226210
NKNC;D;20141203;000000;22.3;22.85;22.3;22.85;47600;1079505
NKNC;D;20141204;000000;22.25;22.25;22.25;22.25;100;2225
NKNC;D;20141205;000000;22.2;22.25;21.8;21.85;25700;565220
NKNC;D;20141208;000000;21.9;21.9;20.25;21.8;10900;227720
NKNC;D;20141209;000000;21.65;22.25;21.65;22.25;18100;396235
NKNC;D;20141210;000000;21.8;21.85;21.15;21.8;9500;205720
NKNC;D;20141211;000000;21.6;21.6;21.6;21.6;300;6480
NKNC;D;20141212;000000;22.2;22.2;21.6;21.95;3400;73650
NKNC;D;20141215;000000;21.8;21.8;21.3;21.65;8700;187550
NKNC;D;20141216;000000;21;21.35;20;20;60400;1267640
NKNC;D;20141217;000000;22.45;22.45;21.1;21.25;11800;258035
NKNC;D;20141218;000000;22.45;22.45;21.55;21.55;600;13190
NKNC;D;20141219;000000;22.1;22.2;21.8;22.2;59000;1303435
NKNC;D;20141222;000000;21.1;21.8;21;21.45;13000;273940
NKNC;D;20141223;000000;21.1;21.5;21;21.4;21800;465055
NKNC;D;20141224;000000;21.15;21.85;21;21.85;3100;65540
NKNC;D;20141225;000000;22;22;20.35;20.45;4000;86105
NKNC;D;20141226;000000;21.25;21.45;21.05;21.25;18100;383180
NKNC;D;20141229;000000;21.3;21.85;21.1;21.6;15600;334515
NKNC;D;20141230;000000;21.25;21.25;20.45;20.9;57500;1204965
NKNC;D;20150106;000000;20.95;21.65;20.95;21.65;700;14900
NKNC;D;20150108;000000;21.3;21.45;20.95;21.45;19600;412055
NKNC;D;20150109;000000;21.05;21.1;20.55;21.1;600;12530
NKNC;D;20150112;000000;21.4;21.5;21;21;1500;31655
NKNC;D;20150113;000000;20.75;21;20.75;21;13100;274850
NKNC;D;20150114;000000;21.45;21.45;21.4;21.45;13700;293795
NKNC;D;20150115;000000;21.55;21.6;21.5;21.6;16500;356345
NKNC;D;20150116;000000;21.8;22.35;21.8;21.9;15200;334210
NKNC;D;20150119;000000;22.2;22.35;21.5;22.05;20400;451850
NKNC;D;20150120;000000;22.35;22.5;22;22.4;63100;1412910
NKNC;D;20150121;000000;22.1;22.55;22;22.55;23900;531390
NKNC;D;20150122;000000;22.25;22.6;22.05;22.45;22800;510525
NKNC;D;20150123;000000;22.2;24;22.1;23.5;186800;4342600
NKNC;D;20150126;000000;23.2;24.15;23;23.4;36100;844375
NKNC;D;20150127;000000;24.15;25;23.95;24.95;45400;1127040
NKNC;D;20150128;000000;24.95;25.15;24;25;50100;1249960
NKNC;D;20150129;000000;25.1;25.85;24.55;25.4;46200;1161570
NKNC;D;20150130;000000;25.95;30;25.95;30;70400;2026705
NKNC;D;20150202;000000;29;29.2;26.45;26.85;47800;1364820
NKNC;D;20150203;000000;26.7;28.95;26.7;28.6;63900;1809275
NKNC;D;20150204;000000;27.75;29.25;27.65;29;372400;10797705
NKNC;D;20150205;000000;26.55;28.5;26.55;28.5;62400;1760940
NKNC;D;20150206;000000;29.5;29.5;28.2;28.25;21200;606210
NKNC;D;20150209;000000;28.35;29;27;29;15700;444150
NKNC;D;20150210;000000;28.85;29.5;28.3;29.5;86900;2518775
NKNC;D;20150211;000000;29.15;29.15;28.45;28.45;1900;55245
NKNC;D;20150212;000000;28.55;29.2;27.7;28;19000;538010
NKNC;D;20150213;000000;27.65;28.95;27.65;28.9;40300;1149220
NKNC;D;20150216;000000;29;29.5;28.05;29.5;26800;771775
NKNC;D;20150217;000000;28.7;29.8;28.6;29.15;11900;347725
NKNC;D;20150218;000000;29.95;30.55;28.95;28.95;32500;979300
NKNC;D;20150219;000000;28.35;29.15;25;29.15;46400;1305720
NKNC;D;20150220;000000;28.15;29;27;29;27100;756570
NKNC;D;20150224;000000;29.9;30;27;27;129300;3561745
NKNC;D;20150225;000000;26.6;27.9;26.6;27.35;36800;1010625
NKNC;D;20150226;000000;27.25;28.7;26.75;28.35;43400;1199505
NKNC;D;20150227;000000;29.5;29.5;27.55;27.6;51500;1467380
NKNC;D;20150302;000000;27.6;27.6;26;27;102100;2735775
NKNC;D;20150303;000000;27.35;28.55;27;28.55;44300;1233270
NKNC;D;20150304;000000;28.55;28.55;27.55;28.1;6600;186685
NKNC;D;20150305;000000;28.25;28.5;28.1;28.5;31800;898465
NKNC;D;20150306;000000;28.5;28.8;27.95;28.35;81500;2313695
NKNC;D;20150310;000000;28;28.25;27.5;27.5;35500;993870
NKNC;D;20150311;000000;27.5;28.4;27.5;28.1;18600;519585
NKNC;D;20150312;000000;28;28.2;28;28.2;3800;106600
NKNC;D;20150313;000000;28;28.4;28;28.25;16000;452525
NKNC;D;20150316;000000;28.65;28.65;28.1;28.1;16900;479005
NKNC;D;20150317;000000;28.45;28.8;27.75;28.25;22300;636915
NKNC;D;20150318;000000;28.15;28.45;27.9;28.2;37300;1046680
NKNC;D;20150319;000000;27.9;28;27.9;27.95;3000;83825
NKNC;D;20150320;000000;27.55;28;27.5;27.65;23900;663555
NKNC;D;20150323;000000;28.2;28.35;27.15;28.35;23300;656775
NKNC;D;20150324;000000;24.95;28;24.95;28;1500;38950
NKNC;D;20150325;000000;28;28.4;28;28.3;5700;161420
NKNC;D;20150326;000000;27.5;27.95;27.45;27.45;9600;264085
NKNC;D;20150327;000000;27.45;27.95;27.3;27.55;2500;68780
NKNC;D;20150330;000000;27.8;27.8;27.8;27.8;1000;27800
NKNC;D;20150331;000000;27.3;27.75;25.45;27.5;41100;1103870
NKNC;D;20150401;000000;26.85;27.5;26.85;27.05;2800;76245
NKNC;D;20150402;000000;27.35;27.35;27.35;27.35;300;8205
NKNC;D;20150403;000000;27.75;28.35;27.75;28.3;12900;365540
NKNC;D;20150406;000000;28;28.35;28;28.2;78400;2209295
NKNC;D;20150407;000000;27.95;28;27.65;28;3500;97810
NKNC;D;20150408;000000;27.3;28.35;27.2;27.6;54700;1532540
NKNC;D;20150409;000000;27;27.65;27;27.65;700;19155
NKNC;D;20150410;000000;27.7;27.95;26.4;26.9;73900;2013870
NKNC;D;20150413;000000;27;27;26.15;26.3;127600;3396590
NKNC;D;20150414;000000;26.8;27.4;26.25;26.4;51700;1365070
NKNC;D;20150415;000000;26.3;26.45;25.8;26.25;34900;915065
NKNC;D;20150416;000000;26.05;26.5;25.35;26.5;14400;378425
NKNC;D;20150417;000000;26.5;26.9;26.45;26.8;43600;1158745
NKNC;D;20150420;000000;26.75;27.05;26.5;27;54000;1442640
NKNC;D;20150421;000000;27.3;29.05;26.7;29;85700;2381505
NKNC;D;20150422;000000;28.9;29.65;28.05;29.6;153400;4451520
NKNC;D;20150423;000000;29.25;29.25;28.75;29.05;5300;154480
NKNC;D;20150424;000000;28.95;28.95;28.4;28.85;2500;71210
NKNC;D;20150427;000000;28.05;29.2;27.8;29.2;57400;1661070
NKNC;D;20150428;000000;29.35;29.35;28.25;29;12300;359950
NKNC;D;20150429;000000;28.55;29.4;28.55;29.05;26800;783830
NKNC;D;20150430;000000;29.3;30.4;29.15;30;91000;2692110
NKNC;D;20150505;000000;29.9;30.9;29.7;30.3;670800;20244970
NKNC;D;20150506;000000;30.6;31;29.7;30.8;68900;2098600
NKNC;D;20150507;000000;29.3;30;23.8;30;159400;4716330
NKNC;D;20150508;000000;27.8;29.2;27.5;29.1;13400;377990
NKNC;D;20150512;000000;28.8;29.2;28.8;29;1900;55050
NKNC;D;20150513;000000;28.7;28.7;28.7;28.7;600;17220
NKNC;D;20150514;000000;28.6;29.1;28.2;28.5;12400;354750
NKNC;D;20150515;000000;28.4;29.7;28.4;28.6;7900;228420
NKNC;D;20150518;000000;28.2;29.8;27.5;28.8;98400;2773670
NKNC;D;20150520;000000;28.1;28.7;28;28.1;3600;101110
NKNC;D;20150521;000000;28.2;29;28.2;29;200700;5819870
NKNC;D;20150522;000000;28.5;29;28.5;29;8600;247350
NKNC;D;20150525;000000;29.2;29.5;29.2;29.5;500;14710
NKNC;D;20150526;000000;29.7;30.5;29.5;29.9;46300;1370540
NKNC;D;20150527;000000;29.9;30;29.9;30;10300;308990
NKNC;D;20150528;000000;29.9;30.1;29.5;30;56000;1656980
NKNC;D;20150529;000000;29.2;30.3;28.8;30.3;5600;166600
NKNC;D;20150601;000000;29.3;30.9;29.3;30.6;66800;2035630
NKNC;D;20150602;000000;30;30.8;29.7;30.8;82000;2492880
NKNC;D;20150603;000000;30.7;31;30.7;30.7;18200;559130
NKNC;D;20150604;000000;30.9;30.9;29.7;29.7;20700;634390
NKNC;D;20150605;000000;31.3;31.6;29.8;30;2600;78700
NKNC;D;20150608;000000;29.8;30.6;29;30.5;6000;177000
NKNC;D;20150609;000000;30.2;30.2;30;30;1100;33090
NKNC;D;20150610;000000;29.9;30;29.9;30;200;5990
NKNC;D;20150611;000000;29.6;30;28.4;29.2;100700;2966200
NKNC;D;20150615;000000;29.3;30;29;29.5;54300;1604750
NKNC;D;20150616;000000;29.9;30.3;29.5;29.7;41100;1218220
NKNC;D;20150617;000000;29.8;30;29.4;29.9;54400;1610110
NKNC;D;20150618;000000;29.5;30.3;29.5;30;223600;6641310
NKNC;D;20150619;000000;29.9;30.3;29.7;30;12800;383950
NKNC;D;20150622;000000;28.9;29.8;28.7;29.3;65800;1915430
NKNC;D;20150623;000000;29.5;29.5;29.4;29.4;400;11780
NKNC;D;20150624;000000;29.5;30.1;29.5;29.7;3000;88910
NKNC;D;20150625;000000;29.6;29.6;29.3;29.5;3000;88470
NKNC;D;20150626;000000;30.4;30.4;29.5;29.5;3300;98570
NKNC;D;20150629;000000;30.1;31;29.5;29.6;110000;3335910
NKNC;D;20150630;000000;29.9;29.9;29.5;29.5;2100;62140
NKNC;D;20150701;000000;29.8;29.9;29.6;29.6;2000;59560
NKNC;D;20150702;000000;29.9;29.9;29.7;29.9;400;11940
NKNC;D;20150703;000000;29.6;30;29.5;29.5;26300;778210
NKNC;D;20150706;000000;29.5;29.5;29.2;29.2;4700;137660
NKNC;D;20150707;000000;29.7;29.9;29.3;29.4;1900;56350
NKNC;D;20150708;000000;29.5;29.5;29.1;29.3;4700;138180
NKNC;D;20150709;000000;29.1;29.7;29.1;29.7;3800;112380
NKNC;D;20150710;000000;31.1;31.1;28.5;29.3;39600;1147350
NKNC;D;20150713;000000;29;29.4;28.3;29.2;13700;391420
NKNC;D;20150714;000000;29.3;30.7;28.3;30.6;22600;656120
NKNC;D;20150715;000000;30.8;30.8;30;30.3;19800;597280
NKNC;D;20150716;000000;30.4;30.7;29.6;30.4;13400;403750
NKNC;D;20150717;000000;30.4;30.4;29.8;30.4;1500;45180
NKNC;D;20150720;000000;30.3;30.7;29.6;30;27800;836360
NKNC;D;20150721;000000;29.9;30.2;29.9;29.9;2200;65970
NKNC;D;20150722;000000;29.8;30;29.6;29.9;20500;609740
NKNC;D;20150723;000000;30.1;30.1;29.8;29.8;1200;36010
NKNC;D;20150724;000000;30;30;29.3;29.3;54900;1625390
NKNC;D;20150727;000000;29.9;29.9;29.2;29.7;700;20680
NKNC;D;20150728;000000;29.2;30.1;29.1;29.8;74000;2226610
NKNC;D;20150729;000000;29.9;31.9;29.9;31.4;209000;6429450
NKNC;D;20150730;000000;31.2;32.7;31.2;32.7;57100;1825650
NKNC;D;20150731;000000;32.3;33;29.3;33;59400;1921720
NKNC;D;20150803;000000;33.4;36.8;33.4;36.4;102500;3588970
NKNC;D;20150804;000000;37.6;39;36.1;36.6;32600;1192440
NKNC;D;20150805;000000;37.4;37.4;36.5;36.7;7100;260660
NKNC;D;20150806;000000;36.5;36.8;36.5;36.7;16300;595200
NKNC;D;20150807;000000;34.2;36.4;34.2;36.4;2000;71520
NKNC;D;20150810;000000;35.5;35.5;32.5;33.5;71500;2420760
NKNC;D;20150811;000000;33.9;35.1;33.9;34.5;32400;1124110
NKNC;D;20150812;000000;34.8;36;34.8;35.3;26800;946080
NKNC;D;20150813;000000;35.5;35.7;34.5;35.6;7700;271800
NKNC;D;20150814;000000;35.7;36.3;35.1;36.3;6000;215320
NKNC;D;20150817;000000;34.3;40;34.1;38.5;28700;1083670
NKNC;D;20150818;000000;38;38.3;37;37.8;5100;191090
NKNC;D;20150819;000000;38.3;38.4;36.6;37.2;8400;317450
NKNC;D;20150820;000000;38.4;38.4;36.6;36.6;3800;140420
NKNC;D;20150821;000000;36.2;37.4;36;37.4;8600;315070
NKNC;D;20150824;000000;36.4;37.4;35.9;36.1;48500;1756560
NKNC;D;20150825;000000;36.7;38.8;36.3;37;18300;678510
NKNC;D;20150826;000000;37;37.9;36.6;37;24500;913020
NKNC;D;20150827;000000;37.4;37.9;37.1;37.6;4700;175190
NKNC;D;20150828;000000;37.4;39.9;37.4;39.6;15700;602510
NKNC;D;20150831;000000;38.2;39.8;37.3;39.7;9800;376300
NKNC;D;20150901;000000;39.7;39.8;38;38.8;12500;480510
NKNC;D;20150902;000000;39.3;39.8;38.5;39.2;15500;607570
NKNC;D;20150903;000000;38.3;39.8;38.2;39.8;16800;659060
NKNC;D;20150904;000000;39.1;39.6;39.1;39.6;300;11820
NKNC;D;20150907;000000;39.9;42;38.4;38.9;34800;1370760
NKNC;D;20150908;000000;39.7;41.4;39;40.7;58600;2340490
NKNC;D;20150909;000000;41.4;41.5;40.8;40.9;4500;185020
NKNC;D;20150910;000000;40.9;41.4;40;41.1;22900;926040
NKNC;D;20150911;000000;41.2;41.7;40.7;41.6;57500;2380170
NKNC;D;20150914;000000;41.8;42.9;41.5;42;35300;1483730
NKNC;D;20150915;000000;42.7;42.7;40.3;41.1;79000;3258190
NKNC;D;20150916;000000;41.5;41.9;40.3;41.5;69900;2853490
NKNC;D;20150917;000000;41.8;42.2;41.2;42.1;18000;754790
NKNC;D;20150918;000000;42.2;42.2;40.3;40.6;118000;4862670
NKNC;D;20150921;000000;40.6;41.7;39.5;41.6;134700;5419890
NKNC;D;20150922;000000;41;41.9;39.7;40.2;115800;4686070
NKNC;D;20150923;000000;40.2;40.9;33.1;35.3;409000;16322410
NKNC;D;20150924;000000;32.9;33.9;24;33.4;214400;6795610
NKNC;D;20150925;000000;33.2;34.9;33.2;34.7;25900;879160
NKNC;D;20150928;000000;34.8;34.8;33;34.4;46700;1602900
NKNC;D;20150929;000000;34.5;35.9;33.8;35.8;94900;3315860
NKNC;D;20150930;000000;35.1;37.2;34.8;36.5;170400;6275740
NKNC;D;20151001;000000;36.8;36.9;35.9;36;10600;388860
NKNC;D;20151002;000000;35.6;36.8;30.1;36.5;26900;945800
NKNC;D;20151005;000000;36.5;37;33.4;37;26500;957410
NKNC;D;20151006;000000;36.6;36.6;35.2;35.7;20300;725600
NKNC;D;20151007;000000;35.7;35.8;30.3;33.9;21200;702880
NKNC;D;20151008;000000;35.4;35.4;33.9;35;24400;850070
NKNC;D;20151009;000000;35.5;35.5;34.2;34.2;5500;192770
NKNC;D;20151012;000000;34.4;35;32;34;185000;6044830
NKNC;D;20151013;000000;34.9;35;33.3;35;2600;90220
NKNC;D;20151014;000000;34;34.9;34;34.9;1500;51460
NKNC;D;20151015;000000;34;34.5;34;34;3200;108850
NKNC;D;20151016;000000;34.7;34.7;32.3;34;20900;712700
NKNC;D;20151019;000000;34.9;34.9;34.9;34.9;400;13960
NKNC;D;20151020;000000;34.5;34.9;34.1;34.5;4500;155130
NKNC;D;20151021;000000;33.8;35.2;33.8;35.2;8700;301250
NKNC;D;20151022;000000;35.6;36.3;35.6;36;300;10790
NKNC;D;20151023;000000;35.6;36.7;35.5;35.5;11800;419430
NKNC;D;20151026;000000;36.1;36.7;36;36.4;9000;325220
NKNC;D;20151027;000000;36.2;36.8;33.9;35;64100;2233040
NKNC;D;20151028;000000;35.7;35.7;34;35.1;47400;1631340
NKNC;D;20151029;000000;35.7;37;35;36.9;102400;3641150
NKNC;D;20151030;000000;37.1;37.1;35.5;36;11300;406030
NKNC;D;20151102;000000;35.5;36;35;35.9;16200;573830
NKNC;D;20151103;000000;35.6;36.8;34;35.9;77500;2787390
NKNC;D;20151105;000000;35.9;36.4;35.7;36;900;32390
NKNC;D;20151106;000000;35.6;35.6;35.5;35.5;600;21340
NKNC;D;20151109;000000;35.9;37;35.8;35.8;5600;203710
NKNC;D;20151110;000000;35.7;35.7;35.6;35.6;10100;359570
NKNC;D;20151111;000000;35.7;36;35.6;35.6;2500;89250
NKNC;D;20151112;000000;35.9;36.1;35.9;35.9;1300;46740
NKNC;D;20151113;000000;36.1;36.1;35;35.6;18800;671260
NKNC;D;20151116;000000;36.2;36.5;36.1;36.1;7700;278440
NKNC;D;20151117;000000;36;36.5;36;36.4;18200;659600
NKNC;D;20151118;000000;36.8;36.8;35.9;36.3;23500;846390
NKNC;D;20151119;000000;36.8;38.3;36.6;38;70500;2615190
NKNC;D;20151123;000000;37;37.9;37;37.6;5200;194800
NKNC;D;20151124;000000;36.9;36.9;36.8;36.8;300;11060
NKNC;D;20151125;000000;37.9;37.9;37;37.1;2200;82500
NKNC;D;20151126;000000;37.3;37.8;37.3;37.8;5300;199380
NKNC;D;20151127;000000;37;37.8;37;37.8;1100;41500
NKNC;D;20151130;000000;36.2;37.9;36.1;36.4;18900;698470
NKNC;D;20151201;000000;36.5;37;36;36.9;2900;105300
NKNC;D;20151202;000000;37.8;37.8;37;37;14700;553160
NKNC;D;20151203;000000;36.9;37.9;36.9;37.9;3000;113020
NKNC;D;20151204;000000;37.2;37.4;37;37.4;3600;133480
NKNC;D;20151207;000000;36.9;37.5;36.5;37;2000;73870
NKNC;D;20151208;000000;36.9;36.9;35.5;36;10100;363510
NKNC;D;20151209;000000;36.8;37.1;36.2;36.2;3800;139620
NKNC;D;20151210;000000;36.9;36.9;36.1;36.1;7400;270150
NKNC;D;20151211;000000;36.3;38.4;36;37.1;10900;403450
NKNC;D;20151214;000000;36.1;38.5;36.1;38;7400;279270
NKNC;D;20151215;000000;38;40.7;37.3;40.7;92200;3647200
NKNC;D;20151216;000000;40.9;41;37.8;38.9;55200;2158950
NKNC;D;20151217;000000;38.7;40.1;38.5;39.8;14600;581950
NKNC;D;20151218;000000;39.7;40.1;37.9;37.9;29600;1157120
NKNC;D;20151221;000000;37;40;36.9;40;20900;823580
NKNC;D;20151222;000000;40.2;40.4;38.9;39.6;27700;1098240
NKNC;D;20151223;000000;40.3;42.9;39.9;40.2;59700;2481860
NKNC;D;20151224;000000;40.9;43.4;40;41.1;27800;1156960
NKNC;D;20151225;000000;40.8;41.9;40.8;41;2000;82140
NKNC;D;20151228;000000;39.8;43.9;39.5;42.5;33700;1401360
NKNC;D;20151229;000000;43.5;45;36.1;44;64600;2821420
NKNC;D;20151230;000000;44.8;45.5;43.7;44.6;31200;1383410
NKNC;D;20160104;000000;45.8;45.8;41.9;45.8;2300;101750
NKNC;D;20160105;000000;46.2;46.8;44.8;45;3500;157750
NKNC;D;20160106;000000;44.3;45;44.3;45;1600;71800
NKNC;D;20160111;000000;40.6;45.9;40.5;43.7;4400;196150
NKNC;D;20160112;000000;42.8;45.5;42.8;45.2;4300;192800
NKNC;D;20160113;000000;45.3;46.9;45.3;45.5;10000;465710
NKNC;D;20160114;000000;45.5;45.6;43.8;44.5;14000;629270
NKNC;D;20160115;000000;45;45;41.9;42.9;12400;523600
NKNC;D;20160118;000000;43.2;44.5;42;42.3;66600;2853040
NKNC;D;20160119;000000;42.6;42.9;41.7;42.2;15700;667240
NKNC;D;20160120;000000;41.3;42.7;41;42.5;23700;976610
NKNC;D;20160121;000000;42.4;42.8;41.9;42.7;19100;811440
NKNC;D;20160122;000000;42.5;42.8;42;42.7;44700;1900060
NKNC;D;20160125;000000;43;43.2;42;42.4;15600;660480
NKNC;D;20160126;000000;43.2;43.5;42.1;43.5;59000;2506830
NKNC;D;20160127;000000;43.5;44.7;42.3;43.2;4200;181980
NKNC;D;20160128;000000;43;45.9;42.8;44.9;25600;1144260
NKNC;D;20160129;000000;44.9;46;43.2;46;19900;895620
NKNC;D;20160201;000000;45.9;46;44.7;45.5;12500;571360
NKNC;D;20160202;000000;45;45.4;44;44.5;30000;1342750
NKNC;D;20160203;000000;44.4;45.2;43.7;45.2;29800;1324900
NKNC;D;20160204;000000;46.1;47.9;45.2;47.5;144800;6789880
NKNC;D;20160205;000000;47.8;50;45.1;46.4;48100;2291120
NKNC;D;20160208;000000;46.5;50.4;45.6;48.5;23800;1132120
NKNC;D;20160209;000000;50.7;52.5;47;47.8;71800;3497570
NKNC;D;20160210;000000;47.8;48.9;47.2;47.9;9300;446370
NKNC;D;20160211;000000;46.8;48.1;45.9;46;96500;4450700
NKNC;D;20160212;000000;46.4;46.7;45.3;45.9;88000;4044730
NKNC;D;20160215;000000;45.9;46.4;45.5;46;10200;465460
NKNC;D;20160216;000000;46.8;49;46.6;48.8;17800;853170
NKNC;D;20160217;000000;49.6;49.9;48.7;48.9;53100;2627320
NKNC;D;20160218;000000;48.3;48.4;46.7;47.7;47300;2231230
NKNC;D;20160219;000000;48;48;47.1;47.8;1700;80650
NKNC;D;20160220;000000;46.9;47.8;46.9;47.8;2500;117970
NKNC;D;20160222;000000;47;47.7;47;47.4;1100;52100
NKNC;D;20160224;000000;48;48;46;46.9;53500;2486980
NKNC;D;20160225;000000;47;47.5;46.1;46.8;25900;1213050
NKNC;D;20160226;000000;47.4;47.8;46.6;46.8;6200;291630
NKNC;D;20160229;000000;46.3;47.6;46.3;47.3;59100;2786930
NKNC;D;20160301;000000;47.3;50;47;48.8;147500;7201800
NKNC;D;20160302;000000;50.8;52;49;50.1;79500;3983990
NKNC;D;20160303;000000;50.3;51.6;49.4;50;23500;1185490
NKNC;D;20160304;000000;51.8;51.8;48.9;49.6;7000;346390
NKNC;D;20160307;000000;49.7;51;49.4;50;14400;716670
NKNC;D;20160309;000000;50;50;48;49.6;25400;1236480
NKNC;D;20160310;000000;46.2;50;46.2;49.1;12400;591780
NKNC;D;20160311;000000;50.5;50.5;49;49.2;11600;573810
NKNC;D;20160314;000000;49.2;50.8;48.7;49;18400;903190
NKNC;D;20160315;000000;48.7;49.8;48;48;41600;2032650
NKNC;D;20160316;000000;50.8;59.6;50;53.2;75500;3977520
NKNC;D;20160317;000000;54.4;54.4;51;52.3;45800;2393890
NKNC;D;20160318;000000;51.7;52.9;51;51;17400;901340
NKNC;D;20160321;000000;50.9;51.9;50.2;50.2;10100;511260
NKNC;D;20160322;000000;50.5;51.3;49.9;50.6;23200;1161460
NKNC;D;20160323;000000;50.6;53.6;50.2;52;17900;929760
NKNC;D;20160324;000000;53.6;54.4;51.8;52.1;39400;2072940
NKNC;D;20160325;000000;52.8;53.4;52;52.5;9400;494040
NKNC;D;20160328;000000;53.8;53.8;51.1;51.6;7500;390910
NKNC;D;20160329;000000;52.7;52.8;51;51.6;46000;2399780
NKNC;D;20160330;000000;51.9;51.9;51.2;51.5;17600;906800
NKNC;D;20160331;000000;51.7;52.6;50.3;52;34100;1775810
NKNC;D;20160401;000000;52.6;52.6;51.9;52.3;2200;114770
NKNC;D;20160404;000000;52.2;52.8;52.1;52.7;5900;310410
NKNC;D;20160405;000000;52.7;52.7;52.1;52.6;2800;146600
NKNC;D;20160406;000000;53.1;53.1;51.7;52.1;7600;397740
NKNC;D;20160407;000000;51.5;52.5;50.7;51.4;4300;220700
NKNC;D;20160408;000000;50.8;51.9;50.2;51.5;6200;317280
NKNC;D;20160411;000000;52.7;52.7;51.3;51.4;4200;217260
NKNC;D;20160412;000000;50.8;51.3;50.2;50.6;11000;556180
NKNC;D;20160413;000000;50.9;51.3;50.4;50.5;12200;616610
NKNC;D;20160414;000000;51;53.7;50;53.7;138100;7072390
NKNC;D;20160415;000000;53.4;59;51.6;51.8;140100;7387490
NKNC;D;20160418;000000;52.3;53.4;50.8;52.4;34000;1775710
NKNC;D;20160419;000000;53.1;53.5;52.2;52.5;10200;538280
NKNC;D;20160420;000000;52.8;53.6;52.8;53.2;23900;1272980
NKNC;D;20160421;000000;53;53.8;52.3;52.3;117400;6217500
NKNC;D;20160422;000000;52.9;53.4;52.8;53.3;22600;1196930
NKNC;D;20160425;000000;53.1;54.8;53.1;53.7;27300;1478990
NKNC;D;20160426;000000;54.9;54.9;52.4;53.4;174300;9227170
NKNC;D;20160427;000000;52.7;52.8;51.7;51.7;29400;1533250
NKNC;D;20160428;000000;51;53.9;50.9;52.9;60800;3214160
NKNC;D;20160429;000000;50.4;50.5;49;50.2;62100;3093970
NKNC;D;20160504;000000;50.3;50.6;47.9;49.4;20600;1026360
NKNC;D;20160505;000000;50.1;50.6;49.7;50.5;19700;987700
NKNC;D;20160506;000000;50.1;50.3;49.7;50.2;3100;155070
NKNC;D;20160510;000000;50.7;50.8;49.9;49.9;21800;1096610
NKNC;D;20160511;000000;50.2;51;47.3;50.9;36800;1839000
NKNC;D;20160512;000000;50.6;52.6;50.5;51.6;21900;1135660
NKNC;D;20160513;000000;51.7;51.7;51.7;51.7;100;5170
NKNC;D;20160516;000000;52.5;52.9;50.6;51.3;8600;445320
NKNC;D;20160517;000000;51.2;52;50;50.9;36800;1893530
NKNC;D;20160518;000000;51.4;52.3;50.2;51.5;22100;1131780
NKNC;D;20160519;000000;50.6;51.2;50;51;10000;506650
NKNC;D;20160520;000000;50.9;51.1;50.7;51.1;8300;423220
NKNC;D;20160523;000000;51.3;51.7;50.9;51.3;2900;149050
NKNC;D;20160524;000000;50.8;51.5;50.7;51.1;2800;143700
NKNC;D;20160525;000000;51.3;51.6;50.2;51.3;12500;639510
NKNC;D;20160526;000000;50.7;51.4;50.7;51;7400;378420
NKNC;D;20160527;000000;51.2;53.3;51.2;51.9;14200;744850
NKNC;D;20160530;000000;51.6;51.8;51.2;51.5;2700;138930
NKNC;D;20160531;000000;51.3;51.9;49.6;51;26800;1352420
NKNC;D;20160601;000000;51.1;51.1;50.5;50.9;2700;137740
NKNC;D;20160602;000000;51.1;52;51;52;16500;854970
NKNC;D;20160603;000000;52.2;52.3;51.6;51.6;1700;88550
NKNC;D;20160606;000000;52.5;52.8;52.1;52.1;1300;68180
NKNC;D;20160607;000000;53.2;53.2;52.4;52.5;7200;378860
NKNC;D;20160608;000000;51.4;52.2;51;51.9;9700;500420
NKNC;D;20160609;000000;52.2;52.4;52;52.2;1700;88700
NKNC;D;20160610;000000;51.3;52.3;51;52.3;6900;357690
NKNC;D;20160614;000000;50.9;51.5;50.9;51;6700;344210
NKNC;D;20160615;000000;52;52.3;51.9;51.9;17400;904830
NKNC;D;20160616;000000;52.1;52.1;50;50.3;47000;2378670
NKNC;D;20160617;000000;50.5;52;50.4;52;15900;822610
NKNC;D;20160620;000000;51.8;53;51.8;53;23700;1248490
NKNC;D;20160621;000000;51.4;52.7;51.4;52.4;3000;157240
NKNC;D;20160622;000000;52.8;53.5;52.4;53.5;11900;632390
NKNC;D;20160623;000000;52.4;55;51.9;51.9;21100;1130950
NKNC;D;20160624;000000;53.9;54;52.7;53.3;14000;743410
NKNC;D;20160627;000000;52.5;53.8;52.4;52.7;48500;2568940
NKNC;D;20160628;000000;52.2;52.7;52.2;52.2;7100;372050
NKNC;D;20160629;000000;52.1;52.7;52.1;52.7;21000;1102990
NKNC;D;20160630;000000;53;53.1;52.4;53.1;13500;715450
NKNC;D;20160701;000000;53.1;53.2;52.5;52.8;16600;873470
NKNC;D;20160704;000000;53.2;53.5;53;53.5;26600;1416160
NKNC;D;20160705;000000;53;53.7;53;53.7;4500;241000
NKNC;D;20160706;000000;54.3;54.3;53.1;54;55700;3014900
NKNC;D;20160707;000000;53.7;55;53.7;54.4;8000;439040
NKNC;D;20160708;000000;55.5;55.5;53.1;54;22900;1230250
NKNC;D;20160711;000000;55.5;55.5;54.1;54.5;3100;169050
NKNC;D;20160712;000000;55.8;55.9;54.1;54.3;8100;444790
NKNC;D;20160713;000000;54.4;55.3;54;54;4500;244540
NKNC;D;20160714;000000;53.7;54.5;53.5;54.5;5800;313870
NKNC;D;20160715;000000;54;54.6;53.8;54.2;1900;102750
NKNC;D;20160718;000000;54;55.4;53.9;54.2;10000;546330
NKNC;D;20160719;000000;56.6;69.8;52.7;54.2;20200;1109060
NKNC;D;20160720;000000;54.7;54.7;54.2;54.2;1100;59920
NKNC;D;20160721;000000;55.1;55.4;54.3;54.8;4100;224530
NKNC;D;20160722;000000;54.8;55;54.3;54.9;12200;667680
NKNC;D;20160725;000000;54.3;55;54;54.1;9100;493010
NKNC;D;20160726;000000;53.4;54.1;53;54.1;24100;1289530
NKNC;D;20160727;000000;54.5;55;53.8;55;7000;383670
NKNC;D;20160728;000000;55;60.8;55;56.1;14300;799340
NKNC;D;20160729;000000;58.1;59.5;55.8;56.7;2200;125400
NKNC;D;20160801;000000;57.5;57.7;56.2;56.4;3900;222190
NKNC;D;20160802;000000;55.8;56.8;55.1;55.9;2100;117470
NKNC;D;20160803;000000;57.7;57.7;55.3;56.4;9500;531100
NKNC;D;20160804;000000;56.8;57.1;55.7;56;6600;370140
NKNC;D;20160805;000000;56.5;57;56.5;56.6;7500;425690
NKNC;D;20160808;000000;56.9;57;55.7;56.6;64100;3609420
NKNC;D;20160809;000000;56.6;60;55.3;57.9;26000;1507300
NKNC;D;20160810;000000;57.8;58;56.5;57.1;10700;611480
NKNC;D;20160811;000000;57.1;58.2;55.2;56.3;10800;606270
NKNC;D;20160812;000000;56.4;57.8;56.4;57.1;4700;269080
NKNC;D;20160815;000000;57;59.5;56.7;57.7;22400;1287970
NKNC;D;20160816;000000;57.8;58.8;57.7;58.2;1100;63910
NKNC;D;20160817;000000;58.9;58.9;55;56;59500;3403910
NKNC;D;20160818;000000;56;57.8;56;57;16900;962930
NKNC;D;20160819;000000;57.1;57.5;56.4;57;4300;245310
NKNC;D;20160822;000000;56;58;55.9;57;25300;1435570
NKNC;D;20160823;000000;57.4;57.8;57.1;57.5;6800;390260
NKNC;D;20160824;000000;58;58;56.8;57.7;2300;132670
NKNC;D;20160825;000000;56.9;58.5;56.9;58.5;8200;476420
NKNC;D;20160826;000000;59.4;61.6;58.5;59.3;80500;4795220
NKNC;D;20160829;000000;59.4;62.5;59.4;60.7;29700;1806000
NKNC;D;20160830;000000;61.2;62.1;61.2;62.1;4400;272020
NKNC;D;20160831;000000;62.8;64.9;62.8;64;18900;1205770
NKNC;D;20160901;000000;62.8;64.4;62.5;63.8;12800;802360
NKNC;D;20160902;000000;63.8;63.8;62;62.9;7600;475050
NKNC;D;20160905;000000;63.4;63.4;62.3;62.3;1700;106350
NKNC;D;20160906;000000;62.9;64.6;62.6;63;11900;754290
NKNC;D;20160907;000000;63;63.1;61.6;62.9;12300;768480
NKNC;D;20160908;000000;61.7;65;61.7;62.2;5200;323100
NKNC;D;20160909;000000;61.6;63.3;60;61.6;25800;1584300
NKNC;D;20160912;000000;61.7;61.7;57;61.1;10200;616160
NKNC;D;20160913;000000;61.1;64.5;61.1;62.6;11300;716790
NKNC;D;20160914;000000;62.3;63.6;62.3;63.3;3800;238700
NKNC;D;20160915;000000;63.2;64.8;63.2;64.4;39000;2486620
NKNC;D;20160916;000000;64.4;64.7;63.2;64.5;4800;309030
NKNC;D;20160919;000000;62.7;65;62.7;64.4;8200;528780
NKNC;D;20160920;000000;64.4;67.4;64.4;66.9;18300;1185620
NKNC;D;20160921;000000;67.4;68;66;67.5;8100;547370
NKNC;D;20160922;000000;65.1;67.8;64.9;67.1;5500;362890
NKNC;D;20160923;000000;66.5;67.9;66.5;67.7;10600;715720
NKNC;D;20160926;000000;68;69;63;65.8;68300;4499470
NKNC;D;20160927;000000;66.7;66.8;64.5;64.5;13100;856000
NKNC;D;20160928;000000;64.6;65.6;64;64.5;8500;548050
NKNC;D;20160929;000000;64.9;65.8;64.9;65.3;27700;1811010
NKNC;D;20160930;000000;66;66.7;65.3;66.7;11100;733820
NKNC;D;20161003;000000;66.8;66.8;66;66.2;17200;1145680
NKNC;D;20161004;000000;65.8;66.1;63.8;66.1;43400;2844790
NKNC;D;20161005;000000;65;66.3;63.3;66.3;14400;941140
NKNC;D;20161006;000000;65.1;67.8;65.1;66.7;6400;427440
NKNC;D;20161007;000000;67;72.8;66.5;72;39200;2715590
NKNC;D;20161010;000000;72.3;78.2;72.2;75.8;40300;3028690
NKNC;D;20161011;000000;76.8;80;76.8;79.9;78600;6184050
NKNC;D;20161012;000000;81.4;82.6;79;79.9;66100;5308730
NKNC;D;20161013;000000;78.8;79.9;78.4;79.2;20500;1619290
NKNC;D;20161014;000000;79.2;79.4;79;79;1800;142520
NKNC;D;20161017;000000;79.2;80.2;79;79;55700;4427000
NKNC;D;20161018;000000;78.8;79.1;78.6;79;13300;1050670
NKNC;D;20161019;000000;78.9;79;70.3;74.9;110300;8635640
NKNC;D;20161020;000000;74.8;76.2;72.6;76.2;53700;4049770
NKNC;D;20161021;000000;76.7;76.7;75.3;75.3;25700;1955060
NKNC;D;20161024;000000;76.1;80.2;75.6;76.8;8900;678820
NKNC;D;20161025;000000;77.8;82.5;76.6;78.1;53500;4207680
NKNC;D;20161026;000000;80.1;80.1;78;78.1;70100;5502310
NKNC;D;20161027;000000;79;79.8;78.3;78.9;30400;2405830
NKNC;D;20161028;000000;78.7;80.3;78.7;78.7;27400;2174430
NKNC;D;20161031;000000;78.9;78.9;72.4;74;31400;2360470
NKNC;D;20161101;000000;76.4;76.4;74.3;74.8;16800;1263730
NKNC;D;20161102;000000;74.5;74.7;73.2;73.2;3400;252590
NKNC;D;20161103;000000;73.2;73.8;73.1;73.8;1800;132180
NKNC;D;20161107;000000;73.7;77;73.7;76.7;7800;590780
NKNC;D;20161108;000000;77;77;75.2;76.4;28200;2134740
NKNC;D;20161109;000000;76.5;76.5;74.1;75.4;29500;2217560
NKNC;D;20161110;000000;75.4;76.3;73.2;75.5;6800;511660
NKNC;D;20161111;000000;75.4;75.9;75.3;75.9;6600;499180
NKNC;D;20161114;000000;76.3;76.4;75.7;75.7;2200;167280
NKNC;D;20161115;000000;75.7;75.7;73.9;75.7;5600;422430
NKNC;D;20161116;000000;76.1;76.1;75.9;76.1;6800;517220
NKNC;D;20161117;000000;76.3;76.3;76;76;800;60880
NKNC;D;20161118;000000;75.6;76;75.6;75.8;13200;1002460
NKNC;D;20161121;000000;76.3;76.3;56.9;74.4;12700;887480
NKNC;D;20161122;000000;69.1;75.2;69.1;74.8;22900;1715550
NKNC;D;20161123;000000;74.9;74.9;73.9;74.4;16500;1228960
NKNC;D;20161124;000000;74.6;75.1;73;74.9;86900;6499360
NKNC;D;20161125;000000;74;75;74;75;9400;704210
NKNC;D;20161128;000000;75.2;75.2;74.7;75.2;1100;82580
NKNC;D;20161129;000000;75.1;75.1;75;75.1;4000;300390
NKNC;D;20161130;000000;74.7;75.2;74.5;74.8;1600;119680
NKNC;D;20161201;000000;74.9;74.9;74.2;74.8;6400;478590
NKNC;D;20161202;000000;74.8;74.8;74.1;74.7;12000;896710
NKNC;D;20161205;000000;74.1;74.9;74;74.5;14900;1108850
NKNC;D;20161206;000000;74.6;74.8;73.8;74.4;6800;506350
NKNC;D;20161207;000000;74.7;75;74.3;75;10600;788830
NKNC;D;20161208;000000;75;75;71;74.3;9900;724230
NKNC;D;20161209;000000;74.6;74.7;72.7;73.1;32400;2402340
NKNC;D;20161212;000000;73;74.5;73;74;14900;1099480
NKNC;D;20161213;000000;74.5;74.7;74.2;74.2;4700;350400
NKNC;D;20161214;000000;74.5;74.5;71.2;74.5;18500;1356340
NKNC;D;20161215;000000;73.4;73.7;60.7;66.7;79100;5528720
NKNC;D;20161216;000000;68;70.9;68;70.9;24000;1674840
NKNC;D;20161219;000000;70.5;70.5;70;70.3;5100;358480
NKNC;D;20161220;000000;69.8;70.5;67.1;68.9;9300;645300
NKNC;D;20161221;000000;69.2;74.8;69.2;73.5;43400;3119240
NKNC;D;20161222;000000;73.5;74.5;73;73.7;19100;1416300
NKNC;D;20161223;000000;74;74.4;73.5;74.4;7600;562110
NKNC;D;20161226;000000;74.8;75.5;72.5;73.5;81200;6004320
NKNC;D;20161227;000000;73.8;74.3;72.7;73.3;42900;3134810
NKNC;D;20161228;000000;73.2;73.2;71.6;72;12200;880510
NKNC;D;20161229;000000;72.2;76;72.2;76;54400;4036840
NKNC;D;20161230;000000;79.7;79.8;73.3;76.1;546300;42724180
NKNC;D;20170103;000000;75.3;75.3;71.8;74.6;22600;1672100
NKNC;D;20170104;000000;74.8;74.9;74;74;4300;320540
NKNC;D;20170105;000000;74;74.4;74;74.4;1500;111410
NKNC;D;20170106;000000;74.9;74.9;70.3;73;24700;1788150
NKNC;D;20170109;000000;73;73.4;72.2;73.3;10000;725390
NKNC;D;20170110;000000;73.3;73.3;72.4;72.9;10600;775330
NKNC;D;20170111;000000;72.5;72.9;71;71.7;30200;2174990
NKNC;D;20170112;000000;71;72.7;71;72.2;18700;1350440
NKNC;D;20170113;000000;72.5;73;72.1;72.3;5800;420450
NKNC;D;20170116;000000;73.2;73.2;72.5;72.7;3900;283860
NKNC;D;20170117;000000;73.1;73.1;72.9;73;2100;153290
NKNC;D;20170118;000000;72.9;72.9;72.6;72.9;4000;291090
NKNC;D;20170119;000000;73;73;72.9;73;800;58350
NKNC;D;20170120;000000;73.2;73.4;72.3;73.4;6500;473400
NKNC;D;20170123;000000;73.2;73.2;72.7;73.1;3500;255250
NKNC;D;20170124;000000;73;73.3;72.8;72.8;2400;175300
NKNC;D;20170125;000000;72.8;73.1;72.5;73.1;13300;970120
NKNC;D;20170126;000000;73.1;73.1;72.8;72.8;2300;167790
NKNC;D;20170127;000000;72.7;72.9;72.4;72.5;7500;544410
NKNC;D;20170130;000000;72.8;72.9;72.5;72.8;5400;392840
NKNC;D;20170131;000000;73;73.4;72.9;72.9;4300;313600
NKNC;D;20170201;000000;73.5;73.6;72.5;72.7;10800;785280
NKNC;D;20170202;000000;72.7;73;72.5;72.7;10800;785320
NKNC;D;20170203;000000;72.7;72.7;72.2;72.6;12600;913460
NKNC;D;20170206;000000;72.3;72.3;70.7;71.9;19600;1409290
NKNC;D;20170207;000000;71.3;72.1;71.3;72;2800;200950
NKNC;D;20170208;000000;71.2;72.2;71.2;72.2;9100;650690
NKNC;D;20170209;000000;72.3;72.3;71.7;72.3;11000;792370
NKNC;D;20170210;000000;72.3;73;72.3;72.7;9600;697500
NKNC;D;20170213;000000;72.9;72.9;71.9;72;7300;527740
NKNC;D;20170214;000000;72.1;72.1;70.7;72;15000;1076820
NKNC;D;20170215;000000;71.8;72;70.8;71.1;4100;293900
NKNC;D;20170216;000000;71.1;71.2;69.2;70.8;20900;1476610
NKNC;D;20170217;000000;69.9;71;69.9;70.8;6200;436620
NKNC;D;20170220;000000;69.8;70;67.4;70;10800;750360
NKNC;D;20170221;000000;70.2;70.2;69.8;69.8;2800;195670
NKNC;D;20170222;000000;69;69.7;69;69.7;2800;194750
NKNC;D;20170224;000000;69.7;71;69.7;71;9600;677500
NKNC;D;20170227;000000;71;72.2;70.9;71;29800;2129820
NKNC;D;20170228;000000;70.8;70.8;69.7;69.7;4200;294800
NKNC;D;20170301;000000;69.2;69.2;67.9;68;13600;928700
NKNC;D;20170302;000000;68.2;68.7;65.2;67.4;8600;579140
NKNC;D;20170303;000000;67;67;65.3;66.3;8900;590350
NKNC;D;20170306;000000;66.5;67.2;66.4;67;8000;533890
NKNC;D;20170307;000000;67.8;67.8;66.9;67;1300;87200
NKNC;D;20170309;000000;65;65;58.1;60.7;37900;2322280
NKNC;D;20170310;000000;60.2;62;58.6;62;6200;378600
NKNC;D;20170313;000000;62.3;62.9;61;61.9;6700;413090
NKNC;D;20170314;000000;61.1;62;61.1;61.7;9700;599550
NKNC;D;20170315;000000;61.9;62.3;61.6;61.9;13900;858400
NKNC;D;20170316;000000;62.1;62.2;61.8;61.9;15800;977600
NKNC;D;20170317;000000;61.9;62.3;59.2;60;38000;2315210
NKNC;D;20170320;000000;60.1;60.4;59.1;59.9;5300;316590
NKNC;D;20170321;000000;60;60;58.4;59.4;32900;1941300
NKNC;D;20170322;000000;59.6;59.7;59.1;59.2;4100;244120
NKNC;D;20170323;000000;59.5;59.5;58;58.4;8600;507980
NKNC;D;20170324;000000;58.5;58.6;56.5;56.8;8500;490540
NKNC;D;20170327;000000;57.2;57.2;54.3;54.6;11300;623820
NKNC;D;20170328;000000;55;55.6;54.7;55.4;2900;160000
NKNC;D;20170329;000000;55.5;55.8;53.7;54.2;19200;1050630
NKNC;D;20170330;000000;53.5;53.9;50;52.3;51300;2680560
NKNC;D;20170331;000000;52;54.2;52;53.6;20200;1082360
NKNC;D;20170403;000000;53.9;55;52.1;54.9;10500;565940
NKNC;D;20170404;000000;54.4;58;54.4;56.8;13600;767450
NKNC;D;20170405;000000;56.2;64;56.2;59.6;46500;2859250
NKNC;D;20170406;000000;59.3;62.9;59.1;59.8;19500;1189730
NKNC;D;20170407;000000;60.2;62.9;58.4;59;23600;1428400
NKNC;D;20170410;000000;57.8;58.1;57;57;2700;154830
NKNC;D;20170411;000000;57.2;57.3;56.5;56.7;8000;453490
NKNC;D;20170412;000000;57.2;58.2;57;58.1;9800;566080
NKNC;D;20170413;000000;57.2;59;56.4;56.4;6100;356690
NKNC;D;20170414;000000;57.9;57.9;56.3;56.3;500;28590
NKNC;D;20170417;000000;55.7;56.9;55.4;56;30300;1694440
NKNC;D;20170418;000000;52.4;55.5;52.4;55.5;5500;303300
NKNC;D;20170419;000000;54.6;55.3;51.9;55;2800;149490
NKNC;D;20170420;000000;53.7;55.2;51;53.1;5800;308030
NKNC;D;20170421;000000;53.6;57;53.6;54.8;14900;824230
NKNC;D;20170424;000000;55.8;56;55.4;55.4;7600;424260
NKNC;D;20170425;000000;55.4;55.9;54.2;54.2;12000;669550
NKNC;D;20170426;000000;55.7;56;54.9;55.2;9100;504970
NKNC;D;20170427;000000;55.2;55.5;53.3;54.4;4200;230170
NKNC;D;20170428;000000;54.6;55.2;52.9;53.1;12900;689950
NKNC;D;20170502;000000;52.3;53.9;52.3;53.5;3700;197950
NKNC;D;20170503;000000;52.3;53.3;51.4;53;3100;161520
NKNC;D;20170504;000000;53.9;54.6;52.1;52.5;3200;171320
NKNC;D;20170505;000000;53.3;53.8;53;53;1400;74830
NKNC;D;20170510;000000;52.3;52.3;50;51.3;19100;971720
NKNC;D;20170511;000000;51.3;51.3;50.7;50.7;7600;388330
NKNC;D;20170512;000000;50.9;52.2;50.9;51.4;19800;1024120
NKNC;D;20170515;000000;51.7;51.8;50.9;51.6;11800;604400
NKNC;D;20170516;000000;51.2;52.2;50.8;52.2;10700;549720
NKNC;D;20170517;000000;52.1;52.1;51.3;52;6200;320580
NKNC;D;20170518;000000;50.7;53.2;50.7;52.4;1700;88910
NKNC;D;20170519;000000;52.7;52.7;52.7;52.7;500;26350
NKNC;D;20170522;000000;52.3;53.3;52.3;52.4;2600;137150
NKNC;D;20170523;000000;52.6;53;50.8;52.9;8800;460960
NKNC;D;20170524;000000;53.4;53.5;51.9;52;7000;369290
NKNC;D;20170525;000000;53.2;53.2;52.2;53;3900;206250
NKNC;D;20170526;000000;52.9;52.9;51.4;51.9;3300;171040
NKNC;D;20170529;000000;50.6;52.3;50.6;51.9;1600;82810
NKNC;D;20170530;000000;51;52;50.7;52;12600;648870
NKNC;D;20170531;000000;50.6;51.6;50;51;4900;246900
NKNC;D;20170601;000000;50.2;51.4;50.1;50.8;500;25320
NKNC;D;20170602;000000;50.4;50.7;50.1;50.4;7100;357780
NKNC;D;20170605;000000;50.9;50.9;46;49;22700;1081390
NKNC;D;20170606;000000;49.2;49.2;48.1;49.2;3500;171610
NKNC;D;20170607;000000;48.1;49.9;48.1;48.6;8200;407700
NKNC;D;20170608;000000;48.1;49.8;47.9;48.9;1100;53410
NKNC;D;20170609;000000;49;49.6;48.6;48.6;400;19670
NKNC;D;20170613;000000;48.6;48.8;48.5;48.5;5200;253170
NKNC;D;20170614;000000;48.8;49.7;48.4;48.9;13200;645330
NKNC;D;20170615;000000;49.1;49.1;48.5;48.9;1700;83170
NKNC;D;20170616;000000;48.9;48.9;47.9;48;2100;101370
NKNC;D;20170619;000000;48.2;48.6;47.5;48.5;3600;173300
NKNC;D;20170620;000000;47.5;48.4;45;47.6;21500;1007830
NKNC;D;20170621;000000;47.1;48;46.2;46.2;4800;226550
NKNC;D;20170622;000000;46.3;46.3;45.5;45.9;3300;151160
NKNC;D;20170623;000000;45.7;47.8;45;46.8;7800;366240
NKNC;D;20170626;000000;46.8;47;46;46.5;4500;209330
NKNC;D;20170627;000000;46.7;46.7;46;46;800;36920
NKNC;D;20170628;000000;46.9;46.9;45.8;45.8;9600;443160
NKNC;D;20170629;000000;45.8;47.1;45.5;45.9;7300;334340
NKNC;D;20170630;000000;45.9;46;44;44.8;35400;1570260
NKNC;D;20170703;000000;45;45;44;44.7;3600;159760
NKNC;D;20170704;000000;44.1;44.7;44.1;44.4;10000;444660
NKNC;D;20170705;000000;44.4;44.8;44.4;44.8;4600;205500
NKNC;D;20170706;000000;45.2;45.3;44.7;45.3;6200;278640
NKNC;D;20170707;000000;45.4;45.8;44.9;45.7;19200;867730
NKNC;D;20170710;000000;45.1;46;45.1;45.9;10600;483570
NKNC;D;20170711;000000;46.9;46.9;45.2;46;15600;714980
NKNC;D;20170712;000000;45.8;46.1;45.3;46;13400;614630
NKNC;D;20170713;000000;46;46.1;45.9;45.9;3800;174890
NKNC;D;20170714;000000;46.8;47.4;46.6;46.8;3000;140510
NKNC;D;20170717;000000;47.8;49.2;47.8;48.1;12300;590980
NKNC;D;20170718;000000;49.3;49.8;47.5;48.2;10000;484700
NKNC;D;20170719;000000;47.7;48.4;46;47.9;4100;193560
NKNC;D;20170720;000000;48.3;51.6;48.3;50;46000;2301260
NKNC;D;20170721;000000;50;50.6;47.9;49;20900;1018040
NKNC;D;20170724;000000;49.2;51;47.9;47.9;13500;667400
NKNC;D;20170725;000000;49.4;50.1;48;48;6800;333090
NKNC;D;20170726;000000;48.8;51.1;48.5;50.5;10100;503520
NKNC;D;20170727;000000;51.4;51.4;49.6;50.5;9100;459400
NKNC;D;20170728;000000;50.4;50.4;49.5;49.5;7200;359870
NKNC;D;20170731;000000;50.2;52.9;49.4;50.2;40000;2050200
NKNC;D;20170801;000000;50.9;50.9;49.8;50.8;3200;161730
NKNC;D;20170802;000000;50.8;51.8;50.7;50.9;3000;153400
NKNC;D;20170803;000000;51.7;52;50.3;51.4;7700;395370
NKNC;D;20170804;000000;51.4;51.4;50.7;50.8;1500;76420
NKNC;D;20170807;000000;51.7;51.7;50.8;51;3000;153050
NKNC;D;20170808;000000;51.5;51.5;49;50;11000;546940
NKNC;D;20170809;000000;50.1;51.4;50.1;50.9;7200;364670
NKNC;D;20170810;000000;50.9;51.5;50.4;51.3;7600;388980
NKNC;D;20170811;000000;51.5;51.5;50.7;50.9;3500;179080
NKNC;D;20170814;000000;51.2;52;51.1;51.6;2600;133910
NKNC;D;20170815;000000;50.8;51.5;50.7;51.1;2800;143400
NKNC;D;20170816;000000;51.6;51.6;50.9;51.1;6600;339150
NKNC;D;20170817;000000;51.7;53;51.7;51.7;4300;223470
NKNC;D;20170818;000000;51.6;51.6;50;51.1;16400;836410
NKNC;D;20170821;000000;52.1;52.1;49;51;18000;895800
NKNC;D;20170822;000000;50.5;51.4;50.5;50.6;14200;723370
NKNC;D;20170823;000000;50.8;51;50.4;51;5500;278100
NKNC;D;20170824;000000;51;51;49;50.3;21900;1083490
NKNC;D;20170825;000000;50.5;50.7;49.5;49.5;12500;626460
NKNC;D;20170828;000000;50;50;49.1;49.7;6900;342620
NKNC;D;20170829;000000;50;50;48.2;48.6;17200;842640
NKNC;D;20170830;000000;47.7;49.1;47.5;48.5;38600;1875660
NKNC;D;20170831;000000;48.2;52.7;48.1;49.6;41700;2078820
NKNC;D;20170901;000000;50.9;51;49.3;49.5;3100;155210
NKNC;D;20170904;000000;49.4;49.6;49;49.5;13400;662840
NKNC;D;20170905;000000;50.6;50.6;49.1;50;37300;1863360
NKNC;D;20170906;000000;50;50;48.9;49.3;27400;1352180
NKNC;D;20170907;000000;50;50;48.9;49.6;7900;392110
NKNC;D;20170908;000000;49.7;49.8;49.2;49.5;14000;691530
NKNC;D;20170911;000000;49.8;49.8;49.2;49.5;26700;1320550
NKNC;D;20170912;000000;49.9;49.9;49.1;49.5;19300;954620
NKNC;D;20170913;000000;49.7;49.7;49.5;49.7;9400;465760
NKNC;D;20170914;000000;49.4;49.4;49;49.3;11100;546130
NKNC;D;20170915;000000;49.1;49.5;49.1;49.2;9300;458430
NKNC;D;20170918;000000;48.8;49.8;48.2;49.1;32500;1595380
NKNC;D;20170919;000000;49.3;50.7;49.1;49.7;6800;337260
NKNC;D;20170920;000000;49.5;50.1;48.7;49.4;23200;1139080
NKNC;D;20170921;000000;48.6;49.9;48.6;49.5;10400;515130
NKNC;D;20170922;000000;49.7;49.9;48.1;48.7;8600;422400
NKNC;D;20170925;000000;48.4;49.5;48.4;49.4;14600;716170
NKNC;D;20170926;000000;50;50.4;49.1;49.6;12500;619020
NKNC;D;20170927;000000;49.7;49.7;49.4;49.5;17400;861350
NKNC;D;20170928;000000;50.4;52.4;48.4;49.5;16800;830000
NKNC;D;20170929;000000;49.5;49.5;49.3;49.3;4500;222420
NKNC;D;20171002;000000;49.3;49.6;48.7;49.4;18500;911010
NKNC;D;20171003;000000;49.6;49.8;49;49;4200;206790
NKNC;D;20171004;000000;49;49.3;48.7;49.3;7000;342870
NKNC;D;20171005;000000;49;49.1;48.9;48.9;1300;63700
NKNC;D;20171006;000000;49;49.2;48.6;49;6100;299080
NKNC;D;20171009;000000;49.1;49.2;48.8;48.9;4300;210660
NKNC;D;20171010;000000;49.1;49.5;48.8;49.3;11300;555370
NKNC;D;20171011;000000;49.3;50.3;49;49;2600;129690
NKNC;D;20171012;000000;50;50;48.9;48.9;2900;142330
NKNC;D;20171013;000000;49.3;49.3;48.8;49.1;1400;68470
NKNC;D;20171016;000000;50.3;50.3;49;49.2;15700;771920
NKNC;D;20171017;000000;49.3;49.4;49;49.1;7500;369990
NKNC;D;20171018;000000;49.9;49.9;48.5;49;41500;2023800
NKNC;D;20171019;000000;49;49;48.4;48.4;14800;722910
NKNC;D;20171020;000000;48.7;49.1;48.1;48.1;10100;489020
NKNC;D;20171023;000000;48.5;48.8;48.5;48.5;4000;194530
NKNC;D;20171024;000000;49;49.1;48.8;49;3800;186180
NKNC;D;20171025;000000;48.9;48.9;48.4;48.9;12000;585150
NKNC;D;20171026;000000;48.9;49;48.3;48.6;6600;321730
NKNC;D;20171027;000000;50.4;50.4;48.4;48.7;2500;123740
NKNC;D;20171030;000000;48.8;49.5;48.4;48.8;9000;439160
NKNC;D;20171031;000000;48.8;48.8;48.7;48.7;3700;180540
NKNC;D;20171101;000000;48.8;48.8;48.3;48.7;20800;1011260
NKNC;D;20171102;000000;49;49;48.2;48.2;3700;178810
NKNC;D;20171103;000000;48.2;48.2;48.1;48.1;2000;96230
NKNC;D;20171107;000000;47.5;48.7;47.5;48.1;9700;465680
NKNC;D;20171108;000000;48.5;48.7;48.3;48.7;2500;121120
NKNC;D;20171109;000000;48.1;48.7;47.8;47.9;19000;915570
NKNC;D;20171110;000000;48.3;48.4;47.6;48.3;6400;308530
NKNC;D;20171113;000000;48.1;48.7;48;48.5;13000;626870
NKNC;D;20171114;000000;48.2;48.4;48;48.1;22000;1057880
NKNC;D;20171115;000000;48.3;55.5;48.1;48.7;72300;3547490
NKNC;D;20171116;000000;48.5;50.9;48.3;49.8;34700;1713910
NKNC;D;20171117;000000;50.6;54.3;49.6;49.6;19500;994820
NKNC;D;20171120;000000;50.8;51.1;49.7;50.1;6600;332470
NKNC;D;20171121;000000;49.9;50.1;49.9;50.1;5300;265020
NKNC;D;20171122;000000;50.6;52.3;50.3;50.5;13900;712250
NKNC;D;20171123;000000;50.4;52.4;48.4;52;48100;2440540
NKNC;D;20171124;000000;51.5;52.6;51;51.5;52300;2742360
NKNC;D;20171127;000000;51.7;52.8;51.6;52.4;82400;4322580
NKNC;D;20171128;000000;52.3;52.6;51.4;51.4;46800;2433960
NKNC;D;20171129;000000;51.5;51.5;49.8;50.5;10400;522890
NKNC;D;20171130;000000;51;51;49.5;50.9;22600;1144520
NKNC;D;20171201;000000;50.1;50.9;48.6;49.8;18500;916450
NKNC;D;20171204;000000;49.2;50.1;48.2;50.1;26100;1272390
NKNC;D;20171205;000000;49.8;50.1;48.7;49.9;5500;273710
NKNC;D;20171206;000000;49.5;51;49.5;50.4;9400;472820
NKNC;D;20171207;000000;50.4;50.4;50.3;50.3;23200;1167220
NKNC;D;20171208;000000;49.9;52.2;49.9;51;24600;1258660
NKNC;D;20171211;000000;50.9;52.2;50.7;51.8;52100;2701940
NKNC;D;20171212;000000;51.5;52.1;50.7;51.3;15900;820690
NKNC;D;20171213;000000;51;51.8;50.4;51.2;21000;1067890
NKNC;D;20171214;000000;51.1;51.1;51;51.1;3200;163410
NKNC;D;20171215;000000;51.7;52.2;51.7;52.1;4200;218660
NKNC;D;20171218;000000;51.8;51.8;51.1;51.6;4000;206130
NKNC;D;20171219;000000;51.5;51.5;51.5;51.5;2600;133900
NKNC;D;20171220;000000;51.1;52;51;52;7500;387380
NKNC;D;20171221;000000;52;52.1;51.3;51.9;10000;519820
NKNC;D;20171222;000000;51.9;53;51.9;52.1;25200;1321070
NKNC;D;20171225;000000;52.5;54.4;51.4;52.3;18400;968920
NKNC;D;20171226;000000;51.6;52.3;51.5;51.5;7600;393770
NKNC;D;20171227;000000;52.4;53.8;52.3;53;3000;158970
NKNC;D;20171228;000000;53.8;55.2;51.4;51.5;18800;984280
NKNC;D;20171229;000000;52;52.8;51.2;51.4;18200;942050
NKNC;D;20180103;000000;53.2;53.2;52;52.2;4800;250840
NKNC;D;20180104;000000;53.1;53.1;52;52.1;4500;234750
NKNC;D;20180105;000000;52.1;53.2;52;52.1;1900;99800
NKNC;D;20180109;000000;52.3;52.7;52.1;52.7;5400;282670
NKNC;D;20180110;000000;52.7;53.5;52.2;53;15200;806410
NKNC;D;20180111;000000;53;54.1;52.5;54;20100;1067130
NKNC;D;20180112;000000;53.6;56.6;53.4;55.5;43900;2410900
NKNC;D;20180115;000000;56.5;59.8;56.2;57.9;25100;1462590
NKNC;D;20180116;000000;58.4;59.1;57.8;58.5;8500;495840
NKNC;D;20180117;000000;57.9;57.9;56.5;56.7;5900;336540
NKNC;D;20180118;000000;57.1;57.6;55.8;55.8;9400;530240
NKNC;D;20180119;000000;55.5;56.7;55.5;56.1;2900;162070
NKNC;D;20180122;000000;56.8;56.8;55.1;55.5;11800;661300
NKNC;D;20180123;000000;56.3;56.7;54.5;55.1;15100;828490
NKNC;D;20180124;000000;54.6;58.4;54.3;57.1;67200;3746650
NKNC;D;20180125;000000;57.2;58.2;56.7;57.4;15700;900480
NKNC;D;20180126;000000;58;58.6;56.6;56.6;16700;971150
NKNC;D;20180129;000000;57.9;57.9;56.5;56.8;7900;452830
NKNC;D;20180130;000000;56.7;58.4;56.7;57.9;10000;579010
NKNC;D;20180131;000000;57.8;58.7;56.9;58.7;27700;1606890
NKNC;D;20180201;000000;58.3;64.4;58.3;60.7;40200;2417960
NKNC;D;20180202;000000;61.5;61.5;59;60;10300;623170
NKNC;D;20180205;000000;59.9;60.2;59.1;60;18500;1110000
NKNC;D;20180206;000000;56.1;59.2;56.1;58.2;23400;1358580
NKNC;D;20180207;000000;59.3;59.5;58.4;58.7;8500;499550
NKNC;D;20180208;000000;58.2;59;57.7;57.7;15500;909560
NKNC;D;20180209;000000;57.9;58.2;55.4;58;15800;903430
NKNC;D;20180212;000000;56.5;57.5;56.4;57.5;22800;1298910
NKNC;D;20180213;000000;56.5;58;56.5;58;13300;770970
NKNC;D;20180214;000000;57.7;58.5;56.2;57.3;21400;1232890
NKNC;D;20180215;000000;58.5;61.2;58.5;61.2;39100;2335050
NKNC;D;20180216;000000;59.6;60;58;58;36100;2102610
NKNC;D;20180219;000000;54.9;57.4;54.9;56;44200;2506090
NKNC;D;20180220;000000;55.8;58.3;55.8;58;25300;1450130
NKNC;D;20180221;000000;57.6;57.9;56.7;56.8;14600;830570
NKNC;D;20180222;000000;57.2;57.3;56.2;56.6;23200;1317500
NKNC;D;20180226;000000;56.4;57.3;56.4;56.5;27900;1588560
NKNC;D;20180227;000000;56.7;57.8;56.1;57;11000;625730
NKNC;D;20180228;000000;56.7;57.9;56.5;56.5;20300;1151680
NKNC;D;20180301;000000;57.8;61.5;56.6;60;72400;4267980
NKNC;D;20180302;000000;59.8;60;58.5;60;9900;585580
NKNC;D;20180305;000000;60;60;58.6;58.6;1500;89830
NKNC;D;20180306;000000;58.7;59.9;58.7;59;5200;310730
NKNC;D;20180307;000000;59;59.9;58;58.9;12200;715680
NKNC;D;20180309;000000;59;59;58.7;58.9;3100;182560
NKNC;D;20180312;000000;58.1;59.6;57;57.2;23700;1368860
NKNC;D;20180313;000000;57.4;58.2;55;57.1;32400;1838800
NKNC;D;20180314;000000;57.5;58;56.7;56.7;11200;639580
NKNC;D;20180315;000000;56.7;57.5;55.1;56.7;30600;1733000
NKNC;D;20180316;000000;56.7;58.9;56.1;58.7;70200;4036450
NKNC;D;20180319;000000;57.7;57.7;57;57.5;4400;252100
NKNC;D;20180320;000000;57.3;57.3;56.2;57;7900;449200
NKNC;D;20180321;000000;57;57.9;55.8;57.5;24100;1375070
NKNC;D;20180322;000000;56.7;58;56.5;57.1;4000;228950
NKNC;D;20180323;000000;56.6;57.1;56.5;57.1;700;39710
NKNC;D;20180326;000000;56.8;57.5;56.5;57;2700;153650
NKNC;D;20180327;000000;57.1;58.1;57;58.1;78200;4471990
NKNC;D;20180328;000000;57.2;58.2;56.6;58.2;7300;415770
NKNC;D;20180329;000000;57.7;58.2;57;57.1;1800;103590
NKNC;D;20180330;000000;57.6;57.6;57.1;57.1;500;28620
NKNC;D;20180402;000000;56.9;57.2;56.9;57;800;45620
NKNC;D;20180403;000000;56.6;57.9;56.4;57.1;12600;722280
NKNC;D;20180404;000000;56.5;57.2;56.5;57.2;2800;158980
NKNC;D;20180405;000000;56;57.7;56;57;600;34150
NKNC;D;20180406;000000;57.7;57.7;56.9;57.2;3900;222730
NKNC;D;20180409;000000;56.4;56.6;50;53.4;32800;1701410
NKNC;D;20180410;000000;51.8;56.5;50.2;54.1;18900;1040040
NKNC;D;20180411;000000;54.4;56.4;51.1;53.3;28400;1554810
NKNC;D;20180412;000000;52.6;55;52.6;54.1;11500;626530
NKNC;D;20180413;000000;55.4;55.4;54.9;54.9;1500;82580
NKNC;D;20180416;000000;54.3;54.8;53.8;53.9;15300;827640
NKNC;D;20180417;000000;54.7;54.7;54.1;54.5;1100;59950
NKNC;D;20180418;000000;55.6;55.9;55;55;8600;478510
NKNC;D;20180419;000000;53.8;54.6;53.8;54.6;1400;75570
NKNC;D;20180420;000000;54.3;54.7;53.9;54.2;2100;113920
NKNC;D;20180423;000000;54;54.6;53;54.1;9100;485750
NKNC;D;20180424;000000;54.1;54.9;54;54.6;3800;207180
NKNC;D;20180425;000000;55;55;54.4;54.4;18700;1028130
NKNC;D;20180426;000000;54.9;55;54.3;54.3;1900;103980
NKNC;D;20180427;000000;54.4;54.9;54.4;54.8;2800;153550
NKNC;D;20180428;000000;54.3;54.5;53.2;53.2;7500;401680
NKNC;D;20180430;000000;53.5;53.7;53.5;53.6;4900;262390
NKNC;D;20180502;000000;54.1;54.1;53.6;53.6;1100;59380
NKNC;D;20180503;000000;53.6;53.6;53.4;53.5;4800;256590
NKNC;D;20180504;000000;53.8;53.8;53;53.5;6200;331050
NKNC;D;20180507;000000;53.5;53.6;53;53.2;8300;441580
NKNC;D;20180508;000000;53.6;53.6;53.1;53.4;1500;80010
NKNC;D;20180510;000000;53.5;53.7;53.2;53.2;2600;139040
NKNC;D;20180511;000000;53.7;53.7;53.1;53.2;11400;609610
NKNC;D;20180514;000000;53.8;53.9;52.7;53.1;1500;79920
NKNC;D;20180515;000000;53.3;53.3;53;53;2200;117070
NKNC;D;20180516;000000;53.4;53.9;53.4;53.9;19800;1062270
NKNC;D;20180517;000000;53.8;53.8;51.1;52.2;87000;4561470
NKNC;D;20180518;000000;51.9;52.2;51.9;52.1;1900;98800
NKNC;D;20180521;000000;52.1;52.1;51.7;51.9;3600;186680
NKNC;D;20180522;000000;52.3;52.3;50.9;51.5;9700;498410
NKNC;D;20180523;000000;51;51.3;50.4;50.4;9000;456270
NKNC;D;20180524;000000;51.1;51.2;51;51;2600;132630
NKNC;D;20180525;000000;51.3;51.3;50.3;50.4;2100;106170
NKNC;D;20180528;000000;51.8;52;50.7;51.6;7600;392330
NKNC;D;20180529;000000;51.8;51.8;50.5;51.4;1000;51260
NKNC;D;20180530;000000;51.6;51.6;50.6;50.9;8800;446300
NKNC;D;20180531;000000;51;53.7;50.5;52.7;43100;2236360
NKNC;D;20180601;000000;53.7;54.4;52.8;53;3900;207730
NKNC;D;20180604;000000;53.7;53.7;52;53.3;36400;1928490
NKNC;D;20180605;000000;53.3;53.9;53;53.8;21200;1128170
NKNC;D;20180606;000000;54.3;54.3;52.9;53.5;2400;128310
NKNC;D;20180607;000000;53.4;54.1;53.1;53.5;15400;827030
NKNC;D;20180608;000000;54.2;54.3;53.4;53.5;17600;946800
NKNC;D;20180609;000000;55.7;55.7;53.2;53.9;5800;312030
NKNC;D;20180611;000000;54.3;54.3;54.3;54.3;300;16290
NKNC;D;20180613;000000;53.8;54.4;53.5;54;4500;241840
NKNC;D;20180614;000000;56.8;56.8;53.8;54.3;4900;265700
NKNC;D;20180615;000000;54.4;54.4;54;54;1700;92110
NKNC;D;20180618;000000;53.6;54.3;53.6;54.3;14700;797060
NKNC;D;20180619;000000;54.3;54.6;53.2;54.3;4800;259670
NKNC;D;20180620;000000;54.1;55.8;53.1;55.5;13200;721460
NKNC;D;20180621;000000;55.4;55.5;55.1;55.5;7100;393000
NKNC;D;20180622;000000;55.8;56;54.6;54.6;6200;343600
NKNC;D;20180625;000000;55.3;55.5;54.5;54.8;5200;286920
NKNC;D;20180626;000000;55.1;55.4;55;55.2;1800;99210
NKNC;D;20180627;000000;55;55.6;54.8;55;66400;3659570
NKNC;D;20180628;000000;54.7;54.7;54.7;54.7;100;5470
NKNC;D;20180629;000000;54.8;55.2;54.8;55.2;2800;153710
NKNC;D;20180702;000000;55.7;55.7;55.4;55.5;5900;327350
NKNC;D;20180703;000000;54.9;55.4;54.5;55.4;3500;192000
NKNC;D;20180704;000000;55.5;55.8;55.4;55.8;2700;150010
NKNC;D;20180705;000000;56;58.1;55.9;57.9;28100;1607110
NKNC;D;20180706;000000;57.6;57.6;56.6;56.8;3800;216480
NKNC;D;20180709;000000;56.6;57.3;53.6;55;39000;2177130
NKNC;D;20180710;000000;55.4;56.5;53.9;54;25000;1372960
NKNC;D;20180711;000000;54;57.2;54;57;15500;860550
NKNC;D;20180712;000000;56.5;58.6;53.7;55;59200;3275920
NKNC;D;20180713;000000;54.7;55.5;53.7;55;9700;530510
NKNC;D;20180716;000000;54.6;56.4;54.4;55.7;17200;955050
NKNC;D;20180717;000000;55;56.9;54.8;56;18900;1043190
NKNC;D;20180718;000000;56.5;57;55.2;55.2;16100;908800
NKNC;D;20180719;000000;56;56;55.1;55.7;9000;499890
NKNC;D;20180720;000000;56.2;57;55.1;57;16800;947880
NKNC;D;20180723;000000;57.2;58.5;55.4;57.3;54700;3140030
NKNC;D;20180724;000000;57;58.3;56;56.8;9200;522270
NKNC;D;20180725;000000;56;56.9;55.9;56.6;2700;152870
NKNC;D;20180726;000000;56;56;55.5;56;2200;122890
NKNC;D;20180727;000000;55.5;55.8;55;55.8;7700;425750
NKNC;D;20180730;000000;56;56;54.1;54.9;25500;1401100
NKNC;D;20180731;000000;55.2;55.8;55;55;4700;260290
NKNC;D;20180801;000000;55.6;55.6;54.8;55;7900;435120
NKNC;D;20180802;000000;55;55;54.8;54.8;8400;461520
NKNC;D;20180803;000000;55;60;55;56;21600;1212220
NKNC;D;20180806;000000;57.6;58;54.8;56.4;26000;1446940
NKNC;D;20180807;000000;56.2;57.2;55.2;56.4;17300;965800
NKNC;D;20180808;000000;57.6;57.8;55.8;56.2;20300;1158400
NKNC;D;20180809;000000;56.4;56.4;55;56;33500;1862280
NKNC;D;20180810;000000;56.8;57;55.4;55.4;19400;1095900
NKNC;D;20180813;000000;56.2;56.6;55.4;56;11300;633120
NKNC;D;20180814;000000;56.6;57;56.2;57;2700;153500
NKNC;D;20180815;000000;57.4;57.4;55;56.6;22500;1241520
NKNC;D;20180816;000000;56.4;57;55.2;55.2;3200;178840
NKNC;D;20180817;000000;55;55.2;54.8;55.2;9100;500400
NKNC;D;20180820;000000;55;57.4;55;56.6;46300;2628000
NKNC;D;20180821;000000;57;57;55.8;56.6;1300;73300
NKNC;D;20180822;000000;57.2;57.8;56;57.8;16300;934560
NKNC;D;20180823;000000;57.4;57.8;56.4;56.4;17600;1005300
NKNC;D;20180824;000000;56.6;57.8;55.2;57;12900;726360
NKNC;D;20180827;000000;57;57;55.8;56.8;12500;702540
NKNC;D;20180828;000000;57.2;57.2;56;57.2;10900;616180
NKNC;D;20180829;000000;58;58.6;56;56.6;21700;1225400
NKNC;D;20180830;000000;57;58.4;56;57.2;175000;10099020
NKNC;D;20180831;000000;58.4;59;57;57;9000;521120
NKNC;D;20180903;000000;58.2;60.2;58;59.6;11600;682200
NKNC;D;20180904;000000;59.8;63.2;59.8;61;29500;1808600
NKNC;D;20180905;000000;62.2;62.2;59.6;59.6;16500;1005100
NKNC;D;20180906;000000;60.6;61.4;60;61;12300;751700
NKNC;D;20180907;000000;61.2;62.6;59.8;59.8;2300;140020
NKNC;D;20180910;000000;60.6;61.2;59;60;23000;1391240
NKNC;D;20180911;000000;61.6;61.6;59.6;60.4;1200;72280
NKNC;D;20180912;000000;60.8;61.4;60.2;60.8;3800;231520
NKNC;D;20180913;000000;60.4;61.4;59.8;59.8;7500;452100
NKNC;D;20180914;000000;60.4;60.4;59;60.4;2500;150280
NKNC;D;20180917;000000;61.4;61.4;59.8;59.8;4900;294860
NKNC;D;20180918;000000;60.8;61;59.8;60.6;1400;84180
NKNC;D;20180919;000000;61.6;61.6;60.2;60.2;25700;1555720
NKNC;D;20180920;000000;61.6;61.6;60.4;60.4;7700;466720
NKNC;D;20180921;000000;61;62.4;60.6;61.6;16800;1038020
NKNC;D;20180924;000000;62.8;62.8;61.2;61.2;17800;1101260
NKNC;D;20180925;000000;61;61.8;60.4;61;4200;255820
NKNC;D;20180926;000000;60.2;62.6;60.2;60.8;32200;1985380
NKNC;D;20180927;000000;62.4;62.4;60;60.2;13700;825460
NKNC;D;20180928;000000;60.6;60.8;59.8;59.8;12200;734860
NKNC;D;20181001;000000;60.2;60.4;60;60.2;1600;96240
NKNC;D;20181002;000000;59.6;60.2;58.4;59.8;13000;773380
NKNC;D;20181003;000000;60.2;61;60;60.6;13000;783220
NKNC;D;20181004;000000;60;60;59.2;59.2;6100;363460
NKNC;D;20181005;000000;59.4;60.6;59.4;59.8;5000;298600
NKNC;D;20181008;000000;60.6;60.6;59.6;60;2100;125780
NKNC;D;20181009;000000;60;61.6;58.8;58.8;22000;1304560
NKNC;D;20181010;000000;59;60.8;58.2;60.4;39100;2330060
NKNC;D;20181011;000000;58.8;63.8;58.8;63;144700;9106200
NKNC;D;20181012;000000;61.8;63.6;61.8;63.2;18400;1158760
NKNC;D;20181015;000000;63;67;63;64.2;36200;2329400
NKNC;D;20181016;000000;64.8;65;63.2;64;33700;2168480
NKNC;D;20181017;000000;65.6;66;64;65;56000;3663660
NKNC;D;20181018;000000;64.6;65;62.8;64.8;44300;2864280
NKNC;D;20181019;000000;64.6;66;64.6;66;68300;4472960
NKNC;D;20181022;000000;66.4;66.6;65.2;66;14100;925200
NKNC;D;20181023;000000;65.2;67;62.8;67;29900;1968380
NKNC;D;20181024;000000;67.4;67.4;66;67.2;10100;676880
NKNC;D;20181025;000000;66.4;66.6;64.2;66.6;22000;1443240
NKNC;D;20181026;000000;67.6;67.6;64.8;66;25800;1688860
NKNC;D;20181029;000000;66.6;68;66.4;68;53000;3587500
NKNC;D;20181030;000000;67.8;68.2;66;66.4;14300;952800
NKNC;D;20181031;000000;66.6;67.8;64.4;67.4;11100;743820
NKNC;D;20181101;000000;67.4;67.8;67;67.4;7300;490800
NKNC;D;20181102;000000;68;68;67;67;5900;396720
NKNC;D;20181106;000000;67.4;68;65;66;19700;1305620
NKNC;D;20181107;000000;66.8;66.8;65.2;65.8;7400;489880
NKNC;D;20181108;000000;66.6;66.6;64.2;65;5600;364200
NKNC;D;20181109;000000;65.8;65.8;64;64.6;3500;224940
NKNC;D;20181112;000000;65;65;64.2;65;1100;71180
NKNC;D;20181113;000000;65.6;65.8;64.8;65.6;5100;333760
NKNC;D;20181114;000000;67.2;67.6;64.4;64.8;8400;545680
NKNC;D;20181115;000000;64.4;65.8;64;64.8;18200;1182740
NKNC;D;20181116;000000;66.4;66.4;63.2;64.4;16300;1049500
NKNC;D;20181119;000000;64.2;64.8;63.4;64.4;7600;485620
NKNC;D;20181120;000000;63.8;65;63.8;64.6;17900;1152340
NKNC;D;20181121;000000;65;65;64;64.8;1500;97040
NKNC;D;20181122;000000;65;66;64.2;66;4000;262260
NKNC;D;20181123;000000;66.4;66.4;64.4;64.6;6100;399100
NKNC;D;20181126;000000;64.6;64.8;62;63;30900;1951460
NKNC;D;20181127;000000;63.4;63.8;62.4;62.4;15000;948800
NKNC;D;20181128;000000;63.6;65.8;62.8;65.8;20100;1291860
NKNC;D;20181129;000000;65.8;65.8;65.2;65.2;500;32780
NKNC;D;20181130;000000;65.8;65.8;64;64;8900;572220
NKNC;D;20181203;000000;64.6;66.2;64.2;65;13900;902100
NKNC;D;20181204;000000;65.2;65.6;65.2;65.2;500;32680
NKNC;D;20181205;000000;65.8;66.6;64.8;65.2;6400;420740
NKNC;D;20181206;000000;65.6;65.6;64.6;65.2;600;39000
NKNC;D;20181207;000000;66;66.4;66;66;2200;145620
NKNC;D;20181210;000000;65.4;67;64;65.6;9300;604880
NKNC;D;20181211;000000;67.6;68.6;64.2;65;3500;227480
NKNC;D;20181212;000000;64.8;65.2;62.2;65.2;6800;430300
NKNC;D;20181213;000000;63.2;65.6;63.2;65.6;45300;2905800
NKNC;D;20181214;000000;64.8;65.8;64.8;65;1900;124600
NKNC;D;20181217;000000;67;67;64.4;65.6;2200;143660
NKNC;D;20181218;000000;65.8;65.8;63;63.4;12500;793600
NKNC;D;20181219;000000;62.2;64.8;62.2;63.4;25000;1605500
NKNC;D;20181220;000000;65;65;63.2;64.6;2900;185300
NKNC;D;20181221;000000;63;65.2;63;64.2;4200;271180
NKNC;D;20181224;000000;63.2;63.6;63.2;63.2;2100;133200
NKNC;D;20181225;000000;63.6;64.4;63;64.4;11400;726060
NKNC;D;20181226;000000;64;65.8;63;65;30600;1960500
NKNC;D;20181227;000000;65.4;65.4;63.6;64.6;14300;925160
NKNC;D;20181228;000000;64.6;64.6;63.6;64.6;9600;612720
NKNC;D;20181229;000000;64.6;65;63.6;65;2000;129080
NKNC;D;20190103;000000;65;65;64.6;65;1900;123340
NKNC;D;20190104;000000;65;66;64.6;65.2;2900;189600
NKNC;D;20190108;000000;64;67.6;64;64.8;5200;337880
NKNC;D;20190109;000000;65.8;66.4;65;65.2;3800;248620
NKNC;D;20190110;000000;66.8;66.8;64.8;65.4;26200;1703720
NKNC;D;20190111;000000;65;66;65;65.2;25200;1640080
NKNC;D;20190114;000000;65.2;65.6;65;65.2;6800;443640
NKNC;D;20190115;000000;65.2;66.8;65.2;65.8;8200;541200
NKNC;D;20190116;000000;66.4;66.4;65.8;66;1800;118840
NKNC;D;20190117;000000;67.4;67.4;65;66;5800;380340
NKNC;D;20190118;000000;66.8;66.8;65.2;65.8;6700;439080
NKNC;D;20190121;000000;66.2;66.4;65.4;65.8;6300;415680
NKNC;D;20190122;000000;66.4;66.6;65.2;65.2;9900;652080
NKNC;D;20190123;000000;65.6;66.4;65.6;66.4;2200;144840
NKNC;D;20190124;000000;65.6;66.2;65.2;66.2;1600;104640
NKNC;D;20190125;000000;65.8;65.8;63.2;65;26300;1702140
NKNC;D;20190128;000000;64.4;65;64.2;64.6;6700;433400
NKNC;D;20190129;000000;64.4;64.8;64.4;64.6;1300;83900
NKNC;D;20190130;000000;64.6;65.4;64;64.8;29100;1885900
NKNC;D;20190131;000000;65;66.6;64.4;65.4;4200;274340
NKNC;D;20190201;000000;65.2;65.4;64.6;65;7500;488180
NKNC;D;20190204;000000;65.6;67;64.6;64.8;20300;1321800
NKNC;D;20190205;000000;64.8;65;64.6;64.8;2400;155780
NKNC;D;20190206;000000;64.6;64.8;64.2;64.6;2900;187080
NKNC;D;20190207;000000;65.8;65.8;64;65.4;10600;684580
NKNC;D;20190208;000000;65;65;63.6;64.4;22300;1428080
NKNC;D;20190211;000000;64.6;65.4;63.8;64.8;41000;2654780
NKNC;D;20190212;000000;64.8;64.8;64.4;64.8;800;51720
NKNC;D;20190213;000000;64.2;64.6;63.8;64.6;5300;340620
NKNC;D;20190214;000000;64.4;65.6;64;64.8;24600;1592840
NKNC;D;20190215;000000;65;65;64.8;64.8;6300;409480
NKNC;D;20190218;000000;65;65.8;64;65;34200;2218420
NKNC;D;20190219;000000;65;65.2;64;65;6300;406900
NKNC;D;20190220;000000;64.4;65.2;64.4;64.4;800;51680
NKNC;D;20190221;000000;65.2;65.8;64.8;65.2;7400;482160
NKNC;D;20190222;000000;65;65;65;65;8000;520000
NKNC;D;20190225;000000;65.4;65.4;64.4;65.2;3100;202060
NKNC;D;20190226;000000;64.4;65.6;63.2;65;136000;8819640
NKNC;D;20190227;000000;65;65.2;64.8;65;50800;3302000
NKNC;D;20190228;000000;65;65.2;62.4;63.6;47500;3045420
NKNC;D;20190301;000000;61.8;65.2;61.4;64.6;60200;3899660
NKNC;D;20190304;000000;64.6;65.2;63.6;64;64000;4134940
NKNC;D;20190305;000000;64.8;64.8;62.8;63.6;13600;860320
NKNC;D;20190306;000000;62.6;64.4;60;62;124000;7706520
NKNC;D;20190307;000000;62.2;65.6;62;62.6;95100;6042920
NKNC;D;20190311;000000;68.8;104.4;68.8;90;1344100;123171260
NKNC;D;20190312;000000;92.6;92.8;83.4;84.6;250800;21549080
NKNC;D;20190313;000000;84;88.4;84;85.2;215500;18468040
NKNC;D;20190314;000000;84.4;86.8;81.6;82.6;275000;23220720
NKNC;D;20190315;000000;82.6;84.6;79.4;82.8;117700;9627440
NKNC;D;20190318;000000;84;90;83;87.4;170000;14927860
NKNC;D;20190319;000000;87.2;89.6;84.6;87.6;153700;13574080
NKNC;D;20190320;000000;86.2;89.8;86;87.2;117400;10362120
NKNC;D;20190321;000000;87;88.2;85.4;86.2;55000;4764180
NKNC;D;20190322;000000;87.6;87.6;85.6;87;40500;3521680
NKNC;D;20190325;000000;87.8;87.8;86.8;87.6;47100;4108280
NKNC;D;20190326;000000;88;89.6;87.4;88.6;93700;8268320
NKNC;D;20190327;000000;87.4;88.8;87;87;58000;5097320
NKNC;D;20190328;000000;88.4;89;84.6;86.8;104900;9069260
NKNC;D;20190329;000000;88;88;86.4;87.4;17800;1556980
NKNC;D;20190401;000000;88;88;87.2;87.8;38400;3368600
NKNC;D;20190402;000000;88;88.4;87.2;88;49300;4325580
NKNC;D;20190403;000000;88;88.4;87.2;87.6;35500;3119920
NKNC;D;20190404;000000;87.6;87.8;86.4;87.4;16600;1447940
NKNC;D;20190405;000000;87.4;87.8;87;87.4;23000;2010460
NKNC;D;20190408;000000;87.8;88;86.4;87.4;35700;3112180
NKNC;D;20190409;000000;87;87.2;86.6;87;25700;2232940
NKNC;D;20190410;000000;87.8;87.8;86.4;86.4;69600;6047920
NKNC;D;20190411;000000;86.8;87.8;86.8;87.8;64700;5648800
NKNC;D;20190412;000000;88.4;91;87.2;88;99200;8802900
NKNC;D;20190415;000000;88.4;89.2;87.4;88;162800;14432200
NKNC;D;20190416;000000;88;88.2;87.2;87.6;46100;4040220
NKNC;D;20190417;000000;89.2;89.2;87.4;88;102900;9074760
NKNC;D;20190418;000000;88.6;88.8;85.4;88.8;143300;12506020
NKNC;D;20190419;000000;80;80;68.8;71;278700;19981540
NKNC;D;20190422;000000;71.8;72.2;69.8;69.8;55500;3925300
NKNC;D;20190423;000000;68.8;69.2;65.2;65.6;169500;11289980
NKNC;D;20190424;000000;66.6;68.8;64.4;68.4;95800;6361220
NKNC;D;20190425;000000;68.6;68.6;66;66.8;38900;2621580
NKNC;D;20190426;000000;67.4;67.4;66.2;66.6;33800;2264000
NKNC;D;20190429;000000;66;66.8;65.4;66;22900;1508640
NKNC;D;20190430;000000;65.8;66;64.2;65.8;94600;6158280
NKNC;D;20190502;000000;65.95;65.95;65.35;65.65;9300;610620
NKNC;D;20190503;000000;66;66.15;65.5;66;9100;599135
NKNC;D;20190506;000000;66;66;64.45;65;19900;1288355
NKNC;D;20190507;000000;65.5;66;64.85;65.3;44700;2924925
NKNC;D;20190508;000000;65.8;65.9;64.8;65.2;8100;527110
NKNC;D;20190510;000000;65.15;65.25;64.55;64.75;7300;473395
NKNC;D;20190513;000000;64.5;66.05;64.5;65.9;21800;1427385
NKNC;D;20190514;000000;65.85;65.85;65.25;65.3;11800;772065
NKNC;D;20190515;000000;65.2;65.6;64.7;65.6;22300;1454275
NKNC;D;20190516;000000;65.7;66;65.65;65.8;26000;1712645
NKNC;D;20190517;000000;66;66.1;65.5;66;22600;1487820
NKNC;D;20190520;000000;66;66.3;65.75;65.9;10600;699845
NKNC;D;20190521;000000;66;66.25;65.55;66;27700;1825610
NKNC;D;20190522;000000;65.9;65.95;65.3;65.7;23400;1535800
NKNC;D;20190523;000000;66.65;69.7;65.75;65.8;16100;1075420
NKNC;D;20190524;000000;66.95;67.2;65.5;66.1;50100;3331645
NKNC;D;20190527;000000;66.15;67.95;65.9;67;22900;1528405
NKNC;D;20190528;000000;67.05;67.45;66.85;67.1;9800;657135
NKNC;D;20190529;000000;67.65;67.65;66.3;67.1;6200;413985
NKNC;D;20190530;000000;67.05;67.15;65.8;66.8;14200;948100
NKNC;D;20190531;000000;66.4;67.4;66.4;67.4;20700;1390940
NKNC;D;20190603;000000;67.9;67.95;67.1;67.5;31200;2106245
NKNC;D;20190604;000000;67.9;68.6;67.25;68.3;46000;3130785
NKNC;D;20190605;000000;68.7;68.7;68.35;68.4;19800;1357120
NKNC;D;20190606;000000;68.75;70.5;68.5;69.5;125000;8680815
NKNC;D;20190607;000000;69.75;73;67.85;68.85;214100;14874625
NKNC;D;20190610;000000;69.9;70.4;67.75;69.45;68800;4776345
NKNC;D;20190611;000000;69.35;69.85;68.8;69.5;28700;1992980
NKNC;D;20190613;000000;68.9;69.85;68.9;69.55;26600;1851565
NKNC;D;20190614;000000;69.65;70.3;69.65;69.75;10100;705915
NKNC;D;20190617;000000;69.65;70.1;69.2;69.75;7600;529805
NKNC;D;20190618;000000;69.7;69.7;69.1;69.5;12300;853070
NKNC;D;20190619;000000;69.25;69.75;69.1;69.4;15000;1043355
NKNC;D;20190620;000000;69.5;69.85;69.5;69.5;39800;2769005
NKNC;D;20190621;000000;69.65;69.7;69.4;69.7;4700;327180
NKNC;D;20190624;000000;69.3;71.3;69.3;71.15;38700;2717820
NKNC;D;20190625;000000;71;74.2;70.85;72.9;238300;17411020
NKNC;D;20190626;000000;74.35;78.1;74.35;77.1;193900;14956565
NKNC;D;20190627;000000;78.2;78.3;75.25;76.5;172600;13351860
NKNC;D;20190628;000000;76.4;76.4;74.45;74.85;112800;8471790
NKNC;D;20190701;000000;74.8;76.35;74.3;74.9;80500;6017435
NKNC;D;20190702;000000;74.7;75.25;73.15;73.2;70700;5195210
NKNC;D;20190703;000000;73.3;73.75;69.3;72.75;277800;19882910
NKNC;D;20190704;000000;73;74.85;71.9;73.35;120800;8875590
NKNC;D;20190705;000000;73.45;74.7;72.2;73.55;165000;12115130
NKNC;D;20190708;000000;73;73.95;67.65;72.9;102700;7373915
NKNC;D;20190709;000000;72.15;73.25;71.8;72;39600;2869890
NKNC;D;20190710;000000;72.35;73.35;72.35;72.85;96000;6978305
NKNC;D;20190711;000000;73.35;73.65;72.4;73.05;30600;2233300
NKNC;D;20190712;000000;71.8;73.55;71.45;72.7;20300;1466195
NKNC;D;20190715;000000;73.55;75.95;72.45;73.8;53800;3977030
NKNC;D;20190716;000000;75.35;75.35;73.2;73.75;45300;3347790
NKNC;D;20190717;000000;72.85;74.75;72.8;74;31400;2308760
NKNC;D;20190718;000000;74.8;75.5;73.25;74.3;34300;2564020
NKNC;D;20190719;000000;74.7;75.35;74.6;75.1;40600;3040430
NKNC;D;20190722;000000;75.2;75.65;75;75.35;10200;768655
NKNC;D;20190723;000000;75.75;75.8;75.05;75.35;19000;1432155
NKNC;D;20190724;000000;75.35;75.8;74.3;74.75;9900;745500
NKNC;D;20190725;000000;74.15;75.7;74;74;19800;1479480
NKNC;D;20190726;000000;73.7;74.75;73.55;73.85;12100;895220
NKNC;D;20190729;000000;74.3;74.3;72.9;73.2;15000;1104700
NKNC;D;20190730;000000;74.95;74.95;73;73.2;11200;822195
NKNC;D;20190731;000000;73.1;74.5;72.3;73.6;41000;3014990
NKNC;D;20190801;000000;74.35;75.5;73.45;74.75;44700;3320305
NKNC;D;20190802;000000;74.45;75.15;74;74.3;57200;4250370
NKNC;D;20190805;000000;73.55;75.05;73.55;75.05;26400;1959680
NKNC;D;20190806;000000;76.15;76.15;74.5;75;128400;9647555
NKNC;D;20190807;000000;74.7;75.65;74.7;75.05;79100;5940995
NKNC;D;20190808;000000;76.9;76.9;75.15;76.1;86900;6599905
NKNC;D;20190809;000000;75.65;76.55;75.15;75.6;15800;1196765
NKNC;D;20190812;000000;76.45;76.45;74.45;75.05;59900;4495090
NKNC;D;20190813;000000;74.55;75.05;73.85;74.6;53300;3968190
NKNC;D;20190814;000000;75.45;75.45;73.75;74.35;16700;1244635
NKNC;D;20190815;000000;74.35;74.95;72.6;72.6;18900;1400010
NKNC;D;20190816;000000;72;75.4;71.5;74.5;51700;3797675
NKNC;D;20190819;000000;74.8;76;74.5;74.8;17700;1331645
NKNC;D;20190820;000000;75.65;75.95;74.35;75;10000;751235
NKNC;D;20190821;000000;74.85;76.35;74.85;76.3;68900;5224070
NKNC;D;20190822;000000;76.1;78.85;75.6;78.05;89800;6926260
NKNC;D;20190823;000000;78.1;84.85;78.1;80.5;63400;5076780
NKNC;D;20190826;000000;78.75;82;78.75;81;33300;2711220
NKNC;D;20190827;000000;80.95;81.7;78.85;78.95;98000;7803960
NKNC;D;20190828;000000;79.75;82.4;79;82.4;62000;4992140
NKNC;D;20190829;000000;82.5;84.7;82.3;83.6;55700;4644210
NKNC;D;20190830;000000;83.8;84.65;80.65;84;151000;12515445
NKNC;D;20190902;000000;82.6;85.45;82.55;83.85;49900;4191121.5
NKNC;D;20190903;000000;83.95;83.95;81.75;83.5;30470;2534563
NKNC;D;20190904;000000;83.05;86.25;82.65;85.2;39280;3321953
NKNC;D;20190905;000000;85.65;86.6;84.2;84.35;73100;6224296
NKNC;D;20190906;000000;83.5;84.4;82.65;84.15;33010;2762010
NKNC;D;20190909;000000;84.35;85.25;84.35;85.25;28920;2458077.5
NKNC;D;20190910;000000;85.3;86.2;84.25;85.25;22980;1949316
NKNC;D;20190911;000000;85.55;89;84.8;87;84870;7330202.5
NKNC;D;20190912;000000;85.95;89.95;85.95;89.4;34950;3085099.5
NKNC;D;20190913;000000;89.55;98.5;89.55;95.3;143370;13491785
NKNC;D;20190916;000000;95.8;95.8;92.15;93.75;52300;4886460.5
NKNC;D;20190917;000000;93.75;99;92.35;97.4;91070;8730724
NKNC;D;20190918;000000;98.45;100.05;97.15;97.6;56500;5561428.5
NKNC;D;20190919;000000;95.85;97.5;93.35;95.9;59880;5748429
NKNC;D;20190920;000000;96.5;96.5;91.4;93.1;192850;17964274
NKNC;D;20190923;000000;95.4;95.45;92.2;93;41540;3867363.5
NKNC;D;20190924;000000;93.4;94.1;92.8;92.9;11160;1040151
NKNC;D;20190925;000000;92.1;94.3;92.1;94;52530;4914727
NKNC;D;20190926;000000;94.7;94.7;91.6;94;49230;4617542
NKNC;D;20190927;000000;94.6;94.6;93.15;93.55;11860;1111250
NKNC;D;20190930;000000;93.05;98;92.4;94.5;41020;3910705
NKNC;D;20191001;000000;95;97.95;94.5;94.9;35760;3424299.5
NKNC;D;20191002;000000;95.5;96.15;94.25;94.8;26280;2495198.5
NKNC;D;20191003;000000;95.3;95.4;91.75;94.1;58490;5503348.5
NKNC;D;20191004;000000;94.7;97;94.5;96.3;33680;3237314.5
NKNC;D;20191007;000000;96.3;98.55;96.15;97.45;43870;4285152.5
NKNC;D;20191008;000000;96.3;98.95;96;97;30010;2916329.5
NKNC;D;20191009;000000;96.85;105;96.05;99.95;83880;8354556.5
NKNC;D;20191010;000000;100.5;102.9;100.05;100.7;11760;1191755
NKNC;D;20191011;000000;100.8;102.25;99.35;99.55;22750;2292729.5
NKNC;D;20191014;000000;99.5;103;99.5;101;12480;1253881
NKNC;D;20191015;000000;101.9;101.9;99.5;99.7;45830;4573554.5
NKNC;D;20191016;000000;99.8;101.05;96;99.55;64870;6455841
NKNC;D;20191017;000000;101.45;101.45;98.95;99.85;16930;1684499
NKNC;D;20191018;000000;98.05;100.25;98.05;99.95;70310;7023028.5
NKNC;D;20191021;000000;100.5;100.55;96.45;99;31810;3137964
NKNC;D;20191022;000000;99.15;99.5;97.35;97.85;12000;1176766.5
NKNC;D;20191023;000000;99.2;100;97;98;39850;3932826
NKNC;D;20191024;000000;98.05;98.8;95.7;96.2;34350;3311777.5
NKNC;D;20191025;000000;96.1;96.45;94.15;95.55;13770;1311649.5
NKNC;D;20191028;000000;95.6;98.55;95.2;96.4;28310;2756004
NKNC;D;20191029;000000;96.45;97.95;96.45;96.9;9020;874591.5
NKNC;D;20191030;000000;97.7;98;96.55;97;12030;1169620.5
NKNC;D;20191031;000000;98.5;98.5;96.15;97;9590;930106
NKNC;D;20191101;000000;98.55;98.55;96.5;97;16710;1620721
NKNC;D;20191105;000000;97.05;97.1;95;95.7;20390;1958790.5
NKNC;D;20191106;000000;95.15;96.6;95.15;96;9110;873371.5
NKNC;D;20191107;000000;95.9;97;95.05;96.8;11590;1118826.5
NKNC;D;20191108;000000;96.75;96.75;94.3;95.65;8840;844561
NKNC;D;20191111;000000;94.25;96.9;93.25;94.75;17460;1654299.5
NKNC;D;20191112;000000;94.1;95;94.05;94.5;10580;1003281
NKNC;D;20191113;000000;94.05;94.95;91.6;92.7;23900;2240878
NKNC;D;20191114;000000;93.95;93.95;92.5;92.65;11030;1022362
NKNC;D;20191115;000000;94;94;92.25;92.5;9130;844446.5
NKNC;D;20191118;000000;92.4;94.9;91.85;93.4;34460;3217339.5
NKNC;D;20191119;000000;93.55;94;93.4;93.85;4600;430800.5
NKNC;D;20191120;000000;93.6;94.05;92.35;93.55;5610;525713
NKNC;D;20191121;000000;94.5;94.5;82.6;91.1;43380;3946810.5
NKNC;D;20191122;000000;91.1;92.25;90.55;91.75;14920;1360347
NKNC;D;20191125;000000;91.85;92.4;91.15;91.6;8080;739208.5
NKNC;D;20191126;000000;91.6;93.15;91.2;92.95;20490;1886042
NKNC;D;20191127;000000;92.95;93;92.05;93;10140;940538
NKNC;D;20191128;000000;91.95;94.65;91.95;93.95;15230;1425384.5
NKNC;D;20191129;000000;94.35;94.8;93.7;94.4;19040;1798350
NKNC;D;20191202;000000;94.4;94.45;92.75;93.9;15220;1423114.5
NKNC;D;20191203;000000;94.05;94.05;92.15;93.05;13600;1267057.5
NKNC;D;20191204;000000;93.85;94.9;92.6;94.85;13500;1269658.5
NKNC;D;20191205;000000;93.65;95.95;92.2;93.5;14140;1326594.5
NKNC;D;20191206;000000;92.3;95.9;92.3;95.9;15650;1483416
NKNC;D;20191209;000000;96.05;97.2;93;95.95;36630;3485531
NKNC;D;20191210;000000;97.3;97.3;94.05;95.9;11080;1057606
NKNC;D;20191211;000000;95.6;95.6;95.05;95.6;6670;636655.5
NKNC;D;20191212;000000;95.8;96.4;94.4;95.4;17760;1696938
NKNC;D;20191213;000000;95;96.4;95;96.4;11760;1127089.5
NKNC;D;20191216;000000;97;97;95.75;96.7;14290;1378153
NKNC;D;20191217;000000;97;97;95.5;96.4;26970;2598687
NKNC;D;20191218;000000;96.9;96.9;95.2;96.35;11870;1143545
NKNC;D;20191219;000000;97;97;95.7;96.35;30380;2928613.5
NKNC;D;20191220;000000;96.9;96.9;95.25;96.1;96000;9242167
NKNC;D;20191223;000000;97;97;95.15;96.2;23110;2224901
NKNC;D;20191224;000000;97;97;95.25;95.7;16150;1549525
NKNC;D;20191225;000000;95.7;95.95;95;95.55;22970;2196289
NKNC;D;20191226;000000;96.6;96.7;94.6;95.5;65400;6275020
NKNC;D;20191227;000000;96.45;96.5;94.75;96.2;34160;3278984
NKNC;D;20191230;000000;97;99;95.6;96.85;61150;5932094
NKNC;D;20200103;000000;98.35;102.55;96.15;100.9;49830;4962249
NKNC;D;20200106;000000;101.95;109.9;101.1;108.8;96760;10375191
NKNC;D;20200108;000000;110;129.95;108.4;124.1;314100;38462003
NKNC;D;20200109;000000;125;128.95;110.1;119.6;381070;45860649
NKNC;D;20200110;000000;119.5;119.5;115.15;116.25;53460;6230236.5
NKNC;D;20200113;000000;117.75;122.95;116.45;121.9;138070;16681815
NKNC;D;20200114;000000;123.95;123.95;116;118;94780;11300601.5
NKNC;D;20200115;000000;119;120.4;114.05;116.2;147310;17047854.5
NKNC;D;20200116;000000;116.3;117.65;115.5;116.05;61460;7131562.5
NKNC;D;20200117;000000;117.45;117.45;114.15;116.3;80750;9384677
NKNC;D;20200120;000000;115.85;117.45;114.45;115.3;58600;6749901
NKNC;D;20200121;000000;115.3;115.3;113.25;114.1;55390;6317884
NKNC;D;20200122;000000;114.25;114.85;110.55;111.5;76070;8512873.5
NKNC;D;20200123;000000;110.5;112;107.65;108.5;81180;8835344
NKNC;D;20200124;000000;108.75;109.75;106.6;109.35;53310;5791378.5
NKNC;D;20200127;000000;109.75;109.75;104.65;105.2;48910;5228341.5
NKNC;D;20200128;000000;105.95;106.8;103.05;106.6;30580;3203226
NKNC;D;20200129;000000;107.2;113.95;105.8;112.2;152040;16841982
NKNC;D;20200130;000000;111.05;111.7;108.5;110.5;69270;7597154
NKNC;D;20200131;000000;111;113.45;108.15;110.75;42230;4637971.5
NKNC;D;20200203;000000;110.5;110.5;106.55;109;57060;6148418
NKNC;D;20200204;000000;108.15;110;106.7;109.95;48560;5263428.5
NKNC;D;20200205;000000;110;110;109;110;39440;4322732
NKNC;D;20200206;000000;109.7;111.95;109.7;111.9;60360;6714217.5
NKNC;D;20200207;000000;112.2;113;110.1;110.35;44590;4954858
NKNC;D;20200210;000000;110.6;110.8;109.35;109.95;16940;1866375.5
NKNC;D;20200211;000000;109.8;110.4;109.05;109.85;60460;6642221
NKNC;D;20200212;000000;109.95;110.45;109.1;109.95;40950;4502439
NKNC;D;20200213;000000;110.2;110.25;107.65;109.95;25200;2766813.5
NKNC;D;20200214;000000;110.4;111;109.8;110.45;47800;5276735.5
NKNC;D;20200217;000000;110.3;111.25;109.05;110.75;61800;6831280.5
NKNC;D;20200218;000000;110.8;110.95;108.95;109.45;25790;2823664
NKNC;D;20200219;000000;109;110.65;109;110;34770;3832372.5
NKNC;D;20200220;000000;110.3;116.3;109.95;110.35;139210;15497636.5
NKNC;D;20200221;000000;110.3;111;109.8;109.8;46820;5174294.5
NKNC;D;20200225;000000;108.5;108.85;104.05;108.05;66820;7164944.5
NKNC;D;20200226;000000;108.05;109.4;102;107.7;68260;7196649
NKNC;D;20200227;000000;107;107.6;100.05;101.3;123970;12747895
NKNC;D;20200228;000000;102;102.05;92.1;97.3;94300;9127321.5
NKNC;D;20200302;000000;97;104.2;97;100.05;81910;8281894.5
NKNC;D;20200303;000000;103.05;104.2;101.25;102.45;45430;4671388.5
NKNC;D;20200304;000000;104.65;105.95;99.95;100;52750;5311780.5
NKNC;D;20200305;000000;100.85;104;100.85;103;64740;6652436.5
NKNC;D;20200306;000000;103.05;104.6;98.05;99.05;89920;8943201.5
NKNC;D;20200310;000000;92.35;98.5;87.8;96.4;273370;26110043
NKNC;D;20200311;000000;99.8;100.55;95.5;97.2;148330;14441118
NKNC;D;20200312;000000;90;95.85;88.6;90.5;163050;15002143
NKNC;D;20200313;000000;95.7;95.7;88;92;81630;7468590
NKNC;D;20200316;000000;93.8;96.55;88;91.85;79900;7330269.5
NKNC;D;20200317;000000;88;92.95;87;88.55;88530;7866852.5
NKNC;D;20200318;000000;87.25;89.9;81.15;82.1;77720;6606049.5
NKNC;D;20200319;000000;81.4;83.6;78.2;83.35;100680;8297353
NKNC;D;20200320;000000;83.95;88.75;83.95;86.05;268800;23332358.5
NKNC;D;20200323;000000;86;87.5;83.1;86;108900;9368173.5
NKNC;D;20200324;000000;86.4;91.25;86.4;88;205590;18153179
NKNC;D;20200325;000000;89.7;94.45;88;90.95;156670;14343511.5
NKNC;D;20200326;000000;92.8;92.8;88.1;91.45;96070;8734375
NKNC;D;20200327;000000;93.25;93.75;89.5;89.85;90660;8318219.5
NKNC;D;20200330;000000;92.25;92.25;88.25;91.5;90230;8141370.5
NKNC;D;20200331;000000;93.55;96;92.4;95.45;126120;11888295.5
NKNC;D;20200401;000000;95.45;104.95;92.65;100.6;247580;25021012
NKNC;D;20200402;000000;101;104.95;101;102.75;186830;19134896
NKNC;D;20200403;000000;102.8;106;99;103.45;142700;14789236
NKNC;D;20200406;000000;103.95;104.9;99.9;101.3;237470;24165505
NKNC;D;20200407;000000;101.9;102.9;99;99.85;279500;28078246.5
NKNC;D;20200408;000000;101.1;101.1;97.45;100.3;70100;6973838.5
NKNC;D;20200409;000000;101;101.4;66;100.4;185140;18304725.5
NKNC;D;20200410;000000;100.4;101;99.15;100.95;52780;5315173
NKNC;D;20200413;000000;102.25;102.25;100.5;102;103980;10578504
NKNC;D;20200414;000000;102;104.5;100.6;104.05;161880;16727651.5
NKNC;D;20200415;000000;104.4;104.4;99.75;100.75;187680;19022738.5
NKNC;D;20200416;000000;103;103;100.05;100.75;78900;7954571.5
NKNC;D;20200417;000000;100;101.65;100;100.65;71210;7162532
NKNC;D;20200420;000000;100.65;101.85;99.4;100;108470;10867694
NKNC;D;20200421;000000;100;100.65;97.65;100;81540;8088460.5
NKNC;D;20200422;000000;100;100.7;99;100.6;86170;8652302.5
NKNC;D;20200423;000000;100.7;100.75;100.05;100.5;149500;15026841.5
NKNC;D;20200424;000000;100.05;100.75;99.35;99.9;114680;11455610
NKNC;D;20200427;000000;99.5;100.65;99.1;100.1;126490;12663039.5
NKNC;D;20200428;000000;98.1;99;96.1;99;211010;20672975.5
NKNC;D;20200429;000000;97.9;98.95;97;97.4;82470;8052445
NKNC;D;20200430;000000;97.4;97.95;95;96;155250;14850301.5
NKNC;D;20200504;000000;95;96.1;92.05;92.3;164410;15263083
NKNC;D;20200505;000000;92.4;95.35;91.65;92.65;78970;7370005.5
NKNC;D;20200506;000000;92.25;94.1;91.75;92.65;59180;5500990.5
NKNC;D;20200507;000000;92.05;93.2;91.4;92.8;60310;5565393
NKNC;D;20200508;000000;91.95;92.8;91.25;91.8;27540;2527963
NKNC;D;20200512;000000;91.05;91.7;87;89.95;141630;12705474
NKNC;D;20200513;000000;89.6;92;89.5;90;41220;3748215
NKNC;D;20200514;000000;92;92.35;90;90.45;24490;2213484
NKNC;D;20200515;000000;91.5;91.5;90;90.3;18360;1665154.5
NKNC;D;20200518;000000;90.4;92.1;88.45;91.6;39500;3595355.5
NKNC;D;20200519;000000;91.6;92.35;91.3;92;24460;2246099.5
NKNC;D;20200520;000000;92.15;92.95;90.65;91.8;75210;6884359.5
NKNC;D;20200521;000000;91.8;92.3;91.05;91.4;24170;2219643
NKNC;D;20200522;000000;91.55;91.75;90.85;91.45;24210;2215546.5
NKNC;D;20200525;000000;91.75;98;91.75;92.85;36250;3359534.5
NKNC;D;20200526;000000;93.55;93.65;91.85;92.55;121510;11275322
NKNC;D;20200527;000000;92.5;95.4;92.15;93.45;74780;7014373.5
NKNC;D;20200528;000000;93.2;94.4;91;92.8;75040;6941999.5
NKNC;D;20200529;000000;93.6;97;92.55;96.7;327900;31283079
NKNC;D;20200601;000000;97.85;99.25;97.15;98.9;173700;17124337
NKNC;D;20200602;000000;99;101.65;98.4;100.25;178470;17901687.5
NKNC;D;20200603;000000;101;101;98.55;99.9;154620;15399071.5
NKNC;D;20200604;000000;100.15;100.15;97.25;97.9;113010;11107837
NKNC;D;20200605;000000;97.9;99.5;97.9;99.1;64720;6395714.5
NKNC;D;20200608;000000;100;100.35;98.4;99;137990;13673542.5
NKNC;D;20200609;000000;100.45;100.45;98.55;98.9;54750;5424861
NKNC;D;20200610;000000;98.6;99.3;97;98;85450;8373073
NKNC;D;20200611;000000;98.2;98.2;95.85;96.45;101060;9779292
NKNC;D;20200615;000000;95.3;96.75;93.8;95.9;144050;13812449
NKNC;D;20200616;000000;97;97.8;96.8;97.75;132560;12904638
NKNC;D;20200617;000000;97.85;98.1;97.25;97.35;57420;5595709.5
NKNC;D;20200618;000000;97.2;97.8;97.15;97.7;56400;5498842
NKNC;D;20200619;000000;97.75;99.8;97.7;98.4;79270;7807018.5
NKNC;D;20200622;000000;99.2;99.9;97.75;98.95;70020;6918318.5
NKNC;D;20200623;000000;97.05;100.5;97.05;99.9;204150;20307657.5
NKNC;D;20200625;000000;99.9;100;98;99.75;71510;7121794
NKNC;D;20200626;000000;100;100.45;99;99.2;100650;10055658
NKNC;D;20200629;000000;100.55;100.55;98.05;99.1;74240;7349542.5
NKNC;D;20200630;000000;99.4;99.4;98.5;99;87050;8613124.5
NKNC;D;20200702;000000;100.3;100.3;97.2;99.85;145700;14496959.5
NKNC;D;20200703;000000;100;100.95;99.9;100.05;137120;13757758.5
NKNC;D;20200706;000000;103;103.1;101;102.75;265650;27232768
NKNC;D;20200707;000000;102.5;102.55;101.2;101.7;166990;17016305.5
NKNC;D;20200708;000000;101;102.7;100.2;102.6;378570;38440786.5
NKNC;D;20200709;000000;95.3;96.45;93;94.7;466690;44083351.5
NKNC;D;20200710;000000;95.2;95.2;92.7;94.35;74300;6984479
NKNC;D;20200713;000000;94.35;96.15;93.7;94.1;65670;6212458
NKNC;D;20200714;000000;95.3;95.3;91.4;92.5;62780;5793556
NKNC;D;20200715;000000;93.1;95;92.3;94.65;46030;4334308.5
NKNC;D;20200716;000000;94.1;95.3;92.4;93.95;25520;2391189
NKNC;D;20200717;000000;93.6;94.25;93;93.95;29520;2768324
NKNC;D;20200720;000000;94.85;94.85;93.2;94.65;24680;2325768.5
NKNC;D;20200721;000000;94;94.8;94;94.4;40650;3835753.5
NKNC;D;20200722;000000;94.65;95;93.35;93.65;42790;4012577
NKNC;D;20200723;000000;93.95;94.2;93.35;93.35;52420;4920719.5
NKNC;D;20200724;000000;93.7;94;92.5;93.55;23890;2231395
NKNC;D;20200727;000000;93;93.75;92.2;92.6;104240;9669551.5
NKNC;D;20200728;000000;92.65;92.8;92.2;92.4;30800;2845615.5
NKNC;D;20200729;000000;92.2;93;92;92.9;57320;5292260
NKNC;D;20200730;000000;92.95;93.15;92;92.45;35960;3331146
NKNC;D;20200731;000000;92.75;93.2;92.55;93;29780;2769967.5
NKNC;D;20200803;000000;93.5;93.7;92.45;93.55;32360;3018673.5
NKNC;D;20200804;000000;93.5;93.8;92.5;93.5;36970;3456655.5
NKNC;D;20200805;000000;93.25;93.8;92.85;93.55;52490;4899463.5
NKNC;D;20200806;000000;93.95;93.95;92.6;93.35;53740;5022223.5
NKNC;D;20200807;000000;93.8;93.8;93;93;44090;4118753.5
NKNC;D;20200810;000000;93.4;95.1;92.95;93.7;67980;6396281
NKNC;D;20200811;000000;94;94.4;93;93.95;50190;4703941
NKNC;D;20200812;000000;93.4;94.5;93.05;94;58290;5483416.5
NKNC;D;20200813;000000;94.4;94.95;93.7;94.5;79010;7462125
NKNC;D;20200814;000000;94.5;94.5;93.65;94.4;31000;2923707
NKNC;D;20200817;000000;94.4;94.9;93.8;93.8;56830;5356938.5
NKNC;D;20200818;000000;94.6;94.6;93.6;93.95;30450;2864308
NKNC;D;20200819;000000;94.1;94.3;93.35;93.95;23870;2241829.5
NKNC;D;20200820;000000;94.05;94.05;92.6;93.25;47760;4450801
NKNC;D;20200821;000000;94;94.25;92.8;93.1;35720;3326060
NKNC;D;20200824;000000;93.1;93.55;93;93.1;15090;1405770
NKNC;D;20200825;000000;93.4;94;91.55;92.7;44990;4171465.5
NKNC;D;20200826;000000;92.6;92.9;91.8;92.3;41210;3798298
NKNC;D;20200827;000000;92;92.75;92;92.45;19130;1767409.5
NKNC;D;20200828;000000;92;92.5;91.25;91.75;34120;3126800.5
NKNC;D;20200831;000000;92.45;92.45;91.5;91.55;29010;2663914
NKNC;D;20200901;000000;91.85;91.85;90.6;91;23050;2099327.5
NKNC;D;20200902;000000;91.1;92.2;91;91.15;26880;2461640.5
NKNC;D;20200903;000000;93;93;90.5;90.85;25860;2359574
NKNC;D;20200904;000000;90.8;90.8;90;90.7;16600;1501826.5
NKNC;D;20200907;000000;91;91;90.3;90.4;14200;1285329
NKNC;D;20200908;000000;90.4;90.95;90;90.15;23940;2160506
NKNC;D;20200909;000000;90;90.15;89.7;89.85;19230;1727970
NKNC;D;20200910;000000;90.15;90.55;89.7;90.25;13090;1180119
NKNC;D;20200911;000000;90.5;92.75;90.25;90.45;28150;2560104.5
NKNC;D;20200914;000000;92;92.35;90;91.6;30940;2813434.5
NKNC;D;20200915;000000;91.3;92.3;91.05;91.75;17430;1598437
NKNC;D;20200916;000000;92.05;92.25;91.2;91.5;29830;2735922
NKNC;D;20200917;000000;91.25;92.15;91;91.75;27640;2528890
NKNC;D;20200918;000000;91.75;91.75;91.3;91.5;12330;1129075
NKNC;D;20200921;000000;91.6;91.95;89.7;89.95;30270;2741195
NKNC;D;20200922;000000;90.55;91.4;89.7;90.25;26400;2386214
NKNC;D;20200923;000000;91;91;89.8;90.3;33590;3025892
NKNC;D;20200924;000000;90;90.15;89.8;90;26520;2388515.5
NKNC;D;20200925;000000;90.1;90.2;89.45;89.6;21240;1906185.5
NKNC;D;20200928;000000;90.05;90.45;85.8;88.9;38630;3436943
NKNC;D;20200929;000000;89.5;89.95;89;89.2;33610;3005193.5
NKNC;D;20200930;000000;88.9;89.9;87.1;88.35;37450;3300790.5
NKNC;D;20201001;000000;89;89;87.65;88.4;16530;1458976
NKNC;D;20201002;000000;88;88;86;87.35;42000;3661101
NKNC;D;20201005;000000;88.95;88.95;86.5;87.7;27230;2368556
NKNC;D;20201006;000000;87.8;89;87.8;88.05;30160;2672517.5
NKNC;D;20201007;000000;89.65;89.65;87.55;88.4;12120;1073788
NKNC;D;20201008;000000;89.95;89.95;88.55;89.6;23340;2089609.5
NKNC;D;20201009;000000;89.2;90.9;87.5;88.1;21350;1890533.5
NKNC;D;20201012;000000;88.1;88.1;87.5;88.1;15460;1358377.5
NKNC;D;20201013;000000;88.15;89.5;86.1;86.75;97820;8548160.5
NKNC;D;20201014;000000;87;87.95;86;87.15;98290;8570487.5
NKNC;D;20201015;000000;86.25;88.15;85.4;85.65;49960;4317627
NKNC;D;20201016;000000;87;87;85;85.1;24040;2055372.5
NKNC;D;20201019;000000;85.1;85.9;80;82.35;163870;13544586
NKNC;D;20201020;000000;82.4;83.05;81.65;82.75;45920;3776437
NKNC;D;20201021;000000;84;84;82.1;83.3;40070;3326658.5
NKNC;D;20201022;000000;83.05;83.8;82.4;82.95;36380;3021888
NKNC;D;20201023;000000;83.95;85.3;82.85;84.45;37510;3159215.5
NKNC;D;20201026;000000;85.85;86;84.05;86;24950;2127345.5
NKNC;D;20201027;000000;84.7;86.95;84.7;85.25;16990;1453837.5
NKNC;D;20201028;000000;85.5;85.55;80.6;82.9;63180;5271920.5
NKNC;D;20201029;000000;83.2;83.4;82.4;83.4;21380;1772848.5
NKNC;D;20201030;000000;84.4;84.4;83.3;83.3;15380;1286052.5
NKNC;D;20201102;000000;83.35;83.65;80.7;83.1;25400;2101774.5
NKNC;D;20201103;000000;84.2;84.35;83.05;84.15;23890;2006113.5
NKNC;D;20201105;000000;85.15;85.2;84.5;84.95;24620;2089727.5
NKNC;D;20201106;000000;84.7;87;84.3;87;43360;3723134
NKNC;D;20201109;000000;87;89;86.15;88.35;63370;5571610
NKNC;D;20201110;000000;89;90;87.55;89.3;45510;4064280
NKNC;D;20201111;000000;90.1;90.35;88.8;89.3;29800;2678027.5
NKNC;D;20201112;000000;89.2;89.9;88.85;89.8;16000;1431014
NKNC;D;20201113;000000;90.3;90.35;88.85;89.8;27450;2453277
NKNC;D;20201116;000000;90.55;90.6;89.25;90.1;31460;2844152.5
NKNC;D;20201117;000000;90.15;90.8;88.9;89.4;29700;2663198
NKNC;D;20201118;000000;90.6;90.6;89.2;89.55;41500;3725872
NKNC;D;20201119;000000;89.45;90;87.2;88.55;38470;3412956.5
NKNC;D;20201120;000000;89.2;89.25;86.15;88.9;32850;2885603.5
NKNC;D;20201123;000000;89.1;89.95;87.7;89;28660;2562266.5
NKNC;D;20201124;000000;88.95;89.85;88.45;89.45;19170;1704651
NKNC;D;20201125;000000;89.95;89.95;87.7;88.8;41560;3691676
NKNC;D;20201126;000000;89.9;90;88.8;89;49400;4421561
NKNC;D;20201127;000000;88.95;93.5;88.95;91.7;423200;38964508
NKNC;D;20201130;000000;91.55;92.45;90.1;90.55;196140;17907009.5
NKNC;D;20201201;000000;90.55;91.95;89.5;91.5;145430;13225324.5
NKNC;D;20201202;000000;92;95;89.35;90.55;284720;25757855.5
NKNC;D;20201203;000000;90.55;91.5;89.85;90.15;139860;12605983
NKNC;D;20201204;000000;90;90.85;89;89.85;137480;12350241
NKNC;D;20201207;000000;89.85;90.75;88.5;90.1;122600;10968011
NKNC;D;20201208;000000;90.2;90.45;89.7;89.95;74180;6691906.5
NKNC;D;20201209;000000;90;90.4;90;90;55810;5032985.5
NKNC;D;20201210;000000;90.4;90.4;89;90;24560;2214050
NKNC;D;20201211;000000;89.15;90.1;89.05;89.7;64240;5773782.5
NKNC;D;20201214;000000;90.1;90.5;89.8;90.1;59880;5402892.5
NKNC;D;20201215;000000;90.55;91.25;89.8;90;73580;6631075.5
NKNC;D;20201216;000000;90.1;90.95;89.75;90.35;77370;6965171.5
NKNC;D;20201217;000000;89.95;90.5;89.15;90.45;65310;5889424.5
NKNC;D;20201218;000000;90.35;90.65;89.6;89.6;90870;8169926
NKNC;D;20201221;000000;89.3;90.1;89.25;89.8;108870;9752670
NKNC;D;20201222;000000;89.3;90;89.3;89.55;93050;8344930
NKNC;D;20201223;000000;89.65;95.6;89.35;91.8;631390;58250553
NKNC;D;20201224;000000;92.6;92.7;91.9;92.05;110930;10242534.5
NKNC;D;20201225;000000;92.05;93.75;92.05;93;147370;13709576
NKNC;D;20201228;000000;93.45;94.6;92.25;92.4;206360;19223511.5
NKNC;D;20201229;000000;92.35;92.35;90.2;91.4;82980;7587893.5
NKNC;D;20201230;000000;90.8;91.55;90.1;91.45;129170;11722151
NKNC;D;20210104;000000;91.6;93.95;90.6;92.4;117610;10823073
NKNC;D;20210105;000000;93;93;91.45;92.6;55870;5151423.5
NKNC;D;20210106;000000;92;93;91.55;91.9;55020;5062069.5
NKNC;D;20210108;000000;92.85;93.45;91.3;91.85;48310;4450145
NKNC;D;20210111;000000;91.9;92.7;90.9;92.2;131210;12038207.5
NKNC;D;20210112;000000;92.85;95.4;91.4;93.6;460470;43138346.5
NKNC;D;20210113;000000;94.45;94.45;91.9;92.6;80550;7460862
NKNC;D;20210114;000000;92.65;92.9;91.35;92;69900;6425174
NKNC;D;20210115;000000;92.05;92.75;90.8;91;83020;7620953.5
NKNC;D;20210118;000000;91.65;92.3;89.85;91.8;87400;7938376.5
NKNC;D;20210119;000000;92;92.95;91.1;91.45;68510;6301028
NKNC;D;20210120;000000;91.75;91.75;87.55;91.05;75710;6844611
NKNC;D;20210121;000000;91.95;91.95;90.15;90.8;40930;3716480.5
NKNC;D;20210122;000000;90.45;90.95;89.75;90.25;56380;5086159.5
NKNC;D;20210125;000000;90.85;91.2;89.8;90.1;52080;4701530
NKNC;D;20210126;000000;90.1;90.4;89.8;89.85;52300;4706104
NKNC;D;20210127;000000;90.05;90.45;88.4;88.45;116960;10434519
NKNC;D;20210128;000000;89.7;89.7;88.3;88.8;43390;3856761.5
NKNC;D;20210129;000000;88.8;89.55;88.4;88.4;54630;4848118
NKNC;D;20210201;000000;88.45;88.95;88.4;88.4;51250;4539066
NKNC;D;20210202;000000;89.4;90.95;88.4;89.05;99210;8898532.5
NKNC;D;20210203;000000;89.1;89.75;88.7;88.85;56220;5010747.5
NKNC;D;20210204;000000;88.85;90.75;88.8;88.85;56690;5052565.5
NKNC;D;20210205;000000;88.85;91;88.85;89.15;35760;3193544
NKNC;D;20210208;000000;89.15;90;89.05;89.75;33350;2985421
NKNC;D;20210209;000000;89.9;90;88.8;88.8;48750;4355528.5
NKNC;D;20210210;000000;88.85;89.55;88.8;88.8;30960;2757568
NKNC;D;20210211;000000;88.85;90.8;88.8;89.1;91110;8165310
NKNC;D;20210212;000000;89.85;89.85;88.35;89.1;56310;5006013
NKNC;D;20210215;000000;88.7;89.8;88.7;89.2;36490;3255100
NKNC;D;20210216;000000;89.8;89.9;89.15;89.3;65030;5824630.5
NKNC;D;20210217;000000;89.95;89.95;89.2;89.4;25380;2272851
NKNC;D;20210218;000000;89.55;89.7;89.05;89.05;37600;3357647.5
NKNC;D;20210219;000000;89.05;89.25;88.75;89.15;41350;3680092
NKNC;D;20210220;000000;88.6;89.75;87.45;89.65;22130;1967518
NKNC;D;20210222;000000;89.4;97;89.4;89.4;338520;31173779.5
NKNC;D;20210224;000000;89.4;89.85;88.55;89.3;46640;4172337.5
NKNC;D;20210225;000000;89.9;89.9;89.2;89.35;18000;1611356
NKNC;D;20210226;000000;89.9;89.9;88.85;89.1;20450;1825118
NKNC;D;20210301;000000;89.6;90.8;89.05;89.6;24570;2200978.5
NKNC;D;20210302;000000;90.6;90.6;89;89.6;29780;2662129.5
NKNC;D;20210303;000000;89;91.95;89;89.8;56190;5051652.5
NKNC;D;20210304;000000;89.65;89.95;89;89.55;37400;3346628
NKNC;D;20210305;000000;89.55;89.55;88.8;89;43890;3911868.5
NKNC;D;20210309;000000;89.55;90.85;89.55;90.2;72120;6486703
NKNC;D;20210310;000000;89.8;90.45;89.7;89.95;31630;2846722
NKNC;D;20210311;000000;89.95;90.6;89.95;90;46960;4235932
NKNC;D;20210312;000000;90.2;90.65;89.1;90.1;130730;11774132.5
NKNC;D;20210315;000000;89.9;90.05;89.1;89.9;52600;4714780
NKNC;D;20210316;000000;89.45;89.5;87.75;89;183520;16230312
NKNC;D;20210317;000000;87.95;88.5;87.8;87.9;56100;4938741
NKNC;D;20210318;000000;87.9;89;87.6;87.95;59690;5268229
NKNC;D;20210319;000000;88.9;88.9;83.5;87.9;51610;4525636
NKNC;D;20210322;000000;88.3;88.35;86.45;87.15;37840;3297406
NKNC;D;20210323;000000;87.95;87.95;86.4;86.9;38450;3346466
NKNC;D;20210324;000000;87;87.95;85.75;86.75;26570;2296219
NKNC;D;20210325;000000;85.75;86.75;85.45;86.1;29290;2521350
NKNC;D;20210326;000000;86.8;87.45;85.8;86.45;24830;2144027
NKNC;D;20210329;000000;86.25;87.65;85.6;86.65;30620;2654083.5
NKNC;D;20210330;000000;86.65;87.25;86;86.7;33480;2907012
NKNC;D;20210331;000000;87.65;87.65;86.1;86.3;52560;4563697.5
NKNC;D;20210401;000000;86.25;87.3;86.25;87.1;19730;1717531.5
NKNC;D;20210402;000000;87.1;88;87.1;87.5;31510;2757961
NKNC;D;20210405;000000;96.25;96.25;85.5;87.7;65950;5832193.5
NKNC;D;20210406;000000;87.25;87.85;87;87.15;23590;2060380
NKNC;D;20210407;000000;86.7;87.9;85.1;87.3;27130;2358288.5
NKNC;D;20210408;000000;87.3;89.5;87;87.55;70260;6156464
NKNC;D;20210409;000000;87.25;88;87.15;87.15;30250;2646122.5
NKNC;D;20210412;000000;88.75;88.75;87;87.7;35640;3124465
NKNC;D;20210413;000000;87.55;88.25;87.5;87.9;25570;2249213.5
NKNC;D;20210414;000000;85;88.25;85;87.8;39450;3432984
NKNC;D;20210415;000000;87.85;88;86.7;87.9;34370;2995915
NKNC;D;20210416;000000;87.85;87.85;86.55;87.05;39050;3397574
NKNC;D;20210419;000000;87;87.05;86.5;86.85;33620;2919514.5
NKNC;D;20210420;000000;87.55;87.7;86.6;87.65;66040;5753912
NKNC;D;20210421;000000;87.65;89.8;87.5;88.1;94240;8316936
NKNC;D;20210422;000000;88.45;90.9;88.45;90.2;243610;21901607.5
NKNC;D;20210423;000000;90.7;99;89;96;980020;92320434.5
NKNC;D;20210426;000000;97.95;117.8;97.05;103.75;4110580;443948512
NKNC;D;20210427;000000;103.6;107.4;92.15;92.85;833950;81057100
NKNC;D;20210428;000000;92.05;99.75;91.65;94.35;307620;29704669.5
NKNC;D;20210429;000000;94.35;97.2;92.5;93.1;129890;12240889.5
NKNC;D;20210430;000000;93.65;94.3;89.05;94;145500;13462455.5
NKNC;D;20210504;000000;94.5;99;91.25;96.45;213550;20599623
NKNC;D;20210505;000000;97.45;101;94;94;201030;19473805
NKNC;D;20210506;000000;96;96;93.7;93.95;30670;2893277.5
NKNC;D;20210507;000000;94.5;94.95;91.95;93;123220;11457682.5
NKNC;D;20210510;000000;93;94.9;92.55;92.8;17610;1638962.5
NKNC;D;20210511;000000;92.8;93.2;90.2;91.1;67840;6229417.5
NKNC;D;20210512;000000;91.1;93;91;91.9;44430;4080184.5
NKNC;D;20210513;000000;92.6;92.75;91.2;92.6;58180;5337837.5
NKNC;D;20210514;000000;91.2;92.7;91.2;92.25;22390;2054219.5
NKNC;D;20210517;000000;91.3;92.6;91.05;92.25;48450;4461447
NKNC;D;20210518;000000;92.25;93.2;91.15;92.75;70560;6503555.5
NKNC;D;20210519;000000;92.95;93.05;92.1;92.2;35820;3307665.5
NKNC;D;20210520;000000;92.5;92.5;91.6;91.85;24460;2249239.5
NKNC;D;20210521;000000;91.85;93.1;91;91.55;25710;2354632.5
NKNC;D;20210524;000000;91.3;92.5;90.1;92.05;29740;2731200.5
NKNC;D;20210525;000000;91.55;92.45;91.1;92.1;16240;1493388.5
NKNC;D;20210526;000000;92.05;106.1;90.25;98.25;1102220;110290194.5
NKNC;D;20210527;000000;98.25;99.9;95.2;96.1;76440;7394141
NKNC;D;20210528;000000;96;100.5;95.1;98.55;164360;16175767
NKNC;D;20210531;000000;99.45;101;96;96.6;62820;6163390
NKNC;D;20210601;000000;96.75;97.9;96;96;61260;5921335.5
NKNC;D;20210602;000000;96.25;96.8;96;96.4;28630;2757343
NKNC;D;20210603;000000;96.9;97;95.6;96.75;35000;3366973.5
NKNC;D;20210604;000000;96.95;97;94;94.95;124960;11884848
NKNC;D;20210607;000000;94.85;96.9;94.85;95.5;37910;3623207
NKNC;D;20210608;000000;95.5;96;94.9;95.75;83530;7971546.5
NKNC;D;20210609;000000;93.5;97.1;93.5;96.5;60880;5824864
NKNC;D;20210610;000000;96.45;96.75;95.8;96.2;34090;3274363
NKNC;D;20210611;000000;96.1;96.6;95.85;96;19720;1895750
NKNC;D;20210614;000000;95.85;96.95;95.8;96.7;42950;4132130.5
NKNC;D;20210615;000000;96.55;99.35;96.55;99.15;49170;4843452.5
NKNC;D;20210616;000000;99.45;99.8;95.2;98.5;60870;5966622
NKNC;D;20210617;000000;97.5;99.2;97.3;99.15;54420;5357317
NKNC;D;20210618;000000;99.45;99.65;98.1;98.35;37600;3711099
NKNC;D;20210621;000000;98.15;100.9;97.85;100;90420;8920835
NKNC;D;20210622;000000;100.15;101.95;98.45;101.15;55800;5582343
NKNC;D;20210623;000000;105;105.85;100.2;105.3;219930;22740157.5
NKNC;D;20210624;000000;105.4;106.4;103.5;104.15;94760;9873463.5
NKNC;D;20210625;000000;104.8;104.8;102.55;103.05;264790;27316720.5
NKNC;D;20210628;000000;102.6;106;102.2;105.15;100530;10412465.5
NKNC;D;20210629;000000;105.4;107;103.1;106.8;105210;11138480
NKNC;D;20210630;000000;106.8;107.9;105.75;107.25;69000;7371423
NKNC;D;20210701;000000;107.8;109.45;106.2;109.05;63090;6806968
NKNC;D;20210702;000000;109.05;110.4;107.35;110.15;81230;8870126.5
NKNC;D;20210705;000000;110.5;113.85;108.65;111.5;108740;12143003.5
NKNC;D;20210706;000000;111.5;112.95;108.1;111.4;102100;11308753.5
NKNC;D;20210707;000000;110.15;114.8;108.2;113.6;120150;13449811.5
NKNC;D;20210708;000000;113.55;115;110;114.45;182710;20705953.5
NKNC;D;20210709;000000;113.75;116;111.9;115.95;154440;17687756
NKNC;D;20210712;000000;116;118.45;114.15;117;126200;14597917
NKNC;D;20210713;000000;117.05;118.8;117;118.15;133680;15776350.5
NKNC;D;20210714;000000;117.6;119.4;117.05;118.6;72030;8549538
NKNC;D;20210715;000000;117.65;117.75;112.6;113.85;133600;15339548.5
NKNC;D;20210716;000000;112.35;113.45;108.75;110.95;143750;15920928
NKNC;D;20210719;000000;110.3;111.05;109;109;101610;11173797.5
NKNC;D;20210720;000000;113.35;117.85;110.5;115.2;287070;32840038
NKNC;D;20210721;000000;115.25;116.9;113.1;115;245880;28236364
NKNC;D;20210722;000000;114.05;117;114.05;117;55900;6500631.5
NKNC;D;20210723;000000;108.4;118;108.4;114.1;44260;5042520.5
NKNC;D;20210726;000000;114.25;116.7;111.85;115.7;46060;5292814
NKNC;D;20210727;000000;116.4;116.4;113.75;113.9;52200;5970949.5
NKNC;D;20210728;000000;112.2;114.9;112.2;113.3;42760;4843934.5
NKNC;D;20210729;000000;113.4;114.05;112.25;112.45;45150;5089034
NKNC;D;20210730;000000;113.05;116.5;112.25;115;185080;21200954.5
NKNC;D;20210802;000000;117.7;121.5;115.05;119;372880;44194990
NKNC;D;20210803;000000;120;124.4;119.75;123;132800;16261198
NKNC;D;20210804;000000;124.95;132.05;123.3;130;332520;42697846.5
NKNC;D;20210805;000000;131.2;132.9;122.65;125;200890;25531795
NKNC;D;20210806;000000;127.9;130;122.85;125.45;267140;33664993.5
NKNC;D;20210809;000000;126.9;127.65;125.05;126.3;93500;11836722.5
NKNC;D;20210810;000000;126.95;131;124.15;130;383780;48813229
NKNC;D;20210811;000000;130;132.95;127;130.6;169770;22163049.5
NKNC;D;20210812;000000;131;131;125.75;129.5;70870;9172459.5
NKNC;D;20210813;000000;129.5;129.75;128;129.15;83960;10813209
NKNC;D;20210816;000000;129.15;129.15;127.75;128.55;52390;6745274
NKNC;D;20210817;000000;128.95;130.5;128.3;129.3;87440;11300471.5
NKNC;D;20210818;000000;129.2;131;128.05;128.95;1354110;175987244
NKNC;D;20210819;000000;131.8;131.8;125;126.35;105280;13266857
NKNC;D;20210820;000000;127.5;128.8;124.7;127.05;49160;6228703
NKNC;D;20210823;000000;128.4;133.15;128.4;133.1;273710;36013552.5
NKNC;D;20210824;000000;131.75;139.8;131.2;137.8;177650;24057390.5
NKNC;D;20210825;000000;139;143;135;139.35;171100;23610168.5
NKNC;D;20210826;000000;141;141.4;134.85;137.4;87250;12050229.5
NKNC;D;20210827;000000;138.6;138.6;135.1;137.25;53310;7270710
NKNC;D;20210830;000000;137.6;149;137.5;147.3;288740;41565399
NKNC;D;20210831;000000;148.3;150;143.65;147.8;245540;36344120
NKNC;D;20210901;000000;149.95;169;148.25;163.05;511690;82402391.5
NKNC;D;20210902;000000;163.8;166.75;150.25;153.9;466340;72282961
NKNC;D;20210903;000000;155.95;155.95;150.1;153.5;124910;19147579.5
NKNC;D;20210906;000000;154.95;161.2;154.05;159.1;190590;29899440
NKNC;D;20210907;000000;161.85;162.45;155;159.3;120740;19280581.5
NKNC;D;20210908;000000;159.3;165;155.6;158.75;135160;21484718.5
NKNC;D;20210909;000000;159.95;161.2;156;158.35;98600;15590457
NKNC;D;20210910;000000;158.45;158.85;150.65;156.45;100890;15783677.5
NKNC;D;20210913;000000;159.65;162.05;153;153.1;109240;17079190
NKNC;D;20210914;000000;157;158.35;144.85;147.5;205410;30698916.5
NKNC;D;20210915;000000;148.6;149.95;146.55;147.8;121320;17967734.5
NKNC;D;20210916;000000;148.5;149.85;143;145.9;258570;37638145.5
NKNC;D;20210917;000000;137.7;154;136.25;145.1;360320;50533883.5
NKNC;D;20210920;000000;149.35;149.35;137.75;138.05;125220;17640922
NKNC;D;20210921;000000;125.05;140.45;125.05;136.35;206730;27640141.5
NKNC;D;20210922;000000;139.95;148;137;147.05;209710;30178679.5
NKNC;D;20210923;000000;147.45;147.95;142.85;143;90570;13117458
NKNC;D;20210924;000000;143;146.3;134;134.5;187410;26177578
NKNC;D;20210927;000000;137;142;133.85;138.6;387970;53581747.5
NKNC;D;20210928;000000;140.65;140.95;135.9;136.65;123550;17057323.5
NKNC;D;20210929;000000;138.2;139;130;130.3;178670;23996476
NKNC;D;20210930;000000;132.2;138.6;126;134.15;224170;29404730
NKNC;D;20211001;000000;135;137.7;132;132.7;28610;3823779
NKNC;D;20211004;000000;133.7;139;132.85;137.75;133650;18240337
NKNC;D;20211005;000000;138.85;142.3;135.7;140.9;193430;27135463.5
NKNC;D;20211006;000000;141.85;142.45;130.05;133.7;104670;14242267.5
NKNC;D;20211007;000000;132.7;135.5;130.85;134.65;69520;9301955
NKNC;D;20211008;000000;135.35;142.5;135.1;139.5;145470;20251310.5
NKNC;D;20211011;000000;142.85;142.85;137.05;138.55;85710;11917998
NKNC;D;20211012;000000;137;138.95;136.35;136.75;23810;3276580
NKNC;D;20211013;000000;137.55;138.1;132.7;133.5;82980;11169828
NKNC;D;20211014;000000;132.55;136.8;129.25;135.7;63370;8527658.5
NKNC;D;20211015;000000;135.25;138.25;130;132.45;90780;12145275
NKNC;D;20211018;000000;131.5;134.5;130.9;132.8;42120;5585598.5
NKNC;D;20211019;000000;133.45;133.9;131.65;132.8;30990;4112086
NKNC;D;20211020;000000;134.55;135.75;131.1;131.55;63940;8473845.5
NKNC;D;20211021;000000;132.25;134.35;127.6;129;77600;10140045
NKNC;D;20211022;000000;132.25;132.25;128.5;128.95;28020;3639712.5
NKNC;D;20211025;000000;129;131.25;128.55;129.6;45620;5921044
NKNC;D;20211026;000000;131.7;131.7;129.75;130.1;31320;4093156
NKNC;D;20211027;000000;130.35;130.45;127.85;128.25;41150;5303148.5
NKNC;D;20211028;000000;128.25;128.95;124.05;124.75;82190;10317790.5
NKNC;D;20211029;000000;120;127.75;120;127.5;65340;8242716.5
NKNC;D;20211101;000000;127.5;130.4;127.5;130.4;35520;4589003
NKNC;D;20211102;000000;132.95;132.95;129.95;130.5;39790;5233762.5
NKNC;D;20211103;000000;132;132;128.35;129.8;28630;3716853.5
NKNC;D;20211105;000000;138.35;138.35;128.1;128.55;30820;4020085
NKNC;D;20211108;000000;129.85;131.3;126.2;127.5;42990;5500672
NKNC;D;20211109;000000;128.55;129.95;127.1;127.65;33290;4276481.5
NKNC;D;20211110;000000;129.15;140;129.15;131.1;178390;24012817.5
NKNC;D;20211111;000000;131.9;137.6;131.35;132.4;25140;3346005.5
NKNC;D;20211112;000000;132.65;132.95;130.1;130.55;19630;2575604
NKNC;D;20211115;000000;129.5;132.7;129;132;19090;2506470
NKNC;D;20211116;000000;131.5;132.95;130.5;131.3;16950;2227998.5
NKNC;D;20211117;000000;131.8;133.4;130.05;130.4;17960;2353027.5
NKNC;D;20211118;000000;130;130.3;127.9;127.9;30560;3943331
NKNC;D;20211119;000000;128.9;128.95;120.9;121.75;120000;14871163
NKNC;D;20211122;000000;121.75;121.75;112.85;119.4;94440;11087637.5
NKNC;D;20211123;000000;119.45;124.35;118;120.1;61440;7447942
NKNC;D;20211124;000000;122.7;123.75;118;121.2;31010;3750256.5
NKNC;D;20211125;000000;123.35;123.35;121.2;122.95;18710;2291621.5
NKNC;D;20211126;000000;120.1;122.25;118.35;119;26520;3175383.5
NKNC;D;20211129;000000;119;123.25;109.05;112.4;246460;28087277
NKNC;D;20211130;000000;112.95;118.9;112.65;116.55;144750;16725018.5
NKNC;D;20211201;000000;118;118.25;112.75;115.85;75400;8728253
NKNC;D;20211202;000000;116.7;117.45;113.9;115.75;15880;1836375
NKNC;D;20211203;000000;118.35;118.35;115;115.45;20390;2367258
NKNC;D;20211206;000000;115.45;117.15;112.8;113.6;26910;3070943
NKNC;D;20211207;000000;117.1;117.1;111.75;114.55;49470;5599679
NKNC;D;20211208;000000;113.9;117.1;113.15;114.2;44470;5084467.5
NKNC;D;20211209;000000;113.4;115.8;113.15;115;25410;2914527
NKNC;D;20211210;000000;115;117;113.85;114.55;32790;3787047.5
NKNC;D;20211213;000000;113.55;116.15;109;110.75;50410;5662506.5
NKNC;D;20211214;000000;108.3;111.9;106.8;109.75;29780;3273178.5
NKNC;D;20211215;000000;110.95;112.4;109.4;112.1;22550;2513489
NKNC;D;20211216;000000;113;117.85;112;112;68090;7867616.5
NKNC;D;20211217;000000;112;114.85;103.55;103.55;173250;18552071
NKNC;D;20211220;000000;106.8;107.95;103.7;106.95;98840;10495139.5
NKNC;D;20211221;000000;106.6;110.3;106.5;110.1;57230;6272063
NKNC;D;20211222;000000;110.45;113.65;110.45;112.25;30770;3447319.5
NKNC;D;20211223;000000;117;117;108;112.45;67750;7575321.5
NKNC;D;20211224;000000;112.2;112.9;110;111.7;42250;4703781
NKNC;D;20211227;000000;110.7;112;109.2;110.2;45880;5096634.5
NKNC;D;20211228;000000;109.85;110.5;107;110.35;43670;4765338.5
NKNC;D;20211229;000000;107.45;110.5;107.45;110;29730;3277532
NKNC;D;20211230;000000;110.2;111;109.2;110.9;50300;5550749
NKNC;D;20220103;000000;111.2;120.95;111;118.95;108440;12486414
NKNC;D;20220104;000000;118.6;118.95;116;117.95;38860;4556488
NKNC;D;20220105;000000;118.1;118.3;114.45;116.1;25080;2926276
NKNC;D;20220106;000000;114.8;116.95;114.1;114.85;18240;2112151.5
NKNC;D;20220110;000000;116.8;119.05;115.8;116.55;26950;3143134
NKNC;D;20220111;000000;116.6;119.3;116;118.7;34280;4057348
NKNC;D;20220112;000000;118.7;125.5;118.45;121.05;133440;16203202
NKNC;D;20220113;000000;122.55;123.1;115.6;115.6;71240;8545177.5
NKNC;D;20220114;000000;115.5;117.75;109.8;111.7;143140;16081468
NKNC;D;20220117;000000;111;111.5;106.95;110.8;124300;13645825
NKNC;D;20220118;000000;110.4;110.9;104.1;105.7;54090;5787188
NKNC;D;20220119;000000;105.6;110.9;104.55;109.5;114510;12526532
NKNC;D;20220120;000000;108.5;111.3;107.5;109.7;73070;8020400.5
NKNC;D;20220121;000000;110.8;112.25;107.6;109.6;68760;7550763.5
NKNC;D;20220124;000000;108.85;111.65;101;103.85;61120;6434893.5
NKNC;D;20220125;000000;104.1;108.6;103.1;103.4;30660;3219336
NKNC;D;20220126;000000;104.95;107.8;104.35;106;41200;4362969.5
NKNC;D;20220127;000000;106;109.65;106;107.85;33640;3625303.5
NKNC;D;20220128;000000;109.65;110.6;108.05;110.6;43150;4724705.5
NKNC;D;20220131;000000;111;113.8;109.8;112.65;44100;4930171
NKNC;D;20220201;000000;111.05;115.9;111.05;113.35;25680;2903673
NKNC;D;20220202;000000;113.3;115;111.6;112.3;36110;4102980
NKNC;D;20220203;000000;110.8;112;107.8;109.75;30190;3322436.5
NKNC;D;20220204;000000;108.7;112.95;108.65;110;16440;1822249
NKNC;D;20220207;000000;111.95;113.8;109.9;110.3;25260;2803742.5
NKNC;D;20220208;000000;111.9;115.75;111.9;113.9;24080;2730184
NKNC;D;20220209;000000;116;116.95;114.8;116.9;22530;2606645
NKNC;D;20220210;000000;115.6;118;115.55;117.4;22220;2590552
NKNC;D;20220211;000000;117;117;113;114.6;24960;2856885.5
NKNC;D;20220214;000000;113.35;114.95;111.4;113.8;53530;6045865.5
NKNC;D;20220215;000000;112.8;118;112.8;117.7;51420;5962840.5
NKNC;D;20220216;000000;118;120;117.15;119;34160;4056830.5
NKNC;D;20220217;000000;119.6;121.95;116;116.95;66410;7820532
NKNC;D;20220218;000000;115.95;120.4;110.15;112.55;49870;5746151.5
NKNC;D;20220221;000000;112.55;116.05;98.9;103.8;155920;16736894.5
NKNC;D;20220222;000000;102.8;110.25;92;107.1;147270;14781248
NKNC;D;20220224;000000;100;104;68;81.4;171310;14266949.5
NKNC;D;20220225;000000;85;101.9;82.05;91.9;103670;9312423.5
NKNC;D;20220328;000000;82.75;94.9;75.65;85.55;96960;8274394
NKNC;D;20220329;000000;85.55;100.55;85.45;92.8;153600;14492318.5
NKNC;D;20220330;000000;100.35;111.4;94.2;101.2;148970;15534711
NKNC;D;20220331;000000;108.9;108.9;101.3;105.7;151120;15826124.5
NKNC;D;20220401;000000;105.7;105.7;100.1;101.6;110580;11449674.5
NKNC;D;20220404;000000;101.6;104.5;100.05;101.8;98280;10014656
NKNC;D;20220405;000000;100.1;105.35;92.15;95.4;122320;12041856.5
NKNC;D;20220406;000000;95;98.85;92.45;96.8;37830;3657942
NKNC;D;20220407;000000;96.85;104.6;92;93.8;134490;13154542
NKNC;D;20220408;000000;93.8;94.75;90;93.45;63350;5841402.5
NKNC;D;20220411;000000;94.35;94.35;88.4;89.35;74960;6781926.5
NKNC;D;20220412;000000;91;91;85.2;88.75;66030;5723092
NKNC;D;20220413;000000;88.85;90.65;88.5;89.6;24710;2212798.5
NKNC;D;20220414;000000;90.15;92.95;87.05;88.1;45660;4086987.5
NKNC;D;20220415;000000;88.4;90.35;86;87.25;29200;2547300
NKNC;D;20220418;000000;90;90;85.15;85.95;26390;2264749
NKNC;D;20220419;000000;90.4;90.4;82.55;84.3;57760;4898625
NKNC;D;20220420;000000;83.25;88.6;83.25;84.55;43630;3734407.5
NKNC;D;20220421;000000;84.55;87;84.35;84.6;24750;2108519
NKNC;D;20220422;000000;87.4;87.4;83.05;83.8;26940;2280396.5
NKNC;D;20220425;000000;80.05;86.25;80.05;82.65;33360;2764814.5
NKNC;D;20220426;000000;82.75;84.15;81;83.3;43570;3617226
NKNC;D;20220427;000000;83.3;86.4;82.55;84.9;69580;5893230
NKNC;D;20220428;000000;86.4;88.5;84.7;85.05;57170;4905634.5
NKNC;D;20220429;000000;85.4;86.5;83.75;83.75;41550;3510071.5
NKNC;D;20220504;000000;86;86;82.8;83.15;24350;2035748.5
NKNC;D;20220505;000000;83.2;84.1;81.45;81.45;27410;2274561.5
NKNC;D;20220506;000000;82.35;82.45;80.05;81.1;38800;3149808.5
NKNC;D;20220511;000000;81.5;81.5;77.75;80;40000;3201782
NKNC;D;20220512;000000;80.05;95.75;80.05;87.5;624160;55369356.5
NKNC;D;20220513;000000;87.6;88.1;82.5;83.55;150370;12727148.5
NKNC;D;20220516;000000;82.85;84.95;82.5;84.4;57410;4805245
NKNC;D;20220517;000000;86;87.3;83.7;86.65;46630;4013821.5
NKNC;D;20220518;000000;87;93.9;86.65;88.75;112970;10148266.5
NKNC;D;20220519;000000;95;105;90.15;96.9;686520;67145562
NKNC;D;20220520;000000;95.3;99.3;89.2;91.65;229760;21278395.5
NKNC;D;20220523;000000;91.7;92.25;84.2;84.35;163540;14132679.5
NKNC;D;20220524;000000;83.65;84;80.05;81.45;126080;10265685
NKNC;D;20220525;000000;80.8;82.4;80.2;80.75;69430;5604588
NKNC;D;20220526;000000;81.7;81.95;80;80;97800;7883643.5
NKNC;D;20220527;000000;81;81;79.95;80.15;80250;6448211.5
NKNC;D;20220530;000000;80.2;80.65;79.55;79.65;42620;3406074
NKNC;D;20220531;000000;79.7;79.7;77.5;77.6;42440;3318306
NKNC;D;20220601;000000;77.6;82;76.05;78.1;69110;5406565.5
NKNC;D;20220602;000000;77.6;80.1;77.6;77.95;60100;4713143.5
NKNC;D;20220603;000000;78;78.8;76;76.5;34980;2678934.5
NKNC;D;20220606;000000;76.5;77;75.6;75.65;33400;2539130
NKNC;D;20220607;000000;75.6;76.65;75.35;76.35;27010;2045364
NKNC;D;20220608;000000;76.6;81.05;76.5;76.95;91070;7097766.5
NKNC;D;20220609;000000;77.8;77.8;76.05;77.55;22810;1754928
NKNC;D;20220610;000000;77.8;78.4;77.05;77.95;20120;1564531.5
NKNC;D;20220614;000000;77.95;78.95;77.05;77.6;18000;1399532
NKNC;D;20220615;000000;78.3;79.6;77.6;79.3;21940;1721149
NKNC;D;20220616;000000;79.6;81.4;79.3;80.55;52550;4228873.5
NKNC;D;20220617;000000;80.15;82.65;79;81.45;57090;4616374.5
NKNC;D;20220620;000000;81.9;82.3;81.35;82.2;27760;2272617.5
NKNC;D;20220621;000000;82.2;82.25;80.9;81.45;16130;1315032.5
NKNC;D;20220622;000000;80.45;81.3;78.2;79.45;67870;5398762.5
NKNC;D;20220623;000000;79.15;79.85;78.25;78.85;15940;1261373.5
NKNC;D;20220624;000000;79.45;79.45;77.95;78.55;32860;2572942
NKNC;D;20220627;000000;77.55;78.95;77;78.7;37910;2971278.5
NKNC;D;20220628;000000;79.1;80.75;78.75;79.55;39390;3139506
NKNC;D;20220629;000000;80.25;80.3;77.1;77.2;47970;3779070.5
NKNC;D;20220630;000000;78.2;80.5;77;77.35;73740;5757855.5
NKNC;D;20220701;000000;77.15;78.05;76.15;77.45;60550;4665115.5
NKNC;D;20220704;000000;78.35;78.95;75.8;77;34500;2653420.5
NKNC;D;20220705;000000;76;79.5;75.95;77.7;44640;3451544.5
NKNC;D;20220706;000000;78.2;79.25;77.2;78;36880;2886670
NKNC;D;20220707;000000;78;81;76.85;78.85;91010;7229808
NKNC;D;20220708;000000;79.45;80.1;78.6;79.55;31110;2471712.5
NKNC;D;20220711;000000;80.2;81;78.85;80;30620;2440768
NKNC;D;20220712;000000;79.95;82.5;78.8;81;56400;4519019.5
NKNC;D;20220713;000000;81;83;79.05;79.15;36420;2946414
NKNC;D;20220714;000000;80.7;80.7;76.95;77.55;16230;1274994.5
NKNC;D;20220715;000000;77;77.9;76.2;76.8;15490;1194207
NKNC;D;20220718;000000;77;79.35;76.05;78.55;26380;2054313.5
NKNC;D;20220719;000000;78.6;80.25;77.05;77.85;20410;1604882
NKNC;D;20220720;000000;78.95;79.85;78.5;78.5;22170;1742944.5
NKNC;D;20220721;000000;77.9;77.95;76.4;77.25;14640;1128399.5
NKNC;D;20220722;000000;77.85;79.15;77.3;78.85;14320;1122781
NKNC;D;20220725;000000;78.9;79.7;77.65;79.7;16650;1315861
NKNC;D;20220726;000000;79.15;80.8;78.7;80.4;24310;1949859.5
NKNC;D;20220727;000000;80.4;90.5;80.4;85.65;253640;21751883
NKNC;D;20220728;000000;86.75;86.75;82;83.35;78510;6562893
NKNC;D;20220729;000000;83.45;85.4;82.4;83.4;39160;3292741
NKNC;D;20220801;000000;83.85;84.65;79.7;81.3;80770;6595236.5
NKNC;D;20220802;000000;81.4;81.4;80;80.55;30580;2468412
NKNC;D;20220803;000000;80.45;84.55;80.05;82.4;50170;4133210.5
NKNC;D;20220804;000000;84.3;84.8;82.65;82.9;37160;3101840
NKNC;D;20220805;000000;82.9;83.3;80.65;81.65;50150;4091739.5
NKNC;D;20220808;000000;81.8;84.95;81.8;84.5;36040;3026749
NKNC;D;20220809;000000;84.5;86.5;84.5;85.55;25120;2151752
NKNC;D;20220810;000000;86.45;86.65;85.55;85.95;25170;2167104
NKNC;D;20220811;000000;86.2;86.7;84.05;85.25;38130;3259716.5
NKNC;D;20220812;000000;85;86.1;84.05;84.75;22490;1911684
NKNC;D;20220815;000000;84.6;86.15;83.7;86;21260;1817550.5
NKNC;D;20220816;000000;86;87.65;86;87.4;35150;3052791.5
NKNC;D;20220817;000000;87.9;91.25;87.3;88.85;50360;4464930.5
NKNC;D;20220818;000000;89.1;91.85;88.75;91.05;42010;3808589
NKNC;D;20220819;000000;91.05;94.25;88.55;89.15;50880;4651974.5
NKNC;D;20220822;000000;89.65;108.5;89.65;98;831440;82491236
NKNC;D;20220823;000000;99.8;101;94.6;95.4;152550;14833061
NKNC;D;20220824;000000;96.2;99.8;95.45;96.7;109060;10651211
NKNC;D;20220825;000000;96.55;105.5;95.15;99.05;246630;24643628.5
NKNC;D;20220826;000000;99.8;102.8;99;100.65;80290;8093947.5
NKNC;D;20220829;000000;100.35;102;100.1;100.4;98120;9913667
NKNC;D;20220830;000000;100.4;101.15;99;100.5;92710;9290008
NKNC;D;20220831;000000;96.65;101;96.65;100.15;80290;8030204.5
NKNC;D;20220901;000000;100;100;97.05;98.7;60820;5999278.5
NKNC;D;20220902;000000;98.35;100;98.1;99.55;31230;3108466.5
NKNC;D;20220905;000000;99.75;99.8;99.2;99.8;20270;2016480.5
NKNC;D;20220906;000000;100.25;105.85;99.2;100.2;172630;17625758
NKNC;D;20220907;000000;99.5;101.45;97.3;99.05;43580;4314977.5
NKNC;D;20220908;000000;98.65;99;97.45;99;32930;3244713.5
NKNC;D;20220909;000000;99.05;99.5;98.45;98.55;27430;2712542
NKNC;D;20220912;000000;98.5;99;92.15;98.25;49200;4794294.5
NKNC;D;20220913;000000;99.25;99.35;97.75;98;16280;1600186
NKNC;D;20220914;000000;97.75;98.45;97.5;97.75;27090;2648732
NKNC;D;20220915;000000;98.2;98.2;96.6;97.2;14280;1390330.5
NKNC;D;20220916;000000;97.65;97.65;95.35;96.5;23480;2272171
NKNC;D;20220919;000000;94.6;96.1;94.55;95.1;14860;1414625.5
NKNC;D;20220920;000000;94.7;95.6;82;83.05;145570;12856740
NKNC;D;20220921;000000;80;88;70.15;82.05;115700;9374263
NKNC;D;20220922;000000;81;85.45;80.35;83.05;37340;3139564.5
NKNC;D;20220923;000000;83.1;85.35;77.55;79.35;37400;2996238
NKNC;D;20220926;000000;79.55;79.55;73;76.7;111230;8377675.5
NKNC;D;20220927;000000;76.75;78.95;75.3;76.45;24210;1857524
NKNC;D;20220928;000000;76.45;81.25;76.45;78.4;31340;2468114.5
NKNC;D;20220929;000000;79.1;79.3;76;77;24020;1870317.5
NKNC;D;20220930;000000;78.15;80.85;72;73;99620;7559131.5
NKNC;D;20221003;000000;73;78.95;72.8;76.85;50380;3824940
NKNC;D;20221004;000000;77.05;81.85;77;80;88720;7043182.5
NKNC;D;20221005;000000;79;80.8;76.25;77.95;70610;5475462.5
NKNC;D;20221006;000000;78.95;84;77.75;81.85;56150;4552302
NKNC;D;20221007;000000;81.9;81.95;78;78.2;25550;2027629.5
NKNC;D;20221010;000000;78.2;81.35;75;80.95;37300;2906136.5
NKNC;D;20221011;000000;81.45;82.7;78.85;81.7;46520;3781783.5
NKNC;D;20221012;000000;82.1;87.05;81;85.15;42360;3544857.5
NKNC;D;20221013;000000;86.2;86.2;82.5;82.9;35310;2959837
NKNC;D;20221014;000000;82.95;84.75;82.85;83.8;17390;1451646
NKNC;D;20221017;000000;83.1;86.65;83.05;86.5;17280;1477485
NKNC;D;20221018;000000;86.45;88.4;84.4;85.05;26420;2263274
NKNC;D;20221019;000000;85;85;82.05;84.5;15210;1269913
NKNC;D;20221020;000000;84.4;88.85;82.8;85.55;62040;5358224
NKNC;D;20221021;000000;86;87.3;83.55;85.95;49040;4218517.5
NKNC;D;20221024;000000;85.9;86.55;82.25;84.05;124770;10498572
NKNC;D;20221025;000000;84;86.55;83.85;85.15;46830;3995694
NKNC;D;20221026;000000;85.2;86.35;84;85.5;25260;2153409.5
NKNC;D;20221027;000000;85.85;86.95;84.15;86.5;27500;2372202
NKNC;D;20221028;000000;86.5;90;85.55;87.7;67910;5923784.5
NKNC;D;20221031;000000;88.85;90.65;87.8;90.05;44490;3994212.5
NKNC;D;20221101;000000;90.2;90.65;89.75;90;43360;3912975.5
NKNC;D;20221102;000000;90.4;91.65;89.45;90.4;23140;2094886.5
NKNC;D;20221103;000000;90;90.5;89.9;90.5;32200;2902769
NKNC;D;20221107;000000;89.75;92.9;89.7;92.2;31710;2892590.5
NKNC;D;20221108;000000;91.4;92.75;86.1;89.8;53830;4820472.5
NKNC;D;20221109;000000;88.55;90;87.15;89.35;31900;2853052
NKNC;D;20221110;000000;89.1;90.15;88.3;90.05;25640;2295644
NKNC;D;20221111;000000;90.15;90.6;89.5;89.55;17540;1573285.5
NKNC;D;20221114;000000;90.45;90.45;89.1;90.2;12370;1114595.5
NKNC;D;20221115;000000;90.45;91.6;89.35;90.1;27310;2468703
NKNC;D;20221116;000000;88.5;92;86.75;89.4;22180;1973937
NKNC;D;20221117;000000;87.5;90.1;87.5;89.55;19540;1744522
NKNC;D;20221118;000000;89.95;90;88.1;89.2;15580;1390350
NKNC;D;20221121;000000;88.6;90.5;84.4;85.25;26560;2313683
NKNC;D;20221122;000000;85.9;86.7;85.35;86.2;14570;1249793
NKNC;D;20221123;000000;86.7;86.85;85.45;85.95;9310;802204.5
NKNC;D;20221124;000000;85.85;86.7;85.15;85.7;34770;2976529
NKNC;D;20221125;000000;85.65;85.7;85;85.05;11640;991580.5
NKNC;D;20221128;000000;85.05;85.95;84.45;84.75;14960;1273793.5
NKNC;D;20221129;000000;84.55;85.25;83.6;84.8;14550;1235018.5
NKNC;D;20221130;000000;84.8;98.8;84.75;88.6;271750;24953835
NKNC;D;20221201;000000;89.5;94.95;87.05;87.6;272080;24619024.5
NKNC;D;20221202;000000;87.95;90.05;86.1;86.55;64060;5634856
NKNC;D;20221205;000000;86.45;87.4;85.2;86;43900;3785685
NKNC;D;20221206;000000;86.1;87.8;85.1;86.05;48750;4212120
NKNC;D;20221207;000000;86.4;86.4;85.35;85.9;12070;1033869
NKNC;D;20221208;000000;85.8;86.15;85.3;85.8;10050;860707.5
NKNC;D;20221209;000000;87.1;88.4;85.5;87.05;95490;8332376
NKNC;D;20221212;000000;87.2;87.35;84;85.1;101720;8670550
NKNC;D;20221213;000000;84.85;85.5;84.1;84.5;16750;1418044.5
NKNC;D;20221214;000000;84.8;84.85;81.8;82.45;35790;2966340
NKNC;D;20221215;000000;82.5;83.1;81;81.15;31560;2566749.5
NKNC;D;20221216;000000;81;81.8;80.25;80.85;19340;1564903
NKNC;D;20221219;000000;80.7;81.8;78.2;81;49610;3997727
NKNC;D;20221220;000000;80.55;82.5;80.45;82.2;36120;2951013.5
NKNC;D;20221221;000000;82.1;83.5;81.7;82.7;35690;2947138.5
NKNC;D;20221222;000000;82.7;83.8;82;82.7;41140;3415758.5
NKNC;D;20221223;000000;82.6;83.55;81.5;82.45;21840;1803874
NKNC;D;20221226;000000;82.9;82.95;82.05;82.1;91070;7520563
NKNC;D;20221227;000000;82.9;83.2;82.3;82.4;18410;1520454.5
NKNC;D;20221228;000000;83.05;85.9;82.15;84.05;209830;17610430.5
NKNC;D;20221229;000000;85.2;85.2;83.55;84.2;30170;2539804
NKNC;D;20221230;000000;82.5;85;82.5;84.1;40520;3401150.5
NKNC;D;20230104;000000;85.2;85.45;84.65;85.4;24020;2040306.5
NKNC;D;20230105;000000;85.5;87.5;84.2;84.85;77070;6606532
NKNC;D;20230106;000000;85.3;86.2;84.1;84.9;26760;2280677
NKNC;D;20230109;000000;86.1;96.5;85.1;88.65;852210;77896410
NKNC;D;20230110;000000;88.65;91.75;88.1;89.8;134260;12078527
NKNC;D;20230111;000000;90.3;92.15;89.8;91.25;67020;6125167
NKNC;D;20230112;000000;91.2;92.35;87.2;88.3;169260;15053117.5
NKNC;D;20230113;000000;88.4;90.7;87.25;88.85;60380;5369381
NKNC;D;20230116;000000;90;90;88.9;89.7;37190;3335984.5
NKNC;D;20230117;000000;89.1;90.1;89.05;89.3;23230;2078908
NKNC;D;20230118;000000;89.7;89.95;88.1;88.8;31350;2786175
NKNC;D;20230119;000000;88.9;88.9;87.15;88;30110;2646333
NKNC;D;20230120;000000;88;92;87.85;89.35;137160;12335816
NKNC;D;20230123;000000;91.3;92.45;89.15;90.2;88120;8014029.5
NKNC;D;20230124;000000;92.15;124.1;90.8;113.95;8786830;982737343.5
NKNC;D;20230125;000000;116;121.35;104.8;107.15;2853200;316105206.5
NKNC;D;20230126;000000;107;109.95;101.1;102.65;1532300;160384871
NKNC;D;20230127;000000;103.3;103.3;98.65;99.45;515720;51739973.5
NKNC;D;20230130;000000;100.2;108.6;99;101.7;1192000;124084970.5
NKNC;D;20230131;000000;101.7;103.8;100;101.55;286140;29156292.5
NKNC;D;20230201;000000;102;104;101;101.5;288380;29441549.5
NKNC;D;20230202;000000;101.5;102.95;101;101.9;115900;11812892
NKNC;D;20230203;000000;102.5;104.95;101.75;102;243370;25022144
NKNC;D;20230206;000000;104;108.6;101.45;103.75;1090180;115276616
NKNC;D;20230207;000000;104.15;119.4;103.1;111.6;4279020;479040548
NKNC;D;20230208;000000;114.2;116.5;110;111.65;1063000;119623407
NKNC;D;20230209;000000;112.05;115;105.85;107.05;527190;57911176.5
NKNC;D;20230210;000000;107.1;115;105.05;107.65;583250;63943918.5
NKNC;D;20230213;000000;108.85;131.8;107;124.4;12826750;1571561573.5
NKNC;D;20230214;000000;127;148;127;139.2;19946910;2797297893
NKNC;D;20230215;000000;143;143;116.2;117;8877570;1103820349
NKNC;D;20230216;000000;110.75;119.1;110.15;111.45;1830950;209219837
NKNC;D;20230217;000000;113.4;123.45;110.35;113.7;2560670;300439211.5
NKNC;D;20230220;000000;115.9;116.05;107.05;110.9;783240;86809634.5
NKNC;D;20230221;000000;111;112.6;110.45;111.9;312880;34898592.5
NKNC;D;20230222;000000;112.3;117.95;111.7;113;974880;111878006
NKNC;D;20230224;000000;114;115.5;112.7;113.6;263710;30092926.5
NKNC;D;20230227;000000;111.6;116.75;110.2;115.35;490850;55790933
NKNC;D;20230228;000000;115.95;121.75;115.4;117.2;752230;89010770.5
NKNC;D;20230301;000000;119;120.5;117.3;119.3;447560;53192398
NKNC;D;20230302;000000;119.45;119.55;113.2;115.85;420920;48964738
NKNC;D;20230303;000000;115.95;118.75;115.95;117.05;227690;26696026.5
NKNC;D;20230306;000000;118.7;120;117.2;118.75;405990;48182930
NKNC;D;20230307;000000;118.85;127.3;118.5;119.75;2013570;247394827.5
NKNC;D;20230309;000000;120.5;120.7;119;120.25;193720;23238571.5
NKNC;D;20230310;000000;120;120;118.35;118.95;170210;20267187
NKNC;D;20230313;000000;118.95;120.65;117.4;118.35;282000;33588096.5
NKNC;D;20230314;000000;118.4;119.25;116.35;117.85;170770;20129196.5
NKNC;D;20230315;000000;118.35;118.35;114.65;115.55;242880;28245707
NKNC;D;20230316;000000;116.25;117.1;114.3;115.9;149310;17277715
NKNC;D;20230317;000000;116;116.8;115.55;115.9;118480;13759464.5
NKNC;D;20230320;000000;115.9;117.45;115;116;200420;23358548
NKNC;D;20230321;000000;116;119.6;116;117.4;372640;43962096
NKNC;D;20230322;000000;118.35;119;117;118.25;147780;17455462
NKNC;D;20230323;000000;118.9;120.7;118.55;119.75;333610;39971138
NKNC;D;20230324;000000;120.6;122.85;119.55;121.1;515770;62618723.5
NKNC;D;20230327;000000;122.3;122.8;119.3;120.1;261810;31670538
NKNC;D;20230328;000000;120.5;120.85;118.15;118.55;203770;24259193
NKNC;D;20230329;000000;119.25;119.9;118.3;118.95;123420;14714929
NKNC;D;20230330;000000;119.4;121.3;119.1;120.15;211020;25410876
NKNC;D;20230331;000000;121.15;121.15;118.25;118.85;160140;19125996
NKNC;D;20230403;000000;119;122.7;119;121.05;344910;41824152
NKNC;D;20230404;000000;121.3;121.8;120.2;120.4;154370;18698975
NKNC;D;20230405;000000;120.8;121.5;117.05;120.8;262210;31335639.5
NKNC;D;20230406;000000;121.7;124.95;120.4;122;508750;62227418
NKNC;D;20230407;000000;123;124.3;121;121.85;386490;47310586.5
NKNC;D;20230410;000000;123.4;135.95;122.05;126.9;2709810;350827956.5
NKNC;D;20230411;000000;127.3;133;115.5;123;1920130;246247545
NKNC;D;20230412;000000;124.9;137.35;124.05;131.1;2573700;339886347.5
NKNC;D;20230413;000000;131.5;131.7;124.2;126.05;640610;81514990.5
NKNC;D;20230414;000000;126.8;127.8;123.3;126.8;380150;47726436
NKNC;D;20230417;000000;127.5;128;126.15;126.8;200540;25466280
NKNC;D;20230418;000000;127.25;127.3;125.05;125.6;163570;20607804.5
NKNC;D;20230419;000000;125.9;125.9;121.45;122.9;266110;32989085
NKNC;D;20230420;000000;122.9;123.55;120;123.3;213330;25953901.5
NKNC;D;20230421;000000;124.5;125;121.5;121.5;120590;14861870.5
NKNC;D;20230424;000000;121.8;128.5;121.8;123.9;419490;52634904.5
NKNC;D;20230425;000000;123.3;129.2;123;124.7;470220;59102065.5
NKNC;D;20230426;000000;125.3;125.5;123.15;123.25;129630;16101548
NKNC;D;20230427;000000;124.1;124.45;122;123.25;132500;16261815.5
NKNC;D;20230428;000000;123.85;124.6;121.15;121.3;99180;12121405
NKNC;D;20230502;000000;122.3;122.3;111.5;115.05;277800;32456078.5
NKNC;D;20230503;000000;115.05;115.5;110.1;110.9;189990;21286952.5
NKNC;D;20230504;000000;110.9;113.65;110;110;140100;15618279.5
NKNC;D;20230505;000000;110.65;111.65;109.35;110.2;60250;6682805.5
NKNC;D;20230508;000000;110.6;111.1;110.3;110.95;31120;3440658
NKNC;D;20230510;000000;112.1;117.6;110.75;115.35;165390;18935856
NKNC;D;20230511;000000;115.35;117.4;114.05;116.35;95110;11079485
NKNC;D;20230512;000000;116.35;116.8;112.85;114.75;103670;11882342
NKNC;D;20230515;000000;114.75;119.4;114.7;118.35;167910;19747855.5
NKNC;D;20230516;000000;119.1;119.85;117.5;118.2;77070;9120360.5
NKNC;D;20230517;000000;118.6;125;118.4;120.95;397120;48288736.5
NKNC;D;20230518;000000;121.45;124.9;120.55;124;431510;53096178
NKNC;D;20230519;000000;124;124.5;120.65;122.05;186680;22888694.5
NKNC;D;20230522;000000;124.95;124.95;120.05;121;349460;42733508.5
NKNC;D;20230523;000000;121.7;121.7;114.9;118.25;190190;22424264.5
NKNC;D;20230524;000000;119.1;119.1;116.75;117.25;75910;8928072
NKNC;D;20230525;000000;117.25;117.25;112.35;115.05;180430;20666540
NKNC;D;20230526;000000;115;115.8;110.45;110.8;350860;39423386
NKNC;D;20230529;000000;111;116;111;113.6;345630;39313045
NKNC;D;20230530;000000;113.6;113.9;108.55;111.55;176690;19753893.5
NKNC;D;20230531;000000;111.35;112.15;109.7;111.35;68880;7633555.5
NKNC;D;20230601;000000;112;112.25;110;111;68450;7610651.5
NKNC;D;20230602;000000;111.1;112;109.5;110.65;110520;12247527.5
NKNC;D;20230605;000000;112.3;113.8;111.2;112.45;170660;19228275.5
NKNC;D;20230606;000000;112.35;112.45;109.9;110.5;102320;11307827.5
NKNC;D;20230607;000000;111.3;112.3;110.6;111.25;50460;5628980.5
NKNC;D;20230608;000000;112.2;112.3;110.2;112.15;95450;10650576.5
NKNC;D;20230609;000000;112.5;112.85;111.2;111.3;44540;4993153
NKNC;D;20230613;000000;111.3;113;111.3;112.45;63500;7140087.5
NKNC;D;20230614;000000;113;113.5;112;112.55;47100;5304107
NKNC;D;20230615;000000;112;113.75;111.5;113.3;84130;9495804.5
NKNC;D;20230616;000000;113.7;113.75;112.5;113.35;62940;7111636
NKNC;D;20230619;000000;113.75;113.8;112;112.95;78450;8848403
NKNC;D;20230620;000000;113.25;113.65;112.2;112.85;74970;8474544.5
NKNC;D;20230621;000000;113.25;120;112.85;116.3;402390;46810987
NKNC;D;20230622;000000;116.6;119.3;116.4;118.15;179670;21164618.5
NKNC;D;20230623;000000;117.6;118.15;114.15;115.2;147320;17027332
NKNC;D;20230626;000000;114.2;130.7;112.25;122.45;3748270;468029026
NKNC;D;20230627;000000;122.9;130;122;124.1;1347190;171140232
NKNC;D;20230628;000000;124.9;125.1;120.1;121;540460;66180702.5
NKNC;D;20230629;000000;120.05;126.95;120.05;123.55;505360;62976607.5
NKNC;D;20230630;000000;123.95;124.3;121;121.4;234360;28656243
NKNC;D;20230703;000000;122.05;123.85;121.1;122.55;147800;18118494
NKNC;D;20230704;000000;122.55;122.9;120;121.05;132110;16026424.5
NKNC;D;20230705;000000;121.5;129;120;128.7;982200;123459572.5
NKNC;D;20230706;000000;128.85;131.55;125.65;126;1129360;145341179.5
NKNC;D;20230707;000000;126;127.3;121.8;121.9;324840;40237952
NKNC;D;20230710;000000;123.25;124.95;122.55;124.5;189070;23403334
NKNC;D;20230711;000000;124.7;127.8;119.25;122.2;842020;103334152
NKNC;D;20230712;000000;122.5;124.9;120.4;122.6;260150;31919608.5
NKNC;D;20230713;000000;123.1;124.8;121.65;122.1;118280;14552795.5
NKNC;D;20230714;000000;122;122.45;121;121.1;143180;17382459
NKNC;D;20230717;000000;121;123.15;120.7;121.4;132710;16157082.5
NKNC;D;20230718;000000;121.55;123.25;120.55;121.9;158220;19342546.5
NKNC;D;20230719;000000;122.45;125.6;122;125.05;408830;50868248.5
NKNC;D;20230720;000000;126.8;127.9;122;122;313610;39260737.5
NKNC;D;20230721;000000;122.6;123.6;121.1;122.3;157710;19288356
NKNC;D;20230724;000000;122.9;125.45;121.75;123.4;119480;14764043
NKNC;D;20230725;000000;123.85;124.3;121.55;123.75;122320;15114447.5
NKNC;D;20230726;000000;125;130.8;124.25;127.9;1248300;160306245
NKNC;D;20230727;000000;127.55;135;127.55;134.3;747610;98401131.5
NKNC;D;20230728;000000;134.2;134.5;130.55;131.65;250850;33153619
NKNC;D;20230731;000000;131.7;133.95;127.35;130.2;452400;59357486
NKNC;D;20230801;000000;130.85;136.15;129.7;131.85;578630;77326840.5
NKNC;D;20230802;000000;131.6;132.9;129.9;132;223890;29468785.5
NKNC;D;20230803;000000;132;141.4;131.85;138.95;1062510;146587861.5
NKNC;D;20230804;000000;139;139.9;131.55;132.35;451990;61402686.5
NKNC;D;20230807;000000;133.3;136.5;132.2;132.55;304780;40976092.5
NKNC;D;20230808;000000;134.5;135.95;129.5;135.2;367240;48725867
NKNC;D;20230809;000000;135.95;143.5;135.95;138;627690;87888382
NKNC;D;20230810;000000;140.35;140.9;138.75;139.1;131580;18349916
NKNC;D;20230811;000000;139.1;140;136.85;137.45;129010;17853755
NKNC;D;20230814;000000;138;140;132.4;132.4;267520;36663564.5
NKNC;D;20230815;000000;132;138.95;129.5;134.4;293350;39536336.5
NKNC;D;20230816;000000;134.4;134.75;121;127.6;337110;43303525.5
NKNC;D;20230817;000000;128.45;130.5;127.8;130;141280;18295697.5
NKNC;D;20230818;000000;130;131;129.1;131;88500;11529648
NKNC;D;20230821;000000;131;136.5;131;135;202590;27214152.5
NKNC;D;20230822;000000;135;144.5;135;138.55;604100;84310966
NKNC;D;20230823;000000;138.55;139.1;133;135.7;219840;29903476.5
NKNC;D;20230824;000000;133.9;137.3;132.6;133.4;328490;44271643.5
NKNC;D;20230825;000000;133.85;134.4;131.3;132.15;132010;17512915
NKNC;D;20230828;000000;132.5;135.4;132.35;134.85;167770;22484355.5
NKNC;D;20230829;000000;135;135.7;132.75;133.9;152940;20560445
NKNC;D;20230830;000000;133.6;135;133;133.5;134490;18015689.5
NKNC;D;20230831;000000;134.1;134.5;132.85;132.85;79430;10621844.5
NKNC;D;20230901;000000;132.85;133.95;130;132.5;182510;24093746.5
NKNC;D;20230904;000000;132.6;135.45;132.5;134.45;253840;34012714
NKNC;D;20230905;000000;135.15;146.8;135.15;137.5;1265820;177330893.5
NKNC;D;20230906;000000;138.5;158.4;136.3;147.5;4226490;635014828
NKNC;D;20230907;000000;156;156;135.85;139.1;859250;123950183
NKNC;D;20230908;000000;139.1;140.35;131.25;136.2;339130;46045216
NKNC;D;20230911;000000;136.1;141.9;134.5;137.8;280590;38795159.5
NKNC;D;20230912;000000;137.3;143.95;137.3;142.55;468330;66480918
NKNC;D;20230913;000000;142.55;146.9;139.35;140.75;380240;54650481
NKNC;D;20230914;000000;142.3;142.5;120.5;131.4;570710;74732709
NKNC;D;20230915;000000;131.6;136.45;129.5;135.7;153380;20541459.5
NKNC;D;20230918;000000;134.5;138.9;134.05;135;186330;25411982
NKNC;D;20230919;000000;134.7;136.05;122.8;127.4;542140;68817434
NKNC;D;20230920;000000;127.15;127.25;122;124.4;213570;26549252
NKNC;D;20230921;000000;124.4;124.4;122.45;123;67990;8382863.5
NKNC;D;20230922;000000;123.3;127.7;120.7;125.85;145250;18089532.5
NKNC;D;20230925;000000;127.35;132.35;125.35;130.6;259780;33762677.5
NKNC;D;20230926;000000;130.9;131.35;128.35;129.9;69000;8964907.5
NKNC;D;20230927;000000;129.7;131.9;128;128.9;93640;12167023
NKNC;D;20230928;000000;129;130.65;129;129.45;65350;8486404.5
NKNC;D;20230929;000000;129.5;131;128.75;129.15;82860;10764162.5
NKNC;D;20231002;000000;130.9;131.5;128.95;129.8;97590;12713669
NKNC;D;20231003;000000;131.45;135.35;129.95;131.9;573030;75918973
NKNC;D;20231004;000000;132;134.35;131.55;132.85;118450;15764096.5
NKNC;D;20231005;000000;132.85;133.45;126.9;128.65;150550;19552894
NKNC;D;20231006;000000;129.9;129.9;125.7;127.85;85530;10920406.5
NKNC;D;20231009;000000;127.95;129.2;125.9;128.15;48670;6239556.5
NKNC;D;20231010;000000;128.9;129.3;127.75;129.1;39040;5013810
NKNC;D;20231011;000000;129.2;129.2;126.5;127.9;59760;7657246
NKNC;D;20231012;000000;125.5;127.05;124;126.2;72030;9079968
NKNC;D;20231013;000000;126.2;127.5;125.6;126.5;44150;5590609
NKNC;D;20231016;000000;126.4;127.95;126;127.65;39820;5077948
NKNC;D;20231017;000000;129.45;129.9;123.45;126.75;127320;16125628
NKNC;D;20231018;000000;127.9;128.2;122.3;123.55;499400;62207974.5
NKNC;D;20231019;000000;123.8;125.15;121.45;123.1;229330;28172923.5
NKNC;D;20231020;000000;121.15;123.5;121.15;122.55;76810;9415906.5
NKNC;D;20231023;000000;122.1;123.45;121.75;122.05;83490;10231679
NKNC;D;20231024;000000;123;125.4;122;124;191030;23645185.5
NKNC;D;20231025;000000;124.95;125.7;122;122.3;96760;11960984.5
NKNC;D;20231026;000000;122.3;125;121;122.35;176600;21770216.5
NKNC;D;20231027;000000;122.75;123.65;121;121.45;100850;12295336
NKNC;D;20231030;000000;122.1;123;121.45;121.85;58340;7131584.5
NKNC;D;20231031;000000;122.4;122.75;121;121.75;78480;9533876
NKNC;D;20231101;000000;122.4;122.45;120.55;120.95;54630;6617457.5
NKNC;D;20231102;000000;121.9;129;121.2;127.5;1551330;194859664
NKNC;D;20231103;000000;127.5;127.8;123.65;125.4;262670;33020253.5
NKNC;D;20231106;000000;125.75;126.3;123.25;125.4;83670;10460172
NKNC;D;20231107;000000;125.35;125.85;124.2;124.5;47660;5948693.5
NKNC;D;20231108;000000;125.3;125.45;121.4;122.8;130400;16119541
NKNC;D;20231109;000000;122.8;123.5;122;122.75;65080;7983300.5
NKNC;D;20231110;000000;122.8;122.95;121.2;122.3;97010;11816925.5
NKNC;D;20231113;000000;122.45;122.8;116.25;118.3;305100;36261535.5
NKNC;D;20231114;000000;118.3;118.3;111;113.6;251360;28488922.5
NKNC;D;20231115;000000;113.6;116.2;113.05;115.2;101730;11701973.5
NKNC;D;20231116;000000;116;116.4;113.15;114.1;70980;8170041
NKNC;D;20231117;000000;114;114.9;112.4;114.1;59140;6699981
NKNC;D;20231120;000000;114.5;114.85;113;113.4;57570;6551456.5
NKNC;D;20231121;000000;113.1;113.4;111.8;112.75;60000;6749958.5
NKNC;D;20231122;000000;113.05;116.6;112.5;116.3;129660;14819043
NKNC;D;20231123;000000;116.4;117.65;114.15;114.6;142710;16502039.5
NKNC;D;20231124;000000;114.1;115.45;113.3;113.5;42430;4849148
NKNC;D;20231127;000000;111;112.3;105.2;110.95;581810;63341329
NKNC;D;20231128;000000;110.8;114.95;107.75;111.5;159530;17602069
NKNC;D;20231129;000000;111.5;111.85;110.15;110.55;50540;5613435
NKNC;D;20231130;000000;110.5;110.7;106;108.25;103000;11078498
NKNC;D;20231201;000000;108.25;108.5;103.05;103.05;104500;10972111.5
NKNC;D;20231204;000000;103;103.9;100.05;101;157840;16086489.5
NKNC;D;20231205;000000;101.7;103.8;101.05;103.1;140770;14414817.5
NKNC;D;20231206;000000;103;104.4;100.4;101.1;97430;10001336
NKNC;D;20231207;000000;100.5;102.1;96.4;100.2;155570;15390842
NKNC;D;20231208;000000;100.2;102.35;99.65;101;48540;4924767.5
NKNC;D;20231211;000000;100.2;102.05;99.35;100.2;77500;7783084
NKNC;D;20231212;000000;100.45;103.4;97.1;102.05;87490;8706106.5
NKNC;D;20231213;000000;103;104.5;99.15;102.35;58680;5951338.5
NKNC;D;20231214;000000;103.4;103.9;101.1;102.15;70070;7202744
NKNC;D;20231215;000000;102.05;104.1;101.2;103.95;79310;8167608
NKNC;D;20231218;000000;104;108.55;102.2;107.1;265630;28064637.5
NKNC;D;20231219;000000;106;108.25;105.5;107.9;49880;5361839.5
NKNC;D;20231220;000000;108.2;110.55;107.05;107.6;74200;8028574
NKNC;D;20231221;000000;106.25;107.55;104;104.8;78980;8372714
NKNC;D;20231222;000000;105.25;107.5;104.2;105.6;104510;11101114.5
NKNC;D;20231225;000000;105.6;106.85;104.1;104.3;104770;11044245.5
NKNC;D;20231226;000000;104.65;107.9;103.75;106.05;189460;20075358.5
NKNC;D;20231227;000000;106.05;107.75;102.25;103.5;111790;11789266.5
NKNC;D;20231228;000000;104;104.2;100.1;101.25;179990;18355180.5
NKNC;D;20231229;000000;101.25;104.4;101.25;102.1;130710;13422555.5
NKNC;D;20240103;000000;102.95;106.65;102.95;104.05;45960;4785632
NKNC;D;20240104;000000;104.9;108.15;104.4;108.15;96020;10183231
NKNC;D;20240105;000000;108.7;108.95;104.05;107.25;88980;9553267
NKNC;D;20240108;000000;107.25;112;107.25;111.45;91400;10061180
NKNC;D;20240109;000000;112;113.5;109.95;112.5;88770;9872598.5
NKNC;D;20240110;000000;111.75;114.75;111.75;113.8;124330;14149354.5
NKNC;D;20240111;000000;114.45;116;111.1;113.65;158230;17852596.5
NKNC;D;20240112;000000;112.75;115;112.75;114.75;54170;6191435.5
NKNC;D;20240115;000000;115.25;115.95;112.3;113.4;241590;27411677
NKNC;D;20240116;000000;115;115;111.15;113.3;124010;14023764.5
NKNC;D;20240117;000000;113.5;114.45;113;114.45;68670;7820905.5
NKNC;D;20240118;000000;111.5;115.9;111.5;113.9;115100;13101496.5
NKNC;D;20240119;000000;113.55;114.05;112;114;44860;5081497.5
NKNC;D;20240122;000000;114.2;114.8;113.7;113.75;49690;5671070.5
NKNC;D;20240123;000000;113.6;114.65;113.3;114.05;65030;7408700
NKNC;D;20240124;000000;114.05;114.5;113.6;113.65;56180;6408133.5
NKNC;D;20240125;000000;113.7;113.9;113;113.15;44500;5036886.5
NKNC;D;20240126;000000;113;115;110.35;111.55;254550;28640223
NKNC;D;20240129;000000;112.05;113.15;111.75;113.15;67010;7539090
NKNC;D;20240130;000000;114.8;122.35;114.1;119.55;3352490;400286013
NKNC;D;20240131;000000;119.55;121.6;116.95;119.25;534120;63530372.5
NKNC;D;20240201;000000;121;121.35;118.25;119.25;206040;24641432
NKNC;D;20240202;000000;119;119.85;118.5;119.85;99190;11802773.5
NKNC;D;20240205;000000;119.85;121;118.5;119.25;178720;21318905
NKNC;D;20240206;000000;119.25;119.25;118;118.4;103460;12267498.5
NKNC;D;20240207;000000;118.5;118.9;116;116.15;153850;18000759
NKNC;D;20240208;000000;116.2;116.9;108;113.9;321400;36522554
NKNC;D;20240209;000000;113.05;114.25;111.1;112.15;142900;16138646
NKNC;D;20240212;000000;112.95;113.5;110;112.35;119150;13318545.5
NKNC;D;20240213;000000;112.7;114.1;112.4;112.95;62740;7094370
NKNC;D;20240214;000000;113.05;114.2;112;112.75;97370;11028157
NKNC;D;20240215;000000;114;114;110.65;112.55;94040;10544565
NKNC;D;20240216;000000;112.85;113.6;110.5;110.85;205870;23063541
NKNC;D;20240219;000000;110.85;111.35;108.55;110.95;96920;10697653
NKNC;D;20240220;000000;110.85;111.25;108;109.15;102550;11192019.5
NKNC;D;20240221;000000;108.3;108.8;104.1;105.15;155990;16551778
NKNC;D;20240222;000000;105.15;107.5;105.05;107.05;76980;8164381.5
NKNC;D;20240226;000000;108.8;110;106.25;109.5;95260;10329249
NKNC;D;20240227;000000;109.7;109.9;107.95;108.05;45230;4923569.5
NKNC;D;20240228;000000;108.05;108.55;108;108.45;30270;3278111.5
NKNC;D;20240229;000000;108.3;109.3;108;108.5;56220;6105292
NKNC;D;20240301;000000;108.65;109.25;108.1;109.1;34730;3771580.5
NKNC;D;20240304;000000;109.8;114.7;109.35;113.35;552190;61992277
NKNC;D;20240305;000000;113.3;114.5;111.5;111.9;111240;12516441.5
NKNC;D;20240306;000000;111.35;113.95;111.35;112.4;35080;3935111.5
NKNC;D;20240307;000000;112.8;112.9;111.05;112.25;76690;8587198
NKNC;D;20240311;000000;111.55;112.5;111;111.5;52180;5820183.5
NKNC;D;20240312;000000;111.6;111.6;109.75;109.8;57460;6339561
NKNC;D;20240313;000000;110.55;110.65;109.85;110.1;36410;4016655
NKNC;D;20240314;000000;110;110.4;106.8;107.35;139920;15125753
NKNC;D;20240315;000000;107.4;108.15;106;107.7;41580;4471545
NKNC;D;20240318;000000;107.7;108;106.95;107.7;57490;6185831
NKNC;D;20240319;000000;107.45;108.05;105.6;105.8;47590;5088677
NKNC;D;20240320;000000;105.25;107.35;105.25;106.4;61130;6493267.5
NKNC;D;20240321;000000;107.05;107.4;106.05;106.4;29030;3095446
NKNC;D;20240322;000000;106.4;107.3;105.2;105.2;51800;5496469
NKNC;D;20240325;000000;105.2;105.95;101.85;103.7;145190;15046042.5
NKNC;D;20240326;000000;104.1;105.15;103.1;103.75;70560;7352831.5
NKNC;D;20240327;000000;104.95;104.95;103.1;104;52640;5455699
NKNC;D;20240328;000000;104;104.35;102.7;103.85;50470;5238590.5
NKNC;D;20240329;000000;103.3;104.2;102.6;102.6;74950;7718954.5
NKNC;D;20240401;000000;102.85;106.3;102.55;105.85;156300;16371755
NKNC;D;20240402;000000;105.5;106.65;104.55;106.2;117890;12463864.5
NKNC;D;20240403;000000;106.3;110;106.1;108.8;132430;14389264.5
NKNC;D;20240404;000000;108.75;108.75;106.95;107.3;131060;14088886
NKNC;D;20240405;000000;107.3;107.3;105.15;105.7;91410;9687160.5
NKNC;D;20240408;000000;105.8;109.85;105.8;109.25;218840;23612562.5
NKNC;D;20240409;000000;109.65;111.95;108.05;108.75;270110;29831520.5
NKNC;D;20240410;000000;109.65;109.65;108.25;108.5;54460;5918044.5
NKNC;D;20240411;000000;109.1;109.15;107;107.5;99540;10714317.5
NKNC;D;20240412;000000;107.5;108;107;107.35;33900;3649888.5
NKNC;D;20240415;000000;107.35;108.6;107.1;108.05;100840;10890998.5
NKNC;D;20240416;000000;108.65;110.35;107.65;108.55;139110;15189793
NKNC;D;20240417;000000;109;112;107.8;110;324190;35668048
NKNC;D;20240418;000000;111;111.5;108.6;108.95;114210;12527043.5
NKNC;D;20240419;000000;109;109.35;108.55;109.05;52780;5753360.5
NKNC;D;20240422;000000;109.05;110.5;108.15;108.45;119050;13024590
NKNC;D;20240423;000000;109.1;109.1;107.05;107.35;53250;5754804
NKNC;D;20240424;000000;107.55;108.35;105.75;106.5;79260;8453176
NKNC;D;20240425;000000;106.6;107.1;105.9;106.3;35270;3747736.5
NKNC;D;20240426;000000;105.9;107.8;105.7;106.85;54120;5783004
NKNC;D;20240427;000000;107.35;109.4;106.2;107.15;42580;4560153.5
NKNC;D;20240429;000000;106.5;107.4;103.25;105.6;64630;6833023
NKNC;D;20240430;000000;106;106.4;103.5;104.85;57830;6085698
NKNC;D;20240502;000000;104.85;106.75;104.5;105.65;77340;8187857
NKNC;D;20240503;000000;105.5;106.2;105;105.65;30850;3250358
NKNC;D;20240506;000000;105.45;105.5;104.4;105.15;59710;6270156
NKNC;D;20240507;000000;105.1;105.35;104.05;104.55;54380;5692049
NKNC;D;20240508;000000;104.5;104.85;103.45;103.95;79330;8241594.5
NKNC;D;20240510;000000;104.45;104.7;104.05;104.1;14110;1472382.5
NKNC;D;20240513;000000;104.1;104.5;103;103.6;58710;6076042.5
NKNC;D;20240514;000000;103.5;104.2;103.5;104.15;51360;5336321
NKNC;D;20240515;000000;104.2;105.4;104;104.9;47880;5013742
NKNC;D;20240516;000000;105;105.05;103.3;103.8;52850;5498373
NKNC;D;20240517;000000;103.7;104.1;103.2;103.35;61690;6394570
NKNC;D;20240520;000000;105.15;106.35;104;104.6;92220;9676632
NKNC;D;20240521;000000;105.05;105.05;102.5;102.85;82270;8499574
NKNC;D;20240522;000000;103.2;103.35;100.6;102.05;67720;6921663.5
NKNC;D;20240523;000000;102.2;102.2;97.7;100.3;300550;29873854.5
NKNC;D;20240524;000000;100.3;100.9;98.65;99;103250;10308767.5
NKNC;D;20240527;000000;99.75;99.75;96.3;97;125330;12206989.5
NKNC;D;20240528;000000;97.4;99.55;97.4;99.45;37230;3670200
NKNC;D;20240529;000000;99.5;99.5;96.75;97.6;44280;4328859.5
NKNC;D;20240530;000000;97.55;98.85;96.4;96.45;47510;4618120
NKNC;D;20240531;000000;96.45;96.45;92.4;92.85;96420;9049963
NKNC;D;20240603;000000;92.85;96.5;90.55;92.85;94690;8795710.5
NKNC;D;20240604;000000;93.05;95.75;93.05;94.65;45390;4292624
NKNC;D;20240605;000000;94.5;98.45;94.1;97.75;51180;4902272
NKNC;D;20240606;000000;97.5;97.5;93.6;95;68380;6521251
NKNC;D;20240607;000000;95.35;99.6;94.05;99.3;83800;8079163.5
NKNC;D;20240610;000000;99.9;100;98.15;99.2;49370;4908266.5
NKNC;D;20240611;000000;98.75;99.95;97;98.6;43710;4294489.5
NKNC;D;20240613;000000;96;97.6;92;96.7;86430;8298433
NKNC;D;20240614;000000;96.7;97.95;95.25;96.4;55200;5354215.5
NKNC;D;20240617;000000;97.25;97.6;96.55;96.95;19640;1905212.5
NKNC;D;20240618;000000;96.85;96.85;94.55;95;31900;3040891.5
NKNC;D;20240619;000000;95;95;92.4;92.5;39880;3714688
NKNC;D;20240620;000000;93.5;94.45;92.2;94.4;27420;2563055
NKNC;D;20240621;000000;94.5;95.9;93.65;93.85;22710;2145699.5
NKNC;D;20240624;000000;93.85;94.25;92.85;92.85;13910;1300825
NKNC;D;20240625;000000;92.75;93.65;92.5;92.8;19890;1846640.5
NKNC;D;20240626;000000;93.35;94.85;93.1;94.35;24260;2285021
NKNC;D;20240627;000000;94.95;94.95;93.2;93.4;17160;1611591.5
NKNC;D;20240628;000000;93.35;94.8;93.35;93.9;29450;2775625
NKNC;D;20240701;000000;94.45;94.95;94.25;94.55;25200;2385484
NKNC;D;20240702;000000;94.55;96.8;94.55;95.4;37550;3595790
NKNC;D;20240703;000000;95.35;95.55;94.4;94.6;27270;2593882.5
NKNC;D;20240704;000000;93.7;95.3;92.8;93;36200;3384864
NKNC;D;20240705;000000;93.15;94.15;92.55;93.9;28040;2619352
NKNC;D;20240708;000000;93.7;93.95;92.9;93;40470;3780199
NKNC;D;20240709;000000;91;92.8;90;90;60320;5493564
NKNC;D;20240710;000000;90.75;90.75;86.1;86.8;63100;5536311
NKNC;D;20240711;000000;86.8;89.8;86.8;89.25;38860;3434461.5
NKNC;D;20240712;000000;89.75;90.05;88.5;89.25;11680;1040113
NKNC;D;20240715;000000;89.3;92;88.55;88.55;25110;2254728.5
NKNC;D;20240716;000000;89.1;92.5;87.2;89.1;107920;9624034
NKNC;D;20240717;000000;88.45;90.3;87.2;89.55;14680;1311456
NKNC;D;20240718;000000;89.95;90.25;88.95;90.2;7780;698590
NKNC;D;20240719;000000;90.2;92.35;90.05;91.75;21410;1962974.5
NKNC;D;20240722;000000;91.55;92.8;90.4;91.15;37190;3420121
NKNC;D;20240723;000000;92;92.3;90.3;92.15;21550;1972482
NKNC;D;20240724;000000;91.75;95;91.75;94;89720;8373679.5
NKNC;D;20240725;000000;93.95;95.5;93;94.35;36540;3434695.5
NKNC;D;20240726;000000;94.35;95.9;93;93.4;32970;3090580.5
NKNC;D;20240729;000000;93.4;93.45;88;88.85;46350;4176866
NKNC;D;20240730;000000;88.85;90;88.25;89.75;16960;1519311
NKNC;D;20240731;000000;90;90;88.45;89.55;21760;1948301.5
NKNC;D;20240801;000000;89.6;89.95;88.8;89.15;18650;1667243.5
NKNC;D;20240802;000000;89.15;89.75;87.6;88;27410;2419499.5
NKNC;D;20240805;000000;87.5;87.75;85.3;86.65;104540;9029519
NKNC;D;20240806;000000;86.7;88.4;86.2;87.75;22020;1920139
NKNC;D;20240807;000000;87.3;88.4;86.35;87.85;20690;1809423
NKNC;D;20240808;000000;87.75;88.75;87.5;87.6;14420;1267958
NKNC;D;20240809;000000;87.55;87.8;86.4;87.75;15120;1319361.5
NKNC;D;20240812;000000;88.45;88.45;86.5;87.5;18600;1625437.5
NKNC;D;20240813;000000;88.5;89.4;87.6;89.3;18350;1630368
NKNC;D;20240814;000000;89.5;89.95;88.6;88.6;15350;1370324
NKNC;D;20240815;000000;87.85;93.3;87.45;89.45;189180;17221954.5
NKNC;D;20240816;000000;89;90.15;88.2;89;25930;2304788.5
NKNC;D;20240819;000000;89;90.35;86.3;89.45;93390;8329435.5
NKNC;D;20240820;000000;89.65;90.4;87;89.8;40530;3606465
NKNC;D;20240821;000000;88.5;91;87.6;90.15;40160;3577462
NKNC;D;20240822;000000;89.65;90.6;88.1;88.1;41690;3731944
NKNC;D;20240823;000000;87.5;90.9;84.95;86.55;185700;16370860
NKNC;D;20240826;000000;88.8;89.8;86.7;87.75;42400;3733415
NKNC;D;20240827;000000;87.75;88.1;87.15;87.5;38080;3334461.5
NKNC;D;20240828;000000;87.2;87.5;85.7;86.7;22820;1969287.5
NKNC;D;20240829;000000;87.5;92.5;84.3;88.3;320230;28312253.5
NKNC;D;20240830;000000;88.45;89.35;85.9;86.1;61950;5390590.5
NKNC;D;20240902;000000;87.1;87.1;83.55;84.2;60180;5081557.5
NKNC;D;20240903;000000;84.55;85.5;83;83.75;34080;2866103.5
NKNC;D;20240904;000000;84.1;84.95;83.85;84.95;21140;1782269.5
NKNC;D;20240905;000000;85.4;86.95;85;85.2;28740;2466598
NKNC;D;20240906;000000;85.2;86;84.75;85;19390;1653406
NKNC;D;20240909;000000;85.7;86.8;85.45;86.3;26430;2279348
NKNC;D;20240910;000000;86.45;86.8;85.8;86.1;12710;1097379
NKNC;D;20240911;000000;86.75;86.75;85.1;85.1;8090;691794
NKNC;D;20240912;000000;86.3;86.3;83;83.45;41200;3442954
NKNC;D;20240913;000000;84.45;84.5;82.45;84.35;23040;1919670.5
NKNC;D;20240916;000000;84.5;87.8;83.1;87.45;68230;5861629
NKNC;D;20240917;000000;87.85;90.8;87.45;89.4;24770;2207628.5
NKNC;D;20240918;000000;89.4;89.85;86.4;86.8;48180;4228990
NKNC;D;20240919;000000;86.6;88.7;86.5;88.4;31140;2743804
NKNC;D;20240920;000000;88.6;90;88.4;88.75;26800;2384748
NKNC;D;20240923;000000;88;91.35;86.05;90;86280;7754468.5
NKNC;D;20240924;000000;90.2;95.15;89.35;89.8;251120;23289301
NKNC;D;20240925;000000;90.25;92.2;89.35;90.15;61550;5604731.5
NKNC;D;20240926;000000;89.4;93.1;88.1;92.5;138170;12615258
NKNC;D;20240927;000000;92.3;95.55;91.45;92.5;71970;6704486.5
NKNC;D;20240930;000000;92.2;94.9;91.4;91.65;57950;5401842.5
NKNC;D;20241001;000000;91.65;91.65;88.7;90.2;63630;5718179
NKNC;D;20241002;000000;90.3;91.7;89;89.45;56850;5141328.5
NKNC;D;20241003;000000;88.95;88.95;86.65;88.5;45390;4002358.5
NKNC;D;20241004;000000;88.5;89.3;88.4;88.95;28570;2540922.5
NKNC;D;20241007;000000;89.25;92;89.25;90.95;88010;7969786.5
NKNC;D;20241008;000000;90.85;92.2;90.05;91.8;73060;6667265.5
NKNC;D;20241009;000000;92;92.15;89.05;89.25;40040;3631038.5
NKNC;D;20241010;000000;89.55;90.95;89.25;90.95;61970;5593388.5
NKNC;D;20241011;000000;91.25;91.45;89.3;89.8;50630;4576526.5
NKNC;D;20241014;000000;89;92.15;88.25;90.75;124370;11264191.5
NKNC;D;20241015;000000;90.5;90.55;88.4;89.3;49010;4401916.5
NKNC;D;20241016;000000;89.45;92.85;88.45;88.65;95250;8582897
NKNC;D;20241017;000000;88.7;90.25;87;87.8;66710;5888172
NKNC;D;20241018;000000;88.35;88.85;86.3;86.55;28110;2440665
NKNC;D;20241021;000000;87.25;87.3;86.15;86.7;13620;1180218
NKNC;D;20241022;000000;86.7;86.7;85.8;86.45;32490;2802540.5
NKNC;D;20241023;000000;86.1;86.25;85.1;85.5;19480;1668062.5
NKNC;D;20241024;000000;85.45;86.8;84.6;86.05;23190;1980335
NKNC;D;20241025;000000;86.45;88;83.9;84.9;51590;4413968.5
NKNC;D;20241028;000000;83.7;84.9;82.35;83.5;54460;4542964.5
NKNC;D;20241029;000000;83.5;84.45;80.25;83.5;82270;6769063
NKNC;D;20241030;000000;83.65;84.55;82.2;83.6;37310;3124896
NKNC;D;20241031;000000;82.7;83.05;81.5;82.5;22350;1840432.5
NKNC;D;20241101;000000;81.75;82.95;81.75;82.8;23980;1973222
NKNC;D;20241102;000000;82.15;83.9;81.6;83.35;8300;691202.5
NKNC;D;20241105;000000;83.15;84.7;83.15;83.85;16810;1415170.5
NKNC;D;20241106;000000;84.6;87.6;84.15;84.4;28540;2432199.5
NKNC;D;20241107;000000;84.25;84.3;82.8;84.2;18240;1522485.5
NKNC;D;20241108;000000;84.15;85.95;83.95;85.15;35660;3029233
NKNC;D;20241111;000000;85.85;86.95;85.45;85.75;43630;3763774
NKNC;D;20241112;000000;86.5;86.5;85.3;85.75;16110;1379024.5
NKNC;D;20241113;000000;86.4;86.45;84.85;84.85;26220;2240400
NKNC;D;20241114;000000;84.6;84.9;83.35;83.55;20410;1715418.5
NKNC;D;20241115;000000;83.5;83.95;83.1;83.95;17910;1494141
NKNC;D;20241118;000000;83.85;84.45;82.85;83.65;27300;2279152.5
NKNC;D;20241119;000000;83.65;83.65;81.3;81.5;42380;3494586
NKNC;D;20241120;000000;81.4;82.1;81.25;81.75;15020;1227573
NKNC;D;20241121;000000;81.75;82;79.8;79.8;51460;4137983.5
NKNC;D;20241122;000000;79.85;84.6;79.85;81.65;56340;4592626
NKNC;D;20241125;000000;81.25;81.85;79.4;79.85;30470;2459282
NKNC;D;20241126;000000;80;80.1;76.1;76.85;75820;5950270
NKNC;D;20241127;000000;76.8;78.25;74.55;78.2;55680;4248683.5
NKNC;D;20241128;000000;78.8;79.95;78.35;78.85;22060;1743915.5
NKNC;D;20241129;000000;78.2;80.7;78.05;79.8;30000;2391682.5
NKNC;D;20241202;000000;79.8;80.85;79.8;80.75;41570;3347033.5
NKNC;D;20241203;000000;80.75;83.6;80;81.1;43470;3528148.5
NKNC;D;20241204;000000;81.75;83.45;80.45;81.95;58620;4802228.5
NKNC;D;20241205;000000;80.8;82.8;79.05;82.3;47840;3893777.5
NKNC;D;20241206;000000;82.45;83.4;82.4;82.9;20570;1706902
NKNC;D;20241209;000000;82.95;84.4;82.75;84.1;41500;3482390.5
NKNC;D;20241210;000000;83.85;84.2;83.4;83.9;23580;1974691
NKNC;D;20241211;000000;83.8;89.8;82.05;88.05;161290;14057255.5
NKNC;D;20241212;000000;87.05;89.05;86.6;88.6;75840;6720241
NKNC;D;20241213;000000;88.55;88.7;87.2;88;43470;3830078.5
NKNC;D;20241216;000000;87.95;87.95;85.15;85.7;45100;3882709.5
NKNC;D;20241217;000000;85.6;86.15;84.5;84.8;62900;5356780.5
NKNC;D;20241218;000000;85.1;85.15;83.75;84.55;53770;4528549.5
NKNC;D;20241219;000000;84.55;85.75;84.25;84.5;30620;2597461.5
NKNC;D;20241220;000000;84.4;88.7;84.25;87.75;112540;9783116
NKNC;D;20241223;000000;87.65;89.7;86.65;88.25;137030;12145484.5
NKNC;D;20241224;000000;89;89.25;87.05;87.9;63170;5564776
NKNC;D;20241225;000000;88.45;88.85;85.85;88.4;39880;3503100
NKNC;D;20241226;000000;87.75;89.65;87.75;89.15;87720;7793103.5
NKNC;D;20241227;000000;88.65;89.1;87.35;87.4;87180;7702234.5
NKNC;D;20241228;000000;87.8;89.8;87.45;88.75;88710;7872977
NKNC;D;20241230;000000;88.75;90.5;88.75;90;96550;8693543.5
NKNC;D;20250103;000000;90.45;92.15;89.5;90.05;19740;1780432
NKNC;D;20250106;000000;89.2;91;86.65;89.6;106270;9496652.5
NKNC;D;20250108;000000;90.3;90.55;89.25;89.65;34380;3093305
NKNC;D;20250109;000000;89.85;90.3;87;87.4;79840;7027031
NKNC;D;20250110;000000;87.2;88.4;86.5;86.9;91580;7965544.5
NKNC;D;20250113;000000;90.7;98.5;88;95.65;733020;69130700
NKNC;D;20250114;000000;95.65;100.8;92.3;94.55;310090;29642475
NKNC;D;20250115;000000;95.45;96;93.85;94.55;65130;6168233
NKNC;D;20250116;000000;96;99.6;95;97.65;119970;11656146.5
NKNC;D;20250117;000000;97.3;99.6;93.5;95.75;197360;18971801
NKNC;D;20250120;000000;98.2;98.75;94.2;95;84480;8067955
NKNC;D;20250121;000000;95;98.6;94.95;98.05;183040;17803187
NKNC;D;20250122;000000;98.5;99.15;98;98.8;164940;16270714.5
NKNC;D;20250123;000000;98.6;98.65;96.5;98.2;56240;5486339
NKNC;D;20250124;000000;98.25;101.5;98.25;100;178950;17972506.5
NKNC;D;20250127;000000;100.15;101.9;98.15;98.6;96390;9653625.5
NKNC;D;20250128;000000;98.95;101.9;97.2;100.75;100290;10016306.5
NKNC;D;20250129;000000;100.5;101.7;100.2;100.85;38170;3856906
NKNC;D;20250130;000000;100.95;103.4;100.45;102.85;135720;13936584.5
NKNC;D;20250131;000000;103.6;105;101.05;101.85;136570;14122662
NKNC;D;20250203;000000;101.75;101.75;99;99.5;99040;9911284
NKNC;D;20250204;000000;99.55;100.25;97.3;97.55;85530;8414227
NKNC;D;20250205;000000;97.85;97.85;95.2;96.1;111370;10740617
NKNC;D;20250206;000000;96.8;98.8;96;96.7;121350;11801725.5
NKNC;D;20250207;000000;96.4;100.1;96.4;97.4;65000;6335883.5
NKNC;D;20250210;000000;97.5;98.3;97.1;97.8;98010;9551074.5
NKNC;D;20250211;000000;98.2;98.2;95.55;97.5;76150;7381176.5
NKNC;D;20250212;000000;97.9;100.1;97.55;97.6;73780;7260157.5
NKNC;D;20250213;000000;101.1;104.4;98.35;99.4;106890;10668675.5
NKNC;D;20250214;000000;100;101;96.15;97.65;147260;14620372.5
NKNC;D;20250217;000000;98.9;100;98.9;99.2;95950;9542409.5
NKNC;D;20250218;000000;99.3;100.5;97.4;98.35;151140;15011178.5
NKNC;D;20250219;000000;98.7;99;97;97.7;61580;6005601.5
NKNC;D;20250220;000000;97.75;98.2;97.4;97.7;75070;7336500
NKNC;D;20250221;000000;97.7;98.65;97.45;98.1;65990;6466989
NKNC;D;20250224;000000;98.3;99.1;98.15;98.65;65360;6449746
NKNC;D;20250225;000000;99.2;102.8;98.65;101.4;355960;35996075
NKNC;D;20250226;000000;103;103;99;99.75;156350;15751189.5
NKNC;D;20250227;000000;99.6;100.9;98;99.5;78780;7796978
NKNC;D;20250228;000000;98.95;99.05;96.25;97.5;65050;6320913.5
NKNC;D;20250303;000000;97.5;97.6;95;96;65880;6326714
NKNC;D;20250304;000000;97.5;98.95;96.95;98;52090;5124169.5
NKNC;D;20250305;000000;97.9;99.35;97.55;98.7;25130;2479806
NKNC;D;20250306;000000;98.6;98.6;97.2;97.8;24850;2430122.5
NKNC;D;20250307;000000;97.8;98.95;96;96.45;45970;4493090
NKNC;D;20250310;000000;96.5;100;96.5;97.25;61790;6067240.5
NKNC;D;20250311;000000;98.15;98.85;97.25;97.65;23340;2285344
NKNC;D;20250312;000000;97.5;97.5;96.25;96.65;18560;1795557
NKNC;D;20250313;000000;96.1;96.5;94.3;95.55;40080;3818878
NKNC;D;20250314;000000;95.55;97.1;95.4;96.05;26160;2514512
NKNC;D;20250317;000000;97.35;98.45;96;97.1;61820;6005499.5
NKNC;D;20250318;000000;97.3;97.95;96.4;97.45;54520;5305186.5
NKNC;D;20250319;000000;97.75;97.8;95.25;96.85;34810;3361722
NKNC;D;20250320;000000;96.85;97.6;94.3;96.05;51340;4939797
NKNC;D;20250321;000000;96.45;96.85;95.05;95.4;85520;8224363
NKNC;D;20250324;000000;96.05;99.2;95.05;96.65;84960;8240304.5
NKNC;D;20250325;000000;97.85;97.9;96;96.25;53330;5162122
NKNC;D;20250326;000000;96.6;101.05;96.6;99.2;263760;26333635.5
NKNC;D;20250327;000000;98;98;95.55;95.7;65340;6325587.5
NKNC;D;20250328;000000;95.5;96.65;94.1;95.85;100240;9515153
NKNC;D;20250331;000000;94.75;97.85;94.75;95.05;93240;8926621
NKNC;D;20250401;000000;95.5;97;93.55;96.3;81870;7805351.5
NKNC;D;20250402;000000;95.05;96;94;94.3;22820;2164364
NKNC;D;20250403;000000;94.3;95.2;92;93.85;132080;12352756
NKNC;D;20250404;000000;93.5;95.1;91.65;91.95;55640;5174505.5
NKNC;D;20250407;000000;91.35;91.35;88.2;90.25;79790;7165171
NKNC;D;20250408;000000;90.1;93.8;88.7;93.65;60000;5448939
NKNC;D;20250409;000000;91.1;93.55;88.2;90.75;78650;7086240.5
NKNC;D;20250410;000000;91.65;95.6;91.15;92.4;43290;4038080.5
NKNC;D;20250411;000000;93;94.65;92.15;93;27830;2594180
NKNC;D;20250414;000000;92.4;94.1;91.05;91.3;23390;2151839.5
NKNC;D;20250415;000000;91;91.4;89.6;90.1;25020;2264235.5
NKNC;D;20250416;000000;90.3;92.95;89.75;92.65;35240;3209558
NKNC;D;20250417;000000;92.9;93.45;91.2;91.75;41280;3816344.5
NKNC;D;20250418;000000;91.1;93.35;91.05;91.9;17740;1632882
NKNC;D;20250421;000000;91.6;92.9;91.6;92.3;27190;2511183.5
NKNC;D;20250422;000000;92.7;94.35;92.4;92.95;59610;5572698
NKNC;D;20250423;000000;92.3;93.85;91.15;91.75;29020;2674557.5
NKNC;D;20250424;000000;91.75;92.65;91;91;16910;1550905.5
NKNC;D;20250425;000000;91.95;93.25;91;93.2;38540;3553515
NKNC;D;20250428;000000;92.3;92.55;91.35;91.75;42920;3944537
NKNC;D;20250429;000000;91.75;91.75;89.05;89.65;49600;4503744.5
NKNC;D;20250430;000000;89.55;89.55;88.05;89.3;36360;3225912.5
NKNC;D;20250502;000000;89.3;89.3;87.6;88.25;21890;1931499.5
NKNC;D;20250505;000000;88.3;88.3;86.45;86.45;26830;2342927
NKNC;D;20250506;000000;86.5;88.55;86.5;88.5;16420;1443473
NKNC;D;20250507;000000;88;90;87.5;88.7;18780;1665460
NKNC;D;20250508;000000;88.85;90.3;88.85;89.95;6200;557009
NKNC;D;20250512;000000;90.2;92.45;89.65;89.9;38890;3537849.5
NKNC;D;20250513;000000;89.95;90.2;88.6;88.9;13780;1230700.5
NKNC;D;20250514;000000;89.55;89.55;84.95;88.6;175370;15315065
NKNC;D;20250515;000000;88;88.2;86.2;86.9;26600;2314515.5
NKNC;D;20250516;000000;88;88;86;86.75;22520;1957644
NKNC;D;20250519;000000;87.8;88;86.05;86.25;48870;4262864
NKNC;D;20250520;000000;86.5;86.6;85.55;86;49900;4296786
NKNC;D;20250521;000000;85.15;86;85;85;30940;2639613
NKNC;D;20250522;000000;84.95;85.3;83.2;85.25;169110;14304915
NKNC;D;20250523;000000;84.65;85.9;84.05;84.05;41780;3552920
NKNC;D;20250526;000000;82.95;83.5;81.35;81.5;45250;3724852.5
NKNC;D;20250527;000000;81.55;83.05;81.55;82.55;31320;2574523
NKNC;D;20250528;000000;83;85.9;83;85.05;30700;2602655
NKNC;D;20250529;000000;85.1;86.35;84.95;85.05;42830;3664324
NKNC;D;20250530;000000;85.1;85.8;84.45;85.65;19610;1674427
NKNC;D;20250602;000000;85.8;85.8;84.05;85.4;28530;2424942.5
NKNC;D;20250603;000000;85.4;87.9;84.8;86.05;40890;3544861.5
NKNC;D;20250604;000000;86.35;88.35;85.6;85.9;23750;2066345.5
NKNC;D;20250605;000000;86.55;87.7;85.05;86;40220;3477882.5
NKNC;D;20250606;000000;85.4;86.5;85.25;85.3;13750;1180963
NKNC;D;20250609;000000;85;85;82.1;82.55;71810;5970532.5
NKNC;D;20250610;000000;82.8;83.25;79.25;80.75;79940;6462940.5
NKNC;D;20250611;000000;81;81.65;79.95;80.65;22510;1813591
NKNC;D;20250613;000000;81.7;81.7;80.4;81.15;14070;1136916.5
NKNC;D;20250616;000000;81.4;81.4;80;80.4;22300;1796920.5
NKNC;D;20250617;000000;80.05;81.75;79.95;81.4;14340;1162445
NKNC;D;20250618;000000;81.5;83;80.95;81.65;46840;3830440
NKNC;D;20250619;000000;81.3;82.45;81.1;82.15;29890;2447880.5
NKNC;D;20250620;000000;82.3;82.7;81.1;82.55;22980;1887588.5
NKNC;D;20250623;000000;82.6;84.5;81.75;84;38200;3201145.5
NKNC;D;20250624;000000;84;84;81.9;83.1;19990;1658921
NKNC;D;20250625;000000;83.8;84.4;83.15;83.45;14910;1249255.5
NKNC;D;20250626;000000;84.05;86;84.05;84.4;20500;1733232.5
NKNC;D;20250627;000000;84.2;84.75;83.1;83.5;20230;1695227.5
NKNC;D;20250630;000000;84.55;86.1;83.2;85.35;86020;7280624.5
NKNC;D;20250701;000000;82.8;84.6;82.25;84;72750;6071069.5
NKNC;D;20250702;000000;83.8;83.8;81.85;83;27410;2267770
NKNC;D;20250703;000000;82.8;83.95;82.6;83.5;29840;2491380.5
NKNC;D;20250704;000000;83.55;83.75;80.8;82.35;34610;2843097
NKNC;D;20250707;000000;82.3;83.5;80.8;81.65;22340;1829685
NKNC;D;20250708;000000;81.8;81.8;80.5;80.95;28840;2333038
NKNC;D;20250709;000000;81.55;81.55;78.6;79.7;45960;3667990.5
NKNC;D;20250710;000000;79.75;80.55;78.6;80.5;16960;1354120.5
NKNC;D;20250711;000000;80.4;80.9;78.15;78.7;43540;3442894.5
NKNC;D;20250714;000000;79;84.95;78.95;82;39160;3205622
NKNC;D;20250715;000000;82.25;83.05;81.45;81.95;22180;1818862.5
NKNC;D;20250716;000000;82.5;83.9;81.6;82.55;23270;1918340.5
NKNC;D;20250717;000000;82.55;85.5;82.1;83.85;28430;2378978
NKNC;D;20250718;000000;83.8;85.75;83.3;85.55;26710;2272846
NKNC;D;20250721;000000;85.55;85.85;83.85;84.8;57960;4929339
NKNC;D;20250722;000000;84.8;85.15;83.8;84.8;13990;1182704
NKNC;D;20250723;000000;85.05;85.3;84;84.25;12910;1090543.5
NKNC;D;20250724;000000;84.55;84.55;83.4;83.65;7780;651251
NKNC;D;20250725;000000;84.25;84.5;83.4;83.85;20120;1685575
NKNC;D;20250728;000000;83.8;84;82.5;82.55;43680;3625561
NKNC;D;20250729;000000;83;83.95;82.3;83.4;17630;1468127.5
NKNC;D;20250730;000000;84;84;82.8;82.9;9730;808907
NKNC;D;20250731;000000;83.25;84;82.55;83.25;10270;853668.5
NKNC;D;20250801;000000;83.3;84.05;82.65;83.3;14910;1246478.5
NKNC;D;20250804;000000;83.05;84.7;82.6;84.7;33690;2814966
NKNC;D;20250805;000000;84.75;85.25;83.95;84.65;20590;1741628.5
NKNC;D;20250806;000000;84.65;85.5;83.55;84.05;40770;3429769
NKNC;D;20250807;000000;84.25;86.95;83.8;84.85;62110;5309152.5
NKNC;D;20250808;000000;85.1;86.25;83.3;86.05;26920;2288382.5
NKNC;D;20250811;000000;86.8;89.25;86.05;88.5;59330;5218697.5
NKNC;D;20250812;000000;88.05;88.5;86.7;87.65;35950;3149154.5
NKNC;D;20250813;000000;87.8;89;84.85;87.75;52780;4636167
NKNC;D;20250814;000000;88.05;90.05;86.85;88.05;60180;5341520
NKNC;D;20250815;000000;88.25;91.6;88.15;89.55;86260;7718242.5
NKNC;D;20250818;000000;87.95;91;87.15;89.55;93470;8351652.5
NKNC;D;20250819;000000;89.55;91.6;89.5;90.9;77270;7026891
NKNC;D;20250820;000000;91.05;91.25;89;90.15;67320;6054722
NKNC;D;20250821;000000;90.15;92.2;88;89;83110;7467010
NKNC;D;20250822;000000;88.85;90.65;88;88.55;37120;3301226
NKNC;D;20250825;000000;88.75;89.45;84.95;86.05;97750;8443015
NKNC;D;20250826;000000;86.3;88.3;86.25;88;48670;4260149.5
NKNC;D;20250827;000000;88;89.8;88;88.7;38580;3428268.5
NKNC;D;20250828;000000;89;94.95;88.6;89;143540;13051984
NKNC;D;20250829;000000;89.35;90.6;88.3;89.6;33520;2988269.5
NKNC;D;20250901;000000;89.1;89.55;88.1;88.2;32050;2840116.5
NKNC;D;20250902;000000;88.2;88.8;86.9;87.2;38890;3399605
NKNC;D;20250903;000000;87;87.85;86.5;86.8;35660;3101433
NKNC;D;20250904;000000;86.95;87.8;86.75;87.35;23090;2014014.5
NKNC;D;20250905;000000;87.3;88.6;87.25;88.35;21910;1929263
NKNC;D;20250908;000000;88.55;89;87.85;88.25;22650;2006959.5
NKNC;D;20250909;000000;88.75;89;87.35;87.45;46440;4089061
NKNC;D;20250910;000000;87.8;87.95;86.5;86.55;34970;3038666.5
NKNC;D;20250911;000000;86.9;86.9;86.2;86.65;17330;1499661.5
NKNC;D;20250912;000000;86.85;88.9;85.1;85.55;62180;5396091
NKNC;D;20250915;000000;85.95;86.85;85;85.1;35580;3038921
NKNC;D;20250916;000000;85.8;86.5;85;85.1;25630;2190036.5
NKNC;D;20250917;000000;85.55;85.65;84;85.1;50160;4258920
NKNC;D;20250918;000000;85.5;86.95;84.75;85.2;22280;1906578.5
NKNC;D;20250919;000000;84.75;85.7;83.1;83.85;24490;2072987
NKNC;D;20250922;000000;83.85;83.85;82.25;83.05;32930;2725054
NKNC;D;20250923;000000;83.65;83.9;81.55;82.45;24420;2025817
NKNC;D;20250924;000000;82.45;83.7;81.45;83.2;68410;5618860.5
NKNC;D;20250925;000000;83.6;91;82.55;84.45;133590;11400950
NKNC;D;20250926;000000;83.65;85.95;83.5;85.45;24690;2092354
NKNC;D;20250929;000000;85.8;86.4;83.8;84.65;55470;4725225
NKNC;D;20250930;000000;85.35;85.65;82.45;83.15;80040;6687514
NKNC;D;20251001;000000;83.3;85.65;80;80.75;109800;8951174.5
NKNC;D;20251002;000000;80.75;81;78.2;78.65;145870;11552782.5
NKNC;D;20251003;000000;78.85;79.65;77;77.4;130910;10218141
NKNC;D;20251006;000000;77.5;79.75;76;79.1;113180;8788848.5
NKNC;D;20251007;000000;79.8;80.7;79.2;79.95;30830;2465670
NKNC;D;20251008;000000;80.1;80.75;78;78.6;29070;2304949.5
NKNC;D;20251009;000000;78.6;80.8;78;79.6;21720;1722686.5
NKNC;D;20251010;000000;80.8;81.9;78.55;79;13120;1039506
NKNC;D;20251013;000000;79.2;80.5;78;78.55;40670;3203411
NKNC;D;20251014;000000;79.15;79.2;78;78.1;16680;1309438
NKNC;D;20251015;000000;78.7;79.35;78.05;78.35;10630;836476.5
NKNC;D;20251016;000000;78.9;81.75;78.9;81.1;38740;3095732.5
NKNC;D;20251017;000000;81.75;81.85;80.15;80.9;17260;1397193.5
NKNC;D;20251020;000000;81.9;83.5;81;81.45;40820;3348929.5
NKNC;D;20251021;000000;81.05;81.7;79.2;79.6;13980;1121828.5
NKNC;D;20251022;000000;79.9;81.15;79.5;80;12840;1030850.5
NKNC;D;20251023;000000;79.2;80;78;78.4;33660;2648054
NKNC;D;20251024;000000;78.7;79.25;78;78;17480;1368359.5
NKNC;D;20251027;000000;77.5;78.65;76.85;77.9;70290;5447602
NKNC;D;20251028;000000;78.2;79.45;77.45;78.8;15280;1205217
NKNC;D;20251029;000000;78.75;79.75;78.75;79.4;7740;613189
NKNC;D;20251030;000000;79.15;80.9;79.15;80.1;6720;537622.5
NKNC;D;20251031;000000;80.2;80.45;78.6;79.55;21030;1675282.5
NKNC;D;20251101;000000;79.25;80;79.05;79.95;7050;562010
NKNC;D;20251103;000000;80;80.85;79.1;80.65;4980;399868.5
NKNC;D;20251105;000000;80.3;80.7;79.5;79.95;7250;580901.5
NKNC;D;20251106;000000;80.55;80.6;79.55;79.7;7000;560542.5
NKNC;D;20251107;000000;80.35;80.75;80.15;80.6;2690;216494.5
NKNC;D;20251110;000000;80.95;81.95;80.25;80.35;20200;1634574.5
NKNC;D;20251111;000000;80.3;80.65;80.05;80.25;7320;588174
NKNC;D;20251112;000000;80.6;80.65;78.9;79.85;9010;718239.5
NKNC;D;20251113;000000;80.2;80.2;79.5;79.5;5310;423481
NKNC;D;20251114;000000;79.9;79.9;79.1;79.6;5890;467784.5
NKNC;D;20251117;000000;79.6;79.8;77.9;78.75;26520;2092362.5
NKNC;D;20251118;000000;78.6;79.6;78.55;78.9;15300;1210511.5
NKNC;D;20251119;000000;79.55;80.4;79.2;79.65;13770;1097495
NKNC;D;20251120;000000;80.45;80.6;79.05;80.35;8780;700855
NKNC;D;20251121;000000;80;80.65;79.3;80.6;9330;749936.5
NKNC;D;20251124;000000;80.65;81.3;79.1;79.7;21650;1739334
NKNC;D;20251125;000000;79.4;81;79.35;80.7;18860;1514603
NKNC;D;20251126;000000;80.75;80.75;80;80.2;5160;413867.5
NKNC;D;20251127;000000;80.05;80.5;80;80.05;8390;671928
NKNC;D;20251128;000000;80.25;80.7;79.9;80.2;16860;1352522.5
NKNC;D;20251201;000000;80.5;81;79.85;80.05;12310;988497
NKNC;D;20251202;000000;80.1;80.9;80;80;27160;2181683
NKNC;D;20251203;000000;79.85;80.65;79.55;79.85;32340;2589491.5
NKNC;D;20251204;000000;80.4;80.4;79.35;79.7;23900;1910202.5
NKNC;D;20251205;000000;79.85;80.55;79.85;80.45;20480;1643979.5
NKNC;D;20251208;000000;80.15;81;79.8;80.3;40590;3266121.5
NKNC;D;20251209;000000;80.3;81.15;79.8;80.75;18070;1455476
NKNC;D;20251210;000000;80.6;82.5;80.55;82;52340;4276838.5
NKNC;D;20251211;000000;82;83.5;81.25;81.9;49000;4035354.5
NKNC;D;20251212;000000;82;82.15;80.85;81.15;41080;3350250
NKNC;D;20251215;000000;81.1;81.55;80.5;81.35;35940;2914627.5
NKNC;D;20251216;000000;81.55;81.65;81;81.1;21840;1777396.5
NKNC;D;20251217;000000;81.5;81.7;79.25;80.3;44230;3542779.5
NKNC;D;20251218;000000;80.3;81.75;79.65;81.3;82790;6709608
NKNC;D;20251219;000000;81.15;82.2;80.05;81.5;47010;3821443.5
NKNC;D;20251222;000000;81.35;82.25;80;80.5;25090;2032103.5
NKNC;D;20251223;000000;80.9;81.55;79.05;80;39230;3143403
NKNC;D;20251224;000000;79.5;80.7;79.25;79.75;36230;2894421
NKNC;D;20251225;000000;79.4;80.35;79.25;79.35;18480;1473563
NKNC;D;20251226;000000;79.8;80.3;78.1;79.75;70870;5630574.5
NKNC;D;20251229;000000;80.45;80.45;78;78.5;98430;7776667.5
NKNC;D;20251230;000000;78.75;79.4;77.85;78.05;34320;2698764
NKNC;D;20260105;000000;78.2;79.2;78.05;79;22730;1787740
NKNC;D;20260106;000000;79.1;79.65;79;79.35;22970;1820533
NKNC;D;20260108;000000;79.55;79.6;78.95;78.95;10640;842774
NKNC;D;20260109;000000;79.3;79.85;79.05;79.5;8330;661937.5
NKNC;D;20260112;000000;79.25;79.8;78;78.65;28520;2251776.5
NKNC;D;20260113;000000;79.15;79.85;77.95;78.1;44550;3493046.5
