<TICKER>;<PER>;<DATE>;<TIME>;<OPEN>;<HIGH>;<LOW>;<CLOSE>;<AMOUNT>;<VOLUME>
NMTP;D;20071108;000000;7.2;7.399;6;7.15;281500;1975829.5
NMTP;D;20071109;000000;7.15;8.87;6.9;7.107;268500;1969065.9
NMTP;D;20071112;000000;7.5;7.5;6.6;7;455500;3174597.5
NMTP;D;20071113;000000;7;7;6.85;6.85;24400;168775.1
NMTP;D;20071114;000000;7.199;7.199;6.75;6.761;28100;192363.2
NMTP;D;20071115;000000;6.89;6.89;6.76;6.761;7200;49087.4
NMTP;D;20071116;000000;6.71;7;6.71;6.801;27500;187750.5
NMTP;D;20071119;000000;6.8;6.8;6.7;6.7;15000;101566
NMTP;D;20071120;000000;6.7;6.7;6.352;6.42;41500;272707.8
NMTP;D;20071121;000000;6.45;6.459;6.27;6.27;68000;430064.2
NMTP;D;20071122;000000;6.299;7.099;6.14;6.14;83700;534546.7
NMTP;D;20071123;000000;6.2;6.2;6;6.1;37200;224970.4
NMTP;D;20071126;000000;6.1;8;6.06;6.1;209800;1381075.4
NMTP;D;20071127;000000;6.1;6.34;6.1;6.2;30800;190982.4
NMTP;D;20071128;000000;6.11;6.49;6.11;6.49;68200;433634.4
NMTP;D;20071129;000000;6.499;6.5;6;6;40800;253975.7
NMTP;D;20071130;000000;6.2;6.8;6.022;6.7;103300;665155.8
NMTP;D;20071203;000000;6.201;6.69;6.201;6.69;143300;932411.7
NMTP;D;20071204;000000;6.7;6.7;6.5;6.501;63200;411120.1
NMTP;D;20071205;000000;6.999;7;6.56;6.6;249900;1649936.3
NMTP;D;20071206;000000;6.55;6.647;6.312;6.54;55700;363121.1
NMTP;D;20071207;000000;6.502;6.61;6.5;6.5;919100;6027038.8
NMTP;D;20071210;000000;6.699;6.699;6.4;6.552;47900;308445.3
NMTP;D;20071211;000000;6.42;6.55;6.42;6.508;3600;23378.6
NMTP;D;20071212;000000;6.55;6.55;6.49;6.523;270600;1761134.1
NMTP;D;20071213;000000;6.52;6.52;6.304;6.42;67700;440536
NMTP;D;20071214;000000;6.53;6.599;6.4;6.4;184200;1188791.1
NMTP;D;20071217;000000;6.55;6.55;6.35;6.35;30100;191317.4
NMTP;D;20071218;000000;6.33;6.33;6.27;6.305;20700;131012.4
NMTP;D;20071219;000000;6.29;6.44;6.29;6.44;8000;50395
NMTP;D;20071220;000000;6.401;6.401;6.111;6.35;212800;1353288
NMTP;D;20071221;000000;6.3;6.349;6.26;6.27;55900;351744.8
NMTP;D;20071224;000000;6.1;6.3;6.1;6.2;53700;334145.4
NMTP;D;20071225;000000;6.27;6.302;6.1;6.3;215300;1340792.5
NMTP;D;20071226;000000;6.125;6.29;6.1;6.1;233800;1428226.7
NMTP;D;20071227;000000;6.288;6.288;6.14;6.141;66100;414006.6
NMTP;D;20071228;000000;6.55;6.551;6.275;6.32;856500;5600765.5
NMTP;D;20080109;000000;6.4;6.499;6.333;6.45;29800;189974
NMTP;D;20080110;000000;6.55;6.55;6.253;6.397;196800;1250628.7
NMTP;D;20080111;000000;6.35;6.385;6.251;6.348;105200;668043.7
NMTP;D;20080114;000000;6.009;6.3;6.009;6.25;305300;1894664.9
NMTP;D;20080115;000000;6.31;6.348;6.11;6.15;111900;701296.3
NMTP;D;20080116;000000;6.004;6.12;5.723;5.8;224600;1323587.3
NMTP;D;20080117;000000;5.994;6;5.75;5.849;139200;808931.9
NMTP;D;20080118;000000;5.799;5.899;5.507;5.647;664100;3750633
NMTP;D;20080121;000000;5.402;5.599;5.004;5.295;192300;1022480.5
NMTP;D;20080122;000000;4.85;5.35;4.8;5.25;411700;2139134.1
NMTP;D;20080123;000000;5.3;5.349;4.8;5.23;520800;2695473.9
NMTP;D;20080124;000000;5.25;5.349;5.1;5.349;377100;1961660.8
NMTP;D;20080125;000000;5.43;5.43;5.14;5.2;571100;3012780.4
NMTP;D;20080128;000000;5.4;5.4;5.102;5.4;514400;2777123.6
NMTP;D;20080129;000000;5.599;5.879;5.45;5.595;729500;4063989.5
NMTP;D;20080130;000000;5.798;6.05;5.002;5.15;3098400;17041664.9
NMTP;D;20080131;000000;5.25;5.888;5;5.13;2256400;12597624.6
NMTP;D;20080201;000000;5.05;5.15;4.9;5.149;205000;1038286
NMTP;D;20080204;000000;5.23;5.315;5.052;5.179;55100;287712.8
NMTP;D;20080205;000000;5.349;6.035;5.111;5.199;1314700;7487875.5
NMTP;D;20080206;000000;5.111;5.237;4.95;5;694700;3486811.4
NMTP;D;20080207;000000;5.2;6;5;5.145;2344800;13458235
NMTP;D;20080208;000000;5.45;6;5.001;6;3187100;18870290.1
NMTP;D;20080211;000000;5.408;5.93;5.2;5.751;944700;5451061.6
NMTP;D;20080212;000000;5.601;5.916;5.578;5.849;111200;644513.2
NMTP;D;20080213;000000;5.85;5.85;5.754;5.849;58700;342444.4
NMTP;D;20080214;000000;5.999;5.999;5.511;5.87;75700;442179.4
NMTP;D;20080215;000000;5.87;5.87;5.305;5.7;173500;932695
NMTP;D;20080218;000000;5.799;5.996;5.33;5.834;23800;133162.2
NMTP;D;20080219;000000;5.58;5.799;5.58;5.79;45400;256366.2
NMTP;D;20080220;000000;5.79;5.79;5.4;5.59;11300;63387.9
NMTP;D;20080221;000000;5.698;5.698;5.4;5.634;100500;553187.9
NMTP;D;20080222;000000;5.67;5.674;5.401;5.55;7900;44548.1
NMTP;D;20080226;000000;5.84;5.84;5.32;5.548;109500;596727
NMTP;D;20080227;000000;5.575;5.575;5.355;5.45;27400;148489.6
NMTP;D;20080228;000000;5.4;5.59;5.4;5.526;332800;1814773
NMTP;D;20080229;000000;5.53;5.53;5.35;5.485;331800;1793029.1
NMTP;D;20080303;000000;5.495;5.495;5.35;5.42;12200;65827.6
NMTP;D;20080304;000000;5.43;5.55;5.35;5.46;149400;818622.9
NMTP;D;20080305;000000;5.357;5.55;5.356;5.356;4900;26602
NMTP;D;20080306;000000;5.549;5.8;5.359;5.444;55000;298615.6
NMTP;D;20080307;000000;5.354;5.43;5.28;5.32;27500;146442
NMTP;D;20080311;000000;5.3;5.4;5.3;5.4;3500;18650
NMTP;D;20080312;000000;5.321;5.35;5.101;5.35;7700;40394.8
NMTP;D;20080313;000000;5.151;5.299;5.15;5.22;5500;28698.4
NMTP;D;20080314;000000;5.151;5.25;5.115;5.15;7600;39216.2
NMTP;D;20080317;000000;5.369;5.43;5.065;5.1;87500;452015.9
NMTP;D;20080318;000000;5.202;5.319;5.201;5.201;9300;48638
NMTP;D;20080319;000000;5.18;5.2;5.1;5.1;28500;147832
NMTP;D;20080320;000000;5.051;5.056;5.05;5.05;23200;117190.2
NMTP;D;20080321;000000;5.1;5.12;5;5;31800;162242.9
NMTP;D;20080324;000000;5.001;5.085;4.85;4.9;44300;222533.4
NMTP;D;20080325;000000;4.92;4.98;4.775;4.98;248200;1193798.1
NMTP;D;20080326;000000;4.999;4.999;4.9;4.9;20200;99074.9
NMTP;D;20080327;000000;4.8;4.97;4.7;4.7;42500;203948.9
NMTP;D;20080328;000000;4.66;4.8;4.65;4.669;20400;96394.8
NMTP;D;20080331;000000;4.651;4.7;4.64;4.7;50500;236710.6
NMTP;D;20080401;000000;4.8;4.85;4.8;4.839;12300;59591.8
NMTP;D;20080402;000000;4.79;4.88;4.71;4.85;86400;411402.8
NMTP;D;20080403;000000;4.803;4.847;4.71;4.847;113700;536141.6
NMTP;D;20080404;000000;4.72;4.72;4.71;4.71;2000;9437.1
NMTP;D;20080407;000000;4.707;5.1;4.705;4.9;355800;1709034.1
NMTP;D;20080408;000000;4.761;4.95;4.75;4.949;858700;4189067.6
NMTP;D;20080409;000000;4.9;4.99;4.74;4.805;9400;46171.1
NMTP;D;20080410;000000;4.711;4.94;4.7;4.9;53000;254984
NMTP;D;20080411;000000;4.899;5;4.77;4.8;24600;121700.3
NMTP;D;20080414;000000;4.9;4.987;4.9;4.9;44000;215815
NMTP;D;20080415;000000;4.98;4.986;4.771;4.771;21200;102069.2
NMTP;D;20080416;000000;4.799;4.87;4.799;4.87;2700;13084.4
NMTP;D;20080417;000000;4.85;4.884;4.75;4.865;26500;127862.2
NMTP;D;20080418;000000;4.75;4.845;4.75;4.77;6700;32191.5
NMTP;D;20080421;000000;4.761;4.761;4.761;4.761;5000;23805
NMTP;D;20080422;000000;4.709;4.79;4.61;4.702;493100;2310475.3
NMTP;D;20080423;000000;4.8;4.8;4.7;4.745;174400;823376.8
NMTP;D;20080424;000000;4.719;4.8;4.651;4.75;34200;162353.8
NMTP;D;20080425;000000;4.71;4.8;4.611;4.75;292000;1373368.5
NMTP;D;20080428;000000;4.701;4.856;4.615;4.615;37400;176110
NMTP;D;20080429;000000;4.75;4.8;4.625;4.8;135100;643302.9
NMTP;D;20080430;000000;4.847;4.878;4.7;4.8;129300;614272.7
NMTP;D;20080504;000000;4.949;4.98;4.756;4.887;32700;158050.3
NMTP;D;20080505;000000;4.8;4.9;4.8;4.8;69700;336112.1
NMTP;D;20080506;000000;4.751;5.584;4.751;5.146;265200;1344596.6
NMTP;D;20080507;000000;5.2;5.2;5;5.146;71400;359429.5
NMTP;D;20080512;000000;5.334;5.334;5.1;5.1;151300;783177.1
NMTP;D;20080513;000000;5.299;5.299;5.23;5.23;236600;1242355.3
NMTP;D;20080514;000000;5.211;5.3;5.21;5.288;39600;206728.1
NMTP;D;20080515;000000;5.31;5.33;5.101;5.25;102200;536445.2
NMTP;D;20080516;000000;5.344;5.344;5.2;5.3;11300;59453.7
NMTP;D;20080519;000000;5.11;5.3;5.11;5.134;275500;1420425.3
NMTP;D;20080520;000000;5.119;5.148;5.05;5.14;69200;353087.6
NMTP;D;20080521;000000;5.199;5.199;4.95;5.099;26200;131919
NMTP;D;20080522;000000;5.1;5.199;5.003;5.09;5800;29503.1
NMTP;D;20080523;000000;5;5.05;4.9;5.05;2300;11310.2
NMTP;D;20080526;000000;5.1;5.1;4.9;5;5100;25350.2
NMTP;D;20080527;000000;4.9;5.043;4.855;5.043;18400;89498.2
NMTP;D;20080528;000000;4.85;4.999;4.85;4.999;200;984.9
NMTP;D;20080529;000000;4.99;5.1;4.89;5.1;56400;283804
NMTP;D;20080530;000000;5.177;5.222;5.015;5.1;81200;415994.5
NMTP;D;20080602;000000;5.065;5.281;5.065;5.27;109900;572404.9
NMTP;D;20080603;000000;5.2;5.27;5.2;5.25;8900;46519
NMTP;D;20080604;000000;5.065;5.099;5.01;5.099;26900;136023.4
NMTP;D;20080605;000000;5.05;5.3;4.99;5.15;511000;2659688.8
NMTP;D;20080606;000000;5.025;5.1;5.025;5.065;14300;72414.2
NMTP;D;20080607;000000;4.99;5.189;4.95;5.05;6200;31283.4
NMTP;D;20080609;000000;4.91;4.99;4.91;4.99;900;4459
NMTP;D;20080611;000000;4.955;4.99;4.951;4.99;5600;27770.7
NMTP;D;20080616;000000;5.27;5.27;4.922;4.999;90100;446916.2
NMTP;D;20080617;000000;4.95;5.2;4.95;4.998;717800;3595691.7
NMTP;D;20080618;000000;5.199;5.199;4.915;4.967;185500;914189.4
NMTP;D;20080619;000000;4.915;4.999;4.855;4.866;233400;1144303.7
NMTP;D;20080620;000000;4.872;4.951;4.672;4.928;153300;739124
NMTP;D;20080623;000000;4.89;4.89;4.72;4.85;126500;602993.7
NMTP;D;20080624;000000;4.9;4.99;4.899;4.899;257300;1264626
NMTP;D;20080625;000000;4.987;4.998;4.77;4.81;249100;1204787.1
NMTP;D;20080626;000000;4.751;4.94;4.653;4.72;146100;686204.6
NMTP;D;20080627;000000;4.65;4.85;4.442;4.7;264200;1214337.4
NMTP;D;20080630;000000;4.602;5.5;4.465;5.5;1651100;8179661.6
NMTP;D;20080701;000000;5;5;4.701;4.72;238500;1141897.9
NMTP;D;20080702;000000;4.7;4.7;4.7;4.7;300;1410
NMTP;D;20080703;000000;4.6;4.69;4.47;4.649;174800;801010.5
NMTP;D;20080704;000000;4.6;4.707;4.55;4.582;112700;519758.7
NMTP;D;20080707;000000;4.56;4.58;4.436;4.55;151000;683095.8
NMTP;D;20080708;000000;4.42;4.45;4.32;4.445;376300;1659402.1
NMTP;D;20080709;000000;4.48;4.56;4.225;4.5;286500;1271614.4
NMTP;D;20080710;000000;4.353;4.5;4.352;4.5;35400;156063.8
NMTP;D;20080711;000000;4.307;4.648;4.252;4.4;261700;1134559.3
NMTP;D;20080714;000000;4.35;4.5;4.26;4.433;761500;3345958.9
NMTP;D;20080715;000000;4.39;4.42;4.39;4.39;100100;440859
NMTP;D;20080716;000000;4.402;4.498;4.306;4.306;175800;775183
NMTP;D;20080717;000000;4.228;4.5;4.228;4.328;73000;322225.1
NMTP;D;20080718;000000;4.587;4.987;4.201;4.251;583300;2542196.4
NMTP;D;20080721;000000;4.418;4.49;4.31;4.31;32100;138421.4
NMTP;D;20080722;000000;4.251;4.256;4.251;4.255;10900;46381.4
NMTP;D;20080723;000000;4.255;4.484;4.25;4.25;160500;691585.3
NMTP;D;20080724;000000;4.387;4.5;4.25;4.25;560900;2461104.6
NMTP;D;20080725;000000;4.211;4.298;3.721;3.916;918900;3698616.1
NMTP;D;20080728;000000;3.837;4.379;3.837;4.001;434500;1754635.3
NMTP;D;20080729;000000;3.751;4.119;3.715;4.001;120600;481533.1
NMTP;D;20080730;000000;3.902;4.6;3.902;4.6;404900;1729032.5
NMTP;D;20080731;000000;4.102;5.55;4.1;4.2;408700;1734871
NMTP;D;20080801;000000;4.4;4.8;4.01;4.155;1688700;7135039.1
NMTP;D;20080804;000000;4.269;4.269;4.034;4.065;5800;24071.1
NMTP;D;20080805;000000;4.168;4.393;3.751;3.995;573100;2340696.2
NMTP;D;20080806;000000;4.012;4.189;3.94;3.995;251800;1006727.3
NMTP;D;20080807;000000;4.07;4.28;3.93;3.981;375000;1525270.6
NMTP;D;20080808;000000;3.981;4.095;3.75;3.95;537400;2126988.9
NMTP;D;20080811;000000;4;4;3.607;3.8;425300;1594830.8
NMTP;D;20080812;000000;3.8;3.9;3.613;3.726;427100;1617064.1
NMTP;D;20080813;000000;3.726;3.75;3.605;3.74;195200;718355.3
NMTP;D;20080814;000000;3.778;3.84;3.719;3.825;223200;847578
NMTP;D;20080815;000000;3.567;3.912;3.567;3.875;108700;418190.5
NMTP;D;20080818;000000;3.787;3.864;3.707;3.849;196900;744837.8
NMTP;D;20080819;000000;3.712;3.848;3.684;3.76;340300;1272297
NMTP;D;20080820;000000;3.72;3.76;3.7;3.74;53400;198932.7
NMTP;D;20080821;000000;3.796;3.848;3.655;3.68;400600;1496056.7
NMTP;D;20080822;000000;3.7;3.749;3.52;3.64;242600;877819.4
NMTP;D;20080825;000000;3.676;3.68;3.505;3.546;80800;292997.3
NMTP;D;20080826;000000;3.746;3.82;3.433;3.59;103500;364080.1
NMTP;D;20080827;000000;3.469;3.65;3.425;3.568;64400;227659.7
NMTP;D;20080828;000000;3.568;3.694;3.355;3.41;1718500;6170908.8
NMTP;D;20080829;000000;3.4;3.424;3.343;3.42;76600;257931.8
NMTP;D;20080901;000000;3.468;3.468;3.154;3.194;220700;709912.1
NMTP;D;20080902;000000;3.171;3.286;3.17;3.223;13600;43936.2
NMTP;D;20080903;000000;3.163;3.276;3.107;3.22;64200;205887.7
NMTP;D;20080904;000000;3.164;3.292;3.151;3.166;22700;72702.9
NMTP;D;20080905;000000;3.103;3.224;2.9;3.193;258300;800252.4
NMTP;D;20080908;000000;2.95;3.293;2.95;3.114;161900;500669.7
NMTP;D;20080909;000000;3.165;3.165;2.8;2.99;7100;20576.8
NMTP;D;20080910;000000;2.689;3.089;2.689;2.958;26600;74485.2
NMTP;D;20080911;000000;2.6;2.999;2.6;2.9;132100;383993.3
NMTP;D;20080912;000000;2.999;3.52;2.741;3.52;4963300;15442583.3
NMTP;D;20080915;000000;3.055;3.549;3.055;3.549;2900;9423.6
NMTP;D;20080916;000000;3.061;3.1;2.541;2.541;12700;36153.4
NMTP;D;20080917;000000;2.603;2.603;2.5;2.5;30200;76986.8
NMTP;D;20080919;000000;2.801;3.45;2.801;3.45;3500;11734
NMTP;D;20080922;000000;3.37;3.379;2.76;2.95;78600;234506.3
NMTP;D;20080923;000000;2.781;2.89;2.7;2.8;119500;323619.2
NMTP;D;20080924;000000;2.77;2.79;2.5;2.56;529100;1360502.6
NMTP;D;20080925;000000;2.6;2.69;2.57;2.6;86300;223163.4
NMTP;D;20080926;000000;2.6;2.64;2.407;2.5;105500;264745.4
NMTP;D;20080929;000000;2.41;2.45;2.2;2.45;135600;315594
NMTP;D;20080930;000000;2.459;2.55;2.323;2.4;37700;92885.4
NMTP;D;20081001;000000;2.589;2.599;2.43;2.599;206400;526438.2
NMTP;D;20081002;000000;2.65;2.877;2.407;2.45;131100;334584.8
NMTP;D;20081003;000000;2.587;2.587;2.4;2.4;8600;20659
NMTP;D;20081006;000000;2.15;2.25;2.15;2.15;6800;15120
NMTP;D;20081007;000000;2.415;2.75;2.002;2.409;389800;1038722.9
NMTP;D;20081008;000000;2.215;2.215;2;2;21300;43721.1
NMTP;D;20081009;000000;2.178;2.789;2.178;2.779;67200;178227.5
NMTP;D;20081013;000000;2.621;2.999;1.99;1.99;410300;940564.6
NMTP;D;20081014;000000;2;2.002;2;2.002;2700;5400.4
NMTP;D;20081015;000000;2.005;2.306;1.755;1.81;600100;1128423
NMTP;D;20081016;000000;1.819;1.819;1.51;1.51;119100;201180.2
NMTP;D;20081017;000000;1.45;1.734;1.45;1.539;63000;97645.3
NMTP;D;20081020;000000;1.692;1.88;1.499;1.499;328100;519049
NMTP;D;20081021;000000;1.8;1.8;1.5;1.57;298100;462177
NMTP;D;20081022;000000;1.649;1.781;1.421;1.421;99600;155398.8
NMTP;D;20081023;000000;1.42;1.42;1.3;1.3;33200;43952.5
NMTP;D;20081024;000000;1.545;1.545;1.544;1.544;700;1081.3
NMTP;D;20081028;000000;1.4;1.65;1.4;1.54;36600;54600.4
NMTP;D;20081029;000000;1.52;1.778;1.508;1.72;200800;326668
NMTP;D;20081030;000000;1.601;1.777;1.6;1.777;187200;312085.8
NMTP;D;20081031;000000;1.735;1.939;1.621;1.733;122100;228799.5
NMTP;D;20081101;000000;1.711;1.85;1.711;1.759;45900;80391.7
NMTP;D;20081105;000000;1.985;1.991;1.7;1.962;327900;586858.1
NMTP;D;20081106;000000;1.804;1.85;1.65;1.697;50400;86218
NMTP;D;20081107;000000;1.539;1.772;1.539;1.611;323300;522300.3
NMTP;D;20081110;000000;1.521;1.84;1.521;1.603;509500;860730.9
NMTP;D;20081111;000000;1.489;1.6;1.475;1.522;69600;108470
NMTP;D;20081113;000000;1.267;1.489;1.267;1.436;482000;663837.7
NMTP;D;20081114;000000;1.527;1.698;1.194;1.2;1055200;1384139.9
NMTP;D;20081117;000000;1.138;1.247;1.1;1.168;138300;163312.1
NMTP;D;20081118;000000;1.1;1.35;1.041;1.3;319500;397679.6
NMTP;D;20081119;000000;1.31;1.348;1.196;1.21;332500;408929.3
NMTP;D;20081120;000000;1.244;1.244;1.128;1.178;431700;491707.6
NMTP;D;20081121;000000;1.128;1.339;1.12;1.192;398100;494332.6
NMTP;D;20081124;000000;1.287;1.289;1.15;1.27;69500;85284.2
NMTP;D;20081125;000000;1.202;1.7;1.202;1.65;574600;924088.6
NMTP;D;20081127;000000;1.35;1.85;1.35;1.748;1068000;1757492.4
NMTP;D;20081128;000000;1.652;1.799;1.632;1.799;230500;380339.4
NMTP;D;20081201;000000;1.7;1.7;1.354;1.364;145900;208033.3
NMTP;D;20081203;000000;1.211;1.8;1.211;1.799;1173400;1733070.2
NMTP;D;20081205;000000;1.5;1.98;1.48;1.75;417400;678432.8
NMTP;D;20081208;000000;1.62;2.05;1.6;2;498900;942870.7
NMTP;D;20081209;000000;1.816;2.287;1.815;2;759500;1546702.4
NMTP;D;20081210;000000;1.909;2.166;1.9;2.148;146300;283866.3
NMTP;D;20081211;000000;2.179;2.333;2.071;2.285;327400;707186.4
NMTP;D;20081212;000000;2.399;2.399;2.052;2.2;154700;339934.4
NMTP;D;20081215;000000;2.35;2.35;2.1;2.239;108200;241214
NMTP;D;20081216;000000;2.245;2.5;2.08;2.22;238200;524026.5
NMTP;D;20081217;000000;2.006;2.467;2.006;2.325;331800;754578.1
NMTP;D;20081218;000000;2.594;2.594;2.18;2.29;150500;339344.5
NMTP;D;20081219;000000;2.449;2.449;2.2;2.395;128200;296542.7
NMTP;D;20081222;000000;2.393;2.5;2.101;2.45;565100;1295696.2
NMTP;D;20081223;000000;2.397;2.499;2.31;2.439;73200;174506
NMTP;D;20081224;000000;2.488;2.497;2.215;2.315;221000;522429.8
NMTP;D;20081225;000000;2.488;2.557;2.277;2.455;152600;370941.5
NMTP;D;20081226;000000;2.5;2.55;2.31;2.352;187300;452664.5
NMTP;D;20081229;000000;2.44;3.231;2.44;3;877300;2635502.5
NMTP;D;20081230;000000;3.738;3.738;2.655;2.91;435700;1498960.6
NMTP;D;20081231;000000;3.49;3.78;2.913;3.3;8011400;28695206
NMTP;D;20090111;000000;3.026;3.68;3;3.1;518800;1618328.9
NMTP;D;20090112;000000;2.911;3.5;2.8;2.838;153900;454978.9
NMTP;D;20090113;000000;3;3;2.607;2.95;71800;209538.3
NMTP;D;20090114;000000;3.3;3.3;2.511;2.65;1590700;4618146.1
NMTP;D;20090115;000000;2.7;2.87;2.56;2.686;2797400;7645552.6
NMTP;D;20090116;000000;2.335;2.835;2.335;2.63;271900;747084.5
NMTP;D;20090119;000000;2.65;2.782;2.602;2.62;394700;1067565.7
NMTP;D;20090120;000000;2.55;2.734;2.406;2.55;353300;904770.4
NMTP;D;20090121;000000;2.624;2.7;2.31;2.619;750000;1873731.3
NMTP;D;20090122;000000;2.721;2.85;2.422;2.422;438500;1081556.6
NMTP;D;20090123;000000;2.469;2.619;2.3;2.465;125600;296996.2
NMTP;D;20090126;000000;2.587;2.648;2.323;2.476;219200;542993.6
NMTP;D;20090127;000000;2.391;2.639;2.151;2.37;200000;465947
NMTP;D;20090128;000000;2.7;2.7;2.225;2.4;327600;779352
NMTP;D;20090129;000000;2.733;2.733;2.225;2.23;381100;888921.1
NMTP;D;20090130;000000;2.224;2.326;2.105;2.291;608200;1366552.1
NMTP;D;20090202;000000;2.36;2.364;2.15;2.293;671900;1475442
NMTP;D;20090203;000000;2.59;2.59;2.151;2.179;192400;418528.4
NMTP;D;20090204;000000;2.465;2.465;2.15;2.19;93600;204259.7
NMTP;D;20090205;000000;2.165;2.222;2.105;2.161;239000;516768.4
NMTP;D;20090206;000000;2.21;2.4;2.155;2.249;508800;1126946.4
NMTP;D;20090209;000000;2.31;2.425;2.201;2.275;254500;573608.6
NMTP;D;20090210;000000;2.285;2.34;2.169;2.244;116200;258415.5
NMTP;D;20090211;000000;2.243;2.243;2.055;2.147;229300;492184.8
NMTP;D;20090212;000000;2.1;2.178;2.003;2.083;330600;699490.9
NMTP;D;20090213;000000;2.071;2.226;2.071;2.172;31800;69178.5
NMTP;D;20090216;000000;2.2;2.824;2.01;2.38;11312700;28458179.3
NMTP;D;20090217;000000;2.45;2.59;2.133;2.205;496500;1091241.2
NMTP;D;20090218;000000;2.242;2.331;2.1;2.236;236900;508604.6
NMTP;D;20090219;000000;2.111;2.23;2.099;2.2;248000;530230.2
NMTP;D;20090220;000000;2.151;2.235;2.135;2.198;679700;1466660.7
NMTP;D;20090224;000000;2.13;2.13;2;2.05;433300;886444.9
NMTP;D;20090225;000000;2.097;2.12;2.049;2.1;15600;32509.3
NMTP;D;20090226;000000;2.114;2.19;1.96;2.012;453700;900883.7
NMTP;D;20090227;000000;2.05;2.09;2;2.075;20400;41067.1
NMTP;D;20090302;000000;2.05;2.222;1.83;1.956;444000;855848.5
NMTP;D;20090303;000000;2.218;2.218;1.83;1.977;116000;222702.7
NMTP;D;20090304;000000;2.035;2.091;1.716;1.725;1051400;1910965.5
NMTP;D;20090305;000000;1.735;1.781;1.655;1.7;707400;1222597.9
NMTP;D;20090306;000000;1.755;1.837;1.615;1.74;189600;325106.1
NMTP;D;20090310;000000;1.685;1.898;1.65;1.77;1080900;1870384.8
NMTP;D;20090311;000000;1.77;1.789;1.61;1.715;479400;817228.9
NMTP;D;20090312;000000;1.7;1.788;1.62;1.705;875300;1502137.1
NMTP;D;20090313;000000;1.789;1.789;1.664;1.674;1106600;1870449.8
NMTP;D;20090316;000000;1.699;1.779;1.611;1.63;1297800;2156261.1
NMTP;D;20090317;000000;1.63;1.648;1.619;1.647;485500;788624
NMTP;D;20090318;000000;1.647;1.71;1.631;1.679;1164100;1941618.5
NMTP;D;20090319;000000;1.66;2.082;1.629;2;3797000;7192162.9
NMTP;D;20090320;000000;1.96;2.58;1.871;1.95;6614900;15068443.1
NMTP;D;20090323;000000;1.95;2.048;1.88;1.913;872100;1697335.2
NMTP;D;20090324;000000;1.9;1.989;1.86;1.889;1241700;2378327.9
NMTP;D;20090325;000000;1.89;2;1.801;1.95;3114600;6019500.5
NMTP;D;20090326;000000;1.94;2.049;1.94;2.043;357500;710803.4
NMTP;D;20090327;000000;2.06;2.06;1.98;1.98;278400;555953.8
NMTP;D;20090330;000000;2.05;2.05;1.93;1.98;1115300;2194649.7
NMTP;D;20090331;000000;1.98;2.05;1.951;1.951;168200;332482.5
NMTP;D;20090401;000000;1.966;2.01;1.93;1.988;266200;527043.3
NMTP;D;20090402;000000;2.015;2.318;2.008;2.12;274900;578583.7
NMTP;D;20090403;000000;2.11;2.11;1.99;2.01;664100;1336886.7
NMTP;D;20090406;000000;2.08;2.273;2.004;2.1;679500;1464595.9
NMTP;D;20090407;000000;2.07;2.24;2.014;2.099;240800;504163.8
NMTP;D;20090408;000000;2.01;2.06;1.984;2.04;442300;898350.2
NMTP;D;20090409;000000;2.09;2.184;2.001;2.1;766100;1607145.8
NMTP;D;20090410;000000;2.448;2.448;2.06;2.309;467000;1037844.9
NMTP;D;20090413;000000;2.484;2.65;2.157;2.49;1087000;2632237.3
NMTP;D;20090414;000000;2.65;2.65;2.303;2.537;629700;1569372.9
NMTP;D;20090415;000000;2.36;2.519;2.26;2.417;1860000;4371502
NMTP;D;20090416;000000;2.488;2.599;2.36;2.59;496100;1233472.5
NMTP;D;20090417;000000;2.63;3.22;2.45;2.614;918400;2352506.6
NMTP;D;20090420;000000;2.591;2.6;1.94;2.379;11196100;22912539.5
NMTP;D;20090421;000000;2.278;2.97;2.228;2.318;9734800;28332531.5
NMTP;D;20090422;000000;2.494;2.494;2.3;2.349;733800;1723073.5
NMTP;D;20090423;000000;2.434;2.6;2.34;2.5;1958100;4901504.3
NMTP;D;20090424;000000;2.545;2.633;2.381;2.55;3381400;8395369.7
NMTP;D;20090427;000000;2.45;2.59;2.4;2.468;7403900;18228528.8
NMTP;D;20090428;000000;2.545;2.545;2.32;2.458;2591300;6151700.8
NMTP;D;20090429;000000;2.465;2.585;2.375;2.478;1362700;3279686.6
NMTP;D;20090430;000000;2.578;2.75;2.45;2.67;2792200;7455052.2
NMTP;D;20090504;000000;2.805;3.085;2.612;2.911;1667400;4783970.8
NMTP;D;20090505;000000;3.059;3.187;2.95;3.077;2226000;6728333
NMTP;D;20090506;000000;3.13;3.939;3.05;3.6;2987000;10205835
NMTP;D;20090507;000000;3.724;3.899;3.29;3.359;1118600;3880432.9
NMTP;D;20090508;000000;3.35;3.525;3.104;3.414;1418600;4817856.5
NMTP;D;20090512;000000;3.395;3.497;3.214;3.338;317600;1058846.9
NMTP;D;20090513;000000;3.387;3.394;3.15;3.197;767000;2476697.9
NMTP;D;20090514;000000;3.22;3.319;2.906;3.174;656700;2036631.5
NMTP;D;20090515;000000;3.23;3.34;3.024;3.2;1119100;3572426.6
NMTP;D;20090518;000000;3.269;3.337;3.1;3.3;2236100;7163750.1
NMTP;D;20090519;000000;3.542;3.698;3.3;3.375;1447800;4887860.3
NMTP;D;20090520;000000;3.396;3.905;3.346;3.619;2883800;10447679.9
NMTP;D;20090521;000000;3.582;3.9;3.547;3.6;2231800;8348949.2
NMTP;D;20090522;000000;3.6;3.875;3.522;3.782;1732200;6444847.6
NMTP;D;20090525;000000;3.86;3.86;3.63;3.738;340500;1257757.5
NMTP;D;20090526;000000;3.85;3.898;3.601;3.8;1097100;4112901.3
NMTP;D;20090527;000000;3.945;3.945;3.665;3.785;1635200;6173455.9
NMTP;D;20090528;000000;3.798;4.07;3.75;3.93;3322900;12709062.6
NMTP;D;20090529;000000;3.995;4.02;3.851;3.86;983100;3821921
NMTP;D;20090601;000000;3.807;4;3.801;3.947;1555100;6099846.1
NMTP;D;20090602;000000;3.989;4.194;3.811;4;2169500;8599776.2
NMTP;D;20090603;000000;4.188;4.25;3.701;3.881;1070300;4170964.4
NMTP;D;20090604;000000;3.99;3.99;3.702;3.84;805300;3100044.8
NMTP;D;20090605;000000;3.997;4.23;3.8;4.229;2842900;11412295
NMTP;D;20090608;000000;4.052;4.489;4.013;4.29;738400;3115696.8
NMTP;D;20090609;000000;4.425;4.425;4.201;4.259;699200;3012578.1
NMTP;D;20090610;000000;4.1;4.35;4.1;4.199;141100;599936.9
NMTP;D;20090611;000000;4.16;4.285;4;4.141;1048300;4280268.6
NMTP;D;20090615;000000;4.005;4.09;3.9;3.95;38600;151572.5
NMTP;D;20090616;000000;3.851;4;3.85;3.915;723100;2842818.5
NMTP;D;20090617;000000;4.04;4.04;3.85;3.85;420000;1634198
NMTP;D;20090618;000000;3.9;3.999;3.58;3.98;572500;2171662.9
NMTP;D;20090619;000000;3.92;3.968;3.8;3.94;453300;1763682
NMTP;D;20090622;000000;3.94;3.997;3.8;3.877;947500;3673637.8
NMTP;D;20090623;000000;3.656;3.88;3.656;3.78;864100;3257489.9
NMTP;D;20090624;000000;3.88;3.888;3.681;3.88;394200;1485707.1
NMTP;D;20090625;000000;4.03;4.099;3.783;4.04;1003600;4016914.5
NMTP;D;20090626;000000;4.04;4.174;4.021;4.03;736100;3007961.8
NMTP;D;20090629;000000;4.099;4.14;3.85;4.08;320100;1279488.7
NMTP;D;20090630;000000;4;4.097;3.91;3.999;927800;3702407.2
NMTP;D;20090701;000000;4.1;4.145;4;4.144;1342200;5471790.9
NMTP;D;20090702;000000;4.15;4.25;4;4.25;1544400;6453529
NMTP;D;20090703;000000;4.29;4.5;4.22;4.4;250000;1082009.7
NMTP;D;20090706;000000;4.111;4.277;3.8;4.201;1779600;7506937.6
NMTP;D;20090707;000000;4.35;4.45;4.201;4.25;178600;777427.1
NMTP;D;20090708;000000;4.22;4.355;4.151;4.33;78100;337400.1
NMTP;D;20090709;000000;4.35;4.35;3.801;4.157;100700;402463.6
NMTP;D;20090710;000000;4.013;4.17;3.902;4.151;231200;940310.1
NMTP;D;20090713;000000;3.956;4.39;3.956;4.3;67400;285028.8
NMTP;D;20090714;000000;4.4;4.58;4.105;4.2;207300;899779.1
NMTP;D;20090715;000000;4.21;4.399;4.21;4.39;15600;67133
NMTP;D;20090716;000000;4.4;4.6;4.172;4.6;520700;2259472.5
NMTP;D;20090717;000000;4.629;4.79;4.451;4.71;340700;1563973.4
NMTP;D;20090720;000000;5.255;5.3;4.68;4.87;384600;1854065
NMTP;D;20090721;000000;5.125;5.125;4.503;4.849;919300;4337415.8
NMTP;D;20090722;000000;5.45;5.45;4.715;4.898;262500;1278648
NMTP;D;20090723;000000;4.9;4.979;4.604;4.879;381000;1834125.3
NMTP;D;20090724;000000;5.47;5.47;4.75;4.859;45800;222707.2
NMTP;D;20090727;000000;5.45;5.45;4.702;4.775;329300;1589911.8
NMTP;D;20090728;000000;4.797;4.88;4.55;4.67;326600;1521902.5
NMTP;D;20090729;000000;4.695;5.03;4.694;4.904;511900;2452974.2
NMTP;D;20090730;000000;4.93;5;4.807;4.913;243400;1203691.8
NMTP;D;20090731;000000;4.86;5.18;4.86;5.18;225800;1131749.7
NMTP;D;20090803;000000;5.112;5.38;5.112;5.349;766200;4027479.9
NMTP;D;20090804;000000;5.75;5.75;5.159;5.37;90500;480418
NMTP;D;20090805;000000;5.075;5.5;5.075;5.4;698600;3721629.9
NMTP;D;20090806;000000;5.765;5.765;5.251;5.499;88100;474526.9
NMTP;D;20090807;000000;5.84;5.91;5.16;5.4;36000;194735.2
NMTP;D;20090810;000000;5.475;5.475;5.34;5.34;47300;255248.4
NMTP;D;20090811;000000;4.9;5.4;4.9;5.15;87200;458496.5
NMTP;D;20090812;000000;5.575;5.575;5.104;5.199;74100;384994.8
NMTP;D;20090813;000000;5.2;5.35;4.945;5.05;309700;1559170
NMTP;D;20090814;000000;5.049;5.05;4.7;4.767;955000;4572763.1
NMTP;D;20090817;000000;4.74;4.74;4.28;4.38;1294200;5697124.7
NMTP;D;20090818;000000;4.4;4.45;4.34;4.401;600800;2646546.7
NMTP;D;20090819;000000;4.42;4.46;4.333;4.46;205100;908547
NMTP;D;20090820;000000;4.47;4.65;4.469;4.64;506400;2311322.6
NMTP;D;20090821;000000;4.65;4.8;4.6;4.78;506500;2390424.9
NMTP;D;20090824;000000;4.799;4.881;4.665;4.665;123800;583204.4
NMTP;D;20090825;000000;4.605;4.692;4.558;4.603;18600;86166.2
NMTP;D;20090826;000000;4.697;4.7;4.581;4.672;1400;6562.9
NMTP;D;20090827;000000;4.501;4.67;4.501;4.551;18100;82769.6
NMTP;D;20090828;000000;4.551;4.79;4.55;4.77;2081700;9734986.9
NMTP;D;20090831;000000;4.689;4.949;4.669;4.67;350200;1644444.6
NMTP;D;20090901;000000;4.9;4.9;4.729;4.729;500;2432.9
NMTP;D;20090902;000000;4.7;4.7;4.505;4.595;112700;518819.2
NMTP;D;20090903;000000;4.691;4.699;4.535;4.625;25500;118312.2
NMTP;D;20090904;000000;4.536;4.768;4.536;4.7;1086900;5122484.9
NMTP;D;20090907;000000;4.798;4.85;4.642;4.643;37900;180369.1
NMTP;D;20090908;000000;4.744;4.744;4.567;4.662;95400;440829.5
NMTP;D;20090909;000000;4.598;4.696;4.4;4.689;790000;3621428.3
NMTP;D;20090910;000000;4.689;4.689;4.35;4.409;771800;3407940.4
NMTP;D;20090911;000000;4.409;4.657;4.31;4.654;964200;4339731.2
NMTP;D;20090914;000000;4.667;4.667;4.5;4.658;131200;605038.4
NMTP;D;20090915;000000;4.656;4.689;4.551;4.65;90600;421309.8
NMTP;D;20090916;000000;4.665;4.698;4.56;4.698;220000;1013320.2
NMTP;D;20090917;000000;4.67;4.71;4.45;4.667;735800;3402173.4
NMTP;D;20090918;000000;4.69;4.77;4.55;4.75;476900;2233848.8
NMTP;D;20090921;000000;4.785;4.89;4.588;4.633;16200;75442.2
NMTP;D;20090922;000000;4.649;4.727;4.599;4.62;168400;776929.5
NMTP;D;20090923;000000;4.632;4.7;4.527;4.629;115200;532311.3
NMTP;D;20090924;000000;4.68;4.68;4.5;4.516;556700;2534018
NMTP;D;20090925;000000;4.5;4.639;4.44;4.555;672800;3042561.6
NMTP;D;20090928;000000;4.58;4.582;4.45;4.572;319200;1443642.5
NMTP;D;20090929;000000;4.57;4.735;4.491;4.535;2157900;9893090
NMTP;D;20090930;000000;4.62;4.62;4.486;4.547;2100800;9496614.6
NMTP;D;20091001;000000;4.51;4.59;4.46;4.549;548800;2477607
NMTP;D;20091002;000000;4.585;4.585;4.48;4.528;194000;872440.9
NMTP;D;20091005;000000;4.505;4.55;4.45;4.505;227500;1019073.7
NMTP;D;20091006;000000;4.505;4.55;4.482;4.525;327300;1473657.5
NMTP;D;20091007;000000;4.53;4.59;4.365;4.384;1282200;5701390
NMTP;D;20091008;000000;4.44;4.749;4.401;4.606;1303200;5951865.9
NMTP;D;20091009;000000;4.7;4.94;4.607;4.81;3682700;17545615
NMTP;D;20091012;000000;5.445;5.445;4.752;4.8;474300;2302482.3
NMTP;D;20091013;000000;4.71;4.799;4.606;4.691;258700;1213789.2
NMTP;D;20091014;000000;4.75;4.915;4.716;4.796;1145100;5487346.8
NMTP;D;20091015;000000;4.75;4.817;4.555;4.796;1728000;8094762.1
NMTP;D;20091016;000000;5.4;5.4;4.728;4.83;2744700;13208950.8
NMTP;D;20091019;000000;4.81;4.9;4.75;4.85;3657400;17679644.8
NMTP;D;20091020;000000;4.855;4.86;4.77;4.828;671200;3252269.4
NMTP;D;20091021;000000;4.714;4.85;4.71;4.847;992500;4795924.8
NMTP;D;20091022;000000;4.844;4.844;4.65;4.839;1588400;7613897.8
NMTP;D;20091023;000000;4.85;4.887;4.755;4.88;3266400;15852375.6
NMTP;D;20091026;000000;4.86;4.865;4.8;4.864;628400;3052727.2
NMTP;D;20091027;000000;4.8;4.865;4.715;4.791;1169900;5647297.6
NMTP;D;20091028;000000;4.751;4.8;4.404;4.501;1344000;6289311.4
NMTP;D;20091029;000000;4.35;4.69;4.35;4.578;126100;577278.9
NMTP;D;20091030;000000;4.075;4.69;4.075;4.42;406000;1823254.5
NMTP;D;20091102;000000;4.493;4.688;4.4;4.65;27700;122981.3
NMTP;D;20091103;000000;4.678;4.678;4.234;4.3;413200;1794109.5
NMTP;D;20091105;000000;4.399;4.44;4.284;4.299;455700;1966980.3
NMTP;D;20091106;000000;4.38;4.38;4.3;4.305;100800;436586.5
NMTP;D;20091109;000000;4.38;4.449;4.32;4.37;310000;1346982.7
NMTP;D;20091110;000000;4.441;4.441;4.35;4.417;463400;2035617.7
NMTP;D;20091111;000000;4.4;4.49;4.4;4.45;52100;231190.1
NMTP;D;20091112;000000;4.412;4.42;4.315;4.41;339100;1476349.2
NMTP;D;20091113;000000;4.351;4.385;4.3;4.377;128100;554563.8
NMTP;D;20091116;000000;4.425;4.513;4.425;4.499;360900;1618886.4
NMTP;D;20091117;000000;4.519;4.52;4.441;4.45;32900;147857.2
NMTP;D;20091118;000000;4.45;4.506;4.411;4.45;1869600;8343912.7
NMTP;D;20091119;000000;4.498;4.498;4.38;4.44;216900;958760.5
NMTP;D;20091120;000000;4.499;4.5;4.36;4.499;625600;2770963.8
NMTP;D;20091123;000000;4.45;4.45;4.31;4.437;574100;2514951
NMTP;D;20091124;000000;4.44;4.45;4.31;4.35;291000;1264228.5
NMTP;D;20091125;000000;4.422;4.422;4.338;4.338;54000;237530.2
NMTP;D;20091126;000000;4.332;4.45;4.28;4.322;524800;2294845
NMTP;D;20091127;000000;4.242;4.4;4.202;4.399;310600;1334757
NMTP;D;20091130;000000;4.405;4.45;4.322;4.44;508000;2239642.4
NMTP;D;20091201;000000;4.44;4.45;4.301;4.397;533100;2336928.1
NMTP;D;20091202;000000;4.404;4.44;4.34;4.4;1221400;5374801.9
NMTP;D;20091203;000000;4.4;4.4;4.32;4.32;225500;977781.1
NMTP;D;20091204;000000;4.308;4.467;4.301;4.435;2527200;11158074.8
NMTP;D;20091207;000000;4.449;4.499;4.4;4.424;863700;3847681.6
NMTP;D;20091208;000000;4.4;4.82;4.373;4.49;2314700;10404597.8
NMTP;D;20091209;000000;4.455;4.649;4.405;4.63;1463600;6702254.3
NMTP;D;20091210;000000;4.62;4.693;4.574;4.69;1527900;7099572.2
NMTP;D;20091211;000000;4.69;4.712;4.584;4.71;2051500;9612874.4
NMTP;D;20091214;000000;4.71;4.85;4.68;4.793;5168500;24705238.2
NMTP;D;20091215;000000;4.751;4.82;4.75;4.815;1204900;5792323.8
NMTP;D;20091216;000000;4.799;4.9;4.75;4.9;3201400;15537928.9
NMTP;D;20091217;000000;4.9;4.9;4.71;4.77;98200;470011.2
NMTP;D;20091218;000000;4.78;4.815;4.704;4.8;437200;2095559.6
NMTP;D;20091221;000000;4.716;4.86;4.716;4.857;519900;2497632.2
NMTP;D;20091222;000000;4.88;4.91;4.699;4.785;371500;1794392
NMTP;D;20091223;000000;4.83;4.959;4.67;4.673;639200;3066853.8
NMTP;D;20091224;000000;4.72;4.769;4.671;4.671;73900;347974.8
NMTP;D;20091225;000000;4.62;4.65;4.53;4.555;100700;459599.6
NMTP;D;20091228;000000;4.555;5.5;4.51;4.756;87887600;411414438.2
NMTP;D;20091229;000000;4.845;5;4.751;4.79;775700;3783364
NMTP;D;20091230;000000;4.833;4.833;4.7;4.78;104600;494918.2
NMTP;D;20091231;000000;4.78;4.85;4.704;4.837;32400;155057
NMTP;D;20100111;000000;4.702;5;4.701;4.897;610000;2964091.9
NMTP;D;20100112;000000;4.897;4.989;4.802;4.989;621000;3028415.7
NMTP;D;20100113;000000;4.95;5.05;4.851;4.986;976800;4872358.5
NMTP;D;20100114;000000;5;5.398;4.917;5.09;2038200;10511594.8
NMTP;D;20100115;000000;5.325;5.325;4.931;4.963;592900;2992953.7
NMTP;D;20100118;000000;5.038;5.038;4.93;4.96;152900;759267.9
NMTP;D;20100119;000000;5.043;5.043;4.81;4.93;3811500;18678035.6
NMTP;D;20100120;000000;4.929;4.93;4.82;4.831;219000;1071835
NMTP;D;20100121;000000;4.848;4.966;4.832;4.832;42100;205652.7
NMTP;D;20100122;000000;4.832;4.934;4.779;4.84;1068200;5127666.3
NMTP;D;20100125;000000;4.801;5.05;4.8;4.976;344900;1717439.5
NMTP;D;20100126;000000;5;5;4.903;4.95;56900;281568.3
NMTP;D;20100127;000000;4.82;4.884;4.76;4.878;159000;769994.5
NMTP;D;20100128;000000;4.673;4.9;4.673;4.8;481700;2315727.7
NMTP;D;20100129;000000;4.777;4.795;4.622;4.7;450600;2116406.3
NMTP;D;20100201;000000;4.7;4.79;4.608;4.7;461400;2167101.9
NMTP;D;20100202;000000;4.785;4.879;4.7;4.75;299300;1425430.3
NMTP;D;20100203;000000;4.8;4.847;4.78;4.78;268800;1293677.8
NMTP;D;20100204;000000;4.781;4.85;4.7;4.71;1171600;5594552.1
NMTP;D;20100205;000000;4.712;4.712;4.602;4.63;156500;726607.8
NMTP;D;20100208;000000;4.885;4.885;4.62;4.793;559700;2678391.5
NMTP;D;20100209;000000;4.83;4.95;4.603;4.65;380100;1783538.6
NMTP;D;20100210;000000;4.7;4.749;4.62;4.62;169200;790871.3
NMTP;D;20100211;000000;4.775;4.799;4.545;4.55;470000;2155825.3
NMTP;D;20100212;000000;4.66;4.66;4.444;4.47;394500;1781024.6
NMTP;D;20100215;000000;4.455;4.468;4.41;4.468;47400;209825.8
NMTP;D;20100216;000000;4.608;4.608;4.45;4.564;602200;2716303.2
NMTP;D;20100217;000000;4.598;4.598;4.51;4.55;76900;349175.9
NMTP;D;20100218;000000;4.503;4.548;4.489;4.543;36600;164620.4
NMTP;D;20100219;000000;4.499;4.543;4.44;4.45;136400;609057.6
NMTP;D;20100224;000000;4.449;4.597;4.31;4.38;177900;782810.3
NMTP;D;20100225;000000;4.39;4.425;4.331;4.4;399000;1759930.5
NMTP;D;20100226;000000;4.4;4.41;4.32;4.409;20300;89279.3
NMTP;D;20100227;000000;4.36;4.41;4.356;4.408;64200;282159.5
NMTP;D;20100301;000000;4.425;4.475;4.373;4.4;253300;1120156.7
NMTP;D;20100302;000000;4.463;4.5;4.407;4.498;330200;1478205.9
NMTP;D;20100303;000000;4.499;4.499;4.4;4.485;582900;2589077.3
NMTP;D;20100304;000000;4.414;4.585;4.4;4.5;478900;2144487.4
NMTP;D;20100305;000000;4.59;4.59;4.486;4.568;478600;2154989.6
NMTP;D;20100309;000000;4.575;4.575;4.5;4.503;89900;406382.8
NMTP;D;20100310;000000;4.501;4.65;4.491;4.65;997400;4586225.3
NMTP;D;20100311;000000;4.65;4.756;4.6;4.735;417400;1961892.5
NMTP;D;20100312;000000;4.75;4.75;4.571;4.644;376300;1750011.9
NMTP;D;20100315;000000;4.564;4.699;4.514;4.62;92000;426768.8
NMTP;D;20100316;000000;4.684;4.7;4.6;4.678;296200;1366959.3
NMTP;D;20100317;000000;4.608;4.744;4.591;4.744;4099200;19195762.5
NMTP;D;20100318;000000;4.283;4.749;4.283;4.732;272100;1279841.6
NMTP;D;20100319;000000;4.747;4.842;4.739;4.835;460800;2194479.8
NMTP;D;20100322;000000;4.839;4.95;4.786;4.95;932200;4542494.3
NMTP;D;20100323;000000;4.99;4.99;4.655;4.91;204800;1000969.1
NMTP;D;20100324;000000;4.887;5.06;4.845;5;2995300;14943057.2
NMTP;D;20100325;000000;5.08;5.2;4.999;5.2;1286600;6565599
NMTP;D;20100326;000000;5.16;5.458;5.111;5.299;3944300;20653406.3
NMTP;D;20100329;000000;5.36;5.36;5.181;5.32;401000;2123322.4
NMTP;D;20100330;000000;5.3;5.322;5.114;5.27;1340900;7052338.7
NMTP;D;20100331;000000;5.31;5.46;5.202;5.338;1195300;6343320.5
NMTP;D;20100401;000000;5.36;5.474;5.23;5.33;1172600;6208924
NMTP;D;20100402;000000;5.36;5.36;5.07;5.246;249200;1294756.8
NMTP;D;20100405;000000;5.39;5.39;5.111;5.111;299700;1552010.3
NMTP;D;20100406;000000;5.171;5.48;5.088;5.388;1557500;8277891.5
NMTP;D;20100407;000000;5.45;5.499;5.252;5.34;275600;1475802.8
NMTP;D;20100408;000000;5.125;5.499;5.121;5.45;810100;4366772.8
NMTP;D;20100409;000000;5.459;5.549;5.41;5.5;1284100;7058579.6
NMTP;D;20100412;000000;5.53;5.634;5.41;5.55;2003200;11123252.4
NMTP;D;20100413;000000;5.615;5.615;5.44;5.46;990100;5450436.9
NMTP;D;20100414;000000;5.46;5.6;5.46;5.53;519300;2872901.2
NMTP;D;20100415;000000;5.553;5.596;5.4;5.596;813200;4472950.3
NMTP;D;20100416;000000;5.522;5.65;5.46;5.65;1119900;6256621.6
NMTP;D;20100419;000000;5.582;5.65;5.42;5.647;795400;4371528.5
NMTP;D;20100420;000000;5.504;5.65;4.825;5.6;724600;3977482.4
NMTP;D;20100421;000000;5.6;5.889;5.6;5.82;2054800;11679202.4
NMTP;D;20100422;000000;5.882;5.94;5.65;5.75;535200;3085989.3
NMTP;D;20100423;000000;5.567;5.8;5.558;5.719;319800;1801687.5
NMTP;D;20100426;000000;5.597;5.88;5.597;5.75;129400;746791.8
NMTP;D;20100427;000000;5.7;5.87;5.58;5.61;516800;2943438.4
NMTP;D;20100428;000000;5.601;5.601;5.372;5.43;129600;706783.7
NMTP;D;20100429;000000;5.482;5.666;5.482;5.5;102200;566232
NMTP;D;20100430;000000;5.572;5.572;5.35;5.35;197200;1060657.4
NMTP;D;20100504;000000;5.455;5.596;5.21;5.403;591700;3199855.3
NMTP;D;20100505;000000;5.403;5.449;4.525;5.15;1677500;8639382.9
NMTP;D;20100506;000000;5.05;5.2;4.938;5.08;856100;4350878.4
NMTP;D;20100507;000000;4.651;4.954;4.55;4.68;212400;1024413.3
NMTP;D;20100511;000000;4.77;5.1;4.77;4.95;368100;1830320.4
NMTP;D;20100512;000000;4.959;5.26;4.959;5.26;884500;4595138.1
NMTP;D;20100513;000000;5.264;5.297;5.072;5.25;588200;3099418
NMTP;D;20100514;000000;5.201;5.201;5.022;5.064;99900;512182.1
NMTP;D;20100517;000000;4.85;5.038;4.654;4.96;234400;1155374.3
NMTP;D;20100518;000000;4.93;4.96;4.93;4.95;453000;2243477.1
NMTP;D;20100519;000000;4.742;5;4.737;4.77;922900;4428067.2
NMTP;D;20100520;000000;4.799;4.888;4.575;4.575;536400;2523510.6
NMTP;D;20100521;000000;4.57;5.28;4.57;4.859;726600;3470745
NMTP;D;20100524;000000;4.752;4.83;4.626;4.638;40100;190173.7
NMTP;D;20100525;000000;4.55;4.9;4.53;4.53;75500;346957.5
NMTP;D;20100526;000000;4.6;5.28;4.412;4.6;1858400;8744272.3
NMTP;D;20100527;000000;4.64;5.2;4.552;4.75;686600;3307366.2
NMTP;D;20100528;000000;4.613;4.999;4.613;4.971;461600;2215448.4
NMTP;D;20100531;000000;5;5;4.801;4.82;60600;294448.6
NMTP;D;20100601;000000;4.811;5.279;4.721;5.013;967000;4848929.9
NMTP;D;20100602;000000;5.014;5.28;5.014;5.28;655300;3397901.2
NMTP;D;20100603;000000;4.995;5.499;4.995;5.204;360400;1918207.6
NMTP;D;20100604;000000;5.33;5.398;5.24;5.24;78300;415432.6
NMTP;D;20100607;000000;4.854;5.101;4.761;5.101;218500;1088468.9
NMTP;D;20100608;000000;5.115;5.12;4.834;4.834;27800;139033.9
NMTP;D;20100609;000000;4.839;5.2;4.829;5.1;36900;189098.5
NMTP;D;20100610;000000;5;5.2;5;5;263600;1329682.7
NMTP;D;20100611;000000;5;5;4.901;4.949;38400;190768.1
NMTP;D;20100615;000000;4.92;5.046;4.899;4.9;81100;398560.6
NMTP;D;20100616;000000;4.833;4.92;4.75;4.792;517000;2483011.9
NMTP;D;20100617;000000;4.783;4.844;4.76;4.844;139700;669737.7
NMTP;D;20100618;000000;4.796;4.893;4.616;4.807;74900;363035.9
NMTP;D;20100621;000000;4.892;4.893;4.713;4.715;293600;1401312.6
NMTP;D;20100622;000000;4.713;4.72;4.5;4.696;1412000;6456650.7
NMTP;D;20100623;000000;4.609;4.65;4.55;4.552;1139400;5223852.4
NMTP;D;20100624;000000;4.555;4.805;4.554;4.689;442000;2053209.7
NMTP;D;20100625;000000;4.641;4.688;4.42;4.499;335500;1529508.2
NMTP;D;20100628;000000;4.501;4.809;4.5;4.809;227000;1050570.4
NMTP;D;20100629;000000;4.714;4.714;4.55;4.55;379900;1739579.7
NMTP;D;20100630;000000;4.389;4.714;4.389;4.61;697800;3179654.4
NMTP;D;20100701;000000;4.5;4.529;4.352;4.355;1065800;4719925.9
NMTP;D;20100702;000000;4.49;4.568;4.213;4.46;1031400;4536916.9
NMTP;D;20100705;000000;4.409;4.465;4.409;4.432;282800;1256303.3
NMTP;D;20100706;000000;4.45;4.635;4.45;4.635;926700;4177266.8
NMTP;D;20100707;000000;4.6;4.6;4.535;4.54;258900;1181200.1
NMTP;D;20100708;000000;4.649;4.691;4.444;4.483;372600;1708827.8
NMTP;D;20100709;000000;4.5;4.51;4.5;4.51;124000;558009.4
NMTP;D;20100712;000000;4.51;4.55;4.494;4.494;99600;450165
NMTP;D;20100713;000000;4.506;4.561;4.5;4.513;155500;700741.4
NMTP;D;20100714;000000;4.507;4.56;4.438;4.438;1225500;5474431.3
NMTP;D;20100715;000000;4.485;4.526;4.4;4.4;773300;3415383
NMTP;D;20100716;000000;4.355;4.443;4.355;4.4;75500;331862.7
NMTP;D;20100719;000000;4.32;4.443;4.32;4.358;1703700;7472459.9
NMTP;D;20100720;000000;4.36;4.5;4.305;4.33;452900;1984624
NMTP;D;20100721;000000;4.405;4.444;4.303;4.349;412600;1795363.8
NMTP;D;20100722;000000;4.361;4.4;4.31;4.33;444900;1926392
NMTP;D;20100723;000000;4.33;4.4;4.21;4.36;1987300;8585178.5
NMTP;D;20100726;000000;4.318;4.486;4.303;4.44;667700;2960806.8
NMTP;D;20100727;000000;4.417;4.63;4.416;4.619;448600;2025211
NMTP;D;20100728;000000;4.619;4.8;4.587;4.587;27397100;130912007.5
NMTP;D;20100729;000000;4.587;4.785;4.585;4.73;897900;4221321.5
NMTP;D;20100730;000000;4.725;4.75;4.678;4.725;228500;1073121.2
NMTP;D;20100802;000000;4.77;4.9;4.729;4.85;110400;528817.3
NMTP;D;20100803;000000;4.777;4.9;4.701;4.792;177100;854061.8
NMTP;D;20100804;000000;4.868;4.95;4.73;4.949;644600;3085047.2
NMTP;D;20100805;000000;4.966;4.992;4.665;4.737;61866800;301148858.5
NMTP;D;20100806;000000;4.79;5.05;4.516;4.598;1046000;4929612.5
NMTP;D;20100809;000000;4.675;4.7;4.6;4.61;737800;3427163
NMTP;D;20100810;000000;4.6;4.695;4.435;4.5;755600;3413034
NMTP;D;20100811;000000;4.507;4.508;4.43;4.496;247000;1100163.9
NMTP;D;20100812;000000;4.776;4.776;4.443;4.443;43700;196117.8
NMTP;D;20100813;000000;4.968;4.968;4.43;4.453;90200;403391.9
NMTP;D;20100816;000000;4.497;4.5;4.381;4.404;1309800;5856518
NMTP;D;20100817;000000;4.76;4.76;4.22;4.45;1214100;5325099.8
NMTP;D;20100818;000000;4.485;4.574;4.44;4.495;1826600;8234098.5
NMTP;D;20100819;000000;4.5;4.7;4.497;4.611;6470300;29574276.9
NMTP;D;20100820;000000;4.84;4.84;4.55;4.638;212400;974123.7
NMTP;D;20100823;000000;4.61;4.728;4.467;4.56;124800;566788.7
NMTP;D;20100824;000000;4.794;4.794;4.434;4.549;322400;1447612.2
NMTP;D;20100825;000000;4.775;4.775;4.448;4.547;227900;1030603.4
NMTP;D;20100826;000000;4.82;4.82;4.461;4.538;335100;1522998
NMTP;D;20100827;000000;4.798;4.798;4.5;4.5;601700;2723847.8
NMTP;D;20100830;000000;4.798;4.798;4.52;4.555;162300;741143.4
NMTP;D;20100831;000000;4.78;4.78;4.49;4.524;255000;1156100.3
NMTP;D;20100901;000000;4.96;4.96;4.507;4.7;476000;2210089.8
NMTP;D;20100902;000000;4.7;4.7;4.612;4.697;282400;1320592.2
NMTP;D;20100903;000000;4.641;4.641;4.576;4.604;55700;257488.3
NMTP;D;20100906;000000;4.686;4.686;4.511;4.583;398000;1806794.5
NMTP;D;20100907;000000;4.594;4.62;4.508;4.62;137400;630042.5
NMTP;D;20100908;000000;4.548;4.7;4.523;4.7;2206500;10256753.5
NMTP;D;20100909;000000;4.658;4.8;4.65;4.776;1616800;7659074.1
NMTP;D;20100910;000000;4.8;4.927;4.69;4.89;1406300;6724742.4
NMTP;D;20100913;000000;4.828;4.99;4.828;4.91;2840800;13860434.6
NMTP;D;20100914;000000;4.877;4.99;4.74;4.92;239800;1178702.7
NMTP;D;20100915;000000;4.924;5;4.7;4.88;787100;3758926.7
NMTP;D;20100916;000000;5.08;5.289;4.205;4.315;29585400;135831837.1
NMTP;D;20100917;000000;4.61;4.61;4.131;4.15;9384000;39810486.3
NMTP;D;20100920;000000;4.312;4.312;4.02;4.148;5365100;22198993
NMTP;D;20100921;000000;4.063;4.26;4.048;4.244;2637500;10874399.1
NMTP;D;20100922;000000;4.245;4.32;4.17;4.197;1227600;5210170.2
NMTP;D;20100923;000000;4.219;4.219;4.101;4.133;991100;4106222.2
NMTP;D;20100924;000000;4.137;4.177;4.071;4.113;522200;2157170.2
NMTP;D;20100927;000000;4.139;4.189;4.065;4.107;1392400;5705595.9
NMTP;D;20100928;000000;4.157;4.157;4.043;4.083;1662600;6783795.5
NMTP;D;20100929;000000;4.057;4.1;3.78;3.819;9647300;37746393
NMTP;D;20100930;000000;3.888;3.917;3.8;3.889;3638900;14126114.2
NMTP;D;20101001;000000;3.891;3.936;3.85;3.925;1448500;5653793
NMTP;D;20101004;000000;3.939;3.976;3.85;3.95;2693600;10551621
NMTP;D;20101005;000000;3.951;4.034;3.912;3.961;2918700;11571249.7
NMTP;D;20101006;000000;3.97;3.995;3.909;3.937;4106600;16169845.5
NMTP;D;20101007;000000;3.939;3.968;3.83;3.845;2468500;9562392.7
NMTP;D;20101008;000000;3.843;3.865;3.69;3.729;5234000;19745323.7
NMTP;D;20101011;000000;3.761;3.827;3.68;3.814;2206200;8326081.3
NMTP;D;20101012;000000;3.799;3.955;3.799;3.887;3275600;12725666.7
NMTP;D;20101013;000000;3.909;3.927;3.85;3.876;4616100;18012715.3
NMTP;D;20101014;000000;3.897;3.905;3.8;3.842;3208300;12379574.1
NMTP;D;20101015;000000;4.089;4.089;3.815;3.932;2761200;10855160.5
NMTP;D;20101018;000000;3.884;3.99;3.88;3.915;2562600;10063266.6
NMTP;D;20101019;000000;4.005;4.2;3.822;3.86;29725700;118547500.5
NMTP;D;20101020;000000;3.934;3.934;3.823;3.888;6644500;25729144.4
NMTP;D;20101021;000000;3.471;3.934;3.471;3.834;3386600;13074227.7
NMTP;D;20101022;000000;3.817;3.85;3.725;3.785;3984700;15085179.9
NMTP;D;20101025;000000;4.01;4.01;3.711;3.747;1967200;7345965.3
NMTP;D;20101026;000000;3.454;3.786;3.454;3.68;2635100;9745030.1
NMTP;D;20101027;000000;3.695;3.767;3.62;3.721;2086000;7705494.9
NMTP;D;20101028;000000;3.725;3.776;3.677;3.751;2164300;8080707.2
NMTP;D;20101029;000000;3.75;3.87;3.72;3.773;7605700;28632896.6
NMTP;D;20101101;000000;3.8;3.88;3.762;3.805;3801300;14490388.8
NMTP;D;20101102;000000;3.81;3.859;3.801;3.843;1671500;6397544.1
NMTP;D;20101103;000000;3.839;3.919;3.832;3.892;2938900;11422142.1
NMTP;D;20101108;000000;3.98;3.98;3.812;3.904;6063000;23682871
NMTP;D;20101109;000000;3.897;3.898;3.735;3.802;8791500;33452547
NMTP;D;20101110;000000;3.773;3.949;3.765;3.818;7080900;27090278.4
NMTP;D;20101111;000000;3.8;3.836;3.765;3.826;1852400;7053630.8
NMTP;D;20101112;000000;3.8;3.829;3.754;3.784;3514500;13319575.2
NMTP;D;20101113;000000;3.779;3.799;3.752;3.788;943500;3560205
NMTP;D;20101115;000000;3.799;3.821;3.752;3.813;1848000;7022519.5
NMTP;D;20101116;000000;3.798;3.848;3.781;3.789;1342500;5114809.9
NMTP;D;20101117;000000;3.782;3.899;3.725;3.888;4017800;15334940.2
NMTP;D;20101118;000000;3.856;4.15;3.855;4.1;10105700;40945736.3
NMTP;D;20101119;000000;4.11;4.259;4.03;4.25;13243200;55330477.4
NMTP;D;20101122;000000;4.291;4.3;4.129;4.159;8732500;36986838.4
NMTP;D;20101123;000000;4.123;4.149;4.03;4.075;4359000;17789389.9
NMTP;D;20101124;000000;4.06;4.133;3.975;4.11;2473300;10019920.9
NMTP;D;20101125;000000;4.15;4.15;4.031;4.08;3159600;12815282.7
NMTP;D;20101126;000000;4.043;4.105;4.03;4.038;1951100;7941270.7
NMTP;D;20101129;000000;4.055;4.108;3.961;4;5316600;21349867.7
NMTP;D;20101130;000000;3.992;4.039;3.925;3.95;3902800;15463237.2
NMTP;D;20101201;000000;3.997;4.249;3.979;4.06;2141200;8661073.8
NMTP;D;20101202;000000;4.04;4.175;4.04;4.15;3894000;16094624.9
NMTP;D;20101203;000000;4.091;4.161;4.091;4.111;1826700;7538919.6
NMTP;D;20101206;000000;4.066;4.147;4.05;4.11;2609600;10682529.5
NMTP;D;20101207;000000;4.11;4.219;4.071;4.15;44243100;182735961.7
NMTP;D;20101208;000000;4.149;4.19;4.113;4.113;544400;2264410.8
NMTP;D;20101209;000000;4.195;4.21;4.116;4.148;43397200;182008107.1
NMTP;D;20101210;000000;4.15;4.189;4.11;4.149;1077500;4459540.3
NMTP;D;20101213;000000;4.103;4.24;4.103;4.19;2878500;12079795.6
NMTP;D;20101214;000000;4.19;4.214;4.17;4.207;2889700;12110388
NMTP;D;20101215;000000;4.199;4.205;4.151;4.186;987000;4114371
NMTP;D;20101216;000000;4.151;4.18;4.106;4.132;1511600;6260249.9
NMTP;D;20101217;000000;4.111;4.18;4.062;4.15;5490500;22624161.4
NMTP;D;20101220;000000;4.149;4.179;4.053;4.068;4101800;16751034.4
NMTP;D;20101221;000000;4.18;4.18;4.05;4.114;2748600;11231937.2
NMTP;D;20101222;000000;4.114;4.136;4.072;4.099;469400;1926946.2
NMTP;D;20101223;000000;4.101;4.12;4.07;4.074;579800;2375115.6
NMTP;D;20101224;000000;4.06;4.144;4.057;4.12;2531000;10399844.3
NMTP;D;20101227;000000;4.092;4.119;4.087;4.09;1582900;6477386.7
NMTP;D;20101228;000000;4.061;4.118;4.056;4.08;1995900;8121968.9
NMTP;D;20101229;000000;4.102;4.12;4.063;4.093;1482800;6078196.6
NMTP;D;20101230;000000;4.08;4.12;4.052;4.11;1802100;7385459.2
NMTP;D;20110111;000000;4.15;4.23;4.14;4.2;2706400;11360466.9
NMTP;D;20110112;000000;4.245;4.245;4.144;4.22;4267000;17917144.5
NMTP;D;20110113;000000;4.21;4.289;4.2;4.233;2699700;11444181.2
NMTP;D;20110114;000000;4.252;4.444;4.229;4.376;5125300;22368989.8
NMTP;D;20110117;000000;4.399;4.432;4.275;4.292;1895700;8262555.1
NMTP;D;20110118;000000;4.327;4.442;4.295;4.4;6071400;26721169.9
NMTP;D;20110119;000000;4.392;4.42;4.355;4.412;1612600;7097984.6
NMTP;D;20110120;000000;4.335;4.349;4.291;4.33;466800;2017503.2
NMTP;D;20110121;000000;4.372;4.375;4.261;4.356;1026300;4439296
NMTP;D;20110124;000000;4.376;4.41;4.265;4.265;1941100;8411560.5
NMTP;D;20110125;000000;4.311;4.315;4.272;4.3;1209700;5199808.1
NMTP;D;20110126;000000;4.329;4.337;4.128;4.323;2139100;9221068.8
NMTP;D;20110127;000000;4.399;4.497;4.328;4.35;11961200;53043596.4
NMTP;D;20110128;000000;4.36;4.384;4.201;4.26;1410500;6048167.3
NMTP;D;20110131;000000;4.201;4.212;4.118;4.18;2092200;8724320.9
NMTP;D;20110201;000000;4.219;4.316;4.19;4.221;512700;2171654.4
NMTP;D;20110202;000000;4.22;4.282;4.2;4.282;1561300;6613996.5
NMTP;D;20110203;000000;4.259;4.375;4.223;4.338;2668300;11501072.6
NMTP;D;20110204;000000;4.34;4.34;4.274;4.287;1058100;4553785.7
NMTP;D;20110207;000000;4.296;4.345;4.268;4.339;1399100;6018049.1
NMTP;D;20110208;000000;4.333;4.34;4.27;4.29;3156500;13603000.3
NMTP;D;20110209;000000;4.3;4.32;4.3;4.31;1302900;5622488.1
NMTP;D;20110210;000000;4.301;4.301;4.178;4.195;2843600;11954280.8
NMTP;D;20110211;000000;4.196;4.219;4.176;4.185;595600;2494642
NMTP;D;20110214;000000;4.185;4.219;4.18;4.201;935400;3922847.3
NMTP;D;20110215;000000;4.185;4.185;4.071;4.149;367200;1515389.5
NMTP;D;20110216;000000;4.183;4.183;4.077;4.125;1584400;6502486.5
NMTP;D;20110217;000000;4.147;4.215;4.1;4.158;1041800;4332729.3
NMTP;D;20110218;000000;4.189;4.189;4.07;4.112;990200;4068175.3
NMTP;D;20110221;000000;4.1;4.3;4.071;4.125;1725300;7116836.9
NMTP;D;20110222;000000;4.192;4.192;4.05;4.096;1613500;6559506.1
NMTP;D;20110224;000000;4.123;4.138;3.9;3.96;4543000;18069617.6
NMTP;D;20110225;000000;3.95;3.997;3.853;3.91;2756000;10841807.2
NMTP;D;20110228;000000;3.93;3.98;3.855;3.935;1950700;7613972.2
NMTP;D;20110301;000000;3.875;3.95;3.875;3.9005;1753000;6886695.4
NMTP;D;20110302;000000;3.8666;3.9389;3.86;3.9087;980000;3820007
NMTP;D;20110303;000000;3.9012;3.9012;3.8;3.85;1190000;4592235.6
NMTP;D;20110304;000000;3.8478;3.89;3.8478;3.8499;736000;2839139.5
NMTP;D;20110305;000000;3.87;3.9298;3.8499;3.9269;750000;2909682.1
NMTP;D;20110309;000000;3.95;3.9888;3.845;3.8451;2118000;8207356.1
NMTP;D;20110310;000000;3.85;3.8717;3.8;3.8;1711000;6553923.7
NMTP;D;20110311;000000;3.2501;3.8716;3.2501;3.87;1597000;6109887.2
NMTP;D;20110314;000000;3.8301;3.85;3.7502;3.7999;918000;3500352.2
NMTP;D;20110315;000000;3.795;3.795;3.7;3.7057;10729000;39971277.1
NMTP;D;20110316;000000;3.7499;3.7499;3.6898;3.7264;1381000;5119588.3
NMTP;D;20110317;000000;3.6086;3.7988;3.6086;3.7893;585000;2185039.1
NMTP;D;20110318;000000;3.7501;3.7797;3.68;3.7095;2601000;9690787.8
NMTP;D;20110321;000000;3.7473;3.7581;3.723;3.7497;778000;2909074.2
NMTP;D;20110322;000000;3.7439;3.75;3.71;3.724;610000;2278688.8
NMTP;D;20110323;000000;3.728;3.7999;3.71;3.77;2850000;10690524
NMTP;D;20110324;000000;3.7988;3.8698;3.71;3.7904;601000;2280030.7
NMTP;D;20110325;000000;3.8596;3.8596;3.7901;3.8395;390000;1493855.4
NMTP;D;20110328;000000;3.84;3.9348;3.8301;3.8852;1818000;7045603.1
NMTP;D;20110329;000000;3.92;3.94;3.802;3.83;818000;3151611.2
NMTP;D;20110330;000000;3.85;3.8998;3.81;3.83;875000;3364970.6
NMTP;D;20110331;000000;3.8111;3.9;3.8;3.845;2475000;9520227.2
NMTP;D;20110401;000000;3.8673;3.9097;3.814;3.82;2071000;7954220.1
NMTP;D;20110404;000000;3.824;3.8699;3.77;3.8163;1735000;6601204.3
NMTP;D;20110405;000000;3.8163;3.8163;3.724;3.7489;1193000;4484257.6
NMTP;D;20110406;000000;3.727;3.7339;3.67;3.68;3272000;12049196
NMTP;D;20110407;000000;3.7299;3.73;3.621;3.64;2114000;7717437.5
NMTP;D;20110408;000000;3.6495;3.6696;3.607;3.62;2463000;8938754.4
NMTP;D;20110411;000000;3.6201;3.65;3.5218;3.6299;1512000;5436479.6
NMTP;D;20110412;000000;3.6965;3.6965;3.53;3.6189;1374000;4944456.2
NMTP;D;20110413;000000;3.6003;3.63;3.5405;3.56;957000;3411648.4
NMTP;D;20110414;000000;3.56;3.56;3.45;3.5011;6803000;23820268.7
NMTP;D;20110415;000000;3.49;3.5;3.4705;3.49;810000;2816145.5
NMTP;D;20110418;000000;3.475;3.5355;3.43;3.4301;2347000;8130491.4
NMTP;D;20110419;000000;3.4151;3.4898;3.25;3.453;1138000;3921906.6
NMTP;D;20110420;000000;3.4535;3.5049;3.4404;3.5049;1021000;3541699.3
NMTP;D;20110421;000000;3.49;3.5299;3.4552;3.5;1422000;4966483
NMTP;D;20110422;000000;3.4746;3.5497;3.4409;3.5496;557000;1958954.7
NMTP;D;20110425;000000;3.54;3.61;3.4553;3.4651;4053000;14482179
NMTP;D;20110426;000000;3.4056;3.5629;3.4056;3.5399;739000;2590740.4
NMTP;D;20110427;000000;3.5209;3.525;3.43;3.43;330000;1154654.7
NMTP;D;20110428;000000;3.43;3.458;3.405;3.458;528000;1811379.1
NMTP;D;20110429;000000;3.4213;3.435;3.4001;3.4348;129000;439903.1
NMTP;D;20110503;000000;3.43;3.43;3.39;3.39;2203000;7499576.6
NMTP;D;20110504;000000;3.39;3.4092;3.3611;3.3705;1676000;5659852.3
NMTP;D;20110505;000000;3.364;3.364;3.2892;3.335;1330000;4425674
NMTP;D;20110506;000000;3.3025;3.3949;3.2999;3.3895;1964000;6511570.6
NMTP;D;20110510;000000;3.3511;3.397;3.3511;3.3951;100000;338431.1
NMTP;D;20110511;000000;3.4;3.411;3.333;3.344;1656000;5533698
NMTP;D;20110512;000000;3.33;3.36;3.2723;3.293;535000;1777367.2
NMTP;D;20110513;000000;3.2626;3.4001;3.251;3.3208;1234000;4114875.9
NMTP;D;20110516;000000;3.32;3.36;3.286;3.286;178000;590449.5
NMTP;D;20110517;000000;3.3;3.3599;3.286;3.3495;112000;372302.3
NMTP;D;20110518;000000;3.351;3.41;3.3001;3.3996;841000;2811269
NMTP;D;20110519;000000;2.935;3.48;2.935;3.44;1667000;5651969.8
NMTP;D;20110520;000000;3.4204;3.4449;3.35;3.35;1067000;3607607.8
NMTP;D;20110523;000000;3.3441;3.4301;3.2125;3.38;2072000;6907516.2
NMTP;D;20110524;000000;3.3999;3.4302;3.3878;3.4;1326000;4523635.7
NMTP;D;20110525;000000;3.4015;3.4015;3.33;3.33;362000;1216461.3
NMTP;D;20110526;000000;3.3747;3.426;3.35;3.3522;1415000;4786215.6
NMTP;D;20110527;000000;3.3749;3.4309;3.3;3.323;1285000;4287251.7
NMTP;D;20110530;000000;3.3349;3.5972;3.3349;3.49;4303000;15036587
NMTP;D;20110531;000000;3.5;3.537;3.4451;3.4656;2962000;10296757.1
NMTP;D;20110601;000000;3.4829;3.4898;3.4473;3.45;685000;2377356.2
NMTP;D;20110602;000000;3.445;3.482;3.4181;3.4505;589000;2037058.5
NMTP;D;20110603;000000;3.4699;3.482;3.4181;3.42;278000;957244.2
NMTP;D;20110606;000000;3.4475;3.4675;3.43;3.44;351000;1207417.6
NMTP;D;20110607;000000;3.4425;3.4475;3.39;3.41;626000;2133693.2
NMTP;D;20110608;000000;3.397;3.418;3.3903;3.395;205000;697142.2
NMTP;D;20110609;000000;3.4002;3.4002;3.349;3.38;1845000;6207508.9
NMTP;D;20110610;000000;3.375;3.43;3.3625;3.4159;683000;2323107.9
NMTP;D;20110614;000000;3.4165;3.448;3.365;3.37;1232000;4184616.5
NMTP;D;20110615;000000;3.375;3.4247;3.27;3.37;2579000;8650937
NMTP;D;20110616;000000;3.335;3.378;3.335;3.3708;267000;895920.8
NMTP;D;20110617;000000;3.3777;3.3779;3.3308;3.3334;342000;1144296.5
NMTP;D;20110620;000000;3.3616;3.42;3.3321;3.4;989000;3358256.7
NMTP;D;20110621;000000;3.4099;3.435;3.36;3.3997;1820000;6189082.1
NMTP;D;20110622;000000;3.3804;3.4077;3.3402;3.36;646000;2170213.5
NMTP;D;20110623;000000;3.3501;3.39;3.326;3.39;1047000;3512762.5
NMTP;D;20110624;000000;3.3897;3.3923;3.3452;3.3507;281000;947248.2
NMTP;D;20110627;000000;3.3796;3.388;3.3397;3.3401;129000;432516.7
NMTP;D;20110628;000000;3.3696;3.4068;3.3401;3.396;515000;1733481.7
NMTP;D;20110629;000000;3.4;3.408;3.3407;3.36;334000;1125223.8
NMTP;D;20110630;000000;3.3405;3.3779;3.3405;3.368;439000;1472850.3
NMTP;D;20110701;000000;3.378;3.379;3.3027;3.34;539000;1804317.6
NMTP;D;20110704;000000;3.3451;3.379;3.345;3.3707;534000;1797495.4
NMTP;D;20110705;000000;3.3699;3.3725;3.35;3.3509;780000;2618876.9
NMTP;D;20110706;000000;3.3486;3.3645;3.331;3.3485;594000;1989286.3
NMTP;D;20110707;000000;3.3501;3.4;3.35;3.3764;773000;2606470.6
NMTP;D;20110708;000000;3.3765;3.4;3.33;3.3683;1793000;6036854.1
NMTP;D;20110711;000000;3.3683;3.3683;3.3311;3.34;1326000;4429067.4
NMTP;D;20110712;000000;3.3325;3.36;3.3101;3.32;579000;1930249.9
NMTP;D;20110713;000000;3.3215;3.339;3.32;3.3328;162000;539387.9
NMTP;D;20110714;000000;3.332;3.338;3.28;3.28;4780000;15731144.3
NMTP;D;20110715;000000;3.2368;3.2855;3.2311;3.235;693000;2251583.1
NMTP;D;20110718;000000;3.247;3.2492;3.21;3.2102;2116000;6818552.9
NMTP;D;20110719;000000;3.203;3.2375;3.17;3.2;668000;2134995.2
NMTP;D;20110720;000000;3.1762;3.2031;3.1702;3.191;674000;2147113.2
NMTP;D;20110721;000000;3.2;3.21;3.1713;3.19;670000;2138609.2
NMTP;D;20110722;000000;3.1902;3.2098;3.1501;3.1512;786000;2500170.9
NMTP;D;20110725;000000;3.1512;3.18;3.1398;3.15;5240000;16469148.5
NMTP;D;20110726;000000;3.2396;3.2396;3.11;3.1299;735000;2299020
NMTP;D;20110727;000000;3.1081;3.13;3.1012;3.1101;1360000;4230967
NMTP;D;20110728;000000;3.1001;3.118;3.071;3.0999;1410000;4359649.4
NMTP;D;20110729;000000;3.11;3.1179;3.0804;3.112;2211000;6844167.7
NMTP;D;20110801;000000;3.125;3.18;3.0855;3.109;964000;3013887.9
NMTP;D;20110802;000000;3.119;3.1199;3.085;3.1151;1242000;3841855
NMTP;D;20110803;000000;3.1;3.1206;3.0805;3.0965;7602000;23493282.6
NMTP;D;20110804;000000;3.12;3.19;3.0001;3.065;2680000;8196768
NMTP;D;20110805;000000;3.0002;3.0688;3;3.0105;6611000;19946487.7
NMTP;D;20110808;000000;3;3.03;2.82;2.82;2043000;5976020.4
NMTP;D;20110809;000000;2.8;2.9;2.55;2.7001;4057000;11009342.1
NMTP;D;20110810;000000;2.75;2.897;2.6612;2.67;3722000;10376708.3
NMTP;D;20110811;000000;2.7995;2.7999;2.54;2.601;1035000;2746079.1
NMTP;D;20110812;000000;2.6799;2.69;2.4;2.5698;1120000;2873272.3
NMTP;D;20110815;000000;2.6051;2.7699;2.6;2.7;1197000;3206311.7
NMTP;D;20110816;000000;2.7;2.7;2.635;2.6882;696000;1858690.6
NMTP;D;20110817;000000;2.69;2.69;2.5999;2.6;2277000;6011389.7
NMTP;D;20110818;000000;2.62;2.74;2.59;2.61;2952000;7809026.9
NMTP;D;20110819;000000;2.5106;2.75;2.51;2.5203;3760000;9753899.3
NMTP;D;20110822;000000;2.555;2.5895;2.5;2.57;384000;983769.5
NMTP;D;20110823;000000;2.598;2.5986;2.53;2.54;774000;1976131.1
NMTP;D;20110824;000000;2.583;2.583;2.5008;2.5271;663000;1685349.9
NMTP;D;20110825;000000;2.5041;2.5263;2.4659;2.4966;818000;2043724.4
NMTP;D;20110826;000000;2.5078;2.5089;2.45;2.4858;423000;1053141
NMTP;D;20110829;000000;2.495;2.64;2.495;2.57;1455000;3704257.3
NMTP;D;20110830;000000;2.5997;2.638;2.5401;2.638;2370000;6108111.6
NMTP;D;20110831;000000;2.6899;2.78;2.6613;2.7289;985000;2693921.8
NMTP;D;20110901;000000;2.79;2.79;2.699;2.7336;236000;645570.4
NMTP;D;20110902;000000;2.7;2.7332;2.6957;2.7199;77000;208845.9
NMTP;D;20110905;000000;2.666;2.7997;2.666;2.7646;1735000;4806851.2
NMTP;D;20110906;000000;2.7999;2.7999;2.7681;2.7967;526000;1461344.8
NMTP;D;20110907;000000;2.84;2.845;2.8011;2.8377;112000;316743.4
NMTP;D;20110908;000000;2.8093;3.0299;2.8009;3.0299;5550000;16119133.7
NMTP;D;20110909;000000;2.9101;2.9799;2.9006;2.96;8039000;23709545
NMTP;D;20110912;000000;2.8;2.97;2.79;2.9242;1677000;4923083.2
NMTP;D;20110913;000000;2.9699;2.99;2.9023;2.97;2020000;5976125.7
NMTP;D;20110914;000000;2.96;2.995;2.95;2.9799;2121000;6310425.3
NMTP;D;20110915;000000;2.995;3.06;2.965;3.055;10384000;31244293.2
NMTP;D;20110916;000000;3.0001;3.045;2.985;3.03;1225000;3712568
NMTP;D;20110919;000000;3.0739;3.1;3.016;3.1;5426000;16650997.7
NMTP;D;20110920;000000;2.99;3.15;2.98;3.15;3258000;10176452.8
NMTP;D;20110921;000000;3.132;3.1849;3.09;3.1;1182000;3710334
NMTP;D;20110922;000000;3.0301;3.0898;2.8213;2.85;11956000;35038602.1
NMTP;D;20110923;000000;2.8011;2.8749;2.6121;2.7003;3993000;11167491.3
NMTP;D;20110926;000000;2.627;2.9139;2.5683;2.8503;1194000;3326103.5
NMTP;D;20110927;000000;2.84;2.899;2.77;2.77;820000;2320055
NMTP;D;20110928;000000;2.79;2.8793;2.68;2.84;897000;2486101.5
NMTP;D;20110929;000000;2.8116;2.95;2.778;2.8555;1913000;5450621.7
NMTP;D;20110930;000000;2.8115;3.089;2.7601;3;3746000;10580965.1
NMTP;D;20111003;000000;2.9001;3.1;2.8401;3.1;1272000;3799494.7
NMTP;D;20111004;000000;3.1;3.1831;2.7935;2.9;4861000;14223070.7
NMTP;D;20111005;000000;2.9;2.98;2.7668;2.9735;2339000;6692536
NMTP;D;20111006;000000;2.9735;3;2.8801;2.9894;888000;2622999.4
NMTP;D;20111007;000000;2.95;3.1831;2.9005;3.007;1313000;3955865.7
NMTP;D;20111010;000000;3.0014;3.0017;2.9215;2.99;865000;2563629.2
NMTP;D;20111011;000000;2.9989;3.069;2.91;3.0559;1446000;4318858.3
NMTP;D;20111012;000000;3.041;3.0752;2.99;3.07;838000;2547280.5
NMTP;D;20111013;000000;3.0501;3.0733;3.03;3.0497;1388000;4231914.5
NMTP;D;20111014;000000;3.0451;3.07;2.9601;2.9999;5841000;17568713.2
NMTP;D;20111017;000000;3;3.0486;2.94;2.97;1105000;3284081.3
NMTP;D;20111018;000000;2.9501;3.0387;2.95;3.0387;700000;2100965
NMTP;D;20111019;000000;3.025;3.0597;3.005;3.0461;943000;2856010.1
NMTP;D;20111020;000000;3.025;3.0681;3.0101;3.055;84000;256312
NMTP;D;20111021;000000;3.1;3.2994;3.0308;3.2663;3168000;10161489.1
NMTP;D;20111024;000000;3.2618;3.2889;3.233;3.2843;770000;2511697.6
NMTP;D;20111025;000000;3.285;3.285;3.1022;3.1917;1205000;3807146.5
NMTP;D;20111026;000000;3.2599;3.2885;3.1208;3.275;2075000;6745479.8
NMTP;D;20111027;000000;3.28;3.2995;3.21;3.2369;1712000;5543228.4
NMTP;D;20111028;000000;3.2448;3.25;3.1998;3.205;532000;1711229.3
NMTP;D;20111031;000000;3.2;3.2294;3.1755;3.2099;230000;735411.2
NMTP;D;20111101;000000;3.24;3.3199;3;3.19;2855000;8998830.3
NMTP;D;20111102;000000;3.1615;3.27;3.16;3.235;1180000;3814737
NMTP;D;20111103;000000;3.1607;3.29;3.0612;3.2874;3425000;11068497.9
NMTP;D;20111107;000000;3.3299;3.3299;3.2025;3.2854;79000;255347.1
NMTP;D;20111108;000000;3.27;3.295;3.23;3.24;429000;1399014.8
NMTP;D;20111109;000000;3.1999;3.27;3.1603;3.2597;2436000;7890118
NMTP;D;20111110;000000;3.29;3.2987;3.2;3.2299;832000;2667105
NMTP;D;20111111;000000;3.253;3.2976;3.218;3.237;258000;835264.4
NMTP;D;20111114;000000;3.2135;3.254;3.2106;3.2152;23000;74051.4
NMTP;D;20111115;000000;3.1999;3.265;3.1999;3.2299;1939000;6266151.9
NMTP;D;20111116;000000;3.1957;3.2144;3.1749;3.206;1034000;3311030.5
NMTP;D;20111117;000000;3.1999;3.2499;3.1999;3.2429;297000;957123.9
NMTP;D;20111118;000000;3.2429;3.2575;3.2;3.22;602000;1943075.1
NMTP;D;20111121;000000;3.1102;3.1979;3.0501;3.1714;307000;972449.6
NMTP;D;20111122;000000;3.17;3.3;3.17;3.2008;2172000;7014414.3
NMTP;D;20111123;000000;3.2;3.2993;3.1924;3.2809;277000;900521.9
NMTP;D;20111124;000000;3.2299;3.25;3.1903;3.222;58000;186969.7
NMTP;D;20111125;000000;3.1903;3.2899;3.1799;3.27;1850000;5991661.9
NMTP;D;20111128;000000;3.175;3.349;3.175;3.2549;1772000;5823022.8
NMTP;D;20111129;000000;3.24;3.2725;3.193;3.21;263000;848784.8
NMTP;D;20111130;000000;3.2575;3.2997;3.22;3.2798;2633000;8605326.3
NMTP;D;20111201;000000;3.2394;3.2774;3.23;3.2677;635000;2063326.4
NMTP;D;20111202;000000;3.245;3.3;3.2007;3.2007;877000;2871202.9
NMTP;D;20111205;000000;3.2007;3.291;3.1348;3.2477;562000;1808224.3
NMTP;D;20111206;000000;3.2488;3.2949;3.16;3.182;761000;2446518.3
NMTP;D;20111207;000000;3.1849;3.2493;3.0412;3.1101;1205000;3779351.5
NMTP;D;20111208;000000;3.135;3.2099;3.1055;3.1577;668000;2109283.5
NMTP;D;20111209;000000;3.1201;3.1201;3.011;3.0505;1700000;5210420.6
NMTP;D;20111212;000000;3.0397;3.1247;3.0199;3.0631;836000;2556204.9
NMTP;D;20111213;000000;3.0734;3.0734;3.0221;3.05;127000;386601.6
NMTP;D;20111214;000000;3.0301;3.1424;2.898;3.019;429000;1298665
NMTP;D;20111215;000000;3.0058;3.24;2.901;3.14;795000;2465567.4
NMTP;D;20111216;000000;3.1101;3.1198;2.9703;3.05;4803000;14626204.5
NMTP;D;20111219;000000;3.0502;3.07;3.02;3.0561;634000;1933466.8
NMTP;D;20111220;000000;3.0501;3.1;3.03;3.1;2774000;8435326.9
NMTP;D;20111221;000000;3.12;3.16;3;3.05;2816000;8684137.9
NMTP;D;20111222;000000;3.02;3.09;2.9701;3;1413000;4330929.4
NMTP;D;20111223;000000;3.0052;3.0199;2.9802;3.0041;309000;925440.2
NMTP;D;20111226;000000;3;3.0156;2.96;3.0156;383000;1144401.9
NMTP;D;20111227;000000;3.0089;3.0196;2.9849;2.9849;131000;393689.5
NMTP;D;20111228;000000;2.9897;3.0298;2.9897;3;897000;2692010.7
NMTP;D;20111229;000000;2.9997;3.1668;2.9997;3.1659;5509000;16895420.2
NMTP;D;20111230;000000;3.1798;3.26;3.16;3.1799;2263000;7341261.9
NMTP;D;20120103;000000;3.22;3.3332;3.1052;3.1362;548000;1785278
NMTP;D;20120104;000000;3.1699;3.1899;3.12;3.1365;81000;254292.1
NMTP;D;20120105;000000;3.1599;3.22;3.122;3.205;220000;697416.3
NMTP;D;20120106;000000;3.0609;3.2949;3.0609;3.2949;205000;661408.2
NMTP;D;20120109;000000;3.1707;3.2799;3.16;3.2;40000;127303.2
NMTP;D;20120110;000000;3.2699;3.2898;3.12;3.12;255000;813295.2
NMTP;D;20120111;000000;3.1;3.13;3.06;3.12;107000;330660.6
NMTP;D;20120112;000000;3.11;3.1995;3.075;3.075;851000;2645651.7
NMTP;D;20120113;000000;3.0004;3.07;3.0004;3.0168;417000;1266711.8
NMTP;D;20120116;000000;3.01;3.03;3;3.03;133000;400818.7
NMTP;D;20120117;000000;3.055;3.25;2.9832;2.9951;1265000;3955988.3
NMTP;D;20120118;000000;3.0003;3.03;2.9675;2.9999;171000;511229.8
NMTP;D;20120119;000000;3.005;3.055;2.9795;3.0152;670000;2024873.2
NMTP;D;20120120;000000;3.02;3.02;2.9501;2.9699;193000;577849.5
NMTP;D;20120123;000000;2.9601;3.0289;2.9601;2.973;267000;796757.2
NMTP;D;20120124;000000;2.9849;2.9849;2.95;2.9739;250000;741562.2
NMTP;D;20120125;000000;3.01;3.01;2.905;2.9381;1531000;4537855.6
NMTP;D;20120126;000000;2.9889;2.9889;2.895;2.895;905000;2631686.6
NMTP;D;20120127;000000;2.895;2.916;2.879;2.9087;177000;512127.7
NMTP;D;20120130;000000;2.87;2.8853;2.8556;2.88;89000;254539.6
NMTP;D;20120131;000000;2.9;2.905;2.8521;2.877;1576000;4520640.2
NMTP;D;20120201;000000;2.765;2.9287;2.765;2.91;354000;1027252.4
NMTP;D;20120202;000000;2.9098;2.9098;2.88;2.9;52000;150811.4
NMTP;D;20120203;000000;2.9088;2.9193;2.871;2.88;555000;1603144.9
NMTP;D;20120206;000000;2.94;2.94;2.8501;2.9099;756000;2198524.4
NMTP;D;20120207;000000;2.92;2.92;2.88;2.911;723000;2084673.3
NMTP;D;20120208;000000;2.9;2.945;2.89;2.93;1479000;4339796.9
NMTP;D;20120209;000000;2.915;2.92;2.86;2.868;486000;1408860.7
NMTP;D;20120210;000000;2.87;2.8987;2.8521;2.8708;179000;515052.9
NMTP;D;20120213;000000;2.87;2.925;2.87;2.915;409000;1185463.9
NMTP;D;20120214;000000;2.905;2.92;2.89;2.9001;163000;474819.6
NMTP;D;20120215;000000;2.9;2.9375;2.89;2.92;182000;531985.6
NMTP;D;20120216;000000;2.9149;2.9149;2.88;2.8899;501000;1447978
NMTP;D;20120217;000000;2.8851;2.9119;2.885;2.9002;251000;728348.2
NMTP;D;20120220;000000;2.905;2.9099;2.89;2.9097;168000;487121
NMTP;D;20120221;000000;2.8991;2.9067;2.88;2.883;106000;305744.4
NMTP;D;20120222;000000;2.9;2.9098;2.88;2.8999;225000;651702.3
NMTP;D;20120224;000000;2.8912;2.8994;2.8791;2.88;847000;2444033
NMTP;D;20120227;000000;2.8601;2.89;2.8502;2.8599;774000;2223684.3
NMTP;D;20120228;000000;2.8511;2.8511;2.8;2.8101;2115000;5958934.6
NMTP;D;20120229;000000;2.8169;2.8169;2.75;2.765;774000;2151743.2
NMTP;D;20120301;000000;2.7997;2.8049;2.71;2.78;1479000;4086231.9
NMTP;D;20120302;000000;2.8399;2.8399;2.67;2.7001;1291000;3522004
NMTP;D;20120305;000000;2.7178;2.77;2.7;2.7325;2187000;5943316.9
NMTP;D;20120306;000000;2.7325;2.7599;2.65;2.7;869000;2339954.5
NMTP;D;20120307;000000;2.71;2.71;2.6779;2.6779;351000;943854.2
NMTP;D;20120311;000000;2.6869;2.6998;2.6601;2.694;302000;811985.1
NMTP;D;20120312;000000;2.6953;2.8;2.6439;2.66;5394000;14582797.2
NMTP;D;20120313;000000;2.6701;2.74;2.657;2.74;1411000;3795318.5
NMTP;D;20120314;000000;2.7286;2.83;2.7286;2.8;922000;2583553.2
NMTP;D;20120315;000000;2.725;2.8775;2.725;2.83;571000;1622130.6
NMTP;D;20120316;000000;2.84;2.84;2.7251;2.7251;512000;1429624.6
NMTP;D;20120319;000000;2.74;2.8489;2.74;2.826;2117000;5957045.8
NMTP;D;20120320;000000;2.8739;2.96;2.82;2.835;3216000;9285295.6
NMTP;D;20120321;000000;2.75;2.9199;2.75;2.9;1285000;3705020.6
NMTP;D;20120322;000000;2.9;2.927;2.85;2.8982;1667000;4804246.3
NMTP;D;20120323;000000;2.8703;2.89;2.8;2.88;964000;2736081.7
NMTP;D;20120326;000000;2.8705;2.9261;2.8705;2.9004;363000;1059248.5
NMTP;D;20120327;000000;2.9099;2.92;2.8572;2.92;1596000;4621791.3
NMTP;D;20120328;000000;2.9199;2.9735;2.9;2.95;1535000;4515278.7
NMTP;D;20120329;000000;2.9798;2.9849;2.902;2.9395;950000;2805563.9
NMTP;D;20120330;000000;2.996;3.0283;2.9501;2.9893;903000;2698825.2
NMTP;D;20120402;000000;2.9748;3.055;2.902;3.0001;331000;995085
NMTP;D;20120403;000000;3.0765;3.155;3.0145;3.0327;664000;2049985.6
NMTP;D;20120404;000000;3.0599;3.0676;3.0161;3.025;504000;1523903.9
NMTP;D;20120405;000000;3.03;3.0992;3.0201;3.08;670000;2053670.6
NMTP;D;20120406;000000;3.0997;3.12;3.0543;3.0816;199000;615914.7
NMTP;D;20120409;000000;3.0751;3.0751;3.025;3.0501;1321000;4026896.7
NMTP;D;20120410;000000;3.051;3.095;3.051;3.09;168000;514458.9
NMTP;D;20120411;000000;3.09;3.1999;3.0689;3.15;991000;3120303.8
NMTP;D;20120412;000000;3.1898;3.1994;3.15;3.1601;1254000;3966747.9
NMTP;D;20120413;000000;3.16;3.248;3.16;3.2351;791000;2545704.6
NMTP;D;20120416;000000;3.2201;3.2202;3.13;3.145;1052000;3329277.8
NMTP;D;20120417;000000;2.9787;3.23;2.9787;3.1606;575000;1825667.6
NMTP;D;20120418;000000;3.2299;3.2299;3.16;3.204;105000;335220.1
NMTP;D;20120419;000000;3.1901;3.23;3.1601;3.19;172000;550956.2
NMTP;D;20120420;000000;3.1904;3.21;3.155;3.1899;234000;744297.6
NMTP;D;20120423;000000;3.2;3.2;3.1709;3.185;105000;334147.8
NMTP;D;20120424;000000;3.19;3.245;3.156;3.1701;346000;1101309.7
NMTP;D;20120425;000000;3.1799;3.1996;3.158;3.1829;558000;1772804.4
NMTP;D;20120426;000000;3.1;3.2;3.1;3.1501;690000;2181955.3
NMTP;D;20120427;000000;3.1599;3.2;3.1126;3.185;924000;2934957
NMTP;D;20120428;000000;3.1999;3.22;3.1999;3.2;317000;1017994.1
NMTP;D;20120502;000000;3.2199;3.27;3.1402;3.185;510000;1645060.2
NMTP;D;20120503;000000;3.2199;3.22;3.1503;3.18;344000;1092319.2
NMTP;D;20120504;000000;3.1696;3.1714;2.9692;3.0829;1305000;4018007.5
NMTP;D;20120505;000000;2.8701;3.0581;2.8701;2.9839;58000;174060.7
NMTP;D;20120507;000000;2.8712;3.145;2.871;3.0998;65000;191376.6
NMTP;D;20120508;000000;3.17;3.17;3.0047;3.035;39000;118172.1
NMTP;D;20120510;000000;3.03;3.0519;2.95;2.97;251000;746471.6
NMTP;D;20120511;000000;2.9401;2.98;2.9191;2.9305;101000;296790.1
NMTP;D;20120512;000000;2.96;2.978;2.9503;2.978;20000;59219.2
NMTP;D;20120514;000000;2.9462;2.9462;2.8;2.8399;1335000;3775252.5
NMTP;D;20120515;000000;2.7903;2.9;2.79;2.9;1116000;3163873.8
NMTP;D;20120516;000000;2.8799;2.972;2.8002;2.8999;997000;2846830.2
NMTP;D;20120517;000000;2.9677;3;2.696;2.7767;667000;1869973
NMTP;D;20120518;000000;2.7113;2.8039;2.6269;2.7639;501000;1373578.7
NMTP;D;20120521;000000;2.7649;2.8398;2.7523;2.7956;267000;746491.9
NMTP;D;20120522;000000;2.8199;2.8199;2.6998;2.7103;710000;1949272.1
NMTP;D;20120523;000000;2.7015;2.8997;2.7;2.792;312000;869570.8
NMTP;D;20120524;000000;2.7801;2.8529;2.7801;2.83;269000;761496
NMTP;D;20120525;000000;2.83;2.9135;2.83;2.858;108000;310136.1
NMTP;D;20120528;000000;2.865;2.88;2.7715;2.7949;957000;2689132.6
NMTP;D;20120529;000000;2.82;2.9653;2.82;2.95;1288000;3736854.3
NMTP;D;20120530;000000;2.89;3.035;2.8502;2.9911;1176000;3486193.7
NMTP;D;20120531;000000;3.0364;3.055;2.896;3.03;1806000;5391775.1
NMTP;D;20120601;000000;3.02;3.0365;2.8902;2.9249;542000;1601229.4
NMTP;D;20120604;000000;2.9998;2.9998;2.93;2.9498;81000;239324.1
NMTP;D;20120605;000000;2.9401;2.9714;2.9241;2.94;95000;279670.4
NMTP;D;20120606;000000;2.9411;2.9549;2.801;2.8312;1101000;3144299.4
NMTP;D;20120607;000000;2.84;2.87;2.8299;2.85;158000;450463.7
NMTP;D;20120608;000000;2.812;2.9394;2.812;2.9394;102000;293699.7
NMTP;D;20120609;000000;2.9588;2.9588;2.9203;2.929;8000;23426.2
NMTP;D;20120613;000000;2.95;3;2.9079;2.9299;117000;342713.8
NMTP;D;20120614;000000;2.925;2.925;2.7599;2.7949;835000;2346044.1
NMTP;D;20120615;000000;2.805;2.8997;2.7004;2.82;1378000;3845421.5
NMTP;D;20120618;000000;2.8001;2.811;2.7402;2.7749;2043000;5637884.2
NMTP;D;20120619;000000;2.7749;2.865;2.75;2.7957;1695000;4737174.2
NMTP;D;20120620;000000;2.7951;2.805;2.7501;2.755;570000;1583740.2
NMTP;D;20120621;000000;2.75;2.7698;2.7108;2.7119;1255000;3436344.3
NMTP;D;20120622;000000;2.7124;2.7988;2.7017;2.7616;1601000;4447738.5
NMTP;D;20120625;000000;2.765;2.765;2.7;2.7001;478000;1295408.8
NMTP;D;20120626;000000;2.712;2.8;2.712;2.73;748000;2068027
NMTP;D;20120627;000000;2.7482;2.78;2.7001;2.7149;1343000;3658620.7
NMTP;D;20120628;000000;2.704;2.7679;2.6097;2.6835;2133000;5762721.1
NMTP;D;20120629;000000;2.7499;2.76;2.7;2.7596;2542000;6981554.4
NMTP;D;20120702;000000;2.7685;2.9;2.71;2.8302;1798000;5076844.9
NMTP;D;20120703;000000;2.89;2.89;2.7905;2.82;1098000;3114760.8
NMTP;D;20120704;000000;2.8328;2.8563;2.8035;2.8495;526000;1493275.8
NMTP;D;20120705;000000;2.8479;2.8479;2.8;2.8079;815000;2303275.6
NMTP;D;20120706;000000;2.7799;2.8492;2.7401;2.8339;962000;2707345.5
NMTP;D;20120709;000000;2.84;2.84;2.7406;2.7598;1154000;3189123.7
NMTP;D;20120710;000000;2.7798;2.814;2.6852;2.7888;1546000;4239928.8
NMTP;D;20120711;000000;2.7713;2.8;2.7158;2.8;377000;1033342.8
NMTP;D;20120712;000000;2.7601;2.82;2.7201;2.8091;308000;853914.8
NMTP;D;20120713;000000;2.7612;2.829;2.723;2.829;352000;978530.2
NMTP;D;20120716;000000;2.7803;2.842;2.7511;2.8415;278000;774024.7
NMTP;D;20120717;000000;2.85;2.9419;2.7831;2.8959;2799000;8033604.6
NMTP;D;20120718;000000;2.8865;2.924;2.8549;2.8849;1125000;3247053.1
NMTP;D;20120719;000000;2.8501;3.0814;2.79;2.96;3633000;10720013.6
NMTP;D;20120720;000000;2.91;3.0688;2.8838;3.01;1197000;3536823.4
NMTP;D;20120723;000000;2.9999;3.03;2.9117;3.0197;606000;1807078
NMTP;D;20120724;000000;3.0007;3.19;2.9115;3.1509;4302000;13447734
NMTP;D;20120725;000000;3.12;3.188;3.0516;3.1601;632000;1989008.2
NMTP;D;20120726;000000;3.14;3.185;3.06;3.06;1022000;3158874.8
NMTP;D;20120727;000000;3.0601;3.19;3.01;3.1899;1013000;3156607.4
NMTP;D;20120730;000000;3.2;3.2489;3.1632;3.2185;793000;2556910.2
NMTP;D;20120731;000000;3.2499;3.28;3.11;3.1996;1366000;4402873.9
NMTP;D;20120801;000000;3.1999;3.2616;3.13;3.1731;1593000;5039811.4
NMTP;D;20120802;000000;3.17;3.21;3.0115;3.035;1262000;3960868.3
NMTP;D;20120803;000000;3.03;3.1996;3;3.1352;1320000;4082821.7
NMTP;D;20120806;000000;3.1399;3.1789;3.0323;3.036;1267000;3885094.7
NMTP;D;20120807;000000;3.0101;3.05;2.9651;2.995;1686000;5060612.7
NMTP;D;20120808;000000;2.9756;3.04;2.975;2.999;507000;1521626
NMTP;D;20120809;000000;3.0286;3.0895;2.9801;3.05;763000;2305456.6
NMTP;D;20120810;000000;3.0104;3.0104;2.9751;2.9979;276000;824424.8
NMTP;D;20120813;000000;3.0149;3.0691;2.98;2.9831;1457000;4403915.4
NMTP;D;20120814;000000;3.006;3.015;2.92;2.9935;1085000;3225292.3
NMTP;D;20120815;000000;2.9399;2.985;2.9003;2.97;1516000;4452353.5
NMTP;D;20120816;000000;2.9701;3.01;2.902;2.9344;1478000;4356237.6
NMTP;D;20120817;000000;2.9344;2.95;2.89;2.8901;741000;2155531.1
NMTP;D;20120820;000000;3.2921;3.2921;2.85;2.9433;561000;1619009.6
NMTP;D;20120821;000000;2.9399;3.03;2.9212;2.9658;1595000;4762152.7
NMTP;D;20120822;000000;2.94;2.957;2.8901;2.922;1393000;4069325.3
NMTP;D;20120823;000000;2.9199;3.01;2.9199;2.9256;1157000;3450091.7
NMTP;D;20120824;000000;2.9112;2.969;2.8601;2.9359;1329000;3868823.9
NMTP;D;20120827;000000;2.9589;2.9589;2.8533;2.86;926000;2667209.7
NMTP;D;20120828;000000;3.241;3.241;2.85;2.93;855000;2487798.7
NMTP;D;20120829;000000;2.9826;2.999;2.9123;2.9664;539000;1585435.6
NMTP;D;20120830;000000;2.9648;2.9748;2.902;2.9599;441000;1300858.5
NMTP;D;20120831;000000;2.9607;2.9902;2.9287;2.98;714000;2117239.3
NMTP;D;20120903;000000;2.98;2.985;2.9542;2.985;306000;911166.1
NMTP;D;20120904;000000;2.9751;2.9904;2.9652;2.9748;228000;679850.3
NMTP;D;20120905;000000;2.9906;2.9906;2.9401;2.9744;438000;1294899.1
NMTP;D;20120906;000000;2.99;3.0002;2.9566;2.9999;830000;2485735.9
NMTP;D;20120907;000000;2.9906;3;2.972;2.9805;1031000;3086257.6
NMTP;D;20120910;000000;2.8912;2.9984;2.8912;2.9435;1126000;3290535.5
NMTP;D;20120911;000000;2.9549;2.9795;2.9201;2.9765;817000;2404851.1
NMTP;D;20120912;000000;2.9553;2.9697;2.9;2.9288;1432000;4177872.4
NMTP;D;20120913;000000;2.9474;2.9494;2.9006;2.9013;605000;1763529.6
NMTP;D;20120914;000000;3.2754;3.2754;2.9101;2.97;1759000;5190051.4
NMTP;D;20120917;000000;2.565;3.01;2.565;2.9942;2113000;6329878.1
NMTP;D;20120918;000000;3.0121;3.0121;2.97;2.9882;638000;1909421.1
NMTP;D;20120919;000000;2.9702;2.985;2.941;2.9507;456000;1348045.2
NMTP;D;20120920;000000;2.916;2.975;2.916;2.9547;608000;1789298.6
NMTP;D;20120921;000000;2.9947;2.9947;2.85;2.8503;1741000;5017660.1
NMTP;D;20120924;000000;2.8699;2.9189;2.8619;2.9001;788000;2278481.6
NMTP;D;20120925;000000;2.939;2.939;2.85;2.85;517000;1479296.7
NMTP;D;20120926;000000;2.85;2.8642;2.8014;2.81;1294000;3656534.6
NMTP;D;20120927;000000;2.7917;2.835;2.7917;2.8199;478000;1345144.5
NMTP;D;20120928;000000;2.825;2.8444;2.802;2.8097;712000;2002676
NMTP;D;20121001;000000;2.8295;2.85;2.8126;2.816;1376000;3889668.2
NMTP;D;20121002;000000;2.8104;2.8246;2.8001;2.806;817000;2291564.3
NMTP;D;20121003;000000;2.81;2.837;2.79;2.826;795000;2232057.5
NMTP;D;20121004;000000;2.8247;2.8299;2.7923;2.7929;571000;1598359.7
NMTP;D;20121005;000000;2.8163;2.8464;2.7933;2.83;5185000;14575981.2
NMTP;D;20121008;000000;2.8427;2.9535;2.801;2.9098;1949000;5571930.8
NMTP;D;20121009;000000;2.9001;2.9476;2.8713;2.9099;991000;2888362.9
NMTP;D;20121010;000000;2.891;2.9728;2.876;2.923;1382000;4061081.6
NMTP;D;20121011;000000;2.8937;2.9596;2.8937;2.92;537000;1574881
NMTP;D;20121012;000000;2.9583;2.9583;2.876;2.9199;792000;2292062.6
NMTP;D;20121015;000000;2.8829;2.9588;2.8829;2.9501;659000;1934695.1
NMTP;D;20121016;000000;2.9353;2.978;2.915;2.97;477000;1403640.3
NMTP;D;20121017;000000;2.9739;2.9739;2.9213;2.9599;1466000;4322128.1
NMTP;D;20121018;000000;2.954;2.9777;2.91;2.911;508000;1490287.4
NMTP;D;20121019;000000;2.9003;2.927;2.825;2.8301;976000;2807373.3
NMTP;D;20121022;000000;2.819;2.8996;2.8099;2.8995;603000;1724610.6
NMTP;D;20121023;000000;2.8997;2.9;2.7751;2.795;785000;2210828.8
NMTP;D;20121024;000000;2.8002;2.8999;2.8;2.8288;1094000;3110385
NMTP;D;20121025;000000;2.8199;2.8269;2.8019;2.8099;336000;944270.8
NMTP;D;20121026;000000;2.8104;2.8104;2.8;2.8;190000;532397.3
NMTP;D;20121029;000000;2.797;2.899;2.797;2.89;1007000;2881938.7
NMTP;D;20121030;000000;2.8995;2.96;2.8009;2.8041;1369000;3891063.3
NMTP;D;20121031;000000;2.815;2.8478;2.791;2.8083;1046000;2935705.4
NMTP;D;20121101;000000;2.8099;2.8287;2.7777;2.8191;872000;2447498.4
NMTP;D;20121102;000000;2.8072;2.813;2.79;2.79;859000;2399354.6
NMTP;D;20121106;000000;2.7777;2.783;2.7202;2.769;696000;1915696.7
NMTP;D;20121107;000000;2.7733;2.8199;2.7642;2.7672;560000;1565906.3
NMTP;D;20121108;000000;2.76;2.7898;2.7246;2.786;240000;662111.6
NMTP;D;20121109;000000;2.7526;2.817;2.7311;2.8002;386000;1072046.6
NMTP;D;20121112;000000;2.7722;2.83;2.765;2.8297;361000;1015022.5
NMTP;D;20121113;000000;2.829;2.91;2.8015;2.805;1584000;4539782.7
NMTP;D;20121114;000000;2.8265;2.8799;2.79;2.8349;308000;870753.6
NMTP;D;20121115;000000;2.8462;2.8462;2.8015;2.813;142000;399771.9
NMTP;D;20121116;000000;2.8011;2.823;2.8;2.8227;590000;1654519.6
NMTP;D;20121119;000000;2.8349;2.8349;2.807;2.8229;228000;643706.5
NMTP;D;20121120;000000;2.8369;2.8369;2.7925;2.81;1518000;4264432.8
NMTP;D;20121121;000000;2.8098;2.81;2.7881;2.8;438000;1227004.2
NMTP;D;20121122;000000;2.7891;2.8196;2.7891;2.81;1872000;5259842
NMTP;D;20121123;000000;2.8099;2.819;2.8041;2.819;1184000;3327015.6
NMTP;D;20121126;000000;2.81;2.81;2.8;2.8058;548000;1537569.6
NMTP;D;20121127;000000;2.8099;2.81;2.8055;2.806;913000;2562775.4
NMTP;D;20121128;000000;2.795;2.81;2.761;2.79;380000;1060940.1
NMTP;D;20121129;000000;2.79;2.808;2.7711;2.8079;451000;1262956.6
NMTP;D;20121130;000000;2.7899;2.81;2.7851;2.81;513000;1440557.5
NMTP;D;20121203;000000;2.8099;2.81;2.8;2.8035;296000;831524.2
NMTP;D;20121204;000000;2.8042;2.8203;2.781;2.8;1024000;2871522.9
NMTP;D;20121205;000000;2.8;2.85;2.7954;2.8385;422000;1195922.2
NMTP;D;20121206;000000;2.835;2.835;2.8012;2.8299;538000;1520458.8
NMTP;D;20121207;000000;2.8299;2.86;2.82;2.8599;761000;2158942.2
NMTP;D;20121210;000000;2.85;2.85;2.805;2.8071;1288000;3626348.5
NMTP;D;20121211;000000;2.8051;2.8138;2.7819;2.8138;383000;1072092
NMTP;D;20121212;000000;2.8001;2.88;2.8001;2.85;1144000;3253307.8
NMTP;D;20121213;000000;2.845;2.88;2.845;2.8501;653000;1867320.6
NMTP;D;20121214;000000;2.851;2.875;2.846;2.875;902000;2583664.1
NMTP;D;20121217;000000;2.885;3;2.8604;3;4512000;13278387.5
NMTP;D;20121218;000000;2.97;3.15;2.951;3;4838000;14779020.3
NMTP;D;20121219;000000;3;3;2.88;2.9;694000;2026425.6
NMTP;D;20121220;000000;2.9;2.9788;2.862;2.919;696000;2024021.4
NMTP;D;20121221;000000;2.9401;3;2.8693;2.9599;1581000;4644015.4
NMTP;D;20121224;000000;2.92;2.9598;2.85;2.8978;1143000;3280040.4
NMTP;D;20121225;000000;2.9;2.9097;2.847;2.8496;1930000;5520180.8
NMTP;D;20121226;000000;2.84;2.88;2.8322;2.8499;4542000;12941426.1
NMTP;D;20121227;000000;2.847;2.879;2.82;2.879;189000;541527.8
NMTP;D;20121228;000000;2.8751;2.8751;2.8307;2.85;330000;938539.1
NMTP;D;20130108;000000;2.8701;2.95;2.8501;2.8703;1414000;4064680.9
NMTP;D;20130109;000000;2.87;2.95;2.8699;2.9439;611000;1775488.5
NMTP;D;20130110;000000;2.9451;2.9451;2.8706;2.874;913000;2644470.1
NMTP;D;20130111;000000;2.8766;2.8786;2.8501;2.8681;1030000;2949933.3
NMTP;D;20130114;000000;2.8731;2.9299;2.8703;2.8883;646000;1871130.1
NMTP;D;20130115;000000;2.8899;2.9015;2.85;2.8998;1388000;3992806
NMTP;D;20130116;000000;2.9;2.9025;2.8601;2.9;966000;2798927.6
NMTP;D;20130117;000000;2.91;2.91;2.89;2.9099;170000;492491.7
NMTP;D;20130118;000000;2.9;3.1;2.9;3.0001;3453000;10268976.4
NMTP;D;20130121;000000;2.9999;3.07;2.9703;3.03;1779000;5365196.2
NMTP;D;20130122;000000;3.02;3.0302;2.3;2.959;2652000;7760140.1
NMTP;D;20130123;000000;2.945;3.0195;2.913;2.9786;1148000;3424875.2
NMTP;D;20130124;000000;2.6693;3;2.6693;2.999;1822000;5386460.3
NMTP;D;20130125;000000;2.9997;3.0929;2.9857;3.0657;1985000;6063336.2
NMTP;D;20130128;000000;3.0658;3.194;3.02;3.1915;6732000;21122727.5
NMTP;D;20130129;000000;3.1999;3.2275;3.179;3.2002;2502000;8011367.1
NMTP;D;20130130;000000;3.2;3.2189;3.1553;3.18;2133000;6775219.9
NMTP;D;20130131;000000;3.17;3.2177;3.1201;3.1803;1770000;5609443.8
NMTP;D;20130201;000000;3.1701;3.347;3.1651;3.3101;2693000;8790522
NMTP;D;20130204;000000;3.2955;3.3011;3.2542;3.2747;1143000;3735583.6
NMTP;D;20130205;000000;3.2704;3.3295;3.2361;3.31;6059000;19736881.1
NMTP;D;20130206;000000;3.315;3.4909;3.2708;3.4909;5991000;20354117.5
NMTP;D;20130207;000000;3.495;3.5815;3.42;3.539;13113000;46109733.1
NMTP;D;20130208;000000;3.55;3.6477;3.47;3.629;10112000;36457124.6
NMTP;D;20130211;000000;3.64;3.9;3.556;3.56;30086000;111720602.8
NMTP;D;20130212;000000;3.58;3.77;3.58;3.77;18141000;67125415
NMTP;D;20130213;000000;3.785;3.8799;3.6801;3.845;24953000;94775107.4
NMTP;D;20130214;000000;3.8051;3.9198;3.71;3.8;29932000;113384209.4
NMTP;D;20130215;000000;3.82;3.8512;3.71;3.815;14522000;55519587.4
NMTP;D;20130218;000000;3.83;3.83;3.6401;3.75;35352000;130865576.7
NMTP;D;20130219;000000;3.7401;3.75;3.69;3.7;4065000;15117866.6
NMTP;D;20130220;000000;3.68;3.691;3.59;3.6293;4941000;18037146.2
NMTP;D;20130221;000000;3.5089;3.6;3.4358;3.4679;2946000;10285562.3
NMTP;D;20130222;000000;3.4679;3.593;3.4221;3.515;1372000;4830527.5
NMTP;D;20130225;000000;3.4975;3.59;3.4701;3.59;3220000;11333651.8
NMTP;D;20130226;000000;3.5796;3.59;3.5001;3.5881;2709000;9587154.6
NMTP;D;20130227;000000;3.5612;3.6473;3.42;3.5;1940000;6732303.9
NMTP;D;20130228;000000;3.4899;3.56;3.447;3.5212;995000;3478243
NMTP;D;20130301;000000;3.525;3.54;3.4605;3.5198;1408000;4902775
NMTP;D;20130304;000000;3.5471;3.627;3.4901;3.5125;767000;2710333.4
NMTP;D;20130305;000000;3.5298;3.57;3.48;3.5278;1730000;6044260.2
NMTP;D;20130306;000000;3.5252;3.5254;3.485;3.496;1747000;6098663
NMTP;D;20130307;000000;3.515;3.5498;3.5;3.5046;614000;2159900.8
NMTP;D;20130311;000000;3.54;3.6101;3.49;3.59;4689000;16675687.2
NMTP;D;20130312;000000;3.5999;3.64;3.56;3.64;2220000;7994256.4
NMTP;D;20130313;000000;3.5904;3.713;3.5651;3.713;2728000;10045478.6
NMTP;D;20130314;000000;3.7043;3.79;3.6511;3.7502;2021000;7549979
NMTP;D;20130315;000000;3.75;3.7799;3.56;3.6;2316000;8512422.1
NMTP;D;20130318;000000;3.5401;3.58;3.41;3.5242;4745000;16645544.9
NMTP;D;20130319;000000;3.5;3.59;3.43;3.5847;1707000;6018982.1
NMTP;D;20130320;000000;3.5015;3.5199;3.4301;3.51;5891000;20426289.1
NMTP;D;20130321;000000;3.5001;3.5001;3.45;3.4592;1274000;4404582
NMTP;D;20130322;000000;3.4301;3.5111;3.38;3.4852;5738000;19916672
NMTP;D;20130325;000000;3.485;3.5;3.4;3.4001;752000;2572974.1
NMTP;D;20130326;000000;3.3951;3.55;3.3751;3.55;1314000;4534029.8
NMTP;D;20130327;000000;3.5002;3.6;3.4338;3.4503;1789000;6336932.2
NMTP;D;20130328;000000;3.46;3.465;3.3347;3.45;1194000;4070038
NMTP;D;20130329;000000;3.46;3.46;3.39;3.3922;171000;582528.7
NMTP;D;20130401;000000;3.3803;3.4601;3.35;3.425;670000;2282485.5
NMTP;D;20130402;000000;3.3701;3.4169;3.3452;3.4098;886000;2975234.4
NMTP;D;20130403;000000;3.38;3.54;3.38;3.5;2977000;10405430.3
NMTP;D;20130404;000000;3.5003;3.5394;3.39;3.4395;1830000;6282469.8
NMTP;D;20130405;000000;3.4295;3.4429;3.396;3.4298;1844000;6320680.1
NMTP;D;20130408;000000;3.4298;3.4628;3.33;3.39;1139000;3839806.9
NMTP;D;20130409;000000;3.3851;3.4146;3.3451;3.36;737000;2508066.9
NMTP;D;20130410;000000;3.3681;3.4;3.2109;3.2643;1263000;4159742.5
NMTP;D;20130411;000000;3.2551;3.26;3.15;3.21;891000;2853029.5
NMTP;D;20130412;000000;3.1795;3.1901;3.0311;3.095;1306000;4093646.7
NMTP;D;20130415;000000;3.0901;3.1755;2.81;3.0349;3425000;10250163.6
NMTP;D;20130416;000000;3.0298;3.0579;2.8201;3.0379;3060000;9070708.7
NMTP;D;20130417;000000;2.9701;3;2.8503;2.9999;817000;2395166.6
NMTP;D;20130418;000000;2.9339;2.96;2.86;2.9299;885000;2555171.9
NMTP;D;20130419;000000;2.9299;2.9299;2.7306;2.81;1094000;3063146.1
NMTP;D;20130422;000000;2.8343;2.85;2.7301;2.85;1705000;4713023.7
NMTP;D;20130423;000000;2.8;2.9593;2.7;2.9593;3198000;8922669.3
NMTP;D;20130424;000000;2.985;2.995;2.88;2.995;342000;1009245.9
NMTP;D;20130425;000000;2.9891;2.9895;2.8809;2.9;318000;925079.7
NMTP;D;20130426;000000;2.89;2.94;2.8322;2.94;499000;1424130.6
NMTP;D;20130429;000000;2.945;2.98;2.8269;2.85;265000;759453.2
NMTP;D;20130430;000000;2.84;2.8999;2.8119;2.8254;2046000;5814164.8
NMTP;D;20130502;000000;2.8001;2.8799;2.7951;2.8636;165000;466746.9
NMTP;D;20130503;000000;2.8691;2.8744;2.8453;2.8678;122000;348577
NMTP;D;20130506;000000;2.8699;2.97;2.8699;2.9194;1107000;3217908
NMTP;D;20130507;000000;2.93;3.1332;2.8912;3.0155;2282000;6754975.8
NMTP;D;20130508;000000;3.05;3.13;2.9324;3.014;808000;2435159.7
NMTP;D;20130510;000000;2.9701;3.0135;2.8513;2.8514;488000;1434462
NMTP;D;20130513;000000;2.86;2.9399;2.8116;2.922;583000;1677845.6
NMTP;D;20130514;000000;2.913;2.9973;2.8708;2.8751;742000;2165413
NMTP;D;20130515;000000;2.8651;2.958;2.82;2.8938;457000;1327065.5
NMTP;D;20130516;000000;2.9047;2.958;2.8906;2.9372;307000;901372.7
NMTP;D;20130517;000000;2.8864;2.9375;2.8864;2.9313;153000;445523.6
NMTP;D;20130520;000000;2.932;2.932;2.8651;2.9035;239000;690106.9
NMTP;D;20130521;000000;2.915;2.929;2.8559;2.8929;356000;1029705.9
NMTP;D;20130522;000000;2.884;2.9166;2.865;2.9067;1106000;3192580.6
NMTP;D;20130523;000000;2.89;2.9168;2.7816;2.9;1394000;3994236.5
NMTP;D;20130524;000000;2.865;2.87;2.7856;2.8495;1077000;3029035.2
NMTP;D;20130527;000000;2.83;2.83;2.7899;2.819;221000;617942.2
NMTP;D;20130528;000000;2.7999;2.8488;2.7901;2.848;491000;1385608.1
NMTP;D;20130529;000000;2.8251;2.8497;2.7656;2.7777;941000;2625263.3
NMTP;D;20130530;000000;2.7848;2.8097;2.7711;2.8095;706000;1972510.4
NMTP;D;20130531;000000;2.8122;2.8144;2.7776;2.8144;904000;2526548
NMTP;D;20130603;000000;2.7999;2.8144;2.7851;2.7859;647000;1814010.5
NMTP;D;20130604;000000;2.799;2.805;2.7679;2.7772;1268000;3524276.4
NMTP;D;20130605;000000;2.78;2.7874;2.7579;2.7874;483000;1338068.5
NMTP;D;20130606;000000;2.7799;2.7874;2.707;2.7777;553000;1526582.2
NMTP;D;20130607;000000;2.7698;2.7698;2.7452;2.7622;22000;60625
NMTP;D;20130610;000000;2.7501;2.755;2.7;2.7324;545000;1481694.3
NMTP;D;20130611;000000;2.7252;2.75;2.652;2.735;968000;2626442.9
NMTP;D;20130613;000000;2.71;2.7289;2.6691;2.7;696000;1872116.1
NMTP;D;20130614;000000;2.7001;2.7001;2.697;2.7;305000;823458.7
NMTP;D;20130617;000000;2.7;2.98;1.95;2.7299;11465000;32581241.1
NMTP;D;20130618;000000;2.689;2.738;2.689;2.7179;738000;2006336.3
NMTP;D;20130619;000000;2.6905;2.7198;2.68;2.71;841000;2268596.6
NMTP;D;20130620;000000;2.69;2.745;2.6287;2.7041;1522000;4088741.2
NMTP;D;20130621;000000;2.7125;2.7662;2.675;2.7005;1482000;4034358.3
NMTP;D;20130624;000000;2.695;2.735;2.6537;2.7303;1740000;4690684.3
NMTP;D;20130625;000000;2.69;2.755;2.6858;2.754;532000;1459217.6
NMTP;D;20130626;000000;2.765;2.798;2.6473;2.79;1524000;4195366.4
NMTP;D;20130627;000000;2.77;2.7949;2.7005;2.7949;878000;2405658.5
NMTP;D;20130628;000000;2.775;2.8601;2.7349;2.8149;1392000;3878710.3
NMTP;D;20130701;000000;2.7999;2.8196;2.7625;2.8193;500000;1393241.1
NMTP;D;20130702;000000;2.8295;2.9357;2.822;2.9357;3191000;9241843
NMTP;D;20130703;000000;2.935;3.02;2.9;2.97;2711000;8032841.2
NMTP;D;20130704;000000;2.9844;3.0984;2.9844;3.0984;1598000;4888777.5
NMTP;D;20130705;000000;3.0999;3.1294;3.061;3.09;678000;2092308.2
NMTP;D;20130708;000000;3.1198;3.1199;3.07;3.079;383000;1180796
NMTP;D;20130709;000000;3.085;3.085;3.0416;3.0525;700000;2136698.2
NMTP;D;20130710;000000;3.0329;3.0775;3.0157;3.0454;536000;1631369.8
NMTP;D;20130711;000000;3.0499;3.1375;3.015;3.0502;1234000;3773166.4
NMTP;D;20130712;000000;3.06;3.085;2.984;3.0297;761000;2306250.1
NMTP;D;20130715;000000;3.03;3.056;2.975;3.0096;2489000;7551416.1
NMTP;D;20130716;000000;3.0051;3.0051;2.9481;2.9978;1301000;3857468.8
NMTP;D;20130717;000000;3.0001;3.0025;2.9371;2.981;943000;2792336.6
NMTP;D;20130718;000000;2.9725;2.975;2.9321;2.9345;577000;1700473.1
NMTP;D;20130719;000000;2.931;2.98;2.9193;2.9548;323000;949117.1
NMTP;D;20130722;000000;2.9401;2.9799;2.9127;2.9512;687000;2021503.4
NMTP;D;20130723;000000;2.9792;2.9937;2.93;2.93;643000;1898245
NMTP;D;20130724;000000;2.9303;2.9374;2.9;2.9043;473000;1379143.3
NMTP;D;20130725;000000;2.9009;2.9275;2.8931;2.9257;318000;925373.3
NMTP;D;20130726;000000;2.9213;2.9345;2.88;2.9344;381000;1104987.2
NMTP;D;20130729;000000;2.929;2.9737;2.9075;2.95;510000;1507178.8
NMTP;D;20130730;000000;2.9425;3.033;2.9425;3.0077;799000;2397135.5
NMTP;D;20130731;000000;3.0055;3.0339;2.9559;2.9983;554000;1663479.6
NMTP;D;20130801;000000;3.0025;3.0466;2.9952;3.0398;1292000;3908919.4
NMTP;D;20130802;000000;3.0275;3.031;2.9485;2.979;750000;2244934.1
NMTP;D;20130805;000000;2.9603;2.98;2.9411;2.959;261000;770999.2
NMTP;D;20130806;000000;2.952;2.9595;2.9;2.937;625000;1831122.5
NMTP;D;20130807;000000;2.9266;2.96;2.91;2.939;664000;1954159.4
NMTP;D;20130808;000000;2.939;2.97;2.93;2.94;1417000;4167236.9
NMTP;D;20130809;000000;2.9397;2.9854;2.9397;2.9747;710000;2102467.5
NMTP;D;20130812;000000;2.9639;2.9639;2.8825;2.932;266000;779284.6
NMTP;D;20130813;000000;2.935;2.9494;2.924;2.9446;367000;1076578.1
NMTP;D;20130814;000000;2.945;3.06;2.945;3.05;1939000;5869028.2
NMTP;D;20130815;000000;3.031;3.077;3.0157;3.0499;2047000;6248451.7
NMTP;D;20130816;000000;3.03;3.0751;3.0005;3.07;331000;1000350.4
NMTP;D;20130819;000000;3.06;3.06;2.955;2.975;2756000;8215137.4
NMTP;D;20130820;000000;2.98;3.0899;2.9558;3.061;2248000;6836860.8
NMTP;D;20130821;000000;3.01;3.35;3.01;3.3201;6733000;21618928.8
NMTP;D;20130822;000000;3.3201;3.5499;3.3;3.52;7076000;24238112.9
NMTP;D;20130823;000000;3.4555;3.6988;3.421;3.61;9443000;34216702.1
NMTP;D;20130826;000000;3.5844;3.6398;3.44;3.45;4789000;16799231.8
NMTP;D;20130827;000000;3.45;3.6;3.35;3.4112;7846000;27058607.7
NMTP;D;20130828;000000;3.42;3.5;3.351;3.3552;1505000;5126015.9
NMTP;D;20130829;000000;3.3858;3.5499;3.3788;3.5;1408000;4894046.7
NMTP;D;20130830;000000;3.485;3.58;3.485;3.5;1855000;6535817.4
NMTP;D;20130902;000000;3.48;3.4983;3.3597;3.36;697000;2350736.6
NMTP;D;20130903;000000;3.38;3.3996;3.323;3.3357;769000;2570815.6
NMTP;D;20130904;000000;3.35;3.42;3.3333;3.3978;411000;1383691.4
NMTP;D;20130905;000000;3.4103;3.55;3.3907;3.5491;571000;2010490.6
NMTP;D;20130906;000000;3.4901;3.575;3.467;3.5;1540000;5412907.3
NMTP;D;20130909;000000;3.55;3.6;3.49;3.5176;1227000;4312629.2
NMTP;D;20130910;000000;3.5496;3.6017;3.5485;3.56;788000;2805805.5
NMTP;D;20130911;000000;3.57;3.59;3.4875;3.5713;325000;1150450.4
NMTP;D;20130912;000000;3.57;3.6095;3.47;3.5701;3001000;10775813.4
NMTP;D;20130913;000000;3.58;3.6055;3.3664;3.4137;798000;2814051.9
NMTP;D;20130916;000000;2.9504;3.5096;2.9504;3.5;9791000;33771563.8
NMTP;D;20130917;000000;3.51;3.5248;3.45;3.5229;297000;1034222.4
NMTP;D;20130918;000000;3.5099;3.573;3.4514;3.478;2206000;7744754.6
NMTP;D;20130919;000000;3.4859;3.5132;3.35;3.4538;1938000;6724680.7
NMTP;D;20130920;000000;3.45;3.5;3.3901;3.4169;972000;3368034.6
NMTP;D;20130923;000000;3.4199;3.4475;3.37;3.4;457000;1553724.5
NMTP;D;20130924;000000;3.409;3.5291;3.28;3.5291;7834000;26984491
NMTP;D;20130925;000000;3.5;3.5345;3.45;3.4997;6189000;21625466.5
NMTP;D;20130926;000000;3.4968;3.5;3.4782;3.5;1667000;5814888.3
NMTP;D;20130927;000000;3.505;3.5052;3.465;3.4898;840000;2922416.6
NMTP;D;20130930;000000;3.495;3.501;3.4784;3.4784;424000;1476262.7
NMTP;D;20131001;000000;3.4901;3.5;3.4491;3.4802;426000;1479626.5
NMTP;D;20131002;000000;3.4872;3.5777;3.411;3.4699;1998000;7006033.1
NMTP;D;20131003;000000;3.4552;3.4995;3.4215;3.47;512000;1779045.8
NMTP;D;20131004;000000;3.4701;3.4939;3.4577;3.47;405000;1404619.1
NMTP;D;20131007;000000;3.4557;3.4797;3.4362;3.4687;605000;2086946.7
NMTP;D;20131008;000000;3.4697;3.5187;3.4674;3.4944;1136000;3964238.3
NMTP;D;20131009;000000;3.4999;3.5;3.4811;3.499;920000;3213557.9
NMTP;D;20131010;000000;3.5074;3.6;3.5;3.5999;3202000;11335941.2
NMTP;D;20131011;000000;3.615;3.661;3.39;3.433;5668000;19386887.7
NMTP;D;20131014;000000;3.4202;3.4299;3.2878;3.3;2159000;7196211.4
NMTP;D;20131015;000000;3.3591;3.3591;3.2504;3.35;1931000;6423334.6
NMTP;D;20131016;000000;3.3102;3.4848;3.31;3.4798;1925000;6586928.4
NMTP;D;20131017;000000;3.405;3.45;3.3512;3.3686;1077000;3642301.3
NMTP;D;20131018;000000;3.375;3.55;3.355;3.55;4198000;14609798.3
NMTP;D;20131021;000000;3.5748;3.5788;3.462;3.49;1679000;5862614.4
NMTP;D;20131022;000000;3.49;3.5;3.4404;3.47;1509000;5235464.3
NMTP;D;20131023;000000;3.4521;3.4922;3.451;3.4759;425000;1473639.9
NMTP;D;20131024;000000;3.48;3.54;3.4732;3.5201;947000;3310092.2
NMTP;D;20131025;000000;3.535;3.5529;3.4997;3.52;670000;2353171.2
NMTP;D;20131028;000000;3.5526;3.59;3.507;3.5238;1004000;3540348
NMTP;D;20131029;000000;3.52;3.598;3.5054;3.575;611000;2174155
NMTP;D;20131030;000000;3.575;3.5816;3.5;3.5399;2745000;9684782.7
NMTP;D;20131031;000000;3.53;3.5301;3.4904;3.4911;724000;2539829.6
NMTP;D;20131101;000000;3.4999;3.509;3.4104;3.4106;637000;2194440.7
NMTP;D;20131105;000000;3.42;3.42;3.35;3.35;1632000;5526498.9
NMTP;D;20131106;000000;3.3501;3.375;3.33;3.3301;1081000;3607425.9
NMTP;D;20131107;000000;3.3399;3.4;3.3;3.3964;485000;1620249.1
NMTP;D;20131108;000000;3.385;3.385;3.3002;3.335;318000;1056227.4
NMTP;D;20131111;000000;3.345;3.364;3.3;3.3005;501000;1655677.5
NMTP;D;20131112;000000;3.3125;3.356;3.2999;3.356;1108000;3693767.4
NMTP;D;20131113;000000;3.3213;3.3487;3.2806;3.2966;1326000;4386410
NMTP;D;20131114;000000;3.3;3.3998;3.2868;3.3998;1010000;3385753
NMTP;D;20131115;000000;3.385;3.4;3.345;3.345;3010000;10107108.5
NMTP;D;20131118;000000;3.3645;3.3805;3.2802;3.3014;1711000;5666351.9
NMTP;D;20131119;000000;3.315;3.3446;3.2902;3.3446;134000;444993
NMTP;D;20131120;000000;3.325;3.325;3.2017;3.2701;699000;2274599.3
NMTP;D;20131121;000000;3.2358;3.2358;3.11;3.1974;808000;2553504.8
NMTP;D;20131122;000000;3.14;3.189;3.0047;3.022;2833000;8777806.2
NMTP;D;20131125;000000;3.04;3.0996;3.005;3.005;2320000;7010603.5
NMTP;D;20131126;000000;3.025;3.0475;2.98;3.0181;1765000;5304862.4
NMTP;D;20131127;000000;3.01;3.0949;3.01;3.027;382000;1162430.7
NMTP;D;20131128;000000;3.04;3.1879;3.0241;3.1775;425000;1318526.9
NMTP;D;20131129;000000;3.14;3.14;2.9825;3.0049;943000;2861623.3
NMTP;D;20131202;000000;3.01;3.1104;2.905;3.065;1364000;4130696.2
NMTP;D;20131203;000000;3.045;3.06;2.851;2.89;4162000;12247641.1
NMTP;D;20131204;000000;2.8675;2.9201;2.84;2.84;1873000;5404636.1
NMTP;D;20131205;000000;2.8449;2.8632;2.726;2.733;2951000;8165576.9
NMTP;D;20131206;000000;2.733;2.94;2.733;2.885;4267000;12361140.1
NMTP;D;20131209;000000;2.9099;2.9218;2.85;2.8601;762000;2204031.5
NMTP;D;20131210;000000;2.87;2.9084;2.8505;2.8509;503000;1446067.8
NMTP;D;20131211;000000;2.865;2.8856;2.8;2.81;951000;2698007.2
NMTP;D;20131212;000000;2.8199;2.8199;2.751;2.76;535000;1478030.9
NMTP;D;20131213;000000;2.7601;2.836;2.7601;2.836;75000;210381
NMTP;D;20131216;000000;2.81;2.89;2.79;2.79;2802000;8008127.9
NMTP;D;20131217;000000;2.835;2.8659;2.785;2.8437;1306000;3674518.4
NMTP;D;20131218;000000;2.855;2.8897;2.8026;2.85;1287000;3656009.1
NMTP;D;20131219;000000;2.85;2.973;2.8475;2.973;12264000;35584557.3
NMTP;D;20131220;000000;2.9985;3.06;2.7602;2.84;18410000;54515533.3
NMTP;D;20131223;000000;2.8051;2.89;2.8049;2.8425;1150000;3273404.9
NMTP;D;20131224;000000;2.8185;2.8887;2.8185;2.8665;996000;2831922
NMTP;D;20131225;000000;2.8552;2.9201;2.8466;2.881;1151000;3303379.6
NMTP;D;20131226;000000;2.8969;3.07;2.8969;3;3808000;11388919.7
NMTP;D;20131227;000000;3.002;3.002;2.9252;2.9338;267000;792865.3
NMTP;D;20131230;000000;2.9339;2.9498;2.8051;2.83;3951000;11265111.8
NMTP;D;20140106;000000;2.8003;2.875;2.76;2.7601;786000;2191825.7
NMTP;D;20140108;000000;2.7888;2.8196;2.75;2.7875;590000;1636637.9
NMTP;D;20140109;000000;2.794;2.815;2.755;2.7569;596000;1649247.2
NMTP;D;20140110;000000;2.7562;2.8888;2.7276;2.88;905000;2562347
NMTP;D;20140113;000000;2.86;2.9425;2.8262;2.8497;787000;2266891
NMTP;D;20140114;000000;2.84;2.885;2.77;2.8799;338000;953973.8
NMTP;D;20140115;000000;2.8799;2.9098;2.8305;2.8725;502000;1448525.8
NMTP;D;20140116;000000;2.8724;2.8985;2.7821;2.79;816000;2316694.2
NMTP;D;20140117;000000;2.7901;2.8575;2.7652;2.85;2597000;7313048
NMTP;D;20140120;000000;2.8498;2.8751;2.7905;2.84;1828000;5194683.2
NMTP;D;20140121;000000;2.85;2.8646;2.7912;2.8394;728000;2057547.6
NMTP;D;20140122;000000;2.8396;2.8499;2.7697;2.7997;1205000;3373935.9
NMTP;D;20140123;000000;2.7861;2.8229;2.76;2.76;600000;1667000.2
NMTP;D;20140124;000000;2.7567;2.7978;2.7546;2.7799;234000;650147.1
NMTP;D;20140127;000000;2.77;2.8399;2.77;2.7902;1037000;2917044.2
NMTP;D;20140128;000000;2.79;2.8697;2.788;2.8527;1402000;3950085.7
NMTP;D;20140129;000000;2.859;2.9177;2.8116;2.8116;2901000;8348365
NMTP;D;20140130;000000;2.84;2.8756;2.8;2.8425;648000;1834331.1
NMTP;D;20140131;000000;2.8374;2.8675;2.7905;2.8331;1099000;3106177
NMTP;D;20140203;000000;2.8425;2.8599;2.765;2.7681;988000;2765729.8
NMTP;D;20140204;000000;2.7654;2.7831;2.75;2.7776;724000;1995228.2
NMTP;D;20140205;000000;2.7605;2.77;2.7301;2.754;1216000;3335589.9
NMTP;D;20140206;000000;2.741;2.7688;2.7153;2.75;1030000;2826985.9
NMTP;D;20140207;000000;2.7425;2.8244;2.726;2.824;4432000;12309100.4
NMTP;D;20140210;000000;2.8199;2.8725;2.8103;2.8256;607000;1726479.8
NMTP;D;20140211;000000;2.8206;2.8463;2.805;2.84;286000;810498.4
NMTP;D;20140212;000000;2.8435;2.8697;2.8351;2.865;274000;781958.1
NMTP;D;20140213;000000;2.8667;2.8667;2.77;2.771;458000;1280417.1
NMTP;D;20140214;000000;2.785;2.8498;2.78;2.8101;285000;803146.4
NMTP;D;20140217;000000;2.8334;2.8599;2.8111;2.8226;234000;663207.9
NMTP;D;20140218;000000;2.8299;2.8586;2.775;2.7752;598000;1676104.9
NMTP;D;20140219;000000;2.789;2.8006;2.75;2.7722;897000;2486361.6
NMTP;D;20140220;000000;2.783;2.8;2.7528;2.7901;287000;800197.2
NMTP;D;20140221;000000;2.7901;2.8095;2.779;2.7819;37000;103252.8
NMTP;D;20140224;000000;2.7975;2.7975;2.7712;2.7715;11000;30615.9
NMTP;D;20140225;000000;2.7899;2.7899;2.774;2.775;7000;19476.2
NMTP;D;20140226;000000;2.7898;2.7991;2.7898;2.7911;340000;948725
NMTP;D;20140227;000000;2.7801;2.7801;2.745;2.773;387000;1066453.5
NMTP;D;20140228;000000;2.763;2.763;2.75;2.7501;701000;1928582.9
NMTP;D;20140303;000000;2.7126;2.7126;2.22;2.3199;2518000;6103775.4
NMTP;D;20140304;000000;2.3499;2.389;2.2502;2.2605;1939000;4418952.8
NMTP;D;20140305;000000;2.2602;2.3402;2.1753;2.2169;1697000;3784441.2
NMTP;D;20140306;000000;2.228;2.2799;2.1499;2.1987;552000;1227928.1
NMTP;D;20140307;000000;2.19;2.2498;2.19;2.2211;186000;413262.3
NMTP;D;20140311;000000;2.2135;2.24;2.0969;2.1199;715000;1529931.7
NMTP;D;20140312;000000;2.0604;2.0909;1.9001;2;2791000;5609675.3
NMTP;D;20140313;000000;2;2.0977;1.945;1.985;828000;1659148.1
NMTP;D;20140314;000000;1.9499;1.9499;1.8236;1.8501;733000;1370712.5
NMTP;D;20140317;000000;1.9139;1.9388;1.8602;1.92;1131000;2136921.4
NMTP;D;20140318;000000;1.91;2.1675;1.9012;2.1675;1564000;3173078.9
NMTP;D;20140319;000000;2.1301;2.2201;2.1011;2.199;430000;925668.5
NMTP;D;20140320;000000;2.1735;2.1955;2.1207;2.1955;273000;590557.2
NMTP;D;20140321;000000;2.1567;2.2192;2.1;2.1212;914000;1944796.4
NMTP;D;20140324;000000;2.15;2.243;2.1345;2.1892;639000;1390230.4
NMTP;D;20140325;000000;2.1614;2.1993;2.124;2.1986;440000;953452.2
NMTP;D;20140326;000000;2.2093;2.2373;2.16;2.2225;792000;1741793.3
NMTP;D;20140327;000000;2.237;2.38;2.237;2.3477;1397000;3249632.9
NMTP;D;20140328;000000;2.3706;2.3841;2.3003;2.3287;451000;1054783.4
NMTP;D;20140331;000000;2.3295;2.3399;2.2703;2.3399;305000;704666.3
NMTP;D;20140401;000000;2.3352;2.3352;2.28;2.2848;389000;899280.1
NMTP;D;20140402;000000;2.2796;2.2995;2.2655;2.272;206000;468560.9
NMTP;D;20140403;000000;2.2795;2.2945;2.25;2.25;148000;335540.1
NMTP;D;20140404;000000;2.2503;2.2998;2.225;2.2998;103000;232297.5
NMTP;D;20140407;000000;2.2609;2.28;2.21;2.21;178000;396687.6
NMTP;D;20140408;000000;2.21;2.2449;2.1334;2.2236;163000;356748.5
NMTP;D;20140409;000000;2.23;2.265;2.2019;2.265;140000;314062.3
NMTP;D;20140410;000000;2.265;2.285;2.1602;2.2478;1053000;2334827.5
NMTP;D;20140411;000000;2.2151;2.2151;2.19;2.2098;669000;1474839.5
NMTP;D;20140414;000000;2.1997;2.2;2.1615;2.1884;220000;479133.2
NMTP;D;20140415;000000;2.1776;2.1899;2.1351;2.136;241000;519258.4
NMTP;D;20140416;000000;2.1395;2.1966;2.1201;2.1946;432000;933499.3
NMTP;D;20140417;000000;2.1755;2.201;2.1755;2.2;20000;43973.7
NMTP;D;20140418;000000;2.285;2.4492;2.285;2.43;1596000;3826983
NMTP;D;20140421;000000;2.45;2.45;2.35;2.44;341000;820410.4
NMTP;D;20140422;000000;2.4201;2.4201;2.34;2.34;544000;1285660.1
NMTP;D;20140423;000000;2.3318;2.41;2.2504;2.3999;1808000;4156541.9
NMTP;D;20140424;000000;2.36;2.374;2.2505;2.2599;288000;663987.5
NMTP;D;20140425;000000;2.2403;2.45;2.2221;2.405;1726000;4097145.1
NMTP;D;20140428;000000;2.3879;2.43;2.3683;2.42;3277000;7920353.4
NMTP;D;20140429;000000;2.46;2.46;2.41;2.4199;113000;273258.9
NMTP;D;20140430;000000;2.4102;2.4234;2.4102;2.4103;30000;72427.6
NMTP;D;20140502;000000;2.4057;2.4097;2.375;2.3951;15000;35918.8
NMTP;D;20140505;000000;2.3901;2.3937;2.365;2.3747;20000;47621.1
NMTP;D;20140506;000000;2.3811;2.4107;2.3424;2.4093;195000;466920.3
NMTP;D;20140507;000000;2.385;2.4;2.3429;2.4;509000;1216568.1
NMTP;D;20140508;000000;2.3856;2.3999;2.375;2.3923;95000;226248.5
NMTP;D;20140512;000000;2.3774;2.4;2.3774;2.395;934000;2224995.8
NMTP;D;20140513;000000;2.42;2.476;2.4198;2.476;1211000;2948321.4
NMTP;D;20140514;000000;2.4603;2.4999;2.44;2.4869;5743000;14249798.1
NMTP;D;20140515;000000;2.4935;2.52;2.415;2.422;227000;556322.6
NMTP;D;20140516;000000;2.4345;2.4345;2.41;2.4149;34000;82303.7
NMTP;D;20140519;000000;2.4176;2.4178;2.39;2.39;223000;534287.6
NMTP;D;20140520;000000;2.3899;2.39;2.37;2.3769;546000;1296550.5
NMTP;D;20140521;000000;2.3764;2.3764;2.351;2.3697;185000;436822.7
NMTP;D;20140522;000000;2.3601;2.3746;2.345;2.3577;246000;578669.5
NMTP;D;20140523;000000;2.37;2.37;2.3522;2.355;192000;452361.2
NMTP;D;20140526;000000;2.355;2.36;2.355;2.36;42000;99079.9
NMTP;D;20140527;000000;2.3699;2.3847;2.3354;2.35;95000;222879.4
NMTP;D;20140528;000000;2.3498;2.3548;2.3225;2.3502;66000;154608.7
NMTP;D;20140529;000000;2.3748;2.4399;2.3507;2.3562;59000;139399.5
NMTP;D;20140530;000000;2.365;2.365;2.3552;2.3609;31000;73110.3
NMTP;D;20140602;000000;2.3555;2.3699;2.352;2.3555;205000;484269.3
NMTP;D;20140603;000000;2.3498;2.3498;2.3006;2.3226;118000;273972.4
NMTP;D;20140604;000000;2.3225;2.3225;2.022;2.23;1378000;3017191.6
NMTP;D;20140605;000000;2.229;2.2896;2.19;2.1998;511000;1142693.1
NMTP;D;20140606;000000;2.21;2.2334;2.1891;2.2253;246000;544419
NMTP;D;20140609;000000;2.21;2.26;2.2001;2.26;995000;2234452.3
NMTP;D;20140610;000000;2.35;2.35;2.2001;2.216;269000;598071.9
NMTP;D;20140611;000000;2.2084;2.2447;2.2084;2.2301;497000;1109973.7
NMTP;D;20140616;000000;2.2275;2.43;2.2001;2.3299;2702000;6334090
NMTP;D;20140617;000000;2.3;2.4296;2.2801;2.42;1723000;4087074.8
NMTP;D;20140618;000000;2.4;2.4099;2.3404;2.36;901000;2137231.1
NMTP;D;20140619;000000;2.3816;2.3816;2.3055;2.31;549000;1278556.2
NMTP;D;20140620;000000;2.319;2.33;2.15;2.15;2387000;5446262.7
NMTP;D;20140623;000000;2.15;2.24;2.1499;2.2002;1312000;2882730.2
NMTP;D;20140624;000000;2.2103;2.2497;2.2001;2.2222;279000;618844.7
NMTP;D;20140625;000000;2.2123;2.2193;2.1857;2.1857;230000;507664.3
NMTP;D;20140626;000000;2.1979;2.21;2.1979;2.205;277000;611656.4
NMTP;D;20140627;000000;2.1998;2.2203;2.1909;2.1909;432000;951631.8
NMTP;D;20140630;000000;2.1909;2.2078;2.1885;2.2078;102000;223956.4
NMTP;D;20140701;000000;2.1952;2.1952;2.1952;2.1952;1000;2195.2
NMTP;D;20140702;000000;2.1951;2.2395;2.1907;2.2395;222000;492592.5
NMTP;D;20140703;000000;2.2349;2.268;2.2349;2.2551;174000;392248.4
NMTP;D;20140704;000000;2.26;2.2612;2.235;2.2493;299000;671911.9
NMTP;D;20140707;000000;2.276;2.276;2.25;2.2501;267000;600886
NMTP;D;20140708;000000;2.2472;2.2684;2.2472;2.26;351000;793090.9
NMTP;D;20140709;000000;2.25;2.3394;2.2305;2.2889;813000;1860833.6
NMTP;D;20140710;000000;2.2987;2.2994;2.22;2.2904;285000;641806.8
NMTP;D;20140711;000000;2.2753;2.2897;2.238;2.241;277000;626056.4
NMTP;D;20140714;000000;2.25;2.2675;2.22;2.22;408000;915360.7
NMTP;D;20140715;000000;2.215;2.2297;2.1744;2.218;237000;525035.8
NMTP;D;20140716;000000;2.2025;2.205;2.1786;2.195;267000;586925.4
NMTP;D;20140717;000000;2.1906;2.2179;2.1732;2.2;135000;296563
NMTP;D;20140718;000000;2.1906;2.1999;2.1793;2.1856;31000;67890.6
NMTP;D;20140721;000000;2.1926;2.1926;2.15;2.1599;382000;828014.4
NMTP;D;20140722;000000;2.165;2.1902;2.133;2.1348;173000;372875.2
NMTP;D;20140723;000000;2.14;2.1649;2.07;2.0938;383000;804445.6
NMTP;D;20140724;000000;2.11;2.135;2.1;2.1;122000;258088.5
NMTP;D;20140725;000000;2.0941;2.147;2.0721;2.104;194000;410855.4
NMTP;D;20140728;000000;2.103;2.11;2.0722;2.0805;147000;306196
NMTP;D;20140729;000000;2.088;2.0984;2.07;2.073;57000;118745.3
NMTP;D;20140730;000000;2.085;2.1023;2.08;2.0801;58000;121231.5
NMTP;D;20140731;000000;2.1;2.1299;2.0925;2.1001;179000;376814.4
NMTP;D;20140801;000000;2.1125;2.1125;2.086;2.0988;95000;199521.1
NMTP;D;20140804;000000;2.1;2.1175;2.0851;2.0975;200000;419635.8
NMTP;D;20140805;000000;2.0938;2.0938;2.0652;2.081;305000;636533.3
NMTP;D;20140806;000000;2.0835;2.0863;2.055;2.0599;543000;1117868
NMTP;D;20140807;000000;2.0596;2.0737;1.9895;2.01;345000;697682.8
NMTP;D;20140808;000000;2.0096;2.0449;1.9889;2.0449;375000;750196.9
NMTP;D;20140811;000000;2.0475;2.068;2.0258;2.048;374000;762123.1
NMTP;D;20140812;000000;2.034;2.045;2.0187;2.0259;98000;198805.5
NMTP;D;20140813;000000;2.03;2.05;2.025;2.0402;88000;179483
NMTP;D;20140814;000000;2.0325;2.0472;2.0278;2.0447;71000;144814.9
NMTP;D;20140815;000000;2.0325;2.0595;1.994;2.0589;291000;595705.3
NMTP;D;20140818;000000;2.0586;2.0586;2.0406;2.0523;58000;118823.8
NMTP;D;20140819;000000;2.0555;2.0634;2.0421;2.0439;49000;100530.6
NMTP;D;20140820;000000;2.0498;2.051;2.045;2.051;83000;170020.1
NMTP;D;20140821;000000;2.0461;2.1;2.0461;2.0757;1300000;2704912.8
NMTP;D;20140822;000000;2.0666;2.09;2.0466;2.0612;439000;905271.5
NMTP;D;20140825;000000;2.077;2.1145;2.0752;2.0799;101000;210340.9
NMTP;D;20140826;000000;2.0729;2.0729;2.0305;2.033;160000;329421
NMTP;D;20140827;000000;2.0465;2.0639;2.029;2.05;177000;362187.8
NMTP;D;20140828;000000;2.04;2.0433;1.9898;2.0198;380000;763042.6
NMTP;D;20140829;000000;2.0135;2.0135;1.9923;2.0012;67000;134124.4
NMTP;D;20140901;000000;2.002;2.03;1.9953;2.009;209000;421057.9
NMTP;D;20140902;000000;2.0011;2.054;2.0006;2.054;169000;344330
NMTP;D;20140903;000000;2.05;2.0729;2.05;2.06;269000;554149.8
NMTP;D;20140904;000000;2.0602;2.0727;2.055;2.0552;319000;657665.3
NMTP;D;20140905;000000;2.0552;2.0625;2.0353;2.0375;105000;214765
NMTP;D;20140908;000000;2.0306;2.0306;2.0107;2.0299;46000;93237.1
NMTP;D;20140909;000000;2.0265;2.0547;2.0251;2.0364;153000;311735.7
NMTP;D;20140910;000000;2.034;2.034;2.0007;2.006;725000;1455371.9
NMTP;D;20140911;000000;2.0135;2.0135;1.97;1.9802;1322000;2624198.8
NMTP;D;20140912;000000;1.9706;2.0052;1.9705;1.9801;499000;992772.5
NMTP;D;20140915;000000;1.9897;1.9898;1.911;1.9252;665000;1285711
NMTP;D;20140916;000000;1.9389;1.9599;1.908;1.91;803000;1544192.6
NMTP;D;20140917;000000;1.8991;1.9124;1.852;1.89;353000;664837
NMTP;D;20140918;000000;1.8998;1.919;1.8807;1.907;173000;330138.4
NMTP;D;20140919;000000;1.8805;1.8962;1.8527;1.87;753000;1405379
NMTP;D;20140922;000000;1.8602;1.8638;1.8005;1.8088;594000;1086514.3
NMTP;D;20140923;000000;1.8199;1.8199;1.7999;1.8178;305000;551614.1
NMTP;D;20140924;000000;1.8178;1.8456;1.7771;1.78;1206000;2173016.2
NMTP;D;20140925;000000;1.7874;1.7874;1.7345;1.739;1323000;2307607
NMTP;D;20140926;000000;1.7417;1.7417;1.679;1.6811;1055000;1782035
NMTP;D;20140929;000000;1.6945;1.7064;1.612;1.63;3746000;6176282.1
NMTP;D;20140930;000000;1.6337;1.6534;1.61;1.613;267000;433424.6
NMTP;D;20141001;000000;1.61;1.68;1.61;1.67;2067000;3396900
NMTP;D;20141002;000000;1.68;1.7;1.62;1.675;878000;1456445
NMTP;D;20141003;000000;1.68;1.69;1.65;1.665;371000;616860
NMTP;D;20141006;000000;1.68;1.71;1.68;1.68;235000;397320
NMTP;D;20141007;000000;1.685;1.685;1.645;1.65;197000;325450
NMTP;D;20141008;000000;1.64;1.65;1.59;1.65;290000;472095
NMTP;D;20141009;000000;1.64;1.655;1.615;1.65;1286000;2114485
NMTP;D;20141010;000000;1.635;1.695;1.625;1.655;261000;435215
NMTP;D;20141013;000000;1.665;1.68;1.64;1.64;85000;140895
NMTP;D;20141014;000000;1.64;1.645;1.625;1.645;75000;122425
NMTP;D;20141015;000000;1.645;1.66;1.615;1.65;579000;947170
NMTP;D;20141016;000000;1.635;1.635;1.625;1.63;69000;112315
NMTP;D;20141017;000000;1.645;1.68;1.625;1.65;571000;948750
NMTP;D;20141020;000000;1.66;1.66;1.65;1.66;59000;97665
NMTP;D;20141021;000000;1.66;1.67;1.63;1.645;131000;215520
NMTP;D;20141022;000000;1.67;1.68;1.635;1.65;103000;170230
NMTP;D;20141023;000000;1.64;1.64;1.585;1.62;418000;670665
NMTP;D;20141024;000000;1.605;1.605;1.59;1.595;135000;215955
NMTP;D;20141027;000000;1.605;1.61;1.595;1.595;77000;123525
NMTP;D;20141028;000000;1.6;1.615;1.6;1.61;48000;77035
NMTP;D;20141029;000000;1.605;1.605;1.56;1.585;182000;287895
NMTP;D;20141030;000000;1.585;1.615;1.585;1.615;199000;318935
NMTP;D;20141031;000000;1.61;1.615;1.585;1.595;55000;87905
NMTP;D;20141103;000000;1.605;1.615;1.595;1.615;50000;80475
NMTP;D;20141105;000000;1.6;1.615;1.595;1.605;173000;276650
NMTP;D;20141106;000000;1.61;1.665;1.595;1.6;986000;1594930
NMTP;D;20141107;000000;1.6;1.635;1.585;1.635;213000;342620
NMTP;D;20141110;000000;1.655;1.655;1.555;1.595;1058000;1678960
NMTP;D;20141111;000000;1.595;1.625;1.575;1.62;135000;216770
NMTP;D;20141112;000000;1.595;1.62;1.575;1.595;2320000;3708300
NMTP;D;20141113;000000;1.605;1.62;1.58;1.59;8182000;13069325
NMTP;D;20141114;000000;1.59;1.735;1.57;1.71;1519000;2541045
NMTP;D;20141117;000000;1.7;1.78;1.7;1.755;967000;1695875
NMTP;D;20141118;000000;1.76;1.76;1.67;1.7;269000;457785
NMTP;D;20141119;000000;1.71;1.725;1.655;1.68;281000;472020
NMTP;D;20141120;000000;1.685;1.735;1.675;1.7;1829000;3106235
NMTP;D;20141121;000000;1.695;1.7;1.67;1.68;254000;425630
NMTP;D;20141124;000000;1.7;1.7;1.675;1.68;164000;278160
NMTP;D;20141125;000000;1.68;1.7;1.68;1.7;287000;487315
NMTP;D;20141126;000000;1.685;1.705;1.675;1.685;185000;312905
NMTP;D;20141127;000000;1.685;1.7;1.67;1.685;93000;156310
NMTP;D;20141128;000000;1.665;1.67;1.63;1.645;145000;239080
NMTP;D;20141201;000000;1.63;1.68;1.625;1.63;418000;687335
NMTP;D;20141202;000000;1.7;1.7;1.33;1.37;10395000;14755940
NMTP;D;20141203;000000;1.395;1.44;1.35;1.39;2031000;2850650
NMTP;D;20141204;000000;1.405;1.55;1.39;1.42;1838000;2711775
NMTP;D;20141205;000000;1.43;1.51;1.39;1.42;746000;1081165
NMTP;D;20141208;000000;1.42;1.435;1.35;1.36;400000;554810
NMTP;D;20141209;000000;1.385;1.445;1.3;1.395;1488000;2044270
NMTP;D;20141210;000000;1.41;1.41;1.37;1.375;166000;229530
NMTP;D;20141211;000000;1.375;1.42;1.365;1.42;724000;1007555
NMTP;D;20141212;000000;1.38;1.52;1.28;1.42;1916000;2778990
NMTP;D;20141215;000000;1.45;1.55;1.365;1.435;1777000;2626105
NMTP;D;20141216;000000;1.465;1.465;1.32;1.37;632000;873720
NMTP;D;20141217;000000;1.41;1.44;1.155;1.305;2016000;2718995
NMTP;D;20141218;000000;1.32;1.38;1.27;1.325;1180000;1565100
NMTP;D;20141219;000000;1.35;1.43;1.33;1.375;1544000;2143800
NMTP;D;20141222;000000;1.395;1.4;1.3;1.35;9834000;13273305
NMTP;D;20141223;000000;1.365;1.365;1.275;1.3;1127000;1467230
NMTP;D;20141224;000000;1.305;1.31;1.23;1.265;1724000;2200515
NMTP;D;20141225;000000;1.25;1.29;1.195;1.235;2632000;3222795
NMTP;D;20141226;000000;1.23;1.25;1.175;1.195;1078000;1289955
NMTP;D;20141229;000000;1.2;1.22;1.13;1.155;5595000;6483975
NMTP;D;20141230;000000;1.245;1.245;1.09;1.16;2165000;2435300
NMTP;D;20150105;000000;1.18;1.25;1.105;1.225;486000;585130
NMTP;D;20150106;000000;1.21;1.22;1.17;1.205;455000;544070
NMTP;D;20150108;000000;1.22;1.31;1.195;1.28;994000;1251385
NMTP;D;20150109;000000;1.28;1.33;1.265;1.33;1040000;1350380
NMTP;D;20150112;000000;1.325;1.34;1.24;1.275;913000;1161755
NMTP;D;20150113;000000;1.28;1.3;1.25;1.26;486000;620020
NMTP;D;20150114;000000;1.26;1.265;1.23;1.25;1018000;1266670
NMTP;D;20150115;000000;1.25;1.265;1.225;1.24;675000;841225
NMTP;D;20150116;000000;1.235;1.285;1.23;1.24;796000;997465
NMTP;D;20150119;000000;1.225;1.28;1.225;1.245;419000;522780
NMTP;D;20150120;000000;1.25;1.26;1.225;1.24;1360000;1679415
NMTP;D;20150121;000000;1.245;1.28;1.2;1.23;1277000;1566670
NMTP;D;20150122;000000;1.24;1.27;1.2;1.255;1292000;1595860
NMTP;D;20150123;000000;1.26;1.28;1.22;1.24;1456000;1823630
NMTP;D;20150126;000000;1.24;1.26;1.22;1.245;402000;496540
NMTP;D;20150127;000000;1.225;1.255;1.22;1.23;1125000;1386770
NMTP;D;20150128;000000;1.235;1.26;1.2;1.23;1536000;1872935
NMTP;D;20150129;000000;1.23;1.23;1.215;1.225;154000;188410
NMTP;D;20150130;000000;1.22;1.27;1.205;1.25;1630000;2014985
NMTP;D;20150202;000000;1.335;1.335;1.24;1.245;908000;1139640
NMTP;D;20150203;000000;1.205;1.28;1.205;1.255;2466000;3104060
NMTP;D;20150204;000000;1.255;1.45;1.245;1.395;4943000;6703690
NMTP;D;20150205;000000;1.385;1.555;1.385;1.49;4083000;6167970
NMTP;D;20150206;000000;1.495;1.57;1.49;1.515;2849000;4365145
NMTP;D;20150209;000000;1.49;1.58;1.435;1.555;2152000;3236275
NMTP;D;20150210;000000;1.545;1.67;1.545;1.665;2492000;4064615
NMTP;D;20150211;000000;1.67;1.75;1.605;1.7;2313000;3946160
NMTP;D;20150212;000000;1.7;1.72;1.62;1.65;1542000;2567325
NMTP;D;20150213;000000;1.665;1.675;1.51;1.6;1650000;2610255
NMTP;D;20150216;000000;1.635;1.66;1.505;1.53;1582000;2461990
NMTP;D;20150217;000000;1.515;1.64;1.5;1.57;1207000;1869520
NMTP;D;20150218;000000;1.57;1.615;1.57;1.585;360000;575210
NMTP;D;20150219;000000;1.595;1.595;1.54;1.57;398000;624615
NMTP;D;20150220;000000;1.555;1.615;1.54;1.605;1555000;2482465
NMTP;D;20150224;000000;1.58;1.64;1.58;1.64;388000;629885
NMTP;D;20150225;000000;1.64;1.64;1.58;1.615;313000;501640
NMTP;D;20150226;000000;1.6;1.66;1.6;1.625;382000;627335
NMTP;D;20150227;000000;1.615;1.625;1.575;1.59;783000;1248140
NMTP;D;20150302;000000;1.62;1.71;1.62;1.67;710000;1177410
NMTP;D;20150303;000000;1.705;1.72;1.675;1.695;823000;1397340
NMTP;D;20150304;000000;1.705;1.71;1.635;1.655;862000;1444685
NMTP;D;20150305;000000;1.68;1.68;1.56;1.585;969000;1568530
NMTP;D;20150306;000000;1.6;1.64;1.565;1.565;707000;1133700
NMTP;D;20150310;000000;1.565;1.585;1.495;1.5;1188000;1814650
NMTP;D;20150311;000000;1.52;1.54;1.485;1.525;580000;879195
NMTP;D;20150312;000000;1.5;1.6;1.495;1.59;989000;1552515
NMTP;D;20150313;000000;1.6;1.6;1.51;1.51;720000;1108930
NMTP;D;20150316;000000;1.5;1.54;1.47;1.485;1393000;2084845
NMTP;D;20150317;000000;1.51;1.515;1.45;1.45;634000;930505
NMTP;D;20150318;000000;1.475;1.5;1.45;1.475;1786000;2624595
NMTP;D;20150319;000000;1.49;1.51;1.45;1.45;1887000;2771580
NMTP;D;20150320;000000;1.46;1.48;1.445;1.455;254000;370825
NMTP;D;20150323;000000;1.46;1.48;1.425;1.435;411000;595635
NMTP;D;20150324;000000;1.44;1.47;1.425;1.44;438000;630780
NMTP;D;20150325;000000;1.44;1.465;1.41;1.415;1307000;1864105
NMTP;D;20150326;000000;1.425;1.435;1.41;1.41;940000;1343585
NMTP;D;20150327;000000;1.44;1.445;1.41;1.41;490000;700915
NMTP;D;20150330;000000;1.435;1.47;1.435;1.445;1030000;1491370
NMTP;D;20150331;000000;1.435;1.44;1.405;1.41;588000;833930
NMTP;D;20150401;000000;1.42;1.44;1.375;1.42;1148000;1620600
NMTP;D;20150402;000000;1.44;1.48;1.425;1.465;8502000;12382535
NMTP;D;20150403;000000;1.475;1.595;1.47;1.54;1337000;2038455
NMTP;D;20150406;000000;1.51;1.57;1.49;1.515;656000;993935
NMTP;D;20150407;000000;1.51;1.535;1.505;1.535;516000;784905
NMTP;D;20150408;000000;1.535;1.54;1.495;1.515;470000;715035
NMTP;D;20150409;000000;1.475;1.51;1.475;1.495;329000;490860
NMTP;D;20150410;000000;1.5;1.5;1.47;1.49;523000;772835
NMTP;D;20150413;000000;1.495;1.53;1.48;1.495;143000;214155
NMTP;D;20150414;000000;1.49;1.49;1.425;1.435;600000;872865
NMTP;D;20150415;000000;1.45;1.47;1.43;1.45;294000;426915
NMTP;D;20150416;000000;1.455;1.47;1.45;1.465;624000;911915
NMTP;D;20150417;000000;1.475;1.545;1.47;1.505;2418000;3666520
NMTP;D;20150420;000000;1.545;1.545;1.475;1.48;722000;1079985
NMTP;D;20150421;000000;1.48;1.515;1.455;1.515;2058000;3038070
NMTP;D;20150422;000000;1.49;1.53;1.46;1.46;3602000;5407110
NMTP;D;20150423;000000;1.46;1.46;1.4;1.445;1519000;2164545
NMTP;D;20150424;000000;1.485;1.485;1.425;1.45;388000;561125
NMTP;D;20150427;000000;1.45;1.455;1.43;1.44;413000;598530
NMTP;D;20150428;000000;1.455;1.5;1.44;1.445;1093000;1608845
NMTP;D;20150429;000000;1.43;1.45;1.425;1.435;388000;555835
NMTP;D;20150430;000000;1.42;1.44;1.405;1.425;903000;1273990
NMTP;D;20150505;000000;1.43;1.475;1.43;1.44;742000;1071685
NMTP;D;20150506;000000;1.455;1.465;1.405;1.42;1389000;1972305
NMTP;D;20150507;000000;1.415;1.44;1.415;1.43;331000;471705
NMTP;D;20150508;000000;1.41;1.44;1.4;1.405;697000;980480
NMTP;D;20150512;000000;1.41;1.435;1.4;1.415;729000;1031310
NMTP;D;20150513;000000;1.52;1.63;1.49;1.535;58555000;89908310
NMTP;D;20150514;000000;1.545;1.55;1.5;1.53;10350000;15757410
NMTP;D;20150515;000000;1.55;1.55;1.505;1.535;26423000;40555365
NMTP;D;20150518;000000;1.545;1.58;1.54;1.56;25687000;39819755
NMTP;D;20150519;000000;1.56;1.7;1.55;1.695;22975000;36612155
NMTP;D;20150520;000000;1.7;2;1.665;1.83;32595000;59809545
NMTP;D;20150521;000000;1.815;1.9;1.73;1.86;6838000;12620505
NMTP;D;20150522;000000;1.83;1.85;1.79;1.8;7224000;13150565
NMTP;D;20150525;000000;1.8;1.9;1.8;1.835;3693000;6827225
NMTP;D;20150526;000000;1.82;1.825;1.7;1.75;9296000;16415520
NMTP;D;20150527;000000;1.75;2.095;1.71;1.84;19000000;34420540
NMTP;D;20150528;000000;1.86;1.86;1.765;1.82;3015000;5442890
NMTP;D;20150529;000000;1.81;1.82;1.77;1.775;3192000;5733630
NMTP;D;20150601;000000;1.78;1.79;1.69;1.69;7439000;12792420
NMTP;D;20150602;000000;1.7;1.73;1.65;1.73;2007000;3359250
NMTP;D;20150603;000000;1.73;1.79;1.7;1.74;1595000;2767235
NMTP;D;20150604;000000;1.745;1.79;1.7;1.75;858000;1503245
NMTP;D;20150605;000000;1.73;1.775;1.73;1.745;1539000;2670935
NMTP;D;20150608;000000;1.73;1.82;1.73;1.79;3401000;6089525
NMTP;D;20150609;000000;1.795;1.82;1.75;1.8;1690000;3030260
NMTP;D;20150610;000000;1.795;1.81;1.77;1.8;1031000;1855115
NMTP;D;20150611;000000;1.795;1.87;1.775;1.83;2223000;4097375
NMTP;D;20150615;000000;1.825;1.88;1.735;1.805;3342000;6002065
NMTP;D;20150616;000000;1.815;1.82;1.78;1.805;6606000;11893025
NMTP;D;20150617;000000;1.8;1.81;1.785;1.8;2286000;4114850
NMTP;D;20150618;000000;1.8;1.805;1.79;1.795;4364000;7854530
NMTP;D;20150619;000000;1.795;1.8;1.77;1.8;5358000;9632485
NMTP;D;20150622;000000;1.8;1.815;1.79;1.815;5559000;10003795
NMTP;D;20150623;000000;1.815;1.87;1.8;1.85;2204000;4058345
NMTP;D;20150624;000000;1.875;1.925;1.845;1.9;4200000;7894410
NMTP;D;20150625;000000;1.895;1.95;1.86;1.86;3955000;7517660
NMTP;D;20150626;000000;1.85;1.915;1.85;1.895;1607000;3042355
NMTP;D;20150629;000000;1.87;1.885;1.845;1.875;1156000;2165035
NMTP;D;20150630;000000;1.87;1.94;1.855;1.92;2713000;5151600
NMTP;D;20150701;000000;1.915;1.915;1.875;1.9;1360000;2578760
NMTP;D;20150702;000000;1.91;1.99;1.9;1.98;3747000;7222805
NMTP;D;20150703;000000;2;2.02;1.96;1.97;1556000;3079135
NMTP;D;20150706;000000;1.99;2.005;1.92;1.95;2059000;3997090
NMTP;D;20150707;000000;1.985;1.985;1.915;1.95;2657000;5142035
NMTP;D;20150708;000000;1.95;1.97;1.895;1.95;5599000;10787315
NMTP;D;20150709;000000;1.95;1.955;1.9;1.9;6252000;12010075
NMTP;D;20150710;000000;1.715;1.795;1.6;1.76;12190000;21061190
NMTP;D;20150713;000000;1.75;1.8;1.75;1.78;2298000;4102715
NMTP;D;20150714;000000;1.78;1.875;1.74;1.86;5274000;9687795
NMTP;D;20150715;000000;1.865;1.885;1.86;1.88;4229000;7911415
NMTP;D;20150716;000000;1.87;1.915;1.87;1.905;2013000;3812725
NMTP;D;20150717;000000;1.905;1.915;1.885;1.9;529000;1005825
NMTP;D;20150720;000000;1.9;1.985;1.9;1.94;1867000;3614305
NMTP;D;20150721;000000;1.945;2.095;1.94;2.02;5148000;10408255
NMTP;D;20150722;000000;2.02;2.14;2.01;2.12;8251000;17166100
NMTP;D;20150723;000000;2.12;2.14;2.08;2.115;1419000;2974520
NMTP;D;20150724;000000;2.14;2.19;2.09;2.155;2577000;5456290
NMTP;D;20150727;000000;2.16;2.19;2.085;2.12;3625000;7632480
NMTP;D;20150728;000000;2.12;2.15;2.085;2.125;1020000;2150370
NMTP;D;20150729;000000;2.15;2.195;2.105;2.19;1096000;2381990
NMTP;D;20150730;000000;2.2;2.34;2.2;2.285;1507000;3414980
NMTP;D;20150731;000000;2.3;2.345;2.18;2.21;1855000;4190740
NMTP;D;20150803;000000;2.24;2.275;2;2.22;3621000;7820740
NMTP;D;20150804;000000;2.22;2.395;2.2;2.365;4401000;10158795
NMTP;D;20150805;000000;2.39;2.5;2.34;2.49;4187000;10259615
NMTP;D;20150806;000000;2.495;2.715;2.475;2.695;6975000;18551920
NMTP;D;20150807;000000;2.71;3.19;2.71;3.05;36753000;112473070
NMTP;D;20150810;000000;3.09;3.2;2.735;2.97;6780000;19924850
NMTP;D;20150811;000000;2.98;2.98;2.8;2.8;2703000;7817480
NMTP;D;20150812;000000;2.865;2.865;2.745;2.83;1895000;5283085
NMTP;D;20150813;000000;2.835;3.035;2.805;2.9;2754000;8024295
NMTP;D;20150814;000000;2.9;2.945;2.755;2.845;3584000;10129040
NMTP;D;20150817;000000;2.815;2.835;2.65;2.71;4811000;13116655
NMTP;D;20150818;000000;2.655;2.76;2.64;2.7;2553000;6933430
NMTP;D;20150819;000000;2.695;2.85;2.68;2.755;2370000;6587705
NMTP;D;20150820;000000;2.76;2.85;2.735;2.76;1384000;3855265
NMTP;D;20150821;000000;2.73;2.805;2.67;2.7;1376000;3728850
NMTP;D;20150824;000000;2.65;2.675;2.51;2.62;6249000;16258605
NMTP;D;20150825;000000;2.645;2.68;2.62;2.65;1438000;3811620
NMTP;D;20150826;000000;2.65;2.695;2.65;2.685;460000;1230705
NMTP;D;20150827;000000;2.67;2.75;2.575;2.74;813000;2184175
NMTP;D;20150828;000000;2.73;2.83;2.73;2.81;1691000;4754640
NMTP;D;20150831;000000;2.8;2.94;2.8;2.87;1939000;5567700
NMTP;D;20150901;000000;2.87;2.915;2.815;2.9;3519000;10064670
NMTP;D;20150902;000000;2.89;2.985;2.89;2.975;3029000;8888510
NMTP;D;20150903;000000;2.995;3.085;2.98;3.015;2454000;7449165
NMTP;D;20150904;000000;3.02;3.09;3.005;3.08;1205000;3672285
NMTP;D;20150907;000000;3.07;3.1;3.005;3.055;1326000;4057830
NMTP;D;20150908;000000;3.055;3.235;3.01;3.2;3347000;10394120
NMTP;D;20150909;000000;3.2;3.265;3.105;3.125;911000;2886345
NMTP;D;20150910;000000;3.12;3.12;3.04;3.065;1834000;5625290
NMTP;D;20150911;000000;3.065;3.115;3.065;3.115;202000;623495
NMTP;D;20150914;000000;3.105;3.11;3.05;3.07;1184000;3627165
NMTP;D;20150915;000000;3.085;3.12;3.05;3.05;826000;2543200
NMTP;D;20150916;000000;3.07;3.195;3.05;3.095;1444000;4466740
NMTP;D;20150917;000000;3.09;3.125;3.05;3.075;1054000;3230890
NMTP;D;20150918;000000;3.08;3.08;3.01;3.035;1950000;5942005
NMTP;D;20150921;000000;3.03;3.04;2.965;3.035;942000;2843625
NMTP;D;20150922;000000;3.045;3.055;3.005;3.02;530000;1603075
NMTP;D;20150923;000000;2.99;3.19;2.99;3.025;1242000;3854090
NMTP;D;20150924;000000;3.02;3.04;2.865;2.965;922000;2730825
NMTP;D;20150925;000000;2.95;2.985;2.93;2.955;354000;1046150
NMTP;D;20150928;000000;2.945;3.03;2.945;2.955;1183000;3555520
NMTP;D;20150929;000000;2.94;3.015;2.89;2.975;495000;1463335
NMTP;D;20150930;000000;2.97;3.075;2.95;3.05;1391000;4195400
NMTP;D;20151001;000000;3.04;3.075;3.04;3.05;440000;1342520
NMTP;D;20151002;000000;3.04;3.065;3.03;3.05;109000;331840
NMTP;D;20151005;000000;3.04;3.1;3.02;3.05;553000;1703465
NMTP;D;20151006;000000;3.06;3.075;3;3.02;1207000;3670415
NMTP;D;20151007;000000;3.025;3.025;2.9;2.94;544000;1610555
NMTP;D;20151008;000000;2.91;2.95;2.9;2.94;266000;775830
NMTP;D;20151009;000000;2.94;2.98;2.93;2.95;168000;496170
NMTP;D;20151012;000000;2.945;2.955;2.9;2.915;400000;1165090
NMTP;D;20151013;000000;2.91;2.91;2.83;2.875;510000;1464915
NMTP;D;20151014;000000;2.87;2.875;2.8;2.825;1062000;2993945
NMTP;D;20151015;000000;2.845;2.86;2.8;2.81;322000;905515
NMTP;D;20151016;000000;2.82;2.86;2.8;2.86;153000;432475
NMTP;D;20151019;000000;2.87;2.995;2.84;2.915;1034000;3015710
NMTP;D;20151020;000000;2.93;2.99;2.93;2.95;307000;903875
NMTP;D;20151021;000000;2.95;3.01;2.935;2.95;647000;1926725
NMTP;D;20151022;000000;2.975;3;2.935;2.945;196000;579615
NMTP;D;20151023;000000;2.94;2.97;2.9;2.95;350000;1023260
NMTP;D;20151026;000000;2.96;3.02;2.95;3.02;301000;894095
NMTP;D;20151027;000000;3.015;3.185;3.015;3.15;4015000;12536010
NMTP;D;20151028;000000;3.17;3.18;3.075;3.075;2500000;7752600
NMTP;D;20151029;000000;3.105;3.18;3.08;3.18;3596000;11318500
NMTP;D;20151030;000000;3.165;3.185;3.13;3.15;479000;1513400
NMTP;D;20151102;000000;3.14;3.21;3.1;3.155;359000;1139135
NMTP;D;20151103;000000;3.175;3.175;3.105;3.11;370000;1155885
NMTP;D;20151105;000000;3.105;3.175;3.06;3.08;1197000;3718360
NMTP;D;20151106;000000;3.07;3.215;3.05;3.21;2801000;8822525
NMTP;D;20151109;000000;3.205;3.35;3.16;3.24;2693000;8757750
NMTP;D;20151110;000000;3.245;3.29;3.1;3.24;1880000;6046960
NMTP;D;20151111;000000;3.24;3.255;3.185;3.255;361000;1168860
NMTP;D;20151112;000000;3.285;3.285;3.225;3.265;172000;558920
NMTP;D;20151113;000000;3.255;3.28;3.23;3.25;351000;1141275
NMTP;D;20151116;000000;3.245;3.285;3.24;3.26;144000;469150
NMTP;D;20151117;000000;3.26;3.285;3.215;3.25;507000;1647920
NMTP;D;20151118;000000;3.28;3.415;3.265;3.395;2284000;7708110
NMTP;D;20151119;000000;3.375;3.52;3.375;3.45;1864000;6392355
NMTP;D;20151120;000000;3.495;3.615;3.45;3.545;1414000;5005345
NMTP;D;20151123;000000;3.585;3.695;3.455;3.475;1842000;6494755
NMTP;D;20151124;000000;3.48;3.6;3.38;3.54;2734000;9614850
NMTP;D;20151125;000000;3.515;3.57;3.495;3.5;621000;2180750
NMTP;D;20151126;000000;3.475;3.49;3.315;3.335;940000;3225095
NMTP;D;20151127;000000;3.33;3.405;3.235;3.34;1520000;5048565
NMTP;D;20151130;000000;3.36;3.39;3.27;3.39;811000;2682405
NMTP;D;20151201;000000;3.37;3.485;3.31;3.46;1348000;4610115
NMTP;D;20151202;000000;3.48;3.6;3.45;3.575;6323000;22473260
NMTP;D;20151203;000000;3.59;3.59;3.495;3.52;325000;1143540
NMTP;D;20151204;000000;3.585;3.635;3.49;3.55;318000;1134945
NMTP;D;20151207;000000;3.52;3.545;3.5;3.51;424000;1490520
NMTP;D;20151208;000000;3.5;3.52;3.45;3.465;277000;963800
NMTP;D;20151209;000000;3.5;3.5;3.455;3.465;75000;260670
NMTP;D;20151210;000000;3.485;3.485;3.37;3.455;436000;1492755
NMTP;D;20151211;000000;3.415;3.48;3.41;3.46;889000;3076805
NMTP;D;20151214;000000;3.475;3.48;3.45;3.46;161000;557910
NMTP;D;20151215;000000;3.455;3.56;3.445;3.55;407000;1421890
NMTP;D;20151216;000000;3.505;3.625;3.505;3.61;416000;1492075
NMTP;D;20151217;000000;3.645;3.645;3.605;3.605;123000;445250
NMTP;D;20151218;000000;3.625;3.9;3.605;3.8;2190000;8305290
NMTP;D;20151221;000000;3.8;3.85;3.67;3.76;931000;3510155
NMTP;D;20151222;000000;3.78;3.82;3.695;3.7;90000;335465
NMTP;D;20151223;000000;3.775;3.775;3.685;3.685;496000;1850235
NMTP;D;20151224;000000;3.71;3.715;3.66;3.7;1916000;7084695
NMTP;D;20151225;000000;3.665;3.715;3.665;3.705;803000;2966380
NMTP;D;20151228;000000;3.765;3.77;3.65;3.7;372000;1370785
NMTP;D;20151229;000000;3.705;3.75;3.67;3.745;1024000;3809310
NMTP;D;20151230;000000;3.74;3.78;3.7;3.76;1185000;4410560
NMTP;D;20160104;000000;3.785;3.785;3.245;3.705;922000;3340835
NMTP;D;20160105;000000;3.57;3.725;3.5;3.625;333000;1195840
NMTP;D;20160106;000000;3.62;3.7;3.54;3.695;417000;1505930
NMTP;D;20160111;000000;3.7;3.76;3.5;3.67;551000;2024170
NMTP;D;20160112;000000;3.68;3.89;3.555;3.615;389000;1398435
NMTP;D;20160113;000000;3.64;3.7;3.6;3.65;624000;2274905
NMTP;D;20160114;000000;3.6;3.74;3.555;3.71;1004000;3683300
NMTP;D;20160115;000000;3.72;3.735;3.5;3.65;2768000;10086080
NMTP;D;20160118;000000;3.63;3.75;3.555;3.63;4122000;15257280
NMTP;D;20160119;000000;3.635;3.75;3.615;3.74;840000;3118475
NMTP;D;20160120;000000;3.745;3.75;3.625;3.705;14580000;54371060
NMTP;D;20160121;000000;3.61;3.7;3.53;3.645;11699000;42230610
NMTP;D;20160122;000000;3.65;3.695;3.65;3.675;2880000;10563105
NMTP;D;20160125;000000;3.69;3.775;3.69;3.775;1184000;4416470
NMTP;D;20160126;000000;3.675;4.15;3.675;4.145;2710000;10682195
NMTP;D;20160127;000000;4.19;4.38;4.11;4.28;3037000;12887050
NMTP;D;20160128;000000;4.3;4.395;4.135;4.285;3289000;14064425
NMTP;D;20160129;000000;4.305;4.305;4.185;4.205;725000;3068930
NMTP;D;20160201;000000;4.165;4.235;4.02;4.18;3394000;14156145
NMTP;D;20160202;000000;4.13;4.16;4.06;4.16;1438000;5936750
NMTP;D;20160203;000000;4.16;4.3;4.13;4.25;2409000;10011635
NMTP;D;20160204;000000;4.235;4.25;4.11;4.175;927000;3834780
NMTP;D;20160205;000000;4.17;4.18;4.05;4.095;2109000;8680525
NMTP;D;20160208;000000;4.095;4.125;4.01;4.06;467000;1905950
NMTP;D;20160209;000000;4.065;4.315;4.065;4.16;280000;1156705
NMTP;D;20160210;000000;4.175;4.2;4.145;4.145;89000;371170
NMTP;D;20160211;000000;4.29;4.29;4.1;4.12;159000;655210
NMTP;D;20160212;000000;4.11;4.12;3.98;3.985;630000;2527265
NMTP;D;20160215;000000;4;4.1;3.975;4;332000;1330415
NMTP;D;20160216;000000;4.02;4.045;3.88;3.88;283000;1127965
NMTP;D;20160217;000000;3.87;3.97;3.87;3.945;302000;1187850
NMTP;D;20160218;000000;3.97;4.09;3.9;4.08;288000;1156090
NMTP;D;20160219;000000;4.07;4.07;3.97;4.035;134000;536110
NMTP;D;20160220;000000;4.04;4.04;3.94;3.95;263000;1040590
NMTP;D;20160222;000000;4.01;4.025;3.955;4;74000;295890
NMTP;D;20160224;000000;3.99;3.99;3.88;3.94;205000;803185
NMTP;D;20160225;000000;3.965;3.975;3.9;3.975;95000;374700
NMTP;D;20160226;000000;3.96;4.035;3.885;3.98;788000;3141600
NMTP;D;20160229;000000;4.005;4.005;3.71;3.92;503000;1942715
NMTP;D;20160301;000000;3.935;3.935;3.8;3.84;351000;1344860
NMTP;D;20160302;000000;3.885;3.885;3.71;3.805;372000;1415920
NMTP;D;20160303;000000;3.845;3.865;3.76;3.845;739000;2823085
NMTP;D;20160304;000000;3.82;3.85;3.765;3.78;1314000;5011410
NMTP;D;20160307;000000;3.8;3.84;3.765;3.785;249000;950595
NMTP;D;20160309;000000;3.785;4;3.785;3.84;1460000;5767680
NMTP;D;20160310;000000;3.72;3.85;3.72;3.775;226000;854925
NMTP;D;20160311;000000;3.795;3.81;3.72;3.73;419000;1569905
NMTP;D;20160314;000000;3.75;3.75;3.705;3.705;136000;505555
NMTP;D;20160315;000000;3.7;3.715;3.655;3.675;327000;1202650
NMTP;D;20160316;000000;3.655;3.79;3.62;3.765;881000;3251150
NMTP;D;20160317;000000;3.76;3.765;3.68;3.72;446000;1655625
NMTP;D;20160318;000000;3.705;3.76;3.655;3.735;3146000;11689260
NMTP;D;20160321;000000;3.765;3.795;3.73;3.75;2370000;8871660
NMTP;D;20160322;000000;3.795;3.795;3.71;3.74;590000;2202550
NMTP;D;20160323;000000;3.74;3.745;3.71;3.735;131000;489130
NMTP;D;20160324;000000;3.76;3.775;3.68;3.725;310000;1151250
NMTP;D;20160325;000000;3.765;3.77;3.715;3.74;142000;530700
NMTP;D;20160328;000000;3.77;3.77;3.73;3.735;45000;168460
NMTP;D;20160329;000000;3.765;3.765;3.68;3.71;839000;3108835
NMTP;D;20160330;000000;3.72;3.735;3.68;3.735;359000;1330410
NMTP;D;20160331;000000;3.745;3.75;3.68;3.7;688000;2547040
NMTP;D;20160401;000000;3.71;3.73;3.69;3.69;202000;748160
NMTP;D;20160404;000000;3.715;3.74;3.7;3.74;2268000;8416000
NMTP;D;20160405;000000;3.735;3.735;3.7;3.715;1143000;4238755
NMTP;D;20160406;000000;3.71;3.735;3.7;3.7;94000;347995
NMTP;D;20160407;000000;3.705;3.735;3.7;3.7;235000;873605
NMTP;D;20160408;000000;3.705;3.72;3.695;3.7;75000;278025
NMTP;D;20160411;000000;3.705;3.75;3.69;3.715;232000;864170
NMTP;D;20160412;000000;3.715;3.75;3.715;3.73;77000;287750
NMTP;D;20160413;000000;3.71;3.955;3.71;3.85;7221000;27381930
NMTP;D;20160414;000000;3.845;3.905;3.825;3.9;1719000;6697325
NMTP;D;20160415;000000;3.89;3.95;3.865;3.9;1380000;5427800
NMTP;D;20160418;000000;3.835;3.95;3.83;3.915;757000;2965510
NMTP;D;20160419;000000;3.91;3.95;3.9;3.915;1339000;5253725
NMTP;D;20160420;000000;3.905;3.92;3.9;3.9;247000;964165
NMTP;D;20160421;000000;3.875;3.975;3.875;3.97;1225000;4836845
NMTP;D;20160422;000000;3.985;3.995;3.965;3.99;59000;235180
NMTP;D;20160425;000000;4.03;4.2;3.97;4;345000;1412705
NMTP;D;20160426;000000;4.03;4.125;3.95;3.965;197000;788320
NMTP;D;20160427;000000;4.015;4.095;3.98;3.98;475000;1897245
NMTP;D;20160428;000000;3.975;4.06;3.975;4.005;625000;2489570
NMTP;D;20160429;000000;4.045;4.045;3.98;3.99;568000;2269105
NMTP;D;20160504;000000;3.985;4.06;3.985;4.05;147000;591760
NMTP;D;20160505;000000;4.095;4.115;3.99;4.015;1737000;6940070
NMTP;D;20160506;000000;4.09;4.13;4;4.045;1218000;4903395
NMTP;D;20160510;000000;4.025;4.095;3.965;4;2203000;8791065
NMTP;D;20160511;000000;4.02;4.03;3.965;3.965;2138000;8550815
NMTP;D;20160512;000000;3.97;3.975;3.94;3.975;167000;661060
NMTP;D;20160513;000000;3.99;3.99;3.94;3.945;163000;647635
NMTP;D;20160516;000000;3.955;4.39;3.94;4.1;1123000;4573275
NMTP;D;20160517;000000;4;4.05;3.725;3.945;1532000;6005320
NMTP;D;20160518;000000;3.93;3.995;3.915;3.925;214000;844745
NMTP;D;20160519;000000;3.955;3.995;3.9;3.9;267000;1044185
NMTP;D;20160520;000000;3.93;3.93;3.9;3.9;62000;242105
NMTP;D;20160523;000000;3.875;4.175;3.875;4.05;1018000;4072955
NMTP;D;20160524;000000;4.06;4.08;3.98;4.025;147000;591250
NMTP;D;20160525;000000;4.035;4.2;3.99;4;4943000;19850070
NMTP;D;20160526;000000;3.99;4.02;3.95;3.99;491000;1955310
NMTP;D;20160527;000000;3.97;4.01;3.96;3.96;128000;509175
NMTP;D;20160530;000000;3.95;3.975;3.91;3.94;374000;1469160
NMTP;D;20160531;000000;3.915;3.99;3.905;3.99;145000;572365
NMTP;D;20160601;000000;3.95;3.98;3.925;3.98;74000;292835
NMTP;D;20160602;000000;3.975;4.12;3.95;4;691000;2751865
NMTP;D;20160603;000000;3.985;4.02;3.915;4.02;338000;1340990
NMTP;D;20160606;000000;4.035;4.07;3.965;3.98;431000;1723985
NMTP;D;20160607;000000;4.035;4.35;3.94;4.22;3434000;14418665
NMTP;D;20160608;000000;4.3;4.55;4.15;4.195;3489000;14963375
NMTP;D;20160609;000000;4.195;4.235;4.12;4.21;453000;1901025
NMTP;D;20160610;000000;4.28;4.28;4.07;4.08;411000;1697025
NMTP;D;20160614;000000;4.225;4.3;4.12;4.21;817000;3438280
NMTP;D;20160615;000000;4.21;4.395;4.115;4.215;219000;932430
NMTP;D;20160616;000000;4.29;4.33;4.17;4.22;880000;3699245
NMTP;D;20160617;000000;4.64;6.14;4.6;4.65;53439000;270054370
NMTP;D;20160620;000000;4.72;4.74;4.4;4.465;4252000;19168430
NMTP;D;20160621;000000;4.495;4.6;4.35;4.375;3397000;15011180
NMTP;D;20160622;000000;4.36;4.365;4.165;4.225;8095000;34130205
NMTP;D;20160623;000000;4.25;4.25;4.015;4.1;3734000;15131800
NMTP;D;20160624;000000;4.01;4.19;3.9;4.11;2542000;10391740
NMTP;D;20160627;000000;4.185;4.185;4.06;4.145;2822000;11703205
NMTP;D;20160628;000000;4.13;4.34;4.13;4.275;871000;3705780
NMTP;D;20160629;000000;4.29;4.315;4.235;4.235;695000;2966810
NMTP;D;20160630;000000;4.205;4.25;4.1;4.155;1580000;6552330
NMTP;D;20160701;000000;4.125;4.22;4.105;4.205;996000;4177090
NMTP;D;20160704;000000;4.175;4.27;4.115;4.135;1175000;4898160
NMTP;D;20160705;000000;4.135;4.315;4.13;4.29;1772000;7511215
NMTP;D;20160706;000000;4.3;4.37;4.2;4.2;1674000;7175365
NMTP;D;20160707;000000;4.2;4.275;4.15;4.255;494000;2079430
NMTP;D;20160708;000000;4.24;4.3;4.16;4.28;778000;3285315
NMTP;D;20160711;000000;4.3;4.315;4.255;4.31;735000;3156445
NMTP;D;20160712;000000;4.3;4.3;4.225;4.28;946000;4034580
NMTP;D;20160713;000000;4.26;4.285;4.225;4.23;706000;2997810
NMTP;D;20160714;000000;4.2;4.29;4.18;4.24;2586000;11073665
NMTP;D;20160715;000000;4.26;4.29;4.25;4.25;261000;1113380
NMTP;D;20160718;000000;4.23;4.29;4.23;4.24;1224000;5221070
NMTP;D;20160719;000000;4.23;4.29;4.175;4.21;898000;3798535
NMTP;D;20160720;000000;4.22;4.27;4.21;4.27;546000;2314525
NMTP;D;20160721;000000;4.275;4.32;4.275;4.3;2454000;10547690
NMTP;D;20160722;000000;4.305;4.4;4.28;4.305;441000;1902090
NMTP;D;20160725;000000;4.285;4.29;4.245;4.29;414000;1769125
NMTP;D;20160726;000000;4.29;4.315;4.275;4.295;427000;1830610
NMTP;D;20160727;000000;4.3;4.335;4.25;4.3;361000;1553925
NMTP;D;20160728;000000;4.335;4.38;4.295;4.35;9255000;40142825
NMTP;D;20160729;000000;4.45;5.195;4.3;4.35;5172000;23769325
NMTP;D;20160801;000000;4.315;4.375;4.28;4.375;691000;2999865
NMTP;D;20160802;000000;4.355;4.375;4.305;4.325;1747000;7604545
NMTP;D;20160803;000000;4.345;4.35;4.285;4.3;359000;1542430
NMTP;D;20160804;000000;4.305;4.375;4.3;4.32;743000;3237045
NMTP;D;20160805;000000;4.35;4.355;4.28;4.285;186000;800105
NMTP;D;20160808;000000;4.275;4.35;4.27;4.3;480000;2062415
NMTP;D;20160809;000000;4.37;4.475;4.3;4.305;3058000;13395685
NMTP;D;20160810;000000;4.32;4.365;4.3;4.305;678000;2925995
NMTP;D;20160811;000000;4.305;4.33;4.28;4.3;172000;739370
NMTP;D;20160812;000000;4.46;5.13;4.415;5.13;21271000;101760795
NMTP;D;20160815;000000;5.19;5.585;4.95;5.005;12011000;62257720
NMTP;D;20160816;000000;5.065;5.285;5;5.07;2162000;11033885
NMTP;D;20160817;000000;5.13;5.17;4.955;4.955;5794000;29396090
NMTP;D;20160818;000000;4.98;4.98;4.855;4.88;3621000;17760475
NMTP;D;20160819;000000;4.835;4.92;4.835;4.92;1532000;7468490
NMTP;D;20160822;000000;4.91;5;4.895;5;1439000;7123160
NMTP;D;20160823;000000;4.99;4.99;4.865;4.89;4592000;22552855
NMTP;D;20160824;000000;4.9;4.9;4.835;4.845;2308000;11254000
NMTP;D;20160825;000000;4.87;4.9;4.69;4.785;4898000;23434085
NMTP;D;20160826;000000;4.76;4.815;4.72;4.785;4352000;20760675
NMTP;D;20160829;000000;4.84;4.94;4.805;4.915;3383000;16463700
NMTP;D;20160830;000000;4.965;5.15;4.925;5;7966000;39751685
NMTP;D;20160831;000000;5.02;5.18;5.02;5.09;5600000;28599615
NMTP;D;20160901;000000;5.09;5.16;4.95;4.965;5621000;28127240
NMTP;D;20160902;000000;5.045;5.07;4.895;4.9;4932000;24334500
NMTP;D;20160905;000000;4.99;4.99;4.885;4.92;6303000;30981395
NMTP;D;20160906;000000;4.9;4.935;4.805;4.885;6942000;33727575
NMTP;D;20160907;000000;4.885;5.08;4.86;4.905;7563000;37189065
NMTP;D;20160908;000000;4.91;5.025;4.77;4.815;15644000;76273415
NMTP;D;20160909;000000;4.82;4.87;4.8;4.81;7931000;38239560
NMTP;D;20160912;000000;4.8;4.9;4.79;4.85;12396000;60123625
NMTP;D;20160913;000000;4.445;4.645;4.415;4.53;13904000;62961015
NMTP;D;20160914;000000;4.545;4.595;4.53;4.55;3431000;15641430
NMTP;D;20160915;000000;4.55;4.55;4.48;4.5;2625000;11829005
NMTP;D;20160916;000000;4.53;4.53;4.49;4.51;1420000;6410025
NMTP;D;20160919;000000;4.5;4.55;4.48;4.53;3069000;13847080
NMTP;D;20160920;000000;4.535;4.705;4.53;4.695;5275000;24234765
NMTP;D;20160921;000000;4.695;5.01;4.695;4.905;9542000;46301230
NMTP;D;20160922;000000;4.905;4.975;4.83;4.92;4775000;23506460
NMTP;D;20160923;000000;4.965;4.965;4.81;4.935;1847000;9007795
NMTP;D;20160926;000000;5;5.38;4.99;5.135;12681000;65239130
NMTP;D;20160927;000000;5.19;5.55;5.175;5.33;4569000;24456885
NMTP;D;20160928;000000;5.38;5.475;5.15;5.2;3937000;20845600
NMTP;D;20160929;000000;5.24;5.36;4.95;5.335;10252000;52793345
NMTP;D;20160930;000000;5.375;5.375;5.155;5.225;1116000;5839475
NMTP;D;20161003;000000;5.25;5.35;5.165;5.25;893000;4703960
NMTP;D;20161004;000000;5.295;5.295;5.12;5.205;3170000;16380395
NMTP;D;20161005;000000;5.165;5.205;5.01;5.07;1730000;8862210
NMTP;D;20161006;000000;5.1;5.145;4.93;5.09;2598000;13120220
NMTP;D;20161007;000000;5.07;5.125;4.98;5.11;2269000;11513140
NMTP;D;20161010;000000;5.14;5.165;5.08;5.15;2244000;11475905
NMTP;D;20161011;000000;5.185;5.585;5.14;5.535;11000000;59022775
NMTP;D;20161012;000000;5.575;5.77;5.39;5.705;9465000;53152685
NMTP;D;20161013;000000;5.77;5.88;5.605;5.79;8713000;50055555
NMTP;D;20161014;000000;5.825;5.825;5.625;5.78;1299000;7440685
NMTP;D;20161017;000000;5.725;5.85;5.725;5.8;504000;2916420
NMTP;D;20161018;000000;5.8;5.9;5.715;5.885;3714000;21709990
NMTP;D;20161019;000000;5.89;6;5.81;5.87;4514000;26865755
NMTP;D;20161020;000000;5.805;5.9;5.75;5.84;1416000;8262495
NMTP;D;20161021;000000;5.85;5.905;5.8;5.87;1267000;7406085
NMTP;D;20161024;000000;5.89;5.895;5.6;5.8;2050000;11810525
NMTP;D;20161025;000000;5.75;5.875;5.735;5.77;994000;5782400
NMTP;D;20161026;000000;5.81;5.85;5.75;5.78;454000;2634590
NMTP;D;20161027;000000;5.765;5.83;5.66;5.785;1376000;7898065
NMTP;D;20161028;000000;5.835;6.295;5.815;6.18;5745000;35210575
NMTP;D;20161031;000000;6.16;6.88;6.16;6.7;11995000;79619855
NMTP;D;20161101;000000;6.77;6.99;6.645;6.795;10504000;70675550
NMTP;D;20161102;000000;6.795;6.835;6.39;6.42;5505000;35939640
NMTP;D;20161103;000000;6.48;6.5;6.355;6.465;1704000;11000030
NMTP;D;20161107;000000;6.505;6.54;6.37;6.385;1646000;10639505
NMTP;D;20161108;000000;6.42;6.465;6.28;6.3;1527000;9702975
NMTP;D;20161109;000000;6.225;6.75;6.14;6.5;5062000;32672445
NMTP;D;20161110;000000;6.545;6.75;6.495;6.6;2906000;19209875
NMTP;D;20161111;000000;6.51;6.62;6.11;6.55;4382000;28311915
NMTP;D;20161114;000000;6.61;6.74;6.315;6.7;3202000;21158070
NMTP;D;20161115;000000;6.73;6.795;6.625;6.7;1378000;9201625
NMTP;D;20161116;000000;6.725;6.895;6.65;6.8;2582000;17555045
NMTP;D;20161117;000000;6.8;6.885;6.615;6.67;2200000;14749340
NMTP;D;20161118;000000;6.73;6.85;6.655;6.77;2250000;15230785
NMTP;D;20161121;000000;6.85;6.85;6.75;6.79;718000;4872520
NMTP;D;20161122;000000;6.795;6.795;6.59;6.595;2789000;18475130
NMTP;D;20161123;000000;6.615;6.67;6.52;6.535;1323000;8709570
NMTP;D;20161124;000000;6.55;6.555;6.35;6.39;3222000;20851350
NMTP;D;20161125;000000;6.395;6.4;6.25;6.305;1731000;10952980
NMTP;D;20161128;000000;6.33;6.6;6.25;6.495;1909000;12352040
NMTP;D;20161129;000000;6.5;6.55;6.39;6.425;1087000;7033375
NMTP;D;20161130;000000;6.38;6.69;6.38;6.505;4321000;28254515
NMTP;D;20161201;000000;6.51;6.875;6.51;6.615;2727000;18288980
NMTP;D;20161202;000000;6.7;6.71;6.31;6.425;4633000;29911590
NMTP;D;20161205;000000;6.425;6.6;6.4;6.5;1924000;12535760
NMTP;D;20161206;000000;6.58;6.8;6.5;6.67;7859000;52380350
NMTP;D;20161207;000000;6.665;6.72;6.585;6.6;2435000;16124040
NMTP;D;20161208;000000;6.59;6.7;6.5;6.57;2371000;15577285
NMTP;D;20161209;000000;6.585;6.585;6.355;6.45;4730000;30456265
NMTP;D;20161212;000000;6.475;6.635;6.405;6.465;2824000;18355505
NMTP;D;20161213;000000;6.51;6.62;6.465;6.535;2826000;18466135
NMTP;D;20161214;000000;6.575;6.59;6.425;6.495;2475000;16093080
NMTP;D;20161215;000000;6.51;6.6;6.48;6.6;1247000;8159005
NMTP;D;20161216;000000;6.62;6.645;6.37;6.45;4676000;30510245
NMTP;D;20161219;000000;6.485;6.565;6.44;6.51;1026000;6669395
NMTP;D;20161220;000000;6.535;6.585;6.485;6.505;584000;3812740
NMTP;D;20161221;000000;6.47;6.575;6.47;6.53;823000;5384240
NMTP;D;20161222;000000;6.515;6.565;6.4;6.465;3962000;25597330
NMTP;D;20161223;000000;6.45;6.555;6.41;6.52;1105000;7178375
NMTP;D;20161226;000000;6.52;6.58;6.47;6.48;778000;5055935
NMTP;D;20161227;000000;6.5;6.525;6.435;6.46;1151000;7457625
NMTP;D;20161228;000000;6.48;6.51;6.45;6.485;577000;3743325
NMTP;D;20161229;000000;6.5;6.55;6.485;6.53;1397000;9112475
NMTP;D;20161230;000000;6.52;6.585;6.51;6.585;794000;5214505
NMTP;D;20170103;000000;6.59;6.6;6.505;6.54;2940000;19232940
NMTP;D;20170104;000000;6.55;6.56;6.525;6.53;462000;3023575
NMTP;D;20170105;000000;6.55;6.59;6.51;6.53;1523000;9974305
NMTP;D;20170106;000000;6.58;6.58;6.535;6.555;763000;4999085
NMTP;D;20170109;000000;6.56;6.635;6.495;6.555;2514000;16486070
NMTP;D;20170110;000000;6.55;6.61;6.55;6.595;1160000;7643235
NMTP;D;20170111;000000;6.575;6.8;6.575;6.75;4298000;28822835
NMTP;D;20170112;000000;6.875;7.3;6.805;6.98;5276000;37057420
NMTP;D;20170113;000000;7.105;7.105;6.945;7.01;2180000;15270055
NMTP;D;20170116;000000;7.045;7.145;6.955;7.085;2883000;20300980
NMTP;D;20170117;000000;7.085;7.09;6.915;6.96;1890000;13201185
NMTP;D;20170118;000000;6.975;7.05;6.895;6.995;1246000;8666070
NMTP;D;20170119;000000;7;7.15;6.97;7.105;2641000;18569305
NMTP;D;20170120;000000;7.155;7.195;7;7.05;2130000;15035975
NMTP;D;20170123;000000;7.08;7.1;7.02;7.075;2852000;20202130
NMTP;D;20170124;000000;7.1;7.25;7.085;7.09;4191000;30050945
NMTP;D;20170125;000000;7.14;7.19;7.1;7.135;2116000;15123395
NMTP;D;20170126;000000;7.175;7.175;7.02;7.09;2861000;20241415
NMTP;D;20170127;000000;7.095;7.12;7;7.11;3081000;21733245
NMTP;D;20170130;000000;7.13;7.13;7.05;7.1;2835000;20119935
NMTP;D;20170131;000000;7.1;7.12;7.01;7.08;1511000;10664570
NMTP;D;20170201;000000;7.04;7.09;7.01;7.05;2939000;20710405
NMTP;D;20170202;000000;7.075;7.075;7.02;7.07;3135000;22113120
NMTP;D;20170203;000000;7.065;7.175;7.055;7.175;2323000;16528660
NMTP;D;20170206;000000;7.185;7.195;7.1;7.15;1051000;7535830
NMTP;D;20170207;000000;7.18;7.19;7.065;7.13;2131000;15176475
NMTP;D;20170208;000000;7.035;7.18;6.945;6.97;4742000;33380970
NMTP;D;20170209;000000;6.97;7.08;6.8;6.875;3615000;24965545
NMTP;D;20170210;000000;6.865;6.995;6.72;6.95;2972000;20371960
NMTP;D;20170213;000000;6.91;7;6.905;6.905;1393000;9712690
NMTP;D;20170214;000000;6.935;7.03;6.87;6.895;1325000;9162500
NMTP;D;20170215;000000;6.87;6.885;6.75;6.795;3357000;22890300
NMTP;D;20170216;000000;6.77;6.855;6.74;6.835;693000;4713540
NMTP;D;20170217;000000;6.885;6.885;6.675;6.705;1004000;6778055
NMTP;D;20170220;000000;6.675;6.73;6.6;6.65;3323000;22199865
NMTP;D;20170221;000000;6.65;6.65;6.58;6.64;1228000;8119635
NMTP;D;20170222;000000;6.645;6.76;6.635;6.725;2202000;14760530
NMTP;D;20170224;000000;6.7;6.7;6.525;6.54;1073000;7078520
NMTP;D;20170227;000000;6.57;6.665;6.285;6.31;2756000;17705125
NMTP;D;20170228;000000;6.32;6.345;5.905;6.3;5165000;31916300
NMTP;D;20170301;000000;6.3;6.48;6.3;6.385;2521000;16102015
NMTP;D;20170302;000000;6.375;6.39;6.16;6.19;2175000;13710455
NMTP;D;20170303;000000;6.205;6.205;6.055;6.125;1715000;10547855
NMTP;D;20170306;000000;6.13;6.28;6.115;6.21;1115000;6901480
NMTP;D;20170307;000000;6.23;6.27;5.98;6.11;3570000;21598010
NMTP;D;20170309;000000;5.955;6.085;5.75;5.8;3448000;20243735
NMTP;D;20170310;000000;5.8;5.965;5.76;5.895;1790000;10564080
NMTP;D;20170313;000000;5.91;5.975;5.86;5.94;633000;3764375
NMTP;D;20170314;000000;5.965;6.255;5.95;6.195;2072000;12717485
NMTP;D;20170315;000000;6.2;6.44;6.185;6.355;2309000;14570225
NMTP;D;20170316;000000;6.495;6.62;6.255;6.33;2096000;13446715
NMTP;D;20170317;000000;6.33;6.44;6.265;6.345;1111000;7038325
NMTP;D;20170320;000000;6.345;6.38;6.23;6.3;1400000;8828785
NMTP;D;20170321;000000;6.29;6.37;6.25;6.25;914000;5755360
NMTP;D;20170322;000000;6.21;6.255;5.98;6.07;14337000;87784655
NMTP;D;20170323;000000;5.99;6.16;5.99;6.11;2104000;12807295
NMTP;D;20170324;000000;6.105;6.12;5.99;6.07;3472000;20921830
NMTP;D;20170327;000000;6.065;6.065;5.94;5.95;967000;5784150
NMTP;D;20170328;000000;5.97;5.97;5.81;5.85;3283000;19311465
NMTP;D;20170329;000000;5.835;6.13;5.795;6;5790000;34613010
NMTP;D;20170330;000000;6.08;6.08;5.93;6.07;2517000;15192575
NMTP;D;20170331;000000;6.08;6.095;5.97;6.05;1920000;11623220
NMTP;D;20170403;000000;5.95;6.28;5.95;6.26;4236000;25950870
NMTP;D;20170404;000000;6.285;6.3;6.145;6.28;5757000;35880045
NMTP;D;20170405;000000;6.32;6.32;6.21;6.26;2989000;18738310
NMTP;D;20170406;000000;6.345;6.345;6.19;6.27;2235000;13994385
NMTP;D;20170407;000000;6.245;6.34;6.12;6.275;3027000;18887400
NMTP;D;20170410;000000;6.285;6.32;6.175;6.24;3179000;19835055
NMTP;D;20170411;000000;6.155;6.38;6.155;6.33;3843000;24169670
NMTP;D;20170412;000000;6.355;6.47;6.27;6.3;2616000;16644495
NMTP;D;20170413;000000;6.33;6.35;6.175;6.215;1364000;8542925
NMTP;D;20170414;000000;6.24;6.755;6.2;6.53;3889000;25318280
NMTP;D;20170417;000000;6.57;6.69;6.45;6.525;5534000;36230065
NMTP;D;20170418;000000;6.755;7.19;6.66;6.95;16450000;114799975
NMTP;D;20170419;000000;6.97;7.085;6.96;6.995;4405000;30845165
NMTP;D;20170420;000000;6.97;7.015;6.925;6.95;2872000;20006325
NMTP;D;20170421;000000;6.95;6.99;6.95;6.98;1926000;13430320
NMTP;D;20170424;000000;7.075;7.075;6.96;6.985;1674000;11706820
NMTP;D;20170425;000000;7.005;7.08;6.97;7.04;3673000;25698145
NMTP;D;20170426;000000;7.045;7.15;7;7.13;3040000;21554845
NMTP;D;20170427;000000;7.15;7.17;7.075;7.1;1342000;9560015
NMTP;D;20170428;000000;7.11;7.135;7.045;7.135;1995000;14141165
NMTP;D;20170502;000000;7.1;7.245;7.09;7.19;2504000;18029010
NMTP;D;20170503;000000;7.235;7.275;7.035;7.07;5161000;36698245
NMTP;D;20170504;000000;7.12;7.175;7.05;7.14;903000;6445375
NMTP;D;20170505;000000;7.125;7.23;7.055;7.1;4167000;29736245
NMTP;D;20170510;000000;7.15;7.215;7.065;7.21;2457000;17621225
NMTP;D;20170511;000000;7.2;7.235;7.18;7.185;2597000;18720565
NMTP;D;20170512;000000;7.185;7.25;7.18;7.23;2410000;17418180
NMTP;D;20170515;000000;7.235;7.4;7.225;7.39;3261000;23902735
NMTP;D;20170516;000000;7.38;7.43;7.305;7.375;2697000;19828055
NMTP;D;20170517;000000;7.37;7.37;7.26;7.295;2905000;21250030
NMTP;D;20170518;000000;7.275;7.38;7.21;7.285;4882000;35611425
NMTP;D;20170519;000000;7.31;7.42;7.275;7.42;4509000;33150780
NMTP;D;20170522;000000;7.495;7.595;7.4;7.565;4735000;35643240
NMTP;D;20170523;000000;7.59;7.72;7.51;7.72;6646000;50767015
NMTP;D;20170524;000000;7.705;7.875;7.705;7.82;7975000;62294875
NMTP;D;20170525;000000;7.795;7.84;7.405;7.715;15596000;118556420
NMTP;D;20170526;000000;6.945;7.22;6.86;7.06;12894000;91197620
NMTP;D;20170529;000000;7.05;7.1;6.955;7.035;2561000;18018175
NMTP;D;20170530;000000;6.975;7.015;6.735;6.795;4599000;31620730
NMTP;D;20170531;000000;6.795;7.055;6.645;6.9;5553000;37955595
NMTP;D;20170601;000000;6.82;7;6.805;6.93;1582000;10938190
NMTP;D;20170602;000000;6.885;6.925;6.805;6.9;1914000;13148175
NMTP;D;20170605;000000;6.935;7;6.89;6.945;697000;4831630
NMTP;D;20170606;000000;6.96;6.98;6.82;6.835;805000;5544995
NMTP;D;20170607;000000;6.85;6.965;6.73;6.815;2652000;18120145
NMTP;D;20170608;000000;6.875;6.94;6.77;6.94;2373000;16308205
NMTP;D;20170609;000000;6.925;6.975;6.785;6.855;1644000;11279315
NMTP;D;20170613;000000;6.9;6.9;6.805;6.825;707000;4832560
NMTP;D;20170614;000000;6.81;6.91;6.785;6.865;2094000;14357870
NMTP;D;20170615;000000;6.845;6.845;6.435;6.715;5899000;38981345
NMTP;D;20170616;000000;6.805;6.875;6.755;6.77;1874000;12801045
NMTP;D;20170619;000000;6.725;6.85;6.715;6.8;1167000;7934645
NMTP;D;20170620;000000;6.795;6.815;6.75;6.77;528000;3579270
NMTP;D;20170621;000000;6.73;6.865;6.73;6.82;1600000;10907555
NMTP;D;20170622;000000;6.74;6.84;6.7;6.815;429000;2917475
NMTP;D;20170623;000000;6.77;6.88;6.755;6.8;1208000;8240430
NMTP;D;20170626;000000;6.775;6.87;6.75;6.85;785000;5343610
NMTP;D;20170627;000000;6.835;7;6.82;6.975;2734000;19002250
NMTP;D;20170628;000000;6.99;6.99;6.95;6.97;1389000;9663145
NMTP;D;20170629;000000;6.96;7.02;6.95;7.005;756000;5284170
NMTP;D;20170630;000000;7.015;7.11;6.965;7.045;1414000;9986020
NMTP;D;20170703;000000;7.06;7.135;7.02;7.045;1172000;8306695
NMTP;D;20170704;000000;7.04;7.09;7.04;7.07;555000;3918205
NMTP;D;20170705;000000;7.04;7.065;6.97;7.01;1077000;7555700
NMTP;D;20170706;000000;7;7.105;6.98;7.03;1276000;8962490
NMTP;D;20170707;000000;7.095;7.1;6.95;7.01;2277000;15905090
NMTP;D;20170710;000000;6.97;7.07;6.97;7.06;1739000;12262015
NMTP;D;20170711;000000;7.05;7.09;7.05;7.07;2210000;15604645
NMTP;D;20170712;000000;7.09;7.145;7.05;7.11;1123000;7982605
NMTP;D;20170713;000000;7.115;7.195;7.115;7.185;626000;4486105
NMTP;D;20170714;000000;7.175;7.24;7.15;7.17;1343000;9666420
NMTP;D;20170717;000000;7.2;7.23;7;7.055;2216000;15724760
NMTP;D;20170718;000000;7.15;7.17;7.055;7.125;1038000;7369440
NMTP;D;20170719;000000;7.175;7.175;7.1;7.115;389000;2773530
NMTP;D;20170720;000000;7.125;7.195;7.025;7.11;784000;5599065
NMTP;D;20170721;000000;7.14;7.425;7.085;7.3;3119000;22646435
NMTP;D;20170724;000000;7.3;7.3;7.125;7.3;912000;6581340
NMTP;D;20170725;000000;7.345;7.375;7.25;7.35;1432000;10493735
NMTP;D;20170726;000000;7.35;7.575;7.35;7.53;2171000;16157495
NMTP;D;20170727;000000;7.54;7.655;7.54;7.62;1333000;10125185
NMTP;D;20170728;000000;7.645;7.645;7.265;7.54;3162000;23660820
NMTP;D;20170731;000000;7.53;7.7;7.5;7.615;2854000;21721500
NMTP;D;20170801;000000;7.625;7.79;7.5;7.565;1473000;11121375
NMTP;D;20170802;000000;7.595;7.595;7.5;7.525;3035000;22871965
NMTP;D;20170803;000000;7.525;7.675;7.365;7.51;5165000;38681980
NMTP;D;20170804;000000;7.545;7.57;7.37;7.39;2653000;19779290
NMTP;D;20170807;000000;7.415;7.42;7.17;7.32;1964000;14277060
NMTP;D;20170808;000000;7.385;7.395;7.305;7.39;446000;3284710
NMTP;D;20170809;000000;7.39;7.39;7.185;7.235;2075000;15145650
NMTP;D;20170810;000000;7.28;7.325;7.185;7.31;909000;6582350
NMTP;D;20170811;000000;7.2;7.3;7.105;7.3;1965000;14182345
NMTP;D;20170814;000000;7.3;7.3;7.16;7.285;1315000;9550625
NMTP;D;20170815;000000;7.3;7.3;7.115;7.19;2585000;18560500
NMTP;D;20170816;000000;7.17;7.2;7.01;7.055;4152000;29303065
NMTP;D;20170817;000000;7.04;7.24;7;7.19;1687000;12014565
NMTP;D;20170818;000000;7.2;7.22;7.045;7.17;385000;2743530
NMTP;D;20170821;000000;7.165;7.165;7.055;7.13;1331000;9440950
NMTP;D;20170822;000000;7.135;7.19;7.085;7.175;453000;3241210
NMTP;D;20170823;000000;7.2;7.25;7.15;7.19;1004000;7232300
NMTP;D;20170824;000000;7.185;7.19;7.12;7.175;443000;3174160
NMTP;D;20170825;000000;7.135;7.165;7.08;7.115;478000;3401650
NMTP;D;20170828;000000;7.115;7.13;6.96;6.995;2794000;19651925
NMTP;D;20170829;000000;7.005;7.025;6.885;6.915;2613000;18117395
NMTP;D;20170830;000000;6.96;7.01;6.85;6.98;2032000;14075285
NMTP;D;20170831;000000;6.96;7.52;6.955;7.445;21434000;157791860
NMTP;D;20170901;000000;7.445;7.62;7.405;7.61;5752000;43553390
NMTP;D;20170904;000000;7.6;7.75;7.585;7.735;5243000;40485965
NMTP;D;20170905;000000;7.8;7.945;7.705;7.9;7211000;56487160
NMTP;D;20170906;000000;7.915;8.1;7.85;8.08;9062000;72562710
NMTP;D;20170907;000000;8.1;8.2;7.905;8.02;9353000;75809965
NMTP;D;20170908;000000;8.14;8.14;7.73;8;23494000;186080905
NMTP;D;20170911;000000;8.045;8.24;8.025;8.195;6688000;54523720
NMTP;D;20170912;000000;8.15;8.3;8.09;8.185;5165000;42542855
NMTP;D;20170913;000000;8.2;8.35;8.125;8.285;6340000;52311200
NMTP;D;20170914;000000;8.28;8.35;8.12;8.265;10801000;88458745
NMTP;D;20170915;000000;8.17;8.27;7.92;7.92;38414000;305802380
NMTP;D;20170918;000000;8.01;8.23;7.92;8.2;12616000;101839935
NMTP;D;20170919;000000;8.24;8.24;8.165;8.17;2512000;20600625
NMTP;D;20170920;000000;8.195;8.29;8.13;8.18;1116000;9156710
NMTP;D;20170921;000000;8.225;8.225;8.145;8.145;444000;3634515
NMTP;D;20170922;000000;8.165;8.165;8.045;8.045;471000;3822040
NMTP;D;20170925;000000;8.02;8.2;8.015;8.2;895000;7305515
NMTP;D;20170926;000000;8.07;8.22;8.07;8.11;1514000;12327600
NMTP;D;20170927;000000;8.095;8.185;8.095;8.15;1017000;8281820
NMTP;D;20170928;000000;8.105;8.185;8.09;8.16;923000;7518955
NMTP;D;20170929;000000;8.025;8.17;8.025;8.155;954000;7763365
NMTP;D;20171002;000000;8.18;8.2;8.12;8.165;938000;7648405
NMTP;D;20171003;000000;8.125;8.17;8.095;8.16;1053000;8584255
NMTP;D;20171004;000000;8.125;8.23;8.11;8.18;1008000;8256935
NMTP;D;20171005;000000;8.17;8.23;8.15;8.155;648000;5299245
NMTP;D;20171006;000000;8.14;8.215;8.11;8.145;2297000;18726620
NMTP;D;20171009;000000;8.195;8.33;8.18;8.235;2873000;23632260
NMTP;D;20171010;000000;8.25;8.25;8.18;8.23;372000;3052385
NMTP;D;20171011;000000;8.23;8.23;8.15;8.175;1120000;9183845
NMTP;D;20171012;000000;8.185;8.5;8.185;8.49;2739000;22952640
NMTP;D;20171013;000000;8.53;8.53;8.19;8.33;1019000;8476910
NMTP;D;20171016;000000;8.39;8.41;8.26;8.275;1027000;8583100
NMTP;D;20171017;000000;8.25;8.335;8.245;8.28;644000;5333685
NMTP;D;20171018;000000;8.3;8.395;8.295;8.35;1570000;13091870
NMTP;D;20171019;000000;8.36;8.38;8.21;8.25;530000;4385175
NMTP;D;20171020;000000;8.215;8.4;8.215;8.35;1208000;10067365
NMTP;D;20171023;000000;8.315;8.36;8.24;8.325;1800000;14916745
NMTP;D;20171024;000000;8.31;8.4;8.28;8.38;1281000;10697010
NMTP;D;20171025;000000;8.38;8.38;8.28;8.3;293000;2442415
NMTP;D;20171026;000000;8.285;8.38;8.235;8.33;1558000;12954700
NMTP;D;20171027;000000;8.285;8.45;8.255;8.39;2462000;20557350
NMTP;D;20171030;000000;8.43;8.6;8.38;8.495;3949000;33405760
NMTP;D;20171031;000000;8.435;8.625;8.375;8.61;3953000;33682140
NMTP;D;20171101;000000;8.61;9.395;8.61;8.86;5088000;44974700
NMTP;D;20171102;000000;8.93;8.93;8.35;8.58;3706000;31713500
NMTP;D;20171103;000000;8.55;8.58;8.03;8.3;4414000;36670860
NMTP;D;20171107;000000;8.34;8.53;8.34;8.37;1096000;9256640
NMTP;D;20171108;000000;8.4;8.525;8.38;8.475;1490000;12607915
NMTP;D;20171109;000000;8.45;8.65;8.38;8.59;597000;5140760
NMTP;D;20171110;000000;8.55;8.65;8.46;8.6;773000;6601695
NMTP;D;20171113;000000;8.495;8.7;8.41;8.49;1094000;9364805
NMTP;D;20171114;000000;8.5;8.565;8.46;8.535;522000;4434360
NMTP;D;20171115;000000;8.56;8.59;8.045;8.45;6729000;56479855
NMTP;D;20171116;000000;8.35;8.545;8.33;8.52;4504000;37996060
NMTP;D;20171117;000000;8.49;8.55;8.355;8.515;1814000;15352220
NMTP;D;20171120;000000;8.46;8.6;8.455;8.51;2138000;18172630
NMTP;D;20171121;000000;8.455;8.56;8.41;8.495;861000;7290550
NMTP;D;20171122;000000;8.455;8.51;8.38;8.38;1487000;12565510
NMTP;D;20171123;000000;8.43;8.445;8.17;8.37;3639000;30289940
NMTP;D;20171124;000000;8.395;8.43;8.25;8.27;1272000;10546240
NMTP;D;20171127;000000;8.295;8.345;8.255;8.28;894000;7420480
NMTP;D;20171128;000000;8.285;8.34;8.275;8.3;953000;7911720
NMTP;D;20171129;000000;8.24;8.35;8.24;8.29;372000;3088070
NMTP;D;20171130;000000;8.28;8.35;8.26;8.3;757000;6283140
NMTP;D;20171201;000000;8.275;8.31;8.26;8.31;689000;5707665
NMTP;D;20171204;000000;8.315;8.35;8.28;8.33;968000;8057835
NMTP;D;20171205;000000;8.31;8.34;8.165;8.2;3742000;30918860
NMTP;D;20171206;000000;8.13;8.19;7.835;7.95;7747000;61716120
NMTP;D;20171207;000000;7.855;8.015;7.825;7.89;2472000;19523125
NMTP;D;20171208;000000;7.9;7.93;7.7;7.8;3576000;28133300
NMTP;D;20171211;000000;7.815;7.97;7.715;7.72;1135000;8866610
NMTP;D;20171212;000000;7.775;7.91;7.62;7.675;733000;5656255
NMTP;D;20171213;000000;7.65;7.655;7.435;7.64;1999000;15123065
NMTP;D;20171214;000000;7.52;7.99;7.52;7.845;2318000;18154790
NMTP;D;20171215;000000;7.9;8;7.78;8;1064000;8439855
NMTP;D;20171218;000000;7.98;7.985;7.78;7.895;915000;7195165
NMTP;D;20171219;000000;7.88;7.885;7.78;7.875;388000;3038870
NMTP;D;20171220;000000;7.85;7.97;7.78;7.97;1554000;12221855
NMTP;D;20171221;000000;7.965;7.965;7.83;7.935;6137000;48468235
NMTP;D;20171222;000000;7.93;8.165;7.925;8.01;1369000;11017465
NMTP;D;20171225;000000;8.1;8.1;7.9;7.95;217000;1735485
NMTP;D;20171226;000000;7.9;7.925;7.82;7.885;598000;4697080
NMTP;D;20171227;000000;7.89;8.03;7.89;7.97;386000;3067840
NMTP;D;20171228;000000;7.91;8.02;7.9;7.975;259000;2060330
NMTP;D;20171229;000000;8;8.065;7.83;7.85;1612000;12739865
NMTP;D;20180103;000000;7.86;8;7.85;7.895;156000;1228380
NMTP;D;20180104;000000;7.995;8;7.915;7.945;192000;1525915
NMTP;D;20180105;000000;7.875;7.995;7.87;7.99;291000;2315300
NMTP;D;20180109;000000;7.965;8.04;7.88;7.98;308000;2453510
NMTP;D;20180110;000000;7.955;8.225;7.85;8.225;1278000;10321045
NMTP;D;20180111;000000;8.14;8.4;8.135;8.39;1683000;13974760
NMTP;D;20180112;000000;8.25;8.395;8.175;8.295;676000;5596750
NMTP;D;20180115;000000;8.295;8.35;8.23;8.3;517000;4296935
NMTP;D;20180116;000000;8.3;8.4;8.2;8.295;194000;1611020
NMTP;D;20180117;000000;8.22;8.6;8.215;8.53;1216000;10281785
NMTP;D;20180118;000000;8.59;8.625;8.41;8.58;497000;4248790
NMTP;D;20180119;000000;8.595;8.595;8.49;8.515;379000;3233480
NMTP;D;20180122;000000;8.505;8.955;8.505;8.695;1101000;9540575
NMTP;D;20180123;000000;8.69;8.69;8.385;8.67;1508000;12887545
NMTP;D;20180124;000000;8.6;8.745;8.585;8.645;1348000;11652890
NMTP;D;20180125;000000;8.565;8.865;8.565;8.825;1091000;9481555
NMTP;D;20180126;000000;8.655;8.99;8.655;8.93;1187000;10581825
NMTP;D;20180129;000000;8.92;8.95;8.42;8.7;9174000;79589050
NMTP;D;20180130;000000;8.7;8.73;8.48;8.52;686000;5888960
NMTP;D;20180131;000000;8.515;8.745;8.32;8.745;1560000;13432310
NMTP;D;20180201;000000;8.725;8.725;8.5;8.5;1327000;11361335
NMTP;D;20180202;000000;8.505;8.55;8.29;8.365;409000;3429610
NMTP;D;20180205;000000;8.29;8.48;8.255;8.3;845000;7071955
NMTP;D;20180206;000000;8.28;8.385;8.05;8.245;964000;7899670
NMTP;D;20180207;000000;8.27;8.39;8.155;8.245;291000;2406280
NMTP;D;20180208;000000;8.24;8.32;8.1;8.185;193000;1578660
NMTP;D;20180209;000000;8.11;8.11;7.95;8.055;818000;6560685
NMTP;D;20180212;000000;8.1;8.29;8.055;8.285;573000;4668560
NMTP;D;20180213;000000;8.345;8.36;8.28;8.295;282000;2346540
NMTP;D;20180214;000000;8.21;8.28;8.1;8.27;412000;3364600
NMTP;D;20180215;000000;8.285;8.3;8.21;8.295;206000;1702935
NMTP;D;20180216;000000;8.055;8.3;8.055;8.18;100000;823780
NMTP;D;20180219;000000;8.135;8.255;8.135;8.225;104000;854060
NMTP;D;20180220;000000;8.19;8.61;8.17;8.51;2449000;20677130
NMTP;D;20180221;000000;8.495;8.6;8.325;8.51;2014000;17094910
NMTP;D;20180222;000000;8.485;8.855;8.185;8.4;5963000;50481490
NMTP;D;20180226;000000;8.4;8.415;8.205;8.27;1226000;10187170
NMTP;D;20180227;000000;8.26;8.3;8.2;8.2;586000;4832925
NMTP;D;20180228;000000;8.255;8.255;8.185;8.245;282000;2315435
NMTP;D;20180301;000000;8.2;8.25;8.17;8.18;588000;4822325
NMTP;D;20180302;000000;8.17;8.195;8;8.03;687000;5567690
NMTP;D;20180305;000000;8.05;8.155;8;8.04;542000;4372020
NMTP;D;20180306;000000;8.05;8.14;8;8.05;406000;3268870
NMTP;D;20180307;000000;8.02;8.06;7.725;7.82;1642000;12897370
NMTP;D;20180309;000000;7.8;7.86;7.745;7.85;375000;2921870
NMTP;D;20180312;000000;7.945;8;7.875;7.99;424000;3375220
NMTP;D;20180313;000000;7.955;8.145;7.955;7.995;720000;5808835
NMTP;D;20180314;000000;8.09;8.09;7.83;7.83;388000;3088590
NMTP;D;20180315;000000;7.905;7.995;7.835;7.895;363000;2865515
NMTP;D;20180316;000000;7.875;7.97;7.68;7.68;11052000;85064065
NMTP;D;20180319;000000;7.77;7.89;7.655;7.875;1925000;14907110
NMTP;D;20180320;000000;7.85;7.935;7.71;7.865;458000;3586920
NMTP;D;20180321;000000;7.855;7.9;7.825;7.885;270000;2122910
NMTP;D;20180322;000000;7.895;8;7.805;7.895;1130000;8897290
NMTP;D;20180323;000000;7.7;7.82;7.68;7.79;1035000;8007695
NMTP;D;20180326;000000;7.795;7.825;7.725;7.8;138000;1072425
NMTP;D;20180327;000000;7.785;7.885;7.77;7.885;271000;2126600
NMTP;D;20180328;000000;7.84;7.91;7.795;7.91;349000;2743015
NMTP;D;20180329;000000;7.86;7.965;7.86;7.95;1017000;8044920
NMTP;D;20180330;000000;7.94;7.94;7.765;7.765;575000;4522810
NMTP;D;20180402;000000;7.55;7.775;7.26;7.64;3992000;30244270
NMTP;D;20180403;000000;7.64;7.695;7.47;7.51;953000;7176095
NMTP;D;20180404;000000;7.545;7.575;7.405;7.57;452000;3402590
NMTP;D;20180405;000000;7.55;7.635;7.49;7.6;1422000;10739740
NMTP;D;20180406;000000;7.55;7.625;7.045;7.6;1235000;9288775
NMTP;D;20180409;000000;7.52;7.52;6.855;7.095;2802000;20071260
NMTP;D;20180410;000000;7.02;7.19;6.905;7.03;1005000;7050775
NMTP;D;20180411;000000;7.03;7.085;6.715;6.805;3074000;21063040
NMTP;D;20180412;000000;6.845;6.985;6.835;6.97;1725000;11992195
NMTP;D;20180413;000000;6.94;7.02;6.9;7.015;197000;1370900
NMTP;D;20180416;000000;7.015;7.07;6.91;6.98;570000;3985250
NMTP;D;20180417;000000;7.095;7.15;6.95;7;466000;3277295
NMTP;D;20180418;000000;7.03;7.59;6.995;7.305;1936000;14104200
NMTP;D;20180419;000000;7.55;7.555;7.305;7.305;303000;2240445
NMTP;D;20180420;000000;7.325;7.48;7.075;7.115;288000;2073400
NMTP;D;20180423;000000;7.165;7.45;7.15;7.25;413000;3017515
NMTP;D;20180424;000000;7.315;7.37;7.22;7.265;253000;1851570
NMTP;D;20180425;000000;7.315;7.365;7.2;7.22;372000;2698270
NMTP;D;20180426;000000;7.27;7.285;7.175;7.215;199000;1436745
NMTP;D;20180427;000000;7.22;7.23;7.025;7.145;451000;3212955
NMTP;D;20180428;000000;7.11;7.2;7.065;7.15;93000;665225
NMTP;D;20180430;000000;7.135;7.175;7.12;7.16;67000;478680
NMTP;D;20180502;000000;7.205;7.265;7.05;7.095;295000;2111570
NMTP;D;20180503;000000;7.105;7.13;7.07;7.07;299000;2120770
NMTP;D;20180504;000000;7.115;7.145;7.1;7.145;72000;512175
NMTP;D;20180507;000000;7.1;7.23;7.1;7.18;71000;510505
NMTP;D;20180508;000000;7.245;7.265;7.1;7.11;243000;1744060
NMTP;D;20180510;000000;7.11;7.21;7.065;7.065;242000;1719750
NMTP;D;20180511;000000;7.14;7.165;7.07;7.15;464000;3306275
NMTP;D;20180514;000000;7.155;7.195;7.065;7.13;294000;2094580
NMTP;D;20180515;000000;7.245;7.245;7.085;7.1;323000;2297305
NMTP;D;20180516;000000;7.13;7.2;7.1;7.11;321000;2289170
NMTP;D;20180517;000000;7.115;7.15;7.03;7.05;787000;5572865
NMTP;D;20180518;000000;7.06;7.09;7.01;7.075;345000;2431790
NMTP;D;20180521;000000;7.085;7.15;7.01;7.01;345000;2430890
NMTP;D;20180522;000000;7.075;7.08;6.885;6.9;505000;3516405
NMTP;D;20180523;000000;6.9;7;6.855;6.93;315000;2182185
NMTP;D;20180524;000000;7;7;6.81;6.875;295000;2032585
NMTP;D;20180525;000000;6.92;6.92;6.61;6.77;1271000;8572880
NMTP;D;20180528;000000;6.74;6.755;6.605;6.74;364000;2448000
NMTP;D;20180529;000000;6.7;6.75;6.65;6.695;1272000;8517530
NMTP;D;20180530;000000;6.72;6.75;6.665;6.71;261000;1754825
NMTP;D;20180531;000000;6.74;6.77;6.725;6.745;443000;2988680
NMTP;D;20180601;000000;6.76;6.865;6.705;6.705;464000;3144360
NMTP;D;20180604;000000;6.695;6.695;6.465;6.485;2195000;14307995
NMTP;D;20180605;000000;6.51;6.69;6.505;6.625;796000;5249030
NMTP;D;20180606;000000;6.615;6.74;6.52;6.6;921000;6084950
NMTP;D;20180607;000000;6.555;6.61;6.435;6.5;845000;5490905
NMTP;D;20180608;000000;6.51;6.525;6.47;6.5;655000;4253625
NMTP;D;20180609;000000;6.43;6.54;6.255;6.405;497000;3186420
NMTP;D;20180611;000000;6.44;6.54;6.39;6.535;170000;1100605
NMTP;D;20180613;000000;6.5;6.525;6.4;6.465;1551000;10031380
NMTP;D;20180614;000000;6.455;6.485;6.355;6.365;212000;1361690
NMTP;D;20180615;000000;6.405;6.65;6.405;6.6;457000;2999940
NMTP;D;20180618;000000;6.55;6.65;6.485;6.5;707000;4657255
NMTP;D;20180619;000000;6.535;6.535;6.26;6.365;543000;3470165
NMTP;D;20180620;000000;6.37;6.425;6.29;6.295;524000;3322100
NMTP;D;20180621;000000;6.335;6.445;6.215;6.34;322000;2032330
NMTP;D;20180622;000000;6.35;6.425;6.305;6.355;236000;1507470
NMTP;D;20180625;000000;6.4;6.45;6.3;6.31;235000;1490525
NMTP;D;20180626;000000;6.385;6.385;6.225;6.325;245000;1539155
NMTP;D;20180627;000000;6.255;6.4;6.255;6.33;346000;2196855
NMTP;D;20180628;000000;6.3;6.3;6.17;6.2;725000;4513200
NMTP;D;20180629;000000;6.225;6.7;6.215;6.5;2645000;17201025
NMTP;D;20180702;000000;6.6;6.66;6.455;6.485;1029000;6767510
NMTP;D;20180703;000000;6.52;6.65;6.505;6.6;631000;4168015
NMTP;D;20180704;000000;6.63;6.67;6.535;6.57;371000;2453755
NMTP;D;20180705;000000;6.6;6.625;6.51;6.6;200000;1313280
NMTP;D;20180706;000000;6.605;6.605;6.465;6.495;320000;2086690
NMTP;D;20180709;000000;6.54;6.6;6.38;6.5;1468000;9591840
NMTP;D;20180710;000000;6.5;6.505;6.33;6.375;1725000;11057230
NMTP;D;20180711;000000;6.395;6.405;6.345;6.405;67000;428175
NMTP;D;20180712;000000;6.42;6.46;6.35;6.405;112000;716860
NMTP;D;20180713;000000;6.445;6.445;6.345;6.345;207000;1321395
NMTP;D;20180716;000000;6.395;6.5;6.315;6.385;370000;2365680
NMTP;D;20180717;000000;6.38;6.43;6.34;6.41;159000;1015980
NMTP;D;20180718;000000;6.435;6.445;6.315;6.39;213000;1358750
NMTP;D;20180719;000000;6.345;6.45;6.27;6.27;468000;2974890
NMTP;D;20180720;000000;6.28;6.8;6.28;6.41;3651000;23579735
NMTP;D;20180723;000000;6.5;6.7;6.48;6.635;3752000;24776410
NMTP;D;20180724;000000;6.735;6.735;6.39;6.41;1559000;10070290
NMTP;D;20180725;000000;6.435;6.495;6.325;6.39;843000;5404645
NMTP;D;20180726;000000;6.405;6.54;6.4;6.47;859000;5538950
NMTP;D;20180727;000000;6.48;6.5;6.405;6.49;739000;4780245
NMTP;D;20180730;000000;6.5;6.5;6.43;6.44;464000;2993750
NMTP;D;20180731;000000;6.44;6.48;6.37;6.4;535000;3431080
NMTP;D;20180801;000000;6.405;6.47;6.37;6.465;318000;2038315
NMTP;D;20180802;000000;6.425;6.455;6.365;6.42;984000;6305705
NMTP;D;20180803;000000;6.41;6.44;6.37;6.405;615000;3939820
NMTP;D;20180806;000000;6.41;6.52;6.39;6.515;1118000;7221835
NMTP;D;20180807;000000;6.465;6.675;6.465;6.55;3177000;20817710
NMTP;D;20180808;000000;6.51;6.61;6.455;6.475;3989000;26272710
NMTP;D;20180809;000000;6.455;6.46;6.325;6.425;1401000;8975260
NMTP;D;20180810;000000;6.405;6.405;6.32;6.34;814000;5170495
NMTP;D;20180813;000000;6.375;6.4;6.29;6.34;2860000;18082355
NMTP;D;20180814;000000;6.355;6.375;6.23;6.27;1328000;8357725
NMTP;D;20180815;000000;6.26;6.3;6.2;6.22;827000;5185785
NMTP;D;20180816;000000;6.27;6.34;6.14;6.315;6352000;39968995
NMTP;D;20180817;000000;6.34;6.355;5.995;5.995;1525000;9303410
NMTP;D;20180820;000000;6.02;6.275;5.98;6.205;1754000;10790820
NMTP;D;20180821;000000;6.205;6.315;6.205;6.26;1368000;8583320
NMTP;D;20180822;000000;6.295;6.39;6.26;6.285;1037000;6547270
NMTP;D;20180823;000000;6.31;6.31;6.215;6.215;191000;1198070
NMTP;D;20180824;000000;6.225;6.45;6.125;6.23;814000;5102030
NMTP;D;20180827;000000;6.26;6.325;6.255;6.3;573000;3613750
NMTP;D;20180828;000000;6.295;6.405;6.28;6.3;379000;2395165
NMTP;D;20180829;000000;6.24;6.29;6.205;6.235;284000;1773735
NMTP;D;20180830;000000;6.285;6.44;6.2;6.2;1562000;9828455
NMTP;D;20180831;000000;6.175;6.225;6.175;6.225;342000;2120995
NMTP;D;20180903;000000;6.23;6.445;6.23;6.355;790000;5030210
NMTP;D;20180904;000000;6.33;6.635;6.33;6.56;2898000;18814320
NMTP;D;20180905;000000;6.545;6.78;6.545;6.72;3093000;20681855
NMTP;D;20180906;000000;6.775;6.775;6.35;6.47;4219000;27485905
NMTP;D;20180907;000000;6.445;6.72;6.445;6.7;2511000;16708090
NMTP;D;20180910;000000;6.67;6.83;6.67;6.77;1610000;10908320
NMTP;D;20180911;000000;6.8;6.82;6.71;6.725;1419000;9608610
NMTP;D;20180912;000000;6.74;6.845;6.68;6.745;4468000;30283380
NMTP;D;20180913;000000;6.755;6.795;6.725;6.79;726000;4902105
NMTP;D;20180914;000000;6.765;6.78;6.695;6.725;912000;6124905
NMTP;D;20180917;000000;6.81;6.83;6.705;6.745;846000;5695800
NMTP;D;20180918;000000;6.8;6.82;6.72;6.78;919000;6229160
NMTP;D;20180919;000000;6.825;7;6.755;7;2410000;16648680
NMTP;D;20180920;000000;7;7.165;7;7.09;1898000;13479845
NMTP;D;20180921;000000;7.095;7.16;6.83;7.16;8843000;62571935
NMTP;D;20180924;000000;7.095;7.145;6.96;6.975;2022000;14256410
NMTP;D;20180925;000000;7.05;7.055;6.935;6.97;1345000;9404105
NMTP;D;20180926;000000;6.98;6.98;6.805;6.835;4016000;27561460
NMTP;D;20180927;000000;6.84;6.89;6.705;6.77;5324000;36040090
NMTP;D;20180928;000000;6.785;6.9;6.755;6.84;3785000;25810220
NMTP;D;20181001;000000;6.805;7.055;6.805;6.93;3295000;22963695
NMTP;D;20181002;000000;6.93;7.05;6.93;6.96;3128000;21861270
NMTP;D;20181003;000000;6.965;7.09;6.95;7.005;3303000;23186075
NMTP;D;20181004;000000;7.025;7.035;6.945;6.995;3027000;21185965
NMTP;D;20181005;000000;6.995;7.02;6.9;6.99;4120000;28683050
NMTP;D;20181008;000000;6.52;6.54;6.385;6.455;4134000;26675275
NMTP;D;20181009;000000;7.1;7.225;6.82;6.82;20085000;140654425
NMTP;D;20181010;000000;6.915;6.915;6.55;6.555;4735000;31428275
NMTP;D;20181011;000000;6.49;6.555;6.305;6.305;8694000;55952545
NMTP;D;20181012;000000;6.36;6.605;6.36;6.435;1908000;12366395
NMTP;D;20181015;000000;6.53;6.595;6.45;6.5;1023000;6658305
NMTP;D;20181016;000000;6.555;6.57;6.5;6.5;3839000;25119000
NMTP;D;20181017;000000;6.545;6.6;6.475;6.575;1310000;8554940
NMTP;D;20181018;000000;6.5;6.505;6.39;6.42;839000;5402510
NMTP;D;20181019;000000;6.425;6.425;6.26;6.285;1215000;7666645
NMTP;D;20181022;000000;6.31;6.34;6.205;6.315;1332000;8373690
NMTP;D;20181023;000000;6.3;6.305;6.16;6.18;1153000;7138890
NMTP;D;20181024;000000;6.245;6.265;6.135;6.195;747000;4628375
NMTP;D;20181025;000000;6.165;6.215;6.125;6.205;880000;5427900
NMTP;D;20181026;000000;6.195;6.22;6.135;6.15;1106000;6843410
NMTP;D;20181029;000000;6.155;6.2;6.12;6.19;732000;4512620
NMTP;D;20181030;000000;6.2;6.235;6.11;6.17;972000;5999215
NMTP;D;20181031;000000;6.205;6.29;6.12;6.135;1767000;10900600
NMTP;D;20181101;000000;6.15;6.15;6.105;6.15;548000;3358840
NMTP;D;20181102;000000;6.16;6.24;6.13;6.185;784000;4829580
NMTP;D;20181106;000000;6.185;6.315;6.165;6.315;842000;5272075
NMTP;D;20181107;000000;6.315;6.665;6.3;6.525;4805000;31412325
NMTP;D;20181108;000000;6.525;6.73;6.465;6.635;2134000;14132310
NMTP;D;20181109;000000;6.695;6.695;6.55;6.62;1807000;11969170
NMTP;D;20181112;000000;6.72;6.72;6.555;6.61;808000;5331045
NMTP;D;20181113;000000;6.65;6.69;6.595;6.605;1072000;7110820
NMTP;D;20181114;000000;6.65;6.745;6.6;6.705;1654000;11086165
NMTP;D;20181115;000000;6.71;6.97;6.705;6.95;4358000;30027915
NMTP;D;20181116;000000;7.01;7.27;6.915;7;3614000;25348870
NMTP;D;20181119;000000;6.98;6.995;6.9;6.98;1097000;7628125
NMTP;D;20181120;000000;6.975;7.03;6.745;6.805;5709000;39212195
NMTP;D;20181121;000000;6.815;6.96;6.81;6.94;1593000;11038165
NMTP;D;20181122;000000;6.99;6.995;6.935;6.95;2679000;18664365
NMTP;D;20181123;000000;6.91;6.94;6.83;6.85;1690000;11624680
NMTP;D;20181126;000000;6.825;6.825;6.575;6.74;730000;4904280
NMTP;D;20181127;000000;6.76;6.855;6.735;6.855;863000;5882255
NMTP;D;20181128;000000;6.865;6.97;6.755;6.9;1212000;8320305
NMTP;D;20181129;000000;6.855;6.94;6.8;6.845;2113000;14478515
NMTP;D;20181130;000000;6.835;6.84;6.725;6.83;979000;6636265
NMTP;D;20181203;000000;6.875;6.935;6.835;6.85;1172000;8053030
NMTP;D;20181204;000000;6.89;6.89;6.79;6.825;546000;3732925
NMTP;D;20181205;000000;6.815;6.85;6.785;6.79;483000;3287215
NMTP;D;20181206;000000;6.795;6.825;6.72;6.735;885000;5979600
NMTP;D;20181207;000000;6.71;6.755;6.675;6.715;760000;5093720
NMTP;D;20181210;000000;6.695;6.73;6.69;6.69;382000;2560920
NMTP;D;20181211;000000;6.695;6.695;6.65;6.66;389000;2595485
NMTP;D;20181212;000000;6.66;6.68;6.63;6.655;390000;2598150
NMTP;D;20181213;000000;6.645;6.695;6.645;6.67;433000;2883595
NMTP;D;20181214;000000;6.68;6.69;6.595;6.62;1007000;6676535
NMTP;D;20181217;000000;6.63;6.67;6.605;6.655;314000;2087685
NMTP;D;20181218;000000;6.65;6.65;6.49;6.63;1665000;10958400
NMTP;D;20181219;000000;6.62;6.65;6.58;6.635;600000;3974745
NMTP;D;20181220;000000;6.565;6.68;6.565;6.675;639000;4231475
NMTP;D;20181221;000000;6.57;6.695;6.515;6.53;2257000;14829325
NMTP;D;20181224;000000;6.55;6.685;6.51;6.67;824000;5442510
NMTP;D;20181225;000000;6.665;6.77;6.56;6.76;1856000;12385485
NMTP;D;20181226;000000;6.75;6.99;6.71;6.88;2336000;16068770
NMTP;D;20181227;000000;6.95;6.965;6.85;6.85;441000;3037715
NMTP;D;20181228;000000;6.85;6.95;6.85;6.855;564000;3883940
NMTP;D;20181229;000000;6.855;6.9;6.825;6.85;532000;3655040
NMTP;D;20190103;000000;6.925;6.965;6.775;6.945;947000;6544380
NMTP;D;20190104;000000;6.955;7;6.9;6.925;1897000;13179070
NMTP;D;20190108;000000;6.705;6.77;6.64;6.735;1076000;7225270
NMTP;D;20190109;000000;6.825;6.825;6.71;6.795;514000;3477155
NMTP;D;20190110;000000;6.78;6.83;6.735;6.815;459000;3118865
NMTP;D;20190111;000000;6.825;6.94;6.805;6.91;1047000;7194050
NMTP;D;20190114;000000;6.9;6.94;6.815;6.94;728000;5018220
NMTP;D;20190115;000000;6.945;6.95;6.825;6.92;1278000;8835495
NMTP;D;20190116;000000;6.935;6.95;6.88;6.905;1238000;8556575
NMTP;D;20190117;000000;6.91;6.94;6.9;6.915;397000;2742715
NMTP;D;20190118;000000;6.915;6.915;6.85;6.9;2048000;14077980
NMTP;D;20190121;000000;6.9;6.94;6.88;6.88;460000;3176685
NMTP;D;20190122;000000;6.9;6.935;6.89;6.91;947000;6537715
NMTP;D;20190123;000000;6.945;6.96;6.89;6.91;881000;6084135
NMTP;D;20190124;000000;6.945;7;6.88;6.9;634000;4381815
NMTP;D;20190125;000000;6.91;6.97;6.89;6.915;537000;3707200
NMTP;D;20190128;000000;6.9;6.975;6.88;6.955;1120000;7750750
NMTP;D;20190129;000000;6.93;6.93;6.885;6.895;879000;6065655
NMTP;D;20190130;000000;6.915;6.995;6.895;6.93;487000;3379655
NMTP;D;20190131;000000;6.94;6.965;6.905;6.92;4106000;28453935
NMTP;D;20190201;000000;6.96;6.98;6.89;6.93;4381000;30241465
NMTP;D;20190204;000000;6.95;7.1;6.945;7.025;1063000;7461170
NMTP;D;20190205;000000;7.03;7.03;6.98;6.995;1135000;7939115
NMTP;D;20190206;000000;7.015;7.15;7.005;7.15;2365000;16752020
NMTP;D;20190207;000000;7.155;7.2;7.055;7.12;1178000;8389830
NMTP;D;20190208;000000;7.11;7.2;7.11;7.16;517000;3705505
NMTP;D;20190211;000000;7.16;7.26;7.105;7.235;885000;6335125
NMTP;D;20190212;000000;7.235;7.29;7.21;7.215;540000;3905820
NMTP;D;20190213;000000;7.215;7.245;7.1;7.185;921000;6604580
NMTP;D;20190214;000000;7.15;7.355;7.075;7.33;2449000;17677240
NMTP;D;20190215;000000;7.28;7.94;7.22;7.605;3334000;25295755
NMTP;D;20190218;000000;7.62;7.81;7.38;7.5;2942000;22201280
NMTP;D;20190219;000000;7.45;7.54;7.365;7.48;1289000;9638275
NMTP;D;20190220;000000;7.455;7.515;7.43;7.495;316000;2363555
NMTP;D;20190221;000000;7.49;7.65;7.395;7.52;469000;3531460
NMTP;D;20190222;000000;7.485;7.54;7.425;7.5;734000;5507125
NMTP;D;20190225;000000;7.48;7.54;7.4;7.505;624000;4671785
NMTP;D;20190226;000000;7.5;7.52;7.47;7.48;206000;1544020
NMTP;D;20190227;000000;7.495;7.56;7.48;7.495;269000;2018080
NMTP;D;20190228;000000;7.48;7.51;7.32;7.45;1161000;8602595
NMTP;D;20190301;000000;7.47;7.47;7.34;7.415;418000;3092095
NMTP;D;20190304;000000;7.41;7.465;7.4;7.415;144000;1067315
NMTP;D;20190305;000000;7.435;7.435;7.3;7.35;500000;3668665
NMTP;D;20190306;000000;7.305;7.35;7.305;7.34;235000;1722055
NMTP;D;20190307;000000;7.315;7.335;7.2;7.27;453000;3284515
NMTP;D;20190311;000000;7.23;7.335;7.205;7.24;281000;2036250
NMTP;D;20190312;000000;7.23;7.345;7.115;7.32;972000;6989450
NMTP;D;20190313;000000;7.315;7.34;7.25;7.28;354000;2584445
NMTP;D;20190314;000000;7.255;7.295;7.13;7.16;1072000;7690355
NMTP;D;20190315;000000;7.17;7.185;7.115;7.16;336000;2405380
NMTP;D;20190318;000000;7.165;7.175;7.11;7.155;689000;4929340
NMTP;D;20190319;000000;7.165;7.185;7.14;7.16;200000;1431760
NMTP;D;20190320;000000;7.155;7.185;7.115;7.14;549000;3923775
NMTP;D;20190321;000000;7.14;7.255;7.12;7.165;841000;6029730
NMTP;D;20190322;000000;7.185;7.345;7.18;7.27;1447000;10477975
NMTP;D;20190325;000000;7.25;7.32;7.215;7.24;406000;2942270
NMTP;D;20190326;000000;7.24;7.45;7.24;7.34;567000;4176785
NMTP;D;20190327;000000;7.32;7.32;7.2;7.32;1104000;8033365
NMTP;D;20190328;000000;7.255;7.34;7.255;7.305;76000;555340
NMTP;D;20190329;000000;7.36;7.42;7.25;7.35;808000;5942305
NMTP;D;20190401;000000;7.385;7.42;7.335;7.36;167000;1230445
NMTP;D;20190402;000000;7.32;7.375;7.275;7.3;314000;2300865
NMTP;D;20190403;000000;7.29;7.36;7.2;7.28;437000;3164300
NMTP;D;20190404;000000;7.24;7.305;7.23;7.28;107000;776345
NMTP;D;20190405;000000;7.27;7.4;7.125;7.295;903000;6582355
NMTP;D;20190408;000000;7.365;7.395;7.255;7.3;208000;1520240
NMTP;D;20190409;000000;7.35;7.36;7.15;7.305;489000;3547210
NMTP;D;20190410;000000;7.34;7.35;7.23;7.285;206000;1501850
NMTP;D;20190411;000000;7.275;7.275;7.185;7.185;145000;1046930
NMTP;D;20190412;000000;7.22;7.24;7.13;7.135;325000;2328945
NMTP;D;20190415;000000;7.155;7.205;7.125;7.14;430000;3087365
NMTP;D;20190416;000000;7.15;7.16;7.05;7.135;1340000;9511475
NMTP;D;20190417;000000;7.145;7.3;7.105;7.105;286000;2043010
NMTP;D;20190418;000000;7.105;7.155;7.095;7.105;102000;726120
NMTP;D;20190419;000000;7.12;7.185;7.12;7.14;159000;1138780
NMTP;D;20190422;000000;7.135;7.255;7.075;7.255;886000;6366625
NMTP;D;20190423;000000;7.3;7.3;7.14;7.165;862000;6199200
NMTP;D;20190424;000000;7.155;7.29;7.14;7.26;682000;4927680
NMTP;D;20190425;000000;7.33;7.44;7.24;7.275;1483000;10874460
NMTP;D;20190426;000000;7.325;7.38;7.225;7.27;338000;2462415
NMTP;D;20190429;000000;7.255;7.33;7.245;7.26;362000;2634815
NMTP;D;20190430;000000;7.25;7.25;7.16;7.185;335000;2405405
NMTP;D;20190502;000000;7.255;7.255;7.165;7.17;95000;682760
NMTP;D;20190503;000000;7.22;7.225;7.14;7.14;178000;1274010
NMTP;D;20190506;000000;7.14;7.185;7.08;7.11;260000;1850180
NMTP;D;20190507;000000;7.105;7.185;7.07;7.15;233000;1661650
NMTP;D;20190508;000000;7.18;7.18;7.03;7.06;754000;5329030
NMTP;D;20190510;000000;7.05;7.12;7.045;7.07;282000;1995795
NMTP;D;20190513;000000;7.095;7.1;7;7.045;459000;3231090
NMTP;D;20190514;000000;7.035;7.04;6.875;6.895;1070000;7435105
NMTP;D;20190515;000000;6.915;7.145;6.885;7.05;1363000;9617785
NMTP;D;20190516;000000;7.06;7.3;7.05;7.245;1004000;7245965
NMTP;D;20190517;000000;7.205;7.57;7.205;7.45;2606000;19400350
NMTP;D;20190520;000000;7.4;7.53;7.3;7.325;1099000;8144335
NMTP;D;20190521;000000;7.34;7.48;7.34;7.37;530000;3931900
NMTP;D;20190522;000000;7.325;7.48;7.255;7.29;1527000;11260365
NMTP;D;20190523;000000;7.39;7.43;7.205;7.26;1092000;7998275
NMTP;D;20190524;000000;7.3;7.305;7.1;7.225;745000;5381965
NMTP;D;20190527;000000;7.265;7.295;7.22;7.25;279000;2024745
NMTP;D;20190528;000000;7.245;7.275;7.2;7.22;159000;1149290
NMTP;D;20190529;000000;7.24;7.26;7.2;7.26;921000;6669775
NMTP;D;20190530;000000;7.225;7.33;7.225;7.255;298000;2164930
NMTP;D;20190531;000000;7.265;7.53;7.245;7.35;1431000;10546590
NMTP;D;20190603;000000;7.39;7.44;7.25;7.4;1464000;10726385
NMTP;D;20190604;000000;7.385;7.455;7.31;7.36;907000;6678795
NMTP;D;20190605;000000;7.4;7.4;7.33;7.38;125000;920090
NMTP;D;20190606;000000;7.35;7.41;7.345;7.395;323000;2383750
NMTP;D;20190607;000000;7.415;7.47;7.38;7.42;1608000;11917405
NMTP;D;20190610;000000;7.42;7.515;7.41;7.46;2174000;16223010
NMTP;D;20190611;000000;7.45;7.5;7.425;7.5;1206000;9040780
NMTP;D;20190613;000000;7.475;7.595;7.45;7.57;1124000;8471830
NMTP;D;20190614;000000;7.995;7.995;7.68;7.74;6743000;52445815
NMTP;D;20190617;000000;7.8;7.895;7.73;7.765;2691000;20991280
NMTP;D;20190618;000000;7.745;7.85;7.65;7.73;2642000;20422295
NMTP;D;20190619;000000;7.74;7.815;7.705;7.745;897000;6957010
NMTP;D;20190620;000000;7.785;7.8;7.7;7.8;1186000;9197690
NMTP;D;20190621;000000;7.765;7.81;7.685;7.77;2054000;15932280
NMTP;D;20190624;000000;7.44;7.575;7.32;7.52;3185000;23802405
NMTP;D;20190625;000000;7.5;7.505;7.4;7.48;483000;3592710
NMTP;D;20190626;000000;7.465;7.48;7.43;7.45;346000;2580780
NMTP;D;20190627;000000;7.445;7.485;7.435;7.455;504000;3757720
NMTP;D;20190628;000000;7.465;7.52;7.45;7.515;276000;2065805
NMTP;D;20190701;000000;7.5;7.555;7.465;7.525;400000;3004020
NMTP;D;20190702;000000;7.48;7.93;7.46;7.81;2924000;22484615
NMTP;D;20190703;000000;7.8;8.5;7.665;8;21743000;175218210
NMTP;D;20190704;000000;8;8.1;7.92;8.035;9616000;77275710
NMTP;D;20190705;000000;8.11;8.11;7.875;8.015;8345000;66973295
NMTP;D;20190708;000000;8.045;8.23;8.045;8.22;3546000;28969460
NMTP;D;20190709;000000;8.27;8.28;8.03;8.165;4882000;40020400
NMTP;D;20190710;000000;8.135;8.29;8.075;8.17;6316000;51384815
NMTP;D;20190711;000000;8.2;8.2;7.98;8.025;4570000;36826845
NMTP;D;20190712;000000;8.03;8.045;7.835;7.91;4339000;34401060
NMTP;D;20190715;000000;7.855;8.08;7.855;7.94;2166000;17191460
NMTP;D;20190716;000000;7.94;7.94;7.745;7.8;2321000;18118400
NMTP;D;20190717;000000;7.78;7.89;7.675;7.84;1359000;10597165
NMTP;D;20190718;000000;7.84;7.915;7.81;7.88;915000;7195260
NMTP;D;20190719;000000;7.895;8.035;7.895;7.975;1149000;9178610
NMTP;D;20190722;000000;8.035;8.055;7.835;7.89;4107000;32689595
NMTP;D;20190723;000000;7.88;8.01;7.85;7.905;1853000;14720125
NMTP;D;20190724;000000;7.965;7.965;7.77;7.82;2384000;18722150
NMTP;D;20190725;000000;7.88;7.885;7.81;7.885;1077000;8451450
NMTP;D;20190726;000000;7.875;7.88;7.835;7.865;908000;7123850
NMTP;D;20190729;000000;7.845;7.875;7.735;7.745;2333000;18168405
NMTP;D;20190730;000000;7.755;7.755;7.605;7.61;2568000;19656480
NMTP;D;20190731;000000;7.64;7.77;7.615;7.69;2665000;20513030
NMTP;D;20190801;000000;7.73;7.76;7.635;7.66;1546000;11885665
NMTP;D;20190802;000000;7.67;7.67;7.525;7.565;3341000;25411430
NMTP;D;20190805;000000;7.61;7.74;7.56;7.715;3237000;24831910
NMTP;D;20190806;000000;7.71;7.9;7.645;7.695;11135000;86452830
NMTP;D;20190807;000000;7.69;7.875;7.685;7.81;6341000;49340680
NMTP;D;20190808;000000;7.895;7.995;7.82;7.835;5008000;39508425
NMTP;D;20190809;000000;7.865;7.965;7.755;7.945;5773000;45196210
NMTP;D;20190812;000000;7.97;7.985;7.8;7.975;2028000;16100770
NMTP;D;20190813;000000;7.98;8.07;7.91;8.02;4001000;32040465
NMTP;D;20190814;000000;8.08;8.215;8.035;8.195;6527000;53085120
NMTP;D;20190815;000000;8.19;8.19;8;8.04;4010000;32445735
NMTP;D;20190816;000000;8.07;8.195;8.02;8.1;3141000;25539480
NMTP;D;20190819;000000;8.055;8.175;8;8.08;1378000;11117895
NMTP;D;20190820;000000;8.08;8.15;8.07;8.11;765000;6209860
NMTP;D;20190821;000000;8.14;8.165;8.07;8.15;972000;7906265
NMTP;D;20190822;000000;8.155;8.155;8.115;8.14;633000;5146245
NMTP;D;20190823;000000;8.15;8.15;8.07;8.08;1310000;10607240
NMTP;D;20190826;000000;8.055;8.07;7.925;7.99;2149000;17145385
NMTP;D;20190827;000000;7.94;8.06;7.81;8.03;1984000;15715505
NMTP;D;20190828;000000;7.98;8.05;7.965;7.99;1001000;7999275
NMTP;D;20190829;000000;8.055;8.175;7.97;8.055;8668000;69745765
NMTP;D;20190830;000000;8.085;8.15;8.005;8.135;3193000;25906575
NMTP;D;20190902;000000;8.16;8.25;8.105;8.25;2991200;24487907.5
NMTP;D;20190903;000000;8.26;8.645;8.25;8.475;5783400;48980261.5
NMTP;D;20190904;000000;8.51;8.695;8.49;8.565;3932100;33745211
NMTP;D;20190905;000000;8.585;8.71;8.31;8.435;3947700;33781736.5
NMTP;D;20190906;000000;8.455;8.59;8.45;8.5;2475800;21041216
NMTP;D;20190909;000000;8.5;8.625;8.5;8.505;1156700;9918738.5
NMTP;D;20190910;000000;8.605;8.605;8.375;8.4;3145000;26549170.5
NMTP;D;20190911;000000;8.4;8.495;8.31;8.49;1224800;10334998
NMTP;D;20190912;000000;8.46;8.63;8.425;8.44;2968000;25304962
NMTP;D;20190913;000000;8.435;8.485;8.42;8.45;587900;4974414
NMTP;D;20190916;000000;8.42;8.565;8.41;8.455;2302900;19507310
NMTP;D;20190917;000000;8.48;8.61;8.44;8.61;3753600;32008705
NMTP;D;20190918;000000;8.63;8.715;8.605;8.62;1693700;14659130
NMTP;D;20190919;000000;8.655;8.68;8.495;8.535;1864600;15951595.5
NMTP;D;20190920;000000;8.535;8.66;8.535;8.62;1285200;11069741.5
NMTP;D;20190923;000000;8.62;8.665;8.51;8.6;1348100;11586089
NMTP;D;20190924;000000;8.64;8.64;8.43;8.5;1122100;9558918.5
NMTP;D;20190925;000000;8.48;8.48;8.315;8.405;2131500;17879164
NMTP;D;20190926;000000;8.445;8.525;8.385;8.4;918500;7765635.5
NMTP;D;20190927;000000;8.45;8.495;8.385;8.47;909600;7663765.5
NMTP;D;20190930;000000;8.5;8.525;8.38;8.41;809600;6809746.5
NMTP;D;20191001;000000;8.465;8.465;8.335;8.335;1228100;10274769
NMTP;D;20191002;000000;8.4;8.4;8.195;8.195;2262900;18667880
NMTP;D;20191003;000000;8.3;8.3;8.075;8.16;2389700;19497803.5
NMTP;D;20191004;000000;8.18;8.345;8.17;8.25;916500;7586887.5
NMTP;D;20191007;000000;8.295;8.3;8.115;8.16;1843200;15037005
NMTP;D;20191008;000000;8.2;8.205;8.05;8.14;1581900;12837387
NMTP;D;20191009;000000;8.15;8.29;8.035;8.245;1563800;12774778
NMTP;D;20191010;000000;8.26;8.38;8.2;8.255;760700;6291826
NMTP;D;20191011;000000;8.295;8.365;8.135;8.2;1439600;11883773
NMTP;D;20191014;000000;8.27;8.36;8.05;8.35;1562700;12975920
NMTP;D;20191015;000000;8.375;8.375;8.25;8.305;653400;5447204
NMTP;D;20191016;000000;8.255;8.345;8.225;8.335;702300;5838280
NMTP;D;20191017;000000;8.345;8.43;8.305;8.385;1065200;8916319.5
NMTP;D;20191018;000000;8.36;8.4;8.34;8.365;369500;3091553
NMTP;D;20191021;000000;8.375;8.42;8.3;8.35;1226700;10265651.5
NMTP;D;20191022;000000;8.355;8.355;8.32;8.325;430000;3586264
NMTP;D;20191023;000000;8.365;8.385;8.265;8.31;1936400;16085994.5
NMTP;D;20191024;000000;8.325;8.35;8.285;8.33;1232300;10268764.5
NMTP;D;20191025;000000;8.335;8.345;8.225;8.25;966400;7996485.5
NMTP;D;20191028;000000;8.24;8.35;8.06;8.29;1278200;10571091.5
NMTP;D;20191029;000000;8.24;8.35;8.155;8.215;2351600;19442536
NMTP;D;20191030;000000;8.215;8.265;8.14;8.265;1661400;13665621
NMTP;D;20191031;000000;8.24;8.345;8.22;8.235;3451300;28611995.5
NMTP;D;20191101;000000;8.235;8.29;8.14;8.2;1971100;16178426.5
NMTP;D;20191105;000000;8.225;8.3;8.15;8.25;2114000;17330391.5
NMTP;D;20191106;000000;8.26;8.275;8.17;8.19;1786500;14644544
NMTP;D;20191107;000000;8.185;8.24;8.15;8.21;2775900;22736604.5
NMTP;D;20191108;000000;8.23;8.25;8.17;8.2;992700;8130774.5
NMTP;D;20191111;000000;8.2;8.24;8.175;8.195;634400;5198702.5
NMTP;D;20191112;000000;8.19;8.225;8.18;8.2;1359500;11145037
NMTP;D;20191113;000000;8.17;8.215;8.145;8.18;1373700;11226577.5
NMTP;D;20191114;000000;8.2;8.225;8.15;8.17;1432500;11724375
NMTP;D;20191115;000000;8.155;8.2;8.15;8.19;712200;5835012
NMTP;D;20191118;000000;8.2;8.225;8.135;8.15;2178900;17766122.5
NMTP;D;20191119;000000;8.15;8.18;8.12;8.16;1305300;10638584.5
NMTP;D;20191120;000000;8.18;8.19;8.125;8.145;805100;6557856.5
NMTP;D;20191121;000000;8.15;8.195;8.08;8.12;1195500;9730929
NMTP;D;20191122;000000;8.14;8.145;8.075;8.1;1119200;9066134.5
NMTP;D;20191125;000000;8.1;8.135;8.08;8.09;1134200;9183247.5
NMTP;D;20191126;000000;8.09;8.13;8.05;8.065;1346600;10892016.5
NMTP;D;20191127;000000;8.1;8.15;8.025;8.075;1854000;14987246
NMTP;D;20191128;000000;8.095;8.125;8.03;8.03;1053300;8486026.5
NMTP;D;20191129;000000;8.07;8.075;8;8.005;1682400;13493527
NMTP;D;20191202;000000;8.005;8.25;8.005;8.18;5275900;43190586.5
NMTP;D;20191203;000000;8.215;8.215;8.06;8.095;2454300;19930219
NMTP;D;20191204;000000;8.085;8.135;8.055;8.065;704000;5688022
NMTP;D;20191205;000000;8.06;8.115;8;8.04;2373600;19061537
NMTP;D;20191206;000000;8.06;8.09;8.03;8.065;1173900;9466518.5
NMTP;D;20191209;000000;8.08;8.2;8.065;8.195;2203000;17965866
NMTP;D;20191210;000000;8.2;8.23;8.17;8.21;1522500;12496517
NMTP;D;20191211;000000;8.2;8.35;8.19;8.34;2337000;19383006
NMTP;D;20191212;000000;8.34;8.455;8.32;8.44;3039000;25562607.5
NMTP;D;20191213;000000;8.435;8.485;8.4;8.43;1994800;16843383.5
NMTP;D;20191216;000000;8.43;8.525;8.35;8.385;2152200;18166045
NMTP;D;20191217;000000;8.45;8.47;8.33;8.375;1898500;15940685
NMTP;D;20191218;000000;8.415;8.47;8.3;8.36;4248000;35565676.5
NMTP;D;20191219;000000;8.38;8.39;8.305;8.36;2864500;23945891.5
NMTP;D;20191220;000000;8.415;8.415;8.315;8.345;1668200;13927811
NMTP;D;20191223;000000;8.33;8.4;8.33;8.38;1664200;13934533
NMTP;D;20191224;000000;8.41;8.495;8.32;8.37;3700600;30959875
NMTP;D;20191225;000000;8.385;8.45;8.365;8.425;1979900;16698613.5
NMTP;D;20191226;000000;8.45;8.65;8.42;8.61;3010700;25772349
NMTP;D;20191227;000000;8.61;8.945;8.61;8.85;5167900;45617001.5
NMTP;D;20191230;000000;8.9;8.99;8.9;8.99;3751300;33625865.5
NMTP;D;20200103;000000;9;9.74;8.94;9.32;15297400;144884375.5
NMTP;D;20200106;000000;9.295;9.69;9.215;9.465;4807600;45720094
NMTP;D;20200108;000000;9.5;9.5;9.23;9.415;3131500;29270640.5
NMTP;D;20200109;000000;9.415;9.55;9.255;9.3;3852400;36038273
NMTP;D;20200110;000000;9.38;9.38;9.195;9.255;3034400;28098351
NMTP;D;20200113;000000;9.245;9.55;9.205;9.5;4155000;39258691.5
NMTP;D;20200114;000000;9.55;9.74;9.425;9.52;5663300;54276683.5
NMTP;D;20200115;000000;9.575;9.585;9.41;9.45;2968000;28175807.5
NMTP;D;20200116;000000;9.545;9.68;9.41;9.67;3276400;31546057.5
NMTP;D;20200117;000000;9.67;9.74;9.6;9.64;1900600;18385854.5
NMTP;D;20200120;000000;9.77;10.225;9.77;10.05;9293300;93155996
NMTP;D;20200121;000000;10.05;10.175;9.895;9.905;3653000;36440928.5
NMTP;D;20200122;000000;9.99;10.055;9.315;9.58;6032400;58286630.5
NMTP;D;20200123;000000;9.56;9.79;9.34;9.48;4246000;40392592.5
NMTP;D;20200124;000000;9.53;9.69;9.455;9.5;3088000;29445575.5
NMTP;D;20200127;000000;9.47;9.475;8.96;9.15;7301900;67208529.5
NMTP;D;20200128;000000;9.18;9.32;9.125;9.21;3489600;32221266
NMTP;D;20200129;000000;9.305;9.485;9.25;9.395;2594600;24370924.5
NMTP;D;20200130;000000;9.365;9.435;9.185;9.35;2524200;23539447
NMTP;D;20200131;000000;9.365;9.465;9.165;9.17;3968500;36957409
NMTP;D;20200203;000000;9.17;9.2;9.025;9.095;4309200;39322231
NMTP;D;20200204;000000;9.3;9.355;9.1;9.26;9246300;85235908
NMTP;D;20200205;000000;9.25;9.415;9.25;9.315;4240200;39608650
NMTP;D;20200206;000000;9.375;9.485;9.255;9.475;11408500;107130582
NMTP;D;20200207;000000;9.49;9.59;9.315;9.505;4861900;46094963.5
NMTP;D;20200210;000000;9.45;9.715;9.38;9.49;5919600;56537440
NMTP;D;20200211;000000;9.515;9.65;9.4;9.535;4044500;38707779.5
NMTP;D;20200212;000000;9.53;9.68;9.53;9.575;3070200;29416224
NMTP;D;20200213;000000;9.63;9.7;9.54;9.64;3948500;37955792
NMTP;D;20200214;000000;9.7;9.73;9.605;9.615;2930700;28323372
NMTP;D;20200217;000000;9.62;9.725;9.51;9.59;3793200;36444928
NMTP;D;20200218;000000;9.52;9.64;9.36;9.465;3307400;31466382
NMTP;D;20200219;000000;9.535;9.615;9.465;9.51;4571600;43665133.5
NMTP;D;20200220;000000;9.565;9.595;9.545;9.56;1356100;12974162.5
NMTP;D;20200221;000000;9.5;9.59;9.49;9.5;1846000;17589419.5
NMTP;D;20200225;000000;9.385;9.73;9.27;9.365;7991600;75237045.5
NMTP;D;20200226;000000;9.31;9.5;9.125;9.41;11050200;103772057
NMTP;D;20200227;000000;9.44;9.44;9.1;9.105;6507300;60032417
NMTP;D;20200228;000000;9.04;9.04;8.45;8.68;10553700;92479226.5
NMTP;D;20200302;000000;8.985;9.42;8.805;9.18;7389200;67408859.5
NMTP;D;20200303;000000;9.235;9.43;9.14;9.265;3064300;28395517.5
NMTP;D;20200304;000000;9.275;9.355;9.11;9.24;2009800;18587857
NMTP;D;20200305;000000;9.24;9.37;9.155;9.175;2532000;23375085.5
NMTP;D;20200306;000000;9.005;9.18;9;9.15;4170900;37895069.5
NMTP;D;20200310;000000;9;9.285;8.32;8.99;8339600;74437239.5
NMTP;D;20200311;000000;9.04;9.135;8.825;8.97;3224400;29014400.5
NMTP;D;20200312;000000;8.875;8.89;8.2;8.225;8726500;74004758.5
NMTP;D;20200313;000000;8.22;8.6;8.12;8.39;3687900;31158330
NMTP;D;20200316;000000;8.22;8.385;7.57;8.025;6066900;48600772
NMTP;D;20200317;000000;7.975;8.195;7.65;7.83;2365400;18612598
NMTP;D;20200318;000000;7.82;7.82;7.4;7.425;3379100;25489844
NMTP;D;20200319;000000;7.4;7.825;7.21;7.595;3524000;26675065
NMTP;D;20200320;000000;7.795;8.2;7.76;8.11;3763000;30271545
NMTP;D;20200323;000000;7.815;8.25;7.81;8.07;2789100;22541136
NMTP;D;20200324;000000;8.3;8.6;8.25;8.485;2798900;23640980
NMTP;D;20200325;000000;8.5;8.75;8.155;8.365;3896700;33149424.5
NMTP;D;20200326;000000;8.3;8.43;8.205;8.375;1988400;16536164
NMTP;D;20200327;000000;8.33;8.5;8;8.26;1921800;15787034
NMTP;D;20200330;000000;8.28;8.575;8.005;8.525;2711200;22721445.5
NMTP;D;20200331;000000;8.555;8.8;8.525;8.675;2076500;18053758.5
NMTP;D;20200401;000000;8.575;8.795;8.535;8.65;1577300;13735808.5
NMTP;D;20200402;000000;8.795;8.795;8.405;8.605;3338700;28770362.5
NMTP;D;20200403;000000;8.605;8.8;8.605;8.795;1943600;16936093
NMTP;D;20200406;000000;8.775;8.995;8.775;8.98;1918400;17144793.5
NMTP;D;20200407;000000;9.08;9.15;8.8;8.87;3022300;27047578.5
NMTP;D;20200408;000000;8.88;8.975;8.655;8.725;5135500;44844274
NMTP;D;20200409;000000;8.765;8.855;8.505;8.605;9132400;78964764.5
NMTP;D;20200410;000000;8.615;8.615;8.45;8.55;3848600;32777562
NMTP;D;20200413;000000;8.47;8.62;8.37;8.58;2463700;20923177.5
NMTP;D;20200414;000000;8.6;8.69;8.575;8.645;2053700;17777735.5
NMTP;D;20200415;000000;8.605;8.69;8.415;8.44;2317800;19717541.5
NMTP;D;20200416;000000;8.425;8.57;8.375;8.54;1602200;13600635
NMTP;D;20200417;000000;8.65;8.655;8.575;8.635;968900;8352865.5
NMTP;D;20200420;000000;8.675;8.72;8.57;8.61;1155000;9982425
NMTP;D;20200421;000000;8.58;8.635;8.425;8.595;1682300;14322185.5
NMTP;D;20200422;000000;8.585;8.72;8.51;8.72;1413200;12231596.5
NMTP;D;20200423;000000;8.73;8.785;8.52;8.615;2778600;24014599.5
NMTP;D;20200424;000000;8.64;8.795;8.5;8.545;2424100;20739331
NMTP;D;20200427;000000;8.6;8.68;8.52;8.6;1822100;15666669
NMTP;D;20200428;000000;8.625;8.665;8.545;8.58;2383200;20478796.5
NMTP;D;20200429;000000;8.64;8.85;8.575;8.65;5217800;45606799
NMTP;D;20200430;000000;8.7;8.755;8.555;8.66;3384100;29160982
NMTP;D;20200504;000000;8.62;8.62;8.545;8.58;1487500;12764993
NMTP;D;20200505;000000;8.63;8.66;8.545;8.63;2116200;18232234
NMTP;D;20200506;000000;8.75;8.78;8.62;8.67;1869300;16237461
NMTP;D;20200507;000000;8.64;8.725;8.62;8.69;1250200;10822115
NMTP;D;20200508;000000;8.695;8.695;8.58;8.69;1664300;14361828
NMTP;D;20200512;000000;8.715;8.8;8.6;8.72;2371900;20731504
NMTP;D;20200513;000000;8.67;8.77;8.67;8.7;991600;8649992.5
NMTP;D;20200514;000000;8.7;8.72;8.605;8.645;1809000;15644735
NMTP;D;20200515;000000;8.665;8.76;8.625;8.725;1119800;9765625
NMTP;D;20200518;000000;8.735;8.88;8.735;8.795;2019900;17839391
NMTP;D;20200519;000000;8.805;9.1;8.805;8.98;3620500;32264259.5
NMTP;D;20200520;000000;9;9.3;8.875;9.175;2962400;26915968
NMTP;D;20200521;000000;9.275;9.275;8.92;8.93;2254700;20506340
NMTP;D;20200522;000000;8.915;9.09;8.815;8.98;1670500;15001834
NMTP;D;20200525;000000;9.07;9.165;8.985;9.16;2203700;20110699
NMTP;D;20200526;000000;9.17;9.28;9.075;9.13;4590000;41948479.5
NMTP;D;20200527;000000;9.155;9.17;9.1;9.125;1687600;15404473.5
NMTP;D;20200528;000000;9.125;9.41;9.12;9.335;2697000;25047078.5
NMTP;D;20200529;000000;9.25;9.64;9.25;9.48;3871300;36737374
NMTP;D;20200601;000000;9.51;9.795;9.51;9.77;4494800;43656126.5
NMTP;D;20200602;000000;9.77;9.93;9.41;9.605;8987500;86852119
NMTP;D;20200603;000000;9.645;9.73;9.5;9.695;3179000;30511291
NMTP;D;20200604;000000;9.695;9.695;9.215;9.415;5201000;49078208
NMTP;D;20200605;000000;9.425;9.535;9.385;9.47;2128400;20121656.5
NMTP;D;20200608;000000;9.495;9.675;9.425;9.58;3000900;28821571.5
NMTP;D;20200609;000000;9.625;9.695;9.325;9.4;4280800;40526157
NMTP;D;20200610;000000;9.52;9.52;9.355;9.45;2497700;23568332
NMTP;D;20200611;000000;9.445;9.655;8.785;9.19;7950000;73881274
NMTP;D;20200615;000000;8.915;9.17;8.895;9.135;5200700;47228505
NMTP;D;20200616;000000;10.045;12.48;10.045;11.08;82835700;911747936
NMTP;D;20200617;000000;11.15;11.35;10.96;11.09;24816000;276010914.5
NMTP;D;20200618;000000;11.24;11.24;10.835;10.92;12960300;142296496
NMTP;D;20200619;000000;11;11;10.82;10.9;6255600;68129822
NMTP;D;20200622;000000;10.95;11.11;10.655;10.755;12858000;139659811.5
NMTP;D;20200623;000000;10.84;10.9;10.725;10.75;11555700;124901369
NMTP;D;20200625;000000;10.695;10.855;10.5;10.6;11367600;120949056
NMTP;D;20200626;000000;10.735;10.735;10.27;10.3;14762600;154583572
NMTP;D;20200629;000000;10.375;10.5;10.265;10.45;9843700;102490217.5
NMTP;D;20200630;000000;10.505;10.64;10.43;10.46;7309600;76666084
NMTP;D;20200702;000000;10.55;10.605;10.485;10.55;5705200;60227236
NMTP;D;20200703;000000;10.56;10.69;10.56;10.68;6363300;67670105.5
NMTP;D;20200706;000000;10.71;10.79;10.69;10.745;8315500;89356150.5
NMTP;D;20200707;000000;10.745;10.77;10.685;10.695;6349600;68012045
NMTP;D;20200708;000000;10.72;10.75;10.585;10.63;5273900;56151551
NMTP;D;20200709;000000;10.66;10.725;10.57;10.61;7630800;81093936.5
NMTP;D;20200710;000000;10.6;10.675;10.59;10.63;4383400;46610617
NMTP;D;20200713;000000;10.66;10.715;10.585;10.605;6488100;69036965.5
NMTP;D;20200714;000000;10.595;10.64;10.5;10.535;5520400;58154541.5
NMTP;D;20200715;000000;10.555;10.67;10.555;10.645;5580500;59380301.5
NMTP;D;20200716;000000;10.645;10.785;10.63;10.735;10800300;115856871.5
NMTP;D;20200717;000000;10.815;10.95;10.81;10.93;11293900;122803411.5
NMTP;D;20200720;000000;10.95;10.99;10.705;10.845;18100000;196632033.5
NMTP;D;20200721;000000;10.865;10.92;10.8;10.82;14768100;160306389
NMTP;D;20200722;000000;10.86;10.92;10.825;10.88;16826600;183111811.5
NMTP;D;20200723;000000;10.95;10.98;10.69;10.745;28584900;309150957.5
NMTP;D;20200724;000000;10.7;10.725;10.52;10.725;34751600;370332866
NMTP;D;20200727;000000;9.655;9.655;9;9.58;27514400;261182709
NMTP;D;20200728;000000;9.565;9.59;9.505;9.51;5319200;50754840
NMTP;D;20200729;000000;9.5;9.535;9.165;9.35;12961300;121070744.5
NMTP;D;20200730;000000;9.4;9.435;9.195;9.2;7994400;74065268
NMTP;D;20200731;000000;9.225;9.295;9.205;9.23;5160200;47728611.5
NMTP;D;20200803;000000;9.26;9.295;9.2;9.225;7851700;72479937
NMTP;D;20200804;000000;9.225;9.3;9.225;9.25;4589700;42496176.5
NMTP;D;20200805;000000;9.265;9.3;9.2;9.255;6718900;62128411.5
NMTP;D;20200806;000000;9.215;9.265;9.15;9.175;4784000;44026189
NMTP;D;20200807;000000;9.21;9.22;9.1;9.17;4215600;38588978
NMTP;D;20200810;000000;9.2;9.25;9.16;9.185;2393200;22017796.5
NMTP;D;20200811;000000;9.21;9.24;9.105;9.12;6215400;56891686.5
NMTP;D;20200812;000000;9.16;9.175;9.125;9.16;4268100;39057557
NMTP;D;20200813;000000;9.155;9.23;9.155;9.215;3967600;36485472.5
NMTP;D;20200814;000000;9.22;9.25;9.135;9.16;3727300;34233474.5
NMTP;D;20200817;000000;9.14;9.3;9.12;9.14;5132500;46989757.5
NMTP;D;20200818;000000;9.185;9.185;9.12;9.13;2794600;25549148
NMTP;D;20200819;000000;9.12;9.15;9.095;9.095;4892200;44571949
NMTP;D;20200820;000000;9.09;9.11;9;9.005;5991700;54159497.5
NMTP;D;20200821;000000;9.005;9.07;8.825;8.87;7096400;63217725
NMTP;D;20200824;000000;8.89;9;8.865;8.99;2726700;24494357
NMTP;D;20200825;000000;9;9.08;8.98;9;2040700;18434792
NMTP;D;20200826;000000;9.025;9.095;8.985;9.04;2523100;22827335.5
NMTP;D;20200827;000000;9.065;9.095;8.92;8.98;2509600;22581147
NMTP;D;20200828;000000;9;9;8.865;8.905;3124600;27798150.5
NMTP;D;20200831;000000;8.91;8.985;8.865;8.87;3180200;28382569.5
NMTP;D;20200901;000000;8.905;8.92;8.78;8.79;5515700;48695801.5
NMTP;D;20200902;000000;8.77;8.835;8.655;8.655;5638300;49398536
NMTP;D;20200903;000000;8.76;8.76;8.6;8.65;3309100;28639529
NMTP;D;20200904;000000;8.605;8.665;8.6;8.655;2716700;23442939.5
NMTP;D;20200907;000000;8.685;8.75;8.645;8.705;1940200;16886054.5
NMTP;D;20200908;000000;8.705;8.75;8.55;8.6;3377700;29187655.5
NMTP;D;20200909;000000;8.635;8.65;8.56;8.62;1708500;14729299.5
NMTP;D;20200910;000000;8.65;8.695;8.56;8.66;2421700;20947959
NMTP;D;20200911;000000;8.67;8.67;8.59;8.63;2222600;19151413
NMTP;D;20200914;000000;8.7;8.715;8.565;8.61;12145600;104985156.5
NMTP;D;20200915;000000;8.645;8.72;8.615;8.685;6840500;59281743
NMTP;D;20200916;000000;8.66;8.71;8.62;8.625;5383800;46673716.5
NMTP;D;20200917;000000;8.695;9.1;8.62;8.96;13678900;121109633
NMTP;D;20200918;000000;9.045;9.2;8.81;9.2;15847500;143471075
NMTP;D;20200921;000000;9.18;9.18;8.815;8.82;3999300;35653335.5
NMTP;D;20200922;000000;8.895;8.895;8.7;8.7;4007100;35100842
NMTP;D;20200923;000000;8.79;8.79;8.58;8.6;4030200;34814833.5
NMTP;D;20200924;000000;8.59;8.63;8.5;8.53;3962200;33867157.5
NMTP;D;20200925;000000;8.595;8.68;8.545;8.6;2894800;24905641.5
NMTP;D;20200928;000000;8.6;8.685;8.57;8.585;3123200;26888146
NMTP;D;20200929;000000;8.61;8.635;8.54;8.54;3581600;30723346
NMTP;D;20200930;000000;8.555;8.625;8.53;8.565;3378400;28982318.5
NMTP;D;20201001;000000;8.565;8.61;8.47;8.485;4121400;35050360
NMTP;D;20201002;000000;8.45;8.535;8.4;8.425;2160900;18226046
NMTP;D;20201005;000000;8.41;8.53;8.41;8.47;1699600;14396088
NMTP;D;20201006;000000;8.47;8.585;8.47;8.49;2168400;18497705.5
NMTP;D;20201007;000000;8.51;8.55;8.405;8.42;2188400;18535748.5
NMTP;D;20201008;000000;8.475;8.5;8.41;8.435;1557000;13163797.5
NMTP;D;20201009;000000;8.435;8.485;8.33;8.345;3001500;25225886.5
NMTP;D;20201012;000000;8.34;8.415;8.3;8.32;1799100;15004995
NMTP;D;20201013;000000;8.34;8.39;8.3;8.3;2513200;20950808.5
NMTP;D;20201014;000000;8.3;8.33;8.155;8.165;4259300;34987973
NMTP;D;20201015;000000;8.17;8.23;8.16;8.18;2952800;24196923.5
NMTP;D;20201016;000000;8.17;8.225;8.075;8.16;5338200;43430017
NMTP;D;20201019;000000;8.215;8.225;8.14;8.145;1440800;11774804.5
NMTP;D;20201020;000000;8.145;8.155;8.055;8.125;3640900;29501442
NMTP;D;20201021;000000;8.125;8.125;8.02;8.02;3350200;26996038.5
NMTP;D;20201022;000000;8.03;8.105;8.02;8.045;2287500;18438078.5
NMTP;D;20201023;000000;8.11;8.11;8.03;8.06;2138400;17253361
NMTP;D;20201026;000000;8.05;8.105;8.03;8.04;1678400;13515426.5
NMTP;D;20201027;000000;8.04;8.075;7.975;8.03;3663600;29306571.5
NMTP;D;20201028;000000;7.99;8.03;7.77;7.805;3906600;30645287
NMTP;D;20201029;000000;7.77;7.905;7.77;7.865;2022000;15843459
NMTP;D;20201030;000000;7.85;7.98;7.755;7.845;4658700;36607751.5
NMTP;D;20201102;000000;7.88;7.96;7.8;7.91;2204000;17385100
NMTP;D;20201103;000000;7.94;8.035;7.905;7.925;2314600;18444833.5
NMTP;D;20201105;000000;7.995;8.025;7.805;7.92;4588300;36377293
NMTP;D;20201106;000000;7.97;7.97;7.815;7.89;3875100;30560001
NMTP;D;20201109;000000;7.94;8.18;7.9;8.035;10526100;84712440.5
NMTP;D;20201110;000000;8.055;8.39;8.01;8.325;10614100;88022396.5
NMTP;D;20201111;000000;8.34;8.44;8.095;8.1;8548800;70561287.5
NMTP;D;20201112;000000;8.155;8.32;8.085;8.3;4932200;40628436.5
NMTP;D;20201113;000000;8.3;8.38;8.14;8.35;5250600;43598264
NMTP;D;20201116;000000;8.35;8.495;8.3;8.425;7270500;61091660.5
NMTP;D;20201117;000000;8.5;8.5;8.21;8.235;5879100;48835974
NMTP;D;20201118;000000;8.26;8.39;8.215;8.3;5482600;45696804
NMTP;D;20201119;000000;8.355;8.435;8.245;8.315;3060400;25522165
NMTP;D;20201120;000000;8.34;8.345;8.2;8.27;3824400;31595468.5
NMTP;D;20201123;000000;8.285;8.365;8.185;8.19;5419700;44881915
NMTP;D;20201124;000000;8.2;8.27;8.19;8.21;4003900;32936661.5
NMTP;D;20201125;000000;8.265;8.295;8.185;8.275;3871000;31970809
NMTP;D;20201126;000000;8.3;8.34;8.24;8.29;5451500;45256162
NMTP;D;20201127;000000;8.24;8.34;8.205;8.26;7308700;60411633.5
NMTP;D;20201130;000000;8.26;8.305;8.2;8.23;2704000;22297554
NMTP;D;20201201;000000;8.22;8.3;8.21;8.265;2528400;20925798.5
NMTP;D;20201202;000000;8.265;8.4;8.21;8.26;4764600;39643206
NMTP;D;20201203;000000;8.295;8.325;8.2;8.215;4437000;36596845.5
NMTP;D;20201204;000000;8.215;8.3;8.13;8.22;5100500;42003381.5
NMTP;D;20201207;000000;8.26;8.26;8.16;8.16;4596300;37716194
NMTP;D;20201208;000000;8.185;8.22;8.11;8.14;4200300;34310471
NMTP;D;20201209;000000;8.125;8.175;8.06;8.135;5454100;44274967.5
NMTP;D;20201210;000000;8.135;8.175;8.07;8.085;4683600;37933709
NMTP;D;20201211;000000;8.085;8.14;8.025;8.095;5894300;47662088
NMTP;D;20201214;000000;8.14;8.2;8.1;8.1;4329100;35274434
NMTP;D;20201215;000000;8.16;8.16;8.06;8.07;4935700;39917715
NMTP;D;20201216;000000;8.1;8.23;8.07;8.17;5703900;46402495.5
NMTP;D;20201217;000000;8.1;8.185;8.1;8.13;4300900;34963998
NMTP;D;20201218;000000;8.15;8.155;8.105;8.105;4081800;33148274
NMTP;D;20201221;000000;8.1;8.115;7.98;8.01;7986700;64039531
NMTP;D;20201222;000000;8.01;8.14;8.005;8.105;3036200;24558255.5
NMTP;D;20201223;000000;8.11;8.15;8.08;8.105;2603200;21142348.5
NMTP;D;20201224;000000;8.14;8.14;8;8.03;4678200;37606274.5
NMTP;D;20201225;000000;8.02;8.09;8.02;8.03;3347600;26909828.5
NMTP;D;20201228;000000;8.03;8.07;8.005;8.03;8150500;65531796.5
NMTP;D;20201229;000000;8.04;8.085;8.025;8.055;5005600;40337620
NMTP;D;20201230;000000;8.08;8.12;8.03;8.1;3393700;27444848
NMTP;D;20210104;000000;8.08;8.155;8.08;8.12;5166100;41963625
NMTP;D;20210105;000000;8.14;8.155;8.075;8.14;2527800;20546789.5
NMTP;D;20210106;000000;8.17;8.175;8.12;8.135;5089000;41473791
NMTP;D;20210108;000000;8.2;8.2;8.14;8.17;6967400;56989988
NMTP;D;20210111;000000;8.17;8.33;8.13;8.265;7732800;63661342.5
NMTP;D;20210112;000000;8.27;8.69;8.24;8.455;24010800;204168334
NMTP;D;20210113;000000;8.535;8.67;8.325;8.34;12469800;105900166
NMTP;D;20210114;000000;8.345;8.575;8.345;8.505;5987600;50937820.5
NMTP;D;20210115;000000;8.505;8.68;8.4;8.435;5968200;50694978
NMTP;D;20210118;000000;8.515;8.515;8.31;8.39;5345300;44796793
NMTP;D;20210119;000000;8.475;8.485;8.36;8.375;4087600;34361758.5
NMTP;D;20210120;000000;8.44;8.47;8.31;8.375;5336900;44720015
NMTP;D;20210121;000000;8.375;8.415;8.08;8.35;11670500;96674322
NMTP;D;20210122;000000;8.35;8.5;8.19;8.35;16163900;135218648
NMTP;D;20210125;000000;8.37;8.495;8.33;8.405;4659900;39174865.5
NMTP;D;20210126;000000;8.405;8.445;8.36;8.37;2596100;21810506.5
NMTP;D;20210127;000000;8.405;8.43;8.23;8.24;3900800;32494828.5
NMTP;D;20210128;000000;8.275;8.35;8.2;8.255;4716100;39000967.5
NMTP;D;20210129;000000;8.245;8.35;8.23;8.28;3229900;26725250
NMTP;D;20210201;000000;8.23;8.35;8.23;8.245;5330000;44120233.5
NMTP;D;20210202;000000;8.275;8.335;8.265;8.29;2579600;21394245
NMTP;D;20210203;000000;8.245;8.365;8.245;8.27;2644500;21994740.5
NMTP;D;20210204;000000;8.27;8.33;8.25;8.295;1918000;15905377
NMTP;D;20210205;000000;8.315;8.335;8.24;8.26;3439000;28428608.5
NMTP;D;20210208;000000;8.28;8.315;8.215;8.24;5531300;45642951.5
NMTP;D;20210209;000000;8.24;8.27;8.13;8.26;5175700;42590111
NMTP;D;20210210;000000;8.28;8.28;8.14;8.155;6055600;49552301.5
NMTP;D;20210211;000000;8.215;8.215;8.115;8.12;4026800;32857905.5
NMTP;D;20210212;000000;8.18;8.2;8.05;8.16;5765100;46920325
NMTP;D;20210215;000000;8.24;8.28;8.1;8.13;5580100;45751551.5
NMTP;D;20210216;000000;8.2;8.205;8.1;8.175;4559100;37193377.5
NMTP;D;20210217;000000;8.17;8.195;8.115;8.115;3165200;25832618.5
NMTP;D;20210218;000000;8.16;8.185;8.12;8.12;3725200;30370144
NMTP;D;20210219;000000;8.12;8.44;8.095;8.32;22774400;188913984.5
NMTP;D;20210220;000000;8.3;8.42;8.15;8.26;4834100;39801745
NMTP;D;20210222;000000;8.28;8.285;8.02;8.02;14909100;120652908
NMTP;D;20210224;000000;8.04;8.125;8.02;8.055;5355900;43221551
NMTP;D;20210225;000000;8.055;8.105;8.03;8.05;5433900;43795369.5
NMTP;D;20210226;000000;8.04;8.085;8.02;8.03;3809600;30663735
NMTP;D;20210301;000000;8.035;8.095;8.015;8.03;5564600;44738654.5
NMTP;D;20210302;000000;8.04;8.04;8;8.015;7058200;56580696.5
NMTP;D;20210303;000000;8.035;8.035;7.92;7.94;12637700;100721343
NMTP;D;20210304;000000;7.96;7.985;7.85;7.9;7186000;56844147
NMTP;D;20210305;000000;7.915;8;7.84;7.915;5583900;44305595.5
NMTP;D;20210309;000000;7.94;8;7.925;7.99;4486900;35798228.5
NMTP;D;20210310;000000;7.99;8.045;7.855;7.915;6519900;51859877.5
NMTP;D;20210311;000000;7.97;7.975;7.81;7.845;14116300;110981940
NMTP;D;20210312;000000;7.845;7.98;7.84;7.93;5960200;47232970.5
NMTP;D;20210315;000000;7.97;7.99;7.79;7.84;16806400;131802000.5
NMTP;D;20210316;000000;7.885;7.895;7.765;7.77;12340000;96274905.5
NMTP;D;20210317;000000;7.79;7.87;7.77;7.78;3572800;27848098
NMTP;D;20210318;000000;7.8;7.835;7.78;7.8;4172600;32560551.5
NMTP;D;20210319;000000;7.805;7.835;7.705;7.705;5770500;44813595.5
NMTP;D;20210322;000000;7.755;7.81;7.72;7.775;3480800;27061155.5
NMTP;D;20210323;000000;7.775;7.83;7.735;7.8;2645400;20563868
NMTP;D;20210324;000000;7.82;7.91;7.77;7.77;6513900;50976571.5
NMTP;D;20210325;000000;7.75;7.85;7.75;7.75;5224700;40725992.5
NMTP;D;20210326;000000;7.79;7.8;7.755;7.775;2477700;19283526
NMTP;D;20210329;000000;7.79;7.83;7.705;7.715;6007000;46590618.5
NMTP;D;20210330;000000;7.75;7.78;7.635;7.68;9565100;73634324
NMTP;D;20210331;000000;7.68;7.69;7.62;7.66;4806000;36778621.5
NMTP;D;20210401;000000;7.675;7.675;7.55;7.56;13110900;99624122.5
NMTP;D;20210402;000000;7.55;7.625;7.54;7.59;8118000;61557290
NMTP;D;20210405;000000;7.6;7.645;7.545;7.59;5618600;42727403
NMTP;D;20210406;000000;7.6;7.675;7.575;7.595;4532600;34532134.5
NMTP;D;20210407;000000;7.585;7.625;7.565;7.595;3792200;28827832.5
NMTP;D;20210408;000000;7.62;7.63;7.58;7.61;2441900;18595271.5
NMTP;D;20210409;000000;7.61;7.625;7.55;7.56;4322600;32761069
NMTP;D;20210412;000000;7.525;7.63;7.5;7.6;4491400;34060935
NMTP;D;20210413;000000;7.6;7.775;7.6;7.72;6224500;48022704
NMTP;D;20210414;000000;7.785;7.785;7.54;7.61;7362200;56343183.5
NMTP;D;20210415;000000;7.615;7.7;7.565;7.7;2448200;18743779.5
NMTP;D;20210416;000000;7.715;7.74;7.61;7.68;6644000;51044474.5
NMTP;D;20210419;000000;7.73;7.73;7.605;7.65;4756700;36404921
NMTP;D;20210420;000000;7.64;7.69;7.575;7.595;4025600;30648726.5
NMTP;D;20210421;000000;7.595;7.62;7.42;7.52;9907900;74456498
NMTP;D;20210422;000000;7.54;7.585;7.48;7.525;2726200;20487609.5
NMTP;D;20210423;000000;7.535;7.55;7.5;7.525;2729500;20531525.5
NMTP;D;20210426;000000;7.54;7.545;7.405;7.445;10900300;81373856
NMTP;D;20210427;000000;7.41;7.48;7.41;7.435;5931300;44175443
NMTP;D;20210428;000000;7.45;7.47;7.41;7.43;5124100;38118690.5
NMTP;D;20210429;000000;7.445;7.49;7.39;7.41;7904000;58667864
NMTP;D;20210430;000000;7.55;7.55;7.375;7.395;4775500;35406860.5
NMTP;D;20210504;000000;7.415;7.45;7.395;7.42;2880900;21367576
NMTP;D;20210505;000000;7.435;7.455;7.38;7.425;3246400;24073578
NMTP;D;20210506;000000;7.42;7.43;7.405;7.415;2454200;18197716.5
NMTP;D;20210507;000000;7.42;7.485;7.4;7.45;3812000;28333627.5
NMTP;D;20210510;000000;7.495;7.495;7.39;7.395;3362100;24913563
NMTP;D;20210511;000000;7.4;7.55;7.34;7.41;6566700;48757138
NMTP;D;20210512;000000;7.48;7.655;7.455;7.655;9602400;72201489.5
NMTP;D;20210513;000000;7.655;7.655;7.38;7.545;6219400;46682379.5
NMTP;D;20210514;000000;7.55;7.58;7.545;7.56;3425400;25909448
NMTP;D;20210517;000000;7.58;7.64;7.53;7.63;4388700;33252929.5
NMTP;D;20210518;000000;7.7;7.74;7.56;7.695;6903500;53037066
NMTP;D;20210519;000000;7.69;7.715;7.51;7.57;4929300;37508169
NMTP;D;20210520;000000;7.6;7.67;7.525;7.645;4578800;34924540
NMTP;D;20210521;000000;7.645;7.74;7.515;7.515;12744400;96867931
NMTP;D;20210524;000000;7.585;7.615;7.535;7.595;5814000;44038151
NMTP;D;20210525;000000;7.565;7.61;7.47;7.6;8580900;65028839
NMTP;D;20210526;000000;7.61;7.65;7.6;7.61;4493900;34250920
NMTP;D;20210527;000000;7.65;7.71;7.475;7.475;31556100;237003299.5
NMTP;D;20210528;000000;7.46;7.525;7.07;7.17;26496300;191477960.5
NMTP;D;20210531;000000;7.175;7.215;7.04;7.19;9795300;69796734.5
NMTP;D;20210601;000000;7.195;7.275;7.18;7.27;4043700;29273191.5
NMTP;D;20210602;000000;7.275;7.39;7.245;7.28;5520800;40352155.5
NMTP;D;20210603;000000;7.38;7.38;7.265;7.29;3431200;25069102.5
NMTP;D;20210604;000000;7.3;7.32;7.255;7.29;2650700;19313228
NMTP;D;20210607;000000;7.34;7.355;7.225;7.225;3521500;25596253
NMTP;D;20210608;000000;7.225;7.28;7.16;7.2;3714200;26727305.5
NMTP;D;20210609;000000;7.225;7.235;7.095;7.1;7828000;56008602
NMTP;D;20210610;000000;7.105;7.2;7.06;7.06;6722600;47824793
NMTP;D;20210611;000000;7.09;7.165;7.09;7.1;4087900;29102678.5
NMTP;D;20210614;000000;7.2;7.205;7.095;7.11;8303200;59343059
NMTP;D;20210615;000000;7.16;7.175;7.025;7.075;9806800;69522691.5
NMTP;D;20210616;000000;7.09;7.135;6.955;6.995;9309000;65395241
NMTP;D;20210617;000000;7.02;7.125;6.92;7.05;8075300;56626839
NMTP;D;20210618;000000;7.05;7.115;6.99;6.99;3159000;22219016.5
NMTP;D;20210621;000000;6.99;7.07;6.98;7.025;2046900;14364380
NMTP;D;20210622;000000;7.025;7.075;6.97;6.97;3620400;25409289
NMTP;D;20210623;000000;6.995;7.035;6.95;6.955;3145000;21941274
NMTP;D;20210624;000000;6.935;7.085;6.935;6.995;3019600;21126404
NMTP;D;20210625;000000;7;7.015;6.94;6.995;2639900;18421841
NMTP;D;20210628;000000;6.99;7.08;6.95;6.98;3338100;23331522.5
NMTP;D;20210629;000000;6.975;6.985;6.92;6.925;2681700;18609246
NMTP;D;20210630;000000;6.945;6.96;6.89;6.89;3186200;22020228.5
NMTP;D;20210701;000000;6.89;6.945;6.86;6.945;3081300;21298519
NMTP;D;20210702;000000;6.94;7.05;6.915;7.025;2743400;19228073.5
NMTP;D;20210705;000000;7.03;7.105;7.015;7.05;3322100;23472863
NMTP;D;20210706;000000;7.05;7.1;6.955;7;2756200;19306604
NMTP;D;20210707;000000;6.96;7.01;6.955;6.965;1441900;10060219
NMTP;D;20210708;000000;6.985;6.995;6.91;6.915;1477900;10255471
NMTP;D;20210709;000000;6.9;6.995;6.875;6.985;1845000;12826551.5
NMTP;D;20210712;000000;6.99;7;6.95;6.97;1247200;8698190.5
NMTP;D;20210713;000000;6.99;7.01;6.96;7.01;1618800;11318262
NMTP;D;20210714;000000;7;7.17;6.985;7.11;3786000;26878446
NMTP;D;20210715;000000;7.11;7.17;7.01;7.04;2441300;17276833.5
NMTP;D;20210716;000000;7.1;7.1;7.025;7.055;1426600;10086672
NMTP;D;20210719;000000;7.055;7.095;6.9;6.92;2594100;18065266.5
NMTP;D;20210720;000000;6.95;6.975;6.88;6.915;1816800;12552558.5
NMTP;D;20210721;000000;6.945;6.97;6.91;6.955;831900;5780443.5
NMTP;D;20210722;000000;6.97;7.25;6.93;7.2;9419200;67481642
NMTP;D;20210723;000000;7.2;7.335;7.02;7.195;11859700;85562865.5
NMTP;D;20210726;000000;7.255;7.39;7;7.38;7609000;55102374.5
NMTP;D;20210727;000000;7.385;7.415;7.13;7.2;5606400;40469065.5
NMTP;D;20210728;000000;7.2;7.385;7.16;7.305;4782800;34817064
NMTP;D;20210729;000000;7.305;7.41;7.285;7.375;4694100;34626186
NMTP;D;20210730;000000;7.35;7.395;7.2;7.2;2335100;16979432.5
NMTP;D;20210802;000000;7.27;7.375;7.145;7.315;2405300;17595143.5
NMTP;D;20210803;000000;7.355;7.37;7.26;7.335;2836400;20795019
NMTP;D;20210804;000000;7.34;7.43;7.315;7.35;3819000;28223128.5
NMTP;D;20210805;000000;7.35;7.445;7.24;7.43;3624600;26724701
NMTP;D;20210806;000000;7.485;7.57;7.37;7.435;6210100;46426908
NMTP;D;20210809;000000;7.465;7.555;7.4;7.44;4064800;30431416.5
NMTP;D;20210810;000000;7.525;7.525;7.43;7.465;3313000;24792509.5
NMTP;D;20210811;000000;7.535;7.555;7.15;7.405;13238400;96778414
NMTP;D;20210812;000000;7.405;7.485;7.3;7.44;2984800;22005904
NMTP;D;20210813;000000;7.435;7.5;7.35;7.39;2812600;20864788.5
NMTP;D;20210816;000000;7.385;7.55;7.32;7.515;3209300;23858487
NMTP;D;20210817;000000;7.47;7.51;7.415;7.435;2233800;16686848.5
NMTP;D;20210818;000000;7.435;7.57;7.405;7.495;3008600;22580052
NMTP;D;20210819;000000;7.485;7.485;7.255;7.31;3348800;24552415
NMTP;D;20210820;000000;7.26;7.305;7.21;7.23;1534400;11139011
NMTP;D;20210823;000000;7.25;7.77;7.25;7.71;23601100;180253665.5
NMTP;D;20210824;000000;7.71;7.865;7.56;7.855;14366100;111067695.5
NMTP;D;20210825;000000;7.925;8.11;7.85;7.96;13532900;108267498.5
NMTP;D;20210826;000000;7.935;8.095;7.805;7.835;6191100;49532211.5
NMTP;D;20210827;000000;7.865;8;7.865;7.99;3819200;30434782.5
NMTP;D;20210830;000000;8;8.06;7.805;7.865;8582200;68560581
NMTP;D;20210831;000000;7.865;8.05;7.81;8.04;5887700;47130908.5
NMTP;D;20210901;000000;8.045;8.07;7.96;8;5433200;43552376.5
NMTP;D;20210902;000000;8.06;8.2;7.995;8.135;10879500;88470859
NMTP;D;20210903;000000;8.1;8.255;8.02;8.205;8117200;66358499
NMTP;D;20210906;000000;8.295;8.5;8.265;8.43;19520200;164196534
NMTP;D;20210907;000000;8.455;8.47;8.26;8.4;8907800;74723267
NMTP;D;20210908;000000;8.4;8.46;8.15;8.455;10718600;89817285
NMTP;D;20210909;000000;8.455;8.595;8.3;8.545;11428500;96774305
NMTP;D;20210910;000000;8.545;8.575;8.365;8.46;7105900;59969306.5
NMTP;D;20210913;000000;8.435;8.5;8.31;8.465;6833200;57461181
NMTP;D;20210914;000000;8.47;8.5;8.23;8.24;9824200;82184095
NMTP;D;20210915;000000;8.25;8.395;7.915;8.34;19043900;155349837.5
NMTP;D;20210916;000000;8.335;8.49;8.22;8.33;12061000;101029248.5
NMTP;D;20210917;000000;8.35;8.47;8.25;8.35;89647000;749100683
NMTP;D;20210920;000000;8.3;8.3;7.82;7.86;11246900;89969518.5
NMTP;D;20210921;000000;7.9;8.055;7.655;7.695;6140900;48025236
NMTP;D;20210922;000000;7.765;8.04;7.72;8.04;3848500;30423601.5
NMTP;D;20210923;000000;7.935;8.165;7.91;7.925;4614600;37236741.5
NMTP;D;20210924;000000;8;8.045;7.905;7.905;1721400;13720329.5
NMTP;D;20210927;000000;7.985;8.11;7.915;7.94;2243000;17967604.5
NMTP;D;20210928;000000;7.94;8.04;7.78;7.86;2642400;20914314.5
NMTP;D;20210929;000000;7.85;7.925;7.725;7.76;2432100;19042799
NMTP;D;20210930;000000;7.75;7.87;7.58;7.725;4306700;33172449
NMTP;D;20211001;000000;7.725;7.84;7.65;7.84;2611500;20242066
NMTP;D;20211004;000000;7.805;7.98;7.77;7.775;1955100;15393605
NMTP;D;20211005;000000;7.775;7.965;7.73;7.76;3080300;24152724
NMTP;D;20211006;000000;7.8;7.875;7.305;7.645;8892700;67300379.5
NMTP;D;20211007;000000;7.67;7.79;7.59;7.745;2653700;20356514
NMTP;D;20211008;000000;7.795;7.85;7.535;7.625;3884800;30029504.5
NMTP;D;20211011;000000;7.64;7.825;7.64;7.815;2963000;23034470
NMTP;D;20211012;000000;7.82;7.83;7.755;7.77;1901000;14820953
NMTP;D;20211013;000000;7.79;7.83;7.77;7.81;1550200;12103634.5
NMTP;D;20211014;000000;7.825;8.09;7.82;8.07;5623700;45006123.5
NMTP;D;20211015;000000;8.045;8.13;8.01;8.08;4777300;38591948.5
NMTP;D;20211018;000000;8.08;8.17;8.05;8.12;3456100;27971719
NMTP;D;20211019;000000;8.1;8.125;8.02;8.025;2036100;16417226
NMTP;D;20211020;000000;8.085;8.155;7.82;8.015;5398500;43122727.5
NMTP;D;20211021;000000;7.925;8.04;7.91;7.98;1622800;12931130
NMTP;D;20211022;000000;7.97;8.08;7.875;7.955;4107100;32705093
NMTP;D;20211025;000000;7.95;8.05;7.88;7.92;2718200;21575478
NMTP;D;20211026;000000;7.94;7.94;7.845;7.865;1829600;14424884
NMTP;D;20211027;000000;7.865;7.91;7.805;7.83;1551500;12180644.5
NMTP;D;20211028;000000;7.83;7.86;7.62;7.675;2710100;20966356
NMTP;D;20211029;000000;7.675;7.8;7.67;7.765;2307200;17872134
NMTP;D;20211101;000000;7.765;7.905;7.605;7.76;2576100;20021244.5
NMTP;D;20211102;000000;7.79;7.815;7.7;7.7;1891200;14641774
NMTP;D;20211103;000000;7.755;7.76;7.625;7.675;1697000;13049266.5
NMTP;D;20211105;000000;7.675;7.795;7.625;7.75;1714400;13248638
NMTP;D;20211108;000000;7.8;7.82;7.72;7.815;1776100;13804283.5
NMTP;D;20211109;000000;7.81;7.92;7.775;7.82;2599700;20446249.5
NMTP;D;20211110;000000;7.845;7.855;7.67;7.715;2972800;23019266
NMTP;D;20211111;000000;7.7;7.815;7.615;7.65;1752100;13453867
NMTP;D;20211112;000000;7.615;7.645;7.3;7.35;11565600;85919634.5
NMTP;D;20211115;000000;7.415;7.455;7.255;7.26;4728000;34516669
NMTP;D;20211116;000000;7.26;7.37;7.2;7.205;4935600;35838290.5
NMTP;D;20211117;000000;7.205;7.29;7.16;7.16;6208800;44730233.5
NMTP;D;20211118;000000;7.16;7.245;7.15;7.15;4848400;34811662.5
NMTP;D;20211119;000000;7.15;7.44;7.105;7.17;6213800;44912428.5
NMTP;D;20211122;000000;7.2;7.235;6.94;6.99;10130600;71418286
NMTP;D;20211123;000000;7.01;7.15;6.92;7.11;4218300;29743478
NMTP;D;20211124;000000;7.145;7.22;7.1;7.14;3446100;24695004.5
NMTP;D;20211125;000000;7.14;7.19;7.07;7.105;3439300;24491580.5
NMTP;D;20211126;000000;7.07;7.07;6.95;6.97;4150500;29004116.5
NMTP;D;20211129;000000;7.01;7.125;6.965;7.015;7054900;49460600.5
NMTP;D;20211130;000000;7.015;7.24;6.95;7.24;25878700;186695422.5
NMTP;D;20211201;000000;7.19;7.315;7.08;7.21;3844700;27549748.5
NMTP;D;20211202;000000;7.195;7.49;7.13;7.26;9354200;68226839
NMTP;D;20211203;000000;7.29;7.3;7.02;7.05;4087100;29182713
NMTP;D;20211206;000000;7.05;7.115;6.965;7;2969300;20836802.5
NMTP;D;20211207;000000;7.04;7.1;6.955;7.01;3489300;24463494
NMTP;D;20211208;000000;7.07;7.11;6.98;6.98;2762500;19483162
NMTP;D;20211209;000000;7;7.105;6.985;6.995;2857400;20076405.5
NMTP;D;20211210;000000;7.015;7.015;6.935;6.975;2054700;14334383.5
NMTP;D;20211213;000000;6.99;7.04;6.715;6.755;9583700;66006863
NMTP;D;20211214;000000;6.75;6.995;6.71;6.73;4520800;30709163
NMTP;D;20211215;000000;6.8;6.8;6.72;6.725;3125300;21124908
NMTP;D;20211216;000000;6.805;6.975;6.78;6.86;4800700;33134278
NMTP;D;20211217;000000;6.92;6.92;6.735;6.9;7789800;53446461
NMTP;D;20211220;000000;6.82;6.855;6.715;6.8;3506700;23738358
NMTP;D;20211221;000000;6.805;6.88;6.765;6.775;4588800;31184185.5
NMTP;D;20211222;000000;6.775;6.835;6.77;6.79;3390100;23060098.5
NMTP;D;20211223;000000;6.79;6.875;6.77;6.855;4570700;31214832
NMTP;D;20211224;000000;6.85;6.885;6.785;6.86;4860300;33246015
NMTP;D;20211227;000000;6.86;6.93;6.805;6.85;7070200;48558964
NMTP;D;20211228;000000;6.85;6.875;6.71;6.76;10853400;73659811.5
NMTP;D;20211229;000000;6.8;6.845;6.755;6.8;3319700;22565205
NMTP;D;20211230;000000;6.8;6.85;6.705;6.75;4331000;29240630.5
NMTP;D;20220103;000000;6.785;6.99;6.78;6.88;3873200;26655792.5
NMTP;D;20220104;000000;6.9;6.985;6.88;6.88;1356900;9425943.5
NMTP;D;20220105;000000;6.915;6.955;6.85;6.855;1614700;11166200
NMTP;D;20220106;000000;6.855;6.945;6.835;6.835;1686400;11607804.5
NMTP;D;20220110;000000;6.865;7.135;6.865;6.965;4921400;34506836
NMTP;D;20220111;000000;6.995;6.995;6.82;6.885;3253400;22433113
NMTP;D;20220112;000000;6.9;6.97;6.835;6.915;1581800;10966037.5
NMTP;D;20220113;000000;6.905;6.99;6.765;6.805;2812400;19303775
NMTP;D;20220114;000000;6.755;6.88;6.645;6.73;6335200;42717807
NMTP;D;20220117;000000;6.8;6.84;6.65;6.675;2608700;17530912.5
NMTP;D;20220118;000000;6.695;6.715;6.265;6.425;9117000;58769645
NMTP;D;20220119;000000;6.41;6.65;6.3;6.53;3489000;22638929
NMTP;D;20220120;000000;6.605;6.73;6.545;6.715;2673400;17779017
NMTP;D;20220121;000000;6.68;6.695;6.595;6.605;1839900;12201821
NMTP;D;20220124;000000;6.6;6.69;5.935;6.1;9139700;56473484
NMTP;D;20220125;000000;6.1;6.5;6.08;6.5;4386900;27266239.5
NMTP;D;20220126;000000;6.3;6.675;6.235;6.515;4436000;28939653
NMTP;D;20220127;000000;6.52;6.665;6.375;6.525;2726700;17833433
NMTP;D;20220128;000000;6.58;6.625;6.505;6.55;1324100;8698888
NMTP;D;20220131;000000;6.6;6.715;6.555;6.65;1651800;11021731
NMTP;D;20220201;000000;6.73;6.735;6.45;6.485;2451400;16030607.5
NMTP;D;20220202;000000;6.54;6.54;6.325;6.33;3511400;22366586
NMTP;D;20220203;000000;6.33;6.36;6.255;6.255;1391000;8767079.5
NMTP;D;20220204;000000;6.355;6.4;6.285;6.345;1046400;6645896
NMTP;D;20220207;000000;6.415;6.415;6.32;6.35;1056500;6722114.5
NMTP;D;20220208;000000;6.36;6.435;6.35;6.4;1278000;8163956
NMTP;D;20220209;000000;6.435;6.565;6.425;6.47;1677300;10895928
NMTP;D;20220210;000000;6.475;6.52;6.41;6.44;1886300;12184208.5
NMTP;D;20220211;000000;6.44;6.49;6.3;6.3;1949800;12435413.5
NMTP;D;20220214;000000;6.3;6.325;6.165;6.215;3197300;19871549
NMTP;D;20220215;000000;6.25;6.435;6.235;6.405;2231900;14152609
NMTP;D;20220216;000000;6.45;6.55;6.38;6.425;1913200;12427303.5
NMTP;D;20220217;000000;6.435;6.485;6.3;6.35;1112900;7091074.5
NMTP;D;20220218;000000;6.39;6.42;6.1;6.17;2787700;17375988.5
NMTP;D;20220221;000000;6.255;6.3;5.105;5.595;12731700;73406836
NMTP;D;20220222;000000;5.36;5.75;4.755;5.635;9460800;49414092
NMTP;D;20220224;000000;5.08;5.08;3.42;3.79;14119400;60545206.5
NMTP;D;20220225;000000;3.945;4.965;3.945;4.135;8743400;37635012
NMTP;D;20220328;000000;4.1;4.1;3.51;3.65;6241500;22895327.5
NMTP;D;20220329;000000;3.65;4.145;3.65;3.88;5354100;21447516.5
NMTP;D;20220330;000000;4.045;4.2;3.905;4.19;4916700;20040951.5
NMTP;D;20220331;000000;4.235;5.435;4.23;5.1;13656800;69404319
NMTP;D;20220401;000000;5.1;5.105;4.9;5;5238500;26260563
NMTP;D;20220404;000000;5;5.14;4.945;5.075;5254100;26619891
NMTP;D;20220405;000000;5.12;5.15;4.56;4.885;4258900;21049105
NMTP;D;20220406;000000;4.65;5.03;4.645;4.89;2605400;12793597
NMTP;D;20220407;000000;4.9;5.045;4.895;4.97;2509400;12503432
NMTP;D;20220408;000000;4.97;5;4.79;4.87;1814100;8846434
NMTP;D;20220411;000000;4.87;4.895;4.8;4.805;1390500;6723332.5
NMTP;D;20220412;000000;4.79;4.84;4.7;4.72;2143900;10143711
NMTP;D;20220413;000000;4.755;4.835;4.71;4.8;1685500;8088883.5
NMTP;D;20220414;000000;4.8;4.88;4.72;4.8;3109000;14888217.5
NMTP;D;20220415;000000;4.8;6.3;4.62;5.22;30757700;168890638.5
NMTP;D;20220418;000000;5.23;6.63;5.22;6.11;63540100;383024343
NMTP;D;20220419;000000;6.17;6.285;5.24;5.65;19886500;111415573
NMTP;D;20220420;000000;5.73;5.73;5.3;5.315;5668700;30636534
NMTP;D;20220421;000000;5.35;5.77;5.215;5.335;6999300;38385478.5
NMTP;D;20220422;000000;5.355;5.55;5.21;5.35;2712000;14614863
NMTP;D;20220425;000000;5.4;5.54;5.13;5.24;2888200;15364331.5
NMTP;D;20220426;000000;5.24;5.55;5.06;5.5;5454800;29586536
NMTP;D;20220427;000000;5.525;5.74;5.455;5.585;2681600;14893664.5
NMTP;D;20220428;000000;5.625;5.91;5.535;5.585;5892900;33616381.5
NMTP;D;20220429;000000;5.595;5.76;5.52;5.565;1788800;9976199
NMTP;D;20220504;000000;5.565;5.595;5.35;5.4;1639800;8969218
NMTP;D;20220505;000000;5.455;5.795;5.355;5.625;3162000;17693151.5
NMTP;D;20220506;000000;5.685;5.725;5.51;5.56;2037200;11491876
NMTP;D;20220511;000000;5.58;5.58;5.4;5.465;1429600;7872168
NMTP;D;20220512;000000;5.46;5.52;5.065;5.21;2458900;13054069.5
NMTP;D;20220513;000000;5.245;5.41;5.075;5.24;2147400;11261037.5
NMTP;D;20220516;000000;5.17;5.35;5.17;5.305;1490400;7845347
NMTP;D;20220517;000000;5.34;5.5;5.33;5.375;1409900;7614190
NMTP;D;20220518;000000;5.375;5.675;5.355;5.505;2367500;13136827.5
NMTP;D;20220519;000000;5.56;5.57;5.385;5.405;1370300;7464790.5
NMTP;D;20220520;000000;5.56;5.575;5.275;5.315;1949100;10461471.5
NMTP;D;20220523;000000;5.3;5.325;5.1;5.125;1500300;7779379
NMTP;D;20220524;000000;5.115;5.25;4.885;5.205;2189800;11058691
NMTP;D;20220525;000000;5.21;5.29;5.2;5.235;1181300;6167259.5
NMTP;D;20220526;000000;5.25;5.42;5.225;5.295;1309700;6964065
NMTP;D;20220527;000000;5.2;6.07;5.2;5.595;8284600;46456314.5
NMTP;D;20220530;000000;5.705;6.115;5.6;5.88;5588900;32881315
NMTP;D;20220531;000000;5.88;5.98;5.59;5.725;2160900;12329038.5
NMTP;D;20220601;000000;5.72;5.79;5.59;5.725;1608600;9182277.5
NMTP;D;20220602;000000;5.725;5.725;5.22;5.43;3376300;18553076
NMTP;D;20220603;000000;5.425;5.455;5.25;5.28;1761400;9374480
NMTP;D;20220606;000000;5.36;5.36;5.255;5.305;1429800;7583145.5
NMTP;D;20220607;000000;5.325;5.325;5.2;5.28;937700;4928197.5
NMTP;D;20220608;000000;5.28;5.695;5.275;5.595;6773300;37452186.5
NMTP;D;20220609;000000;5.72;5.845;5.505;5.565;4626900;26069103
NMTP;D;20220610;000000;5.57;5.6;5.46;5.5;1441000;7987076.5
NMTP;D;20220614;000000;5.51;5.65;5.51;5.565;1894500;10605537
NMTP;D;20220615;000000;5.565;5.61;5.515;5.58;1258500;7000931
NMTP;D;20220616;000000;5.59;5.72;5.535;5.55;2634200;14643418
NMTP;D;20220617;000000;5.55;5.58;5.51;5.58;1248600;6933526.5
NMTP;D;20220620;000000;5.59;5.67;5.565;5.575;2197500;12355926
NMTP;D;20220621;000000;5.595;5.655;5.54;5.59;1910900;10681586.5
NMTP;D;20220622;000000;5.605;5.625;5.5;5.535;1671800;9279641.5
NMTP;D;20220623;000000;5.535;5.55;5.325;5.45;2584700;14066401
NMTP;D;20220624;000000;5.465;5.465;5.38;5.4;1521200;8248619
NMTP;D;20220627;000000;5.4;5.495;5.4;5.435;1584500;8639517
NMTP;D;20220628;000000;5.435;5.485;5.4;5.455;1192000;6484562
NMTP;D;20220629;000000;5.455;5.5;5.435;5.445;1469700;8035788.5
NMTP;D;20220630;000000;5.445;5.605;5.2;5.34;6200600;33280352
NMTP;D;20220701;000000;5.365;5.4;5.285;5.37;1837800;9837344.5
NMTP;D;20220704;000000;5.37;5.54;5.28;5.35;2325300;12479953
NMTP;D;20220705;000000;5.33;5.4;5.235;5.325;2835300;15042000
NMTP;D;20220706;000000;5.325;5.355;5.235;5.27;2296300;12144620
NMTP;D;20220707;000000;5.655;5.835;5.415;5.505;14236700;79343399.5
NMTP;D;20220708;000000;5.55;5.565;5.45;5.555;8399900;46362644.5
NMTP;D;20220711;000000;5.07;5.27;5.005;5.09;7298600;37538149.5
NMTP;D;20220712;000000;5.09;5.09;4.9;5.01;3592000;17880651.5
NMTP;D;20220713;000000;4.99;5.06;4.77;4.8;3473300;16891975
NMTP;D;20220714;000000;4.8;4.8;4.64;4.745;2331500;10991208
NMTP;D;20220715;000000;4.725;4.745;4.61;4.74;1915900;8956809
NMTP;D;20220718;000000;4.75;4.96;4.74;4.82;2712400;13134268
NMTP;D;20220719;000000;4.825;4.88;4.655;4.745;2072800;9900885
NMTP;D;20220720;000000;4.76;4.79;4.7;4.735;788000;3736068.5
NMTP;D;20220721;000000;4.74;4.74;4.505;4.585;2532200;11584300.5
NMTP;D;20220722;000000;4.6;4.7;4.56;4.635;1585600;7377536
NMTP;D;20220725;000000;4.69;4.71;4.58;4.65;1531700;7128624.5
NMTP;D;20220726;000000;4.69;4.75;4.615;4.745;1567600;7393592.5
NMTP;D;20220727;000000;4.78;4.875;4.75;4.825;2436300;11751051
NMTP;D;20220728;000000;4.83;4.855;4.605;4.705;1914800;9111990
NMTP;D;20220729;000000;4.745;4.795;4.7;4.77;1946900;9240667.5
NMTP;D;20220801;000000;4.755;4.82;4.72;4.755;1401900;6669332
NMTP;D;20220802;000000;4.77;4.77;4.635;4.655;1038700;4879107
NMTP;D;20220803;000000;4.66;4.71;4.605;4.645;904300;4200835
NMTP;D;20220804;000000;4.64;4.675;4.605;4.66;524000;2433436.5
NMTP;D;20220805;000000;4.66;4.675;4.5;4.5;2230400;10132023.5
NMTP;D;20220808;000000;4.555;4.65;4.55;4.59;1075800;4957743.5
NMTP;D;20220809;000000;4.565;4.63;4.5;4.62;1783500;8142334
NMTP;D;20220810;000000;4.62;4.825;4.57;4.795;3059200;14524231.5
NMTP;D;20220811;000000;4.815;4.87;4.78;4.795;2161400;10437914.5
NMTP;D;20220812;000000;4.79;4.845;4.74;4.8;1199300;5718519.5
NMTP;D;20220815;000000;4.8;4.985;4.76;4.945;3414200;16604886
NMTP;D;20220816;000000;4.97;5.055;4.94;5.01;2844300;14250282
NMTP;D;20220817;000000;5.04;5.05;4.96;5;1222300;6122201.5
NMTP;D;20220818;000000;4.995;5.035;4.97;4.975;893200;4471232
NMTP;D;20220819;000000;5.005;5.005;4.815;4.875;1421800;6964570
NMTP;D;20220822;000000;4.845;4.92;4.82;4.86;2044200;9972580.5
NMTP;D;20220823;000000;4.86;4.9;4.84;4.88;2015700;9812884
NMTP;D;20220824;000000;4.9;4.91;4.84;4.845;1951000;9508813
NMTP;D;20220825;000000;4.875;5.24;4.83;5.155;10452700;53252779.5
NMTP;D;20220826;000000;5.15;5.19;5.03;5.12;4034700;20587244.5
NMTP;D;20220829;000000;5.135;5.345;5.055;5.23;6174600;32371894
NMTP;D;20220830;000000;5.23;5.32;5.105;5.155;4494500;23535322
NMTP;D;20220831;000000;5.155;5.315;5;5.1;4224500;21590433.5
NMTP;D;20220901;000000;5.095;5.4;5.045;5.29;9525000;50370336
NMTP;D;20220902;000000;5.29;5.445;5.23;5.28;4434400;23741368.5
NMTP;D;20220905;000000;5.29;5.41;5.275;5.38;4061700;21749526
NMTP;D;20220906;000000;5.4;5.48;5.02;5.18;7366000;38961249.5
NMTP;D;20220907;000000;5.275;5.275;5.125;5.18;2070600;10738474
NMTP;D;20220908;000000;5.185;5.215;5.115;5.125;1271000;6563701.5
NMTP;D;20220909;000000;5.125;5.14;5.075;5.13;1292200;6614727.5
NMTP;D;20220912;000000;5.13;5.285;5.1;5.16;3651800;19039665
NMTP;D;20220913;000000;5.19;5.215;5.055;5.1;4169000;21374325
NMTP;D;20220914;000000;5.055;5.15;5;5.075;1741900;8806511
NMTP;D;20220915;000000;5.1;5.1;4.99;5.015;4063500;20456497
NMTP;D;20220916;000000;5.015;5.085;4.965;5;1569100;7846682
NMTP;D;20220919;000000;5.025;5.07;4.995;5.015;3010500;15182205
NMTP;D;20220920;000000;5.04;5.04;4.68;4.685;5464600;26406478.5
NMTP;D;20220921;000000;4.5;4.665;4.28;4.59;5367500;23959357
NMTP;D;20220922;000000;4.58;4.695;4.51;4.545;2334900;10769321
NMTP;D;20220923;000000;4.57;4.665;4.23;4.29;3072700;13366971
NMTP;D;20220926;000000;4.075;4.27;3.815;3.995;5382600;21561825
NMTP;D;20220927;000000;3.9;4.05;3.785;3.915;4393400;17227181.5
NMTP;D;20220928;000000;3.92;4.15;3.87;4;2854400;11402755.5
NMTP;D;20220929;000000;4;4.14;3.825;3.85;2004100;7888768.5
NMTP;D;20220930;000000;3.84;3.95;3.72;3.8;2409600;9260068.5
NMTP;D;20221003;000000;3.865;4.1;3.8;4.03;1631500;6509061.5
NMTP;D;20221004;000000;4.035;4.08;3.96;3.995;1009700;4058340.5
NMTP;D;20221005;000000;3.98;4.02;3.83;3.93;1299200;5113964
NMTP;D;20221006;000000;4;4.02;3.91;3.955;912100;3605731.5
NMTP;D;20221007;000000;3.96;3.97;3.8;3.81;1781600;6872895
NMTP;D;20221010;000000;3.75;3.995;3.595;3.99;1954400;7521690
NMTP;D;20221011;000000;4;4.105;3.9;4.02;872400;3510863.5
NMTP;D;20221012;000000;4.02;4.4;4.02;4.195;2815300;11766167
NMTP;D;20221013;000000;4.2;5.03;4.2;4.68;24507600;115400609.5
NMTP;D;20221014;000000;4.68;4.785;4.485;4.52;6425300;29542168
NMTP;D;20221017;000000;4.57;4.75;4.53;4.57;4440000;20629621
NMTP;D;20221018;000000;4.695;4.735;4.52;4.575;4033900;18694829.5
NMTP;D;20221019;000000;4.55;4.565;4.34;4.465;2786700;12400953
NMTP;D;20221020;000000;4.465;4.545;4.365;4.465;2799100;12495693.5
NMTP;D;20221021;000000;4.465;4.5;4.4;4.48;843200;3745651
NMTP;D;20221024;000000;4.52;4.66;4.49;4.585;2309700;10585891
NMTP;D;20221025;000000;4.595;4.69;4.56;4.64;2233000;10327108.5
NMTP;D;20221026;000000;4.64;4.66;4.555;4.59;2047600;9414562
NMTP;D;20221027;000000;4.6;4.89;4.565;4.82;8417700;40352336
NMTP;D;20221028;000000;4.84;4.85;4.72;4.785;1687500;8049054.5
NMTP;D;20221031;000000;4.8;4.8;4.72;4.755;1366300;6502238
NMTP;D;20221101;000000;4.76;4.78;4.72;4.76;1204000;5720724.5
NMTP;D;20221102;000000;4.76;4.77;4.715;4.74;1069300;5081276
NMTP;D;20221103;000000;4.705;4.72;4.57;4.66;2093500;9736421.5
NMTP;D;20221107;000000;4.66;4.76;4.655;4.69;1569100;7374603
NMTP;D;20221108;000000;4.675;5.04;4.63;4.94;15699500;76736159
NMTP;D;20221109;000000;4.96;4.99;4.705;4.72;5955100;28750588
NMTP;D;20221110;000000;4.74;4.83;4.72;4.765;1755800;8392503.5
NMTP;D;20221111;000000;4.79;4.835;4.74;4.76;1301900;6217611
NMTP;D;20221114;000000;4.81;4.95;4.75;4.875;4184000;20457133.5
NMTP;D;20221115;000000;4.9;4.95;4.79;4.84;2081200;10101568.5
NMTP;D;20221116;000000;4.83;4.875;4.73;4.82;2058300;9904419.5
NMTP;D;20221117;000000;4.825;4.94;4.805;4.9;3243300;15840705.5
NMTP;D;20221118;000000;4.9;5.24;4.85;4.875;13008000;65650288
NMTP;D;20221121;000000;4.875;4.885;4.6;4.685;8901300;41830918
NMTP;D;20221122;000000;4.71;4.82;4.69;4.725;3623600;17232483
NMTP;D;20221123;000000;4.74;4.87;4.68;4.725;4082800;19579960
NMTP;D;20221124;000000;4.765;4.82;4.73;4.805;1492000;7132966
NMTP;D;20221125;000000;4.81;4.81;4.74;4.78;1359600;6474665.5
NMTP;D;20221128;000000;4.805;4.805;4.685;4.705;1387800;6552131
NMTP;D;20221129;000000;4.715;4.77;4.7;4.74;911700;4306895.5
NMTP;D;20221130;000000;4.74;4.765;4.65;4.69;1441800;6779632
NMTP;D;20221201;000000;4.695;4.72;4.665;4.675;1048000;4910871
NMTP;D;20221202;000000;4.67;4.685;4.605;4.635;1394600;6482915
NMTP;D;20221205;000000;4.65;4.685;4.615;4.655;928800;4324007.5
NMTP;D;20221206;000000;4.65;4.8;4.64;4.73;1539900;7233253.5
NMTP;D;20221207;000000;4.65;4.775;4.645;4.685;1193200;5589059.5
NMTP;D;20221208;000000;4.675;4.71;4.545;4.61;2204500;10167518.5
NMTP;D;20221209;000000;4.61;4.655;4.585;4.62;1046100;4840486
NMTP;D;20221212;000000;4.605;4.645;4.505;4.545;1627300;7418464
NMTP;D;20221213;000000;4.545;4.565;4.48;4.5;1534900;6934673
NMTP;D;20221214;000000;4.53;4.53;4.39;4.4;2253300;9976240.5
NMTP;D;20221215;000000;4.39;4.42;4.24;4.265;3961400;17009135
NMTP;D;20221216;000000;4.28;4.33;4.185;4.3;2476700;10597292
NMTP;D;20221219;000000;4.32;4.32;4.235;4.29;1863600;7951284
NMTP;D;20221220;000000;4.29;4.46;4.255;4.44;3453300;15142296
NMTP;D;20221221;000000;4.47;4.5;4.3;4.325;3130800;13815587
NMTP;D;20221222;000000;4.315;4.68;4.29;4.395;8037000;36017896.5
NMTP;D;20221223;000000;4.395;4.415;4.28;4.315;3256300;14106663
NMTP;D;20221226;000000;4.345;4.365;4.3;4.32;2618800;11336151
NMTP;D;20221227;000000;4.33;4.78;4.325;4.505;32039100;146683957
NMTP;D;20221228;000000;4.575;4.575;4.36;4.405;7322100;32380460
NMTP;D;20221229;000000;4.385;4.44;4.37;4.385;3060700;13470503.5
NMTP;D;20221230;000000;4.39;4.695;4.39;4.5;12550300;57056822.5
NMTP;D;20230104;000000;4.555;4.59;4.505;4.56;1312400;5984520
NMTP;D;20230105;000000;4.55;4.59;4.545;4.58;1158700;5290291
NMTP;D;20230106;000000;4.59;4.695;4.56;4.575;3227100;14897890
NMTP;D;20230109;000000;4.58;4.64;4.56;4.585;2738200;12577666
NMTP;D;20230110;000000;4.63;4.84;4.59;4.66;14698000;69136304.5
NMTP;D;20230111;000000;4.7;4.76;4.62;4.695;5022600;23576661.5
NMTP;D;20230112;000000;4.7;4.8;4.7;4.71;3743700;17774177.5
NMTP;D;20230113;000000;4.735;4.735;4.65;4.71;2959900;13900680.5
NMTP;D;20230116;000000;4.745;4.88;4.685;4.835;6688100;32065539
NMTP;D;20230117;000000;4.88;5.855;4.85;5.28;286085900;1576497003.5
NMTP;D;20230118;000000;5.32;5.54;5.11;5.22;63981200;338774257
NMTP;D;20230119;000000;5.265;5.295;5.05;5.095;16087000;82548010.5
NMTP;D;20230120;000000;5.1;5.32;5.02;5.09;18642800;96254448.5
NMTP;D;20230123;000000;5.11;5.31;5.11;5.21;17536500;91681288.5
NMTP;D;20230124;000000;5.28;5.285;5.1;5.245;15289000;79852437.5
NMTP;D;20230125;000000;5.24;5.28;5.14;5.16;7188200;37275477.5
NMTP;D;20230126;000000;5.185;5.26;5.16;5.17;6744800;35068665
NMTP;D;20230127;000000;5.22;5.4;5.165;5.225;20603000;108851616.5
NMTP;D;20230130;000000;5.235;5.345;5.225;5.3;7666300;40570865
NMTP;D;20230131;000000;5.32;5.51;5.32;5.36;32107000;173860193
NMTP;D;20230201;000000;5.36;5.685;5.36;5.43;48034200;265632545
NMTP;D;20230202;000000;5.48;5.52;5.43;5.45;7009300;38306904
NMTP;D;20230203;000000;5.47;5.47;5.305;5.375;6508300;34986030.5
NMTP;D;20230206;000000;5.375;5.49;5.31;5.415;5458700;29581244
NMTP;D;20230207;000000;5.435;5.515;5.375;5.415;6778900;36850640
NMTP;D;20230208;000000;5.45;5.59;5.405;5.475;19398900;106934876
NMTP;D;20230209;000000;5.495;5.76;5.465;5.63;21612700;121104630.5
NMTP;D;20230210;000000;5.68;5.68;5.53;5.61;9560200;53531271
NMTP;D;20230213;000000;5.62;5.79;5.595;5.645;14018400;79524437.5
NMTP;D;20230214;000000;5.645;5.75;5.415;5.45;17253100;95618669.5
NMTP;D;20230215;000000;5.45;5.455;5.06;5.1;10926500;57354414.5
NMTP;D;20230216;000000;5.185;5.295;5.12;5.165;8406600;43786617.5
NMTP;D;20230217;000000;5.18;5.26;5.11;5.22;3022400;15735870.5
NMTP;D;20230220;000000;5.24;5.265;5.055;5.21;4878800;25244456.5
NMTP;D;20230221;000000;5.28;5.65;5.175;5.39;19083600;103624380
NMTP;D;20230222;000000;5.41;5.57;5.31;5.485;8530200;46449836
NMTP;D;20230224;000000;5.49;5.54;5.345;5.425;4161600;22688296.5
NMTP;D;20230227;000000;5.41;5.515;5.36;5.495;5439000;29781374.5
NMTP;D;20230228;000000;5.515;5.595;5.38;5.555;7287200;40250426.5
NMTP;D;20230301;000000;5.57;5.7;5.57;5.61;6110900;34403393
NMTP;D;20230302;000000;5.65;5.65;5.43;5.46;6545400;36111762
NMTP;D;20230303;000000;5.475;5.61;5.46;5.525;6460800;35977044.5
NMTP;D;20230306;000000;5.64;5.78;5.57;5.635;15772600;89395654.5
NMTP;D;20230307;000000;5.64;6.05;5.62;5.755;50490900;296776805
NMTP;D;20230309;000000;5.84;6.065;5.72;6.04;36234500;215140518.5
NMTP;D;20230310;000000;6.04;6.405;5.87;6.1;79879700;498214484
NMTP;D;20230313;000000;6.22;6.51;6.135;6.325;87094300;555484594.5
NMTP;D;20230314;000000;6.335;6.395;6.19;6.245;11396800;71272411.5
NMTP;D;20230315;000000;6.265;6.28;6.04;6.095;11642100;71387396.5
NMTP;D;20230316;000000;6.145;6.145;5.925;5.97;8055500;48412891
NMTP;D;20230317;000000;6.03;6.32;6.005;6.195;46486500;289378321.5
NMTP;D;20230320;000000;6.19;6.33;6.15;6.27;12437000;77981184.5
NMTP;D;20230321;000000;6.33;6.355;6.165;6.19;8008900;49928894
NMTP;D;20230322;000000;6.19;6.27;6.135;6.21;5539500;34343424.5
NMTP;D;20230323;000000;6.26;6.26;6.12;6.175;3580700;22147406
NMTP;D;20230324;000000;6.195;6.41;6.16;6.31;13473200;85008513.5
NMTP;D;20230327;000000;6.365;6.52;6.31;6.5;20896100;135156446
NMTP;D;20230328;000000;6.51;6.855;6.5;6.65;28740300;192205490.5
NMTP;D;20230329;000000;6.7;6.71;6.51;6.605;9096500;59886831
NMTP;D;20230330;000000;6.605;6.65;6.51;6.575;7568300;49729066
NMTP;D;20230331;000000;6.64;6.64;6.31;6.53;11158500;72301239
NMTP;D;20230403;000000;6.59;6.85;6.57;6.72;17535300;117954830
NMTP;D;20230404;000000;6.69;6.765;6.57;6.635;7173400;47821236.5
NMTP;D;20230405;000000;6.63;6.69;6.565;6.615;4528300;30065246
NMTP;D;20230406;000000;6.685;6.745;6.565;6.635;7062000;47107460
NMTP;D;20230407;000000;6.635;6.975;6.595;6.79;33226900;226654123
NMTP;D;20230410;000000;6.85;8;6.815;7.535;340891300;2605193474.5
NMTP;D;20230411;000000;7.535;7.675;7.16;7.25;70698800;524944680.5
NMTP;D;20230412;000000;7.305;7.485;7.2;7.27;23081100;168725744
NMTP;D;20230413;000000;7.295;7.465;7.05;7.1;16565000;119332456.5
NMTP;D;20230414;000000;7.13;7.235;7.01;7.115;9833800;70213374.5
NMTP;D;20230417;000000;7.185;7.375;7.165;7.285;14920300;108842115
NMTP;D;20230418;000000;7.29;7.83;7.275;7.5;122018800;930249689
NMTP;D;20230419;000000;7.515;7.54;7.3;7.34;16991900;125845972
NMTP;D;20230420;000000;7.4;7.495;7.115;7.315;15909200;116549226
NMTP;D;20230421;000000;7.35;7.39;7.235;7.32;5541100;40539332.5
NMTP;D;20230424;000000;7.32;7.61;7.24;7.36;21570000;159978351.5
NMTP;D;20230425;000000;7.43;7.525;7.345;7.46;11485700;85400307.5
NMTP;D;20230426;000000;7.51;7.88;7.43;7.635;92064100;710923643.5
NMTP;D;20230427;000000;7.635;7.64;7.41;7.47;18762600;140718519.5
NMTP;D;20230428;000000;7.52;7.705;7.405;7.43;17856700;134715405
NMTP;D;20230502;000000;7.52;7.58;6.695;6.96;29637300;210413052
NMTP;D;20230503;000000;7;7.345;6.6;6.7;24526000;169134949
NMTP;D;20230504;000000;6.8;7.095;6.755;6.855;11189400;77022584
NMTP;D;20230505;000000;6.895;6.95;6.7;6.745;6803100;46412632
NMTP;D;20230508;000000;6.815;6.835;6.615;6.73;3074300;20695834
NMTP;D;20230510;000000;6.95;7.275;6.71;7.2;26126100;185078772
NMTP;D;20230511;000000;7.185;7.34;7.1;7.15;16879100;121882628
NMTP;D;20230512;000000;7.175;7.215;7.05;7.105;6661400;47379085.5
NMTP;D;20230515;000000;7.24;7.24;7.095;7.24;8248500;59193780.5
NMTP;D;20230516;000000;7.36;7.5;7.28;7.4;17182800;127307433.5
NMTP;D;20230517;000000;7.43;7.445;7.265;7.275;6284300;46153410
NMTP;D;20230518;000000;7.275;7.47;7.24;7.27;6176800;45300941.5
NMTP;D;20230519;000000;7.285;7.49;7.08;7.345;17490300;129153795.5
NMTP;D;20230522;000000;7.395;7.48;7.3;7.445;9191500;68151345.5
NMTP;D;20230523;000000;7.52;7.55;7.32;7.39;6184000;45764864
NMTP;D;20230524;000000;7.505;7.77;7.46;7.7;35868800;274856249
NMTP;D;20230525;000000;7.73;7.8;7.515;7.59;14507000;110971444
NMTP;D;20230526;000000;7.69;7.925;7.58;7.825;39607500;309356876
NMTP;D;20230529;000000;7.87;8.27;7.86;8.12;73143900;595774261
NMTP;D;20230530;000000;8.06;8.32;7.925;7.99;34421000;280997827
NMTP;D;20230531;000000;8.01;8.15;7.82;8;17337200;138799766
NMTP;D;20230601;000000;8.085;8.42;8.01;8.18;43613600;360335977.5
NMTP;D;20230602;000000;8.25;8.6;8.21;8.495;85554200;725585273
NMTP;D;20230605;000000;8.51;8.665;8.04;8.35;32961700;278634756.5
NMTP;D;20230606;000000;8.355;8.54;8.075;8.54;21619900;180886543.5
NMTP;D;20230607;000000;8.55;8.67;8.45;8.63;25532100;219287782.5
NMTP;D;20230608;000000;8.63;9.235;8.5;9.175;177444600;1573758261.5
NMTP;D;20230609;000000;9.295;9.5;8.945;8.945;73553800;676400208.5
NMTP;D;20230613;000000;9.05;9.175;8.965;9.035;23745500;215444990
NMTP;D;20230614;000000;9.05;9.095;8.95;9.015;14644300;131990380
NMTP;D;20230615;000000;9.05;9.065;8.955;8.97;13397600;120594290
NMTP;D;20230616;000000;8.99;9.095;8.98;9.01;11349100;102403767.5
NMTP;D;20230619;000000;9.075;9.09;8.98;9;11122200;100337096
NMTP;D;20230620;000000;9.015;9.34;8.65;9.095;41785100;379924732
NMTP;D;20230621;000000;9.16;9.38;9.095;9.27;26864900;248977412
NMTP;D;20230622;000000;9.3;9.625;9.295;9.53;47237700;448683462
NMTP;D;20230623;000000;9.495;9.55;9.125;9.36;20671800;194101115
NMTP;D;20230626;000000;9.375;9.465;9.155;9.335;15642900;146310463.5
NMTP;D;20230627;000000;9.4;9.75;9.335;9.59;34542600;331591747
NMTP;D;20230628;000000;9.635;9.95;9.615;9.795;53158100;521746157.5
NMTP;D;20230629;000000;9.88;9.915;9.795;9.86;12168700;120009937
NMTP;D;20230630;000000;9.91;9.935;9.75;9.77;19336100;190380204.5
NMTP;D;20230703;000000;9.805;9.89;9.47;9.495;25413200;246887989
NMTP;D;20230704;000000;9.525;9.63;9.215;9.34;21010000;197909043
NMTP;D;20230705;000000;9.34;9.705;9.34;9.685;22036900;211296925.5
NMTP;D;20230706;000000;9.7;9.8;9.345;9.35;38904100;372773396.5
NMTP;D;20230707;000000;9.35;9.385;9.05;9.15;30535100;279981070.5
NMTP;D;20230710;000000;9.18;9.645;9.16;9.635;60027100;568720531.5
NMTP;D;20230711;000000;9.09;9.45;9.06;9.28;148661800;1381808750.5
NMTP;D;20230712;000000;9.33;9.39;9.26;9.26;13524700;125929109
NMTP;D;20230713;000000;9.26;9.3;9.15;9.17;10927600;100627237
NMTP;D;20230714;000000;9.175;9.285;9.105;9.185;13006000;119778829.5
NMTP;D;20230717;000000;9.2;9.41;9.195;9.385;36906300;345266165
NMTP;D;20230718;000000;9.56;9.7;9.475;9.55;50593800;485510304
NMTP;D;20230719;000000;9.645;9.645;9.46;9.545;13621200;130198653.5
NMTP;D;20230720;000000;9.52;9.595;9.105;9.15;26296200;246745105.5
NMTP;D;20230721;000000;9.18;9.445;9.12;9.36;15209500;141885703
NMTP;D;20230724;000000;9.395;9.48;9.35;9.425;9887700;93150140.5
NMTP;D;20230725;000000;9.455;9.94;9.4;9.935;108586300;1056399054.5
NMTP;D;20230726;000000;9.995;10.275;9.94;9.995;79353100;800892806
NMTP;D;20230727;000000;10.01;10.31;9.8;10.165;59236000;599833005.5
NMTP;D;20230728;000000;10.215;10.23;10.07;10.09;15394900;155957157
NMTP;D;20230731;000000;10.16;10.47;10.11;10.275;45723800;469156477.5
NMTP;D;20230801;000000;10.275;10.535;10.15;10.25;54806900;570606236
NMTP;D;20230802;000000;10.42;12.72;10.41;11.91;642036000;7566511316
NMTP;D;20230803;000000;12.14;13.635;12.005;13;472054800;6145132074
NMTP;D;20230804;000000;12.895;13.805;12.1;13.055;347968200;4628006296
NMTP;D;20230807;000000;13.195;17.445;13.195;16.43;1364453200;21502395569
NMTP;D;20230808;000000;16.65;17.29;14.56;14.83;755509100;11763594498
NMTP;D;20230809;000000;14.83;15.92;13.965;15.195;399723000;5917444819.5
NMTP;D;20230810;000000;15.35;15.595;14.715;14.84;142727000;2166900572
NMTP;D;20230811;000000;14.885;15.42;14.61;14.995;94801700;1430918517.5
NMTP;D;20230814;000000;15.18;15.2;14.21;14.4;78106200;1151527959.5
NMTP;D;20230815;000000;13.95;15;13.55;14.37;86815100;1248548048
NMTP;D;20230816;000000;14.49;14.59;12.945;13.515;156563400;2130222725.5
NMTP;D;20230817;000000;13.725;14.7;13.505;14.03;188574200;2676014385
NMTP;D;20230818;000000;14.125;14.4;13.83;14.4;62525000;882145872.5
NMTP;D;20230821;000000;14.6;15.78;14.55;15.78;330937200;5087486384.5
NMTP;D;20230822;000000;15.895;16.095;15.205;15.4;189812600;2957857490.5
NMTP;D;20230823;000000;15.395;15.495;14.805;15.155;81724500;1233281028.5
NMTP;D;20230824;000000;14.98;15.25;14.9;15.135;35016300;528360486
NMTP;D;20230825;000000;15.28;15.35;14.96;15.105;40824300;619310077.5
NMTP;D;20230828;000000;15.21;15.545;15.105;15.41;71301200;1096213664.5
NMTP;D;20230829;000000;15.4;15.5;15;15.31;46330900;705966144.5
NMTP;D;20230830;000000;15.49;15.58;15.1;15.205;25405200;387583857
NMTP;D;20230831;000000;15.28;15.305;15.04;15.1;22056800;334767502
NMTP;D;20230901;000000;15.11;15.95;14.5;15.72;143323900;2221688997
NMTP;D;20230904;000000;15.97;16.265;15.415;15.495;180002400;2860937168
NMTP;D;20230905;000000;15.5;15.67;15.06;15.2;44573200;686733158
NMTP;D;20230906;000000;15.305;15.895;15;15.4;84887400;1319672027.5
NMTP;D;20230907;000000;15.52;15.825;14.73;15.055;76874800;1182148029
NMTP;D;20230908;000000;15.1;15.32;14.6;15;37824700;566496437
NMTP;D;20230911;000000;15.145;15.24;14.8;14.9;32565900;489026220
NMTP;D;20230912;000000;14.945;15.1;14.405;14.85;44162800;658173410
NMTP;D;20230913;000000;14.98;15;14.435;14.475;29952400;440257751
NMTP;D;20230914;000000;14.475;14.485;11.04;13.35;221515800;2896847019.5
NMTP;D;20230915;000000;13.245;14.095;12.65;13.785;79834000;1088065528
NMTP;D;20230918;000000;13.865;14.175;13.165;13.41;57245600;788017900
NMTP;D;20230919;000000;13.4;13.455;12.305;12.55;117014600;1489604221
NMTP;D;20230920;000000;12.5;12.625;11.555;12.185;125430600;1532696063.5
NMTP;D;20230921;000000;12.1;12.185;11.51;11.52;51059700;606229686
NMTP;D;20230922;000000;11.5;12.445;11.215;12.34;69579300;822317094
NMTP;D;20230925;000000;12.345;12.81;11.92;12.4;92032100;1140626279.5
NMTP;D;20230926;000000;12.4;12.565;12.055;12.4;41931600;516701894.5
NMTP;D;20230927;000000;12.55;13.3;12.5;13.06;135720700;1765288196
NMTP;D;20230928;000000;13.04;13.34;12.93;13.3;86109200;1135412495.5
NMTP;D;20230929;000000;13.45;13.48;12.96;12.96;40211700;531885941
NMTP;D;20231002;000000;13.17;13.205;12.55;12.605;40181700;515807293.5
NMTP;D;20231003;000000;12.5;12.98;12.29;12.695;39341100;494939274.5
NMTP;D;20231004;000000;12.69;13.15;12.685;12.98;41875800;540987034.5
NMTP;D;20231005;000000;13;13.08;12.76;12.8;22029500;284636424.5
NMTP;D;20231006;000000;12.8;12.98;12.5;12.575;24525800;311487847.5
NMTP;D;20231009;000000;12.74;12.905;12.61;12.64;20780900;265071120.5
NMTP;D;20231010;000000;12.7;12.82;12.505;12.82;15087200;190789778.5
NMTP;D;20231011;000000;12.9;12.96;12.595;12.63;14804900;189438003.5
NMTP;D;20231012;000000;12.375;12.68;12.115;12.52;23072900;287407185
NMTP;D;20231013;000000;12.55;12.78;12.53;12.635;18670100;236586137.5
NMTP;D;20231016;000000;12.635;12.77;12.635;12.635;9084600;115244078
NMTP;D;20231017;000000;12.645;13.37;12.645;13.37;97398200;1278005775.5
NMTP;D;20231018;000000;13.435;13.685;13.23;13.29;53706800;722599496.5
NMTP;D;20231019;000000;13.27;13.275;13.035;13.095;19418300;254923644.5
NMTP;D;20231020;000000;13.1;13.15;12.8;12.95;18774400;243318281
NMTP;D;20231023;000000;12.99;13.08;12.84;12.975;11805600;153059394
NMTP;D;20231024;000000;12.995;13.12;12.915;13;8856500;115412994.5
NMTP;D;20231025;000000;13.095;13.095;12.88;12.895;11204500;145589688
NMTP;D;20231026;000000;12.9;13.4;12.64;12.64;38299700;500609494.5
NMTP;D;20231027;000000;12.615;12.88;12.39;12.62;21977200;277828076.5
NMTP;D;20231030;000000;12.7;13;12.5;12.63;19572100;250932756
NMTP;D;20231031;000000;12.67;12.72;12.265;12.41;17402100;217165330
NMTP;D;20231101;000000;12.405;12.575;12.335;12.355;11485100;142994158.5
NMTP;D;20231102;000000;12.46;12.6;12.31;12.325;11707000;145837365
NMTP;D;20231103;000000;12.355;12.49;12.275;12.28;20032600;247578775
NMTP;D;20231106;000000;12.28;12.475;12.27;12.41;6518600;80688487.5
NMTP;D;20231107;000000;12.42;12.72;12.355;12.59;16382600;205259703.5
NMTP;D;20231108;000000;12.59;12.99;12.485;12.945;33240300;424629653.5
NMTP;D;20231109;000000;13.03;13.34;12.855;12.905;53097500;695499032.5
NMTP;D;20231110;000000;12.905;13.065;12.53;12.56;22846300;289343347.5
NMTP;D;20231113;000000;12.575;12.89;12.4;12.51;26304000;333644488.5
NMTP;D;20231114;000000;12.55;12.625;11.82;11.97;31185700;378457389
NMTP;D;20231115;000000;11.81;12.3;11.81;12.22;26585000;322067009
NMTP;D;20231116;000000;12.265;12.38;11.945;12.05;21809200;266624031.5
NMTP;D;20231117;000000;12.045;12.15;11.815;12.045;16294600;195266001.5
NMTP;D;20231120;000000;12.08;12.205;12.025;12.07;12685100;153853077
NMTP;D;20231121;000000;12.08;12.16;11.875;11.97;12434500;149319372
NMTP;D;20231122;000000;12.005;12.065;11.87;11.94;9770200;116990929.5
NMTP;D;20231123;000000;11.955;12;11.42;11.505;30179400;353658960.5
NMTP;D;20231124;000000;11.5;11.67;11.08;11.3;20278500;230634436.5
NMTP;D;20231127;000000;11.425;11.46;10.71;10.975;39808400;436901793.5
NMTP;D;20231128;000000;10.97;11.19;10.9;11.01;15055400;166579285.5
NMTP;D;20231129;000000;11.11;11.245;10.81;10.9;15654200;173399728.5
NMTP;D;20231130;000000;10.9;10.99;10.625;10.86;15685400;169754289
NMTP;D;20231201;000000;10.86;10.925;10.265;10.3;21327300;225142836
NMTP;D;20231204;000000;10.29;10.305;9.58;9.78;51843900;514188240
NMTP;D;20231205;000000;9.805;10.54;9.435;10.425;57809200;579719882
NMTP;D;20231206;000000;10.58;10.59;9.8;9.985;44268600;446057388.5
NMTP;D;20231207;000000;10;10.25;9.76;10.07;31127200;312569288
NMTP;D;20231208;000000;10.195;10.315;10.02;10.035;20873900;212469743
NMTP;D;20231211;000000;10.025;10.145;9.72;9.74;21653900;213926530
NMTP;D;20231212;000000;9.77;9.96;9.73;9.78;12712700;124990601.5
NMTP;D;20231213;000000;9.795;10.19;9.79;10.18;26854800;269605649
NMTP;D;20231214;000000;10.195;10.345;9.765;9.865;21878800;221033430.5
NMTP;D;20231215;000000;9.865;10.935;9.865;10.79;61033700;643655021
NMTP;D;20231218;000000;10.8;11.325;10.8;11.23;67885900;751294084.5
NMTP;D;20231219;000000;11.23;11.395;10.955;11.235;37701900;422317069
NMTP;D;20231220;000000;11.24;11.275;11.06;11.14;18136800;202889477
NMTP;D;20231221;000000;11.14;11.16;10.875;10.95;16395900;180557379.5
NMTP;D;20231222;000000;10.99;11.23;10.965;11.055;23735300;263479060
NMTP;D;20231225;000000;11.09;11.43;11.09;11.275;35036100;394562965.5
NMTP;D;20231226;000000;11.275;12.15;11.08;12.14;127606100;1499579219
NMTP;D;20231227;000000;12.245;13.05;11.65;11.785;419303000;5241258076
NMTP;D;20231228;000000;11.705;12.285;11.605;11.78;91975800;1095745713
NMTP;D;20231229;000000;11.945;11.985;11.41;11.47;59612400;693395842
NMTP;D;20240103;000000;11.495;12.475;11.495;12.455;87066600;1052125226
NMTP;D;20240104;000000;12.46;12.64;12.205;12.32;91119500;1132740576.5
NMTP;D;20240105;000000;12.245;12.58;12.24;12.39;35211400;437142425.5
NMTP;D;20240108;000000;12.45;12.575;12.35;12.495;30495800;380787927.5
NMTP;D;20240109;000000;12.515;12.9;12.385;12.85;84953900;1079692493.5
NMTP;D;20240110;000000;12.87;13.05;12.66;12.775;60320000;776185694
NMTP;D;20240111;000000;12.66;12.845;12.52;12.76;35166800;446582098.5
NMTP;D;20240112;000000;12.75;13.14;12.72;12.915;104021700;1350675527.5
NMTP;D;20240115;000000;12.985;13.18;12.83;12.94;44486600;578155766
NMTP;D;20240116;000000;12.985;13.015;12.61;12.84;36983000;474565223.5
NMTP;D;20240117;000000;12.87;13.09;12.755;13.09;51539400;669603493.5
NMTP;D;20240118;000000;13.15;13.22;12.83;13.005;54369100;708903031.5
NMTP;D;20240119;000000;12.98;13.04;12.8;12.85;17827200;229840775.5
NMTP;D;20240122;000000;12.88;12.945;12.78;12.81;11652400;149791906.5
NMTP;D;20240123;000000;12.805;12.865;12.67;12.71;14358600;183095603.5
NMTP;D;20240124;000000;12.71;12.81;12.45;12.58;19584100;248027951
NMTP;D;20240125;000000;12.59;12.6;12.195;12.31;36471500;450910751.5
NMTP;D;20240126;000000;12.31;12.49;12.26;12.32;14797000;183117291.5
NMTP;D;20240129;000000;12.44;12.525;12.375;12.44;19779900;246362888.5
NMTP;D;20240130;000000;12.475;12.6;12.415;12.54;28624000;358460825.5
NMTP;D;20240131;000000;12.595;12.66;12.515;12.55;22413600;282305264.5
NMTP;D;20240201;000000;12.53;12.63;12.33;12.45;21982000;274191674.5
NMTP;D;20240202;000000;12.445;12.47;12.3;12.385;10008300;123816669
NMTP;D;20240205;000000;12.39;12.49;12.32;12.4;11537000;142992413
NMTP;D;20240206;000000;12.37;12.84;12.36;12.8;31092200;392008858.5
NMTP;D;20240207;000000;12.805;13.07;12.71;12.86;52481300;677961639.5
NMTP;D;20240208;000000;12.825;12.855;12.565;12.64;24969400;316742414
NMTP;D;20240209;000000;12.595;12.67;12.48;12.5;11367200;142633607.5
NMTP;D;20240212;000000;12.5;12.71;12.4;12.575;16332700;204890514
NMTP;D;20240213;000000;12.575;12.855;12.505;12.785;16663700;210772511
NMTP;D;20240214;000000;12.8;12.965;12.625;12.645;26042900;332543145.5
NMTP;D;20240215;000000;12.645;13.06;12.585;12.995;45907000;590207181
NMTP;D;20240216;000000;13.005;13.105;12.74;12.81;39768400;514375297
NMTP;D;20240219;000000;12.89;13.33;12.835;13.225;101886100;1337782008.5
NMTP;D;20240220;000000;13.25;13.4;12.32;12.445;92900200;1189422622.5
NMTP;D;20240221;000000;12.475;12.535;11.74;12.03;86274300;1045536367
NMTP;D;20240222;000000;12.02;12.48;11.95;12.17;27532600;336013069.5
NMTP;D;20240226;000000;12.465;12.62;12.305;12.585;21439000;266920597.5
NMTP;D;20240227;000000;12.6;12.635;12.4;12.47;9301600;116043367
NMTP;D;20240228;000000;12.5;12.815;12.405;12.485;23672200;298756671.5
NMTP;D;20240229;000000;12.58;12.8;12.405;12.73;26321500;333158221.5
NMTP;D;20240301;000000;12.805;12.805;12.57;12.63;15413800;194891187.5
NMTP;D;20240304;000000;12.69;12.745;12.445;12.585;22064000;278461762
NMTP;D;20240305;000000;12.595;12.6;12.41;12.445;12351300;154475059
NMTP;D;20240306;000000;12.445;12.695;12.41;12.505;14886500;186966325.5
NMTP;D;20240307;000000;12.5;12.545;12.225;12.4;19317900;238947458
NMTP;D;20240311;000000;12.41;12.535;12.35;12.41;11636200;144991714.5
NMTP;D;20240312;000000;12.415;12.525;12.355;12.41;9074900;112699496
NMTP;D;20240313;000000;12.465;12.585;12.34;12.39;12866000;160355675
NMTP;D;20240314;000000;12.39;12.395;12.025;12.155;16824300;204847735
NMTP;D;20240315;000000;12.185;12.32;12.145;12.165;11161800;136447449.5
NMTP;D;20240318;000000;12.23;12.28;11.98;12.075;22689900;274168704
NMTP;D;20240319;000000;12.075;12.14;11.76;11.93;23819800;285755799.5
NMTP;D;20240320;000000;11.97;12.1;11.82;11.895;10484100;125301493
NMTP;D;20240321;000000;11.895;12.105;11.73;12.1;21287600;253650273.5
NMTP;D;20240322;000000;12.11;12.195;11.4;11.735;55717900;660718338
NMTP;D;20240325;000000;11.76;12.18;11.675;12.085;26355200;315100833.5
NMTP;D;20240326;000000;12.09;12.465;11.98;12.305;50857800;623973870.5
NMTP;D;20240327;000000;12.305;12.415;12.05;12.245;15131500;184779385
NMTP;D;20240328;000000;12.29;12.45;12.18;12.205;17514100;215620638.5
NMTP;D;20240329;000000;12.24;12.405;12.08;12.175;18676900;228654115
NMTP;D;20240401;000000;12.25;12.38;12.125;12.21;20652600;253217835
NMTP;D;20240402;000000;12.21;12.335;12.145;12.225;17154400;210260087
NMTP;D;20240403;000000;12.24;12.755;12.24;12.715;44172300;553567730
NMTP;D;20240404;000000;12.715;12.74;12.495;12.535;24429400;307621108.5
NMTP;D;20240405;000000;12.575;12.63;12.525;12.595;9597700;120843061.5
NMTP;D;20240408;000000;12.62;13.135;12.62;13.085;60545500;780478121
NMTP;D;20240409;000000;13.15;13.16;12.46;12.67;46116400;595660510.5
NMTP;D;20240410;000000;12.675;12.705;12.455;12.62;26047100;327623089
NMTP;D;20240411;000000;12.62;12.84;12.56;12.59;12906000;163599030.5
NMTP;D;20240412;000000;12.6;12.79;12.54;12.545;15363600;194741662
NMTP;D;20240415;000000;12.58;12.895;12.575;12.875;19192800;245256521
NMTP;D;20240416;000000;12.875;12.905;12.605;12.745;12006600;153025884.5
NMTP;D;20240417;000000;12.75;12.92;12.64;12.71;8826600;112469270.5
NMTP;D;20240418;000000;12.715;12.755;12.625;12.695;5798400;73531048.5
NMTP;D;20240419;000000;12.7;12.77;12.65;12.65;6820600;86555288.5
NMTP;D;20240422;000000;12.665;12.69;12.36;12.44;12481000;156525654
NMTP;D;20240423;000000;12.46;12.48;12.19;12.285;19862000;244201547.5
NMTP;D;20240424;000000;12.29;12.625;12.2;12.36;28077600;348367567
NMTP;D;20240425;000000;12.4;12.495;12.3;12.35;4988900;61729135
NMTP;D;20240426;000000;12.35;12.48;12.225;12.27;6898100;85131657.5
NMTP;D;20240427;000000;12.3;12.315;12.005;12.2;11251300;136781130
NMTP;D;20240429;000000;12.235;12.375;12.215;12.33;6714900;82638901
NMTP;D;20240430;000000;12.33;12.36;12.22;12.225;7109200;87301169
NMTP;D;20240502;000000;12.225;12.43;12.22;12.29;15980400;196942699.5
NMTP;D;20240503;000000;12.3;12.325;12.165;12.24;9204400;112806828.5
NMTP;D;20240506;000000;12.245;12.335;12.06;12.105;14954100;182598698.5
NMTP;D;20240507;000000;12.1;12.565;12.1;12.535;21964800;272534020
NMTP;D;20240508;000000;12.55;12.74;12.43;12.52;27181900;343222605.5
NMTP;D;20240510;000000;12.505;12.61;12.43;12.525;7486900;93638087
NMTP;D;20240513;000000;12.615;12.69;12.5;12.665;22996800;290172259
NMTP;D;20240514;000000;12.68;12.68;12.52;12.555;10492000;132026605
NMTP;D;20240515;000000;12.55;12.68;12.415;12.68;11835800;148571639.5
NMTP;D;20240516;000000;12.685;12.945;12.665;12.89;35957300;460971274.5
NMTP;D;20240517;000000;12.84;12.955;12.7;12.925;20159100;258087000
NMTP;D;20240520;000000;12.96;12.98;12.26;12.43;33484800;420999886.5
NMTP;D;20240521;000000;12.38;12.49;12.32;12.435;8790500;109094119.5
NMTP;D;20240522;000000;12.475;12.635;12.205;12.36;14796400;184366247
NMTP;D;20240523;000000;12.42;12.42;12.12;12.17;14857500;181712819
NMTP;D;20240524;000000;12.225;12.45;11.855;12.16;25774000;313392958.5
NMTP;D;20240527;000000;12.15;12.235;10.92;11.1;88614600;1004671658
NMTP;D;20240528;000000;11.16;11.39;10.8;11.045;41135600;457507505.5
NMTP;D;20240529;000000;11.08;11.135;10.82;11.04;17421200;191516983.5
NMTP;D;20240530;000000;11.09;11.11;9.9;10.225;128727500;1309329920
NMTP;D;20240531;000000;10.225;10.295;9.535;9.725;74310100;735792881
NMTP;D;20240603;000000;9.785;10.1;9.51;10.04;79985000;786782527.5
NMTP;D;20240604;000000;10.05;10.28;9.845;10.235;51416900;517394319.5
NMTP;D;20240605;000000;10.385;10.48;10.125;10.155;48501300;499334308.5
NMTP;D;20240606;000000;10.155;10.46;10.06;10.445;26120500;268152686.5
NMTP;D;20240607;000000;10.48;10.975;10.32;10.91;48066100;515866395.5
NMTP;D;20240610;000000;11;11.1;10.33;10.46;46974600;500134217
NMTP;D;20240611;000000;10.42;10.625;10.205;10.3;23352100;242124006.5
NMTP;D;20240613;000000;9.7;10.55;9.355;10.46;30721700;309642275
NMTP;D;20240614;000000;10.46;10.765;10.39;10.62;14058800;149191322.5
NMTP;D;20240617;000000;10.66;10.725;10.29;10.36;17017300;177793875.5
NMTP;D;20240618;000000;10.33;10.36;10;10.055;21911300;221905017
NMTP;D;20240619;000000;10.08;10.08;9.46;9.825;28578200;279519882.5
NMTP;D;20240620;000000;9.825;10.13;9.5;10.01;33533200;329749394
NMTP;D;20240621;000000;9.98;10.085;9.68;9.755;19040700;187346032
NMTP;D;20240624;000000;9.755;9.8;9.42;9.455;28069700;268142285
NMTP;D;20240625;000000;9.5;9.79;9.37;9.715;23796100;227231656
NMTP;D;20240626;000000;9.715;9.98;9.615;9.91;18395800;180419796
NMTP;D;20240627;000000;9.91;10.045;9.765;9.875;16408700;162512084.5
NMTP;D;20240628;000000;9.93;9.93;9.81;9.85;6921000;68246705
NMTP;D;20240701;000000;9.89;10.415;9.855;10.35;42918000;437644074.5
NMTP;D;20240702;000000;10.36;10.4;10.13;10.2;15926200;163368246
NMTP;D;20240703;000000;10.2;10.265;9.815;9.925;21689600;217058791
NMTP;D;20240704;000000;9.85;9.945;9.64;9.655;21680600;212149390.5
NMTP;D;20240705;000000;9.7;9.875;9.52;9.785;23005700;223729531.5
NMTP;D;20240708;000000;9.785;9.805;9.525;9.56;15519700;149791199
NMTP;D;20240709;000000;9.56;9.61;9.005;9.175;51448500;474457657.5
NMTP;D;20240710;000000;8.4;8.44;7.885;7.9;132587700;1077017023.5
NMTP;D;20240711;000000;7.86;8.685;7.86;8.665;69641300;583545864.5
NMTP;D;20240712;000000;8.7;8.76;8.38;8.545;34398700;294048998
NMTP;D;20240715;000000;8.575;8.615;8.21;8.415;16804000;140902554
NMTP;D;20240716;000000;8.4;8.63;8.245;8.585;18572300;156284317.5
NMTP;D;20240717;000000;8.65;8.685;8.445;8.49;10407400;88824934.5
NMTP;D;20240718;000000;8.49;8.885;8.44;8.85;20432000;177188066
NMTP;D;20240719;000000;8.9;8.99;8.675;8.865;21861500;193704415.5
NMTP;D;20240722;000000;8.99;9.19;8.64;9.075;21659300;194407814.5
NMTP;D;20240723;000000;9.1;9.1;8.825;8.9;17647300;157414755.5
NMTP;D;20240724;000000;8.85;9.4;8.8;9.27;37883800;346339436.5
NMTP;D;20240725;000000;9.24;9.495;9.205;9.345;19787000;185532097
NMTP;D;20240726;000000;9.345;9.585;8.9;9.015;42021100;384865517.5
NMTP;D;20240729;000000;9;9;8.61;8.835;20694800;181804156.5
NMTP;D;20240730;000000;8.755;9.045;8.755;8.965;21319100;190111612
NMTP;D;20240731;000000;8.995;9.08;8.875;8.99;8536200;76528108
NMTP;D;20240801;000000;9.03;9.15;8.95;9.05;12375400;112394700
NMTP;D;20240802;000000;9.03;9.05;8.8;8.935;10942800;97531480
NMTP;D;20240805;000000;8.76;8.965;8.685;8.875;19109800;168147346
NMTP;D;20240806;000000;8.91;9.075;8.825;8.94;9399300;84113661
NMTP;D;20240807;000000;8.93;9.175;8.76;9;25599000;231154342.5
NMTP;D;20240808;000000;9;9.065;8.775;8.825;14848300;132113583
NMTP;D;20240809;000000;8.85;8.91;8.77;8.82;5289200;46804851
NMTP;D;20240812;000000;8.8;8.975;8.7;8.92;10178600;89780694
NMTP;D;20240813;000000;8.92;9.04;8.885;8.98;8518400;76407202
NMTP;D;20240814;000000;9.04;9.145;8.9;8.905;15449900;139617307.5
NMTP;D;20240815;000000;8.885;8.98;8.72;8.735;6567400;58075624.5
NMTP;D;20240816;000000;8.77;8.815;8.615;8.665;9801800;85388655.5
NMTP;D;20240819;000000;8.71;8.71;8.535;8.62;11007500;94586944
NMTP;D;20240820;000000;8.64;8.72;8.53;8.635;7226500;62405034
NMTP;D;20240821;000000;8.635;8.68;8.51;8.62;5885800;50563908
NMTP;D;20240822;000000;8.65;8.65;8.24;8.375;17960800;150585556
NMTP;D;20240823;000000;8.35;8.405;7.965;8.32;28863700;235783942.5
NMTP;D;20240826;000000;8.5;8.695;8.33;8.475;13553200;115221148.5
NMTP;D;20240827;000000;8.48;8.515;8.2;8.27;13233100;109726175.5
NMTP;D;20240828;000000;8.255;8.36;8.065;8.32;8943100;73288582.5
NMTP;D;20240829;000000;8.245;8.5;8.14;8.25;15841400;130290957
NMTP;D;20240830;000000;8.24;8.245;7.9;7.975;41478200;333310638
NMTP;D;20240902;000000;7.87;8.06;7.73;7.985;34973300;275745978.5
NMTP;D;20240903;000000;7.99;8.35;7.91;8.11;28262000;230147859
NMTP;D;20240904;000000;8.07;8.57;8.07;8.42;17623900;146413362
NMTP;D;20240905;000000;8.46;8.495;8.18;8.275;10316500;86421268.5
NMTP;D;20240906;000000;8.32;8.365;8.19;8.315;4444000;36776562.5
NMTP;D;20240909;000000;8.35;8.75;8.32;8.7;14886200;127602568
NMTP;D;20240910;000000;8.7;8.79;8.5;8.555;11148300;96295781
NMTP;D;20240911;000000;8.57;8.78;8.345;8.4;13022800;111918902.5
NMTP;D;20240912;000000;8.43;8.48;8.095;8.275;15491400;127802101
NMTP;D;20240913;000000;8.3;8.415;8.005;8.375;14284000;117732346.5
NMTP;D;20240916;000000;8.45;8.89;8.425;8.815;22303100;192966082
NMTP;D;20240917;000000;8.815;9.31;8.735;9.115;29545000;267165593.5
NMTP;D;20240918;000000;9.11;9.115;8.765;8.805;19194400;170237696
NMTP;D;20240919;000000;8.805;8.915;8.675;8.815;9438100;83010882
NMTP;D;20240920;000000;8.815;9.05;8.72;8.875;21762800;192543050
NMTP;D;20240923;000000;8.87;9.075;8.8;9.02;16334300;146379844
NMTP;D;20240924;000000;9.04;9.135;8.82;8.905;12157900;108528855.5
NMTP;D;20240925;000000;8.885;9.02;8.73;8.785;10304100;91758700.5
NMTP;D;20240926;000000;8.78;8.87;8.7;8.795;5694000;50032697.5
NMTP;D;20240927;000000;8.8;8.94;8.785;8.845;4073400;36114386
NMTP;D;20240930;000000;8.94;9.05;8.74;8.76;11027600;98220094.5
NMTP;D;20241001;000000;8.76;8.895;8.74;8.79;7737700;68091827.5
NMTP;D;20241002;000000;8.85;8.9;8.505;8.575;13791400;120208875
NMTP;D;20241003;000000;8.575;8.635;8.36;8.63;12354300;104688957
NMTP;D;20241004;000000;8.65;8.69;8.55;8.59;5780800;49815009
NMTP;D;20241007;000000;8.595;8.64;8.37;8.52;8360800;70973009
NMTP;D;20241008;000000;8.56;8.585;8.445;8.495;3219700;27410097.5
NMTP;D;20241009;000000;8.495;8.5;8.315;8.38;5344300;44831836
NMTP;D;20241010;000000;8.4;8.465;8.355;8.405;3379900;28434199
NMTP;D;20241011;000000;8.44;8.46;8.325;8.335;5001000;41890509.5
NMTP;D;20241014;000000;8.32;8.585;8.265;8.495;9919000;83693170.5
NMTP;D;20241015;000000;8.49;8.675;8.43;8.435;8413100;72033192.5
NMTP;D;20241016;000000;8.475;8.585;8.415;8.465;7705000;65540622
NMTP;D;20241017;000000;8.43;8.5;8.355;8.375;3538200;29837100.5
NMTP;D;20241018;000000;8.38;8.43;8.205;8.23;6206700;51465692.5
NMTP;D;20241021;000000;8.23;8.335;8.21;8.3;5814200;48120718
NMTP;D;20241022;000000;8.385;8.385;8.23;8.335;7195000;59800933.5
NMTP;D;20241023;000000;8.31;8.425;8.165;8.24;5558600;46241222.5
NMTP;D;20241024;000000;8.245;8.495;8.075;8.39;19449000;161573139
NMTP;D;20241025;000000;8.4;8.47;8.065;8.21;15808000;130582601
NMTP;D;20241028;000000;8.055;8.205;8.035;8.16;12473200;101372293.5
NMTP;D;20241029;000000;8.15;8.385;8.055;8.35;11514400;94545343.5
NMTP;D;20241030;000000;8.385;8.43;8.2;8.2;4217100;35040857.5
NMTP;D;20241031;000000;8.205;8.255;8.065;8.165;6435200;52374077.5
NMTP;D;20241101;000000;8.165;8.305;8.075;8.26;4322400;35409736.5
NMTP;D;20241102;000000;8.29;8.42;8.24;8.34;3203700;26770045.5
NMTP;D;20241105;000000;8.435;8.51;8.27;8.39;5916800;49402989
NMTP;D;20241106;000000;8.52;8.66;8.435;8.47;11523900;98469616.5
NMTP;D;20241107;000000;8.475;8.73;8.37;8.665;5498900;46928431
NMTP;D;20241108;000000;8.685;8.97;8.56;8.89;27391000;240104836.5
NMTP;D;20241111;000000;9.005;9.02;8.82;8.975;13094500;117053478
NMTP;D;20241112;000000;8.99;8.995;8.72;8.72;6072900;53871571
NMTP;D;20241113;000000;8.72;9;8.61;8.735;6637900;58027304
NMTP;D;20241114;000000;8.755;8.825;8.68;8.71;3634200;31772705.5
NMTP;D;20241115;000000;8.72;8.84;8.69;8.835;4167300;36572733.5
NMTP;D;20241118;000000;8.6;8.67;8.375;8.43;16457300;139977056
NMTP;D;20241119;000000;8.465;8.575;8.17;8.285;12425000;103338422
NMTP;D;20241120;000000;8.26;8.395;8.12;8.26;6582700;54354047.5
NMTP;D;20241121;000000;8.275;8.35;8.01;8.31;11014500;90168763
NMTP;D;20241122;000000;8.34;8.355;8.055;8.13;8648100;70588191
NMTP;D;20241125;000000;8.12;8.21;8.02;8.07;8611700;69513553.5
NMTP;D;20241126;000000;8.1;8.165;7.71;7.82;30003000;236810830.5
NMTP;D;20241127;000000;7.84;8.23;7.41;8.21;37414000;290565243
NMTP;D;20241128;000000;8.22;8.24;7.905;8.085;8472500;68316277.5
NMTP;D;20241129;000000;7.92;8.26;7.92;8.11;8037200;65575581
NMTP;D;20241202;000000;8.165;8.27;8.07;8.165;6021100;49203544.5
NMTP;D;20241203;000000;8.17;8.17;7.855;7.91;5183600;41383597
NMTP;D;20241204;000000;7.9;8.015;7.73;7.78;10931700;85729004
NMTP;D;20241205;000000;7.765;7.98;7.74;7.98;10343100;81296020.5
NMTP;D;20241206;000000;7.975;8;7.835;7.92;2982000;23633155
NMTP;D;20241209;000000;7.95;8.09;7.94;8.01;4787100;38342670.5
NMTP;D;20241210;000000;7.965;8.035;7.8;7.845;6829000;54027204.5
NMTP;D;20241211;000000;7.82;7.92;7.77;7.905;3295200;25842384.5
NMTP;D;20241212;000000;7.905;8.04;7.815;7.85;9447200;74887317
NMTP;D;20241213;000000;7.84;7.91;7.785;7.85;3661600;28754959
NMTP;D;20241216;000000;7.71;7.815;7.58;7.68;13819300;106106447.5
NMTP;D;20241217;000000;7.68;7.73;7.59;7.725;8161500;62525705.5
NMTP;D;20241218;000000;7.675;7.9;7.675;7.87;5754400;44952153.5
NMTP;D;20241219;000000;7.885;8;7.835;7.995;6240500;49382630.5
NMTP;D;20241220;000000;8;8.98;7.875;8.54;34058500;290506478.5
NMTP;D;20241223;000000;8.68;8.93;8.255;8.46;27590700;235096531
NMTP;D;20241224;000000;8.455;8.61;8.345;8.405;7879100;66527239
NMTP;D;20241225;000000;8.37;8.89;8.3;8.745;21748400;188671740
NMTP;D;20241226;000000;8.76;8.86;8.48;8.625;10409700;90487857.5
NMTP;D;20241227;000000;8.665;8.9;8.6;8.855;7600400;66608250
NMTP;D;20241228;000000;8.875;9.125;8.8;8.94;14512400;130127333
NMTP;D;20241230;000000;9.05;9.29;8.955;9.175;15558400;142226217
NMTP;D;20250103;000000;9.305;9.305;8.895;8.965;9726600;88216010.5
NMTP;D;20250106;000000;8.925;9.1;8.825;9.045;3823800;34292095.5
NMTP;D;20250108;000000;9.09;9.195;9.045;9.105;3925500;35869821
NMTP;D;20250109;000000;9.13;9.195;8.66;8.7;9160500;81222619.5
NMTP;D;20250110;000000;8.75;9.475;8.7;9.45;39548600;363927826.5
NMTP;D;20250113;000000;9.46;9.755;9.125;9.21;24296900;228704476
NMTP;D;20250114;000000;9.2;9.4;9.14;9.25;9504300;88284474.5
NMTP;D;20250115;000000;9.265;9.54;9.195;9.465;15162200;142181040.5
NMTP;D;20250116;000000;9.5;9.815;9.305;9.365;32679000;311478442
NMTP;D;20250117;000000;9.43;9.775;9.32;9.5;20761100;197447371
NMTP;D;20250120;000000;9.72;9.745;9.025;9.17;29967000;282404647
NMTP;D;20250121;000000;9.17;9.35;9.135;9.34;8885200;82271154
NMTP;D;20250122;000000;9.43;9.67;9.33;9.51;14902100;142095513
NMTP;D;20250123;000000;9.5;9.665;9.41;9.5;7329600;69837054.5
NMTP;D;20250124;000000;9.55;9.62;9.42;9.515;8714100;83068857
NMTP;D;20250127;000000;9.515;9.6;9.285;9.305;6704700;63440696.5
NMTP;D;20250128;000000;9.345;9.975;9.315;9.835;20645100;200449985.5
NMTP;D;20250129;000000;9.835;10.095;9.6;9.92;17113100;169693468.5
NMTP;D;20250130;000000;9.965;10.045;9.89;10;7127400;71061626
NMTP;D;20250131;000000;10.005;10.04;9.54;9.585;18434700;180021096
NMTP;D;20250203;000000;9.585;9.77;9.46;9.73;9402900;90183248
NMTP;D;20250204;000000;9.735;9.95;9.6;9.615;6375900;62458879.5
NMTP;D;20250205;000000;9.635;10.1;9.605;10.01;12646200;125009349.5
NMTP;D;20250206;000000;10.035;10.3;9.96;9.97;13484500;136868364.5
NMTP;D;20250207;000000;9.995;10.095;9.915;9.955;6616200;66176446
NMTP;D;20250210;000000;10.045;10.18;9.98;10.005;6185100;62252530.5
NMTP;D;20250211;000000;9.995;10.14;9.995;10.12;3519900;35451703.5
NMTP;D;20250212;000000;10.2;10.91;10.1;10.695;28053400;293668321
NMTP;D;20250213;000000;10.795;10.88;10.365;10.51;10395000;109382998.5
NMTP;D;20250214;000000;10.595;10.77;9.835;10.205;17739900;183672781
NMTP;D;20250217;000000;10.49;10.795;10.46;10.62;17539500;186435132.5
NMTP;D;20250218;000000;10.475;10.505;10.215;10.35;13065600;135235508
NMTP;D;20250219;000000;10.405;10.595;10.25;10.485;10065100;104847166
NMTP;D;20250220;000000;10.5;10.775;10.39;10.475;11443400;121203946
NMTP;D;20250221;000000;10.595;10.89;10.515;10.64;19419400;208248993
NMTP;D;20250224;000000;10.785;10.925;10.69;10.895;20828700;225366053.5
NMTP;D;20250225;000000;10.935;10.995;10.7;10.775;13667000;148006297.5
NMTP;D;20250226;000000;10.845;10.925;10.415;10.54;14506400;154767773
NMTP;D;20250227;000000;10.55;10.66;10.28;10.33;12087500;126529597.5
NMTP;D;20250228;000000;10.31;10.785;9.86;10.645;34989100;359918152.5
NMTP;D;20250303;000000;10.5;10.63;10.1;10.485;14758300;152250941
NMTP;D;20250304;000000;10.51;10.74;10.505;10.625;15767500;167802508
NMTP;D;20250305;000000;10.55;10.55;10.31;10.365;12546400;130901088
NMTP;D;20250306;000000;10.43;10.445;10.13;10.175;7334200;75213797
NMTP;D;20250307;000000;10.195;10.32;9.96;10.21;10740100;109381987.5
NMTP;D;20250310;000000;10.315;10.34;10.215;10.25;7554200;77692680.5
NMTP;D;20250311;000000;10.335;10.335;10.06;10.125;8234600;83766453
NMTP;D;20250312;000000;10.12;10.12;9.99;10.07;4296700;43204836
NMTP;D;20250313;000000;9.99;10.195;9.9;10.055;6862900;68760106
NMTP;D;20250314;000000;10.035;10.165;9.96;10.075;11994300;120967558
NMTP;D;20250317;000000;10.25;10.295;10.07;10.215;13053200;133068138
NMTP;D;20250318;000000;10.245;10.265;9.92;10.005;11982300;121400030.5
NMTP;D;20250319;000000;10.005;10.19;9.965;10.095;7513300;75869449
NMTP;D;20250320;000000;10.14;10.175;10.005;10.105;3678300;37191022
NMTP;D;20250321;000000;10.1;10.145;9.99;10.005;5739500;57758324
NMTP;D;20250324;000000;10.04;10.55;9.915;10.14;85767900;882055145
NMTP;D;20250325;000000;10.145;10.7;9.95;10.69;161223800;1669836263.5
NMTP;D;20250326;000000;10.77;10.785;10.14;10.195;85653800;890944877
NMTP;D;20250327;000000;10.195;10.205;9.635;9.705;43242800;431960612.5
NMTP;D;20250328;000000;9.795;9.8;9.36;9.495;55562200;531919686
NMTP;D;20250331;000000;9.55;9.83;9.245;9.41;44842900;426056009.5
NMTP;D;20250401;000000;9.465;9.65;9.14;9.19;30341200;285279539.5
NMTP;D;20250402;000000;9.15;9.55;9.04;9.495;30997300;288139100.5
NMTP;D;20250403;000000;9.56;9.67;9.19;9.65;34751300;327649705.5
NMTP;D;20250404;000000;9.8;9.845;9.085;9.175;52506100;492135076.5
NMTP;D;20250407;000000;9.16;9.435;8.505;9.2;59624300;538783912.5
NMTP;D;20250408;000000;9.1;9.43;8.965;9;19381300;179295881.5
NMTP;D;20250409;000000;9.06;9.4;8.77;9.32;37409500;338671619.5
NMTP;D;20250410;000000;9.36;9.405;9.06;9.19;15471500;143292978
NMTP;D;20250411;000000;9.21;9.38;9.175;9.24;15578000;144880492
NMTP;D;20250414;000000;9.26;9.555;9.26;9.4;20439300;192991827.5
NMTP;D;20250415;000000;9.42;9.545;9.375;9.47;10022800;94764327.5
NMTP;D;20250416;000000;9.54;9.59;9.395;9.47;10797100;102440195
NMTP;D;20250417;000000;9.47;9.625;9.21;9.555;22347600;211701441
NMTP;D;20250418;000000;9.345;9.46;9.205;9.36;16276900;151631021
NMTP;D;20250421;000000;9.37;9.5;9.37;9.47;8839300;83424714.5
NMTP;D;20250422;000000;9.485;9.68;9.37;9.525;19110100;181492253.5
NMTP;D;20250423;000000;9.5;9.55;9.375;9.435;6878100;64841384
NMTP;D;20250424;000000;9.465;9.5;9.39;9.405;3550200;33513586.5
NMTP;D;20250425;000000;9.42;9.56;9.415;9.485;11455900;108683855
NMTP;D;20250428;000000;9.485;9.585;9.275;9.43;24180200;228759046
NMTP;D;20250429;000000;9.435;9.5;9.23;9.285;8821400;82688768
NMTP;D;20250430;000000;9.265;9.335;9.09;9.275;7767900;71685906.5
NMTP;D;20250502;000000;9.21;9.31;9.005;9.04;7653300;69754506.5
NMTP;D;20250505;000000;9.03;9.13;8.965;9.025;7109100;64394689.5
NMTP;D;20250506;000000;9.045;9.325;8.97;9.17;9376500;86504115.5
NMTP;D;20250507;000000;9.13;9.35;9.125;9.28;5816500;53899402
NMTP;D;20250508;000000;9.31;9.35;9.245;9.265;2362600;21979620.5
NMTP;D;20250512;000000;9.275;9.515;9.215;9.315;11522800;108317332.5
NMTP;D;20250513;000000;9.325;9.385;9.28;9.285;3649300;33987489.5
NMTP;D;20250514;000000;9.29;9.3;9.11;9.12;6869300;63160156.5
NMTP;D;20250515;000000;9.105;9.31;9.1;9.26;5961100;55014669
NMTP;D;20250516;000000;9.295;9.305;9.05;9.185;10313600;94419464
NMTP;D;20250519;000000;9.19;9.375;9.18;9.285;8464900;78754783.5
NMTP;D;20250520;000000;9.31;9.315;9.15;9.185;3748000;34613479.5
NMTP;D;20250521;000000;9.195;9.24;9.07;9.11;3775800;34455679.5
NMTP;D;20250522;000000;9.13;9.28;9.015;9.235;8235200;75432236.5
NMTP;D;20250523;000000;9.245;9.255;9.045;9.07;6988900;63786293.5
NMTP;D;20250526;000000;9.06;9.06;8.815;8.91;11190000;99554704
NMTP;D;20250527;000000;8.91;9.245;8.815;9.03;15258300;138176582
NMTP;D;20250528;000000;9.055;9.22;9.04;9.18;9827000;89779067.5
NMTP;D;20250529;000000;9.14;9.235;9.015;9.035;3788700;34521672.5
NMTP;D;20250530;000000;9.04;9.35;8.95;9.33;20542500;189061555.5
NMTP;D;20250602;000000;9.32;9.395;9.045;9.215;15031700;138220145
NMTP;D;20250603;000000;9.23;9.37;9.15;9.275;6997700;64822607
NMTP;D;20250604;000000;9.315;9.47;9.21;9.315;14195700;132893683
NMTP;D;20250605;000000;9.325;9.385;9.32;9.345;3809700;35627341.5
NMTP;D;20250606;000000;9.37;9.475;9.15;9.17;11659700;108485869
NMTP;D;20250609;000000;9.19;9.26;8.985;9.04;8797400;79926156.5
NMTP;D;20250610;000000;9.06;9.12;8.89;9.04;7035400;63588789.5
NMTP;D;20250611;000000;9.05;9.165;9;9.055;4561700;41482389.5
NMTP;D;20250613;000000;9.09;9.15;9.055;9.065;1614100;14691383
NMTP;D;20250616;000000;9.08;9.235;9.065;9.15;6170200;56577303
NMTP;D;20250617;000000;9.14;9.33;9.14;9.275;7248700;67095317
NMTP;D;20250618;000000;9.28;9.33;9.18;9.185;6075000;56156559
NMTP;D;20250619;000000;9.245;9.26;9.155;9.205;2901000;26698138
NMTP;D;20250620;000000;9.2;9.255;9.155;9.19;3155500;29050957
NMTP;D;20250623;000000;9.19;9.24;9.115;9.18;4228100;38764663
NMTP;D;20250624;000000;9.22;9.25;9.115;9.195;2665800;24490049
NMTP;D;20250625;000000;9.22;9.28;9.2;9.25;3563400;32929126.5
NMTP;D;20250626;000000;9.24;9.5;9.235;9.305;23252300;218112842.5
NMTP;D;20250627;000000;9.33;9.455;9.27;9.35;16064700;150355175
NMTP;D;20250630;000000;9.38;9.555;9.31;9.35;25322900;237978242
NMTP;D;20250701;000000;9.38;9.42;9.17;9.275;12370000;114940508
NMTP;D;20250702;000000;9.275;9.32;9.2;9.22;8479300;78375126.5
NMTP;D;20250703;000000;9.225;9.26;9.15;9.155;9097100;83813722.5
NMTP;D;20250704;000000;9.17;9.245;9.06;9.165;10969800;100284926.5
NMTP;D;20250707;000000;9.175;9.315;9.14;9.18;13498200;124470271.5
NMTP;D;20250708;000000;9.19;9.28;9.07;9.095;14210800;130693168.5
NMTP;D;20250709;000000;9.09;9.18;9.02;9.115;7652100;69749497
NMTP;D;20250710;000000;9.08;9.18;9.06;9.115;6927300;63095738
NMTP;D;20250711;000000;9.09;9.21;9.04;9.05;24269400;221681185.5
NMTP;D;20250714;000000;8.3;8.58;8.28;8.565;25529500;214586504
NMTP;D;20250715;000000;8.56;8.625;8.43;8.51;11754200;100099859
NMTP;D;20250716;000000;8.525;8.6;8.465;8.51;8151400;69546407
NMTP;D;20250717;000000;8.54;8.615;8.355;8.455;8988300;76483258.5
NMTP;D;20250718;000000;8.495;8.58;8.455;8.565;7828700;66871455.5
NMTP;D;20250721;000000;8.58;8.785;8.58;8.66;15338800;132829612
NMTP;D;20250722;000000;8.7;8.7;8.515;8.585;8546200;73287513
NMTP;D;20250723;000000;8.64;8.655;8.525;8.595;9004100;77250226
NMTP;D;20250724;000000;8.6;8.63;8.455;8.53;12208500;104216129.5
NMTP;D;20250725;000000;8.55;8.735;8.53;8.57;19093900;164900423
NMTP;D;20250728;000000;8.575;8.665;8.505;8.585;9119800;78414472
NMTP;D;20250729;000000;8.58;8.645;8.5;8.56;9686300;83265852.5
NMTP;D;20250730;000000;8.605;8.615;8.4;8.485;9503600;80694037
NMTP;D;20250731;000000;8.475;8.55;8.46;8.51;5506600;46816914.5
NMTP;D;20250801;000000;8.52;8.58;8.48;8.495;5182000;44172530.5
NMTP;D;20250804;000000;8.5;8.645;8.39;8.575;12072200;103109803.5
NMTP;D;20250805;000000;8.59;8.6;8.525;8.595;5073900;43529698.5
NMTP;D;20250806;000000;8.585;8.75;8.485;8.7;18117400;156151415
NMTP;D;20250807;000000;8.67;8.815;8.56;8.695;24455000;213439786
NMTP;D;20250808;000000;8.72;8.845;8.715;8.79;17127800;150438145.5
NMTP;D;20250811;000000;9;9.02;8.765;8.86;35988100;320591537.5
NMTP;D;20250812;000000;8.875;8.88;8.78;8.8;8640200;76140946
NMTP;D;20250813;000000;8.84;8.86;8.725;8.75;10242400;90128423.5
NMTP;D;20250814;000000;8.75;8.895;8.685;8.875;19741500;174037598
NMTP;D;20250815;000000;8.93;8.97;8.825;8.845;27854400;247262087
NMTP;D;20250818;000000;8.79;8.915;8.565;8.87;23812800;209094694.5
NMTP;D;20250819;000000;8.88;8.92;8.8;8.86;25022600;221853458.5
NMTP;D;20250820;000000;8.86;8.955;8.81;8.85;12715400;112871387
NMTP;D;20250821;000000;8.85;8.93;8.67;8.71;17584800;154440863.5
NMTP;D;20250822;000000;8.77;8.82;8.685;8.77;5387300;47222236
NMTP;D;20250825;000000;8.78;8.865;8.755;8.84;7869700;69390808.5
NMTP;D;20250826;000000;8.84;8.89;8.72;8.8;5642700;49697940
NMTP;D;20250827;000000;8.825;8.825;8.705;8.79;5189300;45493642
NMTP;D;20250828;000000;8.8;8.835;8.725;8.755;6345600;55694556
NMTP;D;20250829;000000;8.755;8.79;8.7;8.75;6540300;57207226.5
NMTP;D;20250901;000000;8.76;8.96;8.75;8.83;12901600;114520512.5
NMTP;D;20250902;000000;8.86;8.88;8.76;8.8;8422700;74133819
NMTP;D;20250903;000000;8.8;8.865;8.755;8.835;5238900;46084598
NMTP;D;20250904;000000;8.84;8.92;8.81;8.905;11746100;104193829
NMTP;D;20250905;000000;8.91;8.975;8.87;8.9;8297700;73980039
NMTP;D;20250908;000000;8.905;9.03;8.865;8.925;11021700;98262003
NMTP;D;20250909;000000;8.925;8.98;8.87;8.915;11811500;105264077
NMTP;D;20250910;000000;8.915;8.935;8.85;8.89;6972200;61903572
NMTP;D;20250911;000000;8.895;9.01;8.795;8.95;13925100;123935477
NMTP;D;20250912;000000;8.95;8.98;8.71;8.76;11158900;98191469.5
NMTP;D;20250915;000000;8.76;8.9;8.58;8.665;13111900;114307194
NMTP;D;20250916;000000;8.66;8.74;8.58;8.65;6564300;56840987
NMTP;D;20250917;000000;8.675;8.845;8.665;8.745;6709200;58664699
NMTP;D;20250918;000000;8.69;8.85;8.69;8.725;8055700;70429553.5
NMTP;D;20250919;000000;8.76;8.79;8.6;8.625;10942100;95027149
NMTP;D;20250922;000000;8.63;8.715;8.4;8.57;14466700;123199605.5
NMTP;D;20250923;000000;8.57;8.68;8.41;8.47;8758200;74953789.5
NMTP;D;20250924;000000;8.43;8.64;8.42;8.535;7423200;63447392
NMTP;D;20250925;000000;8.58;8.6;8.42;8.485;4461500;37979295
NMTP;D;20250926;000000;8.5;8.515;8.21;8.365;12083600;100856127
NMTP;D;20250929;000000;8.385;8.47;8.26;8.265;11359900;94899912
NMTP;D;20250930;000000;8.265;8.325;8.205;8.245;6237500;51498665.5
NMTP;D;20251001;000000;8.225;8.29;8.14;8.205;6508800;53329071.5
NMTP;D;20251002;000000;8.18;8.48;8.065;8.315;10352600;85196444.5
NMTP;D;20251003;000000;8.32;8.43;8.2;8.225;7609300;63284391
NMTP;D;20251006;000000;8.215;8.57;8.11;8.38;14421700;120218568
NMTP;D;20251007;000000;8.385;8.435;8.335;8.41;4196700;35177623
NMTP;D;20251008;000000;8.395;8.535;8.08;8.19;13191900;108543454
NMTP;D;20251009;000000;8.22;8.33;8.05;8.31;9236400;75815375.5
NMTP;D;20251010;000000;8.295;8.34;8.2;8.235;5626300;46454997.5
NMTP;D;20251013;000000;8.27;8.28;8.11;8.19;9969400;81619739
NMTP;D;20251014;000000;8.23;8.23;8.15;8.175;3676200;30096089.5
NMTP;D;20251015;000000;8.175;8.275;8.105;8.24;4917700;40209683.5
NMTP;D;20251016;000000;8.28;8.69;8.2;8.685;16507900;139154238.5
NMTP;D;20251017;000000;8.685;8.76;8.555;8.61;7735000;66634204.5
NMTP;D;20251020;000000;8.64;8.79;8.64;8.715;7827500;68297539.5
NMTP;D;20251021;000000;8.715;8.745;8.315;8.57;13561800;115441637.5
NMTP;D;20251022;000000;8.55;8.625;8.315;8.43;7269400;61800023
NMTP;D;20251023;000000;8.3;8.4;8.255;8.355;5990100;49894863
NMTP;D;20251024;000000;8.335;8.42;8.23;8.26;5688700;47212065
NMTP;D;20251027;000000;8.265;8.265;8.075;8.09;11354200;92356507.5
NMTP;D;20251028;000000;8.155;8.33;8.05;8.305;5956700;49089257
NMTP;D;20251029;000000;8.34;8.37;8.27;8.3;2421800;20134239
NMTP;D;20251030;000000;8.295;8.465;8.27;8.45;4633700;38854427
NMTP;D;20251031;000000;8.48;8.495;8.295;8.385;3861800;32386850.5
NMTP;D;20251101;000000;8.365;8.53;8.365;8.47;1987300;16799120.5
NMTP;D;20251103;000000;8.48;8.625;8.47;8.51;2017300;17249938.5
NMTP;D;20251105;000000;8.545;8.565;8.415;8.46;4326200;36657249.5
NMTP;D;20251106;000000;8.45;8.515;8.4;8.5;2579900;21810806.5
NMTP;D;20251107;000000;8.435;8.545;8.405;8.5;2908200;24755561.5
NMTP;D;20251110;000000;8.5;8.58;8.4;8.45;4025400;34157044.5
NMTP;D;20251111;000000;8.45;8.5;8.36;8.49;7707600;65158235.5
NMTP;D;20251112;000000;8.475;8.52;8.305;8.34;6483700;54406986.5
NMTP;D;20251113;000000;8.37;8.39;8.305;8.34;2930300;24478519
NMTP;D;20251114;000000;8.3;8.37;8.145;8.185;10574300;87009466
NMTP;D;20251117;000000;8.185;8.3;8.105;8.16;7891500;64522071.5
NMTP;D;20251118;000000;8.165;8.39;8.13;8.215;10094500;83412944.5
NMTP;D;20251119;000000;8.215;8.59;8.215;8.42;14475300;121749137
NMTP;D;20251120;000000;8.395;8.58;8.36;8.57;8561700;72511640
NMTP;D;20251121;000000;8.57;8.635;8.42;8.515;9637900;82029971.5
NMTP;D;20251124;000000;8.69;8.76;8.455;8.475;13648700;117859406.5
NMTP;D;20251125;000000;8.475;8.67;8.455;8.65;6918700;59390438
NMTP;D;20251126;000000;8.595;8.63;8.525;8.61;4144000;35559236
NMTP;D;20251127;000000;8.6;8.67;8.5;8.555;4579900;39320273.5
NMTP;D;20251128;000000;8.53;8.665;8.52;8.58;6355400;54730119
NMTP;D;20251201;000000;8.555;8.61;8.49;8.535;7665300;65568459.5
NMTP;D;20251202;000000;8.54;8.645;8.525;8.62;7190300;61801970
NMTP;D;20251203;000000;8.55;8.795;8.38;8.76;17484200;150776657
NMTP;D;20251204;000000;8.76;8.985;8.76;8.875;28024200;249793379
NMTP;D;20251205;000000;8.875;8.965;8.81;8.91;12836500;114675190.5
NMTP;D;20251208;000000;8.91;8.95;8.79;8.795;6877800;61129197.5
NMTP;D;20251209;000000;8.82;8.93;8.79;8.92;7179100;63691889.5
NMTP;D;20251210;000000;8.925;8.925;8.77;8.845;13153700;116235139
NMTP;D;20251211;000000;8.845;8.965;8.845;8.91;9601900;85675520
NMTP;D;20251212;000000;8.95;8.95;8.7;8.705;6849800;60453353.5
NMTP;D;20251215;000000;8.7;8.85;8.7;8.81;6384700;56137832
NMTP;D;20251216;000000;8.815;8.86;8.755;8.78;4027100;35532946
NMTP;D;20251217;000000;8.815;8.815;8.655;8.745;7469300;65243005
NMTP;D;20251218;000000;8.74;8.805;8.63;8.69;6050100;52617874.5
NMTP;D;20251219;000000;8.705;8.775;8.62;8.69;5424300;47220154.5
NMTP;D;20251222;000000;8.675;8.76;8.505;8.515;6554500;56538903
NMTP;D;20251223;000000;8.56;8.57;8.44;8.535;4330800;36834939.5
NMTP;D;20251224;000000;8.515;8.6;8.48;8.6;3810400;32567795.5
NMTP;D;20251225;000000;8.7;8.7;8.5;8.53;3575400;30503467
NMTP;D;20251226;000000;8.52;8.635;8.38;8.635;9267600;79209561
NMTP;D;20251229;000000;8.645;8.745;8.505;8.575;17136900;148069496
NMTP;D;20251230;000000;8.57;8.69;8.57;8.635;4292900;37115142.5
NMTP;D;20260105;000000;8.635;8.635;8.49;8.555;3733700;31995628.5
NMTP;D;20260106;000000;8.545;8.72;8.545;8.63;4819800;41767671.5
NMTP;D;20260108;000000;8.585;8.675;8.535;8.615;3546900;30537202.5
NMTP;D;20260109;000000;8.62;8.72;8.615;8.695;2399400;20850848
NMTP;D;20260112;000000;8.7;8.8;8.555;8.6;7264400;63357457
NMTP;D;20260113;000000;8.605;8.675;8.57;8.62;4058200;34982122.5
