<TICKER>;<PER>;<DATE>;<TIME>;<OPEN>;<HIGH>;<LOW>;<CLOSE>;<AMOUNT>;<VOLUME>
QIWI;D;20131008;000000;1290;1340;1265.2;1340;630;822734.1
QIWI;D;20131009;000000;1200.1;1400;1200;1350;127;163781.7
QIWI;D;20131010;000000;1273;1330;1200.7;1310;49;61990
QIWI;D;20131011;000000;1300;1304.8;1300;1304.8;2;2604.8
QIWI;D;20131014;000000;1265;1310;1265;1310;4;5195
QIWI;D;20131015;000000;1336.9;1370;1336.9;1350;75;100591.9
QIWI;D;20131016;000000;1270;1304.4;1270;1304.4;51;66421.2
QIWI;D;20131018;000000;1350;1350;1350;1350;1;1350
QIWI;D;20131021;000000;1365;1365;1363.5;1363.5;2;2728.5
QIWI;D;20131024;000000;1363.5;1372;1363.5;1372;38;51929.3
QIWI;D;20131025;000000;1374;1920;1374;1920;7;10628
QIWI;D;20131028;000000;1900;1900;1350;1450;420;614512.2
QIWI;D;20131029;000000;1450;1450;1450;1450;3;4350
QIWI;D;20131030;000000;1234.2;1600;1234.2;1499.6;1150;1550593.8
QIWI;D;20131031;000000;1500;1500;1341.7;1400;1057;1473249.6
QIWI;D;20131101;000000;1468.5;1498;1353;1384.4;1206;1693826.9
QIWI;D;20131105;000000;1471.5;1471.5;1357.9;1450;1009;1409936.4
QIWI;D;20131106;000000;1470;1500;1422.8;1500;1423;2065499.9
QIWI;D;20131107;000000;1465;1470;1433;1455.9;1207;1749307.7
QIWI;D;20131108;000000;1454.5;1499.8;1354;1489.9;1033;1447729.4
QIWI;D;20131111;000000;1495;1495;1405.2;1435;1259;1878783.4
QIWI;D;20131112;000000;1460.9;1460.9;1409.8;1414.1;1200;1708380
QIWI;D;20131113;000000;1315;1381;1315;1367.7;1595;2158432.9
QIWI;D;20131114;000000;1349;1375;1349;1375;64;87969
QIWI;D;20131115;000000;1377;1377;1370;1377;208;286381
QIWI;D;20131118;000000;1340;1395.4;1340;1351;1011;1365135.4
QIWI;D;20131119;000000;1300;1400;1300;1400;1045;1359000
QIWI;D;20131120;000000;1400;1550;1400;1550;1113;1569148.9
QIWI;D;20131121;000000;1500;1551;1500;1550;1088;1643861
QIWI;D;20131122;000000;1551;1551;1500;1500;1125;1716570
QIWI;D;20131125;000000;1510;1530;1505;1505;1053;1588590
QIWI;D;20131126;000000;1510;1525;1510;1525;1021;1542069
QIWI;D;20131127;000000;1500;1676.7;1500;1581;1011;1517006.7
QIWI;D;20131128;000000;1799.7;1900;1602;1670;1159;1899243.3
QIWI;D;20131129;000000;1699;1790;1651;1790;1063;1758150
QIWI;D;20131202;000000;1611;2100;1550;1800;2015;3569877.9
QIWI;D;20131203;000000;1900;2330;1700;2000;1763;3362527.4
QIWI;D;20131204;000000;1900;1900;1655;1799;1402;2508635.7
QIWI;D;20131205;000000;1700;1850;1600;1649.9;341;551597.8
QIWI;D;20131206;000000;1600;1699.9;1581;1698;1057;1674070.7
QIWI;D;20131209;000000;1600;1848;1600;1634;1090;1753866
QIWI;D;20131210;000000;1635;1897.9;1635;1695;1153;1892266.1
QIWI;D;20131211;000000;1750;1807;1710;1710;1501;2646390.9
QIWI;D;20131212;000000;1738;1740;1738;1738;1023;1777982
QIWI;D;20131213;000000;1740;1740;1640;1640;1065;1852650
QIWI;D;20131216;000000;1602;1770;1602;1750;1640;2713284.3
QIWI;D;20131217;000000;1750;1765;1645;1738.6;1036;1810158.6
QIWI;D;20131218;000000;1735;1752;1700;1752;1366;2373988.3
QIWI;D;20131219;000000;1700;1785;1700;1702;1110;1887338
QIWI;D;20131220;000000;1780;1780;1651;1690;1046;1729460
QIWI;D;20131223;000000;1701;1756.2;1701;1750;1059;1801836
QIWI;D;20131224;000000;1661;1750;1661;1749.9;1371;2334880.9
QIWI;D;20131225;000000;1775;1775;1690.1;1690.1;1042;1849390.2
QIWI;D;20131226;000000;1729;1750;1716;1748;111;191889
QIWI;D;20131227;000000;1749;1790;1749;1790;1212;2123177.7
QIWI;D;20131230;000000;1800;1800;1785;1785;1021;1833091
QIWI;D;20140106;000000;1800;1999;1791.5;1796;1104;1992233.8
QIWI;D;20140108;000000;1800;1998.9;1750;1998.9;1189;2115305
QIWI;D;20140109;000000;1997;1998;1801.8;1903.2;1208;2324799.2
QIWI;D;20140110;000000;1840;1989.9;1837;1950;1300;2415388.4
QIWI;D;20140113;000000;1871;1900;1730.1;1799.8;2076;3823304.1
QIWI;D;20140114;000000;1774.8;1774.8;1613.4;1750;1736;3029848.6
QIWI;D;20140115;000000;1815.9;1820.1;1627.2;1630;2630;4556988.6
QIWI;D;20140116;000000;1630;1630;1511.3;1600;3030;4741557.4
QIWI;D;20140117;000000;1628.9;1629;1530.2;1570;1578;2524055.5
QIWI;D;20140120;000000;1495.5;1551;1405;1450;2227;3227898.6
QIWI;D;20140121;000000;1470;1475;1406.3;1425;2372;3465800.4
QIWI;D;20140122;000000;1425;1484;1359.8;1420.1;2720;3797068
QIWI;D;20140123;000000;1467.6;1467.6;1420;1424;1348;1962016.6
QIWI;D;20140124;000000;1350;1410;1330.1;1350;2494;3387618.7
QIWI;D;20140127;000000;1350;1350;1286.9;1294.4;1552;2049631.7
QIWI;D;20140128;000000;1300.1;1300.2;1233.3;1276.3;2477;3169044.7
QIWI;D;20140129;000000;1285;1388.7;1270;1290.6;2457;3174287.4
QIWI;D;20140130;000000;1260;1310;1260;1265;1508;1917998.9
QIWI;D;20140131;000000;1270;1270;1235.3;1269.9;1487;1872447.4
QIWI;D;20140203;000000;1240.1;1320;1240;1300;1639;2071851.8
QIWI;D;20140204;000000;1233.5;1270;1210;1223;948;1181528.4
QIWI;D;20140205;000000;1210;1210;1141;1195;1022;1219131.6
QIWI;D;20140206;000000;1225.1;1284.6;1225.1;1270;753;944686.2
QIWI;D;20140207;000000;1320;1375;1302;1368;1226;1627311.2
QIWI;D;20140210;000000;1352.9;1380;1345;1380;209;282194.7
QIWI;D;20140211;000000;1345.1;1398.4;1201.2;1355.4;1244;1654615
QIWI;D;20140212;000000;1355;1355;1335;1355;483;651368.6
QIWI;D;20140213;000000;1379.9;1379.9;1343.2;1374.9;45;61414.4
QIWI;D;20140214;000000;1380;1380;1320;1360;182;246273.1
QIWI;D;20140217;000000;1390;1390;1331;1350;109;147780.1
QIWI;D;20140218;000000;1378.9;1447.7;1301;1430;1504;2075750
QIWI;D;20140219;000000;1410;1460;1376.1;1455;2594;3654551.9
QIWI;D;20140220;000000;1448.9;1479.1;1425.1;1454.9;333;484618.2
QIWI;D;20140221;000000;1450;1498.9;1450;1450;210;310501.6
QIWI;D;20140224;000000;1478.6;1498.9;1435.2;1439;171;249709.8
QIWI;D;20140225;000000;1489.9;1489.9;1401.2;1470.4;300;427572.4
QIWI;D;20140226;000000;1479.9;1550;1475;1530;1677;2508455.5
QIWI;D;20140227;000000;1575;1666.4;1520;1629;966;1528639.2
QIWI;D;20140228;000000;1700.5;1880;1672.1;1730;1629;2846184.4
QIWI;D;20140303;000000;1620;1729.9;1301;1516;1392;2060716
QIWI;D;20140304;000000;1499.9;1594.9;1400.1;1530;1139;1727583.5
QIWI;D;20140305;000000;1519.8;1520;1452;1489.9;450;668379.4
QIWI;D;20140306;000000;1440.4;1526.7;1416;1470;259;374559.5
QIWI;D;20140307;000000;1450;1515.5;1355.5;1455;260;369899.4
QIWI;D;20140311;000000;1366.1;1486.7;1355;1460.9;273;384794.9
QIWI;D;20140312;000000;1389.9;1488.6;1350;1388;968;1341898
QIWI;D;20140313;000000;1389;1389;1150;1250;455;591245
QIWI;D;20140314;000000;1185.3;1248.9;1104.2;1140;929;1085613.5
QIWI;D;20140317;000000;1220;1330;1219.8;1309.9;2146;2708795
QIWI;D;20140318;000000;1275;1370;1250;1310.1;413;547355.8
QIWI;D;20140319;000000;1311.5;1389;1311.1;1313.1;101;133673.9
QIWI;D;20140320;000000;1320;1330;1315;1319.7;15;19803.1
QIWI;D;20140321;000000;1275.1;1300;1275;1280;220;282077
QIWI;D;20140324;000000;1300;1388.8;1261.4;1276.9;74;95499.2
QIWI;D;20140325;000000;1299.9;1375.5;1188.1;1217.9;1216;1490867.9
QIWI;D;20140326;000000;1242.4;1268.8;1228.1;1259.7;412;514024.8
QIWI;D;20140327;000000;1250;1260;1149.8;1151.3;1045;1243282.9
QIWI;D;20140328;000000;1149.8;1198;1111.7;1141.7;1439;1650208.4
QIWI;D;20140331;000000;1149;1212.1;1149;1210;773;919234.3
QIWI;D;20140401;000000;1234;1303.9;1212;1303.9;2045;2598216.9
QIWI;D;20140402;000000;1304;1380;1279;1307.6;372;494905.8
QIWI;D;20140403;000000;1370;1370;1240.4;1275.2;417;539124.8
QIWI;D;20140404;000000;1312.9;1350;1260;1275;504;642990.8
QIWI;D;20140407;000000;1333.2;1349.8;1149.1;1180.1;1614;1909859.4
QIWI;D;20140408;000000;1259.5;1259.5;1140;1158;1300;1501055.7
QIWI;D;20140409;000000;1150.1;1181;1111.3;1128.5;1506;1714293.5
QIWI;D;20140410;000000;1133.1;1170;1133.1;1155.8;391;452971
QIWI;D;20140411;000000;1161.5;1218.9;1149.9;1175;1388;1638535.9
QIWI;D;20140414;000000;1061;1149;1030;1121;811;890793.1
QIWI;D;20140415;000000;1149.9;1174.5;1101;1147.9;76;85642.1
QIWI;D;20140416;000000;1169;1169;1120;1158.6;49;56089
QIWI;D;20140417;000000;1168.7;1168.7;1125.8;1163.8;20;22964.4
QIWI;D;20140418;000000;1169.5;1196.9;1169.5;1181;653;768375.9
QIWI;D;20140421;000000;1198.9;1198.9;1176;1195;604;721226.1
QIWI;D;20140422;000000;1200;1208;1150;1172.9;57;66816.5
QIWI;D;20140423;000000;1140;1171.9;1140;1169.9;412;481903
QIWI;D;20140424;000000;1190;1190;1031;1040;1156;1233857.5
QIWI;D;20140425;000000;1123.9;1123.9;1020;1020;446;466998
QIWI;D;20140428;000000;980.1;1049.3;980;1043.9;205;206204.9
QIWI;D;20140429;000000;1051;1074;1006;1049.9;18;18833.8
QIWI;D;20140430;000000;1049.8;1049.9;1011.2;1039.6;15;15390.6
QIWI;D;20140502;000000;1011.4;1060;1011.4;1053.6;49;51596.4
QIWI;D;20140505;000000;1088.6;1088.6;1040.1;1040.1;25;26307.4
QIWI;D;20140506;000000;1074.6;1080;1041;1060;33;35078
QIWI;D;20140507;000000;1063.7;1089;1045.9;1071;381;406447.7
QIWI;D;20140508;000000;1059.9;1139.9;1049.9;1132.5;968;1055829.1
QIWI;D;20140512;000000;1110;1132.3;1100.4;1101.8;189;210875.1
QIWI;D;20140513;000000;1135;1188;1130;1177;2279;2653972.1
QIWI;D;20140514;000000;1159.9;1180;1140;1155;889;1027104.8
QIWI;D;20140515;000000;1160;1160;1132.8;1149.9;30;34493.4
QIWI;D;20140516;000000;1160;1195;1140;1175;52;61279.7
QIWI;D;20140519;000000;1180.1;1200;1160;1190;1121;1311664.8
QIWI;D;20140520;000000;1189.9;1219.7;1175;1219.7;433;515264.1
QIWI;D;20140521;000000;1219.9;1399.8;1202.1;1398.5;2886;3853374.2
QIWI;D;20140522;000000;1404.8;1550;1401.1;1501.1;1346;1944899.1
QIWI;D;20140523;000000;1525.1;1575;1304.7;1500;280;419287.2
QIWI;D;20140526;000000;1475.1;1490;1475;1475.1;160;236016.5
QIWI;D;20140527;000000;1450.1;1599;1450;1550.5;657;965109.2
QIWI;D;20140528;000000;1779.8;1779.9;1404.1;1536.2;229;351827.8
QIWI;D;20140529;000000;1465.3;1550;1465.3;1500;1013;1520053.1
QIWI;D;20140530;000000;1530;1555;1525.2;1525.2;178;272584.1
QIWI;D;20140602;000000;1489.9;1489.9;1457.2;1474.4;347;512243.1
QIWI;D;20140603;000000;1457.3;1523.9;1450.2;1510;32;47506
QIWI;D;20140604;000000;1480.8;1519.5;1470;1499.5;193;286203.4
QIWI;D;20140605;000000;1531;1558.3;1508.3;1508.3;261;402240.7
QIWI;D;20140606;000000;1559.2;1574.2;1450.5;1574.1;73;112064.8
QIWI;D;20140609;000000;1460.5;1645;1460.5;1600;298;475603.3
QIWI;D;20140610;000000;1612.5;1635;1475.9;1529.8;136;215783.2
QIWI;D;20140611;000000;1565;1565;1475;1530;336;505755
QIWI;D;20140616;000000;1523;1533;1500;1500;560;852249.4
QIWI;D;20140617;000000;1439.9;1470;1439.9;1444.9;713;1027410.9
QIWI;D;20140618;000000;1410;1439.9;1380.1;1395;968;1360003.7
QIWI;D;20140619;000000;1390;1395;1375.7;1380;105;145442.9
QIWI;D;20140620;000000;1370;1443;1370;1382.5;1258;1762469.7
QIWI;D;20140623;000000;1385;1390;1344;1345;795;1085650.1
QIWI;D;20140624;000000;1335;1376.5;1330;1359.9;344;466143.6
QIWI;D;20140625;000000;1370;1380;1370;1380;221;303685.9
QIWI;D;20140626;000000;1374.9;1377;1361;1377;175;239761.3
QIWI;D;20140627;000000;1389.9;1390;1370;1386.6;29;40161.2
QIWI;D;20140630;000000;1397.9;1397.9;1345.3;1370;1064;1457734.1
QIWI;D;20140701;000000;1399.4;1400;1375.2;1375.2;64;89071.7
QIWI;D;20140702;000000;1375.2;1394.6;1370.9;1393.9;8;11064.7
QIWI;D;20140703;000000;1372.1;1399.9;1371.1;1375;68;94219.7
QIWI;D;20140704;000000;1410;1445;1380.6;1439.4;984;1397854.4
QIWI;D;20140707;000000;1425.2;1450;1423.2;1430;93;132685.8
QIWI;D;20140708;000000;1403;1443.9;1370;1380;255;358164.1
QIWI;D;20140709;000000;1359.9;1378;1350.5;1364.6;443;602580.5
QIWI;D;20140710;000000;1391.8;1397;1360;1383;203;280537
QIWI;D;20140711;000000;1382.1;1404.4;1380.1;1404.4;108;150110.3
QIWI;D;20140714;000000;1415;1460;1415;1431.2;1856;2656963.8
QIWI;D;20140715;000000;1475;1547.4;1451.3;1510;2093;3139739.8
QIWI;D;20140716;000000;1510;1540.4;1499.4;1523;70;106105.3
QIWI;D;20140717;000000;1548;1580;1500;1531.2;567;873231.8
QIWI;D;20140718;000000;1450;1499.9;1360.6;1439.8;1305;1830602.1
QIWI;D;20140721;000000;1415;1420;1388.4;1399.9;140;197701
QIWI;D;20140722;000000;1449;1449;1300.1;1370;1334;1792511.2
QIWI;D;20140723;000000;1387;1399.6;1382;1382;190;263876.8
QIWI;D;20140724;000000;1307.8;1383;1307.8;1383;230;313139.1
QIWI;D;20140725;000000;1398.8;1398.8;1315;1330;892;1178307.5
QIWI;D;20140728;000000;1330.8;1345;1313.1;1315;292;388388.6
QIWI;D;20140729;000000;1320;1367;1320;1348.4;531;717107.8
QIWI;D;20140730;000000;1329.1;1381.9;1329.1;1381.9;111;152666.7
QIWI;D;20140731;000000;1399.9;1419;1337;1360;73;99262.6
QIWI;D;20140801;000000;1321.3;1349.9;1205.1;1310;83;108651.5
QIWI;D;20140804;000000;1300.1;1348.9;1300.1;1348.7;9;11987
QIWI;D;20140805;000000;1295.6;1395.3;1295.6;1390.5;460;625524.3
QIWI;D;20140806;000000;1392.2;1414.9;1182;1399.9;467;631282.1
QIWI;D;20140807;000000;1400;1420;1325;1420;1050;1438584.1
QIWI;D;20140808;000000;1325;1384.9;1275;1323.9;1340;1745182.3
QIWI;D;20140811;000000;1280;1396;1280;1320;736;970591.8
QIWI;D;20140812;000000;1315;1331;1315;1320;204;269024.5
QIWI;D;20140813;000000;1315;1338;1310;1338;200;262660.4
QIWI;D;20140814;000000;1315;1329.9;1270.2;1308.4;52;68206.2
QIWI;D;20140815;000000;1295.9;1345.1;1295.8;1345.1;667;888645.6
QIWI;D;20140818;000000;1330.1;1400;1330.1;1385;577;800300.5
QIWI;D;20140819;000000;1390;1420;1380;1420;363;505755.2
QIWI;D;20140820;000000;1410;1422.5;1400;1422.5;29;40897.6
QIWI;D;20140821;000000;1410;1422.4;1377;1422.4;241;340506.2
QIWI;D;20140822;000000;1430;1430;1377.1;1399.9;262;361893.3
QIWI;D;20140825;000000;1398;1408;1383.1;1407.5;46;64562.3
QIWI;D;20140826;000000;1430;1430;1430;1430;1;1430
QIWI;D;20140827;000000;1454.9;1464.5;1415;1454.5;77;111321.4
QIWI;D;20140828;000000;1455.2;1480;1445;1445;1210;1769744.6
QIWI;D;20140829;000000;1410;1450;1400;1449.6;495;701088.3
QIWI;D;20140901;000000;1400.1;1440;1351.1;1440;157;215048
QIWI;D;20140902;000000;1400;1439;1400;1410;414;588017.7
QIWI;D;20140903;000000;1396.9;1437.4;1377.5;1437.4;669;928876.8
QIWI;D;20140904;000000;1370;1375.8;1365.4;1375;713;977278.9
QIWI;D;20140905;000000;1370;1424.9;1370;1405.1;604;832830.1
QIWI;D;20140908;000000;1445;1468.9;1400.2;1465.7;1087;1577894.8
QIWI;D;20140909;000000;1430;1430;1375;1375;3040;4271950.8
QIWI;D;20140910;000000;1354.9;1389.9;1339.9;1389.9;1476;1986058.5
QIWI;D;20140911;000000;1300.9;1400;1300.9;1400;680;937117.4
QIWI;D;20140912;000000;1365;1379.5;1355;1379.5;208;283036.1
QIWI;D;20140915;000000;1365;1374.9;1343.7;1343.7;480;654135
QIWI;D;20140916;000000;1334.9;1396;1324.5;1396;850;1136318.8
QIWI;D;20140917;000000;1350;1375.1;1282.5;1343;172;231330.1
QIWI;D;20140918;000000;1322.3;1399;1322.3;1399;735;1006247.5
QIWI;D;20140919;000000;1339.9;1339.9;1311.8;1320;669;884892.1
QIWI;D;20140922;000000;1306;1306;1285;1285;174;225971.4
QIWI;D;20140923;000000;1270;1300;1260;1264;463;588593.5
QIWI;D;20140924;000000;1244.5;1244.5;1236;1237.2;1371;1700820.2
QIWI;D;20140925;000000;1244.9;1364.9;1235;1364.9;285;357244.2
QIWI;D;20140926;000000;1324;1324;1240;1250.5;654;812618
QIWI;D;20140929;000000;1287;1295;1251.6;1251.6;301;383712.1
QIWI;D;20140930;000000;1295;1312;1260.4;1260.9;1130;1465473.1
QIWI;D;20141001;000000;1265;1265;1240;1255;433;541560
QIWI;D;20141002;000000;1235;1340;1190;1340;1724;2127095
QIWI;D;20141003;000000;1295;1295;1200;1225;1928;2347680
QIWI;D;20141006;000000;1225;1250;1215;1220;225;276600
QIWI;D;20141007;000000;1215;1240;1195;1215;782;948125
QIWI;D;20141008;000000;1195;1200;1175;1200;166;196300
QIWI;D;20141009;000000;1195;1205;1160;1170;925;1107305
QIWI;D;20141010;000000;1165;1170;1135;1140;417;482845
QIWI;D;20141013;000000;1175;1175;1100;1105;633;702780
QIWI;D;20141014;000000;1095;1150;1095;1150;1986;2203315
QIWI;D;20141015;000000;1180;1180;1130;1140;2407;2768115
QIWI;D;20141016;000000;1165;1165;1140;1160;1160;1338565
QIWI;D;20141017;000000;1190;1240;1185;1230;4604;5595850
QIWI;D;20141020;000000;1220;1225;1200;1200;724;875510
QIWI;D;20141021;000000;1200;1240;1200;1240;997;1206555
QIWI;D;20141022;000000;1235;1265;1215;1260;709;875880
QIWI;D;20141023;000000;1245;1285;1245;1275;566;712290
QIWI;D;20141024;000000;1265;1290;1105;1125;5258;6011085
QIWI;D;20141027;000000;1135;1220;1125;1200;5235;6002555
QIWI;D;20141028;000000;1180;1250;1170;1235;1973;2408960
QIWI;D;20141029;000000;1235;1270;1235;1235;573;713960
QIWI;D;20141030;000000;1255;1270;1225;1260;2433;3021880
QIWI;D;20141031;000000;1285;1390;1150;1350;1799;2355020
QIWI;D;20141103;000000;1390;1445;1330;1380;198;274900
QIWI;D;20141105;000000;1370;1450;1325;1400;1611;2231860
QIWI;D;20141106;000000;1400;1440;1400;1425;627;882790
QIWI;D;20141107;000000;1445;1450;1350;1400;248;352065
QIWI;D;20141110;000000;1340;1395;1270;1340;126;169385
QIWI;D;20141111;000000;1325;1515;1325;1475;2038;2981815
QIWI;D;20141112;000000;1520;1520;1325;1375;946;1282535
QIWI;D;20141113;000000;1375;1410;1370;1400;885;1232090
QIWI;D;20141114;000000;1400;1400;1370;1395;81;112085
QIWI;D;20141117;000000;1415;1440;1390;1405;144;204160
QIWI;D;20141118;000000;1365;1385;1350;1350;61;83275
QIWI;D;20141119;000000;1340;1370;1340;1370;23;31220
QIWI;D;20141120;000000;1390;1390;1325;1365;1754;2370040
QIWI;D;20141121;000000;1345;1345;1315;1345;44;58370
QIWI;D;20141124;000000;1360;1375;1310;1330;85;112965
QIWI;D;20141125;000000;1370;1380;1315;1320;136;181905
QIWI;D;20141126;000000;1315;1325;1315;1315;188;247455
QIWI;D;20141127;000000;1340;1355;1340;1355;108;145755
QIWI;D;20141128;000000;1340;1425;1340;1390;592;818915
QIWI;D;20141201;000000;1355;1465;1355;1395;529;751825
QIWI;D;20141202;000000;1355;1425;1330;1415;686;938930
QIWI;D;20141203;000000;1400;1415;1355;1410;103;142405
QIWI;D;20141204;000000;1400;1400;1355;1395;413;569825
QIWI;D;20141205;000000;1380;1415;1350;1350;51;69525
QIWI;D;20141208;000000;1335;1350;1300;1310;126;165630
QIWI;D;20141209;000000;1220;1295;1215;1275;36;45650
QIWI;D;20141210;000000;1335;1400;1335;1400;51;70220
QIWI;D;20141211;000000;1340;1405;1340;1405;53;74020
QIWI;D;20141212;000000;1355;1410;1350;1410;13;17995
QIWI;D;20141215;000000;1355;1435;1350;1350;765;1074020
QIWI;D;20141216;000000;1395;1425;1210;1365;608;837190
QIWI;D;20141217;000000;1305;1500;1205;1225;885;1124630
QIWI;D;20141218;000000;1220;1350;1170;1200;1417;1719385
QIWI;D;20141219;000000;1215;1315;1180;1200;500;605565
QIWI;D;20141222;000000;1200;1215;1110;1155;2191;2603970
QIWI;D;20141223;000000;1150;1150;1060;1140;535;590430
QIWI;D;20141224;000000;1080;1115;1080;1110;17;18650
QIWI;D;20141225;000000;1125;1230;1115;1200;137;161975
QIWI;D;20141226;000000;1150;1155;1125;1155;247;283340
QIWI;D;20141229;000000;1200;1255;1200;1235;586;709515
QIWI;D;20141230;000000;1125;1235;1125;1135;946;1132585
QIWI;D;20150105;000000;1200;1255;1200;1220;252;309975
QIWI;D;20150106;000000;1215;1245;1215;1230;422;517600
QIWI;D;20150108;000000;1270;1310;1260;1310;178;227215
QIWI;D;20150109;000000;1325;1370;1325;1360;471;640465
QIWI;D;20150112;000000;1350;1380;1300;1355;149;203485
QIWI;D;20150113;000000;1375;1375;1325;1375;263;357880
QIWI;D;20150114;000000;1400;1420;1375;1420;641;900180
QIWI;D;20150115;000000;1400;1430;1380;1430;943;1326255
QIWI;D;20150116;000000;1400;1450;1380;1430;1657;2336595
QIWI;D;20150119;000000;1410;1455;1410;1440;145;205140
QIWI;D;20150120;000000;1435;1455;1400;1435;367;522490
QIWI;D;20150121;000000;1400;1425;1400;1425;54;75735
QIWI;D;20150122;000000;1425;1425;1405;1415;35;49525
QIWI;D;20150123;000000;1435;1460;1400;1400;168;236725
QIWI;D;20150126;000000;1420;1425;1415;1420;337;478610
QIWI;D;20150127;000000;1420;1445;1415;1415;362;516855
QIWI;D;20150128;000000;1370;1390;1355;1355;63;86560
QIWI;D;20150129;000000;1365;1375;1355;1375;127;173390
QIWI;D;20150130;000000;1385;1400;1380;1395;13;18110
QIWI;D;20150202;000000;1385;1385;1330;1330;138;187550
QIWI;D;20150203;000000;1340;1340;1295;1295;75;98175
QIWI;D;20150204;000000;1285;1350;1250;1320;351;449790
QIWI;D;20150205;000000;1335;1365;1335;1365;24;32495
QIWI;D;20150206;000000;1385;1460;1385;1430;324;466480
QIWI;D;20150209;000000;1440;1495;1435;1490;560;832850
QIWI;D;20150210;000000;1485;1485;1450;1450;38;56010
QIWI;D;20150211;000000;1475;1535;1455;1505;3879;5668460
QIWI;D;20150212;000000;1490;1575;1485;1560;259;398405
QIWI;D;20150213;000000;1515;1600;1515;1600;475;755980
QIWI;D;20150216;000000;1575;1575;1565;1565;207;324515
QIWI;D;20150217;000000;1555;1600;1530;1585;949;1496640
QIWI;D;20150218;000000;1600;1610;1575;1575;23;36825
QIWI;D;20150219;000000;1535;1540;1450;1540;896;1337810
QIWI;D;20150220;000000;1500;1500;1455;1475;36;53075
QIWI;D;20150224;000000;1465;1465;1425;1425;6;8685
QIWI;D;20150225;000000;1425;1445;1420;1435;33;47280
QIWI;D;20150226;000000;1425;1540;1420;1435;24;35095
QIWI;D;20150227;000000;1480;1480;1420;1420;10;14340
QIWI;D;20150302;000000;1480;1480;1425;1440;31;44875
QIWI;D;20150303;000000;1400;1450;1400;1445;64;92440
QIWI;D;20150304;000000;1410;1440;1365;1370;144;199405
QIWI;D;20150305;000000;1395;1400;1345;1360;528;726835
QIWI;D;20150306;000000;1370;1415;1360;1415;2636;3616370
QIWI;D;20150310;000000;1415;1445;1360;1365;7067;10111825
QIWI;D;20150311;000000;1385;1400;1385;1400;30;41835
QIWI;D;20150312;000000;1425;1425;1240;1345;917;1186610
QIWI;D;20150313;000000;1335;1350;1260;1285;701;912590
QIWI;D;20150316;000000;1250;1315;1240;1315;20;25485
QIWI;D;20150317;000000;1300;1300;1285;1285;23;29730
QIWI;D;20150318;000000;1295;1300;1255;1280;254;324515
QIWI;D;20150319;000000;1275;1275;1255;1260;44;55435
QIWI;D;20150320;000000;1270;1270;1240;1255;153;193245
QIWI;D;20150323;000000;1260;1270;1255;1255;123;155385
QIWI;D;20150324;000000;1265;1325;1255;1325;819;1048915
QIWI;D;20150325;000000;1300;1375;1300;1375;171;231135
QIWI;D;20150326;000000;1285;1350;1280;1350;65;86280
QIWI;D;20150327;000000;1340;1340;1330;1330;20;26650
QIWI;D;20150330;000000;1330;1375;1330;1375;83;112055
QIWI;D;20150331;000000;1380;1400;1375;1400;490;685365
QIWI;D;20150401;000000;1395;1420;1395;1420;216;303065
QIWI;D;20150402;000000;1425;1445;1375;1405;550;765165
QIWI;D;20150403;000000;1375;1375;1325;1360;134;181405
QIWI;D;20150406;000000;1395;1500;1395;1440;328;486085
QIWI;D;20150407;000000;1390;1415;1370;1390;471;652685
QIWI;D;20150408;000000;1385;1445;1375;1430;56;78875
QIWI;D;20150409;000000;1430;1430;1385;1385;52;73825
QIWI;D;20150410;000000;1360;1395;1360;1395;43;59325
QIWI;D;20150413;000000;1375;1400;1370;1400;52;71935
QIWI;D;20150414;000000;1355;1355;1340;1340;130;175670
QIWI;D;20150415;000000;1350;1370;1350;1360;10;13535
QIWI;D;20150416;000000;1350;1355;1340;1355;37;50035
QIWI;D;20150417;000000;1400;1460;1355;1385;264;369555
QIWI;D;20150420;000000;1325;1385;1325;1335;128;172095
QIWI;D;20150421;000000;1380;1380;1350;1350;31;41900
QIWI;D;20150422;000000;1345;1350;1340;1340;23;30965
QIWI;D;20150423;000000;1335;1380;1335;1380;34;46060
QIWI;D;20150424;000000;1325;1395;1325;1390;295;410735
QIWI;D;20150427;000000;1350;1395;1350;1395;11;14895
QIWI;D;20150428;000000;1390;1390;1390;1390;1;1390
QIWI;D;20150429;000000;1380;1380;1380;1380;39;53820
QIWI;D;20150430;000000;1340;1375;1340;1375;2;2715
QIWI;D;20150505;000000;1455;1455;1330;1380;93;126475
QIWI;D;20150506;000000;1355;1390;1350;1390;46;63530
QIWI;D;20150507;000000;1400;1410;1400;1400;9;12620
QIWI;D;20150508;000000;1420;1460;1410;1450;100;143590
QIWI;D;20150512;000000;1430;1440;1420;1420;7;10000
QIWI;D;20150513;000000;1440;1465;1435;1465;85;123145
QIWI;D;20150514;000000;1470;1695;1470;1645;2502;3983465
QIWI;D;20150515;000000;1645;1765;1625;1705;2548;4391550
QIWI;D;20150518;000000;1690;1710;1690;1695;135;230015
QIWI;D;20150519;000000;1720;1785;1680;1705;198;343015
QIWI;D;20150520;000000;1655;1680;1635;1680;27;44660
QIWI;D;20150521;000000;1655;1655;1600;1600;42;67685
QIWI;D;20150522;000000;1605;1605;1605;1605;7;11235
QIWI;D;20150525;000000;1595;1610;1595;1605;10;16035
QIWI;D;20150526;000000;1610;1610;1560;1560;47;75110
QIWI;D;20150527;000000;1555;1570;1540;1570;74;114275
QIWI;D;20150528;000000;1575;1600;1575;1590;24;38300
QIWI;D;20150529;000000;1575;1575;1575;1575;2;3150
QIWI;D;20150601;000000;1685;1685;1600;1615;62;99780
QIWI;D;20150602;000000;1610;1630;1610;1630;3;4850
QIWI;D;20150603;000000;1650;1650;1635;1635;2;3285
QIWI;D;20150604;000000;1665;1665;1605;1605;2;3270
QIWI;D;20150608;000000;1650;1750;1620;1620;21;35210
QIWI;D;20150609;000000;1630;1640;1605;1605;13;21070
QIWI;D;20150610;000000;1650;1650;1650;1650;1;1650
QIWI;D;20150611;000000;1605;1605;1605;1605;1;1605
QIWI;D;20150615;000000;1600;1600;1500;1600;113;170985
QIWI;D;20150616;000000;1565;1565;1515;1540;26;40115
QIWI;D;20150617;000000;1540;1540;1440;1500;69;103410
QIWI;D;20150618;000000;1505;1640;1505;1550;32;50255
QIWI;D;20150619;000000;1555;1580;1555;1560;57;88870
QIWI;D;20150622;000000;1505;1600;1480;1560;10;15290
QIWI;D;20150623;000000;1590;1590;1590;1590;1;1590
QIWI;D;20150624;000000;1600;1640;1600;1605;19;30760
QIWI;D;20150625;000000;1560;1560;1550;1555;9;13985
QIWI;D;20150626;000000;1555;1555;1555;1555;1;1555
QIWI;D;20150629;000000;1630;1950;1410;1640;86;141050
QIWI;D;20150630;000000;1585;1585;1585;1585;1;1585
QIWI;D;20150702;000000;1580;1580;1535;1575;5;7840
QIWI;D;20150703;000000;1575;1575;1495;1495;22;33375
QIWI;D;20150706;000000;1505;1585;1505;1585;2;3090
QIWI;D;20150707;000000;1530;1530;1490;1490;46;69055
QIWI;D;20150708;000000;1490;1550;1490;1545;29;44630
QIWI;D;20150709;000000;1505;1590;1505;1550;7;10850
QIWI;D;20150710;000000;1565;1565;1495;1505;3;4565
QIWI;D;20150713;000000;1570;1575;1570;1575;5;7855
QIWI;D;20150714;000000;1525;1525;1525;1525;1;1525
QIWI;D;20150715;000000;1575;1580;1515;1515;3;4670
QIWI;D;20150717;000000;1570;1610;1570;1605;77;123075
QIWI;D;20150720;000000;1605;1605;1605;1605;1;1605
QIWI;D;20150721;000000;1610;1680;1610;1665;134;221175
QIWI;D;20150722;000000;1745;1745;1670;1670;53;88595
QIWI;D;20150723;000000;1650;1650;1625;1625;140;229725
QIWI;D;20150724;000000;1780;1780;1600;1600;85;138380
QIWI;D;20150727;000000;1610;1660;1600;1660;52;83355
QIWI;D;20150728;000000;1655;1765;1655;1735;329;574805
QIWI;D;20150729;000000;1700;1730;1695;1730;44;74890
QIWI;D;20150731;000000;1750;1820;1680;1680;232;414330
QIWI;D;20150803;000000;1850;1855;1755;1850;279;495385
QIWI;D;20150804;000000;1780;1835;1780;1800;63;113425
QIWI;D;20150805;000000;1860;1965;1750;1895;19;34975
QIWI;D;20150806;000000;1755;1850;1750;1750;12;21480
QIWI;D;20150807;000000;1995;2000;1830;1830;54;99390
QIWI;D;20150810;000000;1685;1880;1685;1880;14;25720
QIWI;D;20150811;000000;1815;1950;1815;1835;35;65760
QIWI;D;20150812;000000;1795;1840;1750;1795;530;948605
QIWI;D;20150813;000000;1750;1850;1715;1735;41;71475
QIWI;D;20150814;000000;1750;1835;1725;1835;14;25000
QIWI;D;20150818;000000;1850;1900;1850;1895;14;26320
QIWI;D;20150819;000000;1855;1855;1795;1795;3;5460
QIWI;D;20150820;000000;1760;1790;1660;1680;77;130965
QIWI;D;20150821;000000;1655;1720;1515;1650;127;209430
QIWI;D;20150824;000000;1520;1615;1470;1615;59;90385
QIWI;D;20150825;000000;1650;1665;1595;1665;212;349565
QIWI;D;20150826;000000;1665;1675;1625;1625;691;1157140
QIWI;D;20150827;000000;1610;1685;1610;1665;39;65040
QIWI;D;20150828;000000;1675;1720;1650;1700;51;87060
QIWI;D;20150831;000000;1790;1790;1700;1735;20;34135
QIWI;D;20150901;000000;1735;1735;1550;1640;52;85010
QIWI;D;20150902;000000;1640;1800;1385;1450;1159;1716125
QIWI;D;20150903;000000;1450;1530;1410;1465;413;603645
QIWI;D;20150904;000000;1465;1495;1455;1480;35;51615
QIWI;D;20150907;000000;1470;1500;1470;1500;58;86505
QIWI;D;20150908;000000;1515;1540;1500;1500;219;331180
QIWI;D;20150909;000000;1470;1480;1385;1400;1492;2132180
QIWI;D;20150910;000000;1390;1400;1315;1325;1042;1416920
QIWI;D;20150911;000000;1345;1580;1285;1325;5169;7193275
QIWI;D;20150914;000000;1335;1365;1270;1315;1848;2422640
QIWI;D;20150915;000000;1330;1345;1275;1305;2785;3626385
QIWI;D;20150916;000000;1395;1395;1305;1335;1108;1471465
QIWI;D;20150917;000000;1330;1365;1330;1335;2273;3067755
QIWI;D;20150918;000000;1370;1400;1300;1315;1753;2322460
QIWI;D;20150921;000000;1305;1305;1215;1220;3700;4644910
QIWI;D;20150922;000000;1220;1220;1100;1115;8103;9255500
QIWI;D;20150923;000000;1115;1135;1025;1075;5110;5471280
QIWI;D;20150924;000000;1050;1065;1005;1015;3225;3330610
QIWI;D;20150925;000000;1020;1100;995;1030;4838;5022015
QIWI;D;20150928;000000;1000;1025;980;995;1789;1797220
QIWI;D;20150929;000000;1000;1040;995;1025;6074;6183025
QIWI;D;20150930;000000;1050;1070;1025;1065;2252;2360740
QIWI;D;20151001;000000;1090;1090;1020;1025;1505;1579445
QIWI;D;20151002;000000;1010;1060;1010;1060;1438;1488925
QIWI;D;20151005;000000;1065;1140;1065;1140;3218;3575390
QIWI;D;20151006;000000;1145;1185;1140;1180;3921;4565420
QIWI;D;20151007;000000;1195;1225;1080;1180;4648;5500060
QIWI;D;20151008;000000;1150;1190;1110;1165;728;840425
QIWI;D;20151009;000000;1160;1200;1150;1165;1248;1471730
QIWI;D;20151012;000000;1125;1175;1115;1140;1313;1488180
QIWI;D;20151013;000000;1195;1195;1130;1175;898;1048020
QIWI;D;20151014;000000;1185;1205;1160;1195;1343;1593235
QIWI;D;20151015;000000;1200;1260;1200;1255;1890;2313930
QIWI;D;20151016;000000;1265;1310;1210;1215;1358;1674160
QIWI;D;20151019;000000;1200;1260;1200;1260;1766;2193030
QIWI;D;20151020;000000;1260;1270;1210;1230;906;1124055
QIWI;D;20151021;000000;1255;1275;1190;1235;1866;2281990
QIWI;D;20151022;000000;1210;1220;1170;1195;906;1080910
QIWI;D;20151023;000000;1205;1225;1180;1200;398;478910
QIWI;D;20151026;000000;1225;1235;1160;1195;1675;2016920
QIWI;D;20151027;000000;1190;1200;1160;1195;809;959220
QIWI;D;20151028;000000;1195;1210;1125;1200;1333;1580380
QIWI;D;20151029;000000;1205;1215;1090;1115;4434;5079435
QIWI;D;20151030;000000;1115;1225;1080;1110;12425;14159360
QIWI;D;20151102;000000;1120;1170;1110;1135;4443;5040830
QIWI;D;20151103;000000;1150;1150;1105;1110;4284;4817705
QIWI;D;20151105;000000;1100;1115;1060;1070;1955;2116090
QIWI;D;20151106;000000;1075;1100;1055;1075;3783;4047530
QIWI;D;20151109;000000;1075;1080;1035;1070;1597;1698385
QIWI;D;20151110;000000;1065;1145;1045;1125;4507;4903305
QIWI;D;20151111;000000;1130;1195;1130;1150;7728;9048065
QIWI;D;20151112;000000;1165;1235;1165;1185;9639;11702295
QIWI;D;20151113;000000;1180;1195;1130;1155;14469;16500175
QIWI;D;20151116;000000;1160;1200;1150;1170;2281;2670185
QIWI;D;20151117;000000;1185;1240;1180;1240;3602;4343035
QIWI;D;20151118;000000;1255;1290;1245;1290;5691;7202095
QIWI;D;20151119;000000;1275;1280;1230;1265;5850;7370445
QIWI;D;20151120;000000;1265;1275;1240;1255;1341;1692840
QIWI;D;20151123;000000;1270;1330;1270;1280;3026;3944865
QIWI;D;20151124;000000;1305;1330;1230;1260;7316;9551555
QIWI;D;20151125;000000;1265;1300;1265;1285;1795;2301440
QIWI;D;20151126;000000;1275;1290;1250;1275;1881;2374400
QIWI;D;20151127;000000;1260;1275;1220;1240;876;1097900
QIWI;D;20151130;000000;1240;1270;1205;1250;2841;3561480
QIWI;D;20151201;000000;1250;1300;1250;1265;3799;4873500
QIWI;D;20151202;000000;1255;1330;1220;1320;4468;5761800
QIWI;D;20151203;000000;1300;1330;1285;1285;740;967065
QIWI;D;20151204;000000;1300;1335;1270;1275;527;687370
QIWI;D;20151207;000000;1295;1295;1240;1240;1125;1411675
QIWI;D;20151208;000000;1270;1270;1200;1210;633;776985
QIWI;D;20151209;000000;1230;1265;1225;1250;316;393715
QIWI;D;20151210;000000;1240;1275;1230;1275;604;765510
QIWI;D;20151211;000000;1270;1270;1230;1245;301;378650
QIWI;D;20151214;000000;1230;1270;1165;1200;4345;5299385
QIWI;D;20151215;000000;1220;1255;1215;1250;595;739740
QIWI;D;20151216;000000;1260;1275;1245;1260;776;977185
QIWI;D;20151217;000000;1270;1360;1265;1350;3715;4881625
QIWI;D;20151218;000000;1325;1325;1245;1265;2993;3806675
QIWI;D;20151221;000000;1250;1295;1240;1275;889;1117825
QIWI;D;20151222;000000;1260;1290;1260;1275;4803;6106960
QIWI;D;20151223;000000;1290;1330;1270;1290;3155;4119395
QIWI;D;20151224;000000;1280;1310;1260;1275;280;356975
QIWI;D;20151225;000000;1275;1295;1275;1275;441;564185
QIWI;D;20151228;000000;1320;1325;1285;1290;568;735095
QIWI;D;20151229;000000;1300;1320;1280;1305;988;1286810
QIWI;D;20151230;000000;1325;1345;1300;1320;1165;1538675
QIWI;D;20160104;000000;1305;1345;1280;1280;482;629900
QIWI;D;20160105;000000;1305;1305;1290;1300;226;293085
QIWI;D;20160106;000000;1315;1320;1295;1295;274;356245
QIWI;D;20160111;000000;1250;1320;1220;1250;810;1023530
QIWI;D;20160112;000000;1250;1250;1225;1245;702;868860
QIWI;D;20160113;000000;1245;1260;1230;1260;1242;1549385
QIWI;D;20160114;000000;1260;1275;1230;1265;501;624785
QIWI;D;20160115;000000;1280;1305;1175;1190;4517;5652530
QIWI;D;20160118;000000;1200;1210;1145;1205;1390;1646495
QIWI;D;20160119;000000;1220;1260;1215;1235;1718;2127920
QIWI;D;20160120;000000;1200;1200;1130;1130;4108;4740900
QIWI;D;20160121;000000;1145;1175;1145;1150;921;1068320
QIWI;D;20160122;000000;1155;1160;1115;1150;4640;5238435
QIWI;D;20160125;000000;1150;1175;1095;1105;4312;4810480
QIWI;D;20160126;000000;1110;1120;1040;1045;7133;7617895
QIWI;D;20160127;000000;1065;1095;1045;1055;4589;4885830
QIWI;D;20160128;000000;1065;1075;1010;1025;6496;6686160
QIWI;D;20160129;000000;1025;1050;1000;1020;5582;5717825
QIWI;D;20160201;000000;1025;1075;990;1025;5736;5899300
QIWI;D;20160202;000000;1025;1045;995;1000;6446;6502220
QIWI;D;20160203;000000;1015;1035;965;1015;18183;18204940
QIWI;D;20160204;000000;1055;1110;1050;1110;12067;13008300
QIWI;D;20160205;000000;1075;1100;1050;1055;6050;6447860
QIWI;D;20160208;000000;1060;1090;1000;1020;7012;7133275
QIWI;D;20160209;000000;1020;1030;1010;1020;2273;2318200
QIWI;D;20160210;000000;1010;1030;995;1015;8128;8204165
QIWI;D;20160211;000000;1005;1005;990;1005;1755;1752445
QIWI;D;20160212;000000;1005;1025;985;995;10373;10410395
QIWI;D;20160215;000000;985;990;975;985;3446;3393640
QIWI;D;20160216;000000;985;990;970;985;1368;1340910
QIWI;D;20160217;000000;1000;1010;975;980;3764;3735570
QIWI;D;20160218;000000;985;1000;945;965;8106;7849270
QIWI;D;20160219;000000;950;950;915;915;10014;9318460
QIWI;D;20160220;000000;915;945;910;935;967;903465
QIWI;D;20160222;000000;940;955;885;885;8115;7321725
QIWI;D;20160224;000000;895;910;855;865;11340;9964470
QIWI;D;20160225;000000;870;900;850;860;11538;10072380
QIWI;D;20160226;000000;860;880;825;840;19631;16547180
QIWI;D;20160229;000000;840;870;825;860;12777;10740780
QIWI;D;20160301;000000;860;885;845;870;14568;12579165
QIWI;D;20160302;000000;880;885;825;825;11257;9479240
QIWI;D;20160303;000000;830;840;820;830;10198;8465305
QIWI;D;20160304;000000;835;850;825;845;3542;2954200
QIWI;D;20160307;000000;855;870;850;865;5909;5081600
QIWI;D;20160309;000000;830;850;820;845;18780;15722155
QIWI;D;20160310;000000;850;870;825;835;21309;18000380
QIWI;D;20160311;000000;835;860;835;855;12718;10758185
QIWI;D;20160314;000000;855;870;845;865;6489;5581935
QIWI;D;20160315;000000;880;930;840;865;44381;39188215
QIWI;D;20160316;000000;860;950;840;935;71651;63634585
QIWI;D;20160317;000000;955;960;905;905;22822;21376730
QIWI;D;20160318;000000;920;935;905;930;8658;7989905
QIWI;D;20160321;000000;950;995;930;975;18396;17881820
QIWI;D;20160322;000000;985;1000;960;980;8666;8454600
QIWI;D;20160323;000000;980;1000;970;985;24201;23905585
QIWI;D;20160324;000000;970;995;940;990;27872;26971695
QIWI;D;20160325;000000;985;990;965;985;3393;3318550
QIWI;D;20160328;000000;980;990;950;965;7417;7169680
QIWI;D;20160329;000000;965;975;950;950;6783;6515765
QIWI;D;20160330;000000;945;955;925;945;8523;8035005
QIWI;D;20160331;000000;955;970;940;965;5626;5380790
QIWI;D;20160401;000000;950;975;950;955;6819;6582970
QIWI;D;20160404;000000;945;980;940;955;6789;6506380
QIWI;D;20160405;000000;945;970;935;955;4153;3954440
QIWI;D;20160406;000000;950;965;940;955;1569;1499700
QIWI;D;20160407;000000;955;960;935;950;3121;2953540
QIWI;D;20160408;000000;945;955;930;940;7889;7413205
QIWI;D;20160411;000000;940;975;915;960;7258;6922955
QIWI;D;20160412;000000;965;1035;960;1035;28303;28021100
QIWI;D;20160413;000000;1030;1080;1030;1075;10090;10649035
QIWI;D;20160414;000000;1075;1100;1040;1075;14044;15104525
QIWI;D;20160415;000000;1065;1085;1050;1065;3013;3196725
QIWI;D;20160418;000000;1060;1075;1040;1060;1593;1685330
QIWI;D;20160419;000000;1055;1070;1040;1050;1687;1781160
QIWI;D;20160420;000000;1045;1050;1010;1030;2286;2340260
QIWI;D;20160421;000000;1025;1060;1025;1040;2571;2686460
QIWI;D;20160422;000000;1040;1050;1025;1040;2126;2211685
QIWI;D;20160425;000000;1040;1060;1030;1040;1581;1646535
QIWI;D;20160426;000000;1040;1045;995;1020;1876;1904975
QIWI;D;20160427;000000;1000;1000;905;925;14867;13981515
QIWI;D;20160428;000000;875;900;815;845;33532;28751445
QIWI;D;20160429;000000;835;870;790;805;23590;19446340
QIWI;D;20160504;000000;790;858;730;740;34409;26411715
QIWI;D;20160505;000000;756;756;725;732;21012;15477703
QIWI;D;20160506;000000;737;741;716;719;24340;17667140
QIWI;D;20160510;000000;720;730;690;709;17214;12261604
QIWI;D;20160511;000000;710;737;710;718;28271;20417110
QIWI;D;20160512;000000;720;731;717;722;10467;7577603
QIWI;D;20160513;000000;729;732;721;729;6294;4570992
QIWI;D;20160516;000000;728;745;716;726;17704;12939338
QIWI;D;20160517;000000;726;731;712;718;13113;9416465
QIWI;D;20160518;000000;724;750;720;750;33042;24415901
QIWI;D;20160519;000000;755;798;751;790;46979;36463636
QIWI;D;20160520;000000;783;807;770;807;16112;12727311
QIWI;D;20160523;000000;808;849;802;806;29252;24178683
QIWI;D;20160524;000000;806;824;778;795;12140;9716654
QIWI;D;20160525;000000;790;820;775;813;6032;4788889
QIWI;D;20160526;000000;784;829;784;820;8726;7131374
QIWI;D;20160527;000000;830;843;825;833;12338;10284410
QIWI;D;20160530;000000;839;845;828;833;883;737393
QIWI;D;20160531;000000;834;839;815;823;3776;3112270
QIWI;D;20160601;000000;814;822;781;816;13389;10779816
QIWI;D;20160602;000000;820;880;819;840;9450;7963855
QIWI;D;20160603;000000;834;851;812;825;3168;2618623
QIWI;D;20160606;000000;825;862;809;860;8392;7129310
QIWI;D;20160607;000000;880;900;842;899;16054;14103101
QIWI;D;20160608;000000;903;906;870;883;5307;4721948
QIWI;D;20160609;000000;875;916;863;909;5949;5346829
QIWI;D;20160610;000000;914;939;900;932;9708;8936008
QIWI;D;20160614;000000;924;924;876;884;9209;8308427
QIWI;D;20160615;000000;880;900;862;887;7864;6931975
QIWI;D;20160616;000000;903;907;852;861;4951;4318487
QIWI;D;20160617;000000;875;895;863;892;2239;1964159
QIWI;D;20160620;000000;906;919;872;874;1702;1505850
QIWI;D;20160621;000000;889;894;855;876;3552;3100817
QIWI;D;20160622;000000;894;894;863;892;1606;1419016
QIWI;D;20160623;000000;890;891;861;875;1614;1422750
QIWI;D;20160624;000000;807;872;807;826;5744;4839689
QIWI;D;20160627;000000;845;845;796;806;4994;4064411
QIWI;D;20160628;000000;822;844;801;836;3487;2852078
QIWI;D;20160629;000000;839;879;839;869;2414;2068642
QIWI;D;20160630;000000;871;871;844;852;2095;1794878
QIWI;D;20160701;000000;850;864;822;835;3311;2799687
QIWI;D;20160704;000000;849;852;828;850;515;434236
QIWI;D;20160705;000000;839;852;800;804;12517;10191989
QIWI;D;20160706;000000;809;823;801;808;5345;4328026
QIWI;D;20160707;000000;814;819;806;810;1893;1540003
QIWI;D;20160708;000000;809;825;801;823;2550;2082474
QIWI;D;20160711;000000;821;832;821;829;1688;1395848
QIWI;D;20160712;000000;831;849;820;833;5445;4544648
QIWI;D;20160713;000000;860;860;810;814;4998;4096472
QIWI;D;20160714;000000;812;823;800;809;4191;3385390
QIWI;D;20160715;000000;790;807;777;785;16267;12847545
QIWI;D;20160718;000000;787;815;762;770;5664;4400696
QIWI;D;20160719;000000;812;814;766;775;4673;3658061
QIWI;D;20160720;000000;808;808;762;783;5234;4122616
QIWI;D;20160721;000000;783;798;771;779;11491;8950194
QIWI;D;20160722;000000;777;795;769;792;35981;28174376
QIWI;D;20160725;000000;787;799;778;793;3119;2476417
QIWI;D;20160726;000000;796;800;784;793;10208;8056085
QIWI;D;20160727;000000;791;802;786;802;19139;15244082
QIWI;D;20160728;000000;801;807;790;807;18607;14859494
QIWI;D;20160729;000000;805;807;796;800;627;502933
QIWI;D;20160801;000000;805;808;793;800;11180;8939838
QIWI;D;20160802;000000;795;801;780;798;21228;16911261
QIWI;D;20160803;000000;796;804;780;785;10109;7953922
QIWI;D;20160804;000000;787;800;785;793;16191;12783954
QIWI;D;20160805;000000;792;800;784;799;3353;2667089
QIWI;D;20160808;000000;801;817;793;805;4181;3379553
QIWI;D;20160809;000000;806;818;805;813;2084;1692556
QIWI;D;20160810;000000;812;824;790;798;14249;11509951
QIWI;D;20160811;000000;803;825;787;795;26212;21129124
QIWI;D;20160812;000000;798;806;773;782;27776;21820502
QIWI;D;20160815;000000;785;807;785;802;6642;5287174
QIWI;D;20160816;000000;806;845;797;844;30691;25318774
QIWI;D;20160817;000000;849;870;848;870;30438;26059027
QIWI;D;20160818;000000;866;874;851;862;6202;5362209
QIWI;D;20160819;000000;861;870;845;855;6262;5368074
QIWI;D;20160822;000000;850;874;849;867;4639;4006813
QIWI;D;20160823;000000;873;900;872;895;9799;8675119
QIWI;D;20160824;000000;900;918;899;912;7228;6529149
QIWI;D;20160825;000000;918;925;889;921;16292;14888109
QIWI;D;20160826;000000;911;919;875;904;24000;21740014
QIWI;D;20160829;000000;910;932;902;932;14883;13663498
QIWI;D;20160830;000000;935;955;930;939;10310;9678781
QIWI;D;20160831;000000;934;945;907;935;8285;7706864
QIWI;D;20160901;000000;940;971;916;970;6066;5770099
QIWI;D;20160902;000000;980;1000;977;987;8969;8895947
QIWI;D;20160905;000000;994;999;955;980;3602;3502527
QIWI;D;20160906;000000;971;983;966;979;9502;9287156
QIWI;D;20160907;000000;981;994;972;973;2781;2725109
QIWI;D;20160908;000000;975;975;914;950;5392;5067644
QIWI;D;20160909;000000;960;989;939;977;7268;7015117
QIWI;D;20160912;000000;970;982;926;973;2647;2532382
QIWI;D;20160913;000000;979;984;960;970;1062;1030584
QIWI;D;20160914;000000;970;981;966;975;7937;7740468
QIWI;D;20160915;000000;976;1009;975;1009;9019;8933720
QIWI;D;20160916;000000;1010;1019;1001;1005;5529;5603765
QIWI;D;20160919;000000;1003;1012;997;1010;1614;1620775
QIWI;D;20160920;000000;1002;1014;990;995;1331;1332173
QIWI;D;20160921;000000;989;1002;974;993;3695;3661876
QIWI;D;20160922;000000;999;1030;990;1018;1950;1974303
QIWI;D;20160923;000000;1013;1025;1013;1017;2552;2599637
QIWI;D;20160926;000000;1015;1028;1003;1003;1952;1971232
QIWI;D;20160927;000000;998;1005;991;991;1397;1392306
QIWI;D;20160928;000000;991;993;981;989;390;384356
QIWI;D;20160929;000000;980;989;950;952;2709;2618079
QIWI;D;20160930;000000;957;960;920;937;1390;1306042
QIWI;D;20161003;000000;938;970;912;931;4193;3919736
QIWI;D;20161004;000000;935;944;924;930;598;560475
QIWI;D;20161005;000000;940;940;928;928;1056;986264
QIWI;D;20161006;000000;933;938;905;907;1922;1769324
QIWI;D;20161007;000000;900;927;871;872;5256;4680833
QIWI;D;20161010;000000;896;896;855;859;3288;2859902
QIWI;D;20161011;000000;867;881;865;881;1079;944141
QIWI;D;20161012;000000;882;904;882;899;2129;1903066
QIWI;D;20161013;000000;915;927;912;922;2462;2262553
QIWI;D;20161014;000000;927;945;926;945;1187;1106982
QIWI;D;20161017;000000;945;945;925;926;573;535089
QIWI;D;20161018;000000;915;936;909;931;2270;2094133
QIWI;D;20161019;000000;925;926;891;907;3142;2854076
QIWI;D;20161020;000000;899;911;864;868;6754;5952399
QIWI;D;20161021;000000;880;880;831;843;6532;5561874
QIWI;D;20161024;000000;847;870;841;849;3771;3236060
QIWI;D;20161025;000000;845;867;844;860;373;320247
QIWI;D;20161026;000000;860;864;837;837;1231;1045455
QIWI;D;20161027;000000;845;856;814;824;5238;4364910
QIWI;D;20161028;000000;827;845;811;825;2892;2385535
QIWI;D;20161031;000000;825;830;820;829;1620;1338340
QIWI;D;20161101;000000;832;848;813;816;4977;4110941
QIWI;D;20161102;000000;820;837;810;810;11036;9064754
QIWI;D;20161103;000000;815;815;802;810;5863;4734623
QIWI;D;20161107;000000;812;835;812;824;6102;5026721
QIWI;D;20161108;000000;833;835;801;803;6412;5219390
QIWI;D;20161109;000000;810;831;804;831;2780;2277010
QIWI;D;20161110;000000;828;848;805;833;3705;3073390
QIWI;D;20161111;000000;835;849;831;844;2054;1728310
QIWI;D;20161114;000000;843;856;835;840;4270;3621209
QIWI;D;20161115;000000;844;853;826;838;14822;12368889
QIWI;D;20161116;000000;838;843;825;827;11784;9759668
QIWI;D;20161117;000000;831;843;830;836;9660;8102066
QIWI;D;20161118;000000;843;855;834;844;1768;1487841
QIWI;D;20161121;000000;856;900;834;854;15013;12765786
QIWI;D;20161122;000000;856;895;849;865;20257;17575420
QIWI;D;20161123;000000;890;898;868;880;2854;2520883
QIWI;D;20161124;000000;915;915;865;880;1643;1449427
QIWI;D;20161125;000000;880;888;858;870;1149;999470
QIWI;D;20161128;000000;873;885;868;870;1030;905042
QIWI;D;20161129;000000;876;1005;865;894;3907;3482619
QIWI;D;20161130;000000;890;912;878;878;4055;3636660
QIWI;D;20161201;000000;879;901;810;829;16633;13894156
QIWI;D;20161202;000000;828;835;812;828;8686;7131214
QIWI;D;20161205;000000;827;834;808;811;6610;5407301
QIWI;D;20161206;000000;818;834;800;806;25371;20615673
QIWI;D;20161207;000000;814;818;798;801;30713;24740053
QIWI;D;20161208;000000;801;809;795;799;10277;8208410
QIWI;D;20161209;000000;800;809;785;791;12804;10151792
QIWI;D;20161212;000000;791;797;775;780;10238;8020614
QIWI;D;20161213;000000;784;795;779;783;35569;27884968
QIWI;D;20161214;000000;788;795;782;789;7172;5657734
QIWI;D;20161215;000000;790;800;771;782;12515;9772778
QIWI;D;20161216;000000;783;790;762;776;14925;11533943
QIWI;D;20161219;000000;770;782;770;781;1889;1466416
QIWI;D;20161220;000000;777;789;777;785;2857;2241218
QIWI;D;20161221;000000;782;788;775;778;5884;4592481
QIWI;D;20161222;000000;782;782;769;778;869;672925
QIWI;D;20161223;000000;782;784;772;778;1217;945404
QIWI;D;20161226;000000;782;782;777;782;611;476421
QIWI;D;20161227;000000;793;795;770;770;8419;6580059
QIWI;D;20161228;000000;776;783;768;774;3769;2914135
QIWI;D;20161229;000000;776;785;770;782;5853;4549840
QIWI;D;20161230;000000;785;787;775;780;3485;2724544
QIWI;D;20170103;000000;785;790;774;782;2463;1935343
QIWI;D;20170104;000000;780;795;780;784;4085;3226626
QIWI;D;20170105;000000;792;792;766;779;6626;5172344
QIWI;D;20170106;000000;783;784;767;775;3238;2499987
QIWI;D;20170109;000000;771;780;769;776;1494;1158739
QIWI;D;20170110;000000;780;784;763;768;9361;7223798
QIWI;D;20170111;000000;767;772;746;753;11986;9070856
QIWI;D;20170112;000000;753;759;721;724;22170;16303659
QIWI;D;20170113;000000;725;739;722;730;5886;4298659
QIWI;D;20170116;000000;736;756;733;741;4468;3328270
QIWI;D;20170117;000000;742;749;732;741;1549;1144705
QIWI;D;20170118;000000;743;747;706;716;16252;11640657
QIWI;D;20170119;000000;717;722;707;714;10014;7151492
QIWI;D;20170120;000000;712;725;705;711;10187;7239896
QIWI;D;20170123;000000;713;719;709;713;2645;1886644
QIWI;D;20170124;000000;715;715;706;712;2203;1568278
QIWI;D;20170125;000000;714;737;713;736;6261;4546642
QIWI;D;20170126;000000;738;787;728;781;29049;22241416
QIWI;D;20170127;000000;790;803;788;799;18544;14708045
QIWI;D;20170130;000000;799;807;790;793;5360;4280258
QIWI;D;20170131;000000;800;822;800;821;10513;8511029
QIWI;D;20170201;000000;818;828;813;820;6624;5432130
QIWI;D;20170202;000000;821;821;805;810;5245;4251800
QIWI;D;20170203;000000;805;805;782;800;3284;2615246
QIWI;D;20170206;000000;800;805;787;800;2015;1601444
QIWI;D;20170207;000000;805;830;801;822;10651;8727134
QIWI;D;20170208;000000;823;824;812;815;3872;3174424
QIWI;D;20170209;000000;816;825;800;819;6368;5190037
QIWI;D;20170210;000000;835;845;830;841;19379;16185070
QIWI;D;20170213;000000;855;872;836;849;32930;28374824
QIWI;D;20170214;000000;846;856;832;842;31328;26700371
QIWI;D;20170215;000000;847;856;835;855;9684;8197085
QIWI;D;20170216;000000;851;869;848;860;7534;6447368
QIWI;D;20170217;000000;862;878;855;875;11627;10084102
QIWI;D;20170220;000000;890;891;875;885;12212;10817301
QIWI;D;20170221;000000;887;898;870;895;11900;10525356
QIWI;D;20170222;000000;899;911;892;907;46819;42053502
QIWI;D;20170224;000000;862;869;791;844;7903;6669261
QIWI;D;20170227;000000;839;840;800;822;8376;6904617
QIWI;D;20170228;000000;815;827;803;819;5227;4256757
QIWI;D;20170301;000000;822;827;810;822;1379;1127359
QIWI;D;20170302;000000;823;835;821;832;6409;5302826
QIWI;D;20170303;000000;831;850;829;836;1009;844137
QIWI;D;20170306;000000;844;851;835;839;1514;1276241
QIWI;D;20170307;000000;850;871;835;861;16697;14376681
QIWI;D;20170309;000000;878;888;863;881;31286;27401021
QIWI;D;20170310;000000;890;927;890;918;28923;26281798
QIWI;D;20170313;000000;913;925;904;909;9430;8588535
QIWI;D;20170314;000000;904;940;904;935;23468;21844431
QIWI;D;20170315;000000;946;986;946;972;26440;25565915
QIWI;D;20170316;000000;975;986;954;965;17240;16814022
QIWI;D;20170317;000000;969;978;910;940;8223;7857824
QIWI;D;20170320;000000;938;979;930;971;3761;3570822
QIWI;D;20170321;000000;980;989;962;974;50684;49745664
QIWI;D;20170322;000000;978;978;910;939;4428;4155282
QIWI;D;20170323;000000;946;977;930;970;3708;3551023
QIWI;D;20170324;000000;977;986;946;958;10041;9823995
QIWI;D;20170327;000000;945;958;917;926;2345;2193100
QIWI;D;20170328;000000;914;959;911;950;1345;1265117
QIWI;D;20170329;000000;957;974;942;946;689;654263
QIWI;D;20170330;000000;946;946;927;927;1125;1050993
QIWI;D;20170331;000000;917;959;917;956;3024;2829146
QIWI;D;20170403;000000;948;973;930;951;6594;6310840
QIWI;D;20170404;000000;957;1000;956;958;8642;8327778
QIWI;D;20170405;000000;958;962;949;962;946;903843
QIWI;D;20170406;000000;960;975;960;970;6278;6044798
QIWI;D;20170407;000000;970;980;946;947;1326;1270764
QIWI;D;20170410;000000;946;984;890;975;7776;7420272
QIWI;D;20170411;000000;975;1018;961;976;6334;6262529
QIWI;D;20170412;000000;971;995;950;962;788;762867
QIWI;D;20170413;000000;961;973;948;955;1267;1221853
QIWI;D;20170414;000000;951;954;932;942;194;181454
QIWI;D;20170417;000000;942;952;929;938;738;692696
QIWI;D;20170418;000000;922;943;920;941;1389;1292628
QIWI;D;20170419;000000;945;964;940;959;538;511090
QIWI;D;20170420;000000;960;995;957;994;2826;2750525
QIWI;D;20170421;000000;995;1000;913;986;3715;3682711
QIWI;D;20170424;000000;997;998;952;996;1645;1609816
QIWI;D;20170425;000000;994;1028;963;1000;2469;2474902
QIWI;D;20170426;000000;1011;1045;997;1023;4154;4243098
QIWI;D;20170427;000000;1023;1055;1015;1047;1664;1729602
QIWI;D;20170428;000000;1060;1093;1050;1090;1978;2118257
QIWI;D;20170502;000000;1106;1110;1074;1093;2586;2846440
QIWI;D;20170503;000000;1082;1120;1025;1120;2714;2929500
QIWI;D;20170504;000000;1143;1175;1080;1159;5946;6701946
QIWI;D;20170505;000000;1150;1150;1111;1122;2431;2775177
QIWI;D;20170510;000000;1059;1149;1050;1149;430;479569
QIWI;D;20170511;000000;1134;1150;1131;1131;3179;3630705
QIWI;D;20170512;000000;1080;1145;1080;1129;3874;4397520
QIWI;D;20170515;000000;1100;1132;1080;1102;1418;1564393
QIWI;D;20170516;000000;1111;1130;1108;1115;1019;1138229
QIWI;D;20170517;000000;1119;1278;1110;1220;9505;11346051
QIWI;D;20170518;000000;1240;1255;1130;1250;12048;14783258
QIWI;D;20170519;000000;1249;1288;1235;1265;26644;33965619
QIWI;D;20170522;000000;1240;1270;1193;1230;12944;15635998
QIWI;D;20170523;000000;1268;1294;1201;1294;3746;4739866
QIWI;D;20170524;000000;1290;1292;1247;1266;2789;3546311
QIWI;D;20170525;000000;1245;1291;1245;1291;415;530061
QIWI;D;20170526;000000;1290;1320;1285;1301;2955;3856396
QIWI;D;20170529;000000;1344;1345;1304;1316;551;726797
QIWI;D;20170530;000000;1330;1364;1290;1357;3040;4066523
QIWI;D;20170531;000000;1351;1370;1290;1297;8808;11616246
QIWI;D;20170601;000000;1301;1340;1290;1325;581;759840
QIWI;D;20170602;000000;1314;1325;1280;1303;967;1258697
QIWI;D;20170605;000000;1301;1321;1290;1310;6466;8392787
QIWI;D;20170606;000000;1306;1318;1286;1301;891;1160385
QIWI;D;20170607;000000;1303;1327;1303;1327;172;225236
QIWI;D;20170608;000000;1320;1345;1291;1315;803;1059623
QIWI;D;20170609;000000;1320;1380;1290;1365;2130;2894011
QIWI;D;20170613;000000;1415;1438;1340;1370;19343;26875793
QIWI;D;20170614;000000;1390;1411;1310;1410;26704;36713042
QIWI;D;20170615;000000;1411;1429;1363;1429;5791;8189213
QIWI;D;20170616;000000;1432;1447;1431;1443;6542;9400495
QIWI;D;20170619;000000;1447;1473;1424;1440;9558;13859155
QIWI;D;20170620;000000;1450;1472;1450;1450;608;889516
QIWI;D;20170621;000000;1450;1475;1367;1462;15193;21952461
QIWI;D;20170622;000000;1455;1470;1428;1445;1180;1716500
QIWI;D;20170623;000000;1431;1449;1405;1439;438;624029
QIWI;D;20170626;000000;1413;1455;1400;1436;181;258117
QIWI;D;20170627;000000;1439;1440;1412;1420;419;597192
QIWI;D;20170628;000000;1422;1452;1416;1452;7762;11122570
QIWI;D;20170629;000000;1450;1455;1419;1425;435;624371
QIWI;D;20170630;000000;1441;1469;1435;1446;565;817053
QIWI;D;20170703;000000;1432;1496;1432;1495;2138;3157863
QIWI;D;20170704;000000;1499;1520;1490;1492;8228;12438318
QIWI;D;20170705;000000;1491;1525;1470;1470;733;1097484
QIWI;D;20170706;000000;1445;1455;1411;1439;863;1246116
QIWI;D;20170707;000000;1436;1461;1435;1441;1561;2261305
QIWI;D;20170710;000000;1448;1449;1399;1400;1702;2412951
QIWI;D;20170711;000000;1390;1475;1300;1399;110855;155076251
QIWI;D;20170712;000000;1462;1489;1414;1433;1280;1864402
QIWI;D;20170713;000000;1444;1447;1364;1385;1678;2339835
QIWI;D;20170714;000000;1370;1370;1322;1360;1744;2371831
QIWI;D;20170717;000000;1346;1383;1191;1350;155950;205938649
QIWI;D;20170718;000000;1265;1320;1230;1265;6633;8353750
QIWI;D;20170719;000000;1317;1317;1214;1223;827;1020624
QIWI;D;20170720;000000;1240;1240;1201;1201;306;374316
QIWI;D;20170721;000000;1235;1241;1170;1193;816;976008
QIWI;D;20170724;000000;1179;1237;1179;1223;967;1169675
QIWI;D;20170725;000000;1230;1235;1220;1220;2305;2822031
QIWI;D;20170726;000000;1238;1238;1159;1165;581;692664
QIWI;D;20170727;000000;1164;1180;1120;1146;1855;2130480
QIWI;D;20170728;000000;1136;1136;1055;1076;2630;2874403
QIWI;D;20170731;000000;1070;1108;1057;1089;3631;3926067
QIWI;D;20170801;000000;1104;1160;1095;1150;4591;5202197
QIWI;D;20170802;000000;1170;1175;1135;1136;1717;1985220
QIWI;D;20170803;000000;1134;1145;1102;1112;516;579954
QIWI;D;20170804;000000;1119;1154;1110;1151;307;349410
QIWI;D;20170807;000000;1170;1194;1140;1190;8504;9824274
QIWI;D;20170808;000000;1195;1239;1195;1204;8304;10070363
QIWI;D;20170809;000000;1196;1200;1190;1193;458;548193
QIWI;D;20170810;000000;1187;1187;1130;1134;4832;5626986
QIWI;D;20170811;000000;1111;1230;1075;1085;3928;4322015
QIWI;D;20170814;000000;1080;1138;1075;1086;3088;3393546
QIWI;D;20170815;000000;1108;1160;1065;1080;6428;7117821
QIWI;D;20170816;000000;1064;1144;1055;1059;3785;4045569
QIWI;D;20170817;000000;1052;1095;1040;1043;3472;3661546
QIWI;D;20170818;000000;1048;1057;1033;1048;589;615635
QIWI;D;20170821;000000;1023;1046;1023;1038;2516;2614853
QIWI;D;20170822;000000;1050;1055;1032;1045;3127;3256252
QIWI;D;20170823;000000;1043;1050;1034;1040;624;651391
QIWI;D;20170824;000000;1036;1044;1020;1040;4018;4152522
QIWI;D;20170825;000000;1029;1035;970;970;8686;8652409
QIWI;D;20170828;000000;981;988;964;976;8187;7957701
QIWI;D;20170829;000000;970;975;940;950;5495;5258710
QIWI;D;20170830;000000;953;969;925;933;3684;3487454
QIWI;D;20170831;000000;933;980;933;974;3494;3332894
QIWI;D;20170901;000000;962;970;933;944;4288;4067216
QIWI;D;20170904;000000;931;961;931;959;3409;3250238
QIWI;D;20170905;000000;958;958;919;920;5320;4951441
QIWI;D;20170906;000000;925;952;921;936;4505;4220934
QIWI;D;20170907;000000;935;963;923;963;3976;3763449
QIWI;D;20170908;000000;960;1010;950;1000;5832;5684579
QIWI;D;20170911;000000;1015;1045;1007;1035;9677;9907054
QIWI;D;20170912;000000;1036;1075;1033;1040;6635;6969289
QIWI;D;20170913;000000;1041;1057;1011;1046;7666;7977349
QIWI;D;20170914;000000;1044;1044;1015;1020;4940;5069322
QIWI;D;20170915;000000;1020;1020;991;991;2011;2020122
QIWI;D;20170918;000000;997;1013;993;1008;680;682132
QIWI;D;20170919;000000;1000;1050;1000;1039;8523;8834249
QIWI;D;20170920;000000;1029;1035;1024;1031;942;969929
QIWI;D;20170921;000000;999;1018;990;1007;2634;2647353
QIWI;D;20170922;000000;1016;1035;1012;1035;1319;1356568
QIWI;D;20170925;000000;1016;1049;981;990;8655;8629894
QIWI;D;20170926;000000;990;1001;952;960;7980;7825123
QIWI;D;20170927;000000;952;978;941;946;9512;9103610
QIWI;D;20170928;000000;951;967;950;957;3322;3182629
QIWI;D;20170929;000000;965;975;952;970;2629;2536255
QIWI;D;20171002;000000;975;980;946;946;18516;17805411
QIWI;D;20171003;000000;956;971;942;946;4191;3996383
QIWI;D;20171004;000000;947;952;930;938;4769;4466502
QIWI;D;20171005;000000;934;998;930;948;38459;36945434
QIWI;D;20171006;000000;945;962;939;952;3949;3748087
QIWI;D;20171009;000000;955;983;955;976;8384;8128396
QIWI;D;20171010;000000;983;990;963;990;4571;4488684
QIWI;D;20171011;000000;989;1018;980;1005;7362;7347832
QIWI;D;20171012;000000;1001;1021;990;1013;5430;5464429
QIWI;D;20171013;000000;1018;1018;985;999;2537;2539157
QIWI;D;20171016;000000;999;1016;991;999;2575;2577802
QIWI;D;20171017;000000;989;992;970;978;3642;3574367
QIWI;D;20171018;000000;975;993;975;985;1274;1253616
QIWI;D;20171019;000000;992;994;950;970;4280;4161677
QIWI;D;20171020;000000;971;988;970;974;3014;2945341
QIWI;D;20171023;000000;964;998;964;981;1150;1133702
QIWI;D;20171024;000000;979;990;967;980;754;735840
QIWI;D;20171025;000000;975;997;968;992;1495;1476421
QIWI;D;20171026;000000;992;994;983;987;1054;1042817
QIWI;D;20171027;000000;985;996;985;989;995;985790
QIWI;D;20171030;000000;999;1005;985;990;2057;2044030
QIWI;D;20171031;000000;989;996;983;991;2837;2799264
QIWI;D;20171101;000000;981;1016;981;1011;11435;11440587
QIWI;D;20171102;000000;1004;1009;991;999;2229;2234175
QIWI;D;20171103;000000;990;998;973;990;2317;2278986
QIWI;D;20171107;000000;981;1005;981;998;2858;2852580
QIWI;D;20171108;000000;997;1006;990;995;1512;1507640
QIWI;D;20171109;000000;997;997;979;991;779;769093
QIWI;D;20171110;000000;997;998;987;989;515;512307
QIWI;D;20171113;000000;989;1014;952;966;3670;3577583
QIWI;D;20171114;000000;971;1033;940;1002;4235;4219215
QIWI;D;20171115;000000;1015;1037;982;998;3248;3263652
QIWI;D;20171116;000000;1010;1065;984;1016;17365;17933147
QIWI;D;20171117;000000;1000;1034;984;1005;6466;6549563
QIWI;D;20171120;000000;1010;1010;979;997;2904;2879283
QIWI;D;20171121;000000;986;993;947;976;21233;20532524
QIWI;D;20171122;000000;970;977;922;935;25424;23846288
QIWI;D;20171123;000000;943;945;928;945;4409;4131740
QIWI;D;20171124;000000;950;966;927;945;6318;5961987
QIWI;D;20171127;000000;950;976;937;941;5024;4813169
QIWI;D;20171128;000000;946;949;927;938;2289;2142764
QIWI;D;20171129;000000;935;942;925;931;1469;1369802
QIWI;D;20171130;000000;939;939;908;916;5202;4771057
QIWI;D;20171201;000000;900;912;760;873;9066;7914271
QIWI;D;20171204;000000;890;890;800;816;5798;4834481
QIWI;D;20171205;000000;818;850;801;818;7011;5822342
QIWI;D;20171206;000000;828;829;813;818;7051;5808309
QIWI;D;20171207;000000;830;849;827;838;2315;1944786
QIWI;D;20171208;000000;840;878;826;839;4266;3602164
QIWI;D;20171211;000000;840;860;836;846;8706;7413694
QIWI;D;20171212;000000;850;860;834;841;3533;2998605
QIWI;D;20171213;000000;835;854;820;827;5019;4191465
QIWI;D;20171214;000000;832;835;812;829;2704;2232762
QIWI;D;20171215;000000;826;849;815;847;996850;820447910
QIWI;D;20171218;000000;849;861;836;845;3612;3067103
QIWI;D;20171219;000000;855;870;841;870;7947;6819530
QIWI;D;20171220;000000;869;869;844;848;6052;5151076
QIWI;D;20171221;000000;875;933;870;889;18706;16735903
QIWI;D;20171222;000000;890;913;833;840;10451;9005489
QIWI;D;20171225;000000;851;851;840;841;3403;2867214
QIWI;D;20171226;000000;835;840;816;828;4429;3672543
QIWI;D;20171227;000000;825;830;810;818;5110;4190420
QIWI;D;20171228;000000;815;859;810;843;5235;4377822
QIWI;D;20171229;000000;860;914;860;910;40008;35832541
QIWI;D;20180103;000000;914;981;914;980;24387;23310289
QIWI;D;20180104;000000;980;985;955;982;13055;12784995
QIWI;D;20180105;000000;955;986;943;969;3839;3685754
QIWI;D;20180109;000000;955;967;904;917;5832;5464570
QIWI;D;20180110;000000;928;952;928;948;2437;2290724
QIWI;D;20180111;000000;953;967;952;952;2001;1918851
QIWI;D;20180112;000000;953;959;940;949;1221;1157762
QIWI;D;20180115;000000;936;950;936;943;272;256253
QIWI;D;20180116;000000;943;951;920;930;4475;4179826
QIWI;D;20180117;000000;955;963;922;956;2287;2169644
QIWI;D;20180118;000000;957;1008;941;1007;18000;17658797
QIWI;D;20180119;000000;1006;1040;1002;1010;5958;6084335
QIWI;D;20180122;000000;1010;1030;990;1030;4123;4179840
QIWI;D;20180123;000000;1011;1062;1011;1043;5122;5324450
QIWI;D;20180124;000000;1050;1050;1000;1012;8143;8253861
QIWI;D;20180125;000000;999;999;941;959;15418;14884847
QIWI;D;20180126;000000;961;978;950;975;3601;3473196
QIWI;D;20180129;000000;978;982;950;955;6098;5889613
QIWI;D;20180130;000000;955;965;934;939;6871;6526789
QIWI;D;20180131;000000;939;964;939;955;1837;1757029
QIWI;D;20180201;000000;963;963;915;925;8823;8243063
QIWI;D;20180202;000000;929;942;894;905;7399;6743135
QIWI;D;20180205;000000;885;909;852;894;8557;7609810
QIWI;D;20180206;000000;888;899;855;881;4965;4353263
QIWI;D;20180207;000000;885;929;883;887;2177;1949477
QIWI;D;20180208;000000;892;909;888;903;1154;1033963
QIWI;D;20180209;000000;885;889;864;871;6866;5993414
QIWI;D;20180212;000000;881;894;868;876;7073;6221258
QIWI;D;20180213;000000;884;903;877;903;2587;2305515
QIWI;D;20180214;000000;904;925;895;921;2922;2657237
QIWI;D;20180215;000000;925;1065;875;940;8109;7598581
QIWI;D;20180216;000000;941;941;921;926;1452;1346435
QIWI;D;20180219;000000;943;970;926;946;2905;2761283
QIWI;D;20180220;000000;952;959;944;958;3398;3221213
QIWI;D;20180221;000000;950;978;950;970;5944;5748254
QIWI;D;20180222;000000;965;969;946;946;2168;2065792
QIWI;D;20180226;000000;945;958;930;934;2411;2276399
QIWI;D;20180227;000000;931;964;914;950;2498;2347684
QIWI;D;20180228;000000;957;957;932;940;1320;1246394
QIWI;D;20180301;000000;945;949;918;935;2628;2457352
QIWI;D;20180302;000000;938;939;910;914;2005;1838974
QIWI;D;20180305;000000;925;945;920;943;2883;2690512
QIWI;D;20180306;000000;940;950;933;950;3816;3586573
QIWI;D;20180307;000000;950;964;933;954;2541;2405816
QIWI;D;20180309;000000;960;1000;960;985;9142;9010515
QIWI;D;20180312;000000;1006;1048;986;1032;16249;16489522
QIWI;D;20180313;000000;1037;1093;1027;1055;10841;11454442
QIWI;D;20180314;000000;1041;1049;1001;1007;4741;4858491
QIWI;D;20180315;000000;1010;1070;1010;1042;5390;5609008
QIWI;D;20180316;000000;1039;1050;1028;1048;2948;3058496
QIWI;D;20180319;000000;1053;1069;1034;1042;2057;2161781
QIWI;D;20180320;000000;1042;1066;1033;1045;2193;2295995
QIWI;D;20180321;000000;1050;1093;1045;1073;5149;5503517
QIWI;D;20180322;000000;1087;1092;1049;1049;5433;5834830
QIWI;D;20180323;000000;1035;1036;1011;1030;3541;3612571
QIWI;D;20180326;000000;1039;1048;1000;1003;6941;7095825
QIWI;D;20180327;000000;1010;1049;1010;1018;1181;1212196
QIWI;D;20180328;000000;1011;1084;934;1021;22875;23191972
QIWI;D;20180329;000000;1045;1105;1041;1082;13050;14138996
QIWI;D;20180330;000000;1094;1110;1075;1093;4669;5102811
QIWI;D;20180402;000000;1097;1118;1041;1048;3298;3534061
QIWI;D;20180403;000000;1040;1076;1040;1071;2033;2146153
QIWI;D;20180404;000000;1075;1083;1049;1065;1219;1289655
QIWI;D;20180405;000000;1085;1150;1075;1145;11185;12490919
QIWI;D;20180406;000000;1132;1132;1086;1091;7230;7999034
QIWI;D;20180409;000000;1084;1091;967;1030;18874;19379650
QIWI;D;20180410;000000;1030;1100;976;1073;8394;8854091
QIWI;D;20180411;000000;1068;1089;1020;1020;4567;4784079
QIWI;D;20180412;000000;1020;1049;1009;1025;5558;5684066
QIWI;D;20180413;000000;1016;1042;986;1015;5715;5738525
QIWI;D;20180416;000000;996;1013;980;982;5022;4962148
QIWI;D;20180417;000000;985;1030;985;1017;11981;12028055
QIWI;D;20180418;000000;1011;1045;1011;1040;3440;3565731
QIWI;D;20180419;000000;1041;1071;1026;1050;3829;4001755
QIWI;D;20180420;000000;1050;1066;1023;1029;1043;1086447
QIWI;D;20180423;000000;1032;1054;1017;1030;2972;3065309
QIWI;D;20180424;000000;1044;1050;1030;1044;717;747227
QIWI;D;20180425;000000;1032;1061;1003;1049;2806;2884839
QIWI;D;20180426;000000;1044;1091;1034;1088;4703;5011812
QIWI;D;20180427;000000;1088;1099;1065;1086;6991;7559115
QIWI;D;20180428;000000;1100;1113;1089;1091;2510;2760474
QIWI;D;20180430;000000;1108;1176;1100;1143;3960;4536549
QIWI;D;20180502;000000;1140;1176;1127;1127;1205;1394000
QIWI;D;20180503;000000;1120;1120;1093;1106;1864;2056453
QIWI;D;20180504;000000;1124;1160;1100;1149;3079;3495579
QIWI;D;20180507;000000;1162;1173;1131;1145;2422;2759582
QIWI;D;20180508;000000;1154;1166;1133;1150;1273;1461204
QIWI;D;20180510;000000;1147;1167;1135;1157;747;854874
QIWI;D;20180511;000000;1161;1161;1138;1140;710;812579
QIWI;D;20180514;000000;1140;1147;1107;1121;3301;3715866
QIWI;D;20180515;000000;1100;1130;1081;1084;5517;6066980
QIWI;D;20180516;000000;1075;1114;1075;1095;1337;1465122
QIWI;D;20180517;000000;1115;1125;1083;1111;1504;1661033
QIWI;D;20180518;000000;1110;1159;1099;1142;4291;4871329
QIWI;D;20180521;000000;1132;1180;1132;1135;2904;3362065
QIWI;D;20180522;000000;1136;1159;1128;1157;933;1065447
QIWI;D;20180523;000000;1131;1186;1079;1131;8414;9566938
QIWI;D;20180524;000000;1148;1148;1106;1114;1043;1170738
QIWI;D;20180525;000000;1093;1093;1078;1084;2442;2659821
QIWI;D;20180528;000000;1104;1104;1085;1090;503;549130
QIWI;D;20180529;000000;1083;1098;1017;1057;5617;5876953
QIWI;D;20180530;000000;1045;1065;1030;1040;1778;1855568
QIWI;D;20180531;000000;1033;1050;1029;1030;1571;1632022
QIWI;D;20180601;000000;1045;1060;1027;1043;1276;1326577
QIWI;D;20180604;000000;1044;1080;1041;1079;6739;7180685
QIWI;D;20180605;000000;1083;1097;1067;1093;6634;7210289
QIWI;D;20180606;000000;1077;1081;1060;1071;3078;3284819
QIWI;D;20180607;000000;1061;1070;1048;1050;2858;3015510
QIWI;D;20180608;000000;1050;1055;1032;1035;2481;2580495
QIWI;D;20180609;000000;1043;1069;1043;1050;592;624129
QIWI;D;20180611;000000;1049;1082;1030;1036;1873;1972619
QIWI;D;20180613;000000;1046;1060;1020;1049;9752;10111374
QIWI;D;20180614;000000;1063;1074;1036;1055;1102;1160137
QIWI;D;20180615;000000;1055;1056;1040;1051;778;817952
QIWI;D;20180618;000000;1052;1055;1014;1042;5373;5538977
QIWI;D;20180619;000000;1031;1048;1016;1035;776;800419
QIWI;D;20180620;000000;1040;1040;1005;1013;4039;4123955
QIWI;D;20180621;000000;1005;1032;995;999;3420;3443926
QIWI;D;20180622;000000;1005;1009;971;979;6209;6129884
QIWI;D;20180625;000000;980;994;965;974;3900;3815768
QIWI;D;20180626;000000;971;992;969;969;3501;3403642
QIWI;D;20180627;000000;968;971;938;943;9919;9426907
QIWI;D;20180628;000000;941;950;915;939;9057;8402355
QIWI;D;20180629;000000;941;980;941;974;9395;9047679
QIWI;D;20180702;000000;980;1017;973;1014;4150;4128618
QIWI;D;20180703;000000;1030;1039;1005;1028;10906;11165276
QIWI;D;20180704;000000;1022;1022;990;1015;1050;1055743
QIWI;D;20180705;000000;1001;1055;1001;1043;5524;5753738
QIWI;D;20180706;000000;1041;1055;1033;1048;2719;2836433
QIWI;D;20180709;000000;1048;1056;1030;1031;1128;1176742
QIWI;D;20180710;000000;1039;1039;1022;1030;648;665730
QIWI;D;20180711;000000;1021;1039;1002;1008;1018;1026404
QIWI;D;20180712;000000;1000;1023;1000;1022;361;365606
QIWI;D;20180713;000000;1023;1034;1008;1019;1464;1486021
QIWI;D;20180716;000000;1032;1032;1005;1031;1770;1814654
QIWI;D;20180717;000000;1030;1034;1002;1007;843;849375
QIWI;D;20180718;000000;1004;1015;993;1015;1807;1810101
QIWI;D;20180719;000000;1017;1024;990;1015;1817;1821970
QIWI;D;20180720;000000;1011;1012;994;1005;4810;4827532
QIWI;D;20180723;000000;1001;1023;1001;1019;1697;1722404
QIWI;D;20180724;000000;1016;1038;1002;1026;2005;2053169
QIWI;D;20180725;000000;1030;1046;1016;1028;822;843515
QIWI;D;20180726;000000;1036;1036;1016;1027;255;262432
QIWI;D;20180727;000000;1016;1036;1007;1008;469;475200
QIWI;D;20180730;000000;1007;1026;985;987;4949;4932371
QIWI;D;20180731;000000;994;1016;970;999;1560;1545473
QIWI;D;20180801;000000;1000;1005;986;993;157;156072
QIWI;D;20180802;000000;993;996;978;991;770;759886
QIWI;D;20180803;000000;998;1020;982;1014;1419;1425705
QIWI;D;20180806;000000;996;1019;970;1002;925;920177
QIWI;D;20180807;000000;996;1008;990;1007;737;737546
QIWI;D;20180808;000000;1000;1015;991;1000;2842;2843772
QIWI;D;20180809;000000;997;1024;970;1020;3933;3938515
QIWI;D;20180810;000000;1019;1019;988;1010;1044;1040980
QIWI;D;20180813;000000;1003;1030;975;1026;8348;8431805
QIWI;D;20180814;000000;1029;1030;1002;1018;809;822511
QIWI;D;20180815;000000;1018;1020;985;1013;2213;2210602
QIWI;D;20180816;000000;1018;1039;874;881;40791;37708642
QIWI;D;20180817;000000;926;945;906;924;9459;8740319
QIWI;D;20180820;000000;934;964;905;958;8281;7788285
QIWI;D;20180821;000000;947;969;929;942;2349;2225068
QIWI;D;20180822;000000;931;945;923;930;2534;2365135
QIWI;D;20180823;000000;942;942;921;928;2059;1913894
QIWI;D;20180824;000000;930;930;911;911;1592;1465003
QIWI;D;20180827;000000;913;921;910;919;1183;1081559
QIWI;D;20180828;000000;923;930;916;916;1405;1296906
QIWI;D;20180829;000000;915;966;915;956;4893;4650557
QIWI;D;20180830;000000;955;967;940;955;4097;3938414
QIWI;D;20180831;000000;963;970;944;959;2465;2368087
QIWI;D;20180903;000000;964;968;953;963;341;328582
QIWI;D;20180904;000000;958;963;952;958;499;477804
QIWI;D;20180905;000000;960;966;955;961;3195;3071823
QIWI;D;20180906;000000;954;981;930;979;4709;4549198
QIWI;D;20180907;000000;975;979;967;969;1502;1458983
QIWI;D;20180910;000000;970;978;951;976;3653;3546026
QIWI;D;20180911;000000;957;970;943;943;2184;2083375
QIWI;D;20180912;000000;955;960;910;910;5060;4649093
QIWI;D;20180913;000000;928;937;890;890;11812;10698678
QIWI;D;20180914;000000;892;900;870;875;13316;11743947
QIWI;D;20180917;000000;894;923;879;888;8107;7253181
QIWI;D;20180918;000000;887;898;857;861;16323;14198328
QIWI;D;20180919;000000;865;883;856;874;12789;11120546
QIWI;D;20180920;000000;880;888;870;872;4103;3609876
QIWI;D;20180921;000000;879;884;865;873;6245;5425820
QIWI;D;20180924;000000;874;880;870;874;1982;1737225
QIWI;D;20180925;000000;878;890;871;886;4523;3990914
QIWI;D;20180926;000000;878;886;857;861;8208;7083298
QIWI;D;20180927;000000;860;874;840;847;16892;14375297
QIWI;D;20180928;000000;850;867;841;862;9497;8142020
QIWI;D;20181001;000000;869;869;848;850;4692;4006063
QIWI;D;20181002;000000;851;853;839;853;2017;1704358
QIWI;D;20181003;000000;850;860;842;860;2465;2103417
QIWI;D;20181004;000000;860;873;857;868;5841;5049840
QIWI;D;20181005;000000;868;868;842;843;6916;5857004
QIWI;D;20181008;000000;835;845;832;832;9695;8114381
QIWI;D;20181009;000000;832;833;800;801;14818;12067066
QIWI;D;20181010;000000;844;844;788;795;10523;8426488
QIWI;D;20181011;000000;788;838;772;812;11406;9038821
QIWI;D;20181012;000000;801;823;797;803;8707;7014982
QIWI;D;20181015;000000;800;820;798;807;5353;4329107
QIWI;D;20181016;000000;808;810;795;800;5635;4509001
QIWI;D;20181017;000000;806;808;790;799;4237;3393197
QIWI;D;20181018;000000;803;805;781;795;7441;5884577
QIWI;D;20181019;000000;798;837;794;830;16597;13660180
QIWI;D;20181022;000000;815;846;806;827;11218;9334602
QIWI;D;20181023;000000;816;841;801;838;2782;2301301
QIWI;D;20181024;000000;839;848;835;835;7849;6619358
QIWI;D;20181025;000000;834;840;826;836;5234;4385834
QIWI;D;20181026;000000;840;844;829;840;6352;5330657
QIWI;D;20181029;000000;841;859;840;855;3223;2738967
QIWI;D;20181030;000000;855;855;842;847;981;831579
QIWI;D;20181031;000000;841;849;830;849;2932;2452471
QIWI;D;20181101;000000;858;883.5;849;878.5;5869;5096721
QIWI;D;20181102;000000;884;894.5;866.5;889.5;13983;12407625
QIWI;D;20181106;000000;885;885;861;868;3780;3274270.5
QIWI;D;20181107;000000;865.5;869.5;855;869;4940;4259083.5
QIWI;D;20181108;000000;869;869;857.5;869;1150;992635.5
QIWI;D;20181109;000000;866;878;845.5;869.5;4193;3598218
QIWI;D;20181112;000000;869;879;855.5;860.5;619;534136.5
QIWI;D;20181113;000000;856.5;865;852.5;863;939;809059.5
QIWI;D;20181114;000000;870.5;1000;863.5;952;37950;35405963
QIWI;D;20181115;000000;951;958.5;932;935.5;5611;5281857
QIWI;D;20181116;000000;948;958;930;937.5;3135;2959269
QIWI;D;20181119;000000;940.5;943;914;921.5;4577;4238219.5
QIWI;D;20181120;000000;934;934;902.5;920;2461;2258807.5
QIWI;D;20181121;000000;929;961;920;950.5;6006;5712135.5
QIWI;D;20181122;000000;959.5;961;945;954;1071;1020271
QIWI;D;20181123;000000;954;960;938.5;949;4303;4091558.5
QIWI;D;20181126;000000;942.5;995;915.5;990;7845;7476274
QIWI;D;20181127;000000;990;994;971;991.5;4838;4755904.5
QIWI;D;20181128;000000;990;992.5;972.5;973.5;1454;1429767.5
QIWI;D;20181129;000000;965.5;994.5;965.5;980;4773;4707928.5
QIWI;D;20181130;000000;972.5;997;961;997;2886;2838789
QIWI;D;20181203;000000;983.5;1023;983.5;1003.5;6995;7025517
QIWI;D;20181204;000000;1001.5;1013;984;1000;894;891375
QIWI;D;20181205;000000;990;990;971;975.5;1756;1718014
QIWI;D;20181206;000000;970.5;974.5;942;960;1547;1489143
QIWI;D;20181207;000000;969;982;966;978.5;1123;1095876
QIWI;D;20181210;000000;960;968;955;960;558;537132
QIWI;D;20181211;000000;962;984;962;974;1783;1738634
QIWI;D;20181212;000000;970;983.5;959;973;1010;980465
QIWI;D;20181213;000000;972;983;967.5;980;1787;1739773
QIWI;D;20181214;000000;971;982.5;968;974.5;428;416042
QIWI;D;20181217;000000;962.5;980;954;975;2055;1986889
QIWI;D;20181218;000000;960;970;951.5;963.5;625;600487
QIWI;D;20181219;000000;978.5;994;965;981.5;1855;1818816.5
QIWI;D;20181220;000000;972.5;989;967.5;969.5;1138;1110504.5
QIWI;D;20181221;000000;961.5;961.5;925;943.5;2867;2685065.5
QIWI;D;20181224;000000;921.5;933.5;890;897;2607;2365911.5
QIWI;D;20181225;000000;890;890;866.5;889;1565;1377022
QIWI;D;20181226;000000;894.5;915.5;874;915;1193;1081348.5
QIWI;D;20181227;000000;920;951.5;920;945;2425;2275709
QIWI;D;20181228;000000;939.5;949.5;924;942;1317;1234123
QIWI;D;20181229;000000;933.5;959;933.5;943;578;546224.5
QIWI;D;20190103;000000;953;965;948;948;1654;1586151
QIWI;D;20190104;000000;940;959.5;940;950;560;531711.5
QIWI;D;20190108;000000;964;969;956.5;967.5;531;512170
QIWI;D;20190109;000000;965;972.5;958;958;1079;1039678.5
QIWI;D;20190110;000000;971.5;972.5;959;968.5;845;818741.5
QIWI;D;20190111;000000;972.5;972.5;955;955;1064;1025880
QIWI;D;20190114;000000;946.5;962;940;950.5;2756;2627021.5
QIWI;D;20190115;000000;960;970;956.5;962.5;1112;1069075.5
QIWI;D;20190116;000000;968;989.5;963;982.5;4175;4068996
QIWI;D;20190117;000000;984;984.5;968;969.5;2327;2267442
QIWI;D;20190118;000000;969.5;970.5;951.5;957.5;1922;1850037
QIWI;D;20190121;000000;954.5;962;950;959.5;971;931864
QIWI;D;20190122;000000;960;984.5;950.5;972;2446;2354263.5
QIWI;D;20190123;000000;972.5;988;972.5;988;2348;2310822
QIWI;D;20190124;000000;989.5;994.5;976;990;2312;2287389.5
QIWI;D;20190125;000000;1000;1024;995;996;9237;9322145
QIWI;D;20190128;000000;1008.5;1029.5;1005;1027.5;4457;4531503.5
QIWI;D;20190129;000000;1029.5;1029.5;1015;1018.5;2573;2636453
QIWI;D;20190130;000000;1028.5;1040;1017;1026;2687;2747024.5
QIWI;D;20190131;000000;1025.5;1040;1021;1029;1415;1465295.5
QIWI;D;20190201;000000;1035.5;1068.5;1030;1059;11222;11772047
QIWI;D;20190204;000000;1073;1073;1050;1069.5;4106;4363208
QIWI;D;20190205;000000;1070;1070;1052.5;1054.5;4457;4750506
QIWI;D;20190206;000000;1059.5;1061.5;1020.5;1052;3301;3430684.5
QIWI;D;20190207;000000;1050.5;1063.5;1033;1036.5;2061;2158367
QIWI;D;20190208;000000;1037;1050;1035;1040;2157;2248328.5
QIWI;D;20190211;000000;1059;1059;1040;1053;8304;8694640
QIWI;D;20190212;000000;1052.5;1067.5;1052.5;1058.5;4080;4327233
QIWI;D;20190213;000000;1070;1072.5;961;1005;13575;13496491
QIWI;D;20190214;000000;999;1010;980;981;5460;5411235.5
QIWI;D;20190215;000000;981;1000.5;966;988;5323;5219020.5
QIWI;D;20190218;000000;983.5;983.5;951;967.5;5020;4840265.5
QIWI;D;20190219;000000;963;974;936;936.5;5751;5477465
QIWI;D;20190220;000000;957.5;967;940.5;957.5;5814;5510882.5
QIWI;D;20190221;000000;957.5;959;945.5;955.5;1552;1477264
QIWI;D;20190222;000000;945;955;933;936.5;3983;3746734
QIWI;D;20190225;000000;944;954.5;926.5;926.5;4861;4565546
QIWI;D;20190226;000000;936;959;933;939.5;6253;5886188.5
QIWI;D;20190227;000000;930;933.5;911;921;4805;4446599
QIWI;D;20190228;000000;920;920;885;902;18188;16411164.5
QIWI;D;20190301;000000;913;944;913;943;10527;9755469
QIWI;D;20190304;000000;943;943;914;918.5;3199;2982360
QIWI;D;20190305;000000;919.5;924.5;910.5;914.5;1469;1351382.5
QIWI;D;20190306;000000;920;920;903.5;911.5;4851;4426266.5
QIWI;D;20190307;000000;905;912.5;892;904.5;8315;7507239.5
QIWI;D;20190311;000000;910;918.5;900;909;3019;2750182
QIWI;D;20190312;000000;904.5;912;900;903;2933;2660460
QIWI;D;20190313;000000;900;910;881;905.5;4123;3707612.5
QIWI;D;20190314;000000;920;930;910;921;9393;8645826
QIWI;D;20190315;000000;930;940.5;930;933;7316;6848861
QIWI;D;20190318;000000;941;958.5;927.5;932;7663;7243019
QIWI;D;20190319;000000;940;943;927.5;939;3404;3185768
QIWI;D;20190320;000000;936;936;927.5;935;1522;1416317.5
QIWI;D;20190321;000000;935;935;908;925;7615;7042487
QIWI;D;20190322;000000;930;939.5;927;931;2595;2421902.5
QIWI;D;20190325;000000;929.5;934;917;923;1573;1458589
QIWI;D;20190326;000000;931;950;917;944.5;4647;4380010.5
QIWI;D;20190327;000000;944;969.5;937.5;966.5;11628;11089493
QIWI;D;20190328;000000;966;993.5;880;930;21407;20574767.5
QIWI;D;20190329;000000;935;954;915;942.5;10217;9586749
QIWI;D;20190401;000000;954;963;942.5;946;5200;4944536.5
QIWI;D;20190402;000000;948.5;959.5;948.5;952;4112;3921623
QIWI;D;20190403;000000;954;957;945.5;948.5;4479;4262081
QIWI;D;20190404;000000;944;948;934;936;3438;3233518.5
QIWI;D;20190405;000000;938;942;925.5;932.5;2767;2588255
QIWI;D;20190408;000000;937.5;946.5;929.5;931.5;4445;4153621
QIWI;D;20190409;000000;931.5;931.5;912.5;918;9014;8321390
QIWI;D;20190410;000000;918;926;895;909.5;11536;10508451.5
QIWI;D;20190411;000000;909.5;910;895;903;6070;5494984
QIWI;D;20190412;000000;911.5;916;902.5;905.5;3546;3221227.5
QIWI;D;20190415;000000;917;936;906.5;929;13573;12535525
QIWI;D;20190416;000000;938;969.5;926;940;23051;21906192
QIWI;D;20190417;000000;935;937.5;925;931;4277;3982866
QIWI;D;20190418;000000;924.5;925;905;909;18537;16885889.5
QIWI;D;20190419;000000;914;918.5;907.5;918;7793;7125004.5
QIWI;D;20190422;000000;919.5;919.5;904.5;912.5;8809;8030651.5
QIWI;D;20190423;000000;916;916;904;914;7717;7029441
QIWI;D;20190424;000000;914;915;908.5;909;1878;1710731
QIWI;D;20190425;000000;914;915.5;904;906.5;3895;3538433
QIWI;D;20190426;000000;906;911;900;905;5399;4879508.5
QIWI;D;20190429;000000;903;906;888;896;10580;9473356.5
QIWI;D;20190430;000000;899;907;890.5;900;5731;5151316
QIWI;D;20190502;000000;899.5;902.5;889;900.5;4267;3829402.5
QIWI;D;20190503;000000;900.5;905;891.5;902;5376;4831879.5
QIWI;D;20190506;000000;895;903.5;890.5;900;4612;4129882.5
QIWI;D;20190507;000000;900;902;892.5;899;2731;2453075
QIWI;D;20190508;000000;900;903.5;894;897;4824;4336108.5
QIWI;D;20190510;000000;885.5;889;811;877.5;11650;10159172
QIWI;D;20190513;000000;870;879;860;860.5;7989;6921448
QIWI;D;20190514;000000;864;866.5;850.5;860.5;9952;8558783
QIWI;D;20190515;000000;872;901.5;861;899.5;15163;13500369.5
QIWI;D;20190516;000000;899.5;977;891.5;965.5;79804;75705095.5
QIWI;D;20190517;000000;1020;1040;940.5;1003;65042;65993344
QIWI;D;20190520;000000;1004;1055;1004;1047;18917;19516242
QIWI;D;20190521;000000;1049.5;1085;1049.5;1076.5;15949;17029022.5
QIWI;D;20190522;000000;1098;1139;1055;1095;13615;14730651.5
QIWI;D;20190523;000000;1100;1118;1015;1057.5;25138;27331017
QIWI;D;20190524;000000;1045.5;1088.5;1045.5;1061;26016;27837796.5
QIWI;D;20190527;000000;1051;1069.5;1015;1046;7341;7686095.5
QIWI;D;20190528;000000;1031;1084;1031;1066.5;5518;5899540
QIWI;D;20190529;000000;1084;1085;1061.5;1079;3852;4134723
QIWI;D;20190530;000000;1083;1110;1077;1100.5;4843;5310937
QIWI;D;20190531;000000;1090;1095.5;1069;1082;4862;5258770.5
QIWI;D;20190603;000000;1081;1110;1076.5;1099;8955;9837770
QIWI;D;20190604;000000;1100;1125;1096;1119.5;16947;18925139.5
QIWI;D;20190605;000000;1110;1125;1106.5;1125;2974;3325829.5
QIWI;D;20190606;000000;1129;1136.5;1119;1131;7700;8707024.5
QIWI;D;20190607;000000;1124.5;1140;1113.5;1138.5;9050;10221134.5
QIWI;D;20190610;000000;1140;1200;1135;1200;13803;16142804.5
QIWI;D;20190611;000000;1200;1260;1200;1221.5;15928;19445862
QIWI;D;20190613;000000;1216;1229.5;1209.5;1224.5;3431;4189827.5
QIWI;D;20190614;000000;1210.5;1234.5;1210.5;1225;8511;10383351.5
QIWI;D;20190617;000000;1230;1247.5;1151.5;1200;8219;9975791.5
QIWI;D;20190618;000000;1199.5;1222;1180;1215;6018;7209164
QIWI;D;20190619;000000;1231.5;1251;1217;1250;16234;20174321
QIWI;D;20190620;000000;1260.5;1300;1260.5;1264;12715;16282460
QIWI;D;20190621;000000;1278.5;1285;1240.5;1270.5;4229;5306510.5
QIWI;D;20190624;000000;1284;1311;1264;1270.5;11354;14729128
QIWI;D;20190625;000000;1284.5;1292.5;1204;1250;5662;7158115.5
QIWI;D;20190626;000000;1236.5;1260;1155;1254.5;7543;9273587
QIWI;D;20190627;000000;1263.5;1288;1261;1270;5308;6772648.5
QIWI;D;20190628;000000;1264;1274;1242.5;1250.5;2848;3578595
QIWI;D;20190701;000000;1256.5;1256.5;1218;1244;5867;7290206.5
QIWI;D;20190702;000000;1239.5;1243.5;1216;1231.5;2967;3650518.5
QIWI;D;20190703;000000;1239.5;1256;1239.5;1250.5;3607;4509932.5
QIWI;D;20190704;000000;1245.5;1269.5;1245.5;1261.5;2998;3769952.5
QIWI;D;20190705;000000;1264.5;1278;1251.5;1268;5259;6634169
QIWI;D;20190708;000000;1272.5;1295;1271;1293;6054;7785163
QIWI;D;20190709;000000;1287.5;1294.5;1260;1268;5387;6857475
QIWI;D;20190710;000000;1295.5;1299.5;1270.5;1290;5214;6717465
QIWI;D;20190711;000000;1295.5;1299.5;1266.5;1273.5;4778;6141672
QIWI;D;20190712;000000;1289;1289;1245.5;1267;3766;4738110.5
QIWI;D;20190715;000000;1284;1285;1261.5;1265.5;3228;4112539
QIWI;D;20190716;000000;1285.5;1285.5;1252.5;1253;3249;4139731
QIWI;D;20190717;000000;1253;1273;1230;1230.5;5252;6559059
QIWI;D;20190718;000000;1247.5;1263;1227.5;1250.5;2969;3693758
QIWI;D;20190719;000000;1249;1252.5;1239;1239;1842;2294678
QIWI;D;20190722;000000;1259;1259.5;1231;1231;2598;3242182.5
QIWI;D;20190723;000000;1230.5;1270;1122.5;1255;10707;13004899
QIWI;D;20190724;000000;1271.5;1298.5;1265;1274;10808;13903811
QIWI;D;20190725;000000;1277.5;1324.5;1277.5;1319.5;13837;18061174.5
QIWI;D;20190726;000000;1327.5;1415;1326;1400;25600;34989253.5
QIWI;D;20190729;000000;1403.5;1403.5;1340;1359;12199;16718002.5
QIWI;D;20190730;000000;1369;1369;1320.5;1344.5;4031;5378254.5
QIWI;D;20190731;000000;1311;1388;1300.5;1388;4291;5778926
QIWI;D;20190801;000000;1371;1448;1366;1420;9535;13395498.5
QIWI;D;20190802;000000;1392.5;1402.5;1325;1344.5;9312;12728455.5
QIWI;D;20190805;000000;1326;1327;1252;1300;8593;11137171
QIWI;D;20190806;000000;1299;1300;1261;1271.5;6103;7824637
QIWI;D;20190807;000000;1281;1304.5;1281;1293;5915;7646185.5
QIWI;D;20190808;000000;1319.5;1347.5;1287.5;1318;4212;5535975
QIWI;D;20190809;000000;1318;1319.5;1276;1296;4771;6171094.5
QIWI;D;20190812;000000;1300.5;1320;1231;1243;10142;12849111.5
QIWI;D;20190813;000000;1237;1269.5;1210;1242;7613;9388651.5
QIWI;D;20190814;000000;1258.5;1258.5;1232;1242.5;2110;2618493.5
QIWI;D;20190815;000000;1244;1258.5;1213.5;1239;2745;3396328.5
QIWI;D;20190816;000000;1247.5;1247.5;1231.5;1241.5;2223;2758010.5
QIWI;D;20190819;000000;1252.5;1541.5;1252.5;1541.5;87481;127983717
QIWI;D;20190820;000000;1550;1629.5;1427.5;1464;40450;62739430
QIWI;D;20190821;000000;1481.5;1543.5;1481.5;1509.5;11921;18049884.5
QIWI;D;20190822;000000;1519.5;1526;1482;1501;3623;5437607
QIWI;D;20190823;000000;1545.5;1616;1522.5;1571.5;14489;22571889.5
QIWI;D;20190826;000000;1569.5;1570;1520.5;1563;7275;11211801
QIWI;D;20190827;000000;1532;1578.5;1525;1578.5;8801;13616852.5
QIWI;D;20190828;000000;1585;1605;1560.5;1592;11678;18572114
QIWI;D;20190829;000000;1552;1630;1551.5;1604;6818;10870741.5
QIWI;D;20190830;000000;1600;1660;1600;1650;7586;12364722
QIWI;D;20190902;000000;1593;1644.5;1593;1607.5;6656;10757033
QIWI;D;20190903;000000;1627.5;1644;1610;1644;10092;16435580.5
QIWI;D;20190904;000000;1636.5;1660;1620;1643;3071;5043424
QIWI;D;20190905;000000;1639;1658;1615;1641;1810;2966783
QIWI;D;20190906;000000;1638;1641.5;1600.5;1618.5;7362;11913465
QIWI;D;20190909;000000;1618.5;1639.5;1469.5;1541;9649;15044551.5
QIWI;D;20190910;000000;1538.5;1600;1480.5;1515;3569;5379211.5
QIWI;D;20190911;000000;1529.5;1540;1500.5;1503;4555;6941750.5
QIWI;D;20190912;000000;1505;1528;1497;1503.5;4842;7313400.5
QIWI;D;20190913;000000;1510.5;1518.5;1470;1470;8200;12178767.5
QIWI;D;20190916;000000;1472.5;1498;1427;1445;8370;12222904
QIWI;D;20190917;000000;1452.5;1467;1432.5;1454.5;2946;4284296
QIWI;D;20190918;000000;1457;1460;1430;1437;3758;5454243
QIWI;D;20190919;000000;1438.5;1500;1411;1470;4469;6488650
QIWI;D;20190920;000000;1498;1528;1486.5;1506.5;10004;15062566
QIWI;D;20190923;000000;1499.5;1528;1470;1512.5;5158;7727984
QIWI;D;20190924;000000;1522.5;1524.5;1450;1459;5661;8423335.5
QIWI;D;20190925;000000;1468.5;1474.5;1423.5;1432;2197;3164798.5
QIWI;D;20190926;000000;1450;1483.5;1441;1456;4485;6548914.5
QIWI;D;20190927;000000;1456;1463;1432;1435;1884;2730444
QIWI;D;20190930;000000;1415;1415.5;1381;1400;3523;4931707.5
QIWI;D;20191001;000000;1405.5;1433.5;1400;1405.5;3639;5183088.5
QIWI;D;20191002;000000;1408.5;1409.5;1325;1343;4217;5785654
QIWI;D;20191003;000000;1358.5;1370;1316;1347;3238;4355312.5
QIWI;D;20191004;000000;1358.5;1392;1340;1387.5;1861;2538852
QIWI;D;20191007;000000;1327.5;1455.5;1327.5;1436;5040;7163777.5
QIWI;D;20191008;000000;1432.5;1457.5;1376;1436.5;2428;3475811.5
QIWI;D;20191009;000000;1419;1428;1402.5;1413.5;869;1230328
QIWI;D;20191010;000000;1431;1431.5;1393;1407.5;1328;1875351
QIWI;D;20191011;000000;1392.5;1394;1287.5;1309;12932;17247866.5
QIWI;D;20191014;000000;1301.5;1326;1286;1309;4330;5654125.5
QIWI;D;20191015;000000;1318.5;1324;1210;1254;15529;19336007
QIWI;D;20191016;000000;1259.5;1275;1175;1198.5;11791;14386097.5
QIWI;D;20191017;000000;1189;1189;1143;1150.5;15503;18116442
QIWI;D;20191018;000000;1150;1215.5;1150;1169.5;17510;20531620.5
QIWI;D;20191021;000000;1174;1237.5;1150;1154;36591;43494193
QIWI;D;20191022;000000;1159.5;1187;1133.5;1149;28839;33502814.5
QIWI;D;20191023;000000;1149;1150;1115;1149;20755;23580452.5
QIWI;D;20191024;000000;1149;1180;1133.5;1160;11769;13618992
QIWI;D;20191025;000000;1159.5;1175;1136;1147;10564;12218695.5
QIWI;D;20191028;000000;1140.5;1162;1140.5;1159.5;4923;5671268.5
QIWI;D;20191029;000000;1159.5;1180.5;1157;1175.5;8998;10557160.5
QIWI;D;20191030;000000;1186.5;1214;1176.5;1204;27040;32490905.5
QIWI;D;20191031;000000;1210;1240;1200.5;1239;26993;33107767.5
QIWI;D;20191101;000000;1241;1274.5;1240.5;1253;22262;27948594.5
QIWI;D;20191105;000000;1218;1238;1182;1195.5;57104;69283468.5
QIWI;D;20191106;000000;1189;1214;1181.5;1199.5;33362;40014646.5
QIWI;D;20191107;000000;1197.5;1202.5;1182.5;1195;31167;37238044
QIWI;D;20191108;000000;1195.5;1215;1184.5;1192.5;20934;25121028.5
QIWI;D;20191111;000000;1194;1213.5;1183;1209.5;20753;24925663
QIWI;D;20191112;000000;1209;1222;1195.5;1210;19820;24054089.5
QIWI;D;20191113;000000;1218;1220;1205;1220;8169;9912076
QIWI;D;20191114;000000;1219.5;1219.5;1203;1210;6727;8159764
QIWI;D;20191115;000000;1214;1252;1212;1248.5;21149;25977239.5
QIWI;D;20191118;000000;1254;1273;1244;1256;25449;32030184.5
QIWI;D;20191119;000000;1260;1350;1260;1300;71685;93693940.5
QIWI;D;20191120;000000;1312;1389;1233;1243.5;228732;298753289.5
QIWI;D;20191121;000000;1244;1276.5;1200.5;1214.5;85388;105959172.5
QIWI;D;20191122;000000;1229;1245;1200;1221;40842;49808551.5
QIWI;D;20191125;000000;1251;1290.5;1202;1259;129359;161590209
QIWI;D;20191126;000000;1261.5;1290;1242.5;1290;56122;71011919
QIWI;D;20191127;000000;1295.5;1600;1278;1294;53543;69838625
QIWI;D;20191128;000000;1294;1294;1270;1277;14378;18430486.5
QIWI;D;20191129;000000;1265;1286;1252;1270;18663;23645684.5
QIWI;D;20191202;000000;1285;1285;1256;1258;11739;14947067.5
QIWI;D;20191203;000000;1256.5;1264;1230;1257.5;13986;17463941
QIWI;D;20191204;000000;1270.5;1280;1263.5;1269;11900;15142823
QIWI;D;20191205;000000;1268.5;1278.5;1247.5;1268;7728;9756985
QIWI;D;20191206;000000;1270;1279.5;1258;1276;12199;15473703.5
QIWI;D;20191209;000000;1285.5;1302;1272.5;1297.5;33470;43251360.5
QIWI;D;20191210;000000;1310;1313.5;1281;1287;8994;11631610.5
QIWI;D;20191211;000000;1290;1294.5;1280;1283;7014;9021646
QIWI;D;20191212;000000;1280.5;1285.5;1271.5;1275;11715;14997622
QIWI;D;20191213;000000;1295;1320;1287;1320;52725;68774182.5
QIWI;D;20191216;000000;1330;1349;1326;1339.5;19507;26089590
QIWI;D;20191217;000000;1325.5;1332.5;1311;1318;12817;16935526
QIWI;D;20191218;000000;1329;1334;1217;1255;123218;155682926
QIWI;D;20191219;000000;1250;1275;1200.5;1202.5;150767;185075811
QIWI;D;20191220;000000;1197.5;1236.5;1178;1221.5;82829;100738831.5
QIWI;D;20191223;000000;1231.5;1234;1185.5;1195;85701;103391634.5
QIWI;D;20191224;000000;1191;1211;1180;1182;55226;65916701.5
QIWI;D;20191225;000000;1180.5;1185.5;1170;1175;31677;37257020.5
QIWI;D;20191226;000000;1179;1197;1170;1195;30147;35699545.5
QIWI;D;20191227;000000;1199.5;1212;1190;1196;38045;45740264
QIWI;D;20191230;000000;1196;1201;1181;1185;35011;41733252
QIWI;D;20200103;000000;1188.5;1201.5;1182;1186.5;25954;30965755.5
QIWI;D;20200106;000000;1181;1187.5;1163.5;1174.5;21425;25244480
QIWI;D;20200108;000000;1170;1170;1150.5;1156;53675;62217417.5
QIWI;D;20200109;000000;1160;1192.5;1152.5;1181;47536;55996571.5
QIWI;D;20200110;000000;1176;1199.5;1176;1184;49057;58303582
QIWI;D;20200113;000000;1198.5;1235;1192.5;1234;97260;118305771
QIWI;D;20200114;000000;1233.5;1260;1221;1230;93951;117065836
QIWI;D;20200115;000000;1225;1228;1202;1206;65209;79121560
QIWI;D;20200116;000000;1209;1225;1209;1214;41073;50017916
QIWI;D;20200117;000000;1220;1233;1212;1230;43999;53750202.5
QIWI;D;20200120;000000;1231.5;1239.5;1230;1234;31085;38372469
QIWI;D;20200121;000000;1235;1235;1215.5;1223;33168;40614413
QIWI;D;20200122;000000;1230;1240;1225;1234;43274;53316323.5
QIWI;D;20200123;000000;1234;1234;1206;1234;28130;34468515.5
QIWI;D;20200124;000000;1235.5;1241.5;1230.5;1235;31870;39403349.5
QIWI;D;20200127;000000;1218;1218.5;1175;1178;64292;76784195
QIWI;D;20200128;000000;1176;1195.5;1170;1183.5;43218;51192201.5
QIWI;D;20200129;000000;1185;1212;1184;1205;29915;35997283
QIWI;D;20200130;000000;1199;1200;1180;1193;21921;26170852.5
QIWI;D;20200131;000000;1200;1201.5;1188.5;1189;27028;32247486.5
QIWI;D;20200203;000000;1185;1189;1165;1176;23929;28160295
QIWI;D;20200204;000000;1183;1195;1178;1192.5;19792;23456999
QIWI;D;20200205;000000;1200;1210;1192;1200;37821;45511831.5
QIWI;D;20200206;000000;1209.5;1216;1200;1212;34851;42141172
QIWI;D;20200207;000000;1213;1221;1202;1215;24573;29768760.5
QIWI;D;20200210;000000;1220;1244;1211;1236.5;33954;41734309
QIWI;D;20200211;000000;1236;1239;1222;1233;19748;24311451.5
QIWI;D;20200212;000000;1235;1251.5;1232.5;1245;42707;52994519
QIWI;D;20200213;000000;1245;1271;1245;1267.5;53901;67766859.5
QIWI;D;20200214;000000;1280;1298.5;1280;1296.5;50462;65059026
QIWI;D;20200217;000000;1286;1291.5;1192.5;1289;32574;41638869.5
QIWI;D;20200218;000000;1289;1308;1256.5;1305;46369;59603736
QIWI;D;20200219;000000;1305.5;1322;1286.5;1317;37867;49451549.5
QIWI;D;20200220;000000;1324;1340;1317.5;1334.5;43931;58414353.5
QIWI;D;20200221;000000;1330;1335;1306;1310;31719;41921129.5
QIWI;D;20200225;000000;1240;1272;1211;1217.5;89991;111890311
QIWI;D;20200226;000000;1230;1237.5;1185.5;1220.5;49563;60103953.5
QIWI;D;20200227;000000;1209.5;1226.5;1182;1198.5;36826;44264972.5
QIWI;D;20200228;000000;1190;1203;1140;1172.5;64686;75686160.5
QIWI;D;20200302;000000;1180;1214;1153;1175;37860;44942340
QIWI;D;20200303;000000;1189.5;1202;1176;1186.5;30131;35854305
QIWI;D;20200304;000000;1180;1197;1175;1189;9603;11408937
QIWI;D;20200305;000000;1196;1210;1181.5;1201;26514;31749281.5
QIWI;D;20200306;000000;1200;1201.5;1162;1195.5;34045;40302023
QIWI;D;20200310;000000;1149;1185;975;1105.5;50539;56997498.5
QIWI;D;20200311;000000;1129.5;1135.5;1090;1096.5;33609;37506675
QIWI;D;20200312;000000;1086.5;1086.5;950;953;45115;44385322
QIWI;D;20200313;000000;953;1050;900;974;38339;37971169
QIWI;D;20200316;000000;970;980;845;864.5;61486;54261874
QIWI;D;20200317;000000;873;926.5;847;871.5;44229;39589117
QIWI;D;20200318;000000;865;890;810;847;24188;20499964
QIWI;D;20200319;000000;828;859.5;790;809;88288;72162914
QIWI;D;20200320;000000;825;859;801.5;812.5;90666;75186770.5
QIWI;D;20200323;000000;812;833;794.5;799.5;61062;49333098.5
QIWI;D;20200324;000000;819.5;879.5;795;804;263571;215184613
QIWI;D;20200325;000000;810;836.5;780;797.5;280191;225373024
QIWI;D;20200326;000000;790;800;785;798.5;99361;78807839
QIWI;D;20200327;000000;830.5;830.5;797;812;176852;143874826.5
QIWI;D;20200330;000000;812;890;801;877.5;183585;154716062.5
QIWI;D;20200331;000000;877.5;888;857;881;99628;87345278
QIWI;D;20200401;000000;879.5;879.5;833.5;838;119193;101297005
QIWI;D;20200402;000000;839.5;857.5;818;830;133528;111478138
QIWI;D;20200403;000000;816.5;829;815.5;823;62648;51637162.5
QIWI;D;20200406;000000;828;846.5;823.5;842.5;80461;67176567.5
QIWI;D;20200407;000000;856;889;852;874;185862;162294051.5
QIWI;D;20200408;000000;874;886;866;874.5;70876;62033403.5
QIWI;D;20200409;000000;883;888;865.5;875;72187;63326401.5
QIWI;D;20200410;000000;877;885;877;883.5;28055;24752298
QIWI;D;20200413;000000;884.5;913;870.5;878.5;76768;68153819
QIWI;D;20200414;000000;890.5;935;883.5;935;81474;73753627.5
QIWI;D;20200415;000000;939.5;954;905.5;905.5;110852;102393033.5
QIWI;D;20200416;000000;900;916;880;902.5;93566;83970695
QIWI;D;20200417;000000;915;918.5;900.5;905;40386;36725254
QIWI;D;20200420;000000;910.5;916;892.5;900.5;26102;23580534
QIWI;D;20200421;000000;888;891;858;883;63461;55469021.5
QIWI;D;20200422;000000;880;905.5;870;897;35701;31837185
QIWI;D;20200423;000000;905.5;920;894.5;915;36321;33044818
QIWI;D;20200424;000000;920;920;883;891;32759;29627097.5
QIWI;D;20200427;000000;893.5;909;887;902.5;38801;34882986
QIWI;D;20200428;000000;907;918;900;901;45354;41245283
QIWI;D;20200429;000000;900;923;896;918;48478;44132784
QIWI;D;20200430;000000;934;953.5;916;925.5;53712;50237103.5
QIWI;D;20200504;000000;936;974;919;921.5;103473;98054375
QIWI;D;20200505;000000;934.5;945;925;935.5;39614;37002094
QIWI;D;20200506;000000;937;945;927;932;22457;20980878.5
QIWI;D;20200507;000000;926.5;933;910;910;42768;39403291.5
QIWI;D;20200508;000000;924;940;924;930.5;40420;37718714
QIWI;D;20200512;000000;964.5;967;947;962.5;54487;52272295.5
QIWI;D;20200513;000000;957.5;957.5;915;915;61973;57663782.5
QIWI;D;20200514;000000;910.5;911;862;878;126420;112165172
QIWI;D;20200515;000000;885;910;880;889.5;49202;44139533.5
QIWI;D;20200518;000000;900.5;949;900.5;940;73654;68319964.5
QIWI;D;20200519;000000;950;1007;930.5;1007;102671;98986223
QIWI;D;20200520;000000;1010.5;1084;985;999.5;279182;289919293
QIWI;D;20200521;000000;988.5;1015;971;994;104466;104174097.5
QIWI;D;20200522;000000;990;1006.5;972;996.5;55048;54465897
QIWI;D;20200525;000000;997;1005;986.5;1001;25700;25705948
QIWI;D;20200526;000000;1008;1025;995;1019.5;73579;74601765
QIWI;D;20200527;000000;1019.5;1029.5;992.5;1003;56925;57413298
QIWI;D;20200528;000000;1008.5;1015;992.5;996;64369;64408996
QIWI;D;20200529;000000;997.5;1004.5;978;981;44044;43545507.5
QIWI;D;20200601;000000;978;992.5;974.5;974.5;49289;48462244
QIWI;D;20200602;000000;975;999;974.5;991.5;51780;51072461.5
QIWI;D;20200603;000000;995;1003;990;996;51868;51751588
QIWI;D;20200604;000000;1002.5;1009.5;985;995;34373;34254309
QIWI;D;20200605;000000;993;1013;990;1005;41440;41511657
QIWI;D;20200608;000000;1010;1026;996.5;1025;56698;57451280
QIWI;D;20200609;000000;1046;1049;1018;1042.5;50690;52437164
QIWI;D;20200610;000000;1042.5;1042.5;1013;1024;29700;30592664
QIWI;D;20200611;000000;1012.5;1012.5;980;999;36835;36755774
QIWI;D;20200615;000000;981;986.5;962;983.5;42393;41364624
QIWI;D;20200616;000000;990;1012;989.5;1005.5;34481;34507281
QIWI;D;20200617;000000;1010;1030;1007;1029;39765;40559986.5
QIWI;D;20200618;000000;1073;1130;1040.5;1106;217186;234768105
QIWI;D;20200619;000000;1110.5;1220;1110.5;1212;176015;205054485.5
QIWI;D;20200622;000000;1200;1200;1143.5;1186;76371;89590960
QIWI;D;20200623;000000;1185;1214.5;1171;1199;59038;70413589.5
QIWI;D;20200625;000000;1210;1244;1210;1225;74276;91117439.5
QIWI;D;20200626;000000;1222.5;1224.5;1200.5;1220;54298;65922302.5
QIWI;D;20200629;000000;1205;1222;1188.5;1219.5;38695;46642996.5
QIWI;D;20200630;000000;1208.5;1230;1202.5;1229.5;29729;36172991
QIWI;D;20200702;000000;1228;1260;1227.5;1253;38651;48168368.5
QIWI;D;20200703;000000;1260.5;1294;1260;1273.5;28970;37059987.5
QIWI;D;20200706;000000;1290;1342;1273.5;1339.5;65388;85693158.5
QIWI;D;20200707;000000;1349;1349;1300;1320;37771;49914250
QIWI;D;20200708;000000;1321;1325;1251.5;1254;40343;51831867.5
QIWI;D;20200709;000000;1270;1294;1257;1277.5;37210;47327400
QIWI;D;20200710;000000;1280;1304;1278;1283.5;18211;23499321
QIWI;D;20200713;000000;1299.5;1310;1271.5;1304;26045;33607378
QIWI;D;20200714;000000;1294;1300;1256;1272;19962;25467483.5
QIWI;D;20200715;000000;1289;1319;1267;1302.5;31442;40883694
QIWI;D;20200716;000000;1325;1325;1285.5;1313;23326;30435408.5
QIWI;D;20200717;000000;1319;1331;1312.5;1320.5;19269;25452410
QIWI;D;20200720;000000;1330;1344.5;1307.5;1340;23704;31477284.5
QIWI;D;20200721;000000;1338.5;1338.5;1201;1205;264399;332104481.5
QIWI;D;20200722;000000;1232.5;1365;1232.5;1338;297928;389973821.5
QIWI;D;20200723;000000;1340;1346.5;1292;1326;79699;104849557
QIWI;D;20200724;000000;1327;1345.5;1299;1305;25722;33889155
QIWI;D;20200727;000000;1330;1330;1299;1311;33425;43951812.5
QIWI;D;20200728;000000;1311;1330.5;1295.5;1330.5;35667;46836035.5
QIWI;D;20200729;000000;1330.5;1387;1321.5;1370;53088;72030443
QIWI;D;20200730;000000;1391;1415;1355.5;1387.5;32514;44864118
QIWI;D;20200731;000000;1400;1447;1391.5;1437;35414;50394557
QIWI;D;20200803;000000;1437;1480.5;1416;1435;43762;63348538.5
QIWI;D;20200804;000000;1438;1442.5;1415;1434.5;21343;30420811
QIWI;D;20200805;000000;1454.5;1454.5;1426;1447.5;18555;26766688
QIWI;D;20200806;000000;1460;1464;1420;1459;24854;36010252
QIWI;D;20200807;000000;1465;1503.5;1441.5;1494.5;36619;54204314.5
QIWI;D;20200810;000000;1500;1534.5;1465;1501;46575;70557591.5
QIWI;D;20200811;000000;1502;1551.5;1440;1455;63581;94556818
QIWI;D;20200812;000000;1469.5;1476.5;1377;1435;48459;69891787
QIWI;D;20200813;000000;1459.5;1481;1440.5;1472;49038;71765226.5
QIWI;D;20200814;000000;1461.5;1472;1449;1449;25395;37062528
QIWI;D;20200817;000000;1440.5;1451;1423;1438.5;38975;56205914.5
QIWI;D;20200818;000000;1464.5;1470;1440.5;1449;17323;25168180
QIWI;D;20200819;000000;1470;1521;1405;1414.5;184044;269829976.5
QIWI;D;20200820;000000;1409.5;1470;1397;1420;115703;165341228
QIWI;D;20200821;000000;1435;1463;1404.5;1409.5;66533;94516201
QIWI;D;20200824;000000;1409.5;1429.5;1390;1393;49911;70485440
QIWI;D;20200825;000000;1395;1409.5;1389;1393;31597;44236243
QIWI;D;20200826;000000;1399.5;1418;1365.5;1371;51365;71298173
QIWI;D;20200827;000000;1384;1403.5;1347.5;1352.5;72965;100731452.5
QIWI;D;20200828;000000;1358.5;1366.5;1325;1337.5;45596;61219293
QIWI;D;20200831;000000;1349.5;1390;1325.5;1331.5;53467;72545206.5
QIWI;D;20200901;000000;1342;1369.5;1260;1300;121776;160229340
QIWI;D;20200902;000000;1309;1319.5;1266.5;1275.5;54671;70749034.5
QIWI;D;20200903;000000;1253.5;1278;1222;1229.5;61780;77073548
QIWI;D;20200904;000000;1225;1248.5;1204;1219.5;42604;52333372.5
QIWI;D;20200907;000000;1229.5;1267.5;1210;1247;49117;60945682
QIWI;D;20200908;000000;1250;1265;1213;1226.5;47683;59033476.5
QIWI;D;20200909;000000;1229.5;1229.5;1194.5;1206.5;50424;60811421
QIWI;D;20200910;000000;1224.5;1224.5;1200.5;1218;22394;27139141.5
QIWI;D;20200911;000000;1207;1239.5;1192;1192.5;65391;79190635.5
QIWI;D;20200914;000000;1202;1209;1177.5;1191.5;66599;79407653.5
QIWI;D;20200915;000000;1198;1233;1190.5;1230;47652;57603263.5
QIWI;D;20200916;000000;1240;1270;1232.5;1241.5;57102;71607886.5
QIWI;D;20200917;000000;1242;1275;1217.5;1275;108490;135573506
QIWI;D;20200918;000000;1258;1260;1240;1240;75643;94351059.5
QIWI;D;20200921;000000;1222.5;1248.5;1202;1231;64590;78926749
QIWI;D;20200922;000000;1231;1245;1204;1245;45683;56254742
QIWI;D;20200923;000000;1232;1309;1232;1289;107331;136647846.5
QIWI;D;20200924;000000;1288.5;1296.5;1230;1292;41254;52740767
QIWI;D;20200925;000000;1294.5;1355;1262;1349.5;101768;134505554
QIWI;D;20200928;000000;1349;1378;1321;1370;76105;103662486
QIWI;D;20200929;000000;1362.5;1390;1350.5;1377;69465;95350850.5
QIWI;D;20200930;000000;1382.5;1382.5;1340.5;1345;29794;40642544
QIWI;D;20201001;000000;1358.5;1359.5;1325.5;1346.5;29394;39443271.5
QIWI;D;20201002;000000;1337.5;1368;1304;1355.5;29664;39576279.5
QIWI;D;20201005;000000;1369;1369;1350.5;1351.5;17362;23594148.5
QIWI;D;20201006;000000;1351.5;1369;1340.5;1350.5;27084;36726108.5
QIWI;D;20201007;000000;1350.5;1354;1312.5;1340.5;22672;30280960
QIWI;D;20201008;000000;1340.5;1359;1325;1347.5;13601;18205255
QIWI;D;20201009;000000;1340.5;1352.5;1287;1310.5;33203;43857696
QIWI;D;20201012;000000;1319.5;1340;1299;1324;22304;29511326
QIWI;D;20201013;000000;1329.5;1333.5;1300;1322.5;19792;26109110.5
QIWI;D;20201014;000000;1329.5;1330;1290;1305;27850;36500089.5
QIWI;D;20201015;000000;1312;1312;1261;1274;27399;35103292.5
QIWI;D;20201016;000000;1285;1290;1250.5;1265.5;26096;33067201.5
QIWI;D;20201019;000000;1283;1288;1227;1236;33411;42173114
QIWI;D;20201020;000000;1250;1333;1210.5;1220;54790;67597338.5
QIWI;D;20201021;000000;1233;1233;1202;1213;26465;32255886
QIWI;D;20201022;000000;1214.5;1236.5;1196.5;1206;43823;53293234.5
QIWI;D;20201023;000000;1210;1225;1190;1203;46701;56186588
QIWI;D;20201026;000000;1198;1209;1151;1169;65467;76941520
QIWI;D;20201027;000000;1171;1171;1150;1158.5;40639;47110211
QIWI;D;20201028;000000;1160;1169;1123.5;1162;37024;42164994.5
QIWI;D;20201029;000000;1152;1220.5;1152;1217.5;39938;47689708
QIWI;D;20201030;000000;1204;1209;1150;1169;31200;36681254.5
QIWI;D;20201102;000000;1169;1210;1152;1191;36599;43231091
QIWI;D;20201103;000000;1199.5;1218;1175;1186;28296;33824107.5
QIWI;D;20201105;000000;1203.5;1242.5;1203.5;1220.5;43764;53480968.5
QIWI;D;20201106;000000;1213;1229.5;1201;1222;38408;46591196
QIWI;D;20201109;000000;1235;1264;1211;1238;72465;89581231.5
QIWI;D;20201110;000000;1237.5;1242.5;1206;1225;24489;30080752
QIWI;D;20201111;000000;1230;1253;1222;1232;35676;44097337.5
QIWI;D;20201112;000000;1225.5;1242;1225.5;1237;14868;18398822.5
QIWI;D;20201113;000000;1240;1263;1232;1242;28881;35994403
QIWI;D;20201116;000000;1247;1284.5;1247;1282.5;59977;75909206.5
QIWI;D;20201117;000000;1276;1294.5;1261;1275;32003;40854560
QIWI;D;20201118;000000;1280;1288;1266;1274;33223;42489853.5
QIWI;D;20201119;000000;1280;1315;1155;1160.5;566310;687093834.5
QIWI;D;20201120;000000;1178.5;1209.5;1152;1157;406379;479828390.5
QIWI;D;20201123;000000;1168;1185;1105;1122;382285;437947281
QIWI;D;20201124;000000;1130;1133;1100;1100;299543;333355451
QIWI;D;20201125;000000;1105;1126.5;1097;1117;228334;253926607.5
QIWI;D;20201126;000000;1116;1149;1116;1148;116284;131754519.5
QIWI;D;20201127;000000;1138;1150;1120;1131;217520;247454452.5
QIWI;D;20201130;000000;1109;1122.5;1100;1111;154995;172161864.5
QIWI;D;20201201;000000;1118;1124.5;1110;1115.5;89346;99804876
QIWI;D;20201202;000000;1119;1122.5;1100.5;1106;90075;100080593
QIWI;D;20201203;000000;1112.5;1119;1085;1088.5;177820;195942434.5
QIWI;D;20201204;000000;1096.5;1096.5;1065;1079.5;125819;136085933.5
QIWI;D;20201207;000000;1079.5;1093;1036;1064;129670;139159729.5
QIWI;D;20201208;000000;1065;1071;1042.5;1051.5;104558;110327495.5
QIWI;D;20201209;000000;1050;1105.5;1015;1015;371645;390740455
QIWI;D;20201210;000000;943.5;990;763.5;800;4936738;4133250533
QIWI;D;20201211;000000;812;861;804;821;3313043;2762784782.5
QIWI;D;20201214;000000;825;843;791;806;1251198;1011087711.5
QIWI;D;20201215;000000;808;810;771.5;784.5;923866;731629369.5
QIWI;D;20201216;000000;786.5;793;760;772;832087;646638379.5
QIWI;D;20201217;000000;769;769;732;756;1233989;922169902.5
QIWI;D;20201218;000000;753.5;787;745;746.5;740500;566467744.5
QIWI;D;20201221;000000;751;766.5;733.5;749;627168;469877939
QIWI;D;20201222;000000;759;784.5;752;782;505781;388949184.5
QIWI;D;20201223;000000;781;804;778;779;631991;500744245.5
QIWI;D;20201224;000000;784;795;762.5;778.5;558833;436560365.5
QIWI;D;20201225;000000;783;784.5;775.5;784;181260;141634510.5
QIWI;D;20201228;000000;783;792;754;759.5;717237;552576135
QIWI;D;20201229;000000;763.5;769.5;754.5;760;359723;273181574.5
QIWI;D;20201230;000000;759;764;755;762;229107;174256451.5
QIWI;D;20210104;000000;766;779;759;766;359471;276376424
QIWI;D;20210105;000000;767;782.5;763;779;215658;166579083.5
QIWI;D;20210106;000000;777;789.5;770;771.5;359370;280123740.5
QIWI;D;20210108;000000;775;782;773.5;778;277208;215640019
QIWI;D;20210111;000000;775.5;792.5;770.5;771.5;654831;512411155.5
QIWI;D;20210112;000000;781.5;781.5;755.5;767.5;582447;447275434.5
QIWI;D;20210113;000000;767.5;777;761;776;211976;163065845.5
QIWI;D;20210114;000000;775;789.5;770;780;298490;232450536.5
QIWI;D;20210115;000000;780;785;761;761.5;354275;273872700
QIWI;D;20210118;000000;768.5;774;763.5;773;150252;115787182
QIWI;D;20210119;000000;775.5;779.5;768.5;774.5;210908;163230407
QIWI;D;20210120;000000;779;779.5;770.5;775;144701;112200645
QIWI;D;20210121;000000;774.5;777;766;771;191724;147775585.5
QIWI;D;20210122;000000;769;778.5;765;776;199361;153445547
QIWI;D;20210125;000000;774;778;757;770.5;194114;149457426
QIWI;D;20210126;000000;770;772;763.5;768;131688;101062841
QIWI;D;20210127;000000;766.5;770.5;756;757;206506;157478051.5
QIWI;D;20210128;000000;758;765;750.5;753.5;202528;152951081.5
QIWI;D;20210129;000000;755.5;756;739;740.5;281906;210863121
QIWI;D;20210201;000000;749;754.5;744;752.5;168036;125878654.5
QIWI;D;20210202;000000;754;775.5;751.5;764.5;274867;209746957.5
QIWI;D;20210203;000000;769.5;781;763;778.5;284523;219858035.5
QIWI;D;20210204;000000;776.5;783;773;782.5;219283;170618993
QIWI;D;20210205;000000;782;788.5;771.5;776.5;200311;156529121
QIWI;D;20210208;000000;773;826;771.5;815.5;933893;751301518.5
QIWI;D;20210209;000000;811.5;927;811.5;857.5;4666264;4096537288.5
QIWI;D;20210210;000000;861.5;884.5;829;851;1280893;1094313598
QIWI;D;20210211;000000;849.5;883;837;868;572658;492785523.5
QIWI;D;20210212;000000;870;880;853.5;876.5;510662;443418179
QIWI;D;20210215;000000;881;894.5;876.5;887.5;471893;418013834
QIWI;D;20210216;000000;896;908.5;867;874.5;1026015;913340199
QIWI;D;20210217;000000;875.5;881;838;862;619150;530802868.5
QIWI;D;20210218;000000;862;862;824;836;516491;433391029
QIWI;D;20210219;000000;839.5;853;825;848.5;277409;232753955.5
QIWI;D;20210220;000000;847;853.5;835.5;844.5;62049;52337722
QIWI;D;20210222;000000;844.5;848.5;825;826.5;140562;117728109
QIWI;D;20210224;000000;826;826;808;809;383632;312982918
QIWI;D;20210225;000000;815;824;791;806.5;263403;212619834
QIWI;D;20210226;000000;805;834.5;782.5;806;543287;440429777
QIWI;D;20210301;000000;810.5;821.5;808;816;138006;112387574
QIWI;D;20210302;000000;817.5;824;811;820;139845;114427997
QIWI;D;20210303;000000;823;828.5;800.5;807;244356;199196666.5
QIWI;D;20210304;000000;808;809;778;786.5;353839;280449403
QIWI;D;20210305;000000;792;803.5;766;801;317988;249798250
QIWI;D;20210309;000000;800;808;792;807;243192;195527140
QIWI;D;20210310;000000;807;817;796;809;271203;219378470
QIWI;D;20210311;000000;811;844;806;808;630238;517934813.5
QIWI;D;20210312;000000;811;822;806;818;514019;418275191.5
QIWI;D;20210315;000000;818;828.5;810.5;825;294134;240917609
QIWI;D;20210316;000000;826;830;811;814.5;311904;256054841.5
QIWI;D;20210317;000000;818;820;793.5;811.5;310587;250114247.5
QIWI;D;20210318;000000;811;816.5;800;803;154959;124819866.5
QIWI;D;20210319;000000;806;808.5;800;805;107101;86113561.5
QIWI;D;20210322;000000;807;809;800.5;805.5;88051;70956512.5
QIWI;D;20210323;000000;806;808;791;799.5;168404;134951080.5
QIWI;D;20210324;000000;804;804;781;788.5;179893;142699766.5
QIWI;D;20210325;000000;791;791.5;755;773;417873;321410007.5
QIWI;D;20210326;000000;779;779;761;771;159257;122535141.5
QIWI;D;20210329;000000;771;795;769.5;784;352023;275556506
QIWI;D;20210330;000000;786.5;843.5;771.5;795;1998526;1635033201.5
QIWI;D;20210331;000000;799.5;806;786;802.5;368784;292542423
QIWI;D;20210401;000000;806.5;813.5;801;809.5;243267;196358160
QIWI;D;20210402;000000;809;811;803.5;806;78020;62983851
QIWI;D;20210405;000000;808;810;799.5;807;140846;113271704
QIWI;D;20210406;000000;807;816.5;799;812.5;262984;212711644
QIWI;D;20210407;000000;813.5;822;808.5;817.5;186770;152388050
QIWI;D;20210408;000000;813;831;813;827;157640;130223689
QIWI;D;20210409;000000;826.5;828;811;822.5;154184;126352197
QIWI;D;20210412;000000;821;840;816;834.5;188165;156052791.5
QIWI;D;20210413;000000;835.5;843;828;832.5;134848;112580185
QIWI;D;20210414;000000;835;835;817;821;127728;105451758.5
QIWI;D;20210415;000000;825;827.5;804.5;814;142188;115673204
QIWI;D;20210416;000000;812;832;812;825;200190;165093323
QIWI;D;20210419;000000;823;829;818.5;824;125895;103624344.5
QIWI;D;20210420;000000;817.5;822;799;808;332246;269412238.5
QIWI;D;20210421;000000;807;818.5;802.5;814;134198;108764229.5
QIWI;D;20210422;000000;815;817;803.5;811;150134;121830970
QIWI;D;20210423;000000;814;820;802;813;289667;235432264.5
QIWI;D;20210426;000000;800;812.5;800;803;170220;136901745
QIWI;D;20210427;000000;800;805;796;801.5;122410;98012160.5
QIWI;D;20210428;000000;800;804.5;797;802;92443;73912745
QIWI;D;20210429;000000;802;807;798;805;111076;89098391
QIWI;D;20210430;000000;805;808;793;796;87457;70012117
QIWI;D;20210504;000000;792;795;769;780;212657;166583332
QIWI;D;20210505;000000;783;793.5;780;788;111636;87938726
QIWI;D;20210506;000000;790;792.5;781;790;81864;64380693
QIWI;D;20210507;000000;790;800;788;791;115587;91653258.5
QIWI;D;20210510;000000;794.5;796;772;775.5;173810;135816244.5
QIWI;D;20210511;000000;776;783;768;779;138934;107377960.5
QIWI;D;20210512;000000;778.5;785;776.5;777.5;113309;88480454.5
QIWI;D;20210513;000000;782;784;769;775;110692;85871937
QIWI;D;20210514;000000;776;790;771;788.5;120540;93953901
QIWI;D;20210517;000000;793;811.5;784;810;196410;157400928
QIWI;D;20210518;000000;811.5;817.5;805.5;807;148707;120566875
QIWI;D;20210519;000000;810;812.5;790;807.5;164562;131908162.5
QIWI;D;20210520;000000;811;819.5;795;811.5;253140;205109714
QIWI;D;20210521;000000;810.5;820;806.5;815;140687;114742090
QIWI;D;20210524;000000;817;830;811;825;172711;141903532.5
QIWI;D;20210525;000000;824.5;835;811;816.5;179329;148210706
QIWI;D;20210526;000000;820;830;815;827;87157;71674560
QIWI;D;20210527;000000;828.5;831;808;817;540104;438679488.5
QIWI;D;20210528;000000;819;819;791.5;801;262972;211020749.5
QIWI;D;20210531;000000;805.5;807.5;798.5;803;51357;41176459.5
QIWI;D;20210601;000000;804;810;795.5;800.5;136184;109313987
QIWI;D;20210602;000000;800;807;797;803.5;78391;62838039.5
QIWI;D;20210603;000000;803;806;790.5;793.5;183197;145827188.5
QIWI;D;20210604;000000;792;798.5;790;795;81947;65073687.5
QIWI;D;20210607;000000;796;801.5;787.5;794;124305;98675099
QIWI;D;20210608;000000;793;808.5;791.5;804.5;142012;113642591
QIWI;D;20210609;000000;808.5;810;802;809;134131;108160453.5
QIWI;D;20210610;000000;809.5;815.5;806.5;807;112964;91548824
QIWI;D;20210611;000000;808.5;811;800;803;91257;73474534
QIWI;D;20210614;000000;806;809.5;798;800;87738;70439482.5
QIWI;D;20210615;000000;802;802.5;797;799;79039;63213773.5
QIWI;D;20210616;000000;799;801;793;797;89363;71161401
QIWI;D;20210617;000000;799;799;787;792;175666;139097148.5
QIWI;D;20210618;000000;791.5;797;777;786.5;176336;138647572
QIWI;D;20210621;000000;781;784;771.5;777.5;199697;155120580
QIWI;D;20210622;000000;779;780;771;775.5;140266;108588674
QIWI;D;20210623;000000;777;779.5;772;777.5;93098;72199062
QIWI;D;20210624;000000;780;782.5;772;781;66011;51300211.5
QIWI;D;20210625;000000;781;784;775.5;781;73554;57338613
QIWI;D;20210628;000000;779.5;780;773;775;98802;76684939
QIWI;D;20210629;000000;778.5;780;773;776.5;78081;60557770.5
QIWI;D;20210630;000000;775.5;788;773;785;135191;105501881
QIWI;D;20210701;000000;784.5;787;776;781.5;74946;58637054
QIWI;D;20210702;000000;783.5;783.5;777.5;779.5;45883;35803316.5
QIWI;D;20210705;000000;779;781.5;765;777.5;104419;80914809.5
QIWI;D;20210706;000000;776.5;783;771.5;774.5;79333;61676136
QIWI;D;20210707;000000;777;779;770;773.5;73666;56980513
QIWI;D;20210708;000000;775;775;759.5;761;141657;108333722.5
QIWI;D;20210709;000000;764;765;755;761.5;121333;92136693.5
QIWI;D;20210712;000000;762;767;760;763;54182;41380680.5
QIWI;D;20210713;000000;764;764.5;759;760.5;53003;40335343
QIWI;D;20210714;000000;761;795;757;784;336916;263425930
QIWI;D;20210715;000000;791;794.5;773;778;97804;76663960
QIWI;D;20210716;000000;780;781.5;769;772;46606;36142541.5
QIWI;D;20210719;000000;772.5;772.5;736;741.5;218924;163706977
QIWI;D;20210720;000000;745;750;738;746.5;82020;61081042
QIWI;D;20210721;000000;750.5;789;747;771;289690;222932003
QIWI;D;20210722;000000;771.5;779;760;773;55382;42639170.5
QIWI;D;20210723;000000;773;777;763.5;769;48003;36857615.5
QIWI;D;20210726;000000;764;771.5;754;760;81533;62056567.5
QIWI;D;20210727;000000;763.5;763.5;742;747.5;96119;72062668.5
QIWI;D;20210728;000000;750.5;753.5;745;753;52587;39400882.5
QIWI;D;20210729;000000;754;758.5;748.5;750;41627;31339109
QIWI;D;20210730;000000;749;753;743;746.5;48142;35967901
QIWI;D;20210802;000000;751;751;739.5;743;75860;56489035
QIWI;D;20210803;000000;744;745.5;725.5;734;142968;105038490.5
QIWI;D;20210804;000000;734;740.5;728.5;734;68684;50342053
QIWI;D;20210805;000000;737.5;737.5;712;719;135460;97920866.5
QIWI;D;20210806;000000;720;729.5;718;725;73989;53413912.5
QIWI;D;20210809;000000;725;731;716;724.5;71753;51834640.5
QIWI;D;20210810;000000;723;728.5;717;725;62102;44878590
QIWI;D;20210811;000000;727;729.5;720;722.5;54531;39454212.5
QIWI;D;20210812;000000;725;725;715.5;723.5;74399;53546829.5
QIWI;D;20210813;000000;723.5;725;717;722;68509;49368863.5
QIWI;D;20210816;000000;720.5;727;712.5;714.5;145505;104433310.5
QIWI;D;20210817;000000;717.5;718;711;715;104501;74642866
QIWI;D;20210818;000000;717;726.5;712.5;721;120503;86582544.5
QIWI;D;20210819;000000;721;724;674;682;528855;368418125.5
QIWI;D;20210820;000000;684.5;685.5;661;671.5;293583;196320756
QIWI;D;20210823;000000;677;713;673.5;704.5;204955;142293329
QIWI;D;20210824;000000;707;715.5;696.5;712.5;114325;80835297.5
QIWI;D;20210825;000000;712.5;717;654;673.5;866530;580619805
QIWI;D;20210826;000000;672.5;672.5;660;661.5;155871;103654758.5
QIWI;D;20210827;000000;665;682;659;679.5;172203;115183299
QIWI;D;20210830;000000;680;697.5;668.5;693.5;127169;87175145.5
QIWI;D;20210831;000000;695.5;703;681.5;700;100010;69456596
QIWI;D;20210901;000000;700;705;684.5;686.5;87406;60405403.5
QIWI;D;20210902;000000;687;689;671;674;117849;79916954.5
QIWI;D;20210903;000000;677;677.5;655.5;660;805211;533096480
QIWI;D;20210906;000000;652;654;637;645;200653;129342286
QIWI;D;20210907;000000;646.5;646.5;630.5;633.5;164111;104436220.5
QIWI;D;20210908;000000;634;638;626.5;630.5;118187;74497976.5
QIWI;D;20210909;000000;630;633;622;627.5;100509;63090229
QIWI;D;20210910;000000;627.5;630;616;619.5;75224;46839678
QIWI;D;20210913;000000;624.5;626.5;603.5;624;188228;115751845
QIWI;D;20210914;000000;626;634;619.5;629.5;78942;49334208.5
QIWI;D;20210915;000000;629;634.5;618.5;622;88531;55319033.5
QIWI;D;20210916;000000;620.5;626;605.5;609;71981;44135959.5
QIWI;D;20210917;000000;610;615.5;594.5;599;170464;102849104.5
QIWI;D;20210920;000000;598;598;583;587.5;125565;73853902.5
QIWI;D;20210921;000000;591.5;600;585.5;595;70501;41809603
QIWI;D;20210922;000000;599;612.5;596.5;607.5;76043;45949767.5
QIWI;D;20210923;000000;607.5;620.5;600.5;617;69067;42228299.5
QIWI;D;20210924;000000;619.5;628;610.5;623;78458;48623950.5
QIWI;D;20210927;000000;624;633.5;606.5;629;102376;63600224.5
QIWI;D;20210928;000000;625.5;630;615.5;620;70358;43785400.5
QIWI;D;20210929;000000;620;625;602;608.5;63752;39017985.5
QIWI;D;20210930;000000;608.5;616;607;612.5;42064;25725704.5
QIWI;D;20211001;000000;609;617;606;617;42512;26039706.5
QIWI;D;20211004;000000;616;617;603;605;48136;29347610.5
QIWI;D;20211005;000000;605;613.5;600;612;58071;35201683
QIWI;D;20211006;000000;611;620;601.5;618;71893;43798792
QIWI;D;20211007;000000;615;627;612.5;622;72782;45129341.5
QIWI;D;20211008;000000;623.5;632;608.5;629.5;114917;71507160.5
QIWI;D;20211011;000000;632;646;625;639;106458;67739145.5
QIWI;D;20211012;000000;638;644.5;631;632.5;78688;50191225
QIWI;D;20211013;000000;632.5;640;619.5;631;104010;65606986
QIWI;D;20211014;000000;632;647.5;626.5;646;102965;65881041
QIWI;D;20211015;000000;648;669;641;659;153967;101191524.5
QIWI;D;20211018;000000;660;669;653.5;666;68027;45023783
QIWI;D;20211019;000000;669.5;685;660;683;177668;120072375.5
QIWI;D;20211020;000000;684.5;689.5;674;684;79922;54505930.5
QIWI;D;20211021;000000;682;688.5;663;663.5;105403;71041552
QIWI;D;20211022;000000;667;667;651;652;65561;43140994.5
QIWI;D;20211025;000000;658;663;645;651;67927;44428030
QIWI;D;20211026;000000;649;656;641.5;644.5;52836;34291561
QIWI;D;20211027;000000;646;646;635;641.5;43943;28147228.5
QIWI;D;20211028;000000;645.5;645.5;625;631;55197;35008274
QIWI;D;20211029;000000;631;633;620;621;68147;42655887.5
QIWI;D;20211101;000000;620;647;620;645;95739;60912175.5
QIWI;D;20211102;000000;648;651.5;632;637;52400;33547185
QIWI;D;20211103;000000;638.5;643;632;643;29990;19113309
QIWI;D;20211105;000000;643;652.5;630;636.5;50628;32203845.5
QIWI;D;20211108;000000;635.5;643.5;632.5;636;41706;26575044
QIWI;D;20211109;000000;639;639;629.5;632;32606;20653028
QIWI;D;20211110;000000;635.5;670;632;640;93357;60100365.5
QIWI;D;20211111;000000;645;646.5;630.5;636;57134;36467424.5
QIWI;D;20211112;000000;639;643;626.5;639;89159;56575191
QIWI;D;20211115;000000;633.5;646;633.5;645;48684;31282175
QIWI;D;20211116;000000;642.5;649.5;641.5;649.5;53398;34546184.5
QIWI;D;20211117;000000;650.5;652;635;638.5;76702;49389454
QIWI;D;20211118;000000;641;642;615;615;129558;81104577.5
QIWI;D;20211119;000000;620;623;607;610.5;77454;47726451
QIWI;D;20211122;000000;619.5;619.5;575.5;584;266292;158396038
QIWI;D;20211123;000000;587;655;567.5;642.5;437672;273440461
QIWI;D;20211124;000000;637;648;615;639.5;171616;108678365.5
QIWI;D;20211125;000000;639.5;646;636.5;644;58546;37586532
QIWI;D;20211126;000000;636;637.5;616;626;130039;81361287
QIWI;D;20211129;000000;626;635;617.5;632.5;79036;49624078
QIWI;D;20211130;000000;635;641.5;621;629.5;149438;94534327.5
QIWI;D;20211201;000000;633;639;629;634.5;97490;61812858.5
QIWI;D;20211202;000000;629;638.5;613;630.5;140885;88461074.5
QIWI;D;20211203;000000;614;614;587.5;587.5;236045;141664881
QIWI;D;20211206;000000;591;602.5;567.5;595;193768;113195739.5
QIWI;D;20211207;000000;591;619.5;589.5;613.5;125118;75967950.5
QIWI;D;20211208;000000;619;619;600.5;611.5;64063;39037666.5
QIWI;D;20211209;000000;607.5;612;601.5;608;39394;23858055
QIWI;D;20211210;000000;605;608.5;592.5;594.5;61116;36682847.5
QIWI;D;20211213;000000;593.5;600;574;575.5;94735;55280349
QIWI;D;20211214;000000;573;585.5;559;566;119286;67963066
QIWI;D;20211215;000000;569;576;560;573;79997;45441365.5
QIWI;D;20211216;000000;573;590.5;571;573;97412;56422392
QIWI;D;20211217;000000;573.5;576.5;561.5;565.5;72727;41311129
QIWI;D;20211220;000000;560;564;549;552;116067;64440938
QIWI;D;20211221;000000;552;571.5;547;564;104112;58230173.5
QIWI;D;20211222;000000;565.5;569;560;560;80348;45228305.5
QIWI;D;20211223;000000;559.5;568;552;563.5;81764;45723392
QIWI;D;20211224;000000;563.5;564;552;556.5;47779;26566302.5
QIWI;D;20211227;000000;556.5;565.5;553.5;558;187929;104943216.5
QIWI;D;20211228;000000;557;583.5;555;574.5;220241;124795866.5
QIWI;D;20211229;000000;574.5;588;567;586;83541;48258719
QIWI;D;20211230;000000;583;612;580;609;144129;86624877
QIWI;D;20220103;000000;613;618;600.5;615;60409;36867951
QIWI;D;20220104;000000;619;622;608;615;43249;26668342.5
QIWI;D;20220105;000000;610.5;620;604;607;63102;38686906.5
QIWI;D;20220106;000000;608.5;615.5;601.5;610.5;34632;21071832
QIWI;D;20220110;000000;603.5;614.5;586.5;598;51125;30612793
QIWI;D;20220111;000000;598;609.5;589.5;608.5;31462;18900333.5
QIWI;D;20220112;000000;607;621;600.5;621;54855;33668266.5
QIWI;D;20220113;000000;621;626.5;610;610;84120;51999146
QIWI;D;20220114;000000;614.5;614.5;581;605;133248;79468728.5
QIWI;D;20220117;000000;602;610.5;586;595;58737;35062832
QIWI;D;20220118;000000;598.5;600.5;562;586;195192;112584616.5
QIWI;D;20220119;000000;583;594;560;573;104376;60429876
QIWI;D;20220120;000000;578;587.5;558.5;560;92132;52777895.5
QIWI;D;20220121;000000;560;569.5;555.5;560;96291;54233151.5
QIWI;D;20220124;000000;559;566;528;557.5;156126;84802578
QIWI;D;20220125;000000;557.5;569.5;540.5;565;128885;70679531
QIWI;D;20220126;000000;561.5;578;538.5;549.5;86424;48389754.5
QIWI;D;20220127;000000;549.5;568;540.5;547;119412;66099721.5
QIWI;D;20220128;000000;547.5;564;546;559;66882;37044386
QIWI;D;20220131;000000;565.5;575;558.5;575;49336;28031695.5
QIWI;D;20220201;000000;575;584;573.5;578.5;49300;28511428.5
QIWI;D;20220202;000000;600;600;565.5;569;37130;21353475.5
QIWI;D;20220203;000000;565.5;567.5;547;548;70576;39129960.5
QIWI;D;20220204;000000;559;560;540.5;549;66578;36590263.5
QIWI;D;20220207;000000;545.5;563.5;540;551.5;34608;19021246
QIWI;D;20220208;000000;554;564;545;559.5;40466;22444360.5
QIWI;D;20220209;000000;560;588;560;585;69303;39810811
QIWI;D;20220210;000000;585;585;562;564;72723;41462539
QIWI;D;20220211;000000;564;569.5;550;557;70301;39228005.5
QIWI;D;20220214;000000;550;591.5;548;559.5;86524;48381490
QIWI;D;20220215;000000;559.5;595;559.5;574;88956;51564699.5
QIWI;D;20220216;000000;578;605.5;570;583;105266;61169466
QIWI;D;20220217;000000;576;579.5;560;564;67311;38291629
QIWI;D;20220218;000000;566;569;542;559;103857;57652821
QIWI;D;20220221;000000;563;571;395;451;277118;137578663
QIWI;D;20220222;000000;450;555;400;536.5;315173;156603762
QIWI;D;20220224;000000;487;490;300;380;484585;168751343.5
QIWI;D;20220225;000000;362;429;355;392.5;245216;95013865
QIWI;D;20220330;000000;427.5;528.5;427.5;469.5;175536;85689809
QIWI;D;20220331;000000;480;520;455;485;150175;73920098.5
QIWI;D;20220401;000000;519.5;519.5;488.5;492;70068;34971731.5
QIWI;D;20220404;000000;495;499.5;456.5;478.5;70076;33657722.5
QIWI;D;20220405;000000;471.5;479;451;458.5;35826;16614839.5
QIWI;D;20220406;000000;458.5;463.5;431.5;438.5;35445;15801789
QIWI;D;20220407;000000;439;469;437;442;37622;16983292.5
QIWI;D;20220408;000000;451.5;456.5;430.5;432.5;19074;8403464.5
QIWI;D;20220411;000000;432.5;454.5;425;430;26972;11817047.5
QIWI;D;20220412;000000;436.5;436.5;403;414.5;25912;10650212.5
QIWI;D;20220413;000000;430;430;399;412.5;17788;7331176.5
QIWI;D;20220414;000000;411;419;392;396.5;30865;12358077
QIWI;D;20220415;000000;396;418.5;374;387;65334;25610924
QIWI;D;20220418;000000;388.5;397.5;374;376.5;21523;8220254
QIWI;D;20220419;000000;376.5;387;342;358;47213;16883489
QIWI;D;20220420;000000;368.5;371;350;359.5;19494;7022634
QIWI;D;20220421;000000;360;366;355.5;355.5;19324;6974767.5
QIWI;D;20220422;000000;355.5;367;351.5;352.5;13308;4750029.5
QIWI;D;20220425;000000;352.5;363;320.5;320.5;45722;15313600.5
QIWI;D;20220426;000000;320;330;305;318.5;69376;22075387
QIWI;D;20220427;000000;321;353.5;316.5;344.5;38671;13126310.5
QIWI;D;20220428;000000;352.5;370;323;333.5;45704;16054163.5
QIWI;D;20220429;000000;350;350;333;334.5;18492;6298846
QIWI;D;20220504;000000;334;339.5;318;318.5;31172;10186499
QIWI;D;20220505;000000;326.5;327;311.5;312.5;45551;14445705
QIWI;D;20220506;000000;312.5;364.5;312.5;325.5;102847;34265995.5
QIWI;D;20220511;000000;317;330;316;319.5;22232;7176491
QIWI;D;20220512;000000;329.5;329.5;300;305.5;43521;13403883
QIWI;D;20220513;000000;312;314;304.5;308;16248;5021032
QIWI;D;20220516;000000;320;320;310.5;317.5;17574;5567672.5
QIWI;D;20220517;000000;321;321;311.5;317;15053;4786394.5
QIWI;D;20220518;000000;329;361;324.5;326;83332;28020729
QIWI;D;20220519;000000;330;360;322;360;94658;32569917
QIWI;D;20220520;000000;364;431;363.5;431;353851;141865277
QIWI;D;20220523;000000;435;479;416;453.5;422829;193453424
QIWI;D;20220524;000000;464;468;393.5;414.5;248580;105569913
QIWI;D;20220525;000000;415;432.5;400.5;414;104971;43706468.5
QIWI;D;20220526;000000;421.5;421.5;379;387;137595;54494990.5
QIWI;D;20220527;000000;387;419.5;370.5;405;232298;92097822
QIWI;D;20220530;000000;405.5;425;400.5;415;114221;47268003
QIWI;D;20220531;000000;418.5;420;402;403;54429;22173368.5
QIWI;D;20220601;000000;408;409;382;387.5;36086;14493292.5
QIWI;D;20220602;000000;396.5;415;390.5;403;139679;56627805.5
QIWI;D;20220603;000000;404;414;375;387;76363;30217912
QIWI;D;20220606;000000;375;394;370;375;53416;20526130
QIWI;D;20220607;000000;382;384.5;361;363;36543;13399202.5
QIWI;D;20220608;000000;364;382;363;372.5;27448;10279230.5
QIWI;D;20220609;000000;372.5;375.5;350.5;354;36177;13019419.5
QIWI;D;20220610;000000;361;361;326.5;335.5;70519;23719696.5
QIWI;D;20220614;000000;334;334;290.5;304.5;183997;56264689.5
QIWI;D;20220615;000000;314;315;295;302;150017;45719962.5
QIWI;D;20220616;000000;303;317;300.5;312;164637;50763496
QIWI;D;20220617;000000;320;320;306;307;69284;21479422.5
QIWI;D;20220620;000000;307;313.5;304;308.5;62775;19364189.5
QIWI;D;20220621;000000;312;312;302;304;52241;15965903
QIWI;D;20220622;000000;304;307;300;301;49312;14911387.5
QIWI;D;20220623;000000;303;303;295;300;70220;21043022
QIWI;D;20220624;000000;304;307;296;305;56120;16999836.5
QIWI;D;20220627;000000;306;316;299.5;305.5;109305;33863503.5
QIWI;D;20220628;000000;312;312;304;307.5;43172;13260700
QIWI;D;20220629;000000;314.5;315;302;304.5;40470;12385424.5
QIWI;D;20220630;000000;307;307;290;299;54602;16270414.5
QIWI;D;20220701;000000;299;299;284.5;295.5;33391;9783451.5
QIWI;D;20220704;000000;293;301.5;278.5;288.5;101427;28879639
QIWI;D;20220705;000000;288.5;300;280.5;284.5;66339;19218991.5
QIWI;D;20220706;000000;284.5;297;282;294.5;72581;21167069.5
QIWI;D;20220707;000000;293;305.5;287;299;79456;23608833.5
QIWI;D;20220708;000000;305.5;335;303;316;278058;88337232.5
QIWI;D;20220711;000000;319;319;301.5;302;73743;22740007.5
QIWI;D;20220712;000000;304.5;305;296.5;299.5;35752;10742529
QIWI;D;20220713;000000;296;305;283;287;63190;18317970
QIWI;D;20220714;000000;285;295;282.5;284.5;40377;11550656.5
QIWI;D;20220715;000000;284;284.5;270.5;280;88491;24454954.5
QIWI;D;20220718;000000;285.5;289;275;284.5;56227;15829455
QIWI;D;20220719;000000;282;289.5;277.5;279.5;38637;10942761
QIWI;D;20220720;000000;284;296;282;286.5;67492;19538631
QIWI;D;20220721;000000;288;288.5;276;280.5;26654;7506272.5
QIWI;D;20220722;000000;280.5;289;277;287;23395;6654529.5
QIWI;D;20220725;000000;288;300;285.5;293.5;69642;20384169.5
QIWI;D;20220726;000000;294.5;304;289;298.5;60035;17922198
QIWI;D;20220727;000000;302;316;296.5;305.5;134441;41386982.5
QIWI;D;20220728;000000;313.5;313.5;297;305;54036;16382079.5
QIWI;D;20220729;000000;305.5;306.5;298;303;38785;11722378
QIWI;D;20220801;000000;303;309;301;305.5;61917;18911185.5
QIWI;D;20220802;000000;307;307.5;289;296;53566;16016935.5
QIWI;D;20220803;000000;298.5;301;294;300.5;38934;11626866.5
QIWI;D;20220804;000000;303;303;291.5;294.5;45484;13520615.5
QIWI;D;20220805;000000;294;295.5;283.5;285;36278;10405897.5
QIWI;D;20220808;000000;289;301.5;288;292.5;36856;10817625.5
QIWI;D;20220809;000000;292.5;310;288.5;302.5;65038;19542347
QIWI;D;20220810;000000;305;319;301.5;314;131333;40715381
QIWI;D;20220811;000000;315;371.5;306.5;345.5;500023;171139805.5
QIWI;D;20220812;000000;347;354;320;341;162750;54908731.5
QIWI;D;20220815;000000;341;350;335.5;341;54356;18548143
QIWI;D;20220816;000000;341;373;338;365;171287;61730314
QIWI;D;20220817;000000;364;367.5;348.5;356.5;70086;25001097
QIWI;D;20220818;000000;356;356;350;354.5;23608;8334901
QIWI;D;20220819;000000;354.5;354.5;338;340;42901;14766776.5
QIWI;D;20220822;000000;340.5;345;340.5;342;22117;7572577.5
QIWI;D;20220823;000000;343.5;349;341;347.5;25616;8835926
QIWI;D;20220824;000000;350.5;350.5;331;342;53401;18202352.5
QIWI;D;20220825;000000;342;343.5;335;337.5;27279;9232101
QIWI;D;20220826;000000;338.5;342;335;340.5;24039;8172693
QIWI;D;20220829;000000;341;341;336;338.5;12715;4301910.5
QIWI;D;20220830;000000;338.5;365;338.5;351.5;101592;35988936.5
QIWI;D;20220831;000000;351.5;363;342;352;45896;16178937
QIWI;D;20220901;000000;353;369.5;350;357.5;69061;24790512
QIWI;D;20220902;000000;351;379.5;351;372.5;97273;35993000
QIWI;D;20220905;000000;380;380;367;378;40536;15163290.5
QIWI;D;20220906;000000;378;390;345.5;363;160532;59084242.5
QIWI;D;20220907;000000;364.5;375;356.5;375;56438;20699948
QIWI;D;20220908;000000;375;375;362;367.5;36351;13399774
QIWI;D;20220909;000000;369;375;363;368.5;39497;14638255.5
QIWI;D;20220912;000000;368.5;374;361.5;366.5;59524;21951964
QIWI;D;20220913;000000;368.5;368.5;351;361.5;74097;26709297.5
QIWI;D;20220914;000000;360;360.5;352;354.5;16973;6020648.5
QIWI;D;20220915;000000;357.5;366;353;363.5;32795;11833135
QIWI;D;20220916;000000;364.5;369;355;360.5;32152;11626106.5
QIWI;D;20220919;000000;361.5;374;360.5;372.5;93365;34463763.5
QIWI;D;20220920;000000;373;374;312.5;333;249567;85535937
QIWI;D;20220921;000000;301.5;325;290;317.5;86830;27130519.5
QIWI;D;20220922;000000;317.5;337;317.5;330;41391;13598605
QIWI;D;20220923;000000;328.5;341;298.5;320.5;116207;36144210.5
QIWI;D;20220926;000000;315;316;290;305;77411;23358599.5
QIWI;D;20220927;000000;305;329;296.5;329;100446;31076507
QIWI;D;20220928;000000;328.5;344.5;307;323;82657;27111992
QIWI;D;20220929;000000;332;338;308;310;75038;24165854
QIWI;D;20220930;000000;309;316;290;304;95148;28806209
QIWI;D;20221003;000000;308;327.5;299;319;118726;36667661.5
QIWI;D;20221004;000000;321;330;312.5;315;45888;14628596
QIWI;D;20221005;000000;312;324.5;302;313.5;47668;14798942.5
QIWI;D;20221006;000000;312.5;327.5;312.5;321.5;33159;10671611.5
QIWI;D;20221007;000000;319.5;321;299;305;83615;25987246
QIWI;D;20221010;000000;304.5;313.5;285.5;311;52862;16161783
QIWI;D;20221011;000000;312;321;308;316.5;15890;5022845.5
QIWI;D;20221012;000000;315;321.5;315;318;18324;5839847
QIWI;D;20221013;000000;316.5;328;316;325;34000;10899642.5
QIWI;D;20221014;000000;321;324.5;318.5;319;17021;5455165
QIWI;D;20221017;000000;319.5;334.5;319.5;331.5;25918;8538462.5
QIWI;D;20221018;000000;335;335;320.5;321.5;22555;7415813
QIWI;D;20221019;000000;321.5;329;319.5;325;19357;6294318
QIWI;D;20221020;000000;325;329;320.5;325.5;12894;4207790
QIWI;D;20221021;000000;325.5;333;322;332;23140;7588170.5
QIWI;D;20221024;000000;333;344.5;328.5;336.5;39759;13339155.5
QIWI;D;20221025;000000;335.5;348;333;346;35937;12336984.5
QIWI;D;20221026;000000;345;347;333.5;340;61694;20900391.5
QIWI;D;20221027;000000;339;345;337;341.5;23702;8109897.5
QIWI;D;20221028;000000;340;342.5;332.5;338.5;24637;8339226
QIWI;D;20221031;000000;341;357;338.5;352.5;90307;31631370
QIWI;D;20221101;000000;351.5;355;345;351;26710;9387164.5
QIWI;D;20221102;000000;352;354;345;349;27393;9631810
QIWI;D;20221103;000000;350;358;345.5;353.5;28945;10237200
QIWI;D;20221107;000000;349;374;349;362.5;62391;22499150.5
QIWI;D;20221108;000000;363;363;357;359.5;23488;8432202.5
QIWI;D;20221109;000000;364;364;347;353;21804;7764685.5
QIWI;D;20221110;000000;353;363;350;361;21769;7817227.5
QIWI;D;20221111;000000;361;367;356;364;39259;14239242
QIWI;D;20221114;000000;364.5;380;363;374.5;41353;15335881
QIWI;D;20221115;000000;375;381;346;367.5;87993;32567872
QIWI;D;20221116;000000;367;385;367;376;68902;25958153.5
QIWI;D;20221117;000000;381.5;437;376.5;429;369728;151464950
QIWI;D;20221118;000000;430;456.5;405.5;412.5;805757;353901466
QIWI;D;20221121;000000;413;426;396.5;410.5;256059;104576220
QIWI;D;20221122;000000;406.5;414;400;409;75878;30974683.5
QIWI;D;20221123;000000;411;418.5;402;411;77472;31945797.5
QIWI;D;20221124;000000;413;416;409.5;411;50959;21061720.5
QIWI;D;20221125;000000;412.5;412.5;402;404;43321;17621306
QIWI;D;20221128;000000;404;410.5;391;401;58047;23380104
QIWI;D;20221129;000000;402.5;406;400;402;23542;9502131.5
QIWI;D;20221130;000000;401;407;400;402.5;29098;11735964.5
QIWI;D;20221201;000000;402;425;402;415;154787;64229882
QIWI;D;20221202;000000;417;421;413;415;40924;17038914.5
QIWI;D;20221205;000000;415;421;413;421;35785;14891566.5
QIWI;D;20221206;000000;417.5;424.5;410.5;412.5;34338;14354988
QIWI;D;20221207;000000;413;423.5;407.5;418.5;38947;16182358.5
QIWI;D;20221208;000000;416;419;403;414;40708;16815897.5
QIWI;D;20221209;000000;414;414.5;402;405;35315;14397505.5
QIWI;D;20221212;000000;403.5;417;398;411;60839;24702841
QIWI;D;20221213;000000;411.5;414;398.5;399.5;55023;22234366.5
QIWI;D;20221214;000000;399.5;403;395;399;31198;12471785.5
QIWI;D;20221215;000000;400;401.5;385;387;40870;16074543
QIWI;D;20221216;000000;384.5;404.5;384.5;399.5;31864;12645547
QIWI;D;20221219;000000;399;402.5;385;391.5;39111;15300990
QIWI;D;20221220;000000;390;403.5;389.5;401;28869;11516214
QIWI;D;20221221;000000;399.5;415;399;411;79935;32724891
QIWI;D;20221222;000000;413.5;435;413;431;153219;65283432.5
QIWI;D;20221223;000000;429.5;433;412.5;416;72947;30637375.5
QIWI;D;20221226;000000;415.5;419.5;404;410;47987;19709361.5
QIWI;D;20221227;000000;409.5;432.5;407;425;195563;82863394.5
QIWI;D;20221228;000000;425;426.5;413.5;417;56289;23544212.5
QIWI;D;20221229;000000;416.5;425;409.5;418.5;40174;16834936.5
QIWI;D;20221230;000000;418.5;418.5;410.5;413;31885;13195648.5
QIWI;D;20230104;000000;423.5;428;416;421;29874;12642643
QIWI;D;20230105;000000;425;427;417;425;17727;7466762
QIWI;D;20230106;000000;426.5;429;418;422.5;30233;12808610.5
QIWI;D;20230109;000000;422.5;447;421;436.5;105302;45741830.5
QIWI;D;20230110;000000;436.5;440.5;423;432;65003;28041696
QIWI;D;20230111;000000;432;438;430;436;46197;20038082.5
QIWI;D;20230112;000000;437.5;438.5;431;436;41024;17798527.5
QIWI;D;20230113;000000;436;442;431.5;433.5;50244;21910177
QIWI;D;20230116;000000;433;436.5;430;433;54299;23555925.5
QIWI;D;20230117;000000;435;435;425;428.5;52894;22703277
QIWI;D;20230118;000000;426;430.5;422.5;427.5;22260;9512168
QIWI;D;20230119;000000;429;429;417;421;32341;13667272.5
QIWI;D;20230120;000000;421;427;416.5;425.5;20382;8652897.5
QIWI;D;20230123;000000;426.5;433.5;420.5;428.5;24748;10616198
QIWI;D;20230124;000000;426.5;431;421.5;426.5;32411;13838410
QIWI;D;20230125;000000;428.5;430;423.5;425;33600;14344519.5
QIWI;D;20230126;000000;425;431;425;429;19275;8266375.5
QIWI;D;20230127;000000;431;434;424;428.5;63686;27414441.5
QIWI;D;20230130;000000;428.5;450;427;449;147099;64898692
QIWI;D;20230131;000000;453;465;447;458;135498;62139995.5
QIWI;D;20230201;000000;458;472;437;450.5;393068;177193419
QIWI;D;20230202;000000;452.5;456.5;444;455;71969;32259928
QIWI;D;20230203;000000;453;457.5;448.5;449;39015;17637620
QIWI;D;20230206;000000;449;455.5;446.5;454.5;42606;19289354
QIWI;D;20230207;000000;452;469.5;451;465.5;69701;32039779.5
QIWI;D;20230208;000000;470;495;466;483.5;200254;96393270
QIWI;D;20230209;000000;485;492;467.5;479.5;81761;39336575
QIWI;D;20230210;000000;481;484.5;474.5;480;29778;14248900.5
QIWI;D;20230213;000000;478.5;489;465;481;54504;26109701
QIWI;D;20230214;000000;481.5;486.5;466;470;80142;38079257
QIWI;D;20230215;000000;467;467.5;431;443;125285;55840396.5
QIWI;D;20230216;000000;445;456.5;442;445;44462;19931660.5
QIWI;D;20230217;000000;437.5;450;437.5;443;38183;16932687.5
QIWI;D;20230220;000000;443;444.5;435;438;28959;12672254
QIWI;D;20230221;000000;437.5;461.5;437.5;456;59331;26661310
QIWI;D;20230222;000000;456;459;449.5;452;20363;9238477
QIWI;D;20230224;000000;453;461.5;453;458.5;27076;12407875.5
QIWI;D;20230227;000000;456;462.5;445;461.5;33640;15344854.5
QIWI;D;20230228;000000;464;469;460;465;31382;14599087
QIWI;D;20230301;000000;469;476;465.5;471.5;40839;19172102
QIWI;D;20230302;000000;475.5;475.5;453.5;460.5;52749;24422746.5
QIWI;D;20230303;000000;458.5;475;455;469.5;47677;22294314
QIWI;D;20230306;000000;471.5;473.5;467.5;472.5;26794;12619791
QIWI;D;20230307;000000;473;475;458;469;29651;13947569
QIWI;D;20230309;000000;471.5;474;466;468;23691;11132334.5
QIWI;D;20230310;000000;467.5;473.5;462.5;468.5;27441;12823841.5
QIWI;D;20230313;000000;468.5;477;464.5;475;50072;23604847
QIWI;D;20230314;000000;477;480;467.5;472.5;83981;39749546
QIWI;D;20230315;000000;474.5;475;459;462.5;62783;29285740
QIWI;D;20230316;000000;455.5;460.5;449;454.5;78584;35763782
QIWI;D;20230317;000000;454.5;469;454;467;87338;40518795.5
QIWI;D;20230320;000000;467.5;478;462.5;466;108870;50917381.5
QIWI;D;20230321;000000;468.5;476;465.5;470;73759;34746750
QIWI;D;20230322;000000;471.5;487;470;483;106227;51074166
QIWI;D;20230323;000000;483;495;482.5;486;63852;31151837
QIWI;D;20230324;000000;487;496.5;486;493.5;40974;20090683.5
QIWI;D;20230327;000000;497.5;510;497;506.5;103843;52238838.5
QIWI;D;20230328;000000;507;508.5;495;502.5;64579;32398217
QIWI;D;20230329;000000;500;524;499.5;522.5;148662;76365356
QIWI;D;20230330;000000;524;549.5;514;547;170044;90311004
QIWI;D;20230331;000000;547.5;550;515;527;223342;119493630.5
QIWI;D;20230403;000000;530;539.5;524;531;112512;59600150
QIWI;D;20230404;000000;525;545;525;532.5;102513;54926652.5
QIWI;D;20230405;000000;528.5;532.5;525.5;530;29646;15660291
QIWI;D;20230406;000000;530;537;527.5;531.5;33245;17675513
QIWI;D;20230407;000000;531.5;536;528.5;531;26602;14151761
QIWI;D;20230410;000000;531;548;529;546.5;76973;41724609.5
QIWI;D;20230411;000000;546.5;558;533;536.5;139075;76009928.5
QIWI;D;20230412;000000;536;545;536;541.5;33994;18403113.5
QIWI;D;20230413;000000;541.5;545;537.5;539.5;23057;12474362
QIWI;D;20230414;000000;540.5;553;538;548;51468;28116060.5
QIWI;D;20230417;000000;552;559;546;554;94929;52661317.5
QIWI;D;20230418;000000;556.5;559;546.5;554.5;54397;30055244.5
QIWI;D;20230419;000000;555;563;550.5;561;86705;48427110
QIWI;D;20230420;000000;562;565;551;558.5;45447;25374249
QIWI;D;20230421;000000;559.5;577;556.5;573.5;70724;40011097
QIWI;D;20230424;000000;574;639;556.5;619.5;375516;229113105.5
QIWI;D;20230425;000000;622;648;611;618;227431;143519471
QIWI;D;20230426;000000;615;619.5;601;610;88130;53631044.5
QIWI;D;20230427;000000;607.5;612.5;600;607.5;58793;35540829
QIWI;D;20230428;000000;608;627;603.5;614.5;147357;90706255.5
QIWI;D;20230502;000000;612.5;616.5;565.5;595.5;97229;58017571
QIWI;D;20230503;000000;589.5;599.5;565;566.5;85391;49459815.5
QIWI;D;20230504;000000;570.5;588;565;581.5;40397;23391991.5
QIWI;D;20230505;000000;589;594.5;582;583;22215;13046120
QIWI;D;20230508;000000;583.5;592;577.5;578.5;13368;7804572.5
QIWI;D;20230510;000000;578;607;578;606;38497;23056594.5
QIWI;D;20230511;000000;606;617.5;592.5;598;53227;32381997
QIWI;D;20230512;000000;598;610.5;595;604;29433;17795902.5
QIWI;D;20230515;000000;606;624;601.5;616.5;64635;39801296
QIWI;D;20230516;000000;617;624;606;615.5;60783;37462865
QIWI;D;20230517;000000;615.5;619;608;613;30664;18803470.5
QIWI;D;20230518;000000;615.5;617;583;605.5;57885;35048780.5
QIWI;D;20230519;000000;609;609;594;604.5;35650;21405860.5
QIWI;D;20230522;000000;614;614;599.5;608.5;33927;20538591.5
QIWI;D;20230523;000000;609.5;609.5;600.5;605;20783;12566538.5
QIWI;D;20230524;000000;605;626;605;618;70986;43667738
QIWI;D;20230525;000000;621.5;674.5;613;669;334025;216482438
QIWI;D;20230526;000000;673.5;702.5;646;657;987954;673956424.5
QIWI;D;20230529;000000;658;668;642;662;139423;91507204
QIWI;D;20230530;000000;660;675;648.5;651.5;103423;68720898.5
QIWI;D;20230531;000000;656.5;665.5;648.5;658;59155;38886080
QIWI;D;20230601;000000;658;673.5;655;664.5;67723;45000254.5
QIWI;D;20230602;000000;665;672.5;655;671.5;50920;33978275.5
QIWI;D;20230605;000000;675;698.5;661.5;666;180479;122901361
QIWI;D;20230606;000000;652;670.5;633.5;658.5;110042;71745554
QIWI;D;20230607;000000;663.5;681.5;656.5;681.5;94849;63984747
QIWI;D;20230608;000000;685;697.5;672;685;117343;80708826
QIWI;D;20230609;000000;685;733;682.5;717.5;946435;677164633
QIWI;D;20230613;000000;730;738.5;698.5;710.5;584738;420707793
QIWI;D;20230614;000000;713;715.5;681;692;410445;285180126
QIWI;D;20230615;000000;695;695;672.5;677;292560;198405350.5
QIWI;D;20230616;000000;677;682.5;663;673;214821;144709673
QIWI;D;20230619;000000;674;675;644;653.5;381562;250023891.5
QIWI;D;20230620;000000;660;667.5;649.5;660;322783;212567856.5
QIWI;D;20230621;000000;663;663.5;647.5;655.5;195713;127724600.5
QIWI;D;20230622;000000;659;659;628.5;647;135628;87934639.5
QIWI;D;20230623;000000;646.5;657.5;615.5;625;302542;191402248
QIWI;D;20230626;000000;630;649.5;620;639.5;238766;151938582
QIWI;D;20230627;000000;642;663;640;655;174149;113837614
QIWI;D;20230628;000000;655;666.5;650.5;654.5;113770;75025946.5
QIWI;D;20230629;000000;654.5;659.5;644.5;651.5;114570;74599732.5
QIWI;D;20230630;000000;649;683.5;635;658.5;502051;333691477
QIWI;D;20230703;000000;659;662.5;640.5;646;151827;98206871
QIWI;D;20230704;000000;646;647.5;632.5;637;77743;49860119.5
QIWI;D;20230705;000000;637;644;630.5;637.5;100876;64211048
QIWI;D;20230706;000000;637.5;637.5;621;625;153493;96330888.5
QIWI;D;20230707;000000;627;630;620;628.5;81593;50928601.5
QIWI;D;20230710;000000;629.5;644;625;643;214585;136798070.5
QIWI;D;20230711;000000;644;646.5;638;641.5;85467;54905116.5
QIWI;D;20230712;000000;641.5;643;633;642.5;69315;44386741.5
QIWI;D;20230713;000000;641;643.5;633.5;638;60483;38610691
QIWI;D;20230714;000000;635.5;649.5;633.5;642.5;91555;58674752.5
QIWI;D;20230717;000000;640;672.5;636.5;665.5;515568;340551301.5
QIWI;D;20230718;000000;670;673.5;660.5;667;186846;124514636
QIWI;D;20230719;000000;668.5;668.5;655;658;89377;58988200.5
QIWI;D;20230720;000000;660;680;646;651;369480;245048972.5
QIWI;D;20230721;000000;651;662;643;654.5;129941;84640506.5
QIWI;D;20230724;000000;658;678;650;670.5;219499;145716173.5
QIWI;D;20230725;000000;673.5;678.5;625;632;556696;363612733
QIWI;D;20230726;000000;604.5;627;591;605;1769700;1083214708.5
QIWI;D;20230727;000000;605;635;592.5;624.5;1190360;733789871.5
QIWI;D;20230728;000000;625.5;626;613.5;618;192819;119029221
QIWI;D;20230731;000000;618;621;608;614.5;265901;163027386
QIWI;D;20230801;000000;617;650;610;639.5;1473767;935713289
QIWI;D;20230802;000000;639;659;630.5;657.5;1087594;703321826.5
QIWI;D;20230803;000000;659;683.5;641.5;674;1124970;746354670.5
QIWI;D;20230804;000000;678.5;708.5;641.5;657.5;1986789;1359909037
QIWI;D;20230807;000000;662;684;631;637.5;923502;603799393.5
QIWI;D;20230808;000000;638.5;639.5;617;634.5;508541;319057364
QIWI;D;20230809;000000;638;651.5;629.5;641;331495;212250673
QIWI;D;20230810;000000;643;656;638.5;650;352271;228494298.5
QIWI;D;20230811;000000;649;665;646;656.5;468128;307873430.5
QIWI;D;20230814;000000;661;671;629;636;337513;219369658.5
QIWI;D;20230815;000000;636;654.5;605.5;643;387763;247860976.5
QIWI;D;20230816;000000;643;665;616;656.5;679747;439868146.5
QIWI;D;20230817;000000;662;662;634.5;640.5;300926;193786931
QIWI;D;20230818;000000;640.5;642;630.5;641;123602;78747607
QIWI;D;20230821;000000;641;646.5;638.5;642.5;164448;105669593.5
QIWI;D;20230822;000000;642.5;642.5;636;637.5;130877;83676974
QIWI;D;20230823;000000;639.5;641;624.5;626;216268;136562348.5
QIWI;D;20230824;000000;628;638;625;636;97232;61312558.5
QIWI;D;20230825;000000;638;641;625.5;628;95663;60282499.5
QIWI;D;20230828;000000;630;637.5;627;636;190531;120313594
QIWI;D;20230829;000000;636;636.5;627;631.5;127324;80306532
QIWI;D;20230830;000000;639;640;629;631.5;154107;97834823
QIWI;D;20230831;000000;635.5;668;634;664.5;1229046;807454270
QIWI;D;20230901;000000;666.5;696;665;682;1161167;792706901
QIWI;D;20230904;000000;690;692.5;679.5;685;331765;226994321.5
QIWI;D;20230905;000000;686;686;665;675;381798;258479750.5
QIWI;D;20230906;000000;677.5;678;650.5;661;282496;187068502
QIWI;D;20230907;000000;660;689;647;653.5;959417;639834726.5
QIWI;D;20230908;000000;659;659;633.5;642;396950;256033597
QIWI;D;20230911;000000;648.5;648.5;611.5;619.5;280164;176811288
QIWI;D;20230912;000000;627;681.5;621;671;1087607;721431045
QIWI;D;20230913;000000;672;675;638;648.5;446030;292510671.5
QIWI;D;20230914;000000;651.5;656.5;555.5;622.5;720065;442722085.5
QIWI;D;20230915;000000;622.5;650;617.5;642;345765;220668576
QIWI;D;20230918;000000;645;660;628;640;223331;143852475.5
QIWI;D;20230919;000000;643.5;654;586.5;593.5;815549;505302687.5
QIWI;D;20230920;000000;597.5;627.5;571;614.5;898650;543612593
QIWI;D;20230921;000000;615;660;602.5;639;907476;572979801.5
QIWI;D;20230922;000000;631.5;650;611;646;592786;378360470
QIWI;D;20230925;000000;646;649.5;637;641;177727;114199011
QIWI;D;20230926;000000;636.5;644;630;638;239201;152085055.5
QIWI;D;20230927;000000;644.5;651;639.5;644;262895;169623345
QIWI;D;20230928;000000;644;650;634.5;642.5;205681;132556825
QIWI;D;20230929;000000;643;644.5;633;639;213048;136353994
QIWI;D;20231002;000000;639;643.5;636;638.5;97399;62340488.5
QIWI;D;20231003;000000;637;637.5;630;633;89651;56721156
QIWI;D;20231004;000000;631;633;620;625;93672;58747826.5
QIWI;D;20231005;000000;625;638;624.5;630.5;139062;87748465
QIWI;D;20231006;000000;630.5;632.5;618;629;127655;79678711
QIWI;D;20231009;000000;629;639.5;624.5;631.5;134070;84632325.5
QIWI;D;20231010;000000;633;634;620;624;116656;72825129.5
QIWI;D;20231011;000000;627.5;627.5;620;620.5;99315;61980014.5
QIWI;D;20231012;000000;618;623.5;607;620;82608;50979926.5
QIWI;D;20231013;000000;620;623;617;621;63542;39441798
QIWI;D;20231016;000000;617;626.5;617;623.5;56523;35210591
QIWI;D;20231017;000000;627;637.5;622;637.5;245519;155778519
QIWI;D;20231018;000000;638;639.5;629;634.5;79454;50331844
QIWI;D;20231019;000000;636;636;631;635.5;33774;21382567.5
QIWI;D;20231020;000000;636;650;628.5;644;246368;158220091
QIWI;D;20231023;000000;645.5;647;637.5;642;61218;39304108
QIWI;D;20231024;000000;646;649;635.5;644;117654;75588223
QIWI;D;20231025;000000;647.5;648.5;640.5;642.5;64164;41270732.5
QIWI;D;20231026;000000;643;644.5;618;627.5;183461;115608907.5
QIWI;D;20231027;000000;629;629;619.5;620.5;108567;67579924.5
QIWI;D;20231030;000000;625;632;620.5;628.5;85212;53483120
QIWI;D;20231031;000000;624.5;638;620;628.5;123303;77191615.5
QIWI;D;20231101;000000;628.5;638.5;623;633;129302;81951843
QIWI;D;20231102;000000;633.5;637.5;620.5;622;55109;34605046.5
QIWI;D;20231103;000000;622;626;620;621;65153;40530665
QIWI;D;20231106;000000;622;632.5;621.5;624.5;76620;48048785
QIWI;D;20231107;000000;625.5;628;621;622;65163;40617048
QIWI;D;20231108;000000;622.5;624.5;612;620;90373;55937833.5
QIWI;D;20231109;000000;620;621.5;615;617;60010;36991349
QIWI;D;20231110;000000;615.5;617;607;608.5;125232;76411229
QIWI;D;20231113;000000;607;610.5;588.5;596.5;143816;86119457
QIWI;D;20231114;000000;596.5;600;560;567;495254;282481282
QIWI;D;20231115;000000;567;582.5;564;580;185757;106856605
QIWI;D;20231116;000000;583;584;572.5;578;152716;88218097.5
QIWI;D;20231117;000000;578;581;573.5;576;119165;68788016
QIWI;D;20231120;000000;576.5;584;572.5;573.5;97295;56029271.5
QIWI;D;20231121;000000;573.5;574;564.5;567;61596;34942365
QIWI;D;20231122;000000;566.5;571;556;560;123794;69833849.5
QIWI;D;20231123;000000;560;562;542;552;110988;61164618
QIWI;D;20231124;000000;555;559;546.5;552.5;83073;45829149.5
QIWI;D;20231127;000000;552.5;552.5;530;537;114545;61589742.5
QIWI;D;20231128;000000;538;538;520.5;532.5;100223;52866668.5
QIWI;D;20231129;000000;537.5;538;525.5;532.5;53887;28666260
QIWI;D;20231130;000000;530.5;532;513;517;106047;55016785.5
QIWI;D;20231201;000000;516.5;516.5;496;501;174190;87735770.5
QIWI;D;20231204;000000;501;504.5;462.5;474;208704;100068277
QIWI;D;20231205;000000;474;488;466.5;487.5;147765;70550805.5
QIWI;D;20231206;000000;487.5;487.5;464;473;100802;47698788.5
QIWI;D;20231207;000000;472.5;478;458.5;473;154337;72321809
QIWI;D;20231208;000000;475.5;477.5;467;467;112278;53017516
QIWI;D;20231211;000000;467;469.5;443.5;446;120846;54983286
QIWI;D;20231212;000000;448;455;428;432;192533;84103351.5
QIWI;D;20231213;000000;432;444;424;440.5;142728;62096506.5
QIWI;D;20231214;000000;440.5;444.5;427;430.5;123726;53979834.5
QIWI;D;20231215;000000;430.5;449.5;430;445.5;205834;91194998
QIWI;D;20231218;000000;444;480.5;443.5;469.5;354630;163714205
QIWI;D;20231219;000000;469.5;612.5;469.5;579;3767676;2131980783
QIWI;D;20231220;000000;581;603;548;574.5;2569856;1485526509
QIWI;D;20231221;000000;575;598.5;563;579.5;814621;471647593.5
QIWI;D;20231222;000000;579.5;604.5;578.5;589.5;1151351;683653055
QIWI;D;20231225;000000;590;623.5;586;612.5;1955984;1195132605
QIWI;D;20231226;000000;618;618;588;592;423336;253935782
QIWI;D;20231227;000000;591;593.5;560;561;390449;224854954
QIWI;D;20231228;000000;563;564.5;533;538.5;351653;191857545
QIWI;D;20231229;000000;540;605.5;537;557;2093972;1218558679
QIWI;D;20240103;000000;560.5;605.5;559.5;595.5;692045;405594854.5
QIWI;D;20240104;000000;600;626;588.5;616;1199288;733231248
QIWI;D;20240105;000000;622;622;600;607.5;377657;230258306.5
QIWI;D;20240108;000000;616;629;610;619.5;1178962;730623958.5
QIWI;D;20240109;000000;622;627.5;614.5;618;358603;222453701
QIWI;D;20240110;000000;620.5;624;606;608;300475;184079625
QIWI;D;20240111;000000;609;609;590.5;594;375231;224044763.5
QIWI;D;20240112;000000;594;642.5;592;627.5;1715525;1072099702.5
QIWI;D;20240115;000000;630;645;623;630;606313;383159610
QIWI;D;20240116;000000;633;633;619;622;256781;160243912
QIWI;D;20240117;000000;622;638;615.5;626;603241;378074250.5
QIWI;D;20240118;000000;631;631;609.5;614.5;262531;162458164.5
QIWI;D;20240119;000000;617;642;536.5;538;3296332;1937902205.5
QIWI;D;20240122;000000;551;551;462;520;2956467;1545100822
QIWI;D;20240123;000000;520;534;503;509.5;810920;420612301.5
QIWI;D;20240124;000000;508.5;509.5;464;465.5;1528833;742138535
QIWI;D;20240125;000000;463.5;506;462.5;488.5;2250983;1104688516
QIWI;D;20240126;000000;490;503;471.5;475.5;631131;307306409.5
QIWI;D;20240129;000000;479;488.5;476.5;483;356273;171828192.5
QIWI;D;20240130;000000;484;493;476.5;482;619242;299170051.5
QIWI;D;20240131;000000;484.5;486;472.5;478;220230;105394096
QIWI;D;20240201;000000;478;484.5;475;478;244448;117166393.5
QIWI;D;20240202;000000;480;481.5;475.5;476;168006;80219100
QIWI;D;20240205;000000;476;478;464.5;472.5;426810;201072968
QIWI;D;20240206;000000;475;476;466;468.5;220986;103721100.5
QIWI;D;20240207;000000;468.5;472.5;453.5;458.5;543301;250449789.5
QIWI;D;20240208;000000;459.5;459.5;450;454.5;210069;95388864
QIWI;D;20240209;000000;454.5;456;444.5;451.5;153889;69089625
QIWI;D;20240212;000000;452.5;454;446.5;449.5;102045;45799080.5
QIWI;D;20240213;000000;449.5;477;446.5;471;854295;399432580
QIWI;D;20240214;000000;472;480.5;463;468;331270;156486497
QIWI;D;20240215;000000;469.5;503.5;463;494;876522;425985314
QIWI;D;20240216;000000;494;516;472.5;489;1373866;689434703.5
QIWI;D;20240219;000000;489;507.5;476;484.5;653374;324016460.5
QIWI;D;20240220;000000;484.5;498;457;480;593430;283287287.5
QIWI;D;20240221;000000;433;450;240.5;327.5;45783705;15626017923.5
QIWI;D;20240222;000000;302.5;356;265.5;272;25022763;7893214595.5
QIWI;D;20240226;000000;282;321.5;266;278.5;8798689;2600389169
QIWI;D;20240227;000000;280;286.5;252.5;258.5;4636625;1230627716
QIWI;D;20240228;000000;260;264;240.5;243;2848041;705684830.5
QIWI;D;20240229;000000;243;247;205;206.5;4310685;982212220.5
QIWI;D;20240301;000000;208;229.5;185.5;212.5;8968308;1876743107
QIWI;D;20240304;000000;216;260;203.5;254;15070694;3648480290.5
QIWI;D;20240305;000000;253.5;258;236;248.5;3674525;910680148
QIWI;D;20240306;000000;249.5;254.5;237.5;238;2237008;545444400
QIWI;D;20240307;000000;241;241;227;228.5;1802353;417938034
QIWI;D;20240311;000000;239;268;232.5;260;8574200;2201500917.5
QIWI;D;20240312;000000;261.5;274.5;230.5;234.5;8400200;2130599755
QIWI;D;20240313;000000;235;241.5;220;223;1780633;406739465.5
QIWI;D;20240314;000000;224;241.5;215.5;229.5;3546099;819800236
QIWI;D;20240315;000000;231;240;224.5;225;2498475;583626199.5
QIWI;D;20240318;000000;224;228.5;217;218;929861;205355260.5
QIWI;D;20240319;000000;219;221.5;210.5;214.5;566395;122873655.5
QIWI;D;20240320;000000;214;217;207;211;634750;133954518
QIWI;D;20240321;000000;211;227;209;214;1678482;365561734
QIWI;D;20240322;000000;211;220;205;207.5;912625;193477270
QIWI;D;20240325;000000;209;214;206.5;211.5;380711;79981077
QIWI;D;20240326;000000;212.5;233;212;217.5;3921593;877018939
QIWI;D;20240327;000000;217.5;218.5;212.5;213.5;504966;108450868.5
QIWI;D;20240328;000000;213.5;214.5;209;211.5;275255;58151116
QIWI;D;20240329;000000;211.5;217.5;208;209;597616;127182144.5
QIWI;D;20240401;000000;211.5;214.5;207.5;210.5;633874;133854979
QIWI;D;20240402;000000;212;224;209;213.5;1666213;360692672
QIWI;D;20240403;000000;213.5;216;210;212;664969;141096183.5
QIWI;D;20240404;000000;212;214;210.5;211;352711;74676422
QIWI;D;20240405;000000;211.5;211.5;209;209.5;196739;41336719
QIWI;D;20240408;000000;210;210.5;207.5;208;265580;55380284.5
QIWI;D;20240409;000000;208.5;209;196;202.5;753335;153598225.5
QIWI;D;20240410;000000;204;204;196;198.5;314256;62825257
QIWI;D;20240411;000000;199.5;201.5;191;193;518650;101417691.5
QIWI;D;20240412;000000;191;201;191;193;448720;87906986
QIWI;D;20240415;000000;193;196;192;194.5;157848;30572757
QIWI;D;20240416;000000;194.5;205;192.5;194.5;684771;135439911.5
QIWI;D;20240417;000000;194.5;199;192;193;242042;46975165
QIWI;D;20240418;000000;193;194;191.5;192;183714;35371071
QIWI;D;20240419;000000;193.5;193.5;190.5;191;139319;26666524
QIWI;D;20240422;000000;191.5;192.5;189;191;147853;28218058
QIWI;D;20240423;000000;190.5;195.5;189;189.5;305962;58637070.5
QIWI;D;20240424;000000;189.5;191;185.5;187;211777;39774058.5
QIWI;D;20240425;000000;188;193.5;184;186.5;457828;86413957
QIWI;D;20240426;000000;186;188;184;184.5;146127;27124437
QIWI;D;20240427;000000;184;185.5;181.5;181.5;73695;13598697.5
QIWI;D;20240429;000000;181.5;184.5;181.5;184;72388;13258726.5
QIWI;D;20240430;000000;182;185;180;180.5;179282;32642022
QIWI;D;20240502;000000;181;220.4;179.8;220.4;6500494;1384605348.2
QIWI;D;20240503;000000;223;240;214.8;221.6;10564892;2427790192.6
QIWI;D;20240506;000000;227;228;210.6;215.4;2039529;444206743.6
QIWI;D;20240507;000000;219;225;205;208.4;1459964;314474493
QIWI;D;20240508;000000;210;210.8;195.4;197.8;1204882;240680700.8
QIWI;D;20240510;000000;198.4;198.8;192.6;193.6;266824;52045429.8
QIWI;D;20240513;000000;196;211.4;192.2;200.4;2494680;508417349.8
QIWI;D;20240514;000000;200.4;204.2;195.4;200.4;690057;138258809.6
QIWI;D;20240515;000000;202.2;202.2;193.6;195.6;658502;129224831.8
QIWI;D;20240516;000000;195.6;198.8;191.2;192.8;377844;73430054.6
QIWI;D;20240517;000000;192.8;194;190.4;190.8;188092;36120295.2
QIWI;D;20240520;000000;191;192.8;183;184.2;283593;53041348.6
QIWI;D;20240521;000000;183.6;198.2;181.6;192;1396652;263108357.6
QIWI;D;20240522;000000;192.6;195.6;188;190.4;682888;130916010.8
QIWI;D;20240523;000000;190.4;194.6;183.8;185.8;509924;95394822
QIWI;D;20240524;000000;185;196;183;184.2;887456;166453364.4
QIWI;D;20240527;000000;189.6;197.2;185;197;1264849;240233746.6
QIWI;D;20240528;000000;197.4;202.8;188.2;199.2;1289682;253836132.2
QIWI;D;20240529;000000;199.2;209.8;192.6;198.6;1823194;368398905.6
QIWI;D;20240530;000000;198.6;203;182.2;184.4;822538;159418400.4
QIWI;D;20240531;000000;184.4;186.4;162.4;169;2087466;357160519.2
QIWI;D;20240603;000000;169.8;185.6;161.4;169.4;2230461;388274002.4
QIWI;D;20240604;000000;169.6;172.2;164.2;168.4;551823;92686290
QIWI;D;20240605;000000;170;175;166.4;168;578479;98516477.4
QIWI;D;20240606;000000;169;171.6;167.2;168;180981;30584879.2
QIWI;D;20240607;000000;168.6;171.2;165.2;168;367717;62125317.4
QIWI;D;20240610;000000;170;175.8;164.4;167.2;635088;108211997.2
QIWI;D;20240611;000000;176;184;168.8;179;3098184;548453120.6
QIWI;D;20240613;000000;169.8;177;166;173.8;395072;68619426.8
QIWI;D;20240614;000000;173.2;181.4;172.6;175.6;482730;84994889
QIWI;D;20240617;000000;177;182;174;176;587721;104566776.2
QIWI;D;20240618;000000;176;179.6;169.6;172.2;379199;66015392.2
QIWI;D;20240619;000000;171.8;174;167.4;170.2;203841;34644391.4
QIWI;D;20240620;000000;168.6;174.2;168.6;173.2;367327;63109305.8
QIWI;D;20240621;000000;173.2;177.2;171.6;173.2;186519;32488303.6
QIWI;D;20240624;000000;173.4;181;172.4;175.8;505986;89972754.2
QIWI;D;20240625;000000;179.4;179.4;174;175.2;207475;36391641
QIWI;D;20240626;000000;175.6;181;173.4;175.4;364018;64515361
QIWI;D;20240627;000000;175.8;178;174;175.4;199600;35088333
QIWI;D;20240628;000000;176.4;177.8;174.4;175.2;81022;14260282.4
QIWI;D;20240701;000000;175;178.8;173;173.6;270964;47267233.2
QIWI;D;20240702;000000;173.6;174.8;173;173;136459;23663412.8
QIWI;D;20240703;000000;172.8;173.4;169.8;171.8;158655;27267933.4
QIWI;D;20240704;000000;171;173.4;169;169;96980;16643651.4
QIWI;D;20240705;000000;169.2;171;168.8;169.2;59018;10011328.6
QIWI;D;20240708;000000;170;171.4;167.8;168.2;114807;19501446.6
QIWI;D;20240709;000000;167.8;169.8;160.6;160.6;215433;35822376.2
QIWI;D;20240710;000000;161.6;161.6;133.4;136.6;689927;101076397.4
QIWI;D;20240711;000000;139.8;149.4;138.6;147.6;549942;79078390.4
QIWI;D;20240712;000000;147.6;156.8;146;147.4;276856;41437554
QIWI;D;20240715;000000;149.8;149.8;143;144;178267;26171672.2
QIWI;D;20240716;000000;146;153.6;144.2;152;241809;35960153
QIWI;D;20240717;000000;152;155.4;145.6;150;126544;19302837.6
QIWI;D;20240718;000000;150;154;149.6;152.4;113075;17203136.4
QIWI;D;20240719;000000;152.4;160;152.4;154.4;250100;38995745.6
QIWI;D;20240722;000000;163;188;163;188;2960426;540140649.2
QIWI;D;20240723;000000;193;229;191;229;6941785;1535215097.8
QIWI;D;20240724;000000;249.6;252;232;252;4231184;1041490877.4
QIWI;D;20240725;000000;255;277.4;253;277.4;4887766;1307204532.4
QIWI;D;20240726;000000;288.2;305.6;257;262.8;10211814;2972309032
QIWI;D;20240729;000000;272;307.6;267.2;296.6;4603856;1343072141
QIWI;D;20240730;000000;300;305;275.2;288.8;2128016;611227897.2
QIWI;D;20240731;000000;286.4;288;261.4;263.4;1578146;431049157.2
QIWI;D;20240801;000000;262.4;293;245.8;282.6;9255410;2577176740.4
QIWI;D;20240802;000000;280;295;270.8;278.6;3763932;1071429614.8
QIWI;D;20240805;000000;275;286;265.2;269.8;1483310;409295268.8
QIWI;D;20240806;000000;276;287;274;279;1790522;503303898.6
QIWI;D;20240807;000000;281.8;284;273;280.8;819316;227922363.2
QIWI;D;20240808;000000;283;283.6;270.6;274.4;615530;170330316
QIWI;D;20240809;000000;275;275;254.4;264;892185;236680214
QIWI;D;20240812;000000;266;269.8;252.8;256.8;819706;214575091.4
QIWI;D;20240813;000000;257;264.2;244.6;247.4;983012;247827912.8
QIWI;D;20240814;000000;248.4;271.6;238.6;257.4;4767626;1234092193
QIWI;D;20240815;000000;257.4;272.2;248.2;252.6;2662538;694400247.2
QIWI;D;20240816;000000;248;255.8;240.6;242.6;779763;194092500.8
QIWI;D;20240819;000000;246.4;264;238.8;243;1747654;438793913
QIWI;D;20240820;000000;243.4;252.6;238.8;239.4;664916;161531254.6
QIWI;D;20240821;000000;242;242;228.8;232;478667;112387160
QIWI;D;20240822;000000;233;256.8;203;210;6265440;1471520165
QIWI;D;20240823;000000;212;214.8;187.8;192.2;1607263;318531959.4
QIWI;D;20240826;000000;201;211;199.6;211;2209609;461777300.2
QIWI;D;20240827;000000;213.8;221.6;207.2;208.6;946166;202074558
QIWI;D;20240828;000000;210;210;196;198.2;435767;87390404.8
QIWI;D;20240829;000000;200.6;200.6;191.4;193;330146;64271672.8
QIWI;D;20240830;000000;193;193.8;173.6;174.8;1288249;232306319.8
QIWI;D;20240902;000000;187;192;149.8;154.8;2275106;371527693.4
QIWI;D;20240903;000000;156.2;162.8;142.6;150.8;1289669;196455980.6
QIWI;D;20240904;000000;151.8;162;147.2;159;1199814;185895920.8
QIWI;D;20240905;000000;159.2;167;154;155.2;1288146;206883864.6
QIWI;D;20240906;000000;155.4;161.8;152.6;155;536163;83672690.4
QIWI;D;20240909;000000;156.8;161.8;155.4;161.2;440060;69771878.2
QIWI;D;20240910;000000;163.6;165.6;158.8;160.6;407364;65833110.4
QIWI;D;20240911;000000;160.2;175.8;156;170;2596874;442411269.8
QIWI;D;20240912;000000;171.6;181;157.4;165.8;1020226;173813600.8
QIWI;D;20240913;000000;166;172.6;163;167.6;544021;91084077.2
QIWI;D;20240916;000000;170.2;176.8;168.2;170.6;740663;127341726
QIWI;D;20240917;000000;171.2;174.2;167;169.2;391363;66368836.8
QIWI;D;20240918;000000;169;174;167;167.6;450866;76353789.6
QIWI;D;20240919;000000;167.8;168.6;166;166;224971;37596216.2
QIWI;D;20240920;000000;166.8;172;165.2;168.4;343344;57789155.8
QIWI;D;20240923;000000;169;183.6;168.8;183.6;2477700;443490010
QIWI;D;20240924;000000;188;198;184.2;186.4;1421470;269861509.4
QIWI;D;20240925;000000;187.2;190;177;179.2;833821;152782149.8
QIWI;D;20240926;000000;179.2;184;174.2;179.8;386231;69033188.6
QIWI;D;20240927;000000;180.4;187;177.4;180;727080;131356393.4
QIWI;D;20240930;000000;181.4;193.6;180.4;186.2;1036889;194084173.2
QIWI;D;20241001;000000;187;187.8;181.6;182.8;237775;43878888
QIWI;D;20241002;000000;184;189.4;175.8;178;426532;78053976.6
QIWI;D;20241003;000000;178.6;182.8;177.2;180.8;198339;35614322.2
QIWI;D;20241004;000000;180.8;183.6;178.4;180;217430;39264844.6
QIWI;D;20241007;000000;180;187;178;180.8;472299;86372017
QIWI;D;20241008;000000;181.2;197.2;180.2;197.2;1543130;297469789.8
QIWI;D;20241009;000000;200.2;207.8;186.4;188.6;2414775;473402225
QIWI;D;20241010;000000;189.8;205.6;186.8;196.6;2218515;442832565.2
QIWI;D;20241011;000000;198.8;216.4;197.2;212;4907850;1029904603.2
QIWI;D;20241014;000000;215.8;258.8;208.8;253.4;10620319;2555028309.6
QIWI;D;20241015;000000;252.6;272;247.2;260.4;6779730;1792971664.4
QIWI;D;20241016;000000;262.6;270;234;235.8;3332152;833014334
QIWI;D;20241017;000000;235;243;220.2;222.4;1885185;431384285.8
QIWI;D;20241018;000000;224.6;243;222.4;235.6;3481436;817481264.4
QIWI;D;20241021;000000;239;248;236.4;244;2897477;703532970.8
QIWI;D;20241022;000000;248.6;250;230.6;231.4;1199319;287779089.2
QIWI;D;20241023;000000;233;233.6;203.6;208.4;1551026;334563775.8
QIWI;D;20241024;000000;208.2;222.6;206;209.8;2413946;517789341.8
QIWI;D;20241025;000000;209.8;216;199;212.6;1153876;240057172.2
QIWI;D;20241028;000000;214;220;207.2;213.6;970863;207811035.4
QIWI;D;20241029;000000;218.2;220.6;210.2;216.4;1227576;265865803.8
QIWI;D;20241030;000000;217.8;226.2;213.2;214;1529052;335147691
QIWI;D;20241031;000000;214;216.8;210;213.6;550394;117240551.6
QIWI;D;20241101;000000;212.6;216;207.6;211.6;612966;129974705.8
QIWI;D;20241102;000000;212.4;213.6;209;210.2;128644;27158926
QIWI;D;20241105;000000;211.8;215.8;210.8;212;438903;93502858.6
QIWI;D;20241106;000000;215.4;222.8;212.8;215.8;907844;197294262
QIWI;D;20241107;000000;215.8;221.6;211;220;796746;172082150.8
QIWI;D;20241108;000000;222;223.6;217.6;220;1087038;239246632.2
QIWI;D;20241111;000000;221.2;226.6;218.4;220.8;683558;152063355.6
QIWI;D;20241112;000000;221.2;223.8;219.6;220.8;339057;75119910.4
QIWI;D;20241113;000000;221.6;223.2;215.2;215.8;532987;116948969.8
QIWI;D;20241114;000000;216;218.4;213.8;215.8;249198;53999103.6
QIWI;D;20241115;000000;215.8;217.4;207.2;210.8;932523;197415749
QIWI;D;20241118;000000;205;215;202.4;204.4;755368;156425021
QIWI;D;20241119;000000;204.6;207.2;187.2;190.6;990927;191631988.6
QIWI;D;20241120;000000;192.8;194.6;181.4;184;460743;86666182.8
QIWI;D;20241121;000000;186;206.6;170.4;204.8;1961824;364809808.2
QIWI;D;20241122;000000;188.8;206.2;188.8;196.8;1009991;200113104.2
QIWI;D;20241125;000000;198.2;201.4;185.2;187.2;474701;91449194
QIWI;D;20241126;000000;187.8;188.6;170.4;174.2;526114;93616806.6
QIWI;D;20241127;000000;175.8;177;159.2;172.6;1181062;198739138
QIWI;D;20241128;000000;175.8;201.8;170.2;192.8;2256649;430636189.6
QIWI;D;20241129;000000;190;199.4;183;184.4;1056065;201206151.4
QIWI;D;20241202;000000;186.8;189.8;183;184.8;295050;54898275.6
QIWI;D;20241203;000000;184.4;186.2;172.8;174.2;350048;62604836
QIWI;D;20241204;000000;174.6;180.8;167;171.8;288879;50060886.2
QIWI;D;20241205;000000;171.6;186.2;167.6;179.4;689226;122042444.8
QIWI;D;20241206;000000;180.6;181.8;173.8;174.4;301412;53473937
QIWI;D;20241209;000000;176.6;180.2;172;177;239567;42272030.4
QIWI;D;20241210;000000;177;177;168;170.8;233826;40440611.6
QIWI;D;20241211;000000;170.8;191.8;170.2;179.2;1006302;183227846.4
QIWI;D;20241212;000000;181.4;184;176.6;178.8;795599;143320640.8
QIWI;D;20241213;000000;179.4;181.8;175.2;175.6;372016;66345191.6
QIWI;D;20241216;000000;175;176.6;167.8;168.8;411754;70585679.2
QIWI;D;20241217;000000;169;173;162;167.6;529085;88073941.8
QIWI;D;20241218;000000;167.6;174.8;166.2;170.4;766827;130910672.2
QIWI;D;20241219;000000;172.4;174;167.6;169.6;449875;77279940.2
QIWI;D;20241220;000000;169.8;186;167.2;181.4;1765285;317326305.6
QIWI;D;20241223;000000;185;193.4;182;185.6;1568890;293077559.8
QIWI;D;20241224;000000;185.8;185.8;180;181.2;365292;66748293.2
QIWI;D;20241225;000000;180.4;188.6;178.8;185.4;802822;148520861.2
QIWI;D;20241226;000000;185.8;187.6;181;183.4;395674;72600042.4
QIWI;D;20241227;000000;183.4;185;176;180.8;330603;59576192.4
QIWI;D;20241228;000000;181;182.8;177;180.2;228627;41130162
QIWI;D;20241230;000000;180.2;190;180.2;183.8;939316;174827993.8
QIWI;D;20250103;000000;185.8;185.8;177.4;179.2;222264;40288680.4
QIWI;D;20250106;000000;179.2;189;177;184.4;489059;90049043
QIWI;D;20250108;000000;184.8;199.4;181.6;195.8;1205892;233570982
QIWI;D;20250109;000000;196.6;216.4;186.2;191;2669189;534217331.4
QIWI;D;20250110;000000;192.4;204;191.8;194.6;962983;191311709
QIWI;D;20250113;000000;198;200.6;194.6;195.6;331070;65134733.4
QIWI;D;20250114;000000;195.8;196.4;192.6;193.8;158659;30793243.8
QIWI;D;20250115;000000;194;199.4;190;196.6;421789;82299791.4
QIWI;D;20250116;000000;199.8;204.8;195;196;591603;117910983.8
QIWI;D;20250117;000000;196.8;202.6;192.4;197;882822;174501251.4
QIWI;D;20250120;000000;202;202;192;193.2;386386;75827564.4
QIWI;D;20250121;000000;193.8;196.8;192.8;195.6;99948;19473186
QIWI;D;20250122;000000;195.6;208;194.4;201.4;1065832;216658256.4
QIWI;D;20250123;000000;201.2;211;198.8;202.6;846146;174682231.6
QIWI;D;20250124;000000;207.2;209;194.4;198.4;686559;138438746
QIWI;D;20250127;000000;201;204.8;197.2;198.2;253141;50982540
QIWI;D;20250128;000000;199.2;203;197.2;202.2;156739;31545587.6
QIWI;D;20250129;000000;202.8;206;200.4;200.6;197206;39902703.8
QIWI;D;20250130;000000;201.6;202.6;197.2;200.6;182333;36646703
QIWI;D;20250131;000000;202.4;202.4;198.2;198.4;123966;24763172.6
QIWI;D;20250203;000000;196.2;199.4;196;196.6;141547;27986604.6
QIWI;D;20250204;000000;197.8;198.8;191.2;191.2;123184;24124493.4
QIWI;D;20250205;000000;191.8;193.2;183.6;192.8;348867;65908462
QIWI;D;20250206;000000;193.6;195.6;190.4;192.6;117466;22712109
QIWI;D;20250207;000000;192.4;193;188;190.6;160672;30498210.6
QIWI;D;20250210;000000;191.4;197.8;191;192;240499;46777052.2
QIWI;D;20250211;000000;191.4;195.2;191.4;195.2;114754;22298135.2
QIWI;D;20250212;000000;196;210.2;194.6;205.8;1743577;353178972.6
