<TICKER>;<PER>;<DATE>;<TIME>;<OPEN>;<HIGH>;<LOW>;<CLOSE>;<AMOUNT>;<VOLUME>
RSTIP;D;20130426;000000;0.901;0.95;0.901;0.9372;5433000;5069586.7
RSTIP;D;20130429;000000;0.99;0.99;0.9399;0.9599;2741000;2638808.2
RSTIP;D;20130430;000000;0.968;0.9895;0.9405;0.971;9863000;9471622.7
RSTIP;D;20130502;000000;0.97;1.0377;0.9641;1.0003;8307000;8314580.8
RSTIP;D;20130503;000000;1.0299;1.0299;0.9734;1.0012;7367000;7379502.8
RSTIP;D;20130506;000000;1.03;1.037;0.989;0.9999;2312000;2314869.5
RSTIP;D;20130507;000000;0.9948;1.0043;0.99;1;1286000;1280049.6
RSTIP;D;20130508;000000;1;1.015;0.98;0.992;1397000;1387193.7
RSTIP;D;20130510;000000;1.0099;1.0099;0.976;0.993;2926000;2899439
RSTIP;D;20130513;000000;0.9929;1;0.98;0.9944;1249000;1241669
RSTIP;D;20130514;000000;0.9821;1.039;0.9821;1;7966000;7971600.5
RSTIP;D;20130515;000000;1.01;1.3;0.9905;1;9276000;9844929.7
RSTIP;D;20130516;000000;0.9999;1;0.9401;0.95;7319000;7073249.9
RSTIP;D;20130517;000000;0.95;0.98;0.9491;0.9654;6743000;6443848.8
RSTIP;D;20130520;000000;0.9878;0.9878;0.9675;0.9799;2694000;2632430.1
RSTIP;D;20130521;000000;0.9889;1.015;0.975;1.005;7464000;7421827.8
RSTIP;D;20130522;000000;1.0181;1.0267;0.9987;1.0239;8784000;8851989.5
RSTIP;D;20130523;000000;1.0075;1.0444;0.9898;1.018;8060000;8179011.5
RSTIP;D;20130524;000000;0.9775;0.9775;0.925;0.9599;9443000;8974850.5
RSTIP;D;20130527;000000;0.962;0.9659;0.9257;0.947;809000;765080.8
RSTIP;D;20130528;000000;0.9508;0.954;0.9161;0.9449;2660000;2491557.5
RSTIP;D;20130529;000000;0.943;0.943;0.9101;0.917;2840000;2613152.2
RSTIP;D;20130530;000000;0.9055;0.928;0.905;0.923;3599000;3313253.7
RSTIP;D;20130531;000000;0.924;0.9289;0.9053;0.9058;943000;861762.5
RSTIP;D;20130603;000000;0.9;0.9029;0.8858;0.9;2283000;2052710.1
RSTIP;D;20130604;000000;1.0105;1.0105;0.899;0.899;1006000;908370.7
RSTIP;D;20130605;000000;0.9;0.9;0.853;0.8743;1368000;1191880.1
RSTIP;D;20130606;000000;0.8603;0.8603;0.8223;0.8288;3870000;3246354.7
RSTIP;D;20130607;000000;0.8398;0.847;0.8311;0.8354;1619000;1360904.2
RSTIP;D;20130610;000000;0.8498;0.9;0.83;0.8361;5231000;4420873.8
RSTIP;D;20130611;000000;0.8389;0.84;0.8128;0.84;522000;433467.5
RSTIP;D;20130613;000000;0.8203;0.8349;0.8017;0.8349;536000;440645.1
RSTIP;D;20130614;000000;0.8343;0.8439;0.8308;0.837;353000;294905.5
RSTIP;D;20130617;000000;0.8446;0.869;0.8446;0.85;242000;207024.7
RSTIP;D;20130618;000000;0.8402;0.857;0.8401;0.853;159000;135032
RSTIP;D;20130619;000000;0.854;0.854;0.84;0.8479;399000;338766.7
RSTIP;D;20130620;000000;0.825;0.8409;0.825;0.8397;679000;570140
RSTIP;D;20130621;000000;0.8316;0.8481;0.82;0.8319;3119000;2587769.7
RSTIP;D;20130624;000000;0.82;0.8476;0.8181;0.83;440000;366395.6
RSTIP;D;20130625;000000;0.85;0.85;0.8287;0.8494;409000;347116
RSTIP;D;20130626;000000;0.859;0.8777;0.8487;0.8487;358000;309309.5
RSTIP;D;20130627;000000;0.9517;0.9517;0.85;0.8612;339000;294720.3
RSTIP;D;20130628;000000;0.88;0.8805;0.8169;0.856;1012000;861582.7
RSTIP;D;20130701;000000;0.85;0.8695;0.8412;0.851;565000;484678.8
RSTIP;D;20130702;000000;0.8515;0.8693;0.8515;0.8536;246000;211086.9
RSTIP;D;20130703;000000;0.8412;0.87;0.8412;0.8523;3185000;2727957.3
RSTIP;D;20130704;000000;0.9868;0.9868;0.8451;0.8631;547000;473880.6
RSTIP;D;20130705;000000;0.8605;0.8995;0.8324;0.87;4115000;3564030.7
RSTIP;D;20130708;000000;0.9885;0.9885;0.8561;0.87;1897000;1685842.5
RSTIP;D;20130709;000000;0.8799;0.8799;0.86;0.865;725000;627149.2
RSTIP;D;20130710;000000;0.8507;0.869;0.8507;0.869;120000;103114.9
RSTIP;D;20130711;000000;0.8869;0.8869;0.8614;0.8681;2014000;1744910.6
RSTIP;D;20130712;000000;0.87;0.8832;0.865;0.873;424000;368358.2
RSTIP;D;20130715;000000;0.88;0.9151;0.8663;0.8846;1136000;1003015.3
RSTIP;D;20130716;000000;0.889;0.889;0.8705;0.8788;899000;788663.5
RSTIP;D;20130717;000000;0.8899;0.9298;0.8708;0.8985;12593000;11320488.9
RSTIP;D;20130718;000000;0.8898;0.9089;0.8831;0.9;5203000;4670596.8
RSTIP;D;20130719;000000;0.8999;0.905;0.88;0.9039;8342000;7505777
RSTIP;D;20130722;000000;0.9001;0.9086;0.8907;0.9022;547000;493361.6
RSTIP;D;20130723;000000;0.891;0.9148;0.8723;0.8991;2057000;1831853
RSTIP;D;20130724;000000;0.8951;0.8951;0.8748;0.8802;362000;319419
RSTIP;D;20130725;000000;0.8706;0.8879;0.8705;0.8705;460000;403897
RSTIP;D;20130726;000000;0.8729;0.8729;0.8607;0.868;415000;359030.8
RSTIP;D;20130729;000000;0.8699;0.8919;0.8675;0.8702;5774000;5116011
RSTIP;D;20130730;000000;0.8887;0.8948;0.8763;0.886;660000;586102.8
RSTIP;D;20130731;000000;0.8851;0.9;0.8851;0.888;1745000;1564357.7
RSTIP;D;20130801;000000;0.889;0.8989;0.87;0.8836;5050000;4401117.5
RSTIP;D;20130802;000000;0.8938;0.897;0.8699;0.8812;690000;607606
RSTIP;D;20130805;000000;0.8949;0.8999;0.8782;0.8998;352000;314961.4
RSTIP;D;20130806;000000;0.9;0.9;0.88;0.88;176000;155248
RSTIP;D;20130807;000000;0.88;0.889;0.862;0.8752;523000;455899.3
RSTIP;D;20130808;000000;0.8735;0.8894;0.8733;0.88;299000;261624.9
RSTIP;D;20130809;000000;0.88;0.9;0.87;0.8901;934000;832821.9
RSTIP;D;20130812;000000;0.8997;0.8997;0.8889;0.8965;51000;45725.8
RSTIP;D;20130813;000000;0.8952;0.9048;0.8903;0.8997;6457000;5810277.3
RSTIP;D;20130814;000000;0.9018;0.9044;0.897;0.901;1501000;1352613.2
RSTIP;D;20130815;000000;0.8976;0.9001;0.885;0.885;3467000;3108886.1
RSTIP;D;20130816;000000;0.8945;0.9;0.8859;0.891;662000;592523
RSTIP;D;20130819;000000;0.899;0.9;0.891;0.8999;1056000;948830.6
RSTIP;D;20130820;000000;0.89;0.8998;0.887;0.89;2121000;1892039.5
RSTIP;D;20130821;000000;0.89;0.8979;0.8852;0.8972;1347000;1198880.2
RSTIP;D;20130822;000000;0.895;0.9;0.8821;0.8996;1762000;1583783.6
RSTIP;D;20130823;000000;0.8953;0.902;0.8902;0.8952;38000;33990
RSTIP;D;20130826;000000;0.9015;0.9015;0.884;0.892;968000;865798
RSTIP;D;20130827;000000;0.8978;0.898;0.8842;0.8843;987000;882065.9
RSTIP;D;20130828;000000;0.884;0.8846;0.8631;0.87;2353000;2043571.3
RSTIP;D;20130829;000000;0.8727;0.8799;0.87;0.8795;986000;860896.4
RSTIP;D;20130830;000000;0.8795;0.8888;0.8559;0.8625;1505000;1300704.3
RSTIP;D;20130902;000000;0.8659;1.0488;0.8602;0.8727;1130000;989514.8
RSTIP;D;20130903;000000;0.8761;1;0.8761;0.8761;1265000;1119445.9
RSTIP;D;20130904;000000;0.877;0.877;0.8507;0.8679;769000;659947.1
RSTIP;D;20130905;000000;0.8631;0.8777;0.863;0.8777;435000;378328.9
RSTIP;D;20130906;000000;0.8727;0.8758;0.851;0.8693;315000;272776.7
RSTIP;D;20130909;000000;0.8724;0.8851;0.8724;0.8851;1499000;1317892.8
RSTIP;D;20130910;000000;0.8852;0.9;0.8825;0.8903;661000;588378.6
RSTIP;D;20130911;000000;0.8899;0.92;0.8898;0.902;7783000;7069669
RSTIP;D;20130912;000000;0.9021;0.9021;0.8771;0.8915;796000;709759.8
RSTIP;D;20130913;000000;0.8864;0.8945;0.8727;0.877;642000;563127.3
RSTIP;D;20130916;000000;0.8879;0.8977;0.86;0.8675;3600000;3147474.7
RSTIP;D;20130917;000000;0.8699;0.881;0.85;0.8604;1071000;918418.6
RSTIP;D;20130918;000000;0.8601;0.8764;0.86;0.8642;766000;662249
RSTIP;D;20130919;000000;0.8737;0.8968;0.8651;0.87;1299000;1138235.4
RSTIP;D;20130920;000000;0.8701;0.8701;0.8563;0.8662;1300000;1120328.6
RSTIP;D;20130923;000000;0.8713;0.8727;0.8549;0.866;1136000;978245.5
RSTIP;D;20130924;000000;0.8625;0.8692;0.8502;0.8588;738000;631291
RSTIP;D;20130925;000000;0.8596;0.8877;0.8596;0.8712;2123000;1836410.7
RSTIP;D;20130926;000000;0.9445;0.9445;0.87;0.8795;731000;639957.7
RSTIP;D;20130927;000000;0.951;0.951;0.865;0.8792;1466000;1284188.9
RSTIP;D;20130930;000000;0.8855;0.888;0.86;0.8686;3599000;3136028.7
RSTIP;D;20131001;000000;0.872;0.872;0.859;0.8626;1760000;1517948.6
RSTIP;D;20131002;000000;0.869;0.8692;0.859;0.861;1137000;981163.5
RSTIP;D;20131003;000000;0.861;0.8619;0.8566;0.859;1885000;1620108.4
RSTIP;D;20131004;000000;0.8624;0.8624;0.851;0.8529;2891000;2472228.7
RSTIP;D;20131007;000000;0.8532;0.8592;0.8251;0.835;2712000;2285717.9
RSTIP;D;20131008;000000;0.8425;0.8499;0.835;0.84;3155000;2650108.4
RSTIP;D;20131009;000000;0.84;0.84;0.8198;0.8257;6188000;5107388.5
RSTIP;D;20131010;000000;0.829;0.84;0.802;0.816;8353000;6787114.7
RSTIP;D;20131011;000000;0.816;0.8247;0.8047;0.8247;2947000;2403628.1
RSTIP;D;20131014;000000;0.8247;0.8298;0.813;0.818;1229000;1005596
RSTIP;D;20131015;000000;0.818;0.8274;0.809;0.8149;2096000;1709747.9
RSTIP;D;20131016;000000;0.815;0.8181;0.81;0.8167;1194000;971116.3
RSTIP;D;20131017;000000;0.8257;0.826;0.815;0.8151;1316000;1077399
RSTIP;D;20131018;000000;0.8166;0.8197;0.8091;0.818;1642000;1334056.8
RSTIP;D;20131021;000000;0.8399;0.8399;0.8126;0.8299;3816000;3147697.1
RSTIP;D;20131022;000000;0.8301;0.8335;0.8258;0.827;2260000;1875106.8
RSTIP;D;20131023;000000;0.8271;0.8286;0.8133;0.815;1487000;1215146
RSTIP;D;20131024;000000;0.818;0.82;0.8;0.8114;2666000;2152005.2
RSTIP;D;20131025;000000;0.815;0.815;0.8046;0.8094;1154000;932284.5
RSTIP;D;20131028;000000;0.8155;0.8155;0.8057;0.8081;442000;357513.8
RSTIP;D;20131029;000000;0.8134;0.8145;0.8074;0.8097;2206000;1786829.3
RSTIP;D;20131030;000000;0.8097;0.8129;0.8076;0.8087;3615000;2927451.9
RSTIP;D;20131031;000000;0.8099;0.81;0.8;0.8064;3804000;3057355.9
RSTIP;D;20131101;000000;0.8085;0.8149;0.8043;0.8051;1147000;927010.4
RSTIP;D;20131105;000000;0.8085;0.8115;0.805;0.806;1016000;820746.6
RSTIP;D;20131106;000000;0.8305;0.8305;0.8061;0.807;835000;675215.6
RSTIP;D;20131107;000000;0.81;0.8129;0.804;0.8047;1789000;1444134.7
RSTIP;D;20131108;000000;0.8011;0.8042;0.7716;0.783;4963000;3906498.3
RSTIP;D;20131111;000000;0.7956;0.7978;0.76;0.77;2041000;1585274.3
RSTIP;D;20131112;000000;0.7701;0.7793;0.7491;0.7545;4497000;3404344.7
RSTIP;D;20131113;000000;0.7545;0.7545;0.7364;0.737;5585000;4148715.7
RSTIP;D;20131114;000000;0.7489;0.7699;0.7004;0.7196;14166000;10125641.2
RSTIP;D;20131115;000000;0.7215;0.744;0.7022;0.7137;7565000;5424576.3
RSTIP;D;20131118;000000;0.7228;0.7344;0.7123;0.7194;1441000;1034849
RSTIP;D;20131119;000000;0.72;0.72;0.7032;0.7034;956000;679596.6
RSTIP;D;20131120;000000;0.7085;0.7246;0.6875;0.7246;3299000;2300467.2
RSTIP;D;20131121;000000;0.7246;0.7246;0.7041;0.7167;2474000;1761937.9
RSTIP;D;20131122;000000;0.7278;0.7278;0.6925;0.7151;2709000;1918877.2
RSTIP;D;20131125;000000;0.7264;0.728;0.7005;0.7072;1586000;1123331.8
RSTIP;D;20131126;000000;0.708;0.708;0.6921;0.6951;3691000;2574033.1
RSTIP;D;20131127;000000;0.6972;0.715;0.692;0.6972;6351000;4439955.6
RSTIP;D;20131128;000000;0.7045;0.7066;0.6902;0.695;1951000;1352535
RSTIP;D;20131129;000000;0.6954;0.6966;0.6887;0.6897;3129000;2162191.1
RSTIP;D;20131202;000000;0.6902;0.6967;0.6885;0.6918;1221000;843424.2
RSTIP;D;20131203;000000;0.692;0.692;0.67;0.679;3439000;2338047.9
RSTIP;D;20131204;000000;0.6795;0.7151;0.6726;0.711;4747000;3299336.1
RSTIP;D;20131205;000000;0.7182;0.7275;0.706;0.7155;5424000;3883358.7
RSTIP;D;20131206;000000;0.7198;0.7265;0.7132;0.7239;2898000;2088736.9
RSTIP;D;20131209;000000;0.7612;0.7612;0.7182;0.7199;2257000;1638764
RSTIP;D;20131210;000000;0.72;0.7236;0.7052;0.7111;1492000;1069004
RSTIP;D;20131211;000000;0.7105;0.7184;0.706;0.7144;1680000;1199241.7
RSTIP;D;20131212;000000;0.715;0.715;0.6914;0.7;3764000;2636345.7
RSTIP;D;20131213;000000;0.7011;0.716;0.6903;0.7132;1422000;999423.4
RSTIP;D;20131216;000000;0.7558;0.7558;0.6933;0.718;861000;615103.9
RSTIP;D;20131217;000000;0.7195;0.727;0.7011;0.7088;3678000;2641221.8
RSTIP;D;20131218;000000;0.71;0.72;0.7036;0.7128;1285000;917537.8
RSTIP;D;20131219;000000;0.7175;0.7175;0.7078;0.7149;950000;677306.7
RSTIP;D;20131220;000000;0.722;0.7344;0.7001;0.7001;10497000;7487244.7
RSTIP;D;20131223;000000;0.7194;0.7504;0.7137;0.7485;12055000;8843270.4
RSTIP;D;20131224;000000;0.748;0.75;0.7402;0.7427;2120000;1579698.3
RSTIP;D;20131225;000000;0.7465;0.7465;0.73;0.7403;5931000;4356997.6
RSTIP;D;20131226;000000;0.7403;0.756;0.7333;0.74;2816000;2085957.6
RSTIP;D;20131227;000000;0.739;0.7497;0.7307;0.7367;1868000;1373679
RSTIP;D;20131230;000000;0.7401;0.745;0.7375;0.74;2274000;1685637.5
RSTIP;D;20140106;000000;0.7694;0.775;0.7452;0.7463;794000;601741.1
RSTIP;D;20140108;000000;0.7455;0.7567;0.7455;0.746;1494000;1122953.4
RSTIP;D;20140109;000000;0.7639;0.7639;0.7372;0.7402;3926000;2915528.8
RSTIP;D;20140110;000000;0.7422;0.7444;0.73;0.7321;3170000;2336894.9
RSTIP;D;20140113;000000;0.7372;0.7443;0.7321;0.7435;1281000;946763
RSTIP;D;20140114;000000;0.7436;0.7436;0.7302;0.7381;2834000;2089434.7
RSTIP;D;20140115;000000;0.745;0.764;0.7335;0.7475;5722000;4318177.4
RSTIP;D;20140116;000000;0.7599;0.7599;0.7355;0.74;2421000;1802558.2
RSTIP;D;20140117;000000;0.741;0.7482;0.735;0.7447;3280000;2430996.1
RSTIP;D;20140120;000000;0.7448;0.761;0.739;0.7608;10613000;8023088.2
RSTIP;D;20140121;000000;0.76;0.7703;0.7525;0.7599;3974000;3016411.7
RSTIP;D;20140122;000000;0.7599;0.7798;0.7383;0.764;4893000;3710905.6
RSTIP;D;20140123;000000;0.766;0.793;0.7645;0.7866;3893000;3044334.6
RSTIP;D;20140124;000000;0.7842;0.794;0.78;0.7899;3083000;2436587.5
RSTIP;D;20140127;000000;0.7892;0.797;0.7763;0.7808;2928000;2300134.1
RSTIP;D;20140128;000000;0.7747;0.7867;0.7747;0.7777;855000;667454.4
RSTIP;D;20140129;000000;0.7859;0.7859;0.7724;0.7724;711000;554101.8
RSTIP;D;20140130;000000;0.7791;0.7791;0.74;0.7556;2862000;2170031.8
RSTIP;D;20140131;000000;0.755;0.7596;0.7383;0.7401;5345000;3999072
RSTIP;D;20140203;000000;0.745;0.745;0.7183;0.7247;5958000;4369511
RSTIP;D;20140204;000000;0.72;0.724;0.7005;0.7196;5484000;3900739.3
RSTIP;D;20140205;000000;0.7298;0.7575;0.7153;0.7238;7040000;5136266.6
RSTIP;D;20140206;000000;0.7344;0.7401;0.723;0.7288;1713000;1250550.4
RSTIP;D;20140207;000000;0.7423;0.7423;0.716;0.7252;7008000;5076324.3
RSTIP;D;20140210;000000;0.7295;0.7336;0.7253;0.7273;2071000;1512487
RSTIP;D;20140211;000000;0.7311;0.7355;0.7252;0.7355;2595000;1896620.8
RSTIP;D;20140212;000000;0.7432;0.7453;0.7357;0.7402;3043000;2255843.4
RSTIP;D;20140213;000000;0.7402;0.7476;0.7402;0.7407;1604000;1190447.5
RSTIP;D;20140214;000000;0.7449;0.7451;0.7377;0.7406;1553000;1151099.6
RSTIP;D;20140217;000000;0.7454;0.7475;0.7411;0.7425;847000;631105.9
RSTIP;D;20140218;000000;0.7444;0.75;0.7429;0.7458;2476000;1850816.9
RSTIP;D;20140219;000000;0.7424;0.7476;0.7374;0.7381;1617000;1197982.6
RSTIP;D;20140220;000000;0.74;0.7421;0.7323;0.7368;1672000;1232903.4
RSTIP;D;20140221;000000;0.741;0.741;0.7342;0.735;527000;388344.2
RSTIP;D;20140224;000000;0.74;0.742;0.7336;0.7418;1160000;857324.9
RSTIP;D;20140225;000000;0.7394;0.7417;0.7362;0.7362;343000;253111.8
RSTIP;D;20140226;000000;0.7417;0.7454;0.7322;0.7322;1516000;1120616.1
RSTIP;D;20140227;000000;0.7367;0.7367;0.7021;0.7112;3334000;2390553.7
RSTIP;D;20140228;000000;0.7144;0.7188;0.6999;0.7129;4082000;2890525.8
RSTIP;D;20140303;000000;0.673;0.6997;0.6;0.63;12697000;8044724.5
RSTIP;D;20140304;000000;0.6346;0.6687;0.6061;0.66;5925000;3824423.1
RSTIP;D;20140305;000000;0.6783;0.6783;0.659;0.6603;4227000;2813614.7
RSTIP;D;20140306;000000;0.6778;0.6778;0.6351;0.65;3234000;2129685.1
RSTIP;D;20140307;000000;0.6505;0.6647;0.6401;0.65;2366000;1540323.2
RSTIP;D;20140311;000000;0.65;0.6664;0.6462;0.6465;1765000;1151272.4
RSTIP;D;20140312;000000;0.6533;0.6533;0.6179;0.6259;3406000;2151918.7
RSTIP;D;20140313;000000;0.6449;0.6449;0.6101;0.6101;2701000;1694268.5
RSTIP;D;20140314;000000;0.61;0.6268;0.5881;0.6;7335000;4382293.3
RSTIP;D;20140317;000000;0.6299;0.6377;0.6102;0.6317;1078000;678632.7
RSTIP;D;20140318;000000;0.648;0.6739;0.62;0.6729;1603000;1060679.3
RSTIP;D;20140319;000000;0.6701;0.684;0.6649;0.6738;1853000;1250641.3
RSTIP;D;20140320;000000;0.6739;0.6848;0.67;0.6754;1513000;1024726.1
RSTIP;D;20140321;000000;0.6753;0.6994;0.67;0.6897;1783000;1221009.7
RSTIP;D;20140324;000000;0.6998;0.7099;0.6909;0.7059;1547000;1087801.7
RSTIP;D;20140325;000000;0.7098;0.725;0.7006;0.7218;1385000;986758.5
RSTIP;D;20140326;000000;0.7227;0.7227;0.7061;0.7115;1249000;891262.4
RSTIP;D;20140327;000000;0.71;0.7108;0.7001;0.7102;1034000;727604
RSTIP;D;20140328;000000;0.797;0.797;0.7007;0.7045;2538000;1800885.2
RSTIP;D;20140331;000000;0.7099;0.713;0.6962;0.7105;1294000;907623.8
RSTIP;D;20140401;000000;0.7106;0.7208;0.7008;0.7066;1042000;740797.5
RSTIP;D;20140402;000000;0.7085;0.715;0.7011;0.7095;1055000;742477.5
RSTIP;D;20140403;000000;0.71;0.71;0.695;0.7;735000;515356.1
RSTIP;D;20140404;000000;0.707;0.7071;0.6924;0.7004;479000;335643.2
RSTIP;D;20140407;000000;0.7026;0.7125;0.675;0.687;2501000;1708810.9
RSTIP;D;20140408;000000;0.695;0.7062;0.6805;0.6877;614000;424134.3
RSTIP;D;20140409;000000;0.7;0.7;0.6836;0.688;528000;362656.2
RSTIP;D;20140410;000000;0.6984;0.6984;0.688;0.6979;333000;230691.8
RSTIP;D;20140411;000000;0.6951;0.7199;0.6879;0.7031;996000;699695.6
RSTIP;D;20140414;000000;0.7026;0.713;0.688;0.6921;769000;535520.8
RSTIP;D;20140415;000000;0.6938;0.7036;0.686;0.6881;3175000;2212065.4
RSTIP;D;20140416;000000;0.691;0.7;0.6894;0.6965;1888000;1304555.4
RSTIP;D;20140417;000000;0.6961;0.7054;0.69;0.69;1135000;786853.9
RSTIP;D;20140418;000000;0.7;0.7098;0.69;0.695;1889000;1309935.2
RSTIP;D;20140421;000000;0.7021;0.7021;0.6888;0.6928;671000;464142.2
RSTIP;D;20140422;000000;0.6681;0.6955;0.6681;0.69;1319000;909300.1
RSTIP;D;20140423;000000;0.69;0.6995;0.6877;0.6901;563000;389131.9
RSTIP;D;20140424;000000;0.694;0.6967;0.6565;0.665;2732000;1856548.3
RSTIP;D;20140425;000000;0.664;0.6767;0.6299;0.637;5646000;3605833.1
RSTIP;D;20140428;000000;0.6376;0.6649;0.6125;0.6411;3753000;2358177.6
RSTIP;D;20140429;000000;0.6412;0.6555;0.6322;0.6323;1070000;684150.5
RSTIP;D;20140430;000000;0.6387;0.6387;0.6199;0.6292;5061000;3155006.2
RSTIP;D;20140502;000000;0.629;0.629;0.6101;0.6128;712000;438632.3
RSTIP;D;20140505;000000;0.6169;0.6199;0.6006;0.6085;2716000;1654262.7
RSTIP;D;20140506;000000;0.6092;0.6198;0.609;0.6157;1570000;963640.5
RSTIP;D;20140507;000000;0.6176;0.6293;0.6013;0.6289;3707000;2289542.3
RSTIP;D;20140508;000000;0.6208;0.6212;0.6092;0.6197;8579000;5306655.1
RSTIP;D;20140512;000000;0.6292;0.6292;0.61;0.62;6935000;4296334.7
RSTIP;D;20140513;000000;0.62;0.62;0.6069;0.6099;15600000;9603955.6
RSTIP;D;20140514;000000;0.6186;0.6186;0.6028;0.6122;6255000;3798666.8
RSTIP;D;20140515;000000;0.614;0.6159;0.6032;0.6091;6019000;3678437.1
RSTIP;D;20140516;000000;0.6089;0.61;0.6001;0.6099;3374000;2052643.6
RSTIP;D;20140519;000000;0.6161;0.6161;0.5951;0.6;29375000;17625985.4
RSTIP;D;20140520;000000;0.6052;0.6093;0.5986;0.6;15875000;9525560.4
RSTIP;D;20140521;000000;0.6006;0.605;0.598;0.5999;6107000;3663923.4
RSTIP;D;20140522;000000;0.6002;0.606;0.5956;0.6001;15951000;9569058.9
RSTIP;D;20140523;000000;0.6053;0.6054;0.55;0.6;10148000;6065827.4
RSTIP;D;20140526;000000;0.6075;0.61;0.5954;0.5996;10593000;6360465.6
RSTIP;D;20140527;000000;0.59;0.6068;0.5712;0.578;5307000;3073527.3
RSTIP;D;20140528;000000;0.579;0.58;0.5672;0.5698;7859000;4479731.3
RSTIP;D;20140529;000000;0.5701;0.5988;0.5701;0.5866;4519000;2660292.3
RSTIP;D;20140530;000000;0.5932;0.5932;0.5676;0.5731;3180000;1822455.9
RSTIP;D;20140602;000000;0.577;0.5783;0.5665;0.57;11156000;6358830.9
RSTIP;D;20140603;000000;0.5699;0.5748;0.558;0.567;16383000;9175163.2
RSTIP;D;20140604;000000;0.5674;0.58;0.548;0.5501;9155000;5058988.2
RSTIP;D;20140605;000000;0.5555;0.5557;0.545;0.5451;3253000;1784659.8
RSTIP;D;20140606;000000;0.544;0.564;0.5322;0.538;13095000;7060610.5
RSTIP;D;20140609;000000;0.541;0.541;0.5228;0.5295;23572000;12490894.8
RSTIP;D;20140610;000000;0.528;0.5359;0.5102;0.5201;18678000;9716824.2
RSTIP;D;20140611;000000;0.52;0.528;0.5081;0.514;22804000;11632794.6
RSTIP;D;20140616;000000;0.509;0.5119;0.4956;0.5;18907000;9457675.3
RSTIP;D;20140617;000000;0.5003;0.5003;0.4892;0.4938;44191000;21930035.9
RSTIP;D;20140618;000000;0.4916;0.496;0.4836;0.4883;32838000;16039673.3
RSTIP;D;20140619;000000;0.489;0.489;0.4766;0.4779;16112000;7783659.5
RSTIP;D;20140620;000000;0.4827;0.4827;0.4609;0.469;29719000;13976973.3
RSTIP;D;20140623;000000;0.4749;0.4749;0.4655;0.4698;1902000;893005
RSTIP;D;20140624;000000;0.4748;0.48;0.4596;0.4635;37242000;17361455
RSTIP;D;20140625;000000;0.4635;0.4691;0.4575;0.464;13053000;6009431.9
RSTIP;D;20140626;000000;0.464;0.4669;0.4537;0.4591;42165000;19379423.8
RSTIP;D;20140627;000000;0.459;0.469;0.45;0.451;22046000;10076937.4
RSTIP;D;20140630;000000;0.4548;0.4548;0.43;0.4303;59982000;26170689.8
RSTIP;D;20140701;000000;0.4321;0.4674;0.429;0.4598;28880000;13061702.6
RSTIP;D;20140702;000000;0.4644;0.4851;0.455;0.455;84632000;39677164.5
RSTIP;D;20140703;000000;0.4648;0.4815;0.458;0.4796;21500000;10189904.1
RSTIP;D;20140704;000000;0.48;0.483;0.472;0.4786;9425000;4492712.6
RSTIP;D;20140707;000000;0.4782;0.48;0.4682;0.479;1955000;926468.6
RSTIP;D;20140708;000000;0.4799;0.485;0.4777;0.4798;5381000;2587152.1
RSTIP;D;20140709;000000;0.479;0.4824;0.4726;0.48;13735000;6572772.1
RSTIP;D;20140710;000000;0.48;0.4822;0.4633;0.4666;3679000;1739461.6
RSTIP;D;20140711;000000;0.47;0.47;0.457;0.4685;3292000;1519495.1
RSTIP;D;20140714;000000;0.4701;0.4845;0.4661;0.4798;6663000;3188577.5
RSTIP;D;20140715;000000;0.479;0.4974;0.4772;0.486;13041000;6357719.3
RSTIP;D;20140716;000000;0.486;0.4914;0.486;0.4888;2576000;1256382.5
RSTIP;D;20140717;000000;0.487;0.487;0.47;0.4756;8160000;3885139.4
RSTIP;D;20140718;000000;0.47;0.4737;0.4658;0.4725;5142000;2410406.8
RSTIP;D;20140721;000000;0.4705;0.4743;0.459;0.4608;4996000;2326647.9
RSTIP;D;20140722;000000;0.4621;0.4736;0.4553;0.4728;2492000;1166741.5
RSTIP;D;20140723;000000;0.4745;0.4796;0.4602;0.4669;2791000;1307432.3
RSTIP;D;20140724;000000;0.4761;0.4761;0.4654;0.4683;2155000;1010223.2
RSTIP;D;20140725;000000;0.4845;0.4845;0.466;0.47;2581000;1218372.4
RSTIP;D;20140728;000000;0.4681;0.475;0.46;0.466;14553000;6875479.2
RSTIP;D;20140729;000000;0.47;0.4709;0.4623;0.4709;1215000;567516.3
RSTIP;D;20140730;000000;0.471;0.4748;0.4621;0.472;609000;286901.9
RSTIP;D;20140731;000000;0.477;0.477;0.4619;0.4627;3852000;1788580.9
RSTIP;D;20140801;000000;0.4628;0.4628;0.4525;0.4561;8380000;3831662.3
RSTIP;D;20140804;000000;0.4666;0.477;0.4618;0.4735;5006000;2352848.5
RSTIP;D;20140805;000000;0.4738;0.4784;0.46;0.4644;5923000;2756711.8
RSTIP;D;20140806;000000;0.4667;0.4686;0.4563;0.459;8077000;3747446.6
RSTIP;D;20140807;000000;0.458;0.4598;0.449;0.4598;7335000;3325323.3
RSTIP;D;20140808;000000;0.4577;0.4649;0.4528;0.463;1160000;536166.7
RSTIP;D;20140811;000000;0.465;0.48;0.441;0.469;4049000;1881986.7
RSTIP;D;20140812;000000;0.47;0.4723;0.4575;0.4629;3602000;1664163.1
RSTIP;D;20140813;000000;0.4654;0.473;0.46;0.4699;6545000;3070138.4
RSTIP;D;20140814;000000;0.475;0.475;0.4677;0.4715;3522000;1656924.3
RSTIP;D;20140815;000000;0.4705;0.4712;0.468;0.4703;2752000;1294641.6
RSTIP;D;20140818;000000;0.4747;0.4747;0.4649;0.4679;1327000;620370.4
RSTIP;D;20140819;000000;0.47;0.4743;0.4673;0.474;3355000;1586207
RSTIP;D;20140820;000000;0.4766;0.4769;0.47;0.475;1603000;756437.3
RSTIP;D;20140821;000000;0.4768;0.4788;0.47;0.4774;4497000;2127856.6
RSTIP;D;20140822;000000;0.4754;0.4754;0.4673;0.4704;3020000;1418933.7
RSTIP;D;20140825;000000;0.4711;0.4769;0.4685;0.471;1035000;487224.5
RSTIP;D;20140826;000000;0.4699;0.4742;0.465;0.4697;2061000;968284
RSTIP;D;20140827;000000;0.4728;0.475;0.469;0.4719;2175000;1024477.4
RSTIP;D;20140828;000000;0.47;0.4711;0.4634;0.464;3480000;1617724.5
RSTIP;D;20140829;000000;0.4698;0.4872;0.4612;0.485;22081000;10544958.1
RSTIP;D;20140901;000000;0.4909;0.5089;0.4909;0.4959;10571000;5274963.2
RSTIP;D;20140902;000000;0.495;0.4952;0.4885;0.4945;16555000;8120387.6
RSTIP;D;20140903;000000;0.4946;0.516;0.492;0.5013;15261000;7713715.5
RSTIP;D;20140904;000000;0.5011;0.515;0.4913;0.5113;34239000;17327873.3
RSTIP;D;20140905;000000;0.5148;0.53;0.5043;0.526;58087000;30328205.2
RSTIP;D;20140908;000000;0.5222;0.5276;0.5164;0.5194;1788000;936882.8
RSTIP;D;20140909;000000;0.5181;0.5296;0.5152;0.5155;2585000;1349384
RSTIP;D;20140910;000000;0.5151;0.521;0.5102;0.5184;13049000;6778592.4
RSTIP;D;20140911;000000;0.5184;0.528;0.5157;0.52;21427000;11213157.6
RSTIP;D;20140912;000000;0.52;0.5259;0.518;0.5259;2286000;1194798
RSTIP;D;20140915;000000;0.523;0.547;0.523;0.5395;17309000;9275844.5
RSTIP;D;20140916;000000;0.5398;0.5449;0.5315;0.5373;25919000;13900553.8
RSTIP;D;20140917;000000;0.5312;0.5399;0.525;0.5384;9893000;5264777.9
RSTIP;D;20140918;000000;0.5322;0.5374;0.5248;0.5319;3406000;1809135.7
RSTIP;D;20140919;000000;0.53;0.5414;0.5251;0.5414;8409000;4509075
RSTIP;D;20140922;000000;0.5459;0.5538;0.535;0.5475;11109000;6059080.4
RSTIP;D;20140923;000000;0.5552;0.5589;0.54;0.5438;1620000;886721.2
RSTIP;D;20140924;000000;0.548;0.559;0.537;0.55;6170000;3371091.7
RSTIP;D;20140925;000000;0.5501;0.554;0.5371;0.5374;2645000;1432740.9
RSTIP;D;20140926;000000;0.5325;0.5397;0.523;0.53;3707000;1963648.9
RSTIP;D;20140929;000000;0.5306;0.545;0.5306;0.5349;4695000;2523007.7
RSTIP;D;20140930;000000;0.5375;0.5401;0.5258;0.535;7320000;3928517.5
RSTIP;D;20141001;000000;0.535;0.535;0.527;0.529;1624000;859982
RSTIP;D;20141002;000000;0.533;0.533;0.516;0.516;1180000;617624
RSTIP;D;20141003;000000;0.525;0.527;0.52;0.522;564000;294317
RSTIP;D;20141006;000000;0.524;0.532;0.52;0.529;2576000;1350031
RSTIP;D;20141007;000000;0.53;0.53;0.518;0.527;2188000;1139499
RSTIP;D;20141008;000000;0.523;0.533;0.523;0.526;3743000;1982838
RSTIP;D;20141009;000000;0.53;0.531;0.515;0.52;3934000;2066699
RSTIP;D;20141010;000000;0.518;0.525;0.509;0.509;5402000;2780389
RSTIP;D;20141013;000000;0.515;0.526;0.513;0.517;3185000;1653706
RSTIP;D;20141014;000000;0.519;0.539;0.512;0.531;2137000;1124312
RSTIP;D;20141015;000000;0.527;0.53;0.517;0.52;914000;477104
RSTIP;D;20141016;000000;0.523;0.524;0.512;0.519;1537000;795249
RSTIP;D;20141017;000000;0.523;0.54;0.52;0.533;1864000;995698
RSTIP;D;20141020;000000;0.533;0.536;0.525;0.532;890000;472238
RSTIP;D;20141021;000000;0.53;0.533;0.527;0.533;485000;257028
RSTIP;D;20141022;000000;0.532;0.548;0.532;0.537;3692000;1993521
RSTIP;D;20141023;000000;0.538;0.543;0.5;0.516;8165000;4197926
RSTIP;D;20141024;000000;0.42;0.529;0.42;0.516;1498000;771835
RSTIP;D;20141027;000000;0.52;0.523;0.517;0.521;1030000;534685
RSTIP;D;20141028;000000;0.523;0.527;0.518;0.522;1297000;680052
RSTIP;D;20141029;000000;0.521;0.551;0.52;0.545;18407000;9826815
RSTIP;D;20141030;000000;0.545;0.551;0.541;0.547;4044000;2212078
RSTIP;D;20141031;000000;0.548;0.558;0.543;0.546;2617000;1444933
RSTIP;D;20141103;000000;0.541;0.58;0.54;0.571;8631000;4912366
RSTIP;D;20141105;000000;0.56;0.57;0.551;0.57;4517000;2558941
RSTIP;D;20141106;000000;0.577;0.58;0.539;0.555;38065000;21288197
RSTIP;D;20141107;000000;0.554;0.586;0.551;0.568;6698000;3843112
RSTIP;D;20141110;000000;0.57;0.572;0.568;0.571;139000;79191
RSTIP;D;20141111;000000;0.575;0.585;0.556;0.569;7509000;4304670
RSTIP;D;20141112;000000;0.571;0.587;0.564;0.58;9257000;5364413
RSTIP;D;20141113;000000;0.58;0.59;0.565;0.566;1122000;650101
RSTIP;D;20141114;000000;0.566;0.576;0.557;0.562;3901000;2189225
RSTIP;D;20141117;000000;0.555;0.562;0.549;0.557;7954000;4391600
RSTIP;D;20141118;000000;0.551;0.573;0.551;0.573;3110000;1753945
RSTIP;D;20141119;000000;0.564;0.575;0.55;0.555;1549000;865010
RSTIP;D;20141120;000000;0.551;0.56;0.551;0.558;477000;265377
RSTIP;D;20141121;000000;0.554;0.561;0.551;0.556;977000;542826
RSTIP;D;20141124;000000;0.565;0.565;0.552;0.561;1233000;688928
RSTIP;D;20141125;000000;0.562;0.58;0.557;0.574;10743000;6077534
RSTIP;D;20141126;000000;0.576;0.578;0.567;0.574;1004000;574371
RSTIP;D;20141127;000000;0.565;0.572;0.565;0.572;8000;4548
RSTIP;D;20141128;000000;0.566;0.573;0.554;0.565;3157000;1781443
RSTIP;D;20141201;000000;0.564;0.564;0.539;0.55;8316000;4551445
RSTIP;D;20141202;000000;0.559;0.572;0.536;0.56;2755000;1556942
RSTIP;D;20141203;000000;0.555;0.573;0.555;0.559;731000;407873
RSTIP;D;20141204;000000;0.56;0.573;0.554;0.556;2133000;1208430
RSTIP;D;20141205;000000;0.55;0.556;0.534;0.54;2643000;1427418
RSTIP;D;20141208;000000;0.54;0.546;0.5;0.527;12073000;6348809
RSTIP;D;20141209;000000;0.526;0.526;0.504;0.523;3733000;1938011
RSTIP;D;20141210;000000;0.53;0.555;0.521;0.54;2290000;1230750
RSTIP;D;20141211;000000;0.54;0.54;0.53;0.537;9742000;5173617
RSTIP;D;20141212;000000;0.526;0.535;0.5;0.53;4415000;2313506
RSTIP;D;20141215;000000;0.531;0.548;0.51;0.519;17312000;9045972
RSTIP;D;20141216;000000;0.519;0.519;0.406;0.454;17310000;8243715
RSTIP;D;20141217;000000;0.454;0.488;0.436;0.481;2852000;1325144
RSTIP;D;20141218;000000;0.488;0.506;0.481;0.499;2827000;1393991
RSTIP;D;20141219;000000;0.499;0.519;0.481;0.519;4538000;2265985
RSTIP;D;20141222;000000;0.523;0.548;0.511;0.53;1656000;887228
RSTIP;D;20141223;000000;0.537;0.55;0.53;0.539;1402000;753684
RSTIP;D;20141224;000000;0.532;0.57;0.504;0.55;3349000;1835611
RSTIP;D;20141225;000000;0.542;0.557;0.53;0.539;1253000;676286
RSTIP;D;20141226;000000;0.533;0.554;0.531;0.545;1650000;892672
RSTIP;D;20141229;000000;0.533;0.587;0.526;0.57;7067000;3996436
RSTIP;D;20141230;000000;0.554;0.601;0.554;0.56;6460000;3759252
RSTIP;D;20150105;000000;0.56;0.587;0.535;0.575;975000;551033
RSTIP;D;20150106;000000;0.567;0.579;0.561;0.566;642000;365880
RSTIP;D;20150108;000000;0.572;0.6;0.572;0.578;2299000;1356727
RSTIP;D;20150109;000000;0.576;0.581;0.566;0.57;178000;101888
RSTIP;D;20150112;000000;0.576;0.6;0.57;0.581;3968000;2329713
RSTIP;D;20150113;000000;0.545;0.598;0.543;0.556;7552000;4225229
RSTIP;D;20150114;000000;0.553;0.567;0.548;0.56;1367000;764510
RSTIP;D;20150115;000000;0.568;0.569;0.54;0.549;3050000;1676382
RSTIP;D;20150116;000000;0.547;0.549;0.535;0.54;3580000;1941229
RSTIP;D;20150119;000000;0.546;0.546;0.537;0.543;1425000;774356
RSTIP;D;20150120;000000;0.542;0.566;0.542;0.549;2101000;1174029
RSTIP;D;20150121;000000;0.55;0.564;0.532;0.546;6173000;3325104
RSTIP;D;20150122;000000;0.553;0.565;0.533;0.564;6562000;3629860
RSTIP;D;20150123;000000;0.569;0.579;0.545;0.554;3317000;1855251
RSTIP;D;20150126;000000;0.536;0.549;0.532;0.54;2621000;1409328
RSTIP;D;20150127;000000;0.534;0.544;0.533;0.537;2590000;1402846
RSTIP;D;20150128;000000;0.541;0.551;0.53;0.534;7313000;3949464
RSTIP;D;20150129;000000;0.533;0.545;0.505;0.535;7217000;3780554
RSTIP;D;20150130;000000;0.545;0.547;0.512;0.525;1463000;767471
RSTIP;D;20150202;000000;0.54;0.56;0.525;0.529;5234000;2802961
RSTIP;D;20150203;000000;0.532;0.539;0.527;0.535;2703000;1439491
RSTIP;D;20150204;000000;0.541;0.555;0.54;0.551;3930000;2142336
RSTIP;D;20150205;000000;0.55;0.565;0.547;0.55;638000;355391
RSTIP;D;20150206;000000;0.55;0.558;0.538;0.551;10378000;5660336
RSTIP;D;20150209;000000;0.556;0.559;0.548;0.554;2322000;1280799
RSTIP;D;20150210;000000;0.55;0.56;0.549;0.551;434000;239592
RSTIP;D;20150211;000000;0.554;0.569;0.553;0.562;1534000;858984
RSTIP;D;20150212;000000;0.575;0.581;0.56;0.581;5403000;3091527
RSTIP;D;20150213;000000;0.589;0.601;0.576;0.596;11929000;7049521
RSTIP;D;20150216;000000;0.601;0.615;0.583;0.598;10575000;6302441
RSTIP;D;20150217;000000;0.598;0.6;0.58;0.582;11271000;6651552
RSTIP;D;20150218;000000;0.586;0.592;0.58;0.587;2958000;1738502
RSTIP;D;20150219;000000;0.589;0.598;0.571;0.59;3322000;1933528
RSTIP;D;20150220;000000;0.592;0.625;0.589;0.599;13779000;8281377
RSTIP;D;20150224;000000;0.583;0.61;0.573;0.585;4660000;2743080
RSTIP;D;20150225;000000;0.585;0.61;0.585;0.6;21462000;12888409
RSTIP;D;20150226;000000;0.61;0.628;0.59;0.605;46024000;28102784
RSTIP;D;20150227;000000;0.606;0.632;0.605;0.614;37199000;22834899
RSTIP;D;20150302;000000;0.62;0.632;0.608;0.613;6852000;4253158
RSTIP;D;20150303;000000;0.603;0.629;0.6;0.62;13672000;8373152
RSTIP;D;20150304;000000;0.62;0.639;0.613;0.624;5432000;3402422
RSTIP;D;20150305;000000;0.629;0.629;0.612;0.62;2386000;1481311
RSTIP;D;20150306;000000;0.629;0.629;0.597;0.6;4787000;2898881
RSTIP;D;20150310;000000;0.59;0.601;0.561;0.576;7719000;4461384
RSTIP;D;20150311;000000;0.576;0.595;0.57;0.59;3686000;2162273
RSTIP;D;20150312;000000;0.59;0.6;0.572;0.593;3653000;2152538
RSTIP;D;20150313;000000;0.593;0.595;0.573;0.578;4162000;2429372
RSTIP;D;20150316;000000;0.578;0.601;0.554;0.566;3376000;1932050
RSTIP;D;20150317;000000;0.551;0.59;0.501;0.582;2752000;1546349
RSTIP;D;20150318;000000;0.58;0.595;0.566;0.569;8306000;4802790
RSTIP;D;20150319;000000;0.577;0.593;0.56;0.56;16771000;9751865
RSTIP;D;20150320;000000;0.558;0.567;0.544;0.551;8732000;4811622
RSTIP;D;20150323;000000;0.552;0.555;0.533;0.543;5954000;3245279
RSTIP;D;20150324;000000;0.552;0.567;0.534;0.543;1650000;904711
RSTIP;D;20150325;000000;0.549;0.549;0.523;0.529;8791000;4669775
RSTIP;D;20150326;000000;0.525;0.535;0.508;0.515;9509000;4966612
RSTIP;D;20150327;000000;0.512;0.524;0.506;0.51;14251000;7286030
RSTIP;D;20150330;000000;0.512;0.526;0.51;0.518;4603000;2375684
RSTIP;D;20150331;000000;0.524;0.525;0.513;0.513;8110000;4184913
RSTIP;D;20150401;000000;0.513;0.53;0.509;0.53;22277000;11596292
RSTIP;D;20150402;000000;0.53;0.545;0.526;0.536;13525000;7320200
RSTIP;D;20150403;000000;0.539;0.545;0.537;0.538;2811000;1523894
RSTIP;D;20150406;000000;0.548;0.548;0.52;0.541;8794000;4729463
RSTIP;D;20150407;000000;0.536;0.548;0.521;0.534;20932000;11075098
RSTIP;D;20150408;000000;0.532;0.532;0.518;0.521;9080000;4730466
RSTIP;D;20150409;000000;0.519;0.528;0.51;0.521;17252000;8965264
RSTIP;D;20150410;000000;0.524;0.524;0.504;0.52;10485000;5396987
RSTIP;D;20150413;000000;0.515;0.534;0.515;0.529;13873000;7342509
RSTIP;D;20150414;000000;0.607;0.607;0.515;0.519;11576000;6023880
RSTIP;D;20150415;000000;0.518;0.527;0.514;0.522;13124000;6769239
RSTIP;D;20150416;000000;0.527;0.53;0.506;0.521;9206000;4785209
RSTIP;D;20150417;000000;0.522;0.523;0.516;0.522;3108000;1616675
RSTIP;D;20150420;000000;0.522;0.522;0.511;0.517;2313000;1193214
RSTIP;D;20150421;000000;0.528;0.528;0.511;0.519;8640000;4451698
RSTIP;D;20150422;000000;0.52;0.523;0.514;0.519;31870000;16510044
RSTIP;D;20150423;000000;0.524;0.527;0.515;0.524;10186000;5272125
RSTIP;D;20150424;000000;0.525;0.534;0.515;0.518;11812000;6200568
RSTIP;D;20150427;000000;0.522;0.524;0.516;0.52;2891000;1500950
RSTIP;D;20150428;000000;0.52;0.527;0.515;0.52;8721000;4502407
RSTIP;D;20150429;000000;0.516;0.528;0.515;0.519;7993000;4171049
RSTIP;D;20150430;000000;0.518;0.525;0.516;0.522;3582000;1860988
RSTIP;D;20150505;000000;0.522;0.547;0.522;0.535;12422000;6607338
RSTIP;D;20150506;000000;0.536;0.538;0.524;0.527;9912000;5258905
RSTIP;D;20150507;000000;0.531;0.531;0.518;0.521;12249000;6425279
RSTIP;D;20150508;000000;0.526;0.53;0.516;0.528;940000;492347
RSTIP;D;20150512;000000;0.538;0.538;0.521;0.526;7991000;4225612
RSTIP;D;20150513;000000;0.524;0.529;0.523;0.523;760000;399603
RSTIP;D;20150514;000000;0.523;0.526;0.52;0.526;1561000;816280
RSTIP;D;20150515;000000;0.525;0.527;0.516;0.519;5413000;2816487
RSTIP;D;20150518;000000;0.517;0.523;0.508;0.523;6958000;3588404
RSTIP;D;20150519;000000;0.522;0.523;0.516;0.523;1542000;800793
RSTIP;D;20150520;000000;0.523;0.525;0.519;0.522;5211000;2718876
RSTIP;D;20150521;000000;0.531;0.532;0.518;0.525;1728000;903305
RSTIP;D;20150522;000000;0.528;0.528;0.521;0.524;2535000;1324966
RSTIP;D;20150525;000000;0.527;0.527;0.511;0.523;3561000;1848105
RSTIP;D;20150526;000000;0.519;0.524;0.517;0.521;897000;465461
RSTIP;D;20150527;000000;0.521;0.523;0.514;0.522;1479000;767163
RSTIP;D;20150528;000000;0.52;0.52;0.513;0.516;2663000;1372247
RSTIP;D;20150529;000000;0.516;0.519;0.509;0.514;3466000;1784830
RSTIP;D;20150601;000000;0.512;0.514;0.505;0.507;1536000;781241
RSTIP;D;20150602;000000;0.508;0.51;0.501;0.51;1636000;827441
RSTIP;D;20150603;000000;0.51;0.517;0.505;0.507;3619000;1845134
RSTIP;D;20150604;000000;0.508;0.508;0.5;0.503;3765000;1890630
RSTIP;D;20150605;000000;0.501;0.506;0.497;0.498;3974000;1993837
RSTIP;D;20150608;000000;0.497;0.508;0.495;0.504;3242000;1621440
RSTIP;D;20150609;000000;0.512;0.512;0.496;0.499;1862000;929396
RSTIP;D;20150610;000000;0.501;0.501;0.495;0.496;1947000;969147
RSTIP;D;20150611;000000;0.497;0.497;0.484;0.493;1873000;918812
RSTIP;D;20150615;000000;0.493;0.497;0.49;0.496;3826000;1891847
RSTIP;D;20150616;000000;0.495;0.502;0.494;0.502;4967000;2475321
RSTIP;D;20150617;000000;0.507;0.507;0.498;0.499;656000;328252
RSTIP;D;20150618;000000;0.503;0.524;0.498;0.518;11093000;5714102
RSTIP;D;20150619;000000;0.515;0.516;0.495;0.501;3141000;1584122
RSTIP;D;20150622;000000;0.502;0.504;0.493;0.495;3623000;1797994
RSTIP;D;20150623;000000;0.495;0.497;0.489;0.495;4015000;1971068
RSTIP;D;20150624;000000;0.489;0.493;0.485;0.486;4208000;2056029
RSTIP;D;20150625;000000;0.482;0.495;0.477;0.482;7116000;3453127
RSTIP;D;20150626;000000;0.482;0.485;0.478;0.481;3869000;1855732
RSTIP;D;20150629;000000;0.481;0.49;0.473;0.478;4377000;2103930
RSTIP;D;20150630;000000;0.477;0.479;0.472;0.475;1752000;833617
RSTIP;D;20150701;000000;0.478;0.483;0.473;0.476;1556000;743397
RSTIP;D;20150702;000000;0.477;0.478;0.473;0.478;384000;182605
RSTIP;D;20150703;000000;0.478;0.482;0.473;0.479;1147000;548607
RSTIP;D;20150706;000000;0.485;0.485;0.465;0.47;3178000;1497061
RSTIP;D;20150707;000000;0.463;0.48;0.463;0.469;5131000;2413437
RSTIP;D;20150708;000000;0.47;0.475;0.46;0.463;5754000;2668433
RSTIP;D;20150709;000000;0.462;0.472;0.462;0.471;1357000;635524
RSTIP;D;20150710;000000;0.475;0.482;0.471;0.474;1451000;689564
RSTIP;D;20150713;000000;0.476;0.479;0.47;0.473;603000;285783
RSTIP;D;20150714;000000;0.476;0.479;0.47;0.477;1238000;585394
RSTIP;D;20150715;000000;0.473;0.481;0.473;0.479;1341000;640161
RSTIP;D;20150716;000000;0.484;0.487;0.475;0.487;2001000;970329
RSTIP;D;20150717;000000;0.49;0.49;0.481;0.482;1952000;951212
RSTIP;D;20150720;000000;0.482;0.482;0.465;0.474;3074000;1452158
RSTIP;D;20150721;000000;0.471;0.485;0.468;0.484;1057000;506673
RSTIP;D;20150722;000000;0.48;0.48;0.469;0.473;953000;450583
RSTIP;D;20150723;000000;0.474;0.475;0.465;0.471;1111000;521411
RSTIP;D;20150724;000000;0.473;0.475;0.461;0.469;1333000;622298
RSTIP;D;20150727;000000;0.468;0.469;0.453;0.461;2243000;1036156
RSTIP;D;20150728;000000;0.464;0.468;0.461;0.466;844000;392546
RSTIP;D;20150729;000000;0.464;0.469;0.464;0.467;994000;463374
RSTIP;D;20150730;000000;0.468;0.475;0.465;0.468;2841000;1336954
RSTIP;D;20150731;000000;0.467;0.476;0.465;0.469;3709000;1736860
RSTIP;D;20150803;000000;0.47;0.476;0.467;0.472;3354000;1582897
RSTIP;D;20150804;000000;0.475;0.481;0.47;0.476;3036000;1443058
RSTIP;D;20150805;000000;0.472;0.477;0.47;0.475;723000;343141
RSTIP;D;20150806;000000;0.472;0.475;0.467;0.473;1182000;557130
RSTIP;D;20150807;000000;0.471;0.475;0.469;0.475;1224000;579202
RSTIP;D;20150810;000000;0.477;0.477;0.468;0.475;2491000;1177616
RSTIP;D;20150811;000000;0.474;0.48;0.464;0.478;4122000;1953764
RSTIP;D;20150812;000000;0.472;0.479;0.471;0.473;4508000;2138750
RSTIP;D;20150813;000000;0.476;0.485;0.473;0.476;814000;387970
RSTIP;D;20150814;000000;0.479;0.491;0.479;0.484;17905000;8655836
RSTIP;D;20150817;000000;0.485;0.495;0.48;0.488;1706000;824457
RSTIP;D;20150818;000000;0.484;0.487;0.48;0.486;939000;453908
RSTIP;D;20150819;000000;0.486;0.493;0.483;0.49;5353000;2609663
RSTIP;D;20150820;000000;0.491;0.5;0.49;0.495;5769000;2854764
RSTIP;D;20150821;000000;0.498;0.498;0.494;0.495;5436000;2691312
RSTIP;D;20150824;000000;0.487;0.489;0.469;0.477;4138000;1981776
RSTIP;D;20150825;000000;0.48;0.494;0.48;0.487;2865000;1396737
RSTIP;D;20150826;000000;0.48;0.488;0.48;0.485;647000;312840
RSTIP;D;20150827;000000;0.488;0.506;0.488;0.506;3439000;1706729
RSTIP;D;20150828;000000;0.503;0.507;0.497;0.502;2250000;1124594
RSTIP;D;20150831;000000;0.503;0.504;0.491;0.498;1337000;665033
RSTIP;D;20150901;000000;0.498;0.499;0.496;0.496;401000;199843
RSTIP;D;20150902;000000;0.496;0.5;0.493;0.496;677000;337501
RSTIP;D;20150903;000000;0.496;0.51;0.496;0.509;2562000;1293287
RSTIP;D;20150904;000000;0.507;0.51;0.498;0.508;4595000;2321329
RSTIP;D;20150907;000000;0.516;0.52;0.505;0.515;3547000;1826457
RSTIP;D;20150908;000000;0.516;0.529;0.514;0.525;5024000;2626156
RSTIP;D;20150909;000000;0.528;0.529;0.517;0.521;1604000;839779
RSTIP;D;20150910;000000;0.518;0.525;0.515;0.519;484000;251336
RSTIP;D;20150911;000000;0.516;0.525;0.515;0.517;1336000;695468
RSTIP;D;20150914;000000;0.518;0.524;0.511;0.515;822000;423615
RSTIP;D;20150915;000000;0.514;0.523;0.509;0.522;1477000;760334
RSTIP;D;20150916;000000;0.525;0.525;0.506;0.516;1798000;923218
RSTIP;D;20150917;000000;0.517;0.52;0.513;0.515;1115000;576116
RSTIP;D;20150918;000000;0.518;0.521;0.512;0.515;1223000;631133
RSTIP;D;20150921;000000;0.52;0.521;0.505;0.511;2247000;1141571
RSTIP;D;20150922;000000;0.51;0.51;0.497;0.5;1917000;963083
RSTIP;D;20150923;000000;0.501;0.504;0.496;0.501;1173000;585906
RSTIP;D;20150924;000000;0.5;0.505;0.5;0.501;2671000;1336728
RSTIP;D;20150925;000000;0.502;0.509;0.501;0.503;103000;51860
RSTIP;D;20150928;000000;0.512;0.512;0.505;0.505;1298000;655641
RSTIP;D;20150929;000000;0.509;0.512;0.5;0.501;8620000;4351440
RSTIP;D;20150930;000000;0.505;0.507;0.501;0.506;520000;262742
RSTIP;D;20151001;000000;0.503;0.506;0.5;0.506;155000;78007
RSTIP;D;20151002;000000;0.506;0.512;0.505;0.506;4706000;2377762
RSTIP;D;20151005;000000;0.505;0.511;0.505;0.509;3226000;1632863
RSTIP;D;20151006;000000;0.512;0.523;0.505;0.513;4340000;2222507
RSTIP;D;20151007;000000;0.511;0.515;0.504;0.514;2758000;1402641
RSTIP;D;20151008;000000;0.512;0.512;0.501;0.51;2740000;1390356
RSTIP;D;20151009;000000;0.508;0.513;0.507;0.507;1024000;520413
RSTIP;D;20151012;000000;0.509;0.51;0.505;0.505;1569000;795286
RSTIP;D;20151013;000000;0.5;0.517;0.5;0.506;2115000;1079134
RSTIP;D;20151014;000000;0.505;0.509;0.503;0.509;1071000;541458
RSTIP;D;20151015;000000;0.507;0.519;0.506;0.511;3529000;1805427
RSTIP;D;20151016;000000;0.509;0.518;0.505;0.51;3138000;1605855
RSTIP;D;20151019;000000;0.508;0.508;0.497;0.507;2183000;1101712
RSTIP;D;20151020;000000;0.506;0.52;0.505;0.508;5462000;2773882
RSTIP;D;20151021;000000;0.511;0.527;0.511;0.527;2438000;1273104
RSTIP;D;20151022;000000;0.53;0.53;0.51;0.522;5213000;2699519
RSTIP;D;20151023;000000;0.52;0.55;0.516;0.538;6464000;3466639
RSTIP;D;20151026;000000;0.535;0.535;0.522;0.534;2088000;1103353
RSTIP;D;20151027;000000;0.526;0.551;0.526;0.53;4794000;2576406
RSTIP;D;20151028;000000;0.531;0.532;0.52;0.523;2746000;1438183
RSTIP;D;20151029;000000;0.531;0.546;0.528;0.535;2204000;1185685
RSTIP;D;20151030;000000;0.53;0.536;0.53;0.531;51000;27118
RSTIP;D;20151102;000000;0.528;0.557;0.526;0.554;6701000;3673194
RSTIP;D;20151103;000000;0.555;0.575;0.555;0.562;8634000;4870014
RSTIP;D;20151105;000000;0.561;0.569;0.54;0.541;3435000;1914915
RSTIP;D;20151106;000000;0.542;0.55;0.54;0.545;560000;304995
RSTIP;D;20151109;000000;0.542;0.584;0.54;0.565;1980000;1096210
RSTIP;D;20151110;000000;0.569;0.584;0.569;0.572;2936000;1693132
RSTIP;D;20151111;000000;0.574;0.594;0.572;0.586;6483000;3815132
RSTIP;D;20151112;000000;0.581;0.589;0.556;0.569;4361000;2479800
RSTIP;D;20151113;000000;0.575;0.576;0.547;0.568;2701000;1527492
RSTIP;D;20151116;000000;0.568;0.568;0.533;0.545;8206000;4476790
RSTIP;D;20151117;000000;0.549;0.558;0.536;0.548;4816000;2610629
RSTIP;D;20151118;000000;0.549;0.576;0.527;0.563;4660000;2584909
RSTIP;D;20151119;000000;0.563;0.645;0.563;0.606;25931000;15874564
RSTIP;D;20151120;000000;0.612;0.62;0.596;0.6;2108000;1268818
RSTIP;D;20151123;000000;0.597;0.612;0.595;0.606;1975000;1187888
RSTIP;D;20151124;000000;0.61;0.61;0.586;0.594;3965000;2366922
RSTIP;D;20151125;000000;0.593;0.61;0.59;0.6;2511000;1507315
RSTIP;D;20151126;000000;0.601;0.606;0.589;0.59;21406000;12860480
RSTIP;D;20151127;000000;0.59;0.599;0.582;0.59;1060000;627962
RSTIP;D;20151130;000000;0.584;0.619;0.583;0.595;754000;448232
RSTIP;D;20151201;000000;0.591;0.595;0.59;0.59;9011000;5317232
RSTIP;D;20151202;000000;0.599;0.605;0.59;0.59;7722000;4577605
RSTIP;D;20151203;000000;0.59;0.594;0.588;0.589;405000;238634
RSTIP;D;20151204;000000;0.594;0.594;0.585;0.589;9292000;5478813
RSTIP;D;20151207;000000;0.589;0.591;0.57;0.577;17741000;10354800
RSTIP;D;20151208;000000;0.587;0.59;0.575;0.575;12826000;7421862
RSTIP;D;20151209;000000;0.578;0.584;0.578;0.584;607000;352897
RSTIP;D;20151210;000000;0.581;0.582;0.575;0.579;542000;313012
RSTIP;D;20151211;000000;0.58;0.587;0.575;0.58;18590000;10765704
RSTIP;D;20151214;000000;0.581;0.588;0.572;0.58;8873000;5138105
RSTIP;D;20151215;000000;0.589;0.593;0.58;0.586;7461000;4355464
RSTIP;D;20151216;000000;0.586;0.586;0.579;0.585;6913000;4011989
RSTIP;D;20151217;000000;0.587;0.605;0.57;0.583;11252000;6554298
RSTIP;D;20151218;000000;0.578;0.586;0.578;0.586;2878000;1672740
RSTIP;D;20151221;000000;0.593;0.593;0.584;0.593;485000;285781
RSTIP;D;20151222;000000;0.587;0.59;0.582;0.589;841000;493823
RSTIP;D;20151223;000000;0.595;0.595;0.58;0.586;1569000;914492
RSTIP;D;20151224;000000;0.582;0.585;0.58;0.582;3282000;1906229
RSTIP;D;20151225;000000;0.585;0.585;0.58;0.58;6311000;3662919
RSTIP;D;20151228;000000;0.593;0.593;0.581;0.584;3688000;2158176
RSTIP;D;20151229;000000;0.585;0.593;0.58;0.593;2239000;1307138
RSTIP;D;20151230;000000;0.593;0.605;0.59;0.593;886000;529425
RSTIP;D;20160104;000000;0.602;0.603;0.591;0.599;761000;453955
RSTIP;D;20160105;000000;0.59;0.625;0.59;0.625;2831000;1728710
RSTIP;D;20160106;000000;0.616;0.639;0.616;0.639;2349000;1471410
RSTIP;D;20160111;000000;0.599;0.623;0.599;0.611;1414000;868498
RSTIP;D;20160112;000000;0.611;0.618;0.602;0.614;1352000;821829
RSTIP;D;20160113;000000;0.617;0.617;0.6;0.606;1941000;1173153
RSTIP;D;20160114;000000;0.6;0.614;0.596;0.599;6958000;4174689
RSTIP;D;20160115;000000;0.6;0.6;0.576;0.587;7950000;4673743
RSTIP;D;20160118;000000;0.583;0.591;0.57;0.58;5611000;3253124
RSTIP;D;20160119;000000;0.589;0.594;0.582;0.59;5297000;3125282
RSTIP;D;20160120;000000;0.586;0.601;0.58;0.6;5511000;3232199
RSTIP;D;20160121;000000;0.6;0.613;0.595;0.598;957000;573975
RSTIP;D;20160122;000000;0.606;0.614;0.601;0.61;879000;535109
RSTIP;D;20160125;000000;0.613;0.613;0.6;0.602;1913000;1152417
RSTIP;D;20160126;000000;0.601;0.602;0.59;0.599;467000;277755
RSTIP;D;20160127;000000;0.604;0.609;0.6;0.606;988000;596748
RSTIP;D;20160128;000000;0.606;0.614;0.606;0.61;1148000;700186
RSTIP;D;20160129;000000;0.611;0.615;0.609;0.61;1549000;946814
RSTIP;D;20160201;000000;0.604;0.62;0.6;0.612;620000;380559
RSTIP;D;20160202;000000;0.617;0.622;0.599;0.611;1556000;954826
RSTIP;D;20160203;000000;0.621;0.621;0.61;0.619;2217000;1365168
RSTIP;D;20160204;000000;0.621;0.622;0.615;0.619;68000;42159
RSTIP;D;20160205;000000;0.617;0.63;0.616;0.626;2300000;1433382
RSTIP;D;20160208;000000;0.626;0.63;0.619;0.625;1179000;737195
RSTIP;D;20160209;000000;0.618;0.626;0.617;0.624;602000;373866
RSTIP;D;20160210;000000;0.624;0.629;0.617;0.62;2333000;1453311
RSTIP;D;20160211;000000;0.614;0.617;0.604;0.614;1135000;694219
RSTIP;D;20160212;000000;0.615;0.625;0.605;0.612;424000;260909
RSTIP;D;20160215;000000;0.627;0.627;0.616;0.618;42000;26167
RSTIP;D;20160216;000000;0.622;0.622;0.61;0.612;784000;481751
RSTIP;D;20160217;000000;0.621;0.623;0.605;0.609;590000;360314
RSTIP;D;20160218;000000;0.625;0.65;0.605;0.639;3701000;2354632
RSTIP;D;20160219;000000;0.64;0.648;0.635;0.645;1483000;954257
RSTIP;D;20160220;000000;0.64;0.669;0.64;0.649;2220000;1443597
RSTIP;D;20160222;000000;0.649;0.687;0.646;0.657;1411000;924121
RSTIP;D;20160224;000000;0.656;0.668;0.627;0.645;1311000;843355
RSTIP;D;20160225;000000;0.648;0.658;0.64;0.652;3859000;2500968
RSTIP;D;20160226;000000;0.654;0.68;0.65;0.665;2764000;1826300
RSTIP;D;20160229;000000;0.68;0.732;0.64;0.7;14180000;9819816
RSTIP;D;20160301;000000;0.7;0.704;0.687;0.697;7197000;5009967
RSTIP;D;20160302;000000;0.699;0.71;0.688;0.692;6590000;4617992
RSTIP;D;20160303;000000;0.688;0.696;0.674;0.677;4925000;3373886
RSTIP;D;20160304;000000;0.689;0.715;0.682;0.697;7932000;5551122
RSTIP;D;20160307;000000;0.696;0.717;0.692;0.71;5214000;3678418
RSTIP;D;20160309;000000;0.714;0.716;0.7;0.709;2213000;1571201
RSTIP;D;20160310;000000;0.713;0.713;0.699;0.701;5533000;3883985
RSTIP;D;20160311;000000;0.701;0.72;0.696;0.7;4772000;3365038
RSTIP;D;20160314;000000;0.696;0.707;0.689;0.695;2029000;1404423
RSTIP;D;20160315;000000;0.704;0.711;0.694;0.7;830000;580666
RSTIP;D;20160316;000000;0.701;0.73;0.694;0.72;5163000;3703657
RSTIP;D;20160317;000000;0.725;0.728;0.709;0.717;858000;614905
RSTIP;D;20160318;000000;0.723;0.723;0.7;0.709;1658000;1172721
RSTIP;D;20160321;000000;0.705;0.708;0.7;0.705;947000;666071
RSTIP;D;20160322;000000;0.708;0.715;0.7;0.708;2327000;1646056
RSTIP;D;20160323;000000;0.706;0.712;0.691;0.7;2227000;1561908
RSTIP;D;20160324;000000;0.7;0.7;0.692;0.7;585000;407636
RSTIP;D;20160325;000000;0.704;0.705;0.68;0.696;3515000;2425501
RSTIP;D;20160328;000000;0.694;0.704;0.694;0.7;977000;682237
RSTIP;D;20160329;000000;0.7;0.7;0.678;0.692;1102000;754980
RSTIP;D;20160330;000000;0.69;0.694;0.68;0.689;1182000;810867
RSTIP;D;20160331;000000;0.692;0.692;0.68;0.686;915000;629143
RSTIP;D;20160401;000000;0.688;0.7;0.68;0.697;2990000;2069310
RSTIP;D;20160404;000000;0.696;0.7;0.692;0.7;963000;671317
RSTIP;D;20160405;000000;0.699;0.708;0.695;0.707;1324000;928580
RSTIP;D;20160406;000000;0.686;0.745;0.686;0.731;4644000;3390143
RSTIP;D;20160407;000000;0.741;0.918;0.735;0.81;13952000;11237178
RSTIP;D;20160408;000000;0.813;0.813;0.753;0.766;7401000;5732466
RSTIP;D;20160411;000000;0.771;0.793;0.715;0.746;8212000;6114661
RSTIP;D;20160412;000000;0.748;0.898;0.72;0.768;5294000;4063945
RSTIP;D;20160413;000000;0.795;0.825;0.773;0.79;2583000;2051375
RSTIP;D;20160414;000000;0.783;0.785;0.76;0.762;1323000;1016183
RSTIP;D;20160415;000000;0.774;0.777;0.75;0.75;2131000;1628945
RSTIP;D;20160418;000000;0.74;0.786;0.737;0.772;2183000;1659881
RSTIP;D;20160419;000000;0.763;0.799;0.759;0.798;2866000;2234267
RSTIP;D;20160420;000000;0.798;0.82;0.798;0.812;2684000;2178935
RSTIP;D;20160421;000000;0.813;0.813;0.79;0.809;1609000;1285739
RSTIP;D;20160422;000000;0.81;0.915;0.79;0.85;37720000;32164212
RSTIP;D;20160425;000000;0.86;0.86;0.791;0.81;6232000;5075848
RSTIP;D;20160426;000000;0.807;0.823;0.782;0.805;3264000;2596383
RSTIP;D;20160427;000000;0.807;0.82;0.8;0.807;1185000;957944
RSTIP;D;20160428;000000;0.818;0.883;0.807;0.852;4612000;3898787
RSTIP;D;20160429;000000;0.864;0.892;0.831;0.849;7884000;6830500
RSTIP;D;20160504;000000;0.833;0.871;0.812;0.838;4031000;3404526
RSTIP;D;20160505;000000;0.858;0.858;0.837;0.858;759000;646836
RSTIP;D;20160506;000000;0.849;0.902;0.842;0.887;6011000;5287389
RSTIP;D;20160510;000000;0.892;0.893;0.853;0.874;1592000;1375275
RSTIP;D;20160511;000000;0.863;0.89;0.854;0.867;1688000;1473912
RSTIP;D;20160512;000000;0.87;0.878;0.854;0.856;3483000;3019753
RSTIP;D;20160513;000000;0.86;0.86;0.84;0.845;6354000;5375663
RSTIP;D;20160516;000000;0.845;0.846;0.841;0.845;2142000;1808877
RSTIP;D;20160517;000000;0.845;0.846;0.821;0.837;4811000;4035563
RSTIP;D;20160518;000000;0.838;0.849;0.821;0.841;2263000;1900575
RSTIP;D;20160519;000000;0.843;0.848;0.803;0.82;4484000;3757079
RSTIP;D;20160520;000000;0.828;0.832;0.795;0.803;4453000;3613118
RSTIP;D;20160523;000000;0.808;0.816;0.788;0.789;2770000;2223032
RSTIP;D;20160524;000000;0.8;0.846;0.798;0.842;10898000;9127551
RSTIP;D;20160525;000000;0.843;0.898;0.842;0.877;15817000;13771342
RSTIP;D;20160526;000000;0.875;0.901;0.87;0.872;12876000;11448891
RSTIP;D;20160527;000000;0.897;0.899;0.865;0.868;5420000;4745154
RSTIP;D;20160530;000000;0.893;0.893;0.795;0.799;39201000;32155344
RSTIP;D;20160531;000000;0.808;0.811;0.755;0.765;32234000;24891125
RSTIP;D;20160601;000000;0.772;0.87;0.751;0.85;29007000;23537847
RSTIP;D;20160602;000000;0.846;0.885;0.846;0.87;31511000;27312967
RSTIP;D;20160603;000000;0.874;0.883;0.862;0.877;18159000;15937565
RSTIP;D;20160606;000000;0.89;0.91;0.85;0.889;16760000;14983524
RSTIP;D;20160607;000000;0.889;0.902;0.875;0.884;5605000;4947825
RSTIP;D;20160608;000000;0.884;0.897;0.876;0.887;2005000;1784338
RSTIP;D;20160609;000000;0.88;0.887;0.865;0.874;3454000;3014487
RSTIP;D;20160610;000000;0.88;0.889;0.856;0.88;6829000;5950549
RSTIP;D;20160614;000000;0.874;0.883;0.855;0.87;5728000;4956789
RSTIP;D;20160615;000000;0.87;0.879;0.85;0.878;5438000;4678682
RSTIP;D;20160616;000000;0.88;0.915;0.867;0.907;7969000;7080672
RSTIP;D;20160617;000000;0.907;1.088;0.907;1.072;45669000;46088470
RSTIP;D;20160620;000000;1.071;1.189;1.037;1.16;24663000;28258267
RSTIP;D;20160621;000000;1.168;1.25;1.111;1.19;17827000;21246273
RSTIP;D;20160622;000000;1.198;1.203;1.173;1.189;3779000;4484373
RSTIP;D;20160623;000000;1.193;1.224;1.16;1.186;5641000;6742421
RSTIP;D;20160624;000000;1.103;1.214;1.103;1.197;5897000;6910637
RSTIP;D;20160627;000000;1.209;1.211;1.178;1.195;1692000;2018732
RSTIP;D;20160628;000000;1.208;1.215;1.163;1.189;3538000;4203534
RSTIP;D;20160629;000000;1.19;1.19;1.135;1.14;4589000;5302949
RSTIP;D;20160630;000000;1.154;1.263;1.139;1.249;8649000;10455210
RSTIP;D;20160701;000000;1.243;1.31;1.243;1.275;7349000;9423013
RSTIP;D;20160704;000000;1.282;1.282;1.203;1.249;7651000;9413586
RSTIP;D;20160705;000000;1.262;1.269;1.226;1.268;4243000;5313795
RSTIP;D;20160706;000000;1.278;1.3;1.252;1.282;7861000;10101489
RSTIP;D;20160707;000000;1.29;1.304;1.251;1.273;2399000;3058558
RSTIP;D;20160708;000000;1.27;1.291;1.262;1.27;1870000;2378609
RSTIP;D;20160711;000000;1.28;1.285;1.229;1.285;4686000;5926563
RSTIP;D;20160712;000000;1.287;1.288;1.255;1.277;3358000;4280809
RSTIP;D;20160713;000000;1.277;1.28;1.253;1.274;2422000;3064582
RSTIP;D;20160714;000000;1.264;1.283;1.261;1.265;2826000;3599172
RSTIP;D;20160715;000000;1.279;1.313;1.255;1.309;7804000;10017822
RSTIP;D;20160718;000000;1.25;1.304;1.246;1.294;5982000;7599126
RSTIP;D;20160719;000000;1.288;1.303;1.276;1.29;2036000;2627688
RSTIP;D;20160720;000000;1.286;1.296;1.271;1.279;694000;890972
RSTIP;D;20160721;000000;1.307;1.307;1.26;1.293;2196000;2810220
RSTIP;D;20160722;000000;1.28;1.307;1.28;1.29;2046000;2655191
RSTIP;D;20160725;000000;1.281;1.579;1.271;1.55;33747000;48157973
RSTIP;D;20160726;000000;1.551;1.9;1.55;1.67;39185000;65073740
RSTIP;D;20160727;000000;1.67;1.67;1.57;1.586;12205000;19677871
RSTIP;D;20160728;000000;1.603;1.63;1.58;1.627;4422000;7096154
RSTIP;D;20160729;000000;1.629;1.744;1.578;1.687;8164000;13650012
RSTIP;D;20160801;000000;1.688;1.697;1.607;1.69;1963000;3300204
RSTIP;D;20160802;000000;1.69;1.69;1.595;1.634;4057000;6572606
RSTIP;D;20160803;000000;1.623;1.66;1.551;1.627;5397000;8690642
RSTIP;D;20160804;000000;1.63;1.662;1.623;1.638;3294000;5411875
RSTIP;D;20160805;000000;1.639;1.645;1.616;1.627;2671000;4350624
RSTIP;D;20160808;000000;1.634;1.634;1.601;1.617;1867000;3011554
RSTIP;D;20160809;000000;1.616;1.634;1.6;1.628;1970000;3187869
RSTIP;D;20160810;000000;1.637;1.68;1.637;1.667;4246000;7063796
RSTIP;D;20160811;000000;1.665;1.85;1.661;1.847;7783000;13680752
RSTIP;D;20160812;000000;1.853;1.894;1.807;1.863;8260000;15289608
RSTIP;D;20160815;000000;1.865;1.88;1.82;1.85;3747000;6923787
RSTIP;D;20160816;000000;1.834;1.867;1.755;1.798;3632000;6585499
RSTIP;D;20160817;000000;1.793;1.835;1.784;1.815;3392000;6138151
RSTIP;D;20160818;000000;1.8;1.821;1.783;1.797;1171000;2115025
RSTIP;D;20160819;000000;1.798;1.815;1.785;1.814;1239000;2234695
RSTIP;D;20160822;000000;1.82;1.923;1.819;1.88;5590000;10423939
RSTIP;D;20160823;000000;1.898;1.99;1.815;1.95;8994000;17365963
RSTIP;D;20160824;000000;1.948;2.038;1.948;2.01;10809000;21697777
RSTIP;D;20160825;000000;2.022;2.051;2;2.05;5744000;11617932
RSTIP;D;20160826;000000;2.044;2.188;2.031;2.078;19471000;41378619
RSTIP;D;20160829;000000;2.117;2.117;2.002;2.082;6214000;12743999
RSTIP;D;20160830;000000;2.075;2.089;1.963;2.032;5959000;12102648
RSTIP;D;20160831;000000;2.009;2.041;1.967;2.019;4756000;9521848
RSTIP;D;20160901;000000;1.998;2.018;1.971;2.011;3182000;6331683
RSTIP;D;20160902;000000;2;2.028;1.971;2.016;4024000;8016358
RSTIP;D;20160905;000000;2.002;2.05;1.975;2.02;4007000;8103524
RSTIP;D;20160906;000000;2.04;2.07;1.994;2;4237000;8641001
RSTIP;D;20160907;000000;2.017;2.041;2;2;3611000;7277812
RSTIP;D;20160908;000000;2.004;2.03;1.98;2.007;2759000;5538139
RSTIP;D;20160909;000000;1.97;2.015;1.97;2.009;1637000;3281886
RSTIP;D;20160912;000000;1.992;2.026;1.97;2.005;2162000;4339196
RSTIP;D;20160913;000000;2.014;2.027;1.933;1.951;5136000;10170728
RSTIP;D;20160914;000000;1.98;1.98;1.872;1.953;6167000;11965897
RSTIP;D;20160915;000000;1.964;1.986;1.925;1.984;3147000;6128361
RSTIP;D;20160916;000000;1.983;2.002;1.957;1.978;2451000;4876730
RSTIP;D;20160919;000000;1.989;1.989;1.891;1.928;6967000;13510461
RSTIP;D;20160920;000000;1.927;1.961;1.91;1.949;2939000;5682832
RSTIP;D;20160921;000000;1.947;1.971;1.945;1.962;1075000;2104817
RSTIP;D;20160922;000000;1.976;1.976;1.93;1.934;1809000;3527113
RSTIP;D;20160923;000000;1.963;1.963;1.923;1.938;995000;1929370
RSTIP;D;20160926;000000;1.939;2.018;1.929;1.934;4971000;9796650
RSTIP;D;20160927;000000;1.957;1.957;1.9;1.902;1144000;2203209
RSTIP;D;20160928;000000;1.944;1.944;1.872;1.901;3974000;7541259
RSTIP;D;20160929;000000;1.908;1.948;1.88;1.898;2397000;4548151
RSTIP;D;20160930;000000;1.896;1.98;1.812;1.969;13428000;25497805
RSTIP;D;20161003;000000;1.971;1.987;1.926;1.94;3426000;6710321
RSTIP;D;20161004;000000;1.94;1.94;1.881;1.907;3038000;5789941
RSTIP;D;20161005;000000;1.897;1.901;1.877;1.877;1109000;2089864
RSTIP;D;20161006;000000;1.881;1.882;1.85;1.872;2378000;4427790
RSTIP;D;20161007;000000;1.874;1.913;1.854;1.886;2835000;5369902
RSTIP;D;20161010;000000;1.887;1.942;1.887;1.924;1564000;3015352
RSTIP;D;20161011;000000;1.92;1.94;1.88;1.893;3045000;5797114
RSTIP;D;20161012;000000;1.901;1.905;1.866;1.869;1564000;2945023
RSTIP;D;20161013;000000;1.868;1.883;1.836;1.864;4018000;7461535
RSTIP;D;20161014;000000;1.868;1.949;1.82;1.869;8736000;16658009
RSTIP;D;20161017;000000;1.87;1.891;1.792;1.86;2767000;5105975
RSTIP;D;20161018;000000;1.867;1.884;1.85;1.87;1196000;2233994
RSTIP;D;20161019;000000;1.869;1.872;1.85;1.868;1367000;2541962
RSTIP;D;20161020;000000;1.863;1.96;1.863;1.92;4923000;9449615
RSTIP;D;20161021;000000;1.921;1.941;1.856;1.872;2941000;5606090
RSTIP;D;20161024;000000;1.87;1.88;1.839;1.868;1529000;2849584
RSTIP;D;20161025;000000;1.822;1.909;1.822;1.878;2987000;5568562
RSTIP;D;20161026;000000;1.88;1.93;1.8;1.879;2418000;4519580
RSTIP;D;20161027;000000;1.854;2.314;1.854;2.314;22562000;47432402
RSTIP;D;20161028;000000;2.363;2.446;2.241;2.274;26356000;62242830
RSTIP;D;20161031;000000;2.272;2.289;2.151;2.242;5582000;12377757
RSTIP;D;20161101;000000;2.25;2.389;2.2;2.284;7910000;18234424
RSTIP;D;20161102;000000;2.284;2.346;2.2;2.239;5130000;11672857
RSTIP;D;20161103;000000;2.254;2.278;2.153;2.266;5156000;11442790
RSTIP;D;20161107;000000;2.263;2.285;2.17;2.178;4684000;10327730
RSTIP;D;20161108;000000;2.199;2.28;2.16;2.199;5404000;11932141
RSTIP;D;20161109;000000;2.174;2.243;2.174;2.218;1485000;3287802
RSTIP;D;20161110;000000;2.225;2.281;2.2;2.22;4779000;10705683
RSTIP;D;20161111;000000;2.228;2.25;2.202;2.244;1718000;3835802
RSTIP;D;20161114;000000;2.248;2.32;2.247;2.273;3659000;8336349
RSTIP;D;20161115;000000;2.277;2.277;2.213;2.224;1749000;3901629
RSTIP;D;20161116;000000;2.234;2.26;2.205;2.242;2601000;5813573
RSTIP;D;20161117;000000;2.254;2.287;2.206;2.26;5371000;12142641
RSTIP;D;20161118;000000;2.295;2.299;2.22;2.265;2623000;5918948
RSTIP;D;20161121;000000;2.273;2.274;2.206;2.235;4102000;9156281
RSTIP;D;20161122;000000;2.232;2.252;2.209;2.224;3404000;7619298
RSTIP;D;20161123;000000;2.224;2.244;2.205;2.228;1071000;2386579
RSTIP;D;20161124;000000;2.217;2.25;2.161;2.22;3305000;7302443
RSTIP;D;20161125;000000;2.225;2.242;2.208;2.237;1223000;2715876
RSTIP;D;20161128;000000;2.229;2.28;2.225;2.264;4403000;9918128
RSTIP;D;20161129;000000;2.27;2.306;2.238;2.278;5470000;12444010
RSTIP;D;20161130;000000;2.287;2.291;2.246;2.27;3047000;6914630
RSTIP;D;20161201;000000;2.269;2.278;2.206;2.244;3085000;6934433
RSTIP;D;20161202;000000;2.247;2.247;2.206;2.225;1901000;4225107
RSTIP;D;20161205;000000;2.232;2.234;2.2;2.228;2001000;4429784
RSTIP;D;20161206;000000;2.219;2.23;2.2;2.222;1375000;3047643
RSTIP;D;20161207;000000;2.218;2.219;2.176;2.2;2252000;4947198
RSTIP;D;20161208;000000;2.208;2.295;2.2;2.215;5015000;11217013
RSTIP;D;20161209;000000;2.24;2.24;2.201;2.214;2618000;5798547
RSTIP;D;20161212;000000;2.219;2.248;2.196;2.216;4115000;9130433
RSTIP;D;20161213;000000;2.209;2.22;2.195;2.208;3959000;8730153
RSTIP;D;20161214;000000;2.2;2.24;2.196;2.21;4203000;9300267
RSTIP;D;20161215;000000;2.211;2.217;2.19;2.208;2818000;6209574
RSTIP;D;20161216;000000;2.214;2.214;2.192;2.202;1318000;2902147
RSTIP;D;20161219;000000;2.211;2.267;1.966;2.038;11493000;24462825
RSTIP;D;20161220;000000;2.1;2.147;2.03;2.145;9813000;20612289
RSTIP;D;20161221;000000;2.122;2.15;2.101;2.11;2148000;4572457
RSTIP;D;20161222;000000;2.131;2.14;2.065;2.095;3512000;7399354
RSTIP;D;20161223;000000;2.096;2.1;2.053;2.069;3331000;6914345
RSTIP;D;20161226;000000;2.077;2.125;2.071;2.108;1504000;3168180
RSTIP;D;20161227;000000;2.101;2.136;2.085;2.135;2751000;5808333
RSTIP;D;20161228;000000;2.136;2.189;2.136;2.165;2903000;6292795
RSTIP;D;20161229;000000;2.176;2.213;2.176;2.2;4144000;9115237
RSTIP;D;20161230;000000;2.201;2.218;2.191;2.209;1836000;4051032
RSTIP;D;20170103;000000;2.218;2.239;2.2;2.218;2051000;4552296
RSTIP;D;20170104;000000;2.216;2.216;2.113;2.196;3068000;6698786
RSTIP;D;20170105;000000;2.187;2.204;2.176;2.188;650000;1427094
RSTIP;D;20170106;000000;2.194;2.205;2.19;2.205;541000;1190113
RSTIP;D;20170109;000000;2.217;2.22;2.18;2.196;2118000;4642663
RSTIP;D;20170110;000000;2.195;2.27;2.177;2.196;3916000;8627257
RSTIP;D;20170111;000000;2.186;2.238;2.176;2.191;2178000;4762629
RSTIP;D;20170112;000000;2.182;2.207;2.15;2.18;5008000;10838699
RSTIP;D;20170113;000000;2.191;2.192;2.15;2.192;1851000;4022099
RSTIP;D;20170116;000000;2.192;2.192;2.16;2.182;1754000;3812061
RSTIP;D;20170117;000000;2.174;2.184;2.161;2.184;1024000;2225212
RSTIP;D;20170118;000000;2.186;2.239;2.185;2.23;4818000;10660485
RSTIP;D;20170119;000000;2.23;2.26;2.208;2.22;2808000;6256110
RSTIP;D;20170120;000000;2.211;2.23;2.177;2.22;2576000;5659028
RSTIP;D;20170123;000000;2.219;2.219;2.19;2.196;1087000;2393460
RSTIP;D;20170124;000000;2.191;2.193;2.165;2.19;2374000;5169150
RSTIP;D;20170125;000000;2.173;2.179;2.152;2.177;2871000;6211195
RSTIP;D;20170126;000000;2.17;2.245;2.16;2.245;6194000;13653277
RSTIP;D;20170127;000000;2.248;2.248;2.195;2.214;1535000;3392844
RSTIP;D;20170130;000000;2.195;2.22;2.191;2.214;2114000;4666257
RSTIP;D;20170131;000000;2.218;2.24;2.191;2.206;2621000;5797747
RSTIP;D;20170201;000000;2.21;2.245;2.2;2.219;3502000;7789931
RSTIP;D;20170202;000000;2.224;2.245;2.221;2.239;3025000;6765519
RSTIP;D;20170203;000000;2.236;2.298;2.221;2.271;4720000;10707229
RSTIP;D;20170206;000000;2.268;2.402;2.252;2.375;8001000;18712007
RSTIP;D;20170207;000000;2.387;2.464;2.359;2.449;5127000;12354070
RSTIP;D;20170208;000000;2.441;2.45;2.37;2.394;4254000;10249834
RSTIP;D;20170209;000000;2.395;2.4;2.35;2.374;1721000;4093145
RSTIP;D;20170210;000000;2.374;2.393;2.352;2.385;1124000;2673120
RSTIP;D;20170213;000000;2.377;2.409;2.366;2.391;2374000;5664668
RSTIP;D;20170214;000000;2.391;2.404;2.354;2.377;1432000;3406605
RSTIP;D;20170215;000000;2.367;2.375;2.322;2.375;5294000;12455535
RSTIP;D;20170216;000000;2.385;2.386;2.345;2.372;804000;1902198
RSTIP;D;20170217;000000;2.364;2.395;2.331;2.382;2354000;5581993
RSTIP;D;20170220;000000;2.389;2.407;2.281;2.296;3657000;8524668
RSTIP;D;20170221;000000;2.295;2.339;2.24;2.326;4175000;9592082
RSTIP;D;20170222;000000;2.341;2.343;2.261;2.283;2158000;4951567
RSTIP;D;20170224;000000;2.286;2.289;2.228;2.266;3975000;8942452
RSTIP;D;20170227;000000;2.266;2.269;2.129;2.139;9228000;20223151
RSTIP;D;20170228;000000;2.126;2.127;1.901;2.086;19905000;40511288
RSTIP;D;20170301;000000;2.061;2.125;2.043;2.116;5003000;10490596
RSTIP;D;20170302;000000;2.118;2.16;2.07;2.078;4287000;9056728
RSTIP;D;20170303;000000;2.059;2.328;2.056;2.225;19627000;43387250
RSTIP;D;20170306;000000;2.25;2.288;2.187;2.218;7060000;15854350
RSTIP;D;20170307;000000;2.21;2.21;2.044;2.104;8504000;17941829
RSTIP;D;20170309;000000;2.077;2.092;1.883;1.919;27338000;54145770
RSTIP;D;20170310;000000;1.951;2.015;1.863;1.995;8350000;16308354
RSTIP;D;20170313;000000;1.972;2.037;1.921;2.007;5467000;10903717
RSTIP;D;20170314;000000;2.01;2.041;1.932;1.968;4944000;9879135
RSTIP;D;20170315;000000;1.996;1.996;1.96;1.984;815000;1612522
RSTIP;D;20170316;000000;1.998;2.056;1.986;2.02;2305000;4659235
RSTIP;D;20170317;000000;2.027;2.099;2.027;2.06;1970000;4076563
RSTIP;D;20170320;000000;2.075;2.1;2.054;2.057;2630000;5451181
RSTIP;D;20170321;000000;2.048;2.12;2.021;2.053;4627000;9591516
RSTIP;D;20170322;000000;2.015;2.048;1.975;1.991;11434000;22813787
RSTIP;D;20170323;000000;2.009;2.037;1.985;1.996;2851000;5722330
RSTIP;D;20170324;000000;2.005;2.018;1.961;1.996;1146000;2284346
RSTIP;D;20170327;000000;1.959;1.99;1.94;1.978;2777000;5453891
RSTIP;D;20170328;000000;1.984;1.989;1.932;1.98;2169000;4269799
RSTIP;D;20170329;000000;1.972;1.994;1.952;1.966;676000;1333436
RSTIP;D;20170330;000000;1.978;1.999;1.965;1.997;2553000;5062654
RSTIP;D;20170331;000000;1.998;2.004;1.97;1.991;1951000;3880604
RSTIP;D;20170403;000000;1.986;2.002;1.984;1.995;637000;1270526
RSTIP;D;20170404;000000;1.997;2.009;1.985;2;1604000;3201691
RSTIP;D;20170405;000000;2.013;2.045;1.994;2.028;1396000;2825623
RSTIP;D;20170406;000000;2.043;2.2;2.021;2.123;6276000;13150949
RSTIP;D;20170407;000000;2.124;2.268;2.063;2.15;20363000;44104345
RSTIP;D;20170410;000000;2.132;2.15;2.05;2.062;4730000;9870935
RSTIP;D;20170411;000000;2.068;2.139;2.049;2.099;3520000;7325570
RSTIP;D;20170412;000000;2.128;2.13;2.045;2.069;3164000;6610258
RSTIP;D;20170413;000000;2.069;2.089;2.023;2.078;4156000;8487123
RSTIP;D;20170414;000000;2.078;2.13;2.042;2.073;4288000;8920273
RSTIP;D;20170417;000000;2.073;2.129;2.062;2.118;2503000;5249007
RSTIP;D;20170418;000000;2.137;2.147;2.09;2.099;3656000;7692599
RSTIP;D;20170419;000000;2.118;2.126;2.09;2.11;3080000;6493732
RSTIP;D;20170420;000000;2.101;2.13;2.09;2.13;3481000;7353053
RSTIP;D;20170421;000000;2.129;2.15;2.103;2.119;2456000;5240563
RSTIP;D;20170424;000000;2.122;2.19;2.095;2.138;7547000;16192172
RSTIP;D;20170425;000000;2.14;2.189;2.138;2.175;5053000;10965046
RSTIP;D;20170426;000000;2.18;2.196;2.111;2.18;5551000;11985365
RSTIP;D;20170427;000000;2.162;2.18;2.161;2.173;1641000;3559098
RSTIP;D;20170428;000000;2.184;2.282;2.184;2.239;4291000;9594920
RSTIP;D;20170502;000000;2.253;2.3;2.214;2.242;8329000;18693754
RSTIP;D;20170503;000000;2.274;2.283;2.215;2.238;1940000;4336751
RSTIP;D;20170504;000000;2.214;2.237;2.176;2.214;2106000;4666214
RSTIP;D;20170505;000000;2.216;2.22;2.182;2.207;1541000;3402750
RSTIP;D;20170510;000000;2.204;2.233;2.204;2.21;1905000;4224667
RSTIP;D;20170511;000000;2.221;2.228;2.2;2.207;2528000;5576507
RSTIP;D;20170512;000000;2.198;2.22;2.182;2.2;2029000;4453419
RSTIP;D;20170515;000000;2.197;2.225;2.163;2.165;3818000;8358714
RSTIP;D;20170516;000000;2.172;2.2;2.146;2.172;2069000;4509628
RSTIP;D;20170517;000000;2.203;2.203;2.172;2.172;979000;2134905
RSTIP;D;20170518;000000;2.158;2.187;2.101;2.141;4718000;10144224
RSTIP;D;20170519;000000;2.179;2.179;2.125;2.132;4470000;9522550
RSTIP;D;20170522;000000;2.153;2.181;2.083;2.105;5768000;12188023
RSTIP;D;20170523;000000;2.113;2.138;2.076;2.119;3041000;6390248
RSTIP;D;20170524;000000;2.096;2.134;2.088;2.127;4744000;10005524
RSTIP;D;20170525;000000;2.13;2.202;2.109;2.166;11676000;25134158
RSTIP;D;20170526;000000;2.165;2.187;2.1;2.143;14333000;30544695
RSTIP;D;20170529;000000;2.128;2.182;2.12;2.131;13964000;29889111
RSTIP;D;20170530;000000;2.12;2.269;2.039;2.132;27072000;58036806
RSTIP;D;20170531;000000;2.345;2.45;2.16;2.188;101164000;228841401
RSTIP;D;20170601;000000;2.16;2.178;2;2.063;56712000;117182194
RSTIP;D;20170602;000000;2.069;2.078;1.986;2.067;28503000;57648211
RSTIP;D;20170605;000000;2.055;2.092;2.052;2.067;10166000;21001352
RSTIP;D;20170606;000000;2.067;2.067;2.026;2.029;6737000;13760248
RSTIP;D;20170607;000000;2.01;2.082;1.999;2.031;12870000;26112242
RSTIP;D;20170608;000000;2.039;2.04;1.999;2.01;14286000;28764849
RSTIP;D;20170609;000000;2.023;2.023;2.002;2.019;5496000;11050085
RSTIP;D;20170613;000000;2.019;2.027;2.014;2.027;4365000;8819941
RSTIP;D;20170614;000000;2.029;2.03;2;2.01;10834000;21802185
RSTIP;D;20170615;000000;2.01;2.01;1.91;1.971;15896000;31139251
RSTIP;D;20170616;000000;1.974;2;1.974;1.984;8884000;17631176
RSTIP;D;20170619;000000;1.985;1.997;1.984;1.994;3650000;7270844
RSTIP;D;20170620;000000;1.994;2.059;1.994;2.034;10054000;20383059
RSTIP;D;20170621;000000;2.034;2.1;2.034;2.075;10353000;21495164
RSTIP;D;20170622;000000;2.075;2.09;2.061;2.082;4962000;10316640
RSTIP;D;20170623;000000;2.09;2.094;2.072;2.094;6363000;13262145
RSTIP;D;20170626;000000;2.095;2.189;2.095;2.156;13181000;28315545
RSTIP;D;20170627;000000;2.14;2.179;2.132;2.164;4349000;9385564
RSTIP;D;20170628;000000;2.161;2.198;2.151;2.198;4741000;10330720
RSTIP;D;20170629;000000;2.191;2.22;2.187;2.2;13105000;28940970
RSTIP;D;20170630;000000;2.206;2.224;2.181;2.2;8986000;19824275
RSTIP;D;20170703;000000;2.201;2.207;2.186;2.191;5029000;11036101
RSTIP;D;20170704;000000;2.191;2.209;2.186;2.201;7792000;17128037
RSTIP;D;20170705;000000;2.209;2.214;2.182;2.204;8284000;18243543
RSTIP;D;20170706;000000;2.199;2.202;2.191;2.202;8057000;17699741
RSTIP;D;20170707;000000;2.2;2.204;2.195;2.2;6221000;13679448
RSTIP;D;20170710;000000;2.2;2.27;2.2;2.27;23109000;51743732
RSTIP;D;20170711;000000;2.27;2.34;2.256;2.319;19952000;46130637
RSTIP;D;20170712;000000;2.328;2.369;2.31;2.34;31630000;74129525
RSTIP;D;20170713;000000;2.368;2.368;2.311;2.335;28160000;65899058
RSTIP;D;20170714;000000;2.34;2.35;2.289;2.298;29495000;68213802
RSTIP;D;20170717;000000;2.298;2.34;2.251;2.34;52536000;121098205
RSTIP;D;20170718;000000;2.106;2.106;1.952;1.955;52385000;104744328
RSTIP;D;20170719;000000;1.951;1.965;1.9;1.92;20248000;38977860
RSTIP;D;20170720;000000;1.948;1.948;1.815;1.816;25432000;47009607
RSTIP;D;20170721;000000;1.83;1.833;1.726;1.745;18250000;32534632
RSTIP;D;20170724;000000;1.75;1.753;1.673;1.673;18341000;31118695
RSTIP;D;20170725;000000;1.673;1.76;1.661;1.737;18191000;31394994
RSTIP;D;20170726;000000;1.723;1.844;1.723;1.823;18230000;32850247
RSTIP;D;20170727;000000;1.85;1.908;1.83;1.848;17072000;31982623
RSTIP;D;20170728;000000;1.88;1.88;1.74;1.81;15571000;27736253
RSTIP;D;20170731;000000;1.814;1.823;1.743;1.764;6893000;12186620
RSTIP;D;20170801;000000;1.759;1.775;1.759;1.769;3941000;6962818
RSTIP;D;20170802;000000;1.773;1.792;1.756;1.769;5060000;8986729
RSTIP;D;20170803;000000;1.785;1.785;1.71;1.745;7388000;12949512
RSTIP;D;20170804;000000;1.749;1.766;1.73;1.75;5701000;9953672
RSTIP;D;20170807;000000;1.763;1.815;1.756;1.77;6057000;10790520
RSTIP;D;20170808;000000;1.772;1.79;1.761;1.771;3551000;6299774
RSTIP;D;20170809;000000;1.776;1.787;1.744;1.769;5161000;9115964
RSTIP;D;20170810;000000;1.77;1.777;1.75;1.762;3428000;6056010
RSTIP;D;20170811;000000;1.744;1.804;1.73;1.777;5967000;10531168
RSTIP;D;20170814;000000;1.785;1.796;1.775;1.783;2176000;3879993
RSTIP;D;20170815;000000;1.784;1.791;1.747;1.786;5731000;10187244
RSTIP;D;20170816;000000;1.785;1.789;1.751;1.756;4349000;7704106
RSTIP;D;20170817;000000;1.755;1.776;1.75;1.759;3031000;5334575
RSTIP;D;20170818;000000;1.77;1.784;1.754;1.775;3226000;5697750
RSTIP;D;20170821;000000;1.757;1.816;1.757;1.816;4223000;7572072
RSTIP;D;20170822;000000;1.816;1.889;1.791;1.876;10031000;18427533
RSTIP;D;20170823;000000;1.89;2.022;1.876;1.949;37751000;74794354
RSTIP;D;20170824;000000;1.954;1.99;1.904;1.95;4744000;9245465
RSTIP;D;20170825;000000;1.95;1.985;1.95;1.964;3931000;7741964
RSTIP;D;20170828;000000;1.978;1.98;1.933;1.964;4051000;7915936
RSTIP;D;20170829;000000;1.955;1.968;1.911;1.924;2877000;5573098
RSTIP;D;20170830;000000;1.905;1.952;1.9;1.918;3328000;6366841
RSTIP;D;20170831;000000;1.908;1.925;1.901;1.92;2308000;4424880
RSTIP;D;20170901;000000;1.922;1.925;1.9;1.9;3101000;5910377
RSTIP;D;20170904;000000;1.918;1.945;1.882;1.927;2913000;5597355
RSTIP;D;20170905;000000;1.922;1.979;1.903;1.921;5754000;11154308
RSTIP;D;20170906;000000;1.923;1.929;1.901;1.918;1128000;2154260
RSTIP;D;20170907;000000;1.918;1.97;1.906;1.936;5843000;11344538
RSTIP;D;20170908;000000;1.931;1.957;1.925;1.93;1271000;2462421
RSTIP;D;20170911;000000;1.944;1.967;1.926;1.93;5664000;10995171
RSTIP;D;20170912;000000;1.931;1.958;1.924;1.925;1993000;3853817
RSTIP;D;20170913;000000;1.93;1.94;1.916;1.926;2655000;5110849
RSTIP;D;20170914;000000;1.918;1.927;1.905;1.906;2368000;4519211
RSTIP;D;20170915;000000;1.916;1.925;1.905;1.925;934000;1785674
RSTIP;D;20170918;000000;1.931;1.956;1.93;1.936;2647000;5140862
RSTIP;D;20170919;000000;1.954;1.954;1.888;1.895;6353000;12073019
RSTIP;D;20170920;000000;1.897;1.91;1.85;1.888;6384000;11947376
RSTIP;D;20170921;000000;1.888;1.896;1.85;1.864;4084000;7614427
RSTIP;D;20170922;000000;1.853;1.862;1.817;1.84;7316000;13485532
RSTIP;D;20170925;000000;1.83;1.85;1.82;1.832;2839000;5209679
RSTIP;D;20170926;000000;1.84;1.847;1.837;1.838;2625000;4833418
RSTIP;D;20170927;000000;1.84;1.847;1.801;1.831;3110000;5658464
RSTIP;D;20170928;000000;1.836;1.837;1.815;1.82;2453000;4469468
RSTIP;D;20170929;000000;1.82;1.836;1.8;1.81;3427000;6195685
RSTIP;D;20171002;000000;1.808;1.816;1.778;1.809;7857000;14130451
RSTIP;D;20171003;000000;1.821;1.844;1.795;1.815;8644000;15682116
RSTIP;D;20171004;000000;1.825;1.83;1.805;1.817;2077000;3785955
RSTIP;D;20171005;000000;1.826;1.855;1.807;1.823;5256000;9596857
RSTIP;D;20171006;000000;1.838;1.854;1.819;1.829;3817000;7013394
RSTIP;D;20171009;000000;1.839;1.848;1.83;1.835;1990000;3657601
RSTIP;D;20171010;000000;1.84;1.843;1.829;1.829;1913000;3513913
RSTIP;D;20171011;000000;1.835;1.849;1.827;1.836;2468000;4529242
RSTIP;D;20171012;000000;1.827;1.845;1.815;1.823;1530000;2790196
RSTIP;D;20171013;000000;1.825;1.835;1.555;1.811;4175000;7494123
RSTIP;D;20171016;000000;1.82;1.821;1.801;1.81;2349000;4249007
RSTIP;D;20171017;000000;1.81;1.815;1.766;1.772;4460000;7980808
RSTIP;D;20171018;000000;1.63;1.769;1.63;1.742;9046000;15560258
RSTIP;D;20171019;000000;1.754;1.755;1.71;1.724;3066000;5287338
RSTIP;D;20171020;000000;1.724;1.769;1.722;1.74;2812000;4902181
RSTIP;D;20171023;000000;1.747;1.774;1.723;1.757;4283000;7491370
RSTIP;D;20171024;000000;1.752;1.775;1.742;1.77;4121000;7283082
RSTIP;D;20171025;000000;1.733;1.773;1.702;1.707;3301000;5697528
RSTIP;D;20171026;000000;1.715;1.715;1.602;1.649;9776000;16206147
RSTIP;D;20171027;000000;1.661;1.685;1.622;1.629;5477000;8983210
RSTIP;D;20171030;000000;1.666;1.711;1.651;1.706;6431000;10834586
RSTIP;D;20171031;000000;1.701;1.74;1.67;1.683;2814000;4794767
RSTIP;D;20171101;000000;1.692;1.692;1.647;1.661;2766000;4613499
RSTIP;D;20171102;000000;1.678;1.678;1.6;1.613;5292000;8584414
RSTIP;D;20171103;000000;1.613;1.64;1.577;1.614;5230000;8440464
RSTIP;D;20171107;000000;1.622;1.628;1.6;1.61;2581000;4168817
RSTIP;D;20171108;000000;1.62;1.68;1.601;1.68;3835000;6306666
RSTIP;D;20171109;000000;1.681;1.681;1.642;1.657;3571000;5921141
RSTIP;D;20171110;000000;1.659;1.659;1.62;1.642;2513000;4099729
RSTIP;D;20171113;000000;1.64;1.645;1.62;1.63;2310000;3771260
RSTIP;D;20171114;000000;1.629;1.631;1.6;1.617;4718000;7616547
RSTIP;D;20171115;000000;1.607;1.607;1.514;1.548;8755000;13817534
RSTIP;D;20171116;000000;1.555;1.564;1.465;1.52;13503000;20162050
RSTIP;D;20171117;000000;1.494;1.555;1.494;1.532;3059000;4709454
RSTIP;D;20171120;000000;1.532;1.578;1.53;1.572;3760000;5844192
RSTIP;D;20171121;000000;1.56;1.579;1.556;1.562;2443000;3829045
RSTIP;D;20171122;000000;1.568;1.571;1.55;1.566;1455000;2271969
RSTIP;D;20171123;000000;1.573;1.575;1.53;1.547;3627000;5651724
RSTIP;D;20171124;000000;1.558;1.561;1.538;1.547;2222000;3439549
RSTIP;D;20171127;000000;1.544;1.559;1.515;1.518;3123000;4788628
RSTIP;D;20171128;000000;1.529;1.529;1.499;1.508;2124000;3203109
RSTIP;D;20171129;000000;1.519;1.52;1.49;1.519;2965000;4457569
RSTIP;D;20171130;000000;1.52;1.542;1.502;1.504;2216000;3352204
RSTIP;D;20171201;000000;1.515;1.523;1.5;1.51;1600000;2413133
RSTIP;D;20171204;000000;1.51;1.51;1.475;1.479;3224000;4796329
RSTIP;D;20171205;000000;1.475;1.52;1.47;1.494;7185000;10781974
RSTIP;D;20171206;000000;1.49;1.574;1.483;1.519;5730000;8681458
RSTIP;D;20171207;000000;1.519;1.528;1.498;1.502;1921000;2900778
RSTIP;D;20171208;000000;1.512;1.52;1.501;1.506;1331000;2009749
RSTIP;D;20171211;000000;1.508;1.598;1.507;1.567;7175000;11220034
RSTIP;D;20171212;000000;1.576;1.593;1.55;1.561;2107000;3302789
RSTIP;D;20171213;000000;1.572;1.62;1.57;1.593;4894000;7811355
RSTIP;D;20171214;000000;1.597;1.666;1.573;1.666;5864000;9587608
RSTIP;D;20171215;000000;1.665;1.665;1.635;1.647;3181000;5249693
RSTIP;D;20171218;000000;1.653;1.712;1.646;1.654;6890000;11565868
RSTIP;D;20171219;000000;1.675;1.688;1.591;1.608;3461000;5651899
RSTIP;D;20171220;000000;1.6;1.611;1.531;1.549;5512000;8589087
RSTIP;D;20171221;000000;1.555;1.577;1.501;1.522;2804000;4280216
RSTIP;D;20171222;000000;1.523;1.577;1.5;1.541;8598000;13248591
RSTIP;D;20171225;000000;1.525;1.554;1.509;1.534;4420000;6782627
RSTIP;D;20171226;000000;1.543;1.543;1.497;1.507;4814000;7261863
RSTIP;D;20171227;000000;1.508;1.524;1.467;1.49;17133000;25482962
RSTIP;D;20171228;000000;1.5;1.608;1.5;1.562;10750000;16790878
RSTIP;D;20171229;000000;1.573;1.631;1.569;1.626;6855000;11036618
RSTIP;D;20180103;000000;1.614;1.63;1.584;1.607;3823000;6136741
RSTIP;D;20180104;000000;1.62;1.622;1.6;1.611;1852000;2979713
RSTIP;D;20180105;000000;1.618;1.62;1.596;1.6;2850000;4571865
RSTIP;D;20180109;000000;1.602;1.612;1.589;1.61;2463000;3942355
RSTIP;D;20180110;000000;1.61;1.62;1.598;1.615;4391000;7068754
RSTIP;D;20180111;000000;1.62;1.661;1.62;1.65;8079000;13319525
RSTIP;D;20180112;000000;1.665;1.665;1.633;1.655;2710000;4465810
RSTIP;D;20180115;000000;1.662;1.665;1.638;1.651;1586000;2623978
RSTIP;D;20180116;000000;1.657;1.665;1.639;1.651;2781000;4589027
RSTIP;D;20180117;000000;1.648;1.653;1.637;1.646;1149000;1887752
RSTIP;D;20180118;000000;1.665;1.686;1.647;1.67;3423000;5719562
RSTIP;D;20180119;000000;1.67;1.84;1.653;1.817;19629000;34286839
RSTIP;D;20180122;000000;1.8;1.868;1.77;1.811;18292000;33305899
RSTIP;D;20180123;000000;1.812;1.817;1.751;1.771;7392000;13147219
RSTIP;D;20180124;000000;1.782;1.782;1.729;1.762;4371000;7653739
RSTIP;D;20180125;000000;1.755;1.778;1.74;1.748;3628000;6376901
RSTIP;D;20180126;000000;1.74;1.75;1.7;1.709;4593000;7892709
RSTIP;D;20180129;000000;1.71;1.754;1.683;1.7;3586000;6159791
RSTIP;D;20180130;000000;1.686;1.734;1.683;1.72;2568000;4425787
RSTIP;D;20180131;000000;1.729;1.729;1.689;1.709;1609000;2751664
RSTIP;D;20180201;000000;1.724;1.73;1.715;1.729;1622000;2796711
RSTIP;D;20180202;000000;1.73;1.744;1.715;1.718;2051000;3537680
RSTIP;D;20180205;000000;1.7;1.71;1.69;1.71;2503000;4255493
RSTIP;D;20180206;000000;1.699;1.699;1.62;1.638;11134000;18280531
RSTIP;D;20180207;000000;1.65;1.678;1.636;1.651;4195000;6969456
RSTIP;D;20180208;000000;1.655;1.678;1.637;1.66;2419000;4026377
RSTIP;D;20180209;000000;1.638;1.665;1.638;1.655;1876000;3101350
RSTIP;D;20180212;000000;1.646;1.685;1.621;1.669;4837000;7984839
RSTIP;D;20180213;000000;1.685;1.685;1.625;1.651;2504000;4120827
RSTIP;D;20180214;000000;1.667;1.69;1.66;1.67;2054000;3443486
RSTIP;D;20180215;000000;1.679;1.695;1.64;1.649;3264000;5458401
RSTIP;D;20180216;000000;1.649;1.668;1.63;1.643;1805000;2977256
RSTIP;D;20180219;000000;1.647;1.661;1.643;1.661;3306000;5467387
RSTIP;D;20180220;000000;1.665;1.672;1.66;1.662;1356000;2254642
RSTIP;D;20180221;000000;1.677;1.7;1.66;1.681;2439000;4106954
RSTIP;D;20180222;000000;1.698;1.699;1.67;1.674;2449000;4105197
RSTIP;D;20180226;000000;1.663;1.672;1.632;1.649;8223000;13599549
RSTIP;D;20180227;000000;1.64;1.65;1.629;1.643;2628000;4302817
RSTIP;D;20180228;000000;1.641;1.641;1.609;1.611;3951000;6399248
RSTIP;D;20180301;000000;1.608;1.615;1.583;1.59;3786000;6055329
RSTIP;D;20180302;000000;1.585;1.588;1.561;1.565;6563000;10306107
RSTIP;D;20180305;000000;1.561;1.565;1.51;1.539;17180000;26319998
RSTIP;D;20180306;000000;1.537;1.545;1.525;1.534;3892000;5982316
RSTIP;D;20180307;000000;1.53;1.558;1.526;1.537;6610000;10158476
RSTIP;D;20180309;000000;1.539;1.568;1.535;1.551;3256000;5035343
RSTIP;D;20180312;000000;1.55;1.577;1.55;1.569;4736000;7421455
RSTIP;D;20180313;000000;1.571;1.582;1.557;1.572;2987000;4699178
RSTIP;D;20180314;000000;1.57;1.575;1.541;1.546;4827000;7533121
RSTIP;D;20180315;000000;1.544;1.554;1.53;1.548;2043000;3146480
RSTIP;D;20180316;000000;1.556;1.57;1.54;1.555;4341000;6725755
RSTIP;D;20180319;000000;1.543;1.565;1.543;1.554;3122000;4854313
RSTIP;D;20180320;000000;1.554;1.565;1.538;1.553;1750000;2716297
RSTIP;D;20180321;000000;1.554;1.584;1.548;1.574;4233000;6655448
RSTIP;D;20180322;000000;1.576;1.576;1.544;1.549;2143000;3339577
RSTIP;D;20180323;000000;1.533;1.547;1.526;1.538;2352000;3615250
RSTIP;D;20180326;000000;1.544;1.544;1.516;1.519;4128000;6301129
RSTIP;D;20180327;000000;1.517;1.545;1.517;1.544;2607000;4015587
RSTIP;D;20180328;000000;1.539;1.551;1.529;1.546;2565000;3952040
RSTIP;D;20180329;000000;1.552;1.554;1.54;1.543;2523000;3896345
RSTIP;D;20180330;000000;1.541;1.573;1.539;1.564;3531000;5506519
RSTIP;D;20180402;000000;1.572;1.596;1.555;1.559;4363000;6886420
RSTIP;D;20180403;000000;1.559;1.567;1.559;1.564;1066000;1667571
RSTIP;D;20180404;000000;1.562;1.59;1.556;1.569;2845000;4473046
RSTIP;D;20180405;000000;1.57;1.584;1.561;1.569;3139000;4935727
RSTIP;D;20180406;000000;1.568;1.724;1.568;1.688;28020000;46533637
RSTIP;D;20180409;000000;1.688;1.69;1.497;1.55;17606000;27621727
RSTIP;D;20180410;000000;1.589;1.598;1.544;1.574;6389000;10043853
RSTIP;D;20180411;000000;1.587;1.587;1.505;1.533;6839000;10566398
RSTIP;D;20180412;000000;1.533;1.578;1.533;1.536;2838000;4393280
RSTIP;D;20180413;000000;1.563;1.567;1.54;1.548;2498000;3873894
RSTIP;D;20180416;000000;1.532;1.546;1.511;1.53;3057000;4668311
RSTIP;D;20180417;000000;1.55;1.573;1.525;1.558;4178000;6492538
RSTIP;D;20180418;000000;1.546;1.619;1.546;1.615;4374000;6986374
RSTIP;D;20180419;000000;1.615;1.641;1.59;1.596;2830000;4578480
RSTIP;D;20180420;000000;1.608;1.632;1.595;1.619;2426000;3914877
RSTIP;D;20180423;000000;1.626;1.668;1.614;1.66;5068000;8329817
RSTIP;D;20180424;000000;1.656;1.669;1.625;1.634;3605000;5905337
RSTIP;D;20180425;000000;1.64;1.65;1.6;1.607;3590000;5815500
RSTIP;D;20180426;000000;1.619;1.632;1.619;1.622;1167000;1896388
RSTIP;D;20180427;000000;1.63;1.64;1.62;1.624;2973000;4834344
RSTIP;D;20180428;000000;1.63;1.63;1.617;1.625;1922000;3116133
RSTIP;D;20180430;000000;1.634;1.646;1.571;1.598;2747000;4437016
RSTIP;D;20180502;000000;1.6;1.615;1.58;1.599;3619000;5768544
RSTIP;D;20180503;000000;1.599;1.61;1.575;1.575;1707000;2717093
RSTIP;D;20180504;000000;1.582;1.587;1.568;1.578;1321000;2081624
RSTIP;D;20180507;000000;1.579;1.593;1.56;1.563;3093000;4860750
RSTIP;D;20180508;000000;1.563;1.572;1.56;1.567;889000;1391226
RSTIP;D;20180510;000000;1.569;1.59;1.556;1.56;2472000;3879358
RSTIP;D;20180511;000000;1.565;1.579;1.559;1.56;1786000;2799133
RSTIP;D;20180514;000000;1.566;1.589;1.554;1.564;3968000;6222551
RSTIP;D;20180515;000000;1.564;1.582;1.555;1.555;2140000;3350160
RSTIP;D;20180516;000000;1.565;1.579;1.529;1.574;6250000;9735198
RSTIP;D;20180517;000000;1.575;1.626;1.575;1.603;8025000;12888194
RSTIP;D;20180518;000000;1.606;1.614;1.589;1.609;3719000;5954261
RSTIP;D;20180521;000000;1.61;1.612;1.59;1.594;1582000;2530437
RSTIP;D;20180522;000000;1.591;1.598;1.587;1.595;1111000;1769417
RSTIP;D;20180523;000000;1.59;1.59;1.555;1.557;3061000;4799522
RSTIP;D;20180524;000000;1.559;1.568;1.165;1.515;15017000;21596965
RSTIP;D;20180525;000000;1.51;1.524;1.48;1.507;4456000;6725063
RSTIP;D;20180528;000000;1.504;1.519;1.503;1.508;962000;1453324
RSTIP;D;20180529;000000;1.507;1.515;1.482;1.496;2283000;3413557
RSTIP;D;20180530;000000;1.496;1.497;1.435;1.435;4137000;6080084
RSTIP;D;20180531;000000;1.43;1.461;1.391;1.41;9747000;13788635
RSTIP;D;20180601;000000;1.413;1.415;1.399;1.409;3269000;4596226
RSTIP;D;20180604;000000;1.403;1.415;1.376;1.385;4296000;5994304
RSTIP;D;20180605;000000;1.382;1.39;1.347;1.358;6732000;9141569
RSTIP;D;20180606;000000;1.352;1.392;1.345;1.346;11519000;15844299
RSTIP;D;20180607;000000;1.357;1.416;1.357;1.402;17394000;24487655
RSTIP;D;20180608;000000;1.403;1.403;1.368;1.372;5001000;6929086
RSTIP;D;20180609;000000;1.371;1.393;1.371;1.38;1043000;1444028
RSTIP;D;20180611;000000;1.376;1.394;1.373;1.387;105000;145362
RSTIP;D;20180613;000000;1.394;1.453;1.38;1.395;11260000;15949839
RSTIP;D;20180614;000000;1.401;1.446;1.401;1.41;7520000;10717840
RSTIP;D;20180615;000000;1.411;1.414;1.388;1.395;6500000;9068492
RSTIP;D;20180618;000000;1.396;1.405;1.386;1.39;1089000;1517653
RSTIP;D;20180619;000000;1.4;1.409;1.356;1.368;4632000;6352752
RSTIP;D;20180620;000000;1.363;1.389;1.36;1.36;2036000;2791930
RSTIP;D;20180621;000000;1.37;1.38;1.361;1.37;1070000;1468012
RSTIP;D;20180622;000000;1.378;1.395;1.366;1.38;998000;1382218
RSTIP;D;20180625;000000;1.379;1.392;1.37;1.379;679000;934169
RSTIP;D;20180626;000000;1.386;1.386;1.363;1.378;1066000;1462514
RSTIP;D;20180627;000000;1.373;1.388;1.365;1.371;752000;1032427
RSTIP;D;20180628;000000;1.381;1.382;1.362;1.369;1079000;1477330
RSTIP;D;20180629;000000;1.378;1.387;1.365;1.383;2141000;2954819
RSTIP;D;20180702;000000;1.387;1.393;1.377;1.387;947000;1311466
RSTIP;D;20180703;000000;1.385;1.393;1.379;1.387;1511000;2093156
RSTIP;D;20180704;000000;1.38;1.394;1.377;1.386;1176000;1631056
RSTIP;D;20180705;000000;1.395;1.395;1.344;1.367;6576000;8949530
RSTIP;D;20180706;000000;1.358;1.358;1.316;1.355;4750000;6354811
RSTIP;D;20180709;000000;1.36;1.374;1.351;1.358;3183000;4333300
RSTIP;D;20180710;000000;1.368;1.37;1.353;1.363;903000;1228461
RSTIP;D;20180711;000000;1.36;1.369;1.354;1.36;1301000;1772233
RSTIP;D;20180712;000000;1.356;1.372;1.35;1.361;952000;1296055
RSTIP;D;20180713;000000;1.36;1.364;1.356;1.361;709000;963658
RSTIP;D;20180716;000000;1.356;1.39;1.351;1.369;4966000;6811929
RSTIP;D;20180717;000000;1.369;1.369;1.35;1.357;1182000;1602793
RSTIP;D;20180718;000000;1.357;1.363;1.35;1.351;1091000;1478767
RSTIP;D;20180719;000000;1.35;1.354;1.326;1.335;1558000;2091284
RSTIP;D;20180720;000000;1.335;1.344;1.33;1.341;2315000;3099316
RSTIP;D;20180723;000000;1.345;1.354;1.337;1.354;1540000;2076251
RSTIP;D;20180724;000000;1.351;1.366;1.351;1.362;1404000;1912337
RSTIP;D;20180725;000000;1.361;1.362;1.338;1.345;1393000;1875554
RSTIP;D;20180726;000000;1.345;1.352;1.342;1.349;924000;1244630
RSTIP;D;20180727;000000;1.351;1.355;1.341;1.353;1305000;1757559
RSTIP;D;20180730;000000;1.35;1.36;1.344;1.346;3396000;4596915
RSTIP;D;20180731;000000;1.352;1.357;1.345;1.352;683000;923420
RSTIP;D;20180801;000000;1.355;1.409;1.352;1.395;7227000;9964439
RSTIP;D;20180802;000000;1.39;1.408;1.37;1.371;1118000;1547046
RSTIP;D;20180803;000000;1.372;1.374;1.352;1.358;1235000;1684718
RSTIP;D;20180806;000000;1.368;1.368;1.343;1.351;2617000;3540192
RSTIP;D;20180807;000000;1.352;1.355;1.345;1.352;1064000;1436872
RSTIP;D;20180808;000000;1.356;1.356;1.333;1.336;2047000;2743979
RSTIP;D;20180809;000000;1.338;1.338;1.281;1.322;6138000;8040663
RSTIP;D;20180810;000000;1.316;1.344;1.296;1.298;4327000;5721278
RSTIP;D;20180813;000000;1.314;1.315;1.29;1.304;950000;1235598
RSTIP;D;20180814;000000;1.298;1.315;1.268;1.276;4676000;6007214
RSTIP;D;20180815;000000;1.285;1.293;1.273;1.285;1666000;2141241
RSTIP;D;20180816;000000;1.285;1.299;1.267;1.276;3870000;4950850
RSTIP;D;20180817;000000;1.276;1.287;1.262;1.266;1339000;1704215
RSTIP;D;20180820;000000;1.261;1.274;1.261;1.266;1250000;1580628
RSTIP;D;20180821;000000;1.268;1.281;1.268;1.274;711000;907742
RSTIP;D;20180822;000000;1.276;1.297;1.276;1.285;848000;1092007
RSTIP;D;20180823;000000;1.279;1.279;1.25;1.254;2510000;3169270
RSTIP;D;20180824;000000;1.251;1.26;1.22;1.233;3615000;4466871
RSTIP;D;20180827;000000;1.244;1.259;1.212;1.24;3097000;3827728
RSTIP;D;20180828;000000;1.244;1.247;1.218;1.22;2066000;2536250
RSTIP;D;20180829;000000;1.217;1.229;1.215;1.22;2238000;2743236
RSTIP;D;20180830;000000;1.227;1.239;1.2;1.211;9065000;11041520
RSTIP;D;20180831;000000;1.21;1.233;1.208;1.229;3924000;4803274
RSTIP;D;20180903;000000;1.23;1.348;1.228;1.281;9308000;11856050
RSTIP;D;20180904;000000;1.285;1.344;1.285;1.301;2686000;3524231
RSTIP;D;20180905;000000;1.3;1.315;1.261;1.283;1640000;2100019
RSTIP;D;20180906;000000;1.286;1.29;1.222;1.253;835000;1053846
RSTIP;D;20180907;000000;1.257;1.314;1.243;1.288;5823000;7506663
RSTIP;D;20180910;000000;1.289;1.31;1.281;1.296;7678000;9979671
RSTIP;D;20180911;000000;1.297;1.302;1.272;1.297;7559000;9774301
RSTIP;D;20180912;000000;1.295;1.313;1.286;1.302;1837000;2385786
RSTIP;D;20180913;000000;1.303;1.313;1.291;1.313;2234000;2909338
RSTIP;D;20180914;000000;1.304;1.343;1.298;1.337;5096000;6722659
RSTIP;D;20180917;000000;1.339;1.385;1.333;1.364;6084000;8301101
RSTIP;D;20180918;000000;1.364;1.377;1.351;1.36;11301000;15442131
RSTIP;D;20180919;000000;1.36;1.379;1.354;1.36;5416000;7389413
RSTIP;D;20180920;000000;1.365;1.437;1.36;1.418;20559000;28589125
RSTIP;D;20180921;000000;1.42;1.438;1.401;1.41;12446000;17716712
RSTIP;D;20180924;000000;1.412;1.415;1.398;1.4;1033000;1449400
RSTIP;D;20180925;000000;1.383;1.405;1.289;1.303;48172000;63380664
RSTIP;D;20180926;000000;1.318;1.325;1.295;1.308;4808000;6293337
RSTIP;D;20180927;000000;1.306;1.307;1.281;1.304;3337000;4323077
RSTIP;D;20180928;000000;1.303;1.312;1.291;1.293;2078000;2695636
RSTIP;D;20181001;000000;1.293;1.31;1.29;1.304;1095000;1425303
RSTIP;D;20181002;000000;1.318;1.376;1.305;1.353;34723000;46751454
RSTIP;D;20181003;000000;1.358;1.376;1.338;1.35;12430000;16972505
RSTIP;D;20181004;000000;1.352;1.362;1.31;1.317;2529000;3382905
RSTIP;D;20181005;000000;1.318;1.318;1.306;1.311;831000;1088854
RSTIP;D;20181008;000000;1.306;1.345;1.306;1.341;8406000;11107375
RSTIP;D;20181009;000000;1.342;1.371;1.333;1.371;3723000;5049867
RSTIP;D;20181010;000000;1.368;1.381;1.351;1.371;4041000;5551347
RSTIP;D;20181011;000000;1.32;1.363;1.315;1.357;5015000;6745179
RSTIP;D;20181012;000000;1.35;1.37;1.348;1.348;738000;1000070
RSTIP;D;20181015;000000;1.35;1.352;1.343;1.349;205000;276208
RSTIP;D;20181016;000000;1.343;1.375;1.343;1.37;2668000;3643374
RSTIP;D;20181017;000000;1.373;1.379;1.365;1.366;2975000;4084860
RSTIP;D;20181018;000000;1.364;1.38;1.364;1.374;1512000;2078183
RSTIP;D;20181019;000000;1.365;1.399;1.365;1.382;2801000;3867026
RSTIP;D;20181022;000000;1.37;1.394;1.363;1.385;8656000;11875406
RSTIP;D;20181023;000000;1.373;1.373;1.251;1.353;5114000;6888715
RSTIP;D;20181024;000000;1.35;1.377;1.33;1.361;1485000;2020415
RSTIP;D;20181025;000000;1.357;1.357;1.34;1.345;459000;618260
RSTIP;D;20181026;000000;1.34;1.34;1.287;1.307;1885000;2471467
RSTIP;D;20181029;000000;1.305;1.323;1.291;1.291;2201000;2864327
RSTIP;D;20181030;000000;1.295;1.31;1.285;1.302;1721000;2230519
RSTIP;D;20181031;000000;1.309;1.326;1.291;1.311;6936000;9043301
RSTIP;D;20181101;000000;1.311;1.313;1.298;1.311;2671000;3492069
RSTIP;D;20181102;000000;1.313;1.319;1.302;1.309;1550000;2030821
RSTIP;D;20181106;000000;1.309;1.338;1.308;1.327;1728000;2288274
RSTIP;D;20181107;000000;1.325;1.36;1.316;1.358;1892000;2541581
RSTIP;D;20181108;000000;1.343;1.36;1.328;1.349;636000;856549
RSTIP;D;20181109;000000;1.318;1.34;1.304;1.336;673000;894011
RSTIP;D;20181112;000000;1.343;1.354;1.333;1.34;1189000;1594993
RSTIP;D;20181113;000000;1.354;1.354;1.329;1.339;1308000;1747200
RSTIP;D;20181114;000000;1.334;1.344;1.331;1.34;513000;685565
RSTIP;D;20181115;000000;1.348;1.356;1.336;1.336;3604000;4850735
RSTIP;D;20181116;000000;1.349;1.35;1.315;1.335;3167000;4235600
RSTIP;D;20181119;000000;1.321;1.372;1.31;1.333;2970000;3992627
RSTIP;D;20181120;000000;1.321;1.328;1.296;1.31;1406000;1840635
RSTIP;D;20181121;000000;1.309;1.313;1.3;1.312;571000;745342
RSTIP;D;20181122;000000;1.312;1.343;1.312;1.341;2101000;2801980
RSTIP;D;20181123;000000;1.34;1.346;1.338;1.346;2832000;3795783
RSTIP;D;20181126;000000;1.348;1.348;1.33;1.333;1155000;1542418
RSTIP;D;20181127;000000;1.348;1.348;1.333;1.337;496000;663754
RSTIP;D;20181128;000000;1.35;1.356;1.335;1.356;1153000;1549017
RSTIP;D;20181129;000000;1.358;1.41;1.358;1.402;6585000;9180136
RSTIP;D;20181130;000000;1.417;1.417;1.335;1.366;5339000;7285278
RSTIP;D;20181203;000000;1.384;1.397;1.366;1.397;1401000;1942856
RSTIP;D;20181204;000000;1.393;1.408;1.356;1.364;5593000;7697283
RSTIP;D;20181205;000000;1.372;1.378;1.357;1.363;1060000;1452038
RSTIP;D;20181206;000000;1.371;1.372;1.351;1.368;1100000;1500384
RSTIP;D;20181207;000000;1.352;1.375;1.352;1.368;712000;969619
RSTIP;D;20181210;000000;1.36;1.374;1.348;1.365;1981000;2693379
RSTIP;D;20181211;000000;1.368;1.376;1.357;1.368;3672000;4999377
RSTIP;D;20181212;000000;1.36;1.37;1.35;1.36;1181000;1609194
RSTIP;D;20181213;000000;1.36;1.37;1.351;1.367;1186000;1615603
RSTIP;D;20181214;000000;1.368;1.37;1.349;1.353;1409000;1914631
RSTIP;D;20181217;000000;1.35;1.356;1.331;1.346;1254000;1688877
RSTIP;D;20181218;000000;1.341;1.347;1.334;1.337;1014000;1357148
RSTIP;D;20181219;000000;1.339;1.372;1.339;1.359;3247000;4418012
RSTIP;D;20181220;000000;1.356;1.374;1.351;1.357;3512000;4771441
RSTIP;D;20181221;000000;1.36;1.365;1.343;1.358;1958000;2643659
RSTIP;D;20181224;000000;1.359;1.36;1.34;1.34;2427000;3272396
RSTIP;D;20181225;000000;1.337;1.358;1.302;1.355;5025000;6723073
RSTIP;D;20181226;000000;1.35;1.365;1.341;1.36;4059000;5514116
RSTIP;D;20181227;000000;1.37;1.384;1.361;1.369;7773000;10716254
RSTIP;D;20181228;000000;1.377;1.39;1.364;1.38;6650000;9198214
RSTIP;D;20181229;000000;1.364;1.41;1.364;1.402;2915000;4063871
RSTIP;D;20190103;000000;1.395;1.409;1.387;1.398;672000;939182
RSTIP;D;20190104;000000;1.403;1.409;1.391;1.398;533000;744602
RSTIP;D;20190108;000000;1.403;1.403;1.389;1.396;764000;1065608
RSTIP;D;20190109;000000;1.397;1.403;1.39;1.397;1459000;2035195
RSTIP;D;20190110;000000;1.396;1.409;1.395;1.405;2220000;3120338
RSTIP;D;20190111;000000;1.415;1.435;1.41;1.422;2313000;3294205
RSTIP;D;20190114;000000;1.423;1.439;1.411;1.42;682000;967572
RSTIP;D;20190115;000000;1.427;1.435;1.42;1.422;937000;1336464
RSTIP;D;20190116;000000;1.437;1.5;1.422;1.486;6044000;8839967
RSTIP;D;20190117;000000;1.486;1.513;1.438;1.513;7309000;10933919
RSTIP;D;20190118;000000;1.492;1.53;1.491;1.52;6507000;9855979
RSTIP;D;20190121;000000;1.528;1.536;1.5;1.518;1250000;1897789
RSTIP;D;20190122;000000;1.524;1.54;1.457;1.539;9004000;13508054
RSTIP;D;20190123;000000;1.512;1.585;1.5;1.528;18051000;27844900
RSTIP;D;20190124;000000;1.522;1.538;1.509;1.522;2507000;3814357
RSTIP;D;20190125;000000;1.526;1.545;1.515;1.519;1441000;2195619
RSTIP;D;20190128;000000;1.514;1.535;1.505;1.513;3113000;4711313
RSTIP;D;20190129;000000;1.515;1.515;1.481;1.49;3986000;5960882
RSTIP;D;20190130;000000;1.48;1.535;1.477;1.486;4813000;7183257
RSTIP;D;20190131;000000;1.489;1.517;1.488;1.491;987000;1474096
RSTIP;D;20190201;000000;1.494;1.496;1.478;1.492;1399000;2082752
RSTIP;D;20190204;000000;1.494;1.499;1.48;1.485;1461000;2179644
RSTIP;D;20190205;000000;1.485;1.492;1.48;1.491;947000;1409281
RSTIP;D;20190206;000000;1.488;1.495;1.484;1.495;861000;1283582
RSTIP;D;20190207;000000;1.496;1.497;1.477;1.477;664000;986820
RSTIP;D;20190208;000000;1.477;1.49;1.476;1.489;238000;353034
RSTIP;D;20190211;000000;1.491;1.492;1.469;1.475;1075000;1589879
RSTIP;D;20190212;000000;1.48;1.495;1.45;1.475;2632000;3886203
RSTIP;D;20190213;000000;1.471;1.505;1.44;1.451;4773000;7040586
RSTIP;D;20190214;000000;1.451;1.47;1.421;1.436;7017000;10168114
RSTIP;D;20190215;000000;1.445;1.46;1.428;1.442;626000;905777
RSTIP;D;20190218;000000;1.444;1.457;1.441;1.442;732000;1058021
RSTIP;D;20190219;000000;1.441;1.453;1.429;1.438;955000;1382973
RSTIP;D;20190220;000000;1.438;1.447;1.429;1.439;562000;809441
RSTIP;D;20190221;000000;1.43;1.446;1.43;1.439;326000;469218
RSTIP;D;20190222;000000;1.446;1.475;1.402;1.455;8654000;12470072
RSTIP;D;20190225;000000;1.464;1.485;1.42;1.435;2529000;3670279
RSTIP;D;20190226;000000;1.429;1.443;1.42;1.44;953000;1360220
RSTIP;D;20190227;000000;1.44;1.441;1.411;1.42;871000;1239421
RSTIP;D;20190228;000000;1.43;1.43;1.409;1.412;630000;892089
RSTIP;D;20190301;000000;1.427;1.427;1.405;1.413;580000;818352
RSTIP;D;20190304;000000;1.415;1.422;1.411;1.422;440000;624529
RSTIP;D;20190305;000000;1.415;1.422;1.389;1.411;2011000;2832078
RSTIP;D;20190306;000000;1.415;1.421;1.405;1.408;393000;554939
RSTIP;D;20190307;000000;1.41;1.414;1.381;1.398;1260000;1760958
RSTIP;D;20190311;000000;1.382;1.408;1.375;1.38;1419000;1966696
RSTIP;D;20190312;000000;1.394;1.394;1.38;1.386;496000;686557
RSTIP;D;20190313;000000;1.39;1.39;1.352;1.371;1470000;2014368
RSTIP;D;20190314;000000;1.37;1.387;1.34;1.36;1683000;2296097
RSTIP;D;20190315;000000;1.368;1.373;1.363;1.37;313000;428190
RSTIP;D;20190318;000000;1.37;1.379;1.357;1.376;585000;802918
RSTIP;D;20190319;000000;1.38;1.396;1.38;1.38;1001000;1387373
RSTIP;D;20190320;000000;1.39;1.397;1.372;1.387;580000;805898
RSTIP;D;20190321;000000;1.393;1.398;1.381;1.392;440000;611150
RSTIP;D;20190322;000000;1.395;1.4;1.386;1.398;557000;776880
RSTIP;D;20190325;000000;1.4;1.4;1.372;1.393;1127000;1562706
RSTIP;D;20190326;000000;1.395;1.408;1.37;1.388;1245000;1730163
RSTIP;D;20190327;000000;1.389;1.399;1.381;1.39;1012000;1407131
RSTIP;D;20190328;000000;1.398;1.439;1.39;1.432;13739000;19355082
RSTIP;D;20190329;000000;1.412;1.437;1.409;1.421;3147000;4481477
RSTIP;D;20190401;000000;1.41;1.432;1.406;1.426;3919000;5584826
RSTIP;D;20190402;000000;1.42;1.433;1.416;1.426;1657000;2363446
RSTIP;D;20190403;000000;1.423;1.435;1.415;1.435;1339000;1906470
RSTIP;D;20190404;000000;1.429;1.479;1.428;1.468;6047000;8769388
RSTIP;D;20190405;000000;1.468;1.51;1.452;1.488;4210000;6243704
RSTIP;D;20190408;000000;1.465;1.506;1.433;1.469;2905000;4272930
RSTIP;D;20190409;000000;1.465;1.484;1.44;1.472;3405000;4988044
RSTIP;D;20190410;000000;1.455;1.499;1.455;1.482;4870000;7225667
RSTIP;D;20190411;000000;1.485;1.497;1.457;1.47;4303000;6331850
RSTIP;D;20190412;000000;1.46;1.466;1.455;1.466;1383000;2025182
RSTIP;D;20190415;000000;1.459;1.484;1.456;1.461;1228000;1798303
RSTIP;D;20190416;000000;1.46;1.55;1.45;1.468;2071000;3081011
RSTIP;D;20190417;000000;1.462;1.489;1.458;1.472;582000;856391
RSTIP;D;20190418;000000;1.46;1.505;1.46;1.469;1066000;1576130
RSTIP;D;20190419;000000;1.46;1.475;1.46;1.468;591000;866898
RSTIP;D;20190422;000000;1.47;1.48;1.455;1.458;904000;1318250
RSTIP;D;20190423;000000;1.458;1.469;1.415;1.448;3052000;4414266
RSTIP;D;20190424;000000;1.438;1.491;1.43;1.48;4956000;7203661
RSTIP;D;20190425;000000;1.476;1.484;1.453;1.464;1224000;1801012
RSTIP;D;20190426;000000;1.459;1.466;1.444;1.459;908000;1319844
RSTIP;D;20190429;000000;1.465;1.484;1.44;1.464;3927000;5730175
RSTIP;D;20190430;000000;1.459;1.474;1.451;1.466;1314000;1919660
RSTIP;D;20190502;000000;1.463;1.47;1.433;1.47;1031000;1496436
RSTIP;D;20190503;000000;1.453;1.466;1.45;1.457;460000;669662
RSTIP;D;20190506;000000;1.464;1.464;1.445;1.456;276000;400828
RSTIP;D;20190507;000000;1.46;1.494;1.443;1.481;3947000;5850800
RSTIP;D;20190508;000000;1.491;1.498;1.469;1.487;3233000;4783513
RSTIP;D;20190510;000000;1.49;1.49;1.474;1.474;190000;282140
RSTIP;D;20190513;000000;1.482;1.482;1.459;1.465;1386000;2031585
RSTIP;D;20190514;000000;1.46;1.475;1.444;1.462;1225000;1779799
RSTIP;D;20190515;000000;1.47;1.5;1.45;1.476;5475000;8120843
RSTIP;D;20190516;000000;1.478;1.494;1.47;1.486;2737000;4043716
RSTIP;D;20190517;000000;1.484;1.55;1.45;1.54;12329000;18605519
RSTIP;D;20190520;000000;1.548;1.66;1.492;1.633;26319000;42079748
RSTIP;D;20190521;000000;1.635;1.69;1.553;1.589;8911000;14353537
RSTIP;D;20190522;000000;1.6;1.6;1.552;1.58;3500000;5534557
RSTIP;D;20190523;000000;1.583;1.592;1.511;1.559;7558000;11728541
RSTIP;D;20190524;000000;1.55;1.635;1.535;1.572;4678000;7457189
RSTIP;D;20190527;000000;1.575;1.594;1.467;1.525;18307000;28500476
RSTIP;D;20190528;000000;1.54;1.576;1.509;1.551;11133000;17098875
RSTIP;D;20190529;000000;1.558;1.617;1.552;1.587;10194000;16234599
RSTIP;D;20190530;000000;1.587;1.619;1.572;1.589;6484000;10301240
RSTIP;D;20190531;000000;1.575;1.6;1.551;1.569;5050000;7935038
RSTIP;D;20190603;000000;1.582;1.588;1.515;1.528;6194000;9477300
RSTIP;D;20190604;000000;1.53;1.544;1.521;1.532;8034000;12348312
RSTIP;D;20190605;000000;1.543;1.581;1.538;1.54;8705000;13567416
RSTIP;D;20190606;000000;1.55;1.627;1.55;1.62;9293000;14863562
RSTIP;D;20190607;000000;1.62;1.66;1.61;1.657;30104000;48720615
RSTIP;D;20190610;000000;1.658;1.68;1.611;1.641;5494000;9077409
RSTIP;D;20190611;000000;1.67;1.674;1.623;1.627;3629000;5964870
RSTIP;D;20190613;000000;1.643;1.683;1.627;1.662;4117000;6836616
RSTIP;D;20190614;000000;1.674;1.75;1.648;1.738;8473000;14486469
RSTIP;D;20190617;000000;1.72;1.89;1.682;1.716;38873000;69864301
RSTIP;D;20190618;000000;1.735;1.814;1.625;1.753;39130000;67730722
RSTIP;D;20190619;000000;1.75;1.81;1.746;1.77;11294000;20064989
RSTIP;D;20190620;000000;1.815;1.816;1.721;1.727;8640000;15196737
RSTIP;D;20190621;000000;1.745;1.745;1.69;1.692;5773000;9890605
RSTIP;D;20190624;000000;1.704;1.745;1.601;1.737;6819000;11579910
RSTIP;D;20190625;000000;1.732;1.747;1.638;1.666;8361000;14016369
RSTIP;D;20190626;000000;1.66;1.718;1.63;1.699;10011000;16864490
RSTIP;D;20190627;000000;1.7;1.714;1.68;1.688;2106000;3565917
RSTIP;D;20190628;000000;1.69;1.692;1.672;1.672;3185000;5359686
RSTIP;D;20190701;000000;1.67;1.698;1.65;1.685;9696000;16267979
RSTIP;D;20190702;000000;1.7;1.706;1.689;1.699;2859000;4851865
RSTIP;D;20190703;000000;1.7;1.702;1.685;1.695;3419000;5797479
RSTIP;D;20190704;000000;1.695;1.716;1.662;1.669;20792000;35007855
RSTIP;D;20190705;000000;1.602;1.63;1.601;1.62;17090000;27622281
RSTIP;D;20190708;000000;1.62;1.622;1.452;1.551;19609000;30362102
RSTIP;D;20190709;000000;1.556;1.579;1.486;1.516;11925000;18030693
RSTIP;D;20190710;000000;1.518;1.555;1.502;1.535;6941000;10661354
RSTIP;D;20190711;000000;1.536;1.549;1.49;1.499;4825000;7310521
RSTIP;D;20190712;000000;1.499;1.5;1.44;1.469;9276000;13560679
RSTIP;D;20190715;000000;1.477;1.549;1.46;1.494;12996000;19523534
RSTIP;D;20190716;000000;1.494;1.533;1.453;1.467;7627000;11350133
RSTIP;D;20190717;000000;1.467;1.484;1.453;1.47;3125000;4595648
RSTIP;D;20190718;000000;1.475;1.487;1.455;1.462;3119000;4575195
RSTIP;D;20190719;000000;1.469;1.473;1.457;1.461;2839000;4160003
RSTIP;D;20190722;000000;1.498;1.509;1.46;1.475;4487000;6662990
RSTIP;D;20190723;000000;1.471;1.471;1.453;1.461;4091000;5972930
RSTIP;D;20190724;000000;1.469;1.47;1.45;1.454;3358000;4899679
RSTIP;D;20190725;000000;1.45;1.465;1.447;1.46;3535000;5147245
RSTIP;D;20190726;000000;1.466;1.475;1.445;1.45;3369000;4917812
RSTIP;D;20190729;000000;1.455;1.463;1.444;1.457;1327000;1926310
RSTIP;D;20190730;000000;1.458;1.472;1.45;1.452;1401000;2044672
RSTIP;D;20190731;000000;1.451;1.526;1.45;1.485;18596000;27882412
RSTIP;D;20190801;000000;1.481;1.495;1.469;1.474;3933000;5805965
RSTIP;D;20190802;000000;1.464;1.465;1.45;1.455;4671000;6804242
RSTIP;D;20190805;000000;1.441;1.462;1.432;1.443;4064000;5889244
RSTIP;D;20190806;000000;1.443;1.46;1.44;1.456;1832000;2653902
RSTIP;D;20190807;000000;1.448;1.46;1.445;1.445;1830000;2655001
RSTIP;D;20190808;000000;1.453;1.467;1.453;1.458;3200000;4676835
RSTIP;D;20190809;000000;1.455;1.455;1.411;1.421;6402000;9161769
RSTIP;D;20190812;000000;1.42;1.437;1.38;1.387;13215000;18556240
RSTIP;D;20190813;000000;1.39;1.39;1.333;1.355;14904000;20091432
RSTIP;D;20190814;000000;1.347;1.399;1.347;1.361;7478000;10306752
RSTIP;D;20190815;000000;1.368;1.39;1.343;1.355;2114000;2870354
RSTIP;D;20190816;000000;1.355;1.367;1.33;1.353;3515000;4755112
RSTIP;D;20190819;000000;1.368;1.4;1.368;1.376;2650000;3657504
RSTIP;D;20190820;000000;1.395;1.403;1.382;1.387;3051000;4255841
RSTIP;D;20190821;000000;1.396;1.434;1.389;1.415;3452000;4874348
RSTIP;D;20190822;000000;1.4;1.469;1.4;1.459;6432000;9305199
RSTIP;D;20190823;000000;1.47;1.471;1.436;1.438;1427000;2070809
RSTIP;D;20190826;000000;1.43;1.449;1.403;1.437;4384000;6263175
RSTIP;D;20190827;000000;1.437;1.45;1.423;1.426;2231000;3203654
RSTIP;D;20190828;000000;1.43;1.466;1.429;1.446;1507000;2184186
RSTIP;D;20190829;000000;1.461;1.475;1.455;1.46;2381000;3486965
RSTIP;D;20190830;000000;1.466;1.494;1.459;1.473;3561000;5261663
RSTIP;D;20190902;000000;1.475;1.5;1.475;1.484;3955000;5895418
RSTIP;D;20190903;000000;1.49;1.49;1.469;1.473;3946000;5840513
RSTIP;D;20190904;000000;1.466;1.478;1.458;1.468;3122000;4576611
RSTIP;D;20190905;000000;1.469;1.497;1.469;1.49;2497000;3710852
RSTIP;D;20190906;000000;1.478;1.496;1.46;1.474;2067000;3041964
RSTIP;D;20190909;000000;1.469;1.49;1.462;1.487;1532000;2271641
RSTIP;D;20190910;000000;1.471;1.489;1.471;1.487;1237000;1836101
RSTIP;D;20190911;000000;1.5;1.511;1.49;1.511;4283000;6440195
RSTIP;D;20190912;000000;1.504;1.555;1.504;1.535;6152000;9441340
RSTIP;D;20190913;000000;1.54;1.58;1.54;1.556;8470000;13227399
RSTIP;D;20190916;000000;1.57;1.579;1.512;1.53;4619000;7125043
RSTIP;D;20190917;000000;1.534;1.541;1.493;1.524;5414000;8200969
RSTIP;D;20190918;000000;1.524;1.575;1.506;1.561;9465000;14702161
RSTIP;D;20190919;000000;1.565;1.586;1.55;1.569;10880000;17171752
RSTIP;D;20190920;000000;1.57;1.586;1.565;1.576;8426000;13340393
RSTIP;D;20190923;000000;1.57;1.582;1.542;1.566;4678000;7307936
RSTIP;D;20190924;000000;1.565;1.585;1.523;1.526;6617000;10301596
RSTIP;D;20190925;000000;1.527;1.53;1.486;1.509;5031000;7563615
RSTIP;D;20190926;000000;1.52;1.58;1.511;1.57;11693000;18184251
RSTIP;D;20190927;000000;1.557;1.584;1.557;1.569;1971000;3103824
RSTIP;D;20190930;000000;1.56;1.584;1.555;1.584;3802000;5970069
RSTIP;D;20191001;000000;1.585;1.633;1.5;1.535;38770000;59569134
RSTIP;D;20191002;000000;1.526;1.534;1.47;1.491;17601000;26459425
RSTIP;D;20191003;000000;1.49;1.512;1.433;1.511;15849000;23426990
RSTIP;D;20191004;000000;1.526;1.527;1.5;1.5;7885000;11905023
RSTIP;D;20191007;000000;1.509;1.528;1.493;1.505;2641000;3973409
RSTIP;D;20191008;000000;1.502;1.51;1.493;1.5;1211000;1817716
RSTIP;D;20191009;000000;1.493;1.508;1.487;1.5;5045000;7564119
RSTIP;D;20191010;000000;1.513;1.513;1.497;1.508;331000;497830
RSTIP;D;20191011;000000;1.51;1.516;1.47;1.48;3110000;4634308
RSTIP;D;20191014;000000;1.49;1.498;1.468;1.477;2090000;3092234
RSTIP;D;20191015;000000;1.472;1.484;1.47;1.48;3901000;5756657
RSTIP;D;20191016;000000;1.489;1.489;1.44;1.462;7269000;10665142
RSTIP;D;20191017;000000;1.464;1.48;1.464;1.472;1972000;2903658
RSTIP;D;20191018;000000;1.468;1.476;1.458;1.476;4080000;5990897
RSTIP;D;20191021;000000;1.462;1.476;1.46;1.46;1263000;1852588
RSTIP;D;20191022;000000;1.47;1.494;1.461;1.487;3981000;5886625
RSTIP;D;20191023;000000;1.485;1.501;1.472;1.48;2794000;4158573
RSTIP;D;20191024;000000;1.475;1.512;1.475;1.486;23909000;35905217
RSTIP;D;20191025;000000;1.498;1.504;1.471;1.481;4899000;7275416
RSTIP;D;20191028;000000;1.497;1.5;1.481;1.485;1634000;2437469
RSTIP;D;20191029;000000;1.482;1.49;1.478;1.487;1729000;2568402
RSTIP;D;20191030;000000;1.491;1.502;1.478;1.495;3481000;5207796
RSTIP;D;20191031;000000;1.499;1.502;1.49;1.499;3023000;4530833
RSTIP;D;20191101;000000;1.505;1.507;1.471;1.485;6290000;9357955
RSTIP;D;20191105;000000;1.487;1.498;1.457;1.475;9147000;13494081
RSTIP;D;20191106;000000;1.488;1.512;1.461;1.474;34371000;51135788
RSTIP;D;20191107;000000;1.478;1.486;1.461;1.472;11038000;16306296
RSTIP;D;20191108;000000;1.474;1.484;1.45;1.47;8546000;12503072
RSTIP;D;20191111;000000;1.47;1.477;1.455;1.464;5298000;7747737
RSTIP;D;20191112;000000;1.465;1.467;1.445;1.45;4893000;7110505
RSTIP;D;20191113;000000;1.447;1.453;1.441;1.447;3186000;4611641
RSTIP;D;20191114;000000;1.452;1.462;1.44;1.449;3711000;5371221
RSTIP;D;20191115;000000;1.449;1.459;1.44;1.446;3772000;5461429
RSTIP;D;20191118;000000;1.448;1.46;1.448;1.454;1918000;2789368
RSTIP;D;20191119;000000;1.456;1.477;1.45;1.468;8898000;13019123
RSTIP;D;20191120;000000;1.467;1.489;1.465;1.469;5755000;8492604
RSTIP;D;20191121;000000;1.47;1.478;1.464;1.469;1667000;2449093
RSTIP;D;20191122;000000;1.475;1.475;1.459;1.466;2743000;4019773
RSTIP;D;20191125;000000;1.469;1.49;1.465;1.483;13268000;19698087
RSTIP;D;20191126;000000;1.489;1.49;1.465;1.469;8527000;12616668
RSTIP;D;20191127;000000;1.464;1.49;1.464;1.483;9170000;13566686
RSTIP;D;20191128;000000;1.471;1.485;1.469;1.476;3344000;4934928
RSTIP;D;20191129;000000;1.484;1.485;1.465;1.476;3342000;4920556
RSTIP;D;20191202;000000;1.481;1.487;1.474;1.478;1982000;2936423
RSTIP;D;20191203;000000;1.485;1.487;1.448;1.453;10150000;14860733
RSTIP;D;20191204;000000;1.455;1.462;1.443;1.448;5525000;8018165
RSTIP;D;20191205;000000;1.459;1.464;1.437;1.451;4390000;6348762
RSTIP;D;20191206;000000;1.451;1.467;1.449;1.461;4172000;6064534
RSTIP;D;20191209;000000;1.459;1.484;1.456;1.466;5673000;8341079
RSTIP;D;20191210;000000;1.464;1.5;1.455;1.493;7461000;11037239
RSTIP;D;20191211;000000;1.497;1.51;1.489;1.503;13538000;20322059
RSTIP;D;20191212;000000;1.503;1.508;1.492;1.499;7184000;10788151
RSTIP;D;20191213;000000;1.499;1.51;1.488;1.504;5855000;8795677
RSTIP;D;20191216;000000;1.518;1.529;1.5;1.507;19466000;29324749
RSTIP;D;20191217;000000;1.525;1.527;1.506;1.526;7504000;11404336
RSTIP;D;20191218;000000;1.526;1.55;1.523;1.544;8597000;13253745
RSTIP;D;20191219;000000;1.55;1.595;1.55;1.581;25598000;40395633
RSTIP;D;20191220;000000;1.588;1.588;1.54;1.57;9738000;15226454
RSTIP;D;20191223;000000;1.583;1.615;1.55;1.614;10171000;16241579
RSTIP;D;20191224;000000;1.62;1.656;1.62;1.649;19933000;32688332
RSTIP;D;20191225;000000;1.662;1.743;1.646;1.655;26113000;44193283
RSTIP;D;20191226;000000;1.655;1.673;1.616;1.623;18806000;30722339
RSTIP;D;20191227;000000;1.62;1.667;1.598;1.654;13681000;22289057
RSTIP;D;20191230;000000;1.644;1.663;1.607;1.629;17455000;28462223
RSTIP;D;20200103;000000;1.63;1.644;1.628;1.637;5111000;8351411
RSTIP;D;20200106;000000;1.63;1.67;1.625;1.663;7171000;11837892
RSTIP;D;20200108;000000;1.653;1.695;1.625;1.681;8333000;13926355
RSTIP;D;20200109;000000;1.682;1.757;1.67;1.724;16041000;27609284
RSTIP;D;20200110;000000;1.742;1.791;1.725;1.775;18101000;32091828
RSTIP;D;20200113;000000;1.79;1.81;1.763;1.772;9615000;17134003
RSTIP;D;20200114;000000;1.772;1.84;1.751;1.785;29076000;51974992
RSTIP;D;20200115;000000;1.764;1.783;1.728;1.75;11441000;20079767
RSTIP;D;20200116;000000;1.76;1.798;1.751;1.783;7945000;14125159
RSTIP;D;20200117;000000;1.8;1.857;1.773;1.838;23441000;42830220
RSTIP;D;20200120;000000;1.827;1.879;1.827;1.867;13942000;26006052
RSTIP;D;20200121;000000;1.878;1.886;1.807;1.87;15677000;28751010
RSTIP;D;20200122;000000;1.844;1.95;1.844;1.907;26940000;51515395
RSTIP;D;20200123;000000;1.907;1.92;1.851;1.878;12544000;23694971
RSTIP;D;20200124;000000;1.875;1.989;1.875;1.985;16697000;32613876
RSTIP;D;20200127;000000;1.98;1.98;1.85;1.895;25217000;47956040
RSTIP;D;20200128;000000;1.853;1.93;1.853;1.918;11669000;22252196
RSTIP;D;20200129;000000;1.918;1.96;1.912;1.939;10371000;20080674
RSTIP;D;20200130;000000;1.918;1.943;1.873;1.928;10637000;20393449
RSTIP;D;20200131;000000;1.939;1.949;1.853;1.867;20288000;38281310
RSTIP;D;20200203;000000;1.85;1.85;1.812;1.83;10988000;20161737
RSTIP;D;20200204;000000;1.867;1.867;1.75;1.85;6009000;11088510
RSTIP;D;20200205;000000;1.84;1.882;1.84;1.875;9967000;18583534
RSTIP;D;20200206;000000;1.889;1.89;1.821;1.836;7693000;14254488
RSTIP;D;20200207;000000;1.836;1.854;1.788;1.806;12925000;23432227
RSTIP;D;20200210;000000;1.806;1.823;1.785;1.79;10692000;19213154
RSTIP;D;20200211;000000;1.8;1.825;1.795;1.819;6151000;11140655
RSTIP;D;20200212;000000;1.828;1.88;1.827;1.864;9922000;18420383
RSTIP;D;20200213;000000;1.857;1.886;1.856;1.875;7646000;14287055
RSTIP;D;20200214;000000;1.861;1.893;1.839;1.859;7927000;14816889
RSTIP;D;20200217;000000;1.88;1.929;1.88;1.911;10451000;19964260
RSTIP;D;20200218;000000;1.902;1.915;1.859;1.86;3256000;6135858
RSTIP;D;20200219;000000;1.89;1.909;1.848;1.866;5932000;11071437
RSTIP;D;20200220;000000;1.868;1.887;1.83;1.845;5764000;10670133
RSTIP;D;20200221;000000;1.865;1.865;1.802;1.847;6953000;12722570
RSTIP;D;20200225;000000;1.811;1.944;1.805;1.827;24012000;45193339
RSTIP;D;20200226;000000;1.81;1.864;1.78;1.853;13735000;24994435
RSTIP;D;20200227;000000;1.826;1.844;1.761;1.761;12577000;22686526
RSTIP;D;20200228;000000;1.745;1.768;1.605;1.688;35360000;59750117
RSTIP;D;20200302;000000;1.726;1.802;1.68;1.705;19839000;34272806
RSTIP;D;20200303;000000;1.739;1.771;1.732;1.766;3803000;6662853
RSTIP;D;20200304;000000;1.775;1.799;1.731;1.74;14049000;24832062
RSTIP;D;20200305;000000;1.719;1.775;1.7;1.71;3501000;6040612
RSTIP;D;20200306;000000;1.697;1.7;1.6;1.629;23723000;38826394
RSTIP;D;20200310;000000;1.47;1.594;1.45;1.452;37725000;57716298
RSTIP;D;20200311;000000;1.474;1.557;1.411;1.438;23642000;35116206
RSTIP;D;20200312;000000;1.402;1.425;1.153;1.195;118252000;145666263
RSTIP;D;20200313;000000;1.209;1.3;1.166;1.21;55500000;68261732
RSTIP;D;20200316;000000;1.19;1.231;1.105;1.122;38726000;44857468
RSTIP;D;20200317;000000;1.15;1.178;1.08;1.088;32408000;36185305
RSTIP;D;20200318;000000;1.081;1.081;1.007;1.022;28752000;29611785
RSTIP;D;20200319;000000;1.04;1.13;1.01;1.118;19626000;21245997
RSTIP;D;20200320;000000;1.14;1.226;1.14;1.14;49427000;58416387
RSTIP;D;20200323;000000;1.112;1.19;1.09;1.174;18123000;20593780
RSTIP;D;20200324;000000;1.2;1.339;1.2;1.33;23042000;29539388
RSTIP;D;20200325;000000;1.351;1.51;1.231;1.334;48646000;66365745
RSTIP;D;20200326;000000;1.316;1.358;1.291;1.338;12050000;15996249
RSTIP;D;20200327;000000;1.33;1.439;1.301;1.371;33298000;45429735
RSTIP;D;20200330;000000;1.34;1.372;1.278;1.351;16533000;22024463
RSTIP;D;20200331;000000;1.359;1.4;1.341;1.39;9787000;13534745
RSTIP;D;20200401;000000;1.361;1.389;1.321;1.377;6190000;8509779
RSTIP;D;20200402;000000;1.4;1.412;1.352;1.394;11247000;15578143
RSTIP;D;20200403;000000;1.396;1.428;1.37;1.419;8876000;12433958
RSTIP;D;20200406;000000;1.403;1.483;1.403;1.478;11168000;16240923
RSTIP;D;20200407;000000;1.488;1.539;1.42;1.465;19574000;29161509
RSTIP;D;20200408;000000;1.472;1.518;1.44;1.5;12815000;19126067
RSTIP;D;20200409;000000;1.504;1.578;1.48;1.527;15270000;23262721
RSTIP;D;20200410;000000;1.54;1.554;1.52;1.531;6480000;9980274
RSTIP;D;20200413;000000;1.555;1.56;1.501;1.514;8060000;12256716
RSTIP;D;20200414;000000;1.528;1.546;1.519;1.53;4159000;6373022
RSTIP;D;20200415;000000;1.514;1.536;1.452;1.47;13466000;19945454
RSTIP;D;20200416;000000;1.461;1.51;1.441;1.49;6256000;9289114
RSTIP;D;20200417;000000;1.497;1.527;1.481;1.505;4312000;6462876
RSTIP;D;20200420;000000;1.481;1.517;1.46;1.469;6896000;10219195
RSTIP;D;20200421;000000;1.45;1.456;1.413;1.43;15931000;22780755
RSTIP;D;20200422;000000;1.452;1.48;1.418;1.46;7233000;10589138
RSTIP;D;20200423;000000;1.494;1.52;1.46;1.485;14192000;21129201
RSTIP;D;20200424;000000;1.516;1.55;1.474;1.481;9778000;14595295
RSTIP;D;20200427;000000;1.477;1.509;1.471;1.498;6639000;9915411
RSTIP;D;20200428;000000;1.504;1.548;1.496;1.533;5132000;7844274
RSTIP;D;20200429;000000;1.533;1.565;1.533;1.553;6655000;10343614
RSTIP;D;20200430;000000;1.57;1.575;1.502;1.546;13186000;20259458
RSTIP;D;20200504;000000;1.54;1.638;1.502;1.585;23633000;37191706
RSTIP;D;20200505;000000;1.616;1.719;1.586;1.705;25592000;42684064
RSTIP;D;20200506;000000;1.876;1.97;1.811;1.9;121768000;231904537
RSTIP;D;20200507;000000;1.914;1.926;1.832;1.9;27226000;51495036
RSTIP;D;20200508;000000;1.905;1.917;1.888;1.91;14594000;27795056
RSTIP;D;20200512;000000;1.91;1.965;1.901;1.955;16958000;33081876
RSTIP;D;20200513;000000;1.955;1.96;1.925;1.945;9269000;18045099
RSTIP;D;20200514;000000;1.96;1.96;1.895;1.93;12991000;25130647
RSTIP;D;20200515;000000;1.954;1.955;1.919;1.934;10187000;19771992
RSTIP;D;20200518;000000;1.94;1.96;1.925;1.954;13032000;25335453
RSTIP;D;20200519;000000;1.96;1.995;1.95;1.971;17196000;33956970
RSTIP;D;20200520;000000;1.99;2.19;1.977;2.19;82404000;173643522
RSTIP;D;20200521;000000;2.2;2.2;2.151;2.195;39161000;85644411
RSTIP;D;20200522;000000;2.18;2.237;2.116;2.236;19218000;42279333
RSTIP;D;20200525;000000;2.24;2.398;2.237;2.389;49240000;115546702
RSTIP;D;20200526;000000;2.4;2.431;2.316;2.35;53862000;127241233
RSTIP;D;20200527;000000;2.385;2.388;2.305;2.312;27345000;64105635
RSTIP;D;20200528;000000;2.306;2.357;2.302;2.346;18588000;43503245
RSTIP;D;20200529;000000;2.35;2.385;2.289;2.37;36300000;85121955
RSTIP;D;20200601;000000;2.38;2.397;2.356;2.39;35782000;85095744
RSTIP;D;20200602;000000;2.41;2.47;2.331;2.425;51262000;124260530
RSTIP;D;20200603;000000;2.437;2.45;2.34;2.374;32107000;76952609
RSTIP;D;20200604;000000;2.37;2.39;2.302;2.339;20966000;49272021
RSTIP;D;20200605;000000;2.345;2.39;2.34;2.371;15231000;36143703
RSTIP;D;20200608;000000;2.378;2.39;2.345;2.377;33706000;79798662
RSTIP;D;20200609;000000;2.375;2.387;2.361;2.38;24457000;58068657
RSTIP;D;20200610;000000;2.38;2.395;2.35;2.387;46535000;110425573
RSTIP;D;20200611;000000;2.224;2.224;2.155;2.165;44558000;97874793
RSTIP;D;20200615;000000;2.15;2.19;2.11;2.152;17047000;36451250
RSTIP;D;20200616;000000;2.18;2.18;2.117;2.141;14898000;31905313
RSTIP;D;20200617;000000;2.14;2.163;2.125;2.127;5941000;12685251
RSTIP;D;20200618;000000;2.126;2.126;2.066;2.085;7672000;16112354
RSTIP;D;20200619;000000;2.099;2.099;2.063;2.074;7748000;16136268
RSTIP;D;20200622;000000;2.065;2.084;2.011;2.04;9702000;19884493
RSTIP;D;20200623;000000;2.045;2.111;2.041;2.071;10661000;22208115
RSTIP;D;20200625;000000;2.06;2.075;2.038;2.075;4419000;9070416
RSTIP;D;20200626;000000;2.075;2.1;2.04;2.04;11391000;23605479
RSTIP;D;20200629;000000;2.036;2.067;2.02;2.021;5956000;12201813
RSTIP;D;20200630;000000;2.022;2.057;2.003;2.003;6681000;13587874
RSTIP;D;20200702;000000;2.01;2.139;2.01;2.124;23580000;49318769
RSTIP;D;20200703;000000;2.124;2.2;2.101;2.145;12750000;27611299
RSTIP;D;20200706;000000;2.174;2.191;2.103;2.146;9603000;20581639
RSTIP;D;20200707;000000;2.103;2.198;2.061;2.072;9737000;20526094
RSTIP;D;20200708;000000;2.08;2.126;2.07;2.07;4454000;9343983
RSTIP;D;20200709;000000;2.083;2.128;2.07;2.08;7906000;16666031
RSTIP;D;20200710;000000;2.077;2.104;2.053;2.054;3174000;6593744
RSTIP;D;20200713;000000;2.07;2.094;2.052;2.052;2214000;4576950
RSTIP;D;20200714;000000;2.051;2.054;2.02;2.02;4293000;8708623
RSTIP;D;20200715;000000;2.025;2.08;2.025;2.046;3123000;6429610
RSTIP;D;20200716;000000;2.043;2.09;2.043;2.05;3196000;6613936
RSTIP;D;20200717;000000;2.05;2.074;2.042;2.049;2926000;6007675
RSTIP;D;20200720;000000;2.065;2.125;2.051;2.11;9311000;19517734
RSTIP;D;20200721;000000;2.125;2.169;2.119;2.145;9381000;20159897
RSTIP;D;20200722;000000;2.146;2.149;2.12;2.121;3855000;8230318
RSTIP;D;20200723;000000;2.121;2.129;2.052;2.101;5184000;10903486
RSTIP;D;20200724;000000;2.1;2.108;2.08;2.081;3601000;7526337
RSTIP;D;20200727;000000;2.091;2.1;2.04;2.062;4742000;9818377
RSTIP;D;20200728;000000;2.06;2.1;2.052;2.06;4580000;9525917
RSTIP;D;20200729;000000;2.099;2.144;2.08;2.127;20379000;43261892
RSTIP;D;20200730;000000;2.146;2.216;2.071;2.082;26541000;57464922
RSTIP;D;20200731;000000;2.118;2.167;2.099;2.119;6980000;14871879
RSTIP;D;20200803;000000;2.105;2.2;2.105;2.145;20614000;44765360
RSTIP;D;20200804;000000;2.146;2.197;2.131;2.133;8709000;18863814
RSTIP;D;20200805;000000;2.14;2.181;2.14;2.149;7295000;15746737
RSTIP;D;20200806;000000;2.154;2.162;2.13;2.13;7690000;16515473
RSTIP;D;20200807;000000;2.13;2.152;2.116;2.13;3738000;7996107
RSTIP;D;20200810;000000;2.13;2.164;2.126;2.149;3927000;8461765
RSTIP;D;20200811;000000;2.162;2.162;2.134;2.138;2545000;5468862
RSTIP;D;20200812;000000;2.149;2.177;2.142;2.164;7003000;15147171
RSTIP;D;20200813;000000;2.176;2.177;2.116;2.12;4052000;8751649
RSTIP;D;20200814;000000;2.149;2.169;2.125;2.125;5038000;10805284
RSTIP;D;20200817;000000;2.126;2.162;2.116;2.135;11538000;24659451
RSTIP;D;20200818;000000;2.139;2.156;2.128;2.129;7827000;16782122
RSTIP;D;20200819;000000;2.138;2.145;2.121;2.128;1637000;3485871
RSTIP;D;20200820;000000;2.121;2.133;2.058;2.058;13852000;28928515
RSTIP;D;20200821;000000;2.069;2.098;2.04;2.054;5044000;10400371
RSTIP;D;20200824;000000;2.045;2.089;2.042;2.078;4744000;9838542
RSTIP;D;20200825;000000;2.078;2.106;2.065;2.065;7654000;15946676
RSTIP;D;20200826;000000;2.065;2.09;2.065;2.07;2282000;4732881
RSTIP;D;20200827;000000;2.079;2.094;2.05;2.062;5718000;11883015
RSTIP;D;20200828;000000;2.09;2.09;2.05;2.055;3366000;6931786
RSTIP;D;20200831;000000;2.064;2.075;1.95;2.009;15082000;30525070
RSTIP;D;20200901;000000;2.02;2.093;1.952;2.041;9435000;19261870
RSTIP;D;20200902;000000;2.054;2.09;2.033;2.05;5927000;12256017
RSTIP;D;20200903;000000;2.05;2.07;2.01;2.039;5235000;10683627
RSTIP;D;20200904;000000;2.025;2.05;1.991;2.011;6319000;12741950
RSTIP;D;20200907;000000;2.008;2.04;2.008;2.023;2716000;5507837
RSTIP;D;20200908;000000;2.02;2.04;1.959;2;6208000;12373525
RSTIP;D;20200909;000000;2.004;2.007;1.983;1.998;1808000;3612244
RSTIP;D;20200910;000000;2;2.021;1.987;2.008;4257000;8537815
RSTIP;D;20200911;000000;2.01;2.059;2;2.051;3749000;7636750
RSTIP;D;20200914;000000;2.059;2.067;2.038;2.04;3052000;6246487
RSTIP;D;20200915;000000;2.053;2.059;2.03;2.052;2397000;4905137
RSTIP;D;20200916;000000;2.054;2.057;2.035;2.042;3603000;7360700
RSTIP;D;20200917;000000;2.042;2.071;2.023;2.051;4674000;9608516
RSTIP;D;20200918;000000;2.06;2.102;2.057;2.082;9441000;19667858
RSTIP;D;20200921;000000;2.078;2.12;2.02;2.025;8803000;18110027
RSTIP;D;20200922;000000;2.021;2.09;2.021;2.047;8605000;17696066
RSTIP;D;20200923;000000;2.036;2.057;2.033;2.04;2720000;5554493
RSTIP;D;20200924;000000;2.059;2.059;2.025;2.033;2558000;5199119
RSTIP;D;20200925;000000;2.034;2.053;2.016;2.029;4056000;8232562
RSTIP;D;20200928;000000;2.034;2.038;2;2.018;4061000;8209315
RSTIP;D;20200929;000000;2.033;2.035;2;2.026;5111000;10294825
RSTIP;D;20200930;000000;2.02;2.034;2.01;2.021;2069000;4187474
RSTIP;D;20201001;000000;2.029;2.03;2.011;2.018;1918000;3875202
RSTIP;D;20201002;000000;2.014;2.02;1.967;2;6598000;13151190
RSTIP;D;20201005;000000;2.01;2.01;1.98;2;2076000;4148502
RSTIP;D;20201006;000000;2.009;2.029;2;2.013;3528000;7111228
RSTIP;D;20201007;000000;2.011;2.017;1.993;2;2500000;5001490
RSTIP;D;20201008;000000;2.002;2.008;1.991;1.998;1283000;2563598
RSTIP;D;20201009;000000;1.998;2.006;1.99;1.998;1757000;3504352
RSTIP;D;20201012;000000;1.999;2;1.99;1.996;1629000;3249628
RSTIP;D;20201013;000000;1.991;2.004;1.899;1.928;11071000;21644893
RSTIP;D;20201014;000000;1.934;1.974;1.933;1.969;3276000;6403438
RSTIP;D;20201015;000000;1.969;1.973;1.945;1.945;2498000;4895291
RSTIP;D;20201016;000000;1.949;1.955;1.92;1.928;3300000;6377476
RSTIP;D;20201019;000000;1.929;1.93;1.899;1.904;5065000;9656420
RSTIP;D;20201020;000000;1.909;1.917;1.86;1.916;8936000;16905477
RSTIP;D;20201021;000000;1.917;1.933;1.91;1.92;3196000;6148041
RSTIP;D;20201022;000000;1.92;1.93;1.901;1.924;3260000;6251275
RSTIP;D;20201023;000000;1.917;2.077;1.917;2.068;24147000;48618456
RSTIP;D;20201026;000000;2.073;2.084;2.022;2.028;7986000;16439958
RSTIP;D;20201027;000000;2.053;2.053;1.96;1.981;6369000;12748015
RSTIP;D;20201028;000000;1.989;1.99;1.871;1.906;17163000;32747105
RSTIP;D;20201029;000000;1.915;1.963;1.901;1.961;7397000;14302669
RSTIP;D;20201030;000000;1.951;1.972;1.92;1.961;3296000;6415724
RSTIP;D;20201102;000000;1.95;2.134;1.941;2.053;18159000;37412276
RSTIP;D;20201103;000000;2.033;2.075;2.013;2.03;5566000;11344608
RSTIP;D;20201105;000000;2.067;2.07;2.022;2.046;5509000;11318350
RSTIP;D;20201106;000000;2.043;2.08;2.026;2.053;4972000;10209831
RSTIP;D;20201109;000000;2.078;2.131;2.022;2.072;10306000;21623524
RSTIP;D;20201110;000000;2.07;2.12;2.052;2.07;5814000;12110001
RSTIP;D;20201111;000000;2.078;2.113;2.056;2.083;6595000;13812699
RSTIP;D;20201112;000000;2.08;2.099;2.04;2.084;3876000;8042943
RSTIP;D;20201113;000000;2.066;2.1;2.06;2.068;3093000;6410017
RSTIP;D;20201116;000000;2.089;2.148;2.071;2.136;10878000;23051732
RSTIP;D;20201117;000000;2.138;2.149;2.094;2.1;4793000;10130649
RSTIP;D;20201118;000000;2.096;2.139;2.096;2.107;2918000;6170938
RSTIP;D;20201119;000000;2.106;2.117;2.075;2.093;4364000;9147510
RSTIP;D;20201120;000000;2.104;2.139;2.081;2.115;4935000;10416895
RSTIP;D;20201123;000000;2.1;2.15;2.065;2.113;7939000;16778819
RSTIP;D;20201124;000000;2.137;2.137;2.081;2.123;4525000;9518080
RSTIP;D;20201125;000000;2.128;2.128;2.09;2.121;3858000;8138665
RSTIP;D;20201126;000000;2.106;2.13;2.101;2.124;3357000;7109695
RSTIP;D;20201127;000000;2.124;2.138;2.1;2.135;3507000;7447154
RSTIP;D;20201130;000000;2.126;2.14;2.083;2.115;5760000;12185841
RSTIP;D;20201201;000000;2.123;2.139;2.11;2.125;1948000;4141949
RSTIP;D;20201202;000000;2.121;2.137;2.116;2.125;2275000;4838662
RSTIP;D;20201203;000000;2.12;2.139;2.116;2.136;6171000;13153535
RSTIP;D;20201204;000000;2.139;2.147;2.13;2.137;2326000;4968711
RSTIP;D;20201207;000000;2.141;2.142;2.12;2.13;2431000;5180097
RSTIP;D;20201208;000000;2.126;2.13;2.104;2.109;3292000;6960899
RSTIP;D;20201209;000000;2.107;2.128;2.107;2.118;1897000;4022978
RSTIP;D;20201210;000000;2.106;2.128;2.08;2.113;4309000;9062048
RSTIP;D;20201211;000000;2.113;2.117;2.052;2.08;6094000;12752225
RSTIP;D;20201214;000000;2.095;2.12;2.081;2.101;5565000;11749064
RSTIP;D;20201215;000000;2.1;2.109;2.085;2.09;2968000;6218058
RSTIP;D;20201216;000000;2.094;2.11;2.093;2.098;5363000;11268774
RSTIP;D;20201217;000000;2.097;2.113;2.097;2.1;2002000;4218144
RSTIP;D;20201218;000000;2.1;2.113;2.095;2.1;6301000;13233433
RSTIP;D;20201221;000000;2.097;2.103;2.066;2.08;6389000;13305969
RSTIP;D;20201222;000000;2.065;2.123;2.065;2.103;3764000;7918151
RSTIP;D;20201223;000000;2.11;2.122;2.097;2.115;2863000;6046586
RSTIP;D;20201224;000000;2.118;2.137;2.105;2.123;3788000;8026961
RSTIP;D;20201225;000000;2.117;2.132;2.105;2.13;2253000;4772504
RSTIP;D;20201228;000000;2.13;2.212;2.111;2.203;16516000;35923463
RSTIP;D;20201229;000000;2.207;2.225;2.179;2.2;6593000;14481424
RSTIP;D;20201230;000000;2.18;2.215;2.18;2.201;7004000;15454505
RSTIP;D;20210104;000000;2.208;2.228;2.201;2.224;4396000;9743251
RSTIP;D;20210105;000000;2.207;2.224;2.2;2.211;1690000;3735736
RSTIP;D;20210106;000000;2.206;2.226;2.201;2.213;2101000;4656277
RSTIP;D;20210108;000000;2.224;2.254;2.21;2.243;6971000;15562270
RSTIP;D;20210111;000000;2.236;2.277;2.215;2.225;10450000;23536417
RSTIP;D;20210112;000000;2.244;2.257;2.224;2.232;2112000;4735193
RSTIP;D;20210113;000000;2.22;2.249;2.201;2.21;3623000;8031651
RSTIP;D;20210114;000000;2.216;2.216;2.156;2.2;5371000;11754087
RSTIP;D;20210115;000000;2.191;2.234;2.185;2.191;4754000;10523181
RSTIP;D;20210118;000000;2.199;2.204;2.164;2.181;4653000;10151420
RSTIP;D;20210119;000000;2.194;2.22;2.181;2.193;2720000;6009001
RSTIP;D;20210120;000000;2.21;2.215;2.191;2.209;1403000;3094245
RSTIP;D;20210121;000000;2.211;2.225;2.17;2.172;4301000;9417177
RSTIP;D;20210122;000000;2.179;2.188;2.132;2.152;4798000;10290061
RSTIP;D;20210125;000000;2.142;2.19;2.139;2.166;2420000;5256343
RSTIP;D;20210126;000000;2.16;2.178;2.16;2.17;1696000;3675250
RSTIP;D;20210127;000000;2.169;2.187;2.156;2.16;1601000;3483589
RSTIP;D;20210128;000000;2.154;2.19;2.1;2.163;5180000;11098883
RSTIP;D;20210129;000000;2.163;2.163;2.063;2.125;3384000;7177391
RSTIP;D;20210201;000000;2.13;2.17;2.11;2.151;3073000;6608188
RSTIP;D;20210202;000000;2.15;2.17;2.15;2.159;1358000;2935429
RSTIP;D;20210203;000000;2.16;2.171;2.151;2.155;1148000;2482957
RSTIP;D;20210204;000000;2.16;2.169;2.126;2.138;4080000;8738527
RSTIP;D;20210205;000000;2.139;2.144;2.121;2.139;2320000;4950962
RSTIP;D;20210208;000000;2.139;2.16;2.13;2.16;2313000;4960284
RSTIP;D;20210209;000000;2.16;2.16;2.114;2.138;3087000;6592468
RSTIP;D;20210210;000000;2.134;2.2;2.131;2.17;8789000;19041028
RSTIP;D;20210211;000000;2.174;2.179;2.146;2.16;2700000;5828424
RSTIP;D;20210212;000000;2.164;2.185;2.132;2.175;1999000;4300729
RSTIP;D;20210215;000000;2.184;2.198;2.176;2.187;2463000;5393083
RSTIP;D;20210216;000000;2.186;2.235;2.172;2.234;7126000;15785010
RSTIP;D;20210217;000000;2.233;2.234;2.193;2.202;5222000;11611179
RSTIP;D;20210218;000000;2.193;2.204;2.177;2.187;1496000;3276188
RSTIP;D;20210219;000000;2.176;2.198;2.149;2.164;2289000;4987494
RSTIP;D;20210220;000000;2.161;2.218;2.147;2.214;1607000;3516383
RSTIP;D;20210222;000000;2.214;2.24;2.171;2.188;1948000;4291456
RSTIP;D;20210224;000000;2.194;2.201;2.145;2.153;2974000;6430543
RSTIP;D;20210225;000000;2.153;2.176;2.153;2.157;1454000;3148914
RSTIP;D;20210226;000000;2.143;2.157;2.132;2.153;3742000;8044339
RSTIP;D;20210301;000000;2.15;2.17;2.13;2.15;2166000;4649831
RSTIP;D;20210302;000000;2.153;2.163;2.142;2.16;1448000;3119545
RSTIP;D;20210303;000000;2.141;2.172;2.14;2.145;1559000;3362759
RSTIP;D;20210304;000000;2.145;2.155;2.126;2.146;2815000;6024779
RSTIP;D;20210305;000000;2.14;2.145;2.123;2.128;2722000;5797856
RSTIP;D;20210309;000000;2.135;2.152;2.111;2.137;1918000;4100441
RSTIP;D;20210310;000000;2.137;2.15;2.123;2.148;1111000;2380928
RSTIP;D;20210311;000000;2.149;2.165;2.142;2.15;1594000;3428089
RSTIP;D;20210312;000000;2.15;2.156;2.126;2.138;1804000;3854483
RSTIP;D;20210315;000000;2.149;2.173;2.115;2.164;2690000;5808453
RSTIP;D;20210316;000000;2.18;2.192;2.136;2.151;4088000;8876560
RSTIP;D;20210317;000000;2.14;2.176;2.083;2.118;5612000;11910196
RSTIP;D;20210318;000000;2.119;2.136;2.085;2.12;3369000;7130342
RSTIP;D;20210319;000000;2.124;2.124;2.083;2.093;2842000;5950856
RSTIP;D;20210322;000000;2.104;2.106;2.07;2.097;2163000;4515849
RSTIP;D;20210323;000000;2.1;2.109;2.041;2.044;6269000;12930100
RSTIP;D;20210324;000000;2.044;2.057;1.985;2.056;5975000;12091260
RSTIP;D;20210325;000000;2.059;2.095;2.051;2.073;5356000;11123335
RSTIP;D;20210326;000000;2.08;2.1;2.08;2.093;1623000;3395868
RSTIP;D;20210329;000000;2.099;2.11;2.076;2.092;3498000;7337191
RSTIP;D;20210330;000000;2.109;2.112;2.09;2.102;1361000;2854472
RSTIP;D;20210331;000000;2.105;2.105;2.089;2.097;2304000;4823237
RSTIP;D;20210401;000000;2.097;2.109;2.04;2.05;11109000;22934199
RSTIP;D;20210402;000000;2.046;2.086;2.043;2.082;2353000;4868910
RSTIP;D;20210405;000000;2.072;2.084;2.04;2.065;2055000;4229157
RSTIP;D;20210406;000000;2.068;2.075;2.027;2.042;4137000;8480221
RSTIP;D;20210407;000000;2.043;2.058;2.036;2.043;1725000;3533661
RSTIP;D;20210408;000000;2.049;2.068;2.037;2.052;2496000;5125116
RSTIP;D;20210409;000000;2.049;2.057;2.018;2.02;4871000;9879855
RSTIP;D;20210412;000000;2.021;2.049;2;2.015;4938000;9944690
RSTIP;D;20210413;000000;2.019;2.029;2.01;2.01;1731000;3491435
RSTIP;D;20210414;000000;2.01;2.029;2.01;2.025;1315000;2660283
RSTIP;D;20210415;000000;2.026;2.028;2.011;2.023;2555000;5162089
RSTIP;D;20210416;000000;2.025;2.027;2.011;2.023;1907000;3855915
RSTIP;D;20210419;000000;2.015;2.058;2.015;2.049;4085000;8336864
RSTIP;D;20210420;000000;2.055;2.071;2.044;2.045;1875000;3853299
RSTIP;D;20210421;000000;2.054;2.07;2.046;2.057;3297000;6778187
RSTIP;D;20210422;000000;2.064;2.077;2.055;2.062;2176000;4491979
RSTIP;D;20210423;000000;2.062;2.073;2.06;2.068;1093000;2259084
RSTIP;D;20210426;000000;2.064;2.119;2.064;2.087;5467000;11458999
RSTIP;D;20210427;000000;2.08;2.104;2.077;2.095;2539000;5302273
RSTIP;D;20210428;000000;2.099;2.099;2.04;2.065;2627000;5422401
RSTIP;D;20210429;000000;2.068;2.076;2;2.04;3620000;7375925
RSTIP;D;20210430;000000;2.036;2.06;2.01;2.033;2578000;5239471
RSTIP;D;20210504;000000;2.043;2.079;2.043;2.054;2476000;5098124
RSTIP;D;20210505;000000;2.058;2.075;2.056;2.074;1438000;2969021
RSTIP;D;20210506;000000;2.074;2.079;2.058;2.073;1059000;2191288
RSTIP;D;20210507;000000;2.069;2.074;2.06;2.066;880000;1820052
RSTIP;D;20210510;000000;2.073;2.096;2.066;2.085;1575000;3274085
RSTIP;D;20210511;000000;2.085;2.096;2.058;2.069;1778000;3683361
RSTIP;D;20210512;000000;2.069;2.092;2.068;2.082;1755000;3654463
RSTIP;D;20210513;000000;2.072;2.087;2.055;2.076;1694000;3504597
RSTIP;D;20210514;000000;2.071;2.085;2.068;2.069;1457000;3026435
RSTIP;D;20210517;000000;2.065;2.09;2.065;2.068;1956000;4055510
RSTIP;D;20210518;000000;2.068;2.079;2.05;2.069;1608000;3321193
RSTIP;D;20210519;000000;2.069;2.08;2.05;2.06;1848000;3818143
RSTIP;D;20210520;000000;2.051;2.064;2.04;2.044;1571000;3220600
RSTIP;D;20210521;000000;2.041;2.065;2.031;2.048;3503000;7187640
RSTIP;D;20210524;000000;2.052;2.052;2.01;2.021;7641000;15471449
RSTIP;D;20210525;000000;2.022;2.035;2.005;2.017;4330000;8726545
RSTIP;D;20210526;000000;2.024;2.034;2.005;2.021;2830000;5717759
RSTIP;D;20210527;000000;2.01;2.034;2.003;2.009;4785000;9658261
RSTIP;D;20210528;000000;2.006;2.015;1.989;2;7069000;14149413
RSTIP;D;20210531;000000;2;2.046;2;2.034;7095000;14425248
RSTIP;D;20210601;000000;2.043;2.055;2.026;2.033;3953000;8069005
RSTIP;D;20210602;000000;2.033;2.046;2.02;2.034;2633000;5341365
RSTIP;D;20210603;000000;2.06;2.06;2.02;2.029;1965000;3997125
RSTIP;D;20210604;000000;2.035;2.037;2.018;2.032;1559000;3162084
RSTIP;D;20210607;000000;2.034;2.034;2.02;2.023;2288000;4633572
RSTIP;D;20210608;000000;2.026;2.033;2.014;2.033;3293000;6661335
RSTIP;D;20210609;000000;2.034;2.037;2.015;2.021;1994000;4028916
RSTIP;D;20210610;000000;2.013;2.025;2.006;2.019;2836000;5709990
RSTIP;D;20210611;000000;2.016;2.033;2.013;2.02;2229000;4513148
RSTIP;D;20210614;000000;2.031;2.032;2.011;2.018;1570000;3168273
RSTIP;D;20210615;000000;2.018;2.03;2.013;2.018;1398000;2823221
RSTIP;D;20210616;000000;2.018;2.025;2.015;2.021;1378000;2785076
RSTIP;D;20210617;000000;2.016;2.026;2.01;2.016;1874000;3774834
RSTIP;D;20210618;000000;2.016;2.019;1.997;1.998;3823000;7654691
RSTIP;D;20210621;000000;1.998;2.024;1.998;2.002;1910000;3841315
RSTIP;D;20210622;000000;2.014;2.015;2;2.007;891000;1788778
RSTIP;D;20210623;000000;2.014;2.014;2;2.006;1089000;2184869
RSTIP;D;20210624;000000;2.004;2.039;1.998;2.007;3752000;7551659
RSTIP;D;20210625;000000;2.014;2.03;2;2.007;927000;1857723
RSTIP;D;20210628;000000;1.995;2.011;1.993;2.004;1926000;3851069
RSTIP;D;20210629;000000;2.009;2.009;1.993;1.998;1624000;3244870
RSTIP;D;20210630;000000;1.992;2.003;1.936;1.996;2275000;4508837
RSTIP;D;20210701;000000;2.018;2.018;1.976;1.998;2105000;4212515
RSTIP;D;20210702;000000;2;2.007;1.996;1.998;710000;1420619
RSTIP;D;20210705;000000;2;2.008;1.993;1.997;1597000;3190156
RSTIP;D;20210706;000000;2;2.007;1.993;2;3570000;7137120
RSTIP;D;20210707;000000;2.004;2.008;1.99;1.995;2545000;5076330
RSTIP;D;20210708;000000;1.999;1.999;1.98;1.982;1868000;3712148
RSTIP;D;20210709;000000;1.98;1.997;1.98;1.987;1113000;2210386
RSTIP;D;20210712;000000;1.994;2.004;1.97;1.991;2107000;4187229
RSTIP;D;20210713;000000;1.981;1.994;1.967;1.982;5004000;9901998
RSTIP;D;20210714;000000;1.989;1.999;1.969;1.977;4694000;9282495
RSTIP;D;20210715;000000;1.926;1.947;1.905;1.944;5733000;11082465
RSTIP;D;20210716;000000;1.944;1.947;1.9;1.908;3913000;7508066
RSTIP;D;20210719;000000;1.906;1.914;1.798;1.8;13624000;24973533
RSTIP;D;20210720;000000;1.809;1.855;1.8;1.82;6684000;12137109
RSTIP;D;20210721;000000;1.844;1.932;1.827;1.911;7084000;13401569
RSTIP;D;20210722;000000;1.919;1.922;1.884;1.895;2567000;4873246
RSTIP;D;20210723;000000;1.899;1.913;1.885;1.891;1242000;2356680
RSTIP;D;20210726;000000;1.898;1.908;1.827;1.861;1639000;3102964
RSTIP;D;20210727;000000;1.869;1.895;1.85;1.851;2479000;4665999
RSTIP;D;20210728;000000;1.874;1.894;1.863;1.865;1234000;2321994
RSTIP;D;20210729;000000;1.874;1.903;1.874;1.897;1794000;3397596
RSTIP;D;20210730;000000;1.899;1.934;1.898;1.913;3448000;6607313
RSTIP;D;20210802;000000;1.911;1.929;1.896;1.92;1651000;3159136
RSTIP;D;20210803;000000;1.921;1.93;1.901;1.924;1846000;3541573
RSTIP;D;20210804;000000;1.924;1.934;1.913;1.929;1191000;2295496
RSTIP;D;20210805;000000;1.929;1.936;1.925;1.935;1483000;2864801
RSTIP;D;20210806;000000;1.936;1.939;1.926;1.927;837000;1616932
RSTIP;D;20210809;000000;1.939;1.939;1.87;1.909;2426000;4640801
RSTIP;D;20210810;000000;1.915;1.925;1.879;1.891;2148000;4077257
RSTIP;D;20210811;000000;1.894;1.927;1.882;1.89;2857000;5433869
RSTIP;D;20210812;000000;1.89;1.909;1.886;1.898;1321000;2506846
RSTIP;D;20210813;000000;1.915;1.916;1.89;1.9;957000;1816316
RSTIP;D;20210816;000000;1.904;1.909;1.88;1.892;1630000;3082667
RSTIP;D;20210817;000000;1.899;1.908;1.878;1.898;2017000;3819314
RSTIP;D;20210818;000000;1.899;1.903;1.878;1.888;1306000;2465700
RSTIP;D;20210819;000000;1.888;1.888;1.857;1.857;1776000;3309777
RSTIP;D;20210820;000000;1.865;1.882;1.855;1.873;1194000;2229820
RSTIP;D;20210823;000000;1.875;1.903;1.875;1.9;2242000;4251281
RSTIP;D;20210824;000000;1.899;1.999;1.899;1.959;3797000;7322206
RSTIP;D;20210825;000000;1.959;1.959;1.9;1.914;3574000;6885066
RSTIP;D;20210826;000000;1.908;1.929;1.907;1.925;1330000;2554500
RSTIP;D;20210827;000000;1.929;1.986;1.929;1.979;3250000;6365133
RSTIP;D;20210830;000000;1.978;1.999;1.942;1.971;3011000;5908503
RSTIP;D;20210831;000000;1.974;2.019;1.959;1.996;3499000;6938000
RSTIP;D;20210901;000000;1.993;2.018;1.98;1.995;3252000;6491322
RSTIP;D;20210902;000000;2;2.022;1.984;2.005;3512000;7050295
RSTIP;D;20210903;000000;2.007;2.028;2.005;2.022;2915000;5882431
RSTIP;D;20210906;000000;1.995;2.075;1.995;2.057;8361000;17171497
RSTIP;D;20210907;000000;2.07;2.111;2.051;2.052;12192000;25485951
RSTIP;D;20210908;000000;2.046;2.084;2.006;2.027;4310000;8758163
RSTIP;D;20210909;000000;2.027;2.047;2.007;2.011;2437000;4941359
RSTIP;D;20210910;000000;2.018;2.026;1.942;1.976;4326000;8583912
RSTIP;D;20210913;000000;1.976;1.999;1.952;1.957;2629000;5177977
RSTIP;D;20210914;000000;1.96;1.979;1.955;1.964;1562000;3073768
RSTIP;D;20210915;000000;1.976;1.99;1.957;1.97;4143000;8181239
RSTIP;D;20210916;000000;1.994;2;1.966;1.987;2103000;4171934
RSTIP;D;20210917;000000;1.987;1.991;1.965;1.97;1438000;2836153
RSTIP;D;20210920;000000;1.97;1.973;1.902;1.922;3701000;7150851
RSTIP;D;20210921;000000;1.99;1.99;1.894;1.928;3189000;6160534
RSTIP;D;20210922;000000;1.935;1.951;1.904;1.924;2254000;4350773
RSTIP;D;20210923;000000;1.934;1.941;1.901;1.928;1530000;2945832
RSTIP;D;20210924;000000;1.938;1.938;1.887;1.9;2744000;5231846
RSTIP;D;20210927;000000;1.9;1.949;1.9;1.931;2108000;4080536
RSTIP;D;20210928;000000;1.921;1.946;1.9;1.902;2169000;4169132
RSTIP;D;20210929;000000;1.923;1.945;1.881;1.9;2456000;4691077
RSTIP;D;20210930;000000;1.9;1.938;1.892;1.921;1139000;2173578
RSTIP;D;20211001;000000;1.929;1.939;1.91;1.93;1120000;2159806
RSTIP;D;20211004;000000;1.931;1.946;1.909;1.911;1664000;3205241
RSTIP;D;20211005;000000;1.924;1.935;1.908;1.911;2391000;4584567
RSTIP;D;20211006;000000;1.929;1.966;1.9;1.908;4718000;9043500
RSTIP;D;20211007;000000;1.924;1.953;1.86;1.952;4986000;9595057
RSTIP;D;20211008;000000;1.953;1.971;1.95;1.96;2834000;5557781
RSTIP;D;20211011;000000;1.96;1.975;1.904;1.952;3329000;6477166
RSTIP;D;20211012;000000;1.952;2.01;1.932;1.991;4895000;9704186
RSTIP;D;20211013;000000;2.009;2.009;1.976;1.982;2854000;5670796
RSTIP;D;20211014;000000;2.009;2.37;2.002;2.135;93544000;206177197
RSTIP;D;20211015;000000;2.161;2.161;2.016;2.032;19588000;40399903
RSTIP;D;20211018;000000;2.054;2.064;2.022;2.029;6457000;13143248
RSTIP;D;20211019;000000;2.044;2.198;2.03;2.175;20443000;43215335
RSTIP;D;20211020;000000;2.161;2.199;2.062;2.113;9323000;19886609
RSTIP;D;20211021;000000;2.13;2.139;2.071;2.086;4606000;9625508
RSTIP;D;20211022;000000;2.086;2.098;2.059;2.061;4108000;8505915
RSTIP;D;20211025;000000;2.079;2.083;2.03;2.051;3018000;6165206
RSTIP;D;20211026;000000;2.052;2.09;2.034;2.045;4338000;8943420
RSTIP;D;20211027;000000;2.057;2.057;2.025;2.029;1510000;3069518
RSTIP;D;20211028;000000;2.025;2.037;1.998;2;4026000;8085636
RSTIP;D;20211029;000000;2.027;2.034;1.935;1.979;3209000;6368908
RSTIP;D;20211101;000000;1.989;2.015;1.944;2.001;4450000;8857068
RSTIP;D;20211102;000000;2.004;2.049;1.988;1.991;2125000;4292850
RSTIP;D;20211103;000000;2.008;2.008;1.97;1.984;1202000;2386439
RSTIP;D;20211105;000000;1.982;1.999;1.97;1.979;1383000;2739779
RSTIP;D;20211108;000000;1.969;2.001;1.969;1.987;1490000;2963051
RSTIP;D;20211109;000000;1.98;2;1.91;1.955;4964000;9750060
RSTIP;D;20211110;000000;1.955;1.967;1.93;1.95;2123000;4148421
RSTIP;D;20211111;000000;1.946;1.961;1.91;1.937;3131000;6043232
RSTIP;D;20211112;000000;1.944;1.959;1.901;1.925;1996000;3838954
RSTIP;D;20211115;000000;1.916;1.982;1.911;1.964;2582000;5032385
RSTIP;D;20211116;000000;1.982;1.983;1.93;1.937;1851000;3608984
RSTIP;D;20211117;000000;1.937;1.982;1.931;1.946;2247000;4380275
RSTIP;D;20211118;000000;1.938;1.979;1.915;1.915;1170000;2261195
RSTIP;D;20211119;000000;1.934;1.947;1.895;1.908;2408000;4605065
RSTIP;D;20211122;000000;1.928;1.928;1.852;1.871;2563000;4808245
RSTIP;D;20211123;000000;1.867;1.9;1.82;1.883;2602000;4860877
RSTIP;D;20211124;000000;1.881;1.918;1.87;1.899;2012000;3804058
RSTIP;D;20211125;000000;1.903;1.905;1.885;1.899;573000;1087618
RSTIP;D;20211126;000000;1.872;1.92;1.811;1.877;5627000;10522827
RSTIP;D;20211129;000000;1.891;1.925;1.87;1.885;2132000;4031422
RSTIP;D;20211130;000000;1.886;1.898;1.863;1.882;1203000;2262636
RSTIP;D;20211201;000000;1.886;1.908;1.886;1.89;1712000;3250935
RSTIP;D;20211202;000000;1.905;1.91;1.884;1.894;798000;1513664
RSTIP;D;20211203;000000;1.906;1.907;1.871;1.895;3664000;6930478
RSTIP;D;20211206;000000;1.872;1.895;1.82;1.835;2909000;5369734
RSTIP;D;20211207;000000;1.837;1.854;1.821;1.842;1362000;2499403
RSTIP;D;20211208;000000;1.853;1.862;1.832;1.844;1930000;3567775
RSTIP;D;20211209;000000;1.857;1.857;1.813;1.836;4096000;7489085
RSTIP;D;20211210;000000;1.842;1.854;1.812;1.815;2452000;4452696
RSTIP;D;20211213;000000;1.815;1.842;1.77;1.778;4182000;7520843
RSTIP;D;20211214;000000;1.766;1.8;1.73;1.745;6336000;11188427
RSTIP;D;20211215;000000;1.761;1.791;1.7;1.715;10323000;17735933
RSTIP;D;20211216;000000;1.739;1.782;1.736;1.771;2207000;3891442
RSTIP;D;20211217;000000;1.778;1.78;1.757;1.768;1448000;2559078
RSTIP;D;20211220;000000;1.77;1.787;1.725;1.741;5492000;9567632
RSTIP;D;20211221;000000;1.741;1.763;1.73;1.754;2256000;3957199
RSTIP;D;20211222;000000;1.76;1.769;1.749;1.768;2157000;3800301
RSTIP;D;20211223;000000;1.769;1.769;1.731;1.731;3697000;6459431
RSTIP;D;20211224;000000;1.733;1.749;1.723;1.744;2230000;3878015
RSTIP;D;20211227;000000;1.745;1.758;1.73;1.758;3801000;6622563
RSTIP;D;20211228;000000;1.76;1.773;1.741;1.75;3693000;6486221
RSTIP;D;20211229;000000;1.766;1.779;1.744;1.751;2345000;4134880
RSTIP;D;20211230;000000;1.751;1.785;1.751;1.779;4788000;8449063
RSTIP;D;20220103;000000;1.788;1.85;1.787;1.827;3263000;5963189
RSTIP;D;20220104;000000;1.815;1.857;1.81;1.835;2279000;4180294
RSTIP;D;20220105;000000;1.843;1.846;1.787;1.787;2525000;4566992
RSTIP;D;20220106;000000;1.808;1.819;1.754;1.768;3182000;5651732
RSTIP;D;20220110;000000;1.76;1.839;1.76;1.778;2282000;4085335
RSTIP;D;20220111;000000;1.771;1.8;1.771;1.787;831000;1485093
RSTIP;D;20220112;000000;1.797;1.957;1.787;1.882;10086000;19074265
RSTIP;D;20220113;000000;1.869;1.894;1.831;1.836;3334000;6183311
RSTIP;D;20220114;000000;1.827;1.864;1.792;1.817;3642000;6616075
RSTIP;D;20220117;000000;1.789;1.845;1.789;1.802;1479000;2673608
RSTIP;D;20220118;000000;1.801;1.817;1.723;1.74;2753000;4853939
RSTIP;D;20220119;000000;1.746;1.795;1.718;1.776;2842000;5030097
RSTIP;D;20220120;000000;1.798;1.85;1.77;1.774;1301000;2331138
RSTIP;D;20220121;000000;1.789;1.804;1.711;1.722;5533000;9600176
RSTIP;D;20220124;000000;1.87;1.87;1.686;1.695;8219000;14124209
RSTIP;D;20220125;000000;1.719;1.756;1.678;1.695;7792000;13249077
RSTIP;D;20220126;000000;1.708;1.725;1.695;1.721;5301000;9062544
RSTIP;D;20220127;000000;1.702;1.788;1.695;1.72;2814000;4849950
RSTIP;D;20220128;000000;1.722;1.758;1.703;1.734;2976000;5141412
RSTIP;D;20220131;000000;1.734;1.776;1.72;1.756;1484000;2606727
RSTIP;D;20220201;000000;1.776;1.788;1.762;1.763;620000;1098978
RSTIP;D;20220202;000000;1.763;1.773;1.745;1.758;988000;1736437
RSTIP;D;20220203;000000;1.741;1.746;1.727;1.729;685000;1188390
RSTIP;D;20220204;000000;1.748;1.753;1.736;1.741;576000;1005794
RSTIP;D;20220207;000000;1.754;1.81;1.731;1.731;1374000;2414503
RSTIP;D;20220208;000000;1.749;1.766;1.731;1.76;850000;1483257
RSTIP;D;20220209;000000;1.76;1.775;1.743;1.758;1441000;2530047
RSTIP;D;20220210;000000;1.769;1.769;1.746;1.755;485000;852025
RSTIP;D;20220211;000000;1.763;1.763;1.708;1.714;1112000;1916401
RSTIP;D;20220214;000000;1.734;1.734;1.673;1.698;2473000;4179129
RSTIP;D;20220215;000000;1.732;1.747;1.703;1.739;1226000;2123450
RSTIP;D;20220216;000000;1.743;1.808;1.732;1.75;1466000;2580433
RSTIP;D;20220217;000000;1.75;1.75;1.704;1.738;4919000;8583280
RSTIP;D;20220218;000000;1.724;1.743;1.687;1.69;1575000;2686384
RSTIP;D;20220221;000000;1.69;1.707;1.592;1.599;8992000;14581076
RSTIP;D;20220222;000000;1.59;1.678;1.439;1.66;10338000;15697662
RSTIP;D;20220224;000000;1.52;1.52;0.906;1.053;14307000;16411165
RSTIP;D;20220225;000000;1.1;1.545;1.1;1.484;9087000;12256470
RSTIP;D;20220328;000000;1.336;1.439;1.118;1.191;10868000;13454408
RSTIP;D;20220329;000000;1.195;1.424;1.192;1.26;7254000;9098825
RSTIP;D;20220330;000000;1.35;1.536;1.2;1.373;13715000;19155057
RSTIP;D;20220331;000000;1.388;1.618;1.376;1.438;12809000;19053380
RSTIP;D;20220401;000000;1.5;1.515;1.421;1.467;6318000;9346130
RSTIP;D;20220404;000000;1.467;1.55;1.413;1.479;7690000;11463523
RSTIP;D;20220405;000000;1.432;1.47;1.289;1.411;5956000;8392260
RSTIP;D;20220406;000000;1.382;1.464;1.31;1.426;3866000;5501544
RSTIP;D;20220407;000000;1.4;1.46;1.369;1.433;1807000;2570705
RSTIP;D;20220408;000000;1.433;1.442;1.371;1.408;1983000;2804530
RSTIP;D;20220411;000000;1.403;1.424;1.38;1.381;1248000;1745329
RSTIP;D;20220412;000000;1.381;1.406;1.281;1.353;1702000;2268415
RSTIP;D;20220413;000000;1.358;1.379;1.352;1.356;1190000;1625597
RSTIP;D;20220414;000000;1.334;1.375;1.299;1.299;2530000;3344672
RSTIP;D;20220415;000000;1.338;1.445;1.303;1.33;7076000;9582621
RSTIP;D;20220418;000000;1.371;1.371;1.227;1.272;4324000;5584437
RSTIP;D;20220419;000000;1.27;1.315;1.22;1.252;4932000;6190410
RSTIP;D;20220420;000000;1.28;1.28;1.237;1.265;1716000;2173426
RSTIP;D;20220421;000000;1.28;1.28;1.24;1.26;1246000;1566928
RSTIP;D;20220422;000000;1.26;1.273;1.242;1.259;863000;1084142
RSTIP;D;20220425;000000;1.239;1.258;1.231;1.235;978000;1211854
RSTIP;D;20220426;000000;1.245;1.27;1.235;1.26;1082000;1359961
RSTIP;D;20220427;000000;1.255;1.328;1.237;1.309;4727000;6083436
RSTIP;D;20220428;000000;1.33;1.33;1.252;1.276;2829000;3682723
RSTIP;D;20220429;000000;1.31;1.335;1.271;1.296;2781000;3618816
RSTIP;D;20220504;000000;1.299;1.311;1.246;1.264;2170000;2764233
RSTIP;D;20220505;000000;1.294;1.294;1.25;1.271;1624000;2075364
RSTIP;D;20220506;000000;1.284;1.291;1.259;1.286;1043000;1336250
RSTIP;D;20220511;000000;1.264;1.33;1.264;1.298;3611000;4714653
RSTIP;D;20220512;000000;1.319;1.319;1.25;1.274;3033000;3923042
RSTIP;D;20220513;000000;1.271;1.286;1.26;1.281;762000;971744
RSTIP;D;20220516;000000;1.3;1.344;1.254;1.33;6044000;7949400
RSTIP;D;20220517;000000;1.335;1.701;1.307;1.504;58072000;90745608
RSTIP;D;20220518;000000;1.477;1.529;1.46;1.464;9265000;13796231
RSTIP;D;20220519;000000;1.453;1.469;1.382;1.403;4707000;6686973
RSTIP;D;20220520;000000;1.437;1.437;1.35;1.371;3300000;4542042
RSTIP;D;20220523;000000;1.384;1.4;1.326;1.338;3780000;5131365
RSTIP;D;20220524;000000;1.344;1.479;1.325;1.401;14571000;20522620
RSTIP;D;20220525;000000;1.407;1.425;1.386;1.403;3262000;4568562
RSTIP;D;20220526;000000;1.39;1.458;1.366;1.431;6732000;9528202
RSTIP;D;20220527;000000;1.43;1.448;1.406;1.418;2301000;3290844
RSTIP;D;20220530;000000;1.45;1.495;1.388;1.396;2897000;4076650
RSTIP;D;20220531;000000;1.395;1.399;1.289;1.313;13456000;17744359
RSTIP;D;20220601;000000;1.341;1.341;1.291;1.295;2923000;3823535
RSTIP;D;20220602;000000;1.314;1.314;1.255;1.258;7076000;8960318
RSTIP;D;20220603;000000;1.27;1.273;1.24;1.267;2157000;2716139
RSTIP;D;20220606;000000;1.248;1.265;1.23;1.242;1728000;2151590
RSTIP;D;20220607;000000;1.244;1.255;1.2;1.228;2123000;2592780
RSTIP;D;20220608;000000;1.238;1.274;1.212;1.228;2100000;2595382
RSTIP;D;20220609;000000;1.238;1.239;1.202;1.23;1135000;1392697
RSTIP;D;20220610;000000;1.231;1.246;1.225;1.229;1155000;1425124
RSTIP;D;20220614;000000;1.245;1.265;1.226;1.239;4242000;5293722
RSTIP;D;20220615;000000;1.239;1.3;1.236;1.262;4571000;5755292
RSTIP;D;20220616;000000;1.262;1.335;1.262;1.283;3133000;4059908
RSTIP;D;20220617;000000;1.298;1.31;1.276;1.289;1477000;1906450
RSTIP;D;20220620;000000;1.29;1.308;1.281;1.292;1899000;2454180
RSTIP;D;20220621;000000;1.294;1.306;1.263;1.267;1584000;2033554
RSTIP;D;20220622;000000;1.262;1.273;1.23;1.25;1362000;1701718
RSTIP;D;20220623;000000;1.254;1.282;1.241;1.281;1414000;1784256
RSTIP;D;20220624;000000;1.273;1.29;1.272;1.286;1191000;1526393
RSTIP;D;20220627;000000;1.286;1.35;1.261;1.31;4024000;5263509
RSTIP;D;20220628;000000;1.303;1.346;1.266;1.315;2935000;3847916
RSTIP;D;20220629;000000;1.305;1.335;1.286;1.3;2513000;3286328
RSTIP;D;20220630;000000;1.305;1.339;1.241;1.255;2336000;2963996
RSTIP;D;20220701;000000;1.273;1.273;1.233;1.254;1344000;1682622
RSTIP;D;20220704;000000;1.266;1.274;1.234;1.25;1011000;1265983
RSTIP;D;20220705;000000;1.241;1.293;1.241;1.25;1096000;1369897
RSTIP;D;20220706;000000;1.243;1.267;1.243;1.25;902000;1136573
RSTIP;D;20220707;000000;1.259;1.267;1.233;1.243;1518000;1895352
RSTIP;D;20220708;000000;1.255;1.267;1.23;1.241;1498000;1870485
RSTIP;D;20220711;000000;1.266;1.291;1.241;1.255;1228000;1538885
RSTIP;D;20220712;000000;1.258;1.258;1.226;1.257;1726000;2149799
RSTIP;D;20220713;000000;1.259;1.259;1.242;1.248;680000;847856
RSTIP;D;20220714;000000;1.258;1.27;1.239;1.25;2725000;3412483
RSTIP;D;20220715;000000;1.25;1.27;1.24;1.247;2348000;2936209
RSTIP;D;20220718;000000;1.255;1.264;1.148;1.208;18759000;22588728
RSTIP;D;20220719;000000;1.222;1.26;1.172;1.231;25292000;30988549
RSTIP;D;20220720;000000;1.23;1.27;1.229;1.248;8928000;11172595
RSTIP;D;20220721;000000;1.27;1.27;1.21;1.227;4869000;5976502
RSTIP;D;20220722;000000;1.235;1.235;1.208;1.213;3865000;4716913
RSTIP;D;20220725;000000;1.211;1.229;1.211;1.227;1852000;2267009
RSTIP;D;20220726;000000;1.227;1.262;1.212;1.244;11403000;14175229
RSTIP;D;20220727;000000;1.249;1.267;1.242;1.248;3822000;4785901
RSTIP;D;20220728;000000;1.25;1.252;1.202;1.225;6535000;8014447
RSTIP;D;20220729;000000;1.235;1.236;1.215;1.219;2190000;2688186
RSTIP;D;20220801;000000;1.22;1.25;1.217;1.247;3626000;4460604
RSTIP;D;20220802;000000;1.247;1.257;1.225;1.225;2231000;2767777
RSTIP;D;20220803;000000;1.231;1.368;1.196;1.3;43966000;56681983
RSTIP;D;20220804;000000;1.296;1.3;1.245;1.253;10974000;13929049
RSTIP;D;20220805;000000;1.253;1.256;1.231;1.233;6153000;7648851
RSTIP;D;20220808;000000;1.258;1.258;1.23;1.232;2652000;3285616
RSTIP;D;20220809;000000;1.231;1.235;1.225;1.231;2040000;2508096
RSTIP;D;20220810;000000;1.234;1.245;1.226;1.234;2137000;2640750
RSTIP;D;20220811;000000;1.249;1.249;1.227;1.228;924000;1138324
RSTIP;D;20220812;000000;1.227;1.239;1.223;1.233;1672000;2056986
RSTIP;D;20220815;000000;1.249;1.249;1.22;1.234;10957000;13457863
RSTIP;D;20220816;000000;1.234;1.24;1.226;1.231;3937000;4848774
RSTIP;D;20220817;000000;1.238;1.238;1.226;1.229;1963000;2414438
RSTIP;D;20220818;000000;1.235;1.235;1.22;1.22;1515000;1854679
RSTIP;D;20220819;000000;1.224;1.233;1.211;1.22;2403000;2937498
RSTIP;D;20220822;000000;1.225;1.228;1.218;1.22;1158000;1415215
RSTIP;D;20220823;000000;1.223;1.224;1.22;1.223;997000;1217704
RSTIP;D;20220824;000000;1.219;1.224;1.212;1.218;1346000;1639696
RSTIP;D;20220825;000000;1.222;1.222;1.218;1.222;710000;866437
RSTIP;D;20220826;000000;1.214;1.224;1.214;1.224;555000;677007
RSTIP;D;20220829;000000;1.224;1.229;1.217;1.223;1454000;1777384
RSTIP;D;20220830;000000;1.225;1.229;1.222;1.225;1087000;1332327
RSTIP;D;20220831;000000;1.223;1.249;1.22;1.228;26700000;32834802
RSTIP;D;20220901;000000;1.238;1.244;1.228;1.238;14308000;17669705
RSTIP;D;20220902;000000;1.243;1.248;1.235;1.238;6898000;8574236
RSTIP;D;20220905;000000;1.245;1.31;1.244;1.306;28740000;36943791
RSTIP;D;20220906;000000;1.301;1.318;1.25;1.265;9491000;12102333
RSTIP;D;20220907;000000;1.266;1.287;1.241;1.258;1936000;2441019
RSTIP;D;20220908;000000;1.265;1.266;1.251;1.258;1666000;2102202
RSTIP;D;20220909;000000;1.258;1.269;1.255;1.265;2913000;3677681
RSTIP;D;20220912;000000;1.254;1.28;1.253;1.27;2303000;2925301
RSTIP;D;20220913;000000;1.277;1.278;1.251;1.257;2420000;3067721
RSTIP;D;20220914;000000;1.268;1.273;1.222;1.24;6577000;8132192
RSTIP;D;20220915;000000;1.238;1.26;1.238;1.252;6453000;8106787
RSTIP;D;20220916;000000;1.258;1.27;1.232;1.235;3191000;3990567
RSTIP;D;20220919;000000;1.24;1.241;1.211;1.235;3205000;3932880
RSTIP;D;20220920;000000;1.24;1.24;1.161;1.17;10040000;12003977
RSTIP;D;20220921;000000;1.15;1.157;1.06;1.121;6172000;6882163
RSTIP;D;20220922;000000;1.115;1.164;1.08;1.131;9800000;11273817
RSTIP;D;20220923;000000;1.131;1.137;1.085;1.103;6441000;7152361
RSTIP;D;20220926;000000;1.149;1.149;0.958;0.983;10924000;11184434
RSTIP;D;20220927;000000;1.017;1.027;0.991;1.006;3258000;3274506
RSTIP;D;20220928;000000;1.01;1.05;0.996;1.014;1522000;1550606
RSTIP;D;20220929;000000;1.023;1.028;0.959;0.971;3243000;3182571
RSTIP;D;20220930;000000;1.049;1.049;0.951;0.985;4321000;4224661
RSTIP;D;20221003;000000;1.008;1.06;0.99;1.015;3489000;3570350
RSTIP;D;20221004;000000;1.037;1.038;1.011;1.026;1512000;1554658
RSTIP;D;20221005;000000;1.024;1.036;1.006;1.024;934000;951671
RSTIP;D;20221006;000000;1.023;1.034;1.018;1.018;442000;452800
RSTIP;D;20221007;000000;1.018;1.018;0.986;1.003;3238000;3253704
RSTIP;D;20221010;000000;0.997;1.006;0.952;1.002;8682000;8622654
RSTIP;D;20221011;000000;1.013;1.091;1.003;1.09;10568000;11010799
RSTIP;D;20221012;000000;1.09;1.09;1.055;1.066;1392000;1484927
RSTIP;D;20221013;000000;1.066;1.081;1.06;1.068;3158000;3374356
RSTIP;D;20221014;000000;1.078;1.089;1.061;1.071;1064000;1140624
RSTIP;D;20221017;000000;1.087;1.087;1.055;1.07;20069000;21470305
RSTIP;D;20221018;000000;1.074;1.085;1.06;1.07;8377000;8962727
RSTIP;D;20221019;000000;1.064;1.107;1.041;1.077;9157000;9758667
RSTIP;D;20221020;000000;1.085;1.129;1.067;1.124;6994000;7736191
RSTIP;D;20221021;000000;1.125;1.162;1.106;1.14;30398000;34848618
RSTIP;D;20221024;000000;1.17;1.17;1.127;1.14;9413000;10789841
RSTIP;D;20221025;000000;1.148;1.173;1.135;1.142;7099000;8125722
RSTIP;D;20221026;000000;1.144;1.154;1.14;1.145;1827000;2094172
RSTIP;D;20221027;000000;1.146;1.168;1.141;1.158;5083000;5870869
RSTIP;D;20221028;000000;1.158;1.178;1.144;1.17;3546000;4112436
RSTIP;D;20221031;000000;1.171;1.178;1.161;1.166;2089000;2440035
RSTIP;D;20221101;000000;1.155;1.178;1.155;1.17;4651000;5425507
RSTIP;D;20221102;000000;1.173;1.184;1.155;1.181;2563000;3000243
RSTIP;D;20221103;000000;1.181;1.181;1.153;1.172;2499000;2904129
RSTIP;D;20221107;000000;1.177;1.186;1.171;1.175;1109000;1307332
RSTIP;D;20221108;000000;1.165;1.181;1.161;1.168;1704000;1988390
RSTIP;D;20221109;000000;1.161;1.189;1.128;1.152;6123000;7076900
RSTIP;D;20221110;000000;1.149;1.15;1.12;1.147;2529000;2882651
RSTIP;D;20221111;000000;1.154;1.154;1.101;1.149;4068000;4625250
RSTIP;D;20221114;000000;1.149;1.153;1.14;1.148;1284000;1470742
RSTIP;D;20221115;000000;1.148;1.177;1.148;1.172;3528000;4097214
RSTIP;D;20221116;000000;1.171;1.171;1.148;1.169;1565000;1817331
RSTIP;D;20221117;000000;1.158;1.166;1.151;1.154;547000;633093
RSTIP;D;20221118;000000;1.16;1.162;1.145;1.154;607000;699651
RSTIP;D;20221121;000000;1.155;1.165;1.136;1.156;10521000;12162381
RSTIP;D;20221122;000000;1.156;1.197;1.145;1.174;9444000;11099770
RSTIP;D;20221123;000000;1.19;1.194;1.158;1.167;1857000;2167413
RSTIP;D;20221124;000000;1.176;1.183;1.165;1.178;3148000;3699563
RSTIP;D;20221125;000000;1.209;1.209;1.17;1.18;5604000;6621276
RSTIP;D;20221128;000000;1.2;1.208;1.16;1.164;6893000;8072498
RSTIP;D;20221129;000000;1.167;1.18;1.16;1.177;2276000;2674574
RSTIP;D;20221130;000000;1.176;1.178;1.137;1.155;10341000;12036394
RSTIP;D;20221201;000000;1.144;1.168;1.142;1.155;7869000;9080918
RSTIP;D;20221202;000000;1.151;1.156;1.137;1.15;2265000;2597409
RSTIP;D;20221205;000000;1.144;1.16;1.136;1.156;1038000;1196906
RSTIP;D;20221206;000000;1.167;1.182;1.14;1.149;672000;772514
RSTIP;D;20221207;000000;1.142;1.154;1.139;1.144;1413000;1612606
RSTIP;D;20221208;000000;1.142;1.146;1.135;1.14;1244000;1419175
RSTIP;D;20221209;000000;1.14;1.144;1.135;1.138;1214000;1383302
RSTIP;D;20221212;000000;1.138;1.144;1.131;1.136;1283000;1459436
RSTIP;D;20221213;000000;1.132;1.14;1.131;1.135;1852000;2104931
RSTIP;D;20221214;000000;1.139;1.139;1.122;1.127;4101000;4630623
RSTIP;D;20221215;000000;1.123;1.123;1.102;1.116;4970000;5537058
RSTIP;D;20221216;000000;1.111;1.122;1.07;1.108;7471000;8237029
RSTIP;D;20221219;000000;1.1;1.114;1.085;1.094;6074000;6643609
RSTIP;D;20221220;000000;1.099;1.127;1.078;1.123;5022000;5554013
