<TICKER>;<PER>;<DATE>;<TIME>;<OPEN>;<HIGH>;<LOW>;<CLOSE>;<AMOUNT>;<VOLUME>
RSTI;D;20130426;000000;1.181;1.181;1.115;1.146;392477000;448887781
RSTI;D;20130429;000000;1.141;1.163;1.12;1.146;221462000;252747415
RSTI;D;20130430;000000;1.156;1.347;1.133;1.347;672416000;830925996
RSTI;D;20130502;000000;1.303;1.47;1.291;1.415;638954000;896106504
RSTI;D;20130503;000000;1.428;1.494;1.366;1.433;567191000;806537360
RSTI;D;20130506;000000;1.42;1.455;1.393;1.403;250136000;354993050
RSTI;D;20130507;000000;1.403;1.416;1.353;1.365;267341000;368491991
RSTI;D;20130508;000000;1.365;1.372;1.319;1.325;165113000;221462834
RSTI;D;20130510;000000;1.325;1.368;1.277;1.299;218304000;290221489
RSTI;D;20130513;000000;1.286;1.333;1.25;1.3;324810000;422302576
RSTI;D;20130514;000000;1.306;1.4;1.302;1.398;479212000;655548779
RSTI;D;20130515;000000;1.409;1.458;1.351;1.354;552171000;777158586
RSTI;D;20130516;000000;1.34;1.364;1.204;1.232;1133832000;1427459741
RSTI;D;20130517;000000;1.232;1.325;1.213;1.319;818097000;1046306334
RSTI;D;20130520;000000;1.332;1.375;1.291;1.325;492343000;658594257
RSTI;D;20130521;000000;1.311;1.368;1.293;1.356;396137000;526966682
RSTI;D;20130522;000000;1.359;1.435;1.353;1.413;636017000;886352556
RSTI;D;20130523;000000;1.37;1.395;1.331;1.354;568348000;773471703
RSTI;D;20130524;000000;1.363;1.393;1.317;1.349;381407000;516366991
RSTI;D;20130527;000000;1.366;1.373;1.337;1.338;131573000;177723746
RSTI;D;20130528;000000;1.342;1.384;1.342;1.373;295794000;403783946
RSTI;D;20130529;000000;1.369;1.37;1.286;1.3;469829000;621321112
RSTI;D;20130530;000000;1.299;1.313;1.249;1.26;511636000;652234147
RSTI;D;20130531;000000;1.264;1.288;1.111;1.137;950000000;1142130721
RSTI;D;20130603;000000;1.113;1.19;1.113;1.134;653666000;752734218
RSTI;D;20130604;000000;1.15;1.172;1.125;1.135;469620000;539713050
RSTI;D;20130605;000000;1.123;1.13;1.073;1.087;486683000;532958390
RSTI;D;20130606;000000;1.068;1.117;1.05;1.066;531166000;577096310
RSTI;D;20130607;000000;1.086;1.135;1.07;1.105;482869000;530549831
RSTI;D;20130610;000000;1.121;1.126;1.067;1.09;312308000;342301144
RSTI;D;20130611;000000;1.08;1.095;1.034;1.041;434285000;458863182
RSTI;D;20130613;000000;1.03;1.057;0.984;1.053;398909000;405736728
RSTI;D;20130614;000000;1.073;1.079;1.041;1.051;246526000;261136261
RSTI;D;20130617;000000;1.059;1.083;1.052;1.063;278114000;297158756
RSTI;D;20130618;000000;1.063;1.087;1.057;1.067;175236000;188028116
RSTI;D;20130619;000000;1.079;1.079;1.048;1.062;169837000;180008988
RSTI;D;20130620;000000;1.038;1.048;1.02;1.028;178741000;184936489
RSTI;D;20130621;000000;1.018;1.065;1.013;1.049;227148000;238470397
RSTI;D;20130624;000000;1.034;1.077;1.034;1.052;163136000;173018823
RSTI;D;20130625;000000;1.056;1.114;1.052;1.096;434311000;475465706
RSTI;D;20130626;000000;1.096;1.129;1.091;1.103;276447000;306595393
RSTI;D;20130627;000000;1.111;1.123;1.082;1.107;314972000;345630760
RSTI;D;20130628;000000;1.112;1.118;1.057;1.09;297607000;321578987
RSTI;D;20130701;000000;1.089;1.106;1.07;1.1;147260000;160861227
RSTI;D;20130702;000000;1.084;1.113;1.084;1.102;164905000;181307283
RSTI;D;20130703;000000;1.095;1.1;1.074;1.093;170792000;185523133
RSTI;D;20130704;000000;1.107;1.11;1.092;1.11;157614000;173472293
RSTI;D;20130705;000000;1.113;1.16;1.107;1.113;341647000;385952495
RSTI;D;20130708;000000;1.116;1.129;1.086;1.104;260869000;289142597
RSTI;D;20130709;000000;1.112;1.115;1.076;1.083;160478000;175892234
RSTI;D;20130710;000000;1.08;1.087;1.062;1.067;224275000;240438588
RSTI;D;20130711;000000;1.08;1.096;1.068;1.087;260943000;282408405
RSTI;D;20130712;000000;1.095;1.109;1.082;1.097;293767000;323051563
RSTI;D;20130715;000000;1.097;1.115;1.086;1.088;182916000;201324542
RSTI;D;20130716;000000;1.096;1.105;1.088;1.103;148022000;162507015
RSTI;D;20130717;000000;1.103;1.213;1.099;1.207;724946000;836531717
RSTI;D;20130718;000000;1.203;1.273;1.193;1.257;1100998000;1359793664
RSTI;D;20130719;000000;1.253;1.285;1.217;1.223;564600000;705242389
RSTI;D;20130722;000000;1.237;1.248;1.212;1.222;261518000;322322302
RSTI;D;20130723;000000;1.232;1.261;1.225;1.249;270218000;335790745
RSTI;D;20130724;000000;1.244;1.252;1.22;1.235;178499000;220850908
RSTI;D;20130725;000000;1.226;1.236;1.183;1.188;262614000;315984115
RSTI;D;20130726;000000;1.199;1.203;1.151;1.157;265490000;310685515
RSTI;D;20130729;000000;1.154;1.188;1.145;1.178;261675000;305165051
RSTI;D;20130730;000000;1.185;1.199;1.127;1.139;335728000;388990035
RSTI;D;20130731;000000;1.151;1.151;1.086;1.089;432580000;481624273
RSTI;D;20130801;000000;1.107;1.127;1.081;1.115;438928000;485075578
RSTI;D;20130802;000000;1.126;1.133;1.091;1.104;239486000;265942592
RSTI;D;20130805;000000;1.107;1.143;1.101;1.129;242732000;273183918
RSTI;D;20130806;000000;1.123;1.128;1.092;1.103;130193000;144597756
RSTI;D;20130807;000000;1.083;1.116;1.083;1.104;139098000;152956705
RSTI;D;20130808;000000;1.115;1.144;1.109;1.119;247082000;277221237
RSTI;D;20130809;000000;1.13;1.131;1.111;1.125;144085000;161756204
RSTI;D;20130812;000000;1.161;1.17;1.124;1.17;202621000;231836914
RSTI;D;20130813;000000;1.179;1.204;1.156;1.168;344638000;408306032
RSTI;D;20130814;000000;1.163;1.179;1.145;1.165;262911000;305865083
RSTI;D;20130815;000000;1.16;1.173;1.126;1.13;260513000;299811045
RSTI;D;20130816;000000;1.135;1.138;1.114;1.134;178733000;201481157
RSTI;D;20130819;000000;1.136;1.145;1.123;1.144;140891000;159794787
RSTI;D;20130820;000000;1.146;1.146;1.124;1.131;113834000;128497522
RSTI;D;20130821;000000;1.13;1.137;1.112;1.128;134922000;151653644
RSTI;D;20130822;000000;1.118;1.157;1.115;1.154;207774000;237082370
RSTI;D;20130823;000000;1.156;1.164;1.138;1.142;189757000;218349091
RSTI;D;20130826;000000;1.15;1.156;1.123;1.131;126307000;143723325
RSTI;D;20130827;000000;1.128;1.128;1.078;1.084;507256000;555756187
RSTI;D;20130828;000000;1.084;1.084;1.045;1.057;453889000;481739490
RSTI;D;20130829;000000;1.061;1.073;1.046;1.055;241611000;255626249
RSTI;D;20130830;000000;1.06;1.061;1.008;1.015;369062000;377762747
RSTI;D;20130902;000000;1.025;1.043;1.001;1.003;237320000;241617848
RSTI;D;20130903;000000;1.01;1.024;0.998;1.017;350364000;354549767
RSTI;D;20130904;000000;1.019;1.019;1.002;1.013;130044000;131323594
RSTI;D;20130905;000000;1.018;1.048;1.011;1.045;353488000;363615231
RSTI;D;20130906;000000;1.041;1.051;1.006;1.013;403457000;415661117
RSTI;D;20130909;000000;1.009;1.035;1.009;1.012;322789000;329903858
RSTI;D;20130910;000000;1.02;1.048;1.017;1.031;422588000;436294974
RSTI;D;20130911;000000;1.031;1.114;1.027;1.074;927138000;1003498568
RSTI;D;20130912;000000;1.08;1.089;1.031;1.036;651599000;686259116
RSTI;D;20130913;000000;1.028;1.046;1.014;1.019;427082000;437307939
RSTI;D;20130916;000000;1.04;1.041;1.02;1.026;342946000;353436524
RSTI;D;20130917;000000;1.02;1.034;1.017;1.029;238315000;244232062
RSTI;D;20130918;000000;1.031;1.047;1.02;1.024;404387000;417963525
RSTI;D;20130919;000000;1.047;1.055;1.023;1.026;339198000;351240315
RSTI;D;20130920;000000;1.024;1.036;1.02;1.025;253422000;260460276
RSTI;D;20130923;000000;1.025;1.033;1.005;1.019;361443000;367048194
RSTI;D;20130924;000000;1.017;1.02;1.009;1.016;137247000;139155571
RSTI;D;20130925;000000;1.016;1.025;1.01;1.015;194412000;197606708
RSTI;D;20130926;000000;1.049;1.049;1.011;1.018;128198000;130186511
RSTI;D;20130927;000000;1.014;1.02;0.997;1.006;217284000;218792067
RSTI;D;20130930;000000;0.996;0.999;0.947;0.95;477087000;463979270
RSTI;D;20131001;000000;0.951;0.966;0.937;0.957;405454000;387595001
RSTI;D;20131002;000000;0.957;0.968;0.946;0.959;239534000;229513972
RSTI;D;20131003;000000;0.963;0.982;0.957;0.961;278339000;269140639
RSTI;D;20131004;000000;0.959;0.963;0.928;0.943;425834000;400634320
RSTI;D;20131007;000000;0.936;0.939;0.923;0.928;303421000;281769247
RSTI;D;20131008;000000;0.927;0.935;0.911;0.923;399498000;367890569
RSTI;D;20131009;000000;0.906;0.923;0.88;0.881;670212000;603336171
RSTI;D;20131010;000000;0.885;0.887;0.845;0.869;1102476000;956043806
RSTI;D;20131011;000000;0.874;0.91;0.865;0.88;901727000;797515398
RSTI;D;20131014;000000;0.878;0.88;0.861;0.866;458361000;396995696
RSTI;D;20131015;000000;0.863;0.875;0.83;0.839;625120000;532949890
RSTI;D;20131016;000000;0.84;0.859;0.822;0.853;878848000;741841982
RSTI;D;20131017;000000;0.856;0.874;0.848;0.861;725326000;624837017
RSTI;D;20131018;000000;0.868;0.869;0.853;0.858;277772000;238748237
RSTI;D;20131021;000000;0.86;0.917;0.86;0.912;1179413000;1055503304
RSTI;D;20131022;000000;0.917;0.933;0.897;0.905;1092074000;997878899
RSTI;D;20131023;000000;0.9;0.902;0.881;0.881;517093000;458825814
RSTI;D;20131024;000000;0.886;0.891;0.861;0.868;617831000;538072391
RSTI;D;20131025;000000;0.867;0.867;0.846;0.857;417239000;357409354
RSTI;D;20131028;000000;0.868;0.869;0.843;0.861;317618000;271407325
RSTI;D;20131029;000000;0.859;0.87;0.852;0.865;268654000;231502326
RSTI;D;20131030;000000;0.867;0.878;0.859;0.864;273889000;237853111
RSTI;D;20131031;000000;0.857;0.864;0.848;0.864;250925000;214770207
RSTI;D;20131101;000000;0.865;0.87;0.855;0.859;169532000;145918272
RSTI;D;20131105;000000;0.861;0.867;0.843;0.845;210508000;179662160
RSTI;D;20131106;000000;0.853;0.853;0.834;0.837;247205000;208202550
RSTI;D;20131107;000000;0.837;0.85;0.831;0.837;475774000;400680081
RSTI;D;20131108;000000;0.828;0.829;0.805;0.81;468412000;382148298
RSTI;D;20131111;000000;0.815;0.817;0.791;0.792;366875000;293965589
RSTI;D;20131112;000000;0.797;0.797;0.761;0.781;702659000;546957424
RSTI;D;20131113;000000;0.775;0.782;0.672;0.692;781045000;580340021
RSTI;D;20131114;000000;0.705;0.726;0.688;0.717;996702000;708748425
RSTI;D;20131115;000000;0.721;0.737;0.708;0.717;638780000;461430963
RSTI;D;20131118;000000;0.72;0.726;0.712;0.723;319284000;230058123
RSTI;D;20131119;000000;0.723;0.734;0.706;0.71;409774000;294589402
RSTI;D;20131120;000000;0.707;0.723;0.685;0.722;486630000;340480259
RSTI;D;20131121;000000;0.715;0.741;0.703;0.728;620978000;450183886
RSTI;D;20131122;000000;0.735;0.743;0.727;0.728;435951000;320292531
RSTI;D;20131125;000000;0.729;0.734;0.685;0.711;410513000;293790157
RSTI;D;20131126;000000;0.708;0.715;0.69;0.699;389193000;272411917
RSTI;D;20131127;000000;0.7;0.716;0.693;0.697;359455000;253008618
RSTI;D;20131128;000000;0.702;0.704;0.677;0.696;481846000;331852534
RSTI;D;20131129;000000;0.697;0.707;0.687;0.689;518042000;359566906
RSTI;D;20131202;000000;0.687;0.7;0.684;0.687;327386000;226410943
RSTI;D;20131203;000000;0.685;0.686;0.662;0.663;542838000;365703044
RSTI;D;20131204;000000;0.666;0.723;0.658;0.722;1142271000;791299950
RSTI;D;20131205;000000;0.725;0.761;0.716;0.733;1789506000;1328576105
RSTI;D;20131206;000000;0.735;0.753;0.725;0.74;965189000;714590301
RSTI;D;20131209;000000;0.745;0.754;0.726;0.728;732167000;541198046
RSTI;D;20131210;000000;0.724;0.73;0.711;0.712;563900000;404918433
RSTI;D;20131211;000000;0.711;0.717;0.685;0.691;997326000;701141581
RSTI;D;20131212;000000;0.68;0.686;0.667;0.671;796434000;539046106
RSTI;D;20131213;000000;0.675;0.708;0.665;0.701;920833000;633216830
RSTI;D;20131216;000000;0.694;0.723;0.694;0.721;684549000;485876527
RSTI;D;20131217;000000;0.724;0.741;0.707;0.71;1106904000;803125291
RSTI;D;20131218;000000;0.707;0.726;0.701;0.71;783083000;557652561
RSTI;D;20131219;000000;0.721;0.728;0.708;0.708;582409000;418012106
RSTI;D;20131220;000000;0.708;0.772;0.706;0.768;1342601000;984578202
RSTI;D;20131223;000000;0.777;0.812;0.77;0.806;1760587000;1399546018
RSTI;D;20131224;000000;0.81;0.81;0.783;0.784;701423000;559463463
RSTI;D;20131225;000000;0.785;0.792;0.774;0.777;663855000;519233183
RSTI;D;20131226;000000;0.777;0.802;0.767;0.781;812031000;637334452
RSTI;D;20131227;000000;0.784;0.789;0.77;0.772;536826000;419015989
RSTI;D;20131230;000000;0.765;0.783;0.761;0.777;463542000;359975738
RSTI;D;20140106;000000;0.766;0.783;0.757;0.772;156862000;121664248
RSTI;D;20140108;000000;0.78;0.793;0.774;0.776;287507000;225023099
RSTI;D;20140109;000000;0.776;0.784;0.771;0.777;260186000;202152144
RSTI;D;20140110;000000;0.777;0.79;0.763;0.765;595412000;461204216
RSTI;D;20140113;000000;0.765;0.783;0.761;0.775;451010000;348905795
RSTI;D;20140114;000000;0.765;0.782;0.762;0.777;398028000;307097583
RSTI;D;20140115;000000;0.78;0.788;0.775;0.778;429381000;335356934
RSTI;D;20140116;000000;0.78;0.786;0.762;0.765;502578000;387597295
RSTI;D;20140117;000000;0.766;0.788;0.763;0.775;618669000;481114560
RSTI;D;20140120;000000;0.775;0.786;0.773;0.775;349958000;272916582
RSTI;D;20140121;000000;0.78;0.782;0.772;0.777;308483000;239838667
RSTI;D;20140122;000000;0.779;0.81;0.777;0.803;1339066000;1066464140
RSTI;D;20140123;000000;0.8;0.833;0.796;0.812;1531080000;1250052983
RSTI;D;20140124;000000;0.807;0.821;0.795;0.798;826880000;670533346
RSTI;D;20140127;000000;0.79;0.805;0.774;0.782;638360000;503967969
RSTI;D;20140128;000000;0.783;0.795;0.775;0.784;475442000;373268779
RSTI;D;20140129;000000;0.787;0.795;0.771;0.775;509489000;400183706
RSTI;D;20140130;000000;0.775;0.78;0.745;0.762;618495000;471452921
RSTI;D;20140131;000000;0.762;0.767;0.726;0.729;746087000;554258821
RSTI;D;20140203;000000;0.731;0.74;0.707;0.713;738308000;534289058
RSTI;D;20140204;000000;0.698;0.709;0.686;0.704;584929000;407498742
RSTI;D;20140205;000000;0.705;0.723;0.702;0.713;643407000;458785884
RSTI;D;20140206;000000;0.715;0.725;0.712;0.715;494024000;354952704
RSTI;D;20140207;000000;0.72;0.729;0.712;0.726;487452000;351668248
RSTI;D;20140210;000000;0.73;0.732;0.722;0.728;329246000;239476527
RSTI;D;20140211;000000;0.733;0.737;0.726;0.73;361062000;263917861
RSTI;D;20140212;000000;0.734;0.74;0.714;0.723;458246000;333808273
RSTI;D;20140213;000000;0.724;0.725;0.716;0.718;374569000;269750464
RSTI;D;20140214;000000;0.725;0.735;0.714;0.724;510539000;370241663
RSTI;D;20140217;000000;0.726;0.736;0.726;0.734;365985000;267839394
RSTI;D;20140218;000000;0.735;0.738;0.728;0.734;265956000;194939979
RSTI;D;20140219;000000;0.732;0.733;0.723;0.73;344394000;250438764
RSTI;D;20140220;000000;0.728;0.728;0.718;0.723;311693000;225305036
RSTI;D;20140221;000000;0.725;0.73;0.719;0.723;224029000;162176557
RSTI;D;20140224;000000;0.72;0.735;0.708;0.733;434544000;313745671
RSTI;D;20140225;000000;0.735;0.738;0.723;0.726;188259000;137400716
RSTI;D;20140226;000000;0.726;0.728;0.712;0.715;185559000;133411819
RSTI;D;20140227;000000;0.715;0.718;0.665;0.681;628429000;433000453
RSTI;D;20140228;000000;0.679;0.685;0.646;0.663;606442000;402353766
RSTI;D;20140303;000000;0.63;0.63;0.501;0.512;1340501000;729738932
RSTI;D;20140304;000000;0.519;0.581;0.505;0.577;1275312000;685792061
RSTI;D;20140305;000000;0.58;0.588;0.553;0.562;731825000;415892339
RSTI;D;20140306;000000;0.567;0.573;0.51;0.537;1232057000;668118824
RSTI;D;20140307;000000;0.534;0.553;0.525;0.536;602956000;324207427
RSTI;D;20140311;000000;0.524;0.554;0.522;0.542;470318000;252268076
RSTI;D;20140312;000000;0.534;0.545;0.517;0.519;494321000;261753421
RSTI;D;20140313;000000;0.523;0.529;0.488;0.49;749080000;380121442
RSTI;D;20140314;000000;0.478;0.478;0.421;0.444;1531617000;682440724
RSTI;D;20140317;000000;0.455;0.467;0.441;0.46;1169755000;533195426
RSTI;D;20140318;000000;0.465;0.496;0.461;0.488;1199534000;574654999
RSTI;D;20140319;000000;0.491;0.518;0.482;0.504;1306622000;658082294
RSTI;D;20140320;000000;0.496;0.512;0.491;0.495;732139000;366267689
RSTI;D;20140321;000000;0.482;0.49;0.47;0.47;919470000;443343398
RSTI;D;20140324;000000;0.475;0.53;0.47;0.529;1764171000;889454991
RSTI;D;20140325;000000;0.533;0.548;0.517;0.524;2109788000;1121656285
RSTI;D;20140326;000000;0.529;0.535;0.514;0.516;1138266000;599233970
RSTI;D;20140327;000000;0.512;0.521;0.5;0.5;811533000;411414230
RSTI;D;20140328;000000;0.504;0.519;0.492;0.514;693594000;352211305
RSTI;D;20140331;000000;0.511;0.534;0.511;0.529;1033908000;540904992
RSTI;D;20140401;000000;0.532;0.539;0.521;0.523;720095000;381285459
RSTI;D;20140402;000000;0.525;0.527;0.507;0.513;489511000;252316698
RSTI;D;20140403;000000;0.515;0.52;0.505;0.507;367569000;188385093
RSTI;D;20140404;000000;0.509;0.526;0.506;0.519;563775000;291731584
RSTI;D;20140407;000000;0.514;0.514;0.488;0.493;710115000;355036036
RSTI;D;20140408;000000;0.495;0.504;0.484;0.499;439356000;216790320
RSTI;D;20140409;000000;0.504;0.506;0.494;0.498;307210000;153288780
RSTI;D;20140410;000000;0.501;0.506;0.499;0.504;341067000;171322134
RSTI;D;20140411;000000;0.493;0.501;0.486;0.498;295819000;146533091
RSTI;D;20140414;000000;0.491;0.497;0.487;0.493;267184000;131180302
RSTI;D;20140415;000000;0.492;0.496;0.465;0.467;458459000;219850251
RSTI;D;20140416;000000;0.47;0.483;0.465;0.482;358541000;170315614
RSTI;D;20140417;000000;0.485;0.49;0.474;0.48;299016000;144562352
RSTI;D;20140418;000000;0.49;0.492;0.484;0.486;187073000;91327704
RSTI;D;20140421;000000;0.485;0.49;0.481;0.484;142289000;69086249
RSTI;D;20140422;000000;0.484;0.486;0.479;0.483;210633000;101682869
RSTI;D;20140423;000000;0.484;0.484;0.473;0.474;178612000;85240817
RSTI;D;20140424;000000;0.478;0.478;0.44;0.457;594238000;270698013
RSTI;D;20140425;000000;0.451;0.452;0.437;0.442;405743000;179891089
RSTI;D;20140428;000000;0.439;0.463;0.434;0.463;453209000;203105796
RSTI;D;20140429;000000;0.465;0.473;0.445;0.446;602395000;275990989
RSTI;D;20140430;000000;0.445;0.448;0.421;0.421;898366000;392544229
RSTI;D;20140502;000000;0.423;0.428;0.41;0.415;428229000;178739883
RSTI;D;20140505;000000;0.412;0.43;0.411;0.42;521594000;219968466
RSTI;D;20140506;000000;0.423;0.431;0.42;0.422;603588000;256785001
RSTI;D;20140507;000000;0.418;0.433;0.415;0.429;1105671000;467136313
RSTI;D;20140508;000000;0.433;0.438;0.425;0.427;658964000;284299784
RSTI;D;20140512;000000;0.428;0.433;0.423;0.431;267207000;114848799
RSTI;D;20140513;000000;0.433;0.453;0.432;0.445;695911000;309372265
RSTI;D;20140514;000000;0.446;0.448;0.436;0.445;373755000;165060819
RSTI;D;20140515;000000;0.446;0.451;0.438;0.44;344125000;152622840
RSTI;D;20140516;000000;0.436;0.443;0.434;0.441;197832000;86963161
RSTI;D;20140519;000000;0.441;0.455;0.441;0.455;551714000;248633054
RSTI;D;20140520;000000;0.458;0.472;0.45;0.469;767935000;352619514
RSTI;D;20140521;000000;0.468;0.477;0.461;0.468;604721000;283479775
RSTI;D;20140522;000000;0.476;0.5;0.471;0.499;1762683000;860358598
RSTI;D;20140523;000000;0.517;0.517;0.493;0.501;689117000;345189369
RSTI;D;20140526;000000;0.505;0.525;0.502;0.522;752416000;387793217
RSTI;D;20140527;000000;0.524;0.524;0.489;0.496;847796000;426399972
RSTI;D;20140528;000000;0.497;0.514;0.495;0.511;564681000;286032784
RSTI;D;20140529;000000;0.513;0.545;0.512;0.536;1100103000;584309626
RSTI;D;20140530;000000;0.534;0.549;0.507;0.517;1082418000;573022651
RSTI;D;20140602;000000;0.52;0.54;0.519;0.534;691049000;367427514
RSTI;D;20140603;000000;0.53;0.547;0.526;0.545;426025000;228332753
RSTI;D;20140604;000000;0.546;0.551;0.538;0.544;418503000;227725829
RSTI;D;20140605;000000;0.544;0.547;0.524;0.525;513608000;273693234
RSTI;D;20140606;000000;0.527;0.538;0.519;0.535;479853000;253729973
RSTI;D;20140609;000000;0.537;0.548;0.529;0.53;407075000;220046039
RSTI;D;20140610;000000;0.53;0.534;0.526;0.533;201845000;106988164
RSTI;D;20140611;000000;0.537;0.539;0.525;0.535;345043000;183941621
RSTI;D;20140616;000000;0.528;0.534;0.522;0.532;346592000;183513956
RSTI;D;20140617;000000;0.526;0.542;0.526;0.532;297698000;158696090
RSTI;D;20140618;000000;0.534;0.564;0.532;0.56;831215000;459922820
RSTI;D;20140619;000000;0.566;0.568;0.544;0.544;498554000;278350405
RSTI;D;20140620;000000;0.545;0.545;0.525;0.527;558954000;297851463
RSTI;D;20140623;000000;0.53;0.535;0.528;0.533;184320000;97963715
RSTI;D;20140624;000000;0.535;0.554;0.533;0.551;421918000;229758204
RSTI;D;20140625;000000;0.547;0.553;0.541;0.545;288871000;157706851
RSTI;D;20140626;000000;0.547;0.564;0.546;0.554;538963000;299386037
RSTI;D;20140627;000000;0.556;0.557;0.542;0.548;278621000;152980644
RSTI;D;20140630;000000;0.545;0.553;0.54;0.55;180037000;98313081
RSTI;D;20140701;000000;0.547;0.549;0.541;0.545;185829000;101300345
RSTI;D;20140702;000000;0.543;0.551;0.543;0.55;145265000;79666688
RSTI;D;20140703;000000;0.554;0.563;0.55;0.553;321195000;178745175
RSTI;D;20140704;000000;0.554;0.556;0.541;0.542;161619000;88642779
RSTI;D;20140707;000000;0.542;0.551;0.541;0.551;101657000;55638524
RSTI;D;20140708;000000;0.551;0.557;0.543;0.544;162764000;89752546
RSTI;D;20140709;000000;0.543;0.546;0.53;0.533;281096000;150705643
RSTI;D;20140710;000000;0.534;0.537;0.511;0.516;285755000;149218760
RSTI;D;20140711;000000;0.518;0.519;0.508;0.515;328014000;168342515
RSTI;D;20140714;000000;0.516;0.526;0.514;0.523;256091000;133412714
RSTI;D;20140715;000000;0.53;0.53;0.513;0.52;220259000;114637860
RSTI;D;20140716;000000;0.52;0.53;0.517;0.519;207384000;108533255
RSTI;D;20140717;000000;0.515;0.515;0.497;0.504;295088000;148941602
RSTI;D;20140718;000000;0.492;0.506;0.49;0.504;225425000;112125341
RSTI;D;20140721;000000;0.519;0.519;0.495;0.496;153702000;77002489
RSTI;D;20140722;000000;0.5;0.513;0.499;0.511;179787000;91268687
RSTI;D;20140723;000000;0.515;0.516;0.498;0.503;170104000;85817578
RSTI;D;20140724;000000;0.491;0.501;0.491;0.496;109543000;54498864
RSTI;D;20140725;000000;0.495;0.503;0.493;0.497;145742000;72447600
RSTI;D;20140728;000000;0.488;0.494;0.477;0.482;184903000;89179614
RSTI;D;20140729;000000;0.483;0.485;0.476;0.482;129529000;62380518
RSTI;D;20140730;000000;0.476;0.493;0.474;0.49;196686000;95627659
RSTI;D;20140731;000000;0.487;0.497;0.486;0.488;111062000;54476831
RSTI;D;20140801;000000;0.483;0.492;0.481;0.492;141722000;68789209
RSTI;D;20140804;000000;0.492;0.506;0.492;0.505;230749000;115475446
RSTI;D;20140805;000000;0.506;0.507;0.494;0.496;122263000;60930016
RSTI;D;20140806;000000;0.493;0.495;0.483;0.485;124981000;61029593
RSTI;D;20140807;000000;0.483;0.488;0.472;0.486;183065000;87820775
RSTI;D;20140808;000000;0.485;0.495;0.485;0.494;117833000;57780099
RSTI;D;20140811;000000;0.5;0.505;0.498;0.503;79021000;39620652
RSTI;D;20140812;000000;0.502;0.503;0.496;0.499;89828000;44801692
RSTI;D;20140813;000000;0.5;0.509;0.498;0.506;139290000;70409948
RSTI;D;20140814;000000;0.508;0.509;0.499;0.503;103938000;52410430
RSTI;D;20140815;000000;0.5;0.51;0.5;0.509;120721000;61199427
RSTI;D;20140818;000000;0.509;0.512;0.504;0.507;97556000;49614476
RSTI;D;20140819;000000;0.507;0.52;0.507;0.519;169044000;86812359
RSTI;D;20140820;000000;0.525;0.528;0.518;0.523;255334000;133962194
RSTI;D;20140821;000000;0.524;0.529;0.52;0.524;144793000;75888801
RSTI;D;20140822;000000;0.523;0.527;0.51;0.522;188143000;97182894
RSTI;D;20140825;000000;0.522;0.528;0.521;0.526;99754000;52398046
RSTI;D;20140826;000000;0.53;0.53;0.513;0.513;80655000;42085687
RSTI;D;20140827;000000;0.538;0.538;0.515;0.525;138686000;72524523
RSTI;D;20140828;000000;0.525;0.528;0.498;0.507;262722000;134509432
RSTI;D;20140829;000000;0.505;0.526;0.505;0.515;330567000;171112768
RSTI;D;20140901;000000;0.518;0.524;0.515;0.519;150878000;78299573
RSTI;D;20140902;000000;0.518;0.523;0.514;0.518;82103000;42551960
RSTI;D;20140903;000000;0.518;0.541;0.518;0.533;301856000;160041522
RSTI;D;20140904;000000;0.532;0.537;0.503;0.525;620897000;322087841
RSTI;D;20140905;000000;0.523;0.537;0.52;0.532;146601000;77637209
RSTI;D;20140908;000000;0.533;0.533;0.527;0.529;85813000;45465449
RSTI;D;20140909;000000;0.529;0.537;0.526;0.529;141995000;75516100
RSTI;D;20140910;000000;0.528;0.537;0.525;0.532;136188000;72473902
RSTI;D;20140911;000000;0.536;0.544;0.525;0.529;276875000;148218068
RSTI;D;20140912;000000;0.531;0.536;0.525;0.535;108444000;57735264
RSTI;D;20140915;000000;0.532;0.538;0.528;0.533;131966000;70276866
RSTI;D;20140916;000000;0.533;0.54;0.53;0.538;138860000;74467931
RSTI;D;20140917;000000;0.541;0.541;0.525;0.531;181751000;96675704
RSTI;D;20140918;000000;0.53;0.537;0.53;0.53;62861000;33572936
RSTI;D;20140919;000000;0.531;0.576;0.527;0.559;450831000;247899056
RSTI;D;20140922;000000;0.559;0.584;0.555;0.565;409707000;233802725
RSTI;D;20140923;000000;0.57;0.577;0.547;0.553;480150000;267608863
RSTI;D;20140924;000000;0.551;0.561;0.538;0.542;327150000;179012868
RSTI;D;20140925;000000;0.544;0.554;0.532;0.532;341381000;185533954
RSTI;D;20140926;000000;0.53;0.531;0.515;0.525;272941000;142865107
RSTI;D;20140929;000000;0.523;0.534;0.52;0.523;130245000;68821390
RSTI;D;20140930;000000;0.525;0.531;0.52;0.525;134587000;70544526
RSTI;D;20141001;000000;0.5212;0.5295;0.5052;0.521;99476000;52046949.4
RSTI;D;20141002;000000;0.5202;0.5217;0.5058;0.5105;142154000;72710884.6
RSTI;D;20141003;000000;0.515;0.525;0.5116;0.5208;83177000;43079604.7
RSTI;D;20141006;000000;0.5221;0.5335;0.5221;0.5249;137833000;73052609.6
RSTI;D;20141007;000000;0.529;0.5318;0.5251;0.526;116280000;61442802.1
RSTI;D;20141008;000000;0.5251;0.5297;0.52;0.5207;67445000;35285535
RSTI;D;20141009;000000;0.5261;0.5289;0.52;0.522;67742000;35482563.3
RSTI;D;20141010;000000;0.515;0.5185;0.51;0.513;108562000;55757619.6
RSTI;D;20141013;000000;0.51;0.5242;0.5087;0.5152;177649000;92056295.8
RSTI;D;20141014;000000;0.5162;0.5228;0.5137;0.5167;134191000;69536440
RSTI;D;20141015;000000;0.5179;0.521;0.5125;0.514;85014000;43903826.6
RSTI;D;20141016;000000;0.5164;0.5189;0.5115;0.5165;87636000;45110122.7
RSTI;D;20141017;000000;0.518;0.523;0.5162;0.5189;128838000;66898804.1
RSTI;D;20141020;000000;0.5191;0.524;0.5174;0.5225;59516000;30982641.7
RSTI;D;20141021;000000;0.5241;0.5241;0.515;0.515;59628000;30889178.9
RSTI;D;20141022;000000;0.516;0.5202;0.51;0.5118;100229000;51482034.1
RSTI;D;20141023;000000;0.51;0.5108;0.5021;0.5081;98966000;50150870
RSTI;D;20141024;000000;0.5069;0.5087;0.5013;0.5075;51845000;26174573.7
RSTI;D;20141027;000000;0.511;0.5144;0.5066;0.5079;70102000;35811896.4
RSTI;D;20141028;000000;0.508;0.516;0.5076;0.509;73672000;37657338.3
RSTI;D;20141029;000000;0.5085;0.517;0.507;0.51;116341000;59524493
RSTI;D;20141030;000000;0.5075;0.519;0.5075;0.5189;97738000;50176566.5
RSTI;D;20141031;000000;0.5188;0.5234;0.5102;0.5169;117793000;60945823.5
RSTI;D;20141103;000000;0.5175;0.549;0.5133;0.5317;120752000;64138261.2
RSTI;D;20141105;000000;0.5287;0.5309;0.5172;0.529;107517000;56436094
RSTI;D;20141106;000000;0.5311;0.536;0.519;0.5219;118759000;62895192.4
RSTI;D;20141107;000000;0.5241;0.5287;0.515;0.5239;131528000;68589518.9
RSTI;D;20141110;000000;0.5251;0.5296;0.5232;0.5296;60783000;31979853.6
RSTI;D;20141111;000000;0.5296;0.544;0.5258;0.5315;175271000;93978498.8
RSTI;D;20141112;000000;0.5155;0.532;0.5155;0.5285;52328000;27637349.8
RSTI;D;20141113;000000;0.5282;0.5295;0.5102;0.5102;117937000;61341003.3
RSTI;D;20141114;000000;0.5104;0.5256;0.5103;0.5256;172954000;90050104
RSTI;D;20141117;000000;0.5249;0.529;0.52;0.5206;43828000;22903104
RSTI;D;20141118;000000;0.5207;0.533;0.5174;0.5293;110878000;58342536.6
RSTI;D;20141119;000000;0.531;0.5329;0.5156;0.516;69596000;36353453.6
RSTI;D;20141120;000000;0.5129;0.5219;0.5129;0.5197;93398000;48423246.4
RSTI;D;20141121;000000;0.519;0.5229;0.505;0.505;84250000;43461006.3
RSTI;D;20141124;000000;0.5123;0.5191;0.508;0.512;103093000;52962335.3
RSTI;D;20141125;000000;0.4994;0.5158;0.4994;0.5095;90179000;46119212.9
RSTI;D;20141126;000000;0.505;0.529;0.505;0.5218;144462000;75242914.5
RSTI;D;20141127;000000;0.5201;0.5248;0.5154;0.5157;71793000;37405027.5
RSTI;D;20141128;000000;0.511;0.5188;0.508;0.5173;59571000;30638427.9
RSTI;D;20141201;000000;0.5105;0.5239;0.5105;0.5225;78908000;40954018
RSTI;D;20141202;000000;0.5231;0.5308;0.5166;0.5186;100853000;52660211.2
RSTI;D;20141203;000000;0.5186;0.523;0.5161;0.522;77725000;40363452.2
RSTI;D;20141204;000000;0.522;0.5277;0.5152;0.5164;103647000;54041687.5
RSTI;D;20141205;000000;0.5191;0.5191;0.492;0.4941;172558000;86632877.7
RSTI;D;20141208;000000;0.4906;0.499;0.4123;0.4634;334401000;160107541.7
RSTI;D;20141209;000000;0.46;0.4681;0.426;0.4485;214142000;95330483.8
RSTI;D;20141210;000000;0.45;0.465;0.4473;0.4559;117259000;53526525.3
RSTI;D;20141211;000000;0.452;0.4589;0.4321;0.4415;97628000;43499115.5
RSTI;D;20141212;000000;0.4383;0.4409;0.4202;0.4234;158509000;68019781.8
RSTI;D;20141215;000000;0.429;0.4297;0.3806;0.3925;257409000;105233692.3
RSTI;D;20141216;000000;0.38;0.385;0.29;0.321;713118000;231104821.4
RSTI;D;20141217;000000;0.331;0.3585;0.3137;0.3475;419507000;138997279.2
RSTI;D;20141218;000000;0.3521;0.378;0.3521;0.372;350537000;128687984.1
RSTI;D;20141219;000000;0.3753;0.4344;0.3717;0.4344;512221000;204910743.6
RSTI;D;20141222;000000;0.44;0.4799;0.424;0.4449;366662000;163076088.4
RSTI;D;20141223;000000;0.4644;0.4769;0.4396;0.463;306071000;139785833.1
RSTI;D;20141224;000000;0.4601;0.4687;0.4374;0.458;196861000;88969553.9
RSTI;D;20141225;000000;0.4548;0.4746;0.447;0.4527;96301000;44566471.4
RSTI;D;20141226;000000;0.4469;0.464;0.426;0.4419;100479000;45099080.1
RSTI;D;20141229;000000;0.4433;0.4655;0.4389;0.4415;136179000;61994843.5
RSTI;D;20141230;000000;0.44;0.44;0.4105;0.4151;162467000;68792839.4
RSTI;D;20150105;000000;0.4003;0.4343;0.4003;0.4292;64787000;27582289
RSTI;D;20150106;000000;0.4274;0.4489;0.4204;0.4415;81158000;35511024
RSTI;D;20150108;000000;0.4468;0.4734;0.445;0.4672;126091000;58614520.2
RSTI;D;20150109;000000;0.4742;0.4742;0.4487;0.4554;65998000;30119441
RSTI;D;20150112;000000;0.4483;0.4664;0.445;0.4485;138388000;63032663.2
RSTI;D;20150113;000000;0.4483;0.4547;0.4401;0.4469;93102000;41472218
RSTI;D;20150114;000000;0.4455;0.467;0.443;0.4609;167137000;76041727.5
RSTI;D;20150115;000000;0.465;0.47;0.4506;0.4559;104385000;47886651.6
RSTI;D;20150116;000000;0.4552;0.4585;0.446;0.452;51444000;23279488.1
RSTI;D;20150119;000000;0.447;0.4637;0.4409;0.4426;87893000;39867488.2
RSTI;D;20150120;000000;0.443;0.4549;0.4327;0.4387;122477000;54226004.7
RSTI;D;20150121;000000;0.4395;0.4575;0.4368;0.4483;117309000;52523101.1
RSTI;D;20150122;000000;0.4549;0.4634;0.446;0.4497;181877000;82863486
RSTI;D;20150123;000000;0.4612;0.4612;0.4361;0.4406;161367000;72484918.2
RSTI;D;20150126;000000;0.44;0.44;0.4221;0.4239;96092000;41034266.1
RSTI;D;20150127;000000;0.417;0.436;0.402;0.4251;136176000;57723298.8
RSTI;D;20150128;000000;0.4298;0.443;0.4163;0.42;215321000;93174464.1
RSTI;D;20150129;000000;0.4209;0.4234;0.405;0.408;142541000;59134023.8
RSTI;D;20150130;000000;0.4102;0.4163;0.4005;0.4129;139603000;57005589.7
RSTI;D;20150202;000000;0.4173;0.4223;0.4053;0.4101;99693000;41259779.4
RSTI;D;20150203;000000;0.4185;0.4185;0.4029;0.4105;75993000;31050711.6
RSTI;D;20150204;000000;0.416;0.4339;0.407;0.4228;103690000;43138083.5
RSTI;D;20150205;000000;0.42;0.4328;0.41;0.431;108769000;46306664.3
RSTI;D;20150206;000000;0.4311;0.456;0.4311;0.4418;272200000;121201226
RSTI;D;20150209;000000;0.443;0.4626;0.442;0.4546;163074000;73857053.1
RSTI;D;20150210;000000;0.4671;0.4671;0.4519;0.46;108814000;49996099.1
RSTI;D;20150211;000000;0.466;0.4688;0.457;0.465;146017000;67397801.9
RSTI;D;20150212;000000;0.468;0.5202;0.4584;0.5202;422613000;207162173.3
RSTI;D;20150213;000000;0.52;0.5748;0.5162;0.569;648831000;356114860.9
RSTI;D;20150216;000000;0.575;0.61;0.5462;0.5595;569349000;324419609.5
RSTI;D;20150217;000000;0.559;0.5815;0.5405;0.5461;240849000;134745826.6
RSTI;D;20150218;000000;0.5505;0.5717;0.5336;0.5654;290207000;160079189.3
RSTI;D;20150219;000000;0.5658;0.578;0.5405;0.55;180705000;101224448.5
RSTI;D;20150220;000000;0.5516;0.5978;0.5513;0.5948;560055000;327656321.9
RSTI;D;20150224;000000;0.57;0.5855;0.55;0.5767;233188000;134232504.3
RSTI;D;20150225;000000;0.5686;0.616;0.5658;0.607;468541000;280636697.9
RSTI;D;20150226;000000;0.6152;0.6528;0.607;0.6322;558189000;352361332.5
RSTI;D;20150227;000000;0.635;0.666;0.6278;0.6417;360226000;232442126.4
RSTI;D;20150302;000000;0.6445;0.656;0.6232;0.6385;269384000;173278625.4
RSTI;D;20150303;000000;0.6364;0.6465;0.6177;0.6362;246051000;155366045.3
RSTI;D;20150304;000000;0.6362;0.6649;0.6345;0.637;367282000;239143747.3
RSTI;D;20150305;000000;0.6439;0.6513;0.63;0.643;187915000;120678549.1
RSTI;D;20150306;000000;0.6453;0.648;0.621;0.6213;251285000;158513820.6
RSTI;D;20150310;000000;0.61;0.6137;0.586;0.6;272289000;162827247.4
RSTI;D;20150311;000000;0.595;0.6174;0.581;0.5975;249366000;150507485.9
RSTI;D;20150312;000000;0.6008;0.6298;0.5941;0.6177;271555000;166459497.9
RSTI;D;20150313;000000;0.6187;0.6259;0.5775;0.578;223085000;133083827.9
RSTI;D;20150316;000000;0.5741;0.578;0.5576;0.5576;149466000;84825604.9
RSTI;D;20150317;000000;0.5601;0.5647;0.5511;0.5535;186340000;104017063
RSTI;D;20150318;000000;0.5565;0.5775;0.5526;0.5603;169222000;96297344.8
RSTI;D;20150319;000000;0.57;0.5724;0.5321;0.5332;151420000;82959160.1
RSTI;D;20150320;000000;0.531;0.5475;0.505;0.505;531272000;280116095.7
RSTI;D;20150323;000000;0.51;0.5177;0.4903;0.4968;286122000;143264859.1
RSTI;D;20150324;000000;0.5008;0.52;0.4968;0.5199;319386000;163203298.5
RSTI;D;20150325;000000;0.52;0.529;0.5006;0.5006;134453000;68654047.9
RSTI;D;20150326;000000;0.505;0.5218;0.4851;0.4918;300884000;151433276
RSTI;D;20150327;000000;0.49;0.506;0.482;0.4972;155972000;77482785
RSTI;D;20150330;000000;0.4999;0.5187;0.4972;0.5123;149377000;76533645.2
RSTI;D;20150331;000000;0.5142;0.5235;0.5043;0.5078;298221000;153545824.7
RSTI;D;20150401;000000;0.5081;0.5414;0.505;0.54;401623000;212207136.7
RSTI;D;20150402;000000;0.5427;0.5737;0.5422;0.545;445009000;246520314.9
RSTI;D;20150403;000000;0.5477;0.5614;0.5436;0.5529;238913000;132135219.8
RSTI;D;20150406;000000;0.5545;0.5829;0.5536;0.5725;284019000;161455631.5
RSTI;D;20150407;000000;0.5768;0.5786;0.551;0.5589;243857000;137018602.3
RSTI;D;20150408;000000;0.5604;0.5717;0.5473;0.5576;166918000;93033179.6
RSTI;D;20150409;000000;0.556;0.5701;0.5381;0.5486;282795000;156829606.4
RSTI;D;20150410;000000;0.5486;0.55;0.5255;0.5277;331036000;175369239
RSTI;D;20150413;000000;0.5273;0.5538;0.5241;0.5412;229289000;124602898.9
RSTI;D;20150414;000000;0.5334;0.5545;0.526;0.5339;202197000;108621182.8
RSTI;D;20150415;000000;0.5381;0.555;0.5302;0.5521;143921000;78050231.9
RSTI;D;20150416;000000;0.5574;0.5597;0.5422;0.5461;164336000;90317342.1
RSTI;D;20150417;000000;0.5461;0.5549;0.5353;0.5407;119756000;65556972.7
RSTI;D;20150420;000000;0.5448;0.5474;0.5311;0.544;97662000;52817183.9
RSTI;D;20150421;000000;0.5415;0.55;0.5378;0.5457;88337000;48113118.7
RSTI;D;20150422;000000;0.5413;0.5487;0.5312;0.5345;150662000;81054669.7
RSTI;D;20150423;000000;0.5389;0.548;0.5155;0.5459;188921000;100496911.9
RSTI;D;20150424;000000;0.5449;0.5674;0.5333;0.5442;255060000;140650287.4
RSTI;D;20150427;000000;0.544;0.553;0.5422;0.5436;122997000;67245507.6
RSTI;D;20150428;000000;0.54;0.5459;0.536;0.54;87215000;47086935.6
RSTI;D;20150429;000000;0.5377;0.545;0.5371;0.5388;47073000;25446391
RSTI;D;20150430;000000;0.5487;0.5546;0.526;0.526;248099000;134622431.6
RSTI;D;20150505;000000;0.535;0.5645;0.535;0.563;254020000;141134469.5
RSTI;D;20150506;000000;0.567;0.5685;0.5435;0.5515;180377000;99676652.5
RSTI;D;20150507;000000;0.5465;0.5545;0.536;0.5445;90315000;49326762.5
RSTI;D;20150508;000000;0.548;0.564;0.54;0.556;149844000;83031658
RSTI;D;20150512;000000;0.5555;0.561;0.5475;0.5515;141558000;78373493.5
RSTI;D;20150513;000000;0.552;0.5585;0.547;0.548;82302000;45452440
RSTI;D;20150514;000000;0.548;0.5565;0.547;0.551;96763000;53415927
RSTI;D;20150515;000000;0.5495;0.555;0.5365;0.543;196348000;107092357.5
RSTI;D;20150518;000000;0.5435;0.548;0.537;0.538;119303000;64512908.5
RSTI;D;20150519;000000;0.5385;0.5465;0.533;0.5395;127207000;68632415
RSTI;D;20150520;000000;0.5385;0.5395;0.53;0.536;120219000;64414509
RSTI;D;20150521;000000;0.537;0.539;0.531;0.536;65192000;34866734
RSTI;D;20150522;000000;0.5365;0.546;0.5325;0.5385;74927000;40291455
RSTI;D;20150525;000000;0.541;0.5485;0.536;0.546;77862000;42281634
RSTI;D;20150526;000000;0.5445;0.55;0.537;0.54;102833000;55895781
RSTI;D;20150527;000000;0.511;0.5435;0.511;0.5375;114774000;61304891
RSTI;D;20150528;000000;0.5395;0.547;0.5345;0.5375;74111000;40019557.5
RSTI;D;20150529;000000;0.543;0.5455;0.5285;0.5285;65277000;35068251
RSTI;D;20150601;000000;0.531;0.534;0.524;0.526;65926000;34903097
RSTI;D;20150602;000000;0.5285;0.5365;0.522;0.5275;64047000;33943136
RSTI;D;20150603;000000;0.53;0.5315;0.5105;0.5135;266660000;138255758.5
RSTI;D;20150604;000000;0.5135;0.5235;0.5115;0.5165;82640000;42643152.5
RSTI;D;20150605;000000;0.514;0.5215;0.5115;0.514;66290000;34264853
RSTI;D;20150608;000000;0.5185;0.5295;0.5145;0.5235;71740000;37525395
RSTI;D;20150609;000000;0.525;0.528;0.514;0.517;114758000;59369700
RSTI;D;20150610;000000;0.519;0.519;0.5115;0.514;42506000;21879308.5
RSTI;D;20150611;000000;0.515;0.5175;0.496;0.502;216843000;108851156
RSTI;D;20150615;000000;0.504;0.508;0.4935;0.5015;109388000;54907825.5
RSTI;D;20150616;000000;0.507;0.507;0.499;0.5035;66493000;33423257
RSTI;D;20150617;000000;0.504;0.504;0.4975;0.501;66588000;33345894.5
RSTI;D;20150618;000000;0.503;0.5225;0.4985;0.52;163550000;83815236
RSTI;D;20150619;000000;0.523;0.5265;0.4885;0.4885;359134000;180374111.5
RSTI;D;20150622;000000;0.4925;0.504;0.484;0.497;335703000;165971825
RSTI;D;20150623;000000;0.497;0.4995;0.489;0.495;105776000;52176159
RSTI;D;20150624;000000;0.4955;0.4955;0.4835;0.487;60283000;29575881
RSTI;D;20150625;000000;0.489;0.489;0.472;0.48;243635000;116456719.5
RSTI;D;20150626;000000;0.48;0.4815;0.4735;0.48;90786000;43313624
RSTI;D;20150629;000000;0.47;0.4755;0.4675;0.4685;116213000;54692650.5
RSTI;D;20150630;000000;0.469;0.48;0.4625;0.48;88321000;41609435
RSTI;D;20150701;000000;0.48;0.4845;0.477;0.4805;66319000;31890560.5
RSTI;D;20150702;000000;0.4815;0.483;0.474;0.4795;48028000;22989839
RSTI;D;20150703;000000;0.479;0.4855;0.4785;0.479;48454000;23320268
RSTI;D;20150706;000000;0.4775;0.4775;0.467;0.471;77945000;36712528.5
RSTI;D;20150707;000000;0.467;0.493;0.467;0.4755;191960000;92533972.5
RSTI;D;20150708;000000;0.4755;0.478;0.457;0.462;114063000;52954761.5
RSTI;D;20150709;000000;0.465;0.473;0.4645;0.472;72501000;33962220.5
RSTI;D;20150710;000000;0.473;0.4785;0.4705;0.4725;44243000;20982015.5
RSTI;D;20150713;000000;0.473;0.4775;0.465;0.4765;113231000;53541646
RSTI;D;20150714;000000;0.471;0.4855;0.47;0.4835;121825000;58241987
RSTI;D;20150715;000000;0.4835;0.4855;0.478;0.4815;70689000;34104700.5
RSTI;D;20150716;000000;0.4855;0.491;0.4815;0.487;73396000;35770424.5
RSTI;D;20150717;000000;0.49;0.4915;0.477;0.479;91113000;44032456
RSTI;D;20150720;000000;0.4825;0.4835;0.4665;0.4725;100777000;47649510.5
RSTI;D;20150721;000000;0.467;0.485;0.467;0.4845;108532000;52093417.5
RSTI;D;20150722;000000;0.4845;0.485;0.468;0.4695;89874000;42522889
RSTI;D;20150723;000000;0.4725;0.4725;0.4635;0.4695;78618000;36924606
RSTI;D;20150724;000000;0.469;0.477;0.465;0.4675;94605000;44544123.5
RSTI;D;20150727;000000;0.465;0.468;0.453;0.4565;114874000;52797993
RSTI;D;20150728;000000;0.4505;0.468;0.4505;0.4615;62860000;29020249.5
RSTI;D;20150729;000000;0.463;0.468;0.4605;0.4645;54050000;25129641
RSTI;D;20150730;000000;0.4625;0.474;0.4575;0.4655;186063000;86592880
RSTI;D;20150731;000000;0.464;0.476;0.46;0.4715;109097000;50999512
RSTI;D;20150803;000000;0.47;0.4765;0.4645;0.472;77830000;36595888.5
RSTI;D;20150804;000000;0.4735;0.4785;0.47;0.4715;81351000;38627720
RSTI;D;20150805;000000;0.473;0.476;0.47;0.4725;72702000;34404951.5
RSTI;D;20150806;000000;0.4725;0.4765;0.4675;0.4695;51727000;24388832
RSTI;D;20150807;000000;0.4685;0.472;0.4675;0.4705;47070000;22096576.5
RSTI;D;20150810;000000;0.4725;0.474;0.466;0.4735;51862000;24382601
RSTI;D;20150811;000000;0.4745;0.48;0.468;0.469;102407000;48559019
RSTI;D;20150812;000000;0.468;0.4735;0.464;0.4735;64094000;30099206.5
RSTI;D;20150813;000000;0.475;0.4765;0.469;0.4705;60745000;28731505.5
RSTI;D;20150814;000000;0.472;0.4735;0.4675;0.4725;78386000;36911654.5
RSTI;D;20150817;000000;0.4745;0.4745;0.466;0.4695;66574000;31241769
RSTI;D;20150818;000000;0.468;0.4685;0.4635;0.464;52268000;24351435
RSTI;D;20150819;000000;0.4625;0.465;0.4565;0.458;84197000;38785276
RSTI;D;20150820;000000;0.457;0.461;0.454;0.459;80731000;37000633
RSTI;D;20150821;000000;0.4565;0.4575;0.4465;0.4475;71625000;32344112.5
RSTI;D;20150824;000000;0.4375;0.4375;0.413;0.425;359647000;152866032.5
RSTI;D;20150825;000000;0.425;0.4415;0.424;0.437;285234000;123703045.5
RSTI;D;20150826;000000;0.4325;0.444;0.4285;0.4395;96374000;42225747
RSTI;D;20150827;000000;0.4415;0.452;0.44;0.451;186327000;82881950
RSTI;D;20150828;000000;0.456;0.462;0.4495;0.46;118985000;54089840.5
RSTI;D;20150831;000000;0.46;0.4695;0.451;0.452;210750000;96768689.5
RSTI;D;20150901;000000;0.455;0.46;0.4445;0.446;129008000;57994441.5
RSTI;D;20150902;000000;0.444;0.4535;0.444;0.4465;72089000;32328642
RSTI;D;20150903;000000;0.451;0.453;0.447;0.4515;37497000;16899438.5
RSTI;D;20150904;000000;0.4525;0.4525;0.4435;0.45;63395000;28404731.5
RSTI;D;20150907;000000;0.445;0.4515;0.445;0.4505;40199000;18064502.5
RSTI;D;20150908;000000;0.452;0.459;0.4515;0.4585;85966000;39159034.5
RSTI;D;20150909;000000;0.459;0.4635;0.4575;0.4585;94155000;43369859.5
RSTI;D;20150910;000000;0.454;0.463;0.454;0.4595;53374000;24511511
RSTI;D;20150911;000000;0.4635;0.4635;0.4515;0.4595;63340000;28973382
RSTI;D;20150914;000000;0.457;0.4615;0.4555;0.4595;51734000;23777655.5
RSTI;D;20150915;000000;0.46;0.461;0.456;0.457;49538000;22692768
RSTI;D;20150916;000000;0.454;0.4585;0.45;0.451;136146000;61627764.5
RSTI;D;20150917;000000;0.4535;0.4545;0.443;0.446;99535000;44796276
RSTI;D;20150918;000000;0.4495;0.4495;0.421;0.421;530439000;229875905.5
RSTI;D;20150921;000000;0.4265;0.439;0.426;0.435;174463000;75530574
RSTI;D;20150922;000000;0.435;0.4355;0.422;0.4235;95072000;40644588
RSTI;D;20150923;000000;0.4225;0.429;0.418;0.42;115298000;48692904.5
RSTI;D;20150924;000000;0.42;0.4215;0.411;0.4145;104347000;43339651.5
RSTI;D;20150925;000000;0.4185;0.427;0.4165;0.4225;89922000;37973963
RSTI;D;20150928;000000;0.4245;0.427;0.415;0.416;80998000;33943341.5
RSTI;D;20150929;000000;0.4145;0.427;0.4115;0.4255;201341000;84713776
RSTI;D;20150930;000000;0.4275;0.4355;0.4235;0.424;66398000;28447720
RSTI;D;20151001;000000;0.428;0.436;0.4165;0.419;161165000;68755820.5
RSTI;D;20151002;000000;0.42;0.4215;0.413;0.4175;81416000;33947460
RSTI;D;20151005;000000;0.42;0.4285;0.419;0.4235;61708000;26130773.5
RSTI;D;20151006;000000;0.4205;0.4285;0.4195;0.4225;61044000;25812796.5
RSTI;D;20151007;000000;0.4235;0.4325;0.415;0.42;220155000;93324002.5
RSTI;D;20151008;000000;0.42;0.423;0.418;0.4225;51992000;21871921
RSTI;D;20151009;000000;0.4245;0.4295;0.421;0.4295;124837000;53159854
RSTI;D;20151012;000000;0.4295;0.4385;0.4255;0.43;112846000;48661116.5
RSTI;D;20151013;000000;0.428;0.437;0.4245;0.4315;121307000;52230636
RSTI;D;20151014;000000;0.429;0.433;0.426;0.4285;87945000;37767614.5
RSTI;D;20151015;000000;0.426;0.432;0.426;0.428;52003000;22353893.5
RSTI;D;20151016;000000;0.43;0.432;0.427;0.428;68718000;29521549
RSTI;D;20151019;000000;0.4275;0.432;0.4175;0.4215;107667000;45697668.5
RSTI;D;20151020;000000;0.418;0.424;0.4145;0.4235;142112000;59668689
RSTI;D;20151021;000000;0.422;0.464;0.422;0.464;565366000;251708804.5
RSTI;D;20151022;000000;0.466;0.474;0.4575;0.47;309959000;144635449.5
RSTI;D;20151023;000000;0.4755;0.479;0.4575;0.463;125753000;58556444
RSTI;D;20151026;000000;0.461;0.467;0.4405;0.4465;175637000;79018454.5
RSTI;D;20151027;000000;0.447;0.4515;0.4385;0.446;125373000;55787002.5
RSTI;D;20151028;000000;0.445;0.454;0.442;0.45;89134000;39960810.5
RSTI;D;20151029;000000;0.452;0.473;0.45;0.4635;267440000;124242047
RSTI;D;20151030;000000;0.464;0.465;0.4485;0.4535;135437000;61825411
RSTI;D;20151102;000000;0.4505;0.471;0.45;0.4648;84142000;38980895.1
RSTI;D;20151103;000000;0.4635;0.4775;0.4635;0.4736;141207000;66754120.8
RSTI;D;20151105;000000;0.4715;0.477;0.4581;0.461;206040000;95863206.8
RSTI;D;20151106;000000;0.4569;0.4628;0.4501;0.4533;73958000;33793819.6
RSTI;D;20151109;000000;0.4533;0.4595;0.4418;0.4431;85034000;38236024.9
RSTI;D;20151110;000000;0.4448;0.452;0.4386;0.4479;115958000;51621838.7
RSTI;D;20151111;000000;0.45;0.4533;0.4425;0.448;64950000;29194974.9
RSTI;D;20151112;000000;0.4469;0.4486;0.436;0.4395;93987000;41434095.6
RSTI;D;20151113;000000;0.4397;0.4415;0.4296;0.433;106055000;46024949.6
RSTI;D;20151116;000000;0.4357;0.4424;0.43;0.4356;74883000;32755274.4
RSTI;D;20151117;000000;0.439;0.4476;0.4388;0.4454;98273000;43490327.3
RSTI;D;20151118;000000;0.441;0.4584;0.441;0.456;172946000;78256434.5
RSTI;D;20151119;000000;0.4561;0.46;0.45;0.4535;196323000;89577108.1
RSTI;D;20151120;000000;0.4559;0.4589;0.4508;0.4559;55502000;25267621.3
RSTI;D;20151123;000000;0.457;0.4637;0.4511;0.463;118014000;54293819.3
RSTI;D;20151124;000000;0.4638;0.4654;0.4422;0.4467;167366000;75469513
RSTI;D;20151125;000000;0.445;0.4559;0.445;0.4549;101660000;45865272.4
RSTI;D;20151126;000000;0.4526;0.4589;0.4485;0.4492;77214000;35038336.3
RSTI;D;20151127;000000;0.45;0.4509;0.4427;0.4441;53038000;23656211.6
RSTI;D;20151130;000000;0.4426;0.4437;0.4356;0.4419;76537000;33699673.2
RSTI;D;20151201;000000;0.4419;0.4457;0.44;0.4425;53621000;23707907.7
RSTI;D;20151202;000000;0.4445;0.449;0.442;0.449;77895000;34716596.8
RSTI;D;20151203;000000;0.446;0.4498;0.4448;0.4448;46094000;20653112.3
RSTI;D;20151204;000000;0.4442;0.447;0.437;0.4433;84688000;37515216.1
RSTI;D;20151207;000000;0.4446;0.4454;0.4335;0.4335;53449000;23475671.1
RSTI;D;20151208;000000;0.435;0.4406;0.4245;0.4248;86417000;37214996.1
RSTI;D;20151209;000000;0.426;0.4359;0.4254;0.4348;101760000;43871111
RSTI;D;20151210;000000;0.433;0.4355;0.43;0.4339;77707000;33562297.4
RSTI;D;20151211;000000;0.4319;0.4399;0.43;0.4382;44032000;19120718.8
RSTI;D;20151214;000000;0.436;0.439;0.431;0.4364;76794000;33379046.2
RSTI;D;20151215;000000;0.435;0.4447;0.435;0.4418;104320000;46088888.1
RSTI;D;20151216;000000;0.44;0.4542;0.44;0.4536;92007000;41283530.9
RSTI;D;20151217;000000;0.4544;0.469;0.453;0.4579;145906000;67231964.9
RSTI;D;20151218;000000;0.4533;0.4695;0.4468;0.4695;164582000;75366151.9
RSTI;D;20151221;000000;0.475;0.4824;0.46;0.46;157406000;73912118.1
RSTI;D;20151222;000000;0.4628;0.4697;0.46;0.461;73097000;33815093.2
RSTI;D;20151223;000000;0.46;0.467;0.4555;0.4653;81070000;37422750
RSTI;D;20151224;000000;0.4651;0.4702;0.4612;0.467;76331000;35631507.2
RSTI;D;20151225;000000;0.4642;0.4681;0.4504;0.4525;96752000;44249388
RSTI;D;20151228;000000;0.4541;0.4571;0.4477;0.4561;107019000;48363273.7
RSTI;D;20151229;000000;0.4545;0.4621;0.4533;0.4599;47734000;21947529.4
RSTI;D;20151230;000000;0.4604;0.4644;0.4559;0.458;64404000;29757656.1
RSTI;D;20160104;000000;0.46;0.47;0.4549;0.463;66700000;30852774.6
RSTI;D;20160105;000000;0.4617;0.4944;0.4417;0.473;337720000;161052505.9
RSTI;D;20160106;000000;0.4765;0.484;0.47;0.4755;126096000;60205254.3
RSTI;D;20160111;000000;0.4616;0.4722;0.4575;0.467;92857000;43274106
RSTI;D;20160112;000000;0.4626;0.4682;0.4559;0.465;90387000;41867813.6
RSTI;D;20160113;000000;0.4626;0.4672;0.4504;0.4504;84308000;38793707.7
RSTI;D;20160114;000000;0.4503;0.455;0.4471;0.4511;86172000;38825867.5
RSTI;D;20160115;000000;0.4498;0.4568;0.4347;0.4417;124100000;54935784
RSTI;D;20160118;000000;0.439;0.444;0.4304;0.4375;64664000;28269179.2
RSTI;D;20160119;000000;0.4415;0.4466;0.4415;0.4441;91735000;40773835.6
RSTI;D;20160120;000000;0.4385;0.4397;0.427;0.4372;87973000;38181715.1
RSTI;D;20160121;000000;0.439;0.447;0.4358;0.446;63208000;27928401.3
RSTI;D;20160122;000000;0.451;0.462;0.446;0.4577;120585000;54595623.5
RSTI;D;20160125;000000;0.4577;0.4644;0.4495;0.4511;56284000;25571050.6
RSTI;D;20160126;000000;0.446;0.4624;0.445;0.4596;86497000;39318582.1
RSTI;D;20160127;000000;0.4612;0.4638;0.4573;0.462;61088000;28155475.5
RSTI;D;20160128;000000;0.4599;0.4657;0.4599;0.4621;62276000;28777737.1
RSTI;D;20160129;000000;0.464;0.4677;0.4503;0.4503;108349000;49582745.7
RSTI;D;20160201;000000;0.4567;0.4637;0.4521;0.4553;64434000;29437614
RSTI;D;20160202;000000;0.4575;0.4626;0.4529;0.4591;33825000;15446393.4
RSTI;D;20160203;000000;0.4615;0.479;0.4581;0.4715;154455000;72997181.8
RSTI;D;20160204;000000;0.4795;0.486;0.4715;0.4838;152167000;73058189.5
RSTI;D;20160205;000000;0.4838;0.4849;0.477;0.4786;77184000;37179070.1
RSTI;D;20160208;000000;0.48;0.4828;0.4673;0.47;90861000;42938239
RSTI;D;20160209;000000;0.466;0.4749;0.4652;0.4749;88855000;41837833.1
RSTI;D;20160210;000000;0.4711;0.4779;0.469;0.476;80810000;38239706.2
RSTI;D;20160211;000000;0.4733;0.4769;0.456;0.4615;91353000;42353117.8
RSTI;D;20160212;000000;0.4668;0.4683;0.4627;0.4657;35108000;16348010.8
RSTI;D;20160215;000000;0.465;0.4771;0.464;0.4685;53428000;25167766
RSTI;D;20160216;000000;0.4695;0.4757;0.4694;0.471;63914000;30174689
RSTI;D;20160217;000000;0.47;0.4799;0.466;0.4775;83224000;39413351.7
RSTI;D;20160218;000000;0.478;0.499;0.4736;0.4965;157794000;77214089
RSTI;D;20160219;000000;0.495;0.495;0.479;0.4805;104017000;50367184.9
RSTI;D;20160220;000000;0.4823;0.4843;0.4801;0.4811;13675000;6581924.4
RSTI;D;20160222;000000;0.4846;0.5041;0.4811;0.4975;89144000;44159576.1
RSTI;D;20160224;000000;0.491;0.496;0.4801;0.485;104631000;50928823.8
RSTI;D;20160225;000000;0.486;0.4959;0.483;0.4882;114548000;56263410.5
RSTI;D;20160226;000000;0.4925;0.5018;0.486;0.4919;216651000;107274674.9
RSTI;D;20160229;000000;0.4994;0.54;0.4971;0.5367;625928000;325508043
RSTI;D;20160301;000000;0.54;0.54;0.5136;0.515;468813000;245510414.2
RSTI;D;20160302;000000;0.519;0.5315;0.5173;0.5233;562551000;295799545.2
RSTI;D;20160303;000000;0.5244;0.53;0.5186;0.5244;307799000;161115783.3
RSTI;D;20160304;000000;0.5255;0.5359;0.5211;0.5337;234248000;124173336.2
RSTI;D;20160307;000000;0.5368;0.5663;0.536;0.5609;257457000;142833991.9
RSTI;D;20160309;000000;0.56;0.5777;0.5505;0.5761;310608000;175996331.9
RSTI;D;20160310;000000;0.5765;0.5835;0.568;0.573;198291000;114124509.8
RSTI;D;20160311;000000;0.577;0.5799;0.5659;0.569;158195000;90500446.4
RSTI;D;20160314;000000;0.5736;0.5736;0.5552;0.5597;264447000;148064779.9
RSTI;D;20160315;000000;0.561;0.571;0.5525;0.571;222628000;124824448
RSTI;D;20160316;000000;0.574;0.599;0.5678;0.5899;434055000;255079619.3
RSTI;D;20160317;000000;0.5899;0.595;0.5705;0.5821;279478000;162954055.1
RSTI;D;20160318;000000;0.585;0.595;0.5656;0.5656;231952000;135672067.3
RSTI;D;20160321;000000;0.5741;0.5777;0.5656;0.5754;171639000;98091169.7
RSTI;D;20160322;000000;0.576;0.5949;0.5754;0.59;290469000;170717824
RSTI;D;20160323;000000;0.5896;0.6102;0.5841;0.596;409317000;245162453
RSTI;D;20160324;000000;0.5899;0.5946;0.5815;0.5884;230379000;135518054.8
RSTI;D;20160325;000000;0.5908;0.5984;0.5815;0.5943;172051000;102119382.9
RSTI;D;20160328;000000;0.596;0.6025;0.5881;0.593;122206000;72851415
RSTI;D;20160329;000000;0.593;0.5955;0.5705;0.5735;242993000;140911820
RSTI;D;20160330;000000;0.5795;0.5883;0.5736;0.5825;115628000;67050368.8
RSTI;D;20160331;000000;0.5801;0.5823;0.5729;0.576;109308000;63151171.7
RSTI;D;20160401;000000;0.572;0.5778;0.566;0.572;141970000;81008196.7
RSTI;D;20160404;000000;0.57;0.5993;0.5675;0.595;306326000;180474280.6
RSTI;D;20160405;000000;0.5935;0.615;0.581;0.6058;527992000;316841855.7
RSTI;D;20160406;000000;0.614;0.645;0.6092;0.6426;633271000;400628342.9
RSTI;D;20160407;000000;0.6478;0.6668;0.631;0.641;732897000;473732130.6
RSTI;D;20160408;000000;0.642;0.646;0.621;0.624;406556000;256010846.8
RSTI;D;20160411;000000;0.6202;0.6425;0.6202;0.6351;255051000;161561768.6
RSTI;D;20160412;000000;0.6305;0.6386;0.6248;0.635;204779000;129078999.8
RSTI;D;20160413;000000;0.6357;0.644;0.631;0.6367;125398000;79931273.9
RSTI;D;20160414;000000;0.635;0.6374;0.6075;0.6212;284539000;176689379.7
RSTI;D;20160415;000000;0.6212;0.6212;0.5923;0.5995;477936000;288101444.1
RSTI;D;20160418;000000;0.5895;0.605;0.563;0.6049;180191000;107053695.8
RSTI;D;20160419;000000;0.608;0.643;0.6063;0.64;491317000;307576169.3
RSTI;D;20160420;000000;0.6496;0.657;0.6407;0.6522;466453000;303550355.2
RSTI;D;20160421;000000;0.6541;0.6639;0.6329;0.6544;404046000;263536742.5
RSTI;D;20160422;000000;0.6579;0.695;0.6333;0.65;1652306000;1099307482.9
RSTI;D;20160425;000000;0.6399;0.6427;0.6223;0.6259;503419000;316670527.6
RSTI;D;20160426;000000;0.63;0.6329;0.6215;0.6272;215715000;135387746.2
RSTI;D;20160427;000000;0.63;0.6374;0.6235;0.6273;176603000;111411351.5
RSTI;D;20160428;000000;0.6306;0.6613;0.6132;0.654;421685000;270463633.6
RSTI;D;20160429;000000;0.659;0.6669;0.6234;0.6234;432925000;278051840.9
RSTI;D;20160504;000000;0.6224;0.6499;0.612;0.6313;225484000;142877826.6
RSTI;D;20160505;000000;0.6336;0.6432;0.6251;0.6374;181101000;115562852.1
RSTI;D;20160506;000000;0.6398;0.6401;0.6276;0.631;75110000;47413288.5
RSTI;D;20160510;000000;0.63;0.6353;0.6124;0.625;169001000;104656737.9
RSTI;D;20160511;000000;0.6256;0.629;0.6181;0.6196;123636000;76765247.2
RSTI;D;20160512;000000;0.62;0.6245;0.5979;0.603;197096000;120353073.1
RSTI;D;20160513;000000;0.605;0.608;0.5905;0.603;373756000;224635162.9
RSTI;D;20160516;000000;0.6068;0.6191;0.6056;0.6113;203485000;124748763.4
RSTI;D;20160517;000000;0.6158;0.6159;0.595;0.602;196250000;118068396.7
RSTI;D;20160518;000000;0.6035;0.6038;0.5932;0.6;98617000;59049746
RSTI;D;20160519;000000;0.597;0.5977;0.582;0.5823;156890000;92333677.9
RSTI;D;20160520;000000;0.588;0.5929;0.5781;0.5881;182338000;106611058.7
RSTI;D;20160523;000000;0.5895;0.5952;0.5818;0.588;85914000;50452712.8
RSTI;D;20160524;000000;0.5925;0.6332;0.5868;0.6125;1034200000;632148003.6
RSTI;D;20160525;000000;0.6199;0.6263;0.6071;0.6109;690268000;427506852.5
RSTI;D;20160526;000000;0.615;0.6298;0.6136;0.6232;431470000;267773978.1
RSTI;D;20160527;000000;0.6238;0.6475;0.6215;0.636;589633000;375097899.6
RSTI;D;20160530;000000;0.65;0.664;0.6235;0.6465;538758000;344571265.6
RSTI;D;20160531;000000;0.645;0.6499;0.624;0.635;477805000;302724224.1
RSTI;D;20160601;000000;0.635;0.64;0.5872;0.5997;690230000;421189832.9
RSTI;D;20160602;000000;0.59;0.5919;0.568;0.5802;1027214000;596591250.8
RSTI;D;20160603;000000;0.5802;0.604;0.5802;0.5976;684420000;408094870.6
RSTI;D;20160606;000000;0.5977;0.6;0.5852;0.5895;227725000;134698413
RSTI;D;20160607;000000;0.591;0.6028;0.5814;0.596;301031000;177699681.2
RSTI;D;20160608;000000;0.5978;0.6012;0.588;0.5965;169019000;100519309.2
RSTI;D;20160609;000000;0.5993;0.5999;0.585;0.5867;123961000;73093833.7
RSTI;D;20160610;000000;0.5888;0.592;0.5778;0.5823;132684000;77561257.3
RSTI;D;20160614;000000;0.5788;0.5874;0.5646;0.586;302695000;174021953
RSTI;D;20160615;000000;0.5875;0.611;0.5844;0.597;337165000;202301316.4
RSTI;D;20160616;000000;0.5988;0.63;0.5851;0.623;493765000;301769889.3
RSTI;D;20160617;000000;0.63;0.6438;0.6148;0.6255;572821000;363387867
RSTI;D;20160620;000000;0.627;0.64;0.6255;0.6342;140243000;88847796.4
RSTI;D;20160621;000000;0.6388;0.6392;0.62;0.6348;142240000;89477029.5
RSTI;D;20160622;000000;0.6347;0.6355;0.6175;0.6175;117039000;72920010.7
RSTI;D;20160623;000000;0.618;0.6246;0.6062;0.6115;152512000;93311690.4
RSTI;D;20160624;000000;0.5815;0.602;0.5702;0.6;202481000;120063341.6
RSTI;D;20160627;000000;0.5999;0.6135;0.59;0.603;158518000;95725974.8
RSTI;D;20160628;000000;0.6085;0.6229;0.6003;0.6075;159799000;97399672.9
RSTI;D;20160629;000000;0.61;0.62;0.6041;0.61;87005000;53390189
RSTI;D;20160630;000000;0.6092;0.6273;0.6092;0.62;108461000;67295597.7
RSTI;D;20160701;000000;0.6247;0.6308;0.6105;0.6155;100931000;62812373.1
RSTI;D;20160704;000000;0.6175;0.623;0.613;0.6177;100932000;62311091.5
RSTI;D;20160705;000000;0.6175;0.6556;0.6123;0.6556;209849000;133649785.7
RSTI;D;20160706;000000;0.6622;0.7165;0.6504;0.7119;1131901000;773542166.1
RSTI;D;20160707;000000;0.715;0.725;0.6868;0.692;508415000;360251574.7
RSTI;D;20160708;000000;0.69;0.7112;0.6717;0.6915;418161000;288713455.6
RSTI;D;20160711;000000;0.694;0.7235;0.694;0.714;328126000;234424155.1
RSTI;D;20160712;000000;0.7105;0.721;0.6905;0.7016;209967000;147947432.9
RSTI;D;20160713;000000;0.7067;0.7067;0.689;0.6999;139463000;97021421.7
RSTI;D;20160714;000000;0.702;0.7037;0.667;0.695;243270000;169763613.7
RSTI;D;20160715;000000;0.6994;0.701;0.69;0.6926;97272000;67469646.4
RSTI;D;20160718;000000;0.69;0.7148;0.6881;0.7081;185080000;130455894.1
RSTI;D;20160719;000000;0.7064;0.712;0.6908;0.7;140706000;98759062
RSTI;D;20160720;000000;0.7005;0.7066;0.6921;0.6932;104320000;72751194.4
RSTI;D;20160721;000000;0.695;0.7044;0.6931;0.702;66902000;46735328.3
RSTI;D;20160722;000000;0.7002;0.7439;0.7002;0.7426;451374000;328398545.5
RSTI;D;20160725;000000;0.7443;0.8477;0.7443;0.845;1368821000;1097038091.4
RSTI;D;20160726;000000;0.86;0.9468;0.856;0.8657;2070947000;1861299771.9
RSTI;D;20160727;000000;0.8648;0.8925;0.84;0.8525;623092000;539167617.1
RSTI;D;20160728;000000;0.847;0.88;0.8201;0.829;598557000;510180209.5
RSTI;D;20160729;000000;0.835;0.8831;0.825;0.8744;423751000;361002696.6
RSTI;D;20160801;000000;0.882;0.8916;0.861;0.8736;268365000;235139322.7
RSTI;D;20160802;000000;0.8691;0.8796;0.837;0.839;304568000;259492548.5
RSTI;D;20160803;000000;0.8431;0.878;0.8318;0.8656;384881000;331631681.1
RSTI;D;20160804;000000;0.8749;0.88;0.8527;0.8585;161310000;139755448.9
RSTI;D;20160805;000000;0.86;0.871;0.85;0.8693;211526000;183015696.4
RSTI;D;20160808;000000;0.8715;0.8884;0.8573;0.87;301969000;262282542.4
RSTI;D;20160809;000000;0.8698;0.8729;0.8601;0.8677;158286000;137233038.9
RSTI;D;20160810;000000;0.8694;0.9;0.865;0.87;661984000;586931730.8
RSTI;D;20160811;000000;0.8746;0.9285;0.857;0.926;770339000;690146967.4
RSTI;D;20160812;000000;0.9335;0.9366;0.9061;0.9063;513487000;472505044.3
RSTI;D;20160815;000000;0.91;0.9274;0.9065;0.9203;193863000;178264351.3
RSTI;D;20160816;000000;0.9234;0.9238;0.8956;0.898;231903000;210778782.6
RSTI;D;20160817;000000;0.8999;0.9184;0.8926;0.9111;216017000;195995610.8
RSTI;D;20160818;000000;0.915;0.918;0.8969;0.9;106840000;96798167.2
RSTI;D;20160819;000000;0.9068;0.91;0.894;0.904;116858000;105692484.3
RSTI;D;20160822;000000;0.904;0.924;0.8957;0.9159;200414000;183139153.8
RSTI;D;20160823;000000;0.9185;0.95;0.9139;0.9395;477847000;447141439.4
RSTI;D;20160824;000000;0.94;0.9576;0.9285;0.9381;468426000;442135747.8
RSTI;D;20160825;000000;0.9411;0.9478;0.9285;0.9451;315633000;297054433.3
RSTI;D;20160826;000000;0.95;0.9782;0.913;0.924;878087000;829719338.8
RSTI;D;20160829;000000;0.922;0.9475;0.9015;0.9454;457431000;425352547.5
RSTI;D;20160830;000000;0.947;0.9621;0.93;0.9301;503147000;477011148.5
RSTI;D;20160831;000000;0.9343;0.9423;0.925;0.9365;215911000;201425238.5
RSTI;D;20160901;000000;0.9356;0.944;0.9203;0.932;213107000;199100299.9
RSTI;D;20160902;000000;0.922;0.941;0.922;0.9325;266767000;248320407.1
RSTI;D;20160905;000000;0.93;0.9338;0.9201;0.93;210551000;195366899.2
RSTI;D;20160906;000000;0.935;0.951;0.935;0.9481;359823000;340422370.3
RSTI;D;20160907;000000;0.948;0.9657;0.9465;0.958;377246000;361703923.6
RSTI;D;20160908;000000;0.9618;0.9699;0.9419;0.947;247309000;235958818.4
RSTI;D;20160909;000000;0.9508;0.953;0.9271;0.9322;306692000;288000084.3
RSTI;D;20160912;000000;0.921;0.9347;0.911;0.928;263868000;243972037.9
RSTI;D;20160913;000000;0.9339;0.9482;0.9074;0.91;211696000;194548812.8
RSTI;D;20160914;000000;0.907;0.9118;0.885;0.8909;335899000;300990899.8
RSTI;D;20160915;000000;0.89;0.9041;0.8862;0.9039;158501000;142153653.2
RSTI;D;20160916;000000;0.9079;0.9118;0.853;0.853;368108000;322505532.9
RSTI;D;20160919;000000;0.8616;0.8785;0.8535;0.8701;290070000;251597318.3
RSTI;D;20160920;000000;0.869;0.8901;0.8629;0.8884;179980000;158052716.7
RSTI;D;20160921;000000;0.891;0.9008;0.8812;0.8866;215995000;192636721
RSTI;D;20160922;000000;0.8918;0.9046;0.8871;0.9039;243671000;218625470.9
RSTI;D;20160923;000000;0.9044;0.9046;0.8919;0.903;134301000;120783612.7
RSTI;D;20160926;000000;0.903;0.912;0.8786;0.887;167456000;149671130.7
RSTI;D;20160927;000000;0.8919;0.8919;0.865;0.865;172262000;150093653.2
RSTI;D;20160928;000000;0.8701;0.885;0.8627;0.8804;113998000;99784236
RSTI;D;20160929;000000;0.8908;0.895;0.88;0.88;138647000;122961495.8
RSTI;D;20160930;000000;0.881;0.934;0.8572;0.933;819078000;748049301.6
RSTI;D;20161003;000000;0.9372;0.9423;0.919;0.9205;292923000;272999130
RSTI;D;20161004;000000;0.9234;0.9234;0.9017;0.9106;193015000;176199231.4
RSTI;D;20161005;000000;0.9085;0.9116;0.873;0.8752;261416000;232246287.8
RSTI;D;20161006;000000;0.883;0.8868;0.865;0.8685;147080000;128730602.8
RSTI;D;20161007;000000;0.8735;0.89;0.8655;0.871;222254000;195890354.3
RSTI;D;20161010;000000;0.8769;0.906;0.8727;0.905;328704000;294654021.8
RSTI;D;20161011;000000;0.904;0.9065;0.884;0.8907;159935000;142918925
RSTI;D;20161012;000000;0.8857;0.9029;0.8857;0.8911;164502000;147416346.1
RSTI;D;20161013;000000;0.8943;0.9019;0.8801;0.8801;216620000;193339100.3
RSTI;D;20161014;000000;0.8845;0.8898;0.875;0.8805;105293000;92875247.2
RSTI;D;20161017;000000;0.877;0.897;0.8686;0.8968;175120000;155738536.5
RSTI;D;20161018;000000;0.8939;0.899;0.8816;0.8825;163822000;145742091.6
RSTI;D;20161019;000000;0.8851;0.899;0.883;0.8955;130028000;115651790.2
RSTI;D;20161020;000000;0.896;0.921;0.896;0.9071;242377000;221393373.1
RSTI;D;20161021;000000;0.9077;0.9133;0.8888;0.8905;157479000;141525135.8
RSTI;D;20161024;000000;0.8988;0.908;0.8908;0.9041;112572000;101380611.9
RSTI;D;20161025;000000;0.9061;0.925;0.8966;0.9101;243508000;222286421
RSTI;D;20161026;000000;0.9108;0.928;0.9033;0.9064;148171000;135844820.5
RSTI;D;20161027;000000;0.9065;0.937;0.9;0.9367;422996000;389540735.2
RSTI;D;20161028;000000;0.94;0.99;0.94;0.965;1152361000;1114222116.9
RSTI;D;20161031;000000;0.9724;0.9774;0.9425;0.976;441358000;423345684.1
RSTI;D;20161101;000000;0.977;1.0242;0.9687;1.018;869673000;877257252.3
RSTI;D;20161102;000000;1.0101;1.0393;0.9925;0.996;409969000;416070356.4
RSTI;D;20161103;000000;0.994;1.02;0.9753;1.0118;492676000;492204288.8
RSTI;D;20161107;000000;1.015;1.026;0.9879;0.9905;347121000;348713407.5
RSTI;D;20161108;000000;0.996;1.0032;0.9707;0.9879;385905000;380783193.9
RSTI;D;20161109;000000;0.9698;1.0139;0.9632;1;384419000;382884663
RSTI;D;20161110;000000;1.019;1.0399;1.0023;1.0037;508990000;519996393.8
RSTI;D;20161111;000000;1.01;1.024;0.985;1.02;436962000;439251485.5
RSTI;D;20161114;000000;1.023;1.0593;1.0162;1.05;421196000;439717644.4
RSTI;D;20161115;000000;1.0501;1.059;1.0361;1.045;289095000;302677165.2
RSTI;D;20161116;000000;1.05;1.0977;1.0451;1.0925;555738000;600708641.5
RSTI;D;20161117;000000;1.0949;1.165;1.0852;1.16;1228838000;1396532370.6
RSTI;D;20161118;000000;1.1649;1.1734;1.138;1.1515;482636000;557345456.8
RSTI;D;20161121;000000;1.155;1.164;1.126;1.1334;419732000;479456005.9
RSTI;D;20161122;000000;1.14;1.1447;1.1062;1.1121;419675000;470409253.3
RSTI;D;20161123;000000;1.1129;1.135;1.1091;1.1216;394790000;444897378.6
RSTI;D;20161124;000000;1.1265;1.133;1.114;1.1299;205275000;230567671.5
RSTI;D;20161125;000000;1.1319;1.1419;1.12;1.134;213072000;240815080.5
RSTI;D;20161128;000000;1.1392;1.1673;1.1287;1.1595;340902000;392505991.3
RSTI;D;20161129;000000;1.16;1.1959;1.1537;1.1781;388549000;458249218.5
RSTI;D;20161130;000000;1.179;1.2196;1.1605;1.2097;449950000;536423719.2
RSTI;D;20161201;000000;1.2149;1.23;1.17;1.1736;351536000;421808568.8
RSTI;D;20161202;000000;1.17;1.1867;1.1544;1.1665;275726000;322199758.1
RSTI;D;20161205;000000;1.1688;1.2098;1.1633;1.205;246134000;294063751.9
RSTI;D;20161206;000000;1.1989;1.2099;1.1861;1.205;225196000;269922017.6
RSTI;D;20161207;000000;1.2049;1.229;1.1902;1.2247;204206000;247306330.7
RSTI;D;20161208;000000;1.2203;1.2964;1.2203;1.2889;767487000;976993116
RSTI;D;20161209;000000;1.2891;1.3232;1.2602;1.3004;612504000;795506732.1
RSTI;D;20161212;000000;1.32;1.33;1.265;1.275;483673000;626288038.9
RSTI;D;20161213;000000;1.2916;1.308;1.2616;1.3;305874000;395012556.1
RSTI;D;20161214;000000;1.3;1.344;1.3;1.3279;529151000;703029631.5
RSTI;D;20161215;000000;1.3181;1.3383;1.3035;1.305;270704000;356294419.6
RSTI;D;20161216;000000;1.3054;1.3246;1.2673;1.2896;489884000;631618788.5
RSTI;D;20161219;000000;1.2811;1.295;1.1627;1.17;1130264000;1381927230.1
RSTI;D;20161220;000000;1.1697;1.2254;1.1658;1.1918;809404000;969308548.5
RSTI;D;20161221;000000;1.193;1.2213;1.1778;1.18;283918000;341010856.7
RSTI;D;20161222;000000;1.185;1.1871;1.112;1.128;639123000;726701015.6
RSTI;D;20161223;000000;1.13;1.1417;1.1011;1.1098;403202000;449901384.8
RSTI;D;20161226;000000;1.114;1.145;1.1051;1.13;343719000;389463208.1
RSTI;D;20161227;000000;1.1392;1.169;1.1337;1.157;291043000;335688206.9
RSTI;D;20161228;000000;1.1696;1.1773;1.1465;1.1495;229117000;265906196.2
RSTI;D;20161229;000000;1.1469;1.159;1.1127;1.1329;374573000;424546808.7
RSTI;D;20161230;000000;1.1385;1.1496;1.132;1.1439;122826000;140392914.8
RSTI;D;20170103;000000;1.144;1.1854;1.1439;1.1703;190173000;223335025.7
RSTI;D;20170104;000000;1.1765;1.1835;1.1445;1.1797;288250000;335334464.4
RSTI;D;20170105;000000;1.1836;1.2012;1.1782;1.1864;208257000;247663336.2
RSTI;D;20170106;000000;1.1955;1.2119;1.1751;1.2044;202566000;241785848.8
RSTI;D;20170109;000000;1.218;1.2387;1.2103;1.2225;361274000;442452196.1
RSTI;D;20170110;000000;1.2279;1.25;1.2181;1.25;299805000;371490911.5
RSTI;D;20170111;000000;1.2497;1.2596;1.2328;1.2479;164480000;205207041.8
RSTI;D;20170112;000000;1.2479;1.2794;1.2445;1.26;288586000;365319567.5
RSTI;D;20170113;000000;1.2533;1.273;1.18;1.223;698146000;848437405.1
RSTI;D;20170116;000000;1.225;1.225;1.185;1.2152;321366000;387542556
RSTI;D;20170117;000000;1.2057;1.2231;1.183;1.197;254839000;305193197.4
RSTI;D;20170118;000000;1.2;1.245;1.1932;1.234;481555000;585553227.4
RSTI;D;20170119;000000;1.245;1.269;1.2251;1.24;502317000;625172590.4
RSTI;D;20170120;000000;1.2458;1.25;1.2031;1.2291;275730000;335553384.7
RSTI;D;20170123;000000;1.2305;1.249;1.2305;1.236;239451000;296848674
RSTI;D;20170124;000000;1.2375;1.25;1.2264;1.243;245729000;304359122.6
RSTI;D;20170125;000000;1.2429;1.243;1.206;1.2178;309348000;377668688.1
RSTI;D;20170126;000000;1.2185;1.2318;1.2007;1.219;203083000;247272846.2
RSTI;D;20170127;000000;1.219;1.2497;1.219;1.232;275668000;340683724.8
RSTI;D;20170130;000000;1.237;1.266;1.2256;1.2548;459722000;576001130.6
RSTI;D;20170131;000000;1.255;1.2675;1.2286;1.2385;256730000;319392126.2
RSTI;D;20170201;000000;1.2149;1.2361;1.209;1.2267;472323000;576485556.4
RSTI;D;20170202;000000;1.2267;1.2425;1.2211;1.2285;148617000;182996530.5
RSTI;D;20170203;000000;1.2321;1.2662;1.2207;1.2651;464328000;579681058.1
RSTI;D;20170206;000000;1.2705;1.2825;1.2471;1.252;357598000;451120736.7
RSTI;D;20170207;000000;1.252;1.26;1.2406;1.2585;179259000;224217014.9
RSTI;D;20170208;000000;1.26;1.27;1.2437;1.2483;213621000;268485553
RSTI;D;20170209;000000;1.2482;1.2674;1.231;1.247;246199000;307288182.9
RSTI;D;20170210;000000;1.253;1.2635;1.2427;1.248;133090000;166531908.5
RSTI;D;20170213;000000;1.2527;1.2555;1.2361;1.2386;100271000;124570496.7
RSTI;D;20170214;000000;1.251;1.251;1.233;1.24;146353000;181463081.9
RSTI;D;20170215;000000;1.24;1.2578;1.2152;1.2472;243152000;300953557.2
RSTI;D;20170216;000000;1.2525;1.2572;1.233;1.245;239571000;298039206.8
RSTI;D;20170217;000000;1.2456;1.249;1.2255;1.238;132078000;163161922.7
RSTI;D;20170220;000000;1.24;1.2421;1.1552;1.1668;429532000;512829056.9
RSTI;D;20170221;000000;1.162;1.1895;1.1404;1.17;458068000;536370819.5
RSTI;D;20170222;000000;1.17;1.1796;1.1014;1.1014;730152000;822345472.3
RSTI;D;20170224;000000;1.1069;1.1069;1.038;1.045;866000000;924801265.8
RSTI;D;20170227;000000;1.045;1.0791;0.9942;0.9999;1021815000;1055576075.2
RSTI;D;20170228;000000;0.9991;1.0477;0.8765;1.02;1399929000;1371204091.7
RSTI;D;20170301;000000;1.022;1.079;1.015;1.0662;531808000;562217307.3
RSTI;D;20170302;000000;1.066;1.0889;1.023;1.0367;506028000;534512915.1
RSTI;D;20170303;000000;1.0295;1.07;1.0106;1.063;419498000;438020080.6
RSTI;D;20170306;000000;1.07;1.0879;1.026;1.026;398129000;420746025
RSTI;D;20170307;000000;1.025;1.0341;0.9559;0.9616;555722000;545504042.3
RSTI;D;20170309;000000;0.9415;0.9478;0.8313;0.8329;1444091000;1277326031.4
RSTI;D;20170310;000000;0.8345;0.892;0.8155;0.883;781944000;677937297
RSTI;D;20170313;000000;0.885;0.907;0.8506;0.907;412038000;364394519.1
RSTI;D;20170314;000000;0.907;0.924;0.8871;0.897;320133000;289847356.4
RSTI;D;20170315;000000;0.904;0.9059;0.8788;0.8858;233628000;208485945.8
RSTI;D;20170316;000000;0.9;0.9255;0.894;0.91;312908000;284565789.4
RSTI;D;20170317;000000;0.91;0.96;0.9099;0.9499;454947000;428498619.7
RSTI;D;20170320;000000;0.95;0.985;0.95;0.9639;327638000;316704496.3
RSTI;D;20170321;000000;0.964;1.0282;0.964;0.978;646370000;645228115.6
RSTI;D;20170322;000000;0.96;0.9991;0.9271;0.9937;598460000;575708796.5
RSTI;D;20170323;000000;1.012;1.0219;0.9802;0.999;399200000;399588837.6
RSTI;D;20170324;000000;0.9976;1.0116;0.98;0.9932;140652000;139584706.2
RSTI;D;20170327;000000;0.9805;0.9809;0.9311;0.9435;281967000;268405018.7
RSTI;D;20170328;000000;0.9518;0.957;0.903;0.923;494481000;454904436.9
RSTI;D;20170329;000000;0.9279;0.9398;0.9123;0.932;189401000;175823428
RSTI;D;20170330;000000;0.935;0.981;0.929;0.9757;396150000;380453620.6
RSTI;D;20170331;000000;0.9799;0.9826;0.9365;0.9398;265471000;252682736.4
RSTI;D;20170403;000000;0.9481;0.97;0.9396;0.9579;213053000;204192916.9
RSTI;D;20170404;000000;0.9517;0.9938;0.9517;0.988;215126000;210454630
RSTI;D;20170405;000000;0.993;1;0.9773;0.9905;306843000;305102429.1
RSTI;D;20170406;000000;0.9897;1.02;0.9786;0.994;316895000;317174397.9
RSTI;D;20170407;000000;0.9899;0.9899;0.941;0.949;482477000;461420010.7
RSTI;D;20170410;000000;0.9411;0.9515;0.9;0.9021;381528000;348302877.2
RSTI;D;20170411;000000;0.9;0.929;0.8908;0.901;311286000;283933188.5
RSTI;D;20170412;000000;0.903;0.9129;0.8619;0.89;272434000;241580080.4
RSTI;D;20170413;000000;0.9;0.913;0.8752;0.913;266530000;238589536.9
RSTI;D;20170414;000000;0.9089;0.9115;0.881;0.882;160079000;143544536.6
RSTI;D;20170417;000000;0.882;0.9149;0.8745;0.9149;228979000;204457867.5
RSTI;D;20170418;000000;0.913;0.9199;0.8823;0.885;232923000;208856641.6
RSTI;D;20170419;000000;0.885;0.8971;0.8661;0.8772;241286000;213238000.3
RSTI;D;20170420;000000;0.87;0.876;0.8425;0.8641;362867000;311033822.3
RSTI;D;20170421;000000;0.8698;0.8798;0.8583;0.8601;157277000;136727068.1
RSTI;D;20170424;000000;0.8746;0.9375;0.8676;0.934;544956000;496514683
RSTI;D;20170425;000000;0.938;0.9574;0.928;0.937;407473000;384660165.8
RSTI;D;20170426;000000;0.9241;0.933;0.9005;0.9239;468052000;429336668.9
RSTI;D;20170427;000000;0.918;0.922;0.903;0.9099;211115000;192630156.2
RSTI;D;20170428;000000;0.9399;0.979;0.9235;0.96;742373000;704116833.9
RSTI;D;20170502;000000;0.9716;0.978;0.95;0.9598;214594000;207302414.9
RSTI;D;20170503;000000;0.96;0.96;0.9356;0.9371;167271000;158455637.5
RSTI;D;20170504;000000;0.9352;0.954;0.9125;0.922;166077000;154783876.7
RSTI;D;20170505;000000;0.911;0.9176;0.9021;0.9158;197997000;180024440.7
RSTI;D;20170510;000000;0.9171;0.9418;0.9104;0.9241;155618000;144528894.1
RSTI;D;20170511;000000;0.9301;0.9431;0.89;0.9111;224729000;205834337.5
RSTI;D;20170512;000000;0.91;0.9178;0.8945;0.904;162544000;147571982.4
RSTI;D;20170515;000000;0.9164;0.925;0.8703;0.8842;282790000;253830551.3
RSTI;D;20170516;000000;0.88;0.899;0.8656;0.8839;175562000;154905993.1
RSTI;D;20170517;000000;0.8801;0.9121;0.8791;0.9078;134938000;121245559
RSTI;D;20170518;000000;0.895;0.9052;0.8669;0.873;211906000;186916891.1
RSTI;D;20170519;000000;0.88;0.8828;0.8545;0.8595;163051000;141219731.7
RSTI;D;20170522;000000;0.8697;0.8697;0.83;0.833;205242000;173973553.1
RSTI;D;20170523;000000;0.838;0.8696;0.8202;0.8575;208956000;177114647.3
RSTI;D;20170524;000000;0.8586;0.8658;0.8381;0.8608;155369000;132589374.2
RSTI;D;20170525;000000;0.8592;0.8676;0.8287;0.8335;249518000;210702705.2
RSTI;D;20170526;000000;0.825;0.829;0.7853;0.795;640017000;512324073.2
RSTI;D;20170529;000000;0.7792;0.7927;0.7511;0.7528;333769000;258716784.3
RSTI;D;20170530;000000;0.75;0.7969;0.7271;0.77;606538000;463292961.1
RSTI;D;20170531;000000;0.741;0.7797;0.731;0.7639;530116000;403630124.5
RSTI;D;20170601;000000;0.7685;0.7714;0.7237;0.726;425802000;313628302.4
RSTI;D;20170602;000000;0.7267;0.7619;0.7058;0.7617;414743000;304159305.3
RSTI;D;20170605;000000;0.768;0.7887;0.7603;0.7849;280921000;217596105.5
RSTI;D;20170606;000000;0.7835;0.7849;0.7605;0.7636;191127000;147733197.5
RSTI;D;20170607;000000;0.7635;0.7783;0.754;0.7586;178378000;136632985.4
RSTI;D;20170608;000000;0.7587;0.7623;0.7371;0.7566;186778000;140249146.5
RSTI;D;20170609;000000;0.7575;0.7749;0.7533;0.7687;141025000;108121193.7
RSTI;D;20170613;000000;0.778;0.7819;0.7518;0.7585;110645000;84525101.6
RSTI;D;20170614;000000;0.7615;0.7634;0.7381;0.7395;117857000;88118872.8
RSTI;D;20170615;000000;0.73;0.7348;0.699;0.7245;396410000;282720546.6
RSTI;D;20170616;000000;0.7283;0.748;0.7118;0.748;243096000;177823318.3
RSTI;D;20170619;000000;0.7406;0.7511;0.73;0.7396;140758000;103971511.2
RSTI;D;20170620;000000;0.736;0.769;0.736;0.7635;234041000;177232151.6
RSTI;D;20170621;000000;0.7635;0.7854;0.7566;0.779;198229000;153402161.3
RSTI;D;20170622;000000;0.778;0.7887;0.7685;0.784;162981000;127166956.2
RSTI;D;20170623;000000;0.7843;0.7899;0.7722;0.783;108222000;84711077.1
RSTI;D;20170626;000000;0.788;0.8067;0.7833;0.7919;253231000;202232993.7
RSTI;D;20170627;000000;0.7919;0.8193;0.7874;0.8138;171320000;138020222
RSTI;D;20170628;000000;0.8106;0.8286;0.8029;0.82;244861000;199909673
RSTI;D;20170629;000000;0.825;0.829;0.8024;0.8042;208817000;170926593.8
RSTI;D;20170630;000000;0.8042;0.82;0.7902;0.797;221258000;177930314.6
RSTI;D;20170703;000000;0.8064;0.8071;0.7812;0.792;187203000;148801080.5
RSTI;D;20170704;000000;0.8028;0.8151;0.7925;0.811;273906000;220243228.9
RSTI;D;20170705;000000;0.8148;0.8315;0.8028;0.811;237049000;193010651.3
RSTI;D;20170706;000000;0.8145;0.8182;0.7937;0.802;126742000;102176130.4
RSTI;D;20170707;000000;0.7996;0.8084;0.7914;0.8028;127331000;101961889.6
RSTI;D;20170710;000000;0.808;0.87;0.8056;0.87;550428000;466103048.7
RSTI;D;20170711;000000;0.8719;0.8755;0.852;0.8522;299024000;257269404.1
RSTI;D;20170712;000000;0.855;0.8738;0.855;0.8708;215844000;186811263.9
RSTI;D;20170713;000000;0.8688;0.9068;0.8686;0.8938;454561000;406106606.3
RSTI;D;20170714;000000;0.903;0.903;0.867;0.869;189434000;166770261.4
RSTI;D;20170717;000000;0.8751;0.8771;0.8386;0.8453;216855000;184443824.2
RSTI;D;20170718;000000;0.8391;0.8622;0.8378;0.8538;247264000;210953662
RSTI;D;20170719;000000;0.854;0.8677;0.8521;0.8631;110994000;95475531.5
RSTI;D;20170720;000000;0.8699;0.8699;0.8507;0.8507;118834000;102339568.9
RSTI;D;20170721;000000;0.8521;0.8588;0.833;0.8373;145519000;122881646.7
RSTI;D;20170724;000000;0.8435;0.8445;0.8253;0.8315;102498000;85462355.5
RSTI;D;20170725;000000;0.8315;0.8586;0.8315;0.8501;161849000;137059402.5
RSTI;D;20170726;000000;0.851;0.8743;0.844;0.8722;163457000;139943104
RSTI;D;20170727;000000;0.875;0.8964;0.8657;0.866;313760000;275823451.6
RSTI;D;20170728;000000;0.864;0.864;0.8397;0.845;175228000;148899866.6
RSTI;D;20170731;000000;0.847;0.8644;0.83;0.8644;160984000;136253194.5
RSTI;D;20170801;000000;0.8626;0.8808;0.8546;0.875;192613000;167999778.1
RSTI;D;20170802;000000;0.8798;0.8896;0.859;0.871;143134000;124939860.8
RSTI;D;20170803;000000;0.875;0.8769;0.8657;0.874;52290000;45491428.4
RSTI;D;20170804;000000;0.87;0.889;0.8673;0.8803;135963000;119581778.2
RSTI;D;20170807;000000;0.8806;0.8938;0.877;0.8791;114436000;101446326.3
RSTI;D;20170808;000000;0.884;0.9116;0.878;0.9103;294107000;263992111.4
RSTI;D;20170809;000000;0.9085;0.9085;0.891;0.893;143214000;128906948.5
RSTI;D;20170810;000000;0.8947;0.9037;0.868;0.871;216818000;192703633.1
RSTI;D;20170811;000000;0.8623;0.9024;0.8521;0.89;305499000;267846831.9
RSTI;D;20170814;000000;0.893;0.9089;0.8722;0.9035;236784000;210553792.7
RSTI;D;20170815;000000;0.9;0.93;0.8955;0.9286;315133000;290148766.5
RSTI;D;20170816;000000;0.93;0.946;0.92;0.9212;231660000;216834065.8
RSTI;D;20170817;000000;0.9212;0.9392;0.915;0.9232;175413000;162875377.6
RSTI;D;20170818;000000;0.921;0.9346;0.9155;0.9294;198796000;183911705.9
RSTI;D;20170821;000000;0.935;0.9595;0.9302;0.958;318486000;302142683.8
RSTI;D;20170822;000000;0.977;0.98;0.9558;0.9799;330039000;320687514.5
RSTI;D;20170823;000000;0.9805;0.984;0.951;0.9593;249068000;240854110.9
RSTI;D;20170824;000000;0.967;0.98;0.9544;0.976;146551000;142229756.3
RSTI;D;20170825;000000;0.983;0.9934;0.974;0.9873;204248000;201239478.2
RSTI;D;20170828;000000;0.993;1.02;0.9902;1.0111;318501000;320998919.3
RSTI;D;20170829;000000;1.0052;1.0271;0.9982;1.0168;336918000;340520756.9
RSTI;D;20170830;000000;1.018;1.018;0.9925;0.9958;318871000;319766185
RSTI;D;20170831;000000;0.999;1.025;0.988;1.0198;268799000;272295794.5
RSTI;D;20170901;000000;1.0198;1.0325;0.9975;1.0324;328458000;334811303.2
RSTI;D;20170904;000000;1.0324;1.0618;1.0273;1.0548;516924000;543766325.2
RSTI;D;20170905;000000;1.0526;1.0552;1.0327;1.0475;300124000;313895153.4
RSTI;D;20170906;000000;1.0467;1.0535;1.0322;1.053;272894000;284710864.7
RSTI;D;20170907;000000;1.0531;1.09;1.0531;1.075;485120000;523008954.6
RSTI;D;20170908;000000;1.0798;1.0945;1.0662;1.09;332804000;361131185.3
RSTI;D;20170911;000000;1.094;1.124;1.094;1.113;445619000;495240930.9
RSTI;D;20170912;000000;1.1187;1.1344;1.097;1.122;408814000;455523610.9
RSTI;D;20170913;000000;1.124;1.13;1.1026;1.107;202550000;225080190.2
RSTI;D;20170914;000000;1.11;1.1169;1.069;1.0952;427477000;463843972.1
RSTI;D;20170915;000000;1.0955;1.099;1.0806;1.099;196109000;213797229
RSTI;D;20170918;000000;1.099;1.1274;1.0988;1.118;227620000;254701543.4
RSTI;D;20170919;000000;1.1165;1.118;1.0515;1.059;623797000;674674138.7
RSTI;D;20170920;000000;1.0575;1.0738;1.0014;1.0694;848055000;879122319.4
RSTI;D;20170921;000000;1.0732;1.0879;1.0513;1.0579;320837000;342635865.5
RSTI;D;20170922;000000;1.0555;1.0573;1.0131;1.0201;547226000;562419061.3
RSTI;D;20170925;000000;1.0142;1.0444;1.0142;1.0271;255887000;264790657.7
RSTI;D;20170926;000000;1.036;1.0439;1.024;1.0293;246804000;255872294.7
RSTI;D;20170927;000000;1.032;1.0418;1.027;1.031;103594000;107073591
RSTI;D;20170928;000000;1.0305;1.0395;1.0121;1.0131;222090000;226739485
RSTI;D;20170929;000000;1.0141;1.0257;1.0052;1.0175;162332000;164902985.8
RSTI;D;20171002;000000;1.0118;1.0256;1.01;1.017;109520000;111626004.1
RSTI;D;20171003;000000;1.018;1.0245;1.015;1.017;87191000;88889632.2
RSTI;D;20171004;000000;1.019;1.0197;0.9955;1.0061;180202000;181506010.9
RSTI;D;20171005;000000;1.0062;1.0217;0.9975;1.0191;200186000;202466160.2
RSTI;D;20171006;000000;1.0191;1.05;1.0191;1.0414;295885000;307914018.1
RSTI;D;20171009;000000;1.0415;1.0678;1.0415;1.0667;247152000;261235740.7
RSTI;D;20171010;000000;1.0688;1.085;1.0613;1.066;231392000;248353891.4
RSTI;D;20171011;000000;1.0693;1.0714;1.05;1.0641;174521000;184790294.1
RSTI;D;20171012;000000;1.0656;1.075;1.0469;1.0484;145618000;154513647.1
RSTI;D;20171013;000000;1.048;1.0587;1.0426;1.0499;139834000;146799812.6
RSTI;D;20171016;000000;1.059;1.0739;1.051;1.0739;182955000;194518258.1
RSTI;D;20171017;000000;1.0777;1.0777;1.0165;1.024;649945000;673192904.4
RSTI;D;20171018;000000;1.0202;1.0268;0.9966;1.01;670845000;676275006.6
RSTI;D;20171019;000000;1.0119;1.0245;0.9607;0.967;522019000;514885551.5
RSTI;D;20171020;000000;0.9699;0.9857;0.9671;0.9799;334097000;326930228.6
RSTI;D;20171023;000000;0.987;0.9946;0.9558;0.9597;257837000;249582647.1
RSTI;D;20171024;000000;0.9597;0.9633;0.9177;0.938;600324000;559814178.5
RSTI;D;20171025;000000;0.9395;0.949;0.906;0.915;351624000;325532589.8
RSTI;D;20171026;000000;0.914;0.9291;0.9015;0.924;423625000;387766162.7
RSTI;D;20171027;000000;0.928;0.9491;0.9151;0.9472;314110000;293045806
RSTI;D;20171030;000000;0.9544;0.9677;0.945;0.9524;267611000;255466750.1
RSTI;D;20171031;000000;0.9546;0.9631;0.9362;0.9471;172262000;163575793
RSTI;D;20171101;000000;0.9433;0.9544;0.937;0.9475;156859000;148425077.7
RSTI;D;20171102;000000;0.9487;0.9506;0.9207;0.9289;144164000;134669678.9
RSTI;D;20171103;000000;0.9334;0.9437;0.9213;0.9325;105357000;98047928.5
RSTI;D;20171107;000000;0.9349;0.9449;0.9284;0.9326;139302000;130431630.7
RSTI;D;20171108;000000;0.9397;0.951;0.9264;0.9368;154825000;145720967
RSTI;D;20171109;000000;0.9397;0.9545;0.928;0.929;197875000;186041304.1
RSTI;D;20171110;000000;0.935;0.9383;0.9157;0.9347;134142000;124464532.6
RSTI;D;20171113;000000;0.9311;0.9395;0.926;0.9276;64085000;59665790.7
RSTI;D;20171114;000000;0.928;0.9465;0.92;0.921;182733000;169807268.8
RSTI;D;20171115;000000;0.9199;0.9199;0.863;0.874;384989000;342850533.1
RSTI;D;20171116;000000;0.875;0.8926;0.8314;0.8847;476496000;411079302
RSTI;D;20171117;000000;0.8889;0.8917;0.866;0.866;193755000;170228936.6
RSTI;D;20171120;000000;0.866;0.9093;0.8552;0.9093;299398000;265945187.1
RSTI;D;20171121;000000;0.9129;0.916;0.8901;0.8997;187908000;168981253.2
RSTI;D;20171122;000000;0.8997;0.9137;0.885;0.9102;118732000;106953606.3
RSTI;D;20171123;000000;0.9102;0.9138;0.8895;0.907;114953000;103733056.6
RSTI;D;20171124;000000;0.9015;0.911;0.8951;0.8994;71749000;64735875.7
RSTI;D;20171127;000000;0.8961;0.905;0.883;0.903;93213000;83356033.9
RSTI;D;20171128;000000;0.893;0.8998;0.8852;0.8869;65078000;57962450.3
RSTI;D;20171129;000000;0.8869;0.892;0.8687;0.875;118368000;104003662.4
RSTI;D;20171130;000000;0.8713;0.8749;0.8352;0.8451;153956000;131706175.1
RSTI;D;20171201;000000;0.8451;0.8685;0.8412;0.858;101665000;87002267.7
RSTI;D;20171204;000000;0.8565;0.8569;0.8301;0.8301;177986000;149203007
RSTI;D;20171205;000000;0.83;0.8382;0.8106;0.8299;201013000;165417715.2
RSTI;D;20171206;000000;0.83;0.8497;0.82;0.83;233407000;195708493.1
RSTI;D;20171207;000000;0.8369;0.8369;0.819;0.8304;125096000;103420618.8
RSTI;D;20171208;000000;0.8325;0.8459;0.8155;0.8174;90084000;74835741.8
RSTI;D;20171211;000000;0.8198;0.857;0.8168;0.845;244369000;206072129.4
RSTI;D;20171212;000000;0.8516;0.8635;0.8467;0.8534;201334000;172509088
RSTI;D;20171213;000000;0.859;0.8718;0.846;0.8587;150111000;128772934.9
RSTI;D;20171214;000000;0.8595;0.8706;0.85;0.8694;127296000;110042886.4
RSTI;D;20171215;000000;0.8655;0.884;0.86;0.884;146917000;128323392.3
RSTI;D;20171218;000000;0.8839;0.907;0.8715;0.8745;239115000;213257043.8
RSTI;D;20171219;000000;0.875;0.885;0.8453;0.849;201074000;172417464.4
RSTI;D;20171220;000000;0.85;0.8524;0.7924;0.8118;511841000;416359563.5
RSTI;D;20171221;000000;0.8119;0.8232;0.8052;0.8175;231061000;188084242.4
RSTI;D;20171222;000000;0.8166;0.8388;0.8148;0.82;211428000;174744009.1
RSTI;D;20171225;000000;0.8211;0.829;0.811;0.8193;101657000;83379160.9
RSTI;D;20171226;000000;0.8181;0.8248;0.8023;0.8038;141184000;114166724.9
RSTI;D;20171227;000000;0.8033;0.8135;0.7982;0.8035;160176000;129067131.7
RSTI;D;20171228;000000;0.8067;0.8247;0.8041;0.8224;230872000;189264992.7
RSTI;D;20171229;000000;0.8241;0.8334;0.8149;0.8204;115515000;95047407.2
RSTI;D;20180103;000000;0.819;0.8355;0.8161;0.8355;77164000;63978681
RSTI;D;20180104;000000;0.835;0.8482;0.8335;0.8375;100884000;84867344.7
RSTI;D;20180105;000000;0.8439;0.8439;0.8281;0.8317;61268000;51079861.3
RSTI;D;20180109;000000;0.831;0.85;0.83;0.8344;124303000;104291779.1
RSTI;D;20180110;000000;0.8397;0.8429;0.8301;0.84;88639000;74194242.4
RSTI;D;20180111;000000;0.84;0.8488;0.84;0.8425;91835000;77577681.6
RSTI;D;20180112;000000;0.8425;0.8442;0.8266;0.8277;119120000;99181341.1
RSTI;D;20180115;000000;0.83;0.8348;0.8238;0.825;77939000;64611822.7
RSTI;D;20180116;000000;0.8293;0.8293;0.8112;0.8178;109408000;89588627.9
RSTI;D;20180117;000000;0.8122;0.8277;0.8112;0.8275;104760000;86056717.2
RSTI;D;20180118;000000;0.8265;0.8425;0.8265;0.8347;117667000;98279636.4
RSTI;D;20180119;000000;0.8347;0.895;0.8311;0.8944;614769000;537854459.4
RSTI;D;20180122;000000;0.895;0.9593;0.89;0.9315;893656000;827554521.5
RSTI;D;20180123;000000;0.9317;0.9473;0.9203;0.93;465051000;434191591.1
RSTI;D;20180124;000000;0.9281;0.9522;0.9081;0.9368;317230000;295638601.1
RSTI;D;20180125;000000;0.9368;0.9463;0.915;0.9151;155040000;143645604.3
RSTI;D;20180126;000000;0.9135;0.9233;0.8833;0.8902;213730000;192487983.8
RSTI;D;20180129;000000;0.8918;0.9145;0.8869;0.8978;176509000;159177594.6
RSTI;D;20180130;000000;0.898;0.9187;0.8889;0.9168;220532000;200449414.2
RSTI;D;20180131;000000;0.9134;0.9194;0.8965;0.9135;200448000;182703419.9
RSTI;D;20180201;000000;0.91;0.9375;0.903;0.906;236682000;218135039.1
RSTI;D;20180202;000000;0.9099;0.9166;0.8934;0.9067;150659000;136013280.4
RSTI;D;20180205;000000;0.8934;0.9252;0.8901;0.9252;223565000;203171266.7
RSTI;D;20180206;000000;0.8962;0.9124;0.875;0.8907;342059000;305808680.8
RSTI;D;20180207;000000;0.9049;0.9138;0.8935;0.9062;140502000;126714853.2
RSTI;D;20180208;000000;0.9065;0.907;0.8882;0.8908;150498000;134535849.6
RSTI;D;20180209;000000;0.873;0.8817;0.8556;0.8771;193842000;168886262.5
RSTI;D;20180212;000000;0.877;0.8881;0.8729;0.8805;141348000;124431154.1
RSTI;D;20180213;000000;0.8806;0.8877;0.8745;0.883;83579000;73558009.8
RSTI;D;20180214;000000;0.8833;0.9029;0.8784;0.8885;156444000;139599377.2
RSTI;D;20180215;000000;0.9013;0.9013;0.846;0.8555;725425000;624938878.3
RSTI;D;20180216;000000;0.8555;0.8579;0.8377;0.8415;249283000;211075137.7
RSTI;D;20180219;000000;0.84;0.8537;0.8353;0.8492;110372000;93333147.2
RSTI;D;20180220;000000;0.8506;0.8531;0.84;0.8425;91070000;77021644.1
RSTI;D;20180221;000000;0.842;0.8575;0.842;0.8471;148099000;125863362.9
RSTI;D;20180222;000000;0.8497;0.8529;0.8428;0.8441;138873000;117651070.5
RSTI;D;20180226;000000;0.85;0.873;0.8487;0.873;194856000;167913055
RSTI;D;20180227;000000;0.874;0.8754;0.847;0.847;209603000;179738538.1
RSTI;D;20180228;000000;0.847;0.8537;0.827;0.8301;251467000;210339345.5
RSTI;D;20180301;000000;0.8289;0.8443;0.821;0.8337;167859000;139153469.7
RSTI;D;20180302;000000;0.835;0.8373;0.823;0.8286;95545000;79503600.1
RSTI;D;20180305;000000;0.8285;0.8354;0.8242;0.8273;109598000;90851528.9
RSTI;D;20180306;000000;0.8291;0.8333;0.825;0.825;111874000;92584890.9
RSTI;D;20180307;000000;0.8245;0.826;0.8102;0.8248;196076000;160129219.1
RSTI;D;20180309;000000;0.825;0.8394;0.8232;0.8371;151044000;125432724
RSTI;D;20180312;000000;0.8382;0.8463;0.8288;0.8345;213069000;179054353.7
RSTI;D;20180313;000000;0.8335;0.8573;0.8258;0.8464;359855000;303757538.7
RSTI;D;20180314;000000;0.8485;0.8489;0.8189;0.8189;242573000;201494097.5
RSTI;D;20180315;000000;0.8191;0.825;0.8144;0.8242;156079000;127933328.5
RSTI;D;20180316;000000;0.8241;0.832;0.8185;0.8295;322981000;266683192.6
RSTI;D;20180319;000000;0.826;0.8323;0.8207;0.8207;107797000;88989832
RSTI;D;20180320;000000;0.8208;0.828;0.8196;0.8217;103497000;85206838.7
RSTI;D;20180321;000000;0.822;0.8256;0.8166;0.817;197269000;161931404.6
RSTI;D;20180322;000000;0.8191;0.82;0.81;0.8146;120422000;98046345.6
RSTI;D;20180323;000000;0.8072;0.8102;0.801;0.8034;136552000;109815422.2
RSTI;D;20180326;000000;0.8072;0.8072;0.776;0.7782;259091000;204935572.4
RSTI;D;20180327;000000;0.7827;0.793;0.7734;0.785;246892000;193340002.7
RSTI;D;20180328;000000;0.7748;0.7822;0.76;0.761;247315000;189483628.4
RSTI;D;20180329;000000;0.7611;0.7656;0.756;0.7605;177667000;135059109.2
RSTI;D;20180330;000000;0.7639;0.7644;0.7561;0.7594;119641000;90883362
RSTI;D;20180402;000000;0.7595;0.7818;0.7587;0.765;382231000;295046725.9
RSTI;D;20180403;000000;0.7652;0.772;0.7636;0.7708;135007000;103749537.2
RSTI;D;20180404;000000;0.773;0.7756;0.765;0.7707;89012000;68543380.2
RSTI;D;20180405;000000;0.7724;0.779;0.7724;0.7758;112901000;87615927.8
RSTI;D;20180406;000000;0.7789;0.846;0.7776;0.837;1530927000;1255282048
RSTI;D;20180409;000000;0.8364;0.8364;0.6577;0.7627;1188599000;898915112.5
RSTI;D;20180410;000000;0.759;0.779;0.7;0.7601;572418000;429413464.8
RSTI;D;20180411;000000;0.7505;0.7571;0.7353;0.7459;325262000;243680942.7
RSTI;D;20180412;000000;0.7473;0.7699;0.7472;0.7553;189969000;144055655
RSTI;D;20180413;000000;0.7616;0.7672;0.7451;0.7465;179464000;135247366.9
RSTI;D;20180416;000000;0.7451;0.7528;0.7122;0.7345;263286000;194149972.8
RSTI;D;20180417;000000;0.745;0.768;0.745;0.768;224096000;170207470.8
RSTI;D;20180418;000000;0.768;0.7918;0.765;0.7805;209852000;163764592.2
RSTI;D;20180419;000000;0.7819;0.8075;0.773;0.7813;153672000;121502554.8
RSTI;D;20180420;000000;0.7826;0.8055;0.7812;0.8;173306000;137751943.4
RSTI;D;20180423;000000;0.8;0.851;0.795;0.847;448178000;371451292.3
RSTI;D;20180424;000000;0.853;0.8547;0.8242;0.8278;227495000;190075467.9
RSTI;D;20180425;000000;0.825;0.8344;0.8164;0.8229;116294000;96228859
RSTI;D;20180426;000000;0.8288;0.8447;0.8228;0.8424;119110000;99584682.8
RSTI;D;20180427;000000;0.8424;0.8689;0.8418;0.8619;310517000;266950620.9
RSTI;D;20180428;000000;0.8635;0.8646;0.8481;0.8495;62200000;53046688.1
RSTI;D;20180430;000000;0.85;0.8628;0.832;0.835;237053000;200663248.8
RSTI;D;20180502;000000;0.8376;0.8421;0.824;0.8301;163047000;136451893.6
RSTI;D;20180503;000000;0.8212;0.8254;0.8058;0.8101;237109000;193228965.3
RSTI;D;20180504;000000;0.8117;0.823;0.8067;0.8216;125166000;101857512.6
RSTI;D;20180507;000000;0.8219;0.8286;0.8144;0.8205;134493000;110599554
RSTI;D;20180508;000000;0.8205;0.826;0.8121;0.8202;97843000;80091173.7
RSTI;D;20180510;000000;0.8244;0.8323;0.8226;0.8258;117570000;97265627.1
RSTI;D;20180511;000000;0.827;0.8411;0.8266;0.8332;177832000;148529251.8
RSTI;D;20180514;000000;0.833;0.848;0.83;0.8385;261987000;219449286.1
RSTI;D;20180515;000000;0.8326;0.851;0.831;0.831;212187000;178353568.4
RSTI;D;20180516;000000;0.831;0.8347;0.8128;0.8245;201743000;165832078.3
RSTI;D;20180517;000000;0.83;0.8428;0.825;0.8265;179657000;149851054.8
RSTI;D;20180518;000000;0.8251;0.832;0.8182;0.8282;167213000;138090212.4
RSTI;D;20180521;000000;0.8265;0.8345;0.8242;0.8243;56279000;46582179.5
RSTI;D;20180522;000000;0.8256;0.8344;0.822;0.824;60581000;50154264.3
RSTI;D;20180523;000000;0.823;0.823;0.7966;0.8;268774000;217049551.2
RSTI;D;20180524;000000;0.8;0.8115;0.7777;0.7997;228822000;183140296.8
RSTI;D;20180525;000000;0.8;0.8044;0.7905;0.7976;101751000;81401578.6
RSTI;D;20180528;000000;0.8018;0.8042;0.7921;0.7983;46883000;37372851.4
RSTI;D;20180529;000000;0.801;0.8025;0.79;0.7941;73039000;57936436.6
RSTI;D;20180530;000000;0.793;0.8037;0.7801;0.8013;131074000;103950510.7
RSTI;D;20180531;000000;0.805;0.8129;0.7925;0.7971;131437000;104968032.7
RSTI;D;20180601;000000;0.797;0.8019;0.7915;0.7978;45233000;36024327.7
RSTI;D;20180604;000000;0.798;0.811;0.794;0.8049;208777000;167768764.5
RSTI;D;20180605;000000;0.804;0.8094;0.7984;0.8025;123751000;99328393.9
RSTI;D;20180606;000000;0.8031;0.8083;0.7985;0.7986;39592000;31783304.2
RSTI;D;20180607;000000;0.8002;0.8168;0.8;0.8004;124598000;100499477
RSTI;D;20180608;000000;0.8084;0.8097;0.794;0.802;79780000;63928871
RSTI;D;20180609;000000;0.8056;0.8058;0.797;0.804;17839000;14289025.1
RSTI;D;20180611;000000;0.808;0.808;0.7954;0.8045;41074000;32870225.7
RSTI;D;20180613;000000;0.8054;0.8343;0.8045;0.8301;263437000;216773847.9
RSTI;D;20180614;000000;0.8301;0.8379;0.8222;0.8349;147788000;122855219.4
RSTI;D;20180615;000000;0.8375;0.841;0.8152;0.8215;120724000;99667036.9
RSTI;D;20180618;000000;0.8215;0.8298;0.8164;0.8193;59221000;48727974.6
RSTI;D;20180619;000000;0.814;0.817;0.794;0.801;236957000;190289252.2
RSTI;D;20180620;000000;0.805;0.8122;0.7878;0.8002;114217000;91277822.1
RSTI;D;20180621;000000;0.8014;0.8039;0.7956;0.7956;67214000;53766051.7
RSTI;D;20180622;000000;0.7999;0.8076;0.7853;0.7933;115405000;91382990.9
RSTI;D;20180625;000000;0.7936;0.8003;0.7788;0.787;102667000;80936628.1
RSTI;D;20180626;000000;0.7884;0.7998;0.7814;0.799;99853000;79121808.4
RSTI;D;20180627;000000;0.8;0.8122;0.7969;0.8094;128859000;103446645
RSTI;D;20180628;000000;0.8095;0.817;0.7981;0.7981;71887000;58005135.1
RSTI;D;20180629;000000;0.7985;0.8078;0.788;0.791;69071000;54918798.8
RSTI;D;20180702;000000;0.788;0.7997;0.788;0.7953;81286000;64647708.5
RSTI;D;20180703;000000;0.7987;0.7987;0.7876;0.7921;36852000;29153257.3
RSTI;D;20180704;000000;0.7947;0.7947;0.7878;0.7893;35355000;27966170.6
RSTI;D;20180705;000000;0.7897;0.7967;0.7861;0.7916;61873000;48981690.9
RSTI;D;20180706;000000;0.7895;0.7915;0.777;0.7842;61917000;48476606.8
RSTI;D;20180709;000000;0.7851;0.7963;0.7825;0.79;52987000;41910197.9
RSTI;D;20180710;000000;0.7902;0.7989;0.7883;0.7976;41389000;32917617.5
RSTI;D;20180711;000000;0.7964;0.7995;0.78;0.7802;82508000;64951737.2
RSTI;D;20180712;000000;0.7805;0.7832;0.7633;0.7677;132511000;102267903.5
RSTI;D;20180713;000000;0.7673;0.7808;0.7645;0.7721;80277000;61983719.3
RSTI;D;20180716;000000;0.7809;0.7999;0.7745;0.7958;141795000;112107591.5
RSTI;D;20180717;000000;0.7971;0.7971;0.785;0.795;106718000;84408748.9
RSTI;D;20180718;000000;0.7887;0.795;0.78;0.7806;83795000;65958447.7
RSTI;D;20180719;000000;0.7832;0.7924;0.78;0.7906;62790000;49285479.7
RSTI;D;20180720;000000;0.7887;0.7938;0.783;0.783;74452000;58596036.4
RSTI;D;20180723;000000;0.7811;0.796;0.7811;0.7911;80246000;63567275.1
RSTI;D;20180724;000000;0.7933;0.796;0.7821;0.7821;140477000;110544730.7
RSTI;D;20180725;000000;0.7835;0.7835;0.77;0.7767;46999000;36634459.6
RSTI;D;20180726;000000;0.778;0.7844;0.7775;0.7803;46772000;36504156.8
RSTI;D;20180727;000000;0.7805;0.7934;0.7765;0.7835;67993000;53292675.8
RSTI;D;20180730;000000;0.7785;0.7948;0.7775;0.7827;49936000;39272164.4
RSTI;D;20180731;000000;0.7825;0.7835;0.7672;0.7672;128541000;99560826.1
RSTI;D;20180801;000000;0.768;0.7739;0.7652;0.7659;79770000;61408663.5
RSTI;D;20180802;000000;0.765;0.7762;0.76;0.7671;79418000;60990836.9
RSTI;D;20180803;000000;0.766;0.7718;0.7603;0.7621;80296000;61494897.7
RSTI;D;20180806;000000;0.7615;0.7677;0.7582;0.7595;44691000;34023339
RSTI;D;20180807;000000;0.7591;0.7694;0.7573;0.7602;47067000;35881359.8
RSTI;D;20180808;000000;0.76;0.7619;0.7454;0.7498;80297000;60331836.5
RSTI;D;20180809;000000;0.7481;0.7495;0.715;0.7399;186292000;135677945
RSTI;D;20180810;000000;0.7383;0.759;0.7318;0.7389;188028000;140203640.6
RSTI;D;20180813;000000;0.7355;0.7362;0.718;0.72;110874000;80546507.8
RSTI;D;20180814;000000;0.7249;0.7288;0.7119;0.714;67928000;48862524.9
RSTI;D;20180815;000000;0.714;0.718;0.696;0.696;133816000;94047592.5
RSTI;D;20180816;000000;0.7021;0.7041;0.6962;0.7;50644000;35496290.6
RSTI;D;20180817;000000;0.7013;0.7098;0.6937;0.7015;99586000;69839225.1
RSTI;D;20180820;000000;0.702;0.717;0.702;0.708;62821000;44668763.4
RSTI;D;20180821;000000;0.7099;0.712;0.6934;0.7022;51312000;36039004.5
RSTI;D;20180822;000000;0.701;0.7068;0.6962;0.699;31033000;21806581.1
RSTI;D;20180823;000000;0.7036;0.7044;0.682;0.6823;69116000;47863827.4
RSTI;D;20180824;000000;0.6843;0.6843;0.669;0.6724;86306000;58220107.4
RSTI;D;20180827;000000;0.675;0.699;0.675;0.6982;120182000;83133234.1
RSTI;D;20180828;000000;0.6942;0.7017;0.6851;0.6864;88533000;61208862.7
RSTI;D;20180829;000000;0.6864;0.6912;0.673;0.6764;165020000;112338030.1
RSTI;D;20180830;000000;0.6799;0.6867;0.6721;0.673;53222000;36188047.7
RSTI;D;20180831;000000;0.6724;0.686;0.6714;0.677;96689000;65617613.5
RSTI;D;20180903;000000;0.6844;0.6983;0.6759;0.6968;76755000;52870792.3
RSTI;D;20180904;000000;0.697;0.6979;0.6768;0.6774;104653000;71828178.4
RSTI;D;20180905;000000;0.6776;0.6879;0.6741;0.6794;99568000;67690676.9
RSTI;D;20180906;000000;0.679;0.6879;0.6734;0.675;129775000;88338400
RSTI;D;20180907;000000;0.6752;0.6819;0.6682;0.68;114283000;76926426.4
RSTI;D;20180910;000000;0.675;0.6845;0.666;0.6661;100377000;67473641.9
RSTI;D;20180911;000000;0.6663;0.6755;0.6603;0.6613;98622000;65728920.6
RSTI;D;20180912;000000;0.6665;0.6746;0.6633;0.6717;61979000;41455714.9
RSTI;D;20180913;000000;0.6732;0.6874;0.6705;0.678;68580000;46685753.5
RSTI;D;20180914;000000;0.683;0.6906;0.679;0.6857;68212000;46817052.9
RSTI;D;20180917;000000;0.6892;0.7068;0.6852;0.7018;159816000;111960952.2
RSTI;D;20180918;000000;0.7002;0.7339;0.6982;0.7236;227229000;163730432.4
RSTI;D;20180919;000000;0.7221;0.7378;0.7171;0.7331;117300000;85336697.2
RSTI;D;20180920;000000;0.7304;0.7355;0.7171;0.7177;141653000;102948040.8
RSTI;D;20180921;000000;0.718;0.7215;0.7069;0.7091;202064000;143894494.1
RSTI;D;20180924;000000;0.7127;0.713;0.7072;0.7072;49636000;35218997.4
RSTI;D;20180925;000000;0.711;0.7215;0.708;0.7203;54816000;39167021
RSTI;D;20180926;000000;0.7208;0.7279;0.7108;0.7141;97341000;69955241.4
RSTI;D;20180927;000000;0.714;0.7198;0.7084;0.7164;45774000;32675048.3
RSTI;D;20180928;000000;0.718;0.7265;0.7102;0.7185;64627000;46561895.2
RSTI;D;20181001;000000;0.7204;0.7215;0.709;0.7115;27598000;19694350.4
RSTI;D;20181002;000000;0.716;0.8145;0.716;0.7966;1057417000;831809988.4
RSTI;D;20181003;000000;0.8037;0.84;0.7911;0.8019;996459000;812116496.5
RSTI;D;20181004;000000;0.8;0.848;0.768;0.777;1691817000;1370979777.6
RSTI;D;20181005;000000;0.7752;0.789;0.77;0.77;240874000;187207309
RSTI;D;20181008;000000;0.765;0.7746;0.7463;0.7549;192990000;146517208
RSTI;D;20181009;000000;0.7598;0.7598;0.7341;0.739;187189000;139124041
RSTI;D;20181010;000000;0.744;0.746;0.7188;0.7224;188722000;137563399.6
RSTI;D;20181011;000000;0.7054;0.7173;0.685;0.6961;296592000;207375156.2
RSTI;D;20181012;000000;0.702;0.7112;0.6959;0.6985;122697000;86227034.4
RSTI;D;20181015;000000;0.6996;0.7028;0.6812;0.6881;168769000;116470619.2
RSTI;D;20181016;000000;0.6881;0.7197;0.6868;0.705;327278000;231375804.6
RSTI;D;20181017;000000;0.7109;0.72;0.7064;0.7153;156598000;112018851.9
RSTI;D;20181018;000000;0.718;0.73;0.7141;0.7219;186400000;134832149.2
RSTI;D;20181019;000000;0.7241;0.7267;0.7102;0.72;138674000;99690500.9
RSTI;D;20181022;000000;0.7152;0.74;0.7137;0.7306;198370000;144719002.6
RSTI;D;20181023;000000;0.7267;0.7275;0.7037;0.707;173209000;123430093.7
RSTI;D;20181024;000000;0.7072;0.7236;0.7072;0.7161;118167000;84916976.4
RSTI;D;20181025;000000;0.7045;0.7093;0.695;0.7;98183000;68945987.5
RSTI;D;20181026;000000;0.7019;0.7049;0.6705;0.675;169489000;116090036.1
RSTI;D;20181029;000000;0.6745;0.6926;0.6675;0.6783;137461000;93560323.7
RSTI;D;20181030;000000;0.6785;0.6848;0.672;0.6787;50385000;34213763.5
RSTI;D;20181031;000000;0.6818;0.69;0.673;0.674;164099000;111279569.3
RSTI;D;20181101;000000;0.6753;0.6785;0.6685;0.6738;129467000;87310655.5
RSTI;D;20181102;000000;0.6743;0.68;0.6743;0.677;59479000;40273281.7
RSTI;D;20181106;000000;0.677;0.7088;0.677;0.702;301672000;210130993.8
RSTI;D;20181107;000000;0.702;0.7227;0.693;0.7201;202449000;143694787.9
RSTI;D;20181108;000000;0.725;0.725;0.7094;0.7094;128231000;91485549.3
RSTI;D;20181109;000000;0.705;0.709;0.6994;0.709;135954000;95632659
RSTI;D;20181112;000000;0.71;0.721;0.71;0.7164;78205000;55883721.3
RSTI;D;20181113;000000;0.7165;0.7191;0.7055;0.714;81559000;58191435.3
RSTI;D;20181114;000000;0.7117;0.72;0.708;0.72;96589000;68883896.9
RSTI;D;20181115;000000;0.7185;0.733;0.7179;0.7235;121721000;88289792.3
RSTI;D;20181116;000000;0.723;0.733;0.7211;0.7316;87967000;63969432.7
RSTI;D;20181119;000000;0.733;0.747;0.7124;0.714;106219000;77491576.3
RSTI;D;20181120;000000;0.7131;0.718;0.696;0.7003;137394000;97034291.4
RSTI;D;20181121;000000;0.7001;0.718;0.6987;0.718;94524000;66720899.8
RSTI;D;20181122;000000;0.718;0.73;0.718;0.72;75227000;54503450.6
RSTI;D;20181123;000000;0.7197;0.729;0.7151;0.721;154944000;112150283.6
RSTI;D;20181126;000000;0.7239;0.7347;0.7173;0.7218;102575000;74234850.9
RSTI;D;20181127;000000;0.7203;0.7295;0.7181;0.7181;35315000;25506501.6
RSTI;D;20181128;000000;0.7179;0.7425;0.7179;0.7425;67882000;49676301.9
RSTI;D;20181129;000000;0.7449;0.7769;0.7425;0.773;220098000;168297757.5
RSTI;D;20181130;000000;0.767;0.7734;0.6895;0.73;363541000;267904009.5
RSTI;D;20181203;000000;0.74;0.765;0.7338;0.7548;197943000;149321723.2
RSTI;D;20181204;000000;0.7551;0.7711;0.7403;0.7403;148192000;111656899.3
RSTI;D;20181205;000000;0.7373;0.76;0.7317;0.7483;89818000;66809410.6
RSTI;D;20181206;000000;0.748;0.748;0.7321;0.739;61136000;45126068.7
RSTI;D;20181207;000000;0.74;0.7499;0.7329;0.7427;93768000;69754913.6
RSTI;D;20181210;000000;0.746;0.756;0.7373;0.7506;89877000;67425142.1
RSTI;D;20181211;000000;0.75;0.7698;0.7443;0.7628;109616000;83277279
RSTI;D;20181212;000000;0.7631;0.773;0.7451;0.7465;172569000;129720877.9
RSTI;D;20181213;000000;0.745;0.7628;0.745;0.758;60074000;45368303.4
RSTI;D;20181214;000000;0.7519;0.7559;0.7489;0.752;61610000;46351913.3
RSTI;D;20181217;000000;0.7504;0.7593;0.7483;0.7505;57866000;43674988.5
RSTI;D;20181218;000000;0.75;0.7566;0.7444;0.7519;78377000;58835214.9
RSTI;D;20181219;000000;0.7506;0.7774;0.7476;0.7711;143559000;110498011.6
RSTI;D;20181220;000000;0.77;0.7841;0.7626;0.7755;108171000;84098395.6
RSTI;D;20181221;000000;0.772;0.7835;0.7705;0.7712;184947000;143319989.7
RSTI;D;20181224;000000;0.7714;0.7874;0.7676;0.783;134381000;104496460.2
RSTI;D;20181225;000000;0.7798;0.783;0.7706;0.7721;106141000;82156555
RSTI;D;20181226;000000;0.7721;0.7855;0.7721;0.781;63932000;49950628.1
RSTI;D;20181227;000000;0.7835;0.7888;0.7741;0.7741;101694000;79373243.9
RSTI;D;20181228;000000;0.771;0.7813;0.7636;0.7638;90946000;70275781.5
RSTI;D;20181229;000000;0.7698;0.7758;0.764;0.7755;33082000;25512173.5
RSTI;D;20190103;000000;0.7755;0.7961;0.7701;0.7845;72520000;57092321.4
RSTI;D;20190104;000000;0.7817;0.7913;0.7803;0.7852;21958000;17269172.9
RSTI;D;20190108;000000;0.7815;0.7888;0.7735;0.7762;28512000;22206893.9
RSTI;D;20190109;000000;0.7751;0.7941;0.7751;0.7922;93038000;73390861.7
RSTI;D;20190110;000000;0.795;0.805;0.7905;0.8;106224000;84953482.7
RSTI;D;20190111;000000;0.8069;0.809;0.7965;0.8004;89862000;72293465.4
RSTI;D;20190114;000000;0.8004;0.8047;0.7965;0.7999;50948000;40710636.8
RSTI;D;20190115;000000;0.8;0.818;0.7992;0.8065;70398000;56894989
RSTI;D;20190116;000000;0.8089;0.8633;0.8089;0.8448;325940000;273211357.7
RSTI;D;20190117;000000;0.8503;0.8832;0.845;0.8813;360809000;311666543.2
RSTI;D;20190118;000000;0.884;0.9032;0.8621;0.893;401309000;352725130.6
RSTI;D;20190121;000000;0.9019;0.9043;0.884;0.8905;127454000;113873020.2
RSTI;D;20190122;000000;0.89;0.948;0.872;0.94;625751000;574429336.8
RSTI;D;20190123;000000;0.935;0.9823;0.9273;0.9719;2139887000;2067393723.6
RSTI;D;20190124;000000;0.9555;0.9731;0.9454;0.97;1200933000;1160737225.9
RSTI;D;20190125;000000;0.97;0.9865;0.966;0.973;275876000;267935478.3
RSTI;D;20190128;000000;0.973;0.9875;0.97;0.972;145519000;141598244.6
RSTI;D;20190129;000000;0.9702;0.9739;0.965;0.971;162888000;158204737.6
RSTI;D;20190130;000000;0.9712;0.9919;0.9702;0.98;219811000;215497712.2
RSTI;D;20190131;000000;0.9861;0.9927;0.9811;0.9817;169054000;166542056.6
RSTI;D;20190201;000000;0.9811;0.9836;0.9741;0.982;68217000;66842532.6
RSTI;D;20190204;000000;0.9768;0.985;0.9739;0.976;77338000;75598288.8
RSTI;D;20190205;000000;0.976;0.9825;0.97;0.9725;131612000;128165793.5
RSTI;D;20190206;000000;0.9701;0.9773;0.9685;0.975;122615000;119199898.9
RSTI;D;20190207;000000;0.9722;0.9768;0.971;0.972;56848000;55303764.6
RSTI;D;20190208;000000;0.9711;0.974;0.97;0.974;51300000;49822074
RSTI;D;20190211;000000;0.97;0.9812;0.97;0.9771;101862000;99308530.1
RSTI;D;20190212;000000;0.9762;0.984;0.9737;0.981;81999000;80229137.5
RSTI;D;20190213;000000;0.9848;0.9957;0.981;0.9885;212460000;209957357
RSTI;D;20190214;000000;0.99;0.9929;0.975;0.9895;86013000;84641740
RSTI;D;20190215;000000;0.9894;0.9957;0.986;0.99;67578000;66916908
RSTI;D;20190218;000000;0.9957;0.9957;0.9865;0.9905;33516000;33183498.9
RSTI;D;20190219;000000;0.9855;0.9914;0.9833;0.99;46163000;45571808.4
RSTI;D;20190220;000000;0.989;0.9954;0.9818;0.988;73462000;72698991.4
RSTI;D;20190221;000000;0.988;0.9938;0.9855;0.989;39619000;39168027.3
RSTI;D;20190222;000000;0.9833;1.0366;0.9833;1.028;443455000;451709374.1
RSTI;D;20190225;000000;1.0321;1.0417;1.0153;1.017;196639000;201689323.6
RSTI;D;20190226;000000;1.0247;1.0297;1.0131;1.0197;90461000;92435179.2
RSTI;D;20190227;000000;1.023;1.0287;1.0176;1.0209;51182000;52334965.8
RSTI;D;20190228;000000;1.0137;1.0213;0.9836;0.987;131845000;131270574.1
RSTI;D;20190301;000000;0.99;0.998;0.9711;0.9842;93205000;91913664.1
RSTI;D;20190304;000000;0.99;0.9939;0.9852;0.9919;29403000;29150664.1
RSTI;D;20190305;000000;0.987;0.9925;0.97;0.97;97647000;95482213.8
RSTI;D;20190306;000000;0.97;0.9753;0.9639;0.9749;59942000;58180943.4
RSTI;D;20190307;000000;0.9775;0.9826;0.9701;0.9701;43193000;42130842.9
RSTI;D;20190311;000000;0.9743;0.9743;0.97;0.97;31192000;30274395.1
RSTI;D;20190312;000000;0.9701;0.988;0.9701;0.9735;41540000;40599498.5
RSTI;D;20190313;000000;0.9832;0.9864;0.9705;0.9706;25883000;25247455.9
RSTI;D;20190314;000000;0.9721;0.9765;0.97;0.97;22078000;21469397.4
RSTI;D;20190315;000000;0.9725;0.975;0.97;0.9726;56325000;54689795.4
RSTI;D;20190318;000000;0.977;0.9798;0.97;0.97;62648000;60841156.9
RSTI;D;20190319;000000;0.9722;0.9741;0.97;0.97;37097000;36018742.4
RSTI;D;20190320;000000;0.973;0.973;0.97;0.9702;14342000;13924268.5
RSTI;D;20190321;000000;0.9702;0.974;0.97;0.971;22069000;21443262.3
RSTI;D;20190322;000000;0.9701;0.9735;0.97;0.97;42031000;40787318.9
RSTI;D;20190325;000000;0.9717;0.9735;0.97;0.972;49040000;47657703.1
RSTI;D;20190326;000000;0.9737;0.975;0.97;0.9705;27054000;26287335.3
RSTI;D;20190327;000000;0.9727;0.9729;0.97;0.97;21847000;21200148.2
RSTI;D;20190328;000000;0.97;0.973;0.9501;0.97;57988000;56147880
RSTI;D;20190329;000000;0.9701;0.9731;0.9654;0.97;72203000;70078315.1
RSTI;D;20190401;000000;0.97;0.9717;0.97;0.97;42849000;41566666.9
RSTI;D;20190402;000000;0.9703;0.9726;0.97;0.97;17938000;17413145
RSTI;D;20190403;000000;0.9702;0.9985;0.97;0.99;110040000;108170459.6
RSTI;D;20190404;000000;0.986;1.0158;0.9831;1.0047;179127000;179661632.9
RSTI;D;20190405;000000;1.0048;1.0377;1.0016;1.035;208559000;213846346.3
RSTI;D;20190408;000000;1.035;1.0405;1.005;1.005;107100000;109095998.2
RSTI;D;20190409;000000;1.0051;1.0388;1.005;1.03;133695000;137382452.1
RSTI;D;20190410;000000;1.03;1.067;1.03;1.055;251644000;265288434.7
RSTI;D;20190411;000000;1.064;1.0783;1.0462;1.05;211095000;224856446.3
RSTI;D;20190412;000000;1.05;1.0675;1.0312;1.0371;120586000;125407513.1
RSTI;D;20190415;000000;1.0377;1.0521;1.0201;1.0378;63350000;65756485.2
RSTI;D;20190416;000000;1.0399;1.0632;1.0351;1.0501;111489000;117301757
RSTI;D;20190417;000000;1.06;1.0644;1.05;1.052;68013000;71822438.8
RSTI;D;20190418;000000;1.0587;1.0683;1.05;1.0625;112442000;118869901.4
RSTI;D;20190419;000000;1.0601;1.072;1.0601;1.064;28943000;30854421
RSTI;D;20190422;000000;1.063;1.0707;1.0573;1.0617;44443000;47209789.1
RSTI;D;20190423;000000;1.067;1.09;1.0588;1.0899;161810000;174553453.9
RSTI;D;20190424;000000;1.0894;1.1062;1.0842;1.0971;128978000;141612440.7
RSTI;D;20190425;000000;1.094;1.099;1.078;1.0817;78121000;84998720.7
RSTI;D;20190426;000000;1.0816;1.0836;1.068;1.0742;51117000;54924213.6
RSTI;D;20190429;000000;1.0799;1.0933;1.0723;1.0896;64530000;70046038.6
RSTI;D;20190430;000000;1.0905;1.094;1.069;1.069;71754000;77421875.8
RSTI;D;20190502;000000;1.0714;1.086;1.0687;1.0731;29568000;31891848.9
RSTI;D;20190503;000000;1.0799;1.0836;1.076;1.0761;16156000;17439627.5
RSTI;D;20190506;000000;1.0671;1.08;1.0603;1.08;27358000;29358170.1
RSTI;D;20190507;000000;1.08;1.1045;1.0747;1.0942;144502000;158175794.1
RSTI;D;20190508;000000;1.0935;1.1216;1.0912;1.1156;126552000;140407056.1
RSTI;D;20190510;000000;1.1156;1.1179;1.1011;1.1089;39879000;44289206.1
RSTI;D;20190513;000000;1.1069;1.1122;1.097;1.1049;41928000;46311247.3
RSTI;D;20190514;000000;1.1083;1.1146;1.0971;1.1136;85164000;93963588.2
RSTI;D;20190515;000000;1.113;1.1288;1.0853;1.0865;238058000;264047202
RSTI;D;20190516;000000;1.095;1.1221;1.0849;1.12;100581000;111338325.8
RSTI;D;20190517;000000;1.12;1.1899;1.1102;1.178;423411000;493024231
RSTI;D;20190520;000000;1.1745;1.294;1.1661;1.254;808963000;1011389204.5
RSTI;D;20190521;000000;1.254;1.2846;1.2014;1.25;486749000;600925916.6
RSTI;D;20190522;000000;1.2505;1.26;1.2125;1.2238;170075000;209757972.7
RSTI;D;20190523;000000;1.2138;1.258;1.2138;1.2497;226524000;280980323.1
RSTI;D;20190524;000000;1.2535;1.2829;1.226;1.2471;376381000;472216107.7
RSTI;D;20190527;000000;1.2495;1.2799;1.164;1.1988;595517000;730808750.5
RSTI;D;20190528;000000;1.2;1.246;1.18;1.2427;568405000;691824044.6
RSTI;D;20190529;000000;1.2435;1.285;1.24;1.2806;382744000;486162319
RSTI;D;20190530;000000;1.285;1.3;1.2711;1.2849;255017000;327339231.1
RSTI;D;20190531;000000;1.2777;1.2845;1.238;1.2429;266015000;334197439.3
RSTI;D;20190603;000000;1.2404;1.2479;1.2055;1.2153;277126000;339432259.9
RSTI;D;20190604;000000;1.22;1.2465;1.215;1.2342;151130000;185820845.3
RSTI;D;20190605;000000;1.2342;1.2873;1.2288;1.28;260878000;331079003.6
RSTI;D;20190606;000000;1.285;1.3216;1.2816;1.31;446455000;581018317.7
RSTI;D;20190607;000000;1.3151;1.3569;1.3036;1.349;387997000;519809243.8
RSTI;D;20190610;000000;1.36;1.3714;1.3153;1.3311;275771000;369130420.8
RSTI;D;20190611;000000;1.3389;1.3553;1.3227;1.3377;140978000;189032402.9
RSTI;D;20190613;000000;1.344;1.369;1.3266;1.3594;144125000;194725914.9
RSTI;D;20190614;000000;1.3645;1.4317;1.3517;1.4294;490604000;690511018.3
RSTI;D;20190617;000000;1.4349;1.5074;1.37;1.3805;1207180000;1746505960
RSTI;D;20190618;000000;1.3806;1.46;1.3182;1.45;1121924000;1567822301.2
RSTI;D;20190619;000000;1.46;1.4785;1.428;1.46;572213000;832677559.5
RSTI;D;20190620;000000;1.47;1.479;1.43;1.4417;213333000;310457596.5
RSTI;D;20190621;000000;1.44;1.454;1.404;1.4129;252925000;360643009.3
RSTI;D;20190624;000000;1.4395;1.4395;1.3814;1.42;189782000;267994996.8
RSTI;D;20190625;000000;1.4265;1.4299;1.34;1.3463;328156000;450730017.8
RSTI;D;20190626;000000;1.35;1.4038;1.332;1.3802;491377000;673107911
RSTI;D;20190627;000000;1.3805;1.402;1.3766;1.385;147394000;204628629.3
RSTI;D;20190628;000000;1.3877;1.3942;1.37;1.38;125450000;173237976.9
RSTI;D;20190701;000000;1.39;1.4222;1.3815;1.4222;191770000;269097973.4
RSTI;D;20190702;000000;1.42;1.424;1.4022;1.408;90590000;127937641
RSTI;D;20190703;000000;1.413;1.4242;1.401;1.4191;63651000;90048184.4
RSTI;D;20190704;000000;1.42;1.4299;1.3836;1.4;136724000;191498559.9
RSTI;D;20190705;000000;1.382;1.391;1.3501;1.3502;125113000;171238390.4
RSTI;D;20190708;000000;1.349;1.3498;1.2826;1.2933;303787000;396996534.4
RSTI;D;20190709;000000;1.299;1.299;1.2517;1.2788;214384000;271932683.7
RSTI;D;20190710;000000;1.285;1.32;1.282;1.2878;206249000;268381541.2
RSTI;D;20190711;000000;1.2955;1.2995;1.247;1.249;174568000;221394998.2
RSTI;D;20190712;000000;1.2521;1.2588;1.2;1.235;241594000;296840020.3
RSTI;D;20190715;000000;1.2341;1.2597;1.21;1.2319;267436000;329731089
RSTI;D;20190716;000000;1.2285;1.2403;1.1703;1.18;333099000;397028643.4
RSTI;D;20190717;000000;1.1811;1.2119;1.1624;1.1998;243087000;291334551.3
RSTI;D;20190718;000000;1.1973;1.2014;1.1705;1.1948;118371000;139908797.4
RSTI;D;20190719;000000;1.199;1.2154;1.1878;1.2037;121022000;145624522.3
RSTI;D;20190722;000000;1.204;1.241;1.19;1.191;386824000;472105897.9
RSTI;D;20190723;000000;1.193;1.1996;1.172;1.1781;130106000;154083861.7
RSTI;D;20190724;000000;1.188;1.1994;1.1704;1.171;119806000;141939281.3
RSTI;D;20190725;000000;1.1683;1.194;1.1513;1.1839;172932000;203873773.4
RSTI;D;20190726;000000;1.1877;1.1948;1.1765;1.1799;46433000;55020081
RSTI;D;20190729;000000;1.1775;1.207;1.1753;1.207;71423000;85338329.1
RSTI;D;20190730;000000;1.207;1.22;1.1745;1.1826;116880000;139344595.6
RSTI;D;20190731;000000;1.1826;1.2186;1.175;1.1919;339422000;407012175.1
RSTI;D;20190801;000000;1.1779;1.1927;1.176;1.1775;78387000;92583916.1
RSTI;D;20190802;000000;1.1699;1.1889;1.1564;1.177;139057000;163260516.9
RSTI;D;20190805;000000;1.1752;1.1839;1.138;1.1631;115112000;133609477.4
RSTI;D;20190806;000000;1.1585;1.1799;1.1585;1.164;75559000;88269002.7
RSTI;D;20190807;000000;1.164;1.177;1.157;1.1737;110130000;128566992.3
RSTI;D;20190808;000000;1.175;1.182;1.165;1.165;36283000;42520981.5
RSTI;D;20190809;000000;1.1635;1.1666;1.123;1.1232;196995000;224686056.2
RSTI;D;20190812;000000;1.1325;1.1434;1.0832;1.09;320827000;355706212.6
RSTI;D;20190813;000000;1.0846;1.0846;1.0415;1.062;559472000;592067989.4
RSTI;D;20190814;000000;1.0615;1.097;1.0611;1.0801;316211000;342278033.5
RSTI;D;20190815;000000;1.0785;1.086;1.05;1.0613;135146000;144026947.7
RSTI;D;20190816;000000;1.061;1.079;1.06;1.07;62719000;67025054.2
RSTI;D;20190819;000000;1.0669;1.0734;1.052;1.0625;91774000;97148872.1
RSTI;D;20190820;000000;1.0606;1.0844;1.0606;1.0719;60413000;64949775.1
RSTI;D;20190821;000000;1.0701;1.1165;1.0701;1.1136;173344000;190954860
RSTI;D;20190822;000000;1.1072;1.1456;1.107;1.1399;218651000;246944757.5
RSTI;D;20190823;000000;1.1352;1.1515;1.1081;1.1088;127230000;143406899.1
RSTI;D;20190826;000000;1.1051;1.1268;1.0914;1.1164;98452000;109657230.8
RSTI;D;20190827;000000;1.1139;1.135;1.1139;1.1144;36924000;41462006.4
RSTI;D;20190828;000000;1.1155;1.1399;1.1155;1.1375;63235000;71726172.7
RSTI;D;20190829;000000;1.1395;1.1735;1.136;1.158;264237000;305377854.8
RSTI;D;20190830;000000;1.156;1.1743;1.153;1.1728;96752000;112913588.2
RSTI;D;20190902;000000;1.1699;1.205;1.166;1.1933;132017000;157425102.5
RSTI;D;20190903;000000;1.1933;1.1966;1.1585;1.184;117937000;138263211.8
RSTI;D;20190904;000000;1.1815;1.1919;1.1551;1.19;107414000;126597734.3
RSTI;D;20190905;000000;1.192;1.227;1.19;1.193;224407000;270760815.5
RSTI;D;20190906;000000;1.1971;1.2106;1.1733;1.199;172759000;206138003.5
RSTI;D;20190909;000000;1.2;1.2184;1.1992;1.2123;126428000;152996691.1
RSTI;D;20190910;000000;1.214;1.214;1.2011;1.2086;36087000;43588230.9
RSTI;D;20190911;000000;1.1991;1.2329;1.1991;1.2329;110278000;134999283.2
RSTI;D;20190912;000000;1.2319;1.2638;1.2319;1.26;242305000;302704537.9
RSTI;D;20190913;000000;1.2602;1.292;1.2589;1.2913;280742000;359104265.8
RSTI;D;20190916;000000;1.2977;1.299;1.2558;1.26;136229000;173405767.9
RSTI;D;20190917;000000;1.2624;1.27;1.2167;1.2425;220275000;273947494.3
RSTI;D;20190918;000000;1.2425;1.282;1.2412;1.2563;233244000;295371657.3
RSTI;D;20190919;000000;1.2688;1.2741;1.2457;1.2521;132006000;166422897.5
RSTI;D;20190920;000000;1.266;1.2737;1.2401;1.2401;180951000;227482653.5
RSTI;D;20190923;000000;1.24;1.2546;1.2202;1.2301;140749000;173974562.3
RSTI;D;20190924;000000;1.2294;1.24;1.187;1.1918;136188000;165696026.2
RSTI;D;20190925;000000;1.1915;1.1915;1.1631;1.19;223945000;263803668.4
RSTI;D;20190926;000000;1.19;1.2421;1.1834;1.2258;296818000;361300256.7
RSTI;D;20190927;000000;1.233;1.2399;1.2057;1.2101;308923000;376705985.5
RSTI;D;20190930;000000;1.21;1.2376;1.198;1.2349;218315000;266242174.4
RSTI;D;20191001;000000;1.2317;1.2687;1.1853;1.197;597186000;730706038.7
RSTI;D;20191002;000000;1.2;1.209;1.1511;1.157;465706000;546310379.1
RSTI;D;20191003;000000;1.1614;1.19;1.1239;1.19;426837000;493224334.9
RSTI;D;20191004;000000;1.1911;1.1965;1.173;1.1831;104830000;123946419.9
RSTI;D;20191007;000000;1.1844;1.1931;1.148;1.187;83447000;98558220.3
RSTI;D;20191008;000000;1.1876;1.1893;1.1708;1.1835;77295000;91397232.4
RSTI;D;20191009;000000;1.182;1.2009;1.1753;1.1845;98471000;117106241
RSTI;D;20191010;000000;1.1855;1.195;1.178;1.1871;41457000;49213063.7
RSTI;D;20191011;000000;1.1826;1.1974;1.167;1.176;156669000;184981477
RSTI;D;20191014;000000;1.1712;1.1835;1.1712;1.173;48332000;56909150.3
RSTI;D;20191015;000000;1.1718;1.1774;1.1613;1.1691;65888000;76933844.1
RSTI;D;20191016;000000;1.17;1.181;1.1664;1.171;58807000;68926658.1
RSTI;D;20191017;000000;1.171;1.1947;1.1688;1.1947;106241000;125947687
RSTI;D;20191018;000000;1.1945;1.2005;1.1831;1.1943;124805000;149098414.8
RSTI;D;20191021;000000;1.1968;1.2009;1.1885;1.191;76065000;90885153.9
RSTI;D;20191022;000000;1.192;1.2017;1.1851;1.2017;77847000;93127468.5
RSTI;D;20191023;000000;1.1995;1.2023;1.17;1.1721;180952000;213925407.3
RSTI;D;20191024;000000;1.18;1.1905;1.168;1.1811;155971000;184271783.5
RSTI;D;20191025;000000;1.188;1.2018;1.1722;1.186;225940000;269597071.5
RSTI;D;20191028;000000;1.186;1.1974;1.1781;1.1797;91975000;109184268.3
RSTI;D;20191029;000000;1.18;1.193;1.1752;1.189;127765000;151565620.2
RSTI;D;20191030;000000;1.1859;1.193;1.1817;1.193;105090000;124966794.4
RSTI;D;20191031;000000;1.195;1.1985;1.1819;1.1935;119327000;142158737.1
RSTI;D;20191101;000000;1.195;1.195;1.167;1.178;212168000;250082835.5
RSTI;D;20191105;000000;1.18;1.19;1.1737;1.178;219684000;258889696.4
RSTI;D;20191106;000000;1.191;1.2385;1.177;1.2132;1035045000;1255572271.7
RSTI;D;20191107;000000;1.209;1.225;1.2;1.2115;350914000;426405517.2
RSTI;D;20191108;000000;1.212;1.218;1.184;1.186;195849000;234233439.3
RSTI;D;20191111;000000;1.187;1.203;1.175;1.185;195129000;231844201.8
RSTI;D;20191112;000000;1.19;1.1998;1.1717;1.18;210214000;248630280.6
RSTI;D;20191113;000000;1.174;1.1848;1.1674;1.1763;121461000;142961352.7
RSTI;D;20191114;000000;1.1751;1.1808;1.161;1.1654;112735000;131717931.6
RSTI;D;20191115;000000;1.1605;1.1758;1.1605;1.175;57565000;67205612.8
RSTI;D;20191118;000000;1.1757;1.1838;1.1686;1.1686;72025000;84640917.3
RSTI;D;20191119;000000;1.1687;1.198;1.168;1.1942;158667000;188399591.2
RSTI;D;20191120;000000;1.182;1.1941;1.1791;1.18;105134000;124531715.6
RSTI;D;20191121;000000;1.1794;1.1841;1.17;1.171;53216000;62522518.1
RSTI;D;20191122;000000;1.1711;1.1826;1.1708;1.1825;52070000;61320881.2
RSTI;D;20191125;000000;1.187;1.2143;1.186;1.2082;366864000;441779421.5
RSTI;D;20191126;000000;1.2086;1.216;1.1877;1.1907;112359000;134783178.8
RSTI;D;20191127;000000;1.1957;1.2038;1.174;1.1842;137373000;162980216.5
RSTI;D;20191128;000000;1.185;1.1908;1.1744;1.1849;68954000;81450333
RSTI;D;20191129;000000;1.176;1.191;1.173;1.191;70555000;83470001.2
RSTI;D;20191202;000000;1.1938;1.1996;1.185;1.1996;114281000;136371720.1
RSTI;D;20191203;000000;1.1985;1.1995;1.1673;1.172;207748000;245256677.7
RSTI;D;20191204;000000;1.1798;1.1798;1.1652;1.17;92295000;108082670.9
RSTI;D;20191205;000000;1.1702;1.1764;1.1679;1.1707;62521000;73227169.9
RSTI;D;20191206;000000;1.1785;1.185;1.1708;1.1844;55509000;65453352.5
RSTI;D;20191209;000000;1.187;1.1949;1.1868;1.1943;75238000;89676457.2
RSTI;D;20191210;000000;1.1905;1.252;1.1834;1.25;486818000;595732715.9
RSTI;D;20191211;000000;1.2525;1.2978;1.251;1.2949;742979000;950645766
RSTI;D;20191212;000000;1.3055;1.3245;1.2822;1.2944;330939000;428934798.2
RSTI;D;20191213;000000;1.295;1.3061;1.2786;1.295;204687000;263892961.6
RSTI;D;20191216;000000;1.2888;1.2998;1.2888;1.29;66622000;86134384.4
RSTI;D;20191217;000000;1.29;1.3459;1.2891;1.339;383939000;505491640.6
RSTI;D;20191218;000000;1.35;1.3996;1.328;1.3771;543045000;742919319.4
RSTI;D;20191219;000000;1.3846;1.3998;1.3513;1.3705;414848000;568305035.4
RSTI;D;20191220;000000;1.37;1.3894;1.33;1.3676;338554000;459169799.9
RSTI;D;20191223;000000;1.36;1.3854;1.3566;1.3668;107282000;146764756.5
RSTI;D;20191224;000000;1.372;1.4056;1.3604;1.4;183476000;254154458
RSTI;D;20191225;000000;1.4;1.4298;1.4;1.4057;178089000;252081424.7
RSTI;D;20191226;000000;1.409;1.4098;1.3666;1.3681;153943000;212858778.7
RSTI;D;20191227;000000;1.368;1.4097;1.36;1.3942;318122000;441622388.3
RSTI;D;20191230;000000;1.4001;1.4127;1.3737;1.3839;262713000;365211918.2
RSTI;D;20200103;000000;1.3909;1.4179;1.375;1.4156;159043000;222960951.9
RSTI;D;20200106;000000;1.415;1.4288;1.3977;1.4167;126975000;180040044.8
RSTI;D;20200108;000000;1.4006;1.443;1.3879;1.4326;255112000;363499217.6
RSTI;D;20200109;000000;1.4328;1.4956;1.421;1.4795;265035000;387616170.9
RSTI;D;20200110;000000;1.485;1.52;1.4702;1.509;301813000;453027499
RSTI;D;20200113;000000;1.5138;1.5288;1.4962;1.5016;214690000;325179314.2
RSTI;D;20200114;000000;1.5025;1.5144;1.4423;1.4828;503824000;745308562.6
RSTI;D;20200115;000000;1.4808;1.49;1.44;1.4638;288806000;421449575.8
RSTI;D;20200116;000000;1.4667;1.52;1.4661;1.52;275350000;410300412.8
RSTI;D;20200117;000000;1.52;1.6;1.5174;1.5799;666885000;1045971601.9
RSTI;D;20200120;000000;1.581;1.6131;1.55;1.5559;298054000;468949502.4
RSTI;D;20200121;000000;1.5559;1.5775;1.5313;1.5415;185740000;288337655.3
RSTI;D;20200122;000000;1.546;1.605;1.546;1.5972;403303000;640017154.5
RSTI;D;20200123;000000;1.5842;1.5988;1.556;1.5771;240953000;380278162.8
RSTI;D;20200124;000000;1.5909;1.65;1.5875;1.65;578627000;940033691.5
RSTI;D;20200127;000000;1.63;1.6492;1.56;1.6071;406167000;650110963
RSTI;D;20200128;000000;1.61;1.6469;1.5914;1.6403;229344000;372977868.4
RSTI;D;20200129;000000;1.655;1.6742;1.643;1.643;279734000;464113380.4
RSTI;D;20200130;000000;1.6303;1.69;1.6211;1.68;441043000;736137949.6
RSTI;D;20200131;000000;1.6953;1.699;1.592;1.6018;516070000;848315071.7
RSTI;D;20200203;000000;1.5919;1.6429;1.575;1.6278;329495000;531977111.6
RSTI;D;20200204;000000;1.633;1.6578;1.619;1.635;266268000;436252975.2
RSTI;D;20200205;000000;1.6449;1.668;1.635;1.6454;206400000;341824101.5
RSTI;D;20200206;000000;1.665;1.6674;1.5912;1.6125;313817000;507824071.8
RSTI;D;20200207;000000;1.614;1.6298;1.5606;1.6049;322641000;514765370.1
RSTI;D;20200210;000000;1.6116;1.642;1.576;1.593;217534000;348525789.2
RSTI;D;20200211;000000;1.594;1.624;1.5908;1.6237;150590000;242916623.9
RSTI;D;20200212;000000;1.624;1.6782;1.624;1.675;306905000;508087508.9
RSTI;D;20200213;000000;1.675;1.6885;1.6516;1.669;205365000;343219029.3
RSTI;D;20200214;000000;1.6799;1.6934;1.6369;1.672;237476000;396550036.3
RSTI;D;20200217;000000;1.682;1.7072;1.6722;1.688;219257000;370954514
RSTI;D;20200218;000000;1.6824;1.6874;1.6343;1.6402;190317000;315082166.2
RSTI;D;20200219;000000;1.6538;1.6831;1.6401;1.6831;126141000;209603368.4
RSTI;D;20200220;000000;1.677;1.6975;1.645;1.6489;176585000;294595404.5
RSTI;D;20200221;000000;1.6469;1.6758;1.6208;1.675;145151000;240290554.1
RSTI;D;20200225;000000;1.65;1.7595;1.6059;1.6087;854563000;1444386160.2
RSTI;D;20200226;000000;1.6011;1.6344;1.5562;1.63;411923000;659536940.8
RSTI;D;20200227;000000;1.602;1.618;1.5215;1.5231;408199000;638131172.5
RSTI;D;20200228;000000;1.42;1.5447;1.4117;1.4489;630663000;932979808.7
RSTI;D;20200302;000000;1.4906;1.5454;1.4236;1.461;490233000;727454223.2
RSTI;D;20200303;000000;1.5284;1.532;1.4837;1.5161;267628000;403510979.7
RSTI;D;20200304;000000;1.501;1.5143;1.4712;1.4764;244542000;365272736
RSTI;D;20200305;000000;1.5;1.5084;1.4319;1.45;327958000;480032757.7
RSTI;D;20200306;000000;1.4342;1.4736;1.3455;1.3798;478689000;663107972.5
RSTI;D;20200310;000000;1.261;1.3381;1.2047;1.2186;675379000;858765482
RSTI;D;20200311;000000;1.2479;1.265;1.15;1.1626;446222000;540991784.8
RSTI;D;20200312;000000;1.11;1.13;1.0051;1.02;856236000;896830078.1
RSTI;D;20200313;000000;1.0151;1.078;1.005;1.0289;669104000;696838353.2
RSTI;D;20200316;000000;0.9776;1.0349;0.95;1.0109;561761000;554028860.1
RSTI;D;20200317;000000;0.996;1.0454;0.9555;0.9744;458895000;452957186.3
RSTI;D;20200318;000000;0.955;0.9645;0.8826;0.8884;598157000;547294681.9
RSTI;D;20200319;000000;0.8857;0.9287;0.8672;0.9206;469919000;426016443.4
RSTI;D;20200320;000000;0.9476;1.0558;0.939;1.032;1046139000;1054399146.9
RSTI;D;20200323;000000;1;1.0655;0.9743;1.0401;676932000;695540181.1
RSTI;D;20200324;000000;1.092;1.231;1.0769;1.218;912429000;1046516688.4
RSTI;D;20200325;000000;1.238;1.3029;1.1145;1.1772;1404637000;1686390544.1
RSTI;D;20200326;000000;1.1595;1.1998;1.1301;1.174;431995000;504478843.1
RSTI;D;20200327;000000;1.175;1.2479;1.142;1.1525;1124975000;1329172250.5
RSTI;D;20200330;000000;1.15;1.168;1.1211;1.1522;351279000;402815614.8
RSTI;D;20200331;000000;1.1752;1.19;1.153;1.1792;358181000;420631363.3
RSTI;D;20200401;000000;1.14;1.1756;1.1381;1.167;319793000;371983423.2
RSTI;D;20200402;000000;1.185;1.213;1.1681;1.2;532494000;632901252.4
RSTI;D;20200403;000000;1.2;1.2188;1.1891;1.1997;322175000;387213297.1
RSTI;D;20200406;000000;1.2145;1.2896;1.2006;1.2896;497614000;621920808.3
RSTI;D;20200407;000000;1.3001;1.3482;1.155;1.2405;1244700000;1574520265.3
RSTI;D;20200408;000000;1.242;1.3022;1.226;1.2989;492188000;627697777.2
RSTI;D;20200409;000000;1.3154;1.3588;1.3033;1.3391;486260000;648036711.6
RSTI;D;20200410;000000;1.3212;1.378;1.318;1.347;605700000;820801541.8
RSTI;D;20200413;000000;1.3549;1.3716;1.291;1.305;339228000;451469917.8
RSTI;D;20200414;000000;1.3299;1.3498;1.308;1.3319;384366000;512776520.9
RSTI;D;20200415;000000;1.3155;1.3299;1.2512;1.2562;497419000;636634498.2
RSTI;D;20200416;000000;1.2682;1.295;1.2227;1.2587;389624000;493412685.5
RSTI;D;20200417;000000;1.2905;1.2911;1.2507;1.2661;299291000;378757660.6
RSTI;D;20200420;000000;1.26;1.276;1.2266;1.2355;261643000;326638558.8
RSTI;D;20200421;000000;1.221;1.2238;1.19;1.2095;390408000;471516112.6
RSTI;D;20200422;000000;1.21;1.261;1.2013;1.2286;443182000;547186224.6
RSTI;D;20200423;000000;1.2505;1.2572;1.227;1.243;331818000;413225766.1
RSTI;D;20200424;000000;1.2399;1.2737;1.2227;1.2257;328401000;409837074.3
RSTI;D;20200427;000000;1.2303;1.26;1.2273;1.257;178282000;222467422.3
RSTI;D;20200428;000000;1.252;1.3107;1.252;1.2711;341320000;438467465.3
RSTI;D;20200429;000000;1.29;1.3113;1.2775;1.304;285387000;371419220.8
RSTI;D;20200430;000000;1.315;1.323;1.263;1.283;471143000;606474002.8
RSTI;D;20200504;000000;1.268;1.2963;1.252;1.2867;188723000;240194686.5
RSTI;D;20200505;000000;1.3;1.3088;1.2812;1.288;158646000;205103298
RSTI;D;20200506;000000;1.3065;1.3404;1.289;1.29;586179000;771750561.7
RSTI;D;20200507;000000;1.2978;1.313;1.2851;1.288;253137000;328250263.4
RSTI;D;20200508;000000;1.3;1.31;1.2758;1.29;278298000;359746438
RSTI;D;20200512;000000;1.2975;1.323;1.2873;1.3076;205598000;269107469.2
RSTI;D;20200513;000000;1.3023;1.3159;1.2752;1.305;206135000;267473656.7
RSTI;D;20200514;000000;1.295;1.3218;1.291;1.3002;172604000;225148652.7
RSTI;D;20200515;000000;1.2951;1.3118;1.2829;1.287;174618000;226214599.7
RSTI;D;20200518;000000;1.305;1.3157;1.2941;1.3125;313860000;410470178.8
RSTI;D;20200519;000000;1.316;1.3295;1.3073;1.3161;344329000;454235871.3
RSTI;D;20200520;000000;1.3233;1.3948;1.3216;1.3887;773844000;1061291594.5
RSTI;D;20200521;000000;1.381;1.4362;1.3711;1.3979;632498000;889543460.1
RSTI;D;20200522;000000;1.373;1.449;1.373;1.4485;364673000;516959709.6
RSTI;D;20200525;000000;1.4535;1.5292;1.4534;1.5292;678629000;1017445063.5
RSTI;D;20200526;000000;1.5446;1.6098;1.5403;1.609;1022712000;1616451008
RSTI;D;20200527;000000;1.61;1.649;1.5505;1.5765;1251557000;2006961149
RSTI;D;20200528;000000;1.5909;1.608;1.556;1.5812;409883000;648056741.6
RSTI;D;20200529;000000;1.5654;1.6635;1.5635;1.653;579970000;936831725.9
RSTI;D;20200601;000000;1.6609;1.7368;1.6542;1.735;629625000;1063515067.3
RSTI;D;20200602;000000;1.7454;1.7627;1.6932;1.716;773947000;1333460115.5
RSTI;D;20200603;000000;1.735;1.735;1.646;1.6497;740492000;1241531428
RSTI;D;20200604;000000;1.64;1.6465;1.5656;1.6;734870000;1177370901
RSTI;D;20200605;000000;1.612;1.657;1.5926;1.611;483387000;785399365.3
RSTI;D;20200608;000000;1.62;1.6426;1.57;1.5763;490203000;781330723.8
RSTI;D;20200609;000000;1.579;1.5878;1.5402;1.55;439757000;683057425.1
RSTI;D;20200610;000000;1.5615;1.5758;1.5337;1.5641;597542000;932665337.1
RSTI;D;20200611;000000;1.486;1.4917;1.4364;1.4616;708394000;1038987216.1
RSTI;D;20200615;000000;1.426;1.5571;1.426;1.5571;814152000;1226534733
RSTI;D;20200616;000000;1.564;1.598;1.5221;1.5552;936964000;1467608557
RSTI;D;20200617;000000;1.5574;1.594;1.5255;1.5617;396237000;616891756.9
RSTI;D;20200618;000000;1.5555;1.5659;1.5125;1.549;428278000;655365000
RSTI;D;20200619;000000;1.56;1.5686;1.512;1.512;209404000;321023583.7
RSTI;D;20200622;000000;1.5153;1.5448;1.4949;1.5316;225684000;343780704.8
RSTI;D;20200623;000000;1.5373;1.5883;1.53;1.5543;428507000;670077344.7
RSTI;D;20200625;000000;1.53;1.5429;1.51;1.5269;340884000;519653631.7
RSTI;D;20200626;000000;1.54;1.544;1.505;1.505;210223000;320280691.5
RSTI;D;20200629;000000;1.51;1.5373;1.508;1.5289;182787000;278083967.1
RSTI;D;20200630;000000;1.5196;1.531;1.4917;1.4935;308839000;465143227
RSTI;D;20200702;000000;1.4935;1.5523;1.4935;1.5403;383375000;588718644.2
RSTI;D;20200703;000000;1.5451;1.5567;1.528;1.549;158357000;244393029.5
RSTI;D;20200706;000000;1.565;1.574;1.535;1.5444;161380000;251469765.7
RSTI;D;20200707;000000;1.522;1.5644;1.513;1.5215;187965000;287679206.2
RSTI;D;20200708;000000;1.5284;1.5525;1.5227;1.5448;137948000;212667475.6
RSTI;D;20200709;000000;1.5627;1.5637;1.528;1.5443;176302000;272481776.4
RSTI;D;20200710;000000;1.5318;1.55;1.525;1.5342;69059000;106052261
RSTI;D;20200713;000000;1.5469;1.5601;1.5323;1.554;94381000;146042356.9
RSTI;D;20200714;000000;1.5499;1.5499;1.5044;1.512;257193000;390561143.4
RSTI;D;20200715;000000;1.5319;1.5319;1.5002;1.5049;185899000;281160978.6
RSTI;D;20200716;000000;1.5045;1.5187;1.5022;1.5098;75094000;113372375.6
RSTI;D;20200717;000000;1.5149;1.5284;1.508;1.5135;132653000;201630112
RSTI;D;20200720;000000;1.525;1.563;1.5151;1.5542;301559000;465816227
RSTI;D;20200721;000000;1.5626;1.6388;1.5626;1.6388;923110000;1490366834.3
RSTI;D;20200722;000000;1.6388;1.6549;1.5961;1.61;469955000;759246607.1
RSTI;D;20200723;000000;1.6238;1.6247;1.5991;1.6019;163529000;263413553.9
RSTI;D;20200724;000000;1.6011;1.6215;1.5601;1.6065;204166000;326612724.3
RSTI;D;20200727;000000;1.6124;1.6393;1.6024;1.6024;158765000;257373967.7
RSTI;D;20200728;000000;1.6115;1.619;1.586;1.5886;115086000;184032943
RSTI;D;20200729;000000;1.59;1.6278;1.5852;1.6112;209158000;337098109.7
RSTI;D;20200730;000000;1.6116;1.6237;1.5602;1.5602;334534000;528531895.8
RSTI;D;20200731;000000;1.57;1.592;1.5632;1.592;225891000;356711277.6
RSTI;D;20200803;000000;1.5868;1.6498;1.5868;1.6336;415342000;675591286.8
RSTI;D;20200804;000000;1.6338;1.6464;1.6113;1.62;132328000;215088906.1
RSTI;D;20200805;000000;1.6202;1.6398;1.6006;1.6175;177603000;287228427
RSTI;D;20200806;000000;1.618;1.623;1.5851;1.5992;152350000;244414915.8
RSTI;D;20200807;000000;1.601;1.6027;1.567;1.585;161827000;256285200.6
RSTI;D;20200810;000000;1.5852;1.6034;1.5777;1.5858;108867000;173549218.9
RSTI;D;20200811;000000;1.5897;1.6;1.5808;1.5937;102365000;162966249.5
RSTI;D;20200812;000000;1.593;1.6022;1.583;1.5935;103840000;165633747.5
RSTI;D;20200813;000000;1.5961;1.618;1.593;1.603;208220000;333666956.9
RSTI;D;20200814;000000;1.605;1.623;1.5767;1.5915;157216000;251058170.5
RSTI;D;20200817;000000;1.604;1.604;1.5704;1.5782;167885000;265521118.9
RSTI;D;20200818;000000;1.5782;1.5885;1.563;1.5727;101641000;160169335.8
RSTI;D;20200819;000000;1.569;1.5913;1.5622;1.591;88698000;140242477.3
RSTI;D;20200820;000000;1.59;1.59;1.528;1.53;311229000;485741371.8
RSTI;D;20200821;000000;1.5463;1.5489;1.5053;1.5199;184017000;280505179.1
RSTI;D;20200824;000000;1.5301;1.547;1.5163;1.5224;119079000;182382222.7
RSTI;D;20200825;000000;1.5353;1.5368;1.5062;1.5095;114324000;173538009.5
RSTI;D;20200826;000000;1.51;1.5229;1.4862;1.5093;199538000;299679605
RSTI;D;20200827;000000;1.5164;1.544;1.5025;1.514;220200000;335586993
RSTI;D;20200828;000000;1.522;1.522;1.4759;1.4844;173807000;259525660.8
RSTI;D;20200831;000000;1.4932;1.497;1.441;1.4525;308355000;451593657.1
RSTI;D;20200901;000000;1.457;1.4869;1.447;1.4845;140256000;206518112.5
RSTI;D;20200902;000000;1.49;1.5034;1.4478;1.4701;266362000;393186740.9
RSTI;D;20200903;000000;1.4707;1.4847;1.4464;1.4588;143645000;210042350.9
RSTI;D;20200904;000000;1.4559;1.4692;1.4333;1.4436;130802000;189762750.7
RSTI;D;20200907;000000;1.4436;1.4637;1.4386;1.457;85372000;124097992.7
RSTI;D;20200908;000000;1.465;1.4668;1.413;1.448;172872000;248165102.8
RSTI;D;20200909;000000;1.4351;1.4518;1.4158;1.4518;135978000;194577829.2
RSTI;D;20200910;000000;1.452;1.453;1.4227;1.4483;127908000;183769636.9
RSTI;D;20200911;000000;1.44;1.4847;1.4335;1.481;204899000;300599649.6
RSTI;D;20200914;000000;1.4886;1.5023;1.4702;1.4716;162354000;241035098.3
RSTI;D;20200915;000000;1.4758;1.4951;1.4714;1.4802;142710000;212019950.9
RSTI;D;20200916;000000;1.4846;1.5018;1.4542;1.462;222377000;329030453.8
RSTI;D;20200917;000000;1.4505;1.5268;1.4463;1.5268;472802000;711286621.4
RSTI;D;20200918;000000;1.5319;1.5437;1.5101;1.5371;286190000;437809377.8
RSTI;D;20200921;000000;1.5371;1.584;1.4751;1.492;577518000;884339744.9
RSTI;D;20200922;000000;1.484;1.516;1.482;1.4993;200879000;301686687.5
RSTI;D;20200923;000000;1.5;1.505;1.457;1.4743;202633000;301696388.2
RSTI;D;20200924;000000;1.476;1.5006;1.4591;1.4941;115500000;171219100.1
RSTI;D;20200925;000000;1.4941;1.5088;1.4434;1.4679;228285000;335187707.1
RSTI;D;20200928;000000;1.4775;1.4925;1.4671;1.488;97120000;143967763.6
RSTI;D;20200929;000000;1.48;1.4985;1.452;1.472;292043000;428199897.1
RSTI;D;20200930;000000;1.4727;1.4868;1.4617;1.4785;104410000;154093927.1
RSTI;D;20201001;000000;1.4821;1.4821;1.4336;1.4487;198679000;288260528
RSTI;D;20201002;000000;1.4389;1.4585;1.425;1.453;129248000;186177082.9
RSTI;D;20201005;000000;1.458;1.4717;1.4401;1.4688;131457000;191513754.3
RSTI;D;20201006;000000;1.47;1.4842;1.45;1.4515;110333000;162112616.6
RSTI;D;20201007;000000;1.4599;1.4599;1.42;1.4348;170070000;244070501.9
RSTI;D;20201008;000000;1.4348;1.439;1.4205;1.4313;112541000;161042149.3
RSTI;D;20201009;000000;1.4298;1.4316;1.4105;1.4196;112148000;159139001.3
RSTI;D;20201012;000000;1.4158;1.439;1.4143;1.4295;104332000;149019062
RSTI;D;20201013;000000;1.4257;1.433;1.3956;1.4061;133973000;189103718.9
RSTI;D;20201014;000000;1.4;1.4344;1.3867;1.4279;135916000;193572626.3
RSTI;D;20201015;000000;1.4312;1.4312;1.398;1.4038;83081000;117099606.9
RSTI;D;20201016;000000;1.4034;1.4079;1.378;1.3939;112661000;156435697.7
RSTI;D;20201019;000000;1.3856;1.394;1.3581;1.3643;157604000;216249590.4
RSTI;D;20201020;000000;1.37;1.4097;1.351;1.3932;143478000;198846657.5
RSTI;D;20201021;000000;1.389;1.404;1.3666;1.382;99387000;137337869
RSTI;D;20201022;000000;1.384;1.4289;1.3741;1.4255;113609000;159737862.4
RSTI;D;20201023;000000;1.431;1.5063;1.4234;1.5048;701066000;1038405533.8
RSTI;D;20201026;000000;1.5019;1.5024;1.465;1.4748;319529000;474118342.1
RSTI;D;20201027;000000;1.477;1.4907;1.431;1.4515;315165000;457408347.5
RSTI;D;20201028;000000;1.45;1.45;1.3711;1.3795;287803000;404640790.3
RSTI;D;20201029;000000;1.3815;1.4487;1.3599;1.43;395259000;557033256.5
RSTI;D;20201030;000000;1.424;1.4589;1.3972;1.4452;337547000;483259941.3
RSTI;D;20201102;000000;1.4351;1.4989;1.4218;1.492;298074000;438975216.7
RSTI;D;20201103;000000;1.4988;1.5054;1.4766;1.4867;210442000;313580588
RSTI;D;20201105;000000;1.5005;1.5343;1.4867;1.532;344527000;521984668.4
RSTI;D;20201106;000000;1.5275;1.5722;1.511;1.5625;353459000;544935775.3
RSTI;D;20201109;000000;1.575;1.6177;1.5638;1.5915;472605000;755961489.4
RSTI;D;20201110;000000;1.58;1.6156;1.5717;1.605;299297000;480246546.8
RSTI;D;20201111;000000;1.6065;1.694;1.6033;1.6715;705865000;1168037583.3
RSTI;D;20201112;000000;1.67;1.67;1.6275;1.6558;300028000;496354911.7
RSTI;D;20201113;000000;1.655;1.672;1.636;1.6619;198670000;329219744.2
RSTI;D;20201116;000000;1.67;1.6995;1.67;1.6901;249980000;422086661.1
RSTI;D;20201117;000000;1.69;1.6965;1.6621;1.6731;254380000;427356190.1
RSTI;D;20201118;000000;1.6702;1.6893;1.668;1.685;176624000;296725028.3
RSTI;D;20201119;000000;1.684;1.6879;1.6645;1.6755;145251000;243360554.3
RSTI;D;20201120;000000;1.6755;1.7079;1.67;1.7;206570000;349170395.2
RSTI;D;20201123;000000;1.7051;1.7298;1.7;1.7265;252363000;432865902.6
RSTI;D;20201124;000000;1.73;1.7367;1.688;1.7124;219632000;375100584.9
RSTI;D;20201125;000000;1.719;1.7301;1.675;1.7093;266826000;453699908.5
RSTI;D;20201126;000000;1.7;1.7456;1.6925;1.73;155235000;267351389.5
RSTI;D;20201127;000000;1.7428;1.7439;1.7109;1.726;110376000;190804995.4
RSTI;D;20201130;000000;1.7122;1.7214;1.6781;1.6934;159155000;270257521.3
RSTI;D;20201201;000000;1.6883;1.723;1.6867;1.7173;179457000;307188624.2
RSTI;D;20201202;000000;1.7159;1.725;1.7004;1.7128;86803000;148884006.1
RSTI;D;20201203;000000;1.72;1.723;1.6923;1.6937;132143000;225220958.4
RSTI;D;20201204;000000;1.6988;1.72;1.685;1.7081;142617000;242190662
RSTI;D;20201207;000000;1.708;1.723;1.6866;1.708;111933000;190012826.2
RSTI;D;20201208;000000;1.7015;1.715;1.6916;1.7;162044000;276347524.1
RSTI;D;20201209;000000;1.6915;1.714;1.6815;1.6891;132259000;224715355.9
RSTI;D;20201210;000000;1.685;1.715;1.665;1.6819;222076000;373147275.2
RSTI;D;20201211;000000;1.68;1.6843;1.6415;1.6626;295457000;489703157.9
RSTI;D;20201214;000000;1.6657;1.7017;1.642;1.662;229361000;383267950
RSTI;D;20201215;000000;1.6643;1.6838;1.6533;1.6763;136997000;229344322.9
RSTI;D;20201216;000000;1.6671;1.7222;1.6516;1.7118;240062000;406128283.8
RSTI;D;20201217;000000;1.715;1.737;1.7005;1.736;281972000;483948285.9
RSTI;D;20201218;000000;1.7277;1.7285;1.7025;1.7052;148497000;254566095.8
RSTI;D;20201221;000000;1.6969;1.7398;1.666;1.7;260756000;442360174.4
RSTI;D;20201222;000000;1.72;1.72;1.6845;1.7039;140082000;238274628.7
RSTI;D;20201223;000000;1.712;1.738;1.6951;1.7319;180416000;310539724.6
RSTI;D;20201224;000000;1.7329;1.74;1.6971;1.7135;125230000;214425210
RSTI;D;20201225;000000;1.72;1.7253;1.7;1.7125;31062000;53217451.8
RSTI;D;20201228;000000;1.715;1.8237;1.713;1.8192;791607000;1407512653.4
RSTI;D;20201229;000000;1.81;1.8358;1.7577;1.781;319524000;575140659.2
RSTI;D;20201230;000000;1.7828;1.7905;1.75;1.7702;258434000;457188346.8
RSTI;D;20210104;000000;1.7752;1.7988;1.7569;1.7735;225055000;400436146.7
RSTI;D;20210105;000000;1.765;1.775;1.7535;1.775;197626000;348771332.4
RSTI;D;20210106;000000;1.7753;1.78;1.7535;1.7635;82390000;145608371.9
RSTI;D;20210108;000000;1.7711;1.785;1.7563;1.7733;151206000;267797792.2
RSTI;D;20210111;000000;1.7694;1.7866;1.7544;1.7661;282194000;500374756.4
RSTI;D;20210112;000000;1.775;1.775;1.7379;1.7458;299750000;524982017.2
RSTI;D;20210113;000000;1.74;1.755;1.7177;1.7331;244702000;423819049.6
RSTI;D;20210114;000000;1.7385;1.7385;1.7089;1.722;174255000;299792362
RSTI;D;20210115;000000;1.7196;1.7196;1.7;1.7044;187837000;321097909.9
RSTI;D;20210118;000000;1.7006;1.7403;1.7;1.724;141712000;244021909.5
RSTI;D;20210119;000000;1.7377;1.7564;1.6882;1.7073;313532000;538247794.2
RSTI;D;20210120;000000;1.708;1.715;1.6928;1.707;153734000;262365430.9
RSTI;D;20210121;000000;1.7054;1.7119;1.6606;1.669;176115000;295392164.1
RSTI;D;20210122;000000;1.664;1.6671;1.642;1.6668;175085000;289690940.1
RSTI;D;20210125;000000;1.6555;1.6983;1.6464;1.698;276783000;462056556.9
RSTI;D;20210126;000000;1.6747;1.702;1.6745;1.6889;111681000;188314961.9
RSTI;D;20210127;000000;1.6935;1.7053;1.6582;1.6593;141030000;237281917.7
RSTI;D;20210128;000000;1.662;1.6748;1.6265;1.67;205413000;338483853.6
RSTI;D;20210129;000000;1.668;1.668;1.6015;1.6145;247768000;401972490.7
RSTI;D;20210201;000000;1.6165;1.639;1.6147;1.6315;83908000;136672678.3
RSTI;D;20210202;000000;1.637;1.66;1.617;1.63;125163000;206191004.7
RSTI;D;20210203;000000;1.6331;1.6485;1.6239;1.6411;108629000;177609724.8
RSTI;D;20210204;000000;1.632;1.6716;1.6221;1.6652;191239000;316723775
RSTI;D;20210205;000000;1.6661;1.6968;1.6572;1.6876;197628000;332814360.7
RSTI;D;20210208;000000;1.697;1.6992;1.6765;1.6927;117250000;198403671.6
RSTI;D;20210209;000000;1.69;1.71;1.6893;1.71;102579000;173694006.4
RSTI;D;20210210;000000;1.702;1.7569;1.699;1.7337;473295000;822965738.4
RSTI;D;20210211;000000;1.73;1.749;1.7029;1.7169;173402000;298605283.7
RSTI;D;20210212;000000;1.7237;1.745;1.7;1.7272;105897000;181320610.7
RSTI;D;20210215;000000;1.7372;1.7555;1.725;1.7398;109670000;190571976.9
RSTI;D;20210216;000000;1.74;1.7908;1.725;1.7675;263622000;465572843.6
RSTI;D;20210217;000000;1.7727;1.7899;1.7395;1.759;189745000;334229519.3
RSTI;D;20210218;000000;1.759;1.759;1.7286;1.7319;133454000;232588160.6
RSTI;D;20210219;000000;1.7299;1.74;1.7019;1.7127;136981000;235411530.5
RSTI;D;20210220;000000;1.7121;1.75;1.704;1.741;31151000;53919169
RSTI;D;20210222;000000;1.7417;1.744;1.7;1.7109;183767000;313768994.2
RSTI;D;20210224;000000;1.6985;1.715;1.6752;1.7056;272671000;463136749.4
RSTI;D;20210225;000000;1.7;1.724;1.689;1.696;112327000;192053929.2
RSTI;D;20210226;000000;1.695;1.7107;1.6751;1.698;115808000;196808752.2
RSTI;D;20210301;000000;1.7002;1.7142;1.6811;1.703;57330000;97009360.7
RSTI;D;20210302;000000;1.698;1.7091;1.678;1.7037;65563000;111180053
RSTI;D;20210303;000000;1.704;1.713;1.6671;1.6753;162875000;274617594.4
RSTI;D;20210304;000000;1.6742;1.695;1.6553;1.6673;134116000;224604141.9
RSTI;D;20210305;000000;1.676;1.69;1.6567;1.68;98566000;164952964.4
RSTI;D;20210309;000000;1.6839;1.6956;1.6757;1.6913;93453000;157437911.6
RSTI;D;20210310;000000;1.6913;1.6933;1.6577;1.6644;138888000;232499294.1
RSTI;D;20210311;000000;1.6776;1.68;1.65;1.6627;127037000;210508846.2
RSTI;D;20210312;000000;1.6719;1.6782;1.658;1.6641;143334000;239072883.2
RSTI;D;20210315;000000;1.668;1.688;1.6588;1.687;141418000;236692490.9
RSTI;D;20210316;000000;1.688;1.694;1.657;1.6663;118952000;198436803.5
RSTI;D;20210317;000000;1.6665;1.6735;1.5851;1.6268;469434000;758330445.5
RSTI;D;20210318;000000;1.624;1.6309;1.585;1.5899;285073000;456401237.9
RSTI;D;20210319;000000;1.5939;1.5979;1.5647;1.5862;528107000;830979612.8
RSTI;D;20210322;000000;1.579;1.5862;1.5565;1.5672;194113000;304086512.6
RSTI;D;20210323;000000;1.5647;1.5693;1.5;1.5049;556557000;848342474
RSTI;D;20210324;000000;1.4998;1.523;1.4538;1.5112;515777000;766482656.1
RSTI;D;20210325;000000;1.5101;1.534;1.4975;1.519;231187000;350759833.5
RSTI;D;20210326;000000;1.525;1.5418;1.514;1.5325;162993000;249124412.7
RSTI;D;20210329;000000;1.531;1.5386;1.4945;1.5212;276798000;417887071.4
RSTI;D;20210330;000000;1.51;1.5354;1.504;1.525;156380000;238306591.3
RSTI;D;20210331;000000;1.5318;1.5328;1.5;1.5209;139553000;210911924.4
RSTI;D;20210401;000000;1.5115;1.5246;1.4915;1.5045;246301000;370442226.5
RSTI;D;20210402;000000;1.5003;1.5098;1.4986;1.5027;95753000;143781645.1
RSTI;D;20210405;000000;1.5;1.5119;1.4834;1.4943;113034000;168708091.3
RSTI;D;20210406;000000;1.4943;1.4966;1.4601;1.471;195117000;287555323.7
RSTI;D;20210407;000000;1.471;1.4775;1.4581;1.4689;231081000;338766751
RSTI;D;20210408;000000;1.473;1.5038;1.465;1.4975;174226000;256431806.4
RSTI;D;20210409;000000;1.4875;1.4876;1.4502;1.4678;220288000;322877289.1
RSTI;D;20210412;000000;1.464;1.4769;1.454;1.47;197540000;289682410.5
RSTI;D;20210413;000000;1.4611;1.4755;1.4571;1.4701;230929000;338200292.3
RSTI;D;20210414;000000;1.475;1.4775;1.4455;1.452;346914000;504822679.9
RSTI;D;20210415;000000;1.433;1.459;1.4329;1.4511;150200000;217663077.5
RSTI;D;20210416;000000;1.4575;1.4575;1.4434;1.4528;134465000;194743114.5
RSTI;D;20210419;000000;1.4494;1.4513;1.418;1.4284;376858000;539416857.2
RSTI;D;20210420;000000;1.43;1.4396;1.3985;1.4112;327395000;462635770.2
RSTI;D;20210421;000000;1.4118;1.482;1.4067;1.4794;524533000;756865698.3
RSTI;D;20210422;000000;1.471;1.4789;1.4476;1.468;388263000;567701692.6
RSTI;D;20210423;000000;1.4698;1.4787;1.438;1.4575;295605000;429443658.3
RSTI;D;20210426;000000;1.4667;1.505;1.4582;1.4945;422237000;628053252.8
RSTI;D;20210427;000000;1.4998;1.5038;1.4675;1.4791;174769000;259037328.7
RSTI;D;20210428;000000;1.4702;1.4769;1.4235;1.4434;350839000;506629440.3
RSTI;D;20210429;000000;1.444;1.4644;1.427;1.4467;171216000;247854349.5
RSTI;D;20210430;000000;1.4456;1.4529;1.42;1.4308;122517000;175573792
RSTI;D;20210504;000000;1.4262;1.4415;1.4028;1.4355;237658000;338105659.5
RSTI;D;20210505;000000;1.436;1.475;1.4356;1.467;229691000;335224179.6
RSTI;D;20210506;000000;1.4675;1.473;1.4521;1.4644;90216000;131692701.7
RSTI;D;20210507;000000;1.4586;1.4696;1.447;1.4548;105147000;153026121.5
RSTI;D;20210510;000000;1.46;1.4779;1.447;1.459;71438000;104643635.6
RSTI;D;20210511;000000;1.455;1.4565;1.4255;1.445;171576000;246405572.7
RSTI;D;20210512;000000;1.445;1.4767;1.4304;1.435;183672000;266695732.3
RSTI;D;20210513;000000;1.433;1.4439;1.4081;1.4304;184723000;262420752.7
RSTI;D;20210514;000000;1.4351;1.4367;1.4155;1.4225;127764000;181724943.4
RSTI;D;20210517;000000;1.427;1.432;1.4114;1.4196;195761000;277582488.5
RSTI;D;20210518;000000;1.4225;1.4314;1.4163;1.423;174168000;247936906.9
RSTI;D;20210519;000000;1.4225;1.4392;1.412;1.4202;217710000;310873920.7
RSTI;D;20210520;000000;1.4182;1.4365;1.4163;1.432;142317000;202785673.2
RSTI;D;20210521;000000;1.4326;1.4355;1.4127;1.4279;131330000;187158662.3
RSTI;D;20210524;000000;1.4147;1.4235;1.401;1.4149;335186000;473571781.1
RSTI;D;20210525;000000;1.4161;1.4172;1.3836;1.3858;294479000;411031268.7
RSTI;D;20210526;000000;1.3855;1.42;1.3848;1.4113;197128000;276620511
RSTI;D;20210527;000000;1.4126;1.4294;1.3927;1.4104;281539000;396339883.3
RSTI;D;20210528;000000;1.4114;1.418;1.4015;1.4074;90110000;126741964.8
RSTI;D;20210531;000000;1.4127;1.4211;1.4066;1.4128;113536000;160632197.4
RSTI;D;20210601;000000;1.4153;1.4247;1.411;1.422;95982000;136225504.5
RSTI;D;20210602;000000;1.425;1.4274;1.3959;1.4119;239269000;336339727.3
RSTI;D;20210603;000000;1.401;1.4147;1.401;1.41;109957000;154983206.7
RSTI;D;20210604;000000;1.4158;1.4158;1.3972;1.41;73608000;103300354.3
RSTI;D;20210607;000000;1.41;1.41;1.401;1.4044;87770000;123272027.9
RSTI;D;20210608;000000;1.4089;1.4102;1.3908;1.3981;170731000;238723544.5
RSTI;D;20210609;000000;1.401;1.4042;1.3913;1.4017;77934000;108785677.1
RSTI;D;20210610;000000;1.4016;1.4016;1.3814;1.3877;251410000;349510918
RSTI;D;20210611;000000;1.387;1.3936;1.3831;1.3907;75408000;104821293.8
RSTI;D;20210614;000000;1.39;1.408;1.39;1.404;77024000;107885389.4
RSTI;D;20210615;000000;1.4008;1.415;1.3937;1.4006;178202000;249970403.5
RSTI;D;20210616;000000;1.4006;1.4024;1.384;1.3902;163693000;227589406.7
RSTI;D;20210617;000000;1.3901;1.4016;1.3681;1.3808;227823000;314072893.7
RSTI;D;20210618;000000;1.38;1.3829;1.369;1.3785;165035000;226832125.1
RSTI;D;20210621;000000;1.376;1.3835;1.3705;1.3816;114527000;157573714.6
RSTI;D;20210622;000000;1.3839;1.3839;1.363;1.3684;217495000;297504358.2
RSTI;D;20210623;000000;1.3735;1.3929;1.368;1.39;171976000;237199593.3
RSTI;D;20210624;000000;1.39;1.3995;1.3676;1.3711;204872000;282673929.8
RSTI;D;20210625;000000;1.3688;1.378;1.366;1.371;99123000;135965399.7
RSTI;D;20210628;000000;1.372;1.377;1.3671;1.3704;105466000;144565518.4
RSTI;D;20210629;000000;1.372;1.3745;1.3506;1.3659;132020000;179616922.8
RSTI;D;20210630;000000;1.3615;1.3659;1.3503;1.357;199543000;270033787.6
RSTI;D;20210701;000000;1.357;1.365;1.3503;1.3572;176364000;238773715.2
RSTI;D;20210702;000000;1.356;1.3599;1.3524;1.3577;56801000;77003717.6
RSTI;D;20210705;000000;1.3504;1.3649;1.3504;1.3649;88982000;120862040.7
RSTI;D;20210706;000000;1.368;1.3701;1.3456;1.3534;156414000;211969706.1
RSTI;D;20210707;000000;1.3565;1.382;1.3553;1.3727;172831000;237216968.7
RSTI;D;20210708;000000;1.3725;1.3725;1.3515;1.3607;119342000;161876473.1
RSTI;D;20210709;000000;1.365;1.3655;1.3607;1.3646;29651000;40416752.5
RSTI;D;20210712;000000;1.3675;1.37;1.3526;1.3645;79247000;108142619.6
RSTI;D;20210713;000000;1.3645;1.368;1.353;1.358;97022000;131893230.8
RSTI;D;20210714;000000;1.3606;1.3661;1.352;1.3588;103102000;139945216.8
RSTI;D;20210715;000000;1.3427;1.3427;1.321;1.326;164923000;219606077
RSTI;D;20210716;000000;1.31;1.3295;1.31;1.3213;75855000;100105012.2
RSTI;D;20210719;000000;1.317;1.321;1.2678;1.278;269844000;346971558.7
RSTI;D;20210720;000000;1.279;1.2821;1.2512;1.2712;217967000;274914115.7
RSTI;D;20210721;000000;1.2721;1.318;1.2653;1.3122;251737000;326418110.3
RSTI;D;20210722;000000;1.3131;1.3131;1.2756;1.291;143352000;184431275.7
RSTI;D;20210723;000000;1.29;1.3035;1.2847;1.2962;67530000;87359135.4
RSTI;D;20210726;000000;1.293;1.3076;1.2754;1.3063;88040000;113750492.6
RSTI;D;20210727;000000;1.3062;1.3069;1.2912;1.2999;73087000;94939662.4
RSTI;D;20210728;000000;1.3008;1.3265;1.2946;1.3184;100625000;131564180.9
RSTI;D;20210729;000000;1.317;1.3199;1.3002;1.3072;124489000;162497402.9
RSTI;D;20210730;000000;1.3053;1.3404;1.3016;1.3234;212362000;280740665.6
RSTI;D;20210802;000000;1.3358;1.3368;1.2975;1.3096;130567000;170886771.7
RSTI;D;20210803;000000;1.31;1.31;1.283;1.294;127250000;163976123.2
RSTI;D;20210804;000000;1.2853;1.3048;1.272;1.281;154782000;198635806.4
RSTI;D;20210805;000000;1.2819;1.2865;1.2743;1.2863;75084000;95932471.7
RSTI;D;20210806;000000;1.284;1.2879;1.2676;1.2725;69827000;88865318.1
RSTI;D;20210809;000000;1.2718;1.2718;1.256;1.2635;101089000;127565408
RSTI;D;20210810;000000;1.263;1.281;1.252;1.281;131510000;165786038
RSTI;D;20210811;000000;1.282;1.2941;1.2704;1.2789;128837000;165190349.2
RSTI;D;20210812;000000;1.28;1.28;1.2603;1.2674;182117000;230442059.9
RSTI;D;20210813;000000;1.2674;1.2733;1.26;1.2617;70935000;89777545
RSTI;D;20210816;000000;1.2625;1.2625;1.2512;1.2531;85016000;106656541.8
RSTI;D;20210817;000000;1.253;1.267;1.2457;1.264;102381000;128150305.7
RSTI;D;20210818;000000;1.262;1.262;1.25;1.25;123238000;154355966.7
RSTI;D;20210819;000000;1.2487;1.2494;1.2165;1.2273;194928000;239306770
RSTI;D;20210820;000000;1.228;1.2378;1.2226;1.236;59111000;72682281.5
RSTI;D;20210823;000000;1.2388;1.2506;1.2278;1.2478;122792000;152160163.8
RSTI;D;20210824;000000;1.2498;1.297;1.2473;1.2884;329402000;420201683.9
RSTI;D;20210825;000000;1.2908;1.293;1.2706;1.281;130312000;166628850.3
RSTI;D;20210826;000000;1.282;1.3079;1.2707;1.29;166289000;214866954.8
RSTI;D;20210827;000000;1.29;1.325;1.289;1.3197;240270000;314781123.6
RSTI;D;20210830;000000;1.3199;1.339;1.3036;1.3258;169885000;224075852
RSTI;D;20210831;000000;1.325;1.3442;1.3077;1.3127;119746000;158291280.6
RSTI;D;20210901;000000;1.3085;1.3339;1.301;1.33;134274000;177641208.7
RSTI;D;20210902;000000;1.3339;1.3801;1.3248;1.3661;368291000;500109741.9
RSTI;D;20210903;000000;1.3753;1.432;1.3704;1.4119;647940000;912050329.2
RSTI;D;20210906;000000;1.432;1.4586;1.429;1.4486;621458000;898894719.2
RSTI;D;20210907;000000;1.454;1.4541;1.4;1.4;377428000;534429220.4
RSTI;D;20210908;000000;1.399;1.4275;1.3769;1.4099;318612000;447700830.7
RSTI;D;20210909;000000;1.4099;1.4164;1.3775;1.3795;197187000;275510149.1
RSTI;D;20210910;000000;1.3945;1.4099;1.3812;1.384;124373000;173643691.5
RSTI;D;20210913;000000;1.3943;1.3998;1.3861;1.3927;62887000;87474437.9
RSTI;D;20210914;000000;1.3943;1.3971;1.3585;1.3658;178932000;246003370.7
RSTI;D;20210915;000000;1.3662;1.3739;1.3386;1.3404;221975000;299818128.6
RSTI;D;20210916;000000;1.339;1.3729;1.33;1.33;279719000;377912647.3
RSTI;D;20210917;000000;1.3336;1.3444;1.3212;1.3305;147981000;196434528.4
RSTI;D;20210920;000000;1.3198;1.3198;1.27;1.2725;271130000;350938250.1
RSTI;D;20210921;000000;1.278;1.2985;1.272;1.2819;150756000;193716330.9
RSTI;D;20210922;000000;1.2854;1.309;1.2774;1.3007;160392000;207112242.4
RSTI;D;20210923;000000;1.307;1.3079;1.2838;1.2968;84031000;108653718.3
RSTI;D;20210924;000000;1.2908;1.2982;1.2782;1.2869;56502000;72681147.3
RSTI;D;20210927;000000;1.29;1.3238;1.2845;1.3105;149023000;194850579.7
RSTI;D;20210928;000000;1.315;1.3155;1.2781;1.2862;136752000;176611866
RSTI;D;20210929;000000;1.279;1.3114;1.2744;1.2919;136791000;176290728.3
RSTI;D;20210930;000000;1.2919;1.2937;1.2755;1.2816;108284000;138897450.9
RSTI;D;20211001;000000;1.2795;1.2949;1.2736;1.2859;81393000;104531998.9
RSTI;D;20211004;000000;1.2859;1.3035;1.2825;1.288;86270000;111463138.1
RSTI;D;20211005;000000;1.2875;1.3338;1.2802;1.3333;296023000;386466749.1
RSTI;D;20211006;000000;1.335;1.346;1.2913;1.3189;289934000;383654640.2
RSTI;D;20211007;000000;1.3265;1.3535;1.324;1.346;216249000;290345150.4
RSTI;D;20211008;000000;1.3525;1.3916;1.3469;1.3778;319232000;439310481.2
RSTI;D;20211011;000000;1.3955;1.4085;1.3584;1.39;235956000;326823415.9
RSTI;D;20211012;000000;1.3985;1.4175;1.3692;1.401;312131000;436508362.7
RSTI;D;20211013;000000;1.4095;1.452;1.375;1.4472;412375000;583303974.5
RSTI;D;20211014;000000;1.4469;1.4911;1.422;1.4417;978335000;1430742573.2
RSTI;D;20211015;000000;1.4517;1.4563;1.4221;1.4395;290364000;417520688.6
RSTI;D;20211018;000000;1.4411;1.4496;1.397;1.4352;273728000;389574101.1
RSTI;D;20211019;000000;1.4449;1.4627;1.432;1.4462;217560000;314919692.7
RSTI;D;20211020;000000;1.449;1.4796;1.4402;1.453;249936000;365790304.7
RSTI;D;20211021;000000;1.442;1.451;1.4074;1.4115;324164000;463607312.6
RSTI;D;20211022;000000;1.409;1.4444;1.3778;1.4182;317329000;453968739.5
RSTI;D;20211025;000000;1.4194;1.4338;1.3989;1.4278;134098000;190482249.8
RSTI;D;20211026;000000;1.434;1.4382;1.4103;1.4123;134477000;191710047.8
RSTI;D;20211027;000000;1.411;1.4236;1.402;1.402;124329000;175204849.3
RSTI;D;20211028;000000;1.3933;1.4169;1.375;1.403;170864000;237562217.6
RSTI;D;20211029;000000;1.3978;1.418;1.3856;1.3936;142151000;198769801
RSTI;D;20211101;000000;1.3971;1.4157;1.3901;1.4068;60070000;84403881.2
RSTI;D;20211102;000000;1.412;1.4393;1.3934;1.3992;122348000;172923628.4
RSTI;D;20211103;000000;1.3989;1.4113;1.3895;1.3967;74349000;104117102.3
RSTI;D;20211105;000000;1.397;1.431;1.386;1.409;111978000;156670850.3
RSTI;D;20211108;000000;1.4075;1.428;1.4053;1.4144;95734000;135413304.9
RSTI;D;20211109;000000;1.4055;1.425;1.4011;1.4097;86704000;122240232.1
RSTI;D;20211110;000000;1.4021;1.4181;1.376;1.3762;104228000;145460304.6
RSTI;D;20211111;000000;1.3778;1.399;1.3778;1.3948;161195000;223290939.7
RSTI;D;20211112;000000;1.3878;1.3989;1.3751;1.3831;114260000;157811979
RSTI;D;20211115;000000;1.3801;1.4028;1.3801;1.3917;85800000;119396096.6
RSTI;D;20211116;000000;1.3942;1.4008;1.385;1.3888;58004000;80683544.7
RSTI;D;20211117;000000;1.39;1.3919;1.3754;1.3792;77668000;107347479.3
RSTI;D;20211118;000000;1.3858;1.3858;1.353;1.3573;131773000;179400976
RSTI;D;20211119;000000;1.3677;1.3681;1.3056;1.3232;172084000;228794140
RSTI;D;20211122;000000;1.3211;1.3227;1.2364;1.2544;293259000;375212420.7
RSTI;D;20211123;000000;1.2543;1.2964;1.216;1.2865;223222000;284345836
RSTI;D;20211124;000000;1.2897;1.314;1.2607;1.2896;131484000;168843148.3
RSTI;D;20211125;000000;1.29;1.3096;1.29;1.3076;77007000;100267380.6
RSTI;D;20211126;000000;1.2721;1.2847;1.243;1.2504;101614000;128402430.9
RSTI;D;20211129;000000;1.2565;1.2717;1.2336;1.2637;104320000;130533656.8
RSTI;D;20211130;000000;1.2475;1.293;1.2411;1.2528;126580000;160674095.4
RSTI;D;20211201;000000;1.26;1.279;1.24;1.2509;105036000;132481674.5
RSTI;D;20211202;000000;1.2539;1.2799;1.2444;1.2779;161811000;205453346.1
RSTI;D;20211203;000000;1.278;1.2934;1.2508;1.2614;120162000;151734499.4
RSTI;D;20211206;000000;1.2625;1.2676;1.2166;1.2502;103871000;128369219.7
RSTI;D;20211207;000000;1.2577;1.2577;1.227;1.2513;74425000;92312895.5
RSTI;D;20211208;000000;1.253;1.2686;1.2202;1.2341;101399000;125520317.3
RSTI;D;20211209;000000;1.23;1.2351;1.2054;1.216;188425000;228996761.1
RSTI;D;20211210;000000;1.2163;1.2311;1.205;1.2081;116715000;142316182
RSTI;D;20211213;000000;1.21;1.2173;1.1066;1.1247;347020000;401212410
RSTI;D;20211214;000000;1.114;1.1454;1.0912;1.117;276666000;309874145.7
RSTI;D;20211215;000000;1.1197;1.1385;1.1012;1.1299;210639000;235306530.5
RSTI;D;20211216;000000;1.1316;1.1542;1.1163;1.1244;202314000;228922863.1
RSTI;D;20211217;000000;1.1292;1.1294;1.1005;1.1122;303483000;336450675.4
RSTI;D;20211220;000000;1.1005;1.1176;1.0785;1.1135;201874000;222315089.3
RSTI;D;20211221;000000;1.128;1.136;1.102;1.1097;134001000;149295739.1
RSTI;D;20211222;000000;1.1099;1.12;1.1057;1.1068;124376000;138105549.4
RSTI;D;20211223;000000;1.1169;1.1277;1.1026;1.1242;132828000;147953386.6
RSTI;D;20211224;000000;1.1276;1.1325;1.103;1.1208;108567000;121128876.6
RSTI;D;20211227;000000;1.1257;1.132;1.1112;1.12;139025000;155824113.6
RSTI;D;20211228;000000;1.1201;1.13;1.11;1.1143;142341000;159276563.3
RSTI;D;20211229;000000;1.1104;1.1199;1.11;1.1199;81652000;90871520.8
RSTI;D;20211230;000000;1.12;1.1265;1.1071;1.1223;113698000;126859346.5
RSTI;D;20220103;000000;1.1284;1.1849;1.1272;1.18;216295000;252715978.7
RSTI;D;20220104;000000;1.193;1.2464;1.1848;1.2079;249159000;299201572.8
RSTI;D;20220105;000000;1.1947;1.205;1.151;1.162;162065000;192277061.9
RSTI;D;20220106;000000;1.154;1.1897;1.1465;1.1577;119753000;139695489.5
RSTI;D;20220110;000000;1.1672;1.1794;1.1415;1.1601;89577000;103806060.2
RSTI;D;20220111;000000;1.1535;1.1745;1.1453;1.1667;100078000;115741939.7
RSTI;D;20220112;000000;1.165;1.1906;1.1579;1.1725;170833000;200598540.8
RSTI;D;20220113;000000;1.172;1.185;1.1325;1.1498;150099000;173212157.7
RSTI;D;20220114;000000;1.1501;1.1539;1.099;1.1166;149237000;167069455.4
RSTI;D;20220117;000000;1.1195;1.1274;1.0875;1.1149;121730000;135034370.6
RSTI;D;20220118;000000;1.11;1.11;0.9761;1.0176;585757000;596415455.6
RSTI;D;20220119;000000;0.992;1.055;0.9801;1.037;325730000;336204406.7
RSTI;D;20220120;000000;1.0574;1.0648;1.0315;1.037;198621000;207597745.7
RSTI;D;20220121;000000;1.035;1.04;1.0069;1.0339;305304000;311965807.6
RSTI;D;20220124;000000;1.045;1.0543;0.9319;0.981;474403000;467525931.8
RSTI;D;20220125;000000;0.9881;1.024;0.9616;1.0134;186538000;185362513.9
RSTI;D;20220126;000000;1.01;1.0219;0.9915;0.9966;261468000;262517593.1
RSTI;D;20220127;000000;0.99;1.0372;0.99;1.008;296904000;301619029.7
RSTI;D;20220128;000000;1.0253;1.0344;0.9971;1.0031;161632000;164261225.6
RSTI;D;20220131;000000;1.0125;1.048;1.01;1.048;163607000;168831929.6
RSTI;D;20220201;000000;1.047;1.049;1.0141;1.033;154903000;159187443.5
RSTI;D;20220202;000000;1.0282;1.04;1.001;1.0104;113630000;115449234.9
RSTI;D;20220203;000000;1.0077;1.0077;0.9801;0.9886;141559000;139906557.7
RSTI;D;20220204;000000;0.9999;1.0149;0.9857;0.9995;88146000;88060780.4
RSTI;D;20220207;000000;0.9996;1.0052;0.9718;0.988;111953000;110286587.5
RSTI;D;20220208;000000;0.991;1.0198;0.9881;1.019;158532000;159630463.3
RSTI;D;20220209;000000;1.02;1.0678;1.0026;1.051;270555000;279736042.9
RSTI;D;20220210;000000;1.045;1.075;1.0261;1.0388;180883000;188525559.4
RSTI;D;20220211;000000;1.0347;1.0449;0.9999;1.0174;183145000;185805074.5
RSTI;D;20220214;000000;1.0083;1.0165;0.9871;1.003;197967000;198023498.3
RSTI;D;20220215;000000;1.0177;1.0358;1.0078;1.0319;152526000;155730848
RSTI;D;20220216;000000;1.05;1.055;1.0283;1.04;124519000;129195838.6
RSTI;D;20220217;000000;1.0303;1.0303;0.9905;0.9983;145703000;146802499.9
RSTI;D;20220218;000000;1.0077;1.0248;0.9605;0.9745;234102000;231442944.6
RSTI;D;20220221;000000;1.0077;1.0077;0.7901;0.7913;745571000;670123172.3
RSTI;D;20220222;000000;0.8073;0.894;0.7;0.866;1245805000;962302362.1
RSTI;D;20220224;000000;0.7652;0.7652;0.4299;0.61;642104000;359926500.5
RSTI;D;20220225;000000;0.5738;0.7313;0.5738;0.6602;360030000;230698372.8
RSTI;D;20220328;000000;0.6602;0.6765;0.5701;0.575;270681000;162173478.4
RSTI;D;20220329;000000;0.575;0.615;0.57;0.5934;90290000;53957935.4
RSTI;D;20220330;000000;0.62;0.734;0.606;0.6893;349981000;238669693.7
RSTI;D;20220331;000000;0.717;0.7849;0.7011;0.754;282690000;212066223.5
RSTI;D;20220401;000000;0.77;0.8;0.7255;0.75;235732000;179080533.6
RSTI;D;20220404;000000;0.7555;0.7699;0.73;0.7498;98548000;73661240.5
RSTI;D;20220405;000000;0.76;0.76;0.7;0.7269;100162000;72810052.8
RSTI;D;20220406;000000;0.7102;0.7345;0.7005;0.709;70934000;50900311.9
RSTI;D;20220407;000000;0.71;0.7299;0.7007;0.715;40077000;28785045.4
RSTI;D;20220408;000000;0.7196;0.7219;0.701;0.705;42716000;30192799.2
RSTI;D;20220411;000000;0.701;0.7129;0.7;0.7004;43004000;30191395.8
RSTI;D;20220412;000000;0.7001;0.7004;0.675;0.6848;56826000;38903593.8
RSTI;D;20220413;000000;0.685;0.6971;0.681;0.6853;27916000;19244140.5
RSTI;D;20220414;000000;0.6857;0.6857;0.6549;0.662;27011000;18126698.7
RSTI;D;20220415;000000;0.662;0.6727;0.637;0.6585;26845000;17615210.4
RSTI;D;20220418;000000;0.661;0.677;0.6403;0.6455;28469000;18608011.8
RSTI;D;20220419;000000;0.6469;0.7159;0.6133;0.6385;110350000;72060250.9
RSTI;D;20220420;000000;0.6385;0.6676;0.6314;0.6389;51067000;33355331.6
RSTI;D;20220421;000000;0.6381;0.6477;0.6296;0.633;38407000;24427342.3
RSTI;D;20220422;000000;0.633;0.6482;0.6213;0.6302;27667000;17464510
RSTI;D;20220425;000000;0.635;0.635;0.601;0.6083;33833000;20742266.9
RSTI;D;20220426;000000;0.6127;0.6378;0.6074;0.6291;46517000;29029470.7
RSTI;D;20220427;000000;0.6301;0.671;0.6201;0.6654;53112000;34529389.1
RSTI;D;20220428;000000;0.6695;0.6845;0.639;0.6405;63053000;41910903.2
RSTI;D;20220429;000000;0.648;0.6538;0.6402;0.6476;15459000;10009364.9
RSTI;D;20220504;000000;0.6608;0.6628;0.6427;0.6456;26127000;16939285.5
RSTI;D;20220505;000000;0.654;0.654;0.641;0.6431;20165000;13075156
RSTI;D;20220506;000000;0.643;0.6495;0.6371;0.6495;32615000;21040029.5
RSTI;D;20220511;000000;0.6495;0.696;0.6464;0.67;115652000;77999268.5
RSTI;D;20220512;000000;0.6698;0.67;0.6404;0.6455;48259000;31522148.9
RSTI;D;20220513;000000;0.6451;0.6545;0.6411;0.6412;17937000;11611119.6
RSTI;D;20220516;000000;0.645;0.6987;0.634;0.683;125331000;84435337.8
RSTI;D;20220517;000000;0.6821;0.733;0.6816;0.7122;250231000;178703555.9
RSTI;D;20220518;000000;0.7164;0.741;0.7032;0.7088;128229000;92650639.3
RSTI;D;20220519;000000;0.7091;0.7148;0.6871;0.697;32832000;22851009.7
RSTI;D;20220520;000000;0.6971;0.708;0.6791;0.6791;35280000;24275082.6
RSTI;D;20220523;000000;0.6793;0.684;0.654;0.66;30535000;20306754.7
RSTI;D;20220524;000000;0.66;0.671;0.6358;0.6625;96151000;62699441.6
RSTI;D;20220525;000000;0.6645;0.6696;0.6501;0.6563;40320000;26669881
RSTI;D;20220526;000000;0.6597;0.6981;0.6572;0.6959;94580000;64444520.3
RSTI;D;20220527;000000;0.6998;0.7055;0.681;0.6929;67606000;47021526
RSTI;D;20220530;000000;0.694;0.6969;0.6604;0.6624;84956000;57192948.7
RSTI;D;20220531;000000;0.6699;0.6732;0.642;0.6427;86549000;56716561.2
RSTI;D;20220601;000000;0.643;0.6509;0.622;0.6314;113770000;72093755.7
RSTI;D;20220602;000000;0.6316;0.645;0.6044;0.612;102605000;63200397.5
RSTI;D;20220603;000000;0.6136;0.6184;0.5852;0.6079;119939000;71648623.2
RSTI;D;20220606;000000;0.608;0.613;0.5815;0.5875;80175000;47615479.5
RSTI;D;20220607;000000;0.5884;0.5894;0.5602;0.5782;105526000;60432355.4
RSTI;D;20220608;000000;0.582;0.595;0.5706;0.573;102604000;59427989.2
RSTI;D;20220609;000000;0.572;0.5844;0.563;0.5764;62769000;35885889.8
RSTI;D;20220610;000000;0.5787;0.5986;0.5705;0.5827;70004000;41062739.4
RSTI;D;20220614;000000;0.575;0.61;0.575;0.5913;113364000;67412279.1
RSTI;D;20220615;000000;0.5963;0.6078;0.5923;0.6004;77546000;46591122.2
RSTI;D;20220616;000000;0.6001;0.615;0.6001;0.6082;71516000;43538310.2
RSTI;D;20220617;000000;0.6143;0.6143;0.6;0.6065;74503000;45034971.1
RSTI;D;20220620;000000;0.6095;0.624;0.6052;0.6221;80988000;49783341.5
RSTI;D;20220621;000000;0.6221;0.6297;0.6152;0.6153;66440000;41319860.1
RSTI;D;20220622;000000;0.6172;0.6172;0.5952;0.601;67986000;40868887.7
RSTI;D;20220623;000000;0.6004;0.6094;0.5954;0.6031;51230000;30965471.9
RSTI;D;20220624;000000;0.6002;0.6215;0.6002;0.613;56031000;34334630.5
RSTI;D;20220627;000000;0.613;0.6236;0.6073;0.6192;54529000;33753627.5
RSTI;D;20220628;000000;0.6211;0.645;0.62;0.6288;122511000;77829978.4
RSTI;D;20220629;000000;0.629;0.6305;0.612;0.6223;43271000;26852915.8
RSTI;D;20220630;000000;0.6204;0.6347;0.5804;0.5905;149642000;89503521.8
RSTI;D;20220701;000000;0.577;0.6125;0.577;0.5989;75569000;44823517
RSTI;D;20220704;000000;0.597;0.606;0.585;0.595;51933000;30876992
RSTI;D;20220705;000000;0.5904;0.6076;0.5904;0.6014;62810000;37734750.1
RSTI;D;20220706;000000;0.6035;0.621;0.5964;0.5975;89525000;54329376.6
RSTI;D;20220707;000000;0.601;0.6142;0.596;0.6055;66308000;40119202.2
RSTI;D;20220708;000000;0.604;0.6098;0.6;0.6039;27440000;16597584.1
RSTI;D;20220711;000000;0.6039;0.6055;0.5905;0.5916;48555000;29006700.3
RSTI;D;20220712;000000;0.595;0.6008;0.585;0.5995;102676000;61136091.5
RSTI;D;20220713;000000;0.6014;0.6057;0.5858;0.5893;61025000;36392409.2
RSTI;D;20220714;000000;0.5895;0.6268;0.5814;0.6115;121532000;73478178.7
RSTI;D;20220715;000000;0.6149;0.633;0.6108;0.6267;221163000;137479758.7
RSTI;D;20220718;000000;0.62;0.677;0.6067;0.6748;817260000;521003556.1
RSTI;D;20220719;000000;0.675;0.7309;0.642;0.706;1031484000;700935439.9
RSTI;D;20220720;000000;0.7126;0.7587;0.7126;0.7582;1277539000;938854066.2
RSTI;D;20220721;000000;0.7543;0.7635;0.7202;0.7374;497960000;366676219.2
RSTI;D;20220722;000000;0.743;0.745;0.7256;0.7277;174864000;128204645.5
RSTI;D;20220725;000000;0.7367;0.7432;0.7222;0.7398;287655000;209804893.1
RSTI;D;20220726;000000;0.7401;0.804;0.739;0.7995;785769000;613270370.9
RSTI;D;20220727;000000;0.7997;0.8215;0.7807;0.789;491264000;392414113
RSTI;D;20220728;000000;0.7925;0.8178;0.7672;0.813;460324000;362038019.5
RSTI;D;20220729;000000;0.8158;0.852;0.8158;0.8459;524058000;437058620.1
RSTI;D;20220801;000000;0.846;0.8668;0.8035;0.822;513019000;426015966.8
RSTI;D;20220802;000000;0.8126;0.845;0.8025;0.8274;473499000;388424749.5
RSTI;D;20220803;000000;0.834;0.845;0.6313;0.6502;3184504000;2197285852.1
RSTI;D;20220804;000000;0.6494;0.6547;0.621;0.621;514468000;325078482
RSTI;D;20220805;000000;0.622;0.631;0.6039;0.604;295414000;181327197.1
RSTI;D;20220808;000000;0.62;0.62;0.5992;0.6015;176602000;107035945.2
RSTI;D;20220809;000000;0.6039;0.6085;0.5979;0.6;133387000;80052948.7
RSTI;D;20220810;000000;0.603;0.6168;0.6003;0.6036;139545000;84954046.6
RSTI;D;20220811;000000;0.6031;0.607;0.5991;0.5991;86464000;52022808.7
RSTI;D;20220812;000000;0.6046;0.6049;0.5984;0.5995;90232000;54186088.3
RSTI;D;20220815;000000;0.6012;0.6047;0.5983;0.5999;109238000;65591530.8
RSTI;D;20220816;000000;0.5999;0.6045;0.5995;0.6011;63558000;38270650.9
RSTI;D;20220817;000000;0.6016;0.6032;0.595;0.5977;74769000;44752294.4
RSTI;D;20220818;000000;0.598;0.598;0.5941;0.5949;56023000;33362252.6
RSTI;D;20220819;000000;0.596;0.5979;0.5948;0.5949;55518000;33069641.3
RSTI;D;20220822;000000;0.5948;0.5973;0.59;0.5906;74013000;43922483.8
RSTI;D;20220823;000000;0.5904;0.5948;0.5904;0.5909;52832000;31332159.5
RSTI;D;20220824;000000;0.5917;0.5929;0.5881;0.5893;73998000;43681852.4
RSTI;D;20220825;000000;0.5893;0.5905;0.5808;0.5818;114154000;66884779.7
RSTI;D;20220826;000000;0.584;0.584;0.577;0.578;96881000;56098489.6
RSTI;D;20220829;000000;0.5798;0.5832;0.5783;0.5825;54477000;31619239.4
RSTI;D;20220830;000000;0.5825;0.5832;0.5765;0.5815;75764000;44046948.3
RSTI;D;20220831;000000;0.5814;0.6;0.5801;0.5998;220149000;130501411
RSTI;D;20220901;000000;0.5998;0.606;0.59;0.5961;140434000;84097536
RSTI;D;20220902;000000;0.597;0.612;0.5924;0.6067;290665000;174890994.5
RSTI;D;20220905;000000;0.6174;0.6445;0.6131;0.6264;742301000;469735197.3
RSTI;D;20220906;000000;0.6264;0.6293;0.6;0.6133;341078000;209363870.6
RSTI;D;20220907;000000;0.6129;0.6193;0.601;0.6129;125610000;76444597.2
RSTI;D;20220908;000000;0.6168;0.6169;0.6003;0.602;82773000;50055894.5
RSTI;D;20220909;000000;0.6021;0.61;0.6007;0.6072;94026000;57022926
RSTI;D;20220912;000000;0.6139;0.625;0.601;0.6085;163457000;100108452.2
RSTI;D;20220913;000000;0.6119;0.6123;0.5717;0.6045;113814000;68545788.4
RSTI;D;20220914;000000;0.6015;0.6048;0.5952;0.6028;59360000;35575998.9
RSTI;D;20220915;000000;0.605;0.608;0.5942;0.6049;87120000;52431130.2
RSTI;D;20220916;000000;0.606;0.61;0.5977;0.6006;73391000;44273962
RSTI;D;20220919;000000;0.6006;0.6045;0.5947;0.5992;62198000;37158151.9
RSTI;D;20220920;000000;0.6;0.6;0.5506;0.5635;252121000;145351634.7
RSTI;D;20220921;000000;0.5464;0.5594;0.52;0.5378;193446000;103903780.9
RSTI;D;20220922;000000;0.5383;0.56;0.5361;0.5519;93739000;51636427.8
RSTI;D;20220923;000000;0.5543;0.5574;0.521;0.532;111056000;58929974.3
RSTI;D;20220926;000000;0.5226;0.5298;0.4783;0.486;172698000;86858849.7
RSTI;D;20220927;000000;0.49;0.5202;0.4861;0.5065;65769000;32476259.8
RSTI;D;20220928;000000;0.5034;0.5099;0.4835;0.4914;100160000;49480397.3
RSTI;D;20220929;000000;0.492;0.4943;0.4613;0.475;106295000;50093032.5
RSTI;D;20220930;000000;0.4828;0.4914;0.4569;0.486;101867000;48367140.1
RSTI;D;20221003;000000;0.49;0.509;0.4826;0.5063;58021000;28942293.1
RSTI;D;20221004;000000;0.51;0.5133;0.489;0.4938;64563000;32055363
RSTI;D;20221005;000000;0.4938;0.4961;0.4777;0.488;55091000;26835428.5
RSTI;D;20221006;000000;0.4876;0.4961;0.481;0.4845;50083000;24438476.9
RSTI;D;20221007;000000;0.4844;0.4844;0.458;0.4704;43520000;20630873.6
RSTI;D;20221010;000000;0.4582;0.499;0.4501;0.488;107848000;51262846.8
RSTI;D;20221011;000000;0.4914;0.54;0.4909;0.5399;445616000;232862573.1
RSTI;D;20221012;000000;0.5401;0.5422;0.5127;0.5261;241282000;126173208.5
RSTI;D;20221013;000000;0.5286;0.5324;0.5197;0.5221;65834000;34648950.6
RSTI;D;20221014;000000;0.53;0.5354;0.5201;0.5236;53626000;28187289.4
RSTI;D;20221017;000000;0.5255;0.535;0.5231;0.53;81379000;43020711.6
RSTI;D;20221018;000000;0.5312;0.5374;0.5155;0.5183;88339000;46581334.2
RSTI;D;20221019;000000;0.518;0.55;0.5062;0.5386;212820000;114049857
RSTI;D;20221020;000000;0.5386;0.545;0.5263;0.5416;120038000;64360517.6
RSTI;D;20221021;000000;0.5382;0.5592;0.538;0.5502;105059000;57720947.8
RSTI;D;20221024;000000;0.559;0.575;0.5511;0.5619;107103000;60318213.9
RSTI;D;20221025;000000;0.5618;0.5725;0.56;0.5697;81126000;46055205.7
RSTI;D;20221026;000000;0.5671;0.5768;0.5551;0.5714;115843000;65631895.8
RSTI;D;20221027;000000;0.57;0.5894;0.56;0.5851;122700000;70947784.2
RSTI;D;20221028;000000;0.5851;0.5874;0.57;0.576;61277000;35298815
RSTI;D;20221031;000000;0.5742;0.5799;0.5619;0.5728;47232000;26999166.1
RSTI;D;20221101;000000;0.5702;0.5849;0.5702;0.5785;40296000;23342493.4
RSTI;D;20221102;000000;0.579;0.5918;0.5704;0.5765;88304000;51411524.8
RSTI;D;20221103;000000;0.5797;0.5854;0.5731;0.5814;47748000;27608975.9
RSTI;D;20221107;000000;0.582;0.5968;0.5614;0.5845;66297000;38857543.4
RSTI;D;20221108;000000;0.589;0.589;0.5752;0.5778;44910000;26042853.1
RSTI;D;20221109;000000;0.5764;0.5944;0.5615;0.5658;95884000;55427598.9
RSTI;D;20221110;000000;0.5621;0.5798;0.5606;0.5753;37364000;21365607
RSTI;D;20221111;000000;0.5775;0.585;0.5733;0.5795;42636000;24675702.2
RSTI;D;20221114;000000;0.58;0.59;0.5765;0.59;37076000;21575699.7
RSTI;D;20221115;000000;0.5905;0.5924;0.5427;0.5658;101433000;57582703
RSTI;D;20221116;000000;0.5705;0.5759;0.5658;0.574;28380000;16226453.2
RSTI;D;20221117;000000;0.574;0.5768;0.5644;0.5743;25105000;14339446.5
RSTI;D;20221118;000000;0.5745;0.5751;0.5657;0.5695;17847000;10166187
RSTI;D;20221121;000000;0.5727;0.5727;0.5616;0.5673;18941000;10711840.3
RSTI;D;20221122;000000;0.5673;0.573;0.5616;0.5683;31011000;17593485.8
RSTI;D;20221123;000000;0.5684;0.5723;0.5626;0.569;34435000;19556406.3
RSTI;D;20221124;000000;0.5711;0.5872;0.5643;0.5788;55094000;31803064.2
RSTI;D;20221125;000000;0.5806;0.5871;0.5679;0.576;68963000;39939757.8
RSTI;D;20221128;000000;0.5707;0.5796;0.5639;0.5763;41984000;24080856.6
RSTI;D;20221129;000000;0.5808;0.59;0.5702;0.5795;113366000;65845063.2
RSTI;D;20221130;000000;0.579;0.5795;0.5711;0.5761;31392000;18049979.8
RSTI;D;20221201;000000;0.576;0.5833;0.5708;0.5753;34202000;19765973.4
RSTI;D;20221202;000000;0.5778;0.5788;0.5691;0.5717;34931000;19955760.2
RSTI;D;20221205;000000;0.573;0.5766;0.5673;0.5714;50854000;29143438.7
RSTI;D;20221206;000000;0.5712;0.5736;0.5558;0.5657;42474000;24091826
RSTI;D;20221207;000000;0.566;0.5717;0.559;0.5704;20845000;11778049.5
RSTI;D;20221208;000000;0.5706;0.5722;0.5633;0.5669;24827000;14067670.3
RSTI;D;20221209;000000;0.565;0.5706;0.5611;0.5657;26592000;15051558.7
RSTI;D;20221212;000000;0.562;0.5715;0.562;0.567;23457000;13271759.5
RSTI;D;20221213;000000;0.567;0.5685;0.5615;0.5658;34499000;19464823.9
RSTI;D;20221214;000000;0.5629;0.5685;0.5577;0.5623;20175000;11356807.8
RSTI;D;20221215;000000;0.56;0.5642;0.5573;0.5588;21595000;12092948.1
RSTI;D;20221216;000000;0.5572;0.566;0.5572;0.5623;17134000;9611288.2
RSTI;D;20221219;000000;0.5605;0.5642;0.55;0.5533;66057000;36691000.5
RSTI;D;20221220;000000;0.5533;0.5643;0.5501;0.5588;131362000;73123353.3
