<TICKER>;<PER>;<DATE>;<TIME>;<OPEN>;<HIGH>;<LOW>;<CLOSE>;<AMOUNT>;<VOLUME>
RTKM;D;20031001;000000;52.35;53.73;52.23;53.5;5607201;298529480.59
RTKM;D;20031002;000000;53.71;54.22;53.53;54.19;7390439;398266327.36
RTKM;D;20031003;000000;54.24;54.49;52.98;53.14;7372483;397714343.07
RTKM;D;20031006;000000;53.31;53.56;52.41;53.23;4500522;238401215.7
RTKM;D;20031007;000000;53.3;53.9;52.8;53.14;5176370;276377399.1
RTKM;D;20031008;000000;53.42;55.41;51.59;55.35;20310431;1089467533.71
RTKM;D;20031009;000000;55.55;57.64;55.23;56.48;26297553;1485834851.93
RTKM;D;20031010;000000;56.35;56.65;55.55;55.91;8050452;451603196.42
RTKM;D;20031013;000000;56;57.27;56;57.05;8273399;469916986.93
RTKM;D;20031014;000000;57.2;59.18;57.01;58.05;24112439;1404066719.75
RTKM;D;20031015;000000;58.13;58.88;57.47;58.6;14012359;814775789.4
RTKM;D;20031016;000000;58.62;61.3;58.62;61.29;21831995;1311961379.84
RTKM;D;20031017;000000;61.5;64.74;61.5;64.6;28181104;1784579900.76
RTKM;D;20031020;000000;64.49;67.59;64;64.55;22439645;1483266041.73
RTKM;D;20031021;000000;64.7;65.5;59.6;60.98;21162407;1320823997.36
RTKM;D;20031022;000000;60.1;61.2;58.58;58.92;15557259;929168675.89
RTKM;D;20031023;000000;58.6;60.75;58.3;60.16;11611783;693972931.37
RTKM;D;20031024;000000;60.2;61.79;60.2;61.75;10274845;628400389.94
RTKM;D;20031027;000000;56.5;57;51.41;55.1;30754252;1645518737.38
RTKM;D;20031028;000000;56;57.38;55.11;56.3;22599555;1277285395.27
RTKM;D;20031029;000000;56.45;56.97;54;55.75;16967597;939342060.32
RTKM;D;20031030;000000;55.69;55.8;50.21;50.51;15769891;845661374.25
RTKM;D;20031031;000000;52.23;54.7;52.23;54.44;12787258;683521327.8
RTKM;D;20031103;000000;55.6;60.4;55.6;60.2;11977603;685889093.38
RTKM;D;20031104;000000;60.5;60.83;58.7;59.4;11348278;676751443.92
RTKM;D;20031105;000000;59.5;59.8;58.06;58.6;7707057;453950467.53
RTKM;D;20031106;000000;58.81;59.4;57.81;58.9;7485951;437772037.61
RTKM;D;20031110;000000;59.33;60.66;58.91;60.63;9804973;585529422.35
RTKM;D;20031111;000000;60.5;60.62;58.41;59.19;9581300;568985723.4
RTKM;D;20031112;000000;59;59.3;55.3;56.55;12768987;723921504.91
RTKM;D;20031113;000000;57.55;58.4;56.71;57.2;8049072;463442934.38
RTKM;D;20031114;000000;57.2;57.47;56.7;56.9;3718542;212192750.6
RTKM;D;20031117;000000;56.7;56.7;54.72;54.75;5803176;321789696.86
RTKM;D;20031118;000000;54.7;55.25;52.51;52.71;8106295;435297478.2
RTKM;D;20031119;000000;52.7;53.4;51.21;52.34;11712198;612748684.69
RTKM;D;20031120;000000;53.28;54.79;52.6;54.77;10510094;564924550.79
RTKM;D;20031121;000000;54.76;55.33;54.3;54.62;9319230;511976521.62
RTKM;D;20031124;000000;55.05;55.73;54.28;55.32;6857132;377983461.38
RTKM;D;20031125;000000;55.58;56.69;54.75;56.2;5180675;287934631.19
RTKM;D;20031126;000000;56.3;58;55.8;57.32;11867420;676057156.96
RTKM;D;20031127;000000;57.5;57.89;56.65;57.71;4158376;238065954.02
RTKM;D;20031128;000000;57.75;58.37;55.3;56.78;9868430;562971514.96
RTKM;D;20031201;000000;57.38;57.38;55.74;57.15;3874283;219443294.82
RTKM;D;20031202;000000;57.5;59.72;57.4;59.59;12662217;745157052.38
RTKM;D;20031203;000000;59.72;60.69;59.05;60;9481477;569573832.84
RTKM;D;20031204;000000;59.99;60.45;58.85;59.06;4976379;296538473.01
RTKM;D;20031205;000000;58.7;59.17;57.99;58.35;6427647;376258858.52
RTKM;D;20031208;000000;58;59.5;57;59;6391302;376837819.98
RTKM;D;20031209;000000;59.11;60.15;58;59.4;10951705;650926545.64
RTKM;D;20031210;000000;59.4;61.59;59.01;60.79;15889579;965569394.32
RTKM;D;20031211;000000;60.8;61.95;59.9;61.3;10995455;672916098.01
RTKM;D;20031215;000000;61.9;63.1;61.51;62.72;8520262;532679489.84
RTKM;D;20031216;000000;62.2;62.9;60.81;60.97;7270465;450805866.78
RTKM;D;20031217;000000;60.5;61.07;60.02;60.71;5535297;335565100.54
RTKM;D;20031218;000000;60.92;62.2;60.61;62.2;8214519;506225760.98
RTKM;D;20031219;000000;62.5;63.2;61.89;62;9092654;569133331.42
RTKM;D;20031222;000000;62;62.24;61.5;61.85;4857109;301072091.51
RTKM;D;20031223;000000;61.8;62.15;60.35;60.5;9428987;576627926.81
RTKM;D;20031224;000000;60.49;60.95;59.65;59.99;5878061;353731336.57
RTKM;D;20031225;000000;60;60.08;59.21;59.8;3454002;205953575.57
RTKM;D;20031226;000000;59.58;60.68;59.58;60.2;3714252;223724148.32
RTKM;D;20031229;000000;60.7;60.7;59.8;60.14;1795837;108182391.09
RTKM;D;20031230;000000;59.98;60.36;59.7;59.9;2195652;131738199.27
RTKM;D;20040105;000000;61;62.6;60.33;62.5;6443263;396991273.67
RTKM;D;20040106;000000;63.21;63.7;62.6;63.1;9532057;602122791.56
RTKM;D;20040108;000000;62.95;63;62.06;62.5;6475271;404305967.16
RTKM;D;20040109;000000;62.98;64.15;62.6;64.09;11897163;757996676.88
RTKM;D;20040112;000000;64.35;64.48;62.51;62.51;6648266;421512960.67
RTKM;D;20040113;000000;62.48;63.3;61.95;62.14;7123719;446748874.34
RTKM;D;20040114;000000;62.22;62.97;61.8;62.82;6932191;432725160.46
RTKM;D;20040115;000000;62.95;63.28;61.5;61.5;10142668;633965505.04
RTKM;D;20040116;000000;61.45;63.15;61.09;62.3;10993532;686354119.7
RTKM;D;20040119;000000;62.89;62.96;62.18;62.88;4222544;264288557.14
RTKM;D;20040120;000000;63.01;64.3;62.9;63.66;14635340;932761196.95
RTKM;D;20040121;000000;63.7;64.06;63.11;63.74;5780361;368312624.99
RTKM;D;20040122;000000;63.9;66.2;63.6;65.52;19143573;1241819036.91
RTKM;D;20040123;000000;65.53;66.16;65.02;65.9;9272223;608874909.26
RTKM;D;20040126;000000;65.79;66.58;64.62;65.08;11003646;721240109.69
RTKM;D;20040127;000000;65.19;65.85;64;65.24;11967877;776034546.21
RTKM;D;20040128;000000;65.51;65.51;64.17;64.31;4779446;309648329.46
RTKM;D;20040129;000000;64.2;64.93;64.1;64.7;4569471;295092188.39
RTKM;D;20040130;000000;64.49;64.49;62.72;63.2;10112967;640699268.6
RTKM;D;20040202;000000;63.01;63.42;61.49;61.87;8282529;515607032.43
RTKM;D;20040203;000000;61.89;63.2;61.89;63.1;5216211;327007782.64
RTKM;D;20040204;000000;63.4;64.46;63.1;63.7;9179236;586987933.66
RTKM;D;20040205;000000;63.3;63.79;62;62.1;8402763;530775760.15
RTKM;D;20040206;000000;61.5;62.5;61.5;62.48;6214981;385748234.86
RTKM;D;20040209;000000;62.87;64.1;62.75;63.89;9135491;580524324.01
RTKM;D;20040210;000000;64;64.35;63.11;63.5;5048382;322138527.97
RTKM;D;20040211;000000;63.5;63.84;63.23;63.4;4111646;261100779.22
RTKM;D;20040212;000000;63.71;65.28;63.65;65.26;11697729;754895883.71
RTKM;D;20040213;000000;65.55;65.75;64.85;65.1;6058855;395401710.53
RTKM;D;20040216;000000;65.05;65.27;64.55;65.14;3309496;214683667.18
RTKM;D;20040217;000000;65.19;66.3;64.66;64.79;13259818;870624830.12
RTKM;D;20040218;000000;65;65.79;64.5;64.66;8606358;561020116.1
RTKM;D;20040219;000000;64.74;65.09;63.38;63.6;10127218;648452104.63
RTKM;D;20040220;000000;63.6;64.75;63.5;64.1;8317444;533776729.33
RTKM;D;20040224;000000;64.5;66.3;63.96;65.23;24172657;1573938899.66
RTKM;D;20040225;000000;65.55;67.75;65.54;67.2;22299922;1496177662.15
RTKM;D;20040226;000000;67.5;68.25;67.1;67.73;15355147;1041178642.77
RTKM;D;20040227;000000;67.74;68.75;67.65;68.5;13778410;942232049.19
RTKM;D;20040301;000000;68.87;69.45;67.8;69;14063537;967383640.43
RTKM;D;20040302;000000;69.09;69.42;67.61;67.65;14874262;1021593924.29
RTKM;D;20040303;000000;67.4;67.74;66.52;66.9;14712081;986891278.24
RTKM;D;20040304;000000;67.57;67.57;66;67.2;9434890;629971177.4
RTKM;D;20040305;000000;67.53;67.9;67.31;67.43;4827326;326496610.92
RTKM;D;20040309;000000;67.59;68.4;66.9;68.27;9196189;623532554.93
RTKM;D;20040310;000000;68.16;68.62;66.7;66.9;8636401;584083226
RTKM;D;20040311;000000;66.61;66.64;65.07;65.2;11839416;778601974.59
RTKM;D;20040312;000000;65;66;64.77;65.78;6880343;449693126.75
RTKM;D;20040315;000000;65.97;66.15;64.57;64.75;6901381;452487580.2
RTKM;D;20040316;000000;64.75;66.1;64.6;65.92;6567078;428596085.69
RTKM;D;20040317;000000;66.39;67.49;66.1;67.35;13035346;870570180.27
RTKM;D;20040318;000000;67.6;68.84;67.15;68;15821909;1076088267.3
RTKM;D;20040319;000000;68.02;69.32;67.61;68.6;13995154;958874069.79
RTKM;D;20040322;000000;68.02;68.65;66.8;67.67;8066979;545226966.98
RTKM;D;20040323;000000;67.2;68.3;67.12;67.97;6390196;433249420.8
RTKM;D;20040324;000000;68.01;68.45;67.35;67.79;4273652;290100270.64
RTKM;D;20040325;000000;67.72;68.21;67.2;67.95;4953821;335564474.79
RTKM;D;20040326;000000;68.2;68.95;67.95;68.25;7703170;527553698.06
RTKM;D;20040329;000000;68.6;69;67.78;68.97;5681541;389093186.38
RTKM;D;20040330;000000;69.53;69.95;68.83;69.2;12882209;894234184.9
RTKM;D;20040331;000000;69.46;70.2;69.1;69.34;10418659;725886353.24
RTKM;D;20040401;000000;69.95;71.64;69.56;71.64;15026899;1062130986.97
RTKM;D;20040402;000000;71.8;73.69;71.56;73.6;21080082;1533758598.9
RTKM;D;20040405;000000;73.8;74.67;73.41;74.12;10347514;766643590.05
RTKM;D;20040406;000000;74.3;74.7;71.85;72.3;10728945;785234492.99
RTKM;D;20040407;000000;72.35;73.85;72.25;73.62;7626600;557703055.76
RTKM;D;20040408;000000;73.93;74.52;73.3;74.3;6898640;511158878.95
RTKM;D;20040409;000000;73.76;74.95;73.43;74.95;6436866;477206655.97
RTKM;D;20040412;000000;75;76;74.85;75.14;9592559;723257971.24
RTKM;D;20040413;000000;74.89;75.75;72.9;73.03;15725768;1172028853.64
RTKM;D;20040414;000000;72.43;72.7;71.15;71.7;13975964;1008159156.99
RTKM;D;20040415;000000;72.01;72.89;70.43;71.2;8542317;610394406.39
RTKM;D;20040416;000000;71.41;71.5;69.53;69.53;6002362;424040652.94
RTKM;D;20040419;000000;70.11;72.47;69.99;72.4;8098118;578787570.45
RTKM;D;20040420;000000;72.6;73;71.55;72.68;6447249;466682580.95
RTKM;D;20040421;000000;72.5;72.5;68.17;68.3;12066493;842689957.79
RTKM;D;20040422;000000;68.24;69.39;67.26;68.47;8332012;569392329.54
RTKM;D;20040423;000000;68.86;70;65.8;66.3;12105095;821125176.68
RTKM;D;20040426;000000;66.51;67.56;65.8;66;12072574;804647053.95
RTKM;D;20040427;000000;66.15;67.05;65.61;66.69;7174793;475955461.26
RTKM;D;20040428;000000;66.7;67.69;65.81;65.99;8613533;576847847.25
RTKM;D;20040429;000000;64;64.29;61.7;62.51;13371958;844580623.37
RTKM;D;20040430;000000;62.26;63.94;62.1;63;5383972;340417444.48
RTKM;D;20040505;000000;66;66;63.25;63.75;5086184;326074626.2
RTKM;D;20040506;000000;63.5;63.64;62.32;62.5;2927586;184711082.04
RTKM;D;20040507;000000;61.99;62.15;59;59.45;8185302;497801323.43
RTKM;D;20040511;000000;57.06;57.96;55.01;57.6;7124292;401948953.28
RTKM;D;20040512;000000;58.2;59;57.3;57.4;8642050;503545957.42
RTKM;D;20040513;000000;57.59;58.45;56.3;57;7340664;421375515.53
RTKM;D;20040514;000000;57.36;57.99;56.03;57;4530516;257733471.86
RTKM;D;20040517;000000;56.7;62.2;56.3;62.14;11288660;677720368.35
RTKM;D;20040518;000000;61.99;62.75;60.71;61.7;7622716;471062485.45
RTKM;D;20040519;000000;61.58;63.25;61.04;62.75;8479183;529516036.01
RTKM;D;20040520;000000;62.7;63.48;62;62.39;8304527;521814113.69
RTKM;D;20040521;000000;62.36;62.79;61.81;62.4;4376341;272785617.29
RTKM;D;20040524;000000;64.28;64.28;62.36;63.85;5684161;359813514.39
RTKM;D;20040525;000000;63.82;64.1;60.74;61.08;11018707;684859738.71
RTKM;D;20040526;000000;61.81;62.8;60.81;62.2;10415858;644168963.21
RTKM;D;20040527;000000;62.49;63.49;61.66;62.1;6019220;376773456.74
RTKM;D;20040528;000000;62.2;62.39;58.96;59.05;8287634;500086652.94
RTKM;D;20040531;000000;59.16;59.71;58.4;59.37;4064962;239889585.18
RTKM;D;20040601;000000;59.3;60;56.61;58;6602906;383572578.3
RTKM;D;20040602;000000;58.3;61.63;57.6;61.4;8397391;503170751.46
RTKM;D;20040603;000000;61.8;62.9;59.8;62.8;8083211;495949316.53
RTKM;D;20040604;000000;62.85;62.85;60.8;61.06;5413994;334127881.64
RTKM;D;20040607;000000;61.18;62.3;61.18;62;3662855;226433158.01
RTKM;D;20040608;000000;62.43;62.45;60.81;62;7124354;438976407.45
RTKM;D;20040609;000000;61.85;63.35;61.37;61.7;6253602;390718829.35
RTKM;D;20040610;000000;61.5;61.87;59.55;60.2;7092983;429650175.36
RTKM;D;20040611;000000;60.27;61;59.75;60.5;2994605;180921002.89
RTKM;D;20040615;000000;60.3;60.49;58.01;58.67;4944707;291028789.97
RTKM;D;20040616;000000;58.96;59.79;56.8;59.79;5573867;324949346.2
RTKM;D;20040617;000000;59.83;62.89;59.67;62.75;7114711;434716312.08
RTKM;D;20040618;000000;63;63.4;62.4;62.7;4969902;312429327.05
RTKM;D;20040621;000000;63;64.55;63;64.16;5914963;378505285.55
RTKM;D;20040622;000000;64;64;62.65;63;2959128;187107297.8
RTKM;D;20040623;000000;63;64.3;62.71;63.16;4614313;294078436.58
RTKM;D;20040624;000000;63.16;64.78;62.92;64.15;6504368;417907718.24
RTKM;D;20040625;000000;64.25;64.67;62.6;62.7;3759536;238314208.83
RTKM;D;20040628;000000;62.6;62.67;61.31;61.99;3270096;202545504.98
RTKM;D;20040629;000000;62.43;62.43;60.71;61;3071371;188735509.91
RTKM;D;20040630;000000;61;62.19;60.92;61.73;2567400;158561945.06
RTKM;D;20040701;000000;62.4;63.72;59;59.74;10161525;632662310.14
RTKM;D;20040702;000000;59.2;60.19;58.6;59.48;4703924;279567502.71
RTKM;D;20040705;000000;58;60.09;57.8;60.07;2426244;143149483.85
RTKM;D;20040706;000000;60.16;61.1;58.33;58.74;6594606;392808573.91
RTKM;D;20040707;000000;58.76;59.62;57.4;58.25;6421553;373865790.62
RTKM;D;20040708;000000;58.01;59;57.54;57.8;4000801;231776731.29
RTKM;D;20040709;000000;57.6;58.1;57.41;58.1;2289256;132239280.3
RTKM;D;20040712;000000;58.73;59.65;58.04;59.65;3606032;212830358.13
RTKM;D;20040713;000000;59.6;60.35;59.35;60.1;5630140;337584430.91
RTKM;D;20040714;000000;60.31;60.36;58.74;59.2;6282583;372505612.71
RTKM;D;20040715;000000;59.13;60.1;59.02;59.8;6249113;373084436.04
RTKM;D;20040716;000000;59.97;59.98;59.31;59.8;1664528;99352100.79
RTKM;D;20040719;000000;59.96;61.29;59.7;60.88;5617979;341413563.75
RTKM;D;20040720;000000;60.91;61.39;58.72;58.83;6806127;408280114.06
RTKM;D;20040721;000000;59.06;59.52;58.06;58.11;3788051;222405901.94
RTKM;D;20040722;000000;57.55;57.99;56.84;57.03;4295818;246549334.04
RTKM;D;20040723;000000;57.1;57.85;56.86;56.86;2617384;150015350.68
RTKM;D;20040726;000000;57.5;58.19;55.57;55.6;5716032;325814120.93
RTKM;D;20040727;000000;55.81;56.67;54.6;54.9;6200515;344635434.07
RTKM;D;20040728;000000;55.5;55.79;51.13;51.45;7316302;391508113.01
RTKM;D;20040729;000000;51.75;53.93;51.72;52.5;5879789;310521912.37
RTKM;D;20040730;000000;53.09;54;52.7;54;2703837;144523727.3
RTKM;D;20040802;000000;54.5;54.9;53.08;53.75;3842219;208219651.17
RTKM;D;20040803;000000;54.02;55.14;53.75;54.37;5064128;276192842.67
RTKM;D;20040804;000000;54.25;54.5;53.52;54.05;2757921;148932091.01
RTKM;D;20040805;000000;55.1;55.75;54.05;54.22;6162201;339651947.58
RTKM;D;20040806;000000;54;54.25;52.34;53.4;4644084;247816415.58
RTKM;D;20040809;000000;55;55.2;54.17;54.4;3968049;216378927.68
RTKM;D;20040810;000000;53.9;54.5;53.11;54.5;2295898;123528311.71
RTKM;D;20040811;000000;54.5;54.63;52.6;52.61;2807085;150807684.7
RTKM;D;20040812;000000;52.68;53.5;52.4;53.4;4303575;228031037.19
RTKM;D;20040813;000000;54.65;54.75;52.75;54.56;6611632;356810653.78
RTKM;D;20040816;000000;54.51;55.92;54.21;55.8;6838910;377749610.09
RTKM;D;20040817;000000;55.81;56.58;55.41;55.6;6039701;338319141.73
RTKM;D;20040818;000000;55.59;56.85;54.22;55;9811665;544185527.64
RTKM;D;20040819;000000;55.34;57.63;54.5;57.33;7771735;435791892.88
RTKM;D;20040820;000000;57.48;58.39;57.11;58.2;8211543;474504711.07
RTKM;D;20040823;000000;57.83;58.8;57.6;58.3;4960024;288458189.59
RTKM;D;20040824;000000;58.3;59.45;58.29;58.65;6096412;359163370.17
RTKM;D;20040825;000000;58.25;58.57;57.68;58.45;6397535;371551556.74
RTKM;D;20040826;000000;58.62;58.95;57.57;57.75;4612355;268131301.96
RTKM;D;20040827;000000;57.75;59.14;57.66;59.04;5612819;328782544.75
RTKM;D;20040830;000000;59.18;59.21;57.93;58.25;3961958;231619248.69
RTKM;D;20040831;000000;58.2;59.6;58.07;59.4;6906861;407757962.1
RTKM;D;20040901;000000;59.01;59.47;58.57;59.35;5379534;317372652.19
RTKM;D;20040902;000000;60;60.44;58.91;59.29;8476037;505794930.4
RTKM;D;20040903;000000;59.9;60.82;59.55;60.7;7406882;446434564.97
RTKM;D;20040906;000000;60.82;60.95;60;60.7;3879684;234760138.39
RTKM;D;20040907;000000;60.59;61.11;60.07;60.2;5676777;344129789.81
RTKM;D;20040908;000000;60.82;60.82;59.3;59.51;5705578;342006929.28
RTKM;D;20040909;000000;59.86;60.11;59.23;60.09;3601505;215239873.35
RTKM;D;20040910;000000;60.15;60.7;59.73;60;3966159;238894603.09
RTKM;D;20040913;000000;60.08;60.89;59.84;59.99;4133416;249175356.05
RTKM;D;20040914;000000;60.1;61.97;59.57;61.8;9353709;570551985.61
RTKM;D;20040915;000000;61.9;62.76;61.6;62.6;7648888;475256239.26
RTKM;D;20040916;000000;62.51;63.21;61.57;61.6;8904641;557041306.47
RTKM;D;20040917;000000;61.9;62.75;61.57;62.39;5428476;337931700.14
RTKM;D;20040920;000000;62.43;63.19;62.04;62.5;4823515;302145747.34
RTKM;D;20040921;000000;62.9;63.4;62.1;62.39;7735804;485561159
RTKM;D;20040922;000000;62.64;62.99;61.22;61.55;6870229;425765631.89
RTKM;D;20040923;000000;61.81;62.65;61;62.2;5408793;335045628.55
RTKM;D;20040924;000000;62.45;63.25;61.92;62.94;6282178;394145841.03
RTKM;D;20040927;000000;62.97;64.4;62.93;63.2;10947247;698228553.77
RTKM;D;20040928;000000;63.48;64.25;63.08;63.71;5523404;351992978.98
RTKM;D;20040929;000000;63.93;64.44;63.31;63.57;5675111;362498875.26
RTKM;D;20040930;000000;63.71;65.84;63.64;65.7;15208721;986622383.59
RTKM;D;20041001;000000;65.7;67.29;65.35;67.11;11041814;730350951.72
RTKM;D;20041004;000000;67.11;68.15;66.65;67.32;9811794;661226285.05
RTKM;D;20041005;000000;67.33;68.1;66.74;67.17;9093029;612015914.21
RTKM;D;20041006;000000;67.62;68.34;67.1;68.1;9776117;662009223.54
RTKM;D;20041007;000000;68.39;70.21;67.81;69.9;18176644;1255681088.12
RTKM;D;20041008;000000;70.02;71.05;69.51;69.7;10758243;754973004.9
RTKM;D;20041011;000000;69.7;69.85;68.85;69.31;7017534;486692389.61
RTKM;D;20041012;000000;69.01;69.65;65.21;65.68;14647075;988458536.79
RTKM;D;20041013;000000;65.69;66.45;65.3;65.6;8130373;535820417.65
RTKM;D;20041014;000000;65.39;66.43;64.75;66.2;9600687;630509464.97
RTKM;D;20041015;000000;65.6;66.17;65.03;65.65;5228001;342881873.6
RTKM;D;20041018;000000;65.95;67.2;65.83;66.3;8673131;577756672.52
RTKM;D;20041019;000000;66.78;66.79;65.85;66.15;6429539;426263882
RTKM;D;20041020;000000;66;66.27;62.7;62.92;11949134;770132932.72
RTKM;D;20041021;000000;63.21;64.6;62.8;64.6;8639203;550328008.46
RTKM;D;20041022;000000;64.61;65.65;64.6;65.54;5422561;353345292.48
RTKM;D;20041025;000000;65.23;66.5;64.8;64.85;9210263;605541595.55
RTKM;D;20041026;000000;65.02;67.05;64.01;67.05;8961868;585121297.55
RTKM;D;20041027;000000;67.2;68.14;67.05;67.7;9335426;631937341.08
RTKM;D;20041028;000000;67.84;67.84;65.41;66.15;11319106;753117836.87
RTKM;D;20041029;000000;66.3;66.7;65.61;66.55;6691999;443524989.59
RTKM;D;20041101;000000;67.01;67.47;66.63;66.89;5684854;381738471.23
RTKM;D;20041102;000000;67.1;67.96;65.27;67.7;13119946;874175912.18
RTKM;D;20041103;000000;67.91;68.37;66.37;66.74;10271937;691816832.32
RTKM;D;20041104;000000;66.8;68.07;65.74;67.95;8336272;558991273.5
RTKM;D;20041105;000000;68.11;68.3;67.4;68.21;8083777;548666751.89
RTKM;D;20041109;000000;68.25;71;67.5;69.29;14075364;976585624.54
RTKM;D;20041110;000000;69.1;69.39;68.16;68.89;8035714;553303389.6
RTKM;D;20041111;000000;68.8;69.75;68;68.85;7097410;488711067.97
RTKM;D;20041112;000000;69.05;69.2;68.31;68.6;1870148;128747035.6
RTKM;D;20041115;000000;69.15;69.49;68.85;69.1;3394030;234759420.65
RTKM;D;20041116;000000;68.62;69.25;68.51;68.86;4132475;284369409.63
RTKM;D;20041117;000000;68.38;69.7;68.38;69.14;5270561;365277514.82
RTKM;D;20041118;000000;68.82;71.1;68.7;70.7;14284940;1002399692.32
RTKM;D;20041119;000000;70.76;71.4;67.4;68.12;12523142;868220665.77
RTKM;D;20041122;000000;68.2;68.65;67.81;67.95;3714193;253375722.11
RTKM;D;20041123;000000;67.98;68.14;66.07;66.4;6581599;440362613.42
RTKM;D;20041124;000000;66.42;67.2;63.86;64;11763034;767804209.97
RTKM;D;20041125;000000;63.85;64.5;61.31;61.45;12550762;783660141.32
RTKM;D;20041126;000000;61.6;62.2;60.75;61.5;6270476;386410526.96
RTKM;D;20041129;000000;61.64;62.27;59.85;60.33;7830117;477280107.42
RTKM;D;20041130;000000;60.85;61.8;59.9;60.5;6236429;379341921.75
RTKM;D;20041201;000000;60.35;60.4;58.3;58.79;10200167;606213402.1
RTKM;D;20041202;000000;58.9;59.85;57.21;59.3;12515478;733247236.92
RTKM;D;20041203;000000;59.21;59.25;53.05;54.41;20260492;1135528964.17
RTKM;D;20041206;000000;54.15;54.2;50.88;52.58;13611261;711496784.66
RTKM;D;20041207;000000;52.7;55.05;52.7;54.9;10924186;588432357.41
RTKM;D;20041208;000000;54.5;55.24;48.53;50.81;17449951;905412501.44
RTKM;D;20041209;000000;51.8;52.4;47.8;48.95;10547431;525804840.3
RTKM;D;20041210;000000;49.4;49.8;46.85;49.2;9894495;481097245.66
RTKM;D;20041214;000000;50.01;51.2;49.68;50.36;5861834;295999084.95
RTKM;D;20041215;000000;50.84;50.84;48.41;49.35;8548700;422334082.87
RTKM;D;20041216;000000;49.63;49.9;47.65;48.74;9220936;448849366.53
RTKM;D;20041217;000000;48.6;48.88;45.88;46.71;8024491;377863897.36
RTKM;D;20041220;000000;46.16;47.74;45.91;47.7;6043118;283420168.12
RTKM;D;20041221;000000;48.01;49.46;47.8;48.95;11407970;556221901.97
RTKM;D;20041222;000000;49;49.24;47.02;47.46;6440548;307669059.69
RTKM;D;20041223;000000;47.45;49.75;47.16;49.75;8918457;435956947.91
RTKM;D;20041224;000000;47.78;51.14;47.78;49.48;9597700;480896251.27
RTKM;D;20041227;000000;49.25;50.6;49;50.54;3643625;182414193.4
RTKM;D;20041228;000000;50.54;51.5;49.71;50.32;6522255;330527139.61
RTKM;D;20041229;000000;50.39;50.41;48.21;50.1;4686618;232181472.07
RTKM;D;20041230;000000;50.02;50.6;49.83;50.26;2856102;143520796.41
RTKM;D;20050111;000000;50.15;51.79;49.6;50.88;5174528;264160376.44
RTKM;D;20050112;000000;51.2;51.44;49.4;49.78;4903493;246608457.75
RTKM;D;20050113;000000;49.78;50.32;49.1;49.8;5023238;249807757.18
RTKM;D;20050114;000000;49.71;50.42;49.4;49.9;2965062;148223815.04
RTKM;D;20050117;000000;49.8;50.94;49.35;49.35;7079838;356409990.48
RTKM;D;20050118;000000;49.57;49.7;47.66;47.94;5798501;282011731.96
RTKM;D;20050119;000000;48;48.68;47.45;48.45;4920948;236947483.4
RTKM;D;20050120;000000;48.19;49.23;47.8;48.29;5616622;272535816.22
RTKM;D;20050121;000000;48.2;48.78;47.83;48.53;3610402;174721383.53
RTKM;D;20050124;000000;48.5;49.69;48.41;49.2;7581733;373059885.3
RTKM;D;20050125;000000;49.24;50.14;49.2;49.79;6806109;338083453.6
RTKM;D;20050126;000000;49.69;50.31;48.98;49.57;5333763;264454254.14
RTKM;D;20050127;000000;49.62;50.27;49.25;50.19;4213997;210078023.4
RTKM;D;20050128;000000;49.91;51.35;49.61;51.04;8141258;411184485.01
RTKM;D;20050131;000000;51.28;52.17;50.27;50.63;12753543;652730906.57
RTKM;D;20050201;000000;50.8;51.51;50.31;51.29;5087267;259552799.37
RTKM;D;20050202;000000;51.35;53.71;51.15;53.41;19361786;1020759191.4
RTKM;D;20050203;000000;53.9;56.89;53.81;56;33901868;1883160840.25
RTKM;D;20050204;000000;55.73;58.08;55.1;57.99;23236718;1314150940.93
RTKM;D;20050207;000000;58.21;59.59;57.31;57.39;24618605;1439350454.48
RTKM;D;20050208;000000;57.23;59.15;56.51;58.46;21967550;1276014054.57
RTKM;D;20050209;000000;58.7;59.49;57.99;58.21;17287278;1016618284.43
RTKM;D;20050210;000000;58.2;58.58;57.05;57.8;13444220;776611807.87
RTKM;D;20050211;000000;58.08;58.1;56.54;56.65;10367911;593854754.83
RTKM;D;20050214;000000;56.5;56.8;55.81;56.15;11001153;618728335.89
RTKM;D;20050215;000000;56.18;58.09;56.15;58;11934339;680592512.51
RTKM;D;20050216;000000;58.19;59.15;57.8;58.24;16828703;986179141.57
RTKM;D;20050217;000000;58.35;58.8;57.85;58.22;10193354;594447455.34
RTKM;D;20050218;000000;58;59.88;57.5;58.96;22903729;1347227902.99
RTKM;D;20050221;000000;59.1;60.52;59.1;60.37;18557934;1113689626.59
RTKM;D;20050222;000000;60.49;60.66;57.8;58.62;24885136;1474173772.71
RTKM;D;20050224;000000;58.7;60.16;57.82;59.9;21403853;1265989168.96
RTKM;D;20050225;000000;60.65;60.74;59.56;59.8;13161052;791132544.03
RTKM;D;20050228;000000;59.9;60.55;59.4;60.4;13837874;831278838.55
RTKM;D;20050301;000000;60.4;60.4;58.9;59.4;13057584;779035560.55
RTKM;D;20050302;000000;59.35;60.05;57.35;57.52;14658391;863162680.99
RTKM;D;20050303;000000;57.57;59.13;57.43;57.9;16364406;953644074.69
RTKM;D;20050304;000000;57.99;60.51;57.66;60.51;23262098;1373681917.75
RTKM;D;20050305;000000;60.5;61.35;60.35;61.22;8887118;541408149.52
RTKM;D;20050309;000000;60.66;62.6;60.66;61.15;20344206;1251412174.53
RTKM;D;20050310;000000;61.1;61.27;59.08;59.35;13504391;809395184.58
RTKM;D;20050311;000000;59.17;60.15;58.77;59.91;10907543;647582615.25
RTKM;D;20050314;000000;59.99;59.99;58.09;58.38;9864053;581371619.62
RTKM;D;20050315;000000;58.87;59.59;57.9;58.53;12203970;716784691.82
RTKM;D;20050316;000000;59.1;59.6;58.01;58.22;14304705;841620377.43
RTKM;D;20050317;000000;58;58.94;57.8;58.65;9926581;579883797.04
RTKM;D;20050318;000000;59.09;60.1;58.61;58.65;17060055;1012303803.27
RTKM;D;20050321;000000;58.65;59.08;56.63;57.09;13618235;785781788.68
RTKM;D;20050322;000000;57.09;57.7;56.36;57.6;11977566;684345990.74
RTKM;D;20050323;000000;56.71;57.28;55.8;56.55;13647648;771876356.79
RTKM;D;20050324;000000;56.49;59.35;56.3;58.83;23437240;1371869379.74
RTKM;D;20050325;000000;58.95;59.55;58.38;58.8;12028533;709515715.11
RTKM;D;20050328;000000;58.81;59.24;57.96;58.57;6699941;391777140.08
RTKM;D;20050329;000000;58.16;58.9;57.84;58.17;6606304;385035140.44
RTKM;D;20050330;000000;57.99;58.17;57.06;58.16;8808363;507089831.39
RTKM;D;20050331;000000;58.35;59.06;58.17;58.6;9757964;572589308.93
RTKM;D;20050401;000000;58.8;59.48;58.35;59.35;4810590;283458618.4
RTKM;D;20050404;000000;59.29;60.11;59;59.5;10378360;618020008.59
RTKM;D;20050405;000000;59.55;60.67;59.46;60.3;10609306;638269059.45
RTKM;D;20050406;000000;60.65;62.51;60.57;62.5;24611626;1520596905.92
RTKM;D;20050407;000000;62.69;64.26;62.66;63.79;28590281;1817118553.74
RTKM;D;20050408;000000;64;65.3;63.42;64.69;25490934;1643577902.91
RTKM;D;20050411;000000;64.21;64.98;61.81;62.75;27130797;1717600848.54
RTKM;D;20050412;000000;63.09;63.38;61.86;63.1;12104497;759561565.53
RTKM;D;20050413;000000;63.42;64.47;62.31;62.55;13880136;883646573.63
RTKM;D;20050414;000000;62.4;62.8;61.53;61.95;20097362;1250758731.43
RTKM;D;20050415;000000;61.9;62.25;61.1;61.14;13278341;819400538.86
RTKM;D;20050418;000000;60.6;60.8;59.81;60.3;11849235;714874265.51
RTKM;D;20050419;000000;60.3;61.05;60.19;60.47;11654120;706636842.41
RTKM;D;20050420;000000;60.89;62.4;60.7;61.14;21128335;1301994855.44
RTKM;D;20050421;000000;61;61.8;60.77;61.54;11773259;723352575.63
RTKM;D;20050422;000000;61.76;62.2;61.27;61.47;9121490;562261158.26
RTKM;D;20050425;000000;61.48;62.35;60.9;61.27;11644229;719152820.42
RTKM;D;20050426;000000;61.4;61.57;60.21;60.31;8386308;508795382
RTKM;D;20050427;000000;60.33;60.38;59.06;59.06;13045949;779571527.94
RTKM;D;20050428;000000;59.25;59.74;58.73;59.18;6854348;406472899.81
RTKM;D;20050429;000000;58.8;58.8;57.8;58.3;9799047;570538720.84
RTKM;D;20050503;000000;58.93;59.5;58.66;59.48;3032307;178983812.46
RTKM;D;20050504;000000;60.1;60.23;58.85;59.08;9240269;551020270.97
RTKM;D;20050505;000000;59.35;59.95;59.25;59.54;6081423;362584187.67
RTKM;D;20050506;000000;59.28;59.5;58.31;58.63;5033321;296786770.37
RTKM;D;20050511;000000;57.91;58.1;56.92;57.16;6739549;386814626.88
RTKM;D;20050512;000000;56.98;57.04;56.1;56.63;8034485;454348014.1
RTKM;D;20050513;000000;56.5;57.25;55.92;57.12;10883178;616930281.1
RTKM;D;20050514;000000;57.13;57.25;56.6;56.75;1779791;101173712.65
RTKM;D;20050516;000000;56.77;56.8;54.96;55.22;6945270;387976990.09
RTKM;D;20050517;000000;55.4;56.7;54.81;56.55;12056878;670235571.58
RTKM;D;20050518;000000;56.74;56.95;55.85;55.86;11327979;636893809.99
RTKM;D;20050519;000000;56.44;56.56;55.8;55.99;8123432;456081499.02
RTKM;D;20050520;000000;57.39;57.39;55.48;56.27;6152166;344051279.51
RTKM;D;20050523;000000;56.4;56.8;56.11;56.46;3081702;174041509.62
RTKM;D;20050524;000000;56.61;58.31;56.56;58.3;11565909;666392006.58
RTKM;D;20050525;000000;58.28;58.79;57.35;57.48;7858488;455812272.06
RTKM;D;20050526;000000;57.3;57.85;57.15;57.3;5528434;318066102.47
RTKM;D;20050527;000000;57.42;58.11;57.15;57.3;8345950;481347882.27
RTKM;D;20050530;000000;57.37;57.5;56.7;57.08;2949744;168031579.59
RTKM;D;20050531;000000;57.05;57.49;56.2;57.17;7376128;420026046.09
RTKM;D;20050601;000000;57.01;57.1;56.37;56.7;4466664;253136505.11
RTKM;D;20050602;000000;56.78;57.4;56.75;57.16;6936002;395652069.01
RTKM;D;20050603;000000;56.69;57.34;56.69;56.87;3212632;183070623.43
RTKM;D;20050606;000000;56.81;57.45;56.31;56.9;6551739;372889514.25
RTKM;D;20050607;000000;56.81;57.14;56.61;57.08;3637551;207192377.4
RTKM;D;20050608;000000;57.1;57.23;56.7;56.81;3398871;193579551.95
RTKM;D;20050609;000000;57.18;57.18;56.55;56.79;2476700;140529012.71
RTKM;D;20050610;000000;56.82;57.03;56.73;56.83;2807815;159685816.25
RTKM;D;20050614;000000;57.01;57.56;56.88;57.48;5286809;302283278.43
RTKM;D;20050615;000000;57.57;57.82;56.65;56.85;7367665;422033689.57
RTKM;D;20050616;000000;56.91;57.65;56.85;57.3;6229455;356741345.75
RTKM;D;20050617;000000;57.4;57.62;57.16;57.58;3327566;190973835.34
RTKM;D;20050620;000000;57.65;58.24;57.47;57.89;11214483;648811044.93
RTKM;D;20050621;000000;57.78;58.65;57.32;58.5;9577558;556239351.7
RTKM;D;20050622;000000;58.33;58.86;58.25;58.39;7254363;424788227.26
RTKM;D;20050623;000000;58.5;59.45;58.27;58.99;9186269;540475691.53
RTKM;D;20050624;000000;58.8;59.35;58.35;58.7;5654079;332268239.64
RTKM;D;20050627;000000;58.63;58.78;57.8;57.9;5266393;307055651.97
RTKM;D;20050628;000000;58.03;58.25;57.31;57.43;5484364;316086915.68
RTKM;D;20050629;000000;57.43;57.61;57;57.15;3867479;221647273.92
RTKM;D;20050630;000000;57.21;57.88;57.16;57.49;5439250;313016498.24
RTKM;D;20050701;000000;57.44;59.07;57.41;58.97;10762116;630244881.19
RTKM;D;20050704;000000;59.3;59.74;58.69;59.09;8104697;480776222.03
RTKM;D;20050705;000000;59.09;59.15;57.66;57.7;7997948;466323971.21
RTKM;D;20050706;000000;58;59.44;57.8;59.25;12166015;715138889.55
RTKM;D;20050707;000000;59.27;60.25;57;58.75;21956780;1289026059.66
RTKM;D;20050708;000000;59.09;60.63;59.09;59.87;16533734;992000698.81
RTKM;D;20050711;000000;60.4;60.75;59.75;60;9719640;585234487.6
RTKM;D;20050712;000000;62.56;62.56;59.25;59.77;5585264;333605747.22
RTKM;D;20050713;000000;59.77;60.43;59.51;59.9;6273648;377144965.6
RTKM;D;20050714;000000;60;60.27;59.48;59.98;4906308;293518887.94
RTKM;D;20050715;000000;59.81;59.89;58.95;59.2;3663691;217316745.96
RTKM;D;20050718;000000;58.88;59.59;58.35;58.35;4195380;247214190.92
RTKM;D;20050719;000000;58.22;59.34;58.08;59.12;6396726;376495482.59
RTKM;D;20050720;000000;59.15;60.25;59.15;59.6;6212959;371561284.83
RTKM;D;20050721;000000;59.63;60.15;59.11;59.28;7676571;458155245.43
RTKM;D;20050722;000000;59.4;59.99;58.86;59.79;3771917;224635289.67
RTKM;D;20050725;000000;60;60.25;59.25;59.62;5861659;350177237.22
RTKM;D;20050726;000000;59.62;60.05;59.2;59.3;5981253;356861144.01
RTKM;D;20050727;000000;59.33;59.79;59.3;59.54;3848283;229208522.05
RTKM;D;20050728;000000;59.65;60.75;59.65;60.13;8088242;487511358.9
RTKM;D;20050729;000000;60.25;60.6;59.58;59.67;4144598;248487906.48
RTKM;D;20050801;000000;59.44;59.44;58.37;59.05;5481941;322938254.33
RTKM;D;20050802;000000;59.17;60.25;59.1;60.05;9666955;579495155.98
RTKM;D;20050803;000000;60.25;60.47;58.65;58.9;10308121;617111756.47
RTKM;D;20050804;000000;58.9;63.2;58.7;63.17;33080729;2044198734.96
RTKM;D;20050805;000000;63.51;64.19;63.06;63.25;15723900;999147445.27
RTKM;D;20050808;000000;63.44;63.5;62.36;62.57;10879925;685590456.96
RTKM;D;20050809;000000;63;63.32;62.4;62.87;9774977;614545775.21
RTKM;D;20050810;000000;63.01;64.57;62.75;63.88;19663083;1253885776.1
RTKM;D;20050811;000000;63.89;64.25;62.31;62.41;10578403;667813768.86
RTKM;D;20050812;000000;62.36;62.91;61.5;62.07;10405141;647048628.49
RTKM;D;20050815;000000;62.09;62.47;61.73;62.2;4300572;267179068.54
RTKM;D;20050816;000000;62.38;64.1;62.38;63.69;14486160;917429732.61
RTKM;D;20050817;000000;63.7;63.95;62.4;62.71;13998515;885774150.92
RTKM;D;20050818;000000;62.71;63.75;62.17;62.57;13832556;869689994.16
RTKM;D;20050819;000000;62.8;65.36;62.59;65;24145074;1554559534.64
RTKM;D;20050822;000000;65.65;66.19;61.64;63.7;15813300;1020866804.05
RTKM;D;20050823;000000;64.01;64.34;63.2;63.34;9490185;605662000.76
RTKM;D;20050824;000000;63.33;64.21;62.8;63.7;14949839;952661642.13
RTKM;D;20050825;000000;63.69;64.49;63.5;64.44;8215220;526046534.34
RTKM;D;20050826;000000;64.4;65.21;64.05;64.5;11029218;714162295.65
RTKM;D;20050829;000000;64.15;64.65;63.92;64.29;3821826;245748535.07
RTKM;D;20050830;000000;64.67;65.25;63.85;63.98;8580195;553998005.27
RTKM;D;20050831;000000;64;64.37;63.23;64.3;10844261;691559226.88
RTKM;D;20050901;000000;64.3;66;64.11;64.9;14807056;962739853.34
RTKM;D;20050902;000000;64.9;66.6;64.81;66.5;17445965;1150244377.65
RTKM;D;20050905;000000;68.7;69.49;66.71;67.2;17923554;1212048844.82
RTKM;D;20050906;000000;67.19;67.38;64.6;64.8;18531049;1213261930.52
RTKM;D;20050907;000000;65.15;65.69;62.3;63.1;17009431;1082300284.9
RTKM;D;20050908;000000;64.49;64.49;63.35;63.8;11710155;748182019.39
RTKM;D;20050909;000000;64.25;68.75;63.96;68.75;42910308;2832899241.01
RTKM;D;20050912;000000;69.56;73.81;68.65;73.5;66311221;4690754759.33
RTKM;D;20050913;000000;74;75.13;72.31;72.6;57049428;4229416268.13
RTKM;D;20050914;000000;72.6;73.21;71.65;73.1;22744783;1647784591.05
RTKM;D;20050915;000000;73.31;75.73;73.27;74.62;26030991;1941968644.26
RTKM;D;20050916;000000;74.82;75.57;73.35;73.5;25627115;1909607892.59
RTKM;D;20050919;000000;73.5;74.15;72.55;72.78;13177211;966237964.53
RTKM;D;20050920;000000;72.82;73.75;69.7;70.65;17547848;1245721079.87
RTKM;D;20050921;000000;70.7;73.6;69.53;73;15067998;1066896277.29
RTKM;D;20050922;000000;73.1;74.2;71.5;72.2;13354225;967510135.49
RTKM;D;20050923;000000;73;73.61;71.95;72.05;9025723;657596242.65
RTKM;D;20050926;000000;72;73.18;71.05;72.58;9507833;688677734.36
RTKM;D;20050927;000000;73.53;73.99;72.6;73.34;16496981;1206243136.17
RTKM;D;20050928;000000;73.5;74.2;71.76;72.1;8400278;614733441.25
RTKM;D;20050929;000000;72.4;72.69;71.5;71.8;4472941;322742431.2
RTKM;D;20050930;000000;72;72.94;71.62;72.23;4710449;340515775.09
RTKM;D;20051003;000000;72.33;74.2;71.37;73.77;9746718;710791783.96
RTKM;D;20051004;000000;74.9;74.9;72.46;73.61;24842659;1825742738.71
RTKM;D;20051005;000000;73;74.91;71.23;71.5;24701490;1808321376.79
RTKM;D;20051006;000000;70.93;70.93;67.41;67.5;10204125;701969377.26
RTKM;D;20051007;000000;67.58;68.3;66.7;67.7;6160459;415891668.16
RTKM;D;20051010;000000;68.31;69.15;68.01;68.8;7280614;499714961.99
RTKM;D;20051011;000000;68.47;70.41;68.3;69.9;10741665;748015587.36
RTKM;D;20051012;000000;70.1;70.5;65.69;65.99;12080242;823985503.58
RTKM;D;20051013;000000;64.1;64.91;62.95;64.1;16343301;1044111943.6
RTKM;D;20051014;000000;63.9;64.75;62.45;62.59;11773714;750869092.38
RTKM;D;20051017;000000;62.98;63.7;60.33;61.65;9296515;574173237.8
RTKM;D;20051018;000000;62.3;63.25;61.83;62.59;9296493;581980210.1
RTKM;D;20051019;000000;62;62.09;60.03;61;9989213;608270331.96
RTKM;D;20051020;000000;62.01;63.7;60.4;60.5;9797755;611904303.85
RTKM;D;20051021;000000;59.03;62.94;58.8;62.9;11150135;672130574.37
RTKM;D;20051024;000000;62;63.95;61.72;63.65;11138411;700987022.78
RTKM;D;20051025;000000;63.7;63.95;60.55;60.96;10625150;658388445.53
RTKM;D;20051026;000000;61.2;62.33;60.21;60.53;5716718;349948194.41
RTKM;D;20051027;000000;60.45;60.7;58;58.02;10030726;591813483.93
RTKM;D;20051028;000000;58.03;59.15;57.61;58.89;7484116;437017043.43
RTKM;D;20051031;000000;60.77;60.77;58.71;59.9;6445671;382448195.73
RTKM;D;20051101;000000;60.51;60.88;59.82;60.22;4485576;270215497.12
RTKM;D;20051102;000000;60.5;62.65;60.22;62.54;9289298;573093891.66
RTKM;D;20051103;000000;63;63.19;61.52;62.2;7677148;478625560.26
RTKM;D;20051107;000000;62.44;62.73;61.07;62.22;4662311;288213357.99
RTKM;D;20051108;000000;61.7;62.4;61.3;61.74;3722998;230296620.65
RTKM;D;20051109;000000;62;63;61.82;62.15;6070601;379423989.3
RTKM;D;20051110;000000;63.87;63.87;61.5;61.53;6019178;374838138.91
RTKM;D;20051111;000000;61.7;62.41;61.18;62.3;4905121;303502890.6
RTKM;D;20051114;000000;62.3;63.85;62.11;63.5;8823864;558107758.17
RTKM;D;20051115;000000;63.5;65.17;63.2;64.49;14258352;914837134.04
RTKM;D;20051116;000000;63.95;64.64;63.65;64.64;4472703;286908951.71
RTKM;D;20051117;000000;64.95;67.35;64.6;66.25;20532034;1355269111.07
RTKM;D;20051118;000000;66.3;67.79;65.9;67.69;10933467;731545538.83
RTKM;D;20051121;000000;67.78;68.29;67;67;11594130;785069981.39
RTKM;D;20051122;000000;67.2;67.65;65.56;65.98;10950038;727657764.62
RTKM;D;20051123;000000;66;67.27;65.61;65.99;7237890;481001308.97
RTKM;D;20051124;000000;66.3;66.65;65.93;66.35;2846765;189092702.3
RTKM;D;20051125;000000;67.1;67.69;66.3;67.3;6327013;423785852.68
RTKM;D;20051128;000000;67.58;68.3;67.04;67.5;5703463;385984705.24
RTKM;D;20051129;000000;67;67.4;65.77;65.99;9135922;608523116.53
RTKM;D;20051130;000000;65.9;66.17;64.76;65.91;10301025;674037717.18
RTKM;D;20051201;000000;65.91;69.88;65.81;69.8;22366254;1527036114.73
RTKM;D;20051202;000000;70.5;70.98;68.03;68.7;17093452;1190427279.83
RTKM;D;20051205;000000;68.71;69.2;67.06;67.4;11794945;803237391.26
RTKM;D;20051206;000000;67.3;67.9;66.59;67;9131421;613697398.08
RTKM;D;20051207;000000;67.45;68.34;66.74;67.05;7884723;533004817.93
RTKM;D;20051208;000000;66;66.8;64.52;64.67;13432644;880859964.58
RTKM;D;20051209;000000;65.49;67.19;65.03;66.6;10983969;724401870.91
RTKM;D;20051212;000000;66.6;67.7;66;67.53;9358855;625548744.06
RTKM;D;20051213;000000;67.3;67.36;66.02;66.58;7249190;483636691.52
RTKM;D;20051214;000000;66.5;66.74;65.8;66.03;3705661;245232261.17
RTKM;D;20051215;000000;66.2;66.7;63.8;63.95;13836986;899995525.08
RTKM;D;20051216;000000;63.71;64.9;63.25;64.75;12058502;772468880.24
RTKM;D;20051219;000000;64.69;65.27;64.16;65;3601227;233906524.64
RTKM;D;20051220;000000;64.51;64.86;63.84;64;5188002;333284985.94
RTKM;D;20051221;000000;64.94;65.02;64.16;64.65;4296288;277700173.76
RTKM;D;20051222;000000;64.65;65.7;64.01;64.88;10520961;681817913.07
RTKM;D;20051223;000000;64.86;65.4;64.35;64.65;6845160;443438138.86
RTKM;D;20051226;000000;65.01;65.18;64.42;64.65;1844236;119251247.82
RTKM;D;20051227;000000;65.73;65.73;64.44;64.44;4570960;296641811.54
RTKM;D;20051228;000000;64.29;64.72;63.91;64.3;3811610;244841512.28
RTKM;D;20051229;000000;65.15;65.4;64.3;64.4;4482691;290468329.2
RTKM;D;20051230;000000;64.55;64.77;64.43;64.55;812524;52486462.15
RTKM;D;20060110;000000;66.5;67.99;65.72;67.79;8386583;561818650.28
RTKM;D;20060111;000000;67.76;69.25;67.2;68.78;11731956;801841442.8
RTKM;D;20060112;000000;69;70.4;67.9;67.96;14839344;1028784987.34
RTKM;D;20060113;000000;67.96;68.59;66.41;67.25;9528116;641260972.21
RTKM;D;20060116;000000;67.35;68.9;66.93;68.9;8182106;555488061.76
RTKM;D;20060117;000000;68.7;69.29;66.39;66.49;11110097;752188209.7
RTKM;D;20060118;000000;65;65.89;63.89;64.69;12849658;830529613.97
RTKM;D;20060119;000000;64.06;65.59;63.98;65.06;9624875;623456679.91
RTKM;D;20060120;000000;65.3;65.95;64.86;65.05;6403247;418156401.05
RTKM;D;20060123;000000;64.76;64.81;63.75;63.86;6305351;405414124.76
RTKM;D;20060124;000000;64.07;66.5;64;66.11;9616614;626985354.47
RTKM;D;20060125;000000;66.5;66.7;65.32;66.1;8358931;551693204.71
RTKM;D;20060126;000000;66.15;66.9;64.89;65;10216591;673254401.02
RTKM;D;20060127;000000;65.21;65.9;65;65.55;6971036;456431187.02
RTKM;D;20060130;000000;65.85;65.85;63.98;64.16;8064241;521499044.2
RTKM;D;20060131;000000;64;64.63;62.51;63.06;9959412;632487217.44
RTKM;D;20060201;000000;63.41;66.36;63.41;66.3;15504766;1013912486.1
RTKM;D;20060202;000000;66.47;66.52;64.36;65;8837757;576072416.4
RTKM;D;20060203;000000;64.05;65.95;63.7;64.8;11207984;725482549.49
RTKM;D;20060206;000000;65;66.2;64.8;65.68;9157146;601084055.22
RTKM;D;20060207;000000;65.53;67.85;65.3;66.9;15767789;1055990340.28
RTKM;D;20060208;000000;65.9;66.97;65.31;66.7;9135619;604498060.88
RTKM;D;20060209;000000;66.6;68.24;66.5;67.22;14615696;986364288.2
RTKM;D;20060210;000000;67.39;67.64;66.18;66.2;7074840;473556821.87
RTKM;D;20060213;000000;66.05;69.9;66.03;68.9;21317376;1459094862.08
RTKM;D;20060214;000000;68.65;69.77;67.54;68.65;12432881;853577273.61
RTKM;D;20060215;000000;69;75.74;66.8;75.4;75007435;5486775955.63
RTKM;D;20060216;000000;77;81.52;74.4;74.72;80984336;6350589398.81
RTKM;D;20060217;000000;74.5;77.67;74.01;76.4;31062972;2363208275.35
RTKM;D;20060220;000000;76.45;79.63;75.65;79.13;30494368;2381534656.87
RTKM;D;20060221;000000;79.24;79.8;76.2;79.55;36094681;2819995443.77
RTKM;D;20060222;000000;79;89.5;77.81;89.11;84170914;7100848287.19
RTKM;D;20060226;000000;87.05;96;87.05;93.36;46359791;4252414910.76
RTKM;D;20060227;000000;94;106.88;88.5;102.3;117114875;11492830523.42
RTKM;D;20060228;000000;99.98;108.41;90;93.5;74781258;7472262617.62
RTKM;D;20060301;000000;93.55;99.49;92.6;95.8;50321460;4859750809.55
RTKM;D;20060302;000000;96.6;98.99;89.25;91;45219244;4257237338.3
RTKM;D;20060303;000000;91.5;93.5;90.5;92.3;22469089;2067360671.54
RTKM;D;20060306;000000;91.4;94.3;89.8;93;19599616;1809789477.9
RTKM;D;20060307;000000;91.99;91.99;86.84;89.1;25805431;2299820291.4
RTKM;D;20060309;000000;86.1;86.99;83.32;84.98;16982057;1448685063.75
RTKM;D;20060310;000000;84.4;92.5;84.13;90.51;30434721;2702115659.61
RTKM;D;20060313;000000;90.7;98.8;90.7;97.38;30589179;2889503061.05
RTKM;D;20060314;000000;97.81;98.79;88.7;90;34773922;3235118303.77
RTKM;D;20060315;000000;91.44;93.95;90.25;93.4;25053934;2307687525.72
RTKM;D;20060316;000000;93;94.7;90.67;93.42;13182710;1223057105.13
RTKM;D;20060317;000000;93.19;95.2;91.6;91.72;16279113;1525096331.87
RTKM;D;20060320;000000;91.06;93.1;89.6;90.1;14867135;1349464776.79
RTKM;D;20060321;000000;89.7;92.6;88.88;91.3;16100554;1473364847.47
RTKM;D;20060322;000000;91.29;92.58;91.01;91.7;6583687;604502534.36
RTKM;D;20060323;000000;92.05;93.33;91.11;91.8;18198099;1677827609.56
RTKM;D;20060324;000000;92.38;93.09;89.51;90.3;12651748;1158806086.03
RTKM;D;20060327;000000;91;91.99;89.76;90.03;6198389;561344134.32
RTKM;D;20060328;000000;90.23;90.77;88.41;90.28;8752259;787057797.05
RTKM;D;20060329;000000;90.4;90.96;85.53;87.99;8071741;720162644.88
RTKM;D;20060330;000000;89;90.95;88.27;90.83;8436860;755860087.75
RTKM;D;20060331;000000;91;91.49;89.5;89.89;9118270;825327305.59
RTKM;D;20060403;000000;89.89;93.7;89.69;92.4;15964034;1476209686.27
RTKM;D;20060404;000000;92.4;93.19;90.9;91.04;7749870;712561657.43
RTKM;D;20060405;000000;91.58;93.7;91.06;92.67;8955218;830833141.98
RTKM;D;20060406;000000;93.38;96.82;93.32;94.34;23131216;2195877598.72
RTKM;D;20060407;000000;93.84;97.1;92.91;95.99;16438543;1562836109.48
RTKM;D;20060410;000000;95.71;97.49;94.65;96.74;12385512;1194816718.21
RTKM;D;20060411;000000;97.01;98.14;93.01;93.15;13016687;1246842474.37
RTKM;D;20060412;000000;93.33;95.43;92.55;95.43;8695355;818232438.41
RTKM;D;20060413;000000;95.44;97.15;94.67;95.05;9107248;871756228.65
RTKM;D;20060414;000000;95.5;97.49;95.1;96.51;4135639;398118444.13
RTKM;D;20060417;000000;96.69;97.4;95.51;97;4761440;459773159.53
RTKM;D;20060418;000000;97;97.3;96.5;96.65;4459424;431697365.03
RTKM;D;20060419;000000;97.23;100.45;96.88;98.8;22337921;2205602179.29
RTKM;D;20060420;000000;99.49;100.39;97.56;97.81;12659344;1250650414.91
RTKM;D;20060421;000000;97.49;97.81;96.11;97.14;7096852;688782730.99
RTKM;D;20060424;000000;96.53;98.85;96.53;97.68;7860927;769835157.01
RTKM;D;20060425;000000;97;98.18;96.4;96.91;6373644;620389878.56
RTKM;D;20060426;000000;97;98.5;96.5;97.82;6055159;590837026.46
RTKM;D;20060427;000000;97.99;100;94.11;95.98;13566787;1320036014.42
RTKM;D;20060428;000000;95.49;97.1;95.22;96.67;3125390;301050859.53
RTKM;D;20060502;000000;100.01;103.85;100.01;103.49;21112527;2166953826.92
RTKM;D;20060503;000000;104.2;104.8;98.8;99.85;13453960;1369161857.4
RTKM;D;20060504;000000;99.91;101.8;99.01;101.2;11306349;1137699270.91
RTKM;D;20060505;000000;100.78;101.48;99.5;100.05;10458372;1049366978.43
RTKM;D;20060506;000000;99.9;100;98.2;99.24;2864244;283930296.64
RTKM;D;20060510;000000;99.5;100.15;95.71;96.75;9080519;889989361.02
RTKM;D;20060511;000000;97;97.47;90;95.01;7044283;663091719.88
RTKM;D;20060512;000000;93.01;94;90.5;90.7;5148665;472511881.01
RTKM;D;20060515;000000;90;90.48;86.72;88.01;8184218;724290508.65
RTKM;D;20060516;000000;88.01;90.38;86.3;89.05;8690678;766700998.91
RTKM;D;20060517;000000;89.95;91.16;88.5;89.01;12099991;1087758564.75
RTKM;D;20060518;000000;86.01;88.5;85.02;87.06;7221839;626761992.51
RTKM;D;20060519;000000;87.08;88.6;85.5;85.64;4463980;387656465.89
RTKM;D;20060522;000000;85.99;86.35;78.03;81.9;13817278;1137583752.2
RTKM;D;20060523;000000;82.5;95.01;81;88.9;11931699;1035681708.89
RTKM;D;20060524;000000;87.01;88.45;84.5;87.6;6633764;577640645.61
RTKM;D;20060525;000000;87;93.7;86.5;93;7711597;703958472.28
RTKM;D;20060526;000000;93.9;97;93.22;96.92;8526307;810047667.99
RTKM;D;20060529;000000;96.98;99.25;96.01;99.15;10013792;979512125.13
RTKM;D;20060530;000000;98.15;100.7;95.4;100.34;16474924;1627598478.53
RTKM;D;20060531;000000;98.06;110.94;96.57;109.5;43066426;4600461900.84
RTKM;D;20060601;000000;111;112.5;105.01;110.8;18702465;2053607480.05
RTKM;D;20060602;000000;112;119.87;111;119;19022147;2213830685.02
RTKM;D;20060605;000000;123.15;126.3;120.5;125.9;14915854;1843012644.38
RTKM;D;20060606;000000;123.88;129.55;108.5;121.9;65066149;7995374763.33
RTKM;D;20060607;000000;122.6;126.7;115;121.5;20043183;2435242538.99
RTKM;D;20060608;000000;119;120.4;112.01;115;11864606;1395176031.73
RTKM;D;20060609;000000;119;122;117;119.32;4311002;509810180.65
RTKM;D;20060613;000000;114;114.99;108;108.08;8338382;926695991.5
RTKM;D;20060614;000000;106.99;111.99;99;109.15;15948864;1664378472.46
RTKM;D;20060615;000000;113.24;113.24;105;105.74;6941723;751494044.85
RTKM;D;20060616;000000;108.37;109.5;104.12;107;9588973;1028597548.43
RTKM;D;20060619;000000;105.88;119.7;105.88;118.3;7107892;819687813.35
RTKM;D;20060620;000000;115.8;121.72;115.8;117.9;9386020;1122638161.55
RTKM;D;20060621;000000;118;118.49;112.5;114.29;7886472;903446630.54
RTKM;D;20060622;000000;114.95;116.4;112.5;112.53;4247045;487424615.56
RTKM;D;20060623;000000;114.69;118.53;113;116.5;4598049;535047083.93
RTKM;D;20060626;000000;117.5;119.89;116.11;117.55;2575258;302400060.89
RTKM;D;20060627;000000;118.52;121.4;117.01;119.94;4207040;504222927.88
RTKM;D;20060628;000000;118.38;125;117.56;122.97;5902288;723617068.31
RTKM;D;20060629;000000;126.51;126.51;121.82;124.5;3093505;384511871.62
RTKM;D;20060630;000000;126;131;125.11;128.89;8672328;1116022361.75
RTKM;D;20060703;000000;128.69;129;124.01;126.4;2787413;352495205.41
RTKM;D;20060704;000000;126.4;128.98;123.6;126.5;2790238;353135011.93
RTKM;D;20060705;000000;127;128.5;125.25;125.5;2403665;303678389.56
RTKM;D;20060706;000000;126.05;133;125.5;131.7;5815850;757861578.07
RTKM;D;20060707;000000;133.54;135.4;129.01;130.7;4982441;663251061.04
RTKM;D;20060710;000000;128.05;131.98;127;131.72;3228473;419059067.24
RTKM;D;20060711;000000;132;132.4;128.25;128.3;3124612;407207749.92
RTKM;D;20060712;000000;128.65;130.9;127;128.7;2622017;337821390.71
RTKM;D;20060713;000000;127.51;129.49;122.3;123.03;3601586;450051489.46
RTKM;D;20060714;000000;122.53;126.9;116.69;125.41;2441372;301839208.21
RTKM;D;20060717;000000;125.31;127.85;122.01;126;2576457;321791406.45
RTKM;D;20060718;000000;125;128.7;124;128.45;2275628;287777148.65
RTKM;D;20060719;000000;128.45;140.19;127.55;139;7190663;970295664.49
RTKM;D;20060720;000000;139;142;132.75;135;8544956;1177223061.06
RTKM;D;20060721;000000;134.06;137.33;130.33;132.79;3057609;409261100.55
RTKM;D;20060724;000000;132.37;135;131.26;134.4;1711613;228852040.84
RTKM;D;20060725;000000;135.01;135.75;130.99;131.39;3140000;418131346.27
RTKM;D;20060726;000000;131.39;134.1;131.15;132.5;1253199;166585584.7
RTKM;D;20060727;000000;132.84;136.19;132.84;135.49;3691711;497236743.7
RTKM;D;20060728;000000;135.99;135.99;131.9;133.19;2660752;353938817.07
RTKM;D;20060731;000000;134.75;135.34;132.5;133.46;2027593;271672736.36
RTKM;D;20060801;000000;133.73;138.8;130.5;132.3;8098578;1094063351.74
RTKM;D;20060802;000000;132.06;133.46;129.43;130.2;4649362;610174728.07
RTKM;D;20060803;000000;130.7;130.7;124.02;125.9;6267361;792560898.54
RTKM;D;20060804;000000;126.02;128.25;125.2;126.2;4580657;580724640.64
RTKM;D;20060807;000000;126.2;126.85;125.21;126.65;3015966;379215354.12
RTKM;D;20060808;000000;127;127.9;125.75;126.85;2248228;284962271.97
RTKM;D;20060809;000000;126.84;129.87;126;126.01;2414644;307908090.88
RTKM;D;20060810;000000;125.71;127.28;124.3;126.79;2685581;338389701.63
RTKM;D;20060811;000000;127;131.49;126;127.5;3729267;479458057.91
RTKM;D;20060814;000000;127.99;129.8;127.1;129.19;2111318;271795274.26
RTKM;D;20060815;000000;132.58;132.58;124.82;126.99;2581261;325380354.4
RTKM;D;20060816;000000;127.11;130.67;125.35;130.1;1982150;255405383.53
RTKM;D;20060817;000000;130.5;131.96;128.68;131.59;2448236;319261358.75
RTKM;D;20060818;000000;131;137;127;127.6;8326511;1108965615.14
RTKM;D;20060821;000000;127;132;127;130;1619952;210059549.62
RTKM;D;20060822;000000;131;134;128.88;130.21;4749345;625796643.74
RTKM;D;20060823;000000;130.81;131.5;129.21;130.04;2259014;294207099.39
RTKM;D;20060824;000000;130;131.9;128.35;130.45;1623111;212219616.81
RTKM;D;20060825;000000;131;131.97;130.3;131.09;1133174;148544980.77
RTKM;D;20060828;000000;131.8;132;129.7;130.6;732422;95820905.48
RTKM;D;20060829;000000;131.51;131.7;129.7;130;2274425;297866978.38
RTKM;D;20060830;000000;130.17;131.22;129.7;130.8;808318;105602293
RTKM;D;20060831;000000;131.63;131.65;125.51;127.02;5236444;667362536.92
RTKM;D;20060901;000000;127.01;129;125.5;128.89;1596762;203956737.11
RTKM;D;20060904;000000;129.5;129.51;126.06;129;1131544;145286254.01
RTKM;D;20060905;000000;128.95;130.5;128.36;129.45;1288498;166597886.87
RTKM;D;20060906;000000;129.48;130.49;127.2;129.6;1564977;202677334.99
RTKM;D;20060907;000000;129.5;129.7;128.25;128.57;1335588;171893817.35
RTKM;D;20060908;000000;125.13;129.75;125.13;129.42;1254796;162148706.05
RTKM;D;20060911;000000;128.7;130.13;126.4;126.8;2797896;356055488.52
RTKM;D;20060912;000000;127.11;129.5;127.05;129.47;1508139;193270789.27
RTKM;D;20060913;000000;128.41;129.92;128.01;129.64;784849;101469105.97
RTKM;D;20060914;000000;130;130.51;128.81;129.25;1240558;160818973.4
RTKM;D;20060915;000000;129.25;129.99;128.11;128.9;1176043;152107312.97
RTKM;D;20060918;000000;129.92;130.2;128.9;129.26;468861;60691501.84
RTKM;D;20060919;000000;129.5;130.3;129.01;129.55;1069675;138858153.96
RTKM;D;20060920;000000;127.9;129.2;127.55;128.87;2332303;299513366.59
RTKM;D;20060921;000000;129.9;133.16;129.2;129.48;5074606;663306550.91
RTKM;D;20060922;000000;130.06;130.88;128;129.2;5875390;759145514.79
RTKM;D;20060925;000000;128.87;130.29;125.5;129.49;3167379;406377724.83
RTKM;D;20060926;000000;129.75;131.98;129.1;130.76;4101586;534848172.77
RTKM;D;20060927;000000;132.84;133;130.25;131.87;2444755;322042829.98
RTKM;D;20060928;000000;133;133;131.14;131.8;1611709;212652790.48
RTKM;D;20060929;000000;138.89;138.89;131.7;134;5041680;672293696.09
RTKM;D;20061002;000000;134.44;136.65;134;135.99;3185032;430407156.97
RTKM;D;20061003;000000;135.06;136.46;131.8;135;3709191;500724505.46
RTKM;D;20061004;000000;134;136.95;134;136.3;2810605;382323235.96
RTKM;D;20061005;000000;137;137.5;136.12;136.7;1774442;242932187.99
RTKM;D;20061006;000000;137.96;139.48;136.82;138.45;3008725;415811386.04
RTKM;D;20061009;000000;138.23;138.48;129.27;136.54;3385341;459848202.79
RTKM;D;20061010;000000;134.76;137.07;134.76;136.85;2224546;303029126.2
RTKM;D;20061011;000000;136.9;136.9;134.04;136.27;1397504;188953439.78
RTKM;D;20061012;000000;135.97;137.4;134.62;135.43;1682449;228601431.49
RTKM;D;20061013;000000;136;136.9;133.32;136.74;2798693;380625921.46
RTKM;D;20061016;000000;138.92;138.92;134.57;135.5;879915;119439281.02
RTKM;D;20061017;000000;136.07;136.4;133.79;133.8;1265058;171074284.55
RTKM;D;20061018;000000;133.3;135.84;133.3;134.1;838562;112757960.74
RTKM;D;20061019;000000;134;135.23;133.52;135.23;937551;125698730.3
RTKM;D;20061020;000000;135.6;135.69;131.31;133.29;1933433;256941270.21
RTKM;D;20061023;000000;133.37;133.45;131.52;133.24;545434;72265939.81
RTKM;D;20061024;000000;133.5;134;132;133.35;685300;91076544.44
RTKM;D;20061025;000000;133.49;134.4;132.51;134.35;815261;109091010.28
RTKM;D;20061026;000000;134.5;134.71;133.05;134;1062692;142290489.39
RTKM;D;20061027;000000;134;134;132.2;132.9;1891369;251361966.11
RTKM;D;20061030;000000;126.76;132.51;126.76;132.22;1423549;186575089.98
RTKM;D;20061031;000000;132.29;136.39;131.8;135.79;2664382;359776139.61
RTKM;D;20061101;000000;135.85;137.98;135.53;137.41;2357046;322690771.95
RTKM;D;20061102;000000;137.34;137.85;135.55;137.4;1691438;231637917.15
RTKM;D;20061103;000000;137.07;138.9;136.42;138.71;1293514;178661450.88
RTKM;D;20061107;000000;140.59;140.59;138.55;140.46;1949872;272448998.15
RTKM;D;20061108;000000;142.21;144.24;140.46;142.75;4662330;667603476.99
RTKM;D;20061109;000000;144;145.25;143.25;145;1316726;190112737.51
RTKM;D;20061110;000000;144.96;145.4;142.32;144.85;1698730;245117619.87
RTKM;D;20061113;000000;144.84;146.34;143.3;145.49;2575727;372759456.15
RTKM;D;20061114;000000;145.49;146.9;145.25;146.3;1560374;227748985.91
RTKM;D;20061115;000000;146.3;153.97;146.05;153.25;6198129;943451752.02
RTKM;D;20061116;000000;153.5;154.5;151.5;153.3;2171069;332123997.97
RTKM;D;20061117;000000;152.51;155.12;152.02;154.3;3008968;464321907.66
RTKM;D;20061120;000000;154.15;154.89;152.3;154.13;2372047;363800100.74
RTKM;D;20061121;000000;161.3;161.3;153.3;155.4;1208618;187344353.56
RTKM;D;20061122;000000;155;156.5;155;156;1838452;286597525.96
RTKM;D;20061123;000000;156;159.89;155;158.52;3747615;592057213.55
RTKM;D;20061124;000000;158.4;162.71;158.3;161.77;4888412;785872559.8
RTKM;D;20061127;000000;161.89;164.2;161.61;163;3593771;586323362.88
RTKM;D;20061128;000000;162.01;164.25;162;163.9;2059685;336330545.07
RTKM;D;20061129;000000;164.43;165.49;163.56;165.16;1739442;286786242.85
RTKM;D;20061130;000000;167;167.42;164.68;166.78;2519755;417972022.2
RTKM;D;20061201;000000;171;171;166;166.45;3024862;504711683.35
RTKM;D;20061204;000000;166.92;168.39;165.02;168.2;2720190;454943427.12
RTKM;D;20061205;000000;169.01;170.45;168.56;169.4;2874954;487714216.77
RTKM;D;20061206;000000;169.55;170.6;169;170.2;1753755;297861006.43
RTKM;D;20061207;000000;170;170.77;169.26;170.22;2798407;476073672.25
RTKM;D;20061208;000000;170.22;171.85;170.08;171.3;1795405;307315821.78
RTKM;D;20061211;000000;171.5;172.25;170.25;171.27;2254532;385878542.24
RTKM;D;20061212;000000;169.96;175;169.96;174.11;2689064;466146741.11
RTKM;D;20061213;000000;173.15;175.49;171;173.9;2397054;414148111.78
RTKM;D;20061214;000000;174.54;179.49;174.54;178.99;3198172;567642133.36
RTKM;D;20061215;000000;184.41;186;175.15;184.1;5448858;987745426.64
RTKM;D;20061218;000000;183.9;186.5;181.1;185.88;5490641;1012378589.36
RTKM;D;20061219;000000;186.01;187.48;184;186.6;4347685;809320887.83
RTKM;D;20061220;000000;186.98;187.1;185.56;186.53;1182377;220535908.1
RTKM;D;20061221;000000;186.52;191.69;186;190.1;3271439;619122863.4
RTKM;D;20061222;000000;190.05;194.3;182.1;185.97;5032356;965240564.71
RTKM;D;20061225;000000;185.51;195.76;174.13;194.3;13847411;2615305796.23
RTKM;D;20061226;000000;194.7;198.5;194.03;194.87;4609787;904492309.53
RTKM;D;20061227;000000;194.87;197.43;194.22;196.89;2363875;464411386.83
RTKM;D;20061228;000000;197.76;202.5;197.5;199.81;3558784;710278949.58
RTKM;D;20061229;000000;199.02;205.84;194.01;194.79;2503829;503084382.67
RTKM;D;20070109;000000;196;205.5;194.55;198.5;3725975;744951042.08
RTKM;D;20070110;000000;198.61;199;185.5;192.5;5269448;1009711005.88
RTKM;D;20070111;000000;190.13;198.35;186.07;194.75;3122067;607346626.74
RTKM;D;20070112;000000;195.13;196.49;192.5;194.25;1804179;351379542.37
RTKM;D;20070115;000000;196;199.75;194.6;198.8;2009812;396376795.72
RTKM;D;20070116;000000;198.88;201.07;195.88;196.5;2799821;555847157.41
RTKM;D;20070117;000000;197;198;192.04;195;1890774;369311128.99
RTKM;D;20070118;000000;195.5;198.3;193.58;196.24;1667424;327129324.42
RTKM;D;20070119;000000;195;198.89;194.6;197.01;961627;189214217.2
RTKM;D;20070122;000000;199;199.92;198.1;199;958795;190940827.76
RTKM;D;20070123;000000;198.95;203.7;198.5;202.15;3284480;661248316.88
RTKM;D;20070124;000000;205.65;205.65;200.01;200.89;1948484;392635480.12
RTKM;D;20070125;000000;203.34;205.79;199.5;205.45;3150770;639721489.6
RTKM;D;20070126;000000;202.46;205;201.01;203.64;1548225;314223971.78
RTKM;D;20070129;000000;204.48;208.99;203.02;205;2889951;594555991.75
RTKM;D;20070130;000000;205.76;207.99;204.3;207.5;1983161;410345612.76
RTKM;D;20070131;000000;208;209.9;207.4;209.7;1604682;334614454.53
RTKM;D;20070201;000000;209.95;215.5;209.88;212.7;3226988;687037218.61
RTKM;D;20070202;000000;214.95;215.99;211.22;213.65;1700650;364169305.54
RTKM;D;20070205;000000;214.64;215.75;212;214.5;1421791;304406258.51
RTKM;D;20070206;000000;214.1;214.88;210.12;212.55;2309161;490140619.65
RTKM;D;20070207;000000;212.7;212.8;208.21;209.43;2317992;486021476.81
RTKM;D;20070208;000000;215.1;215.1;206.84;208.01;1687960;351163183.39
RTKM;D;20070209;000000;208.31;211;207.01;208.95;702420;146162935.74
RTKM;D;20070212;000000;210.98;210.98;200;202.22;2206945;447226367.65
RTKM;D;20070213;000000;203.01;210;201.2;209.8;1824916;375282287.35
RTKM;D;20070214;000000;209.71;210.4;207.22;209.03;691688;144424047.86
RTKM;D;20070215;000000;210.3;215;208.7;214.5;2700065;575653879.4
RTKM;D;20070216;000000;214.87;218;213.67;215.5;1667172;359205092.81
RTKM;D;20070219;000000;213.71;215.9;212.12;214;1761073;376608785.48
RTKM;D;20070220;000000;211.75;215.63;211.75;215;1304833;280159500.81
RTKM;D;20070221;000000;214.49;218.55;213.6;215.25;1796234;387961780.18
RTKM;D;20070222;000000;216.14;217.23;213.61;216.39;1199617;259364890.06
RTKM;D;20070226;000000;216.5;220.9;216.01;219.8;1456600;319381298.39
RTKM;D;20070227;000000;218;224;208;210.46;3020628;642759886.12
RTKM;D;20070228;000000;207;211.45;200.16;209.99;3019925;626327803.1
RTKM;D;20070301;000000;210.5;214.83;204.3;209.4;2235230;467984246.38
RTKM;D;20070302;000000;209.69;212.8;208;210.99;837236;175738770.15
RTKM;D;20070305;000000;206;206;200.3;205.4;2172488;440587466.55
RTKM;D;20070306;000000;207;210.98;206.58;210.2;1398766;293411648.33
RTKM;D;20070307;000000;213.38;214;210;211.76;1538107;324489931.34
RTKM;D;20070309;000000;213.26;217.59;212.13;216.5;1681105;362210278.71
RTKM;D;20070312;000000;216.82;220;216.01;217.8;1483251;323390469.38
RTKM;D;20070313;000000;217.83;221.99;215;219.2;1976426;432577427.98
RTKM;D;20070314;000000;216;216.95;208;215.11;2026773;432503458.9
RTKM;D;20070315;000000;218.25;219.5;212.8;217.25;1733766;374807588.55
RTKM;D;20070316;000000;217.25;219.5;216.01;218.5;1296732;283383556.44
RTKM;D;20070319;000000;219.5;225.96;217.9;223.82;2251732;499985659.82
RTKM;D;20070320;000000;224.01;227;219.51;220.9;1528422;339959027.85
RTKM;D;20070321;000000;221.51;223.98;220.01;223.08;718201;159851643.68
RTKM;D;20070322;000000;225;225.8;201;224.8;1964413;439220051.51
RTKM;D;20070323;000000;224.4;227.87;223.9;227.45;1079364;244897351.65
RTKM;D;20070326;000000;227.53;228.9;227.5;228.08;441554;100703486.45
RTKM;D;20070327;000000;219.25;230.9;219.25;229.2;1020899;234091292.51
RTKM;D;20070328;000000;228.51;229.98;226.25;227.9;2422848;553498132.52
RTKM;D;20070329;000000;223.3;228.86;223.3;226.96;2862738;648518533.68
RTKM;D;20070330;000000;228;228;222.5;223.6;2262737;509144352.14
RTKM;D;20070402;000000;224;225.9;219.16;219.95;3733847;825171293.68
RTKM;D;20070403;000000;219.95;224.68;217.88;221.52;1805807;398355486.96
RTKM;D;20070404;000000;222.11;223.5;221;221.29;811585;180118352.54
RTKM;D;20070405;000000;222.6;224.95;221.8;223.5;1677805;375048724.49
RTKM;D;20070406;000000;224.74;224.98;223.78;224.05;955281;214004574.09
RTKM;D;20070409;000000;224.08;226.75;224;225.91;1254451;282658703.28
RTKM;D;20070410;000000;226.24;226.9;225.42;225.87;1447593;326773460.67
RTKM;D;20070411;000000;226.1;228.88;225.9;227.5;1268970;289164115.16
RTKM;D;20070412;000000;226.33;227.9;225.6;226.1;1308947;296299480.56
RTKM;D;20070413;000000;226.71;229.98;226.71;228.07;2257371;515401282.09
RTKM;D;20070416;000000;229.65;229.99;227.4;228.87;1124372;257035692.41
RTKM;D;20070417;000000;228.9;229.85;227.9;229.01;1252373;286825718.14
RTKM;D;20070418;000000;229.01;231.89;227.75;229.59;1531061;350924527.82
RTKM;D;20070419;000000;228.05;232.32;227.35;230.9;1680226;386741921.52
RTKM;D;20070420;000000;231;240;230.75;240;2052360;485135094.06
RTKM;D;20070423;000000;240;244;238.1;242.64;1165604;281710778.27
RTKM;D;20070424;000000;243.05;247;242.86;246.15;1792760;439932687.28
RTKM;D;20070425;000000;245.33;252.52;244.5;251.2;2733555;681912579.72
RTKM;D;20070426;000000;253.89;256.7;252.21;255.55;2514634;640523614.11
RTKM;D;20070427;000000;255.99;258.39;232;232.77;6811732;1678576028.23
RTKM;D;20070428;000000;232.77;235.41;223.02;225.39;4794187;1093378433.18
RTKM;D;20070502;000000;223.05;226;220.06;223.81;2153535;481605520.77
RTKM;D;20070503;000000;225.52;228.46;224.53;227.59;1500252;339853677.9
RTKM;D;20070504;000000;229.46;234;228.51;233.9;3064683;711111420.98
RTKM;D;20070507;000000;235;237.48;230.76;232.83;2476993;578925972.85
RTKM;D;20070508;000000;229.76;234.78;229.76;233.99;2332194;544041909.28
RTKM;D;20070510;000000;234;234.99;233;233.5;1433755;334920664.13
RTKM;D;20070511;000000;232;236.88;226;234.87;2009709;469738165.36
RTKM;D;20070514;000000;234.89;236;228.5;235.34;1465863;343075045.38
RTKM;D;20070515;000000;228.29;235.89;228.29;235.35;1203383;282590312.52
RTKM;D;20070516;000000;236.08;241.8;235.01;239.78;1897265;450974122.26
RTKM;D;20070517;000000;239.39;243;237.12;237.99;2508544;602229150.13
RTKM;D;20070518;000000;238.17;240.4;235.1;240;1023495;244096759.5
RTKM;D;20070521;000000;240.71;241.5;238.6;240.93;1122432;269677341.83
RTKM;D;20070522;000000;241;242;236.51;238.86;1198228;287044479.29
RTKM;D;20070523;000000;244.83;244.83;235;235.2;1463037;345238585
RTKM;D;20070524;000000;236.72;236.72;226;229.41;1648264;376738330.61
RTKM;D;20070525;000000;228.5;231.5;226.25;230.3;776839;178434140.69
RTKM;D;20070528;000000;232.02;233.5;222.55;223.25;1310993;296749023.42
RTKM;D;20070529;000000;222;226.28;220.6;223.19;1453839;325054683.87
RTKM;D;20070530;000000;218;228.24;216;227.87;1316885;295625743.95
RTKM;D;20070531;000000;229.41;231.97;223.25;226.31;6028491;1366238402.57
RTKM;D;20070601;000000;227;229.98;224.6;229;1616920;367227579.22
RTKM;D;20070604;000000;229.1;229.5;225.55;227.2;610130;138418188.91
RTKM;D;20070605;000000;227.2;229.49;226.05;228.79;576261;131666713.41
RTKM;D;20070606;000000;234.37;234.37;227.55;230.84;645949;148516539.27
RTKM;D;20070607;000000;232.19;232.19;228.1;230;630126;145085191.07
RTKM;D;20070608;000000;229.56;229.99;226.11;229.2;891949;203359261.38
RTKM;D;20070609;000000;227.01;230.49;227.01;229.74;348149;80013952.64
RTKM;D;20070613;000000;229.77;236.99;227.5;235.76;2320884;543904080.99
RTKM;D;20070614;000000;238.3;239.49;236.5;238.24;1012053;240472005.03
RTKM;D;20070615;000000;238.35;241.7;238.25;241.5;697151;167584426.9
RTKM;D;20070618;000000;243.36;245.76;241.5;245.75;963609;234876455.44
RTKM;D;20070619;000000;244.99;248.5;243.8;246.05;960688;237267928.51
RTKM;D;20070620;000000;246.43;248.5;246.2;247.8;719502;178181138.84
RTKM;D;20070621;000000;246.05;246.05;240.31;243.3;1796519;435651828.61
RTKM;D;20070622;000000;243.3;250.01;240.56;247.36;2167181;533288136.84
RTKM;D;20070625;000000;245.5;247.47;244;244.99;1976872;485068265.68
RTKM;D;20070626;000000;245;246.5;244.5;245.8;1534358;377174020.5
RTKM;D;20070627;000000;245.55;247.5;243.5;245.01;1865171;458117597.66
RTKM;D;20070628;000000;245.5;246.98;245;245.58;1104550;271515953.25
RTKM;D;20070629;000000;247.29;247.29;229.05;244.57;2148194;524012420.38
RTKM;D;20070702;000000;246.11;252.42;245.55;247.9;2658621;665124906.02
RTKM;D;20070703;000000;248.25;250.9;247.16;248.3;1899495;471347475.43
RTKM;D;20070704;000000;248.15;250;248;249.3;1339337;333097421.23
RTKM;D;20070705;000000;250;250.94;248;248.99;1851455;462395798.46
RTKM;D;20070706;000000;249.75;250.4;244;247.99;1524992;377331157.58
RTKM;D;20070709;000000;248.51;249.5;248.15;249.5;1993451;496347928.57
RTKM;D;20070710;000000;250.29;250.29;246;246.5;1531359;380014764.29
RTKM;D;20070711;000000;245;248.35;241.57;247.71;2076945;513522757.68
RTKM;D;20070712;000000;248.2;250.6;248.2;250;2195371;548489463.68
RTKM;D;20070713;000000;251.2;253.98;250;253.6;1906188;479587601.74
RTKM;D;20070716;000000;253.01;253.35;250.45;251.19;1679539;423883709.07
RTKM;D;20070717;000000;249.37;251.85;248.13;251.6;2169185;544335340.5
RTKM;D;20070718;000000;250.03;251.87;248.52;249.35;1892366;474031926.54
RTKM;D;20070719;000000;249.65;253.97;249.65;252.8;1865468;471729846.65
RTKM;D;20070720;000000;252.79;253.32;244.28;244.6;3059415;761417850.32
RTKM;D;20070723;000000;243.55;246.87;242.8;246.47;2352870;578699572.35
RTKM;D;20070724;000000;247;247;242.5;243.65;1513268;371046885.17
RTKM;D;20070725;000000;246.2;246.5;243;246.01;1196642;293881405.08
RTKM;D;20070726;000000;247.5;247.5;241.13;242.22;1605594;390555402.49
RTKM;D;20070727;000000;240.12;243.9;235.13;241.27;1844147;442444160.45
RTKM;D;20070730;000000;239;243.98;239;240.77;1305816;315145355.63
RTKM;D;20070731;000000;242.1;243.54;241;242.95;1951948;473639399.13
RTKM;D;20070801;000000;238.64;245.78;238.01;242.6;1642519;398234103.93
RTKM;D;20070802;000000;242.57;244.87;240.75;243.99;1555689;376790224.6
RTKM;D;20070803;000000;244;244.8;243.23;244.15;1265304;309203311.57
RTKM;D;20070806;000000;243.06;245.5;241;243.25;1251190;304345871.24
RTKM;D;20070807;000000;243.68;244.94;243.1;243.65;959133;233762260.1
RTKM;D;20070808;000000;245.34;249.69;243.8;248.95;2968789;737159322.7
RTKM;D;20070809;000000;249.49;249.97;241.53;242.5;2249834;549782709.51
RTKM;D;20070810;000000;241.21;247.1;239.53;244.03;1858431;449836805.44
RTKM;D;20070813;000000;245;247.5;245;247.49;1894976;466424161.36
RTKM;D;20070814;000000;247.01;248.19;244.3;247.4;1713119;424311511.93
RTKM;D;20070815;000000;244.27;246.7;243.01;243.32;7679487;1870319371.7
RTKM;D;20070816;000000;239.75;244.14;237.1;240.1;2082865;498205739.87
RTKM;D;20070817;000000;239.93;252.95;239.51;250.3;2423126;601107150.86
RTKM;D;20070820;000000;251;252;248.68;249.01;1739947;435231213.54
RTKM;D;20070821;000000;250;251;247.75;249.3;2049047;509520544.45
RTKM;D;20070822;000000;249.94;251.95;249.04;249.05;1969161;492693994.22
RTKM;D;20070823;000000;252;252;249.25;249.85;2192452;547310180.84
RTKM;D;20070824;000000;250.01;251.7;248.1;251.7;2309277;577236204.5
RTKM;D;20070827;000000;252;254.48;251.21;252.7;2258483;570015716.52
RTKM;D;20070828;000000;254;254;251.4;253.21;2197245;555222978.72
RTKM;D;20070829;000000;249.73;252.42;249;252;2158094;542809977.96
RTKM;D;20070830;000000;253.39;254;251.15;252.5;1398070;353832402.9
RTKM;D;20070831;000000;252.81;255.4;251.5;253.05;2373658;602618380.38
RTKM;D;20070903;000000;254.19;254.6;251.71;251.88;2149621;543267087.15
RTKM;D;20070904;000000;252;253.75;251.93;253.49;1820333;461045823.61
RTKM;D;20070905;000000;253.6;255.89;253.6;254.88;2091895;533747064.24
RTKM;D;20070906;000000;255;256.26;253.01;254.96;2290174;583686312.54
RTKM;D;20070907;000000;255;255.99;253.31;254.4;2355345;600253673.7
RTKM;D;20070910;000000;254.2;254.97;250.61;254.21;2377434;603945737.67
RTKM;D;20070911;000000;254.18;254.9;252.71;253.02;1840458;466415767.18
RTKM;D;20070912;000000;253.3;253.97;251.53;252.06;2998466;756339897.66
RTKM;D;20070913;000000;252.5;257.99;252.5;257.2;3292728;839527948.83
RTKM;D;20070914;000000;257.2;257.98;255;255;2313564;591500656.55
RTKM;D;20070917;000000;255;258.5;253.7;258;3200169;822989719.59
RTKM;D;20070918;000000;259.88;260.49;255.86;257;2221519;572388751.48
RTKM;D;20070919;000000;259.17;261.54;257;258.6;3767614;976009456.86
RTKM;D;20070920;000000;260.01;260.01;258;259;3628557;939139619.83
RTKM;D;20070921;000000;259.01;260;258.6;259.78;2415704;626312086.4
RTKM;D;20070924;000000;260;261.53;258.6;258.81;1705525;442527106.02
RTKM;D;20070925;000000;259.01;260.35;258.55;259.85;1911333;496437854.92
RTKM;D;20070926;000000;256.58;262.36;256.58;262;2102226;548760299.12
RTKM;D;20070927;000000;261.48;263.4;261.48;261.98;769763;201939022.6
RTKM;D;20070928;000000;262.09;263.25;261;262.7;2138292;560183999.5
RTKM;D;20071001;000000;258.01;263.02;258.01;261.25;1978573;517618733.08
RTKM;D;20071002;000000;263.25;266.66;261.9;266.6;2329983;615991963.96
RTKM;D;20071003;000000;262.15;269;262.15;265.01;1838014;490585004.86
RTKM;D;20071004;000000;277.75;277.75;263.52;263.99;2120854;562513576.99
RTKM;D;20071005;000000;264;267.15;262.5;264.53;2120080;559940144.31
RTKM;D;20071008;000000;264.86;268.97;264.86;268.6;2218997;595198329.83
RTKM;D;20071009;000000;268.7;268.96;265.1;267;1987681;530701103.82
RTKM;D;20071010;000000;267.77;268.5;262.8;265;1815979;483451814.76
RTKM;D;20071011;000000;265.4;268;259.11;264.53;1983722;523811672.4
RTKM;D;20071012;000000;264.52;264.52;259.72;260.6;2003621;522484589.26
RTKM;D;20071015;000000;262.76;263;260.64;262.69;2474751;647398165.2
RTKM;D;20071016;000000;261.17;262;254;255.66;737890;189160103.61
RTKM;D;20071017;000000;255.61;258.45;253.01;257.6;1282820;329131659.41
RTKM;D;20071018;000000;257.6;258.89;253.03;253.16;1379943;351555791.91
RTKM;D;20071019;000000;253.01;253.99;248.3;248.3;1697188;428717952.59
RTKM;D;20071022;000000;244.93;247.98;242.42;243.48;1490609;365937915.2
RTKM;D;20071023;000000;244.8;245.98;243.04;244;2010199;491796967.36
RTKM;D;20071024;000000;248.91;248.91;240.31;242.5;1676908;406360078.57
RTKM;D;20071025;000000;241.25;246.5;241.25;244.77;1829283;448547511.55
RTKM;D;20071026;000000;245.95;247;242.02;245;2221048;541720013.93
RTKM;D;20071029;000000;245.67;246.5;243.19;244.2;2034265;499884616.74
RTKM;D;20071030;000000;241.77;245.9;241.77;244.06;2011846;490934759.97
RTKM;D;20071031;000000;241.5;245.37;241.5;243.49;2122905;516728598.08
RTKM;D;20071101;000000;244.75;246.1;242.05;243.6;694621;169601681.72
RTKM;D;20071102;000000;243.11;244.3;238;241.8;355484;86085275.82
RTKM;D;20071106;000000;241.8;241.8;238.3;239.5;2071539;495656054.19
RTKM;D;20071107;000000;240;241.98;237.5;237.5;895826;213920477.92
RTKM;D;20071108;000000;237;238.5;233.2;238.36;2024427;481576190.81
RTKM;D;20071109;000000;239;239;235.92;237.25;2150445;511719887.83
RTKM;D;20071112;000000;236.89;238.75;233.77;237.5;2068688;491775371.92
RTKM;D;20071113;000000;237.5;241.9;236;237.77;1885927;451825122.98
RTKM;D;20071114;000000;238.8;241.08;236;238.98;1984462;473642114.7
RTKM;D;20071115;000000;238.99;239.4;236.63;236.79;2327601;554065589.56
RTKM;D;20071116;000000;236.73;242.75;234.5;242.2;2093486;499536481.15
RTKM;D;20071119;000000;240.95;243.5;239.51;241.23;1904264;459783337.27
RTKM;D;20071120;000000;241.23;243.5;238.6;241.8;2065332;496558720.64
RTKM;D;20071121;000000;229.16;242.2;229.16;239.93;416129;99824693.45
RTKM;D;20071122;000000;239.93;242.35;239.02;241.5;2344195;564618220.28
RTKM;D;20071123;000000;240.5;242.35;239.51;240.25;2575226;619380660.41
RTKM;D;20071126;000000;245.9;245.9;240.25;245.14;2018954;493986731.36
RTKM;D;20071127;000000;251.65;251.65;244.21;245.8;2026704;497543833.16
RTKM;D;20071128;000000;245.8;254.5;244.55;253.99;1870200;469059969.04
RTKM;D;20071129;000000;256.8;260.6;256;259.9;880060;228045846.79
RTKM;D;20071130;000000;260;263.75;260;263.34;1048778;275825052.99
RTKM;D;20071203;000000;262.7;265.59;260.01;264.5;1884562;499831272.86
RTKM;D;20071204;000000;264.24;267.48;263.11;267.2;2240628;598166238.99
RTKM;D;20071205;000000;267.21;276;267.21;275.25;1959416;533077498.9
RTKM;D;20071206;000000;275.25;279.79;273.23;279.57;2449115;679563195.71
RTKM;D;20071207;000000;280;282;278.5;281;1949330;546098646
RTKM;D;20071210;000000;280.75;293.38;275.56;292;2671120;772819574.79
RTKM;D;20071211;000000;293;300;290.75;295.05;1798677;531825338.92
RTKM;D;20071212;000000;293.99;293.99;288.06;292.78;2186737;638090964.83
RTKM;D;20071213;000000;292.34;293;282.87;284.5;1882320;539178615.99
RTKM;D;20071214;000000;284.2;285.77;276.71;276.99;1975262;553823670.08
RTKM;D;20071217;000000;275.36;277;273.64;276.86;2077722;573437206.01
RTKM;D;20071218;000000;277.48;280.86;275.05;280.5;1966132;549637373.06
RTKM;D;20071219;000000;281;285.99;277.1;277.91;2013623;561037074.16
RTKM;D;20071220;000000;278.01;280.79;277.91;280.73;2044539;573100275.23
RTKM;D;20071221;000000;282;284.97;280.02;284.6;2457065;693340045.84
RTKM;D;20071224;000000;285;285.4;280.52;283;1221983;346898158.78
RTKM;D;20071225;000000;282.75;284.49;277.11;282.4;321717;90215813.52
RTKM;D;20071226;000000;282.51;283.88;279.4;282.41;1197806;338067287.6
RTKM;D;20071227;000000;282.52;292.6;279.55;292.45;2230284;643758829.54
RTKM;D;20071228;000000;291.03;294.95;288.02;288.62;745421;216076304.73
RTKM;D;20080109;000000;277.69;291.87;277.2;291.87;1489632;427474677.22
RTKM;D;20080110;000000;292.04;295.98;289.03;292;2186689;639288099.73
RTKM;D;20080111;000000;293;296;290.55;295.5;2414490;710678813.61
RTKM;D;20080114;000000;295.5;299.28;291;299;2298604;685735227.29
RTKM;D;20080115;000000;299.87;303.3;295.77;301.49;2249474;674388322.49
RTKM;D;20080116;000000;297.05;300.92;291.5;299;1716855;511023376.18
RTKM;D;20080117;000000;299;301.6;281.12;284;1776312;512956184.07
RTKM;D;20080118;000000;283;288.7;280;288.7;1949978;558769060.19
RTKM;D;20080121;000000;283.97;283.97;272.5;274.8;1788647;492170392.67
RTKM;D;20080122;000000;261.7;272.99;250.1;264;856473;226491785.96
RTKM;D;20080123;000000;276.4;276.4;260.01;268.11;2101556;572218997.17
RTKM;D;20080124;000000;277;281.67;271.12;281.67;2417094;669542848.96
RTKM;D;20080125;000000;282;284.87;279.56;282.05;1681537;476492355.89
RTKM;D;20080128;000000;275.77;278.99;275.01;277.11;2104834;583234191.98
RTKM;D;20080129;000000;285.16;285.75;277;285.74;2108849;597138776.35
RTKM;D;20080130;000000;284.49;286.39;281;284.66;1381481;394156567.9
RTKM;D;20080131;000000;284.07;286.17;274.74;275.7;1538442;426591265.49
RTKM;D;20080201;000000;279.94;287;278.87;285;2272882;646766967.79
RTKM;D;20080204;000000;286.29;288.47;283.03;284.96;2144685;614147561.38
RTKM;D;20080205;000000;282;286.27;275;280.65;2165314;612853423.44
RTKM;D;20080206;000000;277.06;285;273.06;284.49;2091583;591895521.19
RTKM;D;20080207;000000;284.54;284.54;265.5;273.31;1478084;411069200.79
RTKM;D;20080208;000000;275.5;277;272.31;273.31;1177232;323628523.36
RTKM;D;20080211;000000;272.38;278.5;272;277.3;176907;48811443.28
RTKM;D;20080212;000000;276.75;277.3;272;273.2;1927000;531208023.84
RTKM;D;20080213;000000;273.2;280;272.1;279.85;1984199;552538471.08
RTKM;D;20080214;000000;283.23;283.27;277.58;279.05;2021575;568618098.02
RTKM;D;20080215;000000;276.98;280.99;272.2;277.85;1789954;491681948.47
RTKM;D;20080218;000000;278;280.5;275.4;280.26;1759666;490570491.21
RTKM;D;20080219;000000;280.38;280.38;269.05;275.4;2189600;599624750
RTKM;D;20080220;000000;273.75;273.75;267.54;271.5;1978087;532356068.67
RTKM;D;20080221;000000;271.55;275.3;270.92;273.4;1856822;509759514.01
RTKM;D;20080222;000000;269.04;274.17;268.1;274;1690323;462817927.3
RTKM;D;20080226;000000;275.17;277.77;273.3;275.5;1790482;495043201.12
RTKM;D;20080227;000000;275.53;278.22;273.52;277.99;1901095;524230380.06
RTKM;D;20080228;000000;277.99;280.5;270;273.43;415806;115625228.71
RTKM;D;20080229;000000;273.01;281.47;273.01;281.46;2197099;611442375.71
RTKM;D;20080303;000000;279;279.97;274;277.3;2080697;578265374.35
RTKM;D;20080304;000000;278;280.5;275.56;279.8;1820618;506428129.88
RTKM;D;20080305;000000;279.75;281;277;279;268085;74868524.76
RTKM;D;20080306;000000;279.45;281;278.6;279.1;2082705;583621187.39
RTKM;D;20080307;000000;277.95;278.5;271.52;276.2;205838;56659176.24
RTKM;D;20080311;000000;272.95;275.19;270.24;274.6;2072206;566895580.78
RTKM;D;20080312;000000;274.69;276.77;274.69;275.81;2207150;609694029.83
RTKM;D;20080313;000000;267.53;279.47;267.53;278.55;2120111;587926756.86
RTKM;D;20080314;000000;279;279.9;274.7;276.69;1825967;509406938.86
RTKM;D;20080317;000000;276.69;276.69;262.18;270;2531797;678587669.33
RTKM;D;20080318;000000;270;278.99;268.11;278.29;2092785;572853275.6
RTKM;D;20080319;000000;280;280;271.3;278.8;1866006;519773296.26
RTKM;D;20080320;000000;275.1;280;273;279.9;2045745;568385967.3
RTKM;D;20080321;000000;280.8;283.75;275.72;275.75;2455875;682522354.51
RTKM;D;20080324;000000;275.73;279.15;274.66;277;1983256;549146037.13
RTKM;D;20080325;000000;284;284;273.5;278.05;1820580;504631955.77
RTKM;D;20080326;000000;278.03;279.78;274.1;277.5;2038941;563031084.58
RTKM;D;20080327;000000;276.16;281;276;280.94;1769394;494392479.61
RTKM;D;20080328;000000;281;282.5;278.64;282.24;292071;82199820.58
RTKM;D;20080331;000000;282.12;288.88;277.08;287;2162158;616016332.9
RTKM;D;20080401;000000;287;289.82;283.5;288.97;1768631;506565191.67
RTKM;D;20080402;000000;288.94;291.99;284.7;287.98;1752914;504295830.48
RTKM;D;20080403;000000;287.94;292.79;285.71;291.01;1893571;551865571.07
RTKM;D;20080404;000000;290.02;294.99;286;289.49;1871547;545195075.56
RTKM;D;20080407;000000;290.39;292.5;288.01;290.1;2083303;606376696.49
RTKM;D;20080408;000000;290.99;290.99;287;289.02;1970268;569054872.73
RTKM;D;20080409;000000;288.99;292.15;286.91;292;2062182;599138274.99
RTKM;D;20080410;000000;291;292.99;287.1;287.99;1759491;506827307.74
RTKM;D;20080411;000000;289.01;290.6;285.12;286.33;2038526;584364245.2
RTKM;D;20080414;000000;283.15;284.3;252.31;275.5;1856688;513498721.62
RTKM;D;20080415;000000;275.5;277.7;275;275.94;2024440;559053605.19
RTKM;D;20080416;000000;277.7;279.15;276;279.15;2491405;689811592.86
RTKM;D;20080417;000000;279.99;283.8;278.12;278.21;2084190;586760197.37
RTKM;D;20080418;000000;278.5;282.14;276.53;279;2046400;571979670.78
RTKM;D;20080421;000000;279.55;280.7;276.7;279.44;2159638;601963302.86
RTKM;D;20080422;000000;278.5;287.87;277.07;284.99;2231968;633281232.55
RTKM;D;20080423;000000;281.89;282.29;270;274.48;2157318;594531731.15
RTKM;D;20080424;000000;273.48;276.48;272.5;274.5;2176101;596344783.89
RTKM;D;20080425;000000;275.68;279.88;273.1;277.03;2183169;604280146.41
RTKM;D;20080428;000000;277.44;277.9;274.1;275.59;2188990;604856319.84
RTKM;D;20080429;000000;274.5;276.99;274.17;274.28;2298864;631212315.57
RTKM;D;20080430;000000;274;276.32;267.57;275.96;2268223;621081826.99
RTKM;D;20080504;000000;277.5;279;276.04;277.3;2047948;568593504.02
RTKM;D;20080505;000000;287.95;287.95;272.66;273;2290652;633459960.47
RTKM;D;20080506;000000;274.59;275.38;272.01;272.11;2254393;615357781.96
RTKM;D;20080507;000000;272.56;277.4;269;271.99;2677349;726835655.9
RTKM;D;20080512;000000;272.73;276.3;269.3;270.88;2505313;680635547.35
RTKM;D;20080513;000000;271.99;274.71;269.62;272.66;2504490;683285729.83
RTKM;D;20080514;000000;273.24;278;272.14;277.98;2575720;707193443.11
RTKM;D;20080515;000000;276.96;278.17;274.1;274.8;2347559;647687479.41
RTKM;D;20080516;000000;274.8;277.94;274.12;274.9;2309892;639928877.94
RTKM;D;20080519;000000;280.55;280.55;274.2;275.35;2171201;599417967.61
RTKM;D;20080520;000000;275.35;277.1;271;272.15;2157980;587611375.53
RTKM;D;20080521;000000;272.24;274.29;269;272.84;265307;72173960.64
RTKM;D;20080522;000000;270.75;272.79;269.01;269.1;2469503;667006939.06
RTKM;D;20080523;000000;275.83;275.83;266.33;268.89;2331348;623400212.08
RTKM;D;20080526;000000;268.98;273.5;266.79;272.3;2243807;610193306.23
RTKM;D;20080527;000000;272.89;274;269;270.06;2042197;552206573.64
RTKM;D;20080528;000000;273.65;273.65;268.18;269.87;2395604;644865802.72
RTKM;D;20080529;000000;269.7;271.51;267.08;268.65;2522853;678363465.39
RTKM;D;20080530;000000;269.99;274.11;268.27;271.9;2509384;682350274.61
RTKM;D;20080602;000000;268.01;273.3;268.01;271.54;2682528;724101462.86
RTKM;D;20080603;000000;270.54;272.8;268.4;269.88;2219920;599699454.85
RTKM;D;20080604;000000;278.88;278.88;265;270.01;2603700;700879128.81
RTKM;D;20080605;000000;269;271.35;265.21;268.4;2610953;699470719.67
RTKM;D;20080606;000000;269.36;281.21;266.61;277.74;2807839;777107610.15
RTKM;D;20080607;000000;275.51;291;275;289.22;2109215;604037079.74
RTKM;D;20080609;000000;289.11;294.4;283.98;283.98;2182735;626008291.69
RTKM;D;20080610;000000;282.27;288.95;276.3;278.55;2001697;558149579.95
RTKM;D;20080611;000000;277.28;280.89;274.1;276;2303095;638173114.65
RTKM;D;20080616;000000;276.5;279.8;275.08;278;2116248;585977050.04
RTKM;D;20080617;000000;275.97;278.48;275.3;276.49;2191648;605411600.27
RTKM;D;20080618;000000;276.43;277;271.46;273.11;2263488;623427613.25
RTKM;D;20080619;000000;270.99;273.86;270;271.2;2332292;635894661.63
RTKM;D;20080620;000000;271.21;273.4;269.01;271.29;2300833;622638524.44
RTKM;D;20080623;000000;270.66;270.66;266.1;266.89;519570;139481068.9
RTKM;D;20080624;000000;265.5;267.48;261.15;266;2809560;747899621.61
RTKM;D;20080625;000000;270.74;277;266.6;276.23;2171330;596510378.56
RTKM;D;20080626;000000;277;279.18;275;276.29;2115045;583900561.62
RTKM;D;20080627;000000;273.02;279.9;272.98;279.25;2212119;610563369.58
RTKM;D;20080630;000000;278.81;284.9;277.2;284.3;2276831;644406697.23
RTKM;D;20080701;000000;284.3;287.5;279.5;279.5;2124805;600388503.95
RTKM;D;20080702;000000;279.5;284.5;278.2;282.4;1564353;440697861.07
RTKM;D;20080703;000000;280;284.2;279.07;282.75;2122528;598787189.86
RTKM;D;20080704;000000;283.01;284.84;281;282.19;2095379;591169278.04
RTKM;D;20080707;000000;282.42;285.84;280.06;284.88;2147678;610446770.67
RTKM;D;20080708;000000;284.41;285;280.1;283.53;2053439;579654390.59
RTKM;D;20080709;000000;284;284;280.3;281.6;2135830;604324767.91
RTKM;D;20080710;000000;280.65;288;280.65;283.73;2105039;601582290.49
RTKM;D;20080711;000000;284.73;285.88;279.6;280.57;2140733;604286905.13
RTKM;D;20080714;000000;281.62;283;279.6;281;2280621;640540965.52
RTKM;D;20080715;000000;279;279.2;272.7;276.5;2658508;729711680.17
RTKM;D;20080716;000000;272.95;279.98;272.95;279.78;2157055;596339873.87
RTKM;D;20080717;000000;280.98;284.9;279.5;281.49;2156156;605199623.72
RTKM;D;20080718;000000;281.54;282.35;277.13;278.02;2225019;620849186.57
RTKM;D;20080721;000000;272.51;281;272.51;279.5;2136326;589789338.81
RTKM;D;20080722;000000;279.26;280;275;277;2127254;588926029.81
RTKM;D;20080723;000000;277.16;279.42;274.54;275.73;2548156;702089697.88
RTKM;D;20080724;000000;275.11;285.65;275.11;282.66;2140119;605404225.28
RTKM;D;20080725;000000;281;284.98;276;277.2;2315595;644693223.25
RTKM;D;20080728;000000;277.2;282;275;278;2155613;603528873.11
RTKM;D;20080729;000000;276.5;279.97;274.01;278.98;2181090;603896027.98
RTKM;D;20080730;000000;279;284;278.7;282.99;2246804;635993977.36
RTKM;D;20080731;000000;283.7;283.99;280;281.89;2186009;616772943.88
RTKM;D;20080801;000000;287.5;287.5;280.09;283;2085730;589497362.38
RTKM;D;20080804;000000;283.5;283.9;276;282;2054902;574362158.59
RTKM;D;20080805;000000;279.75;282.69;277.52;282.19;2229401;623245430.63
RTKM;D;20080806;000000;283;283;275.14;277.83;2241250;624331956.83
RTKM;D;20080807;000000;278.9;283.98;278;281.34;2201247;621714843.58
RTKM;D;20080808;000000;281.01;283.34;274.3;277;2217143;618161234.01
RTKM;D;20080811;000000;273.43;281.73;273;279.8;2177518;605129721.38
RTKM;D;20080812;000000;286.85;286.85;277.14;277.72;2130093;594632652.61
RTKM;D;20080813;000000;277;280.9;274;278.49;2427136;677466428.96
RTKM;D;20080814;000000;277.06;277.97;274.72;275.01;2097158;579844496.45
RTKM;D;20080815;000000;277.9;281.98;275.15;279;2181859;610444120.44
RTKM;D;20080818;000000;279.95;281.9;277.5;280.71;2191093;613208127.87
RTKM;D;20080819;000000;279.86;281;276.5;278.11;2240231;623287906.55
RTKM;D;20080820;000000;279.01;282;279;281;2043312;575225703.87
RTKM;D;20080821;000000;281.5;282;279.09;281.77;2054011;574987591.19
RTKM;D;20080822;000000;281;282;278.01;278.01;2195049;614226042.96
RTKM;D;20080825;000000;285.96;285.96;278;280;2163804;602895318.51
RTKM;D;20080826;000000;278;282;267.29;277.78;3884685;1077138881.75
RTKM;D;20080827;000000;278.85;282.4;273.1;281.06;2170052;600702963.42
RTKM;D;20080828;000000;283.16;284.8;279.01;284;2591139;730531244.02
RTKM;D;20080829;000000;277;285.75;260.01;282.39;2182220;614385393
RTKM;D;20080901;000000;279.5;284.7;279.5;281;2251602;634040151.49
RTKM;D;20080902;000000;280.5;283.49;279.56;281.21;2628390;740203909.31
RTKM;D;20080903;000000;281.89;282.88;275.12;279.5;2387332;667228385.01
RTKM;D;20080904;000000;279.75;281.49;276.17;278.97;2074274;580469285.1
RTKM;D;20080905;000000;276.5;280.49;268.1;280.01;2240967;609401762.71
RTKM;D;20080908;000000;280;284.43;280;283;2750902;774056186.71
RTKM;D;20080909;000000;282.02;287.17;278.08;278.17;1994844;564592183.92
RTKM;D;20080910;000000;286.04;286.04;271.9;274.95;2253237;622692829.12
RTKM;D;20080911;000000;278.95;281.77;274.03;277.1;2470785;684577754.2
RTKM;D;20080912;000000;279.2;279.51;273.25;276.51;2231565;617045563.15
RTKM;D;20080915;000000;278;278.01;268.79;268.8;1242057;337308433.81
RTKM;D;20080916;000000;260.95;267;188.86;225;1051172;237838056.45
RTKM;D;20080919;000000;230;236;180;200;447107;93238341.52
RTKM;D;20080922;000000;211;219.95;191.01;200;433494;87426386.46
RTKM;D;20080923;000000;200;201.99;175.1;189.9;193622;36715797.63
RTKM;D;20080924;000000;190.45;245;190;200.5;322255;66717694.3
RTKM;D;20080925;000000;201.25;206;190.01;195.98;67044;13202293.62
RTKM;D;20080926;000000;195;195.97;187.6;193.5;180331;34520342.29
RTKM;D;20080929;000000;193.45;194.98;181;182.51;187525;34921129.55
RTKM;D;20080930;000000;170;188;166;183;257181;45599359.59
RTKM;D;20081001;000000;185;193.06;182.01;188.99;226599;42048566.38
RTKM;D;20081002;000000;190.99;228;184.25;204.48;323290;66397114.54
RTKM;D;20081003;000000;204.48;214.9;185.73;190;208598;40942908.73
RTKM;D;20081006;000000;188.01;188.01;165.05;175;77073;13553214.22
RTKM;D;20081007;000000;174;184.16;170.62;177;139159;24641659.68
RTKM;D;20081008;000000;177;177;150;173.66;50703;8204544.09
RTKM;D;20081009;000000;165;183;155;172;378059;66039969.39
RTKM;D;20081013;000000;173;179.8;170;177.94;300911;53007991.59
RTKM;D;20081014;000000;181.5;223.01;181;198.51;97547;19322885.68
RTKM;D;20081015;000000;198.24;215;175.51;191.39;154298;30352894.92
RTKM;D;20081016;000000;188.11;204.99;179;190.15;90277;16738803.28
RTKM;D;20081017;000000;194.69;203.69;166.88;182.75;243411;44311406.19
RTKM;D;20081020;000000;185;187.5;177.02;183.88;30199;5554217.19
RTKM;D;20081021;000000;184.01;214.99;183.8;205.9;208607;41235556.74
RTKM;D;20081022;000000;203.75;204.99;185;188;89024;17184314.94
RTKM;D;20081023;000000;181.25;202.99;181.25;190.7;151565;29319057.28
RTKM;D;20081024;000000;189;190;173.03;177;27995;5144676.64
RTKM;D;20081028;000000;170.26;186.48;170.26;181.16;169247;30358755.26
RTKM;D;20081029;000000;186;205.01;185;189;488781;95408602.89
RTKM;D;20081030;000000;196.73;241.77;193.22;224.01;163068;33596326.78
RTKM;D;20081031;000000;224;249.99;202.22;220.4;256537;58906688.52
RTKM;D;20081101;000000;214.19;228.7;212.75;220.11;65969;14708382.19
RTKM;D;20081105;000000;230.56;241.2;210.03;214.51;117142;25744488.37
RTKM;D;20081106;000000;210;214;195;198;151033;30447605.56
RTKM;D;20081107;000000;191.64;205.1;191.11;200.44;105615;21077514.92
RTKM;D;20081110;000000;204.2;209;200.03;200.99;136557;28055089.49
RTKM;D;20081111;000000;199.05;200;179.99;184.88;67002;12478302.26
RTKM;D;20081113;000000;167.9;183;165;180;190802;33677495.93
RTKM;D;20081114;000000;192.01;204;176.61;204;198025;37812762.86
RTKM;D;20081117;000000;203.25;203.25;185.95;198.88;138274;26700885.65
RTKM;D;20081118;000000;195.17;195.33;182.33;188.68;90997;17063292.8
RTKM;D;20081119;000000;193.4;193.4;178.51;180.36;114540;20690525.9
RTKM;D;20081120;000000;175;184;170.66;179.79;142093;25202496.71
RTKM;D;20081121;000000;181.53;192;176.83;184.98;187752;34749399.6
RTKM;D;20081124;000000;191.12;191.12;183;189.4;65615;12316601.79
RTKM;D;20081125;000000;194.5;194.5;187;187;71899;13668309.38
RTKM;D;20081126;000000;187;188.99;178;178;41046;7527249.06
RTKM;D;20081127;000000;185.99;201.6;182;200.4;104215;20076890.93
RTKM;D;20081128;000000;200.4;204.5;188;204.49;63635;12594792.44
RTKM;D;20081201;000000;200;204;191;195;48542;9541135.78
RTKM;D;20081202;000000;193.5;199.91;182.01;196.62;65639;12768667.05
RTKM;D;20081203;000000;202;202;191.7;193.73;41872;8145205.9
RTKM;D;20081204;000000;194.77;199.99;190.1;195.96;130545;25459670.09
RTKM;D;20081205;000000;196.44;197.9;189.55;189.69;44842;8644130.42
RTKM;D;20081208;000000;194.33;207.9;193;207;130890;25945369.22
RTKM;D;20081209;000000;197.07;223;197.07;219.91;244453;52187402.97
RTKM;D;20081210;000000;219.09;248.13;219.09;238;380182;90124525.97
RTKM;D;20081211;000000;241;248;221.22;244;362634;86590631.32
RTKM;D;20081212;000000;240;249.79;229.82;242;134133;32239580.05
RTKM;D;20081215;000000;251;261;246.5;249.88;173450;44289461.18
RTKM;D;20081216;000000;251.5;270;243.1;266.02;251611;65088867.08
RTKM;D;20081217;000000;270;279;255;275.01;292199;78937814.17
RTKM;D;20081218;000000;271.67;283;266.14;270;173279;47109872.72
RTKM;D;20081219;000000;270;277;252.21;274.98;249478;66416275.6
RTKM;D;20081222;000000;285;286.99;269.62;275;180499;49739575.67
RTKM;D;20081223;000000;270;278;269.62;275.6;83257;22858727.47
RTKM;D;20081224;000000;280.44;280.44;268.01;269;34079;9267350.49
RTKM;D;20081225;000000;269.8;275;260;261.28;35993;9688436.99
RTKM;D;20081226;000000;261.58;270;255.49;261;33868;8907793.51
RTKM;D;20081229;000000;265;275;253;270;106955;28386008.02
RTKM;D;20081230;000000;267;268.98;242.3;268.98;98807;25488067.4
RTKM;D;20081231;000000;268.98;268.98;256;265;28603;7419775.48
RTKM;D;20090111;000000;265;277.8;262;275;133871;36636609.1
RTKM;D;20090112;000000;275.01;323;275;294;465289;135754818.06
RTKM;D;20090113;000000;294.65;299;283.78;294.7;93288;27239117.9
RTKM;D;20090114;000000;297.02;305;286;292.98;157016;46506985.48
RTKM;D;20090115;000000;291.19;309.7;291.19;297;189697;57107498.95
RTKM;D;20090116;000000;300;313;296.01;308.65;143214;44064483.45
RTKM;D;20090119;000000;310.97;316.9;298.12;306.7;123792;38094484.6
RTKM;D;20090120;000000;297.18;310.07;270;289;117844;34716222.82
RTKM;D;20090121;000000;280.01;294.99;273.03;277;126336;36250889.63
RTKM;D;20090122;000000;288.72;288.72;265.1;271.01;93598;26203220.39
RTKM;D;20090123;000000;277;279.31;265.44;276.5;82329;22581079.98
RTKM;D;20090126;000000;284.66;298.98;276;295.02;141841;41099240.78
RTKM;D;20090127;000000;303.39;303.39;285;297.99;96385;28241576.05
RTKM;D;20090128;000000;298;309;292;307;143885;43254255.13
RTKM;D;20090129;000000;316.18;316.18;304.14;314.03;123095;38089109.34
RTKM;D;20090130;000000;311.13;314;302.77;309.01;176313;54561584.62
RTKM;D;20090202;000000;303.75;309.99;292;301.05;111199;33405392.95
RTKM;D;20090203;000000;300.06;320;297.92;301.88;105930;32387320.22
RTKM;D;20090204;000000;301.94;307.94;294;302.9;102665;30931638.31
RTKM;D;20090205;000000;303;312;300.11;304.99;120996;37199557.93
RTKM;D;20090206;000000;306.97;333;305.5;320;303063;96767355.11
RTKM;D;20090209;000000;328.49;330;314;318.1;153526;49356513.63
RTKM;D;20090210;000000;328.01;328.01;315.15;323.99;206262;66674019.62
RTKM;D;20090211;000000;319;328;304.13;312.65;353766;112188606.58
RTKM;D;20090212;000000;315.5;321.45;303.33;305;101280;31799748.31
RTKM;D;20090213;000000;310;317;294.5;310;316430;97159873.89
RTKM;D;20090216;000000;310;315.99;299.93;311;184714;56986228.96
RTKM;D;20090217;000000;311;315.3;300.16;309.49;159654;49127102.15
RTKM;D;20090218;000000;309.6;309.6;296;298.7;132839;40200381.83
RTKM;D;20090219;000000;301;305.6;299.38;301.4;115679;35015238.78
RTKM;D;20090220;000000;302;305;294;297.95;141914;42387303.85
RTKM;D;20090224;000000;292;297.5;276.99;289;228586;65640226.64
RTKM;D;20090225;000000;295;297.97;284;287.97;166735;48063906.88
RTKM;D;20090226;000000;292.1;294;287.05;291.74;164029;47708024.18
RTKM;D;20090227;000000;291.74;291.74;281;287.99;237611;68105418.03
RTKM;D;20090302;000000;285;298;281.01;288.01;182865;52878819.53
RTKM;D;20090303;000000;288.08;296;284.2;287.5;223069;64667883.42
RTKM;D;20090304;000000;290.49;297;286.68;291;198760;58000179.7
RTKM;D;20090305;000000;293;298;286;287.88;217631;63587054.11
RTKM;D;20090306;000000;279.26;292.5;279.26;288.88;101374;29311624.93
RTKM;D;20090310;000000;288.88;295.5;287.11;292.6;242523;70646850.28
RTKM;D;20090311;000000;294.5;295;289.5;292.1;175744;51370567.42
RTKM;D;20090312;000000;292.48;304.18;291;300;238326;70885636.51
RTKM;D;20090313;000000;303.5;308;292.1;294;175538;52463656.44
RTKM;D;20090316;000000;297;301.99;292.2;300.96;139595;41780368.24
RTKM;D;20090317;000000;311.25;311.25;296.4;297.75;40303;12069711.47
RTKM;D;20090318;000000;299.66;301.76;292.4;295.1;66467;19756252.87
RTKM;D;20090319;000000;296.66;299;295.01;296.5;48733;14470099.4
RTKM;D;20090320;000000;256.95;298.4;256.95;291.61;60599;17745844.59
RTKM;D;20090323;000000;292;319.99;291.59;313.95;345922;104199897.53
RTKM;D;20090324;000000;315.23;338;300;305;792367;251533113.31
RTKM;D;20090325;000000;307.56;328.45;307.56;325.88;431109;137454729.03
RTKM;D;20090326;000000;330;331;315;318.87;140733;44746628.4
RTKM;D;20090327;000000;318.87;320;304.6;305.96;77102;23870822.05
RTKM;D;20090330;000000;304.01;310;297.01;297.8;119177;36060729.97
RTKM;D;20090331;000000;282.5;305.88;282.5;299.99;155076;46338260.16
RTKM;D;20090401;000000;299.98;304.5;293.5;297.88;122636;36331617
RTKM;D;20090402;000000;303;312.2;299.7;308.2;146776;44725451.58
RTKM;D;20090403;000000;313.25;320;304.18;316.31;265557;83161342.97
RTKM;D;20090406;000000;327.57;327.57;312;313.89;169717;54431224.48
RTKM;D;20090407;000000;301;317.89;301;313.56;92016;28663014.39
RTKM;D;20090408;000000;313.53;329.3;309;325.26;204543;65654137.07
RTKM;D;20090409;000000;326.88;330;321;321;143374;46538840.14
RTKM;D;20090410;000000;321.62;325.64;315.15;322.76;77135;24831251.81
RTKM;D;20090413;000000;331.41;331.41;320.1;324.97;80760;26166465.08
RTKM;D;20090414;000000;325.6;326;316.49;320.44;105092;33856088.63
RTKM;D;20090415;000000;317.75;330;316.59;323.68;134208;43466970.71
RTKM;D;20090416;000000;278.83;338.98;278.83;334.99;246626;81204663.84
RTKM;D;20090417;000000;333.8;350.05;326.16;329.02;246007;83372205.25
RTKM;D;20090420;000000;340.23;340.23;314.76;319;43299;14098600.98
RTKM;D;20090421;000000;319;325;314;324.4;46071;14709516.51
RTKM;D;20090422;000000;325;330;319.5;322.79;92410;29821435.2
RTKM;D;20090423;000000;323.75;325.5;317.1;321;110034;35239439.9
RTKM;D;20090424;000000;324.4;324.4;314;316.2;91822;29125906.99
RTKM;D;20090427;000000;318.5;322;309.5;315.77;149018;47432732.45
RTKM;D;20090428;000000;315.84;317.77;306.3;309.39;94632;29367883.08
RTKM;D;20090429;000000;301.46;311.8;301.46;309.49;71503;22065737.04
RTKM;D;20090430;000000;309.78;315;306.45;309.5;81720;25451515.15
RTKM;D;20090504;000000;311.44;314.6;304.73;306;209193;64568764.1
RTKM;D;20090505;000000;308.74;309.12;301.27;302.85;151372;46178725.09
RTKM;D;20090506;000000;302.06;305.51;301.27;302.99;68301;20732523.12
RTKM;D;20090507;000000;303.32;307.9;301.1;302.96;219990;66896997.97
RTKM;D;20090508;000000;302.55;303.6;290.01;295.4;208383;62205352.29
RTKM;D;20090512;000000;296;299.97;289.91;294.6;152720;45006408.26
RTKM;D;20090513;000000;295.15;297.45;280;283.84;189195;54740761.14
RTKM;D;20090514;000000;283.36;286;270;272.5;111301;30818399
RTKM;D;20090515;000000;276.54;277;263.08;267.01;115126;31016487.61
RTKM;D;20090518;000000;262.5;265.56;250;261.46;190427;48941736.66
RTKM;D;20090519;000000;265.01;295;265.01;272.5;470180;131201114.09
RTKM;D;20090520;000000;275;279.66;269.81;270.8;518962;141555562.91
RTKM;D;20090521;000000;271;271.21;254;258.9;284417;74972386.98
RTKM;D;20090522;000000;258.91;263;255.38;258.49;229890;59261967.09
RTKM;D;20090525;000000;259.5;259.98;245.24;250.32;345824;86523383
RTKM;D;20090526;000000;259;259;224.2;233;803799;186463560.36
RTKM;D;20090527;000000;238;238.48;224.02;227.5;606880;139358515.03
RTKM;D;20090528;000000;225;237.45;222.22;227;422427;96761507.62
RTKM;D;20090529;000000;227.6;231;208;224;1834782;405350929.45
RTKM;D;20090601;000000;228.75;238;224.1;227.5;1636429;376725288.28
RTKM;D;20090602;000000;231;261.2;228;232;3899437;943350810.22
RTKM;D;20090603;000000;235.96;236.44;209.9;209.98;1076045;237266284.4
RTKM;D;20090604;000000;208;218.4;192.41;200.5;1691794;343352925.88
RTKM;D;20090605;000000;204.96;206.8;193.8;201.79;1742862;350394687.1
RTKM;D;20090608;000000;200;207.2;194.95;200.71;1761229;354332624.83
RTKM;D;20090609;000000;201.98;202.66;197.95;200.28;2586657;519792010.35
RTKM;D;20090610;000000;201.5;202.3;198.45;199.06;1375055;276822244.08
RTKM;D;20090611;000000;199.96;202.43;196.54;199;4314600;867912191.97
RTKM;D;20090615;000000;200;201.74;195.7;195.7;3201661;640812922.79
RTKM;D;20090616;000000;197.49;201.01;195.7;199;6098494;1221474907.61
RTKM;D;20090617;000000;199.72;201.13;197.5;199.98;4872212;975812517.71
RTKM;D;20090618;000000;201.8;201.9;197.6;198;2278350;458295275.35
RTKM;D;20090619;000000;199;199.14;195;195.5;408663;80740678.27
RTKM;D;20090622;000000;196;196.89;170;171;945497;169853284.33
RTKM;D;20090623;000000;170;170;150.03;161.93;1474661;232943295.87
RTKM;D;20090624;000000;163.23;166.3;160.37;164.16;550674;90332891.52
RTKM;D;20090625;000000;164;164;153.5;155.9;647090;101959867.93
RTKM;D;20090626;000000;158.01;159;153;155.52;437790;68308009.1
RTKM;D;20090629;000000;153.26;175;153.26;169;1167551;194552605.59
RTKM;D;20090630;000000;174.94;175;160.56;161.45;662608;111916393.35
RTKM;D;20090701;000000;163;165.3;160.7;162.61;360311;58550633.05
RTKM;D;20090702;000000;164.45;164.45;158.76;160.59;229544;37149720.29
RTKM;D;20090703;000000;160;160.68;155.62;157.38;280172;44357224.26
RTKM;D;20090706;000000;156.11;158.84;153.2;153.4;333346;51428571.69
RTKM;D;20090707;000000;154.11;156.75;153.2;153.63;281643;43606777.91
RTKM;D;20090708;000000;153.18;158;150.54;154.72;397200;61111427.79
RTKM;D;20090709;000000;153.77;154.75;152;153.99;252235;38738601.81
RTKM;D;20090710;000000;154;155.82;151.58;153.78;308500;47280658.95
RTKM;D;20090713;000000;154.39;154.68;151;153.88;218963;33500743.29
RTKM;D;20090714;000000;155.72;156.8;153.6;153.6;147949;22945426.27
RTKM;D;20090715;000000;155.2;158.45;154;157.61;233777;36417807.06
RTKM;D;20090716;000000;157.91;160.86;155.51;158.38;215241;33925980.9
RTKM;D;20090717;000000;144.55;159.89;144.55;159.81;147310;23322811.26
RTKM;D;20090720;000000;163.66;166;159.14;160.5;479093;77867518.33
RTKM;D;20090721;000000;162;163.57;157.65;159.53;466898;75116404.39
RTKM;D;20090722;000000;159.92;162.9;155.97;156.7;308487;49143617.71
RTKM;D;20090723;000000;157.89;159;155.85;157.9;515745;81166308.84
RTKM;D;20090724;000000;160.02;168.12;158.1;160.01;1122538;183928511.83
RTKM;D;20090727;000000;161.98;163.9;158.5;159.09;291540;47231784.19
RTKM;D;20090728;000000;159.98;162.42;154.07;156;415196;65489375.95
RTKM;D;20090729;000000;155.01;158.89;153.25;154.23;364999;56914646.28
RTKM;D;20090730;000000;155;159.44;154.31;159;359366;56585293.98
RTKM;D;20090731;000000;161.82;162.01;156.61;158.84;242031;38558434.76
RTKM;D;20090803;000000;160;161.6;159.24;160.95;392424;63065265.96
RTKM;D;20090804;000000;162.26;169.9;161.15;165.3;1267831;210725848.27
RTKM;D;20090805;000000;165.58;169;161.8;163.22;863912;143521641.02
RTKM;D;20090806;000000;162.61;165.9;160.1;161.98;349197;56920520.94
RTKM;D;20090807;000000;161.94;163;157.5;161.47;271552;43618527.49
RTKM;D;20090810;000000;162;165.47;160.66;162.15;366526;59573485.73
RTKM;D;20090811;000000;163;163.49;160.11;162.35;277855;45035967.49
RTKM;D;20090812;000000;162.5;162.98;159.4;161.85;206770;33273087.78
RTKM;D;20090813;000000;162.25;163.9;161;162.15;335724;54539656.46
RTKM;D;20090814;000000;158.1;163.35;158.1;159.46;229035;36832502.5
RTKM;D;20090817;000000;154.75;161.58;154.75;159.7;441265;70415383.66
RTKM;D;20090818;000000;159.91;162.9;158;159;365632;58680409.78
RTKM;D;20090819;000000;158.13;163;157.11;160.99;551733;88571357.83
RTKM;D;20090820;000000;162;164.9;161.1;164.39;294353;48066644.61
RTKM;D;20090821;000000;164.25;165.9;162.2;164;288744;47459038.03
RTKM;D;20090824;000000;165;165.65;161.89;162.81;235260;38418932.55
RTKM;D;20090825;000000;164.99;164.99;161.42;162.26;162504;26428159.29
RTKM;D;20090826;000000;162.57;163.45;160;163;262900;42444774.42
RTKM;D;20090827;000000;158;166.55;158;163.81;647276;106339625.98
RTKM;D;20090828;000000;164.94;167;163.52;165.7;420115;69753865.81
RTKM;D;20090831;000000;165;165.96;162.36;163.83;264724;43415246.79
RTKM;D;20090901;000000;161.26;164.98;161.26;164.28;270805;44393396.01
RTKM;D;20090902;000000;163.42;164.1;161.1;161.59;255171;41432516.49
RTKM;D;20090903;000000;162.84;165.5;160.03;160.48;216444;35083823.04
RTKM;D;20090904;000000;161.75;162;158.12;159.55;286752;45816583.39
RTKM;D;20090907;000000;160;162.42;159.57;161.49;327406;52794344.03
RTKM;D;20090908;000000;162;163.5;160.71;161.61;614111;99521850.77
RTKM;D;20090909;000000;162.01;162.01;160;160.99;308293;49676384.15
RTKM;D;20090910;000000;161;161.88;159.11;160.19;312009;50129504.47
RTKM;D;20090911;000000;160.44;160.7;158.7;159.5;529946;84756412
RTKM;D;20090914;000000;159.8;160.5;158.7;159.3;524724;83789828.96
RTKM;D;20090915;000000;159.77;161.45;159.1;159.7;581701;93216138.35
RTKM;D;20090916;000000;160.5;160.8;159.18;159.31;468808;75033985.7
RTKM;D;20090917;000000;159.87;159.96;154.7;155.9;660981;104408503.82
RTKM;D;20090918;000000;156.1;157.79;151.75;152.94;617770;95371992.79
RTKM;D;20090921;000000;151.7;154.5;150.02;150.4;535163;81221288.41
RTKM;D;20090922;000000;151.76;155.78;150.56;153.7;726999;111813409.44
RTKM;D;20090923;000000;153.09;154.9;151.26;152.26;530019;80995172.95
RTKM;D;20090924;000000;152.02;153.87;150.55;150.9;408426;62193772.77
RTKM;D;20090925;000000;150.53;152.9;150.51;150.9;191837;29029917.15
RTKM;D;20090928;000000;151;151.44;145.21;147.4;853197;125482155.96
RTKM;D;20090929;000000;147.95;149.08;145.5;146.31;429000;62793346.54
RTKM;D;20090930;000000;146.31;146.31;144.51;144.99;213980;31062289.56
RTKM;D;20091001;000000;145.62;145.62;141.25;141.92;491101;70100942.9
RTKM;D;20091002;000000;141.4;142;132;135.45;833812;113298575
RTKM;D;20091005;000000;135.45;145;134.2;144.43;1312162;184624091.97
RTKM;D;20091006;000000;146;148.85;141.7;144.88;1102793;159938498.1
RTKM;D;20091007;000000;144.99;145.35;141.31;143.16;471633;67477085.92
RTKM;D;20091008;000000;142.99;145;141.26;143.34;515064;73738399.99
RTKM;D;20091009;000000;144.85;144.89;142.91;143.87;399099;57419690.72
RTKM;D;20091012;000000;144.64;148;143.13;145.54;741524;108182318.09
RTKM;D;20091013;000000;145.77;146.1;143.31;144.49;414525;59916676.41
RTKM;D;20091014;000000;145;145.69;143.93;144.94;496625;71907585.57
RTKM;D;20091015;000000;145.79;145.95;140.1;143;435398;62152344.06
RTKM;D;20091016;000000;144.07;169.3;142.81;165;6206083;995780180.27
RTKM;D;20091019;000000;166.99;198;166.99;197.48;8263686;1521613826.17
RTKM;D;20091020;000000;201;219.2;183.61;185.9;10607027;2160103061.81
RTKM;D;20091021;000000;185;202.7;178;194.2;4937267;956606505.17
RTKM;D;20091022;000000;190;192.29;185.37;185.66;1122065;210866260.09
RTKM;D;20091023;000000;185.98;198.9;179.32;188.51;4690657;882071630.21
RTKM;D;20091026;000000;190.5;195.95;187;192.2;1451384;280271545.16
RTKM;D;20091027;000000;191;193.99;186.37;192.8;1052307;199789230.62
RTKM;D;20091028;000000;192.21;196.5;188.21;191.39;2256099;434057641.03
RTKM;D;20091029;000000;188.05;212.2;188.05;204.49;3840875;770475880.11
RTKM;D;20091030;000000;208;209.8;190.32;192;3265245;646745465.85
RTKM;D;20091102;000000;191.25;194.8;181.49;192.73;1500017;284532650.08
RTKM;D;20091103;000000;190.98;192.73;186.5;187.3;783660;148782450.77
RTKM;D;20091105;000000;188.11;192.25;187.5;191.24;539257;102656057.82
RTKM;D;20091106;000000;190;192.49;182;187.1;649090;121947371.52
RTKM;D;20091109;000000;188;192.49;186.99;191.99;574980;109528703.38
RTKM;D;20091110;000000;191.7;194.5;188.31;190.81;810972;155382993.02
RTKM;D;20091111;000000;193.1;204;190.22;193;2665851;526392961.35
RTKM;D;20091112;000000;193;193.9;188.01;192.42;741685;141891358.14
RTKM;D;20091113;000000;195.5;195.5;186.49;186.95;1015939;191860643.06
RTKM;D;20091116;000000;190.5;191;188;189.01;792594;150144984.38
RTKM;D;20091117;000000;189.9;190.72;188;189.21;636260;120110595
RTKM;D;20091118;000000;190;190.15;188;189;309382;58475049.57
RTKM;D;20091119;000000;189.4;193.44;188.36;188.9;744965;142301071.57
RTKM;D;20091120;000000;189.51;189.98;186.26;188.31;208324;39206124.05
RTKM;D;20091123;000000;188.78;191.2;188.71;190.48;204327;38818712.44
RTKM;D;20091124;000000;190.11;192;188.7;189.92;482566;91908504.64
RTKM;D;20091125;000000;189.84;191.95;188.37;189.53;526195;99516769.5
RTKM;D;20091126;000000;190.42;190.42;185.02;185.02;268162;50121272.4
RTKM;D;20091127;000000;183.55;186.97;173.01;186.5;517141;93313187.81
RTKM;D;20091130;000000;185.05;188.97;177.2;180.59;1185650;214164980.95
RTKM;D;20091201;000000;181.3;181.3;173.11;173.7;1276177;225459184.48
RTKM;D;20091202;000000;173.03;176.8;169;169.01;947596;164148221.5
RTKM;D;20091203;000000;170.75;170.86;164.7;165.76;1222249;203986086.57
RTKM;D;20091204;000000;167.2;174.98;165.08;169;1222328;208657535.57
RTKM;D;20091207;000000;169.49;174.4;166.25;166.25;827074;141118869.01
RTKM;D;20091208;000000;164.9;168.3;162;163.05;875556;144773936.49
RTKM;D;20091209;000000;163.05;166;161.93;162.99;477466;78488794.46
RTKM;D;20091210;000000;162.99;165.1;162;162.5;407729;66524899.51
RTKM;D;20091211;000000;163;164;159;161;500240;81189495.21
RTKM;D;20091214;000000;162;162.9;157.13;157.73;576380;91521013.27
RTKM;D;20091215;000000;157.73;164.77;156.79;160.89;1459436;236498600.71
RTKM;D;20091216;000000;161;163.18;160.46;161.49;1253419;202884884.71
RTKM;D;20091217;000000;161.78;161.78;157.11;157.52;1576495;250491349.98
RTKM;D;20091218;000000;157.77;158.43;155.11;156.87;714189;112204194.54
RTKM;D;20091221;000000;156.86;158.77;153.55;155.5;1222075;191016474.55
RTKM;D;20091222;000000;155.75;156.89;149.52;149.52;1245358;189947082.7
RTKM;D;20091223;000000;150;153.44;145.78;147.6;2190671;327609716.84
RTKM;D;20091224;000000;148.7;156.66;147.77;153.87;2873830;439816351.27
RTKM;D;20091225;000000;154.01;155.7;150.95;151.9;733511;112216610.79
RTKM;D;20091228;000000;151.9;154.27;151.73;152.3;687450;105152176.01
RTKM;D;20091229;000000;152.73;153;149.45;149.5;616455;92978623.88
RTKM;D;20091230;000000;149.53;150.81;148.34;148.35;662376;98747967.28
RTKM;D;20091231;000000;148.35;149.88;143.7;148.5;265384;39233001.72
RTKM;D;20100111;000000;150;150.01;144.6;145.97;3069003;448584574.96
RTKM;D;20100112;000000;146.32;147.79;144.45;144.76;1259103;183590423.75
RTKM;D;20100113;000000;145;145.84;143.31;144.4;1068639;154809725.62
RTKM;D;20100114;000000;145.45;154.7;144.11;154.7;5416569;812990751.5
RTKM;D;20100115;000000;155;161.95;152;158.4;6730505;1072450452.97
RTKM;D;20100118;000000;158.71;161.89;156;156.78;3460733;549750593.01
RTKM;D;20100119;000000;156.95;156.95;152.26;154.01;1961511;302493281.09
RTKM;D;20100120;000000;154;154.51;149.5;150.2;1155843;176072580.55
RTKM;D;20100121;000000;150.95;152.44;147.6;148;1416564;211715978.79
RTKM;D;20100122;000000;145.51;152.12;145.05;151.2;2558202;380648725.35
RTKM;D;20100125;000000;150.9;155;148.52;149.48;1475385;223205839.91
RTKM;D;20100126;000000;149;149.5;146.77;147.4;907016;134054411.48
RTKM;D;20100127;000000;147.34;151.19;146.27;147.05;819397;121480065.07
RTKM;D;20100128;000000;148.51;150.65;147.35;148.19;1081015;161018788.76
RTKM;D;20100129;000000;148;149.69;147.12;147.79;625467;92675177.3
RTKM;D;20100201;000000;148;150.9;147.5;150.1;1108032;165927659.62
RTKM;D;20100202;000000;151.06;159.2;149.01;157.99;3927495;608733149.8
RTKM;D;20100203;000000;159.93;160.9;153.01;154.13;3126706;493553671.26
RTKM;D;20100204;000000;154.1;156.22;149.52;150.14;1654950;253010508.66
RTKM;D;20100205;000000;148.5;153.6;148;151.9;3130291;474886490.11
RTKM;D;20100208;000000;151.9;154.84;150.11;151.3;1108222;169347212.49
RTKM;D;20100209;000000;151.65;152.8;149.11;150.29;443448;66745469.9
RTKM;D;20100210;000000;150.4;152.41;148.6;149.3;438459;65963086.13
RTKM;D;20100211;000000;150.92;150.92;146.2;147.5;954322;141569540.99
RTKM;D;20100212;000000;147.6;148.49;145.05;145.77;887817;130350138.15
RTKM;D;20100215;000000;145.77;147.79;145.01;146.53;281879;41243874.56
RTKM;D;20100216;000000;147.01;149.3;146.53;149.2;784840;116201363.76
RTKM;D;20100217;000000;149.95;151.07;148.48;149;769718;115229527.43
RTKM;D;20100218;000000;148.27;148.89;145.71;146.67;612787;90184364.33
RTKM;D;20100219;000000;146.55;146.98;145.02;146;616702;90107957.43
RTKM;D;20100224;000000;145.36;149.25;145.35;147.05;1231585;182072686.71
RTKM;D;20100225;000000;150.09;150.09;140.45;142.5;1552688;223383586.86
RTKM;D;20100226;000000;143.71;144.77;142.12;142.78;1040139;149027165.06
RTKM;D;20100227;000000;143.42;144.88;142.69;143.99;662216;95379669.94
RTKM;D;20100301;000000;144;145.39;142.87;144.14;607426;87602429.04
RTKM;D;20100302;000000;144.86;147.74;144.3;145.98;1827727;267767843.12
RTKM;D;20100303;000000;146;146.59;143.7;144.5;1291579;186602512.85
RTKM;D;20100304;000000;144.55;145.89;144.55;145.11;722586;104919047.57
RTKM;D;20100305;000000;145.5;145.93;144.78;145.1;847713;123190623.14
RTKM;D;20100309;000000;145.5;148;145.5;147.79;1052447;154521832.24
RTKM;D;20100310;000000;147.73;151.56;146.78;148.59;1578748;235386862.7
RTKM;D;20100311;000000;148.55;149.5;147.5;148.19;619568;91953259.74
RTKM;D;20100312;000000;149.35;153.69;148.99;152.19;2387460;362803566.39
RTKM;D;20100315;000000;153.05;156.27;151.62;153;1904208;294055088.38
RTKM;D;20100316;000000;153.5;156.44;152.54;155.95;1355585;209874196.86
RTKM;D;20100317;000000;158.38;158.38;154.05;154.99;1471651;229197931.85
RTKM;D;20100318;000000;154.99;156.29;154.14;155.16;1042694;162261320
RTKM;D;20100319;000000;155.18;156;150.87;150.87;1404466;215017340.45
RTKM;D;20100322;000000;149.68;153.2;149.55;152.24;798819;121003300.44
RTKM;D;20100323;000000;152.91;155.29;150.01;154.3;1776001;271576301.46
RTKM;D;20100324;000000;155;155.49;151.51;151.52;992593;151537487.82
RTKM;D;20100325;000000;151.85;153.46;148.5;149.78;828380;125207170.42
RTKM;D;20100326;000000;150.97;151.23;148.62;149;516411;77226855.05
RTKM;D;20100329;000000;149;149.51;144.6;146.1;2231654;328686592.73
RTKM;D;20100330;000000;146.5;147.33;145.65;147;830840;121811815.9
RTKM;D;20100331;000000;147.98;149;147.01;148.1;1433006;211955618.57
RTKM;D;20100401;000000;148.6;149.8;147.2;147.5;1145129;169583842.79
RTKM;D;20100402;000000;147.95;148.5;146.56;147;582168;85767336.23
RTKM;D;20100405;000000;147.52;149.44;147.13;147.99;725182;107476860.1
RTKM;D;20100406;000000;146;147.77;144.89;147.4;1027046;150405800.18
RTKM;D;20100407;000000;148.14;148.14;145.5;145.68;553649;80919820.97
RTKM;D;20100408;000000;145.65;145.65;140;142.54;1483692;211631019.42
RTKM;D;20100409;000000;142.77;143.7;142;143.09;873333;124929160.74
RTKM;D;20100412;000000;143.01;143.54;141.7;142.37;573020;81630048.92
RTKM;D;20100413;000000;142.01;143.69;141.49;141.97;776967;110562591.95
RTKM;D;20100414;000000;142.1;142.86;141.74;142.16;540317;76870711.71
RTKM;D;20100415;000000;142.86;142.86;140.25;141.15;587907;83169170.26
RTKM;D;20100416;000000;141.04;141.19;139.05;139.55;750314;104961293.83
RTKM;D;20100419;000000;139;139.61;130;134.9;1166393;158297535.98
RTKM;D;20100420;000000;136.28;137;134.5;135.05;558864;75703156.06
RTKM;D;20100421;000000;134.51;136;133.01;133.21;546795;73240140.29
RTKM;D;20100422;000000;132.87;133.74;129.1;129.8;794904;104373074.83
RTKM;D;20100423;000000;129;131.51;129;131.31;730218;95059706.33
RTKM;D;20100426;000000;131.46;134.3;131.01;131.78;689523;91390001.12
RTKM;D;20100427;000000;131.6;131.93;129.1;129.52;498915;64862740.22
RTKM;D;20100428;000000;126.51;128.01;125.1;125.3;567323;71468677.49
RTKM;D;20100429;000000;126.5;128.98;125.6;127.6;443095;56439254.71
RTKM;D;20100430;000000;128;129.19;123.6;123.81;785388;98355178.78
RTKM;D;20100504;000000;124.5;124.5;117.9;118.49;1153863;139065112.54
RTKM;D;20100505;000000;118.5;123.25;116.5;118.17;1800354;215442994.3
RTKM;D;20100506;000000;118.65;120.92;116.6;117.17;738728;87739013.74
RTKM;D;20100507;000000;114.75;114.89;99.99;100.1;2706977;295053822.07
RTKM;D;20100511;000000;105.14;107.7;101.9;103.45;1344404;140276239.75
RTKM;D;20100512;000000;103;108.7;101.01;108.7;1429911;152105794.79
RTKM;D;20100513;000000;109.6;119.43;106.84;118.69;3430356;392445704.71
RTKM;D;20100514;000000;119.1;119.11;110.37;111.21;1915914;216739510.52
RTKM;D;20100517;000000;108.68;113.49;106.49;111;964698;106260033.55
RTKM;D;20100518;000000;111.5;112.5;109.59;111.09;434895;48387219.9
RTKM;D;20100519;000000;108.77;109.02;106.2;106.86;683441;73517252.49
RTKM;D;20100520;000000;107.68;109.8;102;102.25;892747;94661092.09
RTKM;D;20100521;000000;102.52;105.15;96;101.1;1009216;100225440.26
RTKM;D;20100524;000000;102.01;103.48;101.05;101.9;302878;30982976.41
RTKM;D;20100525;000000;98.89;98.89;95.13;95.8;399499;38728578.12
RTKM;D;20100526;000000;96.72;99.9;96.72;99;829946;81433556.72
RTKM;D;20100527;000000;99.8;102.79;98.53;101.75;884715;89590836.65
RTKM;D;20100528;000000;103;109;102.07;104.1;1500874;158672092.86
RTKM;D;20100531;000000;104.53;106.69;103.29;105.5;468609;49381279.15
RTKM;D;20100601;000000;104.47;105.53;101.12;104.6;697616;71845832.68
RTKM;D;20100602;000000;103.66;105.5;102;105;453596;47091223.58
RTKM;D;20100603;000000;106.5;107.98;105.5;105.59;610931;64907359.59
RTKM;D;20100604;000000;106;106.45;102.51;103.17;493797;51451673.69
RTKM;D;20100607;000000;100.01;102.4;99.01;101.7;645421;65034237.23
RTKM;D;20100608;000000;100.5;102.48;100.11;100.78;467990;47438379.25
RTKM;D;20100609;000000;101.8;104.54;100.68;102.54;512236;52457030.63
RTKM;D;20100610;000000;104.2;108.8;102.71;105.79;1744748;185344845.73
RTKM;D;20100611;000000;109.04;109.04;104.16;105.9;676161;71490255.12
RTKM;D;20100615;000000;106.5;108;105.51;107.01;609550;65172328.47
RTKM;D;20100616;000000;107.95;108.15;104.36;106.1;652661;69224428.13
RTKM;D;20100617;000000;105.5;107.5;105.18;105.89;643293;68578149.03
RTKM;D;20100618;000000;106.4;107.49;105.55;105.99;421269;44848855.35
RTKM;D;20100621;000000;107.1;109.65;106.62;109.48;956905;103395604.38
RTKM;D;20100622;000000;108.95;114.4;106.12;113.68;1687165;187339891.98
RTKM;D;20100623;000000;113.05;120.5;111.49;117.77;3453035;404873294.54
RTKM;D;20100624;000000;118.47;119.6;116.12;116.88;1603423;188523112.1
RTKM;D;20100625;000000;116.55;118.95;114.3;117;941564;109676293.31
RTKM;D;20100628;000000;117;118.99;116.04;116.11;444148;52174270.35
RTKM;D;20100629;000000;115;115.64;109.6;110;964292;108167411.56
RTKM;D;20100630;000000;109.44;113.5;109.44;111.6;949312;105668016.09
RTKM;D;20100701;000000;109.8;109.99;105;105.5;618250;66685730.07
RTKM;D;20100702;000000;105.7;108.78;105.3;108;439919;47209974.52
RTKM;D;20100705;000000;108;110.34;107.01;108;330007;35826113.12
RTKM;D;20100706;000000;108.3;111.5;108.3;110.29;734344;80916465.28
RTKM;D;20100707;000000;110;110.84;108.03;110.01;385889;42145633.18
RTKM;D;20100708;000000;111;112.98;108.86;110;539382;59633557.2
RTKM;D;20100709;000000;110.02;111.38;108.87;109.45;203156;22295478.96
RTKM;D;20100712;000000;109.97;111;108.99;110.4;378940;41655811.78
RTKM;D;20100713;000000;109.94;112.3;109.33;111.15;573348;63782191.27
RTKM;D;20100714;000000;111.97;112.31;109.55;109.95;317812;35227425.97
RTKM;D;20100715;000000;110;111.4;108.8;109.26;580291;63953156.13
RTKM;D;20100716;000000;110.7;110.7;106.4;106.71;419579;45429650.74
RTKM;D;20100719;000000;106.65;107.59;105.5;107.2;293700;31333212.66
RTKM;D;20100720;000000;104.47;108.11;104.47;105.17;268546;28427026.02
RTKM;D;20100721;000000;105.38;106.96;105.37;105.98;260988;27716407.96
RTKM;D;20100722;000000;105.15;107.36;105.15;107;457448;48654041.39
RTKM;D;20100723;000000;108.62;108.62;106.46;107.2;323067;34658615.3
RTKM;D;20100726;000000;107.37;107.9;106.07;106.46;313630;33427100.91
RTKM;D;20100727;000000;107;112.65;105.8;112.48;1803646;199422271.9
RTKM;D;20100728;000000;112;113.53;111.51;112.57;1253462;141080125.63
RTKM;D;20100729;000000;113.49;114.25;112.29;112.49;1496392;169776128.76
RTKM;D;20100730;000000;112.06;112.97;110.06;110.75;560076;62148942.32
RTKM;D;20100802;000000;110.93;113.41;110.93;113.08;635039;71428931.3
RTKM;D;20100803;000000;113.85;113.85;110.7;111.13;652795;72803726.06
RTKM;D;20100804;000000;111.15;112.16;109.5;111.06;334133;37053740.37
RTKM;D;20100805;000000;112.73;112.73;110.11;110.11;199451;22130212.87
RTKM;D;20100806;000000;110.28;111.26;109.2;110.6;235554;25943901.31
RTKM;D;20100809;000000;111.11;113.3;110.12;112;818178;91819183.2
RTKM;D;20100810;000000;112;112.17;110.36;110.49;222269;24635062.12
RTKM;D;20100811;000000;110;110.04;108.01;108.81;286906;31332224.38
RTKM;D;20100812;000000;108.01;109.33;107.51;108.33;300341;32593972.84
RTKM;D;20100813;000000;108.55;109.28;107.99;108.91;154522;16797870.14
RTKM;D;20100816;000000;108.99;109.15;106.45;108.35;238586;25612641.04
RTKM;D;20100817;000000;108.4;109.5;108.06;109.17;212560;23143475.42
RTKM;D;20100818;000000;109.4;112.37;108.61;110.89;991973;109947827.62
RTKM;D;20100819;000000;111.79;111.79;108.72;108.8;331805;36600080.4
RTKM;D;20100820;000000;109.16;109.77;108;108.7;263633;28686166.28
RTKM;D;20100823;000000;108.67;109.3;108.3;108.81;135979;14793551.35
RTKM;D;20100824;000000;108.23;111.71;108.02;108.7;864683;95286982.96
RTKM;D;20100825;000000;107.05;109.77;107.05;107.67;514038;55609928.08
RTKM;D;20100826;000000;108;109.51;107.39;108.24;438036;47436245.35
RTKM;D;20100827;000000;108.42;111.12;108;109.79;1229573;134423820.95
RTKM;D;20100830;000000;110.01;120.8;110.01;119.84;9481451;1115105706.64
RTKM;D;20100831;000000;116.28;127.45;116.28;123.5;10619552;1319635782.34
RTKM;D;20100901;000000;124.4;126.9;117.7;120.1;4377611;529959944.85
RTKM;D;20100902;000000;121;123.94;117.72;122.5;2769614;334832714.47
RTKM;D;20100903;000000;122.5;123.49;120.8;122.3;1780461;217396884.36
RTKM;D;20100906;000000;122;124.6;120.85;123.07;1602187;197636024.35
RTKM;D;20100907;000000;122.9;125;122.31;123.2;1179836;145722291.74
RTKM;D;20100908;000000;123.5;124.85;121.5;124;883668;109195768.86
RTKM;D;20100909;000000;124.27;131.3;123.31;131;4300329;555530986.79
RTKM;D;20100910;000000;130.65;134.65;128.11;132;3366855;443948560.28
RTKM;D;20100913;000000;134.75;134.94;130.6;131.55;1128864;149922932.17
RTKM;D;20100914;000000;131.39;144.66;131.03;143.47;7680876;1075649909.87
RTKM;D;20100915;000000;144.05;147.76;138.3;142.23;5999707;858577357.86
RTKM;D;20100916;000000;142.23;144.06;139.22;139.22;1894615;267072598.29
RTKM;D;20100917;000000;140.27;142.49;135.5;135.8;1695970;235290260.49
RTKM;D;20100920;000000;137.08;139;134.82;136.25;1356564;185217632.75
RTKM;D;20100921;000000;136.31;141.8;135.42;136.15;2796006;388366588.23
RTKM;D;20100922;000000;135.72;139.5;135.72;136;915731;125646446.96
RTKM;D;20100923;000000;135.38;139.4;132.01;134.44;1380254;186257518.04
RTKM;D;20100924;000000;134.44;135.9;132.7;133.54;762539;102084387.75
RTKM;D;20100927;000000;134;137.92;134;135.4;1460445;198919305.43
RTKM;D;20100928;000000;135;136.78;132.21;135.3;1423692;191567353.45
RTKM;D;20100929;000000;135.5;137.49;134.01;135.43;410123;55688858.93
RTKM;D;20100930;000000;136.11;136.11;132.6;133.52;748872;100417039.72
RTKM;D;20101001;000000;134;135.3;133.55;134.18;812945;109152994.28
RTKM;D;20101004;000000;135.23;135.23;132.82;133;609656;81580904.3
RTKM;D;20101005;000000;134.55;134.55;130.7;132.26;709276;93871053.15
RTKM;D;20101006;000000;132.95;138.22;131.53;137.4;2608322;353366591.98
RTKM;D;20101007;000000;137.61;138.3;135.01;135.86;587567;80024872.29
RTKM;D;20101008;000000;135.33;136.77;134.23;135.2;413325;55948047.5
RTKM;D;20101011;000000;135.51;137.7;134.96;135.64;600603;81872485.45
RTKM;D;20101012;000000;136.08;137.6;135;136.27;703272;95952184.04
RTKM;D;20101013;000000;138.13;139.3;136.02;138.4;898729;123868368.44
RTKM;D;20101014;000000;139;141.97;136.88;137;1851828;259386578.06
RTKM;D;20101015;000000;137.72;138.4;136.3;137.2;468488;64348741.84
RTKM;D;20101018;000000;137.2;138.65;136.87;137.98;405387;55791318.86
RTKM;D;20101019;000000;139.7;139.99;136.85;139.77;1166810;161665529.28
RTKM;D;20101020;000000;139.45;140.9;132.55;138.22;790662;109628421.88
RTKM;D;20101021;000000;137.97;139.9;137.54;138.19;411495;57015787.02
RTKM;D;20101022;000000;134.11;138.99;134.11;135.5;555184;76407952.04
RTKM;D;20101025;000000;137;137.45;135.93;136.75;433796;59229858.45
RTKM;D;20101026;000000;136.74;137.29;135;136.91;480221;65593039.89
RTKM;D;20101027;000000;138.34;138.4;136;136.53;352380;48390944.18
RTKM;D;20101028;000000;136.52;137.68;136.14;136.79;231972;31792551.8
RTKM;D;20101029;000000;138.36;138.36;136.44;136.62;334195;45841733.67
RTKM;D;20101101;000000;137;141.3;137;138.71;1210202;169324307.45
RTKM;D;20101102;000000;138.94;139.99;138.02;138.74;317417;44059633.24
RTKM;D;20101103;000000;140.25;140.25;138.12;138.2;255128;35419060.8
RTKM;D;20101108;000000;140.11;141.12;137.91;139.98;529009;73980675.52
RTKM;D;20101109;000000;140.66;143;139.77;141;701424;99355508.38
RTKM;D;20101110;000000;142.01;145.89;138.9;140.18;2385436;341498164.67
RTKM;D;20101111;000000;139.94;141.2;136;136.42;1108034;152602211.49
RTKM;D;20101112;000000;136.41;139.8;132.77;139;869600;118713764.1
RTKM;D;20101113;000000;141.5;141.5;137.22;139.87;405842;56638682.88
RTKM;D;20101115;000000;139.03;140.95;137.55;140.59;582183;81381735.19
RTKM;D;20101116;000000;139.79;140.2;138.5;138.51;369754;51404600.33
RTKM;D;20101117;000000;138.96;140.58;137.72;140.3;1010869;141240596.1
RTKM;D;20101118;000000;140.5;142.4;139.7;140.88;429252;60659187.08
RTKM;D;20101119;000000;141.16;141.55;139.01;140.17;306042;42859020.66
RTKM;D;20101122;000000;140.1;142.5;140;140.43;289186;40808541.27
RTKM;D;20101123;000000;138.86;140.48;137.44;138.7;301548;41925376.23
RTKM;D;20101124;000000;138.96;139.49;137.65;138.67;274014;37920347.21
RTKM;D;20101125;000000;139;139.5;138.03;138.66;212266;29462616.85
RTKM;D;20101126;000000;138.68;141.37;137.6;138.83;326578;45503480.69
RTKM;D;20101129;000000;139.94;141.5;137.8;138.31;343984;47909819.26
RTKM;D;20101130;000000;138.4;140.75;137.5;139.24;182123;25309134.33
RTKM;D;20101201;000000;139.52;141.35;139.05;140;217663;30459415.16
RTKM;D;20101202;000000;139;140.99;139;139.77;291031;40774618.89
RTKM;D;20101203;000000;139.5;140.59;138.14;139.24;410003;57222805.49
RTKM;D;20101206;000000;140.08;140.1;138.37;139.48;376901;52461002.47
RTKM;D;20101207;000000;139.5;144.94;139.5;143.2;1680876;240956269.61
RTKM;D;20101208;000000;143.15;146.94;141.77;145.57;983564;142664968.28
RTKM;D;20101209;000000;149.87;149.87;144;144.48;1048685;153465446.92
RTKM;D;20101210;000000;144;148;144;147.17;757182;110982992.67
RTKM;D;20101213;000000;147.95;148.47;145;146.02;541296;79600089.75
RTKM;D;20101214;000000;146.03;146.82;144.71;146.57;319056;46574490.76
RTKM;D;20101215;000000;146.01;147.32;144.8;145.74;432198;63052234.92
RTKM;D;20101216;000000;145;147.5;145;145.3;413506;60469494.43
RTKM;D;20101217;000000;145.98;148.7;145.34;147.19;721432;106142710.87
RTKM;D;20101220;000000;145.81;148;145.5;146;375554;55134013.14
RTKM;D;20101221;000000;146.15;147.4;145.96;146.7;264860;38834020.23
RTKM;D;20101222;000000;147;147.4;146;146.56;392963;57577243.35
RTKM;D;20101223;000000;146.21;146.99;146.03;146.26;171956;25183540.06
RTKM;D;20101224;000000;146.26;147.5;143.68;144.56;463026;67373959.59
RTKM;D;20101227;000000;144.48;144.6;141.97;144.3;278195;39796760.82
RTKM;D;20101228;000000;144.3;146.5;143.59;144.52;422025;61329179.74
RTKM;D;20101229;000000;144.52;150.85;143.11;150.55;910059;134357401.19
RTKM;D;20101230;000000;149.01;158.5;149.01;155.75;3775070;586835065.26
RTKM;D;20110111;000000;155.63;165.3;154;163.15;1848225;298601826.76
RTKM;D;20110112;000000;163.9;186.79;163.9;178.05;7125455;1267156501.67
RTKM;D;20110113;000000;179;182.85;172.5;175.7;2735360;486897049.38
RTKM;D;20110114;000000;175.48;182.2;174.14;176.88;1891491;337655743.4
RTKM;D;20110117;000000;177.02;179.85;174.6;175;964266;169511292.66
RTKM;D;20110118;000000;176;176;170.16;172;1217557;210817807.35
RTKM;D;20110119;000000;172.01;172.01;166.68;167.43;1244478;211092202.42
RTKM;D;20110120;000000;165.51;171.89;164.13;168.5;1556424;262969702.87
RTKM;D;20110121;000000;168.51;171.83;167.8;168.5;769840;130594346.01
RTKM;D;20110124;000000;168.7;169.2;164.7;165.7;765558;127013857.61
RTKM;D;20110125;000000;167.5;171.4;165.19;167.8;1694445;285724972.54
RTKM;D;20110126;000000;166.53;170.49;166.53;168.96;597997;101043486.2
RTKM;D;20110127;000000;169.11;169.94;165.55;167;447490;74976620.6
RTKM;D;20110128;000000;167;168.7;165.5;165.51;444461;74267317.15
RTKM;D;20110131;000000;165.51;166.83;162;165.75;659609;108697664.28
RTKM;D;20110201;000000;165.9;171.2;165.9;169.9;1136337;192924529.68
RTKM;D;20110202;000000;171.45;172.8;168.07;168.69;1446944;247065173.2
RTKM;D;20110203;000000;168.81;171;167.01;167.2;389659;65670458.63
RTKM;D;20110204;000000;167.35;168.99;166.49;166.99;355738;59601851.64
RTKM;D;20110207;000000;167.65;168.91;165.9;167.49;318803;53393322.52
RTKM;D;20110208;000000;167.49;168.3;166.13;167.25;318409;53180561
RTKM;D;20110209;000000;168.46;168.46;166.01;166.77;222880;37196753.72
RTKM;D;20110210;000000;162.66;166.5;160;160.99;881841;142868343.02
RTKM;D;20110211;000000;161;162.1;160.52;162;400315;64646626.37
RTKM;D;20110214;000000;163;163.7;160.45;160.51;309946;50175842.61
RTKM;D;20110215;000000;161.46;162.5;160.01;160.5;251786;40534914.25
RTKM;D;20110216;000000;160.05;162.5;160.01;160.93;235246;37968364.79
RTKM;D;20110217;000000;160.39;161.8;158.51;159.7;420334;67385238.8
RTKM;D;20110218;000000;163.85;163.85;155.82;156;778613;122301660.84
RTKM;D;20110221;000000;156.99;156.99;153.16;154;550588;85574503.54
RTKM;D;20110222;000000;154;154;149;149.1;1014703;152929007.24
RTKM;D;20110224;000000;148;149.2;144.81;147;899747;131796873.92
RTKM;D;20110225;000000;147.06;155.82;147;153.5;1623475;247605505.05
RTKM;D;20110228;000000;154.41;155.51;152.64;155.05;722769;111804426.89
RTKM;D;20110301;000000;155.05;160.5;155.01;160.2;1201760;190494859.4
RTKM;D;20110302;000000;160;160;156;158.77;563420;89157382.4
RTKM;D;20110303;000000;159;163.45;158.02;161.3;957350;154755594.6
RTKM;D;20110304;000000;162.71;162.71;160.1;161.51;564210;90846376.5
RTKM;D;20110305;000000;165.44;165.44;160.4;160.77;275150;44273156.5
RTKM;D;20110309;000000;160.77;165.89;160.77;163.94;909320;149036084.4
RTKM;D;20110310;000000;163;167.95;163;166.23;1684950;279898054.1
RTKM;D;20110311;000000;166;166.29;161.01;164;750830;123562090.8
RTKM;D;20110314;000000;164;164.01;160.52;162.7;426320;69005225.7
RTKM;D;20110315;000000;158.67;160.98;153.21;158.25;672270;105652999.7
RTKM;D;20110316;000000;159;160.97;154.9;155.01;566600;89462896.2
RTKM;D;20110317;000000;158.34;158.34;154.44;156.85;350950;54615015.1
RTKM;D;20110318;000000;157.3;159;155;155.7;432260;67766786.4
RTKM;D;20110321;000000;156;158.5;154.98;157.1;497700;77893571.5
RTKM;D;20110322;000000;157.16;161.78;155.4;161.7;1107310;177288011.5
RTKM;D;20110323;000000;160.05;163.5;160.05;161.96;983830;159796349.6
RTKM;D;20110324;000000;162.89;163.85;160.81;162.21;408880;66313551
RTKM;D;20110325;000000;163.03;174.71;163.03;171.5;4298280;737975508.7
RTKM;D;20110328;000000;171.8;178.79;171.13;174.3;2313810;408152420.3
RTKM;D;20110329;000000;174.7;177;169.31;170.17;1409490;242915878.8
RTKM;D;20110330;000000;170.8;172.87;167.19;168.85;779950;132269985.7
RTKM;D;20110331;000000;170.07;174.36;167.11;171.81;1584650;271127137.6
RTKM;D;20110401;000000;171.81;175.96;170.48;170.7;1516980;261822649.1
RTKM;D;20110404;000000;171.5;172.88;170.87;171.5;916080;157130162.5
RTKM;D;20110405;000000;171.54;172.7;169.44;172.24;1428330;244230104.7
RTKM;D;20110406;000000;174.01;179.75;171.55;176.28;5117090;901912770.3
RTKM;D;20110407;000000;176.34;178.52;174.07;174.61;1087810;191770713.1
RTKM;D;20110408;000000;175;175.5;172.61;174.44;1447940;251740598
RTKM;D;20110411;000000;174.39;175.98;171.49;174;647240;112485885.3
RTKM;D;20110412;000000;172.6;172.6;169.52;171;979550;166799942.5
RTKM;D;20110413;000000;171;172.27;167.36;169.52;464840;78751519.7
RTKM;D;20110414;000000;169.54;170.5;167.51;169.5;434430;73185373.3
RTKM;D;20110415;000000;170;170;166.1;167.45;528890;88587154.4
RTKM;D;20110418;000000;168;168.03;157.5;158.69;1211430;197513868.4
RTKM;D;20110419;000000;158.5;162.3;158.5;159.68;764410;122641053.2
RTKM;D;20110420;000000;160.48;162.99;160.41;161.6;396160;63976740.4
RTKM;D;20110421;000000;162.4;168.6;160.79;167.79;1044520;172283563.4
RTKM;D;20110422;000000;168;171.94;168;169.85;1203710;205365697.5
RTKM;D;20110425;000000;170;171;164;165.2;448160;75041597.3
RTKM;D;20110426;000000;160.48;171.9;160.48;171.7;915220;154465329.4
RTKM;D;20110427;000000;172;174.25;167.3;167.37;1123170;191297953.6
RTKM;D;20110428;000000;168.25;171.28;163.7;165.48;669260;110890096.3
RTKM;D;20110429;000000;165.99;169.29;164;165.82;377080;62584525.4
RTKM;D;20110503;000000;164.91;167.82;155.05;157;723090;116663984.2
RTKM;D;20110504;000000;158.21;164.1;153.72;155.46;1344320;213360327.5
RTKM;D;20110505;000000;156.24;161.68;154.13;161.06;792950;124939245.1
RTKM;D;20110506;000000;161.4;167;157.53;165.69;1154490;189201925.9
RTKM;D;20110510;000000;166.2;172.89;164;171.39;1524860;259533452
RTKM;D;20110511;000000;172.15;175;167.41;174.31;3696750;640023705.1
RTKM;D;20110512;000000;175.2;177.5;169.57;177.5;2743080;477422403.5
RTKM;D;20110513;000000;178.39;179.95;175.17;177.51;2223540;396515879.6
RTKM;D;20110516;000000;176.51;179.48;174.07;177.99;1991600;353017710.1
RTKM;D;20110517;000000;175.04;176.21;163.9;165.39;3116260;527103949.5
RTKM;D;20110518;000000;167.01;167.99;159.11;160.79;1838410;301433128.3
RTKM;D;20110519;000000;162;163.9;159.1;162.5;1156300;187002521.2
RTKM;D;20110520;000000;162.53;164.49;162.02;163.35;1535080;250884677.8
RTKM;D;20110523;000000;163;163;158.02;159.99;464770;74343561.5
RTKM;D;20110524;000000;159.5;163.4;159.5;162;648310;104741340.6
RTKM;D;20110525;000000;161;163;159.81;161.89;574600;93073853.4
RTKM;D;20110526;000000;162.27;163.32;158.25;158.6;507360;81671188.1
RTKM;D;20110527;000000;159.95;160.49;156;157.52;1271230;200199616.9
RTKM;D;20110530;000000;157.98;160;157.5;158.19;539510;85481369.7
RTKM;D;20110531;000000;158.9;162;157.83;160.6;1438990;230521651.9
RTKM;D;20110601;000000;160.99;163.4;160.03;161.75;845980;136980022.6
RTKM;D;20110602;000000;161.02;161.74;158.56;160.1;258850;41432398
RTKM;D;20110603;000000;160.1;162.99;158.98;160;543540;87773191.2
RTKM;D;20110606;000000;160;161.38;158.32;160.66;173320;27759140
RTKM;D;20110607;000000;160.5;162.92;160.03;161.2;513160;83128745.4
RTKM;D;20110608;000000;162.14;162.27;160;161.46;253090;40727796.2
RTKM;D;20110609;000000;160.87;162.98;160.79;162.98;392990;63685895.9
RTKM;D;20110610;000000;163;163.13;161;161.46;277100;44759098.1
RTKM;D;20110614;000000;162.67;167.7;161.04;166.51;912840;149807425.8
RTKM;D;20110615;000000;166.51;171;164;166.16;905370;151905906
RTKM;D;20110616;000000;165.01;179.69;165.01;173.72;3800200;661754196.6
RTKM;D;20110617;000000;173.96;225.9;173.1;217.36;10575470;2110964088.2
RTKM;D;20110620;000000;217.57;252;191.54;200.2;14657940;3157589620.3
RTKM;D;20110621;000000;200;207.4;191.55;192;3101120;615332106.4
RTKM;D;20110622;000000;192.5;195.69;186.2;186.67;2194050;417864327.6
RTKM;D;20110623;000000;186.5;189.6;180.88;180.88;2348120;434346923.6
RTKM;D;20110624;000000;184.4;184.4;180.55;182;988470;180226458.3
RTKM;D;20110627;000000;181.89;193.54;180.69;192;3411620;645702219.1
RTKM;D;20110628;000000;193.5;194.7;189.51;190.33;1139640;218044723.8
RTKM;D;20110629;000000;190.95;191.45;187.51;188.72;768550;144995378.8
RTKM;D;20110630;000000;189.47;195.98;188.2;188.39;1648740;316481426.6
RTKM;D;20110701;000000;189.04;190;185;188.31;1502060;281244244.5
RTKM;D;20110704;000000;189.49;193.5;187.65;189;787390;149846579.5
RTKM;D;20110705;000000;189;193.4;188.8;189.76;1058780;201894585.9
RTKM;D;20110706;000000;190;191.7;188.21;189.69;562340;106458640.2
RTKM;D;20110707;000000;190.54;193.7;188.77;192.79;1009500;193104409.7
RTKM;D;20110708;000000;193.85;195.9;191.1;194.45;1387220;269140780.6
RTKM;D;20110711;000000;194.01;203.77;193;200.98;3236330;643277045.6
RTKM;D;20110712;000000;200;203.43;195.2;199.7;2259060;449308830.3
RTKM;D;20110713;000000;199.7;205.99;198.03;204.44;1549010;313716573.4
RTKM;D;20110714;000000;203.92;208.15;201.77;202.98;1350210;276384099.3
RTKM;D;20110715;000000;203.51;207.44;202.16;203.86;1154110;236507516.1
RTKM;D;20110718;000000;204.45;207.86;200;201.62;1280080;262989891.9
RTKM;D;20110719;000000;201.73;205;196.5;198.8;1227630;246190532
RTKM;D;20110720;000000;200.27;210.74;199.72;209.84;2163060;444210951.5
RTKM;D;20110721;000000;211;220;210.12;210.99;4459940;961020286.6
RTKM;D;20110722;000000;211.41;216.49;210.3;212.5;1756120;376052861.7
RTKM;D;20110725;000000;212.3;218.46;211.33;214.59;2031120;438398122.9
RTKM;D;20110726;000000;215.88;217.45;212.82;213;760190;163666742.7
RTKM;D;20110727;000000;213.03;214.36;206.14;207;1595930;334445725.1
RTKM;D;20110728;000000;207.01;209.5;199.8;202.13;1902020;387933986.3
RTKM;D;20110729;000000;201.49;209.49;201.03;203.11;2247020;461262439.6
RTKM;D;20110801;000000;205.3;208.92;203.61;205.89;1048330;216397795.7
RTKM;D;20110802;000000;208.7;208.7;202.62;204.31;447200;91478292.7
RTKM;D;20110803;000000;202.01;202.61;195;196.46;1549270;306963078
RTKM;D;20110804;000000;196.85;199.99;183.03;184;1788790;339609582.8
RTKM;D;20110805;000000;178.1;182.03;160.01;177.8;3931050;677471588.8
RTKM;D;20110808;000000;170;177.35;153.9;160;2201120;368758450.1
RTKM;D;20110809;000000;152;164.45;140;160.57;3842640;592207623.5
RTKM;D;20110810;000000;165;166;149.5;151;5291710;826986388
RTKM;D;20110811;000000;151.5;155.3;124.15;128.98;17646500;2396886986.4
RTKM;D;20110812;000000;132;148.88;128;147;20626880;2868054937.1
RTKM;D;20110815;000000;148.94;163.12;148;162.1;18871640;2945792858.1
RTKM;D;20110816;000000;161;166.4;155.03;155.2;18555550;2969977497.5
RTKM;D;20110817;000000;160;161;150.4;157.99;14486010;2265589671.2
RTKM;D;20110818;000000;155.99;156.5;145.8;150.08;8803630;1340213992.7
RTKM;D;20110819;000000;146.97;152;138.64;150;14913240;2141851695.4
RTKM;D;20110822;000000;147.45;159.87;144.71;157.61;17688980;2747149089.3
RTKM;D;20110823;000000;160;163.4;154.5;159.01;9535950;1524116501
RTKM;D;20110824;000000;160;162.5;155.48;161.5;10684110;1704860820.1
RTKM;D;20110825;000000;161.5;162.78;156.41;157.1;7940860;1268878691.4
RTKM;D;20110826;000000;157;160.6;157;158.9;6705430;1065191993
RTKM;D;20110829;000000;161;173.39;160.5;173.2;15035480;2501486398.8
RTKM;D;20110830;000000;174;180.38;169.4;174.98;17996250;3159029338.1
RTKM;D;20110831;000000;175.98;191.79;175.15;188;84488430;15688846093.3
RTKM;D;20110901;000000;186.1;187.47;181.02;183.03;18541300;3406946784
RTKM;D;20110902;000000;181;182.88;177.25;181.99;9627460;1730350639.2
RTKM;D;20110905;000000;179.53;187.5;178;179;11637930;2120907061.2
RTKM;D;20110906;000000;177.05;181.7;177.05;178.93;7560070;1357328432.7
RTKM;D;20110907;000000;181.7;184.68;179.5;179.8;6043440;1102627184.7
RTKM;D;20110908;000000;181.74;182.97;178.51;178.9;5544060;1002522114.2
RTKM;D;20110909;000000;178.01;181;173;174.09;5622690;993455346.2
RTKM;D;20110912;000000;170.11;171.75;164.22;164.68;8452540;1408031548.4
RTKM;D;20110913;000000;166.65;168.33;160.9;162.15;6496680;1068421224.4
RTKM;D;20110914;000000;161.48;164.43;158.51;161.89;5653480;914876938.8
RTKM;D;20110915;000000;165;168.34;162.53;164.96;11206950;1851161667.7
RTKM;D;20110916;000000;166;168.5;161.25;165.35;6952880;1145884865.9
RTKM;D;20110919;000000;164.01;165.81;162.11;163.49;5760300;944777910.6
RTKM;D;20110920;000000;162.71;165.48;162.71;164.8;3422280;563708705.6
RTKM;D;20110921;000000;163.9;165.11;163.5;163.9;2320570;381192246.3
RTKM;D;20110922;000000;159.64;160.73;155.55;159;10397850;1649294585.8
RTKM;D;20110923;000000;156.03;157.99;143.2;150.2;10185320;1544087311
RTKM;D;20110926;000000;148;153.9;145.03;150.19;6188650;930241011.4
RTKM;D;20110927;000000;154;155;150.24;150.3;5456900;826865187.7
RTKM;D;20110928;000000;149;153;148;150.7;4383440;659781956.9
RTKM;D;20110929;000000;149.85;154.2;149;151.7;7529690;1142007370.5
RTKM;D;20110930;000000;152.47;152.5;145.39;148.64;10110630;1508416557.6
RTKM;D;20111003;000000;145;149.4;141.74;149;4012840;588198155.8
RTKM;D;20111004;000000;147.29;149.95;136;137.01;10207790;1452665024.7
RTKM;D;20111005;000000;138.43;141.8;127.65;134.4;11197900;1500717551.6
RTKM;D;20111006;000000;136.9;138.75;130.23;134.66;7697400;1036702269.1
RTKM;D;20111007;000000;137;148.87;135;144.1;16101300;2295634549.6
RTKM;D;20111010;000000;147.55;149.45;143.99;145.7;9860900;1442128832.7
RTKM;D;20111011;000000;147;147.2;142.95;145.07;5667510;820954068.2
RTKM;D;20111012;000000;145.65;151;144.11;149.89;7291590;1083542308.2
RTKM;D;20111013;000000;154.2;154.5;145.45;146.7;5680180;840647247.4
RTKM;D;20111014;000000;149.7;151.4;147.16;148;7488510;1119211870.8
RTKM;D;20111017;000000;149.5;149.89;141.2;143.23;8220410;1192384558.8
RTKM;D;20111018;000000;142.39;146.5;139.4;145.81;5212520;750079577.2
RTKM;D;20111019;000000;147.04;147.7;142.55;143.71;5471030;795415948.6
RTKM;D;20111020;000000;142.95;143.1;139.8;142;4576040;645745892.1
RTKM;D;20111021;000000;143.1;147.5;142.35;147.4;6192580;899364628.2
RTKM;D;20111024;000000;148.03;149.41;146.02;147.31;5704550;844003133.7
RTKM;D;20111025;000000;148.03;157.8;145.95;152.21;16832690;2572714434.3
RTKM;D;20111026;000000;153.2;157.09;152.85;154.61;11106380;1721830455.2
RTKM;D;20111027;000000;157;158.5;154.65;155.17;7885780;1235535715.3
RTKM;D;20111028;000000;157;159.36;155;157.48;7498100;1181045566.3
RTKM;D;20111031;000000;156;160.33;151.56;155.55;6283530;984225533.5
RTKM;D;20111101;000000;155;158.8;153.8;157.4;8873620;1386467370.4
RTKM;D;20111102;000000;158;159.66;156.25;157.1;7015990;1109834484.8
RTKM;D;20111103;000000;156.25;158;150.22;155.67;6414950;990332461.4
RTKM;D;20111107;000000;156;156.83;152;155.12;3837370;591643526.1
RTKM;D;20111108;000000;155.12;156.93;152.9;153.8;3736750;579073937.4
RTKM;D;20111109;000000;155.04;155.79;147.5;148.55;6221510;935065546.2
RTKM;D;20111110;000000;147.1;158.4;146;156.99;11030730;1688678285.5
RTKM;D;20111111;000000;158.38;159.36;153.5;156.58;6889670;1072933380.4
RTKM;D;20111114;000000;158.07;158.86;154.04;154.17;2918060;455351069
RTKM;D;20111115;000000;149.76;157.77;149.76;155.99;6405040;989762390.9
RTKM;D;20111116;000000;154.2;156.75;153;155.12;3226490;501684356
RTKM;D;20111117;000000;155.05;156.46;152;152.81;5080620;781388671.7
RTKM;D;20111118;000000;152.5;154.9;151.91;154.6;3602150;551220545.4
RTKM;D;20111121;000000;153.27;153.97;152.02;152.75;6532520;997495043.4
RTKM;D;20111122;000000;152.11;155;152.11;154.8;4851640;749460174.7
RTKM;D;20111123;000000;153.5;156;152.81;153.5;5539170;855343566.8
RTKM;D;20111124;000000;153.73;155.2;152.05;154.19;4050570;625893891
RTKM;D;20111125;000000;155.15;161.25;153.82;157.69;8976120;1419118986.6
RTKM;D;20111128;000000;158.06;162;157.51;161.55;9336480;1494208177.3
RTKM;D;20111129;000000;161.99;163.25;157.82;159.02;4530600;726301450.9
RTKM;D;20111130;000000;158.61;161.68;158;161.68;8475600;1358742483.1
RTKM;D;20111201;000000;162.54;163.21;159.2;160.01;7932130;1278557144.3
RTKM;D;20111202;000000;159.97;160.99;157;159.13;5814010;925381427.7
RTKM;D;20111205;000000;168.88;168.88;158.2;159.92;3717090;592720911.8
RTKM;D;20111206;000000;158.97;160.12;152.05;152.15;6293630;981877107.8
RTKM;D;20111207;000000;152.91;154.07;148.57;152;5776440;872242528.7
RTKM;D;20111208;000000;152.05;154;151.02;153;4976570;761867568.9
RTKM;D;20111209;000000;150.72;151.74;141.64;143.74;9108830;1329785760.2
RTKM;D;20111212;000000;145.78;147.33;141.01;142.5;4343150;627194641.8
RTKM;D;20111213;000000;142.5;145.49;140.11;144.97;2679830;384102894.7
RTKM;D;20111214;000000;143.94;145.96;141.12;143;4817580;690773741.3
RTKM;D;20111215;000000;141.5;143.24;136.92;141.8;8520270;1195782923.8
RTKM;D;20111216;000000;145.12;150.93;141.1;150.93;7568290;1093886480
RTKM;D;20111219;000000;148.53;149.87;145.12;146;4108780;603646792.5
RTKM;D;20111220;000000;146;146.75;142.43;146;3236100;467434787.4
RTKM;D;20111221;000000;146.19;147.29;141.5;141.79;3028690;436005119.3
RTKM;D;20111222;000000;142.5;148;141.24;147.98;8098420;1172355850.1
RTKM;D;20111223;000000;148.5;155.29;145.66;151.67;14831250;2255815336.3
RTKM;D;20111226;000000;152.05;155.5;150.59;151.66;9862750;1513795111.8
RTKM;D;20111227;000000;152.5;152.5;148.68;151.5;3273370;492943889.4
RTKM;D;20111228;000000;151.47;152.89;147.55;149.49;2007920;301824076.1
RTKM;D;20111229;000000;145.08;152.13;145.08;151.62;3837700;571847038.5
RTKM;D;20111230;000000;152.5;154.98;151.15;152.2;2952710;452331984.6
RTKM;D;20120103;000000;153.5;155.43;151.85;153.5;3862200;595618643.4
RTKM;D;20120104;000000;154;154.4;151.77;153.77;1975400;302031137.2
RTKM;D;20120105;000000;153.4;155.17;152.6;153.32;2721630;418264924.9
RTKM;D;20120106;000000;154.15;154.97;152.62;154.01;1326010;204003901.6
RTKM;D;20120109;000000;152.25;154.41;152.15;154;1444610;221526645.6
RTKM;D;20120110;000000;154.01;155.79;153.23;153.5;3827390;591341879.9
RTKM;D;20120111;000000;152.7;154.48;149;150.12;3526060;533454018.5
RTKM;D;20120112;000000;151;155;149.53;153.85;4776620;731512456.3
RTKM;D;20120113;000000;154.01;154.9;153.01;153.84;3963210;610620303.3
RTKM;D;20120116;000000;153.47;153.83;151.23;152.5;2753630;420524815.8
RTKM;D;20120117;000000;149.23;154.98;149.23;153.36;4260660;656251633.1
RTKM;D;20120118;000000;154.05;154.45;152.05;153.65;3308570;506356065.1
RTKM;D;20120119;000000;153.65;155;151.37;152.08;3717100;569500100.1
RTKM;D;20120120;000000;151.1;153.17;147.51;148.4;5896730;889029745.6
RTKM;D;20120123;000000;149;150.4;147.84;148.7;5555920;828650301.4
RTKM;D;20120124;000000;148.5;150.2;146.55;147.7;5582660;828458027.7
RTKM;D;20120125;000000;148.51;149.35;147.05;148;4283860;635620253.8
RTKM;D;20120126;000000;149;150.25;147.82;148.58;4269030;635326629.3
RTKM;D;20120127;000000;149;150.4;147.73;148;3058760;454806160.5
RTKM;D;20120130;000000;148;149.11;144.56;146.76;3723520;546218035.8
RTKM;D;20120131;000000;146.77;149.59;146.11;149;3851400;569834126.3
RTKM;D;20120201;000000;148.51;154.1;147.84;152;8032970;1220457702
RTKM;D;20120202;000000;154.5;154.5;150.71;151.91;4052220;614958499.5
RTKM;D;20120203;000000;152;154.75;151.52;154.65;5463620;838885224
RTKM;D;20120206;000000;154.65;154.99;152.15;153.8;4543700;696862872.7
RTKM;D;20120207;000000;153.8;153.81;151.16;152.41;2078370;317469169.8
RTKM;D;20120208;000000;152.61;153.75;151.9;152.63;3119230;477476025.3
RTKM;D;20120209;000000;152.63;153.09;149.12;149.99;3051550;461020592.1
RTKM;D;20120210;000000;149.95;151.2;148.61;149.48;3356520;503287087.4
RTKM;D;20120213;000000;150.2;152;150.02;151.52;2273850;343536307.3
RTKM;D;20120214;000000;152.52;153.24;150.3;150.51;1977560;300773264.6
RTKM;D;20120215;000000;151.5;153.1;150.51;151.01;2900380;440545326
RTKM;D;20120216;000000;149.9;151.8;149.73;151.8;1293330;195079185.3
RTKM;D;20120217;000000;152.1;152.38;149.95;150.52;2358060;355714704.7
RTKM;D;20120220;000000;151;152;151;151.5;1284420;194794714.4
RTKM;D;20120221;000000;151.7;151.8;148.75;149.51;1407180;210709956.4
RTKM;D;20120222;000000;149.5;151.2;146;146.36;2404530;356099713.8
RTKM;D;20120224;000000;147.75;148.9;146;148.28;4737260;699370582.4
RTKM;D;20120227;000000;149;150;147.1;147.3;2828520;418808686
RTKM;D;20120228;000000;143.76;148.45;143.76;144.85;2563410;374163481.8
RTKM;D;20120229;000000;145.5;147.2;145.11;147;3027710;442385638.2
RTKM;D;20120301;000000;147;147;145.35;146.87;2240290;327612055.4
RTKM;D;20120302;000000;147.5;148.1;146.48;147.7;2327680;343141331.2
RTKM;D;20120305;000000;147.8;148.98;147.1;148.57;2286370;339075360.9
RTKM;D;20120306;000000;148.14;148.32;143.7;145.01;3237580;471722543.9
RTKM;D;20120307;000000;145.03;145.99;142.72;143.4;3666010;528113695.1
RTKM;D;20120311;000000;144.3;144.5;143.8;144.14;1673770;241214557.6
RTKM;D;20120312;000000;144.6;146.14;143.77;145.5;3332140;483903553.6
RTKM;D;20120313;000000;146.44;146.7;145.5;145.58;2192220;319986335.5
RTKM;D;20120314;000000;146.55;149.89;146.16;148.54;6051830;896441925.8
RTKM;D;20120315;000000;148.52;151.6;148.01;150.02;13070050;1969048413.9
RTKM;D;20120316;000000;151.46;152;148.27;151.97;7640250;1144889091.8
RTKM;D;20120319;000000;152;152.2;147.5;149.09;5849680;875652042.8
RTKM;D;20120320;000000;148.23;150.28;147.35;149.25;4059020;604875989.8
RTKM;D;20120321;000000;149.64;150.1;148.83;149.53;2724420;407381007.2
RTKM;D;20120322;000000;149.6;149.97;146.65;147.2;4111500;609612949
RTKM;D;20120323;000000;148.16;148.75;145.5;148.44;3644870;535682125.1
RTKM;D;20120326;000000;151.7;151.7;147.54;147.99;2583290;383360740.6
RTKM;D;20120327;000000;148.57;148.78;145.85;147.2;2057200;302281203.5
RTKM;D;20120328;000000;147.27;147.44;144.5;145.86;2999300;437207423.9
RTKM;D;20120329;000000;144;145.9;141.5;143.08;3333160;479086297.6
RTKM;D;20120330;000000;143.61;146.1;143.48;143.73;3216360;466363556.6
RTKM;D;20120402;000000;145.37;146.6;144.5;144.7;3586700;522384538.1
RTKM;D;20120403;000000;146;147.27;145.25;146.4;3525820;516232051
RTKM;D;20120404;000000;145.61;145.61;140.2;141.52;4890440;696423757.2
RTKM;D;20120405;000000;142;143.1;140.43;142.35;2401560;340263172.2
RTKM;D;20120406;000000;142.5;143.29;140.02;140.15;1482410;209752866
RTKM;D;20120409;000000;141.42;144.24;140;142.49;4489820;641790976.5
RTKM;D;20120410;000000;142.4;143;140.72;141.25;2491280;353537858.5
RTKM;D;20120411;000000;140.87;142.33;140.41;141.45;2922130;413940851.1
RTKM;D;20120412;000000;141.67;141.94;139.4;139.99;2122590;297800088.6
RTKM;D;20120413;000000;139.82;141.08;138.12;139;4823530;671941281.3
RTKM;D;20120416;000000;138.86;139.98;137.1;137.1;2402920;332280972.5
RTKM;D;20120417;000000;138.13;138.22;134;135.09;5003370;676949677.5
RTKM;D;20120418;000000;136.02;136.95;134.23;136.25;2588210;351827464.7
RTKM;D;20120419;000000;136;139.64;136;137.7;4202480;582302970.7
RTKM;D;20120420;000000;137.41;139.39;136.63;138.7;1837900;254436819.2
RTKM;D;20120423;000000;138.68;138.87;136;136;2585390;354322997.4
RTKM;D;20120424;000000;136;137.39;135;135.13;2111320;287590065.8
RTKM;D;20120425;000000;135.95;136.39;134.25;134.5;1866200;252220447.4
RTKM;D;20120426;000000;135.29;135.42;132.75;133.42;2132180;285191334.6
RTKM;D;20120427;000000;133.5;135.11;132.17;134.71;5143960;690922522.8
RTKM;D;20120428;000000;138.14;138.14;134.83;136.66;2452170;333688987.6
RTKM;D;20120502;000000;132.71;135.19;132.5;134.3;4298160;577852127.5
RTKM;D;20120503;000000;134.04;135.3;132.5;132.5;1495790;200265390.3
RTKM;D;20120504;000000;131.96;133.45;124.6;127;6627000;847757748.4
RTKM;D;20120505;000000;126.55;128.31;124.55;125.56;1306310;163772083.2
RTKM;D;20120507;000000;124;125.17;119.68;124.54;2779090;340259642.9
RTKM;D;20120508;000000;124.14;125.8;122.48;125.56;1633790;203760065.5
RTKM;D;20120510;000000;126;129.98;126;128.99;4239750;544021551.2
RTKM;D;20120511;000000;128.19;129.37;126.25;128;1838900;235171931.2
RTKM;D;20120512;000000;123.1;127.46;123.1;126.7;1406220;177328126.1
RTKM;D;20120514;000000;126;126.5;122.72;123.74;3067130;381717225.3
RTKM;D;20120515;000000;124;125;122.14;124.56;5068370;627029851.5
RTKM;D;20120516;000000;123.64;123.98;119.81;123.88;6457350;786460684.2
RTKM;D;20120517;000000;124.5;125;120.25;123.97;3672200;450638439.1
RTKM;D;20120518;000000;119.85;126.8;119.82;121;7109400;874092005.2
RTKM;D;20120521;000000;122;122.09;120.14;122.09;3652650;442873355.1
RTKM;D;20120522;000000;122.21;123.04;117.56;118.23;4563710;545492956.2
RTKM;D;20120523;000000;117.76;117.76;113.25;114.5;4985760;571389266.5
RTKM;D;20120524;000000;114.48;118;112.62;115;4202570;482892787.5
RTKM;D;20120525;000000;114.55;116.5;114.12;115.85;2122740;245353916.7
RTKM;D;20120528;000000;117.53;117.99;113.85;113.91;2311480;268103202.7
RTKM;D;20120529;000000;115.02;116.94;112.75;116.4;5085010;583378026.3
RTKM;D;20120530;000000;115.51;116.5;112.51;112.55;4268270;483501444.5
RTKM;D;20120531;000000;112.53;113.7;105;105.44;14689560;1598010321.6
RTKM;D;20120601;000000;106.2;108.6;105.22;106.99;7226180;771817264.7
RTKM;D;20120604;000000;105.5;108.6;105.23;107.81;3628290;390899434.8
RTKM;D;20120605;000000;108.5;108.86;106.97;107;2871590;308769631.3
RTKM;D;20120606;000000;108;110;105.86;108.1;4056820;439369035.5
RTKM;D;20120607;000000;108.81;110.1;107;108.89;4448340;483177576.7
RTKM;D;20120608;000000;108;110;106.18;109.71;4259380;462800574.7
RTKM;D;20120609;000000;110;112.25;110;111.35;1976550;220052705.3
RTKM;D;20120613;000000;111.35;114;111.05;113.8;3341540;377604991.4
RTKM;D;20120614;000000;114.94;114.94;111;111.06;3301270;369752692
RTKM;D;20120615;000000;112.4;112.88;111.13;111.57;7096190;791865508.3
RTKM;D;20120618;000000;112.99;118;111.87;117.3;9146510;1049027714.6
RTKM;D;20120619;000000;117.3;118.94;115.6;116.1;5848630;685095252.6
RTKM;D;20120620;000000;116.73;117.09;112.97;113.5;3365830;386695324.8
RTKM;D;20120621;000000;113;114.89;111.51;111.6;2947300;334452169.6
RTKM;D;20120622;000000;110;111.48;108.33;110.5;3764010;415353789.7
RTKM;D;20120625;000000;111.08;111.34;109.63;110.55;2578800;284552659
RTKM;D;20120626;000000;110.57;114.2;110.57;113.58;2665320;300587441.3
RTKM;D;20120627;000000;113.92;115.42;112.91;114.3;5596580;640269204.9
RTKM;D;20120628;000000;114.6;114.8;111.53;111.73;2798510;315265236.1
RTKM;D;20120629;000000;113.01;117.3;113.01;116.5;4401110;510889260.8
RTKM;D;20120702;000000;117.12;117.94;114.73;116.5;2855990;333081608.5
RTKM;D;20120703;000000;116.54;120.46;116.54;119.66;4716830;560795409.6
RTKM;D;20120704;000000;119.41;121.38;118.46;120.29;2320760;278941701.5
RTKM;D;20120705;000000;120;121.39;117.87;118.58;3513150;420015152.7
RTKM;D;20120706;000000;118.27;119.75;117.94;118.39;2235170;265833533.9
RTKM;D;20120709;000000;118.4;120.6;118.07;119.5;2374030;283820354.3
RTKM;D;20120710;000000;119.5;120.41;118.96;119.88;2465150;294926763.2
RTKM;D;20120711;000000;119.6;119.6;115.85;117.95;4270510;501468590.6
RTKM;D;20120712;000000;118.27;118.49;115.21;117.81;2554550;298837568.7
RTKM;D;20120713;000000;118.8;122;117.91;119.37;4801910;577554832.3
RTKM;D;20120716;000000;119.37;119.5;117.21;118.85;1538690;182177976.7
RTKM;D;20120717;000000;119.4;120;118.62;119.5;2799520;334587769.3
RTKM;D;20120718;000000;119.8;119.9;118.65;119.05;1279370;152580590.3
RTKM;D;20120719;000000;119.2;119.75;118.59;118.76;2441260;290952234.3
RTKM;D;20120720;000000;118.45;118.9;117;117.1;1377810;162241301.3
RTKM;D;20120723;000000;116.11;117.24;111.9;112.64;3377460;385269298.1
RTKM;D;20120724;000000;114.25;114.25;111.03;112.96;2524110;283980958.7
RTKM;D;20120725;000000;112.41;115.3;111.51;113.9;2408350;273866814.5
RTKM;D;20120726;000000;114;114.7;112.5;113.7;2748940;313054808.9
RTKM;D;20120727;000000;113.27;114.73;113.02;114.66;3782430;431772040.5
RTKM;D;20120730;000000;115;116.53;113.76;114.12;3119720;359839493
RTKM;D;20120731;000000;114.32;114.97;110.98;111.5;4917400;554588671.9
RTKM;D;20120801;000000;111.5;113.65;111.14;113;3375690;381427306.1
RTKM;D;20120802;000000;113;114.77;112.01;114.11;5020750;571729515.8
RTKM;D;20120803;000000;114.66;116.45;114;115.79;5056990;584787148.7
RTKM;D;20120806;000000;116.73;117.6;116.07;117.13;4463300;522321571.4
RTKM;D;20120807;000000;117.07;117.5;116.07;116.9;2301020;268860826.7
RTKM;D;20120808;000000;116.89;117.4;115.78;117.3;2189810;255616289.3
RTKM;D;20120809;000000;117.59;121.3;117.19;120.99;5510220;657273428.8
RTKM;D;20120810;000000;120.02;122.51;119.15;121.36;4153090;502861289.4
RTKM;D;20120813;000000;121;125.8;120.79;124.45;6335300;789045004.2
RTKM;D;20120814;000000;124.52;126.6;124.52;125.87;5014860;630547265
RTKM;D;20120815;000000;125;126.24;122.71;125.3;2929340;365094434.1
RTKM;D;20120816;000000;125.2;126.72;124.53;126.5;2964210;373730721.8
RTKM;D;20120817;000000;127;127.02;124.76;125.21;2589220;325610727.5
RTKM;D;20120820;000000;125.6;125.74;122.01;124.45;2998300;370972663.7
RTKM;D;20120821;000000;124.86;125.9;124.61;125.38;3563870;446269931
RTKM;D;20120822;000000;124.29;125;123.1;124.9;1537540;191059217.6
RTKM;D;20120823;000000;125.5;127.35;125.2;125.89;3833420;484825145.3
RTKM;D;20120824;000000;125;126.26;124.02;126.11;1806140;226173846.2
RTKM;D;20120827;000000;126.19;126.99;124.25;125.93;1099810;137732680.8
RTKM;D;20120828;000000;124.72;126.29;124.67;125.24;1874910;235565741.6
RTKM;D;20120829;000000;125.48;126.2;124.41;125.47;1717870;215614508.2
RTKM;D;20120830;000000;126.26;126.38;124.01;124.85;1629630;204204189.5
RTKM;D;20120831;000000;124.85;125.85;123.37;123.45;2397990;299698187.6
RTKM;D;20120903;000000;123.45;125.69;122.57;125.45;1136830;140961267.6
RTKM;D;20120904;000000;125.23;126.25;124.8;126;1644810;206536702.9
RTKM;D;20120905;000000;125.99;126.5;122.1;123.11;2101070;260094729.5
RTKM;D;20120906;000000;123.29;125.55;123.29;125.4;1888260;235991922.4
RTKM;D;20120907;000000;125.45;127.97;125.19;125.52;4961000;626998814.1
RTKM;D;20120910;000000;125.41;127.1;125.35;126.99;1883510;238112061.9
RTKM;D;20120911;000000;108.96;129.48;108.96;128.29;3281540;419987864.6
RTKM;D;20120912;000000;128.9;128.99;126.45;127.1;2643460;337374122.5
RTKM;D;20120913;000000;127;127.38;126.03;126.49;1696660;214994733.7
RTKM;D;20120914;000000;129;131.7;127;131.69;6946250;899100924.2
RTKM;D;20120917;000000;131.1;133.8;130.22;132.11;6345310;839700851.4
RTKM;D;20120918;000000;132;136.12;131.51;134.41;6000530;807812735.4
RTKM;D;20120919;000000;135.01;136.4;132.16;135.01;5309970;712969339.7
RTKM;D;20120920;000000;133;137.07;133;136.73;3506690;476855975.7
RTKM;D;20120921;000000;137.05;139.97;135.21;138.8;5173470;714440447.9
RTKM;D;20120924;000000;138.56;139.93;137.22;139.4;2850160;395549617.1
RTKM;D;20120925;000000;139.4;141.4;136.7;137;2822310;393455765.9
RTKM;D;20120926;000000;136.5;136.81;132.2;134;3405610;457031887.1
RTKM;D;20120927;000000;134.48;135.99;131.01;132.74;2970500;394610128.7
RTKM;D;20120928;000000;133.7;136.46;132.25;134.4;4424830;597121148.7
RTKM;D;20121001;000000;133.5;138.8;132.61;138.72;3355060;458721406.1
RTKM;D;20121002;000000;138.85;138.85;136.4;137.9;1361380;187028741.4
RTKM;D;20121003;000000;137.03;137.89;134.2;136.5;1569350;213765936.4
RTKM;D;20121004;000000;137.01;137.21;134.1;134.25;1335680;180436641.9
RTKM;D;20121005;000000;135.92;138.7;135.2;135.2;2889150;395567423.1
RTKM;D;20121008;000000;135.2;135.59;133.3;133.8;1429610;191792804.6
RTKM;D;20121009;000000;133.91;137.8;133.91;136.62;3492920;475879211.7
RTKM;D;20121010;000000;136.25;136.44;134.8;135.5;2010990;272574490
RTKM;D;20121011;000000;135.2;135.48;133.83;134.97;1686350;226903395.2
RTKM;D;20121012;000000;134.98;134.98;131.19;132.8;3269840;433087487.6
RTKM;D;20121015;000000;132.15;134.43;131.75;132.48;1871710;248744615.9
RTKM;D;20121016;000000;132.98;133.75;131.01;133.58;1819950;241569567.2
RTKM;D;20121017;000000;133.75;136.5;132.21;136.14;2824070;381607075.6
RTKM;D;20121018;000000;136.25;137.2;134.19;135.2;2761480;374799029.7
RTKM;D;20121019;000000;135.13;135.43;132;132.1;1810130;241628385.3
RTKM;D;20121022;000000;131.98;134.66;131.3;134.25;1753540;232394924.6
RTKM;D;20121023;000000;133.86;134.84;130.7;130.96;1919000;253539662.5
RTKM;D;20121024;000000;131.48;132;126.76;127.82;2384580;308934238.6
RTKM;D;20121025;000000;127.45;128.35;125.55;126.25;2203320;279460691.9
RTKM;D;20121026;000000;125.03;126;123.75;124.7;1998650;249446358
RTKM;D;20121029;000000;124.57;125.16;123.45;124.46;976690;121132061.9
RTKM;D;20121030;000000;124.43;124.43;122.5;122.78;1389980;171147584.4
RTKM;D;20121031;000000;123.42;125.35;122.02;123.51;2866440;354633093.6
RTKM;D;20121101;000000;123;125.5;122.05;123.61;2364930;291906365
RTKM;D;20121102;000000;123.99;124.79;122;122.03;2442240;300314620.8
RTKM;D;20121106;000000;122.52;123.98;121.12;122;1941960;237235765.1
RTKM;D;20121107;000000;122.5;124.6;121.42;121.6;2149010;265018136
RTKM;D;20121108;000000;120.97;121;116.7;117.99;3614750;429834959.5
RTKM;D;20121109;000000;118.28;118.5;114.59;117.23;2825740;329927923.8
RTKM;D;20121112;000000;117.9;119.91;117.11;119.24;1217000;144473055.7
RTKM;D;20121113;000000;119;120;116;119.35;2753870;324851242.2
RTKM;D;20121114;000000;119.49;120.75;117.8;119.47;2192920;262017341.6
RTKM;D;20121115;000000;118.9;121.3;118.61;120.91;1174490;140576091.3
RTKM;D;20121116;000000;120.38;121.35;119.2;121.05;1316970;158304175.5
RTKM;D;20121119;000000;121.79;123.23;120.78;122.77;907160;110837993.1
RTKM;D;20121120;000000;123;123.4;117.43;120.48;6567080;784741966.9
RTKM;D;20121121;000000;120;121.68;119.34;120;4922830;592585266.8
RTKM;D;20121122;000000;120;121.1;119.54;119.75;1623930;195327648.9
RTKM;D;20121123;000000;119.96;121;119.36;120.62;1413950;169897944.8
RTKM;D;20121126;000000;120.96;120.96;118.04;118.8;1583710;189252718.4
RTKM;D;20121127;000000;119.15;119.9;115.43;116.09;4653640;543379691.3
RTKM;D;20121128;000000;116.07;116.87;110.3;110.39;13849230;1562690731.5
RTKM;D;20121129;000000;111.42;112.84;108.41;110.5;12127420;1334842329.7
RTKM;D;20121130;000000;110.1;112.35;108.09;108.94;13184030;1444911304.5
RTKM;D;20121203;000000;99.36;109.7;99.36;109.54;6658890;719970039.2
RTKM;D;20121204;000000;108.97;109.7;107.74;108;5357930;583518477.3
RTKM;D;20121205;000000;108.49;110.45;108.47;109.13;4221190;461900764.8
RTKM;D;20121206;000000;109.07;113.99;109.07;112.8;7719610;867554432.4
RTKM;D;20121207;000000;113.5;114.47;111.33;113.1;4251280;479222430.8
RTKM;D;20121210;000000;113.52;114;112.8;113.84;2468550;280048117
RTKM;D;20121211;000000;113.8;116.37;113;116.15;4700270;540815084.9
RTKM;D;20121212;000000;116.54;117.84;116.17;117.3;4642510;544245380.1
RTKM;D;20121213;000000;117.27;119.02;117.27;118.22;5944620;702995691.9
RTKM;D;20121214;000000;118.22;118.8;117.63;118.8;2653860;313967626.7
RTKM;D;20121217;000000;118.8;118.99;116.1;116.96;4973310;586207079.9
RTKM;D;20121218;000000;117.94;120.1;117.21;119.05;4756640;564900385.2
RTKM;D;20121219;000000;119.5;121.6;119.5;119.75;3974920;478873037
RTKM;D;20121220;000000;119.34;120;118.56;119.65;3328540;398275679.9
RTKM;D;20121221;000000;118.95;120.4;117.3;120;4569350;544171757.2
RTKM;D;20121224;000000;119.5;120.7;118.61;119.19;1267250;151630058.4
RTKM;D;20121225;000000;119.5;119.5;117.6;118.6;790280;93549881.2
RTKM;D;20121226;000000;118.71;119.25;117.77;119.18;1005170;119268385.6
RTKM;D;20121227;000000;119.18;119.29;117.98;119.19;1664870;197912011.6
RTKM;D;20121228;000000;119.34;120.5;118.91;120.4;2426750;290606414.9
RTKM;D;20130108;000000;122.6;125.8;122.6;125.6;3760560;470473285.8
RTKM;D;20130109;000000;125.58;126.2;125.03;125.9;3129230;393593817.9
RTKM;D;20130110;000000;126.5;126.5;123.64;124;4049640;505330082.6
RTKM;D;20130111;000000;124;124.25;122.71;123.17;2095350;258243889.9
RTKM;D;20130114;000000;123.4;125.17;123.12;124.05;1726840;214277984.2
RTKM;D;20130115;000000;124.05;124.26;121.67;121.67;3024870;372152764.8
RTKM;D;20130116;000000;121.61;122.49;120.49;120.67;3240170;391685136.9
RTKM;D;20130117;000000;120.5;123;120.35;122.64;3850680;468666744.5
RTKM;D;20130118;000000;123.03;125.21;123;125;3640150;452487703
RTKM;D;20130121;000000;125.02;125.66;124.56;125.2;1731280;216724345.5
RTKM;D;20130122;000000;125.02;125.2;123.1;123.19;2503120;309597306.5
RTKM;D;20130123;000000;123.45;125.39;123.27;124.44;2254690;280738576.3
RTKM;D;20130124;000000;124.44;124.47;122.48;123;2493590;306779222.6
RTKM;D;20130125;000000;122.9;123.49;122.01;123.39;1808760;222551232.7
RTKM;D;20130128;000000;123.65;124.5;123.22;124.16;2039640;252769456.3
RTKM;D;20130129;000000;124.3;125.9;123.81;124.3;3239130;404796215.9
RTKM;D;20130130;000000;124.73;125.04;121.77;122.3;1880380;231907452.5
RTKM;D;20130131;000000;122.3;122.96;120.75;120.99;2720070;331326042.2
RTKM;D;20130201;000000;121;123.01;120.8;122.56;2346250;286127931.1
RTKM;D;20130204;000000;123.42;124.81;121.5;121.96;2474960;304825870.6
RTKM;D;20130205;000000;121.01;122.48;119.55;121.5;3786160;457784672.8
RTKM;D;20130206;000000;122.5;123.11;120.2;120.95;2049210;248942534.1
RTKM;D;20130207;000000;120.95;121.63;119.49;120.52;1776670;213903455.4
RTKM;D;20130208;000000;120.25;120.89;114.25;120.39;5498840;657770797.8
RTKM;D;20130211;000000;120.5;121.4;119.23;119.9;1112910;133791842.3
RTKM;D;20130212;000000;120.68;120.68;118.8;119.01;1272990;151583758.2
RTKM;D;20130213;000000;119.2;120.82;118;120.74;3479350;415124401.9
RTKM;D;20130214;000000;120.41;121.26;118.51;119.12;2083010;249609549.9
RTKM;D;20130215;000000;118.26;120;117.71;117.9;1558090;184578810.1
RTKM;D;20130218;000000;117.73;119.88;117.5;118.94;1084440;128687610.3
RTKM;D;20130219;000000;118.39;120.1;118.39;119.31;1227580;146652585.5
RTKM;D;20130220;000000;120.5;123.87;120.5;121.57;8912080;1091266130.2
RTKM;D;20130221;000000;120.99;123.2;119.55;120.15;6601500;798620009.7
RTKM;D;20130222;000000;120.48;120.65;119.17;119.35;3983790;477058760.7
RTKM;D;20130225;000000;119.85;120.19;118.87;119.06;1123920;134315062.4
RTKM;D;20130226;000000;118.08;119.92;116.81;117.46;2716470;319613676.9
RTKM;D;20130227;000000;117.95;118;115.95;117.37;1625470;190166116.1
RTKM;D;20130228;000000;118.01;124.55;117.46;122.72;13708820;1669662205.4
RTKM;D;20130301;000000;124.09;125.55;123.31;124.71;10732250;1335252149.4
RTKM;D;20130304;000000;124.8;126.25;123.06;123.58;4160470;517118276.4
RTKM;D;20130305;000000;124.5;124.89;122.3;123.39;3923190;485788951.1
RTKM;D;20130306;000000;125.05;125.05;121.66;121.73;2409250;294874030.3
RTKM;D;20130307;000000;121.73;122.4;120.35;121;2036000;246656141.8
RTKM;D;20130311;000000;121.86;123.57;121.23;122.4;3271510;401599629
RTKM;D;20130312;000000;122.38;123.44;120.9;122;2492480;304375384.5
RTKM;D;20130313;000000;121.96;121.96;119.61;119.61;2898550;350027651.7
RTKM;D;20130314;000000;119.61;120.99;119.1;119.95;2623450;314836472.6
RTKM;D;20130315;000000;120.49;121.5;118.11;118.35;5059200;607561658.5
RTKM;D;20130318;000000;117;118.4;114;115.01;4270100;493958553.4
RTKM;D;20130319;000000;115.04;116.1;114.58;115.04;2309340;265984037
RTKM;D;20130320;000000;114;117.5;113.4;117.36;8555020;996691228.2
RTKM;D;20130321;000000;120.1;122.45;119.5;121.35;9247980;1122432177.1
RTKM;D;20130322;000000;121.35;122.99;119.55;120.25;6566170;800821052.1
RTKM;D;20130325;000000;120.63;122.79;120.63;121;3761960;458709847.3
RTKM;D;20130326;000000;121.07;121.88;120.06;120.99;2801640;338586414
RTKM;D;20130327;000000;121.02;123.67;121.02;123.06;6060320;742140807.1
RTKM;D;20130328;000000;124;125.5;122;122.53;3902620;483261360.6
RTKM;D;20130329;000000;123;123.41;121.26;122.05;1842560;224609361.2
RTKM;D;20130401;000000;123.15;123.15;120.86;121.2;899030;109616306.8
RTKM;D;20130402;000000;121.2;121.86;119.23;120.59;2302860;277952627.4
RTKM;D;20130403;000000;120.94;121.32;119.03;120.43;2848790;342735319
RTKM;D;20130404;000000;120.31;120.31;118.5;119.49;2899610;345913133.6
RTKM;D;20130405;000000;117.26;119.74;117.26;118.4;2174280;258039082.1
RTKM;D;20130408;000000;118.22;119.5;115.1;115.65;2601000;305021100.9
RTKM;D;20130409;000000;116.43;117.09;114.56;116.97;2807230;326158436
RTKM;D;20130410;000000;117;117.79;115.4;116.2;1864860;216882039.3
RTKM;D;20130411;000000;116.2;117;114.9;115.11;2361180;273072429.4
RTKM;D;20130412;000000;115.02;116.49;113.9;115.84;1889610;218159013
RTKM;D;20130415;000000;115;117.35;112.77;113.2;3661300;420863557.1
RTKM;D;20130416;000000;113.79;114.61;107.34;107.65;4496780;495529089.1
RTKM;D;20130417;000000;107.94;108.41;103.55;105.58;4555350;480143131.9
RTKM;D;20130418;000000;104.59;106.88;104.04;104.56;1758240;185311410.9
RTKM;D;20130419;000000;112.9;112.9;104.4;106.2;2561210;270396528.8
RTKM;D;20130422;000000;106.2;120;105.5;119;9906840;1101134235.2
RTKM;D;20130423;000000;115;115;110.5;111;6697660;749385906.6
RTKM;D;20130424;000000;112;112.7;108.62;111.12;3828590;422785383.3
RTKM;D;20130425;000000;112;112;109.8;111.72;4578360;507763336.6
RTKM;D;20130426;000000;111.72;118.77;109.48;118.77;9990940;1150420062.2
RTKM;D;20130429;000000;115.93;117.69;113.74;116.6;4632320;535235961.2
RTKM;D;20130430;000000;113.82;118.8;113.82;116.66;3439230;401498200.3
RTKM;D;20130502;000000;115;116;112.64;113.6;1501350;171201875.3
RTKM;D;20130503;000000;114.06;116.86;114.01;116.85;1662650;192591000.5
RTKM;D;20130506;000000;116.85;117.33;115.5;115.5;1517830;176331993.3
RTKM;D;20130507;000000;115.51;117.5;115.13;117.5;3231260;376256106.7
RTKM;D;20130508;000000;117.36;117.87;115.81;117.5;2287280;268244150
RTKM;D;20130510;000000;117.5;119.75;115.25;116.11;2109330;247709434
RTKM;D;20130513;000000;116.11;116.54;114.58;114.6;3072750;353530307.1
RTKM;D;20130514;000000;115.49;116.5;113.76;114.43;3242520;371983058.2
RTKM;D;20130515;000000;114.62;116.34;113.13;116.34;5525150;636404324.1
RTKM;D;20130516;000000;115.11;116;112.55;112.72;3218950;367149952.7
RTKM;D;20130517;000000;112.72;114.25;112.65;113.97;1808770;205283112.1
RTKM;D;20130520;000000;113.97;114.97;112.56;113.9;1500030;170633886
RTKM;D;20130521;000000;113.66;114.3;111.7;112.99;3254440;366675418.3
RTKM;D;20130522;000000;113.01;114.15;112.8;113.8;3202810;363639767.4
RTKM;D;20130523;000000;113.23;113.26;107.71;108.71;5506100;605393197.7
RTKM;D;20130524;000000;109.8;110.3;103.83;106.5;4205220;447158018.9
RTKM;D;20130527;000000;106.43;106.81;104.54;106.71;1278590;135179461.4
RTKM;D;20130528;000000;106.71;108.33;106.01;106.9;2861810;307152216.9
RTKM;D;20130529;000000;107.79;107.79;103;103.52;4826410;502329395.6
RTKM;D;20130530;000000;103.95;104.1;102.01;102.67;3202600;330175137.7
RTKM;D;20130531;000000;102.65;103.85;100.35;101;5616970;568917553.4
RTKM;D;20130603;000000;100;100.27;97.77;98.02;5439590;537753871.3
RTKM;D;20130604;000000;98.45;103;98.45;100.01;6081750;614635409.1
RTKM;D;20130605;000000;99.48;100.69;98.02;100.1;4858400;481824658.6
RTKM;D;20130606;000000;99.5;99.5;96.04;97.79;4262540;415374274.4
RTKM;D;20130607;000000;98.04;98.97;97.24;98.5;2378060;233226878.4
RTKM;D;20130610;000000;98.6;101.33;98.15;99.15;3705360;369400134.6
RTKM;D;20130611;000000;98.77;99.48;93.06;95.4;5584750;536072556.1
RTKM;D;20130613;000000;94.4;94.4;87.4;93.5;10316980;936917443.7
RTKM;D;20130614;000000;94.04;94.87;90;92.27;4696760;432163170.4
RTKM;D;20130617;000000;92.29;96.5;92.1;96.5;10259380;968712162.9
RTKM;D;20130618;000000;95.48;99.5;95.25;97.15;3753820;367801157.3
RTKM;D;20130619;000000;97.19;105.21;96.21;96.84;3994440;393847296.4
RTKM;D;20130620;000000;94.91;95.19;91.1;92.94;3734340;348727409.2
RTKM;D;20130621;000000;91.8;92.97;88.11;91.98;11851910;1068436375.8
RTKM;D;20130624;000000;91.03;91.03;88.76;88.95;3282530;295090250.3
RTKM;D;20130625;000000;88.74;91.29;88.51;88.8;3837550;345586898.5
RTKM;D;20130626;000000;89.24;90.83;87.75;88.25;5784670;515769454.9
RTKM;D;20130627;000000;88.28;89;86.54;86.8;3125970;273921754.7
RTKM;D;20130628;000000;87.01;88.6;86.83;88.17;3262990;285873199.8
RTKM;D;20130701;000000;90.35;90.35;87.53;89.66;2721810;243433885.7
RTKM;D;20130702;000000;90.51;94.78;89.39;94.01;6866160;635436517.8
RTKM;D;20130703;000000;93.79;103.5;93.6;99.51;18516560;1832381354
RTKM;D;20130704;000000;100;104.48;99.76;104.45;11090520;1138434009.6
RTKM;D;20130705;000000;104.8;105.87;103.55;103.77;6579680;687479257.8
RTKM;D;20130708;000000;104.01;104.01;101.85;102.08;3212830;329531163.6
RTKM;D;20130709;000000;102.09;104.74;102.09;103.39;2855070;296047164.9
RTKM;D;20130710;000000;103.51;104;101.41;101.6;3677330;377101660.4
RTKM;D;20130711;000000;102.21;103.73;102.06;103.2;2970480;305813444.3
RTKM;D;20130712;000000;103;108.77;102.77;108.5;8115920;862175427.4
RTKM;D;20130715;000000;108.8;110.58;108.11;108.81;5388970;591256083.3
RTKM;D;20130716;000000;109.06;113.7;108.3;113.23;9176930;1026441209.1
RTKM;D;20130717;000000;113.1;115.4;112.58;115.2;7344660;838916756.6
RTKM;D;20130718;000000;115.2;117.41;114.25;115.71;4902290;567233070.3
RTKM;D;20130719;000000;115.69;116.25;114.01;115.53;2680060;308682173.8
RTKM;D;20130722;000000;115.08;116.2;114.6;115.32;1957820;226004293.8
RTKM;D;20130723;000000;115.71;117.98;115.59;117.08;4502290;526525296.5
RTKM;D;20130724;000000;117.31;118.05;116.67;118.04;3928600;462669688.3
RTKM;D;20130725;000000;118.03;118.73;115.85;117;3325890;389423824.2
RTKM;D;20130726;000000;117;117.54;116.01;116.1;1748970;204045411.7
RTKM;D;20130729;000000;116.1;117.78;114.78;116.12;3430400;401047570.4
RTKM;D;20130730;000000;116.19;117.94;114.98;115.62;2508350;292120068.2
RTKM;D;20130731;000000;115.6;116;110.72;110.72;4176300;472359689.3
RTKM;D;20130801;000000;112.61;115.86;111.34;114.63;4529810;514785233.2
RTKM;D;20130802;000000;114.31;116.49;111.5;113.1;3122350;353357283.2
RTKM;D;20130805;000000;114.09;114.09;112.2;113.58;1763160;200071517.6
RTKM;D;20130806;000000;114.17;114.4;110.78;112.09;7451680;838668436.5
RTKM;D;20130807;000000;110.97;112.09;108.83;111.85;2899510;320374282.7
RTKM;D;20130808;000000;111.85;112.86;110.5;111.5;1588640;177307420.3
RTKM;D;20130809;000000;112.49;113.5;111;113.2;1336840;149809702
RTKM;D;20130812;000000;112.53;114.3;112.53;113.42;863000;97842285.5
RTKM;D;20130813;000000;120.71;120.71;113.25;115.23;1451130;167226373.1
RTKM;D;20130814;000000;116.09;116.25;115.08;115.33;1673580;193473097
RTKM;D;20130815;000000;115.22;115.49;111.5;111.6;2321250;262892834.6
RTKM;D;20130816;000000;111.77;118.47;109.55;111.49;8244840;940284418.1
RTKM;D;20130819;000000;111.49;113.58;109.7;113.16;3400530;381215894.6
RTKM;D;20130820;000000;112.52;115;111.22;114.37;2314360;262848394.6
RTKM;D;20130821;000000;116.69;116.69;113.72;115.95;3056930;350704637.3
RTKM;D;20130822;000000;115.93;116.61;114.66;115.8;2461950;285201175.5
RTKM;D;20130823;000000;116;116.3;114.12;114.77;1579090;181973860.5
RTKM;D;20130826;000000;114.35;115.88;112.8;112.9;1692800;192620551.7
RTKM;D;20130827;000000;112.98;112.98;109.56;111.81;3784990;419812765.1
RTKM;D;20130828;000000;110.3;111.48;107.63;108.65;3763980;409344247.3
RTKM;D;20130829;000000;108.12;110.1;107.59;107.83;2400380;260205205.7
RTKM;D;20130830;000000;105.26;108.04;100.51;100.51;5829580;605064554.3
RTKM;D;20130902;000000;101.98;103.28;97.5;99.02;4954080;493859872.4
RTKM;D;20130903;000000;99.49;102.86;99.07;102.09;5477600;556301423.4
RTKM;D;20130904;000000;102.3;103.9;99.15;101.2;4313800;436840336.3
RTKM;D;20130905;000000;101.55;103.3;100.05;103;5078780;516048358.8
RTKM;D;20130906;000000;103.05;104.9;100.31;100.79;5505020;564533351.4
RTKM;D;20130909;000000;101;104.9;100.78;104.44;7365430;764380926.2
RTKM;D;20130910;000000;105;109.6;104.92;107.22;7569540;815952796.6
RTKM;D;20130911;000000;107.5;109.25;106.8;108.08;4826890;521035608
RTKM;D;20130912;000000;108.61;110.9;104.49;105;9494810;1027710275.8
RTKM;D;20130913;000000;104.52;106.9;104.03;104.84;4912740;517584384.4
RTKM;D;20130916;000000;105.5;107.43;105.41;107.26;4508500;480318574.1
RTKM;D;20130917;000000;106.77;107.89;106.21;107.47;2164600;231969691.2
RTKM;D;20130918;000000;107.28;107.6;105.59;106.5;2607580;278867938
RTKM;D;20130919;000000;108;108.9;103.31;105;7021790;744831612.3
RTKM;D;20130920;000000;104.45;105.83;101.4;101.6;7413720;764206786.4
RTKM;D;20130923;000000;101.63;102.95;101.01;101.6;3998340;408185067.7
RTKM;D;20130924;000000;101.38;102.5;101.12;102.2;3102560;315870798.8
RTKM;D;20130925;000000;102.19;103.44;101.94;102.58;3940270;404749799.4
RTKM;D;20130926;000000;103.31;104.3;102.77;103.8;4743840;491869323.3
RTKM;D;20130927;000000;104;104.28;103.01;103.5;2487120;257378845.3
RTKM;D;20130930;000000;103.1;104.32;101.2;101.61;3095400;317690543.4
RTKM;D;20131001;000000;103.06;103.9;101.54;103.84;3035600;312404706.4
RTKM;D;20131002;000000;104;108.49;103.7;106.7;10530680;1118414446.5
RTKM;D;20131003;000000;107;107.87;105.56;105.81;4072880;434656054
RTKM;D;20131004;000000;105.81;106.98;105.11;106.55;2232170;237125816.8
RTKM;D;20131007;000000;106.5;107;105.81;106.16;1948070;207368461.3
RTKM;D;20131008;000000;105.97;106.98;105.82;106.08;3297410;350540182.5
RTKM;D;20131009;000000;106;106.95;103.58;104.44;4683460;492552066.6
RTKM;D;20131010;000000;104.44;105;103.12;105;5197840;541228406.8
RTKM;D;20131011;000000;105.5;106.1;104.81;105.39;2258230;238166934.2
RTKM;D;20131014;000000;105.01;105.56;104;104.87;2279590;238104257.1
RTKM;D;20131015;000000;105.25;106.92;104.9;106.91;3333490;354154639.2
RTKM;D;20131016;000000;106.49;109.78;105.69;107.5;8751290;947403981.5
RTKM;D;20131017;000000;108.59;108.61;106.8;108.29;3610920;389032203.1
RTKM;D;20131018;000000;108.6;109.45;108.44;108.68;2722490;296667490.3
RTKM;D;20131021;000000;108.79;109.22;107.75;108.22;1505110;162946393.7
RTKM;D;20131022;000000;107.52;108.54;106.6;107.74;2094110;224752684.8
RTKM;D;20131023;000000;107.43;107.43;105.55;106;2401210;254672213.4
RTKM;D;20131024;000000;106.23;111.3;105.55;111.16;10809710;1182080472.9
RTKM;D;20131025;000000;111;116.38;110.4;115.05;19367690;2217196528.4
RTKM;D;20131028;000000;116.38;117.17;115.05;117.1;7627840;886476153.3
RTKM;D;20131029;000000;117.05;118.18;116.6;117.82;7446200;873976599.3
RTKM;D;20131030;000000;117.91;119;116.9;117.34;4268380;501430574.5
RTKM;D;20131031;000000;116.73;117.48;116.01;117.42;6015690;702102392.3
RTKM;D;20131101;000000;117.15;117.39;116.66;117.1;2889730;337966182.2
RTKM;D;20131105;000000;117.2;118.6;116.4;116.7;3786840;444665288.1
RTKM;D;20131106;000000;117;117.23;116.52;116.75;1616250;188801658.3
RTKM;D;20131107;000000;116.69;117.62;115.67;117.03;3041710;355278228
RTKM;D;20131108;000000;117;117;116.1;116.79;1966240;229228923.2
RTKM;D;20131111;000000;116.94;116.94;115.74;116.05;2559830;297601023.8
RTKM;D;20131112;000000;116.53;118.09;116.2;117.79;3816090;447726239.5
RTKM;D;20131113;000000;116.85;119.48;116.79;117.85;9582570;1131152193
RTKM;D;20131114;000000;118.55;119.54;117.51;117.81;5976510;708574035.7
RTKM;D;20131115;000000;117.8;117.8;114;117;6076910;702357346.1
RTKM;D;20131118;000000;117.01;117.15;115.64;116.8;2210200;257151438.4
RTKM;D;20131119;000000;116.8;117.5;116.12;117.13;2034290;237735072.1
RTKM;D;20131120;000000;108.03;116.3;108.03;115.69;1964610;226671633.6
RTKM;D;20131121;000000;114.9;114.9;110.62;110.62;4991870;558541576.5
RTKM;D;20131122;000000;110.45;113.3;110.01;112;6564900;735159814
RTKM;D;20131125;000000;112.34;112.78;110.99;111.34;2203850;246714599.5
RTKM;D;20131126;000000;111.32;111.69;107.18;107.2;4645750;506512518.9
RTKM;D;20131127;000000;107.2;108.24;104.51;105.98;4127840;438727328.7
RTKM;D;20131128;000000;106.18;108;105.98;107.17;1461440;156649141.6
RTKM;D;20131129;000000;107.77;107.77;105.51;106.53;2562890;272292856.2
RTKM;D;20131202;000000;106.42;109.15;106.21;107.01;2158320;231438783.1
RTKM;D;20131203;000000;107.01;107.02;105.75;106.5;3354100;356369475.5
RTKM;D;20131204;000000;106.5;107.42;105.16;106.5;2773290;295581738.4
RTKM;D;20131205;000000;106.08;107.76;106.08;106.21;2840150;303005586.3
RTKM;D;20131206;000000;106.23;106.99;105.8;106.1;2502600;265745519.7
RTKM;D;20131209;000000;106.15;107.66;105.89;106.24;2796180;297886998.6
RTKM;D;20131210;000000;106.35;110.9;106.2;110.9;5719220;623993289.5
RTKM;D;20131211;000000;110.88;112.32;110.1;111.31;4233420;472032101.8
RTKM;D;20131212;000000;110.95;111.28;108.66;109.74;3930770;430693897.3
RTKM;D;20131213;000000;109.74;111.99;109.23;110.76;2434700;269814453.3
RTKM;D;20131216;000000;111;112.91;110.81;112.2;3659970;411597253.9
RTKM;D;20131217;000000;112.2;112.64;110.21;112.3;2485240;277473245.7
RTKM;D;20131218;000000;112.3;112.3;111.3;111.35;2091950;233376321.9
RTKM;D;20131219;000000;111.46;113.99;111.35;112.4;3584010;404480413.4
RTKM;D;20131220;000000;112.4;112.98;111.05;111.6;4049410;452739891.2
RTKM;D;20131223;000000;112;112.45;111.5;112.23;1949630;218211032.2
RTKM;D;20131224;000000;112.23;112.76;111.76;111.89;1301180;145944584.6
RTKM;D;20131225;000000;112.08;112.47;111.87;111.97;519730;58264478.6
RTKM;D;20131226;000000;111.97;112.37;110.12;110.6;1566560;174462213.7
RTKM;D;20131227;000000;110.6;111.08;109.9;110.15;883140;97475065
RTKM;D;20131230;000000;110.15;111.5;110.15;110.98;1433880;159112215.4
RTKM;D;20140106;000000;110.41;110.47;109.6;110.29;2387310;262478743.4
RTKM;D;20140108;000000;110.3;110.63;110;110.25;1044810;115173774.4
RTKM;D;20140109;000000;110.24;110.75;109.9;110.65;1438040;158562208.5
RTKM;D;20140110;000000;110.94;111.29;110.12;110.99;1549480;171584724.6
RTKM;D;20140113;000000;111.5;112.3;110.64;111.92;1781930;199191643.4
RTKM;D;20140114;000000;111.3;111.81;110.3;111.55;1927490;213885671.1
RTKM;D;20140115;000000;111.53;112.08;111.14;111.9;1460070;162885508.9
RTKM;D;20140116;000000;111.85;113.2;111.5;111.5;2168860;243281213
RTKM;D;20140117;000000;111.51;114;111.15;112.8;3069330;347478043.6
RTKM;D;20140120;000000;112.79;113.75;112.5;112.8;918220;103978070.7
RTKM;D;20140121;000000;113.55;113.88;112.9;113.27;1076960;122034552.4
RTKM;D;20140122;000000;113.85;113.85;111.92;112.3;1324380;148927602.4
RTKM;D;20140123;000000;112.25;112.96;111.5;111.79;1702820;191218543.2
RTKM;D;20140124;000000;111.35;113.94;110.5;112.2;2895690;325427662
RTKM;D;20140127;000000;112.05;113.66;111.51;111.9;2332500;262457054.6
RTKM;D;20140128;000000;111.9;112.54;111.5;111.75;1634780;182977642.1
RTKM;D;20140129;000000;112.17;113.47;110.8;112.09;2662180;300022801.5
RTKM;D;20140130;000000;111.55;113.08;111.33;111.61;2298730;257279130.1
RTKM;D;20140131;000000;112.11;112.47;110.1;110.57;2725310;302400108.3
RTKM;D;20140203;000000;110.05;111.3;110;110.07;950050;105005897.7
RTKM;D;20140204;000000;109.75;110;106.75;108.25;2364480;255591607
RTKM;D;20140205;000000;108.35;108.7;106.85;107.4;1878990;202097826.4
RTKM;D;20140206;000000;107.45;110.5;107.45;110.1;2701920;295320587.2
RTKM;D;20140207;000000;111.06;113.5;110.8;113.29;3578350;403894428.6
RTKM;D;20140210;000000;113.58;113.7;112;112.55;1522100;171510399.2
RTKM;D;20140211;000000;112.55;112.94;112.11;112.75;996880;112138935
RTKM;D;20140212;000000;112.75;113.25;112.36;112.8;1163880;131215512.7
RTKM;D;20140213;000000;112.51;112.62;111.21;111.8;1154360;129342144.8
RTKM;D;20140214;000000;112.11;112.7;111.27;112.7;1386590;155502265.9
RTKM;D;20140217;000000;112.23;115.98;112.23;115.2;3101700;356151602.7
RTKM;D;20140218;000000;115.2;116.72;111.93;112.1;3779700;430597370
RTKM;D;20140219;000000;112;112.1;108.2;108.94;3549320;388650440.9
RTKM;D;20140220;000000;108.48;110.27;107.57;109.35;1971540;215495392.3
RTKM;D;20140221;000000;110.14;110.68;108.72;109.25;1221560;133742433
RTKM;D;20140224;000000;109.25;110.16;108.8;109.23;1051770;115195389.5
RTKM;D;20140225;000000;110;110;107.3;107.71;1393820;150952472
RTKM;D;20140226;000000;107.66;108.89;105.26;106.4;3492580;371968618.8
RTKM;D;20140227;000000;106.8;106.8;101;102.72;3700710;382057081.9
RTKM;D;20140228;000000;103.05;103.24;98.86;99;8510500;851051407
RTKM;D;20140303;000000;95;95;85.2;89.72;5290690;471152049.8
RTKM;D;20140304;000000;91.31;94.99;91.1;94.23;4113000;383596743.7
RTKM;D;20140305;000000;94.95;96.64;91.1;92.4;3322230;307779534.8
RTKM;D;20140306;000000;92.84;93.76;87.5;89.5;3839200;345161660.4
RTKM;D;20140307;000000;89.49;90.55;88.03;88.24;2774390;247729204.2
RTKM;D;20140311;000000;87.56;88.39;85.59;86.4;2129680;184227169.4
RTKM;D;20140312;000000;86.01;86.01;77.86;79.8;5328440;430781572.9
RTKM;D;20140313;000000;80.05;80.98;76.18;79.7;3164220;247930294.9
RTKM;D;20140314;000000;78.03;78.55;72.27;78;4664780;348288690.8
RTKM;D;20140317;000000;77.9;85.4;75.5;84.5;5506150;446086524.3
RTKM;D;20140318;000000;85.27;87.48;81.38;86.22;3388630;286918742.5
RTKM;D;20140319;000000;86.53;88.17;82.2;82.25;4291070;367308230.8
RTKM;D;20140402;000000;88;92.29;87.7;90.2;5535130;492428886.4
RTKM;D;20140403;000000;90.47;90.47;86.8;88.6;2916820;257504589.4
RTKM;D;20140404;000000;88.54;89.4;87.6;88.09;1547840;136898995.5
RTKM;D;20140407;000000;87.88;88;82.25;84;3367140;284466252.7
RTKM;D;20140408;000000;84;84;80.53;81.27;3223930;263639971
RTKM;D;20140409;000000;81;82;79.06;80.65;2416380;193854581
RTKM;D;20140410;000000;80.9;87.2;80.54;86.75;6005740;506578396.2
RTKM;D;20140411;000000;85.69;85.69;83.7;83.7;2852380;240965425.2
RTKM;D;20140414;000000;82;83.38;81.7;82.51;1539460;126798737.6
RTKM;D;20140415;000000;82;83.41;79.59;81;3117000;251339096.5
RTKM;D;20140416;000000;81.11;82.05;80.08;80.72;2071390;167789119.1
RTKM;D;20140417;000000;81.01;81.84;80;81;1268890;102693917.3
RTKM;D;20140418;000000;83;83.39;82.15;83.16;1188410;98583353.8
RTKM;D;20140421;000000;81.81;83.79;81.23;81.41;926280;76256315.9
RTKM;D;20140422;000000;81.41;81.65;79.35;79.81;3039990;243145550.8
RTKM;D;20140423;000000;79.78;79.91;78.1;78.25;1804070;141638123.1
RTKM;D;20140424;000000;78.15;78.55;74.42;74.89;2971660;226476546.8
RTKM;D;20140425;000000;74.89;75.33;73.23;73.61;1656220;122293426
RTKM;D;20140428;000000;72.94;76.49;71.27;75.75;4115830;302674794.6
RTKM;D;20140429;000000;74.5;77.6;74.5;75.6;2996330;227702200.4
RTKM;D;20140430;000000;75.8;76.7;74.2;76.65;2523430;189762759.5
RTKM;D;20140502;000000;75.59;76.97;73.6;74.61;933740;69863656.2
RTKM;D;20140505;000000;73.53;75.78;73.53;75.5;823760;61737531.2
RTKM;D;20140506;000000;75.95;79.75;75.2;78.06;2883900;226076152.2
RTKM;D;20140507;000000;78.1;81.86;77.64;80.49;2569960;204443087.4
RTKM;D;20140508;000000;79.7;82.4;79.7;80.82;2106530;171098291.6
RTKM;D;20140512;000000;80.91;81.54;79.31;80.11;1181070;94852114.1
RTKM;D;20140513;000000;80.53;81.83;79.7;80.03;1400050;112797516.3
RTKM;D;20140514;000000;80.28;80.95;78.59;80;2031930;162915668.2
RTKM;D;20140515;000000;80.21;81.2;79.15;79.86;1832210;147244698.3
RTKM;D;20140516;000000;79.88;80.44;79;80.37;1128120;89631245
RTKM;D;20140519;000000;80.3;83.93;80.01;83.45;3863310;319372790.9
RTKM;D;20140520;000000;83.7;86;83.1;85.6;2739730;232995777.4
RTKM;D;20140521;000000;85.99;86.91;84.31;86.91;2263710;194680229.3
RTKM;D;20140522;000000;87;87.46;83.11;84.33;2367210;200293519.9
RTKM;D;20140523;000000;84;86.45;83.73;86;1460480;124620413.3
RTKM;D;20140526;000000;86.88;88.25;86.16;88.1;2088140;183352162
RTKM;D;20140527;000000;88.1;88.77;83.3;83.5;4371370;369116740
RTKM;D;20140528;000000;84;84.58;82.51;82.83;2430890;203188532.5
RTKM;D;20140529;000000;83;85.4;83;85.4;2103350;177678355
RTKM;D;20140530;000000;85.53;86;82.72;82.8;2105110;177872809.1
RTKM;D;20140602;000000;83.49;85.5;83.28;84.54;2113180;178847336.1
RTKM;D;20140603;000000;84.1;86.2;83.25;86.2;1609190;136873293.2
RTKM;D;20140604;000000;86.16;86.9;85.06;86.74;1127580;97191197.2
RTKM;D;20140605;000000;86.35;86.88;84.5;84.71;1400900;119614542.7
RTKM;D;20140606;000000;84.98;86.49;84;86.16;1598890;136865315.2
RTKM;D;20140609;000000;86.16;88.19;85.85;87.69;2355330;206447120
RTKM;D;20140610;000000;87.72;89.17;87.03;88.8;3335880;295098605.1
RTKM;D;20140611;000000;89.05;89.5;88;88.06;2565010;227575711.8
RTKM;D;20140616;000000;87.5;87.5;84.3;84.3;6783770;585112253.1
RTKM;D;20140617;000000;84.62;86.69;83.01;83.22;3460880;291274761.2
RTKM;D;20140618;000000;83.55;85.03;83.16;84.4;4602690;388089425.8
RTKM;D;20140619;000000;85.11;85.7;84.23;84.32;2753490;234248312.7
RTKM;D;20140620;000000;84.38;84.83;83;84.1;4296510;360039804.9
RTKM;D;20140623;000000;84.7;84.79;83.03;84.59;2438410;204612824.5
RTKM;D;20140624;000000;84.5;88.33;84.27;88.04;4615400;401213864.7
RTKM;D;20140625;000000;88;89.5;86.15;86.15;6205750;544766351
RTKM;D;20140626;000000;86.55;87.1;84.8;85.45;2337410;200844482
RTKM;D;20140627;000000;85.5;86.2;84.3;84.65;1457970;124169574.2
RTKM;D;20140630;000000;84.68;87.66;84.5;86.31;2729190;235566406.7
RTKM;D;20140701;000000;86.79;87.2;85.36;86.75;1483630;127932084.4
RTKM;D;20140702;000000;86.6;89.04;86.6;89;2759240;243834073.3
RTKM;D;20140703;000000;89.06;90.7;89.02;89.51;2501040;224904830.9
RTKM;D;20140704;000000;89.46;90.25;88;88.01;1538180;137490726.5
RTKM;D;20140707;000000;88.16;91.27;87.61;90.9;4195410;380037760.2
RTKM;D;20140708;000000;91;92.4;90.52;90.85;2909420;266387479.5
RTKM;D;20140709;000000;90.18;91.54;90.18;91.09;2047220;185976730.6
RTKM;D;20140710;000000;90.01;92.4;89.3;90.77;5485480;501350542.6
RTKM;D;20140711;000000;88.97;89.77;87.87;89.03;2265030;201293513.7
RTKM;D;20140714;000000;88.75;90.37;88.75;89.55;1499240;134094222.5
RTKM;D;20140715;000000;89.78;90.5;88.01;90.18;1757460;157088556.7
RTKM;D;20140716;000000;89.88;93.16;89.84;92.62;3544220;325960580.7
RTKM;D;20140717;000000;90.5;91.8;89.25;90.79;2847510;257991421.1
RTKM;D;20140718;000000;89.5;90.47;88.2;89.66;1920570;171511012.3
RTKM;D;20140721;000000;89.76;89.78;86.24;86.69;2349800;205527374.2
RTKM;D;20140722;000000;86.66;90.39;86.66;89.1;2629480;233654649.3
RTKM;D;20140723;000000;89.28;90.5;88.32;89.94;2442580;218522174.3
RTKM;D;20140724;000000;89.71;91.97;89;91.46;4418530;402590384.8
RTKM;D;20140725;000000;91.55;91.55;89;89.23;1762420;158116455.6
RTKM;D;20140728;000000;88.68;89.15;86.8;87.54;2245760;196744760.8
RTKM;D;20140729;000000;87.67;89.17;87.2;88.45;1952810;172179862.5
RTKM;D;20140730;000000;88.29;90.4;87.8;88.68;2736170;245205270.1
RTKM;D;20140731;000000;88.93;90.16;87.23;87.8;2696300;238611301.9
RTKM;D;20140801;000000;89.15;90.1;86.31;89.73;2389390;211436146.3
RTKM;D;20140804;000000;89.74;90.78;88.85;89.67;1787340;159895371
RTKM;D;20140805;000000;89.68;90.18;88.9;89.41;1069950;95566670.4
RTKM;D;20140806;000000;89.24;90.49;87.62;88.45;1741630;154644307.3
RTKM;D;20140807;000000;88.45;90;87.99;89.25;1497440;133563777.5
RTKM;D;20140808;000000;89.82;90.83;89.25;90.06;1357690;122477824.5
RTKM;D;20140811;000000;90.91;92;90.54;91.15;3303570;300817481.4
RTKM;D;20140812;000000;91.21;96.6;91.02;95.7;7317670;693702447.6
RTKM;D;20140813;000000;96.11;97.89;94.57;95;4011500;387505308
RTKM;D;20140814;000000;95.6;95.6;93.55;94.25;3971550;374972435.6
RTKM;D;20140815;000000;94.29;96.2;93.6;95.85;1361710;129714652.8
RTKM;D;20140818;000000;95.85;97.05;95.81;96.8;1276000;123237544.8
RTKM;D;20140819;000000;97;98.4;96.76;98.17;2713080;265541242.5
RTKM;D;20140820;000000;98.04;98.6;97.6;98.6;1435420;140938244.8
RTKM;D;20140821;000000;98.46;99.5;98.46;99.5;1578570;156468110.1
RTKM;D;20140822;000000;99.5;99.76;98.01;98.65;1639970;161685823.3
RTKM;D;20140825;000000;98.65;99.09;98.21;98.7;777410;76699627.2
RTKM;D;20140826;000000;98.66;99.49;98.42;99;1095730;108402881.3
RTKM;D;20140827;000000;99.1;99.61;98;99;1467060;144973669.8
RTKM;D;20140828;000000;100.54;100.54;96.65;98.5;3390500;330205306.2
RTKM;D;20140829;000000;97.51;99.88;97.51;99;2096120;207209658.2
RTKM;D;20140901;000000;99.47;99.8;97.31;97.99;2263330;223071865.2
RTKM;D;20140902;000000;97.99;98.4;97.36;98.2;1302450;127502901.2
RTKM;D;20140903;000000;98.2;100.53;98.2;99.8;2337260;233108771.2
RTKM;D;20140904;000000;100.21;101.5;99.26;101.5;2240520;224675186.4
RTKM;D;20140905;000000;101.17;102;99.6;102;1304790;131782336
RTKM;D;20140908;000000;102;102.45;100.76;101.45;1120560;113734455.7
RTKM;D;20140909;000000;101.6;102.45;101.21;101.47;696990;70974034.1
RTKM;D;20140910;000000;100.81;101.9;100.05;101.67;925090;93377604.3
RTKM;D;20140911;000000;102;102.98;99.64;100.6;1864300;187937963.7
RTKM;D;20140912;000000;100.33;102.8;99.83;102.29;1570850;160158016.1
RTKM;D;20140915;000000;102.81;102.81;100.44;101.77;2189610;221358440.5
RTKM;D;20140916;000000;101.7;104.37;101.32;104.3;2019820;208648391.7
RTKM;D;20140917;000000;104.3;105.62;103.26;104.49;2115300;221131377.6
RTKM;D;20140918;000000;104;105.88;103.6;105.65;1058400;110913656.5
RTKM;D;20140919;000000;105.65;107;103.9;105.5;3009520;318156204.3
RTKM;D;20140922;000000;105.55;106.65;103.5;103.5;1731000;180940323.5
RTKM;D;20140923;000000;103.69;106.7;103.6;105.4;3197100;337780294.5
RTKM;D;20140924;000000;105.35;106.84;105.35;105.83;1849490;196313732.8
RTKM;D;20140925;000000;106.25;107.18;105.99;106.7;1617330;172727622.9
RTKM;D;20140926;000000;106.01;107.45;106;107.45;1761400;187790264.9
RTKM;D;20140929;000000;107.17;107.92;105.2;105.3;1696130;180286395.9
RTKM;D;20140930;000000;105.4;107;104.6;104.92;1961220;207812793.4
RTKM;D;20141001;000000;104.6;106.39;103.05;103.19;5655250;589798951.9
RTKM;D;20141002;000000;103;103;99.67;100.25;3294890;332580589.6
RTKM;D;20141003;000000;102.15;103.37;100.23;102.91;1950520;199198630.1
RTKM;D;20141006;000000;103.35;104.92;102.39;103.97;1118590;116183275.4
RTKM;D;20141007;000000;103.92;103.92;101.41;101.87;1127010;115315397.6
RTKM;D;20141008;000000;101.5;102.9;100.02;100.77;2692900;271559269.8
RTKM;D;20141009;000000;98.9;102.97;98.9;100.15;1699770;171517671.3
RTKM;D;20141010;000000;99.17;101.35;97.87;100.5;2133910;212399361.6
RTKM;D;20141013;000000;99.01;103;98.6;102.76;1380720;141029843.2
RTKM;D;20141014;000000;102.7;103.2;100.8;102;2916680;297767779.8
RTKM;D;20141015;000000;102;102.97;100.88;102.13;1145810;117003113.1
RTKM;D;20141016;000000;102.75;103.18;99.1;99.7;2352290;236641461.6
RTKM;D;20141017;000000;100.04;102.88;99.93;101.99;1296900;132348329.7
RTKM;D;20141020;000000;102.16;103;100.43;102.02;1315980;133903239.4
RTKM;D;20141021;000000;101.95;102.5;100.55;101.75;1077630;109784151.5
RTKM;D;20141022;000000;104.55;104.55;100.01;100.8;1130740;114159611
RTKM;D;20141023;000000;100.51;101.8;99.68;101.69;1839380;185010625.5
RTKM;D;20141024;000000;101.11;103.35;100.33;102.8;1069490;109172228
RTKM;D;20141027;000000;103.18;104.5;102.17;103;1757600;182097777.4
RTKM;D;20141028;000000;103.42;104.72;102.44;103.12;2170140;225188568.7
RTKM;D;20141029;000000;103.7;104.73;102.44;104.2;1598400;165917586
RTKM;D;20141030;000000;104.02;105.97;102.64;105.64;3183030;333580955.7
RTKM;D;20141031;000000;105.65;107.7;105.4;107.19;2695940;287820952.1
RTKM;D;20141103;000000;106.4;108.79;105.24;107.64;1193470;128019244
RTKM;D;20141105;000000;107.82;109.75;106;109.12;2052360;221638260.6
RTKM;D;20141106;000000;110;110;107.1;107.74;1769160;192539487.4
RTKM;D;20141107;000000;108.53;110.22;106.1;106.96;3435510;371697143.9
RTKM;D;20141110;000000;106.86;108.96;105.79;106.2;2389710;255150264.9
RTKM;D;20141111;000000;105.75;109.5;105.75;108.53;1711350;185222956.3
RTKM;D;20141112;000000;108.65;110;107.55;107.75;1681710;183008228.9
RTKM;D;20141113;000000;108.42;109.1;105.6;106.5;1622430;173597792.7
RTKM;D;20141114;000000;106.55;109.97;106.08;107.92;1616840;175797169.7
RTKM;D;20141117;000000;108.52;111.99;107.93;109.15;1651060;181779479.9
RTKM;D;20141118;000000;109.5;110.76;108.01;108.75;1903030;208217331.3
RTKM;D;20141119;000000;108.7;109.5;107.84;108.15;1002260;108616350.2
RTKM;D;20141120;000000;109.05;109.58;106.79;107.5;1236710;133698769.3
RTKM;D;20141121;000000;106.72;109;106.01;108.99;1196670;128865207.4
RTKM;D;20141124;000000;107.5;108.92;107.01;107.6;771060;83294873
RTKM;D;20141125;000000;107.6;112.4;106.4;111.9;13516900;1496807831.2
RTKM;D;20141126;000000;112.06;112.06;107.5;107.66;5391260;590807352.5
RTKM;D;20141127;000000;107.58;107.99;105.84;106.9;5325100;568900755.4
RTKM;D;20141128;000000;106.09;108.66;105.85;107;4173750;444422332.3
RTKM;D;20141201;000000;106.4;109.25;103.05;109;6881390;734835976.8
RTKM;D;20141202;000000;109.39;109.8;105.5;106;2436600;260408004.5
RTKM;D;20141203;000000;106.45;108;105.45;107.35;1999690;214385613.8
RTKM;D;20141204;000000;107.68;107.98;105.5;105.5;1909510;203356461.3
RTKM;D;20141205;000000;105.56;106.02;101;101;3674360;379361669.8
RTKM;D;20141208;000000;101.75;103.2;96.07;98.81;3319170;328657936.1
RTKM;D;20141209;000000;98.35;99.72;95.82;97;2710490;263958576.9
RTKM;D;20141210;000000;97;100.72;95.7;96.01;3951130;390405919.9
RTKM;D;20141211;000000;96.04;97.9;93.01;93.01;3596020;341976916.9
RTKM;D;20141212;000000;92.7;99.3;88;94.78;4837050;463616042
RTKM;D;20141215;000000;95.13;97;90.5;91.08;2847350;266971300.6
RTKM;D;20141216;000000;89.91;100.02;77;92.01;6271610;572496936.1
RTKM;D;20141217;000000;93;95.07;83.4;84.3;5345460;468793588.7
RTKM;D;20141218;000000;85;89.89;83.4;87.39;4002840;351346797.9
RTKM;D;20141219;000000;87.3;90.1;85;89.99;3827380;332823777.3
RTKM;D;20141222;000000;90.5;93.15;87.2;89;2937320;265306059.8
RTKM;D;20141223;000000;89.19;90.36;86.51;86.8;1866580;163296762.8
RTKM;D;20141224;000000;87.34;87.95;85.9;87.04;1178830;102490410
RTKM;D;20141225;000000;87;88;84.51;85.72;907740;78256412.4
RTKM;D;20141226;000000;85.98;88;85.78;86.7;700830;61120284.8
RTKM;D;20141229;000000;87.1;91.01;86.32;89.01;1223450;109698017
RTKM;D;20141230;000000;88.02;89.01;82.31;87.01;1760920;150632281.4
RTKM;D;20150105;000000;86.67;91.99;86.55;91.44;1486230;134030766.8
RTKM;D;20150106;000000;90.99;95.39;90.51;95.28;961840;89432492
RTKM;D;20150108;000000;95.56;97.98;89.95;90.1;2247150;212524603.6
RTKM;D;20150109;000000;91;92.48;87.33;89.03;2012400;178789640.8
RTKM;D;20150112;000000;88.62;90.4;87.82;88.8;1078590;95995067.1
RTKM;D;20150113;000000;89.2;89.65;85.41;87.24;1606420;141888596.9
RTKM;D;20150114;000000;86.91;87.6;86.21;86.73;2008950;174426289.2
RTKM;D;20150115;000000;87.03;88.88;86.6;87.73;1576070;138186800
RTKM;D;20150116;000000;87.87;89.93;87.12;88.05;2494990;221574084.7
RTKM;D;20150119;000000;87.64;88.9;87.12;88;2354630;207208580.5
RTKM;D;20150120;000000;88.82;89.27;87.1;87.3;1516130;133403734.9
RTKM;D;20150121;000000;87.73;88;87.04;87.5;2562170;224239681
RTKM;D;20150122;000000;87.58;88.85;87.21;87.6;3298930;290997841.7
RTKM;D;20150123;000000;88;92.5;87.81;90.7;3983930;361655834.1
RTKM;D;20150126;000000;90.6;90.74;87;87.11;3060500;270345587.9
RTKM;D;20150127;000000;87.25;87.67;85.17;86.5;2248640;195037837.1
RTKM;D;20150128;000000;86.96;88.6;86.02;86.7;1916410;167471156.7
RTKM;D;20150129;000000;87.26;87.4;85.5;85.5;1747710;151025498.1
RTKM;D;20150130;000000;86;86.61;83.53;86.61;3572170;303837351
RTKM;D;20150202;000000;86.09;86.2;84.12;84.5;1321610;112481178.5
RTKM;D;20150203;000000;85.03;86;84.5;86;1493470;127202405.4
RTKM;D;20150204;000000;86.58;86.58;85.05;85.6;950950;81414264.4
RTKM;D;20150205;000000;85.6;87.8;84.63;87.8;2521670;218444898.2
RTKM;D;20150206;000000;87.36;89.8;87.15;89.8;2477370;220924174.3
RTKM;D;20150209;000000;89.51;95.19;89.03;91;3963850;365755533.6
RTKM;D;20150210;000000;91.01;92.9;89.6;90.51;2204250;201398305.5
RTKM;D;20150211;000000;90.74;92.5;90.55;91.5;1936150;178025037.5
RTKM;D;20150212;000000;91.83;94.2;90.1;90.1;3980460;366307610.7
RTKM;D;20150213;000000;91.55;92.4;90.11;91.75;2955300;269486414.2
RTKM;D;20150216;000000;92;93.38;90.15;91.1;2163150;197921839.5
RTKM;D;20150217;000000;91.1;92.48;90.5;91;1768020;161445828.8
RTKM;D;20150218;000000;91.34;92.74;90.93;91.78;3188230;293663973.2
RTKM;D;20150219;000000;92.3;92.86;89.55;92;1702480;154801441.4
RTKM;D;20150220;000000;92.11;92.45;90.73;91.03;914340;83603709
RTKM;D;20150224;000000;89.94;91;88.3;88.75;1884840;168436113.5
RTKM;D;20150225;000000;88.63;89;86.53;86.6;2264950;198263141.9
RTKM;D;20150226;000000;86.79;89.8;86.79;89.8;1859310;164772823.5
RTKM;D;20150227;000000;89.09;91;88.53;91;3267430;292337214.3
RTKM;D;20150302;000000;90.43;91.82;89.77;90.7;1171750;106128968.6
RTKM;D;20150303;000000;90.26;90.92;89.7;90.32;2078880;188087493.9
RTKM;D;20150304;000000;89.2;91;89.03;90;1344820;120914810.1
RTKM;D;20150305;000000;90.2;90.56;88.5;88.5;1697920;152293649.7
RTKM;D;20150306;000000;89.22;90.87;88.91;89.55;1721050;154911305.6
RTKM;D;20150310;000000;89;89.45;86.5;87;3005710;263963245.4
RTKM;D;20150311;000000;87.09;87.96;85.71;86.49;1690510;146587765.7
RTKM;D;20150312;000000;86.4;86.63;84.06;84.06;2009390;170950066.2
RTKM;D;20150313;000000;84.19;84.75;82.51;83.06;1791300;149225688.4
RTKM;D;20150316;000000;83;83.06;81.71;82;1956120;160630993.8
RTKM;D;20150317;000000;82.4;83.68;82;82.13;1953890;161490266.2
RTKM;D;20150318;000000;82.27;82.79;81.25;81.25;2001000;164156946.6
RTKM;D;20150319;000000;82;82.49;81.01;81.3;1732480;141384014.5
RTKM;D;20150320;000000;81.06;81.71;77.4;77.5;5756120;454767083.5
RTKM;D;20150323;000000;78;78.81;75.62;76;3219160;249271757.1
RTKM;D;20150324;000000;76.5;82.98;75.75;82.98;4480200;357332596.1
RTKM;D;20150325;000000;82.6;83.44;80.7;81.71;3569800;291935185.6
RTKM;D;20150326;000000;82;82.58;79.5;79.5;2376430;192224336.6
RTKM;D;20150327;000000;79.33;80.25;78.49;78.49;1417170;112615607.1
RTKM;D;20150330;000000;78.72;80.45;78.5;78.5;2427550;192226027.1
RTKM;D;20150331;000000;80.69;80.69;77.56;79;3259370;255112306
RTKM;D;20150401;000000;78.71;80.77;77.74;80;4434510;351425967.7
RTKM;D;20150402;000000;80.03;81.3;79.27;80.42;2597430;208605338.8
RTKM;D;20150403;000000;80.41;81.54;80.3;80.7;670140;54238369.1
RTKM;D;20150406;000000;80.7;83.48;80.7;83.19;1970530;162597142.8
RTKM;D;20150407;000000;83.2;84.41;83.08;84.33;2573190;216114373.5
RTKM;D;20150408;000000;84.45;84.45;82.04;84.02;1493440;124217520.6
RTKM;D;20150409;000000;83.63;83.89;80.21;80.25;2155140;175020045.1
RTKM;D;20150410;000000;80.32;81.78;79.17;81.77;2372160;189930439.8
RTKM;D;20150413;000000;81.69;83.82;80.77;82.6;2066070;170974066.6
RTKM;D;20150414;000000;84.38;84.38;82.02;83.15;1739760;143642302.2
RTKM;D;20150415;000000;82.75;83.83;82.38;82.58;1804880;149847097.4
RTKM;D;20150416;000000;83;84.3;81.93;84.3;1698930;140990250.5
RTKM;D;20150417;000000;84.21;85.46;83;83;2993720;252078845.3
RTKM;D;20150420;000000;83.11;84.55;80.84;82.61;2641930;218612016.7
RTKM;D;20150421;000000;83.12;83.8;82.2;83;1270380;105172579.7
RTKM;D;20150422;000000;83.47;83.47;81.19;81.75;1338740;109856513.5
RTKM;D;20150423;000000;81.72;82.16;79.62;81.4;2424040;195416924.9
RTKM;D;20150424;000000;81.17;81.95;79.7;81.68;2473350;199356684.3
RTKM;D;20150427;000000;81.64;82.35;80.4;80.95;1360880;110568768.3
RTKM;D;20150428;000000;80.84;80.99;79.24;79.7;1617530;129521579.6
RTKM;D;20150429;000000;80.18;80.37;78.88;78.95;1467320;116610680
RTKM;D;20150430;000000;78.5;79.99;78.5;79.25;1225510;97332436.2
RTKM;D;20150505;000000;79.25;81.44;79.25;80.8;1879690;151925694.9
RTKM;D;20150506;000000;81;81.19;80.08;80.92;1687580;135978418
RTKM;D;20150507;000000;80.59;80.92;79.56;79.97;1356620;108629968.7
RTKM;D;20150508;000000;79.95;80.5;79.61;79.9;1080660;86537610.5
RTKM;D;20150512;000000;80.51;81.5;79.84;81.5;1550570;125259004.7
RTKM;D;20150513;000000;81.51;81.82;79.7;79.71;1408930;113331713.4
RTKM;D;20150514;000000;79.9;80.39;79.3;79.74;1602370;127891473.1
RTKM;D;20150515;000000;79.88;80.18;79.44;79.95;841790;67270349.4
RTKM;D;20150518;000000;80.1;80.68;79.56;80.5;1002100;80437139.7
RTKM;D;20150519;000000;80.5;81.24;80.11;80.74;1807780;145923094.9
RTKM;D;20150520;000000;80.91;81.08;80.01;80.25;1359030;109541842
RTKM;D;20150521;000000;80.4;80.95;79.85;80.4;1915750;153888803.6
RTKM;D;20150522;000000;80.4;80.62;79.6;80.4;1789090;143172173.6
RTKM;D;20150525;000000;79.15;80.75;79.15;80.19;730100;58496228.6
RTKM;D;20150526;000000;80.13;80.19;79.09;79.63;1698670;134840323.3
RTKM;D;20150527;000000;77.67;80.3;77.67;80;4791670;381283267.7
RTKM;D;20150528;000000;80.68;80.7;79.43;79.43;1998090;160307664.5
RTKM;D;20150529;000000;79.73;80.95;79.5;80.95;2473540;198282957.9
RTKM;D;20150601;000000;80.51;82.22;80.13;81.9;3204420;261249259.7
RTKM;D;20150602;000000;81.7;84.1;81.01;83.55;3538520;293389303.7
RTKM;D;20150603;000000;84.3;86.42;83;84.22;4940470;419003195.6
RTKM;D;20150604;000000;84.59;86.19;83.87;85.01;2942560;250454637.5
RTKM;D;20150605;000000;85.01;88.27;85.01;88.23;3375580;294614374
RTKM;D;20150608;000000;88.26;89.81;87.72;89.8;3544010;314404567.4
RTKM;D;20150609;000000;89.8;96.36;88.61;95.25;9727440;903572627
RTKM;D;20150610;000000;95.3;97.45;93.53;97.1;8689450;836163937.6
RTKM;D;20150611;000000;97.1;97.35;92.82;93.39;5978250;562630316.5
RTKM;D;20150615;000000;93.33;93.85;89.51;92.48;4124390;376285569.1
RTKM;D;20150616;000000;92.5;93.33;92;92;1146140;105954235.3
RTKM;D;20150617;000000;91.94;92.29;90.05;90.33;3903180;352908893.9
RTKM;D;20150618;000000;90.35;93.19;89.7;92.7;3709690;339018303.1
RTKM;D;20150619;000000;91.93;91.99;90.05;91;3294120;299266723.2
RTKM;D;20150622;000000;91.5;92.45;90.61;91.01;1175610;107733968.4
RTKM;D;20150623;000000;91.72;92.11;89.55;89.55;2259500;203786504.7
RTKM;D;20150624;000000;89.59;90.24;89.59;90;1429420;128501752.7
RTKM;D;20150625;000000;89.71;90.38;89.39;89.39;1292840;116187461
RTKM;D;20150626;000000;89.56;91.79;88.88;91;2637860;238588767.5
RTKM;D;20150629;000000;90.52;91.45;90.37;90.65;908100;82604235.6
RTKM;D;20150630;000000;90.51;91.1;89.3;90.7;1790410;161317363.5
RTKM;D;20150701;000000;90.61;91.3;89.8;90.21;8014940;724564195.3
RTKM;D;20150702;000000;87.47;88.17;87.02;87.02;3281680;287788910.1
RTKM;D;20150703;000000;87.02;88.4;86.85;87.7;1853430;162237973.8
RTKM;D;20150706;000000;87.36;87.5;86.55;87.3;1253940;108933960.8
RTKM;D;20150707;000000;87.3;88.31;86.78;86.79;859780;75127416.1
RTKM;D;20150708;000000;86.62;87.4;85.14;85.7;1665660;143875797.8
RTKM;D;20150709;000000;85.7;87.74;85.6;86.16;1830060;158894906.7
RTKM;D;20150710;000000;86.52;87.29;86.34;87;888710;77140221.6
RTKM;D;20150713;000000;86.9;87.8;85.9;87.54;1108550;96278583.5
RTKM;D;20150714;000000;87.06;87.28;86.32;86.63;912330;79115546.5
RTKM;D;20150715;000000;86.5;87;85.61;86.1;928910;80104367.5
RTKM;D;20150716;000000;86.1;86.17;85.18;85.8;747680;63976448.3
RTKM;D;20150717;000000;85.76;86.38;85.1;85.1;664280;57061447.8
RTKM;D;20150720;000000;85.31;85.44;83.05;83.05;1320520;111310387.3
RTKM;D;20150721;000000;83.49;83.49;81.83;82.41;2835870;233654408.9
RTKM;D;20150722;000000;82.4;82.9;81.55;82.9;2098420;172142211.7
RTKM;D;20150723;000000;82.9;84.34;82.51;83.81;2206550;184918411.5
RTKM;D;20150724;000000;83.78;83.88;82.05;82.3;1968060;163002479.2
RTKM;D;20150727;000000;81.2;82.4;80.71;82.22;1840230;149700581.4
RTKM;D;20150728;000000;82.09;82.09;81.03;81.15;2505290;203738738.7
RTKM;D;20150729;000000;81.22;81.94;80.81;81.3;2189650;177524379.2
RTKM;D;20150730;000000;81.45;83.46;81.35;82.9;3422970;283962672.6
RTKM;D;20150731;000000;82.78;84.99;82;84.99;2366690;198124682.1
RTKM;D;20150803;000000;84.01;84.86;82.62;83.55;1704900;142214296.8
RTKM;D;20150804;000000;83.11;84.78;83.11;84.12;1553310;130585134.6
RTKM;D;20150805;000000;84.4;85;83.42;85;1839160;155246942.4
RTKM;D;20150806;000000;84.89;85.8;83.19;83.49;2553360;215152285.4
RTKM;D;20150807;000000;83.5;84.55;83.5;83.81;1075870;90551803.1
RTKM;D;20150810;000000;83.9;84.4;83.3;83.8;1127440;94647954
RTKM;D;20150811;000000;83.8;85.2;83.3;84.55;2175270;183080015.6
RTKM;D;20150812;000000;84.3;84.43;83.4;84.08;891830;74843009.2
RTKM;D;20150813;000000;84.11;84.9;82.83;82.86;2232020;187060777.5
RTKM;D;20150814;000000;83;83.76;82.81;83.12;1774940;147803737.2
RTKM;D;20150817;000000;83;84.03;82.23;83.26;1460850;121770587.8
RTKM;D;20150818;000000;83.09;83.67;82.7;83.3;1608990;134023758.2
RTKM;D;20150819;000000;83.19;83.6;82.1;82.45;1983270;164370270.6
RTKM;D;20150820;000000;82;83.42;81.55;82.17;2492880;205384055.3
RTKM;D;20150821;000000;81.52;81.66;79.8;79.8;3980240;320249364.7
RTKM;D;20150824;000000;78.62;78.82;76;76.5;6028160;464381287.8
RTKM;D;20150825;000000;77;77.93;76.65;77.5;2867560;221745468.9
RTKM;D;20150826;000000;77.49;78.74;77.1;77.1;3336700;259886909.3
RTKM;D;20150827;000000;77.9;79.41;77.9;79.29;2525870;198314220.3
RTKM;D;20150828;000000;79.31;81.5;78.66;81.45;3438190;274355092.4
RTKM;D;20150831;000000;81;81.49;79.84;81.49;2328730;187700564.3
RTKM;D;20150901;000000;81;81;78.72;79.62;2537880;202535963.4
RTKM;D;20150902;000000;79.4;81.3;79;79.46;2460020;197675931.3
RTKM;D;20150903;000000;80;80.9;79.5;80.39;1688710;135596277.9
RTKM;D;20150904;000000;79.8;80.64;79.6;80.3;935980;74963179.2
RTKM;D;20150907;000000;80.3;80.7;79.37;79.6;653680;52305318.1
RTKM;D;20150908;000000;79.94;80.87;79.94;80.05;1295560;104250205.1
RTKM;D;20150909;000000;80.87;81.7;80.66;81;1933130;156844101.7
RTKM;D;20150910;000000;80.5;83.5;80.25;83.13;3998940;328895262.6
RTKM;D;20150911;000000;83.5;84.72;83.16;83.65;2740750;230198692.7
RTKM;D;20150914;000000;84;89.08;83.44;88.91;7055670;610106782.1
RTKM;D;20150915;000000;88.6;89.87;86.81;88.14;5445490;479828389.3
RTKM;D;20150916;000000;88.16;90.79;87.35;90.4;3392880;302875424.4
RTKM;D;20150917;000000;90.25;91;87.1;89.77;3038660;272683905.8
RTKM;D;20150918;000000;90.56;90.97;88.39;88.51;3441850;309066601
RTKM;D;20150921;000000;89.02;90.88;89.02;90;1790520;161552963.6
RTKM;D;20150922;000000;90.34;90.37;88.38;88.93;1717630;153652863.3
RTKM;D;20150923;000000;89.48;89.93;88.5;88.9;1881800;167790926.3
RTKM;D;20150924;000000;89.45;91.56;88.7;90.17;1968960;177706402.9
RTKM;D;20150925;000000;90.58;91.3;90.15;90.98;1592900;144790080.8
RTKM;D;20150928;000000;91;91;85.62;85.9;2784210;243263786.5
RTKM;D;20150929;000000;85.5;86.13;83.33;85.58;2324720;197082418
RTKM;D;20150930;000000;86.01;86.5;84.7;85.98;1658060;141983814.8
RTKM;D;20151001;000000;85.7;86.37;85.06;85.61;1222610;104778118.6
RTKM;D;20151002;000000;85.61;85.86;84.28;84.7;1274990;108625169.5
RTKM;D;20151005;000000;86;89.77;85;89.65;2620880;231479168.1
RTKM;D;20151006;000000;89.75;90.44;88.31;89.97;1987790;177779879.4
RTKM;D;20151007;000000;90.25;90.35;88.34;89.9;1659810;148070129.9
RTKM;D;20151008;000000;89.45;90.94;87.62;87.62;2269890;202103917
RTKM;D;20151009;000000;87.65;89.79;87.35;87.9;2997860;264211417.6
RTKM;D;20151012;000000;88.02;90.3;87.17;88.23;3521790;312667007.5
RTKM;D;20151013;000000;88.25;90.5;88.17;90.3;1890860;169600889.8
RTKM;D;20151014;000000;90.19;90.87;89.39;90.5;1867650;168611818.1
RTKM;D;20151015;000000;90.5;91.4;88.81;90.76;3144990;284190733.4
RTKM;D;20151016;000000;90.1;91.6;89.17;89.17;2257810;203893299.6
RTKM;D;20151019;000000;90;90.35;89.29;89.85;1008250;90576164
RTKM;D;20151020;000000;90.03;90.03;88.47;89.94;1303730;116370374.7
RTKM;D;20151021;000000;90;90.82;88.76;90.25;1674560;150887229.4
RTKM;D;20151022;000000;90.88;90.88;89.86;90.15;1306350;118045629.6
RTKM;D;20151023;000000;90.22;92.95;90.17;92.85;4300620;395539516.3
RTKM;D;20151026;000000;92.8;94.15;90.26;92.53;2780200;257308038.2
RTKM;D;20151027;000000;92.38;92.38;90.03;91.95;1885090;171501434.2
RTKM;D;20151028;000000;91.5;93;91.2;92.74;2435470;224855880
RTKM;D;20151029;000000;92.7;92.7;91.52;91.8;797480;73341299.8
RTKM;D;20151030;000000;91.62;93.7;91.46;93.55;2018900;188042223.4
RTKM;D;20151102;000000;94.04;94.15;93;94.1;1650120;154850892.6
RTKM;D;20151103;000000;94.12;94.85;93.16;94.64;2376020;224280536.1
RTKM;D;20151105;000000;94.97;95.95;94.64;95.73;2346180;223981009
RTKM;D;20151106;000000;95.6;96.41;92.17;93.1;1606310;150996627.8
RTKM;D;20151109;000000;93.33;94.89;93.1;93.2;1580750;148857553
RTKM;D;20151110;000000;93.65;93.65;91.02;91.59;2220410;204622832.9
RTKM;D;20151111;000000;91.6;92.25;90.34;90.7;1788740;163082549.1
RTKM;D;20151112;000000;90.98;90.98;88.5;88.51;1374120;122933457.8
RTKM;D;20151113;000000;88.33;88.52;86.6;86.7;1858940;162424634.3
RTKM;D;20151116;000000;87;88.31;86.4;87.55;1176550;103110980.5
RTKM;D;20151117;000000;88.45;91.39;87.65;91;3439510;307307560
RTKM;D;20151118;000000;90.97;95.69;90.7;93.7;5966270;560157860.9
RTKM;D;20151119;000000;94.16;94.91;91.35;92.15;2320710;215988050.4
RTKM;D;20151120;000000;91.6;93.99;90.69;93.62;1607150;148846842.6
RTKM;D;20151123;000000;93.5;94.85;91.75;94;1692660;157892715.6
RTKM;D;20151124;000000;94.1;95.31;89;91.18;2481600;227031708.1
RTKM;D;20151125;000000;91.25;91.7;89;90;2078210;187003938.6
RTKM;D;20151126;000000;90.15;92;89;90.3;1819660;164699492.2
RTKM;D;20151127;000000;90.25;90.25;88.07;88.07;1426720;126496958
RTKM;D;20151130;000000;88.1;89.5;86.55;87.74;3989440;349207281.7
RTKM;D;20151201;000000;87.12;89.49;87.12;89.49;1369240;120947343.5
RTKM;D;20151202;000000;89.5;90.94;88.9;89.95;1352020;121999309.7
RTKM;D;20151203;000000;89.7;90.2;89.07;89.6;843970;75706295.8
RTKM;D;20151204;000000;89.7;91.28;86.6;87.8;1830840;161210100.5
RTKM;D;20151207;000000;88.05;88.53;85.16;85.4;1754490;151640129.4
RTKM;D;20151208;000000;85.59;86.68;85.48;86.67;1316350;113349886
RTKM;D;20151209;000000;86.99;88.28;86.28;87.16;1600970;140030230.1
RTKM;D;20151210;000000;87.2;88.97;86.62;86.85;1057910;92842958.5
RTKM;D;20151211;000000;86.85;88.94;86.71;88.94;1597420;140664548.3
RTKM;D;20151214;000000;88.5;92.92;88;91.5;3334030;301293828.2
RTKM;D;20151215;000000;91.65;91.99;90.16;90.53;2966050;270427860.3
RTKM;D;20151216;000000;90.71;92.74;90.55;92.5;2079450;190429097.5
RTKM;D;20151217;000000;92.75;93.46;89.74;92.2;3127960;286304079.2
RTKM;D;20151218;000000;91.73;91.73;89.05;90.7;1782680;160966400.8
RTKM;D;20151221;000000;90.03;90.49;88.34;89.45;1004460;89937612.9
RTKM;D;20151222;000000;89.58;89.58;88.03;88.7;978960;86746334.2
RTKM;D;20151223;000000;88.49;89.41;87.73;89.29;1188390;105119763.7
RTKM;D;20151224;000000;89.5;89.65;88.5;88.53;440540;39190369.9
RTKM;D;20151225;000000;89.08;89.08;88.02;88.19;452310;39961149.3
RTKM;D;20151228;000000;88.5;89;87.2;88.89;1055710;92685119.9
RTKM;D;20151229;000000;88.8;91.99;88.29;91.99;1093870;98520563.4
RTKM;D;20151230;000000;91.52;92.37;90.19;90.55;1012000;92339112.3
RTKM;D;20160104;000000;90.78;90.78;88.5;88.5;770160;68806563.8
RTKM;D;20160105;000000;88.27;88.79;87.02;87.02;1860280;163039998
RTKM;D;20160106;000000;86.95;88.49;86.92;88.49;909620;79900266.6
RTKM;D;20160111;000000;87.6;87.6;85.78;86.52;1259140;108851450.6
RTKM;D;20160112;000000;86.02;86.31;84.55;85.5;1651880;141390115.3
RTKM;D;20160113;000000;86.5;87.99;85.57;86.13;1616950;140360175.3
RTKM;D;20160114;000000;85.9;86.6;85.1;86.15;1997040;171535186.4
RTKM;D;20160115;000000;86;86.84;81.15;81.27;3331470;276678928.2
RTKM;D;20160118;000000;80.47;82.97;80.01;81.68;2068190;169567853.5
RTKM;D;20160119;000000;82.81;85;82.81;84.81;2976700;250661965.6
RTKM;D;20160120;000000;84;84.36;81.9;82;2149410;178089575.3
RTKM;D;20160121;000000;82.3;84.32;82.06;83.25;2534030;211484009.8
RTKM;D;20160122;000000;84.05;86;84.05;85.39;1862440;158924378.5
RTKM;D;20160125;000000;85.8;85.93;84.5;84.71;998220;84987944.3
RTKM;D;20160126;000000;84.1;85.5;84;84.99;1673080;142052038.9
RTKM;D;20160127;000000;85.43;85.82;84.81;85.3;1516160;129420215.9
RTKM;D;20160128;000000;85.86;86.87;85;86.15;1741650;149620994.4
RTKM;D;20160129;000000;86.84;87.3;85.6;86.29;2676910;230631648.4
RTKM;D;20160201;000000;86.55;87.65;84.9;86.9;2165400;187210830.8
RTKM;D;20160202;000000;86.6;87.15;85.5;87;2268280;195656450.6
RTKM;D;20160203;000000;86.83;87.36;85.51;85.51;1306110;112808434.8
RTKM;D;20160204;000000;86.03;87.5;86.03;87;2125100;184883980.3
RTKM;D;20160205;000000;87.25;87.32;86.1;86.31;949030;82245934.1
RTKM;D;20160208;000000;86.24;86.9;85.3;86;1585300;136242344.4
RTKM;D;20160209;000000;85.82;86.14;84.9;85.5;1019090;87251268.9
RTKM;D;20160210;000000;85.48;85.97;84.69;85.54;1202910;102610010.2
RTKM;D;20160211;000000;85.17;85.25;83.21;84;2088730;176024434.8
RTKM;D;20160212;000000;84.16;84.83;83.9;84.5;1199570;101360321
RTKM;D;20160215;000000;84.84;85.17;84.22;84.57;1006030;85207425.9
RTKM;D;20160216;000000;84.9;85.09;84.2;84.75;1603470;135855957.2
RTKM;D;20160217;000000;84.75;87;84.59;87;2752830;236275715.6
RTKM;D;20160218;000000;86.95;90.24;86.83;90.24;4747250;420984215.3
RTKM;D;20160219;000000;89.8;89.97;87.81;88.9;2183570;194024948.8
RTKM;D;20160220;000000;89;89;87.56;88.4;355040;31401432.6
RTKM;D;20160222;000000;89.06;92.9;88.74;91.8;3935550;360436141.5
RTKM;D;20160224;000000;91.05;91.28;88.62;89.12;2332080;209816864.4
RTKM;D;20160225;000000;89.31;89.87;87.83;89;1824680;161976899.9
RTKM;D;20160226;000000;89.16;90.69;89.16;89.93;1483340;133754833.6
RTKM;D;20160229;000000;89.42;89.98;88;88.8;2949660;262128258.2
RTKM;D;20160301;000000;88.79;91.79;88.63;91.72;2808760;254277247.7
RTKM;D;20160302;000000;92.8;93;92.06;92.3;1964800;181666393.8
RTKM;D;20160303;000000;92.49;93.42;91.82;92.01;2174250;201714050.5
RTKM;D;20160304;000000;92.21;93.3;91.2;93;1434000;132077147.6
RTKM;D;20160307;000000;93.44;94.79;92.7;94.75;1578080;148707947.8
RTKM;D;20160309;000000;92.2;95.35;92.2;93.6;2851510;268596977.6
RTKM;D;20160310;000000;94.5;96;93.83;95.63;2758030;262318694.6
RTKM;D;20160311;000000;95.66;95.94;94.1;95;1960570;186086023.9
RTKM;D;20160314;000000;95.2;95.41;92.2;93.64;2143650;199574770.1
RTKM;D;20160315;000000;93.96;94.46;92.9;94;4658230;436936076.2
RTKM;D;20160316;000000;94.09;95;93.3;94.27;2966900;279369505.4
RTKM;D;20160317;000000;95.5;97.33;94.38;97.33;4252250;407590961.3
RTKM;D;20160318;000000;97.4;98.12;95.8;95.8;4601090;444912333.9
RTKM;D;20160321;000000;95.89;95.89;93.26;94.36;2053870;193725351.9
RTKM;D;20160322;000000;95;96.31;94.19;95.53;2790150;266057195.1
RTKM;D;20160323;000000;95.85;96.79;94.26;96.45;2405940;230159053.3
RTKM;D;20160324;000000;96;96.47;95.4;96.08;1430710;137372358.6
RTKM;D;20160325;000000;96.3;96.3;95.17;95.28;367910;35182268.8
RTKM;D;20160328;000000;95.15;95.75;93.5;94.05;879810;83195212
RTKM;D;20160329;000000;94.26;95.66;94.08;94.48;1273600;120691039.9
RTKM;D;20160330;000000;95.05;98.39;94.75;98.35;3060420;296407782.5
RTKM;D;20160331;000000;98.37;99.65;98.21;98.6;3392630;335183872.9
RTKM;D;20160401;000000;98.5;102.74;95.5;98.34;5747420;569420442.2
RTKM;D;20160404;000000;97.1;98.95;97.1;97.77;1805890;176999895.9
RTKM;D;20160405;000000;97.21;97.75;95.7;96.4;1232710;119082805.2
RTKM;D;20160406;000000;96.23;97.41;95.6;96.9;1361190;131192742.3
RTKM;D;20160407;000000;97.75;98.45;96.52;97.76;1803460;175726905.1
RTKM;D;20160408;000000;97.77;98.89;97.55;98.13;1759230;172731122.9
RTKM;D;20160411;000000;97.6;100.07;97.11;100.07;2205500;218841685
RTKM;D;20160412;000000;101.11;101.11;97.06;97.87;2374460;233436036
RTKM;D;20160413;000000;98.19;100.35;97.31;99.21;2787610;276399625.8
RTKM;D;20160414;000000;99.46;99.88;95.65;96.33;2277290;222296228.7
RTKM;D;20160415;000000;96.54;97.52;95.33;96.05;1268790;122133091.3
RTKM;D;20160418;000000;95;95.12;92.31;93.48;2639450;246541541.9
RTKM;D;20160419;000000;93.52;95.7;93.11;95.69;2688460;254657622.7
RTKM;D;20160420;000000;94.91;97.59;94.91;97.59;1900200;183376062.6
RTKM;D;20160421;000000;97.77;98.5;95.16;97.66;2244540;217730932.2
RTKM;D;20160422;000000;97.7;100.53;96.23;100;2816700;277900127.8
RTKM;D;20160425;000000;99.93;100;97.61;98.61;2148720;212478605.1
RTKM;D;20160426;000000;99.5;99.7;97.6;99.09;1667970;164250638.1
RTKM;D;20160427;000000;98.79;99.09;97.05;98.2;1639000;160393036.4
RTKM;D;20160428;000000;97.92;99.99;97;99.99;2443200;240127854.9
RTKM;D;20160429;000000;99.6;99.97;97.25;98.5;2229920;219950882.5
RTKM;D;20160504;000000;97.5;99.87;95.1;95.97;2320600;223314506
RTKM;D;20160505;000000;95.66;95.74;93.53;94.17;1666790;156832526.8
RTKM;D;20160506;000000;94.1;94.83;93.06;94.1;1204410;113020314.6
RTKM;D;20160510;000000;94.12;94.9;93.08;94.9;2177210;204272107.3
RTKM;D;20160511;000000;94.8;97.5;94.28;97.49;2134590;205835642.6
RTKM;D;20160512;000000;97.4;97.75;94.95;95.8;1268190;121937020.1
RTKM;D;20160513;000000;95.55;96.99;94.42;96.3;1558390;149463094.2
RTKM;D;20160516;000000;97.3;98.11;96.36;97.3;1711650;166818443.1
RTKM;D;20160517;000000;97.4;98.8;96.9;98.5;2809860;275748709.9
RTKM;D;20160518;000000;98.88;99.09;98.5;98.8;1971160;194566984.8
RTKM;D;20160519;000000;98.32;98.47;96.11;96.11;1494340;144703365.8
RTKM;D;20160520;000000;96.27;97;94.9;95.47;1747850;166857499.2
RTKM;D;20160523;000000;95.47;97.28;94.55;96.46;1080440;103921338.4
RTKM;D;20160524;000000;96.94;97.39;95.74;97.06;1265270;122279019.8
RTKM;D;20160525;000000;96.91;98.19;96.63;96.63;1432290;139661454.2
RTKM;D;20160526;000000;96.67;97.25;94.8;95.18;1794140;172214160.3
RTKM;D;20160527;000000;95.15;97.57;95.04;97.2;1034740;99738060.5
RTKM;D;20160530;000000;97.6;97.6;96.01;97.2;943370;91364695
RTKM;D;20160531;000000;97.22;100;96.42;97.5;7548920;741268501.9
RTKM;D;20160601;000000;97.5;98.79;96.75;97.09;2273960;221369760.9
RTKM;D;20160602;000000;96.73;97.37;95.5;95.9;1366490;131486169.9
RTKM;D;20160603;000000;96.89;97.19;95.57;96.1;1693410;163540726.6
RTKM;D;20160606;000000;96.7;97.18;96.32;96.42;1350010;130778143.6
RTKM;D;20160607;000000;96.42;97.96;96.14;97.09;2880390;279465466.9
RTKM;D;20160608;000000;97.1;97.4;96.43;97.3;1008530;97898972.1
RTKM;D;20160609;000000;97.5;97.5;96.15;96.15;887530;85557289
RTKM;D;20160610;000000;96.21;96.47;94.8;95.01;1513190;144295889.5
RTKM;D;20160614;000000;95.19;95.78;94.32;95.09;1347950;127933585.3
RTKM;D;20160615;000000;95.19;96.19;94.64;95.6;2440780;232978468.9
RTKM;D;20160616;000000;95.9;95.94;92.6;94.2;2566390;240247904.1
RTKM;D;20160617;000000;94.63;94.8;92.8;92.8;1812720;169319721.1
RTKM;D;20160620;000000;93.1;94.07;92.7;93;1148470;107512103.8
RTKM;D;20160621;000000;93.63;94.11;92.77;93.55;1559920;145714083.4
RTKM;D;20160622;000000;93.5;93.98;93.05;93.87;1272690;119108497
RTKM;D;20160623;000000;93.56;94;92.84;93.8;914470;85575943.2
RTKM;D;20160624;000000;87.55;94.69;86.7;93.1;2852690;263730519.8
RTKM;D;20160627;000000;93;93.4;92;92.64;1059750;98065752
RTKM;D;20160628;000000;92.98;93.56;91.22;91.83;1820420;167710755.9
RTKM;D;20160629;000000;91.6;92.59;91.4;91.88;1485550;136519922.5
RTKM;D;20160630;000000;91.9;92.56;91.4;92.2;812080;74691917.3
RTKM;D;20160701;000000;92.4;92.4;91.44;91.5;1315490;121003294
RTKM;D;20160704;000000;92.38;92.95;91.45;91.95;2241460;206567446.1
RTKM;D;20160705;000000;91.7;92.09;91.54;91.9;1953540;179604170.7
RTKM;D;20160706;000000;91.9;92.28;91.58;92.01;2531710;232489864.2
RTKM;D;20160707;000000;87.5;91;87.4;88.49;5401430;480158226.2
RTKM;D;20160708;000000;88.1;88.74;87;87.8;1664710;145982341.2
RTKM;D;20160711;000000;87.51;88.66;87.18;87.35;2231160;195775099.4
RTKM;D;20160712;000000;87.37;87.93;87.12;87.23;1959360;171382814.1
RTKM;D;20160713;000000;87.2;87.29;86;86.69;3076620;266157141.7
RTKM;D;20160714;000000;86.1;86.76;84.8;86;2308390;197739528.8
RTKM;D;20160715;000000;85.81;87.64;85.5;86.4;4311120;373339168.6
RTKM;D;20160718;000000;86.5;87.4;85.67;86.85;2116870;183298196.7
RTKM;D;20160719;000000;86.5;87.08;85.59;86.1;1749830;151397620.1
RTKM;D;20160720;000000;85.88;87.2;85.2;87.2;1661840;142976060.8
RTKM;D;20160721;000000;87.2;87.2;86.05;86.5;882630;76301324.9
RTKM;D;20160722;000000;86.18;86.71;85.87;85.87;730500;63112167.1
RTKM;D;20160725;000000;86.22;86.62;85.65;86.1;1600760;137822244.6
RTKM;D;20160726;000000;86.49;86.49;85.75;85.92;1861620;160086462
RTKM;D;20160727;000000;85.95;86.31;85.8;86.29;1369350;117873726.2
RTKM;D;20160728;000000;86.17;87;85.83;86.03;1945710;167746203.5
RTKM;D;20160729;000000;86.27;87;85.16;85.5;2610370;225095876.2
RTKM;D;20160801;000000;85.56;86.4;85.55;86;966980;83166643.6
RTKM;D;20160802;000000;85.95;86.05;84.51;85.6;2227590;189499557.9
RTKM;D;20160803;000000;85.03;85.54;84.51;84.75;1972130;167229958.8
RTKM;D;20160804;000000;85;86.25;85;86.2;2243180;192435109
RTKM;D;20160805;000000;86.34;86.92;84.85;86.1;1906700;163958906.9
RTKM;D;20160808;000000;86.3;87;85.61;87;1453410;125657792.8
RTKM;D;20160809;000000;87;88;86.72;87.5;2408920;210781721.8
RTKM;D;20160810;000000;87.7;88;85.78;86;3603880;313396008
RTKM;D;20160811;000000;85.82;86.68;85.25;86.68;1781440;153195452.5
RTKM;D;20160812;000000;86.7;87.01;86;86.25;1246000;107659788.6
RTKM;D;20160815;000000;86.6;86.6;85.3;85.85;1540440;132376123.4
RTKM;D;20160816;000000;85.94;86.24;85.7;85.95;1713560;147331719.3
RTKM;D;20160817;000000;86.17;86.17;85;85.2;1621020;138267402.6
RTKM;D;20160818;000000;85.25;85.52;84.1;84.19;3275450;277127598.5
RTKM;D;20160819;000000;84.21;85.09;84;84.6;1976740;166988359.5
RTKM;D;20160822;000000;84.61;84.95;83.76;84.6;1956910;165400933.9
RTKM;D;20160823;000000;84.94;84.94;83.51;83.51;3193180;267602413.7
RTKM;D;20160824;000000;83.5;83.74;82.6;83.09;2399080;199753359.6
RTKM;D;20160825;000000;83.3;83.49;82.52;82.75;2942150;243880329.1
RTKM;D;20160826;000000;82.75;83.09;81.4;82.3;3149080;258912648.4
RTKM;D;20160829;000000;82;82.3;81.62;82.25;1211750;99336759.2
RTKM;D;20160830;000000;82.29;82.79;81.91;82.45;1337540;110326465.1
RTKM;D;20160831;000000;82.48;82.63;81.64;82.18;1668610;136876933.8
RTKM;D;20160901;000000;82.06;82.12;81.69;81.95;1642860;134526810.3
RTKM;D;20160902;000000;82.28;82.47;81.26;81.26;1933840;158183617.2
RTKM;D;20160905;000000;81.75;82.68;81.05;82;2816260;230668419
RTKM;D;20160906;000000;82;82.85;81.7;82.8;3759720;309272139.9
RTKM;D;20160907;000000;83.1;84.5;82.7;82.85;6849260;572879402
RTKM;D;20160908;000000;83.16;83.55;82;82.45;4341400;359110637.8
RTKM;D;20160909;000000;82.57;82.67;81.53;81.6;1641250;134438015
RTKM;D;20160912;000000;81.49;82.1;81.24;81.7;1911680;156286762.6
RTKM;D;20160913;000000;81.9;82.19;81.17;81.5;1154020;94127053.3
RTKM;D;20160914;000000;81.45;81.54;80.95;80.95;772890;62742049.5
RTKM;D;20160915;000000;80.9;82;80.4;81.35;1657250;134376515.5
RTKM;D;20160916;000000;81.35;82.04;80.73;81.25;2022780;164641909.4
RTKM;D;20160919;000000;81.25;81.96;81.15;81.3;1068420;87083727.3
RTKM;D;20160920;000000;81.7;81.7;80.2;81.03;1254620;101127865.7
RTKM;D;20160921;000000;81.03;81.17;79.7;80.08;2598750;208463752.1
RTKM;D;20160922;000000;80.16;80.9;79.74;80.7;2386950;191495057.5
RTKM;D;20160923;000000;80.67;80.68;79.29;80.1;2305600;184367640.8
RTKM;D;20160926;000000;80.11;80.14;79.76;80.14;865820;69244297.5
RTKM;D;20160927;000000;80.16;80.18;79;79.2;1656320;131480485.9
RTKM;D;20160928;000000;79.41;79.9;79.01;79.15;1405960;111667899.6
RTKM;D;20160929;000000;79.3;79.6;79.11;79.2;1188250;94212142.6
RTKM;D;20160930;000000;79.1;79.35;78.51;78.82;1837560;144932520.1
RTKM;D;20161003;000000;78.8;79;78.28;78.87;880040;69279487.3
RTKM;D;20161004;000000;78.65;79.28;78.6;78.89;1286010;101441499
RTKM;D;20161005;000000;78.9;79.8;78.52;79.8;2123930;168109511.8
RTKM;D;20161006;000000;79.89;80.15;79.2;79.45;1625890;129553286.4
RTKM;D;20161007;000000;79.8;80.06;79.5;79.5;1012020;80705711.3
RTKM;D;20161010;000000;79.51;80.3;79.4;80.26;1607480;128566872.7
RTKM;D;20161011;000000;80.6;81.14;80.25;80.77;2030080;164072380
RTKM;D;20161012;000000;80.85;81.2;79.7;80.23;2521880;202885253.2
RTKM;D;20161013;000000;79.99;80;79.5;79.75;896190;71493560.1
RTKM;D;20161014;000000;79.85;80.44;79.62;79.96;969230;77518635
RTKM;D;20161017;000000;80.25;80.25;79.23;79.3;1111160;88335595
RTKM;D;20161018;000000;79.24;79.73;79.24;79.65;886670;70576133.5
RTKM;D;20161019;000000;79.63;79.85;79.12;79.28;951710;75574436.8
RTKM;D;20161020;000000;79.3;79.45;78.65;78.65;703060;55481087.3
RTKM;D;20161021;000000;78.67;79.16;78.31;78.8;893940;70425097.3
RTKM;D;20161024;000000;78.98;79.64;78.7;79.13;1177190;93212802.7
RTKM;D;20161025;000000;79.04;79.35;78.77;78.86;1779980;140807739.1
RTKM;D;20161026;000000;78.82;79.11;78.65;78.79;1481240;116719605.1
RTKM;D;20161027;000000;78.8;79.08;78.57;78.82;1366050;107647604.5
RTKM;D;20161028;000000;78.51;79.56;78.44;79.34;2151280;170291123
RTKM;D;20161031;000000;79.34;79.4;78.65;79.01;1545890;122002254.2
RTKM;D;20161101;000000;79.5;81.91;78.82;81.55;6688010;539425655.8
RTKM;D;20161102;000000;81.55;83.07;80.3;81.5;5663200;463543343.3
RTKM;D;20161103;000000;81.75;81.75;80.53;81.14;1770720;143236613.7
RTKM;D;20161107;000000;81.5;82.31;80.9;81.26;2285150;186028193.7
RTKM;D;20161108;000000;81.21;81.77;81;81.01;1063160;86412898.2
RTKM;D;20161109;000000;79.5;82.09;79.41;82;2956490;240336028.6
RTKM;D;20161110;000000;82.1;84;81.7;82.15;6779820;561770973
RTKM;D;20161111;000000;82.2;82.6;81.07;81.07;3651580;298932662.3
RTKM;D;20161114;000000;81.16;83.29;81.16;82.34;4015940;331571669.2
RTKM;D;20161115;000000;82.34;83.62;81.56;81.56;3106010;256837670.1
RTKM;D;20161116;000000;82.1;83.52;81.82;83.07;2745330;226981971.1
RTKM;D;20161117;000000;83.36;83.36;81.89;82.5;2057050;169818511.1
RTKM;D;20161118;000000;82.6;83.28;82.52;82.77;2106490;174878096.9
RTKM;D;20161121;000000;82.65;83.45;82.6;82.6;1706570;141681450.5
RTKM;D;20161122;000000;83;83.13;82.3;82.66;2580470;213745587.8
RTKM;D;20161123;000000;82.8;83.43;82.8;82.95;1905360;158244267.2
RTKM;D;20161124;000000;83;85.3;82.95;83.94;5889950;497179739.7
RTKM;D;20161125;000000;84.4;84.56;83.27;84.25;2160190;181382758.1
RTKM;D;20161128;000000;84;84.49;83.36;83.54;1417120;118666741.8
RTKM;D;20161129;000000;83.42;84.03;83.1;83.72;2275600;190307432.9
RTKM;D;20161130;000000;83.89;85.44;83.66;84.6;6551440;555480101.4
RTKM;D;20161201;000000;84.87;85.7;84.51;84.8;3958320;336427453.4
RTKM;D;20161202;000000;84.67;85.85;84.63;85.55;2370930;202321886.7
RTKM;D;20161205;000000;85.69;86.4;85.3;86.25;5155800;443831817.8
RTKM;D;20161206;000000;86.5;86.75;85.61;86.06;5817450;501151621.4
RTKM;D;20161207;000000;86;86.94;86;86.94;2394130;207446998.7
RTKM;D;20161208;000000;86.85;87.9;86.85;87.9;5229780;457983025.8
RTKM;D;20161209;000000;87.9;88;86.6;87.49;4405840;384762208.1
RTKM;D;20161212;000000;87.95;88.88;86.9;88.31;5622630;495285791.9
RTKM;D;20161213;000000;88.64;88.7;87.7;88.27;3758000;331869230.7
RTKM;D;20161214;000000;88;88.5;86.65;86.65;2175450;190227277.9
RTKM;D;20161215;000000;86.65;86.7;84.8;86.7;5890370;505668860.3
RTKM;D;20161216;000000;86.44;86.96;84.45;84.89;4496050;383225483.7
RTKM;D;20161219;000000;85;85.88;84.62;84.76;2864550;244539954.4
RTKM;D;20161220;000000;84.51;85.02;84.48;84.71;1161450;98445989
RTKM;D;20161221;000000;84.98;84.99;84.29;84.8;1436040;121685727.2
RTKM;D;20161222;000000;84.78;84.93;83.6;83.83;1255030;105571565.6
RTKM;D;20161223;000000;83.61;83.92;82;83.09;2730340;227258554.9
RTKM;D;20161226;000000;82.79;83.76;82.79;83.39;865320;72111838.1
RTKM;D;20161227;000000;83.55;83.67;83.24;83.64;594330;49648367.4
RTKM;D;20161228;000000;83.68;84.5;83.08;83.99;915070;76829619.5
RTKM;D;20161229;000000;84.04;84.4;83.51;83.99;1585770;132972192
RTKM;D;20161230;000000;84.08;84.33;83.41;84;881280;73897039.6
RTKM;D;20170103;000000;84.11;86;84;85.6;2668700;228633500.9
RTKM;D;20170104;000000;85.65;85.65;84.56;84.8;1739960;147780347.1
RTKM;D;20170105;000000;85;85.3;84.17;84.79;1338160;113437626.2
RTKM;D;20170106;000000;84.97;85.45;83.53;85.28;2168770;183500813.9
RTKM;D;20170109;000000;85.5;85.5;84.2;84.97;1122170;95113896.3
RTKM;D;20170110;000000;84.75;85.25;84.5;85.24;1123020;95514398.9
RTKM;D;20170111;000000;85.21;85.69;84.76;85.1;1928820;164553873.8
RTKM;D;20170112;000000;85.46;85.7;85;85.7;2429850;207695025.4
RTKM;D;20170113;000000;85.51;85.71;84.72;85.58;1007700;85843744.6
RTKM;D;20170116;000000;85.55;85.55;84.94;84.95;770570;65673738.3
RTKM;D;20170117;000000;85.12;85.16;84.25;84.59;1370090;116237516.7
RTKM;D;20170118;000000;85.06;85.1;84;84.36;1196270;101349083.5
RTKM;D;20170119;000000;84.8;84.8;83.91;84.5;2574490;217400430.4
RTKM;D;20170120;000000;84.11;85.13;84.11;84.36;1275490;108013771.2
RTKM;D;20170123;000000;84.36;84.9;84.19;84.88;1034770;87628530.6
RTKM;D;20170124;000000;84.88;85.06;83.76;84;2651210;223316078.2
RTKM;D;20170125;000000;84.11;84.18;82.28;82.31;3283620;272264868.1
RTKM;D;20170126;000000;82.15;83.4;81.29;83.24;5096980;421177029.3
RTKM;D;20170127;000000;83.38;83.98;83.04;83.86;1190910;99634600
RTKM;D;20170130;000000;84;84;83.33;83.5;1075500;90035981
RTKM;D;20170131;000000;83.8;83.91;83.1;83.49;1889730;157882577.4
RTKM;D;20170201;000000;83.5;86.6;83.43;84.37;2755550;233282162.7
RTKM;D;20170202;000000;84.51;85.23;83.6;83.98;1666610;140458708.5
RTKM;D;20170203;000000;84.24;84.53;83.75;84.5;1331850;112110305.4
RTKM;D;20170206;000000;84.5;84.9;83.23;83.86;1519080;127488299.9
RTKM;D;20170207;000000;83.87;84.8;83.59;84.71;1304350;109865133.9
RTKM;D;20170208;000000;84.71;84.75;83.35;84.75;2417290;202914754.1
RTKM;D;20170209;000000;84.74;85.3;83.05;85.3;3490240;293945957.9
RTKM;D;20170210;000000;85.06;85.75;84.5;85.05;1291890;110026994.2
RTKM;D;20170213;000000;85.05;85.35;84.6;85.21;1557450;132444873.4
RTKM;D;20170214;000000;85.01;85.3;84.26;84.6;2081210;176520405.9
RTKM;D;20170215;000000;84.48;84.55;82.39;82.4;4566730;379472360.6
RTKM;D;20170216;000000;82.59;83.18;81.33;81.75;2922750;239349757.9
RTKM;D;20170217;000000;81.75;81.93;79.65;80;5278270;424571323.3
RTKM;D;20170220;000000;80;80.78;78.15;79.18;7821140;619235171.1
RTKM;D;20170221;000000;79.2;80;78.95;79.98;1852740;147617419
RTKM;D;20170222;000000;80;80;78.8;79;2357600;187209310.6
RTKM;D;20170224;000000;79.08;80.15;78.5;80;2171300;172560222.3
RTKM;D;20170227;000000;80;80.45;78.73;78.95;1787310;141482752.9
RTKM;D;20170228;000000;78.95;79.22;78.06;78.06;5144260;403618352.9
RTKM;D;20170301;000000;78.27;79.6;78.1;78.71;2118130;167204894.2
RTKM;D;20170302;000000;78.98;79.47;78.48;79.05;1430710;112920230.1
RTKM;D;20170303;000000;79.15;79.3;78;79.13;1322100;104213676.9
RTKM;D;20170306;000000;79.07;79.6;78.45;79.35;1465530;116100659.9
RTKM;D;20170307;000000;79.05;79.05;75.8;76.5;8448850;649458716.9
RTKM;D;20170309;000000;76.2;76.2;74.01;75.5;4431980;334769396.1
RTKM;D;20170310;000000;75.11;75.89;74.63;74.9;2691600;202733477.7
RTKM;D;20170313;000000;75.2;76.7;74;76.41;2952880;223617862.4
RTKM;D;20170314;000000;76.84;77.92;76.03;77.06;3767550;290797880.6
RTKM;D;20170315;000000;77.17;77.48;76.54;76.64;1444940;110968198.1
RTKM;D;20170316;000000;76.99;77.11;75.52;76.2;3766640;287144164.6
RTKM;D;20170317;000000;76.2;77.64;75;75;8434600;643973416.2
RTKM;D;20170320;000000;75.98;78.36;75.35;78.25;3910970;300274704.6
RTKM;D;20170321;000000;78.24;79.12;77.31;78;3229150;251675838.6
RTKM;D;20170322;000000;77.14;77.97;77.14;77.9;1807510;140428600.1
RTKM;D;20170323;000000;78.59;78.7;77.57;77.85;1670690;130524763.8
RTKM;D;20170324;000000;77.7;78.01;77.27;77.5;754390;58501449.9
RTKM;D;20170327;000000;77.5;78.09;76.18;76.6;1383760;106040740.6
RTKM;D;20170328;000000;76.89;77.27;76.51;76.58;1373860;105506601.5
RTKM;D;20170329;000000;77.1;77.1;75.95;75.95;1338760;102433673.8
RTKM;D;20170330;000000;76.36;77;75.89;76.72;2459380;187947047.8
RTKM;D;20170331;000000;76.72;76.95;76.06;76.95;1269620;97211233.8
RTKM;D;20170403;000000;76.93;76.99;76.25;76.99;610320;46807172.9
RTKM;D;20170404;000000;76.8;76.98;76.35;76.82;947550;72693840.4
RTKM;D;20170405;000000;76.91;78.49;76.91;78.2;2258680;175906775.3
RTKM;D;20170406;000000;77.9;78.28;77.52;77.78;1441780;112199471.9
RTKM;D;20170407;000000;78;78.12;76.8;77.22;2210650;171044684.3
RTKM;D;20170410;000000;77.23;77.9;76.1;76.33;1975670;151061170.4
RTKM;D;20170411;000000;76.35;76.92;75.5;75.9;1221220;92802846.4
RTKM;D;20170412;000000;76.09;76.13;75;75.88;1882440;142244868.3
RTKM;D;20170413;000000;75.7;76.2;74.09;74.23;2072180;156065664.2
RTKM;D;20170414;000000;74.6;74.6;72.9;73;768740;56691565.2
RTKM;D;20170417;000000;73.23;75.44;72.9;74.99;1197070;88545770
RTKM;D;20170418;000000;75;75.17;73.81;74.3;1201880;89433601.3
RTKM;D;20170419;000000;75;75;73.25;73.26;3335980;246492178.2
RTKM;D;20170420;000000;73.02;73.58;72.2;72.81;1864050;135684097.8
RTKM;D;20170421;000000;72.82;74.48;72.82;73.22;1833130;135437501.6
RTKM;D;20170424;000000;73.7;74.8;73.31;74.43;4073980;301468965.9
RTKM;D;20170425;000000;74.44;76.37;73.88;75.5;3275020;246978261.4
RTKM;D;20170426;000000;75.97;77.28;75.42;76.95;2744790;210045462.5
RTKM;D;20170427;000000;76.56;77.69;74.29;74.44;7594330;576337052.2
RTKM;D;20170428;000000;74.95;75.38;73.91;74.5;4873020;363405242.4
RTKM;D;20170502;000000;74.5;76;74.28;75.01;1760630;132640141.6
RTKM;D;20170503;000000;75.5;75.54;73.83;74.3;2332350;173656433.7
RTKM;D;20170504;000000;74.45;75.1;74.29;75;959190;71759488.2
RTKM;D;20170505;000000;74.5;75.17;74.41;75.16;714220;53445012.7
RTKM;D;20170510;000000;75.16;75.54;74.95;75.22;1521980;114393882.7
RTKM;D;20170511;000000;75.19;75.19;74.5;75.01;1759060;131695261
RTKM;D;20170512;000000;74.98;74.98;74.07;74.98;1377060;102665009.9
RTKM;D;20170515;000000;74.95;75.41;74.7;75.1;1073260;80430174.7
RTKM;D;20170516;000000;75.18;75.49;74.05;74.05;2050640;153109966.3
RTKM;D;20170517;000000;74.25;74.6;73.92;73.92;1537960;114236063.1
RTKM;D;20170518;000000;74.28;74.4;73.27;73.58;2438180;180200897
RTKM;D;20170519;000000;73.98;73.98;73.1;73.21;1521450;111861463.1
RTKM;D;20170522;000000;73.79;73.79;72.6;72.75;2255150;164596600.9
RTKM;D;20170523;000000;73.09;73.75;72.5;72.73;3123460;228551514.9
RTKM;D;20170524;000000;73.07;73.19;72.31;72.31;1424610;103492076.1
RTKM;D;20170525;000000;72.79;72.83;71.81;72.17;1919700;138658512.2
RTKM;D;20170526;000000;72.08;72.54;71.88;72.3;1035150;74809614
RTKM;D;20170529;000000;72.55;72.98;72.22;72.49;730950;53045997.9
RTKM;D;20170530;000000;72.49;72.49;71.75;71.86;713900;51377322.3
RTKM;D;20170531;000000;71.76;72.45;71.2;71.5;3354180;240185147.2
RTKM;D;20170601;000000;71.67;72;70.82;71.12;2341420;166934227.3
RTKM;D;20170602;000000;71.28;71.28;70.37;70.9;4289160;303893719.9
RTKM;D;20170605;000000;71;71.7;70.78;71.14;703290;50239265.7
RTKM;D;20170606;000000;71.3;71.38;69.7;69.7;2923880;206070837.6
RTKM;D;20170607;000000;69.9;70.77;69.78;69.78;3201590;225474744.8
RTKM;D;20170608;000000;69.98;70.75;69.81;69.87;3536060;248398323.8
RTKM;D;20170609;000000;70;70.98;70;70.9;1935170;136779761
RTKM;D;20170613;000000;70.95;71.16;70.2;70.4;1345090;94972819.4
RTKM;D;20170614;000000;70.39;70.55;69.63;70.3;4865440;340977021
RTKM;D;20170615;000000;69.54;69.9;68.8;69.31;9614350;665329582.9
RTKM;D;20170616;000000;69.1;71.07;69.1;71.07;5034340;354374492.5
RTKM;D;20170619;000000;70.65;70.9;69.95;70;1759180;123687756.7
RTKM;D;20170620;000000;70.03;70.7;69.81;70;3858260;270784930.9
RTKM;D;20170621;000000;70.01;70.4;69.86;70;2018930;141419225.5
RTKM;D;20170622;000000;69.85;70.74;69.5;70.15;2446520;171837729
RTKM;D;20170623;000000;70.31;70.7;70.08;70.18;2020990;142347268.6
RTKM;D;20170626;000000;70.5;70.5;70.02;70.05;790940;55526971.3
RTKM;D;20170627;000000;70;71.81;69.85;71.5;3757910;265485447.7
RTKM;D;20170628;000000;71.45;72.41;71.1;72;1808370;129769223.8
RTKM;D;20170629;000000;72.11;72.55;70.25;70.8;6056770;431168053.5
RTKM;D;20170630;000000;70.8;71.48;70.57;71.37;1479790;105142282.3
RTKM;D;20170703;000000;71.69;71.7;71;71.5;1244890;88853809.2
RTKM;D;20170704;000000;71.81;71.98;71.52;71.78;3023190;216972303.4
RTKM;D;20170705;000000;71.63;71.9;71.51;71.88;3072350;220459975.2
RTKM;D;20170706;000000;67.72;68.35;67.51;67.52;7304320;496192959.1
RTKM;D;20170707;000000;67.75;67.75;66.95;67.26;1911100;128543628.1
RTKM;D;20170710;000000;67.3;67.61;66.15;66.4;2275820;151755751.1
RTKM;D;20170711;000000;66.4;66.71;65.21;65.63;2808470;184145109.1
RTKM;D;20170712;000000;65.7;66.42;65.5;66.2;1932120;127478015.6
RTKM;D;20170713;000000;66.34;66.83;65.91;66.13;2494730;165468878.7
RTKM;D;20170714;000000;66.34;66.52;66.06;66.22;1036500;68681352.6
RTKM;D;20170717;000000;66.3;67.45;66.09;67.12;3320480;222701640.6
RTKM;D;20170718;000000;67.4;67.41;66.07;66.75;2142990;142879994.9
RTKM;D;20170719;000000;66.75;66.92;66.3;66.89;1617750;107728054.8
RTKM;D;20170720;000000;66.9;67.4;66.66;67.09;1970130;132004207.6
RTKM;D;20170721;000000;67.06;67.06;66.1;66.21;1233320;82082723.9
RTKM;D;20170724;000000;65.05;66.37;65.03;66.16;1857420;122485840.7
RTKM;D;20170725;000000;66.2;66.76;65.75;66.03;2645450;174743369.2
RTKM;D;20170726;000000;66.1;66.61;65.89;65.93;3486250;230279838.3
RTKM;D;20170727;000000;65.94;66.54;65.94;66.45;1169680;77414733.8
RTKM;D;20170728;000000;66.5;66.5;65.82;66.1;1683460;111153797.8
RTKM;D;20170731;000000;66.17;66.37;65.15;65.15;2331750;153507439.1
RTKM;D;20170801;000000;65.51;66.09;65.3;65.43;1817060;119514071.9
RTKM;D;20170802;000000;65.51;66.1;65.51;65.61;2613680;171931372.3
RTKM;D;20170803;000000;65.9;66.5;65.81;66.3;2015890;133353664
RTKM;D;20170804;000000;66.23;66.47;65.89;66.2;1077010;71266908.9
RTKM;D;20170807;000000;66.64;66.64;65.8;66.02;979020;64823017.4
RTKM;D;20170808;000000;66;66;65.16;65.16;3179150;208213171.8
RTKM;D;20170809;000000;65.2;65.43;64.84;64.95;1640560;106742130.1
RTKM;D;20170810;000000;65.19;65.8;64.92;64.92;1156220;75613872
RTKM;D;20170811;000000;64.76;64.83;63.83;63.93;2056170;131968103.4
RTKM;D;20170814;000000;63.95;64.45;63.95;64.25;934430;59910649.7
RTKM;D;20170815;000000;64.26;65.03;64.03;64.8;2775640;179332260.1
RTKM;D;20170816;000000;64.93;65.79;64.59;65.28;2921800;190020897.7
RTKM;D;20170817;000000;65.28;65.69;65;65.6;1648990;107791035.1
RTKM;D;20170818;000000;65.36;66.13;65.36;65.94;1998520;131367399.9
RTKM;D;20170821;000000;65.94;66.18;65.5;65.82;1415020;93191812.5
RTKM;D;20170822;000000;65.73;65.78;65.22;65.55;696560;45624445.7
RTKM;D;20170823;000000;65.44;66.15;65.32;65.44;1161000;76285315.6
RTKM;D;20170824;000000;65.5;66.05;65.28;65.69;802460;52670366
RTKM;D;20170825;000000;65.65;66.15;65.55;66.09;804480;53004543.5
RTKM;D;20170828;000000;66.09;67;66.01;66.46;1421000;94413323.6
RTKM;D;20170829;000000;66.46;66.46;65.67;66.25;1040350;68658307.6
RTKM;D;20170830;000000;66.27;66.45;65.77;66.32;1193840;79008475.8
RTKM;D;20170831;000000;66.32;67;66.01;67;1728100;114840085.9
RTKM;D;20170901;000000;67;67;66.15;66.5;1918590;127605895.1
RTKM;D;20170904;000000;66.53;67.16;66.02;66.02;1586030;105666837.8
RTKM;D;20170905;000000;66.4;66.51;65.56;66.51;1613770;106601118.2
RTKM;D;20170906;000000;66.12;66.51;65.9;66.39;3196520;211890464.4
RTKM;D;20170907;000000;66.49;66.7;66.32;66.32;2490880;165447896.8
RTKM;D;20170908;000000;66.5;66.66;65.7;66;2223980;147093142.7
RTKM;D;20170911;000000;66;66.45;65.85;66.01;1378690;91143337.9
RTKM;D;20170912;000000;66.38;66.39;65.99;66.02;1367570;90486683.2
RTKM;D;20170913;000000;66.23;67.6;66.16;66.38;6506300;435316457.6
RTKM;D;20170914;000000;66.8;66.8;59.6;66.32;4496650;293814940.9
RTKM;D;20170915;000000;66.24;66.9;66.2;66.7;3160830;210443569.2
RTKM;D;20170918;000000;66.75;67.1;66.59;66.97;870020;58229708.7
RTKM;D;20170919;000000;67.13;69.08;66.89;69;10269880;702334004.8
RTKM;D;20170920;000000;68.8;70.2;68.8;69.1;8109890;565042387.4
RTKM;D;20170921;000000;69.2;69.65;68.19;69.08;4869160;334319000
RTKM;D;20170922;000000;69;69.75;68.7;69.45;2205110;153037817.8
RTKM;D;20170925;000000;69.45;69.88;68.5;68.5;1865710;128719276.8
RTKM;D;20170926;000000;68.8;69.21;68.34;68.34;1642500;113137102.4
RTKM;D;20170927;000000;68.5;69.15;68.5;69.08;2453850;169177123.5
RTKM;D;20170928;000000;69.16;69.86;68.7;68.7;3338160;231108229.9
RTKM;D;20170929;000000;69.3;69.4;68.91;69.36;2285750;158028927.3
RTKM;D;20171002;000000;69.36;69.41;68.87;68.87;1073180;74182758.8
RTKM;D;20171003;000000;68.9;69.15;67.5;67.9;4714170;320994682.1
RTKM;D;20171004;000000;67.11;67.8;66.62;66.89;2791580;187310644.9
RTKM;D;20171005;000000;66.98;67.74;66.71;67.28;4452110;299330205.7
RTKM;D;20171006;000000;67.5;68.1;67.23;67.98;1696170;114870003.9
RTKM;D;20171009;000000;67.79;68.19;67.46;68.14;1932880;131210859.7
RTKM;D;20171010;000000;68.06;68.44;67.74;68.17;1759170;119925233.3
RTKM;D;20171011;000000;67.65;68.16;67.46;67.8;3183820;215885824.8
RTKM;D;20171012;000000;67.85;68.49;67.57;67.61;1636800;111249269.2
RTKM;D;20171013;000000;67.8;67.8;66.82;67.5;2156310;145136060.7
RTKM;D;20171016;000000;67.5;67.58;66.36;66.68;2504520;167170389.1
RTKM;D;20171017;000000;66.67;66.69;66.15;66.33;1691400;112123227
RTKM;D;20171018;000000;66.6;66.75;66.17;66.35;1949020;129405352.8
RTKM;D;20171019;000000;66.2;66.57;66.17;66.17;1789330;118790062.7
RTKM;D;20171020;000000;66.3;66.75;66;66.75;1658330;110150024.3
RTKM;D;20171023;000000;66.62;67.67;66.62;67.67;2070970;139526445.9
RTKM;D;20171024;000000;67.5;67.66;66.9;67.03;1967160;132196924.1
RTKM;D;20171025;000000;67.14;67.6;66.37;66.65;1486830;99825216.2
RTKM;D;20171026;000000;66.65;67.47;66.32;67.45;3248620;218059466.3
RTKM;D;20171027;000000;67.45;67.83;67.29;67.83;1248890;84356000.6
RTKM;D;20171030;000000;67.96;68.39;67.6;67.9;3245550;220683355.4
RTKM;D;20171031;000000;67.61;68.3;67.61;68.3;1113260;75651700.4
RTKM;D;20171101;000000;68.16;68.29;67.72;68.29;1379520;93878634.8
RTKM;D;20171102;000000;68.3;68.5;67.81;68.5;2094480;142637451
RTKM;D;20171103;000000;68.7;70.78;68.64;70.12;8501510;595006414.6
RTKM;D;20171107;000000;70.69;71.37;70.22;71.17;4375370;310334891.5
RTKM;D;20171108;000000;70.99;71.05;70.22;70.6;1942480;137304734.6
RTKM;D;20171109;000000;70.7;73.5;70.51;71.12;5749280;412208127.3
RTKM;D;20171110;000000;71.01;71.97;70.86;71.31;2862560;204373072.6
RTKM;D;20171113;000000;71.31;72.94;71.12;72.43;5130550;371189021.3
RTKM;D;20171114;000000;70;70.5;68.6;68.99;13995070;971440459.7
RTKM;D;20171115;000000;68.99;69.73;68.14;68.16;4007850;276315712.3
RTKM;D;20171116;000000;68.68;68.68;67.77;67.9;2828830;192290381.8
RTKM;D;20171117;000000;67.9;68.38;67.68;68;4675080;317827650.3
RTKM;D;20171120;000000;68;69.46;67.81;69.25;3725910;254810949.4
RTKM;D;20171121;000000;69.25;69.63;67.41;67.6;6348020;432805912.1
RTKM;D;20171122;000000;67.99;67.99;66.8;66.8;3996950;269404562.4
RTKM;D;20171123;000000;67.3;67.3;66.22;66.5;4064350;270822150.7
RTKM;D;20171124;000000;66.78;67.42;66.48;66.94;2630060;175886336.5
RTKM;D;20171127;000000;66.9;67.42;66.41;66.41;4325660;289300937.5
RTKM;D;20171128;000000;66.67;66.75;64.55;64.7;10979540;719017673.8
RTKM;D;20171129;000000;64.88;65.27;64;64.4;9938810;640562301.1
RTKM;D;20171130;000000;64;64.43;62.75;64;67211430;4269813651
RTKM;D;20171201;000000;65;65.44;63.85;64;13541070;872166215.5
RTKM;D;20171204;000000;63.75;65.67;63.75;64.8;4017610;260618641.1
RTKM;D;20171205;000000;64.8;64.84;63.7;63.79;3977550;255622082.9
RTKM;D;20171206;000000;63.62;64.59;63.4;63.4;5777380;370039031
RTKM;D;20171207;000000;63.63;64;63.22;63.5;4916990;312778913.2
RTKM;D;20171208;000000;63.5;64.2;63.31;63.36;6260180;398985509.9
RTKM;D;20171211;000000;63.76;64.39;63.63;64.39;3457010;221199611.4
RTKM;D;20171212;000000;64.39;64.97;64.08;64.5;3100530;200098257.5
RTKM;D;20171213;000000;64.77;64.77;64;64.5;3924320;252678090.7
RTKM;D;20171214;000000;64.49;64.78;64.08;64.1;2354370;151226547.7
RTKM;D;20171215;000000;64.15;64.3;63.58;64.3;3260910;208406169.7
RTKM;D;20171218;000000;64.37;64.39;63.93;64.3;2861240;183502648.4
RTKM;D;20171219;000000;64.29;64.3;63.34;63.99;2548580;162461524.5
RTKM;D;20171220;000000;64.1;64.1;63.14;64;3117880;199185460
RTKM;D;20171221;000000;64.29;64.4;63.86;64.15;2296880;147028323.1
RTKM;D;20171222;000000;63.99;64.25;63.8;64.02;1144040;73258367.4
RTKM;D;20171225;000000;64.1;64.31;63.72;63.78;365710;23362374.6
RTKM;D;20171226;000000;64;64;63.38;63.74;1218140;77545682.3
RTKM;D;20171227;000000;63.63;63.9;63.31;63.6;1289230;81895733.2
RTKM;D;20171228;000000;63.36;63.79;63.35;63.55;790550;50181063.9
RTKM;D;20171229;000000;63.34;63.98;63.21;63.9;1875160;119198781.6
RTKM;D;20180103;000000;63.85;64.24;63.53;63.85;1068590;68266312.6
RTKM;D;20180104;000000;64.04;64.1;63.7;63.7;1716720;109577580.4
RTKM;D;20180105;000000;63.93;63.93;63.5;63.5;1650010;104983119
RTKM;D;20180109;000000;63.88;64.52;63.67;64.22;2298960;147560812
RTKM;D;20180110;000000;64.68;64.72;64;64.02;1680360;107793748.3
RTKM;D;20180111;000000;64;64.57;63.84;64.57;2038250;130718847.7
RTKM;D;20180112;000000;64.7;64.7;64.25;64.35;2349250;151342175
RTKM;D;20180115;000000;64.4;64.83;64.23;64.58;2652530;171125846
RTKM;D;20180116;000000;64.57;67.16;64.57;65.98;10643570;703449055.9
RTKM;D;20180117;000000;65.98;66.2;65.25;65.3;5886050;385455688.4
RTKM;D;20180118;000000;65.42;65.87;65.23;65.52;2848100;186468125.8
RTKM;D;20180119;000000;65.5;66.3;65.5;65.77;2393830;157975204.1
RTKM;D;20180122;000000;65.9;67;65.9;66.89;4067760;270663435.5
RTKM;D;20180123;000000;67;67.33;66.13;66.22;3049510;203311807.7
RTKM;D;20180124;000000;66.45;67;66.3;66.8;2656200;177200128.2
RTKM;D;20180125;000000;66.72;67.25;66.01;66.01;3688720;244814395.7
RTKM;D;20180126;000000;66.05;66.68;65;65.05;3856780;254257173.4
RTKM;D;20180129;000000;65.08;65.94;64.8;65.41;2189340;143078693.5
RTKM;D;20180130;000000;65.3;66.2;64.6;66.2;2694100;177067053.5
RTKM;D;20180131;000000;65.95;67;65.41;67;2954630;195215597.7
RTKM;D;20180201;000000;66.7;67;66.36;67;2780070;185272022.6
RTKM;D;20180202;000000;66.86;67.03;65.53;65.9;2180340;144335176.4
RTKM;D;20180205;000000;65.51;66.11;65;65.95;2945430;192797294.9
RTKM;D;20180206;000000;65.04;65.35;64.57;64.86;4980400;323497506.9
RTKM;D;20180207;000000;65.01;65.66;64.65;64.65;1771130;115364115.1
RTKM;D;20180208;000000;64.91;65.75;64.16;65.6;3864820;252223820.1
RTKM;D;20180209;000000;64.82;65.9;64.63;65.9;2414380;157291131.1
RTKM;D;20180212;000000;65.93;66.25;65.25;65.49;1470700;96386647.7
RTKM;D;20180213;000000;65.71;65.74;65.2;65.57;1656280;108482502.6
RTKM;D;20180214;000000;65.67;65.97;65.16;65.5;1818700;119122019.3
RTKM;D;20180215;000000;65.63;66.25;65.05;65.1;2801070;183490505.6
RTKM;D;20180216;000000;65.62;65.78;65.26;65.48;3258930;213798064
RTKM;D;20180219;000000;65.51;66.1;65.51;65.55;1756010;115589441.4
RTKM;D;20180220;000000;65.6;66.2;65.6;65.76;1456890;96044071.2
RTKM;D;20180221;000000;65.65;66.25;65.61;66.25;2140780;141118740.7
RTKM;D;20180222;000000;65.99;66.64;65.81;66.45;2232100;148058059.6
RTKM;D;20180226;000000;66.91;67.65;66.56;66.85;3366990;225535891.9
RTKM;D;20180227;000000;66.99;68.75;66.52;67.7;5530570;374853607.6
RTKM;D;20180228;000000;67.52;68.3;67.15;68.21;4052030;275236161.6
RTKM;D;20180301;000000;67.72;68.34;67.36;67.97;2759010;187044067.9
RTKM;D;20180302;000000;67.97;68.2;66.84;67.66;3089160;208699186.2
RTKM;D;20180305;000000;67.67;68.36;67.51;68.1;2958110;201493909.5
RTKM;D;20180306;000000;68.33;69.39;67.81;68.21;7132870;489465184.7
RTKM;D;20180307;000000;68.04;68.28;67.61;67.81;3238460;219952975.7
RTKM;D;20180309;000000;67.97;68.3;67.81;68.1;1780580;121133985.7
RTKM;D;20180312;000000;68.1;68.72;68.09;68.6;3688470;252707240.5
RTKM;D;20180313;000000;68.7;69.16;68.5;68.72;4246630;292615421.2
RTKM;D;20180314;000000;68.93;68.97;68.25;68.93;4170470;286078539.1
RTKM;D;20180315;000000;68.65;69.55;68.52;68.94;4199140;289293924.6
RTKM;D;20180316;000000;68.99;69.08;68.3;68.32;6259930;428825135.7
RTKM;D;20180319;000000;68.69;68.69;68.09;68.45;2349160;160520503.3
RTKM;D;20180320;000000;68.41;68.57;67.8;68.22;2422810;165194866
RTKM;D;20180321;000000;68.2;68.8;68.02;68.38;3329880;227881914.1
RTKM;D;20180322;000000;68.57;68.7;67.34;67.54;5373260;364988309.4
RTKM;D;20180323;000000;67.27;67.58;66.8;67.4;3108950;208851285.4
RTKM;D;20180326;000000;67.37;67.4;66.13;66.6;4949170;329856181
RTKM;D;20180327;000000;66.66;66.68;66.13;66.6;3574170;237325555.1
RTKM;D;20180328;000000;66.01;66.79;66.01;66.59;4403550;292750546.8
RTKM;D;20180329;000000;66.4;67.47;66.4;67.47;1409390;94548281.2
RTKM;D;20180330;000000;67.4;68;67.2;67.75;2599310;175714822.2
RTKM;D;20180402;000000;67.99;68.04;67.14;67.5;1032140;69840058.1
RTKM;D;20180403;000000;67.47;67.85;67.18;67.62;1542070;104349399.4
RTKM;D;20180404;000000;67.6;67.9;67.23;67.57;1526390;103101364.9
RTKM;D;20180405;000000;67.65;67.89;67.47;67.52;1965960;133030376.4
RTKM;D;20180406;000000;67.3;67.59;67.3;67.45;1334120;90006106.4
RTKM;D;20180409;000000;67.31;67.5;61.7;64.61;13236020;846778989.4
RTKM;D;20180410;000000;64.29;66.2;63.42;65.66;6529260;421686352.7
RTKM;D;20180411;000000;65.4;65.4;63.71;64.46;5617050;362355579.9
RTKM;D;20180412;000000;64.95;65.31;64.03;65.12;2959600;191261631.7
RTKM;D;20180413;000000;65.12;65.12;63.5;63.6;3727410;238820808.2
RTKM;D;20180416;000000;63.13;64.2;63;63.6;2932990;186417863.8
RTKM;D;20180417;000000;64.05;64.5;63.77;64.5;2341890;150379723.7
RTKM;D;20180418;000000;64.55;65.49;64.41;65.49;2324020;151236285.3
RTKM;D;20180419;000000;65.51;65.96;64.62;65;2235680;146054717.3
RTKM;D;20180420;000000;64.64;65.3;64.57;64.88;1204680;78117951.2
RTKM;D;20180423;000000;64.57;65.43;64.57;64.78;2340800;152178215.3
RTKM;D;20180424;000000;65.18;65.29;64.71;65.15;1408580;91514258.3
RTKM;D;20180425;000000;64.99;65.19;64.53;65.19;1200590;77819379.1
RTKM;D;20180426;000000;65.2;65.23;64.56;64.75;1905220;123542425.6
RTKM;D;20180427;000000;64.92;64.99;64.63;64.99;1198720;77675666.6
RTKM;D;20180428;000000;64.83;65.24;64.7;65.07;377740;24532152.8
RTKM;D;20180430;000000;64.92;65.68;64.75;65.68;929300;60577590.2
RTKM;D;20180502;000000;65.31;65.34;65;65.2;1214730;79147564.7
RTKM;D;20180503;000000;65.12;65.6;64.9;65.6;1902690;124202385.3
RTKM;D;20180504;000000;65.6;65.85;65.39;65.7;1627800;106823078.3
RTKM;D;20180507;000000;65.73;66.1;65.71;65.9;763530;50319822.5
RTKM;D;20180508;000000;65.89;65.89;65.02;65.02;2462810;160943516.2
RTKM;D;20180510;000000;65.25;65.41;64.69;65.22;2521570;163779950.9
RTKM;D;20180511;000000;65.26;65.44;64.95;65;2876230;187464450
RTKM;D;20180514;000000;65;65.25;64.61;64.84;2515300;163154729.6
RTKM;D;20180515;000000;64.76;66.43;64.7;65.59;4678070;306375264.2
RTKM;D;20180516;000000;65.55;65.98;65.21;65.66;2292680;150233666.3
RTKM;D;20180517;000000;65.93;66;65.09;65.36;2236860;146605174.2
RTKM;D;20180518;000000;65.3;65.5;65.06;65.2;1674770;109299377.6
RTKM;D;20180521;000000;65.32;65.5;65.15;65.19;1681400;109866313.8
RTKM;D;20180522;000000;65.17;65.4;64.87;65.06;1942480;126471476.6
RTKM;D;20180523;000000;65.1;65.25;64.82;65.24;1933760;125637901.8
RTKM;D;20180524;000000;65.07;65.45;64.64;65.4;5253110;341668895.8
RTKM;D;20180525;000000;65.44;66.37;65.29;66.03;9016740;594938000
RTKM;D;20180528;000000;65.79;66.15;65.6;65.85;1621980;106749910.5
RTKM;D;20180529;000000;65.85;65.85;65.05;65.08;3465130;226292978.1
RTKM;D;20180530;000000;65.02;65.7;64.72;65.67;5353300;349859741.2
RTKM;D;20180531;000000;65.92;66.02;65.3;65.99;6940300;456114052.9
RTKM;D;20180601;000000;66.01;66.17;65.73;66.08;2040440;134473909.3
RTKM;D;20180604;000000;65.98;69;65.98;69;9137950;619162088.9
RTKM;D;20180605;000000;68.78;69.95;68.78;69.61;8431550;587462028.3
RTKM;D;20180606;000000;70;70.36;68.25;68.33;5403780;374303609.9
RTKM;D;20180607;000000;68.51;71;68.33;71;6259060;437899067.3
RTKM;D;20180608;000000;70.53;70.99;66.33;69.86;6810560;474765091.8
RTKM;D;20180609;000000;69.79;70.13;69.55;69.7;146880;10263039.7
RTKM;D;20180611;000000;69.71;71.5;69.51;71.42;2436590;172816110.9
RTKM;D;20180613;000000;71.35;71.4;70.11;70.5;3020280;212832596.7
RTKM;D;20180614;000000;70.44;71.78;70.15;71.29;5191880;368871399.3
RTKM;D;20180615;000000;71.3;71.44;68.56;68.56;7061220;494830607.4
RTKM;D;20180618;000000;69.33;70.08;69.3;69.7;4503790;313925245.9
RTKM;D;20180619;000000;69.1;70.04;68.92;70.04;2819810;195819512.8
RTKM;D;20180620;000000;69.51;70.91;69.51;70.91;8779740;617120108.5
RTKM;D;20180621;000000;70.96;71;69.75;70.3;2570650;180365377.7
RTKM;D;20180622;000000;70.12;70.89;69.76;70.28;5105160;358345055.1
RTKM;D;20180625;000000;70.26;74.3;70.25;73.95;16227120;1186813841.3
RTKM;D;20180626;000000;73.81;74.3;73.12;73.59;3605940;265537126.5
RTKM;D;20180627;000000;73.4;73.78;72.5;72.69;3579840;261489445.9
RTKM;D;20180628;000000;72.69;73.47;72.12;72.65;2096770;152155588.9
RTKM;D;20180629;000000;72.65;73.69;72.65;73.22;3302450;242039939.2
RTKM;D;20180702;000000;73.01;74.55;72.95;74.55;9859780;728672849.3
RTKM;D;20180703;000000;74.4;74.47;73.7;74.05;2437660;180417011.9
RTKM;D;20180704;000000;74;74.9;73.7;74.9;8727280;649354522.2
RTKM;D;20180705;000000;70.01;72.7;70.01;72.5;4969290;355791004.4
RTKM;D;20180706;000000;72.33;72.76;71.92;72.2;2797680;202119282.2
RTKM;D;20180709;000000;72;73;72;72.77;2836050;206124326.2
RTKM;D;20180710;000000;73;73;72.22;72.5;2748950;199202210
RTKM;D;20180711;000000;72.17;72.37;71.54;72.1;2154930;154933739
RTKM;D;20180712;000000;71.72;72.3;70.81;72.3;4619470;330070933.7
RTKM;D;20180713;000000;72.09;72.31;71.5;71.92;1427170;102416855.3
RTKM;D;20180716;000000;71.82;72;71.53;71.73;1271900;91278900.9
RTKM;D;20180717;000000;71.49;71.65;70.67;71.62;1943210;138599991.3
RTKM;D;20180718;000000;71.7;71.81;69.28;69.97;4887240;344398628.3
RTKM;D;20180719;000000;69.71;69.71;68.28;68.6;8407470;578520888.7
RTKM;D;20180720;000000;68.48;68.59;67.51;67.77;4815150;327054273.8
RTKM;D;20180723;000000;67.64;68.22;67.52;67.87;948960;64363062.6
RTKM;D;20180724;000000;67.76;68.4;67.63;68.35;1021020;69489388.4
RTKM;D;20180725;000000;67.9;68.2;67.71;68.2;645380;43840108.5
RTKM;D;20180726;000000;68.15;69.24;67.75;68.9;2223890;152843898.7
RTKM;D;20180727;000000;68.9;69.15;68.67;69.07;2624590;180868005
RTKM;D;20180730;000000;68.87;69.65;68.42;69.09;5580430;386752142.7
RTKM;D;20180731;000000;68.99;70.68;68.82;70.3;9280560;647478971.2
RTKM;D;20180801;000000;70.05;72.4;70.05;71.55;9089610;647816070.5
RTKM;D;20180802;000000;71.55;72.77;71.23;71.6;13765970;994306359
RTKM;D;20180803;000000;71.71;72.5;71.7;72;11143670;804915533.8
RTKM;D;20180806;000000;72.21;72.21;71.3;71.7;2286820;163805948
RTKM;D;20180807;000000;71.51;72.18;71.45;71.9;5276340;378926835
RTKM;D;20180808;000000;71.5;72;71.16;71.35;10435060;749057229.3
RTKM;D;20180809;000000;71.44;71.5;68.44;71.5;6728590;473928022.9
RTKM;D;20180810;000000;71.5;71.59;70.35;70.87;2915480;206644068.9
RTKM;D;20180813;000000;70.8;70.8;69.37;70.2;2482490;174069653.4
RTKM;D;20180814;000000;69.82;70.29;69.29;69.81;1846660;129156456
RTKM;D;20180815;000000;70;70;69.3;69.98;3611890;251755002.6
RTKM;D;20180816;000000;69.91;69.91;69.57;69.78;1208890;84241989.7
RTKM;D;20180817;000000;69.85;69.85;69.3;69.6;675100;46962710.6
RTKM;D;20180820;000000;69.8;70.1;69.6;69.62;613310;42812100.1
RTKM;D;20180821;000000;69.84;69.85;68.7;69.8;1945000;134654948
RTKM;D;20180822;000000;69.83;69.96;68.91;69.25;934040;64729774.9
RTKM;D;20180823;000000;68.95;69.56;68.8;69.12;2508190;173212569.6
RTKM;D;20180824;000000;69;69.2;68.72;69.2;1330150;91721198.8
RTKM;D;20180827;000000;69.31;69.4;65.55;68.66;1939210;132979846.4
RTKM;D;20180828;000000;68.66;68.85;68.55;68.6;1233650;84743410.4
RTKM;D;20180829;000000;68.61;68.74;68.36;68.64;1654480;113414507.2
RTKM;D;20180830;000000;68.64;68.79;67.74;67.9;1710480;116545423.5
RTKM;D;20180831;000000;67.9;68.09;67.5;67.6;1346730;91177839.4
RTKM;D;20180903;000000;67.67;67.89;67.42;67.53;846470;57185094.8
RTKM;D;20180904;000000;67.64;67.75;67.3;67.5;1166230;78658142.1
RTKM;D;20180905;000000;67.3;67.5;67.2;67.3;1047400;70474381.5
RTKM;D;20180906;000000;67.36;67.46;66.75;66.75;1481230;99484408
RTKM;D;20180907;000000;66.75;67.15;66.02;66.58;1642710;109574476.1
RTKM;D;20180910;000000;66.6;66.93;58.81;66.19;1961490;129122632.1
RTKM;D;20180911;000000;66.15;67;65.42;66.9;3807810;252317604.1
RTKM;D;20180912;000000;66.91;67.67;66.53;67;3202320;215128903.8
RTKM;D;20180913;000000;67;68.6;66.65;68.5;2087580;141419649.7
RTKM;D;20180914;000000;68.22;68.6;67.99;68.56;820770;56107140.5
RTKM;D;20180917;000000;68.21;69.24;68.2;69.19;3274270;224979076.8
RTKM;D;20180918;000000;69.1;69.59;68.67;69.2;1828710;126633362.9
RTKM;D;20180919;000000;69.3;69.5;68.82;69.39;2315010;159915017.6
RTKM;D;20180920;000000;69.2;72.26;69.2;70.24;8285030;583917866.6
RTKM;D;20180921;000000;70.25;71.6;70.12;71.6;6047750;428905582.5
RTKM;D;20180924;000000;71.48;71.49;70.62;70.9;643990;45765454.7
RTKM;D;20180925;000000;70.9;71.21;69.55;70.9;5630680;398435240.6
RTKM;D;20180926;000000;70.55;70.9;70.2;70.5;1483040;104623048.5
RTKM;D;20180927;000000;70.2;70.65;69.95;70.6;3462980;243669064.3
RTKM;D;20180928;000000;70.11;70.32;69;69.95;5419060;376513336
RTKM;D;20181001;000000;69.79;70;67.7;69.72;1482510;103253297.9
RTKM;D;20181002;000000;69.75;70.24;68.5;70.05;3503290;245153160.1
RTKM;D;20181003;000000;69.86;70.25;69.8;70;1778730;124550558.6
RTKM;D;20181004;000000;69.95;70.13;69.36;70;3731930;260619251.3
RTKM;D;20181005;000000;69.99;70.4;69.51;69.9;2569830;179811643
RTKM;D;20181008;000000;69.91;70.37;69.61;70.24;1183750;82963987.8
RTKM;D;20181009;000000;70.16;70.74;69.65;70.28;1792100;125527252
RTKM;D;20181010;000000;70.12;70.34;69.82;69.95;8940030;625681187.6
RTKM;D;20181011;000000;69.71;70.7;69.05;70.12;5005190;351040464.6
RTKM;D;20181012;000000;70.08;70.68;69.91;70.5;1968740;138863039.9
RTKM;D;20181015;000000;70.65;70.98;69.1;70.2;1139270;80104946.4
RTKM;D;20181016;000000;70.23;71.35;70.1;70.56;2214070;156879273.8
RTKM;D;20181017;000000;70.63;71;70.45;70.99;773420;54694553.2
RTKM;D;20181018;000000;70.78;71.58;70.59;71.32;1483050;105829293.5
RTKM;D;20181019;000000;71.32;71.68;70.7;71.5;2190280;156222916.9
RTKM;D;20181022;000000;71.5;71.5;69.4;70;1972420;138275970.3
RTKM;D;20181023;000000;69.75;69.96;69.03;69.79;1725290;119838296.4
RTKM;D;20181024;000000;70.01;70.45;69.5;70;4191780;293261148.9
RTKM;D;20181025;000000;70.18;70.19;69.66;70;3162830;221361020.7
RTKM;D;20181026;000000;69.88;70.23;69.59;69.77;5177530;362233976.8
RTKM;D;20181029;000000;69.96;70.11;68.83;69.2;4022430;278866093.7
RTKM;D;20181030;000000;69.12;69.95;68.45;69.7;6524520;453243296.2
RTKM;D;20181031;000000;69.99;70.24;69.52;70;1771350;123795813.8
RTKM;D;20181101;000000;70;71.55;69.65;70.3;5500810;386792352
RTKM;D;20181102;000000;70.31;70.9;70.2;70.9;3240140;229128068.9
RTKM;D;20181106;000000;70.9;71.43;70.47;70.62;1273520;90041165.8
RTKM;D;20181107;000000;70.52;70.6;70.22;70.6;1695290;119552002.7
RTKM;D;20181108;000000;70.61;70.79;69.8;70.36;1327140;93347960.8
RTKM;D;20181109;000000;70.13;70.58;69.91;70.3;2517870;176985422.4
RTKM;D;20181112;000000;70.38;70.72;70.24;70.72;1824490;128817611
RTKM;D;20181113;000000;70.15;71.05;70.15;71;4945290;350290160.6
RTKM;D;20181114;000000;71;71.05;70.65;71;2509940;177991266.5
RTKM;D;20181115;000000;70.56;72;70.56;71.55;1302060;93159979.3
RTKM;D;20181116;000000;71.63;71.63;70.72;71.32;540550;38493253.4
RTKM;D;20181119;000000;71.3;71.93;70.59;71.01;879850;62551035.8
RTKM;D;20181120;000000;71.07;71.31;70.6;71.15;3873650;274992675.9
RTKM;D;20181121;000000;70.84;71.5;70.81;71.35;1683250;119870854.8
RTKM;D;20181122;000000;71.37;71.65;71.1;71.65;308780;22067097.3
RTKM;D;20181123;000000;71.5;71.65;70.87;71.5;702030;50008958
RTKM;D;20181126;000000;70.91;72;70.42;71.14;1432640;101956176.6
RTKM;D;20181127;000000;71.01;71.6;70.93;71.5;490640;35044225.5
RTKM;D;20181128;000000;71.6;72.2;71.39;71.5;1505860;108102661.2
RTKM;D;20181129;000000;70.6;71.88;70.6;71.49;1763030;125578735.2
RTKM;D;20181130;000000;71.62;71.96;70.95;71.27;825850;58829048.8
RTKM;D;20181203;000000;71.5;72.11;71.2;71.4;1360090;97245876
RTKM;D;20181204;000000;71.55;71.65;70.6;70.65;1448250;103071399.4
RTKM;D;20181205;000000;70.6;71.18;70.6;70.96;1654210;117397440.3
RTKM;D;20181206;000000;71;71.25;70.69;71.25;2536120;180098164.8
RTKM;D;20181207;000000;71.4;71.54;71.02;71.3;1006840;71808414.2
RTKM;D;20181210;000000;70.81;71.32;70.8;71.05;1152530;81891834.8
RTKM;D;20181211;000000;71.33;71.42;70.76;70.9;810630;57624170.9
RTKM;D;20181212;000000;71.1;71.4;70.53;70.82;1992470;141466973.7
RTKM;D;20181213;000000;70.7;71.8;70.7;71.8;2094500;149420576.6
RTKM;D;20181214;000000;71.5;71.68;70.89;71.41;1550020;110457165.9
RTKM;D;20181217;000000;71.2;71.7;71.12;71.3;992290;70848752.9
RTKM;D;20181218;000000;71.15;71.38;71.02;71.23;2745070;195281276.4
RTKM;D;20181219;000000;71.25;71.45;71.03;71.1;2879710;205006342.9
RTKM;D;20181220;000000;70.93;71.25;69.7;71.15;4922270;350014214.1
RTKM;D;20181221;000000;71.02;71.54;70.93;71.54;1147570;81829097.7
RTKM;D;20181224;000000;71.44;71.55;71.07;71.48;954610;67995584.8
RTKM;D;20181225;000000;71.25;71.25;70.75;71.1;2807750;199466415.2
RTKM;D;20181226;000000;71.18;71.45;71.07;71.44;403060;28748110.2
RTKM;D;20181227;000000;71.95;72.3;71.41;71.6;4107330;294481825.2
RTKM;D;20181228;000000;71.6;72.71;71.59;72.33;1285300;92837433.2
RTKM;D;20181229;000000;72.55;73.48;72.3;73.07;362680;26463179.7
RTKM;D;20190103;000000;73;73.12;72.5;72.96;551390;40121518.6
RTKM;D;20190104;000000;73;73.46;72.67;73.15;660320;48223883.6
RTKM;D;20190108;000000;73.51;73.7;72.75;73.5;1026480;75116998.1
RTKM;D;20190109;000000;73.64;74.13;72.82;73.76;5025410;370538281.8
RTKM;D;20190110;000000;70.5;72.46;70.5;71.38;3653700;261295947.5
RTKM;D;20190111;000000;71.8;72.74;71.55;72.59;1215550;87881766.5
RTKM;D;20190114;000000;72.4;72.4;71.31;71.65;1055870;75633671
RTKM;D;20190115;000000;71.56;72.45;71.5;72;1381760;99397865
RTKM;D;20190116;000000;72.4;72.45;71.75;72.25;941760;67952856.3
RTKM;D;20190117;000000;72.57;73.03;72.31;73.03;3013740;219031589.4
RTKM;D;20190118;000000;73.09;73.29;72.53;73.05;1314540;95905078.5
RTKM;D;20190121;000000;73.05;73.67;72.82;73.5;744170;54483084.3
RTKM;D;20190122;000000;73.9;73.9;71.8;72.13;1473040;106893793.8
RTKM;D;20190123;000000;72.07;72.99;72.07;72.97;805690;58591237.3
RTKM;D;20190124;000000;73.39;74.68;72.51;73.48;2315470;170648101.9
RTKM;D;20190125;000000;73.98;74.35;73.2;74.35;1331450;98330102.9
RTKM;D;20190128;000000;73.99;74.62;73.06;73.29;816210;60138489.8
RTKM;D;20190129;000000;73.4;73.65;72.13;73.45;891250;65054287
RTKM;D;20190130;000000;73.25;73.42;72.5;72.84;555060;40398344.7
RTKM;D;20190131;000000;73.16;73.23;72.01;72.25;3522970;254890363.4
RTKM;D;20190201;000000;72.82;72.82;72.29;72.35;558410;40437175.3
RTKM;D;20190204;000000;72.79;72.94;72.13;72.23;1045000;75586411
RTKM;D;20190205;000000;72.3;72.7;72.21;72.58;769570;55746670.3
RTKM;D;20190206;000000;72.53;72.6;72.35;72.56;779510;56448131.1
RTKM;D;20190207;000000;72.4;72.59;71.92;72.23;731350;52912951.6
RTKM;D;20190208;000000;72.03;72.65;71.99;72.38;669420;48443324.5
RTKM;D;20190211;000000;72.24;73.41;72.2;73.02;1602570;116446370.6
RTKM;D;20190212;000000;73;73.4;72.52;73.4;749330;54761015.9
RTKM;D;20190213;000000;73.4;73.62;72.22;72.68;1303930;94743528.9
RTKM;D;20190214;000000;72.11;72.55;71.5;72;1647000;118749055.7
RTKM;D;20190215;000000;72.01;72.98;72;72.57;816280;59083765.7
RTKM;D;20190218;000000;72.62;72.85;72.06;72.5;627490;45387258.3
RTKM;D;20190219;000000;72.66;72.66;72.3;72.5;1147550;83157749
RTKM;D;20190220;000000;72.72;72.8;72.3;72.5;1627560;117994011.2
RTKM;D;20190221;000000;72.68;72.71;72.3;72.7;3457700;250685865.2
RTKM;D;20190222;000000;72.68;73;72.37;73;2440660;177752349.2
RTKM;D;20190225;000000;73.33;73.33;72.7;72.9;1039940;75724041.1
RTKM;D;20190226;000000;72.79;73.12;72.58;73;306200;22322233.8
RTKM;D;20190227;000000;73.2;73.22;72.8;73.1;439680;32100885.8
RTKM;D;20190228;000000;72.84;72.91;72.35;72.9;747380;54404186.4
RTKM;D;20190301;000000;72.71;72.96;72.22;72.9;1335700;97143507.7
RTKM;D;20190304;000000;72.81;73.16;72.5;72.58;536920;39002327
RTKM;D;20190305;000000;72.51;72.84;72.5;72.8;471510;34245247.7
RTKM;D;20190306;000000;72.73;73.07;72.26;72.8;585410;42645299.5
RTKM;D;20190307;000000;72.8;72.9;72.48;72.84;755770;54970151.4
RTKM;D;20190311;000000;72.79;72.89;72.45;72.84;680830;49430206.2
RTKM;D;20190312;000000;72.76;72.8;72.06;72.48;2329070;168676490.5
RTKM;D;20190313;000000;72.75;72.9;71.53;72.9;2818090;204384339.4
RTKM;D;20190314;000000;72.8;72.87;72.5;72.68;620910;45092482.6
RTKM;D;20190315;000000;72.72;73.1;72.6;72.6;9983130;724818511.1
RTKM;D;20190318;000000;72.6;73.86;72.44;73.7;1756940;128867386.6
RTKM;D;20190319;000000;74.3;74.3;73.52;73.55;887150;65488426.8
RTKM;D;20190320;000000;73.4;73.64;72.63;72.83;944620;69035457.4
RTKM;D;20190321;000000;73.23;74;72.73;72.86;1936470;142404571
RTKM;D;20190322;000000;72.99;73.25;72.59;72.93;1398510;101737106.3
RTKM;D;20190325;000000;72.76;72.95;72.36;72.78;1318870;95863755
RTKM;D;20190326;000000;72.77;72.96;72.5;72.77;696400;50644841.6
RTKM;D;20190327;000000;72.73;73.27;72.39;72.84;1396590;101378566.2
RTKM;D;20190328;000000;72.95;72.98;72.5;72.98;678100;49323990.9
RTKM;D;20190329;000000;72.97;73.1;72.51;72.51;1411560;102472855.5
RTKM;D;20190401;000000;72.41;72.86;72.22;72.86;751410;54487351.7
RTKM;D;20190402;000000;73;73.01;72.4;72.5;959460;69533956
RTKM;D;20190403;000000;72.7;72.78;72.46;72.74;407840;29638635.1
RTKM;D;20190404;000000;72.76;73;72.4;72.98;439710;31968214
RTKM;D;20190405;000000;73;73.4;72.82;73.24;2432610;178057675.6
RTKM;D;20190408;000000;73.13;73.83;73.13;73.5;586090;43095159.9
RTKM;D;20190409;000000;73.87;74.1;73.58;74;878060;64844272.2
RTKM;D;20190410;000000;74.1;74.34;73.68;74.34;3449880;256248752.6
RTKM;D;20190411;000000;74.21;74.33;73.8;73.8;836210;61810055.5
RTKM;D;20190412;000000;73.93;74.17;73.4;73.78;628710;46361617.6
RTKM;D;20190415;000000;73.61;73.71;73.25;73.25;388200;28484160
RTKM;D;20190416;000000;73.41;73.68;73.25;73.59;987880;72558303.3
RTKM;D;20190417;000000;73.79;74;73.31;73.7;841770;61931870.7
RTKM;D;20190418;000000;73.89;73.9;73.3;73.9;651430;47825993.3
RTKM;D;20190419;000000;73.97;74;73.63;73.94;153500;11337257
RTKM;D;20190422;000000;74.02;74.28;73.52;73.56;157900;11657689.4
RTKM;D;20190423;000000;73.64;74.02;71.55;74.02;982650;72239062.4
RTKM;D;20190424;000000;74;74;73.65;73.97;661950;48898672.4
RTKM;D;20190425;000000;74.03;74.03;73.43;73.9;700010;51698572.7
RTKM;D;20190426;000000;73.81;74.19;73.7;74.02;1298400;96104715.4
RTKM;D;20190429;000000;74.19;74.94;74;74.36;1397650;103807288
RTKM;D;20190430;000000;74.37;74.55;73.65;74;1584270;117289153.6
RTKM;D;20190502;000000;73.91;74.58;73.65;74.51;317840;23624250.2
RTKM;D;20190503;000000;74.7;77.89;74.4;75.8;3030100;230720725
RTKM;D;20190506;000000;75.66;76.26;74.85;75.75;714450;54063678.4
RTKM;D;20190507;000000;75.69;77.42;75.69;76.65;1112650;85351141
RTKM;D;20190508;000000;76.66;76.66;75.01;75.62;916290;69324625.5
RTKM;D;20190510;000000;75.62;76.9;73.91;74.4;3252360;245942474.9
RTKM;D;20190513;000000;74.84;74.84;73.55;74.73;1991820;147610030.5
RTKM;D;20190514;000000;74;77.77;74;77.73;2570860;197361706.9
RTKM;D;20190515;000000;77.85;78.99;77.38;78.2;2938870;230562334.2
RTKM;D;20190516;000000;78.01;80.84;78.01;80.23;2890000;231046307
RTKM;D;20190517;000000;80;82;78.11;81.99;3265050;261349921.8
RTKM;D;20190520;000000;81.52;82.6;80.81;81.36;1843520;150994090.3
RTKM;D;20190521;000000;81.48;82.48;79.65;80;2080890;167587389.1
RTKM;D;20190522;000000;80.3;80.96;79.31;80.75;1378990;110578352.2
RTKM;D;20190523;000000;81;81;78.25;78.74;1641460;129883654.7
RTKM;D;20190524;000000;79.2;80;78.5;79.84;2030650;161042954.2
RTKM;D;20190527;000000;79.6;81.5;79.6;81.33;2210240;179378260.5
RTKM;D;20190528;000000;81.33;81.89;77.54;77.54;8935180;699137599.6
RTKM;D;20190529;000000;77.6;77.84;76.87;77.21;3569450;275798157.1
RTKM;D;20190530;000000;77.4;78;77.33;77.48;1133650;88146779.8
RTKM;D;20190531;000000;77.34;77.54;76.2;76.99;1723310;132451572.1
RTKM;D;20190603;000000;76.77;77.73;75.8;76.9;2446700;187040281
RTKM;D;20190604;000000;77.28;77.69;76.25;77.32;1449460;111674264
RTKM;D;20190605;000000;77.7;77.7;76.5;76.86;1642380;126312007.3
RTKM;D;20190606;000000;77.24;78.24;76.9;78.18;1940190;150662371.7
RTKM;D;20190607;000000;78.3;78.53;77.2;78.2;1851480;144645626.7
RTKM;D;20190610;000000;78.36;78.7;77.47;78.05;1644110;128422148.1
RTKM;D;20190611;000000;78.49;79.17;77.77;78.02;1607950;126046775.2
RTKM;D;20190613;000000;78;78.5;77.52;77.78;1216310;94713986.2
RTKM;D;20190614;000000;78.25;78.64;77.62;77.7;1184430;92477354.5
RTKM;D;20190617;000000;77.65;79.18;77.65;78.72;1112650;87251552.5
RTKM;D;20190618;000000;78.93;80.69;78.91;80.37;1829900;146372371.6
RTKM;D;20190619;000000;80.4;81.4;80.4;80.73;1136230;92115273.1
RTKM;D;20190620;000000;80.82;82.88;80.82;82.01;2874550;235860678.4
RTKM;D;20190621;000000;81.91;81.91;80.28;80.28;4621660;373027458.8
RTKM;D;20190624;000000;80.31;80.87;80.04;80.3;854840;68735040.3
RTKM;D;20190625;000000;80.36;80.46;79.76;80.28;851110;68191754.2
RTKM;D;20190626;000000;80.52;80.98;79.88;80.44;1452090;116521529.7
RTKM;D;20190627;000000;81;81.59;80.1;80.29;1019180;82155648.8
RTKM;D;20190628;000000;80.49;81.3;80.1;81.15;1397920;113171250.5
RTKM;D;20190701;000000;81.64;81.64;80;80.25;3625000;292835284
RTKM;D;20190702;000000;80.21;80.81;79.11;80.66;2864520;230182968.2
RTKM;D;20190703;000000;78.5;79.49;78.49;79.19;3368970;266065987.2
RTKM;D;20190704;000000;78.64;79.46;78.64;79.15;709520;56140736.8
RTKM;D;20190705;000000;79.22;80.32;79.07;79.37;2485210;197708195.1
RTKM;D;20190708;000000;79.3;79.8;79;79.7;3350180;266716934.9
RTKM;D;20190709;000000;79.8;79.97;79.4;79.4;1312970;104619417.9
RTKM;D;20190710;000000;79.4;79.75;79.1;79.5;1162890;92477741.6
RTKM;D;20190711;000000;79.63;79.99;79.45;79.99;1541130;122755290.9
RTKM;D;20190712;000000;79.83;79.99;79.6;79.76;633500;50491751
RTKM;D;20190715;000000;79.88;80.94;79.2;80.72;1292770;104062599.9
RTKM;D;20190716;000000;80.41;80.89;79.87;80.19;1881740;151419636.5
RTKM;D;20190717;000000;80.2;80.85;80.19;80.85;1501550;120945626.7
RTKM;D;20190718;000000;80.52;82.75;80.5;82.75;1471500;120294262.1
RTKM;D;20190719;000000;82.55;84.5;82.55;84.11;2044730;171715595.3
RTKM;D;20190722;000000;84.45;84.45;82.25;82.25;1058080;87876824.3
RTKM;D;20190723;000000;82.74;83.32;81.3;83.32;979630;80850558.1
RTKM;D;20190724;000000;83.33;83.61;82.3;82.65;778130;64466065.3
RTKM;D;20190725;000000;82.66;83.8;82.01;83.1;918040;76181514.2
RTKM;D;20190726;000000;83.29;83.3;81.52;81.91;1143220;93876927.6
RTKM;D;20190729;000000;82.33;83.59;81.98;83.4;971340;80576257.7
RTKM;D;20190730;000000;83.5;83.75;82.45;82.89;942640;78406491.2
RTKM;D;20190731;000000;82.67;83.49;81.7;82.46;2062330;169821091.6
RTKM;D;20190801;000000;82.38;82.85;81.35;82.85;1034910;84810165.7
RTKM;D;20190802;000000;82.03;82.79;81.76;82.3;1466980;120474675.6
RTKM;D;20190805;000000;82.48;82.48;80.81;81.91;1231920;100776961.5
RTKM;D;20190806;000000;81.39;82.64;81.38;82.4;1027610;84415667
RTKM;D;20190807;000000;82.4;82.55;81.55;82.06;1127970;92392826.6
RTKM;D;20190808;000000;82;82.59;81.84;81.84;1095030;89988086.3
RTKM;D;20190809;000000;82;82.3;81.01;81.57;568640;46340124.4
RTKM;D;20190812;000000;81.94;81.98;81.15;81.59;581550;47338030.1
RTKM;D;20190813;000000;81.76;81.99;81.24;81.57;1357410;110870173.2
RTKM;D;20190814;000000;82.23;82.23;81.19;81.32;1330870;108676410
RTKM;D;20190815;000000;81.33;81.91;81.01;81.79;769230;62778094.9
RTKM;D;20190816;000000;81.8;82.03;80.41;82;1239150;100828615
RTKM;D;20190819;000000;81.53;81.89;75.1;81.53;1258020;101653952.1
RTKM;D;20190820;000000;81;81.99;80.83;81.99;994650;81126459.4
RTKM;D;20190821;000000;82.01;82.24;80.77;81.19;1299800;105571653.9
RTKM;D;20190822;000000;81;81.62;80.6;81;1681230;136414204.3
RTKM;D;20190823;000000;80.96;81.33;80.81;81;1069720;86675587.7
RTKM;D;20190826;000000;80.7;81.4;80.35;81;416550;33725325.6
RTKM;D;20190827;000000;80.7;81.24;80.7;81.24;1076490;87223288.3
RTKM;D;20190828;000000;81;81.23;80.8;80.99;1306790;105764428.5
RTKM;D;20190829;000000;80.75;81.09;80.75;81;731560;59207060.5
RTKM;D;20190830;000000;81.19;81.19;80.63;81.01;1051210;85060023.1
RTKM;D;20190902;000000;81.01;81.1;80.3;80.8;1193900;96468388.2
RTKM;D;20190903;000000;80.7;80.79;80.5;80.7;1789050;144350463.1
RTKM;D;20190904;000000;81.16;81.77;80.5;80.6;1018330;82378415.2
RTKM;D;20190905;000000;81.36;82.54;71.11;80.3;3357900;269580580.7
RTKM;D;20190906;000000;80.31;80.83;79.84;80.44;847580;68079498.3
RTKM;D;20190909;000000;80.37;80.9;79.92;80.3;1519730;122182144.1
RTKM;D;20190910;000000;79.96;80.28;78.73;79.36;1214770;96290772.4
RTKM;D;20190911;000000;79.2;79.86;78.51;78.51;1422690;112545156.9
RTKM;D;20190912;000000;78.61;78.81;77.29;78;4318320;336573068.3
RTKM;D;20190913;000000;78;79.89;77.64;79.8;1542410;121375606.9
RTKM;D;20190916;000000;80;80.29;79;79.7;1347730;107319150.5
RTKM;D;20190917;000000;79.5;79.99;78.62;79.3;920040;72918273.2
RTKM;D;20190918;000000;79.3;79.75;78.5;78.5;907930;71764428.7
RTKM;D;20190919;000000;78.84;79.42;78.53;78.6;1787750;141095957
RTKM;D;20190920;000000;78.4;79.18;78.4;79.18;1863740;147042903.9
RTKM;D;20190923;000000;79.2;79.79;78.51;79.31;828390;65507515.7
RTKM;D;20190924;000000;79.72;79.97;78.3;78.3;1232580;97846096.5
RTKM;D;20190925;000000;78.4;79.08;78.1;78.81;574480;45246338.8
RTKM;D;20190926;000000;79.03;79.26;78.55;78.98;655560;51697700.5
RTKM;D;20190927;000000;78.98;79.36;78.2;78.2;788500;61990704.2
RTKM;D;20190930;000000;78.38;79.03;78.31;78.5;1191700;93642932.2
RTKM;D;20191001;000000;78.69;79.5;78.5;78.54;440550;34734638.7
RTKM;D;20191002;000000;78.8;78.89;78.32;78.6;478790;37621312.5
RTKM;D;20191003;000000;78.73;79.43;78.31;79.09;680900;53687957.3
RTKM;D;20191004;000000;79.1;79.33;78.5;78.76;1023960;80484592.3
RTKM;D;20191007;000000;79.15;79.2;78.5;78.62;793260;62400157.4
RTKM;D;20191008;000000;78.52;78.83;78.45;78.7;1093890;85994937.3
RTKM;D;20191009;000000;78.51;79.58;78.51;79.58;930000;73475376.9
RTKM;D;20191010;000000;79.41;79.97;78.63;78.94;2057660;162929370.7
RTKM;D;20191011;000000;79.39;79.39;78.62;79.12;1240780;97925960.6
RTKM;D;20191014;000000;79.25;79.41;78.62;79;549650;43383333.9
RTKM;D;20191015;000000;79.28;79.28;78.26;79;2103910;165416287.9
RTKM;D;20191016;000000;79.04;79.17;78.73;78.78;701340;55358767
RTKM;D;20191017;000000;78.75;80.94;78.56;80;2618570;208977856.4
RTKM;D;20191018;000000;80.02;80.29;78.65;78.94;1423110;112906963.8
RTKM;D;20191021;000000;78.88;79.84;78.5;79.63;729760;57730914.7
RTKM;D;20191022;000000;79.63;79.95;79.12;79.5;581510;46301532
RTKM;D;20191023;000000;79.5;79.7;78.8;79.35;1164310;92369052.2
RTKM;D;20191024;000000;79.2;79.57;78.51;78.79;991040;78205698.9
RTKM;D;20191025;000000;79;79;78.38;78.69;833450;65503485.5
RTKM;D;20191028;000000;78.69;79.44;78.69;79.43;1102110;87360562.5
RTKM;D;20191029;000000;79.22;79.45;78.7;79.16;790270;62541595.1
RTKM;D;20191030;000000;78.92;79.13;78.64;79.09;561930;44319234.4
RTKM;D;20191031;000000;79.04;79.13;78.11;78.5;1751040;137574213.6
RTKM;D;20191101;000000;78.78;79;78.17;78.95;1251270;98497466.4
RTKM;D;20191105;000000;79.35;79.49;79.06;79.39;1375870;109097933.5
RTKM;D;20191106;000000;79.35;79.69;78.92;79.02;1250520;99135704.1
RTKM;D;20191107;000000;79.79;79.88;78.94;78.94;2057450;163090818
RTKM;D;20191108;000000;79.18;79.3;78.9;79.19;1987900;157373608.9
RTKM;D;20191111;000000;79.28;79.51;78.71;79.2;2337000;184945785.7
RTKM;D;20191112;000000;79.2;84.5;79.15;84.03;13063450;1081463991.4
RTKM;D;20191113;000000;85.71;87.92;80.7;81.47;16543470;1380325897.8
RTKM;D;20191114;000000;81.13;81.79;79.9;80.3;3541870;286066943.5
RTKM;D;20191115;000000;80.6;81.25;80.3;80.6;1739080;140427586.3
RTKM;D;20191118;000000;80.61;81.15;80.04;80.47;1307730;105029602.8
RTKM;D;20191119;000000;80.24;81.57;80.21;81.09;2058850;166664986.8
RTKM;D;20191120;000000;81.07;81.07;80.05;80.05;765340;61548664.3
RTKM;D;20191121;000000;80.01;80.57;79.59;80.5;1288100;103120493
RTKM;D;20191122;000000;80.26;80.59;79.9;79.92;1268770;101603368.2
RTKM;D;20191125;000000;80.14;80.46;79.75;80.46;1036110;82967270.2
RTKM;D;20191126;000000;80.55;81.4;80.11;81.4;3349360;271819064.8
RTKM;D;20191127;000000;81.07;81.5;80.32;80.85;1543590;125018269.1
RTKM;D;20191128;000000;81.46;81.47;80.3;80.5;645060;51982254.8
RTKM;D;20191129;000000;80.46;80.79;79.85;80.5;671530;53853512.3
RTKM;D;20191202;000000;80.52;80.74;80;80.05;652120;52334687.1
RTKM;D;20191203;000000;80.1;80.25;78.87;79.54;933470;74273957
RTKM;D;20191204;000000;79.54;80.7;79.15;80.7;897460;71841179.3
RTKM;D;20191205;000000;80.7;80.84;80;80.49;704040;56641889.5
RTKM;D;20191206;000000;80.7;80.75;80.2;80.74;736590;59274860.7
RTKM;D;20191209;000000;80.33;80.9;80.04;80.47;712910;57316317.1
RTKM;D;20191210;000000;80.22;80.56;79.88;80.4;1399030;112079227.1
RTKM;D;20191211;000000;80.6;80.75;79.96;80;1816020;145548482.6
RTKM;D;20191212;000000;80.35;80.56;79.89;80;1044340;83631253.5
RTKM;D;20191213;000000;80.2;80.24;79.74;80.01;686330;54889655.9
RTKM;D;20191216;000000;80.15;80.3;79.5;79.6;1301970;103692116.9
RTKM;D;20191217;000000;79.79;80.2;79.32;80.2;1499690;119678316.9
RTKM;D;20191218;000000;80.18;80.46;79.7;79.9;2116360;169486224.6
RTKM;D;20191219;000000;79.9;80.06;79.37;79.96;2476730;197609328.9
RTKM;D;20191220;000000;79.91;80.15;79.11;79.11;2295260;182186668.7
RTKM;D;20191223;000000;79.4;79.75;78.64;78.79;1591000;125730442.3
RTKM;D;20191224;000000;79.1;79.12;78.64;78.8;598330;47198516.1
RTKM;D;20191225;000000;78.82;79.14;78.58;79.07;874860;68914072.5
RTKM;D;20191226;000000;79.25;79.42;78.65;78.98;574730;45392404.4
RTKM;D;20191227;000000;79;79.28;78.6;78.99;813280;64104446.3
RTKM;D;20191230;000000;79.12;79.12;78.36;78.36;911190;71635826.9
RTKM;D;20200103;000000;78.76;79.52;78.36;78.85;1109890;87406641.1
RTKM;D;20200106;000000;79.22;79.22;78.44;78.55;744980;58591589.5
RTKM;D;20200108;000000;79;79.34;78.55;79;1426700;112584202.1
RTKM;D;20200109;000000;79.2;84;79.03;83.96;11123380;917137762.9
RTKM;D;20200110;000000;84.18;84.25;81.42;83.5;5281600;438615510.2
RTKM;D;20200113;000000;83.45;83.5;82.2;82.2;2086610;172402706.9
RTKM;D;20200114;000000;82.6;83.58;81.5;82.99;2563390;212049090.1
RTKM;D;20200115;000000;83.1;86.44;82.44;86;10627180;906480445.7
RTKM;D;20200116;000000;86;86.59;84.5;85.89;6812140;580696973
RTKM;D;20200117;000000;85.95;86.9;85.02;86.9;3438380;296088185
RTKM;D;20200120;000000;86.99;87.85;86.43;87.3;2410830;210356364.8
RTKM;D;20200121;000000;86.76;87.1;85.7;87.1;2165120;187402785.4
RTKM;D;20200122;000000;87.17;87.76;86.5;86.5;2146630;186964316.7
RTKM;D;20200123;000000;86.2;87.46;85.04;86.4;1548510;133983088.9
RTKM;D;20200124;000000;86.82;87.1;86;86.2;1321010;114095816
RTKM;D;20200127;000000;85.74;86.18;84.74;85.8;2410420;205801754.1
RTKM;D;20200128;000000;85.92;86.17;85.02;85.3;1385380;118475104.8
RTKM;D;20200129;000000;85.79;87.5;85.65;87.2;1849870;160120562.8
RTKM;D;20200130;000000;87.2;89.91;86.54;88.4;4011480;355161559.5
RTKM;D;20200131;000000;88.94;89.33;88;88;2561040;226164361.5
RTKM;D;20200203;000000;87.29;88.87;87.03;87.7;1746430;153824980.9
RTKM;D;20200204;000000;88.24;89.62;87.88;89.32;2335470;208016337.9
RTKM;D;20200205;000000;89.5;91.3;88.53;90.5;3880800;351139276.1
RTKM;D;20200206;000000;91.28;91.37;88.9;88.91;2175350;195181860.2
RTKM;D;20200207;000000;89.05;89.9;87.84;88.2;2171590;192601802.2
RTKM;D;20200210;000000;88.86;90.8;88.02;90.69;3175090;285050357.9
RTKM;D;20200211;000000;90.99;91.95;88.69;91.95;3617490;328500336.9
RTKM;D;20200212;000000;92;92.02;90.1;91;2353510;214127561.9
RTKM;D;20200213;000000;90.97;91.32;89.56;90.07;2084220;187982406.9
RTKM;D;20200214;000000;90.24;91.28;89.8;90.25;1732560;157128201.4
RTKM;D;20200217;000000;90.98;91.2;90.01;90.22;747510;67660391.9
RTKM;D;20200218;000000;90.22;90.39;88.01;89.02;2405480;213650189.9
RTKM;D;20200219;000000;89.5;90.16;88.13;89.77;2205130;196490228
RTKM;D;20200220;000000;89.11;90.24;89.11;89.29;1202690;107950627.6
RTKM;D;20200221;000000;89.28;89.47;88.1;89.24;1014140;90005667.2
RTKM;D;20200225;000000;88.2;90.27;87.6;89.2;1722220;153707805.8
RTKM;D;20200226;000000;88.11;89.4;85.97;88.2;2656610;232891071.3
RTKM;D;20200227;000000;87.94;88.42;86;86.5;4961300;432837728.2
RTKM;D;20200228;000000;85.54;86.86;79.89;86.68;7305000;610719914.8
RTKM;D;20200302;000000;86.86;88.55;82.2;86.92;4538770;389330719.8
RTKM;D;20200303;000000;87.67;87.81;84.35;86.36;5241350;452501088.6
RTKM;D;20200304;000000;85.38;85.38;82.25;83.93;3714930;311784906.7
RTKM;D;20200305;000000;84.03;84.6;80.68;82.27;4187340;343420866.6
RTKM;D;20200306;000000;81.5;81.79;78;80.17;6291610;498881813.9
RTKM;D;20200310;000000;75;80.76;72.51;75;8835420;671056976.1
RTKM;D;20200311;000000;76;76;71.56;71.56;5458550;400226338
RTKM;D;20200312;000000;69.89;70.98;63.5;64;11210840;744953629.5
RTKM;D;20200313;000000;64.98;68.6;63.18;64.15;9970030;647204379.2
RTKM;D;20200316;000000;65;67.75;62.16;67.18;7629900;499567308.1
RTKM;D;20200317;000000;67.75;68.27;64.74;68.27;5208340;346328905.2
RTKM;D;20200318;000000;68;68.96;65;68;5037310;337236185.5
RTKM;D;20200319;000000;67.46;70.1;65.26;69.5;6569230;443542634.8
RTKM;D;20200320;000000;70;71.5;66.37;66.37;8849140;610602339.6
RTKM;D;20200323;000000;64.89;66;63.27;65.4;6297030;407501113
RTKM;D;20200324;000000;66;67.76;65.91;67.1;6288900;420539059.3
RTKM;D;20200325;000000;67.99;71.9;66.01;68.07;7403330;511896080.8
RTKM;D;20200326;000000;68.93;72.5;66.6;69.88;5226560;365879340.8
RTKM;D;20200327;000000;70.81;71.86;67.05;67.19;3377630;232050249.6
RTKM;D;20200330;000000;67;71.05;66.92;70.72;3948630;274667249.9
RTKM;D;20200331;000000;72;74;65.71;74;6360560;462584400.1
RTKM;D;20200401;000000;74;74;71.18;72;4102430;297961006.6
RTKM;D;20200402;000000;73.7;73.88;71.56;72;5060860;367098256.2
RTKM;D;20200403;000000;72;75.96;71.74;73.59;5122030;375140585.1
RTKM;D;20200406;000000;74.5;78.2;74.04;76.53;5224660;395160316.3
RTKM;D;20200407;000000;78.06;79.5;77.59;78.67;6171580;485294695.2
RTKM;D;20200408;000000;78.7;79;76.3;79;3631170;282018556.8
RTKM;D;20200409;000000;79.88;80;77.9;78.45;3892650;307503563.3
RTKM;D;20200410;000000;78.89;78.89;77.3;78.17;1706240;132731611.6
RTKM;D;20200413;000000;77.9;77.94;76;77;1793240;137812938.8
RTKM;D;20200414;000000;77.19;79.57;77.19;78.7;2945100;231816136.6
RTKM;D;20200415;000000;78.48;79.93;77.79;77.81;7455280;588646115.8
RTKM;D;20200416;000000;77.87;79.47;73;78.13;5475470;426340956.3
RTKM;D;20200417;000000;79.5;80.94;78;78.26;3162420;250245721.1
RTKM;D;20200420;000000;78.55;79.68;77.81;78.06;3050920;239823651.4
RTKM;D;20200421;000000;77.01;78.52;75;77.08;4945210;379314594.6
RTKM;D;20200422;000000;76.9;79.1;76.53;77.23;3502300;273473872.4
RTKM;D;20200423;000000;78.4;79.05;77.23;78;2546620;199071355.6
RTKM;D;20200424;000000;78.08;79.3;77.28;77.38;3680800;288246890.3
RTKM;D;20200427;000000;77.89;79.19;77.5;79.12;2245610;176472832.9
RTKM;D;20200428;000000;79;82.2;78.71;81.9;5034120;409236816.3
RTKM;D;20200429;000000;82;83.13;81.34;82.7;3856060;318059310.9
RTKM;D;20200430;000000;83.33;83.78;80.4;82.1;4146900;339196488.7
RTKM;D;20200504;000000;81.4;83.3;79.39;82.76;3153170;257149990.2
RTKM;D;20200505;000000;82.69;83.85;81.6;82.42;3076270;254108605.9
RTKM;D;20200506;000000;82.55;82.68;81.34;81.6;2763390;226635646.3
RTKM;D;20200507;000000;81.66;82.85;81.57;81.94;1417930;116583779.3
RTKM;D;20200508;000000;82.5;82.72;81.02;82.55;1295340;106030720.9
RTKM;D;20200512;000000;82.79;82.97;81.7;81.8;1501730;123318466.4
RTKM;D;20200513;000000;81.71;81.73;79.92;80.15;1837920;148505644.6
RTKM;D;20200514;000000;79.75;82;79.73;81.95;2582540;208169515.1
RTKM;D;20200515;000000;82.13;82.9;80.73;80.88;2715140;221163145.3
RTKM;D;20200518;000000;81.1;82.69;81.1;82.38;3228620;265221041
RTKM;D;20200519;000000;82.89;83.9;81.91;82.84;4232350;350987758.9
RTKM;D;20200520;000000;82.92;83.41;82.05;82.2;2655140;219724127.8
RTKM;D;20200521;000000;82.67;82.68;81.26;81.46;2457750;201249056.3
RTKM;D;20200522;000000;81.2;81.75;80.74;81.62;2029070;164668707.5
RTKM;D;20200525;000000;81.7;82.48;81.7;82.03;1288290;105852699.5
RTKM;D;20200526;000000;82.22;82.94;81.13;81.52;2152750;177190504.5
RTKM;D;20200527;000000;81.52;82.6;80.24;81.21;3012990;245006937.4
RTKM;D;20200528;000000;81.5;82.4;80.77;82.4;2537670;207819302.7
RTKM;D;20200529;000000;82;82.92;81.21;82.92;3893660;320363805.7
RTKM;D;20200601;000000;83;83.52;82.01;83.5;2869700;237776510.2
RTKM;D;20200602;000000;83.55;85.1;83.01;84.44;4026370;339210834.6
RTKM;D;20200603;000000;84.65;85.58;83;84.72;2987310;253092297.2
RTKM;D;20200604;000000;84.78;85.12;83.18;85;3190490;269081737.3
RTKM;D;20200605;000000;85;85.11;84.02;84.9;1984390;167890788.7
RTKM;D;20200608;000000;84.9;84.9;83.93;84.2;1642630;138414086.6
RTKM;D;20200609;000000;84.21;84.9;83.07;84.9;2520710;211863513.9
RTKM;D;20200610;000000;84.36;85.3;84.02;84.98;3038190;257220025.1
RTKM;D;20200611;000000;84.54;85.35;82.71;84;2991300;250367993.7
RTKM;D;20200615;000000;82.82;83.9;81.24;82.68;4315300;356579769.9
RTKM;D;20200616;000000;83.03;83.5;80.67;82.56;9504330;781943228.5
RTKM;D;20200617;000000;82.33;83.5;81.91;82.69;2405830;199029659.6
RTKM;D;20200618;000000;82.71;84.87;82.15;84.5;4460920;373182743.1
RTKM;D;20200619;000000;84.51;86.8;84.18;86.8;6043090;517878695.5
RTKM;D;20200622;000000;86.1;86.6;85.05;86;2708180;232038239
RTKM;D;20200623;000000;86.39;86.43;85.01;85.26;3132950;268616593.6
RTKM;D;20200625;000000;84.5;87.99;83.23;86.96;5574170;475650277
RTKM;D;20200626;000000;87.74;89.78;85.96;89.12;5643990;498042487.3
RTKM;D;20200629;000000;89.19;90.37;87.54;87.7;3809950;337436432.7
RTKM;D;20200630;000000;88.37;89.91;87.7;87.7;3506800;310376247.8
RTKM;D;20200702;000000;88.2;88.48;87.5;87.63;1854160;163102449.9
RTKM;D;20200703;000000;88.38;88.38;87.63;88.09;1139630;100294475.9
RTKM;D;20200706;000000;88.42;90.25;88.42;89.1;5007470;448873323
RTKM;D;20200707;000000;89.12;89.55;87.72;88;2421810;214350793.2
RTKM;D;20200708;000000;88.24;88.54;86.6;86.6;2127430;185521910.8
RTKM;D;20200709;000000;87.17;87.86;85.6;85.6;1632210;141794839.6
RTKM;D;20200710;000000;85.94;87.56;85.3;87.03;1290290;111993903.2
RTKM;D;20200713;000000;87.49;88;86.54;86.85;1149060;100056439
RTKM;D;20200714;000000;86.84;86.95;84.81;85.7;2357850;202338025.5
RTKM;D;20200715;000000;85.91;87.07;85.91;86.5;1358830;117636307.6
RTKM;D;20200716;000000;86.79;87.29;86.52;86.7;1619270;140667968.5
RTKM;D;20200717;000000;86.71;87.5;86.71;86.98;1674690;145810369.7
RTKM;D;20200720;000000;87.1;88.66;86.54;88.64;1535500;134731423.5
RTKM;D;20200721;000000;88.5;90.85;84.08;88.1;4735790;422606298.3
RTKM;D;20200722;000000;88.5;90.77;88.41;89.87;3149270;283497729.4
RTKM;D;20200723;000000;90.41;90.42;89.6;89.63;2237210;201341269.5
RTKM;D;20200724;000000;89.62;90.34;88.91;89.5;1126570;100994672.9
RTKM;D;20200727;000000;90.26;90.65;89.47;90;1452980;130842216.6
RTKM;D;20200728;000000;90;91.14;90;90.23;1501280;136117169.6
RTKM;D;20200729;000000;90.8;91.91;90;91.24;3180980;290419453.4
RTKM;D;20200730;000000;91.91;91.91;89.67;90.22;1881170;170161606.8
RTKM;D;20200731;000000;90.4;90.81;89.88;89.88;1546710;139612004.1
RTKM;D;20200803;000000;90.2;91.22;90.2;90.7;1636510;148611202.7
RTKM;D;20200804;000000;91.11;93.35;90.64;93.28;4515000;415859798.8
RTKM;D;20200805;000000;93.98;97.75;93.31;97.74;9700670;919005454.6
RTKM;D;20200806;000000;97;97.34;95.16;96.56;5942710;572544769.9
RTKM;D;20200807;000000;95.56;97.73;95.2;96.11;3568900;344346930.8
RTKM;D;20200810;000000;96.11;97.45;95.75;96.83;2965820;286726077.2
RTKM;D;20200811;000000;96.68;98.11;96;97.25;4202920;408994036.1
RTKM;D;20200812;000000;96.87;97.71;96.55;97.48;3389480;329038618.5
RTKM;D;20200813;000000;97.57;98.49;97.31;98.18;3922170;384138550.4
RTKM;D;20200814;000000;98.07;99.58;97.47;99.28;4564500;449350039.8
RTKM;D;20200817;000000;99;100.84;98.55;99.94;6956980;693748627.8
RTKM;D;20200818;000000;99.99;100.5;99.21;100.15;4784310;477366978
RTKM;D;20200819;000000;99.95;101.79;99.5;101.5;7814200;784444940.4
RTKM;D;20200820;000000;96.8;98.15;96.53;97.45;8697630;847141348.9
RTKM;D;20200821;000000;98;98.8;95.29;96.62;3666970;356097100.2
RTKM;D;20200824;000000;97.38;98.28;96.68;97.79;3771820;368537343.6
RTKM;D;20200825;000000;97.62;98.34;96.64;96.91;2719400;265396837.5
RTKM;D;20200826;000000;96.86;98.29;96.84;97.81;2298550;224553570.5
RTKM;D;20200827;000000;98.01;98.28;96.91;96.95;1808580;176282006.5
RTKM;D;20200828;000000;97.06;98.4;96.6;97.14;3471010;338153643.6
RTKM;D;20200831;000000;97.51;98.2;95.66;96.63;4046150;392602912.6
RTKM;D;20200901;000000;96.81;97.94;96.12;97.29;2532900;246404144.8
RTKM;D;20200902;000000;97.8;97.92;95.65;95.97;3104470;300958836.6
RTKM;D;20200903;000000;96.15;97.4;96.01;96.88;2716450;263085881.8
RTKM;D;20200904;000000;96.77;97.98;96.62;97.23;3089220;300124619
RTKM;D;20200907;000000;97.07;97.35;95.8;96.46;2588180;249315841
RTKM;D;20200908;000000;96.55;96.71;93.62;95.01;3222050;307087142.2
RTKM;D;20200909;000000;95;95.68;93.93;94.5;2178760;206303437.1
RTKM;D;20200910;000000;94.68;95.18;94.11;94.82;1268840;120063472.8
RTKM;D;20200911;000000;94.79;95.47;94.46;94.92;1785700;169695654.7
RTKM;D;20200914;000000;95.19;98.03;94.98;95.37;2621190;251639142.4
RTKM;D;20200915;000000;95.85;96.8;95.07;96.19;2350290;225760941.5
RTKM;D;20200916;000000;96.3;97.5;95.95;96.7;3223460;312667380.9
RTKM;D;20200917;000000;96.5;97.5;96.29;96.98;3041700;294681032.2
RTKM;D;20200918;000000;97;98;96.5;97.56;5563650;543213986.1
RTKM;D;20200921;000000;97.5;97.72;96.25;96.73;1883910;182467687.3
RTKM;D;20200922;000000;96.75;98.47;96.69;97.28;3326180;324849562.4
RTKM;D;20200923;000000;97.36;100.35;97.01;98.21;5774270;572779159.2
RTKM;D;20200924;000000;98.91;99.04;95.9;96.79;3647040;355251052.4
RTKM;D;20200925;000000;97.65;98.88;96.71;98.5;1774790;173722828.7
RTKM;D;20200928;000000;98.33;99.98;98.01;99.25;1798150;178598662.5
RTKM;D;20200929;000000;99.6;100.02;97.36;99.44;2536900;251793000.9
RTKM;D;20200930;000000;98.84;100.1;97.87;98.41;3712600;366473928.1
RTKM;D;20201001;000000;98.45;98.7;96.15;96.87;2997790;291460167.7
RTKM;D;20201002;000000;96.4;97.3;95.91;97.02;1983110;191904402
RTKM;D;20201005;000000;97.35;97.35;94.43;95.98;4155270;397822527.6
RTKM;D;20201006;000000;96.27;96.76;95.68;96.21;1410210;135647072.1
RTKM;D;20201007;000000;96.43;96.56;94.85;95.56;1391670;132881573.3
RTKM;D;20201008;000000;95.6;95.6;94.5;94.8;2148360;203995154.1
RTKM;D;20201009;000000;94.95;94.95;92.56;92.9;2252170;210759598.7
RTKM;D;20201012;000000;92.9;94.29;92.56;93.89;3930030;368352975
RTKM;D;20201013;000000;94.27;95.7;93.5;94.41;2986630;283233859.5
RTKM;D;20201014;000000;94.74;95.74;93.95;94.99;2163170;204774315.3
RTKM;D;20201015;000000;94.7;95.12;93.2;93.48;1417890;133424272.2
RTKM;D;20201016;000000;93.88;94.79;92.41;94.18;1669730;156598347.5
RTKM;D;20201019;000000;94;94.8;92.92;93.68;1161620;108866151.7
RTKM;D;20201020;000000;93.43;95.38;92.91;95.04;2729220;257268852.2
RTKM;D;20201021;000000;95.15;96.34;93.52;94.05;3164860;299723233.4
RTKM;D;20201022;000000;94.39;95.5;93.88;94.71;1862130;176365434.4
RTKM;D;20201023;000000;95.26;95.71;94.51;95.35;1881670;179250064.9
RTKM;D;20201026;000000;95.1;95.98;94.55;95.14;2132390;203709983.4
RTKM;D;20201027;000000;95.4;95.6;93.64;93.83;2147760;202843134.4
RTKM;D;20201028;000000;94.14;94.3;91.38;92.26;2417330;222892419.5
RTKM;D;20201029;000000;92.2;93.37;91.41;92.45;1802810;166655387.7
RTKM;D;20201030;000000;92.51;92.8;90.62;92.38;2616870;240646959.9
RTKM;D;20201102;000000;92.43;93;91.12;93;1998700;184115039
RTKM;D;20201103;000000;93.46;93.59;92.33;93.27;2333940;216779395.1
RTKM;D;20201105;000000;93.61;94.39;93.19;93.89;2605910;244136009.4
RTKM;D;20201106;000000;93.9;94.03;92.9;93.97;1730780;161890678.7
RTKM;D;20201109;000000;94.96;98;94.32;95.6;4461850;428647391.3
RTKM;D;20201110;000000;95.91;96.51;94.04;95.9;3089990;295066504.5
RTKM;D;20201111;000000;96.85;97.5;94.57;95.15;4623260;443715272.2
RTKM;D;20201112;000000;95.15;97;94.51;96.29;3308230;318127398.6
RTKM;D;20201113;000000;96.4;97.05;96;96.89;2244680;217135542.1
RTKM;D;20201116;000000;97;97.49;95.2;96.1;3169470;305118885.5
RTKM;D;20201117;000000;96.41;96.79;94.85;95.74;3262030;312413580.6
RTKM;D;20201118;000000;95.04;97.14;95.04;96.49;1849820;178059625.5
RTKM;D;20201119;000000;96.8;96.8;94.89;95.17;2367600;225906398.2
RTKM;D;20201120;000000;95.6;95.64;94.6;94.84;1354380;128747835.2
RTKM;D;20201123;000000;95.28;96.46;95.07;95.5;2666580;255168041
RTKM;D;20201124;000000;96.17;96.58;94;95.2;3339120;317730178
RTKM;D;20201125;000000;95.3;95.6;94.34;95.03;2820540;267135043.8
RTKM;D;20201126;000000;95.15;95.44;94.31;94.85;1494980;141808751.9
RTKM;D;20201127;000000;95;96.79;94.69;96.18;2144670;205752426.7
RTKM;D;20201130;000000;96.44;96.44;94.71;95.67;3066740;292865299.2
RTKM;D;20201201;000000;95.84;96.19;95.1;95.9;1705400;163349449.5
RTKM;D;20201202;000000;95.99;96.4;95.2;96.24;1929200;184616028.6
RTKM;D;20201203;000000;96.03;97.99;95.92;97.25;3691630;359240422.8
RTKM;D;20201204;000000;97.53;98.12;96.84;97.68;2377890;231704551.2
RTKM;D;20201207;000000;97.86;97.98;96.15;96.53;2269970;220031354.3
RTKM;D;20201208;000000;96.95;98.09;96.32;97.5;2416580;234869221.7
RTKM;D;20201209;000000;97.5;97.94;96.15;96.98;3263300;316280696.6
RTKM;D;20201210;000000;96.58;97.48;96.58;97.03;1675960;162680137.5
RTKM;D;20201211;000000;97.12;97.5;96.02;96.27;1391150;134441930.4
RTKM;D;20201214;000000;96.9;97.1;96.12;96.22;1500240;144915808.9
RTKM;D;20201215;000000;96.13;96.44;95.13;95.64;2046660;195782071.2
RTKM;D;20201216;000000;95.31;96.02;95.24;95.71;2090910;200009590.9
RTKM;D;20201217;000000;95.82;96.27;94.66;95.6;3679470;351780187
RTKM;D;20201218;000000;95.49;95.71;94.71;95.29;2639200;250951519.6
RTKM;D;20201221;000000;95.35;95.35;92.1;94.35;3445330;322268966.5
RTKM;D;20201222;000000;94;95.2;93.66;94.49;1834010;173255987.9
RTKM;D;20201223;000000;94.78;94.79;93.33;93.99;2783680;260996831.9
RTKM;D;20201224;000000;94.19;95.18;93.56;94.74;1093770;103045000.9
RTKM;D;20201225;000000;95;95.19;94.36;94.95;605330;57398673.8
RTKM;D;20201228;000000;94.77;95.45;94.77;95.22;1074980;102351069.7
RTKM;D;20201229;000000;95.3;96.6;95.04;95.91;1955840;187595915.5
RTKM;D;20201230;000000;96.2;97.06;95.68;96.52;3358700;324896592.8
RTKM;D;20210104;000000;97.47;98.6;96.51;96.86;1927090;187645151.3
RTKM;D;20210105;000000;97.19;101.5;96.41;100.38;5750770;572974734.2
RTKM;D;20210106;000000;100.6;100.87;98.63;99.16;3260270;324298027
RTKM;D;20210108;000000;99.96;101.18;99.32;100.29;3092370;309286055.2
RTKM;D;20210111;000000;99.99;100.62;98.31;99.58;3187730;317984607.1
RTKM;D;20210112;000000;99.81;100.75;98.76;99.17;2686560;268292657.4
RTKM;D;20210113;000000;99.42;99.9;98.26;99;2230630;220995469.6
RTKM;D;20210114;000000;99.2;99.91;98.48;98.94;2442620;241965587.3
RTKM;D;20210115;000000;98.62;99.58;98.35;98.93;2885150;285948629.2
RTKM;D;20210118;000000;98.88;100.2;98.44;99.9;1877100;186711114.1
RTKM;D;20210119;000000;100;101.13;98.7;98.76;3934110;394414126.7
RTKM;D;20210120;000000;99.58;102.2;98.82;101.49;4895690;495646550
RTKM;D;20210121;000000;101.87;104.26;100.6;101.17;6298180;643440503.1
RTKM;D;20210122;000000;100.45;103.11;100.28;103.09;2924060;297334965.1
RTKM;D;20210125;000000;102.9;105.17;102.55;104.64;8710970;908799437.1
RTKM;D;20210126;000000;104.5;106.26;101.28;105.5;9208830;960117128.8
RTKM;D;20210127;000000;105.55;105.98;103;103.61;4005970;419803095.9
RTKM;D;20210128;000000;104;105;102.7;104.54;3009760;312610211.6
RTKM;D;20210129;000000;104.19;105.48;100.61;101.03;4476810;459276008.6
RTKM;D;20210201;000000;101.6;103.34;100.07;103.03;2315560;235323346.4
RTKM;D;20210202;000000;102.6;103.7;102;102.36;1886330;193974829.7
RTKM;D;20210203;000000;102.52;104.17;101.9;103.9;2066390;213032740.5
RTKM;D;20210204;000000;103.6;104.57;103.2;104.46;2221390;231174709.7
RTKM;D;20210205;000000;104.11;104.45;103.37;104.13;1896960;197116924.4
RTKM;D;20210208;000000;104.49;105.84;103.63;105.6;2353020;247087055
RTKM;D;20210209;000000;105.5;105.68;103.89;104.92;2046020;214238623.4
RTKM;D;20210210;000000;105.02;105.09;103;103.28;1571520;163475249.7
RTKM;D;20210211;000000;103.7;104.18;102.31;102.7;1513340;156130499.2
RTKM;D;20210212;000000;102.7;105;101.23;104.31;2126240;218160508.2
RTKM;D;20210215;000000;104.24;105;104.13;104.99;1740420;182066768.4
RTKM;D;20210216;000000;105.01;105.46;104;104.13;1373940;143855925.7
RTKM;D;20210217;000000;104.4;104.98;103.05;104.32;1621830;169226083.5
RTKM;D;20210218;000000;103.87;109.4;103.87;108.91;6306340;671696347.9
RTKM;D;20210219;000000;108;111;107.6;109.25;9339120;1018631821.5
RTKM;D;20210220;000000;109.12;110.15;108.06;110.08;991390;108131613.8
RTKM;D;20210222;000000;110.39;111;107.24;108.31;3423790;373059040.1
RTKM;D;20210224;000000;108.6;109.97;107.34;109.5;4122670;446748599.6
RTKM;D;20210225;000000;109.25;110;108.4;108.95;2218740;242792023.5
RTKM;D;20210226;000000;108.75;109.56;107.83;108.85;2364410;257108305.1
RTKM;D;20210301;000000;109.48;110.77;108.27;109.67;2689240;294321034.5
RTKM;D;20210302;000000;109.58;110.27;109.1;110.01;2373560;260811509.5
RTKM;D;20210303;000000;110.19;111;109.43;109.92;2738200;302699212.1
RTKM;D;20210304;000000;110.02;110.21;106.06;106.8;3635740;394590778.3
RTKM;D;20210305;000000;108.25;108.39;105.38;107.92;3453870;369376338.8
RTKM;D;20210309;000000;108.5;110.89;105.31;107.44;5464650;587798042.7
RTKM;D;20210310;000000;107.45;108.22;105.71;106.93;1879890;201810362.1
RTKM;D;20210311;000000;106.51;108.93;106.51;108.6;2131970;229257160.5
RTKM;D;20210312;000000;108.5;108.75;107.52;108.51;1608260;173691247.3
RTKM;D;20210315;000000;108.29;110.56;107.68;109.46;4454430;488358471.7
RTKM;D;20210316;000000;109.37;111.45;108.91;110.98;3272310;360688918.8
RTKM;D;20210317;000000;111.38;111.9;109.17;109.77;2759240;304085876.8
RTKM;D;20210318;000000;110.35;110.49;107.1;107.74;3943290;430451758.8
RTKM;D;20210319;000000;108;108.35;106.37;107.06;8974040;958975848.8
RTKM;D;20210322;000000;107.46;108.46;106.5;107.55;2788600;300155961.4
RTKM;D;20210323;000000;107.93;107.93;106.26;106.31;2330060;248565384.4
RTKM;D;20210324;000000;106.3;107.5;106.3;106.5;1176420;125760271.4
RTKM;D;20210325;000000;106.56;107.95;106.11;107.75;2108100;225793090.4
RTKM;D;20210326;000000;108.05;108.5;106.51;107.41;3185620;341357520.3
RTKM;D;20210329;000000;107.01;107.92;106.51;107.14;1795020;192788989.6
RTKM;D;20210330;000000;107.73;107.85;106.68;106.84;1408200;151174605.3
RTKM;D;20210331;000000;106.84;107.72;106.84;107.4;1387480;148890224.1
RTKM;D;20210401;000000;107.45;108.89;107.05;107.19;1572970;169700878.2
RTKM;D;20210402;000000;107.41;108.1;107.11;107.63;737280;79339753.2
RTKM;D;20210405;000000;107.98;108.12;106.84;107.63;914690;98411601.5
RTKM;D;20210406;000000;108;108.39;106.6;106.78;1908840;205129214.6
RTKM;D;20210407;000000;107.1;107.7;105.8;106.49;1453860;155354156.2
RTKM;D;20210408;000000;106.6;107.43;106.38;106.75;1119090;119627689.8
RTKM;D;20210409;000000;107.11;107.24;106.32;106.94;1982970;211879341.4
RTKM;D;20210412;000000;106.72;108.89;106.51;107.61;3545470;382188940.9
RTKM;D;20210413;000000;107.8;108.95;106.8;107.87;1405300;151312212.2
RTKM;D;20210414;000000;108.4;108.9;107.16;107.66;1360010;147005908.6
RTKM;D;20210415;000000;106.88;108.1;106.2;107.53;1787700;191960460.6
RTKM;D;20210416;000000;107.47;108.4;107.31;107.98;1150030;123849885.2
RTKM;D;20210419;000000;107.99;109.28;106.85;107.44;2700290;292507932.5
RTKM;D;20210420;000000;107.53;108.16;104.05;105.66;4371320;464542351.2
RTKM;D;20210421;000000;105.22;106.4;104.63;106.2;3125280;329839610.6
RTKM;D;20210422;000000;106.69;106.94;105.2;105.6;2623110;277938930.5
RTKM;D;20210423;000000;106.12;106.21;105.18;105.61;1793830;189318090.6
RTKM;D;20210426;000000;105.74;106.24;105.33;105.52;1569640;165972271.3
RTKM;D;20210427;000000;105.96;105.96;104.11;104.33;2728000;285988976.2
RTKM;D;20210428;000000;104.48;105.13;103.56;104.99;1970350;205751508.5
RTKM;D;20210429;000000;105.04;105.58;103.53;103.78;1456280;152091576.9
RTKM;D;20210430;000000;104.31;104.6;103.21;104;2240130;232928032.1
RTKM;D;20210504;000000;103.6;106;103.6;104.88;1679320;176689761.8
RTKM;D;20210505;000000;105.01;106.6;104.05;104.98;1876600;197749155.5
RTKM;D;20210506;000000;104.98;105.04;103.87;104.17;1493240;155563944.3
RTKM;D;20210507;000000;104;104.87;103.78;104.76;1690650;176462172
RTKM;D;20210510;000000;104.55;105.15;103.96;104.12;732060;76502591.2
RTKM;D;20210511;000000;104.34;104.47;102.88;103.5;1776290;183864861.3
RTKM;D;20210512;000000;103.1;103.67;101.81;102.1;2226650;228206301.3
RTKM;D;20210513;000000;102.21;102.93;101.22;102.18;2839020;289740327.7
RTKM;D;20210514;000000;102.48;108.67;101.93;103.13;6516880;683602309.4
RTKM;D;20210517;000000;103.95;104.19;102.01;102.78;3121740;320248257.5
RTKM;D;20210518;000000;102.4;104.76;102.04;104.25;3795230;392469864
RTKM;D;20210519;000000;104.9;106.47;102.57;103.06;2892030;301355026.6
RTKM;D;20210520;000000;102.6;103.74;102.6;102.94;1365760;140902109
RTKM;D;20210521;000000;103.49;103.64;102.6;102.94;1371050;141387460.9
RTKM;D;20210524;000000;103.04;103.88;102.89;103.64;1112600;114973731.8
RTKM;D;20210525;000000;104;104.2;102.6;102.68;1879700;193684028.7
RTKM;D;20210526;000000;102.71;103.39;102.23;102.74;2208810;226541680
RTKM;D;20210527;000000;102.94;103.21;102.25;103.03;2353720;241924511.1
RTKM;D;20210528;000000;103.29;103.48;102.68;103.19;1519540;156716670.3
RTKM;D;20210531;000000;103.19;103.68;102.77;103.16;1163440;119926007.4
RTKM;D;20210601;000000;103.33;103.34;102.28;102.83;2951980;303464558.2
RTKM;D;20210602;000000;102.81;103.49;102.4;103.25;1599650;164631611.2
RTKM;D;20210603;000000;103.2;105.37;103;105;2679410;279718948.9
RTKM;D;20210604;000000;104.61;105.07;103.18;103.72;2330230;241903971.9
RTKM;D;20210607;000000;104.18;104.18;103.12;103.56;1175890;121648986.2
RTKM;D;20210608;000000;103.99;103.99;102.3;102.9;1958380;201537092.6
RTKM;D;20210609;000000;102.81;103.75;102.47;102.97;2727690;280966318.2
RTKM;D;20210610;000000;102.52;103.05;102.33;102.69;1424310;146231718.9
RTKM;D;20210611;000000;102.8;103.01;102.51;102.79;1416550;145561975
RTKM;D;20210614;000000;102.79;103.38;102.79;103.25;794550;81884522.8
RTKM;D;20210615;000000;103;103.75;102.48;102.75;2423090;249717939.6
RTKM;D;20210616;000000;102.98;103.48;102.49;102.6;1839580;189164114.9
RTKM;D;20210617;000000;102.3;103.03;102.1;102.31;2052540;210325594.7
RTKM;D;20210618;000000;102.3;102.64;101.02;101.25;2860300;290217141.7
RTKM;D;20210621;000000;101.25;102.59;101.25;102.26;1519290;154718511.9
RTKM;D;20210622;000000;102.27;103;102.09;102.95;1478860;151762402
RTKM;D;20210623;000000;103.2;103.38;102;102.36;1334380;136827581.3
RTKM;D;20210624;000000;102.49;102.49;101.78;101.94;1366350;139407476.1
RTKM;D;20210625;000000;101.81;102.64;101.72;102.46;1123220;114720911.6
RTKM;D;20210628;000000;102.81;102.99;101.93;102.01;851440;87075609.4
RTKM;D;20210629;000000;102.05;102.12;99.78;100.78;3395060;342448944.6
RTKM;D;20210630;000000;100.93;102.25;100.1;102;2450720;248471911.8
RTKM;D;20210701;000000;102.24;103;101.8;102.97;1876620;192288648.4
RTKM;D;20210702;000000;103;103.74;102.7;103.2;1334900;137782119.6
RTKM;D;20210705;000000;103.45;103.6;103;103.54;1021530;105533879.5
RTKM;D;20210706;000000;103.39;103.74;101.5;102.16;2721670;279605949.2
RTKM;D;20210707;000000;102.47;102.5;101.64;102.04;1877800;191672614.3
RTKM;D;20210708;000000;102.3;102.81;101.54;102.04;4821460;492835310.4
RTKM;D;20210709;000000;97.7;99.55;97.5;99.5;5030880;494841712.5
RTKM;D;20210712;000000;99.59;99.89;98.2;98.84;1843950;182166896
RTKM;D;20210713;000000;98.84;99.33;98.2;98.62;2283080;225315853.4
RTKM;D;20210714;000000;98.6;98.6;97.25;97.3;2588660;252969225.7
RTKM;D;20210715;000000;97.49;97.65;96.57;97.08;2239840;217242631.8
RTKM;D;20210716;000000;96.91;97.57;95.12;95.26;1935720;186593221.3
RTKM;D;20210719;000000;95.4;96.43;93.02;93.2;4525330;426948886.4
RTKM;D;20210720;000000;93.21;93.95;91.96;93.07;2700180;250925330.6
RTKM;D;20210721;000000;93.3;93.79;92.62;92.97;1288190;120014175
RTKM;D;20210722;000000;93.47;93.6;92.63;93.37;1238030;115335251.4
RTKM;D;20210723;000000;93.7;93.7;92.5;92.82;1612160;149931295.6
RTKM;D;20210726;000000;92.82;93.72;92.18;93.62;1404630;130624378.6
RTKM;D;20210727;000000;93.8;93.89;92.87;93.58;1544360;144026487.6
RTKM;D;20210728;000000;93.8;94.62;93.11;93.92;1920190;179987570.2
RTKM;D;20210729;000000;94;94.18;93.26;93.68;2127030;199235830.3
RTKM;D;20210730;000000;93.35;93.85;93.04;93.51;1740890;162436381
RTKM;D;20210802;000000;93.83;93.98;93;93.17;1495180;139675642.7
RTKM;D;20210803;000000;93.19;93.8;92.65;93.7;2849900;265295654.4
RTKM;D;20210804;000000;93.8;94.1;93.35;93.76;1238120;115965842.3
RTKM;D;20210805;000000;94.33;97;94.01;96.98;3739240;357362569.6
RTKM;D;20210806;000000;97;97;95.4;95.65;3280020;314971214.7
RTKM;D;20210809;000000;96;97.87;95.45;97.43;2194570;212670910
RTKM;D;20210810;000000;97.83;98.43;96.36;97.19;1635520;159063397.8
RTKM;D;20210811;000000;97.23;97.95;95.8;96.17;1755190;170066044.7
RTKM;D;20210812;000000;96.46;96.82;95.44;95.61;1267460;121561097.8
RTKM;D;20210813;000000;95.99;96.05;95.16;95.26;850770;81230377.6
RTKM;D;20210816;000000;95.09;95.5;93.62;94.15;2672340;252299346.9
RTKM;D;20210817;000000;93.86;95.17;93.78;94.58;1879500;177476630
RTKM;D;20210818;000000;95.15;95.46;94.06;94.49;1705560;161865310.3
RTKM;D;20210819;000000;94.4;95.22;93.9;94.53;2349200;221704323.7
RTKM;D;20210820;000000;94.51;94.8;94;94.4;1203110;113598135.7
RTKM;D;20210823;000000;94.35;94.78;93.76;94.3;1625050;153096742.5
RTKM;D;20210824;000000;94.3;95.09;93.84;94.75;1463140;138332432.3
RTKM;D;20210825;000000;94.75;95.44;94.06;94.39;1664740;157773273.4
RTKM;D;20210826;000000;94.73;95.4;94.07;94.08;1307030;123650739.1
RTKM;D;20210827;000000;94.34;96.49;94.08;96.08;3066290;293276153
RTKM;D;20210830;000000;96.38;96.38;94.79;95.12;2434910;232151580.6
RTKM;D;20210831;000000;95.12;95.54;94.24;94.3;2776900;263237395.1
RTKM;D;20210901;000000;94.3;95.8;93.76;95.58;2585540;244979994.9
RTKM;D;20210902;000000;95.82;96.31;95.07;95.64;1532740;146858428.6
RTKM;D;20210903;000000;96.08;96.29;95.3;95.71;1784310;170816700.3
RTKM;D;20210906;000000;95.95;95.95;94.7;94.9;1862060;177179855.9
RTKM;D;20210907;000000;94.85;95.68;94.51;94.9;1366270;129736812.1
RTKM;D;20210908;000000;94.9;95.17;94.25;94.47;1573930;148926121.5
RTKM;D;20210909;000000;94.35;94.79;93;93.21;2492480;233300645.9
RTKM;D;20210910;000000;93.39;93.45;92.8;93.2;1107890;103152015.6
RTKM;D;20210913;000000;93.67;94.1;92.99;93.95;1863110;174574179.5
RTKM;D;20210914;000000;94.16;94.16;93.16;93.3;1953680;182727396.4
RTKM;D;20210915;000000;93.39;93.77;92.46;92.85;2471750;229784191.9
RTKM;D;20210916;000000;92.52;93.43;92.52;93.16;2966620;275763622.2
RTKM;D;20210917;000000;93.29;93.61;92.6;92.68;4492710;418667610.2
RTKM;D;20210920;000000;92.6;92.96;90.1;90.3;3913090;356523039.7
RTKM;D;20210921;000000;90.3;90.99;90.1;90.31;1979660;179186169.4
RTKM;D;20210922;000000;90.35;91.61;90.35;91.05;2002840;182280424.5
RTKM;D;20210923;000000;91.41;91.86;91.01;91.2;1294710;118224975.8
RTKM;D;20210924;000000;91.38;92.44;91.05;92.38;997960;91612749.4
RTKM;D;20210927;000000;92.5;92.86;92.05;92.17;1073480;99206363.8
RTKM;D;20210928;000000;92.17;92.85;91.36;91.48;1810650;166614722.4
RTKM;D;20210929;000000;91.3;91.81;90.22;90.36;2115710;192286049.4
RTKM;D;20210930;000000;90.51;91.7;90.25;90.52;2931950;266173292.5
RTKM;D;20211001;000000;90.5;90.95;89.77;89.99;2436470;219656299.4
RTKM;D;20211004;000000;90.4;90.47;88.7;89.3;2094030;187591449.6
RTKM;D;20211005;000000;89.3;90.2;88.94;89.7;1990480;178020747.3
RTKM;D;20211006;000000;90.04;90.11;89.05;89.53;2058340;184244533.3
RTKM;D;20211007;000000;89.79;91;89.32;89.91;2705200;243698408.6
RTKM;D;20211008;000000;90.23;91.95;89.76;91.62;1826160;166187149.1
RTKM;D;20211011;000000;91.98;91.99;91.08;91.84;1668110;152707051.4
RTKM;D;20211012;000000;91.62;92.7;90.62;91.16;2591560;237945756.5
RTKM;D;20211013;000000;91.53;93.38;91.06;92.7;3097590;285911875.2
RTKM;D;20211014;000000;92.51;94.37;92.51;93.51;2282230;213800047.7
RTKM;D;20211015;000000;93.83;94.04;92.9;93.42;1323560;123536525.8
RTKM;D;20211018;000000;93.12;94.43;92.77;94.08;1730710;162254572.7
RTKM;D;20211019;000000;94;94.44;93.6;94.34;1408000;132238387.2
RTKM;D;20211020;000000;94.43;97.4;94.39;95.74;4848680;465853655.6
RTKM;D;20211021;000000;95.95;96.75;93.75;94.28;2219410;211589244.3
RTKM;D;20211022;000000;94.08;96.15;94.08;94.84;1423060;135636155.4
RTKM;D;20211025;000000;94.85;95.84;93.25;93.92;2212720;208889729.2
RTKM;D;20211026;000000;94.48;94.48;92.22;92.68;1737500;162276216.5
RTKM;D;20211027;000000;92.47;93.84;92.26;93.64;1559790;145166458.6
RTKM;D;20211028;000000;93.96;93.96;91.77;92.78;2148050;198856886
RTKM;D;20211029;000000;92.7;94.28;92.52;93.25;1978690;185099607.7
RTKM;D;20211101;000000;93.06;93.98;92.41;93.13;1612440;150054589.6
RTKM;D;20211102;000000;92.8;94.11;92.01;93.01;1606050;149624655.7
RTKM;D;20211103;000000;93.13;93.29;91.56;92.07;1222210;112704705.4
RTKM;D;20211105;000000;92.07;92.93;91.82;92.6;1750440;161457868.2
RTKM;D;20211108;000000;92.6;93.69;92.31;93.1;1103090;102572628.6
RTKM;D;20211109;000000;92.9;94.25;92.15;92.46;2380410;221746592.4
RTKM;D;20211110;000000;92.41;92.86;91.11;91.32;2044340;187429363.8
RTKM;D;20211111;000000;91.67;92.48;90.63;91.6;2092900;191242564
RTKM;D;20211112;000000;91.72;92.78;91.12;92.18;2238270;206050786.1
RTKM;D;20211115;000000;92.2;93.2;91.86;92.19;1277650;118291547.4
RTKM;D;20211116;000000;92.1;93.9;91.51;92.7;2768050;256236346.5
RTKM;D;20211117;000000;92.7;93.22;91.85;92.33;2615170;241901736.6
RTKM;D;20211118;000000;92.15;93.48;91.92;93.45;1394730;129285899.1
RTKM;D;20211119;000000;93.5;93.5;90.94;91.64;2587920;238482988.8
RTKM;D;20211122;000000;91.64;92.64;89.18;90.01;4135980;375869578.5
RTKM;D;20211123;000000;90.09;90.55;87.71;88.52;4917670;437153225.4
RTKM;D;20211124;000000;88.77;88.94;86.61;87.03;3171130;277598305.6
RTKM;D;20211125;000000;86.85;87.81;86.7;86.95;2351770;204938916.2
RTKM;D;20211126;000000;86.16;86.78;85.25;85.3;2772570;238494609.2
RTKM;D;20211129;000000;85.8;86.88;85.35;86.15;1725340;148470931.7
RTKM;D;20211130;000000;85.79;85.98;84.02;84.8;3011800;255517276
RTKM;D;20211201;000000;85.1;87.21;85.1;86.32;1953450;168829005
RTKM;D;20211202;000000;86.61;87.64;86.08;87.35;1074420;93573104.9
RTKM;D;20211203;000000;87.48;87.57;85.05;85.6;1687970;145299931.4
RTKM;D;20211206;000000;85.6;86.99;84.63;86.22;1533480;131610549.3
RTKM;D;20211207;000000;86.39;88.8;85.02;88.01;2552500;223396388
RTKM;D;20211208;000000;88.49;90.46;87.64;88.37;2636160;235035361.9
RTKM;D;20211209;000000;88.96;90.14;87.55;88.46;1541300;137211344.6
RTKM;D;20211210;000000;88.02;88.94;86.5;87.04;1504310;131227355
RTKM;D;20211213;000000;88.35;88.84;83.43;84.11;2811640;238856407
RTKM;D;20211214;000000;84.3;84.49;80.06;83.92;3405390;282022876.1
RTKM;D;20211215;000000;83.52;85.62;82.72;84.64;1897430;159451598.2
RTKM;D;20211216;000000;85.45;85.97;84.02;85.38;3663880;311737943.6
RTKM;D;20211217;000000;85.52;86.33;84.38;85;3416980;290928438.3
RTKM;D;20211220;000000;85;85;83.37;84.11;1685370;141692260.8
RTKM;D;20211221;000000;84.66;84.83;83.25;84.01;1953090;163999215.1
RTKM;D;20211222;000000;83.79;84.43;83.16;83.16;1668030;139808728
RTKM;D;20211223;000000;83.54;83.8;82.29;82.51;2222120;184167647.4
RTKM;D;20211224;000000;82.5;82.65;81.15;82.25;1895520;154952736.1
RTKM;D;20211227;000000;82;83.34;81.68;83.34;1508490;124226831.4
RTKM;D;20211228;000000;83;85.19;82.72;83.1;2995260;251097246
RTKM;D;20211229;000000;83.57;84.28;82.26;84.1;1993550;166121739.4
RTKM;D;20211230;000000;84.15;87.76;83.81;86.63;2560850;219189441.1
RTKM;D;20220103;000000;86.79;87.35;85.06;86.22;1064870;91861146.1
RTKM;D;20220104;000000;86.68;86.68;85.11;86.05;1713360;147449644.1
RTKM;D;20220105;000000;86.13;86.13;83.6;83.71;1332210;113235901.6
RTKM;D;20220106;000000;84.29;85.77;82.52;84.24;1402080;118433703
RTKM;D;20220110;000000;83.76;85.15;82.84;83.64;2609080;217890650.4
RTKM;D;20220111;000000;83.38;84.37;82.51;83.83;2085170;174013609.4
RTKM;D;20220112;000000;83.64;85.28;83.28;85.12;1960360;165520550.9
RTKM;D;20220113;000000;85.1;85.5;80.8;81.9;4102200;338494668.4
RTKM;D;20220114;000000;82.21;82.21;76.8;78.72;6584470;523564620.8
RTKM;D;20220117;000000;78.62;79.5;76.83;78.53;3673530;287149723.1
RTKM;D;20220118;000000;78.5;78.88;74.53;76.05;5539480;423685652
RTKM;D;20220119;000000;76.22;77.54;74.22;76.57;5110370;388049192.8
RTKM;D;20220120;000000;77;78.09;75.73;76.14;2531810;194808240.4
RTKM;D;20220121;000000;76.11;76.54;74.52;74.8;3721910;280374867.3
RTKM;D;20220124;000000;75.14;75.44;70.07;73.25;5280570;380995827.2
RTKM;D;20220125;000000;72.5;75.22;71.94;75;3906940;288087127.1
RTKM;D;20220126;000000;75.11;75.92;72.72;72.99;3356350;249761699.4
RTKM;D;20220127;000000;73.6;74.82;71.74;73.51;4266760;315755510.4
RTKM;D;20220128;000000;74.25;74.5;72.56;73;3220040;236134305.5
RTKM;D;20220131;000000;73.77;75.73;72.98;75.06;3051460;227948475.8
RTKM;D;20220201;000000;75.29;75.75;73.23;73.92;2944350;218027020.6
RTKM;D;20220202;000000;73.98;74.49;73.42;74.26;2016530;149441367.8
RTKM;D;20220203;000000;73.89;74.17;72.5;72.82;1674370;122457631
RTKM;D;20220204;000000;72.89;74.3;72.69;74.09;1911910;140276527
RTKM;D;20220207;000000;74.09;74.84;72.25;72.62;2214460;161751014.7
RTKM;D;20220208;000000;72.88;74.37;72.23;74.03;2645280;194351207.9
RTKM;D;20220209;000000;74.3;74.77;73.7;74.53;3189970;236332181.3
RTKM;D;20220210;000000;74.53;75.33;73.77;73.9;3106350;231697970.5
RTKM;D;20220211;000000;74;74.3;70.12;70.56;5393070;388188763.2
RTKM;D;20220214;000000;70.56;72.4;69.63;72.19;6031070;427889004.5
RTKM;D;20220215;000000;72.42;73;71.22;72.66;4244520;305932938.2
RTKM;D;20220216;000000;72.66;73.25;72.04;72.92;3106150;225788431.1
RTKM;D;20220217;000000;72.71;73.09;70.23;71.14;3329390;237203102.7
RTKM;D;20220218;000000;71.24;71.86;69.05;69.24;4002240;281709669.3
RTKM;D;20220221;000000;69.69;70.92;60;63.09;11218820;738935736.4
RTKM;D;20220222;000000;63;68.89;59.11;67.94;11882300;763604218.9
RTKM;D;20220224;000000;61;63.3;45.45;54.8;7557040;430903285.8
RTKM;D;20220225;000000;56.97;71.24;56.97;62.27;6682860;438438778
RTKM;D;20220324;000000;59.27;73.95;58.06;65.5;2734850;188813124.1
RTKM;D;20220325;000000;71.5;71.97;63.81;63.99;1834610;120582044.7
RTKM;D;20220328;000000;65.65;67.88;64;64.2;1233120;80174986.8
RTKM;D;20220329;000000;64.3;64.9;61;62.96;1917390;122137036.5
RTKM;D;20220330;000000;64.5;64.7;62.14;63;2092460;132913091.3
RTKM;D;20220331;000000;64;67.5;63.1;66.6;2630800;173737674.3
RTKM;D;20220401;000000;67.93;69.87;65.5;66.01;2132210;143780314.9
RTKM;D;20220404;000000;65.5;69.48;64.71;65.15;3324690;218487123.5
RTKM;D;20220405;000000;65.4;65.85;61.99;62.83;2442680;155439625.3
RTKM;D;20220406;000000;62.76;62.94;61.3;61.4;1785120;110677590.1
RTKM;D;20220407;000000;61.21;62.8;61.17;61.5;1051550;65139905.9
RTKM;D;20220408;000000;63.01;68.6;62.87;64.41;5662640;369070252.2
RTKM;D;20220411;000000;64.9;64.9;62.6;62.99;1034380;65672566.6
RTKM;D;20220412;000000;63;63;61.6;62.28;833240;51686031.4
RTKM;D;20220413;000000;62.49;63.2;61.83;62.15;565320;35242284.4
RTKM;D;20220414;000000;62.28;62.59;60.11;60.26;1073510;65619359.3
RTKM;D;20220415;000000;60.23;61.24;59.9;60.25;937500;56535362.9
RTKM;D;20220418;000000;60.59;60.64;58.9;59.24;661030;39392501.6
RTKM;D;20220419;000000;59.1;59.5;56.55;57.85;1388490;80787726.8
RTKM;D;20220420;000000;57.93;58.7;57.37;58.11;1094080;63828856.6
RTKM;D;20220421;000000;58.12;58.46;57.25;58.3;899030;52064264.5
RTKM;D;20220422;000000;58.3;58.69;57.29;57.9;466100;27000932.7
RTKM;D;20220425;000000;57.9;58;56.6;57.21;762050;43534296.9
RTKM;D;20220426;000000;57.13;59.39;56.93;58.3;644780;37620138.2
RTKM;D;20220427;000000;58.3;60.49;58.1;60.13;874930;52235958
RTKM;D;20220428;000000;60.45;61.8;58.73;59.02;948290;57270234.3
RTKM;D;20220429;000000;59.33;60.4;59;60.39;511390;30543447.6
RTKM;D;20220504;000000;60.25;60.98;58.93;58.98;822570;48829810.6
RTKM;D;20220505;000000;58.98;59.7;58.6;59.24;496310;29397437.7
RTKM;D;20220506;000000;59.58;59.58;58.64;59.02;204110;12018854.3
RTKM;D;20220511;000000;59.34;59.5;58.44;58.89;545550;32085999.9
RTKM;D;20220512;000000;58.98;58.98;58.05;58.2;320160;18664202.6
RTKM;D;20220513;000000;58.5;58.63;57.8;57.8;284190;16507877.5
RTKM;D;20220516;000000;58.9;59.01;57.5;58.1;554850;32339449.1
RTKM;D;20220517;000000;58.49;58.97;58.12;58.77;540170;31676902.4
RTKM;D;20220518;000000;58.99;61.97;58.81;59.35;2118250;128058262.5
RTKM;D;20220519;000000;59.5;59.77;57.7;59.01;802510;47308659.9
RTKM;D;20220520;000000;58.5;59.69;58;58.16;935780;54654974.5
RTKM;D;20220523;000000;58.19;58.43;57.2;57.23;531920;30614268.9
RTKM;D;20220524;000000;57.29;58.26;56.12;57.66;749200;42699607.4
RTKM;D;20220525;000000;57.68;58.43;57.14;57.83;513170;29610189.2
RTKM;D;20220526;000000;58;58.8;57.93;58.01;648430;37753798
RTKM;D;20220527;000000;58.42;59.5;58.01;58.39;782370;45840210.4
RTKM;D;20220530;000000;58.51;60.14;58.01;58.86;1557920;92043023.4
RTKM;D;20220531;000000;59.17;59.39;57.8;57.9;605330;35344394.7
RTKM;D;20220601;000000;58.08;58.72;57.36;58.63;841630;48980225.6
RTKM;D;20220602;000000;58.7;58.74;57.45;57.8;853230;49483139.4
RTKM;D;20220603;000000;57.8;58.27;56.64;57.81;595970;34311955.7
RTKM;D;20220606;000000;58.2;58.54;57.77;57.98;524960;30491637.3
RTKM;D;20220607;000000;58;58.28;57.01;57.95;517410;29840140.9
RTKM;D;20220608;000000;58.3;58.59;57.8;57.85;615800;35756416.2
RTKM;D;20220609;000000;57.85;58.22;57.32;57.92;493670;28455045.8
RTKM;D;20220610;000000;58.03;58.14;57.51;57.76;602280;34881135.9
RTKM;D;20220614;000000;57.76;58.59;57.51;57.79;1080750;62646634.2
RTKM;D;20220615;000000;57.97;58.35;57.5;58.04;801130;46492223.6
RTKM;D;20220616;000000;58.26;59.43;58.22;59.43;1140750;67151114.8
RTKM;D;20220617;000000;59.4;60.15;59.05;59.83;1152140;68719222
RTKM;D;20220620;000000;59.77;61;59.69;60.68;1496850;90496933.4
RTKM;D;20220621;000000;61;61;59.89;59.89;1118080;67334580
RTKM;D;20220622;000000;59.9;60.58;59.07;59.55;784540;46665601.4
RTKM;D;20220623;000000;59.55;60.01;59.1;59.43;635300;37876238.8
RTKM;D;20220624;000000;59.8;60.72;59.22;60.4;1414720;84708572.3
RTKM;D;20220627;000000;61;64.6;60.48;64.03;2282750;141939873.5
RTKM;D;20220628;000000;64.09;66.99;62.4;66.61;3829300;249769870
RTKM;D;20220629;000000;66.81;67.5;64.13;67;1984840;131085835.8
RTKM;D;20220630;000000;65.85;66.84;62.74;63.81;2383660;153559467.7
RTKM;D;20220701;000000;63.01;66.94;61.51;65.47;2321240;150096415.4
RTKM;D;20220704;000000;65.55;66.8;65.53;66;1285710;85413747.2
RTKM;D;20220705;000000;66.49;66.49;64.51;65.55;1137280;74594271.2
RTKM;D;20220706;000000;65.2;66.89;64.54;66.67;970470;64141547.7
RTKM;D;20220707;000000;66.96;67;65.11;65.49;919730;60656610.2
RTKM;D;20220708;000000;65.49;66.62;64.6;66.54;851280;56164597.7
RTKM;D;20220711;000000;66.54;67.78;65.26;65.88;1870590;124128388.4
RTKM;D;20220712;000000;66.07;66.54;63.35;65.19;1704540;111133759.3
RTKM;D;20220713;000000;65.4;65.75;63.13;63.74;859640;54896385
RTKM;D;20220714;000000;63.94;64.05;62.8;62.86;887100;56422648.3
RTKM;D;20220715;000000;62.7;64.89;62.41;64.5;1412370;90137262.4
RTKM;D;20220718;000000;64.5;65.2;63.5;64.79;2083670;133521485.2
RTKM;D;20220719;000000;60.14;60.24;59.12;59.6;2604400;155400081.6
RTKM;D;20220720;000000;59.78;61.78;59.33;61.03;1674030;101739802.6
RTKM;D;20220721;000000;60.95;61.04;59.45;60.48;1087960;65436662.7
RTKM;D;20220722;000000;60.48;60.89;60.11;60.25;877620;53288615.8
RTKM;D;20220725;000000;60.68;61.38;60.25;60.73;858890;52247473.9
RTKM;D;20220726;000000;60.85;61.19;60.72;60.93;1091540;66483597
RTKM;D;20220727;000000;60.93;61.45;60.11;60.6;882650;53731400.5
RTKM;D;20220728;000000;60.6;60.95;60.2;60.73;445970;26959208.5
RTKM;D;20220729;000000;60.87;61.06;60.41;60.96;534010;32478367.3
RTKM;D;20220801;000000;60.69;60.94;60.11;60.23;930580;56140714.7
RTKM;D;20220802;000000;60.23;60.23;59.4;59.45;1309720;78075342.3
RTKM;D;20220803;000000;59.45;59.71;58.96;59.22;993390;58933947.8
RTKM;D;20220804;000000;59.18;59.68;58.41;58.7;1379300;81302321.4
RTKM;D;20220805;000000;58.5;58.9;57.5;58.25;1246910;72396550.8
RTKM;D;20220808;000000;59.01;60.3;59.01;60;1160960;69464058.2
RTKM;D;20220809;000000;60.05;60.69;59.65;60.34;1213220;73117997.8
RTKM;D;20220810;000000;60.5;60.66;59.9;60.13;977180;58865216.6
RTKM;D;20220811;000000;60.21;61.55;59.51;60.8;1469790;89292847.5
RTKM;D;20220812;000000;60.75;62.49;60.31;61.56;1374490;84492399.6
RTKM;D;20220815;000000;61.59;61.59;60.3;60.95;825080;50316639.1
RTKM;D;20220816;000000;61.26;61.59;60.43;60.7;957450;58481477.6
RTKM;D;20220817;000000;60.74;60.9;60.31;60.32;575870;34874935
RTKM;D;20220818;000000;60.3;61.1;59.25;60.47;1528840;91958748.6
RTKM;D;20220819;000000;60.9;60.9;60.18;60.33;326390;19717408.6
RTKM;D;20220822;000000;60.32;60.62;60.15;60.49;385930;23331078.5
RTKM;D;20220823;000000;60.4;61.45;60.4;60.49;452420;27543829.4
RTKM;D;20220824;000000;60.66;60.75;59.3;60.04;1120770;67231143.3
RTKM;D;20220825;000000;60.29;60.5;59.71;59.98;444290;26709826.4
RTKM;D;20220826;000000;60;60.34;59.85;60.34;355600;21372716.4
RTKM;D;20220829;000000;60.1;61.09;60.02;60.05;801740;48518783.8
RTKM;D;20220830;000000;60.6;60.73;60.01;60.05;511340;30809786.7
RTKM;D;20220831;000000;60.23;60.84;60.01;60.03;1394100;84047186.9
RTKM;D;20220901;000000;60.23;60.38;59.74;59.83;1144370;68629611.6
RTKM;D;20220902;000000;59.91;61.21;59.73;60.53;2592210;156104574.4
RTKM;D;20220905;000000;61.09;62.96;61.02;62.72;3081270;191784067.7
RTKM;D;20220906;000000;62.67;62.67;60.56;60.74;2704900;166392353.2
RTKM;D;20220907;000000;60.75;61.18;60.11;60.7;622320;37737184
RTKM;D;20220908;000000;60.79;60.84;60.06;60.21;762540;45918611.9
RTKM;D;20220909;000000;60.22;60.47;59.88;60.02;1518310;91093969
RTKM;D;20220912;000000;60.1;60.8;60.06;60.49;1277620;77204872.5
RTKM;D;20220913;000000;60.68;60.99;60.05;60.26;1054600;63766287
RTKM;D;20220914;000000;60.37;60.48;59.91;60.22;1308830;78683942
RTKM;D;20220915;000000;60.4;60.58;59.81;60.21;1412190;85001372.8
RTKM;D;20220916;000000;60.2;60.29;59.2;59.92;1637380;98251880.9
RTKM;D;20220919;000000;59.92;60.38;59.85;60.07;977330;58763907.8
RTKM;D;20220920;000000;60.25;60.25;57;57.58;3669560;214364046.1
RTKM;D;20220921;000000;55;56.48;51.47;54.93;3399870;184992139.7
RTKM;D;20220922;000000;55;57.33;54.52;55.9;1615160;91016046.2
RTKM;D;20220923;000000;55.89;55.89;53.16;54.32;1648400;89414345
RTKM;D;20220926;000000;53.91;54.88;50.51;52.03;3441440;179933130
RTKM;D;20220927;000000;52.33;53.94;51.5;53.93;1518560;79484328.9
RTKM;D;20220928;000000;53.13;54.37;51.5;52.19;1968680;103289519.9
RTKM;D;20220929;000000;52.39;53.48;52.03;52.93;1775300;93399362.3
RTKM;D;20220930;000000;53.21;53.98;51.21;53.01;1889350;99714393.1
RTKM;D;20221003;000000;53.39;56.14;53.39;55.95;1314930;72256716.4
RTKM;D;20221004;000000;56.2;56.36;53.7;55.3;1119260;61512615.5
RTKM;D;20221005;000000;55.49;56.82;53.8;56.21;1325330;73365917.2
RTKM;D;20221006;000000;56.21;56.69;54.63;55.3;1052170;58591535.2
RTKM;D;20221007;000000;55.3;56;54.11;54.4;1587940;87718862.7
RTKM;D;20221010;000000;53;55.69;52.33;54.4;1122530;60942155.6
RTKM;D;20221011;000000;53.96;55.16;53.96;54.72;668530;36552320
RTKM;D;20221012;000000;54.72;55.28;54.3;54.63;425910;23263292.3
RTKM;D;20221013;000000;54.8;57.34;54.33;55.9;1352290;75660403.2
RTKM;D;20221014;000000;56;56.16;55.1;55.96;442000;24541251.3
RTKM;D;20221017;000000;56.09;56.96;55.6;56.79;933800;52627756.2
RTKM;D;20221018;000000;56.98;57.1;55.3;55.87;971730;54918837.4
RTKM;D;20221019;000000;56.37;56.96;55.36;56.17;775060;43399891.5
RTKM;D;20221020;000000;56;56.73;55.8;56.4;769990;43356752.8
RTKM;D;20221021;000000;56.66;57.2;56.04;57.11;650200;36853567.1
RTKM;D;20221024;000000;57.15;57.99;56.82;57.31;1203910;69133926.4
RTKM;D;20221025;000000;57.8;58.32;57.16;58.17;963140;55619622.4
RTKM;D;20221026;000000;58.4;58.54;57.17;57.82;947300;54782702.8
RTKM;D;20221027;000000;57.81;58.39;56.7;57.41;1149380;66511719.2
RTKM;D;20221028;000000;57.49;58.22;57.2;57.82;1034230;59796946.2
RTKM;D;20221031;000000;58.14;58.49;57.6;57.71;724710;42002938.5
RTKM;D;20221101;000000;57.9;58;57.44;57.65;320400;18483400.9
RTKM;D;20221102;000000;57.7;57.8;57.31;57.51;641580;36971197.9
RTKM;D;20221103;000000;57.4;57.99;56.8;57.41;710380;40785249.7
RTKM;D;20221107;000000;57.53;58.06;57.5;57.83;913510;52764795
RTKM;D;20221108;000000;57.9;57.96;57.51;57.66;393170;22669900.4
RTKM;D;20221109;000000;57.8;57.8;56.71;56.71;500240;28614324.5
RTKM;D;20221110;000000;56.71;57.59;56.7;57.47;650980;37167632.1
RTKM;D;20221111;000000;57.6;57.75;57.32;57.6;399690;22968844.2
RTKM;D;20221114;000000;57.6;57.94;57.39;57.57;587500;33832297.9
RTKM;D;20221115;000000;57.92;57.92;55;56.16;1190050;67427649.1
RTKM;D;20221116;000000;57;57.45;56.53;57.12;533050;30377418.1
RTKM;D;20221117;000000;57.67;57.67;57.08;57.33;398770;22850636.7
RTKM;D;20221118;000000;57.49;57.59;56.98;57.24;325610;18652499.7
RTKM;D;20221121;000000;57.4;57.4;56.62;56.94;353530;20107367.4
RTKM;D;20221122;000000;57.18;57.18;56.7;56.91;369460;21024722
RTKM;D;20221123;000000;56.83;57.05;56.7;56.9;403720;22974929.2
RTKM;D;20221124;000000;56.9;57.04;56.62;56.71;332080;18873680
RTKM;D;20221125;000000;56.71;57.3;56.5;56.94;761530;43369788.5
RTKM;D;20221128;000000;56.94;57.2;56.29;56.86;490350;27903313.9
RTKM;D;20221129;000000;57.16;57.17;56.75;56.97;422920;24096511.2
RTKM;D;20221130;000000;56.86;57.45;56.74;57.45;786210;44871607.3
RTKM;D;20221201;000000;57.49;57.55;57.01;57.15;292020;16723046.7
RTKM;D;20221202;000000;57.27;57.29;56.88;56.92;347170;19820123.6
RTKM;D;20221205;000000;57.02;57.25;56.62;56.8;524200;29803455.4
RTKM;D;20221206;000000;57;57;56.2;56.34;493980;27910891.6
RTKM;D;20221207;000000;56.23;56.97;56.12;56.55;467670;26400605.8
RTKM;D;20221208;000000;56.61;56.75;56.07;56.27;203070;11447713.6
RTKM;D;20221209;000000;56.2;56.52;56.16;56.24;287860;16235078.1
RTKM;D;20221212;000000;56.07;56.49;55.84;56.1;386960;21689823.7
RTKM;D;20221213;000000;55.97;56.21;55.75;56;448170;25098794.3
RTKM;D;20221214;000000;56.08;56.1;54.77;55.62;725060;40321508.4
RTKM;D;20221215;000000;55.89;55.89;54.66;54.75;712040;39145150.6
RTKM;D;20221216;000000;54.77;54.87;54.44;54.7;492960;26953016.3
RTKM;D;20221219;000000;54.69;54.72;54;54.2;792370;43087303.4
RTKM;D;20221220;000000;54.1;54.56;53.92;54.33;1252210;67689705.4
RTKM;D;20221221;000000;54.33;54.79;53.96;54.59;797450;43399536.5
RTKM;D;20221222;000000;54.6;55.3;54.29;54.89;818930;44796112.4
RTKM;D;20221223;000000;55.19;55.19;54.55;55;443570;24332532.4
RTKM;D;20221226;000000;55;55.8;55;55.57;736390;40749434.9
RTKM;D;20221227;000000;55.71;56.47;55.6;56.23;998000;55912752.3
RTKM;D;20221228;000000;56.49;56.49;55.44;55.91;551510;30895002.2
RTKM;D;20221229;000000;55.96;56.3;55.7;55.97;586050;32802095.2
RTKM;D;20221230;000000;56.3;56.3;55.7;55.95;676200;37807831.7
RTKM;D;20230104;000000;56.06;56.29;55.1;55.89;743770;41474990.1
RTKM;D;20230105;000000;55.99;55.99;55.7;55.85;197490;11021426.8
RTKM;D;20230106;000000;55.8;56.02;55.75;55.9;188100;10516834.3
RTKM;D;20230109;000000;55.96;57.2;55.77;56.75;1551810;87718835.9
RTKM;D;20230110;000000;57.16;57.16;56.31;56.74;545830;30911110.5
RTKM;D;20230111;000000;56.8;57.17;56.45;57.16;1046660;59524365.5
RTKM;D;20230112;000000;57.16;57.16;56.74;56.95;396390;22552168.1
RTKM;D;20230113;000000;56.75;57.2;56.16;56.84;948270;53741806
RTKM;D;20230116;000000;57.16;57.95;56.9;57.85;1512410;86815603.6
RTKM;D;20230117;000000;57.9;57.93;56.86;57.16;631210;36199641.4
RTKM;D;20230118;000000;57;57.53;56.64;57.14;664050;37903519.7
RTKM;D;20230119;000000;56.76;57.2;55.67;56.35;3355050;189213466.6
RTKM;D;20230120;000000;56.35;56.52;55.84;56.34;688020;38622990.1
RTKM;D;20230123;000000;56.34;57.63;56.22;57.18;1265030;72178965.5
RTKM;D;20230124;000000;57.18;57.36;56.57;56.87;504890;28762622.3
RTKM;D;20230125;000000;56.78;57.04;55.91;56.36;1052350;59261361.9
RTKM;D;20230126;000000;56.4;56.56;56.21;56.45;279910;15774216
RTKM;D;20230127;000000;56.5;56.51;56.2;56.39;505190;28449220.7
RTKM;D;20230130;000000;61.89;61.89;57.37;59.13;15761510;935514889.5
RTKM;D;20230131;000000;58.89;59.4;58.26;58.61;2163910;127118018.8
RTKM;D;20230201;000000;58.61;59.09;58.61;58.91;1068950;62899597.1
RTKM;D;20230202;000000;59.1;59.68;58.71;59.43;877670;51781792.9
RTKM;D;20230203;000000;59.52;59.52;58.5;59.18;939840;55339741.8
RTKM;D;20230206;000000;59.5;60.6;58.79;60.57;2154380;128458973.3
RTKM;D;20230207;000000;60.4;60.44;59.2;59.65;1468900;87743277.1
RTKM;D;20230208;000000;59.7;59.86;58.96;59.1;1269500;75482503.9
RTKM;D;20230209;000000;59.2;59.44;58.6;59.22;691000;40868125.7
RTKM;D;20230210;000000;59.3;59.98;58.82;59.4;839990;49882452.8
RTKM;D;20230213;000000;59.72;59.9;58.8;59.17;995840;59121330.9
RTKM;D;20230214;000000;59.5;59.5;58.5;58.59;833890;49031626.4
RTKM;D;20230215;000000;58.26;58.56;55.84;56.56;2164910;124088754.9
RTKM;D;20230216;000000;56.52;57.79;56.52;57.38;1105020;63441056.9
RTKM;D;20230217;000000;57.41;57.8;57.16;57.43;463290;26636990.1
RTKM;D;20230220;000000;57.31;57.72;56.38;57.62;963070;54832254
RTKM;D;20230221;000000;57.62;58.46;57.5;58.11;840600;48800810.4
RTKM;D;20230222;000000;58.01;58.01;57.62;57.93;482900;27893539.3
RTKM;D;20230224;000000;58;58.77;57.66;58.5;422470;24567856.8
RTKM;D;20230227;000000;57.88;58.78;57.88;58.52;635170;37108598.2
RTKM;D;20230228;000000;58.6;58.78;58.11;58.73;622060;36396884.5
RTKM;D;20230301;000000;58.97;59.2;58.71;59.11;850510;50142183
RTKM;D;20230302;000000;59.11;59.11;57.8;58.13;1186450;69094410.8
RTKM;D;20230303;000000;58.1;58.89;58.08;58.75;439110;25696176.3
RTKM;D;20230306;000000;58.95;59.7;58.6;59.7;1416520;84018815.7
RTKM;D;20230307;000000;59.7;59.74;59.16;59.4;639020;37964444.7
RTKM;D;20230309;000000;59.47;59.56;59.12;59.3;490810;29102938.7
RTKM;D;20230310;000000;59.15;59.17;58.56;58.85;604090;35598846
RTKM;D;20230313;000000;58.7;59.47;58.29;58.72;1300620;76624280.9
RTKM;D;20230314;000000;58.71;60.99;58.48;60.37;4253320;255815239.5
RTKM;D;20230315;000000;60.4;60.54;59.3;59.77;1399750;83753732.4
RTKM;D;20230316;000000;59.77;60.75;59.39;60.05;2642830;158613975.6
RTKM;D;20230317;000000;60.07;61.7;59.94;61.33;2169300;131927737.2
RTKM;D;20230320;000000;61.49;62;60.8;61.9;1895020;116646016
RTKM;D;20230321;000000;61.9;61.97;61;61.41;1028090;63243878.7
RTKM;D;20230322;000000;61.33;61.66;61.01;61.3;514080;31550843.8
RTKM;D;20230323;000000;61.5;61.93;61.03;61.38;963560;59249116
RTKM;D;20230324;000000;61.22;61.7;61.11;61.29;464310;28496923.7
RTKM;D;20230327;000000;61.99;63.29;61.56;62.2;2850530;177547949.8
RTKM;D;20230328;000000;62.35;62.5;61.25;61.61;1468660;90449438.1
RTKM;D;20230329;000000;61.61;61.77;61.12;61.28;1671430;102396654.1
RTKM;D;20230330;000000;61.25;61.25;60.56;61.17;2885650;175687395.7
RTKM;D;20230331;000000;61.18;61.38;60.72;61.28;1761760;107608956.7
RTKM;D;20230403;000000;61.5;61.99;61.15;61.93;2175090;133966867.1
RTKM;D;20230404;000000;61.97;62.5;61.44;62.2;1838420;114062132.9
RTKM;D;20230405;000000;62.29;62.3;61.76;62.13;1292270;80224780.5
RTKM;D;20230406;000000;62.2;62.61;61.82;62.08;1389220;86317878.5
RTKM;D;20230407;000000;61.87;62.2;61.44;61.95;1112800;68762339.9
RTKM;D;20230410;000000;62.09;63.76;61.93;63.24;3010030;188676621.5
RTKM;D;20230411;000000;63.29;63.55;61.68;62.11;1896600;118713963.5
RTKM;D;20230412;000000;62.33;62.47;61.8;62.33;1185910;73680487.1
RTKM;D;20230413;000000;62.32;62.7;61.84;62.34;1046420;65181812.7
RTKM;D;20230414;000000;62.49;62.7;62.08;62.53;1355860;84607085.1
RTKM;D;20230417;000000;62.8;63.84;62.66;63.78;2204410;139651470.3
RTKM;D;20230418;000000;63.8;63.91;63.07;63.79;1021160;64888639.1
RTKM;D;20230419;000000;63.8;64.31;63.11;63.22;1817770;115849269.8
RTKM;D;20230420;000000;63.2;63.7;62.21;63.33;1968830;124060057
RTKM;D;20230421;000000;63.15;63.6;62.88;63.1;946890;59841143.3
RTKM;D;20230424;000000;63.25;64.1;63;63.64;1531300;97489690.3
RTKM;D;20230425;000000;63.79;63.89;63.41;63.59;884430;56285072.7
RTKM;D;20230426;000000;63.59;65.7;63.55;65.1;5334440;347391536.2
RTKM;D;20230427;000000;65.1;65.49;64.7;65.28;1481530;96455414.5
RTKM;D;20230428;000000;65.16;66.61;64.91;65.49;3205760;211073067.1
RTKM;D;20230502;000000;66;66.59;64.05;64.96;2525600;165247511.2
RTKM;D;20230503;000000;65;67.2;64.24;65.27;6426880;421591567.8
RTKM;D;20230504;000000;65.4;65.95;64.63;65.21;1491590;97074257.6
RTKM;D;20230505;000000;65.32;65.97;63.75;64.12;2121000;137116751.6
RTKM;D;20230508;000000;64.32;64.53;63.24;63.27;965580;61439161.8
RTKM;D;20230510;000000;64;65.37;63.3;65.08;2141580;138172726.6
RTKM;D;20230511;000000;65.08;65.57;63.52;64.19;2177140;140696677.4
RTKM;D;20230512;000000;64.34;64.5;63.93;64.24;880410;56486223.9
RTKM;D;20230515;000000;64.3;66.35;64.25;66.2;3090670;202872732.3
RTKM;D;20230516;000000;66.3;66.5;65.53;66.3;1150620;76089134.4
RTKM;D;20230517;000000;66.5;69.45;65.92;69.07;4839290;328367290.8
RTKM;D;20230518;000000;69.35;72;68.33;70.64;4802160;336291206.2
RTKM;D;20230519;000000;70.01;72.77;69.39;71.76;4631670;331609750.2
RTKM;D;20230522;000000;72.4;72.47;69.34;69.95;3210690;226412823.7
RTKM;D;20230523;000000;69.74;71.19;68.53;70.39;2432780;169333663.8
RTKM;D;20230524;000000;70.49;72;70.19;71.63;2360510;168348593.6
RTKM;D;20230525;000000;71.45;71.9;70.25;71.13;3234300;230222082
RTKM;D;20230526;000000;71;72.33;70.85;72;1999020;143759161.2
RTKM;D;20230529;000000;72;74.75;72;73.73;3623270;266247241.1
RTKM;D;20230530;000000;73.49;75.2;72.67;73.11;3439640;254000525.4
RTKM;D;20230531;000000;72.88;73.62;71.6;73.15;1445490;104982613
RTKM;D;20230601;000000;73.25;73.49;71.84;71.86;1285950;93232404
RTKM;D;20230602;000000;71.6;74.2;71.6;74.17;2478690;182171736.7
RTKM;D;20230605;000000;74.22;75;72;72.25;2720190;200355831.1
RTKM;D;20230606;000000;72.61;72.87;68.33;70.23;13982860;976356473.4
RTKM;D;20230607;000000;70.51;71.87;70.26;71.31;4240430;301781326
RTKM;D;20230608;000000;71.35;71.89;70.67;71.81;1755840;125181740.4
RTKM;D;20230609;000000;71.99;72.2;71.14;71.27;1623320;116458123.5
RTKM;D;20230613;000000;71.58;72.24;69.97;71.27;3477930;247581757.7
RTKM;D;20230614;000000;71.49;71.49;70.73;71.15;2018710;143570786.4
RTKM;D;20230615;000000;71.15;72.98;71.09;72.53;4116010;297540913.5
RTKM;D;20230616;000000;72.53;73;71.43;72.16;2993400;216265180.7
RTKM;D;20230619;000000;72.78;75.68;72.19;75;6388500;472616095.1
RTKM;D;20230620;000000;75;75.22;72.72;73.8;4590850;339861840.2
RTKM;D;20230621;000000;73.62;75.62;73.3;74.7;5300730;395822384.3
RTKM;D;20230622;000000;74.89;75.02;73.3;73.76;2659520;197336491
RTKM;D;20230623;000000;73.55;74.09;70.5;71.6;3766900;273387930.8
RTKM;D;20230626;000000;72.64;73.95;70.63;72.25;4072110;294245817.7
RTKM;D;20230627;000000;72.25;73.95;72;73.25;2011890;146378576.4
RTKM;D;20230628;000000;73.4;73.57;72.41;73.57;1510820;110391910.2
RTKM;D;20230629;000000;73.55;74.46;72.07;72.66;6100510;445612293.1
RTKM;D;20230630;000000;72.5;72.82;71.25;71.83;2845800;205035910.3
RTKM;D;20230703;000000;72.5;72.9;71.73;72.3;2814030;203400104.6
RTKM;D;20230704;000000;72.08;72.43;70.24;71.03;2808100;200149106.8
RTKM;D;20230705;000000;71.15;72.38;70.45;71.99;3705360;264441882.7
RTKM;D;20230706;000000;72;72.2;71.16;71.79;2667710;190690639.5
RTKM;D;20230707;000000;72.06;72.8;71.45;71.97;2783820;201117031.4
RTKM;D;20230710;000000;71.87;72.49;71.8;72.3;1890750;136390081.9
RTKM;D;20230711;000000;72.35;72.6;71.62;72.39;1983530;143253615.3
RTKM;D;20230712;000000;72.55;73.14;72.12;72.67;2844930;206713858.7
RTKM;D;20230713;000000;72.81;73.03;72.02;72.89;2551560;184969157.6
RTKM;D;20230714;000000;72.99;72.99;72.34;72.66;1965140;142748589.7
RTKM;D;20230717;000000;72.23;72.84;72.12;72.7;1827450;132601716.6
RTKM;D;20230718;000000;72.71;73.45;72.38;73.1;2944440;214888909.2
RTKM;D;20230719;000000;73.1;73.65;72.54;73.45;2585270;189180910.8
RTKM;D;20230720;000000;73.59;73.61;71.27;71.53;3645860;264360201.5
RTKM;D;20230721;000000;71.5;72.59;71.5;72.3;1532280;110595065.3
RTKM;D;20230724;000000;72.56;74.44;72.09;74.28;5564540;408978450.1
RTKM;D;20230725;000000;74.47;74.47;73.55;74.06;3283880;242772430.3
RTKM;D;20230726;000000;73.9;74.03;73.2;73.88;2106860;155246101.8
RTKM;D;20230727;000000;73.76;74.1;73.56;73.63;2148950;158710461.3
RTKM;D;20230728;000000;73.61;74.1;73.4;73.62;2780820;205273212.9
RTKM;D;20230731;000000;74.04;74.97;73.84;74.79;5454380;406726156.4
RTKM;D;20230801;000000;74.96;76.5;74.03;75.45;7947680;599346712.4
RTKM;D;20230802;000000;75.68;75.69;74.1;75.46;4978050;373151244
RTKM;D;20230803;000000;76.5;79;76.13;79;18033150;1399263474.3
RTKM;D;20230804;000000;79.23;79.88;75.2;76.2;14696330;1141900554.8
RTKM;D;20230807;000000;76.53;79.4;76.27;76.84;6835580;531542654.7
RTKM;D;20230808;000000;76.84;77.59;75.06;76.82;4940920;378046827.3
RTKM;D;20230809;000000;77.09;77.37;75.98;76.93;2460190;188714651.1
RTKM;D;20230810;000000;77.31;77.31;76.01;76.9;3374310;259008548.8
RTKM;D;20230811;000000;76.9;77.38;76.24;76.6;2744480;210830101.2
RTKM;D;20230814;000000;77;77.28;74.23;74.42;6422710;488041345.5
RTKM;D;20230815;000000;74.3;77.2;73.56;75.25;10758090;817413293.4
RTKM;D;20230816;000000;75.48;75.72;73.06;74.02;4458360;331038177.5
RTKM;D;20230817;000000;73.75;74.74;73.58;74.45;2184980;161983420.5
RTKM;D;20230818;000000;74.5;76.76;74.11;76.38;3874720;291698752
RTKM;D;20230821;000000;76.65;76.83;75.93;76.25;2260070;172371964.5
RTKM;D;20230822;000000;76.25;76.45;75.18;75.75;2491680;188686068.7
RTKM;D;20230823;000000;75.55;75.99;73.9;74.35;3414480;255856601.5
RTKM;D;20230824;000000;74.41;75.3;74.09;74.82;1995500;148898562.3
RTKM;D;20230825;000000;75;75.05;74.46;74.73;1410020;105302694.1
RTKM;D;20230828;000000;74.89;75.62;74.6;75.52;2399530;180322808.1
RTKM;D;20230829;000000;75.68;75.68;74.8;75.23;2304660;173333531.8
RTKM;D;20230830;000000;75.25;75.41;74.72;75.31;1406890;105612451.2
RTKM;D;20230831;000000;75.32;76.5;75.21;75.88;3055710;231850073
RTKM;D;20230901;000000;76.06;76.5;75;75.95;2358910;178980140.8
RTKM;D;20230904;000000;75.52;76.47;75.52;76.2;3953110;300976282.6
RTKM;D;20230905;000000;76.3;76.8;76;76.77;3968270;303210313.8
RTKM;D;20230906;000000;76.77;78.83;76.06;77.85;7779890;603890524.1
RTKM;D;20230907;000000;77.85;79.71;74.43;75.56;14569740;1126665472.8
RTKM;D;20230908;000000;75.59;78.19;73.5;76.13;15826640;1210615245.4
RTKM;D;20230911;000000;76.48;76.53;74.63;75.61;4913460;370873704.3
RTKM;D;20230912;000000;75.72;76.83;75.2;76.45;4833230;367957797.5
RTKM;D;20230913;000000;76.68;77;75.13;75.52;2773900;210996151.1
RTKM;D;20230914;000000;75.52;75.91;73.15;74.29;5096530;378967556.7
RTKM;D;20230915;000000;74.5;75.72;73.9;74.77;2597180;194081256.7
RTKM;D;20230918;000000;74.94;75.68;74.31;74.67;2562760;192339679.6
RTKM;D;20230919;000000;74.7;74.98;71.72;72.36;5558040;405549179.2
RTKM;D;20230920;000000;72.36;73.98;70.95;73.11;4901540;356963650
RTKM;D;20230921;000000;73.11;73.21;71.13;71.5;3514040;253639886.6
RTKM;D;20230922;000000;71.3;72.19;70.95;71.95;2201750;157461838.4
RTKM;D;20230925;000000;72.35;73.75;71.5;73.32;1961450;141875774.3
RTKM;D;20230926;000000;73.24;73.52;72.32;73.1;1525450;111182210.8
RTKM;D;20230927;000000;73.31;74.5;73.1;74;2068180;152653452.7
RTKM;D;20230928;000000;74.2;74.28;73.42;73.8;1270850;93886165.6
RTKM;D;20230929;000000;74.04;74.04;72.92;73.42;1357750;99747544.1
RTKM;D;20231002;000000;73.69;73.99;72.73;72.83;1444220;105971982.3
RTKM;D;20231003;000000;72.83;73.2;71.7;72.67;2382050;172086274.3
RTKM;D;20231004;000000;72.98;72.98;72.26;72.4;872770;63345019.8
RTKM;D;20231005;000000;72.5;72.74;72.12;72.52;917800;66478864.5
RTKM;D;20231006;000000;72.3;72.72;71.87;72.55;1302690;94111107.2
RTKM;D;20231009;000000;72.3;75.7;72.3;75.49;6160940;460425813.5
RTKM;D;20231010;000000;75.2;76.3;74.5;74.76;3141390;236362603.8
RTKM;D;20231011;000000;74.76;75.57;73.71;74.15;3077800;230359031.7
RTKM;D;20231012;000000;74.17;77.49;73.75;76.1;13364970;1018363177.1
RTKM;D;20231013;000000;76.36;76.36;75.38;75.66;2068250;156402966
RTKM;D;20231016;000000;76.06;76.2;75.5;75.79;2485840;188407190.3
RTKM;D;20231017;000000;75.99;79.3;75.51;78.7;18115050;1406382898.2
RTKM;D;20231018;000000;79.09;79.49;76.7;77.51;9584410;747382464.1
RTKM;D;20231019;000000;77.6;77.94;76.88;77.8;5266860;407590090.7
RTKM;D;20231020;000000;77.8;77.8;77.02;77.39;2035040;157494113.5
RTKM;D;20231023;000000;77.8;78.46;77.3;77.55;2765480;215030874.7
RTKM;D;20231024;000000;77.4;77.76;77.18;77.5;1674770;129734224.4
RTKM;D;20231025;000000;77.7;77.98;77.47;77.52;1913930;148660968.5
RTKM;D;20231026;000000;77.53;77.98;76.24;76.76;3854100;297795401.9
RTKM;D;20231027;000000;76.7;77.07;75.61;76.09;4742460;361308216.8
RTKM;D;20231030;000000;76.12;77.07;76.02;76.2;2430050;185959650
RTKM;D;20231031;000000;75.95;76.35;75.01;75.22;3361150;253337558.7
RTKM;D;20231101;000000;75.2;75.44;74.93;75.3;3327090;249930882
RTKM;D;20231102;000000;75.49;75.8;74.58;75.44;2659400;200339045.1
RTKM;D;20231103;000000;75.44;75.5;74.45;74.7;3450760;257917051.4
RTKM;D;20231106;000000;74.98;75.74;74.63;75.67;2031720;152948113
RTKM;D;20231107;000000;75.95;76.96;75.58;76.79;3444210;263246201.5
RTKM;D;20231108;000000;77;77.1;76.32;76.84;2088140;160222335.1
RTKM;D;20231109;000000;77.85;78.2;77;77.95;5366180;417303862.3
RTKM;D;20231110;000000;78.2;78.45;77.52;78.35;3382790;263875746.9
RTKM;D;20231113;000000;78.5;82.38;78.15;81.65;13577060;1095245749.2
RTKM;D;20231114;000000;81.65;81.69;79.52;80.67;9319130;749063752.7
RTKM;D;20231115;000000;80.67;81.97;80.15;81.5;5536500;449665580.3
RTKM;D;20231116;000000;81.64;82.06;80.11;80.35;4563860;370960632.5
RTKM;D;20231117;000000;80.5;81.76;79.65;81.55;5024220;405726336.5
RTKM;D;20231120;000000;81.98;83.2;81.65;83;9542190;789158610.4
RTKM;D;20231121;000000;83.04;83.15;81.13;81.81;9914580;815161436.9
RTKM;D;20231122;000000;81.81;82.5;81.28;81.88;3363520;275635236.8
RTKM;D;20231123;000000;81.99;81.99;80.62;81.02;2627550;213672924.7
RTKM;D;20231124;000000;81.02;81.31;80.12;80.88;3078160;248776326
RTKM;D;20231127;000000;81.15;81.51;80.35;80.6;3856730;312420866.5
RTKM;D;20231128;000000;80.82;81.5;79.8;81.3;5023010;405246334.7
RTKM;D;20231129;000000;81.59;82.05;80.58;81.33;5788020;472027221.2
RTKM;D;20231130;000000;81.33;81.95;80.67;81.58;9746520;791551488.2
RTKM;D;20231201;000000;76.29;76.49;74.46;74.82;15331890;1158804848.5
RTKM;D;20231204;000000;75.2;75.2;73;74.15;4698670;346758121
RTKM;D;20231205;000000;73.9;74.91;72.69;72.89;4267130;313818340.3
RTKM;D;20231206;000000;72.82;73.34;70.08;70.43;6414500;457272937.3
RTKM;D;20231207;000000;70.43;72.49;69.3;72.35;5049760;358024807.7
RTKM;D;20231208;000000;72.51;72.51;70.73;72.03;2507180;180181915.5
RTKM;D;20231211;000000;72.93;72.93;70.02;70.6;2245390;159578556.3
RTKM;D;20231212;000000;70.37;70.97;69.51;69.67;2983070;208875183.2
RTKM;D;20231213;000000;69.67;70.23;69.02;69.42;2248560;156500575.5
RTKM;D;20231214;000000;69.97;69.97;67.8;68;3572180;245426451.2
RTKM;D;20231215;000000;68;70.46;67.57;70.31;4233830;292852413.1
RTKM;D;20231218;000000;70.77;71.54;70.35;71.34;2489250;177206286.5
RTKM;D;20231219;000000;71.3;72.69;71.13;72.56;3128150;224831147.5
RTKM;D;20231220;000000;72.6;73.9;72.31;72.55;3180590;233218101.9
RTKM;D;20231221;000000;72.71;73.27;70.72;71.5;3817870;273796694.1
RTKM;D;20231222;000000;71.74;72.42;71.25;71.4;2282200;163651429.3
RTKM;D;20231225;000000;71.46;71.91;70;70.27;3425450;242396584.8
RTKM;D;20231226;000000;70.46;70.86;69.39;69.87;3602620;251713670.5
RTKM;D;20231227;000000;69.87;70.1;69.11;70;5109130;355527271
RTKM;D;20231228;000000;70.15;70.83;68.72;68.98;5239760;364743333.5
RTKM;D;20231229;000000;69.29;69.29;68.16;68.49;3119460;213746316.8
RTKM;D;20240103;000000;68.95;70.5;68.61;70.41;2561820;178257922.5
RTKM;D;20240104;000000;70.69;70.76;69.5;70.09;1637310;114771310.6
RTKM;D;20240105;000000;70.1;70.38;69.6;70.28;1167840;81860490.1
RTKM;D;20240108;000000;70.39;71.68;70.29;71.29;2857800;203251705.6
RTKM;D;20240109;000000;71.48;71.64;70.72;71.48;2523240;179482247.8
RTKM;D;20240110;000000;71.6;72.53;71.56;71.97;3084370;222450973.1
RTKM;D;20240111;000000;72.27;73.24;71.7;72.73;3032300;219835094.2
RTKM;D;20240112;000000;72.99;72.99;72.37;72.52;1777280;129195625.1
RTKM;D;20240115;000000;72.85;74.46;72.62;74.37;6000810;443211219.7
RTKM;D;20240116;000000;74.25;74.9;73.57;74.89;2766200;205708838
RTKM;D;20240117;000000;74.9;76.9;74.68;76.65;6723060;511809589.8
RTKM;D;20240118;000000;77;77.5;75.74;76.1;6061900;466252858.4
RTKM;D;20240119;000000;76.1;76.51;74.9;75.53;2676910;202351649.1
RTKM;D;20240122;000000;75.88;76.99;75.5;76.96;2233140;170808741.5
RTKM;D;20240123;000000;76.99;77.3;76.16;76.32;1632820;125160106.4
RTKM;D;20240124;000000;76.28;76.84;75.34;75.61;1882120;142667314.2
RTKM;D;20240125;000000;75.83;75.83;75.04;75.25;1256170;94641836.4
RTKM;D;20240126;000000;75.23;77.19;75.12;76.87;2665670;203059952.8
RTKM;D;20240129;000000;77.36;77.96;76.36;76.59;3498170;270427361.2
RTKM;D;20240130;000000;76.75;76.75;75.99;76.16;1976720;150672329.6
RTKM;D;20240131;000000;76.2;76.8;76.2;76.8;1326900;101549655.4
RTKM;D;20240201;000000;76.9;76.9;75.79;76.12;1482380;113317971.5
RTKM;D;20240202;000000;76.25;76.46;75.7;75.75;1842980;140082366.4
RTKM;D;20240205;000000;75.55;75.96;74.56;75.45;4458680;335174808
RTKM;D;20240206;000000;75.49;76.45;75.19;76.33;2206750;167727467.7
RTKM;D;20240207;000000;76.1;76.73;75.73;75.87;1584040;121002796.4
RTKM;D;20240208;000000;75.95;76.14;75.11;75.22;1872520;141393210.7
RTKM;D;20240209;000000;75.22;75.49;74.24;74.56;1702430;127784766.7
RTKM;D;20240212;000000;74.77;75.19;73.83;75.08;3141760;233788791.3
RTKM;D;20240213;000000;75.08;79.86;74.83;79.83;15880080;1239059709.3
RTKM;D;20240214;000000;79.93;81.6;78.8;80.5;23009570;1850234051.9
RTKM;D;20240215;000000;80.42;83.87;80.29;83.71;21631680;1782224443.8
RTKM;D;20240216;000000;83.9;85.5;83.1;84.15;16899600;1424540152.1
RTKM;D;20240219;000000;83.71;87.37;83.66;86.82;13877710;1189998707.6
RTKM;D;20240220;000000;86.82;89.2;84.63;85.68;24600560;2143005282.7
RTKM;D;20240221;000000;85.8;88.15;84.7;86.77;18739560;1618950235.4
RTKM;D;20240222;000000;86.77;87.63;85;85.9;9034380;776275188.9
RTKM;D;20240226;000000;87.55;89.2;87.04;88.24;15408210;1362750939.7
RTKM;D;20240227;000000;88.25;90.77;87.61;90.54;23331660;2084584087
RTKM;D;20240228;000000;90.77;93.08;90.56;91.49;12760840;1172887926.8
RTKM;D;20240229;000000;91.4;92.22;90.62;91.25;6138770;560179871.1
RTKM;D;20240301;000000;91.1;93.1;90.92;93.06;6127480;565518746.8
RTKM;D;20240304;000000;93.11;93.9;90.73;91.7;8695450;804174462.9
RTKM;D;20240305;000000;91.6;92.48;89.42;91.39;10043910;913372801.1
RTKM;D;20240306;000000;91.2;91.62;90.34;90.82;3051900;277514848.1
RTKM;D;20240307;000000;91;92.94;90.81;92.81;3081230;282320587.6
RTKM;D;20240311;000000;93;93.8;92.09;92.41;4705220;436477715.4
RTKM;D;20240312;000000;92.42;92.68;91.5;91.98;2823270;259592645.2
RTKM;D;20240313;000000;91.75;92.2;90.87;91.09;2295290;209871370.4
RTKM;D;20240314;000000;91.09;91.18;89.61;90.05;4118780;371653715.5
RTKM;D;20240315;000000;89.7;92.48;89.7;92;7984990;731700289.6
RTKM;D;20240318;000000;92.1;92.5;90.89;91.46;4400710;403422310.7
RTKM;D;20240319;000000;91.18;91.92;90.37;90.44;4156660;378942593.3
RTKM;D;20240320;000000;90.5;96.44;90;96;11871170;1111563167.5
RTKM;D;20240321;000000;95.7;98;94;95.06;11848070;1132241192.6
RTKM;D;20240322;000000;95.06;96.24;91.9;92.58;7288290;683214014.7
RTKM;D;20240325;000000;93;93.89;91.99;93.5;4678840;435338000.9
RTKM;D;20240326;000000;93.93;97.15;93.54;94.02;13838280;1314693721.9
RTKM;D;20240327;000000;94.45;95.95;93.52;95.1;10016490;948099721.3
RTKM;D;20240328;000000;95.5;98.2;94.2;97.49;7970240;766279040.8
RTKM;D;20240329;000000;97.51;102.17;96.88;102;17177230;1726086020.8
RTKM;D;20240401;000000;102.46;104.8;101.52;103.05;13437240;1390648455.6
RTKM;D;20240402;000000;103.05;103.45;100.3;100.93;7237190;736510718.2
RTKM;D;20240403;000000;100.95;102.85;100;100.13;6407560;647337194.5
RTKM;D;20240404;000000;100;100.3;98.36;99.29;6532870;649430832.7
RTKM;D;20240405;000000;99.3;99.8;97.52;97.9;4266310;419414462.7
RTKM;D;20240408;000000;98.5;99;96.91;97.81;5421010;530395843.4
RTKM;D;20240409;000000;98;100;96.74;97.39;10046930;988204676.3
RTKM;D;20240410;000000;98.1;98.1;96;97.17;4586230;446036121.7
RTKM;D;20240411;000000;97.2;97.67;96.26;96.32;2267530;219624927.1
RTKM;D;20240412;000000;96.36;97.8;96.36;97.25;8036640;781639610.9
RTKM;D;20240415;000000;97.3;99.7;97.3;99;6791270;670827877
RTKM;D;20240416;000000;99.01;100.3;98.24;99.29;3524780;350571958.2
RTKM;D;20240417;000000;99.55;99.55;97.72;98.35;2413340;237237224.3
RTKM;D;20240418;000000;98.2;99.99;97.05;99.43;5921790;583784537.2
RTKM;D;20240419;000000;99.75;99.91;99.08;99.44;1920370;191059158.5
RTKM;D;20240422;000000;99.8;99.88;97.79;98.06;4294910;423503190.9
RTKM;D;20240423;000000;98.01;98.39;95.07;95.81;5805560;561009745.6
RTKM;D;20240424;000000;96.24;96.46;94.98;95.68;2293260;219699668.7
RTKM;D;20240425;000000;95;97.8;95;97.78;3054050;296217541.2
RTKM;D;20240426;000000;97.78;98.35;96.75;97.3;2690940;261979974.5
RTKM;D;20240427;000000;97.3;97.65;96.75;97.35;1100290;106884117
RTKM;D;20240429;000000;97.35;97.46;96.6;96.9;1408530;136534568.1
RTKM;D;20240430;000000;97.01;97.01;96.55;96.76;490500;47429537.1
RTKM;D;20240502;000000;96.79;96.88;95.31;95.79;1935820;185620929.4
RTKM;D;20240503;000000;95.7;95.88;95.22;95.62;1469110;140311111.4
RTKM;D;20240506;000000;95.7;97.39;95.62;96.99;4167380;402590838.3
RTKM;D;20240507;000000;97.05;97.56;96.05;96.36;1630570;157491944.7
RTKM;D;20240508;000000;96.02;97.2;96.01;96.66;2539290;245445650.9
RTKM;D;20240510;000000;96.7;97.37;96.63;96.84;532610;51608576.8
RTKM;D;20240513;000000;96.84;97.36;96.06;96.34;2835770;273418710.2
RTKM;D;20240514;000000;96.68;97.05;95.33;95.72;3877330;371250942.3
RTKM;D;20240515;000000;95.81;96.65;95.51;96.24;4196830;403331596.9
RTKM;D;20240516;000000;95.9;102.5;94.69;102.12;41688400;4160070700.5
RTKM;D;20240517;000000;102.5;107.99;101.89;107.87;36759080;3851965375.2
RTKM;D;20240520;000000;107.99;108;103.8;104.41;13252390;1400756794.6
RTKM;D;20240521;000000;104.45;105.65;102.74;103.42;11246850;1166838289
RTKM;D;20240522;000000;103.63;107.19;103.5;106.8;15063540;1595187334.9
RTKM;D;20240523;000000;106.79;107.29;103.69;106.4;8402670;888198101.7
RTKM;D;20240524;000000;106.7;107.01;103.03;105.37;9882970;1036733358.3
RTKM;D;20240527;000000;104.99;105.74;99.64;100.84;8034750;820136005.1
RTKM;D;20240528;000000;100.84;102;99.35;100.4;3655080;368727727
RTKM;D;20240529;000000;100.65;100.96;96.02;97.07;12514120;1222958338.2
RTKM;D;20240530;000000;97.4;97.67;92.4;94.12;6405050;609352609.9
RTKM;D;20240531;000000;94.12;94.8;90.56;91.71;5120910;476269727.6
RTKM;D;20240603;000000;91.99;93.3;88.1;92.55;7239350;658010301.3
RTKM;D;20240604;000000;92.98;94.97;89.8;94.71;4958970;461810713.1
RTKM;D;20240605;000000;95.09;95.39;92.22;92.8;3610800;338345898.3
RTKM;D;20240606;000000;92.8;93.73;91.44;92.95;1815130;168465944.5
RTKM;D;20240607;000000;92.9;96.01;92.9;94.82;3733820;353737858.5
RTKM;D;20240610;000000;96;96;92.21;92.82;3407140;320146865.2
RTKM;D;20240611;000000;92.82;93.07;88.99;90.01;4039940;366480922.1
RTKM;D;20240613;000000;87.99;93.29;83.42;92.82;5937380;537016772.4
RTKM;D;20240614;000000;92.9;93.58;92.19;92.96;2438550;226623071.7
RTKM;D;20240617;000000;93.03;93.46;89.46;89.99;5356660;487286279.5
RTKM;D;20240618;000000;90.16;90.99;87.1;87.21;4959330;444829151.5
RTKM;D;20240619;000000;87.56;89.25;84.97;87.36;9591320;838839107.6
RTKM;D;20240620;000000;87.93;91.8;87.04;89.25;11746930;1048589717.4
RTKM;D;20240621;000000;89.47;93.53;88.81;93.5;11146190;1024258162.7
RTKM;D;20240624;000000;93.8;94.9;92.62;93.45;8427740;792620745.6
RTKM;D;20240625;000000;93.81;93.96;91.09;91.93;5215270;482251852.1
RTKM;D;20240626;000000;91.95;93.65;91.95;92.75;4527330;420985251.2
RTKM;D;20240627;000000;92.74;92.91;90.23;91.03;4041900;367923196.7
RTKM;D;20240628;000000;90.91;92.29;90.55;91;2626970;239617038.5
RTKM;D;20240701;000000;90.6;91.32;89.53;90;3355360;302168945.7
RTKM;D;20240702;000000;90.18;90.23;89.01;89.27;3396080;304236323.3
RTKM;D;20240703;000000;89.23;89.53;86.83;87.01;3375230;298083653.2
RTKM;D;20240704;000000;87.02;88.85;85.22;85.41;6686420;584987874.7
RTKM;D;20240705;000000;85.35;85.68;83.4;84.32;6083510;513820547.3
RTKM;D;20240708;000000;84.32;86.5;83.89;85.96;5411810;464103764.8
RTKM;D;20240709;000000;86.29;86.34;84.56;85.39;3976210;339193320.9
RTKM;D;20240710;000000;84.96;85.88;80.01;80.2;6009560;497034256.3
RTKM;D;20240711;000000;80.25;84.53;80.25;84.12;4842530;401745175.5
RTKM;D;20240712;000000;84.15;85.48;82;84.81;3000610;250839358.8
RTKM;D;20240715;000000;84.75;85.24;81.5;81.98;3410550;281760847.2
RTKM;D;20240716;000000;81.99;84.8;80.02;83.75;4541550;373319911.8
RTKM;D;20240717;000000;83.78;87.72;83.01;86.81;7482160;645528810.1
RTKM;D;20240718;000000;87.15;88.76;86.22;88.08;4096510;357905110.4
RTKM;D;20240719;000000;88.4;89.53;86.92;87.53;3911980;344663529.6
RTKM;D;20240722;000000;88;88.86;85.5;86.08;3353600;290826944.8
RTKM;D;20240723;000000;86.06;87.12;85.62;86.4;1805900;155983456.6
RTKM;D;20240724;000000;86.5;86.78;85.7;86.45;1489670;128392202.8
RTKM;D;20240725;000000;86.45;88.29;85.54;87.67;2719060;236969976.7
RTKM;D;20240726;000000;87.86;88.61;84.02;84.49;4451080;384633677.5
RTKM;D;20240729;000000;84.1;84.23;82.16;82.49;2587660;214731926
RTKM;D;20240730;000000;82.47;83.47;81.83;83.22;2073190;171403300.1
RTKM;D;20240731;000000;82.71;84;82.24;83.09;1551950;128675469.7
RTKM;D;20240801;000000;83.15;83.58;81.9;82.41;1264090;104458046.1
RTKM;D;20240802;000000;82.4;83.27;80.71;81.11;3395650;277410073.9
RTKM;D;20240805;000000;80.61;80.98;78.18;78.89;6113830;484744041.7
RTKM;D;20240806;000000;79.06;79.8;78.32;78.74;4286940;338600597.6
RTKM;D;20240807;000000;78.99;82;78;81.91;7971530;635376672.1
RTKM;D;20240808;000000;82;82.4;80.31;80.5;3101810;251964854
RTKM;D;20240809;000000;80.19;82.9;80.02;82.9;2430240;197454006.4
RTKM;D;20240812;000000;82.8;82.97;80.73;82.57;5554080;454463755.5
RTKM;D;20240813;000000;82.57;87;81.44;86.99;12988870;1092831125
RTKM;D;20240814;000000;87.5;87.69;85.29;85.72;5331310;460874464.7
RTKM;D;20240815;000000;85.75;85.78;84.27;84.37;2178220;184994926.9
RTKM;D;20240816;000000;84.91;85.69;83.93;84.53;2434480;206828906.3
RTKM;D;20240819;000000;84.8;85.42;81.21;81.9;4750490;395262497.6
RTKM;D;20240820;000000;81.9;82.8;80.89;81.72;2112940;173236458.2
RTKM;D;20240821;000000;81.98;82.5;81.01;82.46;1883630;153528977.7
RTKM;D;20240822;000000;82.45;82.66;79.02;79.11;2809080;226678192.2
RTKM;D;20240823;000000;79;79.98;75.3;77.1;5837320;450899878.7
RTKM;D;20240826;000000;77.89;81.51;77.55;81.28;5100420;403966422
RTKM;D;20240827;000000;81.28;81.35;78.74;79.45;4106050;327998933.7
RTKM;D;20240828;000000;79.45;80.28;77.31;79.23;4271780;336715250.3
RTKM;D;20240829;000000;79.51;79.89;77.81;78.72;2530510;199274572.1
RTKM;D;20240830;000000;78.72;79.28;75.77;76.35;3711320;285913483.2
RTKM;D;20240902;000000;76.27;76.76;69.71;70.79;11529710;830889800.1
RTKM;D;20240903;000000;70.79;72.38;69.55;70.28;8234820;583387700.3
RTKM;D;20240904;000000;70.28;72.67;69.77;72.34;9014630;641138478.7
RTKM;D;20240905;000000;72.96;74.96;72.3;73.26;9393710;695033501.4
RTKM;D;20240906;000000;73.79;73.98;72;73.57;4167960;304415839
RTKM;D;20240909;000000;73.9;76.55;73.8;76.3;6697470;503944053.6
RTKM;D;20240910;000000;76.49;76.88;75;75.8;5276900;400683260.3
RTKM;D;20240911;000000;75.8;76.47;73.26;73.41;3306470;248695086.7
RTKM;D;20240912;000000;74.19;74.19;72.39;73.61;3721630;272120100.6
RTKM;D;20240913;000000;73.61;75.93;71.56;75.65;6228930;458139001
RTKM;D;20240916;000000;76.8;78.5;76.02;78.36;7964620;617004287.9
RTKM;D;20240917;000000;78.91;79.9;77.86;79.33;6153440;484729006.9
RTKM;D;20240918;000000;79.57;80.26;78.75;78.9;3784750;301074824.4
RTKM;D;20240919;000000;78.85;79.18;77.1;78.06;6899440;539365003.8
RTKM;D;20240920;000000;78.01;80.2;78.01;79.7;5387920;428338279.5
RTKM;D;20240923;000000;80.4;81.45;80;80.97;5500880;443079000.3
RTKM;D;20240924;000000;81.29;81.7;80.23;81.01;4775300;385957366.6
RTKM;D;20240925;000000;81;81.94;79.68;80.63;7330710;593712419.2
RTKM;D;20240926;000000;80.38;80.51;79.41;80.48;7969380;636913660.3
RTKM;D;20240927;000000;75.1;77.43;74.8;76.67;13340610;1016489512.1
RTKM;D;20240930;000000;76.48;77.89;75.64;75.83;5155490;395588912.9
RTKM;D;20241001;000000;75.66;76.37;74.63;74.67;3468970;261763086.2
RTKM;D;20241002;000000;75.01;75.4;72.92;72.99;4804340;356089823.2
RTKM;D;20241003;000000;73.01;73.43;70.47;72.32;10813480;773008070.9
RTKM;D;20241004;000000;72.81;74.21;72.18;74.09;3348200;245353791.8
RTKM;D;20241007;000000;74.1;74.27;71.09;71.88;5691320;410466798.9
RTKM;D;20241008;000000;71.8;74.9;71.51;74.32;14077790;1036694651.4
RTKM;D;20241009;000000;74.48;74.48;72.21;73.17;3098770;226794973.1
RTKM;D;20241010;000000;73.27;74.21;72.62;72.81;2108660;154644788.4
RTKM;D;20241011;000000;73.04;73.22;72;72.6;1928220;140226281.2
RTKM;D;20241014;000000;72.74;74.2;71.52;72.64;4797570;349676793.9
RTKM;D;20241015;000000;72.64;73.42;72.19;73.08;2180890;159207088.9
RTKM;D;20241016;000000;73.25;74.35;72.94;73.65;3333110;245918063.7
RTKM;D;20241017;000000;73.75;74.3;72.51;72.54;2586940;190166403
RTKM;D;20241018;000000;72.34;72.94;71.36;71.7;2456480;176600722.5
RTKM;D;20241021;000000;71.72;72.39;70.85;70.99;2375390;169923806.9
RTKM;D;20241022;000000;71.44;71.44;70.51;70.51;1762420;125069119.2
RTKM;D;20241023;000000;70.5;70.7;69;69.06;2675880;186910423.2
RTKM;D;20241024;000000;69.06;69.39;67.5;68.25;4155470;283021618.5
RTKM;D;20241025;000000;68.42;68.58;65.63;66.09;7109210;477143444.6
RTKM;D;20241028;000000;65;65.53;61.7;62.05;13819850;875857063.7
RTKM;D;20241029;000000;62.28;62.9;60.09;62.19;8248040;507507861.9
RTKM;D;20241030;000000;62.26;63.36;60.97;61.36;5936280;370583664.2
RTKM;D;20241031;000000;61.7;61.7;58.9;59.26;9490970;569261953.1
RTKM;D;20241101;000000;59.32;61.98;59.1;61.76;9687110;587163870.4
RTKM;D;20241102;000000;61.76;61.95;61.12;61.65;2620290;161197981.5
RTKM;D;20241105;000000;61.7;62.48;60.33;62;3894500;238860565.6
RTKM;D;20241106;000000;64.05;64.84;62.23;63.01;7137930;451683462.2
RTKM;D;20241107;000000;62.8;64.9;61.7;64.86;3942390;249512261.8
RTKM;D;20241108;000000;65.1;66.74;64.31;66.73;7932300;520758944.9
RTKM;D;20241111;000000;66.96;68.75;66.54;68.26;4772280;321926124
RTKM;D;20241112;000000;67.5;67.8;64.5;64.52;17107970;1133311441
RTKM;D;20241113;000000;63.65;65.11;63.05;63.45;10241310;656041024.9
RTKM;D;20241114;000000;63.27;64.59;62.6;63.17;5894420;376316650.7
RTKM;D;20241115;000000;63.4;64.4;62.43;64.16;3527470;223321738.5
RTKM;D;20241118;000000;62.11;62.7;62;62;5761650;359123592.3
RTKM;D;20241119;000000;62.1;62.37;58.9;59.62;14653070;877855978.1
RTKM;D;20241120;000000;59.92;60.33;56.95;57.62;11415370;666943122.7
RTKM;D;20241121;000000;57.54;58.05;55.01;56.45;11756620;660121970.4
RTKM;D;20241122;000000;56.6;56.89;55.63;55.75;4847070;272422971.2
RTKM;D;20241125;000000;55.8;56.05;52.92;53.47;6385280;345943781.9
RTKM;D;20241126;000000;53.2;54.48;51.01;52.88;10615870;560570713.7
RTKM;D;20241127;000000;52.69;54.15;51.26;53.98;8479790;446706761
RTKM;D;20241128;000000;54.19;55.27;53.1;54.86;5807580;314696536.1
RTKM;D;20241129;000000;54.69;55.58;53.8;54.36;5154090;282683844.5
RTKM;D;20241202;000000;54.98;55.83;54.4;55.21;4554930;251156397.4
RTKM;D;20241203;000000;55.33;55.98;52.55;53.21;4908640;265169684
RTKM;D;20241204;000000;53.5;54.75;51.65;52.02;7943560;422446231.4
RTKM;D;20241205;000000;52;52.92;50.46;52.69;8792550;455084857.6
RTKM;D;20241206;000000;52.98;54.59;52.18;53.62;5311170;282837565.1
RTKM;D;20241209;000000;53.96;55.6;53.78;55.24;6234600;342519525.9
RTKM;D;20241210;000000;55.24;55.24;52.72;53.37;7657090;411297960.7
RTKM;D;20241211;000000;53.33;53.58;52.3;53.13;7994220;421384558.4
RTKM;D;20241212;000000;53.46;53.98;51.57;51.73;10829690;572009155.8
RTKM;D;20241213;000000;51.73;52.34;51;51.91;6960470;359104738.2
RTKM;D;20241216;000000;51.9;51.96;49.95;50.42;7060380;357477942.6
RTKM;D;20241217;000000;50.38;51.03;50.06;50.5;5020930;253752179.4
RTKM;D;20241218;000000;50.73;52.04;50.28;51.7;3279940;167265394.2
RTKM;D;20241219;000000;51.73;53.7;51.17;51.66;7762800;405096209.1
RTKM;D;20241220;000000;51.8;57.35;51.05;57.3;13284060;731419654.1
RTKM;D;20241223;000000;57.55;60.95;57.48;58.75;12643360;749652057.5
RTKM;D;20241224;000000;58.75;59.1;57.44;57.72;4168240;242627351.7
RTKM;D;20241225;000000;57.69;58.69;57.48;58.46;4530520;263150358.7
RTKM;D;20241226;000000;58.7;59.85;58.47;59.27;6303950;373936218.6
RTKM;D;20241227;000000;59.3;60.33;59.04;59.97;5576440;333205468.1
RTKM;D;20241228;000000;59.8;61.87;59.51;61.62;6403550;388436377.1
RTKM;D;20241230;000000;62.6;66.07;62;65.18;8184530;526992451.1
RTKM;D;20250103;000000;65.55;65.58;63.41;64.3;3457280;221852096.3
RTKM;D;20250106;000000;63.57;64.89;62.2;64.75;2719310;172572090.4
RTKM;D;20250108;000000;64.85;66.7;64.45;65.69;2495060;163400686.7
RTKM;D;20250109;000000;65.94;66.13;62.36;62.61;5642670;357459618.7
RTKM;D;20250110;000000;63.23;65.5;60.7;65.26;8037880;510388072.7
RTKM;D;20250113;000000;66.2;67.16;63.63;64.2;10710190;697207923.2
RTKM;D;20250114;000000;64.2;64.75;62.59;63.81;9406130;598393260.3
RTKM;D;20250115;000000;63.82;65.44;62.87;65.15;11142840;710453496
RTKM;D;20250116;000000;65.4;66.32;64.37;65.92;8272010;540636328.8
RTKM;D;20250117;000000;65.8;68.88;65.19;67.8;9519380;639919484.4
RTKM;D;20250120;000000;68.7;68.96;65.77;66.1;7267480;490513485.6
RTKM;D;20250121;000000;66.2;67.53;64.39;67.26;8823440;580319484.9
RTKM;D;20250122;000000;67.72;68;66.57;67.09;5247190;353317482.2
RTKM;D;20250123;000000;66.9;67.58;64.8;66.48;5107200;336997793
RTKM;D;20250124;000000;66.54;66.97;65.3;65.97;4178650;276220594.8
RTKM;D;20250127;000000;65.97;66.39;64.18;64.45;3602760;233694778.2
RTKM;D;20250128;000000;64.45;65.43;64;65.24;3222790;208874274.9
RTKM;D;20250129;000000;65.23;66.6;65.02;65.93;4381520;288973020.8
RTKM;D;20250130;000000;65.8;66.55;65.43;66.21;2000790;132187206.6
RTKM;D;20250131;000000;66.24;67.32;65.49;65.64;4658670;309668724.8
RTKM;D;20250203;000000;65.64;65.64;64.56;65.27;2433130;158336081.2
RTKM;D;20250204;000000;65.27;66.55;64.71;65.02;9719390;637980832.2
RTKM;D;20250205;000000;65;65.7;62.85;65.41;6916780;444227255.4
RTKM;D;20250206;000000;65.23;65.7;64.6;65.17;2991190;194772529.1
RTKM;D;20250207;000000;65.48;65.6;64.32;64.84;2479920;161312919.9
RTKM;D;20250210;000000;65.17;66.98;64.8;65.19;7003440;461884772.5
RTKM;D;20250211;000000;65.26;69.7;65.25;69.66;15465460;1053310346.4
RTKM;D;20250212;000000;69.69;74.64;67.4;74.19;30134310;2120197473.7
RTKM;D;20250213;000000;74.2;74.64;70.11;72.19;16345380;1180326090.5
RTKM;D;20250214;000000;70.78;75;70.78;72.38;12503320;914648822.7
RTKM;D;20250217;000000;73;75;73;74.88;7487110;555053569.4
RTKM;D;20250218;000000;74.9;75;71.5;71.94;8777170;640071544.8
RTKM;D;20250219;000000;71.86;75.6;71.86;74.85;9227620;679491758.7
RTKM;D;20250220;000000;74.67;79;74.11;78.6;20887270;1616783893.9
RTKM;D;20250221;000000;78.4;80.92;77.69;80.3;14049430;1114628958.2
RTKM;D;20250224;000000;80.3;80.46;78.64;80.16;8624370;685313145.7
RTKM;D;20250225;000000;79.8;80.63;78.2;79.57;6393030;508085458.5
RTKM;D;20250226;000000;79.57;80.15;73.5;73.61;22689900;1738255765.8
RTKM;D;20250227;000000;73.44;73.96;70.11;70.44;14194580;1021135073.2
RTKM;D;20250228;000000;69.77;73.38;68.7;72.12;12606470;892950772
RTKM;D;20250303;000000;72.49;72.49;68.31;69.52;10895830;754173091.1
RTKM;D;20250304;000000;69.21;72.74;69.21;72.2;8880370;634589144
RTKM;D;20250305;000000;72.2;74.28;71.22;71.81;10489450;765771594
RTKM;D;20250306;000000;71.9;73.44;71.53;72.55;4925600;357686484.7
RTKM;D;20250307;000000;72.55;73.15;69.55;71.04;5878660;420025653.9
RTKM;D;20250310;000000;71.48;72.03;70.9;71.19;3577550;255427764.5
RTKM;D;20250311;000000;71.15;71.44;69.14;69.78;6876910;484294286.8
RTKM;D;20250312;000000;69.11;70.17;67.42;68.04;9976910;679310645.4
RTKM;D;20250313;000000;68.22;69.75;66.55;68.22;8980400;608440932.9
RTKM;D;20250314;000000;68.22;70.2;66.81;69.85;10884700;743771383.7
RTKM;D;20250317;000000;69.85;72.1;69.61;70.79;5863450;415191511
RTKM;D;20250318;000000;70.81;71.5;69.44;69.79;5720160;404117441.4
RTKM;D;20250319;000000;70;70.59;68.87;70.34;3787320;264522603.8
RTKM;D;20250320;000000;70.2;71.38;68.8;70.56;8004740;561199797.5
RTKM;D;20250321;000000;70.49;71;69.8;70.39;5910350;415686427.3
RTKM;D;20250324;000000;70.3;72.36;69.62;71.46;10370070;740732360.7
RTKM;D;20250325;000000;71.46;73.18;70.54;72.5;13217260;948472888.4
RTKM;D;20250326;000000;72.7;73.2;70.51;71.14;6178540;442087958.9
RTKM;D;20250327;000000;71.09;71.4;68.08;68.28;9053590;636313543.5
RTKM;D;20250328;000000;68.21;68.91;65.15;65.97;10520310;706766494.9
RTKM;D;20250331;000000;65.91;66.97;63.26;66.11;8402530;548387076
RTKM;D;20250401;000000;66.11;68.22;63.69;63.69;10220430;682174118.5
RTKM;D;20250402;000000;64.36;65.93;63.72;65.42;7563780;490191296.6
RTKM;D;20250403;000000;65.45;66.07;61.5;62.7;11244200;710255777.5
RTKM;D;20250404;000000;63.02;63.56;58.87;59.37;11339160;692388358.9
RTKM;D;20250407;000000;59.37;60.6;54.21;59.2;18279430;1053035569.5
RTKM;D;20250408;000000;58.88;61.52;58.88;59.23;9765900;588956779
RTKM;D;20250409;000000;59.73;62;56;61.73;13053350;766621876
RTKM;D;20250410;000000;61.7;62.9;59.52;60.28;9785780;595761280.4
RTKM;D;20250411;000000;60.21;62.98;58.12;59.24;26108990;1568382198.4
RTKM;D;20250414;000000;59.73;59.88;55.38;55.77;37068500;2109414390.4
RTKM;D;20250415;000000;55.77;56.39;54.31;55.69;23128210;1277768096.2
RTKM;D;20250416;000000;55.6;57.78;55.01;56.65;16930960;957745506.4
RTKM;D;20250417;000000;56.63;57.7;56.53;57.42;6721970;383702333.2
RTKM;D;20250418;000000;56.8;57.33;56.02;56.96;5614960;318554397.4
RTKM;D;20250421;000000;57.16;57.99;56.9;57.77;4304910;247679929.5
RTKM;D;20250422;000000;57.7;61.3;57.57;60.86;14297490;849598428.1
RTKM;D;20250423;000000;60.72;60.86;58.53;59.7;7929790;471631648.7
RTKM;D;20250424;000000;59.75;61.87;59.7;60.94;9717920;593059728.9
RTKM;D;20250425;000000;60.94;62;60.67;61.47;7725950;473848699.5
RTKM;D;20250428;000000;61.55;62.22;58.97;59.85;20569690;1237177493.9
RTKM;D;20250429;000000;59.95;60.43;57.54;57.81;7196120;421806324
RTKM;D;20250430;000000;57.85;58;56.29;57.7;7991060;458199010.2
RTKM;D;20250502;000000;57.7;57.87;55.55;55.6;4432490;248584273.8
RTKM;D;20250505;000000;55.51;56.94;54.6;55.37;7889890;439660717.4
RTKM;D;20250506;000000;55.1;56.25;54.72;55.28;7242340;401243680.6
RTKM;D;20250507;000000;55.28;56.4;54.85;56.15;4688320;260783857.3
RTKM;D;20250508;000000;56.47;57.92;56.3;57.26;4892120;279456284.4
RTKM;D;20250512;000000;57.26;58.85;56.85;58.36;9992920;581035840
RTKM;D;20250513;000000;58.45;58.69;55.84;57.17;16151070;919869621.5
RTKM;D;20250514;000000;57.2;57.97;56.4;56.58;8288330;474086987.8
RTKM;D;20250515;000000;56.5;56.92;55;56.2;6286940;353479999.4
RTKM;D;20250516;000000;56.2;56.46;55;55.93;6996520;389940319.3
RTKM;D;20250519;000000;55.99;57.65;55.8;55.95;11875450;668386983.7
RTKM;D;20250520;000000;56.16;56.2;54.74;55;8416680;464313205.7
RTKM;D;20250521;000000;55.05;55.49;54.5;54.5;5035480;276339186.1
RTKM;D;20250522;000000;54.5;55.47;53.23;54.41;10780220;585073138.1
RTKM;D;20250523;000000;54.61;54.77;53.81;54.04;4815360;261432533.3
RTKM;D;20250526;000000;54.03;54.25;52.48;52.79;6171640;328955228.2
RTKM;D;20250527;000000;52.79;55.6;51.55;55.34;11771870;641889794
RTKM;D;20250528;000000;55.22;56.5;55.05;55.82;9122130;509074721.4
RTKM;D;20250529;000000;56.01;56.7;54.97;55.22;10439850;584430996.9
RTKM;D;20250530;000000;55.22;58;54.91;57.87;20473950;1158767508.7
RTKM;D;20250602;000000;58;58.92;56.22;58.48;18564740;1074282614.6
RTKM;D;20250603;000000;58.49;60.1;58;59.99;10475330;620499325.7
RTKM;D;20250604;000000;60.06;60.91;58.24;58.55;10516820;625809260.7
RTKM;D;20250605;000000;58.55;60.38;58.55;59.47;8956030;534526447.1
RTKM;D;20250606;000000;58.91;61.83;56.45;56.98;21013270;1234910071
RTKM;D;20250609;000000;57.17;57.49;55.5;56.27;8869750;498916540.2
RTKM;D;20250610;000000;56.35;56.68;55.04;55.45;4021830;223607842.3
RTKM;D;20250611;000000;55.5;55.97;54.82;54.93;4763360;263213293.7
RTKM;D;20250613;000000;55.5;55.69;54.65;54.95;1938210;106663078.6
RTKM;D;20250616;000000;54.95;55.59;53.72;53.88;6056090;329844674.6
RTKM;D;20250617;000000;53.88;55.15;53.84;54.99;5134050;279701086
RTKM;D;20250618;000000;55;55.14;54.14;54.66;3508790;191920405.7
RTKM;D;20250619;000000;54.7;54.91;54.02;54.35;4252280;231281682.7
RTKM;D;20250620;000000;54.15;54.72;53.91;54.07;3161230;171783588.7
RTKM;D;20250623;000000;54.07;54.23;52.22;52.91;12696540;672322980
RTKM;D;20250624;000000;53.22;54.25;52.6;54.02;4239600;225536438.1
RTKM;D;20250625;000000;54.19;56.6;53.93;56.41;15409970;860545431.7
RTKM;D;20250626;000000;56.32;57.1;55.41;56.24;7867090;442021517.4
RTKM;D;20250627;000000;56.24;56.9;55.55;56.68;7390680;416313480.5
RTKM;D;20250630;000000;56.89;58.76;56.5;57.96;13516940;782279073.9
RTKM;D;20250701;000000;58.09;58.35;57.13;57.74;5729530;331987727.7
RTKM;D;20250702;000000;57.63;58.33;57.43;57.75;5047290;292498469.8
RTKM;D;20250703;000000;57.41;59.2;57.2;58.23;10448940;610932831.6
RTKM;D;20250704;000000;58.04;59.14;57.25;58.38;6593680;385100542.7
RTKM;D;20250707;000000;58.38;59.31;57.34;57.52;5436930;314768587.8
RTKM;D;20250708;000000;57.5;59.99;56.93;59.01;11317320;664857784.6
RTKM;D;20250709;000000;58.85;59.85;57.5;59.6;8929000;525299849.2
RTKM;D;20250710;000000;59.59;61;59.39;60.28;8818630;533705270.7
RTKM;D;20250711;000000;60.49;60.49;57.31;57.57;10792400;632607102.7
RTKM;D;20250714;000000;57.57;60.05;57.17;60.03;12339890;724999743.6
RTKM;D;20250715;000000;60.01;60.17;58.69;59.29;12382480;734394802.4
RTKM;D;20250716;000000;59.4;62.2;59.23;61.64;18070560;1102366234.3
RTKM;D;20250717;000000;61.64;63.69;61.19;61.59;19597210;1218597612.6
RTKM;D;20250718;000000;61.49;63.55;61.06;63.44;19442930;1208652914.6
RTKM;D;20250721;000000;63.44;65.75;63.15;65.7;12775380;828096956.4
RTKM;D;20250722;000000;65.74;65.95;64.75;64.8;5417500;353578688.4
RTKM;D;20250723;000000;64.88;66.4;64.88;65.47;6477570;425585212.4
RTKM;D;20250724;000000;65.47;66.1;65.3;65.52;3179700;208981572.9
RTKM;D;20250725;000000;65.58;65.96;63.12;63.86;9823250;632109815.8
RTKM;D;20250728;000000;63.9;64.36;61.55;61.65;7990340;503628857.2
RTKM;D;20250729;000000;62;62.86;61.51;61.95;4896760;304843251.7
RTKM;D;20250730;000000;61.95;62.61;60.82;61.17;3232580;198680215.2
RTKM;D;20250731;000000;61.4;62.09;61.11;61.87;3300290;203036301.4
RTKM;D;20250801;000000;61.87;63.25;61.69;62.85;7704710;483061603.4
RTKM;D;20250804;000000;62.62;63.81;62.62;63.64;4257600;270034819.9
RTKM;D;20250805;000000;63.55;65.85;62.72;65.28;15785400;1015702226
RTKM;D;20250806;000000;65.28;69.2;65.11;68.83;47872620;3249987137.2
RTKM;D;20250807;000000;68.83;69;67.35;68.08;18657950;1273880516.9
RTKM;D;20250808;000000;68.08;68.95;67.84;68.92;8495480;580114727.5
RTKM;D;20250811;000000;69.72;71.49;69.42;70.44;15134510;1065439739.4
RTKM;D;20250812;000000;70.45;72.57;70.29;72.42;13425570;958600791.6
RTKM;D;20250813;000000;69.88;70.29;69.03;69.5;15973320;1113230075.3
RTKM;D;20250814;000000;69.27;69.87;67.43;69.4;11744960;804845635.6
RTKM;D;20250815;000000;69.45;71.9;69.08;71.3;10990840;778879682
RTKM;D;20250818;000000;70.18;71;68.57;70.59;7952560;555243025.7
RTKM;D;20250819;000000;70.59;71.27;69.59;69.93;2515380;177586337.2
RTKM;D;20250820;000000;69.93;71;69.53;70.5;4756200;334572624.9
RTKM;D;20250821;000000;70.75;71.95;69.02;69.56;12487820;884367103.2
RTKM;D;20250822;000000;69.56;70.63;68.8;69.96;4404220;306477946.6
RTKM;D;20250825;000000;69.98;72.29;68.91;72.04;10088300;715535402.7
RTKM;D;20250826;000000;72.2;73.95;72.08;73.55;11768070;862010190.3
RTKM;D;20250827;000000;73.63;74.38;72.67;73.99;7836520;577838077
RTKM;D;20250828;000000;73.89;74.5;72.2;72.53;5520920;404078522.6
RTKM;D;20250829;000000;72.11;73.3;71.61;72.16;3382870;244735291.3
RTKM;D;20250901;000000;72;73.49;71.8;72.16;2600520;188634146.8
RTKM;D;20250902;000000;71.98;72.6;69.55;70.78;4611240;326420311.3
RTKM;D;20250903;000000;70.78;70.9;69.09;70.2;5122270;356950007.9
RTKM;D;20250904;000000;70.1;71.2;69.21;69.7;4663770;327106642.9
RTKM;D;20250905;000000;69.7;70.04;69.01;69.98;3352610;233441146.5
RTKM;D;20250908;000000;69.97;70.76;68.85;69.75;4543640;316970270.1
RTKM;D;20250909;000000;69.97;70.19;69.25;69.86;4717280;329551063.5
RTKM;D;20250910;000000;69.85;69.97;68.22;68.96;6440550;446923138.3
RTKM;D;20250911;000000;69;69.47;67.35;68.13;4440290;302895939.8
RTKM;D;20250912;000000;68.13;68.66;65.61;65.74;9614580;643074565.5
RTKM;D;20250915;000000;66.05;67.13;62.55;63.13;12522850;807756260.7
RTKM;D;20250916;000000;63.13;64.42;61.99;63.44;8373680;529358753.6
RTKM;D;20250917;000000;63.33;64.33;62.51;63.68;4554740;288938746.7
RTKM;D;20250918;000000;63.68;63.84;62.55;62.57;5922550;372649649.3
RTKM;D;20250919;000000;62.6;63.62;62.08;62.55;6111640;383062517
RTKM;D;20250922;000000;62.48;62.5;59.33;61.02;12537810;759580096.2
RTKM;D;20250923;000000;61.28;62.24;60.01;60.55;6929020;425324413.7
RTKM;D;20250924;000000;60.5;62.79;59.9;61.73;8103700;499672551.9
RTKM;D;20250925;000000;61.73;62.1;60.58;60.85;4087960;251338756.3
RTKM;D;20250926;000000;60.69;61.91;59.82;61.82;3754230;229351086.1
RTKM;D;20250929;000000;61.85;62.24;58.36;58.45;8868920;532329940.4
RTKM;D;20250930;000000;58.45;58.98;57.41;58.4;6280580;365772025
RTKM;D;20251001;000000;58.42;59.17;57.18;57.68;3928010;228551979.4
RTKM;D;20251002;000000;57.8;58.18;56.52;56.93;4044560;231141743.1
RTKM;D;20251003;000000;57;58.09;55.8;56.11;4385980;248765954.1
RTKM;D;20251006;000000;56.33;58.9;55.6;58.1;7067460;406064359.9
RTKM;D;20251007;000000;58.1;59.91;57.81;59.31;6625730;392358628.5
RTKM;D;20251008;000000;59.51;59.67;55.84;56.65;9690850;554570811.7
RTKM;D;20251009;000000;56.76;59.77;54.28;58;15130000;867838804.6
RTKM;D;20251010;000000;58;58.3;56.25;56.98;4992580;285543390.8
RTKM;D;20251013;000000;56.85;59.59;56.24;58.93;9246550;539423534.4
RTKM;D;20251014;000000;58.82;60.63;57.94;59.75;15160290;902410107.5
RTKM;D;20251015;000000;59.93;60.97;58.6;60.32;8739560;523994393.2
RTKM;D;20251016;000000;60.47;65.5;60.21;65.15;10220040;636918974.4
RTKM;D;20251017;000000;66;66;63.44;64.23;6319740;405914560.3
RTKM;D;20251020;000000;64.3;66.76;64.3;66.5;6463080;425693622.6
RTKM;D;20251021;000000;66.6;66.73;62.39;64.05;8418330;545441997.7
RTKM;D;20251022;000000;63.71;64.98;62.07;62.9;7998560;510211529.7
RTKM;D;20251023;000000;61.93;63.8;61.33;63.47;4363950;273296548.6
RTKM;D;20251024;000000;63.4;65.59;61.2;61.32;8848940;552725130.7
RTKM;D;20251027;000000;61.21;61.25;57.59;58.18;12501960;733994192.6
RTKM;D;20251028;000000;58.2;59.32;57.63;58.75;5024770;294500816.4
RTKM;D;20251029;000000;58.98;59.99;58.63;59.55;3753220;222713638.6
RTKM;D;20251030;000000;59.55;60.4;59.14;60.03;3523720;211280593.8
RTKM;D;20251031;000000;60.03;60.89;58.4;58.95;5342350;319120088.6
RTKM;D;20251101;000000;58.95;59.84;58.81;59.67;2218440;132054103.3
RTKM;D;20251103;000000;59.73;61.17;59.55;60.62;2315560;140186299.6
RTKM;D;20251105;000000;60.56;63;60;61.29;6418220;393982663.5
RTKM;D;20251106;000000;61.25;62.95;60.98;62.6;2935730;181448825.3
RTKM;D;20251107;000000;62.54;63.58;61.54;61.79;5111220;319840588.4
RTKM;D;20251110;000000;61.95;63.03;61.57;61.71;4224920;262793092.8
RTKM;D;20251111;000000;61.68;61.76;60.7;61.48;3045110;186416745.9
RTKM;D;20251112;000000;61.47;62.21;60.21;60.89;6225640;380603883.7
RTKM;D;20251113;000000;60.89;61.35;58.86;59.25;7224600;431703555.6
RTKM;D;20251114;000000;59.25;60.11;58.05;58.34;7042430;415203469.9
RTKM;D;20251117;000000;58.34;58.8;56.52;56.93;7857710;450176797.8
RTKM;D;20251118;000000;57.01;57.54;56.5;57.14;11595950;662701798.4
RTKM;D;20251119;000000;57.4;58.86;57.15;58.06;14710390;854980850.3
RTKM;D;20251120;000000;58.3;59.3;57.38;59.12;16709470;978025568.7
RTKM;D;20251121;000000;59;59.4;57.7;58;13159980;766413596
RTKM;D;20251124;000000;58.12;58.72;57.32;57.64;6356570;368190954.4
RTKM;D;20251125;000000;57.69;59.32;57.44;58.51;7995760;466112140.6
RTKM;D;20251126;000000;58.39;59.15;58.08;58.76;4464530;261549957.4
RTKM;D;20251127;000000;58.85;59.61;57.75;57.99;7957040;466524603.4
RTKM;D;20251128;000000;58.01;58.97;57.99;58.75;4548830;266795337.5
RTKM;D;20251201;000000;58.68;59.94;58.32;59.01;7027250;415397817.4
RTKM;D;20251202;000000;59.02;59.36;58.15;58.77;5113720;300887359.7
RTKM;D;20251203;000000;58.2;58.56;57.22;57.89;8932050;515007463.1
RTKM;D;20251204;000000;58.01;58.68;57.93;58.09;3556270;207340327.9
RTKM;D;20251205;000000;58.25;59.73;58.12;59.3;9679580;572887023.8
RTKM;D;20251208;000000;59.35;60.6;58.58;58.73;7802880;466084038.7
RTKM;D;20251209;000000;58.7;60.18;58.58;60.09;5692000;338462205.5
RTKM;D;20251210;000000;60.1;61.22;59.65;60.59;8203710;496033305.7
RTKM;D;20251211;000000;60.47;61.75;60.47;60.95;7468940;457262212.5
RTKM;D;20251212;000000;60.95;62.46;60.33;61.11;14874200;914986127
RTKM;D;20251215;000000;61.23;62.44;60.81;62.22;8485650;524877589
RTKM;D;20251216;000000;62.26;63.9;62.22;63.89;5994560;378509505
RTKM;D;20251217;000000;63.93;65.28;63.71;64.51;10701310;689548207
RTKM;D;20251218;000000;64.54;64.84;63.36;64.02;5397710;346234962.7
RTKM;D;20251219;000000;64.09;64.9;62;63.48;11246900;713811058.3
RTKM;D;20251222;000000;63.48;63.6;61.66;61.68;6217280;388688343.5
RTKM;D;20251223;000000;61.68;63.54;61.45;63.51;6411380;402538146.1
RTKM;D;20251224;000000;63.76;63.93;62.42;62.54;3207700;201883190.6
RTKM;D;20251225;000000;62.65;62.99;62;62.81;2600980;162814345.8
RTKM;D;20251226;000000;62.72;64.13;62.72;64;3453700;219512534.4
RTKM;D;20251229;000000;64.01;64.37;62.51;63;7220150;458561542.8
RTKM;D;20251230;000000;63.12;64.5;62.64;64.24;4276100;272205375.3
RTKM;D;20260105;000000;63.98;64.22;62.46;63.16;2522010;159102370.8
RTKM;D;20260106;000000;63.11;63.5;62.77;63.1;938530;59339125.6
RTKM;D;20260108;000000;62.73;63.12;61.9;62.26;1943180;121207924.7
RTKM;D;20260109;000000;62.26;62.85;62.04;62.29;1168590;72830883.2
RTKM;D;20260112;000000;62.29;63.28;62.29;63.1;2293520;144251782.5
RTKM;D;20260113;000000;62.97;63.43;62.59;62.86;2236760;140857457
