<TICKER>;<PER>;<DATE>;<TIME>;<OPEN>;<HIGH>;<LOW>;<CLOSE>;<AMOUNT>;<VOLUME>
SBERP;D;20020114;000000;24.5;24.55;24.31;24.48;113400;2770479
SBERP;D;20020115;000000;24.16;25.65;24.01;25.65;916100;22959414
SBERP;D;20020116;000000;25.44;26.85;25.08;25.8;1120500;29294127
SBERP;D;20020117;000000;26.3;27.35;26;27.15;400000;10676548
SBERP;D;20020118;000000;27.07;28.98;27.02;28.35;546000;15361333
SBERP;D;20020121;000000;28.7;28.79;27.62;27.98;210900;5937806
SBERP;D;20020122;000000;28.33;28.49;28.08;28.2;182400;5155371
SBERP;D;20020123;000000;28.27;28.29;27.66;27.98;301800;8453222
SBERP;D;20020124;000000;27.51;27.76;26.83;27.2;278500;7612229
SBERP;D;20020125;000000;27.45;27.45;25;25.5;205900;5345061
SBERP;D;20020128;000000;26.35;26.35;25.2;25.81;86700;2220528
SBERP;D;20020129;000000;26.35;27.68;26.2;27.59;181000;4926979
SBERP;D;20020130;000000;27.01;27.01;26.21;26.52;410300;10910985
SBERP;D;20020131;000000;26.99;27.17;26.93;27.12;89700;2423100
SBERP;D;20020201;000000;26.6;27.68;26.6;27.59;253500;6972396
SBERP;D;20020204;000000;27.21;27.77;27.2;27.45;252000;6936267
SBERP;D;20020205;000000;26;27.48;26;27.43;84600;2293640
SBERP;D;20020206;000000;27.5;28.29;27.11;27.94;66700;1857157
SBERP;D;20020207;000000;27.46;28.14;27.46;27.82;88000;2450267
SBERP;D;20020208;000000;27.8;28.28;27.8;27.87;208500;5850837
SBERP;D;20020211;000000;28;28.79;28;28.68;142100;4050772
SBERP;D;20020212;000000;28.99;29.9;28.96;29.5;215800;6376397
SBERP;D;20020213;000000;29.27;30.51;29.21;30.39;193100;5817457
SBERP;D;20020214;000000;30.16;31.49;30;30.84;227100;6976445
SBERP;D;20020215;000000;30.55;31.5;30;30.21;110200;3385112
SBERP;D;20020218;000000;30.25;30.97;30.2;30.97;166600;5079328
SBERP;D;20020219;000000;30.77;30.98;30.5;30.76;97700;2991065
SBERP;D;20020220;000000;30.5;30.75;30.02;30.4;201000;6110941
SBERP;D;20020221;000000;30.56;30.88;30.35;30.77;137500;4231105
SBERP;D;20020222;000000;30.51;31.4;30.51;31.4;122200;3792538
SBERP;D;20020226;000000;31.5;32.1;31.4;31.95;126100;4004714
SBERP;D;20020227;000000;31.7;33.7;31.7;33.5;323400;10730922
SBERP;D;20020228;000000;33.4;34.3;33.4;34.1;176800;6005641
SBERP;D;20020301;000000;34.1;39.4;33.11;39.19;495500;18558660
SBERP;D;20020304;000000;40;52.4;40;48.65;777700;35440243
SBERP;D;20020305;000000;50;57;48.4;49.45;849000;44117154
SBERP;D;20020306;000000;48;51;41.7;42.5;826200;36121849
SBERP;D;20020307;000000;43;47.9;43;46.91;473900;22116750
SBERP;D;20020311;000000;48;50;43.5;45.29;483900;22689293
SBERP;D;20020312;000000;45.85;46.64;44;44.22;224500;10075504
SBERP;D;20020313;000000;44.5;45.87;44.5;45.05;203100;9212520
SBERP;D;20020314;000000;45.06;47;45;46.49;189900;8751154
SBERP;D;20020315;000000;47;49.04;47;48.99;373600;18099716
SBERP;D;20020318;000000;51.11;56.9;51.11;55.11;1177000;64469641
SBERP;D;20020319;000000;56.41;56.41;51.51;53.8;590500;31842867
SBERP;D;20020320;000000;53.01;54.45;52;52.84;399300;21133681
SBERP;D;20020321;000000;53.99;54.7;52.02;54.32;433700;23416414
SBERP;D;20020322;000000;54.5;57.8;54.21;56.2;963000;54341190
SBERP;D;20020325;000000;54.28;57.9;54.02;54.03;450600;25044350
SBERP;D;20020326;000000;54;54.8;53.52;54.6;268400;14525468
SBERP;D;20020327;000000;55.89;56.96;54.8;56.96;946500;53223098
SBERP;D;20020328;000000;57.1;58.1;56.56;57.36;895600;51349218
SBERP;D;20020329;000000;57.3;57.45;56.5;57.2;290800;16576366
SBERP;D;20020401;000000;57;57.5;56.91;57.32;218600;12484980
SBERP;D;20020402;000000;57.1;57.49;55.6;55.81;316100;17968580
SBERP;D;20020403;000000;55.6;56.1;53.2;54.1;294200;15940937
SBERP;D;20020404;000000;54.5;55.3;53.68;55;175600;9620066
SBERP;D;20020405;000000;55.5;56.29;54.5;54.97;212900;11837432
SBERP;D;20020408;000000;55.2;55.74;54.35;54.75;125500;6908411
SBERP;D;20020409;000000;55.37;56.75;55;56.05;423100;23610129
SBERP;D;20020410;000000;56.09;58.85;55.6;57.99;867000;49877273
SBERP;D;20020411;000000;58;58.5;55.15;55.92;506000;28616694
SBERP;D;20020412;000000;55.5;56.4;53.8;54.29;426600;23374157
SBERP;D;20020415;000000;54.01;55.15;53.5;53.9;252700;13800840
SBERP;D;20020416;000000;54.2;55.11;53.9;54.96;301900;16568811
SBERP;D;20020417;000000;55.45;56.29;55.45;56;235800;13191631
SBERP;D;20020418;000000;56.21;57.2;56.11;56.71;371800;21125084
SBERP;D;20020419;000000;56.51;56.97;55.52;56.97;171700;9640301
SBERP;D;20020422;000000;56.6;57.24;56;57.07;293200;16669817
SBERP;D;20020423;000000;56.41;58.6;56.41;58.3;380100;22026537
SBERP;D;20020424;000000;58.03;63.99;57.5;63.99;1115300;68503141
SBERP;D;20020425;000000;64.73;69.77;64.73;67.48;755700;51215174
SBERP;D;20020426;000000;68.5;69.5;64.51;65.85;514300;34063749
SBERP;D;20020427;000000;66.35;66.75;64.01;66.1;214100;14100113
SBERP;D;20020429;000000;66;66.4;65.2;65.7;202100;13308154
SBERP;D;20020430;000000;65.4;65.7;63.8;64.98;227600;14731062
SBERP;D;20020506;000000;64.4;65.19;63.15;65.18;93500;6022214
SBERP;D;20020507;000000;63.11;64;61;61;203500;12739525
SBERP;D;20020508;000000;61.01;65;61;64.99;246500;15580205
SBERP;D;20020513;000000;64.01;67.7;62.01;67.7;323800;21097412
SBERP;D;20020514;000000;67.8;69.2;66.77;67.86;231500;15832316
SBERP;D;20020515;000000;68.32;68.32;66.3;66.61;491200;33068959
SBERP;D;20020516;000000;66;67.78;66;66.79;217000;14465363
SBERP;D;20020517;000000;67;68.45;66.15;67.67;248100;16691793
SBERP;D;20020518;000000;67.56;70.2;67.56;70;587700;40617599
SBERP;D;20020520;000000;70.12;72.98;69.01;71;279600;19782802
SBERP;D;20020521;000000;72;72.1;69.62;71.55;234000;16633471
SBERP;D;20020522;000000;71.1;71.89;70.75;71.43;161100;11462624
SBERP;D;20020523;000000;71.91;73.77;71.44;71.69;243300;17641376
SBERP;D;20020524;000000;71.9;72;69.08;69.5;252500;17755540
SBERP;D;20020527;000000;68;69.9;68;69;127000;8752211
SBERP;D;20020528;000000;68.71;69.83;65.5;65.8;283800;19111320
SBERP;D;20020529;000000;65.11;66;61.4;62.5;234500;14861928
SBERP;D;20020530;000000;63.5;64.39;60;62;133500;8424377
SBERP;D;20020531;000000;62;62.4;60.11;62.11;207300;12666890
SBERP;D;20020603;000000;61.02;63.92;61.01;62.3;81000;5077476
SBERP;D;20020604;000000;62.28;62.28;58.33;61.56;147400;8969120
SBERP;D;20020605;000000;63.49;63.49;60.06;62.5;265700;16516478
SBERP;D;20020606;000000;62;63;61.2;62.05;78100;4881279
SBERP;D;20020607;000000;61.99;62.5;60.02;60.9;101700;6183971
SBERP;D;20020610;000000;61.89;62.49;60;61.8;75500;4669376
SBERP;D;20020611;000000;62.4;65.6;61.6;65.4;334800;21475958
SBERP;D;20020613;000000;65.11;66.31;64;64.01;126600;8275883
SBERP;D;20020614;000000;63.21;64.77;62.57;62.85;85400;5452131
SBERP;D;20020617;000000;50.01;62.7;50;62.7;58000;3519284
SBERP;D;20020618;000000;62.01;63;59.32;60.95;79500;4852546
SBERP;D;20020619;000000;60.01;60.01;57.05;58.69;192900;11227541
SBERP;D;20020620;000000;57.9;59.98;57.62;58;162500;9522676
SBERP;D;20020621;000000;58.72;58.73;56;57.55;89800;5146536
SBERP;D;20020624;000000;57;58.57;57;57;100600;5787820
SBERP;D;20020625;000000;57.01;57.7;57;57.61;99000;5691493
SBERP;D;20020626;000000;57.01;57.01;50.05;55.02;154400;8428349
SBERP;D;20020627;000000;55.3;56.15;54.22;56;103600;5755210
SBERP;D;20020628;000000;55.01;56.7;55.01;56.5;78100;4388954
SBERP;D;20020701;000000;55;57.41;55;57;76000;4315255
SBERP;D;20020702;000000;55.5;56.78;55.5;56.32;50400;2840179
SBERP;D;20020703;000000;56.3;56.37;55;55.4;71800;3992040
SBERP;D;20020704;000000;55.5;55.94;55.4;55.79;64900;3611295
SBERP;D;20020705;000000;55.6;55.8;55.33;55.55;107000;5955429
SBERP;D;20020708;000000;55.6;55.6;54.6;54.85;61300;3366196
SBERP;D;20020709;000000;54.35;55.25;54.33;55.01;67400;3702734
SBERP;D;20020710;000000;55;55.75;53.8;55.45;20000;1097421
SBERP;D;20020711;000000;55;55;53.01;54;45100;2441533
SBERP;D;20020712;000000;54;54.5;53;53.49;52600;2806960
SBERP;D;20020715;000000;53.99;53.99;52.3;52.62;44000;2336764
SBERP;D;20020716;000000;53.8;53.8;51.7;52.8;53600;2805923
SBERP;D;20020717;000000;53;53;51.3;52.5;75600;3961403
SBERP;D;20020718;000000;51.8;52.92;51.22;52.29;57300;2990509
SBERP;D;20020719;000000;53.6;53.7;51.33;51.96;35600;1855075
SBERP;D;20020722;000000;50.04;51.59;48.9;49.6;111000;5488235
SBERP;D;20020723;000000;49;49.99;48.6;49.8;48000;2385033
SBERP;D;20020724;000000;49;49;46.08;47.28;201300;9451022
SBERP;D;20020725;000000;48.01;48.99;46.2;46.4;100600;4788392
SBERP;D;20020726;000000;46.11;46.82;44.12;45.8;81900;3743752
SBERP;D;20020729;000000;46.5;50.9;45.11;50.43;233100;11334904
SBERP;D;20020730;000000;50;51.8;49.02;49.3;51400;2549335
SBERP;D;20020731;000000;49;49.8;47.27;47.89;38500;1853802
SBERP;D;20020801;000000;50.77;50.77;46.81;47.35;43200;2087310
SBERP;D;20020802;000000;47.99;48;47;47.5;12400;592342
SBERP;D;20020805;000000;47.01;47.89;44.1;44.2;74900;3373248
SBERP;D;20020806;000000;43;44.98;42;43.71;80700;3465876
SBERP;D;20020807;000000;44;45;43.8;44.75;111000;4927387
SBERP;D;20020808;000000;44.51;46.73;43.8;46.4;206600;9319745
SBERP;D;20020809;000000;46.5;46.8;45.5;45.95;94000;4331134
SBERP;D;20020812;000000;46.29;46.69;45;46.68;26000;1203557
SBERP;D;20020813;000000;50;50;45.7;46.68;22100;1036461
SBERP;D;20020814;000000;46.68;46.79;46.11;46.7;17300;806208
SBERP;D;20020815;000000;47;47.5;47;47;41700;1964848
SBERP;D;20020816;000000;47;47.83;46;47.59;21000;995826
SBERP;D;20020819;000000;47.5;50.87;47.3;50.87;66900;3294096
SBERP;D;20020820;000000;50;54;50;52.84;105400;5518667
SBERP;D;20020821;000000;52;55.9;52;55.49;102200;5597898
SBERP;D;20020822;000000;54.5;56.25;52;55.5;41000;2246658
SBERP;D;20020823;000000;55.5;56.3;55.33;55.87;99400;5551055
SBERP;D;20020826;000000;54.56;55.9;53.02;53.02;21700;1183279
SBERP;D;20020827;000000;54;54.67;52.5;54.34;125000;6734333
SBERP;D;20020828;000000;49.52;55.1;49.52;54.02;33900;1847680
SBERP;D;20020829;000000;52.56;53.26;52.05;52.6;58000;3063371
SBERP;D;20020830;000000;52;53;52;52.75;29100;1537181
SBERP;D;20020902;000000;52.6;52.9;51.77;51.93;25500;1329469
SBERP;D;20020903;000000;51.2;52.69;50.98;51.87;39200;2022435
SBERP;D;20020904;000000;50.7;52.3;50.13;52.3;73400;3784693
SBERP;D;20020905;000000;52;52.87;51.1;51.27;18500;956773
SBERP;D;20020906;000000;51.9;52;50.93;51.59;41400;2134918
SBERP;D;20020909;000000;52.01;53.5;51.4;51.4;5600;292354
SBERP;D;20020910;000000;52;53;52;53;34000;1788847
SBERP;D;20020911;000000;52.8;54.19;52.8;54;36000;1929505
SBERP;D;20020912;000000;53.33;57.59;53.33;57.3;168400;9499540
SBERP;D;20020913;000000;57.2;61.9;56.4;58.62;358100;21130615
SBERP;D;20020916;000000;59;59.15;57.33;57.41;34700;2009492
SBERP;D;20020917;000000;60;60;56.03;56.03;43800;2522339
SBERP;D;20020918;000000;57;57.69;55.5;56.11;80800;4561144
SBERP;D;20020919;000000;57;57;55.02;55.2;124900;6936710
SBERP;D;20020920;000000;54.15;56.24;54.15;55.76;198100;11003272
SBERP;D;20020923;000000;56;57.19;55.52;55.71;70800;3983288
SBERP;D;20020924;000000;56;56.75;55.5;56.5;42600;2391899
SBERP;D;20020925;000000;56.15;57.45;55.55;57;64700;3654631
SBERP;D;20020926;000000;57.58;58.3;57.5;57.79;27200;1575549
SBERP;D;20020927;000000;57.98;58.3;57;57.1;28700;1653644
SBERP;D;20020930;000000;56.01;57.33;55;56.35;52300;2935484
SBERP;D;20021001;000000;58.15;58.15;55.2;56.85;70700;3996160
SBERP;D;20021002;000000;57.8;58.2;56.94;57;97100;5587786
SBERP;D;20021003;000000;57.29;61;57.29;60.25;310400;18638030
SBERP;D;20021004;000000;59.2;61.69;59.2;60.99;116700;7123054
SBERP;D;20021007;000000;59.55;61.23;59.55;61.23;76400;4621039
SBERP;D;20021008;000000;60;60.98;60;60.33;69700;4214230
SBERP;D;20021009;000000;60;60.9;60;60.01;85900;5175203
SBERP;D;20021010;000000;60;60.23;58.74;59.57;36100;2148053
SBERP;D;20021011;000000;59.55;60.39;59.5;60;21400;1282500
SBERP;D;20021014;000000;59.61;60;58.98;59.02;37000;2194671
SBERP;D;20021015;000000;58.3;60.9;58.02;60.9;46900;2808854
SBERP;D;20021016;000000;60.01;61.83;60;61.8;115900;7107454
SBERP;D;20021017;000000;61.8;63.25;61;62.81;194500;12152941
SBERP;D;20021018;000000;63.21;63.75;62.2;63.19;61300;3846728
SBERP;D;20021021;000000;62.6;65.45;60.11;64.22;157300;10064823
SBERP;D;20021022;000000;64.99;65.39;63.51;64.89;85900;5566273
SBERP;D;20021023;000000;63.75;65;63.75;64.52;53400;3433026
SBERP;D;20021024;000000;63.84;64.35;63.5;64;78900;5042057
SBERP;D;20021025;000000;64;64.4;63.75;64.39;35200;2251931
SBERP;D;20021028;000000;64.99;65.02;63;64.88;77700;4991116
SBERP;D;20021029;000000;64.2;64.67;63.62;63.99;55300;3545681
SBERP;D;20021030;000000;64;64.9;63.21;64.61;44400;2852206
SBERP;D;20021031;000000;64.99;68.4;64.99;67.5;340400;22880133
SBERP;D;20021101;000000;67.6;69;67.04;68.15;90800;6191720
SBERP;D;20021104;000000;68.7;69.9;67.5;69;69200;4778970
SBERP;D;20021105;000000;69.4;69.4;67.7;67.79;52200;3558026
SBERP;D;20021106;000000;67.11;68.5;67.11;67.85;54300;3690958
SBERP;D;20021110;000000;67.43;68;65.51;66.7;150200;10014258
SBERP;D;20021111;000000;67.4;69.05;66.02;69;142400;9715584
SBERP;D;20021112;000000;69;69.5;68.1;68.73;73600;5064783
SBERP;D;20021113;000000;69;69;67.8;68;71400;4875171
SBERP;D;20021114;000000;67.55;68.4;67;67.89;64200;4331823
SBERP;D;20021115;000000;68;69;67.9;68;154200;10521291
SBERP;D;20021118;000000;68;68.99;67.62;68;62200;4245636
SBERP;D;20021119;000000;68;68.3;67.3;67.5;42200;2858924
SBERP;D;20021120;000000;67.3;68.65;67.11;68.65;67200;4584575
SBERP;D;20021121;000000;68.85;69.46;68.7;69.01;87300;6037924
SBERP;D;20021122;000000;69;69.39;68.61;68.76;32400;2234451
SBERP;D;20021125;000000;68.25;69.65;68.25;69.5;42200;2924369
SBERP;D;20021126;000000;69.2;69.45;68.75;68.75;62300;4301419
SBERP;D;20021127;000000;68.15;69.2;68.05;68.71;50200;3456257
SBERP;D;20021128;000000;69.1;69.44;68.8;69.44;45700;3156564
SBERP;D;20021129;000000;69;70.6;69;70.32;117400;8168715
SBERP;D;20021202;000000;70;71.99;69.82;70.1;163900;11529946
SBERP;D;20021203;000000;70;70.25;68.6;68.75;188700;13067591
SBERP;D;20021204;000000;68.01;69.48;67.51;68.45;133900;9164082
SBERP;D;20021205;000000;68.8;69;67.68;68.7;77600;5330214
SBERP;D;20021206;000000;69;69.69;68.9;69.68;90800;6297078
SBERP;D;20021209;000000;69.06;73;69.05;72.25;428700;30707848
SBERP;D;20021210;000000;71.51;72.5;70.1;70.1;209900;14962670
SBERP;D;20021211;000000;70.11;70.65;68.2;69.5;145200;10095525
SBERP;D;20021215;000000;69;69.45;68;69.16;31600;2175495
SBERP;D;20021216;000000;69.69;69.7;67.69;68.01;102800;7012286
SBERP;D;20021217;000000;68.5;68.59;67.12;67.9;19400;1319969
SBERP;D;20021218;000000;67.91;67.91;66.82;67.1;43300;2905940
SBERP;D;20021219;000000;67.65;69;67;69;94700;6438557
SBERP;D;20021220;000000;69.2;70;68.2;69.05;73700;5109120
SBERP;D;20021223;000000;69.9;69.9;67.52;67.52;30600;2089490
SBERP;D;20021224;000000;67.33;68.87;67.33;67.33;41800;2830340
SBERP;D;20021225;000000;67.3;67.5;66.3;67.35;63000;4206237
SBERP;D;20021226;000000;61.9;68.46;61.9;68.46;23900;1622234
SBERP;D;20021227;000000;68;71;67.15;69.95;195100;13644310
SBERP;D;20021230;000000;69.26;70.7;69.26;70.35;45400;3178069
SBERP;D;20021231;000000;69.84;71.29;69.84;70.55;34600;2452810
SBERP;D;20030104;000000;70.99;71.94;70.99;71.15;22100;1577107
SBERP;D;20030105;000000;71.19;71.4;70.7;71;11400;809345
SBERP;D;20030108;000000;70.85;71;69.2;70.07;44100;3102976
SBERP;D;20030109;000000;70.74;71.49;70.74;71.12;32900;2341040
SBERP;D;20030110;000000;70.2;71.39;70.2;70.7;22700;1605880
SBERP;D;20030113;000000;70.01;71.98;70.01;71.35;145400;10371379
SBERP;D;20030114;000000;71;71.4;70.8;71.05;20300;1441607
SBERP;D;20030115;000000;70.19;72;70.19;71.53;44000;3141772
SBERP;D;20030116;000000;72;72.96;71.75;71.75;105800;7663709
SBERP;D;20030117;000000;72.48;72.49;70.15;70.15;42400;3006095
SBERP;D;20030120;000000;66.59;71.4;66.59;71.17;19100;1356106
SBERP;D;20030121;000000;71.5;72;70.06;70.2;26500;1873383
SBERP;D;20030122;000000;72.45;72.45;69.7;70.25;55100;3855782
SBERP;D;20030123;000000;71.14;71.14;69.94;70.6;53100;3721006
SBERP;D;20030124;000000;69.91;70.6;69.9;70.2;14900;1048109
SBERP;D;20030127;000000;71.85;71.85;69.51;70.2;32000;2237024
SBERP;D;20030128;000000;70;70.48;69.9;69.91;21800;1525303
SBERP;D;20030129;000000;69.15;70;69.15;69.76;38700;2701633
SBERP;D;20030130;000000;69.77;70.99;69.77;70.69;29400;2066143
SBERP;D;20030131;000000;70.9;70.9;69.91;70.36;12800;898154
SBERP;D;20030203;000000;70.01;71.1;70;71;58700;4148888
SBERP;D;20030204;000000;71.3;71.6;70.7;71.05;41500;2958391
SBERP;D;20030205;000000;71;71;70.38;70.82;25300;1790577
SBERP;D;20030206;000000;70.5;70.9;70.35;70.35;23100;1628441
SBERP;D;20030207;000000;70.6;70.75;70.35;70.35;10900;768494
SBERP;D;20030210;000000;70.9;71.55;70.32;71.5;52200;3709692
SBERP;D;20030211;000000;71.02;72.5;71.01;72.45;174200;12480412
SBERP;D;20030212;000000;72.83;72.85;71.4;71.8;51800;3729481
SBERP;D;20030213;000000;71.01;72;71.01;71.4;21900;1561786
SBERP;D;20030214;000000;71.01;73.9;71.01;73.6;240700;17555021
SBERP;D;20030217;000000;73.1;74.94;72.5;74.6;168100;12477868
SBERP;D;20030218;000000;74.6;78;74.06;78;294400;22510889
SBERP;D;20030219;000000;78.3;84.68;78.05;80.79;509300;41574485
SBERP;D;20030220;000000;81;82.6;80.8;82.3;201800;16567638
SBERP;D;20030221;000000;82.5;83.25;81.26;83.2;111100;9182273
SBERP;D;20030225;000000;83;84.2;83;83.98;93400;7835779
SBERP;D;20030226;000000;83.8;84.75;83.71;84.1;106000;8923976
SBERP;D;20030227;000000;83.7;86.9;83.12;86.4;323100;27667179
SBERP;D;20030228;000000;86.49;87.79;86.49;86.85;157000;13683836
SBERP;D;20030303;000000;86.83;91;86.83;90.93;158700;14108434
SBERP;D;20030304;000000;91;92.5;90.2;91.4;145700;13324895
SBERP;D;20030305;000000;91.99;99;91.45;99;458300;43676249
SBERP;D;20030306;000000;99.8;114.99;99.1;110.4;838900;90870004
SBERP;D;20030307;000000;110;122.9;110;117;690700;80680841
SBERP;D;20030311;000000;117;118;110.53;111.9;458000;52482657
SBERP;D;20030312;000000;111.01;112;102.93;105.49;555500;59018480
SBERP;D;20030313;000000;105.75;109.95;100.01;108.25;211000;22408244
SBERP;D;20030314;000000;109.99;115;108.01;110.5;301600;33843834
SBERP;D;20030317;000000;110.01;110.49;103.66;103.99;200100;21192295
SBERP;D;20030318;000000;106.5;106.5;98.7;99.99;197300;19990438
SBERP;D;20030319;000000;99.99;102.99;98.7;102;87600;8917044
SBERP;D;20030320;000000;101.11;103.94;101;103.5;159300;16445535
SBERP;D;20030321;000000;103.99;103.99;100.01;102.93;88300;9054711
SBERP;D;20030324;000000;102.79;103.28;100.15;101.57;63300;6435453
SBERP;D;20030325;000000;102.66;103.6;100.1;103;267000;27328040
SBERP;D;20030326;000000;102.2;107.94;102.2;105.01;338800;35657674
SBERP;D;20030327;000000;105.48;106.5;103.3;103.99;151900;16047281
SBERP;D;20030328;000000;104.01;104.9;101.76;103.1;119700;12327986
SBERP;D;20030331;000000;102.51;103.7;101.02;101.1;42500;4326676
SBERP;D;20030401;000000;101.5;102.19;100.99;101.89;51900;5279920
SBERP;D;20030402;000000;101.89;103;101.89;102.45;75000;7678393
SBERP;D;20030403;000000;102.51;105.79;102.5;104.8;185600;19460960
SBERP;D;20030404;000000;104;105;103.5;104.64;122900;12843791
SBERP;D;20030407;000000;104.98;108.47;104.8;108.1;195700;20908594
SBERP;D;20030408;000000;108.05;109;107;107.3;143800;15540411
SBERP;D;20030409;000000;106.51;108.59;105.51;107.76;156500;16838628
SBERP;D;20030410;000000;107.21;107.9;106.7;107.9;50200;5384507
SBERP;D;20030411;000000;107.5;108;106.11;107.19;72900;7802467
SBERP;D;20030414;000000;107.2;108;106;106.8;41800;4461321
SBERP;D;20030415;000000;107;107.59;106.52;107;63700;6816044
SBERP;D;20030416;000000;107.39;108;106.06;107.15;455000;48678542
SBERP;D;20030417;000000;107.38;107.5;106.55;106.66;70500;7536612
SBERP;D;20030418;000000;106.6;107.28;106.2;106.86;119000;12688440
SBERP;D;20030421;000000;106.7;108.66;104.01;106.89;161600;17344645
SBERP;D;20030422;000000;107.5;107.5;100.27;105;112390;11777489.36
SBERP;D;20030423;000000;106;108;103.51;106.55;171567;18166692.58
SBERP;D;20030424;000000;106.55;114;104.3;112.1;532633;59457853.32
SBERP;D;20030425;000000;113.9;117.5;110;116.5;432573;49326233.71
SBERP;D;20030428;000000;116.55;119.1;116.55;119;210122;24912262.01
SBERP;D;20030429;000000;120;121.85;118.01;119.9;153981;18412540.77
SBERP;D;20030430;000000;118.5;120.1;116.5;117.1;106148;12490733.2
SBERP;D;20030505;000000;118.95;118.95;110;111;249040;27971595.26
SBERP;D;20030506;000000;111;116.19;110.89;114.97;217706;24809647.38
SBERP;D;20030507;000000;114.97;116.9;113.01;113.53;230030;26499854.91
SBERP;D;20030508;000000;113.4;115;111.11;112.4;163752;18474511.3
SBERP;D;20030512;000000;110.03;115.99;105.01;115.55;285500;32133355.31
SBERP;D;20030513;000000;116;116;111;112;136141;15385469.51
SBERP;D;20030514;000000;112;113;110.35;112;49082;5484019.99
SBERP;D;20030515;000000;112.8;114.8;111.3;113.99;156683;17833797.08
SBERP;D;20030516;000000;114.39;115.3;113;114;153477;17550925.29
SBERP;D;20030519;000000;113.95;115.5;111;114.99;132671;15145749.5
SBERP;D;20030520;000000;113.06;114.45;112.53;113.51;95566;10855989.58
SBERP;D;20030521;000000;122;122;113.2;114.2;58658;6698952.4
SBERP;D;20030522;000000;122.88;122.88;113.05;114.54;46665;5330240.8
SBERP;D;20030523;000000;114.02;116.96;113.5;116.5;132957;15347888.92
SBERP;D;20030526;000000;117;119;117;117.99;79758;9409598.97
SBERP;D;20030527;000000;119.73;119.73;116.4;117.24;70577;8262644.43
SBERP;D;20030528;000000;118;118;116;117.1;95057;11151576.32
SBERP;D;20030529;000000;117;117;112;114.9;141021;16109802.43
SBERP;D;20030530;000000;114;114.35;112.81;113.2;78989;8962910.32
SBERP;D;20030602;000000;111.41;114;110;111.7;57999;6523566.35
SBERP;D;20030603;000000;111.15;115.9;110.55;115.9;87549;9947469.06
SBERP;D;20030604;000000;116;123.45;114.52;121.5;580983;70016965.88
SBERP;D;20030605;000000;122.03;122.35;118.01;119.16;152446;18265875.61
SBERP;D;20030606;000000;119.5;120.3;118.6;120.25;118182;14118139.91
SBERP;D;20030609;000000;119;120.88;118.6;120.1;100370;12007240.84
SBERP;D;20030610;000000;120.01;120.94;117;117;105320;12536650.81
SBERP;D;20030611;000000;118;122;117.6;120.22;136690;16380594.75
SBERP;D;20030616;000000;120.6;124.88;119.01;124.49;305133;37492116.96
SBERP;D;20030617;000000;124.5;126;122.54;123.45;156118;19316002.81
SBERP;D;20030618;000000;124;124;119.25;120.7;116393;14229471.15
SBERP;D;20030619;000000;120;121.49;119.02;120;87153;10469627.43
SBERP;D;20030620;000000;120.69;121.89;118.01;120;69101;8254532.9
SBERP;D;20030621;000000;118.03;120.6;118;120.1;28548;3402185.85
SBERP;D;20030623;000000;120.3;120.39;119.05;120.2;37072;4447794.35
SBERP;D;20030624;000000;120.01;121.69;120.01;121.29;37154;4507617.48
SBERP;D;20030625;000000;121.5;123;120.11;122.4;56970;6928115.36
SBERP;D;20030626;000000;122;122.85;120.41;121.8;52002;6315784.23
SBERP;D;20030627;000000;122.38;122.48;120;121.44;45286;5498293.39
SBERP;D;20030630;000000;120;121.39;120;121.38;32715;3954207.28
SBERP;D;20030701;000000;120.01;121.57;119;121;59802;7192965.03
SBERP;D;20030702;000000;121;121.97;119.9;121.65;47856;5801547.42
SBERP;D;20030703;000000;120.3;121.7;120;120.5;43792;5267811.9
SBERP;D;20030704;000000;121;121;118.8;120.11;88882;10618385.85
SBERP;D;20030707;000000;119.11;121.45;119.11;120.25;56014;6765785.79
SBERP;D;20030708;000000;122.11;122.25;120.27;120.99;46020;5578154.68
SBERP;D;20030709;000000;120.06;121;118.01;118.2;48463;5774451.56
SBERP;D;20030710;000000;117.6;118.9;116.4;117.35;69151;8114897.97
SBERP;D;20030711;000000;117;117.8;115;116.95;56237;6574371.58
SBERP;D;20030714;000000;118.4;118.5;112;116.6;62374;7233759.7
SBERP;D;20030715;000000;117;117.75;116.55;117.11;24351;2855641.19
SBERP;D;20030716;000000;116.5;117;108.03;112.5;257283;29531746.87
SBERP;D;20030717;000000;108;113.99;103;108.5;147700;15827036.59
SBERP;D;20030718;000000;107.16;109.4;104.11;108.1;27905;3004217.61
SBERP;D;20030721;000000;107.5;109.75;103.1;107.55;30522;3297260.27
SBERP;D;20030722;000000;108;111;107.26;109.1;44744;4925409.26
SBERP;D;20030723;000000;110;110;108.04;108.2;2861;310296.81
SBERP;D;20030724;000000;109;109.64;108.08;109.5;8569;934671.33
SBERP;D;20030725;000000;110;110.7;109.5;109.6;16981;1871126.52
SBERP;D;20030728;000000;110;113;109.4;109.58;54420;6031642.73
SBERP;D;20030729;000000;109.7;110;105.41;109.45;108590;11663303.54
SBERP;D;20030730;000000;115.76;116.4;108.02;110.4;56150;6230466.08
SBERP;D;20030731;000000;107.23;111;107.23;110;27801;3045211.98
SBERP;D;20030801;000000;110;110;108;109;33765;3686129.05
SBERP;D;20030804;000000;108.1;110.8;108.1;109.12;12987;1425841.73
SBERP;D;20030805;000000;109.01;110.75;109;109.2;22998;2527419.09
SBERP;D;20030806;000000;109.01;110.1;108.5;110.1;36575;4001877.4
SBERP;D;20030807;000000;109.2;110.4;109.2;110;23122;2547312.26
SBERP;D;20030808;000000;109.21;110;107;107.89;83099;9012481.2
SBERP;D;20030811;000000;108;109;106.2;108.95;32548;3523899.67
SBERP;D;20030812;000000;108.95;109.19;107.8;108.55;26310;2849611.7
SBERP;D;20030813;000000;108.61;111;108.28;110.9;131130;14301534.35
SBERP;D;20030814;000000;110.99;111.98;109.6;110.2;109484;12120018.23
SBERP;D;20030815;000000;110.2;111;109;110.34;73155;8058600.74
SBERP;D;20030818;000000;110;112;110;110.75;105976;11735935.42
SBERP;D;20030819;000000;110.11;111.5;110;110.82;225334;24942850.05
SBERP;D;20030820;000000;111.5;111.5;109.52;110.8;104230;11474428.16
SBERP;D;20030821;000000;110.5;110.74;110.21;110.5;64789;7165139.48
SBERP;D;20030822;000000;110.87;111;109.79;109.99;22893;2520977.35
SBERP;D;20030825;000000;111.06;111.2;109.8;110.5;23783;2626859.77
SBERP;D;20030826;000000;110.04;110.93;109.9;110.21;72657;8017323.39
SBERP;D;20030827;000000;110.54;112.3;110.5;112.3;48131;5354076.95
SBERP;D;20030828;000000;112.7;114.99;112.45;113.96;115215;13111068.13
SBERP;D;20030829;000000;114.5;114.95;112.4;114.22;50822;5798903.2
SBERP;D;20030901;000000;114.99;115.95;114.29;114.72;32797;3774756.01
SBERP;D;20030902;000000;114.72;117.1;114.03;117.1;269945;31416342.76
SBERP;D;20030903;000000;117.1;119.89;114.52;119;232707;27506681.84
SBERP;D;20030904;000000;118.5;120.4;116.21;120;91651;10886066.59
SBERP;D;20030905;000000;120;121;116.5;117.91;78685;9330482.1
SBERP;D;20030908;000000;117;118.99;115.5;115.5;22029;2564092.63
SBERP;D;20030909;000000;116.01;117;115.52;115.52;23746;2757575.97
SBERP;D;20030910;000000;115.51;116;115.3;115.8;12873;1488724.68
SBERP;D;20030911;000000;115.2;117;115.2;116.3;26017;3026585.42
SBERP;D;20030912;000000;116;117.45;116;117.43;43018;5033416.48
SBERP;D;20030915;000000;118.35;118.35;116.6;117.3;21601;2532851.93
SBERP;D;20030916;000000;116.8;117.8;116.8;117;14672;1716972.95
SBERP;D;20030917;000000;116.76;117.29;115.51;116;27379;3184297.47
SBERP;D;20030918;000000;116.52;116.55;115.1;115.66;32512;3761907.55
SBERP;D;20030919;000000;116.27;116.27;114.7;114.7;21349;2460213.09
SBERP;D;20030922;000000;114.56;115.02;113.32;113.93;27039;3084080.49
SBERP;D;20030923;000000;113.95;114.7;113.95;114.67;21676;2481030.7
SBERP;D;20030924;000000;114.8;115;114.15;114.5;37229;4259660.54
SBERP;D;20030925;000000;114.8;115;113.7;113.71;43191;4939746.69
SBERP;D;20030926;000000;113.76;114.95;113.76;114.8;13415;1536465.59
SBERP;D;20030929;000000;114;115.4;113.5;115.4;12550;1441786.11
SBERP;D;20030930;000000;115.5;117.78;115.06;115.9;31776;3712337.6
SBERP;D;20031001;000000;115.61;117.7;115.6;117.1;29392;3433821.74
SBERP;D;20031002;000000;117;118.5;116.5;118;70372;8299836.77
SBERP;D;20031003;000000;118.51;119;116.81;116.85;135961;16026461.13
SBERP;D;20031006;000000;116.5;118.8;116;118;43978;5172117.68
SBERP;D;20031007;000000;118;119.1;118;119;109064;12967327.02
SBERP;D;20031008;000000;119;127;117.5;124.99;415804;51227231.03
SBERP;D;20031009;000000;127.05;134.99;125;125.52;468605;60160372.3
SBERP;D;20031010;000000;125.8;127.85;124.15;126.5;98693;12495533.35
SBERP;D;20031013;000000;127.85;129.98;124;127;89512;11547582.37
SBERP;D;20031014;000000;127.05;132.6;127.05;129.3;207565;27283927.56
SBERP;D;20031015;000000;130;131.2;128.2;129.26;87958;11411162.49
SBERP;D;20031016;000000;129;131.95;129;129.99;54340;7077404.45
SBERP;D;20031017;000000;130;131;128.51;129.9;90216;11719641.27
SBERP;D;20031020;000000;129.8;131;128.55;128.59;123619;16000510.64
SBERP;D;20031021;000000;128.51;129.4;124.02;124.88;149228;18850999.65
SBERP;D;20031022;000000;124.5;127;123;123;85150;10588220.31
SBERP;D;20031023;000000;123;124;122.11;123.99;30861;3807953.95
SBERP;D;20031024;000000;124;125.9;124;125.5;12899;1614975.04
SBERP;D;20031027;000000;115;121.8;97;121.8;158939;18046165.26
SBERP;D;20031028;000000;121.78;122.8;116;121.89;69881;8490978.7
SBERP;D;20031029;000000;120;121;115;116.7;198994;23156454.79
SBERP;D;20031030;000000;117.26;117.26;108.61;108.75;175725;19696907.15
SBERP;D;20031031;000000;109;114.43;108;113.99;137223;15408478.97
SBERP;D;20031103;000000;114.5;117.54;114.5;117.1;196445;22748653.28
SBERP;D;20031104;000000;118;119;115.55;116.6;57961;6782955.99
SBERP;D;20031105;000000;115.1;117;114.97;116.5;109842;12747042.04
SBERP;D;20031106;000000;116.5;116.7;115.02;115.83;59942;6925453.33
SBERP;D;20031110;000000;116;116.36;115.15;115.95;14176;1641593.92
SBERP;D;20031111;000000;115.4;115.99;114;114.3;109894;12582538.16
SBERP;D;20031112;000000;114.8;114.9;110;111.4;87597;9869182.49
SBERP;D;20031113;000000;114.33;114.33;110.33;110.98;32853;3672491.71
SBERP;D;20031114;000000;110.35;111.6;108.9;109.7;76734;8440738.44
SBERP;D;20031117;000000;109.7;109.7;106.71;107;40609;4383098.17
SBERP;D;20031118;000000;105.05;107.99;103.05;104.94;69931;7337947.66
SBERP;D;20031119;000000;103;103.96;101.8;102.39;85741;8794737.45
SBERP;D;20031120;000000;102.39;104.29;102;103;95093;9803479.56
SBERP;D;20031121;000000;103.97;104.29;103.15;103.3;52597;5456948.11
SBERP;D;20031124;000000;103.99;104.49;102.31;103.4;100035;10371941.09
SBERP;D;20031125;000000;109.19;109.19;103;104.1;123284;12792985.75
SBERP;D;20031126;000000;104.8;106;103.5;103.89;266345;27904016.51
SBERP;D;20031127;000000;103.9;105.2;103.2;104.68;357081;37272669.54
SBERP;D;20031128;000000;105.06;109.5;104.51;107.5;671678;71647572.66
SBERP;D;20031201;000000;107.8;108.5;104.8;107.79;226661;24134435.84
SBERP;D;20031202;000000;108;109.45;107.2;108.3;193972;21032192.49
SBERP;D;20031203;000000;109.3;109.48;107.8;108.6;131655;14336495.97
SBERP;D;20031204;000000;108.54;108.69;107.04;107.99;108022;11644710.35
SBERP;D;20031205;000000;107;108.19;106;106.9;117493;12573734.31
SBERP;D;20031208;000000;106.6;107.49;102.15;107.09;65589;7001197.06
SBERP;D;20031209;000000;106.99;107.49;106.14;106.86;90899;9716925.96
SBERP;D;20031210;000000;106.23;107.89;106.11;106.13;113574;12130415.78
SBERP;D;20031211;000000;106.5;106.5;104.25;104.5;105056;11022215.22
SBERP;D;20031215;000000;104;105.97;104;104.83;62481;6569832.56
SBERP;D;20031216;000000;104.83;105.25;103.65;103.7;82334;8583737.76
SBERP;D;20031217;000000;103.7;103.95;100.51;101.64;228926;23375379.4
SBERP;D;20031218;000000;101.7;102.49;100.7;102.19;118675;12107963.05
SBERP;D;20031219;000000;102.94;105;102.22;105;244352;25254492.29
SBERP;D;20031222;000000;105.15;106.95;104.15;104.9;105842;11156503.69
SBERP;D;20031223;000000;104.88;105.19;104.21;104.51;84183;8819049.38
SBERP;D;20031224;000000;104.98;105;103.52;104.1;68650;7154455.17
SBERP;D;20031225;000000;104.9;104.9;103;103.99;149248;15494391.15
SBERP;D;20031226;000000;104;104.85;103.5;103.8;77126;8018626.9
SBERP;D;20031229;000000;104.2;104.85;103.9;104.4;113140;11807283.02
SBERP;D;20031230;000000;104.95;104.95;103.8;104.5;109098;11363659.89
SBERP;D;20040105;000000;104.9;108.49;104.65;108.1;205953;21931579.48
SBERP;D;20040106;000000;107.5;110.5;107.5;109.82;339502;37126864.54
SBERP;D;20040108;000000;110;111.45;109.02;111.3;263035;29085385.79
SBERP;D;20040109;000000;111;114.89;110.6;114.6;291550;33062648.88
SBERP;D;20040112;000000;114.86;116.5;113.2;113.41;268437;30974649.37
SBERP;D;20040113;000000;113.08;114.77;112.99;113.89;149666;17078378.24
SBERP;D;20040114;000000;114;114.69;113.01;114.4;85680;9754238.74
SBERP;D;20040115;000000;114.45;114.58;112.1;112.28;101946;11501468.23
SBERP;D;20040116;000000;112;114.25;111.5;114;96137;10874676.89
SBERP;D;20040119;000000;114.29;114.87;113.53;114.34;71710;8180153.32
SBERP;D;20040120;000000;115.24;119;113.8;117.5;387087;45432720.29
SBERP;D;20040121;000000;117.52;119.87;117.23;118.63;168796;20076180.41
SBERP;D;20040122;000000;119;119.49;117.61;118.97;99283;11747005.53
SBERP;D;20040123;000000;119;119.7;118.01;119.4;151225;17991116.57
SBERP;D;20040126;000000;119.65;121.35;119;120;138535;16700751
SBERP;D;20040127;000000;120.2;122;118.25;121.3;239339;28746746.11
SBERP;D;20040128;000000;121.5;121.73;118.1;118.35;73729;8845176.91
SBERP;D;20040129;000000;118.36;119.3;117.9;118.4;64777;7688400.4
SBERP;D;20040130;000000;118.5;118.7;115.73;116.39;171644;20003434.45
SBERP;D;20040202;000000;116.39;117.89;115.15;117.7;114497;13328643.58
SBERP;D;20040203;000000;117.7;118.9;117.05;118.5;58590;6934817.19
SBERP;D;20040204;000000;118.5;119.84;118.2;119.1;70164;8362047.39
SBERP;D;20040205;000000;119.4;120.1;117.55;117.55;84514;10088170.39
SBERP;D;20040206;000000;116.94;118.35;115.6;118.35;57224;6717355.26
SBERP;D;20040209;000000;118.35;121.41;118.35;121;184355;22153524.34
SBERP;D;20040210;000000;121;121.98;119.5;120;114966;13915188.67
SBERP;D;20040211;000000;120;122.5;120;121.3;334985;40733652.1
SBERP;D;20040212;000000;121;121.99;119;121.57;166408;20072728.7
SBERP;D;20040213;000000;121.62;122.19;120.83;121.82;114261;13890248.7
SBERP;D;20040216;000000;121.91;122.49;121.07;122.35;114543;13974894.53
SBERP;D;20040217;000000;122.5;124.87;122.5;123.09;477097;58880893.15
SBERP;D;20040218;000000;123.47;124;122.53;123.1;148466;18296380.44
SBERP;D;20040219;000000;123.1;124.04;122.25;123.6;183552;22604227.87
SBERP;D;20040220;000000;123.99;125.49;123.21;125.18;386649;48300177.61
SBERP;D;20040224;000000;125.22;128.22;124.79;126.3;686430;86895443.68
SBERP;D;20040225;000000;126.5;129;126.5;128.38;303918;39018704.94
SBERP;D;20040226;000000;129;129.5;127.5;127.8;199795;25630060.3
SBERP;D;20040227;000000;128;128.45;127.07;128.1;185080;23641669.3
SBERP;D;20040301;000000;128.1;130.8;128;130.7;465626;60487392.63
SBERP;D;20040302;000000;130.8;131.48;128.5;128.8;209485;27213282.93
SBERP;D;20040303;000000;127.9;128.1;125.35;125.97;240662;30500060.97
SBERP;D;20040304;000000;125.5;127.77;122.3;127.32;334402;41819460.47
SBERP;D;20040305;000000;127.9;128.49;126.93;128.37;173569;22208715.51
SBERP;D;20040309;000000;128.32;131.5;127.76;131.07;542223;70723674.28
SBERP;D;20040310;000000;131.1;131.1;128.5;128.97;157645;20479132.38
SBERP;D;20040311;000000;128;128;124.71;125.46;352065;44521638.12
SBERP;D;20040312;000000;124.75;126.08;123.95;125.4;283255;35421796.35
SBERP;D;20040315;000000;126.85;128.79;124.82;126.22;332001;42275663.64
SBERP;D;20040316;000000;126;127.44;124.8;127.35;116611;14760031.44
SBERP;D;20040317;000000;128.5;129.35;127;129.15;245674;31604009.7
SBERP;D;20040318;000000;129.94;137;129.2;136.01;1499161;200734628.49
SBERP;D;20040319;000000;136.05;142.9;135.1;142.7;2352877;329084016.23
SBERP;D;20040322;000000;142.75;146;141.11;141.4;803083;115229655.88
SBERP;D;20040323;000000;140.02;143.5;140.02;141.7;355271;50661489.62
SBERP;D;20040324;000000;142;142.43;138.3;138.55;622727;87510934.06
SBERP;D;20040325;000000;138.55;140.18;137.55;139.35;306988;42690180.71
SBERP;D;20040326;000000;141;142.4;138.1;139.2;608686;85830386.32
SBERP;D;20040329;000000;139.12;142.47;139.12;142;801913;112878738.9
SBERP;D;20040330;000000;142.05;148.48;142.05;144.4;1385520;201226798.82
SBERP;D;20040331;000000;144.5;145.38;144;144.43;367600;53135975.52
SBERP;D;20040401;000000;145;145;143.2;144.3;396421;57104973.59
SBERP;D;20040402;000000;144.3;148.25;144;147.77;789462;115875612.91
SBERP;D;20040405;000000;147.4;156;147.4;154.82;1693530;259045028.08
SBERP;D;20040406;000000;154.79;158.89;147.65;149.51;1119456;171565202.34
SBERP;D;20040407;000000;150.03;155.91;148.9;155.25;614685;94123353.99
SBERP;D;20040408;000000;155.25;157.39;154.89;157;373177;58325036.88
SBERP;D;20040409;000000;157;160.87;156.99;160.25;365194;58094420.4
SBERP;D;20040412;000000;160.05;163.85;160.05;161;442099;71535954.7
SBERP;D;20040413;000000;160.5;161.93;155.11;156.84;526576;83299845.99
SBERP;D;20040414;000000;156.85;157;152.5;153.5;333013;51410795.76
SBERP;D;20040415;000000;153.47;155.25;149.5;154.34;186291;28430507.53
SBERP;D;20040416;000000;154.42;154.96;150;151.76;176853;27072933.5
SBERP;D;20040419;000000;153.15;153.15;147;151;217131;32607316.82
SBERP;D;20040420;000000;150.55;153.47;150.01;153.47;158129;24023080.11
SBERP;D;20040421;000000;152.43;154.9;147.72;150.4;471297;71373415.64
SBERP;D;20040422;000000;145.21;153.38;145.21;149;288910;43636237.26
SBERP;D;20040423;000000;149.1;151.77;146;148.99;221930;32996583.19
SBERP;D;20040426;000000;148;150.23;147;148;166476;24774179.1
SBERP;D;20040427;000000;148.8;152.75;147.15;152.75;167686;25103173.21
SBERP;D;20040428;000000;152.68;156.48;150;150.99;319303;49014258.66
SBERP;D;20040429;000000;150.01;150.01;135.8;140;499575;71159038.3
SBERP;D;20040430;000000;140.01;144.69;139.05;140.5;351562;50129899.05
SBERP;D;20040505;000000;139;141.2;137;139.52;102899;14374305.53
SBERP;D;20040506;000000;141;141;137;138.48;79850;11081283.35
SBERP;D;20040507;000000;137.12;137.12;132.5;134.19;116748;15629809.34
SBERP;D;20040511;000000;132;132;120.5;128.98;233446;29886426.54
SBERP;D;20040512;000000;129.76;142.31;129.76;142.31;213613;28964834.84
SBERP;D;20040513;000000;142.31;147.88;138.95;145;382135;54781077.84
SBERP;D;20040514;000000;144.99;145;139.8;141.31;117398;16574308.97
SBERP;D;20040517;000000;141.53;143.69;139.1;143;154927;22015248.78
SBERP;D;20040518;000000;143.88;145.5;142.12;144.69;200264;28934901.33
SBERP;D;20040519;000000;144.99;145.99;142.31;143.95;290934;42012679.55
SBERP;D;20040520;000000;144.5;149;143.03;148.5;312397;45780553.34
SBERP;D;20040521;000000;147.4;149.45;147.1;148.34;149480;22169615.39
SBERP;D;20040524;000000;147.5;148.5;146.71;147.17;76918;11350269.72
SBERP;D;20040525;000000;147.6;147.9;144.23;145.2;99653;14553274.25
SBERP;D;20040526;000000;146.01;146.83;144.1;146;129433;18819429.63
SBERP;D;20040527;000000;145.01;146.93;143;143.75;80109;11597337.25
SBERP;D;20040528;000000;143.29;143.3;139.7;140.1;121997;17149116.02
SBERP;D;20040531;000000;140.05;141;137;140;51318;7173428.45
SBERP;D;20040601;000000;140.93;140.99;130;139.03;95297;13049948.76
SBERP;D;20040602;000000;138.02;143;137.15;142.35;111952;15742018.33
SBERP;D;20040603;000000;142.9;145;139.25;144.5;153749;21978286.83
SBERP;D;20040604;000000;144.5;144.98;140.17;141.7;93021;13244988.03
SBERP;D;20040607;000000;141.9;144.3;140.2;144.24;29046;4147470.38
SBERP;D;20040608;000000;143;144.5;142.8;144;38325;5512645.46
SBERP;D;20040609;000000;143.01;144.45;143.01;143.4;39766;5713370.55
SBERP;D;20040610;000000;142;143.92;141;142.72;70059;9959136.84
SBERP;D;20040611;000000;142.72;142.72;138.55;139.1;52617;7337567.66
SBERP;D;20040615;000000;139.15;139.15;134.65;136.2;165441;22458976.92
SBERP;D;20040616;000000;135.51;136.97;133.6;136.55;40521;5477812.16
SBERP;D;20040617;000000;136.94;143.6;135.85;143.6;122781;17265161.81
SBERP;D;20040618;000000;143.61;144;132.3;141.97;164309;23287554.67
SBERP;D;20040621;000000;141.1;144.39;141.1;142.98;154979;22082865.38
SBERP;D;20040622;000000;141.52;142.5;141;141.99;30849;4378363.02
SBERP;D;20040623;000000;142.48;142.48;141;141;37337;5289634.64
SBERP;D;20040624;000000;141;141.99;140;141.41;55624;7855784.01
SBERP;D;20040625;000000;140.6;142;136;142;97957;13793289.61
SBERP;D;20040628;000000;141.94;141.94;137.2;137.21;33978;4708406.25
SBERP;D;20040629;000000;137;141;137;138.6;65381;9064411.72
SBERP;D;20040630;000000;138;139.48;136.22;139.25;32480;4506177.29
SBERP;D;20040701;000000;139.02;140.99;135;136.49;81931;11392127.83
SBERP;D;20040702;000000;135.5;136.9;132.2;136;90006;12163253.16
SBERP;D;20040705;000000;135.15;135.15;132;134.1;77865;10387241.96
SBERP;D;20040706;000000;134.97;136.7;132.8;133.3;69987;9389378.02
SBERP;D;20040707;000000;133.39;135.5;131.52;134.27;87372;11690791.7
SBERP;D;20040708;000000;134.99;134.99;133;133.99;24708;3299055.72
SBERP;D;20040709;000000;132.15;133.5;132;132.99;9619;1276803.26
SBERP;D;20040712;000000;134.88;134.88;132.02;134;33290;4440191.39
SBERP;D;20040713;000000;134;136.76;133.22;136.47;57483;7818897.6
SBERP;D;20040714;000000;136.88;137.92;135.08;137.89;37844;5166013.51
SBERP;D;20040715;000000;137.4;144.49;137.3;144.11;371705;52921215.77
SBERP;D;20040716;000000;144.08;146.47;141.88;145.78;277509;39929661.02
SBERP;D;20040719;000000;146;148.98;145;147.99;161500;23769438.88
SBERP;D;20040720;000000;148.1;148.5;142.21;144.44;120763;17600078.74
SBERP;D;20040721;000000;143.12;145;141.8;143;66230;9472638.25
SBERP;D;20040722;000000;143.05;143.05;138.5;140.86;68826;9641668.78
SBERP;D;20040723;000000;140.98;141.75;140.51;141.1;17210;2430984.45
SBERP;D;20040726;000000;140.14;142.5;138;139.8;56040;7850236.17
SBERP;D;20040727;000000;138.01;139;136.05;137.86;91464;12570851.02
SBERP;D;20040728;000000;137.5;137.97;130;132;124442;16521782.28
SBERP;D;20040729;000000;131;134.98;131;131.9;128327;16978359.66
SBERP;D;20040730;000000;133;133.75;131.66;133.75;47801;6331663.96
SBERP;D;20040802;000000;132.6;135;127.5;128.4;115105;14981383.18
SBERP;D;20040803;000000;128.4;130.77;126.02;129.93;65299;8428372.65
SBERP;D;20040804;000000;127.03;130.66;127.03;130.5;21264;2770318.73
SBERP;D;20040805;000000;130.96;133;128.05;129.9;47128;6166535.55
SBERP;D;20040806;000000;129.01;130.48;127.73;129.2;35752;4630559
SBERP;D;20040809;000000;130.49;130.98;128.77;129;30583;3965997.46
SBERP;D;20040810;000000;129.05;129.8;128.05;128.9;10170;1308284.64
SBERP;D;20040811;000000;128.12;129.77;127.35;127.98;18272;2353848.21
SBERP;D;20040812;000000;129;129.48;125.01;128.76;25338;3231725.34
SBERP;D;20040813;000000;128.58;133;126.02;131;125394;16318536.42
SBERP;D;20040816;000000;130.88;131.96;129.55;130.99;35073;4581656.22
SBERP;D;20040817;000000;130.94;131.69;128.4;129.99;44660;5831122.69
SBERP;D;20040818;000000;128.56;131.99;127.02;127.76;76484;9901115.66
SBERP;D;20040819;000000;127.5;129.88;126.7;128.5;34990;4494042.38
SBERP;D;20040820;000000;128.46;129.79;128.15;129;16481;2126284.59
SBERP;D;20040823;000000;129.3;129.99;128.5;129;10092;1301066.14
SBERP;D;20040824;000000;129.46;129.9;128.65;129;30411;3932558.03
SBERP;D;20040825;000000;128.5;129.46;127.07;129;25688;3310136.14
SBERP;D;20040826;000000;129.85;134;128.8;131.8;131079;17353355.42
SBERP;D;20040827;000000;132.49;134;131;133.9;62617;8287869.21
SBERP;D;20040830;000000;133.99;133.99;132;133.35;45648;6066471.73
SBERP;D;20040831;000000;132.1;136.2;132.1;135.75;50482;6805062.42
SBERP;D;20040901;000000;135;135.5;134;135.5;26483;3566092.55
SBERP;D;20040902;000000;137.9;137.9;134.4;135.5;82714;11254905.93
SBERP;D;20040903;000000;135.49;138.38;134.2;138.38;66676;9087867.46
SBERP;D;20040906;000000;138.9;138.9;137.05;138.25;31434;4336164.1
SBERP;D;20040907;000000;138.4;138.98;137.51;138.15;99139;13705976.92
SBERP;D;20040908;000000;138.3;138.5;137;137.41;87682;12069149.76
SBERP;D;20040909;000000;137.6;139;137.07;138.79;66568;9188783.21
SBERP;D;20040910;000000;138.96;140.38;138.15;138.6;84627;11790365.29
SBERP;D;20040913;000000;139.77;140.13;138.42;138.86;29288;4069082.78
SBERP;D;20040914;000000;138.98;144;138.52;142.63;139686;19679452.21
SBERP;D;20040915;000000;142.69;144.38;141;142.65;121471;17259817.35
SBERP;D;20040916;000000;142.57;143.23;141;141.76;138010;19623478.19
SBERP;D;20040917;000000;141;142;140.5;141.96;105713;14898083.74
SBERP;D;20040920;000000;141.02;142.93;140.62;142.33;63227;8979203.56
SBERP;D;20040921;000000;141.93;143.1;140.35;143.05;133237;18961787.38
SBERP;D;20040922;000000;141.4;143.4;138.7;140.99;180846;25504142.5
SBERP;D;20040923;000000;141.19;141.5;139.75;141;101046;14181793.21
SBERP;D;20040924;000000;140.15;142.2;140.15;141.6;79933;11311530.32
SBERP;D;20040927;000000;141.4;142.09;141;141.66;49155;6970785.79
SBERP;D;20040928;000000;141.88;148.9;141.4;147.99;457540;66486426.38
SBERP;D;20040929;000000;148.02;148.92;146.12;147.73;154596;22796525.25
SBERP;D;20040930;000000;147.84;149.48;146;148;104454;15502738.82
SBERP;D;20041001;000000;148;151;146.6;149.73;129844;19336692.64
SBERP;D;20041004;000000;149.73;150.98;149.12;149.12;109819;16442733.72
SBERP;D;20041005;000000;149.01;149.94;148;148.3;76784;11438444.88
SBERP;D;20041006;000000;148.5;150;146.54;149.84;203352;30162423.74
SBERP;D;20041007;000000;149.88;153.53;149.8;152.6;452786;68878645.93
SBERP;D;20041008;000000;152.96;153;149.97;152.44;124934;18939630.12
SBERP;D;20041011;000000;152.02;155.3;149.96;155;325934;50298118.66
SBERP;D;20041012;000000;155.5;156;146.01;147.02;323271;49246257.96
SBERP;D;20041013;000000;147.03;149.25;145.05;148.5;195849;29028638.62
SBERP;D;20041014;000000;148.99;149.44;147.76;148.85;78003;11567261.15
SBERP;D;20041015;000000;147.41;149.76;147.41;148.88;29750;4408203.48
SBERP;D;20041018;000000;149.05;151.47;149.05;151.29;80303;12114030.11
SBERP;D;20041019;000000;151.79;153;150;151.7;314056;47569646.2
SBERP;D;20041020;000000;151.7;152.2;145.13;146.5;185560;27708763.76
SBERP;D;20041021;000000;146.74;148.2;146;148;162209;23898654.56
SBERP;D;20041022;000000;150.11;150.11;147.84;149.37;61760;9185011.86
SBERP;D;20041025;000000;149.9;149.95;146.6;147.84;112307;16671109.96
SBERP;D;20041026;000000;147.9;149.01;146.1;149.01;69838;10288402.57
SBERP;D;20041027;000000;148.99;151.7;148.8;151.5;278344;41912847.17
SBERP;D;20041028;000000;151.71;151.88;147.17;149.25;103088;15407796.85
SBERP;D;20041029;000000;149.7;155.43;148.33;154.96;238494;36221331.83
SBERP;D;20041101;000000;155;155;152.04;152.7;102803;15761344.76
SBERP;D;20041102;000000;151.25;152.75;149.56;151.38;128652;19428716.87
SBERP;D;20041103;000000;151.4;152.5;150;150.5;103135;15605259.33
SBERP;D;20041104;000000;150.14;151.97;148.67;151.51;142646;21418961.53
SBERP;D;20041105;000000;151.72;155.08;151.72;155.08;474624;73011151.83
SBERP;D;20041109;000000;155;157.89;154.02;157;269377;42217844.55
SBERP;D;20041110;000000;156.05;156.99;154.15;155.6;135729;21118058.75
SBERP;D;20041111;000000;155.05;158.5;154.22;155.03;355826;55745337.59
SBERP;D;20041112;000000;155.21;156;154.96;155.11;44403;6897058.92
SBERP;D;20041115;000000;155.15;157.3;155.1;156.26;63791;9993514.63
SBERP;D;20041116;000000;156.96;157.5;154;156.2;119899;18626486.15
SBERP;D;20041117;000000;155.05;156.85;154.5;156;106534;16656177.23
SBERP;D;20041118;000000;155.78;159.86;154.7;158.74;320231;50591525.05
SBERP;D;20041119;000000;158.74;159.5;155.2;156.12;179398;28106825.76
SBERP;D;20041122;000000;156.12;156.48;155.1;155.41;48326;7529563.03
SBERP;D;20041123;000000;155.05;155.05;151.8;152.39;121426;18589805.74
SBERP;D;20041124;000000;152.39;153.5;148.51;150;172826;26131187.57
SBERP;D;20041125;000000;149.83;150.99;146.21;147.91;106858;15806431.09
SBERP;D;20041126;000000;147.96;149.48;147.11;147.8;60502;8977960.05
SBERP;D;20041129;000000;148.12;149.75;147.4;147.84;55335;8187896
SBERP;D;20041130;000000;147.07;149.46;147.07;149;32060;4768205.05
SBERP;D;20041201;000000;150.79;150.79;144.27;145.47;103963;15257409.58
SBERP;D;20041202;000000;145.01;146;142.5;143.5;176473;25280902.62
SBERP;D;20041203;000000;143.5;146;138.8;140.4;269095;38426284.4
SBERP;D;20041206;000000;140.33;140.4;138.11;139;80420;11216224.32
SBERP;D;20041207;000000;139.1;144;139;144;362672;51734140.27
SBERP;D;20041208;000000;144.4;145.85;135.85;139.5;333198;46945282.99
SBERP;D;20041209;000000;139.45;142.1;132;133.94;144758;19994970.22
SBERP;D;20041210;000000;132.6;136.9;127.5;130.73;138937;18341545.56
SBERP;D;20041214;000000;130.88;137.96;130.4;136.65;118507;15962951.38
SBERP;D;20041215;000000;136.98;137.98;135;137.98;137230;18745950.42
SBERP;D;20041216;000000;135.55;140.99;135.55;138.78;152245;21154810.5
SBERP;D;20041217;000000;136.04;138.97;133;134.67;96726;13009406.38
SBERP;D;20041220;000000;134.02;135.33;131.52;135.2;83637;11112148.73
SBERP;D;20041221;000000;135.2;138.99;134;138.35;429862;58627526.28
SBERP;D;20041222;000000;138.4;138.97;135.6;136.74;87897;12040498.09
SBERP;D;20041223;000000;136.01;139;135.11;138;66268;9138026.79
SBERP;D;20041224;000000;139.15;141;136.6;140.44;145399;20242583.33
SBERP;D;20041227;000000;133.25;141;133.25;140.5;44767;6286113.93
SBERP;D;20041228;000000;140.5;140.74;138.17;138.93;79938;11105979.56
SBERP;D;20041229;000000;138.5;138.97;135.81;138.7;229959;31577993.22
SBERP;D;20041230;000000;138.68;139.5;137.28;139.5;209482;29038631.66
SBERP;D;20050111;000000;139.29;142;138.17;140.4;180343;25306096.48
SBERP;D;20050112;000000;140;140.95;139.03;139.64;28860;4037427.56
SBERP;D;20050113;000000;141.85;141.85;139.2;139.3;30256;4222642.69
SBERP;D;20050114;000000;139.29;139.85;139;139.44;29134;4062640.41
SBERP;D;20050117;000000;139.9;139.9;136.67;137;98219;13591267.64
SBERP;D;20050118;000000;136.6;137.48;135;136.77;91606;12474051.53
SBERP;D;20050119;000000;136.9;138.4;136.1;137.3;42517;5828381.81
SBERP;D;20050120;000000;138;138;135.1;135.89;86712;11798475.06
SBERP;D;20050121;000000;135.6;136.8;134.22;135.99;79233;10727639
SBERP;D;20050124;000000;135.98;138.35;135.98;138.32;71698;9846365.21
SBERP;D;20050125;000000;138.5;141.85;138.5;140.98;200445;28136932.35
SBERP;D;20050126;000000;140.5;141.69;139.4;140.5;117992;16560950.27
SBERP;D;20050127;000000;140;141.3;139.51;140.9;60728;8545750.33
SBERP;D;20050128;000000;140.6;146;140.05;145.96;157550;22486953.49
SBERP;D;20050131;000000;145.5;149.77;144.25;148.51;387503;57265420.54
SBERP;D;20050201;000000;148.53;151.99;148.53;151.99;330332;49727666.31
SBERP;D;20050202;000000;151.02;152.99;151.02;151.89;174071;26478199.72
SBERP;D;20050203;000000;151.3;153;150.15;152.12;247401;37638229.22
SBERP;D;20050204;000000;152.48;152.84;151.01;152.5;101531;15424438.96
SBERP;D;20050207;000000;152.5;154.05;152.01;153.38;395094;60463357.45
SBERP;D;20050208;000000;152.5;154.9;152.05;154.6;129898;20005162.35
SBERP;D;20050209;000000;155;156;154.25;154.88;348655;54134428.06
SBERP;D;20050210;000000;154.51;155.25;151;154.5;136996;20994938.97
SBERP;D;20050211;000000;154.5;155.3;152.77;154;91263;14079487.31
SBERP;D;20050214;000000;155.09;157.3;154;156.1;294257;45932536.87
SBERP;D;20050215;000000;156.45;157.4;156;157.29;160536;25214297.73
SBERP;D;20050216;000000;157.49;158.25;156.55;157.85;166704;26229786.86
SBERP;D;20050217;000000;157.85;161;157.65;161;427866;68153606.05
SBERP;D;20050218;000000;160.5;164.9;160.1;162;337431;54770875.94
SBERP;D;20050221;000000;162;163.8;161.52;163.54;266568;43509150.37
SBERP;D;20050222;000000;163.57;164.49;162.4;164.24;251768;41171461.14
SBERP;D;20050224;000000;164.7;167.78;164.27;167.65;259021;43153129.85
SBERP;D;20050225;000000;168;169.8;165;169.01;504244;85156118.39
SBERP;D;20050228;000000;169.02;170.5;168.74;170;271966;46161030.35
SBERP;D;20050301;000000;169.76;171.35;166.3;167.65;294160;49763412.67
SBERP;D;20050302;000000;167.5;169.2;164.19;165.11;238035;39747743.87
SBERP;D;20050303;000000;167;167.45;165.02;167;165231;27571203.85
SBERP;D;20050304;000000;167.9;170.9;166.5;170.9;278968;46955834.48
SBERP;D;20050305;000000;171.25;171.25;169.52;169.77;81022;13788583.45
SBERP;D;20050309;000000;168.5;170.88;168;168.58;148808;25169137.95
SBERP;D;20050310;000000;169.29;169.29;164.2;165.63;231777;38592747.03
SBERP;D;20050311;000000;165.1;166.08;160.12;165.24;348731;56803703.34
SBERP;D;20050314;000000;166.9;166.9;163.13;165;166605;27465367.64
SBERP;D;20050315;000000;164.12;166;163.83;165;116307;19164186.11
SBERP;D;20050316;000000;165;165;160.66;161.9;240675;39255372.09
SBERP;D;20050317;000000;160.55;165;160.55;164.69;94951;15505779.24
SBERP;D;20050318;000000;164.8;167.3;163.03;164.99;160789;26569112.5
SBERP;D;20050321;000000;162.5;165.35;162.06;163.05;89122;14573601.55
SBERP;D;20050322;000000;162.71;166.92;162.71;166.5;131302;21679177.96
SBERP;D;20050323;000000;164;165.5;161.4;164.64;165532;26985841.79
SBERP;D;20050324;000000;164.89;167.1;162.82;166.57;147840;24520810.79
SBERP;D;20050325;000000;167;168;165.73;166.18;104657;17462110.36
SBERP;D;20050328;000000;166.11;167.48;165.15;167.2;75888;12645284.75
SBERP;D;20050329;000000;167.11;167.99;165.66;167.39;97035;16170636.32
SBERP;D;20050330;000000;166.21;167;164.36;165.9;74052;12271148.78
SBERP;D;20050331;000000;165.14;170.45;164.51;169.75;169096;28387032.27
SBERP;D;20050401;000000;170;173.87;169;172.5;508703;87793539.29
SBERP;D;20050404;000000;172.5;174.8;172;173.6;370632;64210949.2
SBERP;D;20050405;000000;173.5;174.95;167.5;174.01;258230;44926871.14
SBERP;D;20050406;000000;174.01;175.49;173.26;175.3;241297;42158788.57
SBERP;D;20050407;000000;175.3;176.86;173.55;176.25;270071;47505492.29
SBERP;D;20050408;000000;175.55;177.77;174;176;113503;20009749.05
SBERP;D;20050411;000000;175.83;177.43;169.4;173;384149;66357964.9
SBERP;D;20050412;000000;172.85;174.39;171.3;174.02;151064;26101502.78
SBERP;D;20050413;000000;174.89;180.48;174;179.7;342486;61138153.08
SBERP;D;20050414;000000;179;179.9;176.03;178.64;206591;36761329.1
SBERP;D;20050415;000000;176.15;179;176.15;178.1;207635;36901631.49
SBERP;D;20050418;000000;177.01;177.1;172.02;173;223820;38852816.19
SBERP;D;20050419;000000;172.52;176.25;172.52;175.95;168402;29456517.9
SBERP;D;20050420;000000;175;177.5;174.5;175.8;115918;20438783.73
SBERP;D;20050421;000000;175.15;177;174.4;176.14;78163;13735325.88
SBERP;D;20050422;000000;176.16;178.2;175.4;177.95;126822;22478441.49
SBERP;D;20050425;000000;177.99;180;176.52;177.6;146440;26158193.79
SBERP;D;20050426;000000;178.4;178.5;176.85;178.25;114192;20294836.36
SBERP;D;20050427;000000;177.5;178.5;176.51;178;144877;25729786.47
SBERP;D;20050428;000000;178.5;179.1;177.51;179;182532;32602139.36
SBERP;D;20050429;000000;178.9;179.9;177;178;307753;54849022.29
SBERP;D;20050503;000000;178.8;180.62;177.9;180.37;154594;27799995.71
SBERP;D;20050504;000000;180.5;184.99;180.12;183.11;284087;52057808.3
SBERP;D;20050505;000000;184.87;184.88;183.5;184.6;297658;54833310.37
SBERP;D;20050506;000000;184.55;185.75;181.01;182.01;305733;55980627.77
SBERP;D;20050511;000000;180;180;172;178.9;185603;33149217.44
SBERP;D;20050512;000000;180;180;178.4;178.81;158594;28367966.98
SBERP;D;20050513;000000;178.02;181.3;178.01;180.53;151963;27257244
SBERP;D;20050514;000000;180.41;181.2;179.06;179.4;10458;1880947.49
SBERP;D;20050516;000000;179.1;179.76;178;178.75;385018;68875968.72
SBERP;D;20050517;000000;173.35;183;173.35;181.7;174021;31115369.93
SBERP;D;20050518;000000;181.97;183;180.28;181.59;41574;7541226
SBERP;D;20050519;000000;181.59;182;180.5;181.1;24702;4477920.18
SBERP;D;20050520;000000;180.52;180.6;179.32;179.62;45345;8156244.57
SBERP;D;20050523;000000;180.05;180.84;179;180.78;146829;26459161.27
SBERP;D;20050524;000000;180.99;182.97;179.91;182.87;73677;13383997.16
SBERP;D;20050525;000000;182.87;182.98;181.06;181.6;36142;6573942.55
SBERP;D;20050526;000000;181.07;182.5;180.33;181.01;45636;8277480.59
SBERP;D;20050527;000000;185.54;185.54;179.52;180.36;64680;11695046.75
SBERP;D;20050530;000000;179.96;180.94;178;180.17;49798;8931564.19
SBERP;D;20050531;000000;180.17;183.7;179.76;183.69;159709;29029281.56
SBERP;D;20050601;000000;183.5;184.19;181;182.8;107981;19685071.5
SBERP;D;20050602;000000;182.8;183.48;182.1;182.49;28447;5199473.09
SBERP;D;20050603;000000;182;183;181.51;182;51433;9372107.23
SBERP;D;20050606;000000;182;182.17;181.01;181.89;29868;5430119.43
SBERP;D;20050607;000000;181.89;182;180;180.8;69103;12501976.4
SBERP;D;20050608;000000;181;194.85;181;192;778440;147480554.48
SBERP;D;20050609;000000;192;193.6;190;191.8;213097;41061869.35
SBERP;D;20050610;000000;192.9;193;191.22;191.5;66566;12807652.65
SBERP;D;20050614;000000;191.5;192.49;190.91;191.49;63448;12152809.99
SBERP;D;20050615;000000;191.03;191.98;190.26;191.5;52560;10033820.41
SBERP;D;20050616;000000;191.48;192.95;190.55;192.48;127012;24376290.12
SBERP;D;20050617;000000;192.44;199;190.91;197.39;1228377;239960772.66
SBERP;D;20050620;000000;197.39;197.9;196.42;196.54;75417;14862101.64
SBERP;D;20050621;000000;196.5;198.99;195.3;196.5;521520;103107032.19
SBERP;D;20050622;000000;195.4;202.94;195.4;202.6;590665;118705547
SBERP;D;20050623;000000;205.5;222.74;201.01;221.89;1214584;259588821.09
SBERP;D;20050624;000000;222.7;241.25;219.55;226.15;1401072;325060279.99
SBERP;D;20050627;000000;226.15;233.09;225.59;229;350719;80299648.25
SBERP;D;20050628;000000;229;232;225.45;228.35;296840;67733315.01
SBERP;D;20050629;000000;228.35;234.98;227.6;232.88;404016;93182513.44
SBERP;D;20050630;000000;236;237.99;233.15;235;334185;78799949.85
SBERP;D;20050701;000000;229.5;241.95;229.5;239.8;356108;85256250.34
SBERP;D;20050704;000000;240.86;243.88;238.67;239;266383;64366735.36
SBERP;D;20050705;000000;239.1;240.67;234.02;239.29;241249;57373266.7
SBERP;D;20050706;000000;239.1;252.7;238.29;247.11;1684524;417531463.07
SBERP;D;20050707;000000;247.7;252;235.01;245.06;628985;153827494.49
SBERP;D;20050708;000000;245;251.47;245;249.1;320549;80070230.18
SBERP;D;20050711;000000;250.2;253.5;247.11;249.45;557563;140197845.34
SBERP;D;20050712;000000;249.5;250.8;245.01;247.16;316403;78213643.39
SBERP;D;20050713;000000;247;256.85;246.31;256.01;509637;128981820.28
SBERP;D;20050714;000000;256.5;261.39;253.22;254.45;324065;83262167.45
SBERP;D;20050715;000000;254.45;254.75;250.31;253.55;213801;54000287.19
SBERP;D;20050718;000000;253.5;256.1;251.51;252.79;100926;25644258.84
SBERP;D;20050719;000000;253.9;287;252.84;279.85;1713597;463948269.63
SBERP;D;20050720;000000;281.31;289.66;279;280.02;793754;225111534.4
SBERP;D;20050721;000000;280.37;294;280;289;1305549;373806697.6
SBERP;D;20050722;000000;290.5;324.89;287.9;320;2321202;714069109.79
SBERP;D;20050725;000000;322.75;368;320;335;2914371;975163875.91
SBERP;D;20050726;000000;336;340;301.01;309.99;1879328;597068226.62
SBERP;D;20050727;000000;313;318.8;301.25;311.5;1336247;417224066.82
SBERP;D;20050728;000000;316.97;318.27;303.86;305.01;946671;295274825.67
SBERP;D;20050729;000000;306;309.99;287.71;288.87;2000752;594782418.21
SBERP;D;20050801;000000;288.01;293.98;275.01;291;1011674;289412360.35
SBERP;D;20050802;000000;293;299.5;291.51;293.4;994409;293740343.63
SBERP;D;20050803;000000;293.56;297.14;277;278.2;819194;235380850.27
SBERP;D;20050804;000000;279.49;308.8;275.14;306.99;2640852;789893805.42
SBERP;D;20050805;000000;308;317.59;306.03;309;1268562;394757292.3
SBERP;D;20050808;000000;316.25;316.25;302.22;312;992469;309300084.99
SBERP;D;20050809;000000;313;314;303.02;303.4;639773;196836456.66
SBERP;D;20050810;000000;303.4;311.95;303.4;311.75;750686;231708159.34
SBERP;D;20050811;000000;312;314;305.6;306.44;548294;169416582
SBERP;D;20050812;000000;306.48;309.44;303.1;305.21;271545;82952807.72
SBERP;D;20050815;000000;307.75;311;304.57;310.6;256091;78834275.07
SBERP;D;20050816;000000;311.38;336;309;329;1707982;556671758.47
SBERP;D;20050817;000000;329.99;353.73;326;353.49;1859332;636655685.38
SBERP;D;20050818;000000;352.01;365;346.41;354.82;2039770;727974366.4
SBERP;D;20050819;000000;353.56;372;348.1;367.01;2028573;740923042.25
SBERP;D;20050822;000000;370.01;404.9;369.99;390.01;6126118;2409732961.79
SBERP;D;20050823;000000;392.25;401.9;391.14;392.51;1841083;729241385.14
SBERP;D;20050824;000000;396;397.43;391.02;395;1504626;593220156.38
SBERP;D;20050825;000000;395.95;400.7;394.1;396.9;549843;218399290.1
SBERP;D;20050826;000000;401.78;401.78;375.01;378.51;1534562;602343751.7
SBERP;D;20050829;000000;380;385.77;376.2;382.75;817053;312348703.4
SBERP;D;20050830;000000;383.95;396.7;380.51;383.99;1327035;516416848.73
SBERP;D;20050831;000000;384;389;357;383.5;1911200;718154726.85
SBERP;D;20050901;000000;387.25;393.99;377.01;384.39;1720270;666108000.09
SBERP;D;20050902;000000;384.95;397.73;380.5;388.33;1221071;477157984.81
SBERP;D;20050905;000000;390;391.89;385.5;386;349788;135687220.27
SBERP;D;20050906;000000;385;385.5;368;370;787975;294566112.35
SBERP;D;20050907;000000;370;372.99;333;361.5;1874147;666690560.13
SBERP;D;20050908;000000;361.94;382.6;358.4;381.88;1772791;662874017.21
SBERP;D;20050909;000000;384;390;378.33;382.5;1352834;520311625.05
SBERP;D;20050912;000000;384.75;388;373.52;376.6;663459;252499083.08
SBERP;D;20050913;000000;376.79;384.56;368.55;374;796921;301346346.02
SBERP;D;20050914;000000;374;375;368.71;374.2;477464;177687447.92
SBERP;D;20050915;000000;376.91;376.91;371.03;373;277825;103897645.66
SBERP;D;20050916;000000;373;386.79;370.5;379.88;939158;358448044.57
SBERP;D;20050919;000000;383.75;389.15;380.07;383.33;654873;251853095.36
SBERP;D;20050920;000000;385.12;401.91;384;396.91;1953399;770760009.06
SBERP;D;20050921;000000;397.15;401.01;392.98;397.79;608593;241599291.74
SBERP;D;20050922;000000;399.5;405;389.14;391.5;588189;233713663.1
SBERP;D;20050923;000000;388.95;394.75;385;390.4;295541;115410898.2
SBERP;D;20050926;000000;389.5;389.89;382;387.2;160034;61879495.15
SBERP;D;20050927;000000;389.01;394.5;389.01;393;223278;87566239.12
SBERP;D;20050928;000000;393.04;396.05;386.5;394;436097;171286062.62
SBERP;D;20050929;000000;394.27;397;385.56;390;356670;140361145.52
SBERP;D;20050930;000000;378.28;395;378.28;391.5;508558;199009800.35
SBERP;D;20051003;000000;391.25;393.98;388.1;393;267317;104700253.4
SBERP;D;20051004;000000;399.5;399.5;383;392.01;490849;192478695.95
SBERP;D;20051005;000000;392;392;384;387;236840;91881854.52
SBERP;D;20051006;000000;383;383;345.1;354.36;864965;315294649.18
SBERP;D;20051007;000000;352.66;361.4;331.04;347.89;742386;257396510.83
SBERP;D;20051010;000000;350;374.86;348;374.86;681384;244622434.14
SBERP;D;20051011;000000;376;383.98;368.12;380.01;521418;197286969.38
SBERP;D;20051012;000000;383.48;386.1;355;361.5;480414;178674781.26
SBERP;D;20051013;000000;356.5;361;341.25;349.21;469346;164015769.97
SBERP;D;20051014;000000;349;351.5;336.25;342.5;300441;102981438.2
SBERP;D;20051017;000000;352.96;352.96;335;345.79;371996;127959107.09
SBERP;D;20051018;000000;348;348.5;342;343;151101;52166027.24
SBERP;D;20051019;000000;340;340;326.1;330.2;294692;97589288.19
SBERP;D;20051020;000000;334.03;336.5;330.35;331.3;134622;44981764.29
SBERP;D;20051021;000000;324.25;336.36;321.04;335.8;283291;93002030.03
SBERP;D;20051024;000000;336.6;349.25;330;344;336588;115529747.72
SBERP;D;20051025;000000;346.03;352;336.25;339.1;243329;84072472.53
SBERP;D;20051026;000000;345;360;341.09;359.99;368918;128745393
SBERP;D;20051027;000000;359;371;345.01;347.1;790928;283622681.3
SBERP;D;20051028;000000;347.04;360;341;355.5;468816;164931045.42
SBERP;D;20051031;000000;360.5;365.98;355.6;363.49;474575;170923391.83
SBERP;D;20051101;000000;364;365.85;356.24;360.55;455994;165297731.17
SBERP;D;20051102;000000;362.08;394.41;361.65;393;1003537;377566724.46
SBERP;D;20051103;000000;394;396.43;389.01;390;632854;248601785.18
SBERP;D;20051107;000000;390;405.85;385.23;399.12;1179438;468397996.37
SBERP;D;20051108;000000;397;398.95;390.3;394.3;462951;183527748.71
SBERP;D;20051109;000000;395;398.6;393.91;394.5;441517;174995339.41
SBERP;D;20051110;000000;405.62;405.62;390;394.55;1295920;515492660.36
SBERP;D;20051111;000000;392;399.97;392;399.49;554289;219543007.63
SBERP;D;20051114;000000;410.5;414;399.7;412;2016223;818625490.53
SBERP;D;20051115;000000;414.94;433;412.01;426.1;1908657;810364805.22
SBERP;D;20051116;000000;425.9;434.51;418.5;427.1;1300478;554337558.17
SBERP;D;20051117;000000;430;445;429;444.53;1340894;587793050.85
SBERP;D;20051118;000000;445.02;447.45;437.01;439.67;555617;245651850.77
SBERP;D;20051121;000000;440.51;465;440.04;456.8;1240007;562210442.92
SBERP;D;20051122;000000;460.04;461.99;446;454.5;1017600;462163812.25
SBERP;D;20051123;000000;455;458;450.01;452;365935;166129641.63
SBERP;D;20051124;000000;452;458.4;450.11;456.9;650464;296791466.85
SBERP;D;20051125;000000;457.9;460;453.1;458.51;368230;168228497.52
SBERP;D;20051128;000000;459.99;469.8;458.61;460;1515255;703960934.02
SBERP;D;20051129;000000;458;464.18;453;461.7;438354;200816068.32
SBERP;D;20051130;000000;461;477.96;458;476.8;1425818;670562999
SBERP;D;20051201;000000;476.55;496;476.55;495.47;1107148;539123468.41
SBERP;D;20051202;000000;500;507.65;495.5;503.01;894063;449333072.55
SBERP;D;20051205;000000;505.25;510.18;502.98;507.2;486266;246394273.92
SBERP;D;20051206;000000;512.3;512.3;497.49;500.3;581522;291374177.39
SBERP;D;20051207;000000;479.51;507.6;479.51;506.3;594135;299902311.58
SBERP;D;20051208;000000;505.01;507.3;493.01;499.89;788042;395051441.48
SBERP;D;20051209;000000;502;505;502;502.11;250811;126300296.6
SBERP;D;20051212;000000;502.8;522.3;502.8;522;1405522;725124931.99
SBERP;D;20051213;000000;525.85;528.85;517;523.78;669333;350073354
SBERP;D;20051214;000000;523;535.18;519.01;533.8;1300010;687857230.91
SBERP;D;20051215;000000;533.85;559.86;533;546.98;2294777;1263283671.71
SBERP;D;20051216;000000;546.99;553.88;545;553.51;554316;304237323.63
SBERP;D;20051219;000000;552.96;555.55;549.72;555.2;476305;263570940.29
SBERP;D;20051220;000000;555;571.95;548;570.55;1403358;786796501.22
SBERP;D;20051221;000000;572.17;594.7;571;594.5;2047423;1195594459.66
SBERP;D;20051222;000000;596.06;650;595.1;648.99;4557961;2857112189.77
SBERP;D;20051223;000000;650;681.79;595;618.15;6312922;4078309676.01
SBERP;D;20051226;000000;620;659.85;617;659.85;2717841;1737351639.82
SBERP;D;20051227;000000;662.25;671.99;651.66;657;2693720;1787274452.52
SBERP;D;20051228;000000;656;657;622.55;637;2148688;1372077641.88
SBERP;D;20051229;000000;640;655.07;638.5;648;1728111;1121472014.73
SBERP;D;20051230;000000;648.25;653;635.26;636.03;442856;284383107.94
SBERP;D;20060110;000000;658.9;739.2;652.01;728.42;4503488;3159379231.28
SBERP;D;20060111;000000;728.42;861.9;723;814;8984291;7178256373.89
SBERP;D;20060112;000000;824.94;867;824;843;5457443;4620605927.93
SBERP;D;20060113;000000;849;859.03;795.22;829.95;3361736;2778072058.27
SBERP;D;20060116;000000;830;839.74;810;812;1660500;1371390533.69
SBERP;D;20060117;000000;821;826;771.4;777;2442036;1929321098.92
SBERP;D;20060118;000000;767;768;712;726;3160769;2316412932.21
SBERP;D;20060119;000000;715;820;692.11;818.53;4346051;3335739666.36
SBERP;D;20060120;000000;822;839;755.98;788.02;4413228;3568338933.97
SBERP;D;20060123;000000;785;794.9;747.82;762;1976064;1520717150.96
SBERP;D;20060124;000000;770.04;808.94;766.01;805;3286101;2597925107.92
SBERP;D;20060125;000000;810;814.4;790.1;796.7;2304725;1846782061.26
SBERP;D;20060126;000000;799.5;799.5;771;773;1041587;818762269.1
SBERP;D;20060127;000000;780;798.89;767;792;1715633;1349061780.44
SBERP;D;20060130;000000;792;797.9;739.54;753.7;1941873;1489040380.22
SBERP;D;20060131;000000;755;810;735;764.86;4925833;3805100391.97
SBERP;D;20060201;000000;766;783;745.5;775;1689230;1297094435.87
SBERP;D;20060202;000000;777.97;781.86;760;770;860817;663670698.55
SBERP;D;20060203;000000;759;762;740;747;1242918;934454383.82
SBERP;D;20060206;000000;750;767.3;744;762.33;864808;654799639.61
SBERP;D;20060207;000000;760.06;761.95;751.07;753;731119;552943040.62
SBERP;D;20060208;000000;740.11;759.5;731.1;758.02;1191487;887493089.25
SBERP;D;20060209;000000;759.88;800;758.54;800;3172220;2498194680.36
SBERP;D;20060210;000000;808.72;809.89;775.1;780;1780285;1410562540.01
SBERP;D;20060213;000000;776.49;792;764.14;772;1111240;861925098.41
SBERP;D;20060214;000000;768;798.95;767.1;781.5;1306620;1027691313.6
SBERP;D;20060215;000000;788;790;770.01;776.8;707844;550266291.95
SBERP;D;20060216;000000;784.85;792.2;775.01;782.1;937937;737354578.83
SBERP;D;20060217;000000;786.15;794.8;783.55;792;867730;685433698.88
SBERP;D;20060220;000000;796.9;807;793;794.99;850844;679729358.22
SBERP;D;20060221;000000;799.95;802;778;780.22;893025;702128739.07
SBERP;D;20060222;000000;780;785.2;775;782.57;605562;473013508.54
SBERP;D;20060226;000000;786.06;795;782.21;787;891312;703347248.8
SBERP;D;20060227;000000;790;795;779.08;782.7;638423;501578088.92
SBERP;D;20060228;000000;780;823.88;752;768;3696544;2953638075.55
SBERP;D;20060301;000000;769.95;780.99;746;765;1272882;971714968.94
SBERP;D;20060302;000000;774.97;775.3;750.2;760.7;392490;299727246.59
SBERP;D;20060303;000000;765.05;774.33;760;768.2;310703;238422204.37
SBERP;D;20060306;000000;771;792.2;765.61;768.5;1126767;876611416.97
SBERP;D;20060307;000000;765.28;767;712.01;724.98;865244;641986735.78
SBERP;D;20060309;000000;714.94;714.94;678.97;699.29;1427927;991154190.96
SBERP;D;20060310;000000;700;704.97;680.5;694;656039;454406036.97
SBERP;D;20060313;000000;699.95;728;698.01;725.92;931113;664564975.18
SBERP;D;20060314;000000;733;746;689.01;700.5;1592566;1138872068.18
SBERP;D;20060315;000000;715;717;690;702.99;1029931;722340444.75
SBERP;D;20060316;000000;704.99;726;695.02;718;985544;701967275.34
SBERP;D;20060317;000000;724;738.19;712.9;718.5;1267803;920572439.53
SBERP;D;20060320;000000;719.31;734;704;710.5;958143;689260795.07
SBERP;D;20060321;000000;706;724.45;701.62;709.36;858669;612017162.79
SBERP;D;20060322;000000;708.97;715.86;703;715.5;363475;258252782.95
SBERP;D;20060323;000000;716.06;732;705;714;1731369;1245201176.97
SBERP;D;20060324;000000;717.75;720.78;705.7;712.83;810983;577385429.38
SBERP;D;20060327;000000;715;721.57;710;715;464171;332500880.7
SBERP;D;20060328;000000;715.02;722.99;708.12;711.99;685931;490754868.94
SBERP;D;20060329;000000;708.55;714.85;700.02;705.1;354589;251165853.49
SBERP;D;20060330;000000;711;721;708;721;699849;500192646.12
SBERP;D;20060331;000000;721.75;728;713.5;724.99;719915;518838944.96
SBERP;D;20060403;000000;725;730.5;721.1;723.49;1094018;793980343.71
SBERP;D;20060404;000000;724.02;727;718;719.51;746359;538822307.84
SBERP;D;20060405;000000;722.5;736.98;718.16;733.93;970072;706191308.43
SBERP;D;20060406;000000;736;744;725.59;729.9;840717;619494111.72
SBERP;D;20060407;000000;729.01;737;725.2;732.54;474532;347484867.15
SBERP;D;20060410;000000;733.5;794.99;725.7;792.55;2409978;1845402045.94
SBERP;D;20060411;000000;800;810;758.22;770;2750149;2165935201.81
SBERP;D;20060412;000000;764.5;787.05;758;786.8;1345322;1042118675.94
SBERP;D;20060413;000000;787;789;768.01;771.2;641314;498593438.49
SBERP;D;20060414;000000;779;779;769;776.94;352948;272981143.17
SBERP;D;20060417;000000;780.94;784;772.11;780.3;411078;320366306.99
SBERP;D;20060418;000000;788.5;789.11;781.01;782.49;473458;371249836.13
SBERP;D;20060419;000000;790;790;771;780;641666;502873348.1
SBERP;D;20060420;000000;784.5;784.5;770;771.36;583285;452311759.56
SBERP;D;20060421;000000;771.13;773;759.01;770;346747;266140594.58
SBERP;D;20060424;000000;761.69;784.3;761.69;770.92;474299;367431868.58
SBERP;D;20060425;000000;767.78;784;762;771;751953;581603502.44
SBERP;D;20060426;000000;771.5;815.78;771.5;815;4634965;3703388452.26
SBERP;D;20060427;000000;818.01;847;781.5;794.5;5596649;4583126276.81
SBERP;D;20060428;000000;788;822;781;809.26;2568005;2073701348.46
SBERP;D;20060502;000000;820;849.6;815.02;849.5;2637114;2196499258.28
SBERP;D;20060503;000000;857;860;822;828.02;2571535;2172602686.32
SBERP;D;20060504;000000;824;851.5;818;841.1;1796242;1510510666.31
SBERP;D;20060505;000000;839.99;854.9;830;840;1526038;1291460686.99
SBERP;D;20060506;000000;846.14;846.99;838.22;842.99;291208;245255999.87
SBERP;D;20060510;000000;865.57;865.57;826.01;830;1369308;1158302599.13
SBERP;D;20060511;000000;830;839.9;773.2;787.99;1485056;1193538435.2
SBERP;D;20060512;000000;785;785;765;770.4;639628;494995632.06
SBERP;D;20060515;000000;767.44;767.88;710.5;715.98;923655;680479281.25
SBERP;D;20060516;000000;713.98;749;701.21;736.95;1354124;981622028.37
SBERP;D;20060517;000000;745;755.01;705.11;708;981120;720935002.47
SBERP;D;20060518;000000;683.16;705;660;693.5;1464168;996318020.41
SBERP;D;20060519;000000;695;709;675;687;965840;670141697.37
SBERP;D;20060522;000000;689.5;694.45;605.13;620;924159;602051190.45
SBERP;D;20060523;000000;630;685;585;685;1308691;853883191.34
SBERP;D;20060524;000000;680;685;635;664;937893;621027583.06
SBERP;D;20060525;000000;650;713.03;643;700.95;1021967;694592184.7
SBERP;D;20060526;000000;714.35;723.3;700.01;713;1601884;1140976908.29
SBERP;D;20060529;000000;719.7;723;690;693.98;812874;576839141.65
SBERP;D;20060530;000000;693.02;709.9;675;706;784109;544183127.79
SBERP;D;20060531;000000;688;736.26;687;719;1118989;800573046.82
SBERP;D;20060601;000000;722.5;747.95;711.1;746.99;1236812;906695721.78
SBERP;D;20060602;000000;749;775.98;748;770.96;1530810;1165635071.4
SBERP;D;20060605;000000;776.2;779.55;740.01;751.45;780321;591432147.42
SBERP;D;20060606;000000;737;741.99;702.3;707;773761;560439081.27
SBERP;D;20060607;000000;710;727.05;675;715;872129;613630551.09
SBERP;D;20060608;000000;699.95;699.95;643.02;645;823110;560913340.87
SBERP;D;20060609;000000;659.58;676.35;645.54;654.01;510260;338462787.46
SBERP;D;20060613;000000;624.39;630.01;591;595.14;1164582;707360704.89
SBERP;D;20060614;000000;593.5;624.59;590;620.88;769996;466856246.97
SBERP;D;20060615;000000;640.44;644.9;626.4;642.06;531380;337721155.44
SBERP;D;20060616;000000;655;675;611.5;631.95;931550;604687961.38
SBERP;D;20060619;000000;634.9;665.6;625.01;643.18;405731;262440731.7
SBERP;D;20060620;000000;635;728;630.23;719.99;1514298;1041609511.83
SBERP;D;20060621;000000;719.95;740.49;678.11;740;1189015;841006945.99
SBERP;D;20060622;000000;750;755;703.6;709;965518;707852353.99
SBERP;D;20060623;000000;698.5;750;691.05;734.87;880286;635409707.09
SBERP;D;20060626;000000;739.4;750;721.29;726.9;489652;359072920.52
SBERP;D;20060627;000000;731.75;747.22;707;736.99;1172618;858600796.95
SBERP;D;20060628;000000;726;744;716.55;732.01;528949;387169839.21
SBERP;D;20060629;000000;740;742.5;726.41;737;363323;267094814.5
SBERP;D;20060630;000000;758.61;758.61;731.22;737;787072;588002316.85
SBERP;D;20060703;000000;744.95;755.71;736;744;365857;273093976.38
SBERP;D;20060704;000000;737.5;777;737.5;777;792630;602053619.67
SBERP;D;20060705;000000;774.95;777.99;730;730;1310430;992215223.39
SBERP;D;20060706;000000;739.58;755;730;754;699433;518877584.96
SBERP;D;20060707;000000;755.01;796;748.5;789.5;1846296;1446788839.93
SBERP;D;20060710;000000;781;810;778.2;801.5;1524134;1218696180.98
SBERP;D;20060711;000000;800;804.8;769.42;778.98;816985;644782391.66
SBERP;D;20060712;000000;788.5;792.12;769.11;771.54;562788;439629456.34
SBERP;D;20060713;000000;769;771.48;722.1;743.1;988055;733963801.34
SBERP;D;20060714;000000;725.26;757.43;715;739.7;634984;467449850.99
SBERP;D;20060717;000000;750.45;750.45;716.03;719.88;362039;263788536.79
SBERP;D;20060718;000000;711.06;719;672.2;698.7;1296854;894296266.96
SBERP;D;20060719;000000;700;707.99;695;707.89;393171;276101727.46
SBERP;D;20060720;000000;875;875;694.3;707.08;564356;403885091.38
SBERP;D;20060804;000000;777.5;791;771;779;926363;721148482.99
SBERP;D;20060807;000000;780;780;765;772;274359;211423209.33
SBERP;D;20060808;000000;776.89;780;763;770;219510;169556311.97
SBERP;D;20060809;000000;778;808.97;773;803.48;1511426;1208016842.5
SBERP;D;20060810;000000;797.48;808.85;791.03;808;487194;389153675.8
SBERP;D;20060811;000000;810;825;808;819.89;738417;605492318.33
SBERP;D;20060814;000000;819.95;843;818.01;827.59;782613;654109177.91
SBERP;D;20060815;000000;827.22;827.22;805.52;824.71;687222;561865057.05
SBERP;D;20060816;000000;835.36;840;821.7;838;680954;566605880.54
SBERP;D;20060817;000000;840;849.99;830;843;920316;774475953.5
SBERP;D;20060818;000000;838.66;844.8;800;811;1197670;987689899.85
SBERP;D;20060821;000000;815;827;813.01;825;521001;426851636.38
SBERP;D;20060822;000000;828;835;823.01;833.3;406862;337530718.91
SBERP;D;20060823;000000;831.06;835.63;824.34;832.9;355821;295494179.45
SBERP;D;20060824;000000;829.95;829.99;813.9;816;629123;516273660.18
SBERP;D;20060825;000000;819.99;826;817.5;821.36;198726;163434551.96
SBERP;D;20060828;000000;820;829;820;823.35;107109;88210610.41
SBERP;D;20060829;000000;824.99;870;824.99;858.02;1739067;1480387335.48
SBERP;D;20060830;000000;861;870;850.01;853.1;689290;593981644.61
SBERP;D;20060831;000000;860;864;845;849.8;357249;304243947.78
SBERP;D;20060901;000000;850;853.5;822;824.48;428019;356443986.13
SBERP;D;20060904;000000;840;850.01;831.12;848;396667;333342528.24
SBERP;D;20060905;000000;851.95;871;844.44;866.98;857373;735657449.83
SBERP;D;20060906;000000;866.98;868.97;846;856.07;664124;567129389
SBERP;D;20060907;000000;850;852;823.28;831;522781;436338816.93
SBERP;D;20060908;000000;831;840.7;830;832.2;281040;234656760.34
SBERP;D;20060911;000000;828;828;792.33;799;612965;493776414.31
SBERP;D;20060912;000000;805;817.6;802;816.97;358102;289627452.48
SBERP;D;20060913;000000;817.4;834.42;805.01;821;482922;398722365.73
SBERP;D;20060914;000000;830.88;859;826;833;608517;513018467.93
SBERP;D;20060915;000000;832.5;841;821.85;834.49;124538;104023108.1
SBERP;D;20060918;000000;861.5;861.5;826.18;843;135459;113421642.5
SBERP;D;20060919;000000;843.5;850;841.2;849.86;144115;122051447.04
SBERP;D;20060920;000000;840;849.99;836;843.71;369313;311798270.33
SBERP;D;20060921;000000;847.5;847.5;821.1;833;322138;270536447.7
SBERP;D;20060922;000000;836;838.89;804.99;806.99;415696;340173055.86
SBERP;D;20060925;000000;806.01;810.98;780.01;787.59;413819;327514929.54
SBERP;D;20060926;000000;800;812.5;788;810.51;433951;348476847.99
SBERP;D;20060927;000000;823.15;829.99;812;817.05;322476;264994284.67
SBERP;D;20060928;000000;835;849.79;831.2;842;629367;528838065.86
SBERP;D;20060929;000000;842;849.77;832.1;840;504034;423741097.83
SBERP;D;20061002;000000;840;858.7;838.08;844;571192;484641221.71
SBERP;D;20061003;000000;840;840;821.27;829.34;338782;283094367.85
SBERP;D;20061004;000000;819.95;836.4;815;835;369539;304802779.83
SBERP;D;20061005;000000;845;863.9;840;854.83;1158397;989572056.76
SBERP;D;20061006;000000;849.92;857.19;845.02;850;302203;257570811.09
SBERP;D;20061009;000000;854;863.95;844;862.5;285784;245333429.38
SBERP;D;20061010;000000;858.75;874;850.76;868.1;1117198;966635867.49
SBERP;D;20061011;000000;870.5;870.5;855;864;348717;300695471.57
SBERP;D;20061012;000000;856;905.76;855.21;896.5;2062692;1836005229.55
SBERP;D;20061013;000000;910;943.83;905.01;943.83;1769646;1643740833.72
SBERP;D;20061016;000000;950.01;954.7;916.5;931;1473207;1377586413.77
SBERP;D;20061017;000000;945;949.99;907.5;915.97;862507;797373062.06
SBERP;D;20061018;000000;914.9;935;912.11;925.9;502915;464306439.19
SBERP;D;20061019;000000;922;931.2;918.01;930;369815;342106100.53
SBERP;D;20061020;000000;934.6;964.96;925;957;1662134;1578854638.75
SBERP;D;20061023;000000;959;1017.9;957;1017;3042999;3031179993.55
SBERP;D;20061024;000000;1022;1027.5;970;986;2904260;2888965142.73
SBERP;D;20061025;000000;994.72;1004.7;975.01;998.01;1242550;1234084791.3
SBERP;D;20061026;000000;1002;1007;981.01;992;920397;918411005.12
SBERP;D;20061027;000000;993;1005;981.2;996.89;767942;763235640.77
SBERP;D;20061030;000000;1000.49;1000.49;962.24;972;680099;667248498.84
SBERP;D;20061031;000000;970;993.87;969;992;792798;779325122.71
SBERP;D;20061101;000000;992;1021.93;987;1012;1543633;1559831323.2
SBERP;D;20061102;000000;999;1018.4;998.01;999.69;829265;836507080.8
SBERP;D;20061103;000000;999.85;1016.5;998.01;1012.24;650590;657618916.6
SBERP;D;20061107;000000;1022;1039;1018;1034.99;841963;868627744.36
SBERP;D;20061108;000000;1035;1051;1027;1047.88;1017474;1058679968.29
SBERP;D;20061109;000000;1054.5;1082;1050.06;1076.5;1778306;1904451284.68
SBERP;D;20061110;000000;1078;1099.01;1065.01;1095.2;1512317;1645262987.06
SBERP;D;20061113;000000;1100;1139.75;1091.04;1137.77;2416066;2721849323.92
SBERP;D;20061114;000000;1140;1158.49;1111;1124.2;2568060;2910162595.6
SBERP;D;20061115;000000;1134.5;1139.9;1119.65;1125;916259;1035285335.45
SBERP;D;20061116;000000;1132.82;1175.08;1126.12;1175.08;1716768;1972650423.93
SBERP;D;20061117;000000;1158;1195;1150;1178.7;2737285;3215239067.57
SBERP;D;20061120;000000;1179;1183.6;1152;1162.01;933203;1089728002.86
SBERP;D;20061121;000000;1166.65;1176.8;1162.35;1170;587597;688017241.91
SBERP;D;20061122;000000;1175;1177;1159.01;1159.75;432049;504309991.9
SBERP;D;20061123;000000;1167.49;1171.1;1156.5;1160;449493;522703564.37
SBERP;D;20061124;000000;1163.35;1163.35;1143.11;1153;449645;518413331.25
SBERP;D;20061127;000000;1161;1170;1149.6;1158;677029;788485880.16
SBERP;D;20061128;000000;1155;1162.77;1125.1;1136.01;919009;1049584589.71
SBERP;D;20061129;000000;1140;1158.97;1135.91;1153.4;926057;1064962816.18
SBERP;D;20061130;000000;1156.2;1160;1125.5;1140.3;813608;929085084.23
SBERP;D;20061201;000000;1141.5;1147;1135.2;1140.5;322921;368324884
SBERP;D;20061204;000000;1140.75;1146;1128.09;1136.06;438739;498674439.41
SBERP;D;20061205;000000;1138;1138;1114;1116.96;1106096;1244599664.41
SBERP;D;20061206;000000;1118.73;1174;1106.22;1174;3051030;3494950073.02
SBERP;D;20061207;000000;1179.5;1193.8;1153.31;1177;3782379;4455946466.86
SBERP;D;20061208;000000;1180;1188;1167.07;1184;1650485;1946975617.81
SBERP;D;20061211;000000;1188.5;1243.7;1179;1215.7;4664059;5694283584.64
SBERP;D;20061212;000000;1221.27;1236.6;1208.09;1220;1332511;1631936842.85
SBERP;D;20061213;000000;1222;1256;1202.03;1254.98;2612542;3209261383.54
SBERP;D;20061214;000000;1260;1273.23;1245;1261;1884004;2368825742.19
SBERP;D;20061215;000000;1269;1269;1250.1;1254;819495;1029699780.9
SBERP;D;20061218;000000;1262;1289;1235;1279.68;3182681;4040601707.78
SBERP;D;20061219;000000;1275;1288.88;1255;1267.94;1893482;2409552128.63
SBERP;D;20061220;000000;1277.09;1349;1271.55;1348.5;4656176;6127801762.31
SBERP;D;20061221;000000;1352.06;1413.7;1350.31;1393.74;5284819;7341025807.18
SBERP;D;20061222;000000;1393.8;1394.94;1351.5;1366.89;1802836;2474625779.69
SBERP;D;20061225;000000;1364;1377.2;1350;1358.7;920218;1252773198.9
SBERP;D;20061226;000000;1363.19;1363.19;1343.37;1351.87;847246;1146157947.54
SBERP;D;20061227;000000;1351.5;1391.88;1348.13;1390.7;2240503;3076532433.34
SBERP;D;20061228;000000;1395.95;1457;1395.95;1447;3651724;5250337835.87
SBERP;D;20061229;000000;1455;1533.69;1455;1517.5;1706010;2550061602.33
SBERP;D;20070109;000000;1489;1498.89;1322;1383.3;3251760;4589341849.5
SBERP;D;20070110;000000;1380.5;1398.12;1270;1341;4566432;6089918725.8
SBERP;D;20070111;000000;1322.5;1444.44;1321;1432;5988874;8417452041.01
SBERP;D;20070112;000000;1433.5;1459;1415.01;1428.23;2824470;4059754644.21
SBERP;D;20070115;000000;1445;1517.77;1445;1514.98;3295049;4880288633.29
SBERP;D;20070116;000000;1518;1589.99;1510;1556.94;7904730;12309588111.98
SBERP;D;20070117;000000;1560.01;1604;1471.71;1535;7342541;11403779922.06
SBERP;D;20070118;000000;1560.01;1577;1490.3;1521.99;4060578;6239285846.85
SBERP;D;20070119;000000;1508.45;1527;1495;1522.91;1733880;2618117265.24
SBERP;D;20070122;000000;1550;1570.1;1535;1553;1657636;2575323263.07
SBERP;D;20070123;000000;1549.95;1552.98;1510.1;1532;1543918;2370210662.62
SBERP;D;20070124;000000;1540;1547.18;1500.06;1512.74;1307210;1982649280.9
SBERP;D;20070125;000000;1527.2;1583.69;1515;1573;4304523;6711792900.7
SBERP;D;20070126;000000;1565;1583.99;1541;1557.1;1400677;2187746536.75
SBERP;D;20070129;000000;1572.18;1574.9;1472.25;1475;3096980;4685323502.79
SBERP;D;20070130;000000;1460;1460;1391.01;1446.1;4236263;6006740799.84
SBERP;D;20070131;000000;1470;1489;1431.11;1460;2609892;3821573752.13
SBERP;D;20070201;000000;1480;1540;1462;1532.98;2945465;4452834276.96
SBERP;D;20070202;000000;1544.99;1549.98;1441.22;1504.01;3589159;5392025205.39
SBERP;D;20070205;000000;1515.02;1519.9;1483;1484;1076610;1614482780.8
SBERP;D;20070206;000000;1479.92;1493;1452;1482.95;1157321;1711081995.94
SBERP;D;20070207;000000;1483.52;1489.9;1461.2;1471;461887;681397382.39
SBERP;D;20070208;000000;1469.45;1471;1440.44;1446;558023;811795281.06
SBERP;D;20070209;000000;1460.51;1488.8;1441.11;1473.3;888774;1305579824.97
SBERP;D;20070212;000000;1465;1512.9;1451;1457;1194946;1772330268.84
SBERP;D;20070213;000000;1450;1492.83;1431.17;1486;1010151;1484123807.07
SBERP;D;20070214;000000;1495;1514.9;1479.05;1509.81;1256260;1886021855.91
SBERP;D;20070215;000000;1514;1545;1507;1524;1818521;2782968918.7
SBERP;D;20070216;000000;1530;1535;1496.11;1512.9;1114876;1687314796.88
SBERP;D;20070219;000000;1515;1529;1493.15;1494;989211;1495926764.58
SBERP;D;20070220;000000;1480.78;1509;1475;1498;1365926;2041697691.32
SBERP;D;20070221;000000;1500;1521.85;1484;1505.1;1348639;2032836323.84
SBERP;D;20070222;000000;1510;1552.5;1501.01;1542;2913892;4476229202
SBERP;D;20070226;000000;1559.01;1589;1558;1572.4;2231930;3518274394.15
SBERP;D;20070227;000000;1556.28;1562.97;1498.1;1512;2259925;3452926921.15
SBERP;D;20070228;000000;1475.28;1522;1440;1518.99;2614578;3875122354.92
SBERP;D;20070301;000000;1515;1515;1383;1433;2018199;2951450177.44
SBERP;D;20070302;000000;1450;1455.05;1400;1426.77;1687480;2406010471.75
SBERP;D;20070305;000000;1375;1389.98;1200;1388.02;4142807;5429683470.81
SBERP;D;20070306;000000;1410;1435;1391;1414;1757823;2486026415.94
SBERP;D;20070307;000000;1440;1444;1390;1414;837806;1183957038.45
SBERP;D;20070309;000000;1432.8;1457.1;1417.01;1443.01;1094011;1569359351.16
SBERP;D;20070312;000000;1443.99;1460;1415.24;1423.16;875573;1257996222.61
SBERP;D;20070313;000000;1427;1433;1407;1415.96;591007;838296185.03
SBERP;D;20070314;000000;1345.18;1374.77;1280.01;1359.01;2139696;2881918175.12
SBERP;D;20070315;000000;1386.61;1431;1375;1394.83;1913105;2684241602.44
SBERP;D;20070316;000000;1396.15;1422;1384;1403.98;1158864;1632099989.27
SBERP;D;20070319;000000;1420;1438.95;1415;1434.89;757472;1081455847.46
SBERP;D;20070320;000000;1445.53;1445.53;1409;1424.79;545117;776616703.99
SBERP;D;20070321;000000;1433.38;1433.38;1411;1417.02;406916;577509218.32
SBERP;D;20070322;000000;1439;1458;1421.11;1458;1529145;2198536732.01
SBERP;D;20070323;000000;1456.95;1472;1445;1460;1199492;1753089126.09
SBERP;D;20070326;000000;1461.51;1466.4;1451;1452;490990;716699044.65
SBERP;D;20070327;000000;1452;1454.89;1417.72;1425.3;510681;734703004.4
SBERP;D;20070328;000000;1420.06;1444.44;1415;1435;570778;819037202.41
SBERP;D;20070329;000000;1435.5;1445.3;1430;1444.88;305357;439317267.47
SBERP;D;20070330;000000;1449.55;1455;1421;1431;363607;522279868
SBERP;D;20070402;000000;1430.48;1435;1403.5;1427.55;613653;869280723.36
SBERP;D;20070403;000000;1434.53;1437.98;1421.9;1427;451306;644452096.05
SBERP;D;20070404;000000;1434.9;1460;1429;1450.01;881564;1275260447.65
SBERP;D;20070405;000000;1451.5;1515;1451.5;1510;3259461;4879940735.03
SBERP;D;20070406;000000;1520;1608;1520;1608;5279419;8270432489.69
SBERP;D;20070409;000000;1618;1679;1615.51;1618.01;6878393;11361677920.81
SBERP;D;20070410;000000;1606.5;1649;1591;1631.7;3866410;6286636675.1
SBERP;D;20070411;000000;1640.01;1646;1601.1;1626;1817480;2950790367.65
SBERP;D;20070412;000000;1609.81;1624;1581.05;1586.5;1620439;2589261745.53
SBERP;D;20070413;000000;1610;1640;1597;1629.5;2834972;4617698996.01
SBERP;D;20070416;000000;1645;1658;1628.12;1631;1841182;3021524618.65
SBERP;D;20070417;000000;1631;1634.98;1567.05;1607.02;3177870;5088320361.4
SBERP;D;20070418;000000;1605.01;1631;1568.01;1570;3081436;4927444828.52
SBERP;D;20070419;000000;1541.05;1565.88;1521;1544.9;2574138;3971568552.77
SBERP;D;20070420;000000;1570;1597.99;1561;1597.99;1477973;2334765225.56
SBERP;D;20070423;000000;1615;1617;1581.9;1590;1119583;1786902365.39
SBERP;D;20070424;000000;1585;1589.1;1563;1571;1142139;1796853717.45
SBERP;D;20070425;000000;1560;1593;1545.96;1585;1028476;1616306976.01
SBERP;D;20070426;000000;1604;1608.99;1551.02;1568.01;1320667;2091256644.61
SBERP;D;20070427;000000;1560;1567.78;1510;1515.01;1017376;1565875215.85
SBERP;D;20070428;000000;1530.5;1543;1516.01;1534.6;387357;591531829.51
SBERP;D;20070502;000000;1535;1573;1535;1550;857079;1333543975.09
SBERP;D;20070503;000000;1571.18;1576.9;1547.77;1554;858516;1342976601.17
SBERP;D;20070504;000000;1553.52;1570.79;1545.53;1555.11;808159;1259740051.74
SBERP;D;20070507;000000;1568.5;1568.7;1555.04;1559.1;513372;801767543.18
SBERP;D;20070508;000000;1560;1582;1557;1573;1340246;2105171047.65
SBERP;D;20070510;000000;1580;1607.98;1540.51;1556.08;2012510;3194312901.57
SBERP;D;20070511;000000;1535;1551;1507;1512.41;965372;1474127348.77
SBERP;D;20070514;000000;1540;1544.51;1475.01;1507;1148106;1723551909.44
SBERP;D;20070515;000000;1490;1490;1466.72;1479.98;698315;1032461961.18
SBERP;D;20070516;000000;1483;1506.99;1470.22;1506;809453;1205304542.24
SBERP;D;20070517;000000;1514.95;1517.9;1478;1479.02;938527;1407183256.05
SBERP;D;20070518;000000;1490.26;1509.8;1475;1499.8;715891;1068859446.27
SBERP;D;20070521;000000;1520;1529;1501.01;1511.5;677072;1023157518.42
SBERP;D;20070522;000000;1515;1518;1476.01;1478;647570;965991655.11
SBERP;D;20070523;000000;1472;1474;1421.11;1424.01;904384;1310228168.91
SBERP;D;20070524;000000;1400.01;1406.98;1307;1385;1933832;2655340091.92
SBERP;D;20070525;000000;1360;1393;1350.01;1386;911085;1254121524.9
SBERP;D;20070528;000000;1401;1404.25;1347;1361.1;659436;903784595.3
SBERP;D;20070529;000000;1352.5;1374;1303.03;1316;1133677;1509336185.88
SBERP;D;20070530;000000;1280.5;1315;1273.37;1289;1113776;1439228191.33
SBERP;D;20070531;000000;1310;1382.35;1305.14;1380;1621604;2170779051.38
SBERP;D;20070601;000000;1386;1424.5;1351.1;1412.98;1778302;2481680601.36
SBERP;D;20070604;000000;1400;1444.57;1382;1409.98;1867592;2636213360.01
SBERP;D;20070605;000000;1410.05;1449.76;1410.05;1430;1620180;2322997199.46
SBERP;D;20070606;000000;1420;1443.95;1402.11;1421;1107811;1573865503.2
SBERP;D;20070607;000000;1407;1430;1390;1397.4;1023332;1444699383.77
SBERP;D;20070608;000000;1380;1413.99;1351;1404;1493745;2064345545.5
SBERP;D;20070609;000000;1418.9;1423.86;1401;1411;486155;686652901.14
SBERP;D;20070613;000000;1401;1424.95;1380.01;1424.95;887756;1251725947.82
SBERP;D;20070614;000000;1439.03;1471;1428.1;1471;1367858;1976597032.42
SBERP;D;20070615;000000;1475.98;1485;1444;1462.01;1206002;1769225461.47
SBERP;D;20070618;000000;1475;1476;1451;1463;464793;680982539.65
SBERP;D;20070619;000000;1459.5;1495.27;1448;1473;1277166;1880405106.07
SBERP;D;20070620;000000;1493.19;1565;1485.47;1562.23;3639223;5557687384.03
SBERP;D;20070621;000000;1545.3;1566;1518.09;1524;2641243;4072968486.5
SBERP;D;20070622;000000;1523.16;1537.6;1495;1508.05;1586918;2404058572.07
SBERP;D;20070625;000000;1499;1525.9;1481;1512.07;1361902;2046077430.27
SBERP;D;20070626;000000;1510.02;1543;1506;1522.7;1696898;2588371459.75
SBERP;D;20070627;000000;1515;1519.04;1500.03;1506;814770;1230167368.75
SBERP;D;20070628;000000;1520;1527.8;1510;1518.9;653491;992688861.73
SBERP;D;20070629;000000;1529.49;1531.11;1505.01;1520;1094763;1664386992.38
SBERP;D;20070702;000000;1524.94;1525.02;1510;1519.6;608398;924342293.64
SBERP;D;20070703;000000;1529.5;1537.67;1519.42;1524.47;935956;1431120686.3
SBERP;D;20070704;000000;1521.55;1528.88;1511;1513.06;515068;780747758.4
SBERP;D;20070705;000000;1517.5;1535;1515.01;1520;1044035;1591560847.73
SBERP;D;20070706;000000;1520;1521.95;1500;1514;585892;886774606.93
SBERP;D;20070709;000000;1520.01;1554.7;1517.1;1544.84;2191521;3378020788.69
SBERP;D;20070710;000000;1542;1564;1519;1519;2116450;3260927380.17
SBERP;D;20070711;000000;1509.93;1538.3;1505.89;1526;1071389;1636957111.64
SBERP;D;20070712;000000;1540;1559.99;1536.05;1558.5;1959003;3031666039.37
SBERP;D;20070713;000000;1570.7;1570.7;1531;1531.01;1055975;1633185096.83
SBERP;D;20070716;000000;1530;1532.6;1517.11;1519.01;605714;922232378.69
SBERP;D;20070717;000000;1519.01;1529;1497.21;1502;1029609;1550106065.84
SBERP;D;20070720;000000;77.4;78.3;75.52;77.24;7929611;611045859.1
SBERP;D;20070723;000000;76.5;79;76.21;78.59;11669074;907918466.72
SBERP;D;20070724;000000;78.65;81.46;77.9;77.91;29291673;2335162390.12
SBERP;D;20070725;000000;77.1;80.21;77.02;79.9;16831671;1326198318.44
SBERP;D;20070726;000000;80;80.49;75.5;75.71;14628604;1143647656.93
SBERP;D;20070727;000000;74.28;75.98;73.4;75.39;14255587;1063634477.2
SBERP;D;20070730;000000;75.34;76.76;74.53;75.23;7426850;562343128.81
SBERP;D;20070731;000000;76.03;78.3;76;78.2;12887467;995424065.21
SBERP;D;20070801;000000;76;76.5;74.53;75.6;17796405;1340066381.96
SBERP;D;20070802;000000;76.41;76.99;75.43;76.1;7657755;582553152.92
SBERP;D;20070803;000000;76.4;76.65;75.68;75.74;4859518;369232020.83
SBERP;D;20070806;000000;74.5;74.73;73.6;73.87;6229656;461538434.01
SBERP;D;20070807;000000;74.8;75.6;74.44;75.01;5675668;425991551.62
SBERP;D;20070808;000000;75.7;76.6;75.49;76.49;5674174;432763934.9
SBERP;D;20070809;000000;77;77.2;73.4;73.88;10802082;811654756.5
SBERP;D;20070810;000000;72;72.5;70.18;71.17;12781838;913081431.81
SBERP;D;20070813;000000;72;72.65;71.35;72.45;5771139;416558033.49
SBERP;D;20070814;000000;72.04;72.3;71.37;71.86;3789732;272183773.42
SBERP;D;20070815;000000;70.51;70.78;69.39;69.4;6942163;485702025.48
SBERP;D;20070816;000000;67.95;68.29;65.98;67.27;11611287;777673365
SBERP;D;20070817;000000;66.65;70.85;64.96;69.84;20544018;1388971301.38
SBERP;D;20070820;000000;70.98;71;68.56;68.96;11505064;805843004.75
SBERP;D;20070821;000000;68.91;69.79;66;67.35;11119565;749822883.29
SBERP;D;20070822;000000;67.43;68.6;66.65;68.57;7740283;525914431.64
SBERP;D;20070823;000000;69.27;70.14;68.41;69.03;10385912;721454016.27
SBERP;D;20070824;000000;68.51;69.35;67.7;69.01;8130159;558670395.28
SBERP;D;20070827;000000;70;70.28;69.26;69.65;6980345;487342313.32
SBERP;D;20070828;000000;69.5;69.58;68.9;68.99;3040542;210093460.06
SBERP;D;20070829;000000;67.68;69.48;67.4;69.23;6754119;464023705.7
SBERP;D;20070830;000000;69.99;70.45;68.75;69.07;4875853;340124409.76
SBERP;D;20070831;000000;69.78;71;69.21;70.22;10403878;731002641.97
SBERP;D;20070903;000000;70.92;70.98;70.11;70.4;3758896;265235258.08
SBERP;D;20070904;000000;70.05;70.43;69.35;69.6;3675519;256760719.02
SBERP;D;20070905;000000;69.78;69.89;68.01;68.1;4760134;327642640.42
SBERP;D;20070906;000000;68.2;69.12;67.9;68.67;4229134;289528845.78
SBERP;D;20070907;000000;68.75;68.9;66.04;66.53;8409245;566833253.88
SBERP;D;20070910;000000;66;66.77;65.75;66.3;3738053;247618824.52
SBERP;D;20070911;000000;66.5;67.18;66.09;67;2871456;191266919.88
SBERP;D;20070912;000000;67.3;67.3;66.4;66.5;5452591;363769519.1
SBERP;D;20070913;000000;67;67.67;66.45;67.51;3683793;246808986.05
SBERP;D;20070914;000000;67.79;67.88;66.75;67.4;5048301;338642589.44
SBERP;D;20070917;000000;67.4;67.4;66.02;66.24;3828926;254451490.44
SBERP;D;20070918;000000;66.15;67.52;65.99;67;6755375;452201979.76
SBERP;D;20070919;000000;68.71;70.2;68.71;69.7;16401843;1139199652.89
SBERP;D;20070920;000000;69.62;69.62;67.6;68.44;8311889;568876311.09
SBERP;D;20070921;000000;68.45;68.78;67.98;68.22;4270375;291741084.83
SBERP;D;20070924;000000;68.92;68.94;68;68.19;5454418;373348417.75
SBERP;D;20070925;000000;68;68;66.45;66.5;5262890;353233936.11
SBERP;D;20070926;000000;66.85;69.12;66.85;68.8;4134002;281251650.29
SBERP;D;20070927;000000;69.01;69.79;68.32;69.01;8211413;566980647.71
SBERP;D;20070928;000000;69;70.25;68.28;69.45;11316023;786767405.99
SBERP;D;20071001;000000;69.23;69.23;67.8;68.3;3765958;257562539.12
SBERP;D;20071002;000000;69.22;72.4;69.16;72.1;29308819;2074464489.95
SBERP;D;20071003;000000;72.2;72.56;70.45;70.85;12328193;882743409.85
SBERP;D;20071004;000000;70.2;71.15;68.91;68.91;12750716;896376641.66
SBERP;D;20071005;000000;70.02;70.37;69.12;70;12431897;866134427.46
SBERP;D;20071008;000000;70.55;71.19;69.99;70.52;10136558;715362600.6
SBERP;D;20071009;000000;70.26;72.05;69.85;71.6;14010111;999153690.1
SBERP;D;20071010;000000;72.24;72.35;70.24;70.31;9979428;710764616.83
SBERP;D;20071011;000000;70.45;72.11;70.45;71.57;13278377;950504558.97
SBERP;D;20071012;000000;70.5;71.6;70;70.92;12509161;887433173.31
SBERP;D;20071015;000000;71.47;73.2;71.14;72.15;17878939;1295002329.23
SBERP;D;20071016;000000;71.5;71.99;71;71.15;11057765;790323791.47
SBERP;D;20071017;000000;70.36;71.93;70.28;71.93;9462393;672976166.85
SBERP;D;20071018;000000;72;72.25;70.12;70.62;9211407;656908227.37
SBERP;D;20071019;000000;70.54;72.2;70.2;71.5;17694261;1261864801.87
SBERP;D;20071022;000000;70;70.49;69.23;70.08;8383748;586586499
SBERP;D;20071023;000000;70.6;72.15;70.6;70.81;10434494;744819018.42
SBERP;D;20071024;000000;70.81;71.75;70.15;71.35;16704039;1186186209.17
SBERP;D;20071025;000000;71.39;72.94;71.37;71.73;18423323;1330909224.29
SBERP;D;20071026;000000;72.55;73.02;72.16;72.94;15021591;1091626816.09
SBERP;D;20071029;000000;73.5;74.01;72.66;73.19;14428603;1059309036.78
SBERP;D;20071030;000000;72.9;73;71.45;72.38;10472156;754851642.44
SBERP;D;20071031;000000;72.1;73.3;72;73.03;9371781;683994673.57
SBERP;D;20071101;000000;74;74;72.13;72.78;10920700;799050763.75
SBERP;D;20071102;000000;72;72.99;71.8;72.7;7919929;572926076.96
SBERP;D;20071106;000000;72.95;74.14;72.51;73.39;11247804;827804423.02
SBERP;D;20071107;000000;73.45;73.93;72.41;72.9;8859947;648602753.73
SBERP;D;20071108;000000;72.07;73.54;71.94;73;7894974;575237731.58
SBERP;D;20071109;000000;73.16;73.9;72.2;72.42;7615674;555473989.24
SBERP;D;20071112;000000;72.38;73.55;72;73.46;6622233;482609548.92
SBERP;D;20071113;000000;73.3;73.77;72.3;72.9;6829628;497528788.66
SBERP;D;20071114;000000;73.5;73.65;72.72;73.26;5647320;413401012.38
SBERP;D;20071115;000000;72.9;73.5;72.65;73.3;3431084;250929062.25
SBERP;D;20071116;000000;72.91;73;72.07;72.28;4857559;352137806.37
SBERP;D;20071119;000000;72.15;72.65;70.51;70.51;6779138;485724937.92
SBERP;D;20071120;000000;70.5;71.19;69.82;70.26;5638547;396448062.97
SBERP;D;20071121;000000;69.9;70;68.2;68.44;5699964;392729344.99
SBERP;D;20071122;000000;68.7;69.35;67.25;67.96;6622350;452633106.95
SBERP;D;20071123;000000;67.98;69.5;67.54;69.3;5791242;397630592.58
SBERP;D;20071126;000000;70;71.15;69.88;70.65;10244216;722776402.11
SBERP;D;20071127;000000;70.1;70.88;69.4;69.92;4875143;342616048.16
SBERP;D;20071128;000000;70.11;70.75;68.75;70.16;6029105;420426882.39
SBERP;D;20071129;000000;71.07;71.97;70.33;70.66;9371037;667331163.17
SBERP;D;20071130;000000;71;73.4;70.87;72.75;21054338;1527463236.65
SBERP;D;20071203;000000;72.97;73.29;72.35;72.96;5541958;404234421.24
SBERP;D;20071204;000000;72.8;73.02;72.3;72.45;4886296;354826223.2
SBERP;D;20071205;000000;72.51;73.5;72.51;73.27;6814187;498348230.6
SBERP;D;20071206;000000;73.54;75.04;73.08;73.87;22909336;1699949235.33
SBERP;D;20071207;000000;74.53;74.88;73.38;73.47;6604418;489782946.11
SBERP;D;20071210;000000;73.47;75.1;72.85;74.75;17487516;1301087009.98
SBERP;D;20071211;000000;75;76.31;74.12;75.27;14750097;1111813346.38
SBERP;D;20071212;000000;74;76.2;73.75;76.15;12293481;919846877.93
SBERP;D;20071213;000000;75.6;75.6;73.5;73.7;9821222;732120579.44
SBERP;D;20071214;000000;73.8;74.25;71.07;72.82;11785048;860732969.48
SBERP;D;20071217;000000;72;72.8;70.9;71.96;10016619;720497819.9
SBERP;D;20071218;000000;71.88;73.3;71.8;73.22;6041917;440099733.66
SBERP;D;20071219;000000;73.3;73.62;71.95;72.58;6163713;448106960.93
SBERP;D;20071220;000000;72.58;73.09;72.15;72.83;4837827;351310660.99
SBERP;D;20071221;000000;73.5;73.7;72.54;72.95;8363015;612403547.25
SBERP;D;20071224;000000;73.6;73.75;72.2;72.27;4263467;310315793.85
SBERP;D;20071225;000000;72.62;72.8;71.4;71.7;3764599;270716308.64
SBERP;D;20071226;000000;71.5;71.5;70.01;70.39;6437996;455382782.12
SBERP;D;20071227;000000;70.39;70.68;69.67;70.08;7860982;551822069.15
SBERP;D;20071228;000000;69.98;70.34;69.3;69.97;6798659;473974811.86
SBERP;D;20080109;000000;69.4;70.5;69.2;69.62;5314385;370466442.11
SBERP;D;20080110;000000;69.98;70.8;69.55;70;8844615;621643338.82
SBERP;D;20080111;000000;70.1;71.1;69.82;70.3;5403611;380938048.25
SBERP;D;20080114;000000;70.13;70.6;70.03;70.41;3126398;219879893.91
SBERP;D;20080115;000000;70.41;71.5;70.14;71;12398249;881151800.07
SBERP;D;20080116;000000;69.95;70.29;66.67;67.75;12810212;874820690.77
SBERP;D;20080117;000000;68;68.2;66.01;67.1;7437598;497741217.35
SBERP;D;20080118;000000;66.3;66.88;64.5;65.9;6524652;428656091.67
SBERP;D;20080121;000000;65;65;60.05;60.35;11264659;699031045.83
SBERP;D;20080122;000000;56.51;63;49.9;58.47;36711072;2125853480.02
SBERP;D;20080123;000000;60.1;60.77;55.86;56.45;12718250;741707739.9
SBERP;D;20080124;000000;60;60.7;58.12;60.69;10456485;623332366.93
SBERP;D;20080125;000000;62;62.9;59.1;59.91;14538690;885450503.18
SBERP;D;20080128;000000;57.41;58.14;56.68;57.49;7120603;409062242.97
SBERP;D;20080129;000000;58.61;59.25;58.19;58.99;7817243;458707375.25
SBERP;D;20080130;000000;58.94;58.94;56.2;56.4;15258870;873213926.6
SBERP;D;20080131;000000;56.51;56.83;51.5;52.75;17322196;930563881.48
SBERP;D;20080201;000000;53.9;54.91;52.03;53.99;42478185;2277863723.73
SBERP;D;20080204;000000;55.1;55.7;54.36;54.5;9904173;543359887.14
SBERP;D;20080205;000000;54.05;55.1;51.25;51.9;21714706;1168947743.68
SBERP;D;20080206;000000;49.8;51.89;49.22;51.5;18279285;929894594.58
SBERP;D;20080207;000000;51.01;51.56;47.22;48.4;41644098;2025722147.02
SBERP;D;20080208;000000;49.43;49.92;47.55;48.17;23288325;1140471416
SBERP;D;20080211;000000;47.5;49.15;47.16;48.79;9752107;473566816.62
SBERP;D;20080212;000000;49.5;51.47;49.02;51.47;18357563;917813387.91
SBERP;D;20080213;000000;50.88;52.3;50.26;52.12;14346059;736864742.64
SBERP;D;20080214;000000;53.16;54.45;52.43;53;20740226;1107582814.1
SBERP;D;20080215;000000;52.1;52.79;51.38;51.68;9716033;506399977.39
SBERP;D;20080218;000000;52.25;53.15;51.81;52.6;7728939;406840592.38
SBERP;D;20080219;000000;53.2;53.28;51.7;52.9;10827786;570481674.35
SBERP;D;20080220;000000;52.3;52.37;50.82;51.36;8666236;447336588.65
SBERP;D;20080221;000000;52.33;52.74;51.8;52.4;8319721;435750589.32
SBERP;D;20080222;000000;51.62;52.48;51.35;52.2;5285212;274844181.94
SBERP;D;20080226;000000;52.99;53.72;52.7;53.53;12113747;644291101.15
SBERP;D;20080227;000000;53.97;54.7;52.55;52.65;10734723;576943492.28
SBERP;D;20080228;000000;52.7;52.92;51.71;51.9;4845823;253300386.04
SBERP;D;20080229;000000;51.6;52.23;49.7;49.9;11131709;564445821.53
SBERP;D;20080303;000000;49;49.3;47.52;48.89;8869320;429188574.81
SBERP;D;20080304;000000;49.74;50.21;47.83;48.22;10505422;517538039.68
SBERP;D;20080305;000000;48.51;49.55;48.02;49.51;7762696;379163718.73
SBERP;D;20080306;000000;50;50.49;48.89;49.39;10668740;529479001.05
SBERP;D;20080307;000000;48.39;48.8;47.77;48.25;6670226;322113701.35
SBERP;D;20080311;000000;47.5;50.87;47.3;50.81;11896153;585229652.56
SBERP;D;20080312;000000;51.51;51.84;50.07;50.6;13211088;674658282.21
SBERP;D;20080313;000000;49.9;49.9;48.7;48.85;8352847;412100952.88
SBERP;D;20080314;000000;49.36;51;48.91;49.81;12789321;639721872.27
SBERP;D;20080317;000000;48.49;48.5;46.2;46.95;11880483;562771974.34
SBERP;D;20080318;000000;47.2;48.3;46.6;48.18;11093588;528296386.63
SBERP;D;20080319;000000;49.1;49.33;47.74;48.02;15462873;750920962.07
SBERP;D;20080320;000000;47;48;46.6;47.9;9951965;470040177.7
SBERP;D;20080321;000000;48.5;48.7;48.01;48.23;7788611;377252885.18
SBERP;D;20080324;000000;48.3;50.04;47.97;49.99;9326833;455820964.23
SBERP;D;20080325;000000;50.12;50.4;48.28;48.43;12338136;608001165.75
SBERP;D;20080326;000000;48.8;48.8;46.82;46.93;15363186;730721984.31
SBERP;D;20080327;000000;46.93;48.02;46.58;47.13;12211063;579529681.89
SBERP;D;20080328;000000;47.26;47.73;46.89;47.3;5415426;256062942.17
SBERP;D;20080331;000000;46.91;47.84;46.7;47.49;8127643;384947870.55
SBERP;D;20080401;000000;47.55;48.75;47.11;48.57;14995199;722825059.59
SBERP;D;20080402;000000;49.8;50.8;49.32;50.11;24842781;1240136222.82
SBERP;D;20080403;000000;50.23;50.62;48.66;48.8;10771827;533921065.08
SBERP;D;20080404;000000;48.81;49.2;48.37;48.7;8058712;393288228.4
SBERP;D;20080407;000000;48.8;50.1;48.8;50;7745179;384932710.07
SBERP;D;20080408;000000;49.5;49.83;48.62;48.87;5861842;288964213.62
SBERP;D;20080409;000000;48.82;49.8;48.6;49.48;8100404;399416817.57
SBERP;D;20080410;000000;49.2;49.5;48.71;49;5901066;289431098.61
SBERP;D;20080411;000000;49.3;49.44;47.15;47.31;12162584;585055129.26
SBERP;D;20080414;000000;46.8;47.35;46.42;47.12;6769563;316980451.63
SBERP;D;20080415;000000;47.56;47.56;46.7;47.01;4518997;212276680.54
SBERP;D;20080416;000000;47.48;48.54;46.93;48.29;8771228;417763056.33
SBERP;D;20080417;000000;48.68;48.69;46.99;47.19;9324550;444053453.63
SBERP;D;20080418;000000;47.29;48.8;47.17;48.75;11116127;534516129.23
SBERP;D;20080421;000000;49.03;49.14;47.68;47.79;8089679;391616003.84
SBERP;D;20080422;000000;47.69;48;47.32;47.43;10486261;498873090.59
SBERP;D;20080423;000000;47.4;47.7;46.92;47.2;6425658;304050287.9
SBERP;D;20080424;000000;47.39;47.87;46.82;47.22;10340716;487009269.65
SBERP;D;20080425;000000;47.8;48.27;47.5;47.63;9050260;433298228.39
SBERP;D;20080428;000000;47.96;48.09;47.4;47.55;8093375;387069772.46
SBERP;D;20080429;000000;47.79;48.5;47.55;48.03;13044084;627738399.84
SBERP;D;20080430;000000;48.08;48.16;47.28;47.94;6551762;312765395.48
SBERP;D;20080504;000000;48.61;49.84;48.31;49.8;13119683;644678610.14
SBERP;D;20080505;000000;49.75;50.71;49.35;50.15;17276106;865530331.18
SBERP;D;20080506;000000;50.1;50.57;49.49;49.74;8763711;438598687.6
SBERP;D;20080507;000000;50.01;51.5;49.85;51.5;15598175;789259545.94
SBERP;D;20080512;000000;50.99;54.25;50.56;54.11;27958931;1451474419.25
SBERP;D;20080513;000000;54.6;55.09;53.51;54.02;18957894;1028185349.54
SBERP;D;20080514;000000;54.26;55.7;53.32;55.12;13791330;752088562.2
SBERP;D;20080515;000000;55.4;56;54.54;55.21;24652558;1364742995.99
SBERP;D;20080516;000000;55.3;56.2;55.13;56.13;12952852;722004243.14
SBERP;D;20080519;000000;56.62;57.76;56.07;57.65;16718502;954388434.89
SBERP;D;20080520;000000;57.21;57.21;55.41;56.85;20266071;1145005367.18
SBERP;D;20080521;000000;56.2;58.29;56.05;57.2;23153718;1324695021.33
SBERP;D;20080522;000000;57.01;57.68;55.53;56;15475336;878651353.32
SBERP;D;20080523;000000;56.23;56.78;55.82;56.13;9274390;522597246
SBERP;D;20080526;000000;56.13;56.15;54;54.75;12683933;696569330.1
SBERP;D;20080527;000000;55.01;55.12;52.8;53.33;14112591;758551136.64
SBERP;D;20080528;000000;53.33;53.95;52.91;53.65;17257561;922207597.96
SBERP;D;20080529;000000;53.96;53.96;53.01;53.44;11543959;617333530.84
SBERP;D;20080530;000000;53.75;54.17;53.6;53.95;7690869;414770310.35
SBERP;D;20080602;000000;53.89;54.02;53.03;53.1;8116254;433635003.62
SBERP;D;20080603;000000;52.76;52.78;52;52.55;6448724;337014968.51
SBERP;D;20080604;000000;52.2;52.39;51.21;51.5;7087348;366531799.92
SBERP;D;20080605;000000;51.3;52.47;51.1;52.1;7609990;394795589.14
SBERP;D;20080606;000000;52.84;52.9;51.23;51.48;6557811;340854425.08
SBERP;D;20080607;000000;50.5;50.63;49.84;50.13;5171203;259348938.66
SBERP;D;20080609;000000;49.55;50.9;49.52;50.75;4125825;208445903.78
SBERP;D;20080610;000000;50.3;50.53;49.45;49.64;6094741;304019052.01
SBERP;D;20080611;000000;49.88;50.14;49.7;49.82;2960810;147698492.3
SBERP;D;20080616;000000;50.1;50.9;49.9;50.05;5166771;260243907.78
SBERP;D;20080617;000000;50.2;51.25;50.2;51.18;7657348;388977272.07
SBERP;D;20080618;000000;50.98;51.45;50.35;50.42;6626026;336550917.06
SBERP;D;20080619;000000;50.1;50.5;49.8;50.01;7855405;393698408.95
SBERP;D;20080620;000000;50.04;50.2;49;49.09;5782568;286239996.97
SBERP;D;20080623;000000;48.93;49.11;48.37;48.54;4637884;225490199.16
SBERP;D;20080624;000000;48.5;48.52;47.53;47.62;3954661;189644529.12
SBERP;D;20080625;000000;47.76;48.5;47.62;48.3;5865344;282423542.29
SBERP;D;20080626;000000;48.51;48.7;47.6;47.61;3635056;174166447.26
SBERP;D;20080627;000000;46.9;47;46.2;46.54;10012004;465778762.52
SBERP;D;20080630;000000;46.11;46.54;44.88;45.22;6542858;297153947.59
SBERP;D;20080701;000000;44.99;45.32;42.4;42.64;17336525;753869774.56
SBERP;D;20080702;000000;43.37;43.72;42.32;42.85;14101731;607368320.72
SBERP;D;20080703;000000;42.3;43.28;41.56;42.99;8701498;367753036.26
SBERP;D;20080704;000000;43.1;43.23;42.33;42.66;3467316;147796650.85
SBERP;D;20080707;000000;42.95;43.45;42.71;43.25;8841405;381307988.71
SBERP;D;20080708;000000;42.5;44.2;42.03;44.16;15440638;668134285.51
SBERP;D;20080709;000000;44.65;45.1;43.93;44.65;13828022;616463712.4
SBERP;D;20080710;000000;44.03;44.87;43.4;44.44;7922660;350021443.67
SBERP;D;20080711;000000;44.94;44.94;42.42;42.8;6458724;281517561.05
SBERP;D;20080714;000000;43.1;43.74;42.75;43.42;8094490;350018137.45
SBERP;D;20080715;000000;42.52;42.75;41.67;41.95;5195608;219149631.19
SBERP;D;20080716;000000;42.24;42.7;41.01;42.45;7573035;316619250.61
SBERP;D;20080717;000000;43.39;44.55;43.06;44.38;17990549;788293855.74
SBERP;D;20080718;000000;43.93;44.97;42.83;43.11;13615378;593989718.21
SBERP;D;20080721;000000;43.6;43.98;42.94;43.55;6222863;270703034.87
SBERP;D;20080722;000000;43.1;43.15;42.45;42.68;5526117;236240417.08
SBERP;D;20080723;000000;43.3;43.64;42.92;43.17;3886521;168271534.37
SBERP;D;20080724;000000;43.26;43.46;42.99;43.25;4236653;183050827.54
SBERP;D;20080725;000000;42.5;42.5;39.78;40.45;12336737;505838995.23
SBERP;D;20080728;000000;41.02;41.55;39.85;40.29;13700346;555124819.21
SBERP;D;20080729;000000;39.21;40.1;38.14;38.59;7748338;302709362.69
SBERP;D;20080730;000000;39.99;41.5;39.34;41.5;12408677;502621536.14
SBERP;D;20080731;000000;41.86;42.3;40.01;40.6;11828193;487820208.37
SBERP;D;20080801;000000;40.03;41.66;39.8;41.41;6691408;273610275.28
SBERP;D;20080804;000000;41.25;41.75;39.39;39.46;10078907;409127585.12
SBERP;D;20080805;000000;39.2;39.5;36.9;36.99;14732659;564043576.6
SBERP;D;20080806;000000;37.69;38.78;36.28;38.12;14476135;548924129.28
SBERP;D;20080807;000000;38;39.22;37.91;37.97;9261522;357089492.62
SBERP;D;20080808;000000;37.49;37.9;35.5;35.6;11514622;419553434.76
SBERP;D;20080811;000000;34.13;37.5;30;37.4;22097016;772328966.4
SBERP;D;20080812;000000;37;40.56;36.61;39.45;18360121;716458070.25
SBERP;D;20080813;000000;38.65;39.7;37.85;38;7781255;302363139.5
SBERP;D;20080814;000000;38.08;38.95;37.72;38.23;6415495;246712181.83
SBERP;D;20080815;000000;38.79;39.25;38.26;39.09;4093042;158757376.81
SBERP;D;20080818;000000;39.2;39.74;38.86;39.12;4817462;189543619.56
SBERP;D;20080819;000000;38.1;38.5;36.7;36.71;5668339;212896705.16
SBERP;D;20080820;000000;35.74;37.7;35.74;37.07;4082693;151495592.36
SBERP;D;20080821;000000;37.08;37.45;35.82;37.08;3488604;127790432.52
SBERP;D;20080822;000000;37;37.65;36.25;37.32;4961326;184000085.5
SBERP;D;20080825;000000;37.5;37.75;34.74;35.14;3998731;146245767.15
SBERP;D;20080826;000000;33.9;34.5;30;32.9;8882389;293819775.26
SBERP;D;20080827;000000;33.49;34.1;31.75;32.57;7774076;253401455.2
SBERP;D;20080828;000000;32.7;33.89;31.94;33.7;10383670;343117933.72
SBERP;D;20080829;000000;33.88;33.88;32.45;33.01;6055940;200011741.48
SBERP;D;20080901;000000;32.28;33.69;32.25;33.24;7197277;238747941.58
SBERP;D;20080902;000000;33.88;34.48;32.72;34.3;9475380;321175732.01
SBERP;D;20080903;000000;34.23;34.73;32.91;33.2;7953468;268790262.89
SBERP;D;20080904;000000;33.2;33.59;30.91;31.09;8739661;281617483.83
SBERP;D;20080905;000000;29.93;30.85;28.85;29.6;13118410;388499119.97
SBERP;D;20080908;000000;30.8;31.6;30.09;30.51;8943649;276397210.27
SBERP;D;20080909;000000;30.06;30.35;26.43;26.6;10622132;306516595.85
SBERP;D;20080910;000000;26;26.42;23.32;24.2;20681310;506632385.25
SBERP;D;20080911;000000;24.28;24.5;21.8;22;12323963;290249120.1
SBERP;D;20080912;000000;22.59;23.9;22.11;22.85;20407976;468522650.13
SBERP;D;20080915;000000;21.92;22.34;20.95;21.25;13151039;281682919.34
SBERP;D;20080916;000000;20.2;20.5;14.72;14.72;13296988;246498087.74
SBERP;D;20080917;000000;16.9;17.29;13.01;15.23;18427181;283403161
SBERP;D;20080919;000000;16.74;22.58;16.74;22.5;12606839;259701047.55
SBERP;D;20080922;000000;22.63;28;22.04;23.03;10422282;242663999.18
SBERP;D;20080923;000000;22.5;23;21.54;22.4;6684045;148240342.25
SBERP;D;20080924;000000;22.59;24.99;22.41;24.8;10931808;258713401.49
SBERP;D;20080925;000000;24.76;27.11;24;26.83;10776617;268547196.83
SBERP;D;20080926;000000;25.9;26.3;24.69;24.97;13283249;334123055.36
SBERP;D;20080929;000000;24.7;24.9;22.69;23.75;10429519;250831922.04
SBERP;D;20080930;000000;22;25.6;21.56;24.8;27191788;650272175.83
SBERP;D;20081001;000000;25.25;25.37;23.2;23.82;12680447;306213948.02
SBERP;D;20081002;000000;23.4;23.89;21.95;22.26;19912980;457368601.99
SBERP;D;20081003;000000;21.27;22.3;20.87;21.6;15990436;343210676.16
SBERP;D;20081006;000000;20.12;20.12;15.91;16.5;15810553;278973801.97
SBERP;D;20081007;000000;15.89;17.57;15.15;16.63;21472454;353624355.2
SBERP;D;20081008;000000;15.2;15.2;12.9;14.1;4059704;57210335.15
SBERP;D;20081009;000000;15.49;15.75;13.8;14;20524804;300079997.62
SBERP;D;20081013;000000;14.09;14.79;13;13.24;19434415;272319507.75
SBERP;D;20081014;000000;14.6;16;14.17;15.35;26281728;399087431.01
SBERP;D;20081015;000000;15.5;15.5;13.33;13.49;19130128;271852735.8
SBERP;D;20081016;000000;12.8;13.4;11.43;11.6;34588925;430913912.98
SBERP;D;20081017;000000;12.5;12.8;11;11.32;27569322;316562957.89
SBERP;D;20081020;000000;11.9;12.25;11;11.27;19902590;227820005.62
SBERP;D;20081021;000000;11.7;11.79;11.15;11.21;36838522;419832607.79
SBERP;D;20081022;000000;10.88;10.93;10.14;10.35;23431434;246536376.13
SBERP;D;20081023;000000;9.95;10.17;9.5;9.7;21654241;213757974.66
SBERP;D;20081024;000000;9.3;9.5;7.5;7.9;17988286;148803582.05
SBERP;D;20081028;000000;8;8.48;7.57;8.06;31007855;249556653.65
SBERP;D;20081029;000000;8.6;9.5;8.47;9.5;41788582;376504445.57
SBERP;D;20081030;000000;9.69;12.22;9.69;12.17;72044610;797398755.62
SBERP;D;20081031;000000;10.01;12.92;9.45;12.06;20893371;256271418.37
SBERP;D;20081101;000000;12.27;13.55;12.11;12.99;29148508;379817727.94
SBERP;D;20081105;000000;14.1;16.74;12.33;12.99;60719294;840412455.41
SBERP;D;20081106;000000;12.46;12.86;11;11.8;39543088;479208802.32
SBERP;D;20081107;000000;11.25;12.77;11.2;12.77;46352029;569957602.45
SBERP;D;20081110;000000;13.5;14.5;13.5;13.55;48147121;673388155.68
SBERP;D;20081111;000000;13.1;13.2;11.76;11.86;19899112;247956498.33
SBERP;D;20081113;000000;11.21;11.6;9.5;11.6;28157073;308634040.09
SBERP;D;20081114;000000;12.06;14;11.15;11.15;23799613;282769450.63
SBERP;D;20081117;000000;11.1;11.38;10.21;10.42;22611194;242212899.28
SBERP;D;20081118;000000;9.81;11.24;9.8;11.19;22299105;231555131.98
SBERP;D;20081119;000000;11.2;11.2;10.41;10.73;19423958;208497956.07
SBERP;D;20081120;000000;10;10.44;9.8;10.18;18989117;193139009.91
SBERP;D;20081121;000000;10.47;10.9;9.9;10;22837835;236297634.23
SBERP;D;20081124;000000;10.35;11.08;10.11;11;37637814;399662927.9
SBERP;D;20081125;000000;11.4;11.68;10.21;10.24;75162060;816988622.61
SBERP;D;20081126;000000;10.3;10.6;9.92;10.04;26159181;265987942.66
SBERP;D;20081127;000000;10.32;10.58;10.05;10.23;29481065;303792980.88
SBERP;D;20081128;000000;10.27;10.3;9.86;9.95;20098536;201440193.3
SBERP;D;20081201;000000;10;10.1;9.5;9.52;14947194;145676537.48
SBERP;D;20081202;000000;9;9.61;8.91;9.5;27061895;250765793.6
SBERP;D;20081203;000000;9.52;9.59;9.07;9.15;13482247;125170092.69
SBERP;D;20081204;000000;9.25;9.44;8.91;9;20893394;191945397.01
SBERP;D;20081205;000000;8.92;9.17;8.77;8.91;14312471;127904803.63
SBERP;D;20081208;000000;9.42;9.62;9.07;9.53;24803140;232280068.58
SBERP;D;20081209;000000;9.57;9.57;9.16;9.23;12329172;114551117.76
SBERP;D;20081210;000000;9.3;9.31;9.08;9.26;11367213;104799028.23
SBERP;D;20081211;000000;9.13;9.5;9.13;9.38;22043183;206383825.6
SBERP;D;20081212;000000;9.1;9.36;9.01;9.32;18002380;165309287.86
SBERP;D;20081215;000000;9.55;9.88;9.39;9.56;32605518;314170279.85
SBERP;D;20081216;000000;9.48;9.73;9.41;9.6;15810869;152139842.88
SBERP;D;20081217;000000;9.82;9.93;9.51;9.63;17992470;174439746.08
SBERP;D;20081218;000000;9.52;9.64;9.25;9.46;13080905;123784306.71
SBERP;D;20081219;000000;9.24;9.48;9.08;9.47;14125870;130446197.95
SBERP;D;20081222;000000;9.5;9.57;9.29;9.48;16378039;154999795.15
SBERP;D;20081223;000000;9.26;9.66;9.26;9.56;24996894;238057598.28
SBERP;D;20081224;000000;9.51;9.63;9.41;9.43;15043658;142969464.69
SBERP;D;20081225;000000;9.45;9.45;9.16;9.22;15185783;140395170.25
SBERP;D;20081226;000000;9.3;9.3;8.98;9.01;17402265;158629118.86
SBERP;D;20081229;000000;8.96;9.18;8.96;9.02;10524361;95604822.9
SBERP;D;20081230;000000;9.08;9.16;8.68;9.1;19505131;173752082.75
SBERP;D;20081231;000000;9.17;9.18;9.02;9.08;3809794;34612156.28
SBERP;D;20090111;000000;9.15;9.19;9.05;9.09;5824402;53046822.54
SBERP;D;20090112;000000;9.04;9.24;9.02;9.09;6897322;63007317.92
SBERP;D;20090113;000000;9.04;9.12;8.95;9.08;9157109;82686750.65
SBERP;D;20090114;000000;9.13;9.16;8.72;8.72;10535078;94193340.79
SBERP;D;20090115;000000;8.72;8.9;8.53;8.72;11657306;102169415.79
SBERP;D;20090116;000000;8.8;8.9;8.65;8.73;7131367;62558217.85
SBERP;D;20090119;000000;8.8;8.83;8.08;8.2;11094187;93822680.14
SBERP;D;20090120;000000;8.19;8.36;7.8;7.92;10338658;83006363.19
SBERP;D;20090121;000000;7.75;8.18;7.53;8.14;8387479;66280350.77
SBERP;D;20090122;000000;8.31;8.39;7.45;7.51;16013930;125905095.26
SBERP;D;20090123;000000;7.5;7.64;6.87;7.21;17295505;124201463.34
SBERP;D;20090126;000000;7.21;7.85;7.01;7.8;22168902;167086291.78
SBERP;D;20090127;000000;7.8;7.85;7.39;7.55;17357980;131615835.82
SBERP;D;20090128;000000;7.6;7.88;7.55;7.77;24953561;192233122.99
SBERP;D;20090129;000000;7.82;7.85;7.49;7.59;17583521;134296748.12
SBERP;D;20090130;000000;7.46;7.77;7.38;7.49;16196488;122959285.31
SBERP;D;20090202;000000;7.43;7.53;7.22;7.46;14987166;110528190.7
SBERP;D;20090203;000000;7.5;7.54;7.15;7.21;15393909;112700566.22
SBERP;D;20090204;000000;7.32;7.75;7.25;7.4;39191377;292975687.19
SBERP;D;20090205;000000;7.26;7.49;7.25;7.41;17989979;132522206.38
SBERP;D;20090206;000000;7.59;7.8;7.48;7.73;21124878;161801925.15
SBERP;D;20090209;000000;7.8;8.69;7.71;8.67;46073740;387546055.82
SBERP;D;20090210;000000;8.67;9.65;8.53;9.38;73989941;684919655.16
SBERP;D;20090211;000000;9;9.84;8.81;9.3;81075245;759586856.85
SBERP;D;20090212;000000;9.3;9.5;8.88;9.06;46370960;428172028.6
SBERP;D;20090213;000000;9.3;9.35;9.08;9.25;19093763;176628638.74
SBERP;D;20090216;000000;9.24;9.29;8.92;8.97;15529314;140755192.09
SBERP;D;20090217;000000;8.85;8.85;8.03;8.3;22233506;188182109.97
SBERP;D;20090218;000000;8.21;8.39;7.4;7.88;43701405;340572507.99
SBERP;D;20090219;000000;8.04;8.32;7.8;8.19;24480531;197604782.28
SBERP;D;20090220;000000;8.07;8.08;7.58;7.68;29987255;232682271.46
SBERP;D;20090224;000000;7.5;7.91;7.41;7.74;20307379;156243074.17
SBERP;D;20090225;000000;8.03;8.1;7.72;7.84;16365042;129405946.62
SBERP;D;20090226;000000;7.98;8.15;7.84;8.14;20356209;163239573.44
SBERP;D;20090227;000000;8.1;8.16;7.78;7.94;14713320;117268426.54
SBERP;D;20090302;000000;7.74;8.08;7.61;7.91;14030126;110438373.99
SBERP;D;20090303;000000;7.85;8.25;7.75;8.18;19856322;160272282.63
SBERP;D;20090304;000000;8.29;8.74;8.21;8.65;39614342;339400857.19
SBERP;D;20090305;000000;8.7;8.73;8.27;8.31;16698066;140581115.15
SBERP;D;20090306;000000;8.19;8.51;8.08;8.37;13797947;115639312.41
SBERP;D;20090310;000000;8.51;8.97;8.47;8.9;37978866;333132185.17
SBERP;D;20090311;000000;8.99;9.05;8.7;8.79;37568908;334069842.16
SBERP;D;20090312;000000;8.68;8.81;8.43;8.58;16266578;139909852.36
SBERP;D;20090313;000000;8.8;8.91;8.62;8.67;19456309;170682622.65
SBERP;D;20090316;000000;8.69;9.04;8.61;9.04;33205893;294481221.46
SBERP;D;20090317;000000;9.11;9.55;9.07;9.4;77087326;719338627.38
SBERP;D;20090318;000000;9.65;9.87;8.95;9.02;59620356;566135838.51
SBERP;D;20090319;000000;9.24;9.8;9.19;9.64;79463350;757050117.97
SBERP;D;20090320;000000;9.6;11.15;9.25;10.83;128219444;1334805951.89
SBERP;D;20090323;000000;11.17;11.57;11;11.54;122718881;1395254100.73
SBERP;D;20090324;000000;11.99;12.3;10.44;10.61;87769784;980609974.07
SBERP;D;20090325;000000;10.5;11.38;10.24;11.22;79620324;872563792.08
SBERP;D;20090326;000000;11.4;11.49;10.83;11.03;60199890;667997273.55
SBERP;D;20090327;000000;11.05;11.07;10.26;10.33;37463021;397161783.73
SBERP;D;20090330;000000;9.91;10;9.29;9.35;33371552;323082193.85
SBERP;D;20090331;000000;9.46;10.2;9.37;10.06;32302846;318256874.04
SBERP;D;20090401;000000;10.05;10.46;9.94;10.26;39731689;406403124.29
SBERP;D;20090402;000000;10.6;10.94;10.51;10.89;43487046;464717071.36
SBERP;D;20090403;000000;10.9;10.96;10.57;10.7;35522351;382571799.77
SBERP;D;20090406;000000;11;11.56;10.72;10.88;62565168;700363858.34
SBERP;D;20090407;000000;10.9;11.13;10.5;10.85;33376809;359905245.95
SBERP;D;20090408;000000;10.66;11.19;10.52;11.13;43939370;481610890.32
SBERP;D;20090409;000000;11.4;11.86;11.17;11.84;86802901;1003067297.07
SBERP;D;20090410;000000;12.05;12.09;11.5;11.82;49104989;578275453.24
SBERP;D;20090413;000000;11.81;11.92;11.55;11.65;32126107;376899121.1
SBERP;D;20090414;000000;11.8;12.94;11.73;12.52;151280008;1870541519.36
SBERP;D;20090415;000000;12.25;12.51;12.05;12.37;52922847;651796332.61
SBERP;D;20090416;000000;12.61;13.35;12.6;13.13;108645016;1423327627.74
SBERP;D;20090417;000000;13.47;13.48;12.91;12.98;47505157;627033575.63
SBERP;D;20090420;000000;12.95;13.14;11.83;11.96;56684962;710071427.22
SBERP;D;20090421;000000;11.74;12.32;11.55;11.95;64584722;770037014.62
SBERP;D;20090422;000000;12.2;12.74;12.12;12.69;68342537;848960428.66
SBERP;D;20090423;000000;12.56;13.25;12.51;13.16;69418979;899505558.42
SBERP;D;20090424;000000;13.05;13.2;12.8;12.9;43757176;568326392.55
SBERP;D;20090427;000000;12.8;12.92;12.56;12.87;33491830;426809015.61
SBERP;D;20090428;000000;12.7;12.72;12.35;12.67;25044816;313200202.42
SBERP;D;20090429;000000;12.88;14.68;12.68;14.45;133476256;1844068510.25
SBERP;D;20090430;000000;14.78;16.1;14.42;15.35;158872743;2451451935.43
SBERP;D;20090504;000000;15.72;19;15.71;18.94;262581297;4558501010.53
SBERP;D;20090505;000000;19.89;20.97;18.12;18.94;280412972;5455434557.15
SBERP;D;20090506;000000;18.7;19.04;18.12;18.38;122639315;2273015971.55
SBERP;D;20090507;000000;19;19.97;18.55;19.05;211866239;4090584496.84
SBERP;D;20090508;000000;19.5;19.6;18.9;19.02;73698607;1413190371.43
SBERP;D;20090512;000000;18.32;19.32;17.83;18.68;120167219;2260532455.4
SBERP;D;20090513;000000;18.85;19.4;16.61;17.33;96045468;1742006572.36
SBERP;D;20090514;000000;16.54;17.63;16.41;17.5;60497168;1020168757.22
SBERP;D;20090515;000000;17.9;18.19;17.24;17.82;46324046;818715356.79
SBERP;D;20090518;000000;17.37;18.31;17.08;18.3;47444181;846032001.86
SBERP;D;20090519;000000;18.99;19.18;18.53;19;58570277;1106255861.39
SBERP;D;20090520;000000;19.05;19.86;18.63;19.84;162638184;3143214911.2
SBERP;D;20090521;000000;19.4;22.1;19.13;19.75;297439031;6099926371.64
SBERP;D;20090522;000000;20.15;22.74;20.01;22.6;301656056;6473929577.18
SBERP;D;20090525;000000;23;24.95;22.66;24.7;338139176;8073986140.28
SBERP;D;20090526;000000;24.97;25;21;23.97;371308337;8752190431.15
SBERP;D;20090527;000000;24.99;25.45;24.04;24.2;252406273;6258781427.62
SBERP;D;20090528;000000;23.8;24.95;23.2;24.16;170261376;4133457867
SBERP;D;20090529;000000;24.71;25;24.45;24.65;106387459;2625411785.81
SBERP;D;20090601;000000;25.19;27.09;25.1;27.07;259539187;6842413988.43
SBERP;D;20090602;000000;27.45;32.2;26.22;30.46;511198679;15206022176.11
SBERP;D;20090603;000000;31.21;32.88;25.82;26.65;352077285;10736223563.59
SBERP;D;20090604;000000;26.07;29.8;25.5;28.05;451769768;12620583167.61
SBERP;D;20090605;000000;30;30.9;28.3;29.9;256662233;7693204976.04
SBERP;D;20090608;000000;29.4;30.18;28.55;29.2;130516943;3828392371.78
SBERP;D;20090609;000000;29.8;30.1;29.21;30.04;124577554;3709182061.2
SBERP;D;20090610;000000;31.2;31.44;29.81;29.96;95511440;2924814128.09
SBERP;D;20090611;000000;30.37;30.37;28.46;28.98;90803533;2637139943.09
SBERP;D;20090615;000000;28.45;28.45;26.5;26.52;64772203;1774111663.87
SBERP;D;20090616;000000;26.08;28.75;26;28.4;194853576;5381441880.96
SBERP;D;20090617;000000;28;28.59;26.42;26.73;179525505;4921441346.19
SBERP;D;20090618;000000;27.17;27.5;24.78;27.12;234943613;6114034969.7
SBERP;D;20090619;000000;27.61;27.65;26.01;26.28;174921108;4672353120.73
SBERP;D;20090622;000000;26;26;22.35;22.37;125533156;3079710186.44
SBERP;D;20090623;000000;21.8;23.87;19.55;21.79;407984404;9125939742.49
SBERP;D;20090624;000000;22.8;26.2;22.54;26.09;379195097;9249488961.28
SBERP;D;20090625;000000;26.15;27.74;25.2;26.5;434392475;11524590978.6
SBERP;D;20090626;000000;27.8;28.4;26.05;26.15;281550906;7712980152.75
SBERP;D;20090629;000000;25.7;27.15;25.19;26.75;216692098;5725894970.63
SBERP;D;20090630;000000;27.43;27.66;25.4;25.42;126047762;3361596226.45
SBERP;D;20090701;000000;25.62;27.05;25.22;26.95;207193336;5388083218.51
SBERP;D;20090702;000000;26.37;26.37;25.43;25.8;101080542;2615547783.88
SBERP;D;20090703;000000;25.75;25.98;24.61;25.71;137440135;3491907895.4
SBERP;D;20090706;000000;24.99;25.22;24.18;24.19;115560331;2863780521.46
SBERP;D;20090707;000000;24.61;24.85;23.82;24;145153477;3538603306.13
SBERP;D;20090708;000000;23.19;23.67;22.7;23;106512239;2471834178.3
SBERP;D;20090709;000000;23;23.43;22.53;22.6;98618470;2277561774.77
SBERP;D;20090710;000000;22.7;22.75;20.97;20.99;128037075;2769437602.98
SBERP;D;20090713;000000;20.21;22.13;20.04;21.92;215709547;4540155249.63
SBERP;D;20090714;000000;22.89;24.26;22.61;22.8;332134759;7822615172.3
SBERP;D;20090715;000000;23.5;25.1;23.5;25.05;233144274;5636041098.58
SBERP;D;20090716;000000;25.5;25.87;24.6;25.16;293669100;7389063946.22
SBERP;D;20090717;000000;25.2;25.46;24.84;25.3;149288733;3754734540.08
SBERP;D;20090720;000000;25.8;26.57;25.8;26.21;134059015;3518604108.97
SBERP;D;20090721;000000;25.68;26.88;25.43;26.47;207684360;5457349703.06
SBERP;D;20090722;000000;26.37;26.81;25.59;25.75;138077987;3601570168.59
SBERP;D;20090723;000000;26.23;27.1;25.87;27.07;114991912;3032416541.6
SBERP;D;20090724;000000;27.36;27.5;26.35;26.68;103815558;2788116671.48
SBERP;D;20090727;000000;27.2;27.5;26.65;26.74;79588076;2165327742.79
SBERP;D;20090728;000000;27;27.09;25.31;25.39;102772119;2696571191.89
SBERP;D;20090729;000000;25.01;25.33;24.4;24.53;96840066;2406848043.57
SBERP;D;20090730;000000;24.7;26.75;24.65;26.65;129534459;3329392886.65
SBERP;D;20090731;000000;26.9;27.05;25.72;26.56;156158873;4130680839.37
SBERP;D;20090803;000000;27.01;28.21;26.85;28.06;159729410;4427232288.74
SBERP;D;20090804;000000;27.8;27.83;27;27.76;102721053;2819373791.02
SBERP;D;20090805;000000;27.75;28.57;26.88;27.05;143074919;4003466554.23
SBERP;D;20090806;000000;27.61;28.33;26.94;27.33;141949606;3924527571.82
SBERP;D;20090807;000000;27.08;28.15;26.61;27.86;93900579;2569075479.98
SBERP;D;20090810;000000;27.84;28.09;27.39;27.71;69248691;1920731100.45
SBERP;D;20090811;000000;27.87;28.05;26.81;26.91;66517939;1833843517.46
SBERP;D;20090812;000000;26.6;27.7;26.05;27.6;100580776;2696261073.86
SBERP;D;20090813;000000;28.25;28.3;27.07;27.72;89594440;2493031615.24
SBERP;D;20090814;000000;27.86;27.9;26.93;27.07;48900386;1342225130.5
SBERP;D;20090817;000000;26.12;26.65;25.9;26.15;45824808;1201174228.4
SBERP;D;20090818;000000;26.44;26.97;26.05;26.7;59982337;1596153785.29
SBERP;D;20090819;000000;26.7;26.91;26.2;26.83;43819913;1159762567.71
SBERP;D;20090820;000000;27.27;27.39;26.67;27.16;38292304;1035197414.82
SBERP;D;20090821;000000;26.9;27.95;26.71;27.8;52010806;1423790274.99
SBERP;D;20090824;000000;28.1;30.11;27.8;29.42;131346557;3815937588.57
SBERP;D;20090825;000000;28.65;29.9;28.56;29.05;130276957;3825027426.33
SBERP;D;20090826;000000;29.06;29.66;28.45;28.99;109546878;3187159895.04
SBERP;D;20090827;000000;28.73;29.48;27.94;27.99;100410584;2890775782.59
SBERP;D;20090828;000000;28.6;28.95;28.23;28.46;80442226;2305549756.39
SBERP;D;20090831;000000;28;28.35;27.65;27.84;50352503;1409647844.94
SBERP;D;20090901;000000;28.12;28.72;27.9;28.71;74467124;2107316330.73
SBERP;D;20090902;000000;28;28.58;27.97;28.27;63170650;1786197130.72
SBERP;D;20090903;000000;28.42;29.84;28.32;29.54;135913238;3979301161.25
SBERP;D;20090904;000000;29.83;31.95;29.8;30.46;214121357;6692586101.87
SBERP;D;20090907;000000;31.5;32.54;31.18;32.48;122899136;3930459839.01
SBERP;D;20090908;000000;32.6;36.84;32.6;36.79;234423996;8271235161.39
SBERP;D;20090909;000000;36.8;39.24;36.12;37.6;269177579;10154354296.64
SBERP;D;20090910;000000;38.4;38.98;35.78;36.17;132175330;4892589463.11
SBERP;D;20090911;000000;36.71;37.85;35.26;37.08;166372187;6125230826.28
SBERP;D;20090914;000000;36.15;37.39;35.7;37.2;91477659;3352491689.71
SBERP;D;20090915;000000;37.5;38.71;37.26;38.04;134635831;5112944376.58
SBERP;D;20090916;000000;38.64;38.99;37.5;38.11;108675584;4171038447.14
SBERP;D;20090917;000000;38.76;38.81;36.64;36.88;70817937;2670054029.06
SBERP;D;20090918;000000;36.64;37.45;35.76;36.93;63832922;2343734126.47
SBERP;D;20090921;000000;37;37.43;34.65;34.9;54063952;1933810795.65
SBERP;D;20090922;000000;35.48;37.16;35.47;36.89;75683632;2766464671.85
SBERP;D;20090923;000000;37.05;38.41;36.64;36.95;85089161;3200416999.07
SBERP;D;20090924;000000;36.41;38.06;35.97;36.15;94538272;3509434273.69
SBERP;D;20090925;000000;36.5;37.35;35.55;36.6;94746704;3456553744.05
SBERP;D;20090928;000000;36.05;37.45;35.73;37.43;61992710;2263086589.16
SBERP;D;20090929;000000;37.73;38.1;37.12;37.52;59961610;2256431499.44
SBERP;D;20090930;000000;37.53;37.87;36.8;37;40595835;1519256268.93
SBERP;D;20091001;000000;37.43;37.55;36.76;36.98;30364302;1127512485.3
SBERP;D;20091002;000000;36.13;36.47;35.23;36.43;53474131;1924604286.3
SBERP;D;20091005;000000;36.59;36.95;36.06;36.72;35635367;1304296468.27
SBERP;D;20091006;000000;37.3;37.97;37.05;37.94;39892658;1495320730.38
SBERP;D;20091007;000000;38.3;38.97;37.61;38.04;78913059;3029292760.46
SBERP;D;20091008;000000;38.55;40.39;38.5;40.36;112451584;4460893121.58
SBERP;D;20091009;000000;40.5;41.74;39.38;41.39;118274466;4775795626.67
SBERP;D;20091012;000000;41.79;44.08;41.6;43.67;109660923;4743295863.42
SBERP;D;20091013;000000;43.7;43.85;40.87;41.35;85363535;3641013662.12
SBERP;D;20091014;000000;42.7;43.2;41.85;42.5;76130347;3244414938.77
SBERP;D;20091015;000000;43.11;43.19;40.92;41.16;54857383;2293843821.06
SBERP;D;20091016;000000;41.77;42.19;39.7;39.92;54266295;2215465933.96
SBERP;D;20091019;000000;40.5;42.16;39.97;42.16;60152120;2466044874.06
SBERP;D;20091020;000000;42.97;43.02;41.11;41.68;67253681;2830839238.54
SBERP;D;20091021;000000;41.3;42.48;40.5;42.35;43633988;1804419962.96
SBERP;D;20091022;000000;41.51;41.99;41;41.7;39993415;1660654457.49
SBERP;D;20091023;000000;42.33;42.33;41.5;41.6;30339923;1271606345.23
SBERP;D;20091026;000000;41.5;43.11;41.12;41.83;66601482;2828677513
SBERP;D;20091027;000000;41.5;43.2;41.24;43.09;109415064;4630237478.13
SBERP;D;20091028;000000;42.8;43.44;41.02;41.56;97993594;4134597454.04
SBERP;D;20091029;000000;41.01;46.39;40.32;46.16;185094548;8023003506.06
SBERP;D;20091030;000000;46.53;46.79;43.66;43.91;121586217;5469569735.75
SBERP;D;20091102;000000;43.5;45.46;43.2;45.08;83890025;3741259228.58
SBERP;D;20091103;000000;44.8;44.89;42.65;43.5;62703553;2734251661.39
SBERP;D;20091105;000000;43.9;44.5;42.23;44.1;58242514;2532576575.97
SBERP;D;20091106;000000;44.45;47.47;44.1;46.95;147931480;6771517209.89
SBERP;D;20091109;000000;47.84;52.66;47.84;52.27;158578952;8039158317.8
SBERP;D;20091110;000000;52.49;56.5;50.58;53.25;243229422;12963187891.02
SBERP;D;20091111;000000;53.5;53.52;51.41;52;66316206;3468691764.58
SBERP;D;20091112;000000;52.13;54;51.67;52.15;106318070;5597674386.83
SBERP;D;20091113;000000;51.58;53.7;51.13;53.36;70931575;3733949400.68
SBERP;D;20091116;000000;54.4;55.2;54.2;54.91;57523073;3145250770.98
SBERP;D;20091117;000000;54.85;54.85;53.12;53.9;43503167;2354549487.67
SBERP;D;20091118;000000;54.2;55.3;53.51;53.9;45309171;2468266553.07
SBERP;D;20091119;000000;53.9;54.26;52.34;52.35;36659743;1945547968.5
SBERP;D;20091120;000000;52.7;53.99;52.12;53.81;56847649;3024978727.99
SBERP;D;20091123;000000;54.2;54.88;53.72;53.9;36136823;1961335461.76
SBERP;D;20091124;000000;53.06;54.05;52.52;53.84;32587330;1739090373.09
SBERP;D;20091125;000000;54.22;54.41;52.96;54.09;30434063;1632589183.69
SBERP;D;20091126;000000;53.63;53.7;50.33;50.92;42602609;2226115186.04
SBERP;D;20091127;000000;48.14;52.15;47.57;51.68;66684084;3324204608.26
SBERP;D;20091130;000000;52.5;56.5;52.37;56.5;154586018;8451030770.25
SBERP;D;20091201;000000;57;57.45;55.16;56.2;76257329;4289172909.64
SBERP;D;20091202;000000;56.42;58.65;55.5;57.39;107615442;6208573200.1
SBERP;D;20091203;000000;58;58.49;57.12;57.73;56645963;3274938710.68
SBERP;D;20091204;000000;57.25;58.64;56.58;58.25;53784761;3104940772.11
SBERP;D;20091207;000000;57.99;58.3;57.07;57.47;29297123;1686900670.78
SBERP;D;20091208;000000;57.04;58;56.43;57.07;39274806;2246646359.22
SBERP;D;20091209;000000;57.38;57.93;56.76;57.74;29143166;1677152801.97
SBERP;D;20091210;000000;57.36;60.43;57.07;59.75;63351273;3731009083.92
SBERP;D;20091211;000000;60.7;61.08;59.33;59.88;57923132;3499773497.03
SBERP;D;20091214;000000;60.95;61.34;59.85;61.24;31257740;1892626651.46
SBERP;D;20091215;000000;61.05;64.2;61.05;63.98;64038844;4039012943.56
SBERP;D;20091216;000000;63.98;69.89;63.98;69.65;112092414;7596451015.64
SBERP;D;20091217;000000;69.01;73.3;68.52;69.74;150327770;10638949962.8
SBERP;D;20091218;000000;70.7;72.1;70.13;71.38;76031815;5426392888.82
SBERP;D;20091221;000000;71.91;75.4;71.61;75.3;97142359;7162630761.52
SBERP;D;20091222;000000;75.4;76.8;73.62;74.31;105010918;7887292875.6
SBERP;D;20091223;000000;75.15;75.42;70.73;71.36;76155012;5501813070.34
SBERP;D;20091224;000000;71.89;71.89;66.17;67.55;86217643;5891216936.85
SBERP;D;20091225;000000;66.9;69.49;65.2;68.77;71514991;4877266955.42
SBERP;D;20091228;000000;69.3;70.4;69.03;69.41;25593431;1780979734.89
SBERP;D;20091229;000000;69.62;69.69;67.21;69.34;34857175;2383229411.33
SBERP;D;20091230;000000;69;69.4;68.18;68.75;21267856;1463517226.74
SBERP;D;20091231;000000;68.75;69.53;68.45;69;6438415;444060787.09
SBERP;D;20100111;000000;71.66;74.25;71.15;71.94;42146279;3069384436.79
SBERP;D;20100112;000000;71.53;73.66;70.8;72.43;44744295;3237133616.67
SBERP;D;20100113;000000;71.5;73.79;71.5;73.13;37748284;2755858180.67
SBERP;D;20100114;000000;73.95;74.6;72.8;73.22;30381516;2233767545.13
SBERP;D;20100115;000000;73.3;73.65;72.6;72.88;18978859;1386451273.05
SBERP;D;20100118;000000;72.24;73.94;71.9;73.91;24283491;1779393008.6
SBERP;D;20100119;000000;73.92;74.45;72.2;73.55;33822589;2478594053.72
SBERP;D;20100120;000000;73.4;73.77;72.02;72.14;19909476;1451348536.24
SBERP;D;20100121;000000;72.5;72.78;70.5;70.74;27077742;1935350042.09
SBERP;D;20100122;000000;69.63;70;66.91;68.2;33053701;2262345243.32
SBERP;D;20100125;000000;67.27;70.83;66.33;70.25;46146236;3191500458.15
SBERP;D;20100126;000000;69;69.89;67.9;69.29;36287369;2493317578.38
SBERP;D;20100127;000000;69.46;71.57;68.32;71.3;57991528;4060200205.31
SBERP;D;20100128;000000;72.28;73.69;71.6;72.17;59961502;4375609089.89
SBERP;D;20100129;000000;71.5;73.2;71.37;72.72;34685457;2511632804.64
SBERP;D;20100201;000000;71.91;72.49;71.52;72.1;17479699;1259027060.31
SBERP;D;20100202;000000;72.59;73.2;72.31;72.68;24202229;1760929897
SBERP;D;20100203;000000;73.05;73.5;72.1;72.3;22436826;1637167679.1
SBERP;D;20100204;000000;72.25;72.64;69.47;69.78;22136136;1578799052.24
SBERP;D;20100205;000000;68.21;70;66.85;68.39;49631434;3389346869.45
SBERP;D;20100208;000000;68.11;68.95;65.81;66.05;31719234;2134845418.94
SBERP;D;20100209;000000;66.56;67.34;65.57;66.88;28136035;1868350247
SBERP;D;20100210;000000;67.5;69.15;65.65;66.29;35891816;2421977296.23
SBERP;D;20100211;000000;67.49;67.99;66.25;66.6;23132209;1552616184.71
SBERP;D;20100212;000000;67.34;67.35;63.95;64;23509675;1536161348.91
SBERP;D;20100215;000000;64;64.6;62.87;64.4;21987631;1400033878.74
SBERP;D;20100216;000000;64.99;66.7;64.4;66.7;29216773;1922885848.12
SBERP;D;20100217;000000;67.29;67.73;66.02;66.6;37635404;2515917350.23
SBERP;D;20100218;000000;66.13;66.35;64;64.85;22856728;1489907277.32
SBERP;D;20100219;000000;63.8;65.85;62.35;64.95;28747010;1844425470.55
SBERP;D;20100224;000000;64.95;65.49;62.89;63.57;24798641;1593821529.19
SBERP;D;20100225;000000;63.56;63.6;60.85;61.8;24320877;1514739357.39
SBERP;D;20100226;000000;62.22;63.79;61.71;63.71;26038354;1634154033
SBERP;D;20100227;000000;63.69;64.77;63.15;64.58;10004956;642383660.54
SBERP;D;20100301;000000;65;66.85;64.6;66.38;34143298;2242298824.29
SBERP;D;20100302;000000;66.45;68.04;65.95;67.4;34031664;2291419482.16
SBERP;D;20100303;000000;67.4;67.95;66.06;67.64;25599142;1720017489.13
SBERP;D;20100304;000000;67.01;68.44;66.64;67.51;24543130;1660900565.09
SBERP;D;20100305;000000;68.27;69.98;68.01;69.2;35814448;2468095413.18
SBERP;D;20100309;000000;69.2;71.12;68.83;70.7;38911547;2724287523.95
SBERP;D;20100310;000000;70.69;71.93;69.4;70.15;33305900;2356699822.28
SBERP;D;20100311;000000;70.2;70.92;69;69.63;20522284;1436967928.15
SBERP;D;20100312;000000;70.1;71.5;69.82;71.16;21942425;1553070135.37
SBERP;D;20100315;000000;70.6;71.3;70.06;70.25;18072117;1278302590.14
SBERP;D;20100316;000000;70.99;71.25;70.32;71.12;14909921;1056433943.2
SBERP;D;20100317;000000;71.9;72.25;70.89;71.4;17024860;1220467777.01
SBERP;D;20100318;000000;71.38;71.8;70.11;70.15;23884224;1699998783.94
SBERP;D;20100319;000000;70.27;70.84;68.65;69;23800269;1659019996.17
SBERP;D;20100322;000000;68.43;69.4;67.6;69.05;18942373;1294170837.75
SBERP;D;20100323;000000;69.39;69.9;68.48;69.22;13362511;924601838.71
SBERP;D;20100324;000000;69.55;69.79;68.5;69.5;13462866;931891170.26
SBERP;D;20100325;000000;69.41;69.5;67.83;68.17;15426551;1059481741.35
SBERP;D;20100326;000000;68.07;68.27;66.83;67.24;19023870;1284938916.59
SBERP;D;20100329;000000;67.22;68.5;66.65;67.88;16498971;1119449446
SBERP;D;20100330;000000;67.88;68.45;66.87;67.1;18887295;1277390385.29
SBERP;D;20100331;000000;66.8;67.75;66.16;66.52;33343558;2230506879.22
SBERP;D;20100401;000000;66.9;67.86;66.7;67.49;23236271;1567824413.7
SBERP;D;20100402;000000;67.81;68.35;67.5;67.75;14862223;1008666703.06
SBERP;D;20100405;000000;68.23;68.23;66.75;67.42;16915743;1137190030.09
SBERP;D;20100406;000000;67;68;66.75;67.4;14863579;1001875789.71
SBERP;D;20100407;000000;67.4;67.92;65.75;65.8;19237550;1288423684.86
SBERP;D;20100408;000000;65.56;65.67;64.1;64.52;23737963;1538008038.61
SBERP;D;20100409;000000;65.19;67.3;65;67.05;24664887;1635006713.82
SBERP;D;20100412;000000;67.7;67.98;66.58;66.91;18143517;1219417856.35
SBERP;D;20100413;000000;66.66;70.08;66.37;70.03;69156589;4766120515.02
SBERP;D;20100414;000000;70.88;71.39;68.92;69.75;61942245;4360205919.91
SBERP;D;20100415;000000;70.28;70.44;67.75;68.45;46233109;3178423724.01
SBERP;D;20100416;000000;67.5;68.53;66.09;66.28;39788800;2684197785.24
SBERP;D;20100419;000000;64.5;64.5;62.13;63.94;46742720;2962515646.23
SBERP;D;20100420;000000;64.64;65.38;64.1;64.49;32154305;2083097768.64
SBERP;D;20100421;000000;65.2;65.2;63.02;63.27;32672993;2086274425.58
SBERP;D;20100422;000000;63.44;63.45;59.85;60.47;58520312;3615080400.07
SBERP;D;20100423;000000;60.85;61.48;59.89;60.96;45154030;2742179279.64
SBERP;D;20100426;000000;61.65;62.25;60.9;61.08;28312796;1743115913.57
SBERP;D;20100427;000000;60.6;60.68;58.51;58.85;38070168;2261599333.31
SBERP;D;20100428;000000;57.2;58.43;55.56;57.49;61572223;3513667684.54
SBERP;D;20100429;000000;57.85;59.68;57.23;59.65;46908925;2748000097.91
SBERP;D;20100430;000000;59.72;59.78;57.77;58.75;32891922;1932010535.74
SBERP;D;20100504;000000;58.76;59.6;56.03;56.1;34430611;1989603823.6
SBERP;D;20100505;000000;55.57;57.54;54.25;55.81;54765124;3074912118.16
SBERP;D;20100506;000000;55.55;58.17;54.85;56.91;72914885;4148333131.59
SBERP;D;20100507;000000;55;56.89;53.63;54.4;64485650;3589300045.68
SBERP;D;20100511;000000;56.66;57.39;55.45;56.85;38729207;2192008874.06
SBERP;D;20100512;000000;56.2;60.73;55.85;60.39;57173425;3371756530.56
SBERP;D;20100513;000000;60.8;63.5;59.12;59.81;88542776;5393792061.98
SBERP;D;20100514;000000;59.1;59.57;57.38;57.9;37080492;2160042066.53
SBERP;D;20100517;000000;56.1;58.8;56;57.63;45366744;2602195038.11
SBERP;D;20100518;000000;58.05;58.94;57.51;58.65;32894862;1917998464.23
SBERP;D;20100519;000000;57.32;57.64;56.01;56.35;28782906;1635320546.2
SBERP;D;20100520;000000;56.39;57.59;53;53.5;51947221;2894731578.61
SBERP;D;20100521;000000;54;54.85;51.05;53;55289587;2901998325.55
SBERP;D;20100524;000000;54;54.51;52.03;53.59;38316127;2040347977.57
SBERP;D;20100525;000000;50.93;52.17;50.34;50.7;39001738;2000562962.17
SBERP;D;20100526;000000;51.99;53.91;51.51;53.65;40704081;2145738952.66
SBERP;D;20100527;000000;53.9;55.49;52.9;55.23;52608742;2864867800.4
SBERP;D;20100528;000000;55.5;56.01;54.04;54.57;28539546;1569085256.65
SBERP;D;20100531;000000;54.65;55.8;54.3;55.75;18042581;996228104.77
SBERP;D;20100601;000000;55.1;56.75;53.3;56.2;30169504;1653443807.32
SBERP;D;20100602;000000;55.01;56.4;54.8;56.15;32732488;1821488944.72
SBERP;D;20100603;000000;57.3;58;56.51;56.6;29979972;1722304685.76
SBERP;D;20100604;000000;57.42;57.7;54.32;54.76;34671148;1942564567.09
SBERP;D;20100607;000000;53;55.76;52.5;55.26;30572817;1653125667.11
SBERP;D;20100608;000000;55.5;55.97;54;54.58;31170174;1716961100.37
SBERP;D;20100609;000000;55.33;55.77;54.34;55.43;28012831;1545218022.68
SBERP;D;20100610;000000;55.45;56.55;54.51;56.35;28393036;1573852305.2
SBERP;D;20100611;000000;56.8;56.89;54.91;55.28;24777449;1382199182.03
SBERP;D;20100615;000000;55.56;56.93;55.36;56.86;30448615;1711186023.44
SBERP;D;20100616;000000;57.21;57.74;55.93;56.15;40772780;2313776576.4
SBERP;D;20100617;000000;56.14;57.9;55.65;56.96;48502639;2756849907.77
SBERP;D;20100618;000000;57.24;57.8;56.35;57.64;27579795;1575646592.88
SBERP;D;20100621;000000;58.6;60.96;58.58;60.53;53797984;3233655401.88
SBERP;D;20100622;000000;59.7;60.66;58.8;59.77;42671044;2547792764.07
SBERP;D;20100623;000000;59;60.6;58.6;59.35;44089906;2635131307.6
SBERP;D;20100624;000000;59.98;60.22;58.52;58.85;32108067;1901915595.56
SBERP;D;20100625;000000;58.61;58.84;56.76;57.19;40146344;2312583065.42
SBERP;D;20100628;000000;57.96;58.78;57.34;58.22;23234379;1354483039.71
SBERP;D;20100629;000000;57.43;57.55;55.48;55.9;29023560;1636591475.08
SBERP;D;20100630;000000;55.8;56.74;54.8;55.7;38520077;2153434258.52
SBERP;D;20100701;000000;54.5;54.79;51.63;51.8;32295720;1736875499.56
SBERP;D;20100702;000000;53;53.89;51.78;53.37;39543342;2083377335.68
SBERP;D;20100705;000000;53.4;54;53.13;53.8;14379733;771909041.72
SBERP;D;20100706;000000;54.39;56.3;54.2;56.02;25520100;1411022773.84
SBERP;D;20100707;000000;55.3;56.2;53.85;56.15;45544247;2502825933.77
SBERP;D;20100708;000000;57.25;57.42;56.11;56.16;35268888;2004015738.22
SBERP;D;20100709;000000;56.9;56.9;55.29;56.29;23725615;1330479036.55
SBERP;D;20100712;000000;56;57.46;55.57;56.96;33972991;1930089382.87
SBERP;D;20100713;000000;56.61;58.65;56.19;58.65;44820117;2594176736.2
SBERP;D;20100714;000000;59.09;59.75;57.9;58.1;45676564;2683212364.46
SBERP;D;20100715;000000;58.62;59.78;57.11;57.28;49031730;2881064446.88
SBERP;D;20100716;000000;57.68;58.7;56.1;56.69;49721729;2859768248.07
SBERP;D;20100719;000000;56.6;57.52;55.67;56.57;40328485;2283504605.4
SBERP;D;20100720;000000;57.2;57.75;55.2;56.18;42282154;2387149463.14
SBERP;D;20100721;000000;56.7;57.49;56.47;57.17;38613193;2203209307.04
SBERP;D;20100722;000000;56.43;58.15;56.4;58;54836642;3135860845.26
SBERP;D;20100723;000000;58;58.34;56.68;57.32;39023380;2246067619.79
SBERP;D;20100726;000000;58;58.71;57.72;58.24;32294155;1878239109.55
SBERP;D;20100727;000000;58.5;59.16;57.94;58.59;37620186;2207359929.06
SBERP;D;20100728;000000;58.96;59.24;57.36;57.6;38568212;2249826570.48
SBERP;D;20100729;000000;57.88;58.85;57.44;58.45;42391216;2468617012.38
SBERP;D;20100730;000000;58;58.07;56.03;56.85;44585279;2541745801.43
SBERP;D;20100802;000000;57.42;58.31;57.3;58.24;46912513;2714164735.7
SBERP;D;20100803;000000;58.4;60.84;57.85;59.74;107595180;6412856226.01
SBERP;D;20100804;000000;59.4;62.59;59.38;62.18;128075714;7844055609.9
SBERP;D;20100805;000000;62.5;63.05;60.82;61.25;97481749;6039429922.45
SBERP;D;20100806;000000;61.69;62.18;60.52;61;46267856;2837852691.71
SBERP;D;20100809;000000;61.57;62.44;61.43;61.91;46509879;2882951111.5
SBERP;D;20100810;000000;61.3;61.67;59.7;59.9;52348796;3163600844.8
SBERP;D;20100811;000000;59.5;59.52;58.27;58.49;44612439;2624349581.83
SBERP;D;20100812;000000;58.3;59.23;57.59;58.5;49365601;2880696806.27
SBERP;D;20100813;000000;59.15;59.4;57.59;57.96;40369188;2351449383.94
SBERP;D;20100816;000000;58.2;58.29;56.5;57.2;34326900;1961779278.43
SBERP;D;20100817;000000;57.5;57.77;56.95;57.72;42377202;2430186029.48
SBERP;D;20100818;000000;57.58;57.67;56.6;56.77;32244892;1836123392.59
SBERP;D;20100819;000000;57.23;57.34;55.86;55.91;33284902;1889346155.62
SBERP;D;20100820;000000;55.91;56.16;54.84;55.5;45790233;2538830812.97
SBERP;D;20100823;000000;55.54;56.15;55.1;55.65;33486123;1861308154.85
SBERP;D;20100824;000000;55.12;55.26;53.9;54.18;33846276;1850210266.45
SBERP;D;20100825;000000;54.17;54.83;52.92;53.29;33519821;1806042706
SBERP;D;20100826;000000;53.97;55.2;53.76;54.99;39676122;2160408433.9
SBERP;D;20100827;000000;54.6;55.41;54.17;55.22;30692586;1682893777.82
SBERP;D;20100830;000000;55.95;55.99;55.16;55.44;22626606;1259152139.13
SBERP;D;20100831;000000;54.5;55.94;54.25;55.87;30383025;1670796346.47
SBERP;D;20100901;000000;56.01;57.33;55.3;57.24;48075955;2712659953.55
SBERP;D;20100902;000000;57.3;58.39;56.87;57.7;54979301;3170535868.56
SBERP;D;20100903;000000;57.87;58.68;57.3;58.1;33706135;1957899501.86
SBERP;D;20100906;000000;58.5;58.5;57.92;58.1;14412490;838697304.6
SBERP;D;20100907;000000;57.8;57.83;56.9;57.15;23133945;1326241670.07
SBERP;D;20100908;000000;56.8;59.63;56.6;59.46;73083983;4290372850.74
SBERP;D;20100909;000000;59.32;61.64;59.22;60.5;86775535;5265465865.58
SBERP;D;20100910;000000;60.21;61.14;59.82;60.2;39307418;2373476097.2
SBERP;D;20100913;000000;61.2;62;60.72;60.91;38878172;2381811754.93
SBERP;D;20100914;000000;60.6;61.42;59.82;60.3;51370119;3112002254.22
SBERP;D;20100915;000000;60.3;60.67;59.35;60.05;29282043;1752843877.93
SBERP;D;20100916;000000;59.8;60.26;59.35;59.45;19777436;1183076190.68
SBERP;D;20100917;000000;60;60.2;58.82;58.94;25650458;1527451255.05
SBERP;D;20100920;000000;59.15;59.76;58.71;59.65;20161570;1193325947.58
SBERP;D;20100921;000000;59.88;60.31;59.4;59.9;22825893;1368489296.99
SBERP;D;20100922;000000;59.85;59.95;59.02;59.19;20964008;1247162459.38
SBERP;D;20100923;000000;59.4;59.83;58.53;59.4;25170795;1490346388.59
SBERP;D;20100924;000000;59.11;61.33;58.97;61.2;48870896;2950466180.5
SBERP;D;20100927;000000;61.6;61.72;60.07;60.25;27673152;1685367877.14
SBERP;D;20100928;000000;60;60.45;59.21;59.8;29032780;1737219470.3
SBERP;D;20100929;000000;60.05;60.65;59.7;60.23;24126718;1452569066.31
SBERP;D;20100930;000000;59.98;61.25;59.72;61.11;27836125;1689784253.53
SBERP;D;20101001;000000;61;63.04;60.8;62;62337488;3874042688.25
SBERP;D;20101004;000000;62.45;63.55;62.1;62.52;55500737;3483275863.13
SBERP;D;20101005;000000;62.5;63.67;62.18;63.63;53286003;3359872686.71
SBERP;D;20101006;000000;64.09;64.87;63.22;63.3;56740255;3634244894.85
SBERP;D;20101007;000000;63.55;64.04;63.01;63.25;41151367;2613799736.75
SBERP;D;20101008;000000;63.15;63.65;62.33;63.34;45862852;2893242878.88
SBERP;D;20101011;000000;63.65;63.95;63.48;63.8;16071125;1023801546.95
SBERP;D;20101012;000000;63.17;64.19;62.79;64.15;36550342;2317346117.36
SBERP;D;20101013;000000;64.5;65.97;64.36;65.55;73361275;4795775535.28
SBERP;D;20101014;000000;66.1;66.25;64.8;65.31;45470601;2979788084.18
SBERP;D;20101015;000000;65.19;66.12;65.11;65.52;37792694;2475701650.64
SBERP;D;20101018;000000;65;66.99;64.92;66.89;48780113;3227234931.08
SBERP;D;20101019;000000;66.77;68.66;66.7;67.02;102709761;6966484648.95
SBERP;D;20101020;000000;66.65;68.32;66.36;68.19;50664947;3411351983.01
SBERP;D;20101021;000000;68.35;70.74;68.01;70.65;128103289;8927812433.38
SBERP;D;20101022;000000;70.45;72.17;70.32;70.89;89517822;6383621190.05
SBERP;D;20101025;000000;71.8;72.1;70.67;70.8;43182660;3092080087.14
SBERP;D;20101026;000000;70.6;70.83;69.32;70.16;48109159;3371733446.38
SBERP;D;20101027;000000;69.91;70.3;68.91;69.01;37102633;2583346025.62
SBERP;D;20101028;000000;69.44;69.9;68.82;69.15;27833992;1932395046.33
SBERP;D;20101029;000000;68.97;69.98;68.55;69.91;35893518;2489407288.18
SBERP;D;20101101;000000;70.45;71.25;70.13;70.62;41590423;2942841680.89
SBERP;D;20101102;000000;70.62;71.15;70.39;70.67;20558247;1455317441.43
SBERP;D;20101103;000000;70.8;70.99;70.21;70.7;27651278;1952405130.78
SBERP;D;20101108;000000;72.4;72.66;71.11;71.27;36179842;2598190492.93
SBERP;D;20101109;000000;71.39;71.74;70.96;71.13;32211198;2301592873.88
SBERP;D;20101110;000000;70.95;71.05;69.3;70;32004140;2251187199.06
SBERP;D;20101111;000000;70.5;70.6;68.6;68.7;28742840;2001804825.82
SBERP;D;20101112;000000;67.5;68.89;66.98;68.07;35605891;2417969656.37
SBERP;D;20101113;000000;67.62;68.55;67.58;68.38;7587392;515571405.26
SBERP;D;20101115;000000;68.43;70.34;68.3;70.32;32902472;2290168496.3
SBERP;D;20101116;000000;69.95;69.99;67.9;68.14;35923795;2481699913.52
SBERP;D;20101117;000000;68.07;69.75;67.82;69.5;33370456;2298332059.16
SBERP;D;20101118;000000;70.11;71.55;69.84;71.4;34875340;2465423542.5
SBERP;D;20101119;000000;71.62;71.68;70.27;70.94;40476550;2870148708.49
SBERP;D;20101122;000000;71.55;72.04;70.93;71.05;32196115;2303161061.45
SBERP;D;20101123;000000;70.4;70.88;69.69;69.8;28066225;1971436177.49
SBERP;D;20101124;000000;70.27;72.42;69.79;72.36;40942404;2901119386.51
SBERP;D;20101125;000000;72.36;74.75;71.93;74.5;57707623;4240074195.85
SBERP;D;20101126;000000;74.01;74.62;72.78;73.95;46692916;3448453747.23
SBERP;D;20101129;000000;74.5;75.47;73.5;73.62;42999003;3198199906.62
SBERP;D;20101130;000000;73.85;74.45;73.14;74.3;31977720;2359332080.82
SBERP;D;20101201;000000;74.6;75.36;74.22;75.22;42934443;3209289150.82
SBERP;D;20101202;000000;75.5;76;74.31;75.2;45845128;3449642168.75
SBERP;D;20101203;000000;75.4;75.42;73.9;74.5;40094225;2991137339.05
SBERP;D;20101206;000000;74.5;75.75;74.18;75.5;38270364;2872869418.94
SBERP;D;20101207;000000;75.8;76.55;75.21;75.47;54549730;4146348129.5
SBERP;D;20101208;000000;75;75.97;74.01;74.1;36056187;2700015168.64
SBERP;D;20101209;000000;74.95;75.4;74.18;74.5;25856316;1932370782.57
SBERP;D;20101210;000000;74.51;75.07;74.23;74.41;17973115;1342596009.76
SBERP;D;20101213;000000;74.75;76.41;74.75;76.2;33071056;2504169710.72
SBERP;D;20101214;000000;75.9;76.85;75.2;76.8;28760627;2185608223.52
SBERP;D;20101215;000000;76.47;77.39;75.88;76.68;28287551;2164699955.32
SBERP;D;20101216;000000;76.06;77.87;75.96;77.29;48395535;3736185813.99
SBERP;D;20101217;000000;77.5;77.96;76.73;76.93;16751882;1294809315.69
SBERP;D;20101220;000000;76.7;77.24;76.2;76.59;16690138;1280243666.15
SBERP;D;20101221;000000;77;78.6;76.57;78.35;35118337;2730061758.95
SBERP;D;20101222;000000;78.65;78.77;78;78.4;19528460;1530699373.54
SBERP;D;20101223;000000;78.15;78.76;78.12;78.44;16841515;1321740738.86
SBERP;D;20101224;000000;78.47;78.49;77.28;77.3;12479667;969417518.94
SBERP;D;20101227;000000;77.32;77.47;76.25;76.48;12633270;968000848.31
SBERP;D;20101228;000000;76.52;76.78;75.64;75.89;20002010;1521279101.98
SBERP;D;20101229;000000;76.26;76.26;75.05;75.71;15300844;1156367183.16
SBERP;D;20101230;000000;75.8;75.85;74.75;75.1;13453417;1012180092.13
SBERP;D;20110111;000000;75.47;76.19;75;75.89;16506000;1247816408.23
SBERP;D;20110112;000000;76.39;77.14;75.87;77.1;35324714;2708768298.18
SBERP;D;20110113;000000;77.2;77.48;75.8;75.94;44479513;3412709028.14
SBERP;D;20110114;000000;75.95;76.4;75.18;75.65;23121836;1749840577.3
SBERP;D;20110117;000000;75.65;76.75;75.43;76.57;23405741;1786233879
SBERP;D;20110118;000000;76.71;77.25;75.12;75.73;41882741;3200796625.25
SBERP;D;20110119;000000;76.1;76.31;74.55;74.6;36356874;2738919229.44
SBERP;D;20110120;000000;74.1;74.1;72.6;72.85;37418277;2740453343.56
SBERP;D;20110121;000000;73.06;73.32;71.76;72.43;62928335;4555668754.05
SBERP;D;20110124;000000;72.6;72.79;70.16;71.37;48907068;3477579977.48
SBERP;D;20110125;000000;71.84;72.47;71.12;72.02;42463839;3051234419.7
SBERP;D;20110126;000000;72.4;73.61;72.21;73.08;57921707;4227958759.98
SBERP;D;20110127;000000;73.44;73.6;72.06;72.35;55065345;4006697326.34
SBERP;D;20110128;000000;72.09;72.48;71.17;71.26;27256609;1956953644.31
SBERP;D;20110131;000000;70.9;72.08;69.86;71.35;42459469;3013594004.4
SBERP;D;20110201;000000;72;72.23;70.62;71.98;63594424;4538356523.6
SBERP;D;20110202;000000;72.37;72.99;70.45;70.89;54351263;3898463086.64
SBERP;D;20110203;000000;71;71.42;69.83;70.79;33111731;2339057704.04
SBERP;D;20110204;000000;71.01;71.5;70.47;71.41;26493292;1882881227.42
SBERP;D;20110207;000000;71.45;71.88;69.99;71.07;33794750;2390904406.45
SBERP;D;20110208;000000;71;71.21;69.36;69.59;28435057;1996885654.31
SBERP;D;20110209;000000;69.92;70.08;68.38;69.02;24115170;1667488568.05
SBERP;D;20110210;000000;69;69;67.67;67.99;24538167;1672244207.87
SBERP;D;20110211;000000;68.35;70.2;67.95;70.11;32430973;2240957985.39
SBERP;D;20110214;000000;70.7;71.57;70.01;70.41;30126869;2132882628.53
SBERP;D;20110215;000000;70.6;71;69.21;69.38;19480702;1366013367.57
SBERP;D;20110216;000000;69.42;70.26;68.9;70.2;24795072;1729689284.81
SBERP;D;20110217;000000;70.5;71.38;69.69;69.99;31947367;2255487336.92
SBERP;D;20110218;000000;70.28;70.52;68.63;69.45;21762414;1513630137.32
SBERP;D;20110221;000000;69.57;70.26;68.35;69.16;27826111;1929906652
SBERP;D;20110222;000000;68.5;68.7;66.99;67.5;30709499;2075747320.98
SBERP;D;20110224;000000;67;68.09;65.72;67.16;32096383;2142280363.69
SBERP;D;20110225;000000;68.02;69.34;67.7;69.24;28838615;1977111151.74
SBERP;D;20110228;000000;69.8;71.02;68.95;70.7;26598783;1861763166.71
SBERP;D;20110301;000000;71.04;71.32;69.75;69.85;28337700;1994919473
SBERP;D;20110302;000000;69.2;69.98;68.65;69.85;21556300;1494324872
SBERP;D;20110303;000000;70.1;70.89;69.94;70.51;19726400;1391566907
SBERP;D;20110304;000000;70.8;70.95;69.26;69.39;19235900;1346738218
SBERP;D;20110305;000000;69.29;70.3;69.11;70.1;12279000;858699943
SBERP;D;20110309;000000;70.06;71.24;69.75;70.41;28327000;2000801197
SBERP;D;20110310;000000;70.01;70.07;67.67;67.99;30825800;2127148664
SBERP;D;20110311;000000;67.5;68.48;66.91;67.8;22827400;1545840836
SBERP;D;20110314;000000;67.7;68.89;66.8;67.05;26949500;1832506114
SBERP;D;20110315;000000;65.6;66.46;64.6;65.8;44062300;2881308420
SBERP;D;20110316;000000;66.44;66.93;64.68;65;35100400;2313893665
SBERP;D;20110317;000000;65.01;68.23;64.77;68.08;37189400;2476418802
SBERP;D;20110318;000000;68.78;69.4;67.9;68.9;44285300;3044765555
SBERP;D;20110321;000000;69.4;70.22;68.82;69.74;40259400;2803979366
SBERP;D;20110322;000000;69.85;70.47;69.1;70.31;44832300;3133270901
SBERP;D;20110323;000000;70.01;71.2;69.84;70.98;40923300;2894009438
SBERP;D;20110324;000000;71.04;72.82;70.99;72.82;53402100;3845518153
SBERP;D;20110325;000000;73;73.78;72.68;73.5;44503500;3258509750
SBERP;D;20110328;000000;73.41;73.56;72.7;73.22;19348000;1415402684
SBERP;D;20110329;000000;73.07;73.92;72.3;72.72;28328300;2068635683
SBERP;D;20110330;000000;73.45;73.68;73.05;73.2;22947100;1682592014
SBERP;D;20110331;000000;73.3;73.49;72.79;73;18479900;1350900911
SBERP;D;20110401;000000;73;74.26;72.8;73.76;37299800;2749068231
SBERP;D;20110404;000000;74;74.54;73.7;74.27;32309300;2396748727
SBERP;D;20110405;000000;74.1;74.4;72.95;73.6;25167900;1848615183
SBERP;D;20110406;000000;73.77;74.39;73.35;74.31;23469400;1734799891
SBERP;D;20110407;000000;74;74.39;73.27;73.31;24292500;1795185129
SBERP;D;20110408;000000;73.72;74.82;73.6;74.77;27436300;2040500587
SBERP;D;20110411;000000;74.77;75.42;74.16;74.64;22953100;1717729683
SBERP;D;20110412;000000;73.89;73.89;71.77;72.05;32136700;2340683390
SBERP;D;20110413;000000;72.48;73.24;71.35;72.99;36540500;2642655297
SBERP;D;20110414;000000;72.9;73.78;71.52;73.09;34234400;2486147380
SBERP;D;20110415;000000;72.92;73.59;72.35;72.84;30436000;2221331110
SBERP;D;20110418;000000;72;72.11;66.94;67.9;57387200;3990128722
SBERP;D;20110419;000000;68.05;69;67.75;68.7;33727000;2308850063
SBERP;D;20110420;000000;69.29;69.96;68.98;69.63;24492000;1701788294
SBERP;D;20110421;000000;70.1;70.49;68.35;68.9;21549600;1495047768
SBERP;D;20110422;000000;69;69.56;68.54;69.38;21498000;1484355282
SBERP;D;20110425;000000;69.51;69.87;67.61;68.03;20424000;1405843786
SBERP;D;20110426;000000;67.81;68.7;67.1;68.39;26216200;1779019701
SBERP;D;20110427;000000;68.67;68.96;67.12;67.2;21410100;1452074778
SBERP;D;20110428;000000;68.02;68.64;66.35;67.33;24947100;1677401653
SBERP;D;20110429;000000;67.26;67.8;66.44;67.15;12824500;860464580
SBERP;D;20110503;000000;66.85;67.5;65.55;65.65;17781100;1178693568
SBERP;D;20110504;000000;65.5;67.09;65.1;65.26;35758600;2356377212
SBERP;D;20110505;000000;65.89;66.22;65.11;65.5;26727500;1753047764
SBERP;D;20110506;000000;65.65;67.88;65;67.86;30538000;2033391386
SBERP;D;20110510;000000;67.41;70.15;67.13;68.25;32512200;2228679996
SBERP;D;20110511;000000;68.94;68.94;66.76;66.89;21787000;1476450328
SBERP;D;20110512;000000;66.19;66.99;65.61;66.69;21877800;1450245027
SBERP;D;20110513;000000;67.44;67.78;66.12;66.95;17472700;1173292813
SBERP;D;20110516;000000;66.3;67.19;65.89;66.56;22443400;1494876867
SBERP;D;20110517;000000;66.56;66.9;65.3;65.65;13626700;899516600
SBERP;D;20110518;000000;66.16;66.9;65.53;66.19;16151700;1068182612
SBERP;D;20110519;000000;66.11;67.38;65.9;66.73;17898700;1194675658
SBERP;D;20110520;000000;66.83;67.17;65.02;65.09;15880400;1047780721
SBERP;D;20110523;000000;64.32;64.39;62.78;63.05;19888600;1261415131
SBERP;D;20110524;000000;63.22;64.61;63.12;64.49;14730800;942456641
SBERP;D;20110525;000000;63.8;65.45;63.25;65.44;13512400;871557879
SBERP;D;20110526;000000;65.8;65.84;64.11;64.47;18159900;1178493076
SBERP;D;20110527;000000;64.96;65.9;64.65;65.63;16532300;1080340298
SBERP;D;20110530;000000;65.5;65.9;65.03;65.23;9264600;606387914
SBERP;D;20110531;000000;65.7;66.35;65.52;66.04;16149800;1064420351
SBERP;D;20110601;000000;66.21;66.32;65.12;65.4;14544500;956129250
SBERP;D;20110602;000000;64.7;65.62;64.3;65.49;14284900;925917811
SBERP;D;20110603;000000;65.49;70.98;65.06;69.5;124823700;8620152424
SBERP;D;20110606;000000;69.7;71.49;69.62;71.01;73576800;5215997131
SBERP;D;20110607;000000;70.78;72.43;70.55;72.38;35317600;2524087589
SBERP;D;20110608;000000;72;73.65;71.71;73.47;42004700;3048811388
SBERP;D;20110609;000000;74;74.38;73.29;74.07;45819200;3385242006
SBERP;D;20110610;000000;73.8;74.02;72.41;72.69;20231200;1483504133
SBERP;D;20110614;000000;73.2;73.5;72.55;72.97;9543900;696635589
SBERP;D;20110615;000000;72.99;73.15;71.75;71.87;19155000;1386920041
SBERP;D;20110616;000000;71.17;71.91;70.67;71.77;13894700;990431546
SBERP;D;20110617;000000;71.5;74.35;70.56;73.35;38485600;2812138382
SBERP;D;20110620;000000;72.98;73.49;71.55;71.61;14036800;1019733603
SBERP;D;20110621;000000;72.09;72.46;71.6;71.9;12341100;888769481
SBERP;D;20110622;000000;72;72.09;70.95;71.32;12014300;856508802
SBERP;D;20110623;000000;70.73;72.29;70.54;71.18;14798200;1056283498
SBERP;D;20110624;000000;71.9;73.66;71.72;73.23;24632100;1794604693
SBERP;D;20110627;000000;72.8;74.22;72.65;74.03;17268200;1268327625
SBERP;D;20110628;000000;74.01;75.35;73.7;75.27;20660000;1540075610
SBERP;D;20110629;000000;75.22;75.74;74.28;75.31;19028700;1429969362
SBERP;D;20110630;000000;75.36;75.65;74.76;75.1;16128600;1214934195
SBERP;D;20110701;000000;75.31;79.3;74.81;78.96;52700200;4087798444
SBERP;D;20110704;000000;79;80.28;78.55;80.02;34073200;2709043101
SBERP;D;20110705;000000;80;81.35;79.46;80.19;28809300;2312319380
SBERP;D;20110706;000000;80.36;81;79.12;80.3;16222100;1299906232
SBERP;D;20110707;000000;80.6;82.45;80.6;82.4;35452500;2899291334
SBERP;D;20110708;000000;82;82.78;80.35;80.85;29744700;2429924393
SBERP;D;20110711;000000;80.55;80.77;78.55;79.5;19509000;1554874089
SBERP;D;20110712;000000;78;80.85;77.9;80.8;22667700;1795718580
SBERP;D;20110713;000000;81;81.8;80.08;81.69;27712300;2244771381
SBERP;D;20110714;000000;81.2;82.48;81.02;81.54;19166000;1567841710
SBERP;D;20110715;000000;81.06;82.27;80.7;81.85;19641200;1604307139
SBERP;D;20110718;000000;81.84;81.92;79.56;79.95;17759700;1429093674
SBERP;D;20110719;000000;80;80.88;79.95;80.5;13980800;1123159393
SBERP;D;20110720;000000;81;81.3;80.22;80.25;10523500;849874731
SBERP;D;20110721;000000;80.4;82.15;79.23;82.01;16557100;1334371970
SBERP;D;20110722;000000;82.15;82.75;81.45;81.58;14652300;1201134708
SBERP;D;20110725;000000;81;81.94;79.58;81.85;12530400;1017620381
SBERP;D;20110726;000000;81.84;82.18;81.2;81.84;11284100;923177905
SBERP;D;20110727;000000;81.71;83.45;81.6;82.48;22457400;1858069463
SBERP;D;20110728;000000;82.1;83.6;81.7;83.53;20481300;1699942589
SBERP;D;20110729;000000;82.83;83.3;82.27;82.63;15720500;1300134687
SBERP;D;20110801;000000;84;84.9;82.95;83.34;19728100;1656360869
SBERP;D;20110802;000000;82.99;83.3;81.4;81.8;21888700;1799640223
SBERP;D;20110803;000000;80.77;81.28;78.8;79.1;33200500;2663335144
SBERP;D;20110804;000000;79.5;80.55;78.1;78.49;33613600;2666700403
SBERP;D;20110805;000000;76.99;79.27;74.53;76.1;46454700;3566768289
SBERP;D;20110808;000000;74.39;75.41;71.5;71.94;36591900;2698247996
SBERP;D;20110809;000000;70;74.53;65;73.17;58807000;4152569944
SBERP;D;20110810;000000;75;75.36;68.8;69.65;37710500;2756872506
SBERP;D;20110811;000000;70.8;71.98;66.3;70.22;33537200;2339471577
SBERP;D;20110812;000000;71;72.34;68.63;71.04;28176900;1993760388
SBERP;D;20110815;000000;71.89;73.89;70.75;73.5;17745300;1284350783
SBERP;D;20110816;000000;72.75;72.95;70.05;71.5;19131600;1366000606
SBERP;D;20110817;000000;71.82;72.97;70.4;72.48;15710900;1127626471
SBERP;D;20110818;000000;71.07;71.8;68.15;68.31;24433300;1708026874
SBERP;D;20110819;000000;67.5;67.65;64.17;66.02;35824400;2351189438
SBERP;D;20110822;000000;66;68.37;64.18;67;22524800;1498820637
SBERP;D;20110823;000000;68;68.58;65.02;66.24;20028000;1337419783
SBERP;D;20110824;000000;66.44;66.76;65.01;65.5;27835700;1832361142
SBERP;D;20110825;000000;65.95;67.8;65.4;65.69;30371400;2016393181
SBERP;D;20110826;000000;66.1;66.5;64.38;65.15;19316000;1260220225
SBERP;D;20110829;000000;66.3;68.44;66.1;68.41;18770000;1262709179
SBERP;D;20110830;000000;68.7;69.43;67.93;68.6;28922500;1990602301
SBERP;D;20110831;000000;68.97;71.56;68.83;71;24959300;1758644066
SBERP;D;20110901;000000;70.65;71.44;69.3;70.9;19454100;1369527026
SBERP;D;20110902;000000;70.1;70.34;69.04;69.22;14130000;983648686
SBERP;D;20110905;000000;68.5;68.5;67.15;67.16;17089300;1160883427
SBERP;D;20110906;000000;66.93;68.29;66.76;67.88;16078400;1087164715
SBERP;D;20110907;000000;68.55;70.95;68.54;70.7;19873300;1387173097
SBERP;D;20110908;000000;70.92;71.93;70.05;71.6;23315700;1657349704
SBERP;D;20110909;000000;71.11;71.3;69.1;69.49;22869400;1609055458
SBERP;D;20110912;000000;68.39;68.39;65.89;66.58;30284100;2023854834
SBERP;D;20110913;000000;66.99;67.5;65.62;66.06;34806100;2310772583
SBERP;D;20110914;000000;65.4;66.7;65.08;65.31;21471300;1415596709
SBERP;D;20110915;000000;65.98;67;65.54;65.61;37411500;2478351639
SBERP;D;20110916;000000;66.4;66.76;64.77;65.58;18780500;1233221893
SBERP;D;20110919;000000;64.9;65.9;64.32;65.17;15307200;995778192
SBERP;D;20110920;000000;65.11;66.44;65.05;66.3;19436200;1280963492
SBERP;D;20110921;000000;66.39;66.66;65.51;65.66;14309800;944912596
SBERP;D;20110922;000000;64;64.05;59.11;59.41;37388400;2301960716
SBERP;D;20110923;000000;58.8;58.98;53.02;56.81;45845500;2578747930
SBERP;D;20110926;000000;56;58.25;52.95;56.4;35312200;1988016875
SBERP;D;20110927;000000;57.7;58.5;56.88;57.43;29263800;1683528438
SBERP;D;20110928;000000;56.95;57.18;55.8;56.08;19503800;1101045359
SBERP;D;20110929;000000;55.58;58.5;55.11;57.81;26497100;1515412680
SBERP;D;20110930;000000;57.61;57.96;53.88;54.47;27259500;1509200788
SBERP;D;20111003;000000;53;53.83;51.21;53.33;24897300;1313999060
SBERP;D;20111004;000000;52.72;53.69;48.29;49.09;39776900;2010037614
SBERP;D;20111005;000000;50.45;50.59;46.25;47.7;50669100;2428916364
SBERP;D;20111006;000000;48.44;50.05;48.1;49.52;39619700;1953155939
SBERP;D;20111007;000000;50;51.8;49.99;51.12;36264800;1839526265
SBERP;D;20111010;000000;51.54;52.7;50.38;52.61;27571800;1423010505
SBERP;D;20111011;000000;52.99;53.65;51.88;53.25;41104400;2170741857
SBERP;D;20111012;000000;53;56.4;52.81;55.4;53939800;2971823528
SBERP;D;20111013;000000;55.4;56.62;54.55;55.34;44372700;2464787620
SBERP;D;20111014;000000;55.5;59.08;54.8;58.7;52220600;2989978700
SBERP;D;20111017;000000;59.4;62.09;57.75;58.44;78324000;4682874507
SBERP;D;20111018;000000;57.5;60.67;57.47;58.79;61282300;3596272319
SBERP;D;20111019;000000;59.5;60.59;58.87;60.06;44512000;2653111738
SBERP;D;20111020;000000;59;61.1;58.3;61;40478000;2418693004
SBERP;D;20111021;000000;61.11;62.35;60.72;61.98;40574900;2495718515
SBERP;D;20111024;000000;62.85;63.45;62.32;63.2;32496700;2044140676
SBERP;D;20111025;000000;63.29;63.29;60.88;61.34;25995000;1613478971
SBERP;D;20111026;000000;61.2;63.65;61.2;62.61;27211500;1704611411
SBERP;D;20111027;000000;63.99;65.13;63.71;63.93;40639800;2618367334
SBERP;D;20111028;000000;64.5;64.89;63.35;64.15;35902400;2304373531
SBERP;D;20111031;000000;63.99;64.99;62.64;63.88;32336600;2057666991
SBERP;D;20111101;000000;63.01;63.4;59.54;59.87;26328800;1618142624
SBERP;D;20111102;000000;60.67;61.6;60.01;61.46;32237100;1967689518
SBERP;D;20111103;000000;60.81;63.49;59.7;63.37;39648100;2441166924
SBERP;D;20111107;000000;63.35;64.71;63;64.27;23385000;1491536744
SBERP;D;20111108;000000;64.28;65.97;64.15;65.55;34935400;2282319136
SBERP;D;20111109;000000;65.94;66.65;62.44;62.44;36342100;2345980851
SBERP;D;20111110;000000;62;64.41;61.1;63.46;33691400;2119941117
SBERP;D;20111111;000000;64.48;64.5;62.59;63.95;20074600;1274577426
SBERP;D;20111114;000000;64.83;65.4;63.36;63.67;20816700;1342299668
SBERP;D;20111115;000000;62.87;64.36;62.4;63.47;23922900;1511364101
SBERP;D;20111116;000000;63.02;64.11;62.55;63.02;19253200;1219018757
SBERP;D;20111117;000000;63;63.63;61.02;62.51;26975500;1683398373
SBERP;D;20111118;000000;61.29;62.5;60.8;62.46;18011700;1113093532
SBERP;D;20111121;000000;61.67;62.28;59.1;59.1;23467300;1416938210
SBERP;D;20111122;000000;59.44;60.64;58.4;58.74;20407900;1218663427
SBERP;D;20111123;000000;58.5;59.9;57.13;59.3;26490000;1556921357
SBERP;D;20111124;000000;58.9;59.79;57.03;57.03;8871200;524536948
SBERP;D;20111125;000000;58.32;60.25;57.5;60.25;19052600;1115562708
SBERP;D;20111128;000000;61;64.56;61;64.5;27486000;1729174229
SBERP;D;20111129;000000;65;65.35;63.72;64.05;39160700;2527472278
SBERP;D;20111130;000000;63.98;67.8;63.19;67.79;55726800;3650377889
SBERP;D;20111201;000000;68.3;68.88;67.03;67.33;47601600;3236236455
SBERP;D;20111202;000000;67.43;69.1;67.43;68.75;40774900;2792872639
SBERP;D;20111205;000000;68.99;69.29;68.29;69;13880100;957069475
SBERP;D;20111206;000000;68.35;68.5;65.56;65.56;30213200;2024576955
SBERP;D;20111207;000000;66.06;67.28;63.1;64.3;31254600;2037242361
SBERP;D;20111208;000000;64.53;66.26;64.4;65.1;27958000;1823869124
SBERP;D;20111209;000000;63.5;63.98;60.93;61.45;37762800;2355207214
SBERP;D;20111212;000000;61.53;63.18;59.11;59.95;24435000;1504598751
SBERP;D;20111213;000000;59.8;61.18;57.81;61;39060900;2340660137
SBERP;D;20111214;000000;60;61.37;59.45;60.15;30149700;1828076622
SBERP;D;20111215;000000;59.1;61;59;60.93;29120100;1746824520
SBERP;D;20111216;000000;61;61.84;59.72;60;17051900;1037259854
SBERP;D;20111219;000000;59.16;60.28;58.65;59.89;18800700;1120920262
SBERP;D;20111220;000000;60.1;61;58.8;61;19323200;1158037653
SBERP;D;20111221;000000;61.53;61.78;58.85;58.9;26511800;1609883382
SBERP;D;20111222;000000;59.08;59.69;58.6;58.83;16691700;986555770
SBERP;D;20111223;000000;59.57;60.03;58.67;59.1;15059700;892952229
SBERP;D;20111226;000000;59.46;61.15;59.25;60.36;11901200;717567378
SBERP;D;20111227;000000;60.32;60.63;59.11;59.39;10473400;625824824
SBERP;D;20111228;000000;59.1;59.65;58.4;58.64;9773300;577330039
SBERP;D;20111229;000000;58.21;58.85;57.11;58.38;15319600;884267093
SBERP;D;20111230;000000;58.8;59.34;58.25;59.24;7900900;465015762
SBERP;D;20120103;000000;59.65;61.39;59.65;61.3;8245800;500742543
SBERP;D;20120104;000000;61.33;62.45;60.85;61.3;13388600;822479843
SBERP;D;20120105;000000;61.3;61.84;60.4;60.63;8064800;492328288
SBERP;D;20120106;000000;60.63;61.58;60.2;60.92;7296300;444626317
SBERP;D;20120109;000000;60.5;61.98;60.5;61.98;10892500;669720187
SBERP;D;20120110;000000;62.22;64.33;62.22;64.15;33019900;2093447072
SBERP;D;20120111;000000;64;64.26;62.64;62.84;17425200;1104349429
SBERP;D;20120112;000000;63.35;63.85;62.5;62.62;14995800;947472167
SBERP;D;20120113;000000;62.98;63.19;62.26;62.51;18918400;1185727881
SBERP;D;20120116;000000;62;63;61.57;62.52;11913200;742477251
SBERP;D;20120117;000000;63.12;63.9;62.95;63.25;14462600;917562767
SBERP;D;20120118;000000;63.24;63.75;62.8;63.24;14846200;938325573
SBERP;D;20120119;000000;63.8;64.21;63.6;64.09;14905000;953373271
SBERP;D;20120120;000000;64.15;64.39;63.4;63.73;10166400;649751318
SBERP;D;20120123;000000;63.91;64;62.88;63.9;16315400;1037441448
SBERP;D;20120124;000000;63.7;64.69;63.4;64.38;20317100;1302212094
SBERP;D;20120125;000000;64.71;65.59;64.5;64.86;32956700;2145543978
SBERP;D;20120126;000000;65.41;66.84;65.41;66.71;29763700;1967207480
SBERP;D;20120127;000000;66.37;66.99;65.8;66.06;19684000;1306362662
SBERP;D;20120130;000000;65.43;66.2;64.82;65;18423400;1208995748
SBERP;D;20120131;000000;65.23;66.44;65.23;66;17220500;1136227430
SBERP;D;20120201;000000;65.79;67.52;65.12;67.4;22213300;1474504739
SBERP;D;20120202;000000;67.8;68.13;67.18;67.62;28533400;1933481541
SBERP;D;20120203;000000;67.85;69.08;67.3;69;16639000;1135498970
SBERP;D;20120206;000000;69.3;69.3;68.49;69.1;18598000;1282277794
SBERP;D;20120207;000000;69.1;69.66;67.97;68.37;20477400;1406931924
SBERP;D;20120208;000000;68.81;71.51;68.81;71.4;32600900;2290407808
SBERP;D;20120209;000000;71.43;72.68;70.61;72.35;44459200;3200087933
SBERP;D;20120210;000000;71.78;72.19;70.64;71.05;18746200;1334292463
SBERP;D;20120213;000000;71.9;73.43;71.66;73.39;17013800;1235086155
SBERP;D;20120214;000000;73;74.33;72.62;73.45;19852400;1463652159
SBERP;D;20120215;000000;74.28;74.7;73.75;74.3;14000800;1039174604
SBERP;D;20120216;000000;73.23;73.49;72.5;73.12;15463300;1129647120
SBERP;D;20120217;000000;74.21;74.38;73.26;74.37;16429100;1213749232
SBERP;D;20120220;000000;74.95;75.47;74.44;74.87;12368000;926987307
SBERP;D;20120221;000000;75;75.07;73.37;73.86;18074500;1337724462
SBERP;D;20120222;000000;73.88;74.43;72.75;73.57;16339500;1202611337
SBERP;D;20120224;000000;74.12;75.98;73.62;75.84;21898500;1642815371
SBERP;D;20120227;000000;75.6;76.7;75.1;75.9;14761100;1120290353
SBERP;D;20120228;000000;76.21;76.53;74.5;74.67;14424100;1085455933
SBERP;D;20120229;000000;75.16;76.35;75.05;75.95;14917300;1128530998
SBERP;D;20120301;000000;75.5;75.61;74.77;75.58;11394600;857090347
SBERP;D;20120302;000000;76;77.48;75.65;77.09;26205400;2001588659
SBERP;D;20120305;000000;77.09;78.59;77.09;77.59;17672500;1375938757
SBERP;D;20120306;000000;77.2;77.2;73.8;73.81;25126000;1906115077
SBERP;D;20120307;000000;74;74.78;73.23;74.53;20694700;1532333679
SBERP;D;20120311;000000;76;76.25;75.8;76.13;8463200;643286299
SBERP;D;20120312;000000;75.8;77.38;75.3;77.08;23859500;1830772670
SBERP;D;20120313;000000;77.4;79.45;77.33;79.22;21184400;1659407097
SBERP;D;20120314;000000;80;83.83;79.9;83.24;66442800;5469226539
SBERP;D;20120315;000000;83.36;83.38;80.11;80.99;51738600;4213059134
SBERP;D;20120316;000000;81.35;82.9;80.34;82.62;36050800;2947272117
SBERP;D;20120319;000000;82.06;83.12;80.69;80.92;31262900;2549975478
SBERP;D;20120320;000000;81.15;81.45;78.96;78.96;25970300;2072365624
SBERP;D;20120321;000000;79.05;80.57;77.81;78.71;24485300;1938821252
SBERP;D;20120322;000000;78.49;79.29;76.22;76.41;28973900;2242164324
SBERP;D;20120323;000000;76.77;77.2;75.81;76.41;24369100;1862444103
SBERP;D;20120326;000000;77.33;80.12;77.01;79.76;32414600;2541947433
SBERP;D;20120327;000000;80.28;81.08;78.81;79.26;34213700;2739470871
SBERP;D;20120328;000000;78.77;79.88;77.9;77.92;26286600;2076154057
SBERP;D;20120329;000000;77.6;78.58;76.3;76.36;27142700;2101493774
SBERP;D;20120330;000000;77.89;78.95;77.41;77.8;27717900;2170967838
SBERP;D;20120402;000000;78.56;78.99;77.42;77.86;23381100;1831951595
SBERP;D;20120403;000000;78.7;79.46;78.33;78.96;26139400;2064149417
SBERP;D;20120404;000000;78.42;78.6;77.25;77.36;18466200;1436549952
SBERP;D;20120405;000000;77.83;78.8;76.5;78.2;23995800;1862582842
SBERP;D;20120406;000000;78.5;78.81;77.24;77.32;13676900;1066115065
SBERP;D;20120409;000000;77.5;77.75;76.5;77.24;17898600;1379279155
SBERP;D;20120410;000000;77.38;78.71;77.22;77.81;26765800;2089671184
SBERP;D;20120411;000000;77.48;79.17;77.16;78.57;24404900;1912435720
SBERP;D;20120412;000000;78.64;79.39;77.36;78;32037700;2509384207
SBERP;D;20120413;000000;76.94;76.94;74.79;75.49;29148900;2202029780
SBERP;D;20120416;000000;74.66;75;73.43;73.46;18327300;1357308392
SBERP;D;20120417;000000;73.54;73.67;72.12;72.13;20836700;1518023688
SBERP;D;20120418;000000;74.26;74.26;71.03;71.31;12696300;917230558
SBERP;D;20120419;000000;71.42;72.85;71.04;72.79;14539900;1049680204
SBERP;D;20120420;000000;72.05;74.29;72.05;74.26;10233700;749906005
SBERP;D;20120423;000000;74;74;72.01;72.22;12558700;915056324
SBERP;D;20120424;000000;72.35;72.9;70.48;71.48;19291200;1385515842
SBERP;D;20120425;000000;71.33;72.19;70.55;70.99;13436400;960367392
SBERP;D;20120426;000000;71.2;71.36;68.92;69.14;23385000;1631070837
SBERP;D;20120427;000000;69.01;69.45;68.13;68.49;25649700;1763506572
SBERP;D;20120428;000000;68.88;69.05;68.26;68.64;4583600;314882020
SBERP;D;20120502;000000;69.55;70.32;68.18;68.19;19562100;1359891146
SBERP;D;20120503;000000;68.87;70.8;67.18;69.99;29703200;2069427365
SBERP;D;20120504;000000;69.44;69.8;66.73;67.59;23702200;1618995145
SBERP;D;20120505;000000;67.48;67.66;66.71;67.44;6190400;415746120
SBERP;D;20120507;000000;67;67.73;64.7;67.5;13001200;858634666
SBERP;D;20120508;000000;67.81;68.45;66.67;67.86;10428000;706464611
SBERP;D;20120510;000000;67.75;69.32;67.7;68.97;16860900;1158986518
SBERP;D;20120511;000000;67.92;68.56;66.85;68.5;13608100;923004269
SBERP;D;20120512;000000;68.01;68.62;67.58;68.48;2282200;155427930
SBERP;D;20120514;000000;68.45;68.49;65.05;65.3;17125700;1139412399
SBERP;D;20120515;000000;65.68;67.33;64.84;66.54;17406600;1147777293
SBERP;D;20120516;000000;65.6;65.85;64.53;65.17;17327700;1129443570
SBERP;D;20120517;000000;65.29;65.58;59.35;60.09;38470200;2387972251
SBERP;D;20120518;000000;58.06;61;56.05;59.07;35844600;2101279260
SBERP;D;20120521;000000;59.61;61.69;59.11;61.68;18517800;1122195141
SBERP;D;20120522;000000;62.3;62.46;60.77;61.65;16997700;1046369827
SBERP;D;20120523;000000;60.14;60.94;57.59;57.93;24235000;1430662684
SBERP;D;20120524;000000;58.67;59.45;57.06;59.2;27166200;1585625899
SBERP;D;20120525;000000;59;60;58.65;59.15;13240900;786347810
SBERP;D;20120528;000000;60;60.32;59.13;59.38;10553900;631456541
SBERP;D;20120529;000000;60;62.24;59.7;61.93;20609300;1256355883
SBERP;D;20120530;000000;61.51;61.57;60;60.51;16291700;990509565
SBERP;D;20120531;000000;60.41;61.7;60.04;60.9;25609300;1561146330
SBERP;D;20120601;000000;60.85;61.33;55.18;56.32;51347200;2980797688
SBERP;D;20120604;000000;55.21;55.65;53.46;55.28;38285300;2097771465
SBERP;D;20120605;000000;55.85;56.84;55.03;55.53;20139000;1125705744
SBERP;D;20120606;000000;56.1;56.42;55.14;56.35;22769900;1272395955
SBERP;D;20120607;000000;56.84;58.1;55.79;57.7;28406900;1625417654
SBERP;D;20120608;000000;56.65;57;56;56.69;13416000;758591947
SBERP;D;20120609;000000;57.01;57.25;56.6;56.8;3121100;177561062
SBERP;D;20120613;000000;57;57.67;56.02;56.7;19131300;1088599179
SBERP;D;20120614;000000;56.48;58.08;56.25;57.82;19878300;1140754794
SBERP;D;20120615;000000;58;59.5;58;59.5;19911300;1169426121
SBERP;D;20120618;000000;60.76;61.5;60.31;61.49;20823100;1272734395
SBERP;D;20120619;000000;61;62.48;60.93;62.37;17500900;1079073864
SBERP;D;20120620;000000;62.3;62.69;60.15;60.42;24463300;1496091141
SBERP;D;20120621;000000;59.51;61.29;59.03;60.3;21838500;1313820354
SBERP;D;20120622;000000;59.3;60.24;58.5;59.95;21973900;1308222790
SBERP;D;20120625;000000;59.61;60.3;58.01;58.48;18752600;1103558518
SBERP;D;20120626;000000;60.8;60.8;58.22;58.86;26164500;1539678146
SBERP;D;20120627;000000;59.3;60.2;58.75;60.08;17942500;1068194335
SBERP;D;20120628;000000;60.12;60.56;59;59.26;25231300;1502613498
SBERP;D;20120629;000000;60.39;62.64;60.22;62.52;28249800;1735437679
SBERP;D;20120702;000000;62.31;64.59;62.1;63.62;25289800;1609548504
SBERP;D;20120703;000000;64.23;65.5;63.76;65.15;24484800;1586727655
SBERP;D;20120704;000000;65;65.9;63.82;65.86;17489900;1132367729
SBERP;D;20120705;000000;65.22;66.77;65.07;65.2;30786700;2026609096
SBERP;D;20120706;000000;65;65.5;63.25;63.61;18597800;1193439981
SBERP;D;20120709;000000;63.6;64.4;63.36;64.21;10941200;699585246
SBERP;D;20120710;000000;64;66.37;63.68;66;25781800;1686253198
SBERP;D;20120711;000000;65.56;65.99;65.05;65.71;18206000;1192450486
SBERP;D;20120712;000000;63.45;65.64;63.45;65.3;17258400;1118336449
SBERP;D;20120713;000000;66;67.2;65.7;66.94;17044600;1132924507
SBERP;D;20120716;000000;66.95;67.5;66.33;66.97;13319100;891345243
SBERP;D;20120717;000000;67.3;67.59;66.67;67.16;14854100;997668132
SBERP;D;20120718;000000;67.17;67.48;66.1;66.63;14793700;987849980
SBERP;D;20120719;000000;67.2;68.01;66.62;66.63;18695900;1258849366
SBERP;D;20120720;000000;66.54;66.54;65.2;65.25;14997200;985785423
SBERP;D;20120723;000000;64.37;64.48;61.75;61.75;26202400;1647461480
SBERP;D;20120724;000000;62.16;62.5;60.9;61.66;22984500;1420462086
SBERP;D;20120725;000000;61;62.91;60.5;61.91;26303000;1631622512
SBERP;D;20120726;000000;62.45;63.5;61.31;62.82;29112300;1821869804
SBERP;D;20120727;000000;63.31;63.95;62.8;63.86;17152900;1087647517
SBERP;D;20120730;000000;64.17;65.13;64.11;64.43;13326700;861774799
SBERP;D;20120731;000000;64.68;64.8;63.15;63.3;15933700;1015749673
SBERP;D;20120801;000000;63.02;64.55;62.32;63.9;24860500;1579395613
SBERP;D;20120802;000000;66.94;66.94;62.69;63.42;31287200;1993787206
SBERP;D;20120803;000000;63.24;65.5;63.07;65.34;17264300;1110826716
SBERP;D;20120806;000000;65.75;66.94;65.55;66.77;17960000;1191254255
SBERP;D;20120807;000000;66.4;67.87;66.08;67.69;16059900;1079918761
SBERP;D;20120808;000000;67.42;68.4;67.15;68.08;17739000;1202870317
SBERP;D;20120809;000000;68.45;69.88;67.59;68.59;27953800;1912777679
SBERP;D;20120810;000000;68.04;68.12;66.71;67.36;14706700;989844168
SBERP;D;20120813;000000;67.07;68.53;67.07;67.16;14387500;976563572
SBERP;D;20120814;000000;67.19;68.15;67.15;67.9;9957400;674881807
SBERP;D;20120815;000000;67.86;67.86;66.2;67.35;18965300;1268264941
SBERP;D;20120816;000000;67.74;68.21;67.05;67.44;12346100;835478933
SBERP;D;20120817;000000;68;68.18;67.11;67.33;14277800;965364130
SBERP;D;20120820;000000;67.6;67.66;65.83;66.85;17716700;1181329403
SBERP;D;20120821;000000;67.15;69.01;67.1;68.81;23864200;1627514794
SBERP;D;20120822;000000;68.02;68.93;67.9;68.55;15928400;1091481958
SBERP;D;20120823;000000;69;70.32;69;69.52;26555900;1851291661
SBERP;D;20120824;000000;69;70;68.67;69.62;16833700;1168748299
SBERP;D;20120827;000000;69.9;70.16;69.34;69.59;8158600;568841311
SBERP;D;20120828;000000;69.49;70.93;69.21;70.72;19646500;1379872882
SBERP;D;20120829;000000;70.72;71.59;69.55;69.75;22834500;1607257936
SBERP;D;20120830;000000;69.49;69.71;68;68;13716100;943893431
SBERP;D;20120831;000000;68;68.74;67.51;68.47;20065700;1368119568
SBERP;D;20120903;000000;68.5;70;68.23;69.69;9342100;647082545
SBERP;D;20120904;000000;69.9;70.17;68.64;68.97;14457900;1002612982
SBERP;D;20120905;000000;68.86;68.94;68.2;68.48;8129900;557049898
SBERP;D;20120906;000000;68.84;70.15;68.76;70.09;14365800;1000185165
SBERP;D;20120907;000000;70.21;71.23;69.61;69.98;23454700;1655556203
SBERP;D;20120910;000000;69.77;70.6;69.55;70.28;12148900;852062205
SBERP;D;20120911;000000;69.98;70.66;69.34;70.57;11125100;779588976
SBERP;D;20120912;000000;70.77;71.1;70.12;70.63;13252100;936729292
SBERP;D;20120913;000000;70.2;70.75;70;70.17;8908300;625749064
SBERP;D;20120914;000000;72;77.7;71.5;76.25;59112100;4434296860
SBERP;D;20120917;000000;75.64;76.2;72.84;73.15;46019400;3401191412
SBERP;D;20120918;000000;73.13;73.73;72.25;72.78;21551100;1573461819
SBERP;D;20120919;000000;73.5;73.5;69.85;70.3;33662800;2393499165
SBERP;D;20120920;000000;69.67;70.89;68.63;70.22;25327000;1766353531
SBERP;D;20120921;000000;70.88;71.13;69.92;70.51;15214600;1073247300
SBERP;D;20120924;000000;70;70.22;69.6;69.93;6325000;441752411
SBERP;D;20120925;000000;70.27;70.42;68.82;69.26;13324300;926411647
SBERP;D;20120926;000000;68.51;68.53;65.81;66.19;22803200;1532741889
SBERP;D;20120927;000000;66.6;67.36;65.52;66.86;22507500;1498033021
SBERP;D;20120928;000000;67.37;67.73;65.95;66.25;17501700;1171178512
SBERP;D;20121001;000000;66;68.32;65.71;68.29;20242400;1354553504
SBERP;D;20121002;000000;68.2;68.63;67.72;68.15;10072000;687207770
SBERP;D;20121003;000000;67.95;68.15;67;67.44;17458100;1181341038
SBERP;D;20121004;000000;67.89;67.89;66.3;66.8;14450800;965980274
SBERP;D;20121005;000000;67.21;68.29;67.03;67.8;16845300;1141223753
SBERP;D;20121008;000000;67.42;67.79;66.91;67.73;12508700;843169919
SBERP;D;20121009;000000;67.83;68.2;67.3;67.53;10185800;689894879
SBERP;D;20121010;000000;66.99;67.47;66.82;67.24;5773000;387623173
SBERP;D;20121011;000000;66.67;67.54;66.63;67.25;9182000;616558986
SBERP;D;20121012;000000;67.23;67.29;66.16;66.47;13871300;927382698
SBERP;D;20121015;000000;66.2;67.23;66.2;66.56;8110100;541351376
SBERP;D;20121016;000000;67.2;67.5;66.72;67.42;12844900;862720794
SBERP;D;20121017;000000;67.57;68.94;67.57;68.75;25830600;1767564635
SBERP;D;20121018;000000;68.59;69.95;68.59;69.51;17470800;1213931109
SBERP;D;20121019;000000;69.36;69.64;68.87;69.25;11515100;797459159
SBERP;D;20121022;000000;69;70.05;68.81;69.6;8087500;561857134
SBERP;D;20121023;000000;69.5;69.62;67.78;67.96;18463900;1265574878
SBERP;D;20121024;000000;68.5;68.63;67.17;67.4;16961400;1148633225
SBERP;D;20121025;000000;67.97;68.16;67.18;67.37;10891800;736355911
SBERP;D;20121026;000000;66.8;66.9;65.8;66.5;13639000;904849566
SBERP;D;20121029;000000;66.53;66.89;66;66.33;4553500;301622669
SBERP;D;20121030;000000;66.01;66.83;65.7;66.13;8254200;546695416
SBERP;D;20121031;000000;65.58;66.88;65.58;66.09;7922000;526634573
SBERP;D;20121101;000000;65.86;66.35;64.56;65.92;12923400;845261768
SBERP;D;20121102;000000;66.17;66.75;65.75;66.31;11221500;744556068
SBERP;D;20121106;000000;66.2;66.53;65.9;66.06;7450100;492844872
SBERP;D;20121107;000000;66.52;66.81;64.82;64.99;14996000;986348427
SBERP;D;20121108;000000;64.3;64.74;62.55;63.15;19496300;1242368044
SBERP;D;20121109;000000;63.2;63.25;61.63;62.26;14240200;885804300
SBERP;D;20121112;000000;62.33;62.83;61.05;62.54;15620400;971470686
SBERP;D;20121113;000000;62.13;62.45;60.89;61.24;19170900;1181449992
SBERP;D;20121114;000000;61.51;62.55;61.01;61.99;14707300;908067049
SBERP;D;20121115;000000;61.49;63.09;61.37;62.61;14512800;899107812
SBERP;D;20121116;000000;62.38;62.99;61.61;62.05;12170400;757269605
SBERP;D;20121119;000000;62.59;63.62;62.09;63.35;17262500;1083962241
SBERP;D;20121120;000000;63.64;63.67;62.91;63.35;7733400;489584290
SBERP;D;20121121;000000;62.81;64.46;62.71;64.32;9305200;593437824
SBERP;D;20121122;000000;64.5;64.63;63.8;63.9;8127800;521458277
SBERP;D;20121123;000000;64.18;65.25;63.92;64.9;14259500;920717134
SBERP;D;20121126;000000;65;65.37;64.59;64.95;10401300;676376105
SBERP;D;20121127;000000;65.3;65.79;64.82;65.09;14458900;943934536
SBERP;D;20121128;000000;64.51;65.2;63.81;64.89;14484300;933314786
SBERP;D;20121129;000000;65.5;66.05;65.25;65.93;20693900;1360374040
SBERP;D;20121130;000000;65.42;67.44;65.42;66;25159600;1672691302
SBERP;D;20121203;000000;66.53;67.27;66.22;67.09;10139200;677722500
SBERP;D;20121204;000000;66.77;66.96;66.26;66.49;6487100;431986469
SBERP;D;20121205;000000;66.91;68;66.77;67.76;11485100;776360339
SBERP;D;20121206;000000;67.77;68.22;67.04;67.28;14474100;980186504
SBERP;D;20121207;000000;67.46;67.49;66.47;67.09;7122800;476008414
SBERP;D;20121210;000000;67.3;67.53;66.93;67.26;8349200;561370400
SBERP;D;20121211;000000;67.26;68.2;67.02;68.18;7815600;529218930
SBERP;D;20121212;000000;68.3;69;68.25;68.68;10173600;698600186
SBERP;D;20121213;000000;68.9;68.9;67.55;67.86;10682300;726211663
SBERP;D;20121214;000000;67.68;68.09;67.33;67.58;8588400;581261740
SBERP;D;20121217;000000;67.64;67.93;66.77;67.05;9213500;619149286
SBERP;D;20121218;000000;67.61;68.48;67.39;68.19;14450200;982069302
SBERP;D;20121219;000000;68.68;69;68.29;68.47;10760700;738640179
SBERP;D;20121220;000000;68.22;68.62;67.91;68.27;8911000;608079221
SBERP;D;20121221;000000;67.75;67.89;67.19;67.27;7567800;510895259
SBERP;D;20121224;000000;66.78;67.43;66.37;66.86;5807200;387936364
SBERP;D;20121225;000000;67;67.77;66.8;67.45;8229200;554400679
SBERP;D;20121226;000000;67.45;67.8;67.22;67.61;9183300;619938247
SBERP;D;20121227;000000;65.87;69.11;65.87;68.39;15406700;1056296396
SBERP;D;20121228;000000;68.39;68.39;67.04;67.3;12293400;830608666
SBERP;D;20130108;000000;69;70.78;68.72;70.38;17996800;1260074483
SBERP;D;20130109;000000;70.33;71.3;70.12;70.69;15829500;1119656885
SBERP;D;20130110;000000;70.91;71;70.5;70.9;12269100;868751837
SBERP;D;20130111;000000;70.99;71.67;70.72;71.32;15148200;1081260582
SBERP;D;20130114;000000;71.63;72.7;71.63;72.47;18362600;1328321990
SBERP;D;20130115;000000;72.3;72.6;70.79;71.5;19519900;1401860190
SBERP;D;20130116;000000;71.25;72.12;70.91;72.1;8665300;619920327
SBERP;D;20130117;000000;71.73;73.44;71.72;72.91;22353900;1629108195
SBERP;D;20130118;000000;73.43;74.68;73.25;74.68;19575600;1447187692
SBERP;D;20130121;000000;74.7;75.1;73.73;74.77;10161200;756412248
SBERP;D;20130122;000000;74.8;74.98;72.61;73.59;21526000;1583794971
SBERP;D;20130123;000000;73.73;75.27;73.03;75.04;19588800;1452773743
SBERP;D;20130124;000000;74.87;74.87;73.9;74.53;13343500;991138207
SBERP;D;20130125;000000;74.17;75.1;74.14;75.1;9805100;733616955
SBERP;D;20130128;000000;75.41;77.3;75.31;77.25;19731800;1504945288
SBERP;D;20130129;000000;77.14;78.31;76.71;78.27;24889400;1929177806
SBERP;D;20130130;000000;78.5;79.75;77.6;78.27;23262100;1836113919
SBERP;D;20130131;000000;77.39;78.75;76.92;78.11;26950000;2100779545
SBERP;D;20130201;000000;78.84;78.97;76.36;76.83;20366000;1581025428
SBERP;D;20130204;000000;77.06;77.5;75.33;75.33;10931800;834086403
SBERP;D;20130205;000000;75.2;76.45;75.02;76.22;12908900;980305714
SBERP;D;20130206;000000;76.59;77.92;75.11;76.3;23067400;1766334814
SBERP;D;20130207;000000;76;77.13;75.51;75.86;18461100;1410524305
SBERP;D;20130208;000000;76.49;76.77;75.16;76.69;13550600;1029511462
SBERP;D;20130211;000000;76.73;78.15;76.7;77.21;17750500;1373859358
SBERP;D;20130212;000000;77.2;78.41;76.75;78.15;21443100;1667629709
SBERP;D;20130213;000000;78.55;79.4;78.15;79.3;17277200;1362841758
SBERP;D;20130214;000000;79.2;80.76;77.69;77.73;26518600;2100058478
SBERP;D;20130215;000000;78.2;78.2;75.77;76.3;12371700;948762981
SBERP;D;20130218;000000;76.23;77.1;75.7;76.87;10852400;828860743
SBERP;D;20130219;000000;77.58;78.3;76.74;78.28;12497600;969659631
SBERP;D;20130220;000000;78.4;78.67;76.84;76.87;9017700;701409546
SBERP;D;20130221;000000;76.2;76.68;74.92;76.15;20699800;1564424721
SBERP;D;20130222;000000;76.16;76.65;74.4;74.82;14994900;1129133671
SBERP;D;20130225;000000;75.43;75.43;73.85;74.82;18024100;1342727711
SBERP;D;20130226;000000;73.99;73.99;72.85;72.9;18281000;1341064658
SBERP;D;20130227;000000;73;73.47;72.37;73.04;14053100;1025656859
SBERP;D;20130228;000000;73.57;74.35;73.15;74.34;15309800;1127541672
SBERP;D;20130301;000000;74.01;74.09;72.6;73.4;13100300;960946965
SBERP;D;20130304;000000;73.07;73.45;72.1;72.44;11454800;831320683
SBERP;D;20130305;000000;72.93;74.55;72.91;74;12101500;893616613
SBERP;D;20130306;000000;74.5;75.33;74.2;75;10329600;773500875
SBERP;D;20130307;000000;74.81;75.8;74.71;75.65;9569100;720980991
SBERP;D;20130311;000000;75.94;77.07;75.94;76.45;9388800;719372518
SBERP;D;20130312;000000;76.56;76.75;75.71;76.08;9425100;716402614
SBERP;D;20130313;000000;75.73;76.08;75.01;75.25;9025400;682091965
SBERP;D;20130314;000000;75.17;76.64;74.86;76.34;11164500;845343152
SBERP;D;20130315;000000;76.83;77.72;76.35;76.4;18629500;1435308575
SBERP;D;20130318;000000;74.85;74.85;72.5;72.61;25702200;1883012135
SBERP;D;20130319;000000;73;73.59;71.61;72.9;40722000;2973457743
SBERP;D;20130320;000000;72.9;75.05;72.37;75.01;21707300;1597658127
SBERP;D;20130321;000000;75.14;75.57;74.25;74.91;19978000;1497816686
SBERP;D;20130322;000000;74.17;74.7;73.42;73.9;12903000;954570419
SBERP;D;20130325;000000;74.71;75.36;72.97;73.3;16152900;1201569625
SBERP;D;20130326;000000;73.09;74.18;71.32;72.2;16527700;1200605087
SBERP;D;20130327;000000;72.98;73.05;71.61;72.4;12573800;909763399
SBERP;D;20130328;000000;72.04;75.21;71.8;75.11;25656500;1898904926
SBERP;D;20130329;000000;75.3;75.47;74.85;75.12;6207300;466182153
SBERP;D;20130401;000000;74.9;75.87;74.4;74.48;8336700;626199551
SBERP;D;20130402;000000;74.8;75.39;74.1;74.66;12664700;947641721
SBERP;D;20130403;000000;74.28;75.15;74.28;74.9;7275200;544501948
SBERP;D;20130404;000000;74.41;75.8;74.11;74.45;15271300;1144305898
SBERP;D;20130405;000000;74.73;74.84;73.13;73.29;16467200;1212906891
SBERP;D;20130408;000000;73.7;74.28;72.21;73.07;20259000;1490999607
SBERP;D;20130409;000000;73.61;73.96;73.18;73.88;19074200;1405522336
SBERP;D;20130410;000000;74.59;74.59;73.72;73.93;13240700;980408301
SBERP;D;20130411;000000;74.44;74.44;72.35;72.6;18095200;1322484341
SBERP;D;20130412;000000;70;70.18;68.8;69.59;22343000;1551177654
SBERP;D;20130415;000000;68.81;68.88;66.5;67.7;16645200;1124021056
SBERP;D;20130416;000000;67.06;68.25;66.82;67.67;10248000;693254362
SBERP;D;20130417;000000;67.85;68.7;67.33;67.91;15549500;1056111903
SBERP;D;20130418;000000;67.95;69.78;67.5;68.49;23270000;1594764874
SBERP;D;20130419;000000;68.71;70.28;68.67;70.18;13987100;972463125
SBERP;D;20130422;000000;70.5;71.45;69.66;69.93;15222300;1075748542
SBERP;D;20130423;000000;69.5;70.44;68.82;70.4;9417800;655586775
SBERP;D;20130424;000000;70.5;71.57;70.34;70.65;13060000;926673002
SBERP;D;20130425;000000;71;72.14;70.56;70.69;25806400;1840503527
SBERP;D;20130426;000000;70.69;70.75;69.31;70.57;11173000;783807810
SBERP;D;20130429;000000;70.5;71.04;69.58;69.89;4724100;331912919
SBERP;D;20130430;000000;70.56;72.4;69;72.38;18763200;1327174858
SBERP;D;20130502;000000;72.14;72.8;71.5;72.1;6964000;502678002
SBERP;D;20130503;000000;72.36;73.28;71.79;72.89;4738900;343780498
SBERP;D;20130506;000000;73;73.72;72.82;73.3;6913400;506425553
SBERP;D;20130507;000000;73.12;75.03;73.07;74.72;9807000;727477678
SBERP;D;20130508;000000;75.07;75.88;74.62;75.81;10108300;761137137
SBERP;D;20130510;000000;75.81;76;74.98;75.5;6299200;474492554
SBERP;D;20130513;000000;75.17;75.84;74.38;75.84;12562200;941666981
SBERP;D;20130514;000000;75.72;77;75.15;75.81;11031200;839342706
SBERP;D;20130515;000000;75.92;76.09;74.65;75.27;10892100;819612132
SBERP;D;20130516;000000;75.43;75.7;74.77;74.95;13839900;1041283928
SBERP;D;20130517;000000;74.95;76.58;74.7;76.2;13563500;1024871190
SBERP;D;20130520;000000;76.7;77.48;76.03;77.3;9509700;731967117
SBERP;D;20130521;000000;77.03;78.25;76.3;78.13;9862400;762484265
SBERP;D;20130522;000000;78.02;79.8;77.9;79.8;12341200;976118632
SBERP;D;20130523;000000;78;78;75.77;76.5;11818100;907221773
SBERP;D;20130524;000000;76.78;77.33;75.1;75.67;11810100;898652008
SBERP;D;20130527;000000;75.69;76.55;75.01;75.35;6835900;517333559
SBERP;D;20130528;000000;75.42;77.74;75.42;77.48;9954400;765666196
SBERP;D;20130529;000000;77.19;77.46;75.54;75.83;16240200;1240528816
SBERP;D;20130530;000000;75.82;78.6;75.07;76.84;32437000;2506458030
SBERP;D;20130531;000000;77.25;77.97;72.31;72.6;30758000;2290740742
SBERP;D;20130603;000000;72;72.86;70.5;71.54;17001900;1221690401
SBERP;D;20130604;000000;72.28;73.08;71.67;71.75;9670900;700544060
SBERP;D;20130605;000000;71.38;71.87;70.26;70.7;8981100;637598729
SBERP;D;20130606;000000;70.35;72.32;70.11;72.23;9301100;661452523
SBERP;D;20130607;000000;72.23;73.93;72.23;73.4;13695000;999913574
SBERP;D;20130610;000000;73.5;74.2;72.94;73.35;6893200;507242652
SBERP;D;20130611;000000;73.23;73.71;70.15;70.45;13810100;986292334
SBERP;D;20130613;000000;69.06;69.73;68.3;69.16;14947400;1031916045
SBERP;D;20130614;000000;69.63;70.5;69.33;70.4;8716200;609237891
SBERP;D;20130617;000000;70.41;72;70.4;72;9405800;673123861
SBERP;D;20130618;000000;71.68;72.96;71.04;72.52;5198400;376446662
SBERP;D;20130619;000000;72.7;72.82;71.11;71.58;5251600;376431739
SBERP;D;20130620;000000;70.16;70.6;68.9;69.16;11015400;763187774
SBERP;D;20130621;000000;68.8;70.19;68.41;69.58;11748700;817637214
SBERP;D;20130624;000000;68.17;69.29;67.91;68.02;7031200;483039622
SBERP;D;20130625;000000;68.02;68.98;68.02;68.05;8331600;570755090
SBERP;D;20130626;000000;68.13;70;67.83;69.76;10451000;721319927
SBERP;D;20130627;000000;70.1;70.75;69.11;69.72;7630700;533345765
SBERP;D;20130628;000000;70.2;70.5;69.41;69.96;7322000;512885058
SBERP;D;20130701;000000;69.6;71.36;69.6;71.25;4866000;343845933
SBERP;D;20130702;000000;71.4;71.78;70.56;71.02;4903600;349063592
SBERP;D;20130703;000000;70.5;70.78;69.12;69.63;6683000;465046344
SBERP;D;20130704;000000;69.64;71.02;69.41;70.8;6957500;487936298
SBERP;D;20130705;000000;70.81;71.65;70.07;70.51;6763700;479755267
SBERP;D;20130708;000000;69.8;70.85;69.8;70.66;3207800;225383436
SBERP;D;20130709;000000;70.82;70.95;69.73;69.91;3599900;253395311
SBERP;D;20130710;000000;70;70.13;69.31;69.6;7874600;549222709
SBERP;D;20130711;000000;70.2;72.95;70.19;72.86;9962700;712673745
SBERP;D;20130712;000000;72.81;74.75;72.55;74.75;10513300;774021775
SBERP;D;20130715;000000;75.41;76.76;74.63;76.36;11957800;905471476
SBERP;D;20130716;000000;76.9;77.26;75.5;76.25;12328400;942663746
SBERP;D;20130717;000000;76.13;77.95;75.81;77.39;12247000;942467015
SBERP;D;20130718;000000;77.1;77.56;74.87;75.24;9629100;730747453
SBERP;D;20130719;000000;75.24;76.66;74.7;75.65;6474000;490456070
SBERP;D;20130722;000000;75.77;76.13;74.7;74.94;3933600;295710865
SBERP;D;20130723;000000;75.1;75.82;74.21;74.3;5708100;429169691
SBERP;D;20130724;000000;74.21;75.2;73.73;74.43;5659100;421138517
SBERP;D;20130725;000000;74.34;74.78;73.32;73.32;5257000;388506244
SBERP;D;20130726;000000;73.77;73.97;72.8;73;3209700;235633911
SBERP;D;20130729;000000;72.84;73.45;72.71;73.1;3009500;220048058
SBERP;D;20130730;000000;73.34;74.43;73.07;73.93;5516500;406744238
SBERP;D;20130731;000000;73.9;75.22;73.63;74.62;6351200;473425732
SBERP;D;20130801;000000;75.01;75.5;74.69;74.86;4944900;371406344
SBERP;D;20130802;000000;75.43;75.73;74.01;75.41;7532000;564085180
SBERP;D;20130805;000000;84.78;84.78;75.02;75.8;5550700;419172697
SBERP;D;20130806;000000;75.32;75.59;73.49;73.5;5539400;413221813
SBERP;D;20130807;000000;73.36;73.43;72.01;72.72;7496600;545937066
SBERP;D;20130808;000000;73.25;73.44;72.05;72.1;4615600;334270466
SBERP;D;20130809;000000;72.5;73.2;72.02;73.12;7463900;541029278
SBERP;D;20130812;000000;73.1;73.5;72.22;73.15;6038900;440621917
SBERP;D;20130813;000000;73.18;74.37;72.93;74.15;5543800;409738259
SBERP;D;20130814;000000;74.16;74.9;74.01;74.59;6202100;462182481
SBERP;D;20130815;000000;74.53;74.57;72.4;72.51;9695000;708701360
SBERP;D;20130816;000000;72.25;72.87;71.51;72.02;5003200;361111109
SBERP;D;20130819;000000;71.82;73.29;71.75;72.86;6606100;479597884
SBERP;D;20130820;000000;72.01;72.49;71.4;71.79;7104800;510497696
SBERP;D;20130821;000000;71.81;72.48;70.99;71.67;6695300;479898567
SBERP;D;20130822;000000;71.21;72.85;71.12;72.5;7703600;556926674
SBERP;D;20130823;000000;72.6;72.76;72.21;72.4;2911900;210830489
SBERP;D;20130826;000000;72.6;73.02;71.8;72.2;3540200;255966645
SBERP;D;20130827;000000;71.91;72;69.98;70.55;8437600;600961421
SBERP;D;20130828;000000;70.04;70.84;69.2;69.56;7870900;550503308
SBERP;D;20130829;000000;70;70.53;69.5;69.84;4321500;302758438
SBERP;D;20130830;000000;75.03;75.03;68.58;70;6483200;450403404
SBERP;D;20130902;000000;70.49;70.88;69.62;70;4234800;296739861
SBERP;D;20130903;000000;70.25;70.94;70.05;70.4;8066600;569396407
SBERP;D;20130904;000000;70.75;70.75;69.99;70.29;3718500;261221222
SBERP;D;20130905;000000;70.49;71.6;70.1;71.39;10677200;756443064
SBERP;D;20130906;000000;71.8;73.02;70.5;70.81;14888600;1065647626
SBERP;D;20130909;000000;70.66;73.56;70.66;73.51;12815700;930566520
SBERP;D;20130910;000000;73.75;76.67;73.75;75.68;25451100;1921179305
SBERP;D;20130911;000000;75.8;75.98;74.5;74.88;8148500;613707712
SBERP;D;20130912;000000;74.93;75.28;74.19;74.71;7436000;555516971
SBERP;D;20130913;000000;74.42;74.94;74.14;74.44;4842100;361027214
SBERP;D;20130916;000000;75.03;77.04;75;76.94;10526000;801867385
SBERP;D;20130917;000000;76.62;77.6;76.2;77.32;8081300;622364776
SBERP;D;20130918;000000;77.88;77.88;76.3;76.37;6708300;517974799
SBERP;D;20130919;000000;78;78.99;77.77;78;15695500;1232570699
SBERP;D;20130920;000000;77.59;78.13;77.32;77.79;5297600;411909745
SBERP;D;20130923;000000;77.61;77.98;76.65;76.8;7055300;544095911
SBERP;D;20130924;000000;76.51;76.73;76.01;76.71;6880200;525597745
SBERP;D;20130925;000000;76.44;77.9;76.2;77.9;7261100;559934459
SBERP;D;20130926;000000;77.85;78.33;77.41;77.9;5688200;442482523
SBERP;D;20130927;000000;78.29;78.29;75.59;75.7;11916200;909714364
SBERP;D;20130930;000000;75.28;75.56;74.3;74.7;7825100;586638152
SBERP;D;20131001;000000;74.68;76.4;74.61;76.3;9530200;721411680
SBERP;D;20131002;000000;76.35;76.36;75.17;75.33;9028000;682223328
SBERP;D;20131003;000000;75.87;76.34;75.21;75.65;8134300;616614382
SBERP;D;20131004;000000;78.66;78.66;75.27;76.44;6491800;493209199
SBERP;D;20131007;000000;76.13;76.26;75.52;75.95;5777500;438502290
SBERP;D;20131008;000000;75.95;77.8;75.86;77.73;10628100;816427172
SBERP;D;20131009;000000;77.37;79.41;76.92;77.6;21456500;1678704999
SBERP;D;20131010;000000;77.29;79.05;77.29;78.8;10600500;833166258
SBERP;D;20131011;000000;79.22;79.39;78.12;78.61;7104200;558709061
SBERP;D;20131014;000000;78.5;78.83;77.75;78.6;5400100;422320656
SBERP;D;20131015;000000;79;79.92;78.91;79.88;9927600;788309185
SBERP;D;20131016;000000;79.51;80.12;79.26;79.99;12296200;981884251
SBERP;D;20131017;000000;80.45;80.45;78.61;79.4;11245800;892228222
SBERP;D;20131018;000000;79.98;81.4;79.72;81.15;14383500;1160143047
SBERP;D;20131021;000000;81.34;82.6;81.01;82.33;11700200;957718435
SBERP;D;20131022;000000;81.97;83.05;81.8;82.67;12846600;1058726324
SBERP;D;20131023;000000;82.01;82.33;80.53;80.84;15369400;1248451766
SBERP;D;20131024;000000;80.89;81.22;80.2;80.58;8954800;721592387
SBERP;D;20131025;000000;80.54;81.67;79.9;81.34;11737900;951339846
SBERP;D;20131028;000000;81.51;82.3;81.06;81.6;9628600;786015259
SBERP;D;20131029;000000;81.19;83.18;81.01;82.68;18894600;1556901856
SBERP;D;20131030;000000;82.73;83.32;82.33;82.54;8130500;674185320
SBERP;D;20131031;000000;82;83.17;81.7;82.98;11351100;935863073
SBERP;D;20131101;000000;82.88;83.82;82.74;83.61;10176100;849028799
SBERP;D;20131105;000000;83.61;84.28;81.87;82.09;8001100;661323964
SBERP;D;20131106;000000;82.3;83.38;82.02;83.22;11670900;964085071
SBERP;D;20131107;000000;83.14;84.17;82.7;83.55;11857100;988748606
SBERP;D;20131108;000000;82.58;82.97;82.12;82.94;9623600;794261863
SBERP;D;20131111;000000;83;83.23;82.15;82.36;6491100;535755031
SBERP;D;20131112;000000;83.43;83.43;82.34;83.05;12186100;1009782833
SBERP;D;20131113;000000;83.33;83.69;81.7;82.68;14763100;1221002055
SBERP;D;20131114;000000;83;83.56;82.51;83.24;11954000;993497160
SBERP;D;20131115;000000;83.52;83.75;82.95;83.09;6365700;530169818
SBERP;D;20131118;000000;83.41;83.9;83.03;83.89;4841400;404109936
SBERP;D;20131119;000000;83.7;84.7;83.7;84.55;11063700;932386777
SBERP;D;20131120;000000;84.21;85.48;83.93;85.35;10793000;913251598
SBERP;D;20131121;000000;85.03;85.23;84.64;84.97;8272700;702697450
SBERP;D;20131122;000000;85.2;85.85;84.52;85.55;9482100;808208178
SBERP;D;20131125;000000;85.66;86.13;85.35;85.6;6993800;600028793
SBERP;D;20131126;000000;85.5;85.7;84.81;85.16;10241400;872538612
SBERP;D;20131127;000000;85.19;85.77;84.17;85.15;14960700;1271616509
SBERP;D;20131128;000000;85.34;85.58;85;85.17;5664100;482924645
SBERP;D;20131129;000000;85.17;85.55;84.61;84.85;5814000;493644088
SBERP;D;20131202;000000;84.88;85.16;84.4;84.61;5984600;506894847
SBERP;D;20131203;000000;84.4;84.6;82.74;82.77;11697100;977474502
SBERP;D;20131204;000000;82.85;83.18;81.73;82;13246200;1088900152
SBERP;D;20131205;000000;82.18;82.27;80.12;80.15;16109600;1309522031
SBERP;D;20131206;000000;80.15;81.26;80.1;81.09;11637000;940508311
SBERP;D;20131209;000000;81.4;81.75;81.01;81.35;9939200;808447978
SBERP;D;20131210;000000;81.5;82.04;80.61;81.15;7892100;642603018
SBERP;D;20131211;000000;80.74;81.35;80.51;80.98;6374000;516087104
SBERP;D;20131212;000000;80.4;80.83;79.98;80.79;9653800;776189174
SBERP;D;20131213;000000;78.66;81.32;78.66;80.12;10644600;858047681
SBERP;D;20131216;000000;80;80.44;79.62;80.14;9878900;791065714
SBERP;D;20131217;000000;80.12;80.95;79.53;79.53;12950800;1035277188
SBERP;D;20131218;000000;79.91;79.91;78.71;79.71;11817200;936789029
SBERP;D;20131219;000000;80.49;80.82;79.41;80.06;13116600;1048462510
SBERP;D;20131220;000000;80.06;81.16;79.55;80.57;13292200;1064851917
SBERP;D;20131223;000000;81;81.34;80.47;81.05;7934300;641485234
SBERP;D;20131224;000000;81.05;81.24;80.38;80.58;5231400;421862135
SBERP;D;20131225;000000;80.87;80.87;80.16;80.33;2620300;210804962
SBERP;D;20131226;000000;80.31;80.7;80.01;80.11;3264900;262817562
SBERP;D;20131227;000000;80.32;80.36;79.55;79.55;4989900;398744894
SBERP;D;20131230;000000;79.5;80.21;79.45;80.21;5874700;468824994
SBERP;D;20140106;000000;79.5;79.72;79.01;79.5;3002200;238456387
SBERP;D;20140108;000000;79.7;79.79;78;78.05;8051300;635203944
SBERP;D;20140109;000000;78.12;78.47;77.72;77.86;6474100;505685840
SBERP;D;20140110;000000;77.63;78.39;77.23;78.16;6480900;505316871
SBERP;D;20140113;000000;78.25;79.5;78.01;79.35;7949400;628038141
SBERP;D;20140114;000000;78.8;78.95;78.23;78.26;5767600;453278613
SBERP;D;20140115;000000;78.51;79.43;78.48;79.19;7294500;576856453
SBERP;D;20140116;000000;79.28;79.69;79.01;79.02;4609700;365735070
SBERP;D;20140117;000000;79.01;80.18;78.72;79.83;8074300;644245664
SBERP;D;20140120;000000;79.64;81.42;79.57;81.18;8270500;667942853
SBERP;D;20140121;000000;81.55;81.71;80.91;81.23;5548500;451258490
SBERP;D;20140122;000000;81.28;81.38;80.57;81.26;6797100;550273212
SBERP;D;20140123;000000;80.96;81.84;80.73;81.06;5629400;458190448
SBERP;D;20140124;000000;80.72;80.8;79.3;79.49;8055600;644371414
SBERP;D;20140127;000000;78.99;79.81;77.13;77.2;21172100;1654123263
SBERP;D;20140128;000000;77.35;78.21;76.26;76.61;12522000;968352943
SBERP;D;20140129;000000;77.2;77.92;76.01;76.16;12797300;986655722
SBERP;D;20140130;000000;76.27;76.55;74.85;75.5;14554700;1099147516
SBERP;D;20140131;000000;75.6;76.3;74.9;75.09;12128600;915580875
SBERP;D;20140203;000000;75.28;75.8;74.65;74.98;9537000;718984103
SBERP;D;20140204;000000;74.22;75.05;73.75;75;10889200;809352060
SBERP;D;20140205;000000;75.67;76.17;74.83;75.81;9174200;694729333
SBERP;D;20140206;000000;76.01;77.09;75.8;76.75;9034400;692009585
SBERP;D;20140207;000000;77.2;78.14;77;77.7;10546100;819569673
SBERP;D;20140210;000000;78.21;78.22;77.17;77.27;7885100;612754967
SBERP;D;20140211;000000;77.35;78.79;77.35;78.69;8995500;704578894
SBERP;D;20140212;000000;79;80.35;78.95;80.25;17565800;1402548084
SBERP;D;20140213;000000;79.69;80.17;78.53;78.76;12907800;1024729807
SBERP;D;20140214;000000;79.26;79.46;78.36;78.87;10598000;835655223
SBERP;D;20140217;000000;78.94;79.66;78.94;79.43;6320500;501874314
SBERP;D;20140218;000000;78.99;79.89;78.65;78.93;9657100;765630395
SBERP;D;20140219;000000;78.75;78.75;77.21;77.69;9661500;752235802
SBERP;D;20140220;000000;77.1;77.66;76.34;76.99;9470600;727990457
SBERP;D;20140221;000000;77.63;78.08;77.12;77.77;8484200;659339444
SBERP;D;20140224;000000;77.52;77.9;77.18;77.45;4573800;354741857
SBERP;D;20140225;000000;77.63;78.1;77.39;78.09;9364200;728782263
SBERP;D;20140226;000000;78.08;78.48;77.5;78.03;10792000;841489206
SBERP;D;20140227;000000;77.99;78.15;76.04;76.19;14348200;1102884745
SBERP;D;20140228;000000;76.48;76.56;74.5;75.44;19922900;1500844887
SBERP;D;20140303;000000;71.06;72.99;60.06;66.14;47305600;3118261821
SBERP;D;20140304;000000;66.8;71.69;66.39;71.45;39625900;2740486390
SBERP;D;20140305;000000;71.8;74.26;70.78;73.36;37700100;2739912117
SBERP;D;20140306;000000;73.9;74.5;69.39;70.62;31671700;2265833153
SBERP;D;20140307;000000;70.54;71.33;68;68.26;24190300;1677618019
SBERP;D;20140311;000000;68.01;68.44;64.24;64.3;18663400;1235792229
SBERP;D;20140312;000000;63.62;64.1;60;61.48;25999400;1619722759
SBERP;D;20140313;000000;62;62.79;59;59.25;28125900;1710579341
SBERP;D;20140314;000000;57;58.99;55.52;58.54;41868600;2413580837
SBERP;D;20140317;000000;58.97;62.98;58.93;62.7;43998700;2696131589
SBERP;D;20140318;000000;63.74;66.18;62.73;65.88;35414300;2268223465
SBERP;D;20140319;000000;66;67.44;65;66.09;26989300;1788590595
SBERP;D;20140320;000000;65.17;66.44;64.71;65.51;15541300;1017919084
SBERP;D;20140321;000000;64;65.69;63.1;64.78;15942700;1024002955
SBERP;D;20140324;000000;64.96;67.27;64.86;66.27;16302300;1081265639
SBERP;D;20140325;000000;66;68.2;65.92;67.3;24896900;1677883049
SBERP;D;20140326;000000;67.75;68.5;67.37;67.68;31080800;2109320534
SBERP;D;20140327;000000;67.12;67.88;65.02;65.85;16645200;1100233123
SBERP;D;20140328;000000;65.98;66.43;65.3;65.68;13369800;880607661
SBERP;D;20140331;000000;65.9;67.3;65.56;67.3;17748700;1178164145
SBERP;D;20140401;000000;67.4;68.25;67.21;67.62;17307500;1172781487
SBERP;D;20140402;000000;67.9;68;65.15;65.65;16500500;1090231348
SBERP;D;20140403;000000;65.99;66.19;65.02;65.35;11598300;760693776
SBERP;D;20140404;000000;65.6;66.7;65.25;66.6;11957200;790006694
SBERP;D;20140407;000000;65.6;66.4;63.71;64;23132700;1499972514
SBERP;D;20140408;000000;64.99;64.99;63.48;64.24;15123900;967005768
SBERP;D;20140409;000000;64.5;65.24;63.84;65;12693700;818851571
SBERP;D;20140410;000000;65.5;67.2;65.22;67.17;17372500;1153415319
SBERP;D;20140411;000000;66.14;67.96;65.45;67.21;34746200;2330489993
SBERP;D;20140414;000000;66.62;66.95;64.71;64.98;23456200;1533175223
SBERP;D;20140415;000000;64.3;65.14;60;60.11;33928300;2107716816
SBERP;D;20140416;000000;60.8;62.3;58.99;61.63;38061100;2309691429
SBERP;D;20140417;000000;62.12;62.47;60.62;61.42;16532800;1015960114
SBERP;D;20140418;000000;62.74;63.37;62.13;62.36;12402800;775877377
SBERP;D;20140421;000000;62.32;62.47;61.25;61.43;8052100;498809736
SBERP;D;20140422;000000;61.27;61.89;59.61;60.06;20134100;1217016395
SBERP;D;20140423;000000;60.2;60.3;59.12;59.8;17981200;1073710477
SBERP;D;20140424;000000;59.66;60.32;57.11;58.45;33874900;2002757005
SBERP;D;20140425;000000;58.33;58.33;56.03;56.99;22931200;1305058188
SBERP;D;20140428;000000;56.01;59.4;54.93;59.21;42056700;2410675987
SBERP;D;20140429;000000;60;60.78;58.94;59.2;19488500;1164228360
SBERP;D;20140430;000000;59.45;60.25;58.65;60.16;13713900;813799285
SBERP;D;20140502;000000;57.99;59.9;57.99;59.62;6879100;408609087
SBERP;D;20140505;000000;59.03;59.85;59;59.25;7077800;420544371
SBERP;D;20140506;000000;59.59;60.75;59.5;60.66;11207100;675462685
SBERP;D;20140507;000000;60.33;68.49;60.02;65.54;45418500;2899146409
SBERP;D;20140508;000000;65.85;66.89;64.15;65.75;28288600;1861070724
SBERP;D;20140512;000000;65.67;67.89;65.5;67.19;16265800;1082996150
SBERP;D;20140513;000000;67.21;69.31;67.07;69.11;29620000;2033413399
SBERP;D;20140514;000000;69.17;69.45;67.5;67.5;20061500;1368452842
SBERP;D;20140515;000000;67.87;68.35;66.2;66.5;13437500;905569706
SBERP;D;20140516;000000;66;67.53;65.64;67.1;21640700;1441551737
SBERP;D;20140519;000000;67.22;68.48;67.11;68.34;15908900;1082666037
SBERP;D;20140520;000000;68.45;68.89;66.71;67.28;21142300;1425974643
SBERP;D;20140521;000000;67.34;68.12;66.44;67.84;21827200;1469680520
SBERP;D;20140522;000000;68.05;68.39;66.01;67;20878200;1397867692
SBERP;D;20140523;000000;67.51;68.92;66.31;68.83;21671500;1465029700
SBERP;D;20140526;000000;69;71.05;68.68;70.6;26209100;1839836717
SBERP;D;20140527;000000;69.45;70.84;68.13;68.7;23469800;1630411144
SBERP;D;20140528;000000;69;70.17;68.52;69.19;17902600;1242302187
SBERP;D;20140529;000000;69.6;69.77;67.1;68.78;28176000;1934698839
SBERP;D;20140530;000000;69;69.4;68.53;68.65;10357700;713540038
SBERP;D;20140602;000000;69;70.82;68.67;70.35;16392500;1150356326
SBERP;D;20140603;000000;70.1;70.7;69.01;70.46;11527400;806940761
SBERP;D;20140604;000000;70.37;72.4;70.02;71.91;18327400;1306736935
SBERP;D;20140605;000000;72.11;73.23;71.34;72.1;17392600;1259518647
SBERP;D;20140606;000000;72.27;73.05;71.67;72.89;10598900;766976038
SBERP;D;20140609;000000;73.2;73.8;73.07;73.4;7797200;573266925
SBERP;D;20140610;000000;73.47;73.47;72.56;73.33;10327800;753945011
SBERP;D;20140611;000000;75.4;75.4;73.15;73.69;12272400;903320473
SBERP;D;20140616;000000;71.41;71.41;69.41;69.45;19248900;1347645201
SBERP;D;20140617;000000;69.54;69.87;67.05;67.34;16097200;1097806103
SBERP;D;20140618;000000;67.5;68.65;67.1;67.59;13310200;903136902
SBERP;D;20140619;000000;68.41;68.8;67.5;67.67;14538100;988712513
SBERP;D;20140620;000000;67.8;68.1;67.1;67.1;8653700;584821613
SBERP;D;20140623;000000;67.51;67.96;66.26;67.6;10757800;723032486
SBERP;D;20140624;000000;67.97;69.69;67.49;69.66;15365400;1057413234
SBERP;D;20140625;000000;69.25;69.54;68.61;69.04;14344400;990329085
SBERP;D;20140626;000000;69.21;69.96;68.77;69.4;12204300;846441428
SBERP;D;20140627;000000;69.6;70.53;69.36;70.3;9531300;666795017
SBERP;D;20140630;000000;70.23;70.29;68.84;69;9274700;642110153
SBERP;D;20140701;000000;69.1;69.2;68.31;68.56;7386900;507276936
SBERP;D;20140702;000000;68.5;69.55;68.45;69.4;8369100;577762882
SBERP;D;20140703;000000;69.6;70;69.11;69.14;11043300;769337561
SBERP;D;20140704;000000;69.4;69.43;68;68.02;5689100;391315398
SBERP;D;20140707;000000;69.1;69.35;68;69.3;8326100;572920905
SBERP;D;20140708;000000;69.02;69.98;68.73;69.02;13219300;918845128
SBERP;D;20140709;000000;68.89;68.99;65.83;68.7;8534300;584521893
SBERP;D;20140710;000000;68.99;69.32;66.8;67.29;10719200;726411187
SBERP;D;20140711;000000;67.49;68.58;67.22;68.5;15167000;1030241365
SBERP;D;20140714;000000;69;69;67.7;68;7302500;499518012
SBERP;D;20140715;000000;68.2;68.2;67.12;67.41;7920900;535672958
SBERP;D;20140716;000000;67.27;68.1;66.97;67.74;6517900;440219152
SBERP;D;20140717;000000;67.61;67.65;65.55;65.55;13779700;912326067
SBERP;D;20140718;000000;64.2;64.65;63.53;63.7;19193200;1228497705
SBERP;D;20140721;000000;63.96;63.96;60.71;60.9;20340300;1257440338
SBERP;D;20140722;000000;61.4;62.98;61.32;62.71;13526800;841910719
SBERP;D;20140723;000000;62.85;63.49;61.13;61.76;15026600;935699930
SBERP;D;20140724;000000;61.45;62.02;61;61.8;15928800;980435954
SBERP;D;20140725;000000;61.64;61.8;60.18;61;24502700;1492467336
SBERP;D;20140728;000000;60.9;60.9;57.12;57.67;28749900;1683875090
SBERP;D;20140729;000000;57.4;58.08;55.61;57.17;46552400;2656123287
SBERP;D;20140730;000000;56.87;58.75;56.38;57.74;29841100;1729308100
SBERP;D;20140731;000000;57.92;58.6;56.47;57.15;25773300;1475821878
SBERP;D;20140801;000000;56.9;57.46;55.26;57.13;33622200;1884624976
SBERP;D;20140804;000000;57.2;58.02;56.14;56.58;16926600;964718324
SBERP;D;20140805;000000;57;57.25;55.67;56.25;12227300;686523228
SBERP;D;20140806;000000;55.98;55.98;52.35;52.64;52966000;2859696645
SBERP;D;20140807;000000;50.1;53.49;50.1;52.7;60100000;3109748153
SBERP;D;20140808;000000;52.51;54.27;52.28;53.7;30962300;1650510191
SBERP;D;20140811;000000;55;57.2;54.99;57.1;31852300;1794007441
SBERP;D;20140812;000000;57.2;57.49;55.72;56.1;20149300;1139055728
SBERP;D;20140813;000000;56.1;57.13;56;56.96;14559200;826750475
SBERP;D;20140814;000000;56.99;57.62;56.33;56.57;22492100;1282718846
SBERP;D;20140815;000000;56.7;57.52;56.23;57.09;16763400;953704974
SBERP;D;20140818;000000;57.06;57.88;56.65;56.8;15615600;893047327
SBERP;D;20140819;000000;57.5;57.54;56.8;56.97;12297800;701552549
SBERP;D;20140820;000000;56.75;57.8;56.47;57.79;15569300;889827537
SBERP;D;20140821;000000;57.71;59.59;57.63;59.17;19376600;1138605066
SBERP;D;20140822;000000;59.3;59.57;56.9;57.96;25506400;1478790924
SBERP;D;20140825;000000;58.01;59.02;58.01;58.75;12825900;751238984
SBERP;D;20140826;000000;58.85;59.18;57.57;57.95;16656400;970943076
SBERP;D;20140827;000000;58.27;58.4;57.7;58.1;9564100;555148289
SBERP;D;20140828;000000;57.95;57.95;55.51;55.85;28990200;1631123895
SBERP;D;20140829;000000;55.69;56.05;54.73;55.13;19773600;1093819841
SBERP;D;20140901;000000;55.49;55.92;54.17;54.65;28837900;1586352837
SBERP;D;20140902;000000;54.61;55.1;54.44;55.09;16026800;877417582
SBERP;D;20140903;000000;55.4;58.66;55.05;58.64;49822400;2844066878
SBERP;D;20140904;000000;58.55;59.87;57.6;59.39;27593200;1616398132
SBERP;D;20140905;000000;59;61.23;58.3;60.68;24749900;1488144101
SBERP;D;20140908;000000;60.28;60.51;59.73;60.33;21889900;1315866409
SBERP;D;20140909;000000;60.05;62.17;60.05;61.6;21288500;1303324839
SBERP;D;20140910;000000;61.21;61.5;60.86;61.16;11384400;696346024
SBERP;D;20140911;000000;61.46;61.8;59.12;59.68;22871500;1376551913
SBERP;D;20140912;000000;59.32;60.23;58.25;59.2;26162300;1552836810
SBERP;D;20140915;000000;58.7;59.61;58.3;58.8;18774300;1106101024
SBERP;D;20140916;000000;58.87;60.42;58.79;60.39;14346900;856498993
SBERP;D;20140917;000000;60.25;61.3;58.51;60.29;25654400;1530540077
SBERP;D;20140918;000000;60.63;60.63;58.93;59.27;10623900;635617742
SBERP;D;20140919;000000;59.29;59.48;57.66;58;14762800;862236346
SBERP;D;20140922;000000;57.77;58.19;56.93;57.15;13765900;793121034
SBERP;D;20140923;000000;57.28;58.18;57.08;57.86;17818900;1027088136
SBERP;D;20140924;000000;58.01;59.03;58.01;58.59;21668200;1268914485
SBERP;D;20140925;000000;59;59.46;58.53;58.63;11448600;675734892
SBERP;D;20140926;000000;58.2;58.7;57.67;58.62;6934900;403417493
SBERP;D;20140929;000000;59;59.1;57.3;57.3;10549300;615327229
SBERP;D;20140930;000000;57.58;58.25;57.17;57.75;11376900;655764269
SBERP;D;20141001;000000;56.95;57.99;56.52;56.52;11194800;641740144
SBERP;D;20141002;000000;56.28;56.68;55.1;55.3;12964400;724373702
SBERP;D;20141003;000000;56;56.15;55.16;55.37;11484900;639389057
SBERP;D;20141006;000000;55.89;57.38;55.69;57.3;15091000;856871324
SBERP;D;20141007;000000;57.2;57.61;56.38;56.5;16925400;963014956
SBERP;D;20141008;000000;55.99;56.3;55.4;55.45;10662400;594858115
SBERP;D;20141009;000000;56.2;56.69;55.65;55.65;19225600;1081326778
SBERP;D;20141010;000000;55;55.85;54.72;55.5;13590200;749325617
SBERP;D;20141013;000000;55.19;56.59;55.19;56.21;12216000;685302257
SBERP;D;20141014;000000;55.73;56.74;55.73;56.08;15476100;870695852
SBERP;D;20141015;000000;55.84;56.1;55.08;55.2;12149000;673829906
SBERP;D;20141016;000000;55.74;55.77;53.81;53.81;16948200;928954065
SBERP;D;20141017;000000;54.35;55.58;54.21;55.4;11852500;651748253
SBERP;D;20141020;000000;56.34;56.34;54.96;55.28;13738300;764645365
SBERP;D;20141021;000000;55.01;57.3;54.61;57.3;21730000;1217673194
SBERP;D;20141022;000000;57.4;57.87;56.61;56.78;19875000;1139077447
SBERP;D;20141023;000000;56.4;56.92;55.5;56.4;12246300;687648227
SBERP;D;20141024;000000;56;56.59;55.73;56.5;9203400;517403600
SBERP;D;20141027;000000;57.12;57.8;56.5;57.26;10170900;581817999
SBERP;D;20141028;000000;57.28;58.12;56.76;57.9;14084200;808495975
SBERP;D;20141029;000000;57.76;58.32;57.47;57.56;15841400;917042365
SBERP;D;20141030;000000;57.3;57.54;55.9;56.65;32103100;1820770508
SBERP;D;20141031;000000;57;57.68;56.65;56.9;21277400;1216258258
SBERP;D;20141103;000000;56.83;56.87;55.95;56.18;11879600;670705106
SBERP;D;20141105;000000;55.92;55.94;54.56;55.07;31069400;1711275752
SBERP;D;20141106;000000;55.12;55.74;54.06;54.3;18570200;1025051809
SBERP;D;20141107;000000;54.17;55.99;53.64;55.99;41703700;2293434839
SBERP;D;20141110;000000;56.28;57.5;56.16;57.16;21160200;1202991985
SBERP;D;20141111;000000;57.17;57.97;56.6;56.85;23238200;1334550037
SBERP;D;20141112;000000;57.5;57.5;55.46;55.71;23274400;1305312103
SBERP;D;20141113;000000;55.74;55.79;53.97;54.2;47217100;2582476760
SBERP;D;20141114;000000;54;54;52.81;53.35;39179200;2092584968
SBERP;D;20141117;000000;53.21;53.41;52.72;52.88;26092300;1384340891
SBERP;D;20141118;000000;53.07;54.49;52.97;54.25;27180200;1463112256
SBERP;D;20141119;000000;54.08;54.7;53.41;53.52;24481000;1321440689
SBERP;D;20141120;000000;53.46;54.09;53.17;53.97;18646700;1001122320
SBERP;D;20141121;000000;54.12;55.12;53.78;54.92;23632700;1287371703
SBERP;D;20141124;000000;54.97;55.59;53.99;54.21;23322900;1280165862
SBERP;D;20141125;000000;54.37;54.5;53.82;53.94;13294400;719858862
SBERP;D;20141126;000000;53.76;54.18;53.25;53.58;20889600;1122105225
SBERP;D;20141127;000000;53.39;53.77;52.89;52.97;19686200;1051453351
SBERP;D;20141128;000000;52.51;52.74;51.8;52.25;19751800;1032897218
SBERP;D;20141201;000000;51.91;52.77;51.64;52.25;36665300;1916947316
SBERP;D;20141202;000000;52.86;52.88;51.53;51.73;21764200;1139389232
SBERP;D;20141203;000000;51.81;52.32;51.54;51.99;19560700;1015280740
SBERP;D;20141204;000000;52.15;53.66;51.15;51.3;38648700;2034475786
SBERP;D;20141205;000000;50.61;51.73;50.18;50.35;23084100;1175454290
SBERP;D;20141208;000000;50.5;51.23;48.04;48.45;40204200;1988081147
SBERP;D;20141209;000000;48.3;49.9;46.27;49.3;42581500;2053041932
SBERP;D;20141210;000000;50.39;51.13;49.12;50.5;28857300;1448243536
SBERP;D;20141211;000000;50.52;50.84;48.17;48.6;28690200;1412268687
SBERP;D;20141212;000000;48.3;48.49;46.75;46.76;26180300;1245049763
SBERP;D;20141215;000000;47.02;47.7;44.5;44.67;43568900;2020154216
SBERP;D;20141216;000000;43.5;45.62;36.54;40.39;74867600;3009793252
SBERP;D;20141217;000000;40.85;43.5;39.07;42.32;71611200;2952512209
SBERP;D;20141218;000000;43.85;46.2;43.02;44.57;53538800;2405805253
SBERP;D;20141219;000000;44.59;44.6;40.1;41.91;51937500;2196462382
SBERP;D;20141222;000000;42.99;43.64;41.13;41.55;40506300;1708439939
SBERP;D;20141223;000000;41.75;41.85;38.34;39;48374800;1937002873
SBERP;D;20141224;000000;38.8;39.24;37.66;38.54;46492400;1787112328
SBERP;D;20141225;000000;38.8;40.7;38.48;40.47;23623900;931597890
SBERP;D;20141226;000000;40.71;41.41;39.32;39.53;23976100;969071158
SBERP;D;20141229;000000;39.3;40.18;38.13;38.5;18955300;739574800
SBERP;D;20141230;000000;38.01;38.92;36.62;37.7;21329500;803821598
SBERP;D;20150105;000000;37;38.82;36.9;38.59;10319500;395870116
SBERP;D;20150106;000000;38.25;39.63;37.82;39.5;15149400;590788750
SBERP;D;20150108;000000;39.95;45.11;39.81;43.75;37830900;1630798276
SBERP;D;20150109;000000;43.7;44.66;42.15;42.9;19619300;841441345
SBERP;D;20150112;000000;42.49;43.39;41.63;42.41;19344100;827904341
SBERP;D;20150113;000000;42;42.2;40.5;40.82;20500200;847227341
SBERP;D;20150114;000000;40.9;41.8;40.62;41.5;16946800;699761705
SBERP;D;20150115;000000;42.19;43.06;41.6;41.7;21974200;930642211
SBERP;D;20150116;000000;41.64;42.55;41.14;42.03;16353200;685629721
SBERP;D;20150119;000000;42;43.6;41.84;42.09;20449800;875440440
SBERP;D;20150120;000000;42.65;42.65;41.37;42.24;17161400;720815232
SBERP;D;20150121;000000;42.51;43.5;42.37;43.29;21127900;906717896
SBERP;D;20150122;000000;43.52;44.94;43.24;44.8;23588300;1038330547
SBERP;D;20150123;000000;45.12;47;45.12;45.94;31593600;1459006691
SBERP;D;20150126;000000;45.25;45.45;42.87;42.88;30833600;1358709099
SBERP;D;20150127;000000;41.99;44.22;41.07;43.8;27255600;1172270919
SBERP;D;20150128;000000;44.13;44.79;43.14;43.15;16916100;744194732
SBERP;D;20150129;000000;43.05;44.07;42.7;43.39;17527300;760234535
SBERP;D;20150130;000000;43.79;43.84;42.5;43.84;21732500;936426590
SBERP;D;20150202;000000;44.42;44.69;42.31;42.7;33764000;1454436236
SBERP;D;20150203;000000;43.29;43.54;42.35;43.23;18103100;779226288
SBERP;D;20150204;000000;43.5;43.6;42.5;42.51;12467000;534436406
SBERP;D;20150205;000000;42.3;43.54;41.89;43.5;18031700;771996123
SBERP;D;20150206;000000;43.67;44.93;43.43;44.7;23421000;1035024371
SBERP;D;20150209;000000;44.92;46.61;44.39;45.6;26859200;1226598412
SBERP;D;20150210;000000;45.14;46.4;44.91;45.28;17247300;787398826
SBERP;D;20150211;000000;46.18;46.45;45.62;45.93;14694800;676508154
SBERP;D;20150212;000000;46.44;49.25;45.51;48.68;52079000;2487991107
SBERP;D;20150213;000000;49;52.77;49;52.77;45433900;2315526443
SBERP;D;20150216;000000;52.77;54;51.72;52.7;32622300;1716468286
SBERP;D;20150217;000000;52.7;54.84;51.77;53;38408800;2052415443
SBERP;D;20150218;000000;53.55;55.54;53.36;55.5;28274600;1540578584
SBERP;D;20150219;000000;54.83;55.5;52.9;53.19;29350600;1580315903
SBERP;D;20150220;000000;53.69;54.33;53.05;54.09;15997800;859556211
SBERP;D;20150224;000000;51.92;53.21;51.7;52.67;20799600;1094236834
SBERP;D;20150225;000000;52.86;53.2;51.52;52.36;14464800;756962668
SBERP;D;20150226;000000;53;54.6;52.9;54.45;19307700;1039507230
SBERP;D;20150227;000000;54.2;54.83;53.6;53.7;15276500;827890099
SBERP;D;20150302;000000;53.82;54.79;53.77;54.1;9306600;505323214
SBERP;D;20150303;000000;54.55;55.38;53.6;54.15;16490700;899132606
SBERP;D;20150304;000000;54.26;54.5;52.88;52.91;15253000;820425267
SBERP;D;20150305;000000;52.76;54.3;52.57;53.5;19311100;1032997042
SBERP;D;20150306;000000;53.72;54.42;52.87;53.36;13112600;704633390
SBERP;D;20150310;000000;52.9;52.96;50.5;50.77;14784400;763049808
SBERP;D;20150311;000000;50.3;51.49;49.74;50.45;17806300;903858952
SBERP;D;20150312;000000;52.09;52.09;49.68;49.95;14123700;710260453
SBERP;D;20150313;000000;50;50.35;48.35;48.6;16210000;798849777
SBERP;D;20150316;000000;48.16;48.74;46.75;46.91;15263900;731571532
SBERP;D;20150317;000000;47.3;47.83;45.75;46.27;16455000;768457484
SBERP;D;20150318;000000;46.72;47.7;46.3;47;14779800;693656415
SBERP;D;20150319;000000;48.19;48.4;46.4;46.55;18171200;860684375
SBERP;D;20150320;000000;46.55;47.83;46.11;47.51;21248800;1002978287
SBERP;D;20150323;000000;47.85;48.2;45.93;46.1;20378200;960449760
SBERP;D;20150324;000000;46;46.94;45.25;45.71;21080900;972910224
SBERP;D;20150325;000000;46.31;46.31;45.28;45.8;10362200;473238621
SBERP;D;20150326;000000;46.21;46.5;44.45;44.65;14499100;660679244
SBERP;D;20150327;000000;44.59;45.6;44.07;44.15;18795100;840913547
SBERP;D;20150330;000000;44.15;46.08;44;46.03;14099200;639643682
SBERP;D;20150331;000000;46.74;46.74;44.77;45.63;11290100;513399321
SBERP;D;20150401;000000;45.46;47.55;45.11;47.3;19442100;906856370
SBERP;D;20150402;000000;47.33;48.94;47;48.9;18673800;895957615
SBERP;D;20150403;000000;49.01;49.41;48.33;48.86;13281500;649620143
SBERP;D;20150406;000000;49.25;50.7;48.98;50.62;15777200;783852972
SBERP;D;20150407;000000;50.65;51.47;50.02;51.35;30548200;1548781095
SBERP;D;20150408;000000;51.33;51.4;50.2;50.7;16365700;832482393
SBERP;D;20150409;000000;50.75;51.89;50.39;51.8;27358400;1403621946
SBERP;D;20150410;000000;51.9;52.36;51.5;51.97;25696700;1334568434
SBERP;D;20150413;000000;51.98;54.03;51.98;53.5;23000600;1225454851
SBERP;D;20150414;000000;53.48;54.08;53.01;53.95;13739200;737439316
SBERP;D;20150415;000000;54.03;54.53;53.7;54.41;22712200;1231425985
SBERP;D;20150416;000000;54.78;54.99;53.06;54.5;32336400;1749723193
SBERP;D;20150417;000000;54.5;54.87;50.11;50.11;37519600;1967272425
SBERP;D;20150420;000000;50.05;50.87;48.4;49.29;44374900;2188709082
SBERP;D;20150421;000000;49.5;50.69;48.6;50.69;34031900;1687093309
SBERP;D;20150422;000000;50.6;50.6;48.8;49.47;22853100;1132717457
SBERP;D;20150423;000000;49.6;51.29;48.38;50.44;31427800;1569518943
SBERP;D;20150424;000000;50.5;51.44;49.94;50.88;22302600;1134214858
SBERP;D;20150427;000000;51;52.04;49.73;51.22;27755100;1415306255
SBERP;D;20150428;000000;50.95;51.14;49.84;50.39;13854500;698083099
SBERP;D;20150429;000000;50.34;50.75;49.63;49.71;14991900;751368319
SBERP;D;20150430;000000;49.69;50.18;48.99;50;22517700;1119733994
SBERP;D;20150505;000000;49.98;52.27;49.83;52;27448700;1404239682
SBERP;D;20150506;000000;52.1;53.22;52.02;52.28;26853700;1414414986
SBERP;D;20150507;000000;52;52.03;49.86;50.72;20201600;1023743190
SBERP;D;20150508;000000;50.5;51.07;50.33;50.79;12383600;626981468
SBERP;D;20150512;000000;50.35;51.34;49.28;49.43;22596000;1134912472
SBERP;D;20150513;000000;48.61;50.48;48.51;50;24199800;1205063032
SBERP;D;20150514;000000;50.08;50.77;49.13;50.3;15662100;784022445
SBERP;D;20150515;000000;50.23;50.53;49.51;50.36;13324600;666948557
SBERP;D;20150518;000000;50.55;50.64;49.82;50.45;14707400;738107020
SBERP;D;20150519;000000;50.51;50.51;49.4;49.68;14681200;729850172
SBERP;D;20150520;000000;49.55;49.68;48.45;48.95;15600600;763523514
SBERP;D;20150521;000000;49.07;49.82;48.47;49.66;18493700;907129680
SBERP;D;20150522;000000;49.8;50.05;49.01;49.3;12185800;603366451
SBERP;D;20150525;000000;49.3;49.47;47.9;49.05;18659600;906489186
SBERP;D;20150526;000000;49;50.27;48.63;48.97;23669900;1167850931
SBERP;D;20150527;000000;48.94;48.94;47.73;47.8;23197500;1116688337
SBERP;D;20150528;000000;47.73;48.5;47.51;47.54;19126400;918385989
SBERP;D;20150529;000000;47.73;49.13;47.32;48.25;71577200;3462162922
SBERP;D;20150601;000000;48.21;48.58;47.32;48.03;24171100;1162541808
SBERP;D;20150602;000000;48.39;49.46;47.67;49.2;19485000;949451580
SBERP;D;20150603;000000;49.34;49.64;47.93;48.11;19305500;939991456
SBERP;D;20150604;000000;48;48.14;47.05;47.64;20410300;969747211
SBERP;D;20150605;000000;47.54;48.57;47.31;47.85;14922300;717350720
SBERP;D;20150608;000000;48.05;48.4;47.45;47.56;11915300;569774070
SBERP;D;20150609;000000;47.84;47.84;46.66;47.31;17138200;808340711
SBERP;D;20150610;000000;47.5;48.33;47.5;48.31;13824000;663189261
SBERP;D;20150611;000000;48;48.37;47.42;48.2;12433800;596168501
SBERP;D;20150615;000000;48;49.09;47.78;49.05;15081100;728773838
SBERP;D;20150616;000000;49.02;50.85;48.82;50.85;26357500;1314209401
SBERP;D;20150617;000000;50.7;51.37;49.51;49.61;20586700;1041444025
SBERP;D;20150618;000000;49.81;50.64;49.56;49.84;8194500;410764191
SBERP;D;20150619;000000;49.82;50.19;48.7;49.12;10040500;495329880
SBERP;D;20150622;000000;49.21;49.78;49.01;49.14;10520400;519186396
SBERP;D;20150623;000000;49.3;49.64;48.83;49.54;5650800;278042537
SBERP;D;20150624;000000;49.27;50.21;48.97;50.04;11195800;556346114
SBERP;D;20150625;000000;50;50.35;49.43;49.73;12874200;642416301
SBERP;D;20150626;000000;49.5;54.29;48.21;49.42;20590400;1018772690
SBERP;D;20150629;000000;48.65;48.97;47.8;47.9;21340600;1027998504
SBERP;D;20150630;000000;48.3;48.45;47.47;48.32;18954800;909400836
SBERP;D;20150701;000000;48.4;48.65;47.71;47.92;16214600;781130453
SBERP;D;20150702;000000;47.99;48.24;47.42;47.95;10041000;480463683
SBERP;D;20150703;000000;48.1;48.3;47.57;48.15;6345800;304749426
SBERP;D;20150706;000000;47.7;48.1;46.5;46.55;12970100;612935921
SBERP;D;20150707;000000;46.51;47.39;46.51;47.3;9181800;431952103
SBERP;D;20150708;000000;47.14;47.37;46;46.67;12540100;583502165
SBERP;D;20150709;000000;46.86;48.38;46.84;48.38;12522600;598564172
SBERP;D;20150710;000000;48.75;49.37;48.52;49.15;18531400;906626390
SBERP;D;20150713;000000;48.99;49.97;48.92;49.95;7674800;380614524
SBERP;D;20150714;000000;49.94;51.03;49.73;50.66;17631300;890003356
SBERP;D;20150715;000000;50.82;51.08;50.25;50.7;6431300;326083177
SBERP;D;20150716;000000;50.8;51.06;50.4;50.7;6322000;320850877
SBERP;D;20150717;000000;50.75;51.36;50.41;51.05;9444200;481911767
SBERP;D;20150720;000000;51;51.21;50.17;50.7;6959000;352602456
SBERP;D;20150721;000000;50.62;51.84;50.4;51.5;13007400;665367081
SBERP;D;20150722;000000;51.5;51.82;51.06;51.65;7968500;410953607
SBERP;D;20150723;000000;51.4;51.7;50.55;50.76;7809300;399876864
SBERP;D;20150724;000000;50.64;50.75;49.16;49.26;13341800;666668689
SBERP;D;20150727;000000;49.38;49.42;47.12;48.4;15067800;723758819
SBERP;D;20150728;000000;48.4;49.7;47.79;48.9;11950200;584802424
SBERP;D;20150729;000000;49;50.95;48.9;50.51;15904900;794872061
SBERP;D;20150730;000000;50.86;51.38;50.2;50.9;8773900;446608983
SBERP;D;20150731;000000;50.9;51.5;49.85;51.39;13525200;684754323
SBERP;D;20150803;000000;50.95;51.22;50.37;50.83;7914100;401948718
SBERP;D;20150804;000000;50.55;51.68;50.55;51.67;7839300;402477699
SBERP;D;20150805;000000;51.88;53.1;51.83;52.76;19250700;1012517299
SBERP;D;20150806;000000;52.7;52.88;51.8;51.89;6749700;353089207
SBERP;D;20150807;000000;52.06;53.2;52.06;53.07;8110300;427811178
SBERP;D;20150810;000000;53.02;53.96;52.73;53.95;9369600;500477378
SBERP;D;20150811;000000;53.9;54.54;52.87;52.9;11112500;595735712
SBERP;D;20150812;000000;52.89;53.87;52.42;53.18;9254800;492376198
SBERP;D;20150813;000000;53.6;53.9;53;53.43;7538200;403573251
SBERP;D;20150814;000000;53.12;54.38;53.12;54.1;7948800;428942014
SBERP;D;20150817;000000;53.98;54.25;53.03;53.34;8264700;442410614
SBERP;D;20150818;000000;53.18;53.75;52.72;53.23;8220800;437475278
SBERP;D;20150819;000000;53.08;53.86;51.65;51.66;11884700;626399126
SBERP;D;20150820;000000;51.41;52.67;51.16;52.5;11156100;579969225
SBERP;D;20150821;000000;51.7;52.28;50.65;50.75;13281000;683723030
SBERP;D;20150824;000000;49.95;50.16;49.05;49.84;25596800;1271743949
SBERP;D;20150825;000000;49.81;51.4;49.81;51.36;17144500;869544961
SBERP;D;20150826;000000;51.36;52.55;50.65;52.06;12891500;667360997
SBERP;D;20150827;000000;52.57;53.53;52.42;53.53;12191500;645554352
SBERP;D;20150828;000000;53.72;54.07;52.82;53.98;13342200;714680334
SBERP;D;20150831;000000;53.51;54.34;53.12;54.34;9465100;508490361
SBERP;D;20150901;000000;54.36;54.95;53.22;53.56;14219900;768279747
SBERP;D;20150902;000000;53.11;54.7;53.11;54.32;13247400;715241091
SBERP;D;20150903;000000;54.41;54.55;53.24;53.53;17349300;930557529
SBERP;D;20150904;000000;53.35;53.74;53.02;53.31;5700300;303829149
SBERP;D;20150907;000000;53.08;53.56;53.08;53.16;2843900;151654556
SBERP;D;20150908;000000;53.33;54.17;52.82;53.38;10601900;568293804
SBERP;D;20150909;000000;53.8;54.35;53.51;53.89;8543000;460673062
SBERP;D;20150910;000000;53.35;54.1;53.26;53.7;6775100;363424428
SBERP;D;20150911;000000;54.05;54.05;53.38;53.5;5686000;305015211
SBERP;D;20150914;000000;53.69;54.72;53.53;54.58;10687600;580875063
SBERP;D;20150915;000000;54.56;54.71;54.04;54.47;6515700;354807781
SBERP;D;20150916;000000;54.69;56.23;54.55;56.17;12686600;705140265
SBERP;D;20150917;000000;56.39;56.99;55.66;56.56;11455000;646277947
SBERP;D;20150918;000000;56.45;56.96;55.61;56.37;8731700;491804865
SBERP;D;20150921;000000;56.3;57.48;56.09;56.94;6997900;397515314
SBERP;D;20150922;000000;56.94;57.04;55.62;56;15813800;884885950
SBERP;D;20150923;000000;55.9;56.53;54.57;55.6;14859300;823658747
SBERP;D;20150924;000000;55.52;55.59;54.62;55.18;7134100;392510166
SBERP;D;20150925;000000;55.5;57.37;55.25;57.25;14095900;794976633
SBERP;D;20150928;000000;57.3;58.19;57.02;57.44;16178000;933765618
SBERP;D;20150929;000000;57.08;57.69;56.42;56.87;11478100;654402277
SBERP;D;20150930;000000;56.95;58.14;56.74;58.05;11411400;657895809
SBERP;D;20151001;000000;58.43;58.88;56.73;56.88;9433800;545735436
SBERP;D;20151002;000000;57;57.31;56.21;57.25;7096200;402798112
SBERP;D;20151005;000000;57.88;58.81;57.26;58.4;8608400;499529811
SBERP;D;20151006;000000;58.5;59.08;57.9;58.95;14072800;824883750
SBERP;D;20151007;000000;59.1;62.01;59.08;61.8;39399100;2397026393
SBERP;D;20151008;000000;61.47;64.43;60.78;64.24;30445300;1904015877
SBERP;D;20151009;000000;64.42;66.12;64.42;66;26665300;1736717227
SBERP;D;20151012;000000;65.7;66.76;65;65.75;15537300;1024104255
SBERP;D;20151013;000000;65.49;65.91;65;65.55;10546200;690296788
SBERP;D;20151014;000000;65.07;66.33;64.7;65.75;14242200;932350004
SBERP;D;20151015;000000;66.09;68.28;66.01;67.25;18459100;1243044466
SBERP;D;20151016;000000;67.67;68.69;67.4;67.99;13685000;930474748
SBERP;D;20151019;000000;67.87;68;64.94;65.8;15914100;1049452921
SBERP;D;20151020;000000;65.88;66.58;65.04;65.23;12257000;807175528
SBERP;D;20151021;000000;65.37;65.46;63.2;63.86;15562800;996071807
SBERP;D;20151022;000000;63.37;64.4;63.07;64.19;7561300;483157746
SBERP;D;20151023;000000;64.69;67.47;64.32;66.75;18230800;1208571301
SBERP;D;20151026;000000;67;68.37;65.88;67.26;12842800;864367522
SBERP;D;20151027;000000;66.98;66.98;64.9;65.2;9595900;630626525
SBERP;D;20151028;000000;65.2;67.5;64.18;67.05;14058500;926354666
SBERP;D;20151029;000000;67;68.2;66.63;67.06;18394100;1239367093
SBERP;D;20151030;000000;66.65;68.49;66.65;68.49;10868900;736843417
SBERP;D;20151102;000000;68;69.88;68;69.45;14796400;1022990137
SBERP;D;20151103;000000;69.75;70.61;69.42;69.95;16806500;1176767356
SBERP;D;20151105;000000;69.52;71.34;68.89;70.35;19713700;1379747291
SBERP;D;20151106;000000;70.35;70.57;68.35;68.5;10376300;718706071
SBERP;D;20151109;000000;68.55;69.25;67.21;67.95;11696200;796429823
SBERP;D;20151110;000000;67.6;68.3;66.87;68.06;10889500;734722414
SBERP;D;20151111;000000;68.07;68.68;67.25;67.5;9721200;660433838
SBERP;D;20151112;000000;67.2;68.38;66.91;68.3;5957600;403056847
SBERP;D;20151113;000000;67.98;69.9;67.45;69.37;15028700;1038547403
SBERP;D;20151116;000000;69.17;71.48;69.1;71.3;11397500;805253160
SBERP;D;20151117;000000;71.7;75;71.7;75;21554100;1589086725
SBERP;D;20151118;000000;75.49;76.7;74.65;76.1;16453400;1247035834
SBERP;D;20151119;000000;76.2;79.36;74.82;76.5;19263600;1489516710
SBERP;D;20151120;000000;76.31;77.74;75.12;77.24;13025400;995898268
SBERP;D;20151123;000000;76.6;80.14;76.38;79.6;12475600;980612336
SBERP;D;20151124;000000;79.96;80.3;75.84;76.35;16491200;1284845442
SBERP;D;20151125;000000;76.5;78.78;76.5;78.45;7826600;608449194
SBERP;D;20151126;000000;78.75;78.94;76.81;77.89;9946700;773630954
SBERP;D;20151127;000000;77.4;77.98;76.3;77.8;8559000;660634224
SBERP;D;20151130;000000;77.61;79.08;75.76;76.2;12383500;962000724
SBERP;D;20151201;000000;76.68;76.85;74.06;74.5;11913200;895449952
SBERP;D;20151202;000000;74.8;75.97;74.08;74.5;7893300;590205127
SBERP;D;20151203;000000;74.44;75.47;73.62;75;13531700;1009518355
SBERP;D;20151204;000000;75;75.76;72.1;72.81;12175500;898673750
SBERP;D;20151207;000000;73;74.62;72.9;73.99;9221200;679480291
SBERP;D;20151208;000000;73.51;73.86;70.5;71;13962200;1007712821
SBERP;D;20151209;000000;71.22;72.95;70.52;72.85;10297500;741424650
SBERP;D;20151210;000000;72.4;73.79;71.9;72.61;5771800;421275669
SBERP;D;20151211;000000;72.35;72.61;70.71;71.21;6169200;442198382
SBERP;D;20151214;000000;70.51;70.92;68.12;69.1;26137900;1798938019
SBERP;D;20151215;000000;69.84;71.67;69.06;71.4;15173600;1067238060
SBERP;D;20151216;000000;71.3;73.45;71.25;72.5;11887700;860923865
SBERP;D;20151217;000000;72.8;74.9;72.61;73.7;14600500;1081530284
SBERP;D;20151218;000000;73;73.12;68.24;68.24;24963400;1753962450
SBERP;D;20151221;000000;68.8;71.5;68.76;70.7;26573800;1868276609
SBERP;D;20151222;000000;71.35;72.47;71.16;72.45;9762800;702149407
SBERP;D;20151223;000000;72.34;75.67;72.34;75.67;21169400;1580238569
SBERP;D;20151224;000000;76.2;76.6;74.33;75.88;21041900;1584398985
SBERP;D;20151225;000000;76.27;76.36;74.6;75.26;5465600;411897514
SBERP;D;20151228;000000;75.02;75.8;74.43;75.25;5992800;449048600
SBERP;D;20151229;000000;75.4;77.11;75.13;76.85;10532100;800820048
SBERP;D;20151230;000000;76.8;76.83;76;76.5;5575200;425535408
SBERP;D;20160104;000000;76.86;76.86;73;73.88;7121500;528353373
SBERP;D;20160105;000000;73.9;74.46;73.06;74.23;6040300;446130432
SBERP;D;20160106;000000;73.99;75.5;72.42;72.62;10795500;795207092
SBERP;D;20160111;000000;70.5;71.01;69.07;69.11;17043900;1192060706
SBERP;D;20160112;000000;68.01;70.08;66.84;69.32;14733400;1009807131
SBERP;D;20160113;000000;69.96;70.99;69.7;70.6;11630900;820426069
SBERP;D;20160114;000000;69.72;70.65;69.31;70.57;12098400;846796648
SBERP;D;20160115;000000;70.17;70.8;66.73;66.8;17802400;1211051237
SBERP;D;20160118;000000;66.1;67.42;65.5;66.33;12666500;843068796
SBERP;D;20160119;000000;67;68.54;65.35;66.1;14127100;950468689
SBERP;D;20160120;000000;65;65.25;63.51;63.55;17896900;1148114505
SBERP;D;20160121;000000;63.64;65.68;63.45;65.39;18033600;1167637844
SBERP;D;20160122;000000;67.4;69.5;66.7;68.75;18495900;1258067716
SBERP;D;20160125;000000;70;70;65.7;66.75;18092800;1226187222
SBERP;D;20160126;000000;65.8;67.4;65.13;67.21;15292400;1020103957
SBERP;D;20160127;000000;67.25;69.27;66.98;68.8;15683100;1073146861
SBERP;D;20160128;000000;68.99;70.21;67.36;68.89;29012000;2000865485
SBERP;D;20160129;000000;69.66;70.45;68.02;68.5;16849500;1167059334
SBERP;D;20160201;000000;68.9;69.67;67.72;69.5;14218400;979129166
SBERP;D;20160202;000000;69;70.11;67.17;67.96;17140800;1174901735
SBERP;D;20160203;000000;67.48;69.1;67.4;68.25;11741800;804634869
SBERP;D;20160204;000000;69.8;71.4;69.29;70.79;21634500;1523240797
SBERP;D;20160205;000000;70.59;71.2;70.01;70.89;10737600;759008726
SBERP;D;20160208;000000;71.1;71.8;68.61;69.06;14418200;1010851107
SBERP;D;20160209;000000;68.66;69.8;68.2;68.65;8860300;610236976
SBERP;D;20160210;000000;68.89;70.33;68.03;70.11;8780400;607134965
SBERP;D;20160211;000000;69.5;69.84;67.51;68.28;10511300;719021152
SBERP;D;20160212;000000;68.95;69.63;68.45;69.3;8457600;584698717
SBERP;D;20160215;000000;69.9;70.5;69.29;69.32;7181100;502620216
SBERP;D;20160216;000000;70.01;70.49;69.07;69.62;7747600;540876543
SBERP;D;20160217;000000;69.8;71.68;69.42;71.29;9992800;706024151
SBERP;D;20160218;000000;71.93;73.38;71.72;73.25;15055600;1092422312
SBERP;D;20160219;000000;72.48;73.37;71.61;71.93;10120000;733925109
SBERP;D;20160220;000000;72;72.69;72;72.63;1506300;109071961
SBERP;D;20160222;000000;72.82;73.78;72.51;73.6;4279200;313512694
SBERP;D;20160224;000000;72.8;73;71.81;72.34;6212500;449582296
SBERP;D;20160225;000000;72.7;74.04;71.8;73.76;9528900;698933343
SBERP;D;20160226;000000;74.31;75.69;74.2;75.21;10765400;808644308
SBERP;D;20160229;000000;74.7;76.9;74.35;76.9;7272200;549611585
SBERP;D;20160301;000000;77.04;77.95;76.63;77.31;8745800;676347891
SBERP;D;20160302;000000;78.2;78.29;75.2;75.2;7729200;591901447
SBERP;D;20160303;000000;75.5;76.59;75;75.8;6697900;508199520
SBERP;D;20160304;000000;76.1;76.87;75.7;76.82;6207000;474048554
SBERP;D;20160307;000000;77.4;77.84;77.15;77.82;4651000;360826756
SBERP;D;20160309;000000;77.5;77.6;76.03;76.51;8666000;663936803
SBERP;D;20160310;000000;76.06;77.21;75.55;75.56;11005400;841230840
SBERP;D;20160311;000000;76;77.76;75.83;77.03;15209600;1168959350
SBERP;D;20160314;000000;77.2;77.2;75.77;76.8;7800800;596229893
SBERP;D;20160315;000000;77.13;77.5;75.62;75.62;12426000;952634202
SBERP;D;20160316;000000;75.9;77.4;75.86;77;11037800;844688588
SBERP;D;20160317;000000;77.56;78.74;77.3;78.45;17189500;1346064438
SBERP;D;20160318;000000;78.35;80.17;78.1;79.7;12663800;1006681809
SBERP;D;20160321;000000;79.3;79.84;78.33;79.81;10571200;835901093
SBERP;D;20160322;000000;79.71;80.64;79.01;80.03;11547100;920773016
SBERP;D;20160323;000000;79.5;80.3;78.34;78.93;10478200;833322466
SBERP;D;20160324;000000;78.41;78.92;77.91;78.75;8676500;679354353
SBERP;D;20160325;000000;78.77;79.8;78.77;79.65;3639600;288835244
SBERP;D;20160328;000000;79.88;80.25;78.47;78.65;5136400;405936163
SBERP;D;20160329;000000;78.28;78.75;76.76;77.6;7475900;579535998
SBERP;D;20160330;000000;78.37;79.4;78.14;79.09;5284900;417089496
SBERP;D;20160331;000000;78.68;79.29;77.51;79.09;9516600;746496030
SBERP;D;20160401;000000;78.35;78.49;77;77.29;11544300;893981472
SBERP;D;20160404;000000;77.36;77.77;75.35;76.26;17399500;1332725429
SBERP;D;20160405;000000;75.49;75.49;74.12;75.13;10229100;766344082
SBERP;D;20160406;000000;75.51;76.43;75.03;76.1;9452400;715516019
SBERP;D;20160407;000000;76.76;77.41;76.12;76.8;10246200;786005760
SBERP;D;20160408;000000;77.37;79.21;76.92;78.75;14241200;1114333513
SBERP;D;20160411;000000;78.75;82;78.59;81.85;25964400;2104573211
SBERP;D;20160412;000000;82;83.04;80.67;81.92;14485700;1183586487
SBERP;D;20160413;000000;82.04;82.68;81.29;82.45;12056500;990211795
SBERP;D;20160414;000000;82.05;82.43;80.8;81.2;10746700;876158542
SBERP;D;20160415;000000;81.16;81.49;80.35;80.84;10254000;828337307
SBERP;D;20160418;000000;79.12;81.31;78.93;81.07;18838100;1511175993
SBERP;D;20160419;000000;81.49;84.44;81.49;82.8;13954500;1161077201
SBERP;D;20160420;000000;82.02;84.08;82;83.88;10336600;856673114
SBERP;D;20160421;000000;84.46;84.92;81.99;82.95;20430400;1708055955
SBERP;D;20160422;000000;82.97;84.35;82.3;84.08;10932900;912434590
SBERP;D;20160425;000000;83.62;84.18;82.75;82.85;7720400;642655029
SBERP;D;20160426;000000;82.9;82.9;80.84;82.37;11304300;925396818
SBERP;D;20160427;000000;82.61;84;82.31;83.09;10660200;887121613
SBERP;D;20160428;000000;83.3;84.53;82.56;83.91;10463700;876354559
SBERP;D;20160429;000000;83.98;84.99;83;84;13425700;1128209268
SBERP;D;20160504;000000;82.5;83.3;81.28;82.08;6393600;524905448
SBERP;D;20160505;000000;82.16;83.25;81.92;82.5;4992300;412560455
SBERP;D;20160506;000000;81.72;83.17;81.22;82.78;6394700;524758314
SBERP;D;20160510;000000;82.04;83.16;81.24;82.25;4972000;407233133
SBERP;D;20160511;000000;82.4;84;81.48;84;7072000;587887926
SBERP;D;20160512;000000;84;84.68;82.6;83.08;6544900;547890006
SBERP;D;20160513;000000;83.17;83.48;81.55;83.1;5576500;460168967
SBERP;D;20160516;000000;83.83;84.5;83.25;83.72;3388700;284419418
SBERP;D;20160517;000000;84;84.24;82.37;83.83;6619400;550708124
SBERP;D;20160518;000000;83.5;84.39;83.13;84.05;5054500;423147989
SBERP;D;20160519;000000;83.15;83.64;82;82.07;11100700;919300350
SBERP;D;20160520;000000;82.71;83;81.8;82.92;8929400;735602790
SBERP;D;20160523;000000;82.39;82.85;81.71;82.6;2994000;246359808
SBERP;D;20160524;000000;82.55;84;82.25;83.43;4474400;372842328
SBERP;D;20160525;000000;84.15;85.61;84.09;84.9;11923500;1013791016
SBERP;D;20160526;000000;85.79;87.7;84.7;87.4;17743100;1535024820
SBERP;D;20160527;000000;87.05;89.17;86.74;88.56;16260800;1437923412
SBERP;D;20160530;000000;88.66;89.91;87.98;89.83;8836700;783951091
SBERP;D;20160531;000000;90.05;93.44;88.96;91.5;34638400;3182731413
SBERP;D;20160601;000000;91.23;92.2;90.83;90.86;14172300;1296339612
SBERP;D;20160602;000000;90.63;91.4;89.45;91.25;8325200;752527285
SBERP;D;20160603;000000;91.6;91.91;89.89;90.24;7683600;698403516
SBERP;D;20160606;000000;90.61;92.5;90.61;92.14;9209600;846769418
SBERP;D;20160607;000000;92.02;97.49;91.92;97.21;20885000;1994212832
SBERP;D;20160608;000000;97.9;99.23;96.3;97.44;13106700;1276228661
SBERP;D;20160609;000000;97.44;98.2;95.85;97.78;7553900;733578365
SBERP;D;20160610;000000;95.96;96.1;93.39;93.75;9968400;943020450
SBERP;D;20160614;000000;92.34;92.76;85.48;88.75;21978700;1965281012
SBERP;D;20160615;000000;88.41;90.92;87.13;90.44;10989100;986089458
SBERP;D;20160616;000000;89.7;89.81;87.05;88;10731800;943995052
SBERP;D;20160617;000000;88.66;90.4;88.62;89.54;5805000;520630902
SBERP;D;20160620;000000;91;92.38;90.56;90.95;7525600;689729213
SBERP;D;20160621;000000;90.8;91.29;89.28;90.51;6783200;611567116
SBERP;D;20160622;000000;91.69;92.65;90.67;91.85;5006300;458591521
SBERP;D;20160623;000000;91.7;95.69;91.08;95.61;12693900;1197070630
SBERP;D;20160624;000000;90.01;92.38;89.42;91.01;16594500;1512424101
SBERP;D;20160627;000000;92;92.08;86;87;16976600;1500775194
SBERP;D;20160628;000000;88.02;88.94;86.09;88.46;9949600;874046050
SBERP;D;20160629;000000;88.9;90.42;88.9;90.35;7200500;647716633
SBERP;D;20160630;000000;90.2;91.24;88.33;90;8333300;746674733
SBERP;D;20160701;000000;90;90.95;88.88;90.8;7214800;650312464
SBERP;D;20160704;000000;90.9;91.9;89.77;90.73;9215900;836872877
SBERP;D;20160705;000000;90;90.64;88.88;89;5223400;467249309
SBERP;D;20160706;000000;88.7;89.21;87;88.26;7378500;648458925
SBERP;D;20160707;000000;88.8;90.7;88.55;90.16;6841800;615037342
SBERP;D;20160708;000000;89.56;91.8;89.01;91.51;9501100;861000334
SBERP;D;20160711;000000;91.86;94.47;91.7;92.7;8229700;768219525
SBERP;D;20160712;000000;93.39;94.94;92.91;94.81;5922300;558050287
SBERP;D;20160713;000000;94.6;96.7;93.5;96.44;18889100;1800301946
SBERP;D;20160714;000000;96.52;97.5;95.28;96.99;6072800;586439635
SBERP;D;20160715;000000;96.51;96.94;94.85;96;9452100;906780756
SBERP;D;20160718;000000;96;96.9;95.34;96.5;4537300;436576031
SBERP;D;20160719;000000;97.06;97.95;96.1;96.51;6809000;661737857
SBERP;D;20160720;000000;96.71;97.63;95.63;97.37;7524600;725733262
SBERP;D;20160721;000000;97.51;97.87;95.7;97.1;3406200;329530810
SBERP;D;20160722;000000;96.47;97.1;96.19;96.4;2187400;211325395
SBERP;D;20160725;000000;96.98;96.99;94.7;95.2;6378000;608244866
SBERP;D;20160726;000000;95.23;95.72;93.6;95.1;5953400;562080160
SBERP;D;20160727;000000;95.29;95.91;94.64;94.99;5961200;567349624
SBERP;D;20160728;000000;94.9;96.26;94.5;95.9;8251000;787455482
SBERP;D;20160729;000000;96;98.91;95.36;98.8;13602700;1323056509
SBERP;D;20160801;000000;99.81;99.93;97.4;98.41;8826800;874811105
SBERP;D;20160802;000000;98.7;98.85;96.4;96.58;8004500;778409552
SBERP;D;20160803;000000;96.5;97.42;95.63;97;7034000;678842103
SBERP;D;20160804;000000;98;98;96.63;97.23;3901700;379719676
SBERP;D;20160805;000000;97.01;98.2;97.01;97.51;6032300;588630448
SBERP;D;20160808;000000;98.29;98.9;97.1;98.45;7561200;741963065
SBERP;D;20160809;000000;97.88;99.51;97.88;99;5250900;518893539
SBERP;D;20160810;000000;98.72;99.44;98;98;3202500;316215703
SBERP;D;20160811;000000;98.14;99.5;97.89;99.39;5477700;540583733
SBERP;D;20160812;000000;99.78;100.27;98.8;98.8;4637600;461425160
SBERP;D;20160815;000000;99.3;99.63;98.8;99.13;3113900;308806543
SBERP;D;20160816;000000;99.13;100.19;98.21;99.31;4918000;487430373
SBERP;D;20160817;000000;98.51;99.06;97.72;98.95;4040200;397745827
SBERP;D;20160818;000000;99.23;99.87;97.83;98.85;4296200;423794775
SBERP;D;20160819;000000;99.06;99.32;97.41;98.4;3699000;362525134
SBERP;D;20160822;000000;97.87;99.49;97.21;99.15;6267800;615396045
SBERP;D;20160823;000000;98.95;101.13;98.61;100.8;5524000;551637105
SBERP;D;20160824;000000;100.33;100.85;99.56;100.3;5601100;561304328
SBERP;D;20160825;000000;100.3;102.81;100.08;102.8;6852800;694116413
SBERP;D;20160826;000000;103;104.77;102.76;104.09;6925000;719217550
SBERP;D;20160829;000000;103.01;103.74;102.52;103.6;2797300;288270809
SBERP;D;20160830;000000;103.7;104.42;102.34;102.45;4572000;473177725
SBERP;D;20160831;000000;102.43;102.76;101.4;101.97;5594300;570645869
SBERP;D;20160901;000000;102.67;103.5;102.19;103.32;3160300;325641528
SBERP;D;20160902;000000;103.2;104.6;102.37;104.15;5564500;574996497
SBERP;D;20160905;000000;104.53;106.45;104.27;105.97;4450400;469813958
SBERP;D;20160906;000000;106.3;107.96;105.45;107.96;4818800;514528302
SBERP;D;20160907;000000;108.09;111.61;108;110.9;9597200;1060389021
SBERP;D;20160908;000000;111.85;112.65;108.6;109.07;10884500;1199984231
SBERP;D;20160909;000000;108.4;108.5;107.21;107.66;4088000;439942338
SBERP;D;20160912;000000;106.47;107.8;105.67;107.51;4671700;499570968
SBERP;D;20160913;000000;107.6;108.14;105.98;106.97;4243700;454150265
SBERP;D;20160914;000000;107.38;108.07;106.36;106.93;4301400;460506355
SBERP;D;20160915;000000;106.7;107.55;106.3;107.31;7421000;794262141
SBERP;D;20160916;000000;107.57;108.11;105.26;106.06;6670600;713434575
SBERP;D;20160919;000000;106.97;107.77;106.3;107;3802400;407556990
SBERP;D;20160920;000000;106.65;107.4;105.55;107.29;2093200;222492687
SBERP;D;20160921;000000;107.42;109.13;107.42;108.45;4735300;513902086
SBERP;D;20160922;000000;109.48;111.55;109.22;111.47;5817800;641072205
SBERP;D;20160923;000000;111;111.59;108.7;109.38;4485900;492400103
SBERP;D;20160926;000000;108.98;110.46;108.2;109.26;4393900;480122274
SBERP;D;20160927;000000;109.91;109.91;108.28;108.75;2891600;315001694
SBERP;D;20160928;000000;108.98;109.89;108.45;109.2;2505000;273577757
SBERP;D;20160929;000000;110.97;111.26;108.83;109;6210200;683268531
SBERP;D;20160930;000000;107.9;107.9;105.5;105.82;5825700;621079883
SBERP;D;20161003;000000;106.77;109;106.07;108.55;6365000;687403675
SBERP;D;20161004;000000;108.73;108.9;106.87;107.82;4181700;450386280
SBERP;D;20161005;000000;107.82;108.87;106.9;108.68;3544000;382562219
SBERP;D;20161006;000000;108.78;111.29;108.55;111.01;7339100;810201263
SBERP;D;20161007;000000;111;112.21;110.46;111.22;6745800;751515659
SBERP;D;20161010;000000;111.09;114.25;110.61;113.4;6721600;757935602
SBERP;D;20161011;000000;113.59;114.99;113.2;113.9;5638000;642833390
SBERP;D;20161012;000000;114.1;114.1;111.86;112.32;4416400;497623113
SBERP;D;20161013;000000;111.84;112.45;110.6;110.65;4972900;553435379
SBERP;D;20161014;000000;111.34;111.69;109.8;110.6;6657500;736474577
SBERP;D;20161017;000000;110.89;111.29;109.41;110.19;6965500;768543102
SBERP;D;20161018;000000;110.61;111.44;110.26;110.92;4992100;553820274
SBERP;D;20161019;000000;111.11;112.1;110.77;111.86;4437000;494335445
SBERP;D;20161020;000000;111.99;113.14;111.36;111.37;5362400;601858000
SBERP;D;20161021;000000;111;112.4;110.71;111.75;2998700;334839259
SBERP;D;20161024;000000;112.05;113.32;111.8;112.2;5166200;581029207
SBERP;D;20161025;000000;112.9;113.37;112.53;112.82;6776000;766039993
SBERP;D;20161026;000000;112.6;112.83;111.15;111.48;4755700;531624444
SBERP;D;20161027;000000;111.3;112.5;111.3;112.11;3694100;413884015
SBERP;D;20161028;000000;112.4;112.45;111.41;112.44;1875800;209989334
SBERP;D;20161031;000000;111.8;112.5;111.25;111.59;2487800;278506037
SBERP;D;20161101;000000;111.64;112.79;110.22;110.22;2973300;331092345
SBERP;D;20161102;000000;109.5;110.84;107.6;107.6;4705300;513913829
SBERP;D;20161103;000000;107.71;108.71;106.52;106.52;4177600;449118089
SBERP;D;20161107;000000;106.71;108.2;106.04;106.4;3512300;376028587
SBERP;D;20161108;000000;107;107.69;105.32;106.76;4802000;510898667
SBERP;D;20161109;000000;105;110.73;104.4;110.48;9130000;990599655
SBERP;D;20161110;000000;110.81;112.34;110.2;111.8;9852600;1096600164
SBERP;D;20161111;000000;111.55;114.01;110.79;113.49;8341300;938775282
SBERP;D;20161114;000000;113.61;114.33;112.38;113.21;4804200;543089611
SBERP;D;20161115;000000;113.15;113.46;110.81;111.65;4408400;493292316
SBERP;D;20161116;000000;112.06;112.91;111.31;111.65;2256700;252902397
SBERP;D;20161117;000000;111.25;112.02;109.6;110.28;4197100;464325985
SBERP;D;20161118;000000;110.2;111.87;110.17;111.25;2760800;306955643
SBERP;D;20161121;000000;111.5;112.48;111.37;111.95;3597800;402805017
SBERP;D;20161122;000000;112.46;113.88;112.2;113.81;5483400;621792938
SBERP;D;20161123;000000;114;114.85;113.72;114.5;3813100;435974840
SBERP;D;20161124;000000;114.5;118.35;114.49;118.24;5070300;592681645
SBERP;D;20161125;000000;118.35;119.86;117.08;118;5042800;596287245
SBERP;D;20161128;000000;117.8;118.34;116.25;117.03;3370800;394495099
SBERP;D;20161129;000000;117.37;118.61;115.7;115.7;4567100;533599898
SBERP;D;20161130;000000;116.08;117.79;115.76;116.08;4798700;560819767
SBERP;D;20161201;000000;117.43;117.45;115.2;115.4;4122100;477950426
SBERP;D;20161202;000000;115.4;116.62;114.77;116.62;4127100;476820318
SBERP;D;20161205;000000;116.13;118.77;116;118.06;5099600;599900576
SBERP;D;20161206;000000;118.49;119.16;116.46;116.5;5415900;637709158
SBERP;D;20161207;000000;116.8;118.68;116.5;118.21;4248900;501088221
SBERP;D;20161208;000000;118.58;123.75;118.48;123.75;8561800;1037817383
SBERP;D;20161209;000000;123.99;124.98;121.81;121.9;7124100;877103343
SBERP;D;20161212;000000;123.18;128.4;123.18;126.3;7278600;918020998
SBERP;D;20161213;000000;126.8;129.53;124.75;129.53;10416700;1323446609
SBERP;D;20161214;000000;130;130;127.3;128.56;5399300;692116494
SBERP;D;20161215;000000;127.14;129.38;126.65;129.09;6834300;875667195
SBERP;D;20161216;000000;129.85;129.88;128.23;128.42;5746600;740718240
SBERP;D;20161219;000000;128.8;129.19;127.72;127.8;2278300;292579346
SBERP;D;20161220;000000;128.26;129.38;127.15;128.45;1943600;249556533
SBERP;D;20161221;000000;128.45;131.49;128.45;129.63;6882100;896276439
SBERP;D;20161222;000000;129.28;129.54;126.36;127.01;5420300;692463520
SBERP;D;20161223;000000;126.96;128.9;126.68;128.13;2983400;381608187
SBERP;D;20161226;000000;128.26;129.25;127.71;128;1200400;154299836
SBERP;D;20161227;000000;128;128.63;127.07;128.13;1746000;223394372
SBERP;D;20161228;000000;128.58;129.1;128.01;129;2593900;333840928
SBERP;D;20161229;000000;128.5;130.55;127.9;130.5;3906100;504374587
SBERP;D;20161230;000000;130.12;131.09;129.52;129.75;2245800;292382181
SBERP;D;20170103;000000;130.9;136.59;130.07;136.59;6955400;933677975
SBERP;D;20170104;000000;135.89;136.66;134.02;134.8;4093700;553240967
SBERP;D;20170105;000000;134.82;136.08;133.41;133.47;2937100;394782754
SBERP;D;20170106;000000;134;134.5;131.87;132.5;3040400;403542170
SBERP;D;20170109;000000;132.68;133.74;129.9;130;4124600;541660911
SBERP;D;20170110;000000;129.95;132.06;129.61;130.59;3911900;512511022
SBERP;D;20170111;000000;130.2;131.74;128.31;128.8;4052300;525605346
SBERP;D;20170112;000000;129.48;129.9;128.12;128.12;2786300;359707258
SBERP;D;20170113;000000;128.43;130.69;123.3;124.26;6128500;770230387
SBERP;D;20170116;000000;124.79;124.8;122.63;122.76;3955700;488920677
SBERP;D;20170117;000000;122.7;123.65;121.7;122.64;3516300;432174468
SBERP;D;20170118;000000;123;124.45;122.2;124;3258800;402666898
SBERP;D;20170119;000000;124.4;126.19;123.84;124.99;3904500;488319264
SBERP;D;20170120;000000;124.63;126.58;124.5;126.48;2895600;364606225
SBERP;D;20170123;000000;126.4;126.48;124.23;124.78;3123200;390605875
SBERP;D;20170124;000000;125;128.35;125;127.7;4149300;527722085
SBERP;D;20170125;000000;127.01;128.65;127.01;127.45;2456400;313683468
SBERP;D;20170126;000000;128.17;130.45;127.59;129.94;4062700;525948616
SBERP;D;20170127;000000;129.95;132.1;129.01;131.9;7274900;953081354
SBERP;D;20170130;000000;131.5;132;129.61;130.01;3740700;488802092
SBERP;D;20170131;000000;129.8;130.38;128.1;128.6;2681600;345660029
SBERP;D;20170201;000000;129;129.99;128.17;129.42;3158100;407868198
SBERP;D;20170202;000000;130;130.44;128.39;128.8;2435800;314734110
SBERP;D;20170203;000000;129;130.14;128.77;130;2124200;275450392
SBERP;D;20170206;000000;130.21;130.95;129.28;130.46;2695000;350476238
SBERP;D;20170207;000000;130.93;131.68;129.5;130.68;2474300;323297691
SBERP;D;20170208;000000;130.68;130.68;127.87;128.84;2596600;335372374
SBERP;D;20170209;000000;129.38;129.72;127.3;128.4;2568500;328816694
SBERP;D;20170210;000000;128.77;129.5;126.84;127.41;4640400;593371340
SBERP;D;20170213;000000;127.77;129.5;127;127.98;6119500;783711097
SBERP;D;20170214;000000;127.98;127.98;125.08;125.44;2171700;273789300
SBERP;D;20170215;000000;125.1;126.93;122.94;125.45;3938600;493820408
SBERP;D;20170216;000000;125.64;125.91;123.12;125.47;2931300;366945833
SBERP;D;20170217;000000;125.52;125.68;123.51;124.45;5321200;662824716
SBERP;D;20170220;000000;124.85;125.34;123.15;125;3081700;383818299
SBERP;D;20170221;000000;125;127.45;124.32;126.9;4103900;519296520
SBERP;D;20170222;000000;127.3;127.99;126.05;127.99;4730900;601014030
SBERP;D;20170224;000000;128.01;129.15;125.87;125.87;1788100;227907903
SBERP;D;20170227;000000;126.88;126.91;121.21;121.25;4265500;526170533
SBERP;D;20170228;000000;121.25;121.78;118.31;118.81;5199600;622198412
SBERP;D;20170301;000000;119;123.5;117.91;122.92;4759500;581620214
SBERP;D;20170302;000000;123.05;125.6;123.05;125.29;7387900;918810435
SBERP;D;20170303;000000;124.05;125.45;122.1;122.43;6127700;756468129
SBERP;D;20170306;000000;122;123.75;120.57;120.57;3695300;451871435
SBERP;D;20170307;000000;120.6;121.03;118.08;119.26;4182100;498590745
SBERP;D;20170309;000000;118.25;118.9;116.11;118.46;6214800;730360552
SBERP;D;20170310;000000;118.01;120.65;117.1;117.6;4610100;546886112
SBERP;D;20170313;000000;117.05;119.6;116.33;117.8;4199900;496842933
SBERP;D;20170314;000000;118.7;119.01;117.21;117.51;5367600;633321126
SBERP;D;20170315;000000;118.1;119.29;116.6;117.5;2712100;319634568
SBERP;D;20170316;000000;118.78;121.62;118.78;121.5;8887400;1067190450
SBERP;D;20170317;000000;121.33;124.49;121.06;122.73;4261600;523883114
SBERP;D;20170320;000000;123.5;125.71;122.72;125.45;3625300;451839150
SBERP;D;20170321;000000;125.99;127.26;124.41;125.33;4701200;593377711
SBERP;D;20170322;000000;123.99;124.77;121.29;124.73;3896500;479109256
SBERP;D;20170323;000000;125.04;126.45;124.69;126;3013900;378245066
SBERP;D;20170324;000000;125.28;126.43;124;124.59;3550600;444881949
SBERP;D;20170327;000000;123.01;124.34;122;123;2581000;317052176
SBERP;D;20170328;000000;123.66;123.69;122.17;123.3;2633200;323982198
SBERP;D;20170329;000000;123.79;124.3;122.36;123.05;1486400;183387109
SBERP;D;20170330;000000;123.9;123.99;121.65;122.88;2307800;283251916
SBERP;D;20170331;000000;122.67;122.7;120;120.8;2547000;308346293
SBERP;D;20170403;000000;120.7;122.19;120.2;120.74;2847100;345531888
SBERP;D;20170404;000000;120.69;123.5;119;123.42;2908600;353545249
SBERP;D;20170405;000000;123.96;125.49;123.25;124.71;2927700;364471020
SBERP;D;20170406;000000;124.2;125.79;124;125;2413900;301899429
SBERP;D;20170407;000000;124.24;124.63;120.77;122.59;4396500;537094817
SBERP;D;20170410;000000;121.66;122.57;117.35;117.35;4852600;575629551
SBERP;D;20170411;000000;117.02;119.15;116.41;117.48;4228600;498778208
SBERP;D;20170412;000000;117.72;118.4;113.13;113.29;4026500;465148817
SBERP;D;20170413;000000;114.49;114.78;110.71;113.28;6890700;778050707
SBERP;D;20170414;000000;112.8;113.5;110.9;111.04;1278200;143296587
SBERP;D;20170417;000000;110.73;115.51;109.88;115.51;3142300;354049976
SBERP;D;20170418;000000;115.46;116.25;112.56;113.7;4767700;544121178
SBERP;D;20170419;000000;113.55;114.92;112.25;112.9;4005600;455033303
SBERP;D;20170420;000000;112.5;117.69;111.41;117.4;9195400;1051604704
SBERP;D;20170421;000000;117.93;120.79;117.66;120.08;7659400;915014287
SBERP;D;20170424;000000;121;123.49;120.8;123.49;5602200;685569194
SBERP;D;20170425;000000;123.64;124.11;121.59;123.88;4856000;597869086
SBERP;D;20170426;000000;124;125.77;122.7;125.6;3515100;436905427
SBERP;D;20170427;000000;125.01;125.37;123.9;124.71;3472100;432822429
SBERP;D;20170428;000000;125.5;126.9;124.81;125.82;5314900;669869710
SBERP;D;20170502;000000;125.99;129.15;125.87;128.58;5152500;661278381
SBERP;D;20170503;000000;128.5;128.5;126.02;127.25;3670300;466255255
SBERP;D;20170504;000000;127.95;128.84;126.56;126.7;4126800;525909674
SBERP;D;20170505;000000;125.97;128.51;125.2;128.2;3133600;398789615
SBERP;D;20170510;000000;128.68;130.48;128.55;130;4764500;618565392
SBERP;D;20170511;000000;130.12;131.43;127.8;127.85;4518200;587772564
SBERP;D;20170512;000000;127.41;128.8;126.98;127.3;2829800;361970651
SBERP;D;20170515;000000;127.71;131.35;127.71;131.2;4284600;556419873
SBERP;D;20170516;000000;130.95;133.2;129.91;131.33;6917000;911715213
SBERP;D;20170517;000000;130.8;132.2;130.38;131.35;4373200;573776808
SBERP;D;20170518;000000;130.5;130.95;128.02;128.93;5094900;656384941
SBERP;D;20170519;000000;129.11;131.75;128.52;131.1;2988300;388333843
SBERP;D;20170522;000000;132.34;132.48;130.49;131.98;3016100;396190427
SBERP;D;20170523;000000;131.74;133.77;130.97;132.04;7167300;947073939
SBERP;D;20170524;000000;132.4;133.95;130.1;133;4137600;547088932
SBERP;D;20170525;000000;133.24;133.68;130.5;130.7;2998900;395804810
SBERP;D;20170526;000000;130.7;131.55;128.72;130.2;7097600;921910457
SBERP;D;20170529;000000;129.29;131.21;129.29;130.5;2857000;372123519
SBERP;D;20170530;000000;130.2;130.46;129.08;129.49;3393800;440307642
SBERP;D;20170531;000000;129.47;129.79;123.7;124.69;9509100;1194823099
SBERP;D;20170601;000000;124.9;126.4;122.5;125.34;8666700;1079089548
SBERP;D;20170602;000000;124.51;127;122.91;126.95;4422700;553348173
SBERP;D;20170605;000000;127.3;127.86;124.3;124.46;3579000;450558919
SBERP;D;20170606;000000;124.44;125.79;122.86;122.98;3531200;436820460
SBERP;D;20170607;000000;123.25;124.78;122.69;123.78;7114900;881923127
SBERP;D;20170608;000000;124;124.25;120.2;122.4;6227200;758442377
SBERP;D;20170609;000000;122.39;122.39;121.11;122.25;4089900;497985628
SBERP;D;20170613;000000;117.05;118.6;116.53;116.55;6123500;719949199
SBERP;D;20170614;000000;116.75;116.95;114.05;114.3;5278200;607191370
SBERP;D;20170615;000000;114;114;108.81;111.02;11273600;1242452804
SBERP;D;20170616;000000;112.93;113.59;110.89;111.99;3741300;421170392
SBERP;D;20170619;000000;112.99;114.4;112.17;114.11;2888900;328019539
SBERP;D;20170620;000000;114.49;116.71;113.6;115.5;4499700;518951894
SBERP;D;20170621;000000;115.21;117.54;114.41;116.47;3493300;405863426
SBERP;D;20170622;000000;116;116.92;114.59;115;3671800;424955690
SBERP;D;20170623;000000;115.01;115.79;114.02;114.58;2829800;325055022
SBERP;D;20170626;000000;114.9;117;113.11;113.22;4141800;474969791
SBERP;D;20170627;000000;113.37;115.1;112.72;114.93;1976500;225537644
SBERP;D;20170628;000000;114.56;115.92;113.31;115.72;3123000;359115759
SBERP;D;20170629;000000;116.79;116.8;114.6;115;3410300;393419171
SBERP;D;20170630;000000;115.1;120.48;104.87;120.29;13379300;1582204601
SBERP;D;20170703;000000;120.7;121.68;119.38;120.4;4187500;503831657
SBERP;D;20170704;000000;120.3;123.47;120.03;123.4;4155400;508581949
SBERP;D;20170705;000000;123.41;125.7;122.55;125.01;6281800;779640426
SBERP;D;20170706;000000;125.1;126.1;123.77;123.87;3075500;383622691
SBERP;D;20170707;000000;123.5;126.04;122.77;125.5;3145400;392214202
SBERP;D;20170710;000000;125.99;127.89;125.73;127.55;2643400;335156046
SBERP;D;20170711;000000;127.85;129.35;126.64;129;3635000;465263501
SBERP;D;20170712;000000;129.12;134;129.12;133.99;8567700;1134149286
SBERP;D;20170713;000000;134.08;136.12;132.4;134.6;9913500;1332669729
SBERP;D;20170714;000000;134.01;136.8;133.92;134.51;6784900;918363458
SBERP;D;20170717;000000;135;136.4;133;133.67;3164100;424888240
SBERP;D;20170718;000000;133.99;135.59;132.46;132.7;5542100;740555181
SBERP;D;20170719;000000;132.91;135.1;131.9;134.72;4633800;621115662
SBERP;D;20170720;000000;135.35;135.9;134;134.69;3390700;456956592
SBERP;D;20170721;000000;134.5;135.44;133.51;133.75;4398500;591098167
SBERP;D;20170724;000000;133.39;134.89;131.83;134.35;4076100;544031091
SBERP;D;20170725;000000;134.02;135;133.2;134;3374300;452006302
SBERP;D;20170726;000000;134.22;135.88;133.84;135.21;3273500;442081340
SBERP;D;20170727;000000;135.71;137.9;135.71;137.24;4185000;574199255
SBERP;D;20170728;000000;136.22;137.18;134.38;136.22;4165100;564762918
SBERP;D;20170731;000000;136.53;138.42;134.47;134.99;4817800;656868481
SBERP;D;20170801;000000;135.97;137.55;135.15;136.44;3087100;421812252
SBERP;D;20170802;000000;136.24;139.31;135.76;138.9;4239200;584763099
SBERP;D;20170803;000000;138.9;139.84;138.1;138.4;2677000;371800721
SBERP;D;20170804;000000;137.76;139.93;137.34;138.77;2926400;406343570
SBERP;D;20170807;000000;139.28;140.45;138.89;139.95;3078900;430286700
SBERP;D;20170808;000000;140.3;143.59;140.05;143.5;6012200;853881215
SBERP;D;20170809;000000;142.59;144.57;141.86;141.9;4201600;599573476
SBERP;D;20170810;000000;142.36;142.46;140.03;141;2988300;421798862
SBERP;D;20170811;000000;140.64;141.8;138.26;141.8;5033200;703565691
SBERP;D;20170814;000000;142.5;143;140.84;141.67;2379700;337727786
SBERP;D;20170815;000000;141.1;141.8;140.11;141.5;1905500;268571330
SBERP;D;20170816;000000;142.27;143;141.04;141.72;2058900;292949487
SBERP;D;20170817;000000;140.6;143.5;140.3;140.98;2323400;327310371
SBERP;D;20170818;000000;140;140.79;137.9;138.74;4098400;571122906
SBERP;D;20170821;000000;139.54;141.4;138.96;140.9;2481300;348218207
SBERP;D;20170822;000000;140.98;142.63;140.98;141.83;2396500;340219305
SBERP;D;20170823;000000;141.74;143.99;141.72;143.5;3535800;506061317
SBERP;D;20170824;000000;143.7;147.9;143.7;147.24;4439000;650868440
SBERP;D;20170825;000000;148.12;149.79;147.29;149.7;2842400;422397313
SBERP;D;20170828;000000;149.9;151.31;148.56;150.75;2678000;401909978
SBERP;D;20170829;000000;150.54;151;148.03;149.95;3740200;557254324
SBERP;D;20170830;000000;150.5;154.78;150.02;154;5728400;873557679
SBERP;D;20170831;000000;153.99;159;153.05;157.98;6075300;952096115
SBERP;D;20170901;000000;157.77;159.88;157.22;157.8;6243800;990601057
SBERP;D;20170904;000000;156.99;158.8;156.03;158.35;3495400;550492574
SBERP;D;20170905;000000;157.99;159.7;157.11;159.35;3617900;573252001
SBERP;D;20170906;000000;158.3;159.1;157.42;158;2208000;349095454
SBERP;D;20170907;000000;158.5;161.96;158.34;161.43;4778900;769095522
SBERP;D;20170908;000000;161.01;162.61;160.6;162;5489300;887290276
SBERP;D;20170911;000000;163.35;164.41;162.11;162.37;5660300;924341533
SBERP;D;20170912;000000;163.2;163.38;160.01;160.48;9445600;1527236102
SBERP;D;20170913;000000;160.58;161.38;159.55;159.63;5116600;820214593
SBERP;D;20170914;000000;160;160.25;157.61;159.24;4014500;637673370
SBERP;D;20170915;000000;159.7;160.66;158.7;160.1;4390100;700997404
SBERP;D;20170918;000000;160.25;161.8;159.05;159.25;5581600;894301032
SBERP;D;20170919;000000;159.2;159.59;157.22;157.5;2432500;384426076
SBERP;D;20170920;000000;157.25;158.61;156.37;158.61;3007000;472622914
SBERP;D;20170921;000000;159;159.27;157.18;158.6;3209000;507766445
SBERP;D;20170922;000000;158.2;158.8;156.86;157.35;3671000;579513911
SBERP;D;20170925;000000;157.72;159.08;157.02;158.25;5597400;884186527
SBERP;D;20170926;000000;158.49;161.3;158.31;158.37;6581800;1051172201
SBERP;D;20170927;000000;159.3;159.3;156.21;158.03;6402800;1007849774
SBERP;D;20170928;000000;158.03;158.19;155.5;156.06;3610500;566242931
SBERP;D;20170929;000000;156.31;156.77;155.5;155.7;2115700;330173889
SBERP;D;20171002;000000;155.7;158;155.2;157.94;2590200;406763690
SBERP;D;20171003;000000;157.94;159.23;156.53;157.67;2337800;368472880
SBERP;D;20171004;000000;157.6;159.55;157.31;159.15;3390700;536880277
SBERP;D;20171005;000000;158.91;160.89;156.35;160.37;3204900;507783398
SBERP;D;20171006;000000;160.3;161.8;159.71;160.25;4938000;794877832
SBERP;D;20171009;000000;160.25;160.71;158.88;160.38;1621800;259219329
SBERP;D;20171010;000000;160.51;160.51;157.27;158.19;2189200;347273105
SBERP;D;20171011;000000;158;160.39;157.81;159.6;2177600;347283088
SBERP;D;20171012;000000;160.09;160.84;158.51;158.7;1842100;293753236
SBERP;D;20171013;000000;159.01;160.55;158.65;160;2177500;348212994
SBERP;D;20171016;000000;160.49;163.95;159.95;163.95;3758500;610016177
SBERP;D;20171017;000000;164.35;164.35;160.9;162.32;3725000;605022801
SBERP;D;20171018;000000;162.62;163.15;160.98;162;2618400;424270720
SBERP;D;20171019;000000;162;162.38;158.69;159.01;2925600;468014912
SBERP;D;20171020;000000;159.31;161.27;159.21;160.87;2308900;370619112
SBERP;D;20171023;000000;161;161.95;159.2;159.89;2089900;334913100
SBERP;D;20171024;000000;160.49;161;158.89;160;1929500;308562883
SBERP;D;20171025;000000;160.5;162.1;158.79;158.79;2205200;354285615
SBERP;D;20171026;000000;159.03;160.42;158.07;159.21;2315900;368676556
SBERP;D;20171027;000000;160.06;160.79;159.08;160;4507000;720559752
SBERP;D;20171030;000000;160.01;161.95;159.81;160.41;4214300;678310211
SBERP;D;20171031;000000;160.42;160.68;157.92;158.52;3171700;504519297
SBERP;D;20171101;000000;158.5;160.42;158;159.7;3517800;561575504
SBERP;D;20171102;000000;159.5;160.77;158.06;159.7;3702300;591278502
SBERP;D;20171103;000000;160.4;161.4;159.58;160.5;1943600;311643224
SBERP;D;20171107;000000;161.48;171.88;161.43;171.4;9887100;1663090189
SBERP;D;20171108;000000;171.99;178.84;170.52;178.45;8057000;1418922908
SBERP;D;20171109;000000;178.43;191.06;176.94;191.06;12080700;2223416579
SBERP;D;20171110;000000;191;203;188.51;190.1;18718600;3649521474
SBERP;D;20171113;000000;190.1;194.35;186.06;188.19;5718900;1083818807
SBERP;D;20171114;000000;188.18;191.4;187.31;189.65;4302300;813390581
SBERP;D;20171115;000000;190.1;194.49;188.27;190;6578100;1251534852
SBERP;D;20171116;000000;191.3;192.4;182.84;185.6;11107100;2064291074
SBERP;D;20171117;000000;186.12;187.65;185;186.04;3009400;559118966
SBERP;D;20171120;000000;185.9;186.55;184.02;185.6;2119800;392584655
SBERP;D;20171121;000000;185.71;192.5;185.71;192.1;6872200;1305343558
SBERP;D;20171122;000000;192.63;195.56;192;192.3;6421700;1243809188
SBERP;D;20171123;000000;192.42;193.23;188.52;188.7;3819500;729945610
SBERP;D;20171124;000000;188.51;193;186.37;192.3;3656000;695573311
SBERP;D;20171127;000000;192.59;193;189.71;190.86;1872900;358280380
SBERP;D;20171128;000000;189.6;193.28;189.34;192.5;3569600;683404653
SBERP;D;20171129;000000;193;194.4;188.24;189.63;3886200;741500310
SBERP;D;20171130;000000;189;190.99;184.53;184.53;3142400;588330263
SBERP;D;20171201;000000;185.71;187;183.09;184.55;3044400;563928803
SBERP;D;20171204;000000;184.11;186.89;183.3;184.2;2492300;461259666
SBERP;D;20171205;000000;184.19;185.69;182.5;185.2;2660000;488590615
SBERP;D;20171206;000000;184.9;186.84;183.1;185.4;1292600;239522590
SBERP;D;20171207;000000;185.97;186.47;181.51;181.91;3086600;566431835
SBERP;D;20171208;000000;183.22;185.86;182.33;185;3035000;559722471
SBERP;D;20171211;000000;185.3;192.16;185.3;192.05;3412800;644482802
SBERP;D;20171212;000000;194.05;196;192.03;195.96;4299000;834123326
SBERP;D;20171213;000000;195.59;199.49;188.6;188.84;9604500;1859617675
SBERP;D;20171214;000000;189.9;193.93;188;193.23;5309000;1014475383
SBERP;D;20171215;000000;193.23;194.03;190;190;2921700;559556418
SBERP;D;20171218;000000;190.19;193.48;189.75;191.29;2551800;489420573
SBERP;D;20171219;000000;191.98;192.9;189.7;190.67;2706500;517509741
SBERP;D;20171220;000000;191.3;191.96;189.09;191.25;2898100;552229919
SBERP;D;20171221;000000;191.36;192.89;189.22;189.5;3255800;621723283
SBERP;D;20171222;000000;190.3;191.18;188.86;189.2;1275800;242245821
SBERP;D;20171225;000000;189.21;190.4;189;189.82;371900;70556742
SBERP;D;20171226;000000;189.97;190.5;187.2;190;1414200;267074434
SBERP;D;20171227;000000;190.4;191.83;189.51;190.73;1786400;340916963
SBERP;D;20171228;000000;190.65;191.59;189.5;190.3;1196400;227606050
SBERP;D;20171229;000000;190.02;191.17;189;189;1572400;299158869
SBERP;D;20180103;000000;190.67;197.4;190.47;197.3;3240000;632144621
SBERP;D;20180104;000000;197.98;204.4;197.01;203.03;4337700;874340448
SBERP;D;20180105;000000;204.02;205.88;203.03;203.5;4082400;833358510
SBERP;D;20180109;000000;203.91;205.93;200.37;201.3;3860600;785318340
SBERP;D;20180110;000000;201.83;202.42;196.16;197.52;4843500;959314760
SBERP;D;20180111;000000;198.5;199.91;196;199.78;3322000;659229879
SBERP;D;20180112;000000;199.98;200.9;198.21;199.49;2498700;498318288
SBERP;D;20180115;000000;200;203.44;200;201.9;3257300;658815611
SBERP;D;20180116;000000;203.98;203.98;199.16;200.82;2315800;465252733
SBERP;D;20180117;000000;199.51;201.8;198.1;201.34;1425900;285870811
SBERP;D;20180118;000000;201.34;205;201.34;204.63;3564700;727119762
SBERP;D;20180119;000000;204.5;205.02;201.49;203.97;2455600;499354385
SBERP;D;20180122;000000;203.97;204.5;201.58;202.5;1495100;303659629
SBERP;D;20180123;000000;203.52;204.98;202.01;202.71;1885300;383519459
SBERP;D;20180124;000000;202.57;205.32;202.1;204.2;2592100;529422201
SBERP;D;20180125;000000;205.49;210.5;205;209;5624400;1168905266
SBERP;D;20180126;000000;208.5;211.65;207.86;208;3743700;785829595
SBERP;D;20180129;000000;208.97;210.68;208.26;209.9;1790900;375760063
SBERP;D;20180130;000000;209;215.3;208.24;213.35;4095600;872574316
SBERP;D;20180131;000000;213.11;218.5;212.12;217.49;5237100;1132217399
SBERP;D;20180201;000000;218.49;221.86;213.05;213.77;7708300;1677920983
SBERP;D;20180202;000000;214.35;216.89;208.63;208.8;4126800;873980563
SBERP;D;20180205;000000;206.64;210.71;205.86;209.75;2917500;608682108
SBERP;D;20180206;000000;205;213.32;202.5;210.6;5098400;1054967729
SBERP;D;20180207;000000;212.15;214.5;208.8;210.22;3684800;779241225
SBERP;D;20180208;000000;208.8;210.95;206.4;206.6;2520000;526451223
SBERP;D;20180209;000000;203;205.2;198.85;203.18;6415600;1296308101
SBERP;D;20180212;000000;205.02;208.18;204.05;207.69;3319100;685499515
SBERP;D;20180213;000000;208.5;210;206.77;209.5;2476900;517421095
SBERP;D;20180214;000000;210.21;212.55;208.17;211.64;3523900;742340809
SBERP;D;20180215;000000;215.99;216;213.2;214.6;3778900;812281431
SBERP;D;20180216;000000;215.48;216.4;211.82;214.02;3678900;787304236
SBERP;D;20180219;000000;214.45;216;210.39;211.04;2450500;520232686
SBERP;D;20180220;000000;211.85;216;208.46;215.9;5325300;1137286775
SBERP;D;20180221;000000;214.76;224.3;214.76;224;6312600;1387470561
SBERP;D;20180222;000000;224;228.6;221.22;228.5;7272000;1639216488
SBERP;D;20180226;000000;229;235;228.65;232.03;4115500;956824010
SBERP;D;20180227;000000;232;233.5;229;231.18;2725000;627839462
SBERP;D;20180228;000000;230;230.05;223.63;227;3702000;839415883
SBERP;D;20180301;000000;224.22;228.8;224.22;226.15;3901500;885245261
SBERP;D;20180302;000000;225;226.09;221.5;224.5;2059700;460020995
SBERP;D;20180305;000000;225;230.3;225;229.29;2434700;556557107
SBERP;D;20180306;000000;231;231.7;224.5;224.75;3146200;716081125
SBERP;D;20180307;000000;223.5;225.52;221;224.67;2180600;485955749
SBERP;D;20180309;000000;223.31;225.88;222.36;225.3;1855900;415742663
SBERP;D;20180312;000000;226.01;231.41;225;226.64;1907400;432543444
SBERP;D;20180313;000000;226.64;228.75;225.3;225.5;2267800;514921011
SBERP;D;20180314;000000;225.48;225.48;216;216.99;3213800;712035309
SBERP;D;20180315;000000;217.21;219.88;210.5;210.5;5958700;1282779495
SBERP;D;20180316;000000;211;213.23;205;211.52;8369100;1745867199
SBERP;D;20180319;000000;212;214.57;209.01;209.19;3748600;792941575
SBERP;D;20180320;000000;209.7;210.21;205.19;206.3;6350600;1311624846
SBERP;D;20180321;000000;207.9;222.38;207;222;12373300;2660322390
SBERP;D;20180322;000000;222.22;225.39;217.95;219.47;9413000;2088825500
SBERP;D;20180323;000000;217.75;221.51;215.36;220.5;6813000;1490033481
SBERP;D;20180326;000000;219.91;222.89;214.33;215.46;6249100;1367430423
SBERP;D;20180327;000000;218.5;219.54;213.63;217.2;6162100;1339525576
SBERP;D;20180328;000000;217.1;217.1;212.2;213;4718500;1010848346
SBERP;D;20180329;000000;213.69;218;213.31;213.61;3258900;700345963
SBERP;D;20180330;000000;214.64;215.49;213.83;214.14;703400;150969766
SBERP;D;20180402;000000;215.5;218.2;212.55;212.59;2522500;543990989
SBERP;D;20180403;000000;212.2;212.89;207.76;212.12;3520800;741926000
SBERP;D;20180404;000000;212.55;214.89;210.14;213.85;4190100;892252811
SBERP;D;20180405;000000;215.03;220.33;213.85;220.3;6105700;1328819645
SBERP;D;20180406;000000;219.2;221.5;215.78;217;5422500;1190924073
SBERP;D;20180409;000000;216.15;217.93;176;187.83;23068300;4537334217
SBERP;D;20180410;000000;190;193.82;172.59;186.8;31129200;5674450995
SBERP;D;20180411;000000;186.7;192.49;178.77;181.7;18987900;3520670111
SBERP;D;20180412;000000;184.74;190.65;182.61;185.99;13896700;2585770050
SBERP;D;20180413;000000;186.7;188.7;178.22;180.67;9011400;1656354734
SBERP;D;20180416;000000;174.81;182.5;168.43;172.59;20451700;3552428265
SBERP;D;20180417;000000;180.7;182.68;177.6;181.79;17165800;3091944973
SBERP;D;20180418;000000;182.5;192.7;176;190.5;22795500;4288330858
SBERP;D;20180419;000000;192.69;196.03;188.29;189.69;14147300;2721272967
SBERP;D;20180420;000000;190.01;191.45;187.28;190;5803800;1096935118
SBERP;D;20180423;000000;190.8;196.84;188.79;196.7;10678700;2056055042
SBERP;D;20180424;000000;198.72;201.52;195.89;197.51;10426200;2074898214
SBERP;D;20180425;000000;195.34;197.63;192.32;194.19;5672300;1104244364
SBERP;D;20180426;000000;195.6;196.89;191.11;193.91;5425400;1050542632
SBERP;D;20180427;000000;194.8;196.5;191.72;194.91;6030800;1171087490
SBERP;D;20180428;000000;195.49;195.49;193.54;195;740500;144146492
SBERP;D;20180430;000000;195;197.15;192.6;196.22;1969700;384720312
SBERP;D;20180502;000000;195.58;199.21;193.64;196.1;3336300;656385585
SBERP;D;20180503;000000;196.5;200.43;195.9;196.24;6332300;1257764979
SBERP;D;20180504;000000;197.4;198;194.73;195.7;3782700;741908195
SBERP;D;20180507;000000;197;198.3;195.51;196.71;4106700;809284568
SBERP;D;20180508;000000;194.88;195.5;193;193.25;4489500;870748457
SBERP;D;20180510;000000;195.5;198.94;195.05;198.94;6338000;1250401164
SBERP;D;20180511;000000;199.22;203.32;198.11;202.1;6487400;1307055861
SBERP;D;20180514;000000;202.99;203.65;200.43;203;3024200;611198012
SBERP;D;20180515;000000;203.45;203.45;197.74;199.4;4357400;873265125
SBERP;D;20180516;000000;199.28;201.5;196.42;201;5796800;1153477000
SBERP;D;20180517;000000;200.82;201.14;197.5;197.62;3413700;678396079
SBERP;D;20180518;000000;197.19;197.93;194.91;195.49;4182700;820732665
SBERP;D;20180521;000000;196.01;198.72;195.84;198.68;2871600;567041141
SBERP;D;20180522;000000;199.24;199.9;196.23;198.27;2168800;429683646
SBERP;D;20180523;000000;197.01;197.02;194.39;195.29;2990900;584363126
SBERP;D;20180524;000000;196.3;197.87;195.37;196.7;3877500;762161158
SBERP;D;20180525;000000;197;197.95;195.43;196.03;4033500;792105024
SBERP;D;20180528;000000;196.06;197.74;195.91;197;2019000;397349404
SBERP;D;20180529;000000;197;197.9;193.23;193.8;4826300;938536666
SBERP;D;20180530;000000;194.7;196.48;193.46;195.5;4025300;784500307
SBERP;D;20180531;000000;195.5;196.91;194.85;196;4389400;860449561
SBERP;D;20180601;000000;195.01;196.85;194.94;196.02;3052600;598478667
SBERP;D;20180604;000000;196.02;198.48;194.89;195.39;8052200;1585848240
SBERP;D;20180605;000000;195.8;196.09;191.08;191.3;5363300;1034654535
SBERP;D;20180606;000000;192.21;193.88;191.3;193.1;3057600;588219776
SBERP;D;20180607;000000;194.2;194.82;192.5;192.5;2824900;547981558
SBERP;D;20180608;000000;192.78;193.27;188.85;189.32;6370000;1215653242
SBERP;D;20180609;000000;190.5;190.86;188.57;189.21;1873200;354703185
SBERP;D;20180611;000000;189.99;190.48;186.34;188;4190400;787400894
SBERP;D;20180613;000000;187.97;191.8;187.31;190.14;3973100;754098319
SBERP;D;20180614;000000;190.28;191.91;189.07;189.26;3290300;626820093
SBERP;D;20180615;000000;189.49;190.43;185.45;187.45;7699000;1442607546
SBERP;D;20180618;000000;186.2;187.87;182.7;185;7753700;1433397983
SBERP;D;20180619;000000;183;183.9;181.05;183.5;7858300;1432363548
SBERP;D;20180620;000000;184.5;188.68;184.5;188.44;5622300;1051745484
SBERP;D;20180621;000000;188.58;189.81;186.35;186.43;8529100;1602899575
SBERP;D;20180622;000000;187.67;191.5;187.02;191.5;9892400;1873126314
SBERP;D;20180625;000000;180.9;182.5;179.2;179.9;7756300;1401544223
SBERP;D;20180626;000000;180.08;181.46;177.5;178.27;3382100;604996132
SBERP;D;20180627;000000;178.26;183.83;177;183.66;7906300;1428421709
SBERP;D;20180628;000000;182.85;184.5;181.78;182.91;4788300;877942555
SBERP;D;20180629;000000;184.05;187.28;184.05;186.5;7641700;1423222641
SBERP;D;20180702;000000;186.29;188.27;184.43;185.75;7402100;1381597587
SBERP;D;20180703;000000;186.07;187.33;183.26;183.5;4233000;782076545
SBERP;D;20180704;000000;184.2;185.03;183.11;183.43;2074900;381375102
SBERP;D;20180705;000000;184;187.45;183.02;186.5;4948900;922280038
SBERP;D;20180706;000000;187;188.54;185.66;188;5166500;967316098
SBERP;D;20180709;000000;189;192.97;188.91;192.21;5159200;985367687
SBERP;D;20180710;000000;193.1;195.8;191.33;195.05;7084900;1372179717
SBERP;D;20180711;000000;193.35;193.87;191.5;191.5;7080600;1364394788
SBERP;D;20180712;000000;191.9;193.1;189.05;192.61;5474400;1049459173
SBERP;D;20180713;000000;193.3;194.15;191.76;192.46;3437700;663522290
SBERP;D;20180716;000000;192.52;193.99;190.26;191.06;3532800;678778521
SBERP;D;20180717;000000;190.99;190.99;186.05;186.95;4632200;868779301
SBERP;D;20180718;000000;187.05;187.7;183.12;184.5;3914000;724294257
SBERP;D;20180719;000000;184.5;184.54;177.24;177.25;8978400;1613697436
SBERP;D;20180720;000000;177.9;181.57;172.12;174.1;11882500;2096242858
SBERP;D;20180723;000000;175.02;180.55;175;179.45;4554900;813267049
SBERP;D;20180724;000000;179.56;184;179.56;184;4031500;735275120
SBERP;D;20180725;000000;180.8;183.45;178.3;182.13;3972200;718593229
SBERP;D;20180726;000000;183.8;184.45;179.47;179.47;2851700;517621880
SBERP;D;20180727;000000;179.48;181.85;177.7;179.85;2934600;527324920
SBERP;D;20180730;000000;179.74;182.45;178.36;180.5;2368800;429264113
SBERP;D;20180731;000000;181.02;182.94;180;182.42;1890500;343655712
SBERP;D;20180801;000000;182.31;182.91;180.36;180.36;1309800;237563297
SBERP;D;20180802;000000;179.12;181.62;176.73;177.48;2880500;515585883
SBERP;D;20180803;000000;177.15;178.27;173.83;175;6603900;1159787712
SBERP;D;20180806;000000;175.85;178.38;174;177.78;2750700;486476132
SBERP;D;20180807;000000;178.49;180.17;176.12;176.65;2964100;528374243
SBERP;D;20180808;000000;176.2;177;168.8;169.74;10096300;1735668746
SBERP;D;20180809;000000;167.96;170;160.6;170;17994400;2974038600
SBERP;D;20180810;000000;168.4;170.35;161;162.86;9856800;1631950890
SBERP;D;20180813;000000;159.6;166.12;158.08;162.34;12901000;2102671648
SBERP;D;20180814;000000;164.1;165.87;162.12;163.42;6277400;1029763809
SBERP;D;20180815;000000;164.3;164.91;161.2;161.4;4147000;673700282
SBERP;D;20180816;000000;162.3;164.85;161.81;164.3;3443300;561844863
SBERP;D;20180817;000000;164;164.48;161.66;162.25;3248000;528610406
SBERP;D;20180820;000000;163.5;165.55;162.81;164.92;5129200;841894981
SBERP;D;20180821;000000;165;165.83;163.02;164.81;2303700;378183603
SBERP;D;20180822;000000;165;166.41;162.12;162.12;4552100;746567377
SBERP;D;20180823;000000;162.17;162.87;156.07;156.66;10685200;1703688395
SBERP;D;20180824;000000;156.15;158.21;151.05;157.85;11408900;1753163257
SBERP;D;20180827;000000;157.9;161.5;157.37;161.35;5281300;842596495
SBERP;D;20180828;000000;161.5;161.97;159.32;160.61;4610000;742492472
SBERP;D;20180829;000000;160.65;161.52;159.65;160.53;4036700;648168083
SBERP;D;20180830;000000;162;162.19;156.26;156.96;4267300;678228055
SBERP;D;20180831;000000;156;159.7;154.81;159.49;4538400;713978197
SBERP;D;20180903;000000;158.66;159.6;157.54;158.53;3141500;497472078
SBERP;D;20180904;000000;158.53;159.42;156.18;156.59;3060300;482208068
SBERP;D;20180905;000000;156.3;157.17;154.49;155.23;6843500;1063979782
SBERP;D;20180906;000000;154.75;155.37;151.73;152.2;6503100;997577232
SBERP;D;20180907;000000;152.05;153.18;150.64;151.77;5135000;779087223
SBERP;D;20180910;000000;151.26;152.09;145.1;148.36;13843900;2045609020
SBERP;D;20180911;000000;147.99;149.48;143.65;144.97;10509400;1531217737
SBERP;D;20180912;000000;145.65;149.78;145.14;148.34;13134100;1936821725
SBERP;D;20180913;000000;148.5;161.62;148.5;155.05;17124900;2660292056
SBERP;D;20180914;000000;155.7;159.5;154.7;159.5;9005300;1418493236
SBERP;D;20180917;000000;160.16;162.75;158.25;159.12;6037000;966546105
SBERP;D;20180918;000000;159.23;164;158.8;163.9;5812900;944010964
SBERP;D;20180919;000000;164.89;166.17;163.65;165.41;6284400;1035757574
SBERP;D;20180920;000000;165.58;168.8;164.79;165.7;10398900;1737755959
SBERP;D;20180921;000000;165.7;167;163.82;165.5;5911400;978947488
SBERP;D;20180924;000000;167;170;167;169.85;6639100;1119876388
SBERP;D;20180925;000000;170.03;171.13;166.6;166.7;7439200;1254901919
SBERP;D;20180926;000000;166.72;168.1;165.35;167.26;6175300;1031286593
SBERP;D;20180927;000000;167.21;171.78;166.6;171.2;8841800;1501486754
SBERP;D;20180928;000000;171.8;173.3;169.19;171.05;6624400;1133733930
SBERP;D;20181001;000000;172.48;172.49;170.1;170.9;4284000;733990979
SBERP;D;20181002;000000;171.52;172.1;167.6;167.85;4755200;807359153
SBERP;D;20181003;000000;167.85;170.37;166;166.8;4600300;774602817
SBERP;D;20181004;000000;166.8;166.99;160.85;161.33;5046200;825016521
SBERP;D;20181005;000000;161;163.48;158.79;162.5;8035900;1295700710
SBERP;D;20181008;000000;162.15;166.65;158.85;165.5;5328700;863023616
SBERP;D;20181009;000000;166.57;168.74;163.9;166.51;6475700;1079228306
SBERP;D;20181010;000000;166.8;169;164.01;164.43;3257000;542238818
SBERP;D;20181011;000000;160;163.44;159.12;162.1;7514200;1208871235
SBERP;D;20181012;000000;164.4;166.75;163.71;166.75;4845000;800528822
SBERP;D;20181015;000000;166.61;167.35;164.14;165.42;2967700;490851025
SBERP;D;20181016;000000;165.5;168.69;163.53;168.69;3417100;569322167
SBERP;D;20181017;000000;169.5;170.25;165.68;165.91;5160200;866155639
SBERP;D;20181018;000000;165.1;166.82;163.16;163.35;2219000;365690567
SBERP;D;20181019;000000;164.27;164.27;159.88;159.99;5439900;878995961
SBERP;D;20181022;000000;160.63;162.56;156.53;156.6;6332500;1008545173
SBERP;D;20181023;000000;155.77;159.69;154.14;158.69;5674300;888901100
SBERP;D;20181024;000000;159.3;163.49;157.22;163.19;7191100;1159160581
SBERP;D;20181025;000000;160;163.04;158.7;160.8;3402100;547310157
SBERP;D;20181026;000000;160.01;160.49;155;156.24;5535100;867694777
SBERP;D;20181029;000000;156.4;161.32;155.03;161.3;4253700;677972166
SBERP;D;20181030;000000;160.5;162.9;158.94;161.2;4522600;726577549
SBERP;D;20181031;000000;162.81;163.69;161.23;163.3;5184800;842637357
SBERP;D;20181101;000000;163.55;165;161.35;163.23;5438700;888436682
SBERP;D;20181102;000000;164;166.3;163.47;165.67;4774500;788590629
SBERP;D;20181106;000000;167;169.5;166.44;169.49;4379810;736303632.6
SBERP;D;20181107;000000;169.8;173.8;167.26;173.8;7476330;1279378754
SBERP;D;20181108;000000;173.99;176.16;171.28;173.3;8442460;1467011588.5
SBERP;D;20181109;000000;171.65;172.43;167.74;169.88;7439640;1263919699.1
SBERP;D;20181112;000000;170.86;175.89;170.86;171.11;6406650;1109533987.1
SBERP;D;20181113;000000;171;174.25;169.26;171.5;4920160;846325778.4
SBERP;D;20181114;000000;170;173.88;168.61;173.63;4989970;857390086.8
SBERP;D;20181115;000000;174.51;175.62;172.91;173.49;4170510;727512696.5
SBERP;D;20181116;000000;174.38;175.85;172;173.4;3768370;654956777.3
SBERP;D;20181119;000000;173.72;174.36;170.88;171.9;3043550;526155896.7
SBERP;D;20181120;000000;171.49;172.08;166.37;169;4802000;814656742.9
SBERP;D;20181121;000000;169;172;168.48;172;3116880;530813427
SBERP;D;20181122;000000;172.3;173.48;169.98;172.9;2715220;467818782.7
SBERP;D;20181123;000000;172.21;172.49;168.8;171.3;3696600;629950180.7
SBERP;D;20181126;000000;170.99;171;163.73;166.5;8799750;1465087653
SBERP;D;20181127;000000;166.76;168.56;166.01;167.29;4120740;690221143.9
SBERP;D;20181128;000000;168.01;168.94;166.55;167.4;2569150;430930411.8
SBERP;D;20181129;000000;168.58;171.55;167.72;171.5;5219650;885506548.1
SBERP;D;20181130;000000;170.18;170.18;167.3;169;2932100;494532769
SBERP;D;20181203;000000;171.67;174.79;171.53;173.5;6293850;1093959778.1
SBERP;D;20181204;000000;173.03;173.89;171.38;172.54;2843840;490649550.3
SBERP;D;20181205;000000;170.52;171.49;169.71;170.1;2962310;505264673.2
SBERP;D;20181206;000000;169.04;169.5;166.7;167.8;4607160;774472804.9
SBERP;D;20181207;000000;168.4;171.35;168.1;171.1;3330750;565520570.2
SBERP;D;20181210;000000;169.35;169.94;167.51;169;2783610;469690317.7
SBERP;D;20181211;000000;169.8;170.1;167.54;169.5;4431790;747713102.3
SBERP;D;20181212;000000;170.1;170.1;167.55;168.4;2130010;358542230.9
SBERP;D;20181213;000000;167.5;168.45;166.44;166.92;3395020;568063289.1
SBERP;D;20181214;000000;167.05;167.05;163.56;164.99;6724500;1108473621.5
SBERP;D;20181217;000000;164.95;166.12;162.31;163.48;3839400;630298017.2
SBERP;D;20181218;000000;162;164.75;161.55;164.75;5321140;868605496.7
SBERP;D;20181219;000000;163.4;166.01;163.4;165.47;5263710;867476581
SBERP;D;20181220;000000;164.5;168.12;164;166.85;4569260;760344712.4
SBERP;D;20181221;000000;166.01;167.77;164.49;164.98;2786130;461722902.2
SBERP;D;20181224;000000;164.26;165.26;163.11;164.49;2654550;435279408
SBERP;D;20181225;000000;162.55;163.06;160;163;2795590;451870442.3
SBERP;D;20181226;000000;163.2;164.57;162.85;163.65;1975510;323392550
SBERP;D;20181227;000000;165.98;166.88;164;164;2625970;434061897.8
SBERP;D;20181228;000000;165.25;166.6;164.74;165.07;1440840;238705109.2
SBERP;D;20181229;000000;166.27;166.49;165.08;166.18;705790;117137738.4
SBERP;D;20190103;000000;166.07;168.5;165.37;165.44;3538300;591700021.3
SBERP;D;20190104;000000;166.53;167.28;166.18;167.27;1317260;219777695.7
SBERP;D;20190108;000000;168.8;169.4;166.85;167.01;3488370;586198831.1
SBERP;D;20190109;000000;167.73;170.64;167.13;169.8;7287420;1232011776
SBERP;D;20190110;000000;169.87;170.2;166.75;169.79;3700110;625368371.3
SBERP;D;20190111;000000;169.89;171.3;169.47;170.05;3419980;581926161.9
SBERP;D;20190114;000000;169.4;170.57;168.67;170;2498170;423247819.3
SBERP;D;20190115;000000;171;172.34;170.07;171.8;4291770;734741744.9
SBERP;D;20190116;000000;171.8;173.17;171.38;173.1;3434100;592280062.8
SBERP;D;20190117;000000;173.75;174.83;172.7;174.48;3894280;677294628.3
SBERP;D;20190118;000000;175.99;178.98;175.07;178.7;5665960;1002151349.1
SBERP;D;20190121;000000;179;181;178.5;179.01;4485480;805509836.8
SBERP;D;20190122;000000;177.81;179.95;177.38;179.11;3394910;606206783.4
SBERP;D;20190123;000000;179.62;182.85;179.11;182.01;5337530;969141208.7
SBERP;D;20190124;000000;182.01;183.39;180.72;181.93;4720790;859743895
SBERP;D;20190125;000000;182.4;183.49;180.89;181.12;4663410;850680388.1
SBERP;D;20190128;000000;181;182.57;178.53;179.84;4031630;729626983.4
SBERP;D;20190129;000000;180;184.34;177.9;184.2;8012130;1452785998.9
SBERP;D;20190130;000000;184.02;185.14;182.66;182.81;5133390;944304428.3
SBERP;D;20190131;000000;184.6;186.45;184.22;186.11;4649550;863888854.6
SBERP;D;20190201;000000;186.4;186.87;184.4;185;3160760;586449366.7
SBERP;D;20190204;000000;185.02;185.71;183.9;184.1;2778850;512776059.7
SBERP;D;20190205;000000;184.27;186.81;183.48;186;4022960;747464225.8
SBERP;D;20190206;000000;186.59;186.59;184.5;185.77;2280930;423273600.7
SBERP;D;20190207;000000;185.97;185.97;181.02;181.6;6793010;1241797858.3
SBERP;D;20190208;000000;180.5;182.54;180;181.7;3712420;673052495.2
SBERP;D;20190211;000000;182.12;183.8;181.93;182.55;4095760;748935506.2
SBERP;D;20190212;000000;183.1;187.3;183.05;186.5;5489220;1019155967.8
SBERP;D;20190213;000000;187;187.92;182.05;182.87;6963360;1285045642.9
SBERP;D;20190214;000000;179.7;179.7;174.05;176.7;16060940;2841453426.4
SBERP;D;20190215;000000;178.19;179.87;177.83;178.78;7156990;1280237992.3
SBERP;D;20190218;000000;179.48;179.95;175.77;177.12;3696070;655560044.7
SBERP;D;20190219;000000;177.12;177.76;175.01;175.16;4736000;834243965.3
SBERP;D;20190220;000000;176.17;178.32;175.85;178;4621530;818208855.1
SBERP;D;20190221;000000;178.01;179.14;175.51;175.7;3468430;614248900.7
SBERP;D;20190222;000000;176.01;177.95;175.61;176.99;2055980;363707023.3
SBERP;D;20190225;000000;177.4;179.39;176.25;177.46;3803320;677656812.3
SBERP;D;20190226;000000;177.07;177.69;176;177.64;2619590;463034068.9
SBERP;D;20190227;000000;178.49;178.8;176.77;177.78;2079090;369599637.8
SBERP;D;20190228;000000;177.81;181;177.3;180.15;4696320;841341722.5
SBERP;D;20190301;000000;180.65;181.63;179.07;179.85;3669780;660860836.8
SBERP;D;20190304;000000;179.82;180.35;178.59;179.1;1985760;356145597.5
SBERP;D;20190305;000000;178.6;178.74;177.1;177.2;2969880;527624376.9
SBERP;D;20190306;000000;177.35;179.44;177.13;178;3176850;566921305.9
SBERP;D;20190307;000000;178.41;178.75;177;177.83;4798740;853012944.4
SBERP;D;20190311;000000;177.59;179.15;176.5;178.99;3232950;575073510.6
SBERP;D;20190312;000000;179.6;179.95;178.47;179.14;2048300;367130036.6
SBERP;D;20190313;000000;178.45;179.95;178.31;179.95;2418920;433702030.3
SBERP;D;20190314;000000;179.99;180.08;178.35;178.56;2857000;511212074.7
SBERP;D;20190315;000000;178.96;179.38;178.75;179.05;2473550;442995230.4
SBERP;D;20190318;000000;179.4;181;179.18;180.9;3851200;694505216.3
SBERP;D;20190319;000000;181;183.32;180.98;182.15;4880930;890523362.5
SBERP;D;20190320;000000;182.5;184.89;181.58;184.83;4631030;849518307.7
SBERP;D;20190321;000000;185.02;186.4;183.67;184.01;5622240;1042423837.8
SBERP;D;20190322;000000;184.7;185.17;182.69;183.5;5379910;988625442.3
SBERP;D;20190325;000000;182.37;187.49;182.16;187;6708450;1245944700.8
SBERP;D;20190326;000000;187.16;191.19;186.61;190.9;10321430;1955537640.7
SBERP;D;20190327;000000;191.68;191.68;189;189;6773430;1286467013.7
SBERP;D;20190328;000000;188.5;190.28;187.54;189.43;3807580;721730529
SBERP;D;20190329;000000;189.89;191.5;188.05;188.2;7291380;1385515099.5
SBERP;D;20190401;000000;188.98;190.87;188.53;190.22;3549390;674952273.5
SBERP;D;20190402;000000;190.46;191.98;190;191.64;4408890;843166944.6
SBERP;D;20190403;000000;192.55;196.15;192.2;193.5;9285990;1805970994.8
SBERP;D;20190404;000000;193;195;191.6;194.9;4421360;857072234.4
SBERP;D;20190405;000000;195.04;198.69;195.04;198.59;5395290;1062533846.8
SBERP;D;20190408;000000;199;201.79;198.95;201.61;6177250;1237370090
SBERP;D;20190409;000000;202;206.41;202;205.7;9364430;1916826165.2
SBERP;D;20190410;000000;205.7;209.7;205.3;206.4;13034400;2706750115.8
SBERP;D;20190411;000000;206.6;208.95;202.71;203;11064010;2278353355.6
SBERP;D;20190412;000000;204.1;207.21;202;204.81;6540700;1339250172.7
SBERP;D;20190415;000000;205.97;207.82;203.88;204.95;7158810;1471648363.3
SBERP;D;20190416;000000;206.42;206.81;201.55;202.7;7067640;1434712228
SBERP;D;20190417;000000;203.05;204.6;201.82;203.1;4862390;987966709.9
SBERP;D;20190418;000000;202.8;202.8;200.1;200.6;3871990;780149109.9
SBERP;D;20190419;000000;200.78;202.88;200.78;202.15;2206350;445890935.6
SBERP;D;20190422;000000;203.22;204.8;202.83;204.75;3329380;679046759.2
SBERP;D;20190423;000000;205.01;206.99;204.54;205.88;6016280;1238767788.3
SBERP;D;20190424;000000;205.55;206.29;204.77;205.49;3438270;706396071.3
SBERP;D;20190425;000000;205.26;205.97;200.15;200.47;5410370;1095326248.1
SBERP;D;20190426;000000;200.3;200.5;196.18;197.22;7407900;1466227756.8
SBERP;D;20190429;000000;197.75;201.71;197.6;201.29;3810960;762345627.3
SBERP;D;20190430;000000;201.5;201.6;198.39;198.39;4149020;828987186.6
SBERP;D;20190502;000000;199;201.37;198.45;200.15;3521480;705655131.3
SBERP;D;20190503;000000;200.6;203.19;200.11;203.07;3919990;790940149.1
SBERP;D;20190506;000000;199.7;203;198.66;203;4129230;831096640
SBERP;D;20190507;000000;202.68;204.65;202.16;202.97;4415070;898312983.8
SBERP;D;20190508;000000;202.85;204.28;201.3;202.9;2693980;545945325.4
SBERP;D;20190510;000000;200;201.66;198.8;199.01;3315900;663705079.4
SBERP;D;20190513;000000;199;200.64;197.51;198.89;3988540;793733577.7
SBERP;D;20190514;000000;198.3;202.15;198.3;201;6106370;1225414373.9
SBERP;D;20190515;000000;201.44;202.2;198.38;201.3;5777000;1155797761.7
SBERP;D;20190516;000000;201.3;202.66;200.5;200.52;5092880;1026173039.2
SBERP;D;20190517;000000;200.26;202;197.58;199.23;6315200;1255970723.9
SBERP;D;20190520;000000;199.47;200.3;198;199;3393080;674449094.6
SBERP;D;20190521;000000;199.65;202.67;198.55;202.65;6111330;1226717959.4
SBERP;D;20190522;000000;203;205.56;201.9;204.43;6890360;1406685522.6
SBERP;D;20190523;000000;204.3;204.3;200.05;200.9;6200650;1252991152
SBERP;D;20190524;000000;202;205.59;202;205.59;7706500;1574669086.7
SBERP;D;20190527;000000;206;207.55;205.5;207.01;4601730;951299341.9
SBERP;D;20190528;000000;207.7;208.08;203.22;206;4893630;1009981280.5
SBERP;D;20190529;000000;205;206.3;203.09;205.73;4836840;991113923.8
SBERP;D;20190530;000000;206.21;207.28;204.77;205.75;3606230;742716502.5
SBERP;D;20190531;000000;204.02;206.83;203.77;205.51;6307100;1291556366.5
SBERP;D;20190603;000000;204.7;212.27;204.06;211.3;10925840;2286423401.7
SBERP;D;20190604;000000;211.55;212.13;208.5;209.21;8405830;1764701513.5
SBERP;D;20190605;000000;210.44;213.42;209.55;211;8048890;1703811050.9
SBERP;D;20190606;000000;211.7;217.17;211.21;216.33;9069330;1952511297.1
SBERP;D;20190607;000000;217.67;220.44;217.6;219.6;11310620;2480966010.8
SBERP;D;20190610;000000;221.58;221.98;217.66;220.1;11487990;2527192038.7
SBERP;D;20190611;000000;206.49;209.16;206;206.71;12523000;2603145507.5
SBERP;D;20190613;000000;207;208.45;204.33;208.45;10181280;2103119073.2
SBERP;D;20190614;000000;208.45;210.87;206.49;207.47;8892800;1856590919.5
SBERP;D;20190617;000000;206.51;208.4;206.25;206.6;3539590;733639831.6
SBERP;D;20190618;000000;206.49;208.46;204.61;207.9;5715400;1179760173.3
SBERP;D;20190619;000000;208.16;208.49;205.9;207.08;4134070;855801932.6
SBERP;D;20190620;000000;208.02;212.41;207.68;208.95;10484760;2206414709.5
SBERP;D;20190621;000000;208.68;209.02;205.71;206.61;5327670;1103753992.5
SBERP;D;20190624;000000;207.47;208.23;206.49;207.14;3039980;630687325.3
SBERP;D;20190625;000000;207.4;207.4;203.73;205;4838100;992549538.7
SBERP;D;20190626;000000;205.28;208.29;205.16;207;3449730;713840016.5
SBERP;D;20190627;000000;207.5;208.07;205.5;206.73;3841070;794715413.7
SBERP;D;20190628;000000;207.27;207.48;205.6;205.6;2095590;432741802.1
SBERP;D;20190701;000000;207.49;210.99;206.54;210.4;6176270;1291235717.9
SBERP;D;20190702;000000;210.5;210.75;207.43;207.52;3179230;662473632.6
SBERP;D;20190703;000000;208.1;209.88;207.13;208;3083910;643185729.8
SBERP;D;20190704;000000;208.43;209.1;207.51;208.82;2874380;598837672.3
SBERP;D;20190705;000000;209;209.5;207.85;208;2935730;612225635.3
SBERP;D;20190708;000000;208.1;208.74;207;208.3;2102620;437290723.8
SBERP;D;20190709;000000;208.3;209.2;208.01;208.23;2363720;493107142.6
SBERP;D;20190710;000000;208.4;210.5;207.54;209.4;4406400;921408382.3
SBERP;D;20190711;000000;210.2;210.43;206.56;207.54;5346600;1112928485
SBERP;D;20190712;000000;206.81;207.42;204.53;205.65;4333930;890457234.7
SBERP;D;20190715;000000;206.49;206.93;202.82;205.01;3612510;740937109.6
SBERP;D;20190716;000000;204.2;204.63;203.01;204.09;3744300;762863171
SBERP;D;20190717;000000;204.33;206.3;203.7;204.24;2770880;568267189.9
SBERP;D;20190718;000000;204.49;204.96;203.23;204.05;2789670;569382762.3
SBERP;D;20190719;000000;205;206.28;202.85;203.9;2899430;593443017.3
SBERP;D;20190722;000000;204.1;204.41;201.07;202.7;4135540;838272717.4
SBERP;D;20190723;000000;202;203.37;200.86;202.56;3344910;676936096.6
SBERP;D;20190724;000000;203.56;204.19;200.64;200.96;3824410;772093666.5
SBERP;D;20190725;000000;201.01;205.23;200.52;203.46;3193030;647983120
SBERP;D;20190726;000000;203.93;204.11;201.3;202.29;2414450;488912154.3
SBERP;D;20190729;000000;202;204.57;201.94;203.9;1663900;338932465.6
SBERP;D;20190730;000000;204.5;205.49;202.25;204.8;2972040;605172298
SBERP;D;20190731;000000;204.99;205.53;202.9;202.9;3451030;705610773.3
SBERP;D;20190801;000000;202.4;202.48;199.6;199.7;6221210;1247166350.2
SBERP;D;20190802;000000;197.32;197.4;194.24;194.56;9105410;1783931782.5
SBERP;D;20190805;000000;194.09;196.67;192.11;194.2;5935960;1156883924.7
SBERP;D;20190806;000000;194.78;197.66;194.35;197.23;4600570;902091901.2
SBERP;D;20190807;000000;197.25;198.2;194.56;195.2;4137800;811589635.6
SBERP;D;20190808;000000;196.99;197.8;195.81;196.9;2738410;538742160.5
SBERP;D;20190809;000000;197.17;197.47;194.74;194.83;2359220;461862980.9
SBERP;D;20190812;000000;195.88;196.64;193.73;195.33;2646090;515844235.1
SBERP;D;20190813;000000;195.4;197.15;193.45;195.2;5597980;1093985087.9
SBERP;D;20190814;000000;195.8;195.8;191;191.26;3976830;767872414.2
SBERP;D;20190815;000000;191.73;192.08;188.04;188.71;6128920;1162298670.6
SBERP;D;20190816;000000;189.49;189.99;186.5;188;5839620;1096738514.3
SBERP;D;20190819;000000;188.62;190.8;187.02;190.29;4293490;812115100.8
SBERP;D;20190820;000000;190.5;191.04;188.4;189.66;4407890;836586865.3
SBERP;D;20190821;000000;190.5;191.28;188.56;190.5;6060520;1152207577.7
SBERP;D;20190822;000000;190;192.86;189.21;192.57;3731970;713771843.9
SBERP;D;20190823;000000;192.5;194.52;190.49;191.1;3263480;627699991.6
SBERP;D;20190826;000000;188.7;192.37;188.4;191.14;3562640;679411715.5
SBERP;D;20190827;000000;190.86;192;189.72;191;3650470;695730955.1
SBERP;D;20190828;000000;191.48;192.77;190.82;192.46;2182060;418617109.3
SBERP;D;20190829;000000;192.76;193.89;192.21;193.6;3129340;604909961.8
SBERP;D;20190830;000000;194;196.09;193.81;194.89;6994850;1365805245.7
SBERP;D;20190902;000000;195.64;198.19;195.02;197.53;3489510;687803960.5
SBERP;D;20190903;000000;197.49;197.53;195.27;196.49;4683550;918619938.8
SBERP;D;20190904;000000;197.3;199.09;197.12;198;3601420;713309297.6
SBERP;D;20190905;000000;199.55;201.28;199.31;200.5;4360230;874058054.2
SBERP;D;20190906;000000;201.1;201.76;199.13;201;3858690;774719719.9
SBERP;D;20190909;000000;201.08;202.36;199.28;199.89;2755540;553567128.3
SBERP;D;20190910;000000;199.99;204.99;198.03;203.55;6136090;1242364810.2
SBERP;D;20190911;000000;204.24;207.42;203.63;206.8;8375510;1725101435.5
SBERP;D;20190912;000000;207.39;207.39;205.54;206.2;6118310;1262283836.8
SBERP;D;20190913;000000;206;206.96;204.89;205.61;2724220;560725173.4
SBERP;D;20190916;000000;207.2;207.68;205.22;207.1;3113780;643794252.1
SBERP;D;20190917;000000;206.73;208.13;205.96;206.6;2667310;552022874.6
SBERP;D;20190918;000000;206.7;207.4;206.2;206.81;2164630;447744378.7
SBERP;D;20190919;000000;206.81;207.83;205.5;207.05;2983700;617150359.9
SBERP;D;20190920;000000;206.54;207.06;204.76;206.42;2829550;581244076.6
SBERP;D;20190923;000000;206.32;206.35;202.13;203.44;3414020;695739691.6
SBERP;D;20190924;000000;203.62;206.3;202.06;202.43;4118290;841689911.1
SBERP;D;20190925;000000;202.04;203.28;200.56;203;3667930;740415980.9
SBERP;D;20190926;000000;203.3;204.71;202.02;202.9;2629590;535272496.7
SBERP;D;20190927;000000;202.8;203.45;201.15;201.25;2730740;552491883.2
SBERP;D;20190930;000000;201.42;202;199.9;201;2896070;581291626.8
SBERP;D;20191001;000000;200.51;202.37;200.1;201.44;2123890;427926440.3
SBERP;D;20191002;000000;200.92;201.06;197.55;197.62;4443760;884163453.5
SBERP;D;20191003;000000;197.6;199.79;197.58;199.26;3297470;656038329.2
SBERP;D;20191004;000000;199.99;201.03;197.61;198.31;2838530;565814384.6
SBERP;D;20191007;000000;198;200.72;197.86;200.35;3813650;759869839.7
SBERP;D;20191008;000000;200.89;201.42;198.12;198.79;3312080;659688585.9
SBERP;D;20191009;000000;199.17;201.2;198.71;200.46;2360170;472413398.5
SBERP;D;20191010;000000;200.01;201.7;198.72;201.22;2781490;557441122.8
SBERP;D;20191011;000000;202.2;203.18;201.95;202.75;2799260;567063593.4
SBERP;D;20191014;000000;203;203.47;201.01;201.5;2612410;528140147.4
SBERP;D;20191015;000000;201.68;202.82;200.19;201.7;3091730;622729023.1
SBERP;D;20191016;000000;201.9;203.4;201.67;203.29;2810640;569944774.1
SBERP;D;20191017;000000;203.44;205.19;202.75;205.05;4707120;961660513.3
SBERP;D;20191018;000000;205.25;208;204.8;208;6143380;1270893902.6
SBERP;D;20191021;000000;207.62;209.46;206.37;207.66;3998170;830528866.2
SBERP;D;20191022;000000;208;212.2;207.6;212.14;8976970;1889995586.9
SBERP;D;20191023;000000;211.85;213.88;210.58;213.55;7299590;1552969568.9
SBERP;D;20191024;000000;213.55;217.44;213.03;217;8157030;1759145967
SBERP;D;20191025;000000;217.01;217.33;212.73;215;5486470;1176277304.5
SBERP;D;20191028;000000;215;216.89;212.02;213.3;3773390;810556570.6
SBERP;D;20191029;000000;213.38;215.85;212.52;215.41;3637770;779296122.6
SBERP;D;20191030;000000;215;217.19;214.51;215.4;3494890;754499544.1
SBERP;D;20191031;000000;216.04;217.8;212;212.55;5107560;1096495410.8
SBERP;D;20191101;000000;212.3;214.65;210.61;214.38;4697430;999487988
SBERP;D;20191105;000000;217.47;217.6;215.05;216.57;4924600;1065167452.2
SBERP;D;20191106;000000;216.49;217.49;216;217;4258650;923047658.4
SBERP;D;20191107;000000;216.87;218.7;216.32;218.33;6517410;1419220869.9
SBERP;D;20191108;000000;217.41;218.19;216.5;217.5;3531580;767459423.1
SBERP;D;20191111;000000;216.89;218.87;216.63;217.75;2497860;543901581.6
SBERP;D;20191112;000000;218.15;220.32;217.46;217.53;4392580;962676248.2
SBERP;D;20191113;000000;217.25;217.33;214.5;215.04;4542860;979727636.5
SBERP;D;20191114;000000;215.79;216.3;215.14;215.79;2861230;617530502.9
SBERP;D;20191115;000000;216;216.88;215.02;216.4;3728430;805538955.1
SBERP;D;20191118;000000;216.81;217.35;214.05;215.55;3263900;703989763.9
SBERP;D;20191119;000000;214.82;216.6;214.51;215.15;3114300;671789207.7
SBERP;D;20191120;000000;215.15;216.49;214.14;215;2752710;592422431.9
SBERP;D;20191121;000000;214.55;215.99;213.79;214.98;2986190;641409448.5
SBERP;D;20191122;000000;215.44;217.66;214.5;216.16;3111350;673220004.8
SBERP;D;20191125;000000;216.35;218.27;215.93;216.66;2545170;551930132.5
SBERP;D;20191126;000000;216.9;217.32;213.3;215.4;4285040;921018161.7
SBERP;D;20191127;000000;215.65;215.7;212.9;213.29;3446180;738156135
SBERP;D;20191128;000000;213.78;214.28;212.66;213.54;2342960;500211096.5
SBERP;D;20191129;000000;213.54;213.54;211.3;212.5;2703960;574134528.6
SBERP;D;20191202;000000;213.5;215;213;213.35;2494000;533722996.5
SBERP;D;20191203;000000;213.04;214.05;211.58;211.76;3231890;686351628.5
SBERP;D;20191204;000000;212;213.14;211.07;212.89;3590940;761901660.6
SBERP;D;20191205;000000;212.89;213.16;210.53;211.23;4476030;945490833.6
SBERP;D;20191206;000000;211.54;214.2;211.54;214;1840830;392230525.3
SBERP;D;20191209;000000;214.45;216.15;213.51;215.5;2641370;567630921.7
SBERP;D;20191210;000000;215.21;216.47;214.26;215.52;3533620;761589579.5
SBERP;D;20191211;000000;216.2;217.21;215.56;216.65;3555750;770466816.4
SBERP;D;20191212;000000;217.32;217.97;215.75;216.78;3335710;724142082
SBERP;D;20191213;000000;217.33;218.86;216.7;217;4310240;938146576
SBERP;D;20191216;000000;217.1;219.8;217;218.7;4509540;986550191.3
SBERP;D;20191217;000000;219.34;220.09;218.61;219.2;3097960;679941921.9
SBERP;D;20191218;000000;219.2;221.45;217.75;221.45;5502280;1209356562.2
SBERP;D;20191219;000000;222;223.49;220.26;221.08;5397360;1198143408.8
SBERP;D;20191220;000000;222;222.22;220.31;221.57;1890070;417692058.8
SBERP;D;20191223;000000;222.08;224.12;221.71;223.27;3136090;698453478.6
SBERP;D;20191224;000000;223.54;225.59;223.26;224.99;3152900;707980844.6
SBERP;D;20191225;000000;225.4;226.24;223.46;225.98;1947920;438938701.6
SBERP;D;20191226;000000;225.99;226.99;224.32;224.93;1785160;403048437.9
SBERP;D;20191227;000000;225.49;226.95;225.39;226.4;2280110;515767397.1
SBERP;D;20191230;000000;226.79;229.57;225.1;228.3;4548980;1036486949.1
SBERP;D;20200103;000000;229.79;230.04;226.25;226.4;4469860;1018526762.3
SBERP;D;20200106;000000;226.17;226.73;223.86;225.95;3014330;677927735.1
SBERP;D;20200108;000000;225.95;230.87;225.22;230.38;5582550;1280149397.6
SBERP;D;20200109;000000;231;232.7;230.24;231;5739960;1329177184.5
SBERP;D;20200110;000000;231.69;232.4;230.05;232;3026290;701109401.9
SBERP;D;20200113;000000;232;234.95;231.99;234.95;2743070;640975180.1
SBERP;D;20200114;000000;235;236.47;230.14;232.2;5520290;1291299030.4
SBERP;D;20200115;000000;232;232.8;230.02;230.16;6242260;1444214035.7
SBERP;D;20200116;000000;231;233.07;230.6;230.99;3822900;884873536.2
SBERP;D;20200117;000000;231.4;235.21;231.2;234.57;5898670;1379770487.5
SBERP;D;20200120;000000;235.18;238.7;234.59;238.5;5276930;1249800442.8
SBERP;D;20200121;000000;237.97;239.43;235.11;238.4;4516590;1070657367.5
SBERP;D;20200122;000000;239.88;241.24;235.63;236.5;5475700;1306195654.8
SBERP;D;20200123;000000;235.39;236.17;232.97;233.77;6381510;1496647312.6
SBERP;D;20200124;000000;235;236.29;233.73;234.61;3729960;876594306.8
SBERP;D;20200127;000000;232.3;232.4;227;228.51;8112500;1859351096
SBERP;D;20200128;000000;229.64;230.45;226;229.86;4889290;1117533381.2
SBERP;D;20200129;000000;230.55;232.23;230.15;231.39;4033990;933813678.8
SBERP;D;20200130;000000;230.48;230.48;228.24;229.63;3554910;815740389.7
SBERP;D;20200131;000000;230.99;231.3;222.23;227.1;5443480;1243067322.7
SBERP;D;20200203;000000;224.75;226.9;224.56;225.6;6053630;1366822455.8
SBERP;D;20200204;000000;226.27;227.64;225.77;226.9;5557170;1259562324.9
SBERP;D;20200205;000000;226.99;231.69;225.6;229.4;6726570;1541656104.7
SBERP;D;20200206;000000;231;231.65;228.45;229.54;5873460;1351920016.1
SBERP;D;20200207;000000;230.5;231.08;226.5;231.08;5716320;1309097953.7
SBERP;D;20200210;000000;231;232.85;229.71;231.8;6997640;1620550465.7
SBERP;D;20200211;000000;232.61;243.4;232.61;237;14053290;3343963548.7
SBERP;D;20200212;000000;237.4;238.8;233.25;235.6;10437210;2457809350.1
SBERP;D;20200213;000000;235;237;233.72;236.3;4725660;1112910427.1
SBERP;D;20200214;000000;236.97;236.99;232.33;232.87;5260590;1229582550.5
SBERP;D;20200217;000000;233.58;234;230.41;231.47;4747280;1100986965.1
SBERP;D;20200218;000000;230.39;231.05;225.75;228.14;8910060;2035599010.9
SBERP;D;20200219;000000;229.05;229.86;227.15;229.53;5480700;1253699214.5
SBERP;D;20200220;000000;230;231.7;229.6;229.9;3866550;892473469.4
SBERP;D;20200221;000000;229;231.33;228.12;230.91;3925400;902191775.5
SBERP;D;20200225;000000;228;229.27;226.8;227.5;5222440;1191784501.8
SBERP;D;20200226;000000;227;229.38;225.2;229.08;7677590;1748132446.7
SBERP;D;20200227;000000;226.9;228.27;221.5;222;10919450;2450157433.5
SBERP;D;20200228;000000;216.7;221;210;215.15;17530640;3769127476.9
SBERP;D;20200302;000000;221;222.34;207.09;216.96;13079090;2823411408.3
SBERP;D;20200303;000000;220.01;223.53;218.16;222.4;7780360;1716718323.7
SBERP;D;20200304;000000;221.79;222.5;218.83;222;6467710;1428899425.8
SBERP;D;20200305;000000;223.29;224.2;218.65;220;5823750;1284367953.7
SBERP;D;20200306;000000;217;217.99;207.51;210.01;13414020;2835335313.1
SBERP;D;20200310;000000;189.01;203.67;177;193.18;32975750;6379523179.7
SBERP;D;20200311;000000;198.96;200;187.03;188.8;15886530;3055373983.4
SBERP;D;20200312;000000;180.65;181.51;169.07;171.37;19382960;3397010112.5
SBERP;D;20200313;000000;172.13;190;172.13;185.85;20554730;3765390586.1
SBERP;D;20200316;000000;183;183.1;168;177;24733190;4353106565
SBERP;D;20200317;000000;178;186.15;170.75;172.46;17134400;3019734212.1
SBERP;D;20200318;000000;170.6;172.7;160.35;162;21922940;3628739754
SBERP;D;20200319;000000;165;173.95;160;172.95;29602940;5003403088.9
SBERP;D;20200320;000000;177.6;186.88;177.6;180.9;20938510;3810040213.6
SBERP;D;20200323;000000;174;178.53;172;174.2;12894510;2253421896.4
SBERP;D;20200324;000000;178.72;183.26;178.51;181.1;10748810;1940883184.4
SBERP;D;20200325;000000;184.5;189.23;173.36;177.01;21384010;3870378483.4
SBERP;D;20200326;000000;177;180.48;174.35;179.1;10219560;1809368594.1
SBERP;D;20200327;000000;180;180.67;173;173;10863040;1905198905.3
SBERP;D;20200330;000000;169.54;173.9;167.43;173.75;13447420;2304803496.3
SBERP;D;20200331;000000;176;178.3;174.13;176.83;14548260;2567410067
SBERP;D;20200401;000000;172;175.93;172;174.1;13362500;2335372599.9
SBERP;D;20200402;000000;178.05;178.05;171.17;174.34;24595220;4291407327.1
SBERP;D;20200403;000000;174.45;175.83;173;175.5;12384170;2162407833.9
SBERP;D;20200406;000000;176.5;180.79;175.55;179.88;14996410;2671874628
SBERP;D;20200407;000000;182;187.4;181.36;183.74;18655040;3447671611.6
SBERP;D;20200408;000000;182.8;185.17;181.54;185.17;11868820;2179334053.4
SBERP;D;20200409;000000;187;188.23;184.43;186.6;14524320;2713814347
SBERP;D;20200410;000000;186;187;184.46;185.34;5347440;990619458.1
SBERP;D;20200413;000000;186;186;180.52;181.4;8966390;1633994085.5
SBERP;D;20200414;000000;181.31;183.3;179;180.36;8223800;1496998213.3
SBERP;D;20200415;000000;178.8;179.5;171;172;15135580;2641637239.8
SBERP;D;20200416;000000;173.1;175.16;169.4;172.16;17516520;3021798734.8
SBERP;D;20200417;000000;175;175.03;165.5;174.1;11901460;2059346800.4
SBERP;D;20200420;000000;173.15;173.8;171;171.37;10169100;1747856750.2
SBERP;D;20200421;000000;169.29;169.4;166.44;167.65;19072860;3199113431.1
SBERP;D;20200422;000000;167.7;172.75;166.4;171.9;10453920;1779488619.3
SBERP;D;20200423;000000;173.66;173.66;171.26;172.64;7962700;1373832779
SBERP;D;20200424;000000;172;173.5;170.16;171.46;5616240;964466621.5
SBERP;D;20200427;000000;172.8;173.16;171.7;172.43;4112320;709206143.2
SBERP;D;20200428;000000;172.38;177.34;171.78;176.12;10504480;1838246699.4
SBERP;D;20200429;000000;176.99;177.89;176.3;177.5;7338850;1300343149
SBERP;D;20200430;000000;179;179.78;176.45;177.2;10158560;1808552774.8
SBERP;D;20200504;000000;176.6;177.12;174.59;176.34;4958890;873348514.5
SBERP;D;20200505;000000;177.61;179.18;177.4;178.49;5658250;1008461682.5
SBERP;D;20200506;000000;179.05;181.41;178.54;181;8317420;1499247330.5
SBERP;D;20200507;000000;181.58;183.33;179.58;180.02;7951880;1441249945.2
SBERP;D;20200508;000000;180.25;180.89;178.23;179.79;7358560;1319799400.2
SBERP;D;20200512;000000;179.38;180.6;176.57;177.9;9972130;1777842279.3
SBERP;D;20200513;000000;176.99;176.99;174.02;174.62;8615850;1509793705.3
SBERP;D;20200514;000000;174;175.42;172;172.63;10176630;1766379152.5
SBERP;D;20200515;000000;174.33;174.95;172.25;172.28;7372070;1279139595.6
SBERP;D;20200518;000000;173.8;177.41;173.54;177.14;11159860;1953970802
SBERP;D;20200519;000000;178;180.1;173.3;174.59;24592510;4321966105
SBERP;D;20200520;000000;174.45;178.5;173.3;177.88;15212190;2680639867.2
SBERP;D;20200521;000000;178.44;179.62;176.25;176.79;10443840;1856119033.1
SBERP;D;20200522;000000;175.6;176.94;175.22;176.66;5398480;950644862.9
SBERP;D;20200525;000000;177;177.62;174.93;176.8;8064720;1418879785.3
SBERP;D;20200526;000000;177.61;179;176.79;177.22;12121250;2158840931.4
SBERP;D;20200527;000000;177.22;179.87;176.4;178.8;13698610;2447012629.5
SBERP;D;20200528;000000;179.22;185.5;179.11;185.5;20661100;3770865284.6
SBERP;D;20200529;000000;184.59;184.79;180.7;181.6;12494510;2277620711.3
SBERP;D;20200601;000000;183.3;185.23;182.51;184;6687680;1228403756.1
SBERP;D;20200602;000000;184.55;193.53;184.29;192.5;16656670;3147338139.9
SBERP;D;20200603;000000;194.74;199;193.51;198.99;19526350;3850755713.8
SBERP;D;20200604;000000;198;199.38;192.08;193.1;12122240;2371745588.1
SBERP;D;20200605;000000;195;200.65;194.77;200.3;10602260;2097682459.8
SBERP;D;20200608;000000;201.42;202.6;198.76;200.5;10419630;2095528876.3
SBERP;D;20200609;000000;201.99;202.24;195.12;198.45;7959090;1579611429.8
SBERP;D;20200610;000000;198.75;198.97;195.42;195.85;5696210;1120052062.8
SBERP;D;20200611;000000;194;194.02;190.56;191.4;7693450;1476574468.2
SBERP;D;20200615;000000;188.7;191.36;186.53;191;6905140;1305406462.1
SBERP;D;20200616;000000;193.02;195.6;192.58;193.2;6492880;1260213951.4
SBERP;D;20200617;000000;194.89;194.89;191.29;191.29;5588540;1079505972.7
SBERP;D;20200618;000000;192.56;192.56;187.71;189.8;5777230;1096171529.8
SBERP;D;20200619;000000;190.46;192.5;190.17;191.09;5345740;1024018266.8
SBERP;D;20200622;000000;190.89;192.97;189.2;191.01;5318480;1014151700.1
SBERP;D;20200623;000000;191.5;193;190.2;190.5;6163000;1179985675.9
SBERP;D;20200625;000000;188;190;186.1;190;7434120;1395648609.1
SBERP;D;20200626;000000;190.6;190.62;186.72;187.6;6441660;1214143754.7
SBERP;D;20200629;000000;187.59;190.7;186.02;190.6;6145820;1159114511.5
SBERP;D;20200630;000000;190.8;191.1;187.75;188.76;6008760;1134368746
SBERP;D;20200702;000000;190.02;192.9;188.99;192.6;6386090;1222490151.3
SBERP;D;20200703;000000;193;194.4;191.98;193.47;5855200;1129992395.3
SBERP;D;20200706;000000;195.79;197.98;195;196.91;5979290;1176678244.3
SBERP;D;20200707;000000;194.5;196.75;192.12;193.25;7405950;1436424309.1
SBERP;D;20200708;000000;193.9;194.36;191.57;193.48;6693880;1291714464.5
SBERP;D;20200709;000000;193.48;194.38;191.39;192.46;6267040;1209583798.1
SBERP;D;20200710;000000;191.1;193.68;190.1;193.49;5604780;1076629961.3
SBERP;D;20200713;000000;194;195.33;190.8;190.87;6268190;1208349186
SBERP;D;20200714;000000;191.18;192.4;189.02;192.17;5077280;967244652
SBERP;D;20200715;000000;192.53;193.86;191.25;193.21;4433940;854412260.4
SBERP;D;20200716;000000;191.85;195.19;191.85;193.86;3139430;607853452.1
SBERP;D;20200717;000000;194.48;195.45;193.44;195.19;4467560;869099550.7
SBERP;D;20200720;000000;195.15;197.9;193.52;197.74;6693450;1306266317.1
SBERP;D;20200721;000000;198;200.75;197.9;198.35;8599590;1717291539.1
SBERP;D;20200722;000000;198.95;199.97;196.75;199.36;4692730;931286767.3
SBERP;D;20200723;000000;199.9;200.83;197.53;198.4;4303760;859181134.6
SBERP;D;20200724;000000;197.62;199.95;196.67;199;3892800;773367818.7
SBERP;D;20200727;000000;199.99;201.67;198.74;201.29;5229510;1049219190.3
SBERP;D;20200728;000000;201.5;202.01;199.59;200.47;3778340;758041559.1
SBERP;D;20200729;000000;200.57;203;200.18;202.87;5698400;1151741234
SBERP;D;20200730;000000;203;210.01;200.38;203.33;8842880;1784330053.6
SBERP;D;20200731;000000;203.9;205.95;203.14;205.47;8763370;1795214029
SBERP;D;20200803;000000;206.27;210.77;204;209.82;8337430;1738463115.8
SBERP;D;20200804;000000;210.4;211.62;208.62;210.4;5530760;1162266040.8
SBERP;D;20200805;000000;210.71;211.5;208.21;209.35;8867880;1859556328.5
SBERP;D;20200806;000000;209.04;210.12;208;209.45;4209300;879728956.8
SBERP;D;20200807;000000;209.46;210.92;208.52;210.6;4820860;1010901936
SBERP;D;20200810;000000;211;211.91;209.22;210.64;4320140;909178038.8
SBERP;D;20200811;000000;210.72;216.4;210.72;214.06;9407850;2012666748.4
SBERP;D;20200812;000000;214.52;220.64;214.5;220.5;12184260;2662022874.1
SBERP;D;20200813;000000;220.06;222.57;218.23;220.01;9467110;2083469480.5
SBERP;D;20200814;000000;220.25;220.5;217.22;219.27;7805300;1705949651.2
SBERP;D;20200817;000000;220.73;220.73;215.5;217.79;8781800;1919606471
SBERP;D;20200818;000000;217.01;218.43;215.44;216.3;7429860;1608724215.9
SBERP;D;20200819;000000;216;219.43;215.09;218.15;5080560;1106993259.2
SBERP;D;20200820;000000;217.72;217.91;213.7;215.5;10959740;2361566321.1
SBERP;D;20200821;000000;216.3;220.9;213.2;217.71;20876700;4528354169.6
SBERP;D;20200824;000000;219;219.76;217.6;218.95;7150820;1564768707.8
SBERP;D;20200825;000000;219.25;219.8;216;216.99;8303110;1806107159.2
SBERP;D;20200826;000000;216.8;217.64;214.82;217.4;8699010;1881526701.5
SBERP;D;20200827;000000;217.85;218.08;215.66;216.6;7078920;1534130127.3
SBERP;D;20200828;000000;217.16;217.16;215;215.54;5512120;1188533833.6
SBERP;D;20200831;000000;216.38;217.11;214.57;215.5;7458260;1610259426.4
SBERP;D;20200901;000000;216.29;217.37;215.62;217.16;4451600;963981938.8
SBERP;D;20200902;000000;217.57;218.2;212.05;214;11998310;2580860099.9
SBERP;D;20200903;000000;214;215.49;209.7;210.4;11338480;2409100738.1
SBERP;D;20200904;000000;209.99;214.6;207.4;214.35;8640600;1825159693.5
SBERP;D;20200907;000000;213.7;216.1;212.63;213.93;7693990;1648363012.7
SBERP;D;20200908;000000;214.3;214.47;209.03;211.04;11311090;2390466913
SBERP;D;20200909;000000;210.75;211.91;210;211.17;6562360;1383817929.2
SBERP;D;20200910;000000;211.77;213.52;209.5;211.4;10397780;2196005216.2
SBERP;D;20200911;000000;212.88;215.15;210.94;214.31;6234870;1332838545.1
SBERP;D;20200914;000000;215.98;218.5;215.08;218.3;8461370;1834844594.7
SBERP;D;20200915;000000;218.4;221.97;218.01;221.87;9841930;2169390976.1
SBERP;D;20200916;000000;221.9;224.1;220.81;222.11;8118170;1801868076.6
SBERP;D;20200917;000000;220.95;222.22;220.01;221.89;7287850;1613217303.1
SBERP;D;20200918;000000;222.3;222.69;221.01;222.14;5554780;1232318810.8
SBERP;D;20200921;000000;221.78;222.32;216.55;219.25;10768840;2358253820.4
SBERP;D;20200922;000000;218.97;223;218.55;222.24;9516790;2103359035.8
SBERP;D;20200923;000000;222.2;223.37;220.57;221.8;10992390;2440877326.2
SBERP;D;20200924;000000;221.2;223.7;218.52;220;12271230;2705957782.8
SBERP;D;20200925;000000;221;221.71;219.01;220.9;10268170;2260753362.8
SBERP;D;20200928;000000;221;222.11;220.33;221.47;9682630;2141984870
SBERP;D;20200929;000000;221.81;221.9;218.1;219.98;13260010;2914415104.7
SBERP;D;20200930;000000;219.66;222.7;218.2;221.8;12910370;2851125436
SBERP;D;20201001;000000;222.01;222.5;219.3;220.02;19582750;4325468279.1
SBERP;D;20201002;000000;203;205;199.5;202.25;27675790;5569475359.2
SBERP;D;20201005;000000;203.1;205.5;201.07;202.62;10034770;2031189514.8
SBERP;D;20201006;000000;202.11;203.03;200.05;201.49;12822890;2591810421.1
SBERP;D;20201007;000000;202.02;202.66;199.91;201.1;6863010;1379450410.4
SBERP;D;20201008;000000;201.21;201.76;200.22;200.5;4780550;959231232.5
SBERP;D;20201009;000000;200.02;201.32;197.53;198.76;10462140;2087764788.5
SBERP;D;20201012;000000;199.1;200.08;198;198.6;6218500;1236850101.5
SBERP;D;20201013;000000;198.55;198.8;195.08;195.4;8836310;1739866131.3
SBERP;D;20201014;000000;195.7;199;195.1;198.62;5830070;1151132437.8
SBERP;D;20201015;000000;198.72;198.79;194;195.25;6731140;1317613968.6
SBERP;D;20201016;000000;195.28;196.21;192.3;192.99;8064670;1559650069.5
SBERP;D;20201019;000000;193.49;194.4;192.5;193;5114810;988790450.8
SBERP;D;20201020;000000;193.34;197.5;193.1;197.43;13809850;2710587895.6
SBERP;D;20201021;000000;197.85;199.97;195.97;197.59;9655450;1909286769.5
SBERP;D;20201022;000000;196.81;198.53;195.78;196.97;7799330;1534666972.4
SBERP;D;20201023;000000;196.62;200.77;196.62;200.3;11178910;2226886726.2
SBERP;D;20201026;000000;199.5;200.5;197.55;197.98;7939170;1582102409.6
SBERP;D;20201027;000000;197.9;199.25;195.89;196.7;4632970;914707828.3
SBERP;D;20201028;000000;196.5;196.5;191.01;193.04;9073160;1750272934.7
SBERP;D;20201029;000000;193.73;196.5;191.5;195.06;6137430;1188761464.9
SBERP;D;20201030;000000;194;194.92;192.49;192.91;7188940;1391615891.6
SBERP;D;20201102;000000;192.77;196.8;189.27;196.25;9120600;1762095317.1
SBERP;D;20201103;000000;196.31;201.76;195.82;199.78;11278030;2248112979.2
SBERP;D;20201105;000000;203.5;209.5;202.01;205.01;13951310;2850297252.5
SBERP;D;20201106;000000;204.51;205.8;202.43;204.79;6893600;1409134402
SBERP;D;20201109;000000;206.13;215.4;206.12;212.31;21060700;4449797694.1
SBERP;D;20201110;000000;212.4;220.4;211.6;218.19;27333030;5948502954.2
SBERP;D;20201111;000000;219.5;224.21;219.2;221.87;30905230;6874437611.3
SBERP;D;20201112;000000;221;224.02;218.3;221;18402430;4087165633.1
SBERP;D;20201113;000000;221;222.71;219;221;10769050;2374654179.8
SBERP;D;20201116;000000;222.7;225.77;222.56;224.22;11512220;2580455035.3
SBERP;D;20201117;000000;224.15;226.08;221.55;223;9575250;2139693006.9
SBERP;D;20201118;000000;223.43;224.87;222.24;222.7;5594520;1252366790.5
SBERP;D;20201119;000000;222.6;222.95;219;220.89;6538890;1443675395.6
SBERP;D;20201120;000000;220.11;221.5;218.76;221.49;4705630;1037091103
SBERP;D;20201123;000000;222.94;224.45;219.78;221.77;6761560;1507336447.6
SBERP;D;20201124;000000;223.47;226.4;220.7;225.18;10011510;2239030109.2
SBERP;D;20201125;000000;225.97;230.18;224.67;229.9;13041580;2979659760.2
SBERP;D;20201126;000000;230;230.38;226.43;227.86;5826470;1329456138.3
SBERP;D;20201127;000000;228.3;230.5;226.8;229.91;4487900;1027902734.1
SBERP;D;20201130;000000;228;230.45;226.81;229.25;6199080;1416575020.4
SBERP;D;20201201;000000;229.54;235.27;229.17;235.17;13318230;3104478476.9
SBERP;D;20201202;000000;235.01;238.99;234.2;238.25;9148970;2165793537.3
SBERP;D;20201203;000000;238.59;240.39;236.41;238.55;6618570;1578706251.1
SBERP;D;20201204;000000;240.1;245.89;239.67;245.5;10171370;2479258647.3
SBERP;D;20201207;000000;244.02;249.78;243.5;248.6;10203390;2528540441
SBERP;D;20201208;000000;247.82;250.57;246.37;248.84;7156440;1779101933.5
SBERP;D;20201209;000000;249.16;252;249;249.4;8031870;2011785542.6
SBERP;D;20201210;000000;249.55;251.8;247.66;251.29;5752840;1440401981
SBERP;D;20201211;000000;251.91;253.81;249.9;250.95;7486500;1882834808.1
SBERP;D;20201214;000000;252;253.7;243.8;246.26;9773010;2436832555.9
SBERP;D;20201215;000000;245.88;248.75;242.74;245.33;8567970;2105244471.4
SBERP;D;20201216;000000;245.6;247;243.55;246.97;5806990;1426458566.6
SBERP;D;20201217;000000;248;252.3;248;249.05;9725590;2433031489.5
SBERP;D;20201218;000000;248.59;248.98;240.7;243.25;7671970;1870399890.3
SBERP;D;20201221;000000;238.49;238.84;230.5;233.65;12298600;2883749291.7
SBERP;D;20201222;000000;230.54;239.99;227.5;237.12;9508740;2245573222.8
SBERP;D;20201223;000000;237;242.89;235.26;242.01;5115380;1224312567.2
SBERP;D;20201224;000000;242.5;245;238.22;240.26;5003660;1205844589
SBERP;D;20201225;000000;240.4;241.85;239.51;241;1461370;351569932.2
SBERP;D;20201228;000000;242;245.99;241.5;245.44;4240780;1034235855.8
SBERP;D;20201229;000000;246;247.59;242.72;243.85;4971650;1217766740.8
SBERP;D;20201230;000000;243.89;244.38;240.41;242.06;5043930;1221795057.8
SBERP;D;20210104;000000;242;248.65;242;245.39;5889030;1448742038.5
SBERP;D;20210105;000000;246.55;248.47;243.7;247.26;3970850;976719917.3
SBERP;D;20210106;000000;247;247.84;245;246.2;4662670;1148214806.3
SBERP;D;20210108;000000;247.3;253.47;247.3;252.49;8081890;2028832093.7
SBERP;D;20210111;000000;250.45;259.94;249.07;256.92;11465290;2937863578
SBERP;D;20210112;000000;258.04;261.98;254.6;257.69;9637940;2492155359.2
SBERP;D;20210113;000000;258.97;259.6;251.02;252.93;7883450;2001174565.4
SBERP;D;20210114;000000;253.89;255.77;249.16;255.35;5635400;1425766483.8
SBERP;D;20210115;000000;254;257.35;248.3;250.34;8112050;2043847538.8
SBERP;D;20210118;000000;249.49;255.1;246.6;253.8;8160390;2052167163.8
SBERP;D;20210119;000000;255.29;256.24;251.12;252.3;5414700;1373087833.7
SBERP;D;20210120;000000;252.87;255.2;251.76;254;4094220;1038827253.9
SBERP;D;20210121;000000;255;255.45;248.55;248.8;6288330;1576000630.7
SBERP;D;20210122;000000;247.8;248;241.9;244.2;8837340;2160357815.1
SBERP;D;20210125;000000;246.51;248.5;241.65;244.61;6992240;1713440655.3
SBERP;D;20210126;000000;243.36;247.43;242.72;247.1;4603340;1130100456.2
SBERP;D;20210127;000000;247.15;250.62;243.57;243.98;6243270;1542615284
SBERP;D;20210128;000000;243;245.63;240.9;244.85;6327720;1537336610
SBERP;D;20210129;000000;243.99;244;237.32;237.78;7566610;1814312707.2
SBERP;D;20210201;000000;239.9;243.08;238.1;242.79;4087910;983556811
SBERP;D;20210202;000000;243.21;245.64;241.95;242.07;5122530;1249784025.6
SBERP;D;20210203;000000;242.73;245.79;240.25;242.04;4232240;1026154584.2
SBERP;D;20210204;000000;241.41;247.31;241.41;247.13;5634190;1378800863.9
SBERP;D;20210205;000000;247.56;249.5;246.17;247.86;4522890;1120880063
SBERP;D;20210208;000000;248.98;251.37;248.58;250.84;4284620;1071421988.6
SBERP;D;20210209;000000;251.01;251.76;246.07;247.89;5275510;1309592055
SBERP;D;20210210;000000;247.47;250.59;243.5;245.16;5891710;1454011482.1
SBERP;D;20210211;000000;245.15;245.96;242.83;243.29;3365540;820564155.2
SBERP;D;20210212;000000;243.4;245.75;238.58;245.33;6246510;1507988001.4
SBERP;D;20210215;000000;247;249.77;246.55;249.75;4521720;1121815786.4
SBERP;D;20210216;000000;250.2;250.68;247.7;248.64;3037950;755781847.2
SBERP;D;20210217;000000;248.15;251.7;246.11;248.39;5008930;1249272232.3
SBERP;D;20210218;000000;248.98;250;245.81;247;5749590;1427172532.7
SBERP;D;20210219;000000;246.15;251.11;244;249.64;4756620;1176648178.3
SBERP;D;20210220;000000;249.89;249.9;247.74;249.12;719120;178882894.2
SBERP;D;20210222;000000;248.51;252;247.3;251.48;3648980;912113852.9
SBERP;D;20210224;000000;248.58;251.17;247.85;250.26;5316480;1325518056.6
SBERP;D;20210225;000000;250.4;253.44;249.27;249.51;6170310;1553533990.6
SBERP;D;20210226;000000;248.96;250.95;246.35;249.4;4853330;1207784613.9
SBERP;D;20210301;000000;250.71;252.32;249.72;250.1;5988400;1500971292.3
SBERP;D;20210302;000000;249.43;253.9;248.72;252.75;7013290;1766177128.6
SBERP;D;20210303;000000;255.49;256.26;251.81;252.3;5910450;1504899002.3
SBERP;D;20210304;000000;252.99;256.51;249.14;250.24;8781750;2219835321.8
SBERP;D;20210305;000000;251.51;253.63;249;252.75;6397730;1607817355.4
SBERP;D;20210309;000000;252.99;259.3;252.39;258.86;7853310;2016723807
SBERP;D;20210310;000000;259;260.7;256.64;258;6751290;1745680085
SBERP;D;20210311;000000;259.35;259.95;256.27;258.47;4740460;1222101692.7
SBERP;D;20210312;000000;258.4;260.96;257.29;260.39;3927340;1017587831.7
SBERP;D;20210315;000000;261.28;264.86;259.8;264.86;4337670;1141990024.9
SBERP;D;20210316;000000;264.99;265.82;261.1;263.33;4479800;1179375744.6
SBERP;D;20210317;000000;262.33;264.3;255.05;257.65;9045460;2339070213.1
SBERP;D;20210318;000000;259.19;260.23;254.85;255.79;6269210;1616068079.1
SBERP;D;20210319;000000;256;260.69;255.3;260.62;5882770;1521247356
SBERP;D;20210322;000000;259.5;264.76;258.8;263.86;6188870;1625102633.6
SBERP;D;20210323;000000;262.5;263.44;259.81;260.4;6903130;1802962383.2
SBERP;D;20210324;000000;260.11;265.34;260.11;263.7;6368050;1676505971.2
SBERP;D;20210325;000000;263.9;265.17;262.23;264.47;5314090;1402685213.6
SBERP;D;20210326;000000;265.29;269.4;265.29;269.28;7771270;2076377996.6
SBERP;D;20210329;000000;268.8;271.8;267.9;271.38;5637330;1523807470.2
SBERP;D;20210330;000000;271.34;273.2;270;271.9;4277400;1161148809.6
SBERP;D;20210331;000000;271.41;273.1;270.17;270.93;4327280;1174281184
SBERP;D;20210401;000000;270.81;272.76;268.22;270.5;4764600;1289021656.3
SBERP;D;20210402;000000;271;271.98;269.29;271.61;2582330;699564585.6
SBERP;D;20210405;000000;271.55;271.78;268.76;270.2;4383690;1182328014
SBERP;D;20210406;000000;269.7;270.67;264.75;265.4;7974710;2123649353.4
SBERP;D;20210407;000000;265.4;267;261.77;266.85;7833040;2075598231.6
SBERP;D;20210408;000000;266.77;268.97;265.71;267.41;6892350;1839411565.3
SBERP;D;20210409;000000;267.69;267.69;264.96;266.12;5494690;1462204013.2
SBERP;D;20210412;000000;264.85;267.79;263.5;266.85;8325490;2216376644.8
SBERP;D;20210413;000000;267.7;270.98;266.33;270.65;7885170;2111878599.9
SBERP;D;20210414;000000;271.96;272.97;270.48;271.76;7472810;2031095992.8
SBERP;D;20210415;000000;268;270;266.06;269.88;9343490;2508957680.9
SBERP;D;20210416;000000;270.89;274.98;269.73;274.29;6273390;1711144237.3
SBERP;D;20210419;000000;275;275.1;272.18;273.71;5577650;1526200352.9
SBERP;D;20210420;000000;274.22;278;271.37;272.39;8823140;2417289959.2
SBERP;D;20210421;000000;272.56;275.19;272.4;274.97;5978210;1637428563.1
SBERP;D;20210422;000000;274.27;276.75;272.62;276.08;8335530;2291656592.9
SBERP;D;20210423;000000;276.1;279.8;276;279.76;7147220;1986151178.2
SBERP;D;20210426;000000;280;282.3;279.77;281.4;7617500;2140234825.1
SBERP;D;20210427;000000;282;285.7;281.72;283.98;7118560;2019820204.8
SBERP;D;20210428;000000;284.14;285.05;281.03;284.23;5008350;1416048232.1
SBERP;D;20210429;000000;286.1;286.81;281.81;283.47;8003560;2275429153.4
SBERP;D;20210430;000000;283.46;284.29;281.85;283.5;5146510;1456295033.4
SBERP;D;20210504;000000;285.62;288.93;284.75;288.52;7906730;2271753662.3
SBERP;D;20210505;000000;289;289.95;287.73;289.9;6063030;1750308981.8
SBERP;D;20210506;000000;289.98;296.37;289.49;295.95;12457660;3648269384.2
SBERP;D;20210507;000000;296;299.5;296;298.13;10060300;2997526463.1
SBERP;D;20210510;000000;298.4;299.3;295.29;299.21;12826530;3827446431.6
SBERP;D;20210511;000000;282.5;288.67;280.24;287.7;13270920;3790028137.7
SBERP;D;20210512;000000;287.97;289.49;280;280.59;9961800;2823769820
SBERP;D;20210513;000000;280.59;285.23;276.86;285;8310470;2332486838.4
SBERP;D;20210514;000000;285.26;286.46;281.02;282.26;4260410;1205334859.5
SBERP;D;20210517;000000;281.5;283.5;279.14;281.42;5287880;1486001201.7
SBERP;D;20210518;000000;283.08;283.66;281.43;282.35;3211040;906623309.6
SBERP;D;20210519;000000;281.5;281.88;276.46;278.09;6643900;1852621172.4
SBERP;D;20210520;000000;278.4;279.79;275.45;278.79;4021180;1116587334.9
SBERP;D;20210521;000000;279.6;283.15;277.5;281.66;4929580;1385939375.5
SBERP;D;20210524;000000;282.89;284.25;280.46;281.44;3070200;866203929.4
SBERP;D;20210525;000000;281.8;287;281.59;285.86;4149400;1181267467
SBERP;D;20210526;000000;286.15;288.49;284.99;286.29;4727350;1355156126.3
SBERP;D;20210527;000000;286.35;291.78;285.3;291.44;5752050;1665621385.4
SBERP;D;20210528;000000;291.59;293.26;288.77;290.32;5846960;1698589506.6
SBERP;D;20210531;000000;290.04;294.15;290.04;293.28;3840350;1124590247.5
SBERP;D;20210601;000000;294.45;295.5;292.9;294.32;4389500;1292034794.1
SBERP;D;20210602;000000;294.89;295.71;293.01;294.99;3793730;1117110549.4
SBERP;D;20210603;000000;295.3;296.22;291.15;293.03;4628280;1357560231.5
SBERP;D;20210604;000000;292.57;293.15;288.99;292.08;3483430;1014175396
SBERP;D;20210607;000000;292;295.46;290.53;294.79;3435970;1009526347.5
SBERP;D;20210608;000000;294.75;295.3;292.32;293.99;2796510;821863597
SBERP;D;20210609;000000;295;295;292.21;293.99;2251170;661074711.1
SBERP;D;20210610;000000;293.02;295.39;292.8;293.85;2769940;814755437
SBERP;D;20210611;000000;294.35;294.35;292.03;292.22;2419920;708554336.7
SBERP;D;20210614;000000;293.5;293.5;290.84;292.48;3039740;888322637.5
SBERP;D;20210615;000000;293.66;293.78;291.3;291.32;2955480;864750869.7
SBERP;D;20210616;000000;291.37;293.1;289.52;291;4398220;1281810659.7
SBERP;D;20210617;000000;290;292.85;289.82;290.91;4093440;1195362337.2
SBERP;D;20210618;000000;291.17;291.36;285.11;286.7;5128090;1474327186.1
SBERP;D;20210621;000000;285.5;286.74;283.56;286.67;4107290;1169772277.5
SBERP;D;20210622;000000;287.63;288.05;284.75;286.27;2051400;586601267.5
SBERP;D;20210623;000000;287.2;289.22;285.57;286.75;2021910;579665554.4
SBERP;D;20210624;000000;287.8;287.8;285.15;286.01;1599070;458141735.8
SBERP;D;20210625;000000;286.02;287.61;285.63;287.22;1325490;380382614.5
SBERP;D;20210628;000000;286.3;287.34;283.94;283.94;2360990;674141125.6
SBERP;D;20210629;000000;283.12;283.79;278.7;281.92;4110270;1157468417.7
SBERP;D;20210630;000000;282.01;282.62;279.61;282.16;2310190;649550985.5
SBERP;D;20210701;000000;281.81;282.86;280;281.09;2913790;818589977.6
SBERP;D;20210702;000000;280.8;283.6;280.2;283.17;1911010;539865559.9
SBERP;D;20210705;000000;283.1;283.56;281;282.5;1526660;430671500.8
SBERP;D;20210706;000000;283.02;283.02;279.51;280.91;2540400;713976696.8
SBERP;D;20210707;000000;280.91;282.85;280.23;281.5;2650310;746463697.3
SBERP;D;20210708;000000;280.95;282;278.45;280.5;3363250;940168189.4
SBERP;D;20210709;000000;280.95;281.76;279.4;281.01;2220450;624021932.4
SBERP;D;20210712;000000;281.33;284.84;279.53;284.61;2770150;781562996.8
SBERP;D;20210713;000000;285;285.49;280.12;281.87;2001270;564910469.5
SBERP;D;20210714;000000;281.1;282.36;278.98;279.9;2575360;721898201.8
SBERP;D;20210715;000000;278.99;281.39;277.86;280.04;3613090;1011180677.1
SBERP;D;20210716;000000;279.6;282.9;277.55;277.78;3134980;877630449.9
SBERP;D;20210719;000000;277.08;277.08;270.4;272.19;6459680;1768756556.3
SBERP;D;20210720;000000;273.99;277.49;273;277.02;5970830;1645629917
SBERP;D;20210721;000000;276.95;278.58;274.71;276.01;3632250;1004387313
SBERP;D;20210722;000000;276.1;278.9;275.35;278.6;2433140;675646547.3
SBERP;D;20210723;000000;278.71;280.25;276.52;278.34;2080670;579620433.1
SBERP;D;20210726;000000;276.39;284.97;275.12;284.95;3216930;902033178.8
SBERP;D;20210727;000000;285;285.48;281.4;281.65;2723290;770353995.7
SBERP;D;20210728;000000;281.98;283.7;281.51;283.69;2636320;744336819.4
SBERP;D;20210729;000000;284.22;285.85;283.19;284.95;2656100;755777123.1
SBERP;D;20210730;000000;284.18;289.67;283.38;288.7;5185480;1490427193.8
SBERP;D;20210802;000000;290.27;290.75;285.42;286.55;4554180;1313246200.9
SBERP;D;20210803;000000;287.81;291.8;286.92;291.76;4240370;1229289589.8
SBERP;D;20210804;000000;292.28;293.44;290.21;290.82;2764320;805620104.6
SBERP;D;20210805;000000;290.99;294.9;290.24;294.75;2767320;810479618.1
SBERP;D;20210806;000000;294.78;297.93;294.03;296.31;4281130;1270004474.8
SBERP;D;20210809;000000;295.3;301.84;294.58;301.08;7116890;2130454954
SBERP;D;20210810;000000;301.9;305.37;301.38;304.97;4676800;1420832030.7
SBERP;D;20210811;000000;305.01;306.34;301.09;304.23;4480700;1359986344.8
SBERP;D;20210812;000000;304.99;304.99;302.3;303.3;1839030;558079904.7
SBERP;D;20210813;000000;302.9;304.25;302.4;303.48;1639050;497238795.6
SBERP;D;20210816;000000;302.86;304.7;302;304.2;1923250;584144645.5
SBERP;D;20210817;000000;304.12;310;303.37;308.87;3964340;1220830750.8
SBERP;D;20210818;000000;309.79;312.58;307.82;310.15;4518400;1403773817
SBERP;D;20210819;000000;309.5;309.68;304.2;308.3;5761460;1766884237.3
SBERP;D;20210820;000000;309.75;309.75;303.22;303.77;3569720;1089937661.7
SBERP;D;20210823;000000;306;307.64;304.51;306.76;1866030;571785552.3
SBERP;D;20210824;000000;306.82;308.03;302.2;303.79;2969690;903729928.8
SBERP;D;20210825;000000;302.87;304.19;300.3;303.7;2488960;752210008.6
SBERP;D;20210826;000000;303;304.4;301.36;302.64;2280930;689952645.8
SBERP;D;20210827;000000;303.66;307.8;302.54;307.47;2747080;837828186.1
SBERP;D;20210830;000000;307.6;310.22;307.12;308.88;2597130;801767596.7
SBERP;D;20210831;000000;310;311;308.06;308.65;2166910;670492155.2
SBERP;D;20210901;000000;308.1;313.56;308;313.23;2139130;664156133.3
SBERP;D;20210902;000000;314;314.34;309.24;309.3;2275170;707957882.2
SBERP;D;20210903;000000;310.15;310.56;307;309.98;2444870;754529426
SBERP;D;20210906;000000;309.98;311.44;308.91;310.32;1611120;499967442.1
SBERP;D;20210907;000000;311.59;311.59;306.54;307.96;2172160;669548209.9
SBERP;D;20210908;000000;307.96;314.17;305;313.29;3331660;1035078893.7
SBERP;D;20210909;000000;312.99;312.99;308.69;309.28;3007350;933572758.7
SBERP;D;20210910;000000;309.83;310.58;308.38;309.83;1541570;477245375.9
SBERP;D;20210913;000000;309.83;310.93;307.61;309.97;2156950;666273430.6
SBERP;D;20210914;000000;310.24;311.62;308.58;310.22;2487220;772323371.6
SBERP;D;20210915;000000;310.22;316.74;310;316.35;3190130;1001152333
SBERP;D;20210916;000000;315.8;317.49;307.61;309.8;5260880;1638432034.2
SBERP;D;20210917;000000;308.55;313.47;308.27;311.52;1970750;615169975
SBERP;D;20210920;000000;310.78;310.78;307.87;308.3;3268770;1011288787.5
SBERP;D;20210921;000000;308.61;310.65;305.8;306.97;3575380;1098756965.3
SBERP;D;20210922;000000;307.84;311.32;306.26;310.01;2918260;900646356.1
SBERP;D;20210923;000000;312.15;312.7;308;310.38;1849720;573672358.8
SBERP;D;20210924;000000;310.32;310.32;307.26;308.77;1570760;484408543.2
SBERP;D;20210927;000000;311;314;309.46;313.5;2696190;841052550.2
SBERP;D;20210928;000000;314;315.2;309.14;309.77;3782530;1178794255.4
SBERP;D;20210929;000000;309.02;311.37;308.32;309.44;2270540;703278877.4
SBERP;D;20210930;000000;310.7;320.17;310.18;317.26;6409290;2018869944.5
SBERP;D;20211001;000000;316.32;317.73;314.33;316.08;2816320;888394747.1
SBERP;D;20211004;000000;315;322.79;313.83;319.34;7587660;2419719827.3
SBERP;D;20211005;000000;321.48;334.33;316.66;333.23;9825360;3197626693.3
SBERP;D;20211006;000000;335;345.92;331.2;336.3;8292340;2797521232.9
SBERP;D;20211007;000000;338.08;343.63;336.5;339.39;5221570;1771340469.2
SBERP;D;20211008;000000;339.81;344.39;338.51;343.43;2405520;822445725.3
SBERP;D;20211011;000000;347.91;357;345.73;356;8144070;2869188381.2
SBERP;D;20211012;000000;354.86;356.21;346.5;346.61;7901610;2779609771.7
SBERP;D;20211013;000000;347.9;347.98;340.22;346.45;9159650;3153052782.8
SBERP;D;20211014;000000;350.06;351.3;342.91;345.3;7299150;2524080541.3
SBERP;D;20211015;000000;347.83;347.83;339.33;341.5;4340460;1482772726.7
SBERP;D;20211018;000000;339.67;339.67;331.62;333.03;7335190;2450020465.7
SBERP;D;20211019;000000;333.44;339.94;330.42;339.92;5062950;1698213592.5
SBERP;D;20211020;000000;339.96;339.97;334.3;338.4;2892010;974727187.5
SBERP;D;20211021;000000;338;338.58;332.23;334.25;2569950;862523375.2
SBERP;D;20211022;000000;335.26;338.88;332.36;333;4794240;1605499105.7
SBERP;D;20211025;000000;333.5;339.69;331;338.51;4231350;1422746431.7
SBERP;D;20211026;000000;337.05;339.84;334;337.87;4783880;1613349361.3
SBERP;D;20211027;000000;336.8;338.7;334.05;335.92;4139770;1393203089.8
SBERP;D;20211028;000000;334.3;338.33;327.25;329.6;6598330;2185688372.5
SBERP;D;20211029;000000;329;329;319.6;322.38;6923990;2241691188.9
SBERP;D;20211101;000000;323.23;332.99;322.59;332.99;10108770;3316630837.4
SBERP;D;20211102;000000;332.6;334.73;328.6;331.51;5477890;1817496452.6
SBERP;D;20211103;000000;331;335.4;327.96;335.02;3321510;1100658094
SBERP;D;20211105;000000;333.5;333.5;325.9;327.66;2921810;961687607
SBERP;D;20211108;000000;327.87;330.47;323.37;325.52;3294070;1075477375.6
SBERP;D;20211109;000000;325.25;330.18;324.15;326.3;3590380;1173991644.7
SBERP;D;20211110;000000;325.73;327.85;318.4;318.58;4889960;1576273277.3
SBERP;D;20211111;000000;318.65;325.4;317.22;324.15;3764430;1211146163.6
SBERP;D;20211112;000000;325.08;325.1;310.65;316.7;10557040;3338240068.9
SBERP;D;20211115;000000;316.39;320.95;313.68;315.89;5271020;1669170649.5
SBERP;D;20211116;000000;316;317.12;308.28;310.58;6769670;2104114613.8
SBERP;D;20211117;000000;310.27;314.39;309.12;311.48;4231420;1318253158.9
SBERP;D;20211118;000000;311;313.5;306;309.1;5010910;1555804562.3
SBERP;D;20211119;000000;310.64;311.76;299;302;8882380;2689194885.5
SBERP;D;20211122;000000;300.98;301;285.9;288.7;17452180;5091433309.6
SBERP;D;20211123;000000;288;304;280.37;303.95;13177770;3866121241.7
SBERP;D;20211124;000000;305;306.91;295.44;298.89;8974290;2685909377.1
SBERP;D;20211125;000000;300.7;300.7;294.5;296.2;4732290;1406597130.3
SBERP;D;20211126;000000;290.11;291.54;284.63;286;10400840;2993141001.2
SBERP;D;20211129;000000;290;299.13;289.6;294.95;6682560;1968000697.1
SBERP;D;20211130;000000;291.9;294.51;288.2;291.82;8364020;2442546890.7
SBERP;D;20211201;000000;294.71;300.75;294.71;296.3;8517090;2539656602.7
SBERP;D;20211202;000000;298.4;299.96;293.3;297.87;4835190;1434829513.1
SBERP;D;20211203;000000;298.4;299.85;293.5;295.51;3622150;1075791802.7
SBERP;D;20211206;000000;295.67;299.06;284.02;287.1;8690940;2503954697.5
SBERP;D;20211207;000000;287.03;291.25;281.38;288.4;12319940;3517743454.9
SBERP;D;20211208;000000;288.41;295.74;275.36;280.69;17389660;4920758646.1
SBERP;D;20211209;000000;280.8;283.78;277.01;280.51;13858250;3897661211.2
SBERP;D;20211210;000000;281.17;283.5;276.75;279.43;10198260;2851958016.3
SBERP;D;20211213;000000;282.5;282.8;265.05;266.46;16296460;4426505877.8
SBERP;D;20211214;000000;265.74;270.29;248.02;269.87;18811830;4969282940.3
SBERP;D;20211215;000000;269.88;272.72;265.52;271.27;9508380;2554880778.5
SBERP;D;20211216;000000;272.91;281.75;272.16;278.41;14000110;3893840640.1
SBERP;D;20211217;000000;277.7;279.49;275.22;278.82;7192540;1997597744.1
SBERP;D;20211220;000000;277.77;277.77;270.57;274.09;8470120;2312036697.7
SBERP;D;20211221;000000;276.39;277.88;271.6;275.9;6586930;1807188047.7
SBERP;D;20211222;000000;275;279.6;273.57;276.36;8893350;2468844190.5
SBERP;D;20211223;000000;277;279.79;275.22;276.02;5306470;1470847920.2
SBERP;D;20211224;000000;276.8;277.84;273.13;275.96;3909640;1077703512.4
SBERP;D;20211227;000000;275.01;278.9;275.01;278.61;4117480;1141644739.4
SBERP;D;20211228;000000;279;280.9;278.1;278.9;4849200;1353985586
SBERP;D;20211229;000000;278.96;279.52;275.61;277.45;4596070;1273789022.3
SBERP;D;20211230;000000;277.45;279.97;275.66;279;7460350;2075350387
SBERP;D;20220103;000000;279.9;289.79;279.13;289.74;4729040;1350298462.4
SBERP;D;20220104;000000;289.8;293;286.02;289.01;6340870;1836067677.8
SBERP;D;20220105;000000;288.94;288.94;274.17;274.8;9557700;2696265271.3
SBERP;D;20220106;000000;277;280.96;272.37;279.05;11563410;3204514965.4
SBERP;D;20220110;000000;280.5;283.5;274.5;277.8;8100370;2253348105
SBERP;D;20220111;000000;277.73;278.78;275.1;278.15;6653170;1840958108.7
SBERP;D;20220112;000000;278.4;279.44;272.11;276;9318330;2567984808.6
SBERP;D;20220113;000000;275.93;276;260;263.95;19975500;5344269682.8
SBERP;D;20220114;000000;264.51;268.89;241.03;252.64;45583630;11519390751.2
SBERP;D;20220117;000000;253.63;256.49;240;250.65;28556580;7040828760.4
SBERP;D;20220118;000000;251.02;251.66;223;228.61;44803800;10464616433.6
SBERP;D;20220119;000000;226.99;242.65;216.51;238.5;42115420;9833399213.8
SBERP;D;20220120;000000;236.83;250.72;232.14;244;38839990;9378816116
SBERP;D;20220121;000000;242.87;249.6;238.29;239.12;24049050;5844170744.2
SBERP;D;20220124;000000;238.12;241.8;220;230.63;33749180;7679018586.8
SBERP;D;20220125;000000;231;236.34;223.21;231.6;21351020;4907813796
SBERP;D;20220126;000000;231.68;237.31;226.88;230.14;18062300;4194427358.3
SBERP;D;20220127;000000;228.67;249.21;227.31;243.53;21882050;5257229501
SBERP;D;20220128;000000;245.84;252;243.04;246.9;15936010;3941269488.9
SBERP;D;20220131;000000;248;256.1;245.9;255.53;13613890;3444489472.5
SBERP;D;20220201;000000;256;258.86;249.56;252.6;11774470;2981776208.1
SBERP;D;20220202;000000;253.04;254.1;245.25;249.12;11128020;2772894413.5
SBERP;D;20220203;000000;249.12;249.65;239.48;239.9;11265370;2730165290.4
SBERP;D;20220204;000000;240.7;247.57;240.52;245;13348540;3252573111.9
SBERP;D;20220207;000000;244.5;248.3;242.11;245.58;6124020;1499796793
SBERP;D;20220208;000000;246.24;255.98;244.67;255.68;11182070;2813097528.6
SBERP;D;20220209;000000;257.1;265.8;256.37;265.21;15570780;4085101746.7
SBERP;D;20220210;000000;264.06;267.28;258.41;261;11584910;3046836512.5
SBERP;D;20220211;000000;260;261.79;249.2;250.86;17108120;4366683889
SBERP;D;20220214;000000;249;249;237.11;245.1;27272580;6622146773.3
SBERP;D;20220215;000000;246.25;258.88;246.02;258.88;19270840;4888444026.1
SBERP;D;20220216;000000;260.9;266;259.45;262.49;17279130;4535966347
SBERP;D;20220217;000000;261;261.98;248.4;250.08;17055960;4321717886.9
SBERP;D;20220218;000000;251.4;255.55;235;240;20190700;4919177316.6
SBERP;D;20220221;000000;238;247.07;180.2;195.01;103918160;21847082601.6
SBERP;D;20220222;000000;194.8;211.56;176;204.3;99765980;19169747037
SBERP;D;20220224;000000;183.53;183.53;101;132;55887680;6871109474.1
SBERP;D;20220225;000000;118.8;159.87;115;131.3;32401330;4254657628.2
SBERP;D;20220324;000000;130;157.95;130;135.4;18069380;2603631515.4
SBERP;D;20220325;000000;148;148;130;131;6232190;835195619.9
SBERP;D;20220328;000000;131;132.43;125;126.94;3613680;458242488.3
SBERP;D;20220329;000000;127.33;143.9;123.05;130.8;11077630;1488449339.3
SBERP;D;20220330;000000;141.7;141.7;132.3;135.5;3823480;520902004.8
SBERP;D;20220331;000000;140;147;136.1;145.9;9096820;1288317617.9
SBERP;D;20220401;000000;150;162;146.41;159;12646880;1975852178.6
SBERP;D;20220404;000000;162;174.8;159;173.45;11513290;1941972029.8
SBERP;D;20220405;000000;177.7;178;149.5;159.99;15789260;2594078804.4
SBERP;D;20220406;000000;148.7;158.39;145.5;149.79;10121310;1550947248.5
SBERP;D;20220407;000000;148.5;155.47;148.5;152.7;5349830;818716560.1
SBERP;D;20220408;000000;153.7;154.39;147.4;148.99;3947930;593093818.9
SBERP;D;20220411;000000;148.02;151;142;143.58;4293960;629965548.4
SBERP;D;20220412;000000;143.36;144.24;135;139.5;5313190;731351924
SBERP;D;20220413;000000;140;143;137.11;139.99;2426450;339084441.6
SBERP;D;20220414;000000;142;142;133;133;2326520;318461957.8
SBERP;D;20220415;000000;133.5;135.9;128;132.9;4738510;629418653.5
SBERP;D;20220418;000000;136;139.25;128.32;128.55;5957380;792272100.8
SBERP;D;20220419;000000;129.67;129.67;118.8;125.5;7492490;927431072.7
SBERP;D;20220420;000000;126;129.35;121.63;125.05;4918150;620457548.8
SBERP;D;20220421;000000;126.43;126.88;122.6;123.12;1977870;245764391.8
SBERP;D;20220422;000000;123.5;126.1;121.47;123.27;2824140;348684614.5
SBERP;D;20220425;000000;123;123.27;118.05;118.51;2990320;356931206.3
SBERP;D;20220426;000000;118.6;128.88;117;125.45;5126220;628734404.1
SBERP;D;20220427;000000;125.98;134.5;124.51;134;5969630;788420217.7
SBERP;D;20220428;000000;135;136.88;126.5;126.5;6021440;796333450
SBERP;D;20220429;000000;127;131;126.1;130.4;3931600;506649474.9
SBERP;D;20220504;000000;130.4;132.23;124.28;124.8;3473670;441163175.7
SBERP;D;20220505;000000;125.34;126.87;125;125.47;1527320;192044411.3
SBERP;D;20220506;000000;125.47;125.47;123;124.2;1290300;159631056.6
SBERP;D;20220511;000000;124.3;126.41;120.9;121.11;5809650;712967597
SBERP;D;20220512;000000;120;121.9;115.6;116.6;6771570;804818394
SBERP;D;20220513;000000;117.9;117.93;115.33;116.7;3903700;456270260.7
SBERP;D;20220516;000000;116.1;119.89;116;119.84;4744150;561739488.7
SBERP;D;20220517;000000;120.8;124;120.05;123.8;3642050;445813238.8
SBERP;D;20220518;000000;123.7;127.3;122.1;122.33;5019710;628506539.6
SBERP;D;20220519;000000;122.4;123.47;120.3;122.81;2371500;289922197.1
SBERP;D;20220520;000000;123.4;124.7;118.38;119.94;4817130;580388689.9
SBERP;D;20220523;000000;119;119.14;117;117.05;3290370;388017404
SBERP;D;20220524;000000;117;121.72;115;118.74;6226020;738450301.8
SBERP;D;20220525;000000;119.5;121.02;114.69;115.99;16812650;1954841236.1
SBERP;D;20220526;000000;117;117.63;113.49;113.75;15855360;1826603166.9
SBERP;D;20220527;000000;113.9;114.34;111.38;111.58;12839880;1444977730
SBERP;D;20220530;000000;111.2;113.65;111.2;111.84;8446090;946554204.9
SBERP;D;20220531;000000;111.7;112.69;109.08;111.61;5185480;576238154.8
SBERP;D;20220601;000000;112;114.5;111.68;113.19;5019520;568976685.1
SBERP;D;20220602;000000;113.35;114.25;111.8;112.11;3327810;374579843.6
SBERP;D;20220603;000000;112.12;113.15;110.55;112.02;3703670;413168268.9
SBERP;D;20220606;000000;112.5;113.82;111.63;113.7;4490840;506662282.9
SBERP;D;20220607;000000;113.75;113.8;112.3;113;3145280;355386612.3
SBERP;D;20220608;000000;113.7;117.48;112.1;115.14;6854950;792418704.6
SBERP;D;20220609;000000;115.3;115.6;112.75;113.94;4753160;541999019.4
SBERP;D;20220610;000000;114;115.3;113.63;114.1;2563080;293025884.9
SBERP;D;20220614;000000;113.91;115.45;110;114.49;3737250;425363561.3
SBERP;D;20220615;000000;115.4;118;114.76;116.51;8003420;935727960.4
SBERP;D;20220616;000000;117.09;118;116;117.39;6109450;715265441.7
SBERP;D;20220617;000000;117.9;119.08;117.52;118.4;4271140;506027581.5
SBERP;D;20220620;000000;118.73;124.9;118.32;124.84;6737880;815535562.8
SBERP;D;20220621;000000;125.9;126.95;122.01;123.3;7612700;942896707.4
SBERP;D;20220622;000000;122;127.8;121.03;127.8;6971070;864579591.7
SBERP;D;20220623;000000;128;132.1;125.7;130.5;8092770;1053150332.2
SBERP;D;20220624;000000;130;131.66;128.11;130.18;3917230;508067296
SBERP;D;20220627;000000;129.9;134.35;129.9;134.2;6101200;811606059.7
SBERP;D;20220628;000000;134.6;134.97;132.17;133.36;4179070;557554938.1
SBERP;D;20220629;000000;133;133.39;127.79;127.99;5119030;668167377.4
SBERP;D;20220630;000000;127.92;129.92;119.12;121.21;13240790;1635858369
SBERP;D;20220701;000000;121.25;127.85;118.59;126.5;8328670;1033566813.1
SBERP;D;20220704;000000;125.2;128.73;123.3;127;5229050;657473349.6
SBERP;D;20220705;000000;127.05;129.65;126.11;127.79;6129230;784309007.1
SBERP;D;20220706;000000;128.15;130.76;126;127;5702970;736555660.4
SBERP;D;20220707;000000;127;128.49;125.22;126.2;3567760;452286689.3
SBERP;D;20220708;000000;126.65;126.99;124.44;126.5;2935810;369261572.4
SBERP;D;20220711;000000;125.72;127.18;121.5;121.99;4616920;571646455.1
SBERP;D;20220712;000000;121.73;123.2;118.99;122.67;6061180;732950141.1
SBERP;D;20220713;000000;123.2;123.5;119.41;120.36;3484760;421448501.3
SBERP;D;20220714;000000;120.1;121.84;118.2;120.49;3288690;395574021.2
SBERP;D;20220715;000000;120.9;123.5;119.27;122.96;3363330;409398153.8
SBERP;D;20220718;000000;123.65;124.31;121.01;122.39;2906950;355972109.8
SBERP;D;20220719;000000;122.95;122.95;119.52;121.39;2817730;339968550.5
SBERP;D;20220720;000000;121.11;122.3;120.05;120.28;2732200;331552970.2
SBERP;D;20220721;000000;120.13;120.47;117;119.5;4027920;478209241.9
SBERP;D;20220722;000000;119.9;123;119.21;122.98;3681110;447432145.4
SBERP;D;20220725;000000;123.9;125.95;121.29;125;4145910;514113415.9
SBERP;D;20220726;000000;125.12;127.19;125.01;126.29;3764040;474955990.5
SBERP;D;20220727;000000;125.05;127.75;125.01;126;4888970;617948408.8
SBERP;D;20220728;000000;125.63;126.69;124;125.27;3026970;378413932.6
SBERP;D;20220729;000000;125.05;126;124.13;125.55;3027680;379060980.6
SBERP;D;20220801;000000;125.55;125.55;122.06;122.06;5226700;645593977.5
SBERP;D;20220802;000000;121.9;122.75;120.35;122;3014710;366203994
SBERP;D;20220803;000000;122.1;123.38;121.1;121.27;2258150;275945615.4
SBERP;D;20220804;000000;121.8;122.18;120.82;121.37;2014520;244862197.1
SBERP;D;20220805;000000;121.55;121.77;116.23;117;6192680;732287205.5
SBERP;D;20220808;000000;119.11;120.46;118;118.91;4101480;488965447.1
SBERP;D;20220809;000000;119.06;120.3;117.51;120.05;3841320;456347909.4
SBERP;D;20220810;000000;120.05;120.99;118.86;119.78;3027740;363174975
SBERP;D;20220811;000000;120;120.71;117.8;118;3393700;406093071.8
SBERP;D;20220812;000000;117.9;119.35;117;119.09;3083370;365279360.4
SBERP;D;20220815;000000;118.98;119.72;118.31;119.13;2482020;295339980.6
SBERP;D;20220816;000000;119.2;121.1;119.02;120.6;2579310;310623722.2
SBERP;D;20220817;000000;120.98;121.51;119.8;119.95;2223730;267903253.2
SBERP;D;20220818;000000;120.36;121.93;119.31;121.73;1982350;239250338.3
SBERP;D;20220819;000000;121.3;121.65;120.3;120.65;2229380;269577499.4
SBERP;D;20220822;000000;120.36;121.9;120.22;121.39;1939280;235108755.6
SBERP;D;20220823;000000;121.69;125.49;121.45;125.39;4111540;509627593.1
SBERP;D;20220824;000000;125.61;126.4;123.05;123.17;2901450;361570027.8
SBERP;D;20220825;000000;123.44;124.6;122.13;123.4;2460370;303669984
SBERP;D;20220826;000000;123.48;125.4;122.83;124.98;2210980;274684548.1
SBERP;D;20220829;000000;124.99;125.79;124.25;125.2;2773980;346560460.5
SBERP;D;20220830;000000;125.34;126.55;124.05;124.6;4004630;502064928.5
SBERP;D;20220831;000000;127.44;131.81;125.8;128.32;9121280;1171829920.4
SBERP;D;20220901;000000;128.38;132;126.75;132;4543070;585711952
SBERP;D;20220902;000000;133.2;136.55;130.2;135.9;13143870;1757912766
SBERP;D;20220905;000000;135.96;137.11;132.01;134.4;7159030;958496394.8
SBERP;D;20220906;000000;134.4;134.4;128.8;130.12;7668860;1008724384.6
SBERP;D;20220907;000000;130.29;131.37;128.38;129.16;7831860;1014980916.6
SBERP;D;20220908;000000;129.65;129.65;127.05;127.8;3758770;482020707.2
SBERP;D;20220909;000000;127.99;131.5;127.61;130.98;4437070;574419729.4
SBERP;D;20220912;000000;129.68;133;129.68;131.54;4552150;600257424.4
SBERP;D;20220913;000000;131.94;132.3;129.68;130.12;3405400;446198984.4
SBERP;D;20220914;000000;130.44;131.96;128.5;131.4;4362090;566141765.3
SBERP;D;20220915;000000;131.53;132.78;130.16;132.09;3825410;503540929.8
SBERP;D;20220916;000000;131.99;133.22;129.93;130.52;5140850;676018344.1
SBERP;D;20220919;000000;130.26;131.48;129.33;130.27;2959060;386604041.3
SBERP;D;20220920;000000;130.22;130.97;118.32;121.45;19515430;2431523854.4
SBERP;D;20220921;000000;110;119.37;109.49;116.12;14415890;1673036642
SBERP;D;20220922;000000;115.77;121.82;115.77;119.23;8098010;964887695.7
SBERP;D;20220923;000000;120.01;120.01;112.52;114.47;8574420;988599927.8
SBERP;D;20220926;000000;113;113;102;104.09;15887270;1717145426.7
SBERP;D;20220927;000000;106;109.5;104;108.51;9948670;1056634508.9
SBERP;D;20220928;000000;107.8;110.8;104.65;106.61;6591560;709411366.7
SBERP;D;20220929;000000;107;107.91;102.19;105.23;7703210;807310001.2
SBERP;D;20220930;000000;105.95;108.3;100;105.66;12178980;1275262242.9
SBERP;D;20221003;000000;105.9;109.96;105.19;109.55;5914110;636806347.9
SBERP;D;20221004;000000;110.45;110.45;106.61;107.09;4991340;538165660.9
SBERP;D;20221005;000000;107.2;107.2;103.16;104.85;8148310;853553030.4
SBERP;D;20221006;000000;104.85;106.5;104.45;105.32;5547700;585200089
SBERP;D;20221007;000000;105.2;105.22;98.5;99.33;7026540;718196872.7
SBERP;D;20221010;000000;96.1;103.49;94.5;103.2;11577100;1155977656.7
SBERP;D;20221011;000000;103.21;104.19;100.38;103.7;6309610;648259266.5
SBERP;D;20221012;000000;104.18;104.43;102.43;102.91;3482740;359276366.8
SBERP;D;20221013;000000;103.11;103.5;102.1;103.07;4506270;464365479.5
SBERP;D;20221014;000000;102.93;104.56;102;103.73;4932490;509492132.1
SBERP;D;20221017;000000;104.28;108.68;103.9;108.3;4687580;498573464.5
SBERP;D;20221018;000000;108.5;109.39;106.16;106.43;6178780;667119725.5
SBERP;D;20221019;000000;106;108.1;105.01;107.4;5165400;549207467.1
SBERP;D;20221020;000000;107.75;110.97;107.37;110.48;5812970;636810763.2
SBERP;D;20221021;000000;110.4;113.83;108.53;113.7;6978410;775192755.5
SBERP;D;20221024;000000;114.3;115.4;112;113.35;6506330;738619021.4
SBERP;D;20221025;000000;113.02;119.55;112.7;118.21;7865710;918588999.5
SBERP;D;20221026;000000;118.6;120.5;116;118.4;7193330;850569153.4
SBERP;D;20221027;000000;118.47;121.5;117.66;120.37;5862280;705241520.3
SBERP;D;20221028;000000;120;121.9;119;121.38;5618680;677074829.9
SBERP;D;20221031;000000;121.4;122.3;119.66;120.56;4472280;541224621.5
SBERP;D;20221101;000000;120.99;121.68;120.26;120.9;2427860;293784896.7
SBERP;D;20221102;000000;121;121.64;118.55;119.5;2735780;330488647.1
SBERP;D;20221103;000000;119.5;120.41;117.76;119.28;3835590;456636909
SBERP;D;20221107;000000;120.4;125.9;120.2;125.4;6530330;805288019.9
SBERP;D;20221108;000000;125.4;126.47;123.19;124.92;5274110;658150795.6
SBERP;D;20221109;000000;124.55;125.05;120.66;121.6;4732230;582345844.3
SBERP;D;20221110;000000;125;130.49;123.9;130.41;14378350;1840245624.4
SBERP;D;20221111;000000;130.9;132.1;129.17;131;8292170;1083356722.8
SBERP;D;20221114;000000;132;134.61;130.13;134.5;7559780;1004985708.1
SBERP;D;20221115;000000;134.5;135.4;125.86;130.61;11757090;1550069883.2
SBERP;D;20221116;000000;132.04;134.42;131.83;134.33;5300820;706846204
SBERP;D;20221117;000000;134.35;135.33;132.12;133.35;3872070;517509308
SBERP;D;20221118;000000;132.3;133.46;131.5;132.66;4263280;564833826.2
SBERP;D;20221121;000000;131.65;131.95;128.54;130.35;6627640;860563242
SBERP;D;20221122;000000;129.83;131.45;129.8;131.38;3251220;425196506.9
SBERP;D;20221123;000000;131.75;132;130.1;131.4;4870840;638935400.4
SBERP;D;20221124;000000;131.4;132.61;130.96;131.36;2912540;384167352.8
SBERP;D;20221125;000000;131.78;131.78;130.2;131.19;1971850;257996064.9
SBERP;D;20221128;000000;130.2;130.82;129.48;130.43;2760710;359450455
SBERP;D;20221129;000000;131.1;131.59;130.55;131.19;2057900;269957772.8
SBERP;D;20221130;000000;131.05;131.55;130.4;131.54;1305170;170834431.5
SBERP;D;20221201;000000;131.8;132.45;130.59;131.76;2503060;329303415.5
SBERP;D;20221202;000000;131.99;131.99;130.88;131.39;1582480;207877224.4
SBERP;D;20221205;000000;130.74;136.66;130.74;136.4;7952330;1072639462.2
SBERP;D;20221206;000000;137.29;137.58;134.12;135.6;4606720;626094543.4
SBERP;D;20221207;000000;135.11;137.98;134.14;137.49;5323630;723516075
SBERP;D;20221208;000000;138.56;138.88;135.73;136.06;5291590;724572351.5
SBERP;D;20221209;000000;135.75;136.9;135.37;136.13;3434880;468033213.1
SBERP;D;20221212;000000;136.5;136.84;135.5;135.95;2907330;395342296.4
SBERP;D;20221213;000000;135.95;136.12;134.36;135.45;4296300;580633572.1
SBERP;D;20221214;000000;135.74;135.74;134.21;134.69;2697040;363932119.5
SBERP;D;20221215;000000;134.04;134.53;131;131.1;5118390;676929112.2
SBERP;D;20221216;000000;131.1;133.15;130.44;133;3422650;453361105.1
SBERP;D;20221219;000000;132.16;133.69;129.98;132.29;4245800;560466909.5
SBERP;D;20221220;000000;131.9;135.9;131.9;135.67;4157420;560067703.9
SBERP;D;20221221;000000;136;136.51;134.06;135.23;3887190;525904218.7
SBERP;D;20221222;000000;135.29;136.56;134.97;135.58;2831960;384298944.5
SBERP;D;20221223;000000;135.8;136.47;134.78;135.74;2082630;282468831.3
SBERP;D;20221226;000000;136.37;138.29;135.56;138.08;3705230;509129348
SBERP;D;20221227;000000;138.08;139;137.27;137.7;3141970;433244577.1
SBERP;D;20221228;000000;137.7;138.2;137.3;137.7;3130720;431381160.9
SBERP;D;20221229;000000;137.55;140.88;137.55;139.76;8128420;1136349628.9
SBERP;D;20221230;000000;139.76;141.29;139.61;140.99;5179490;727057472.3
SBERP;D;20230104;000000;141.22;142.07;140.63;140.98;1521740;214797548.6
SBERP;D;20230105;000000;141;141.18;140.2;140.58;1295450;182042947.7
SBERP;D;20230106;000000;140.45;140.72;139.8;140.12;1132010;158599253.2
SBERP;D;20230109;000000;140.55;142.41;140.5;141.99;3056860;433142703.4
SBERP;D;20230110;000000;142;142;140.62;141.95;1897160;268005171.9
SBERP;D;20230111;000000;142;148.99;141.93;148.72;8129040;1187344895.5
SBERP;D;20230112;000000;149.19;149.31;147.14;148.36;4948990;733692038.2
SBERP;D;20230113;000000;148.8;151.6;147.39;150.89;5720830;858091685
SBERP;D;20230116;000000;151.8;153.29;151.36;152.75;4966690;756488112.1
SBERP;D;20230117;000000;152.75;153.15;148.56;149.61;7716710;1159941494.5
SBERP;D;20230118;000000;150;152.18;148.72;151.09;4113120;620863985.6
SBERP;D;20230119;000000;151.02;151.5;148.5;148.94;4015480;600471494.1
SBERP;D;20230120;000000;149.39;150;148.3;150;3503810;522322224.3
SBERP;D;20230123;000000;150.78;152;149.64;151.32;4166260;629971510.3
SBERP;D;20230124;000000;151.4;152.5;150.06;150.24;4315760;652972834.1
SBERP;D;20230125;000000;150;151;149.68;150.46;2846400;428156327
SBERP;D;20230126;000000;150.99;151.1;149.91;150.23;2361470;355459332.8
SBERP;D;20230127;000000;150.2;151;150;150.55;1839040;276839708.5
SBERP;D;20230130;000000;150.55;151.34;150.14;150.79;2090660;315373823.3
SBERP;D;20230131;000000;150.55;155.5;150.55;155.47;5656960;866871596.9
SBERP;D;20230201;000000;155.58;157;154.49;156.52;6440680;1003600000.5
SBERP;D;20230202;000000;155.53;158.72;155.5;158.07;5219110;822280302.7
SBERP;D;20230203;000000;158.03;161.28;157;160.44;8262470;1313360269.6
SBERP;D;20230206;000000;161.15;165.95;160.62;165.87;8160930;1334644065.8
SBERP;D;20230207;000000;166;169.5;161.02;164.15;10953600;1804647990.2
SBERP;D;20230208;000000;164.3;165.07;161.24;163.04;5068990;829009247.6
SBERP;D;20230209;000000;163.09;165.63;160.8;164.38;7279060;1189734061.6
SBERP;D;20230210;000000;164.2;164.95;163.5;164.33;3095370;508268607.3
SBERP;D;20230213;000000;164.16;165.3;163.32;163.46;2790230;458656220.4
SBERP;D;20230214;000000;163.46;163.47;160.21;160.86;4437810;717253494.9
SBERP;D;20230215;000000;160;160.01;151.74;155.4;10567770;1653724175.9
SBERP;D;20230216;000000;156;158.46;155.29;157.25;5301770;832999694.5
SBERP;D;20230217;000000;156.8;158.8;155;157.97;4640790;728864300.7
SBERP;D;20230220;000000;157.92;158.73;155.08;157.71;5007150;783785262.3
SBERP;D;20230221;000000;157.99;164;157.77;162.44;10447810;1689116373.2
SBERP;D;20230222;000000;162.58;162.8;160.61;161.75;3181170;513924461.7
SBERP;D;20230224;000000;161.26;163.69;161.26;163.06;2548600;415331135.5
SBERP;D;20230227;000000;162.44;167.73;161.75;167.67;5990690;993177705.3
SBERP;D;20230228;000000;168;169.35;166.69;167.73;5689300;955035180.3
SBERP;D;20230301;000000;168.11;169.2;167.71;168.99;3370110;567891448.8
SBERP;D;20230302;000000;168.95;168.95;163.5;165.91;7567060;1258945348.2
SBERP;D;20230303;000000;165.91;168.71;165.91;168.71;3364450;563173538
SBERP;D;20230306;000000;169.4;171.12;169.4;170.39;4141120;704662823.6
SBERP;D;20230307;000000;170.75;172.74;169.73;172.5;3878630;663984859.7
SBERP;D;20230309;000000;173.85;173.85;171;171.47;6042000;1040672904.9
SBERP;D;20230310;000000;170.79;172.22;169.37;171.9;3966180;678129840.4
SBERP;D;20230313;000000;171.92;172.7;168.08;170.27;5396730;920626734.6
SBERP;D;20230314;000000;169.65;174.75;169.43;174.01;5497950;949796704.6
SBERP;D;20230315;000000;174.5;175.37;172;173.04;4294450;745004873.1
SBERP;D;20230316;000000;173;174.02;171.35;174;3830910;662482172.1
SBERP;D;20230317;000000;180;193.64;177;193.2;37294480;6967861957.4
SBERP;D;20230320;000000;196;205;195.71;203.85;19268930;3842477387.5
SBERP;D;20230321;000000;204;208.13;201.3;203.4;12629320;2588519010.7
SBERP;D;20230322;000000;203.8;204.43;201.8;203.23;5709740;1158960004.6
SBERP;D;20230323;000000;203.3;204.11;202.62;203.13;2385850;485511531.3
SBERP;D;20230324;000000;203.5;203.87;202.4;203.68;2217130;450640615.9
SBERP;D;20230327;000000;203.83;213.49;203.83;211.94;9640930;2016180193.2
SBERP;D;20230328;000000;212.49;215.4;210.4;213.9;8203830;1746119852.7
SBERP;D;20230329;000000;214.52;218.88;213.5;217.67;10118330;2191600521.9
SBERP;D;20230330;000000;217.25;218;216.35;216.8;4203010;912291654.8
SBERP;D;20230331;000000;216.9;217.25;211.11;215.84;8614670;1843047968.6
SBERP;D;20230403;000000;216.55;217.78;214;215.02;5846390;1260451473.1
SBERP;D;20230404;000000;215;216.3;213.59;214.36;4912550;1055720452.1
SBERP;D;20230405;000000;214.37;216;212.23;215.6;4625490;990007549.6
SBERP;D;20230406;000000;215.82;216.81;214.05;214.21;4241280;912398119.4
SBERP;D;20230407;000000;214.06;216.26;213.6;215.95;2879530;618951615.2
SBERP;D;20230410;000000;217;221.13;216.23;221.13;8011760;1753280414.3
SBERP;D;20230411;000000;221.5;221.95;217.11;218.36;7938840;1745793403.4
SBERP;D;20230412;000000;218.35;219.32;216.51;218.95;5337440;1164651974
SBERP;D;20230413;000000;219.56;220.4;218;219.38;2672680;585181250.6
SBERP;D;20230414;000000;219.49;221.98;218.14;221.4;4516000;993175794.1
SBERP;D;20230417;000000;222.9;228;222.5;227.82;6236020;1404088973.2
SBERP;D;20230418;000000;228.45;232.86;227.33;232.51;6975960;1602355875.4
SBERP;D;20230419;000000;232.51;237.27;230.08;233.29;10907380;2554792054.2
SBERP;D;20230420;000000;233.29;236.37;227.9;236.35;8564960;1997271878.6
SBERP;D;20230421;000000;237.95;238.35;233;235.47;8853720;2089954061.1
SBERP;D;20230424;000000;235.51;236.33;234.18;235.28;2833150;667316322.8
SBERP;D;20230425;000000;235.48;235.97;234.5;235.13;2445320;575149694.5
SBERP;D;20230426;000000;235.79;235.95;234.85;235.22;2169480;510638451.2
SBERP;D;20230427;000000;235.11;239.91;235.1;239.51;6371370;1516468837.4
SBERP;D;20230428;000000;240;241.56;237.03;239.39;6099580;1459415670.2
SBERP;D;20230502;000000;241.9;244.46;237.01;242.46;8206770;1988016017.8
SBERP;D;20230503;000000;242.9;242.9;233;235.9;8611920;2059071200.1
SBERP;D;20230504;000000;235.9;239.23;235.9;238.45;4252150;1011065481.2
SBERP;D;20230505;000000;238.83;239.7;236.52;236.8;5256130;1252282511
SBERP;D;20230508;000000;237;238.89;235.36;235.97;5918480;1402347201.6
SBERP;D;20230510;000000;213.1;226.86;213.08;226.21;14489370;3178297773.6
SBERP;D;20230511;000000;226.97;233.84;222.01;226.55;15682350;3594674258.6
SBERP;D;20230512;000000;227.2;230.5;223.54;226.68;5857030;1325344800
SBERP;D;20230515;000000;228.2;228.7;227;228.45;3620580;824744385.5
SBERP;D;20230516;000000;229.12;229.88;227.27;228.52;2402400;548518040.9
SBERP;D;20230517;000000;227.87;228.52;226.4;228.29;2432790;553433238.4
SBERP;D;20230518;000000;229.03;231.81;228.1;229.04;5038540;1156814828.2
SBERP;D;20230519;000000;229.04;229.53;228;228.56;2657830;607942514.6
SBERP;D;20230522;000000;229.5;229.72;227.36;228.32;2030020;463797467.8
SBERP;D;20230523;000000;228.8;233.07;227.51;232.04;4866190;1120916362.2
SBERP;D;20230524;000000;232.01;241.29;232.01;241.1;8125850;1922402777.5
SBERP;D;20230525;000000;241.5;243;238.08;239.36;6611800;1588675244
SBERP;D;20230526;000000;239.35;244.26;238.51;243;5511450;1333351461.1
SBERP;D;20230529;000000;248;248.01;244.5;246.91;5769540;1419574516.9
SBERP;D;20230530;000000;245.2;246.44;240.01;241.26;7801500;1902714629.4
SBERP;D;20230531;000000;241;243;236.37;241.13;5806470;1392309280.9
SBERP;D;20230601;000000;241.7;241.98;237.37;238.47;3446050;825597011.4
SBERP;D;20230602;000000;238.5;242.33;238.1;240.95;3932560;944600708.7
SBERP;D;20230605;000000;240.8;241;233.37;236.37;6207390;1476771542.4
SBERP;D;20230606;000000;236.16;239.9;230.7;238.58;7181330;1683388961.8
SBERP;D;20230607;000000;239.28;240.8;236.7;238.18;3777290;903471090.5
SBERP;D;20230608;000000;238.95;239.9;237;238.76;2233840;532745384.4
SBERP;D;20230609;000000;239.21;239.94;237.68;238.49;2103710;502665064.7
SBERP;D;20230613;000000;239.5;241.9;238.8;241.77;3279620;787965313.4
SBERP;D;20230614;000000;242.45;244;239.7;241.56;3933900;953795497
SBERP;D;20230615;000000;242.97;243.6;241.58;242.9;4474750;1085474165.9
SBERP;D;20230616;000000;243.97;243.97;241.57;241.79;2376960;576472674
SBERP;D;20230619;000000;242;242.29;239.8;240.02;2921490;702748058.4
SBERP;D;20230620;000000;239.53;239.85;237.2;239.24;3393930;810719627.5
SBERP;D;20230621;000000;239.35;240.48;237.85;239.22;2452850;587157442.9
SBERP;D;20230622;000000;239.19;239.5;237.2;238.01;2025260;483283745.9
SBERP;D;20230623;000000;237.25;237.92;232.13;233.81;4981350;1173341341.2
SBERP;D;20230626;000000;236.8;238.23;232.34;236.49;6589280;1555811475.3
SBERP;D;20230627;000000;237.3;239.85;235.15;238.95;3231500;768615373.9
SBERP;D;20230628;000000;238.76;239.04;236.55;237.12;1660950;394656249.8
SBERP;D;20230629;000000;237.49;238.77;236.9;237.51;2178140;517840048.7
SBERP;D;20230630;000000;238.25;238.28;236.41;236.96;1823190;432629310.9
SBERP;D;20230703;000000;237.01;240.26;236.51;238.5;4145940;990006839.2
SBERP;D;20230704;000000;239.18;240;237.27;237.52;3086940;735906712.2
SBERP;D;20230705;000000;237.9;238.95;237;237.64;2017620;480320010.4
SBERP;D;20230706;000000;237.51;239.62;237.51;238.37;2654890;634103513.8
SBERP;D;20230707;000000;238.7;240.86;238.11;240.7;2154860;516102609.8
SBERP;D;20230710;000000;242.14;246.1;241.51;246;4628750;1128747331.6
SBERP;D;20230711;000000;246.74;246.74;243.73;245.5;3915720;959576854.9
SBERP;D;20230712;000000;246;246.9;244.1;245.29;3322350;817405265
SBERP;D;20230713;000000;246;246.32;243.4;244.22;2543160;621855350.4
SBERP;D;20230714;000000;244.22;244.95;242.55;244.5;1851090;451558075.1
SBERP;D;20230717;000000;242.25;244.58;242;244.25;2679150;653244631.4
SBERP;D;20230718;000000;244.2;246.12;243.8;245.99;3635040;891276757.1
SBERP;D;20230719;000000;246.44;247;245;245;2842370;698125117.9
SBERP;D;20230720;000000;245.24;245.25;242.25;242.54;3303480;805967230.6
SBERP;D;20230721;000000;242;244.29;241.64;243.71;3046820;740764334.9
SBERP;D;20230724;000000;243.42;244.81;243.1;244.49;2348240;573538698.1
SBERP;D;20230725;000000;244.55;246.4;244.08;246.01;3339040;819294587.2
SBERP;D;20230726;000000;246.01;246.8;244.61;245.85;2451090;602777924.5
SBERP;D;20230727;000000;246.12;248;246.05;246.4;3947330;975979127.6
SBERP;D;20230728;000000;246.92;248.48;245.25;247.93;3215360;795187437.9
SBERP;D;20230731;000000;250;265.61;249.01;265.29;12440490;3207664984.4
SBERP;D;20230801;000000;266.15;272;262.7;266.67;13911910;3721997537.4
SBERP;D;20230802;000000;267;268.13;264.7;267.15;4237320;1130335544.7
SBERP;D;20230803;000000;267.41;269.96;265.12;268.2;5667520;1519726950.9
SBERP;D;20230804;000000;268.5;271.5;260.1;264.04;10775790;2874511799
SBERP;D;20230807;000000;265.2;267.45;260.3;261.23;6180900;1636496725.3
SBERP;D;20230808;000000;261.23;264.47;258;264.12;6005040;1565105735.7
SBERP;D;20230809;000000;264.57;266;262.7;263.2;3996650;1054498762.6
SBERP;D;20230810;000000;264.01;266.75;263.31;266.5;4019580;1066868374
SBERP;D;20230811;000000;266.54;266.54;264.55;265.86;3151170;837278081.7
SBERP;D;20230814;000000;267.1;268.87;259.25;260.11;8799850;2324845769.3
SBERP;D;20230815;000000;259.05;263.99;256.68;260.89;5898570;1543192995.7
SBERP;D;20230816;000000;260.91;261.76;254;255.72;6653040;1708759070.2
SBERP;D;20230817;000000;256.11;258.45;255.32;258.09;3312670;851295105.3
SBERP;D;20230818;000000;258.08;260.87;256.76;260.51;2533680;655589925.7
SBERP;D;20230821;000000;261.51;262.46;259.45;260.94;3513900;917005626.4
SBERP;D;20230822;000000;261.45;261.87;259.52;261.19;2519450;656746190
SBERP;D;20230823;000000;261.46;261.83;255.92;256.47;4297810;1110710611.1
SBERP;D;20230824;000000;257.12;259.34;256.3;258.92;2597340;669639493.9
SBERP;D;20230825;000000;258.22;261.24;257.3;259.88;2530250;655867689.9
SBERP;D;20230828;000000;259.51;266.6;259.51;265.2;5521660;1456410613.3
SBERP;D;20230829;000000;265.65;266.9;264.3;265.17;3786910;1006010872.6
SBERP;D;20230830;000000;265;266.92;262.83;264.25;3556370;942135020.4
SBERP;D;20230831;000000;264.77;265.98;264.32;264.75;1836410;487097137.3
SBERP;D;20230901;000000;264.99;265.51;264.04;264.61;1691220;447509579.4
SBERP;D;20230904;000000;265.93;268.4;265.3;266.82;4363850;1164177626.6
SBERP;D;20230905;000000;267.17;267.4;261.04;264.63;4799020;1272850032.3
SBERP;D;20230906;000000;264.55;264.55;262.17;262.94;2404180;632963342
SBERP;D;20230907;000000;262.8;264.49;255.84;258.26;5932540;1539192495.4
SBERP;D;20230908;000000;257.89;259.07;252.9;255.55;5351990;1370243540.1
SBERP;D;20230911;000000;256.3;257.99;255.01;256.03;5758950;1477297017.6
SBERP;D;20230912;000000;256.94;261.98;256.5;261.78;4050250;1050580553.6
SBERP;D;20230913;000000;262.05;262.29;257.49;257.95;2504890;650782427.8
SBERP;D;20230914;000000;258.3;261.2;254.61;259.43;4564290;1175280705.7
SBERP;D;20230915;000000;259.39;261.98;258.13;260.39;3224910;839166651.3
SBERP;D;20230918;000000;261.37;262.75;258.3;258.73;3001400;781754122.3
SBERP;D;20230919;000000;258.45;259.26;251.22;252.59;6436050;1638899954.6
SBERP;D;20230920;000000;252.88;255.49;249.59;253.59;5729030;1448330470.3
SBERP;D;20230921;000000;253.01;254.19;249.7;249.86;4199250;1053859919.9
SBERP;D;20230922;000000;250.45;252.89;248.84;251.82;2751170;691735731.4
SBERP;D;20230925;000000;252;253.25;249.73;252.4;2508760;630157198
SBERP;D;20230926;000000;252.39;256.83;250.71;255.45;2613410;662769910
SBERP;D;20230927;000000;256;257.5;254.39;255.6;2405970;616417296.2
SBERP;D;20230928;000000;255.68;258;255.12;257.28;1693280;434946081.3
SBERP;D;20230929;000000;257.8;262.3;256.36;260.41;4373690;1138854485.9
SBERP;D;20231002;000000;261.15;261.5;256.36;258.68;4273970;1106043472.7
SBERP;D;20231003;000000;259;260.44;257.1;259.37;2503960;648445547.4
SBERP;D;20231004;000000;258.95;260.17;258.25;258.93;2029590;525932938.6
SBERP;D;20231005;000000;260;260.98;258.12;259.24;2043650;531045905.3
SBERP;D;20231006;000000;259.23;262.99;257.8;262.45;2354030;612660397.2
SBERP;D;20231009;000000;262.53;265.76;262.53;264.76;3955630;1046607450.1
SBERP;D;20231010;000000;264.99;265.15;259.8;262.89;2992120;788663858.1
SBERP;D;20231011;000000;262.67;264.17;259.59;260.16;3139630;824293579.2
SBERP;D;20231012;000000;260.16;264.5;259.6;264.01;2856720;749417762.2
SBERP;D;20231013;000000;264.25;264.59;262.33;263.21;1630830;429474745.8
SBERP;D;20231016;000000;263.49;268.66;263.42;268.04;5096090;1357245526.8
SBERP;D;20231017;000000;268.04;271.51;266.15;269.95;4064760;1097050457.4
SBERP;D;20231018;000000;269.6;270.3;265.67;267.55;3154560;846701948.1
SBERP;D;20231019;000000;266.75;270.87;266.24;268.23;2425410;651297582.8
SBERP;D;20231020;000000;268;272.25;266.3;269.57;2304080;618588077.1
SBERP;D;20231023;000000;270;273.63;269.14;269.75;3801630;1033224334.2
SBERP;D;20231024;000000;269.7;271.65;268.2;270.85;2427550;656206308.5
SBERP;D;20231025;000000;270.9;274.19;270.01;272.87;2957230;805159534.2
SBERP;D;20231026;000000;273.57;275;268.9;269.6;4372200;1189978534.8
SBERP;D;20231027;000000;269.61;271.3;266.54;269.24;3790600;1018844128.4
SBERP;D;20231030;000000;269.1;271;268.03;269.11;1917040;516932034.3
SBERP;D;20231031;000000;269.11;269.82;266.11;267.93;2154060;576877846.7
SBERP;D;20231101;000000;267.93;269.7;267.2;269.12;1021100;274350925.8
SBERP;D;20231102;000000;270;270;267.4;268.5;1614060;434590173.8
SBERP;D;20231103;000000;267.94;269.48;267;268.39;1373110;368446002.8
SBERP;D;20231106;000000;268.2;272.95;268.04;272.75;1784260;483376752
SBERP;D;20231107;000000;272.75;273.94;271.39;272.61;3061930;834348009.4
SBERP;D;20231108;000000;272.61;277;272.59;276.85;5030920;1387118044.8
SBERP;D;20231109;000000;277.3;277.47;274.81;276.05;2720390;750984030.9
SBERP;D;20231110;000000;276.1;279.9;275.85;279.3;4347980;1211371806.7
SBERP;D;20231113;000000;279.95;283.98;279.5;282.74;3742930;1055061913.9
SBERP;D;20231114;000000;282.72;283.29;279;279.54;3614920;1015974449
SBERP;D;20231115;000000;279;282.78;277.33;281.49;3229170;903310986.7
SBERP;D;20231116;000000;281.08;282.4;278.56;278.91;2463800;691557132.1
SBERP;D;20231117;000000;278.56;281.78;278;280.79;2880730;806859678.4
SBERP;D;20231120;000000;280.51;282.99;280.07;282.27;2871340;809167004.2
SBERP;D;20231121;000000;281.99;282.77;280.07;282.48;3332910;939831634.2
SBERP;D;20231122;000000;282.5;286.01;282;285.63;3984710;1133892226.2
SBERP;D;20231123;000000;285.78;287.38;284.5;285.12;2729430;781033177
SBERP;D;20231124;000000;285.12;287.11;284.79;286.38;1971040;563858490.8
SBERP;D;20231127;000000;286.38;288.7;278.63;281.87;5754400;1631957812.2
SBERP;D;20231128;000000;281.8;281.8;277.23;279.6;3232420;903083569.5
SBERP;D;20231129;000000;279.02;280.45;276.1;276.79;2993340;831271515.9
SBERP;D;20231130;000000;276.79;278.08;272.71;276.95;5422640;1491300242.7
SBERP;D;20231201;000000;276.95;277.94;273.2;273.85;2946250;811343860.3
SBERP;D;20231204;000000;273.75;274.48;269.54;270.3;3646270;991571020.7
SBERP;D;20231205;000000;271.81;279.79;270.39;279.15;4921130;1352178603.8
SBERP;D;20231206;000000;280;280.47;265.81;267.62;8256720;2243230387.5
SBERP;D;20231207;000000;268.05;270.3;262.78;264.9;5699350;1514679308.8
SBERP;D;20231208;000000;265.92;268.13;263.62;264.68;2976490;791538048.9
SBERP;D;20231211;000000;265.28;266.29;254.75;256.75;8229680;2130828213.1
SBERP;D;20231212;000000;255.99;262.61;255.13;257.8;4614750;1194793918.1
SBERP;D;20231213;000000;257;261;256.33;260.1;2345380;607489194.8
SBERP;D;20231214;000000;260.54;262.62;255.72;256.6;2647860;687128284.1
SBERP;D;20231215;000000;257.61;268.47;257.19;267.7;5795130;1526553139.5
SBERP;D;20231218;000000;268.97;269.8;266.1;268.11;4255500;1140959590.9
SBERP;D;20231219;000000;268.14;269.38;264.9;267.18;2555770;682460020.8
SBERP;D;20231220;000000;267.5;268.68;266;266.61;2302560;615677416
SBERP;D;20231221;000000;266.61;266.74;263.26;264.72;3392980;898795976
SBERP;D;20231222;000000;265.2;271.63;265.02;271.05;4580840;1236906642
SBERP;D;20231225;000000;271.5;274.26;269.87;270.81;3773740;1026271397.2
SBERP;D;20231226;000000;271.47;272.64;269.52;271.92;4346150;1177997640.3
SBERP;D;20231227;000000;272.48;272.7;271.11;271.23;2593530;704770997.7
SBERP;D;20231228;000000;271.15;272.89;269.05;271.85;3157500;855916467.2
SBERP;D;20231229;000000;272;273.46;271.39;272.22;3315070;903240912.6
SBERP;D;20240103;000000;272.48;275.29;272;274.81;1221630;334888473
SBERP;D;20240104;000000;274.83;275.74;273.94;274.6;1173200;322424990.5
SBERP;D;20240105;000000;274.6;275.27;273.1;274.11;799590;219146063.3
SBERP;D;20240108;000000;274.11;277.65;274.11;276.98;1677180;463372755.7
SBERP;D;20240109;000000;277.1;277.99;275.38;275.98;2319230;640979886.9
SBERP;D;20240110;000000;275.56;276.75;274.3;275.24;1621980;447729471.1
SBERP;D;20240111;000000;275.5;276.22;274.58;275.65;1648950;454074879.5
SBERP;D;20240112;000000;275.66;277.25;275.02;275.82;1568060;432487070.7
SBERP;D;20240115;000000;275.83;277.96;275.45;276.29;1840360;509477916
SBERP;D;20240116;000000;276.82;277.17;274.25;276.38;2025800;557630924.8
SBERP;D;20240117;000000;276.33;279.49;276;278.58;3587180;998297722.9
SBERP;D;20240118;000000;278.59;279.28;277.06;277.51;1486500;413403304.7
SBERP;D;20240119;000000;278;278;274.06;275.47;1859620;512984117.4
SBERP;D;20240122;000000;275.55;276.29;274.34;275.19;1666140;458762893.2
SBERP;D;20240123;000000;275.19;277.2;274.75;275.94;1917680;530122522.2
SBERP;D;20240124;000000;275.9;276.43;273.37;273.71;2481360;681093720.2
SBERP;D;20240125;000000;273.72;274.3;271.67;272.9;1688150;460205613.8
SBERP;D;20240126;000000;273.7;274.5;272;272.93;1331670;364115182.6
SBERP;D;20240129;000000;272.93;275.3;272.93;274.42;1519160;417163002
SBERP;D;20240130;000000;274.33;277.5;274.12;275.7;2537980;700030967.1
SBERP;D;20240131;000000;276.25;276.35;274.81;276.07;1524620;420158812.5
SBERP;D;20240201;000000;276.07;277.8;276;276.89;1597190;442593776.6
SBERP;D;20240202;000000;277.58;277.58;275.76;276.86;1421410;393150819.8
SBERP;D;20240205;000000;276.16;278.84;276.16;278.18;2020800;561908848.3
SBERP;D;20240206;000000;278.47;279.21;277.8;279;1590900;443178539.3
SBERP;D;20240207;000000;279;284.34;279;284.34;3266890;921748865.5
SBERP;D;20240208;000000;286;286.45;281.34;282.01;4021370;1140292040
SBERP;D;20240209;000000;282.05;284.33;281.52;283.56;2989680;846548991.9
SBERP;D;20240212;000000;283.6;287.9;283.59;287.13;2968520;849774992.4
SBERP;D;20240213;000000;287.13;288.5;285.09;287.11;2620950;751753286
SBERP;D;20240214;000000;287.5;290.5;286.41;289.17;2982120;862329165.2
SBERP;D;20240215;000000;289.18;290.33;287.71;289.99;1897210;548320671.3
SBERP;D;20240216;000000;290.4;291.97;286.29;288.31;3954760;1145231037.2
SBERP;D;20240219;000000;288.44;289.95;286.99;288.88;2005690;579374171.6
SBERP;D;20240220;000000;289.36;289.36;283.4;284.38;3334710;955572635.3
SBERP;D;20240221;000000;284.38;285.4;280.53;282.14;4443050;1256727804.2
SBERP;D;20240222;000000;282.5;284.89;282.2;284.57;2044510;579942327.4
SBERP;D;20240226;000000;287.14;290.96;287.14;290.95;5220650;1510734226.8
SBERP;D;20240227;000000;291;292.95;290.11;292.53;2878880;839624486.2
SBERP;D;20240228;000000;292.94;293.98;290.08;291.89;4030560;1178411936.6
SBERP;D;20240229;000000;292.75;293.47;291.52;292.2;2200150;643802101.8
SBERP;D;20240301;000000;292;295.52;292;294.7;2421830;711444129.5
SBERP;D;20240304;000000;295.48;299.88;295.36;299.38;5446750;1624691070.9
SBERP;D;20240305;000000;299.8;300.45;297.05;298.88;3400210;1016847846
SBERP;D;20240306;000000;298.76;299.49;297.27;298.28;1825640;545054918.9
SBERP;D;20240307;000000;298;300.49;297.59;299.97;2423140;723663016.6
SBERP;D;20240311;000000;300.6;303;299.6;299.89;4058010;1222212702.4
SBERP;D;20240312;000000;299.7;301.5;298.07;301.37;2449850;734842137.3
SBERP;D;20240313;000000;301.89;301.9;298.59;299.06;2046810;614566116.2
SBERP;D;20240314;000000;298.1;300.5;295.05;296.39;4038420;1199904481
SBERP;D;20240315;000000;296;299.98;295.8;298.95;2266300;676509811.4
SBERP;D;20240318;000000;302;302;296.4;298.85;2530470;757410399.3
SBERP;D;20240319;000000;298.59;299.68;294.76;295.44;5371090;1594160132.1
SBERP;D;20240320;000000;296;296.95;294.6;296.22;2768460;819102470.9
SBERP;D;20240321;000000;296.22;297.92;292.71;296;3611820;1066506971.9
SBERP;D;20240322;000000;295.9;297.3;291;292.97;4393500;1292424593.8
SBERP;D;20240325;000000;293.5;296;292.86;294.19;3373560;992389521.2
SBERP;D;20240326;000000;294.61;295.99;293.75;294.54;1452870;428118689.5
SBERP;D;20240327;000000;295.2;295.47;294.12;295.19;1121760;330671099.2
SBERP;D;20240328;000000;295.8;299.84;295.79;299.07;3030600;903903503.2
SBERP;D;20240329;000000;299.89;300;298.1;299.03;1653070;493971349.5
SBERP;D;20240401;000000;299.51;301.98;299.51;300.83;2781330;836947279.1
SBERP;D;20240402;000000;300.84;301.41;299.12;300.6;1971340;591889964.8
SBERP;D;20240403;000000;300.1;307.26;300.1;306.63;3468310;1055351189.7
SBERP;D;20240404;000000;306.6;307.84;304.07;304.71;2676320;817235115.1
SBERP;D;20240405;000000;304.51;307.12;303.6;306.51;1766740;540207950
SBERP;D;20240408;000000;306.99;308.84;306.23;307.66;1970340;605928516.9
SBERP;D;20240409;000000;308.23;309.28;305.48;306.78;2641040;812290082.2
SBERP;D;20240410;000000;306.99;307.74;304.82;306.92;2223650;680893896.1
SBERP;D;20240411;000000;307.55;308.33;306.01;307.1;1823030;560216685.8
SBERP;D;20240412;000000;307.49;308.01;305.41;306.9;2440480;748744985.9
SBERP;D;20240415;000000;306.9;308.42;306.67;307.87;2116310;651133269
SBERP;D;20240416;000000;307.9;308.8;307.06;308.59;1768000;544597014.2
SBERP;D;20240417;000000;309;309.89;306.05;306.65;2343700;721387619.3
SBERP;D;20240418;000000;306.63;308.54;305.53;307.92;1678000;515896433.1
SBERP;D;20240419;000000;307.92;308.48;307.28;308.19;1826680;562476504.1
SBERP;D;20240422;000000;308.52;315.77;308;315.72;6471530;2018462056.6
SBERP;D;20240423;000000;315.94;317.22;307.43;308.88;9357380;2917387565.6
SBERP;D;20240424;000000;309.7;310.7;307.7;308.61;3752530;1158587359
SBERP;D;20240425;000000;308.01;309.8;308;309.5;1180170;364685286.6
SBERP;D;20240426;000000;309.79;310.78;309.01;310.19;1830310;567320008.9
SBERP;D;20240427;000000;310.01;310.98;308.8;309.6;2284040;707335376.9
SBERP;D;20240429;000000;309.01;309.76;308.1;309.51;988470;305279717.4
SBERP;D;20240430;000000;309.51;310;308.05;308.87;924710;285569247.7
SBERP;D;20240502;000000;309;309.57;306.73;307.96;1957660;603149909.3
SBERP;D;20240503;000000;307.5;309.1;305.01;307.7;2093150;642461049.4
SBERP;D;20240506;000000;308.6;308.6;305.76;306.23;2057070;631349286.4
SBERP;D;20240507;000000;306.27;308.95;306.27;308.27;2043780;628443303.1
SBERP;D;20240508;000000;308.27;312.19;308.26;311.28;2041510;634523588.4
SBERP;D;20240510;000000;311.41;313.98;311.4;313.57;1283220;401836828.3
SBERP;D;20240513;000000;314.57;316;314.4;315.09;2643840;833287297.2
SBERP;D;20240514;000000;315.85;318.43;313.77;318.18;2286550;723199062.7
SBERP;D;20240515;000000;318.5;319.98;317.89;319.66;2542130;811822398
SBERP;D;20240516;000000;320;322.99;319.79;322.82;2521300;810193758.5
SBERP;D;20240517;000000;322.82;323.89;319.72;323.37;2435490;783958679.5
SBERP;D;20240520;000000;324;324.68;319.09;321.14;2733030;880254972
SBERP;D;20240521;000000;321.14;322.89;317.54;320.84;3947290;1262694883.8
SBERP;D;20240522;000000;321.72;322.99;321.04;322.78;1689980;544793978.8
SBERP;D;20240523;000000;322.71;324.45;321.13;323.71;1968950;636014731.6
SBERP;D;20240524;000000;323.6;325.25;320.05;321.58;3270080;1053120665.1
SBERP;D;20240527;000000;321.74;323.08;315.83;317.78;4865310;1552478995.2
SBERP;D;20240528;000000;318;323.17;316.19;319.06;3203370;1024528552
SBERP;D;20240529;000000;319.2;320.66;316.77;320.58;1812190;577341176.1
SBERP;D;20240530;000000;320.61;321.76;316.9;317.43;2040980;651235052
SBERP;D;20240531;000000;317;318.7;309.5;312.99;5052520;1590721567.6
SBERP;D;20240603;000000;312.99;315.26;304.66;310.56;5771240;1784316759.5
SBERP;D;20240604;000000;310.56;316.37;308.59;316.16;3374370;1054030254.2
SBERP;D;20240605;000000;316.99;318.15;314.22;315;2426780;768168135.4
SBERP;D;20240606;000000;315.1;316.89;311.7;313.79;2209300;694769919
SBERP;D;20240607;000000;313.85;320.88;313.2;320.01;4044750;1288265588.9
SBERP;D;20240610;000000;321.15;322;313.29;317.92;2494120;795814025.8
SBERP;D;20240611;000000;317.93;320.31;316;318.22;1848590;588229013.7
SBERP;D;20240613;000000;308.2;318.5;303.1;318.18;3326240;1044750317.6
SBERP;D;20240614;000000;319.44;321;317.1;319.97;1923760;614469313.6
SBERP;D;20240617;000000;320.7;320.7;317.25;318.2;2560840;817942656.9
SBERP;D;20240618;000000;318.19;318.25;313.1;315.1;2372240;748461944.6
SBERP;D;20240619;000000;314.6;314.78;307.85;310.74;4192470;1306167795.9
SBERP;D;20240620;000000;310.12;314.87;305.58;314.12;10548850;3279021774.3
SBERP;D;20240621;000000;314.81;316.85;313.06;315.11;2893100;910810436.8
SBERP;D;20240624;000000;315.4;319.41;314.71;317.8;2332350;740386090.4
SBERP;D;20240625;000000;317.8;320;316.66;320;2408850;767544936.1
SBERP;D;20240626;000000;320.3;324.7;320.18;324.37;4319950;1396207674.4
SBERP;D;20240627;000000;324.38;328;323.05;327.7;3949750;1286434464.6
SBERP;D;20240628;000000;327.04;329.58;326.6;327.93;3159430;1037081045.9
SBERP;D;20240701;000000;328.6;330;325.6;328.34;2665420;875690369.4
SBERP;D;20240702;000000;328.5;329.7;327.6;329.4;1857320;610840379.4
SBERP;D;20240703;000000;329.46;330.7;328.06;328.4;2843580;937005065
SBERP;D;20240704;000000;328.4;329.71;324.02;324.83;4342660;1421202450.8
SBERP;D;20240705;000000;324.83;326.84;321.34;325;4209220;1364636230.6
SBERP;D;20240708;000000;326.98;327.97;323.48;324.36;4007140;1302682490.4
SBERP;D;20240709;000000;324.38;325.03;317;319.92;7662340;2463362612.3
SBERP;D;20240710;000000;319.89;319.92;314.69;316.78;14057160;4452670929.7
SBERP;D;20240711;000000;288;297.1;285.16;296;16298390;4728981967
SBERP;D;20240712;000000;296;297.46;290.71;292.22;5572700;1634958088.1
SBERP;D;20240715;000000;292.28;293.66;283.92;284.56;6578200;1894114939
SBERP;D;20240716;000000;284.56;285.58;277;285.2;7414310;2084319390.2
SBERP;D;20240717;000000;285.2;290.3;283.07;284.87;3556930;1021579666
SBERP;D;20240718;000000;284.87;290;282.39;289.89;2826740;811918728.4
SBERP;D;20240719;000000;289.89;292.99;289.44;290.29;2704460;787580701.8
SBERP;D;20240722;000000;291.68;295.24;291.05;295.09;2320230;680032230.5
SBERP;D;20240723;000000;295.2;295.73;292.35;293.99;3125800;919794401.5
SBERP;D;20240724;000000;294.97;296.5;293;295.3;1495960;441847570.7
SBERP;D;20240725;000000;295.31;297;294.07;296.26;1847730;546179750
SBERP;D;20240726;000000;296.26;300;292.55;293.39;8888700;2632509070.6
SBERP;D;20240729;000000;293.39;293.57;286;286.24;5027530;1451107795.9
SBERP;D;20240730;000000;286.72;291.7;284.44;289.45;3601970;1037443141.2
SBERP;D;20240731;000000;290.61;290.61;287.66;289.2;2399600;694518570.3
SBERP;D;20240801;000000;289.1;290.48;286.61;286.98;1842680;532266257.9
SBERP;D;20240802;000000;286.98;287.93;283.92;285.89;2499540;713803273.6
SBERP;D;20240805;000000;283;283;275.52;276;8086010;2250843456
SBERP;D;20240806;000000;277.69;281.09;276.3;279.07;3481010;971477181.9
SBERP;D;20240807;000000;279.52;282.85;276.71;281.87;3797790;1062921937.7
SBERP;D;20240808;000000;282.75;284.9;278.8;279.94;4482010;1263329417.2
SBERP;D;20240809;000000;279.94;281.95;278.83;280;2493780;699415013.2
SBERP;D;20240812;000000;279.5;280.61;277.12;279.62;2373940;661760583.1
SBERP;D;20240813;000000;280.2;283.79;279.38;282.99;3885320;1092495296.7
SBERP;D;20240814;000000;282.99;283.96;279.24;279.64;2164090;610179447.5
SBERP;D;20240815;000000;279.8;280.49;276.59;277.3;2255850;627318860.7
SBERP;D;20240816;000000;277.3;278.68;273.66;274.28;2232470;617047725.2
SBERP;D;20240819;000000;274.5;274.99;265.16;268;5290990;1430031224.1
SBERP;D;20240820;000000;268.5;269.43;263.35;265.89;3644740;971562863.3
SBERP;D;20240821;000000;265.89;267.6;263.73;266.48;2589900;687354665.7
SBERP;D;20240822;000000;267.09;268;260.12;261.35;4127690;1090530677.5
SBERP;D;20240823;000000;261;261.96;256.36;259.08;6059620;1571211530.1
SBERP;D;20240826;000000;263.04;266.66;260.45;264.95;4032070;1063478826.6
SBERP;D;20240827;000000;266.07;267;259.62;260.18;2318910;608718580
SBERP;D;20240828;000000;259.9;261.69;255.19;261.39;3680940;952502362.3
SBERP;D;20240829;000000;261.39;263.55;258.21;260.06;3140170;818123020.2
SBERP;D;20240830;000000;259.61;261.3;252.65;253.94;4330360;1109183403.2
SBERP;D;20240902;000000;253.94;253.94;242.09;243.94;9059510;2245275241.7
SBERP;D;20240903;000000;244.99;249.17;239.55;243.56;10297900;2520523616.3
SBERP;D;20240904;000000;244.3;252.98;241.88;252.23;5757030;1424121523.8
SBERP;D;20240905;000000;254.89;257.88;250.53;252.55;6742340;1714858980.7
SBERP;D;20240906;000000;252.55;255.35;250.08;255;4023050;1017989090.8
SBERP;D;20240909;000000;256;264.14;255.55;263.73;5855380;1524576234.2
SBERP;D;20240910;000000;264.57;264.61;258.86;261.12;4742100;1240789359.1
SBERP;D;20240911;000000;260.87;262.12;257.22;257.95;3707500;963945518.8
SBERP;D;20240912;000000;257.94;258.29;252.97;254.93;2810600;718356191.3
SBERP;D;20240913;000000;254.93;259.45;249.14;257.98;7256610;1844065714.1
SBERP;D;20240916;000000;259.01;264.2;258.04;263.5;4403810;1152145014.7
SBERP;D;20240917;000000;263.89;266.5;260.41;265.84;3940420;1040561128.2
SBERP;D;20240918;000000;265.84;267.82;262.84;262.84;3408460;903595489.2
SBERP;D;20240919;000000;263.52;265.5;262.11;263.78;3270570;862846271
SBERP;D;20240920;000000;264.45;268.87;263.61;268.87;3458080;920487724.4
SBERP;D;20240923;000000;269;273.6;268.8;273.19;3674630;998372131.9
SBERP;D;20240924;000000;273.54;274;270;272.52;3235840;880773673.5
SBERP;D;20240925;000000;273;273.43;266.87;267.76;3851690;1039955347.2
SBERP;D;20240926;000000;267.52;269.7;265.45;267.63;2830310;755647483.2
SBERP;D;20240927;000000;267.99;269.37;267.2;267.97;1532240;411286267.9
SBERP;D;20240930;000000;268.56;271.95;267.9;268.18;2889710;781169593.8
SBERP;D;20241001;000000;267.69;268.17;263.6;266;3883260;1032012593
SBERP;D;20241002;000000;265;267.7;258.36;259.4;3266080;859162791.5
SBERP;D;20241003;000000;259.7;264.42;257.23;264.28;4291680;1118230510.9
SBERP;D;20241004;000000;264.11;265.04;261.99;263.66;2056880;542552074.2
SBERP;D;20241007;000000;264;266.3;260.91;263.23;2338610;615121479.4
SBERP;D;20241008;000000;262.4;263.82;261.6;262.37;1377950;361974236.9
SBERP;D;20241009;000000;262.31;263.27;259.46;260.6;2237640;583302395.3
SBERP;D;20241010;000000;260.8;261.69;258.79;260.01;1535400;399473077.7
SBERP;D;20241011;000000;260;260.44;256.79;256.88;1885560;486567175.3
SBERP;D;20241014;000000;256.86;263.89;254.2;261.48;3913920;1012711855.8
SBERP;D;20241015;000000;261.47;263.49;259.69;261.83;1937230;507777377.8
SBERP;D;20241016;000000;262.19;264.49;258.38;259.72;2667540;697118788.3
SBERP;D;20241017;000000;260;260.49;256.4;256.91;1986580;513176340.5
SBERP;D;20241018;000000;256.89;259;254.78;257.27;3279580;841128325.2
SBERP;D;20241021;000000;257.7;259.95;257;257.97;2552610;659309934.4
SBERP;D;20241022;000000;257.97;258.41;255;255.4;2487790;637939262.4
SBERP;D;20241023;000000;255.75;255.84;251.32;251.96;3238790;820982001.8
SBERP;D;20241024;000000;251.74;254.12;250.12;252.24;2548650;641421688.4
SBERP;D;20241025;000000;252.23;255.42;245.05;246.46;7995800;1995887623.3
SBERP;D;20241028;000000;244.96;248.66;241.31;242.43;5901960;1443954031.1
SBERP;D;20241029;000000;242.5;244;239.78;242.68;4343610;1052137218.5
SBERP;D;20241030;000000;243.1;246;241.06;241.18;3079170;751002889.4
SBERP;D;20241031;000000;241.18;242.61;236.36;238.12;5219420;1251736612.5
SBERP;D;20241101;000000;238.11;239.18;234.72;237.8;4129140;977659974.2
SBERP;D;20241102;000000;237.8;239.58;237.52;238.8;1805440;430630905.8
SBERP;D;20241105;000000;239.19;241;238.2;239.33;2315520;555108151.6
SBERP;D;20241106;000000;245.33;248.3;242.31;244.09;6834460;1678337250.7
SBERP;D;20241107;000000;243.99;251.27;242.4;250.59;2949380;726005150.3
SBERP;D;20241108;000000;251.58;256.26;250.55;256.2;4868970;1230205080.7
SBERP;D;20241111;000000;258.55;261.38;256.67;261.27;4030110;1044782825.7
SBERP;D;20241112;000000;260.75;260.84;255.21;255.55;3272290;842992640.3
SBERP;D;20241113;000000;255.2;259.08;254.14;254.79;3250630;834362457.6
SBERP;D;20241114;000000;254.79;256.22;248.82;249.67;3007280;760195542.8
SBERP;D;20241115;000000;249.67;254.59;248.22;252.84;3068810;771626819
SBERP;D;20241118;000000;248.75;252.24;247;248.59;3789070;946402547.8
SBERP;D;20241119;000000;248.61;250;240.01;240.9;6021210;1471881714.8
SBERP;D;20241120;000000;242.16;243.96;235.03;237.01;5327120;1274522010.8
SBERP;D;20241121;000000;237.89;240.72;233.82;240.72;6664770;1575275398.2
SBERP;D;20241122;000000;240.72;241.29;235.07;236.2;4514070;1073159288.1
SBERP;D;20241125;000000;236.95;238;227.5;228.28;6841020;1588846365.8
SBERP;D;20241126;000000;228.39;232.18;221.31;223.27;9048030;2046728294.4
SBERP;D;20241127;000000;224;227;219.63;226.79;10608780;2362795272.5
SBERP;D;20241128;000000;227.96;229.72;222.84;228.46;6615490;1499868485.3
SBERP;D;20241129;000000;228.5;236.69;227.6;236.23;5063790;1181091722.4
SBERP;D;20241202;000000;236.87;238.75;234.39;235.3;3932680;929645155.5
SBERP;D;20241203;000000;235.97;235.97;230.04;230.89;3772810;875361188.4
SBERP;D;20241204;000000;230.8;233.66;224.05;225.18;6278380;1437838239
SBERP;D;20241205;000000;225.1;234.21;222.91;233.93;7163860;1637386679.8
SBERP;D;20241206;000000;234.7;237.87;231.48;237.68;5475070;1288383221.7
SBERP;D;20241209;000000;239;240.48;236.93;237.5;3821810;912277728.3
SBERP;D;20241210;000000;238;238.72;230.79;230.98;5536260;1292956282.6
SBERP;D;20241211;000000;230.98;234.08;229.25;234;4075750;943087158.6
SBERP;D;20241212;000000;234;235.9;228.8;229.05;3332780;774691340.4
SBERP;D;20241213;000000;229;231.37;228.05;228.83;2706570;620438120.1
SBERP;D;20241216;000000;228.83;229;224.82;225.9;4554240;1032852249.4
SBERP;D;20241217;000000;225.4;227.99;224;226.56;3145370;710696085.5
SBERP;D;20241218;000000;226.66;231.14;224.74;230.19;3361050;764060687.4
SBERP;D;20241219;000000;230.55;235;228.39;229.84;7413520;1717397026.3
SBERP;D;20241220;000000;229.96;258.82;228.93;258.19;14130150;3483808817
SBERP;D;20241223;000000;259.6;269.69;256.63;264.66;9917380;2621174293.6
SBERP;D;20241224;000000;265.5;267;261.11;263.74;4900330;1295645272.6
SBERP;D;20241225;000000;263.73;271.72;260.12;270.32;7559420;2022366327.9
SBERP;D;20241226;000000;271;273.34;268.37;269.25;7006850;1894682273.2
SBERP;D;20241227;000000;269.78;273.06;268.6;272.01;7635010;2074009183.7
SBERP;D;20241228;000000;272.01;274.68;271;273.5;2561080;698744321.6
SBERP;D;20241230;000000;274.21;279.65;274;279.59;4496310;1245180690.9
SBERP;D;20250103;000000;280;281.36;272;272.1;3682030;1013160243.8
SBERP;D;20250106;000000;271;274.28;270.04;274.28;1857370;505074482.5
SBERP;D;20250108;000000;273.96;278.69;273.42;276.99;1909370;527695039.5
SBERP;D;20250109;000000;277;280;271.05;271.9;3528240;967393779.1
SBERP;D;20250110;000000;272.13;279.35;270.38;278.54;5033630;1388489611.2
SBERP;D;20250113;000000;279.52;284.66;278.35;279.79;4660650;1312881336.7
SBERP;D;20250114;000000;279.79;281.97;277.01;279.83;3013060;842849001.4
SBERP;D;20250115;000000;280.57;282.32;275.82;282.32;3628080;1012738244
SBERP;D;20250116;000000;283.13;283.94;281.06;281.95;2738610;773397487.1
SBERP;D;20250117;000000;282.21;283.99;280.17;283.02;3312840;936282104.6
SBERP;D;20250120;000000;284.2;285.68;277.23;278.22;5265610;1483581419.1
SBERP;D;20250121;000000;278.73;281.77;276.23;281.36;2817440;786086722
SBERP;D;20250122;000000;281.36;283.75;280;280.19;3495590;984717997.3
SBERP;D;20250123;000000;280.19;280.68;277.16;280.04;3026750;844609655.8
SBERP;D;20250124;000000;280;282.55;279.01;280.63;2952420;828775619.7
SBERP;D;20250127;000000;280.22;280.76;274.43;274.68;3748760;1038257344.7
SBERP;D;20250128;000000;275;278.8;273.45;278.17;2883270;798076988.5
SBERP;D;20250129;000000;278.09;281.64;277.05;280.22;2526350;707195042.9
SBERP;D;20250130;000000;280.22;282;280.06;281.53;1965870;552859295.2
SBERP;D;20250131;000000;281.53;283.58;280.01;280.4;2315200;653000722.9
SBERP;D;20250203;000000;280.4;280.4;277.8;279.25;1924970;536836143.9
SBERP;D;20250204;000000;279.25;281.03;275.8;277.3;2412970;672240047.2
SBERP;D;20250205;000000;277;282.98;275.27;282.17;2859440;798271965.9
SBERP;D;20250206;000000;282.84;288.49;281.57;286.16;3933820;1125006450.6
SBERP;D;20250207;000000;285.59;287.93;284.44;285.47;2360800;675664482.4
SBERP;D;20250210;000000;286.5;293.1;286.5;289.16;5541470;1605764518.9
SBERP;D;20250211;000000;288.56;292.68;287.5;292.23;4555210;1324389627.5
SBERP;D;20250212;000000;292.84;313.25;289.74;312.06;15926370;4787701730.4
SBERP;D;20250213;000000;313.02;317.12;305.54;308.2;9228220;2870898582.9
SBERP;D;20250214;000000;302.52;315.84;296.03;307.02;12408670;3839856206.6
SBERP;D;20250217;000000;310.9;316.56;309.06;316.53;6468370;2028412778.2
SBERP;D;20250218;000000;316.63;317.85;307.28;310.11;8566340;2682273577.2
SBERP;D;20250219;000000;311.49;315.1;308.72;314.34;4859830;1518325307.1
SBERP;D;20250220;000000;314.05;316;312.34;312.88;3355550;1053554903.9
SBERP;D;20250221;000000;312.88;314.76;310.16;313.34;3350950;1047273076.9
SBERP;D;20250224;000000;313.34;314.95;312;314.3;2800880;877606176.2
SBERP;D;20250225;000000;314.3;316.53;314.17;315.05;2962500;934153194.7
SBERP;D;20250226;000000;315.05;315.95;306.77;308.97;5863360;1820456134.1
SBERP;D;20250227;000000;309.02;311.09;302.83;305.04;5921730;1820571626.6
SBERP;D;20250228;000000;306;309.53;302.57;307.47;5595110;1710493278.2
SBERP;D;20250303;000000;307.47;309.5;298.88;303.77;5659540;1711480223.4
SBERP;D;20250304;000000;304.24;316.5;304.24;314.48;7658200;2389488298.4
SBERP;D;20250305;000000;313.99;316.46;310.51;311.8;6032140;1895023055.5
SBERP;D;20250306;000000;311.8;315;311.65;312.57;2236890;700002905.6
SBERP;D;20250307;000000;312.57;318.89;304.81;312.57;7495240;2345980781.8
SBERP;D;20250310;000000;313;316.56;312.7;313.63;3742980;1178364594.5
SBERP;D;20250311;000000;313.83;319.39;312.03;316.99;6447010;2041601802
SBERP;D;20250312;000000;316.7;318.39;313.34;315.92;3514430;1109264613.7
SBERP;D;20250313;000000;316;317.71;310.1;313.8;6172610;1938380712.7
SBERP;D;20250314;000000;313.2;318.24;311.56;317.91;4149390;1309698539.3
SBERP;D;20250317;000000;317.91;323.88;317.27;322.97;4487970;1445174764.6
SBERP;D;20250318;000000;323.1;326.78;320.2;320.35;6319570;2047236794.7
SBERP;D;20250319;000000;320.5;324;318.8;322.13;3293420;1059496199.1
SBERP;D;20250320;000000;322.13;323.32;318.32;320.2;4371060;1402432577.2
SBERP;D;20250321;000000;320;322.3;319;319.94;2336200;748398497.7
SBERP;D;20250324;000000;319.88;320.66;315.51;316.72;2805460;893628718
SBERP;D;20250325;000000;317.33;319.31;312.15;317.79;3275430;1035174190.6
SBERP;D;20250326;000000;317.9;318.44;312.48;313.68;1985840;625181179.1
SBERP;D;20250327;000000;314.01;315.14;309.75;309.96;2625160;818366716.3
SBERP;D;20250328;000000;309;311.31;303.05;306.37;5402850;1657702413.3
SBERP;D;20250331;000000;306;309.96;296.83;307.59;6024800;1833845850.5
SBERP;D;20250401;000000;308;311;301.28;301.44;5398000;1651729254.9
SBERP;D;20250402;000000;301.43;305.98;300.23;304.72;4889060;1482688747.4
SBERP;D;20250403;000000;305;307.34;295;300.26;4884940;1469029017.3
SBERP;D;20250404;000000;301.6;302.5;283.57;284.85;9373560;2734297249.7
SBERP;D;20250407;000000;285.16;292.58;273.97;286.76;13002910;3684662519.6
SBERP;D;20250408;000000;289.58;293.88;281.66;281.66;6275550;1812780987.9
SBERP;D;20250409;000000;281.59;294.21;277.07;293.28;12308660;3501816185.9
SBERP;D;20250410;000000;294.2;296.8;287.15;291.63;9226280;2705930729.9
SBERP;D;20250411;000000;291.63;298.79;291.63;297.62;4915900;1457965839
SBERP;D;20250414;000000;299.43;301.3;293.25;294.98;3850730;1146767902.4
SBERP;D;20250415;000000;294.24;298.7;293.94;296.02;2017820;598382101.5
SBERP;D;20250416;000000;295.74;301;293.72;298.27;2413600;718312858.8
SBERP;D;20250417;000000;298.34;303.09;298.34;302.7;2908470;874538622.2
SBERP;D;20250418;000000;300;302.21;294.84;299.18;2935640;876214120.6
SBERP;D;20250421;000000;302;306.5;300.34;305.94;2780290;845997964.5
SBERP;D;20250422;000000;305.94;312.6;304.37;310;5179870;1593607360.9
SBERP;D;20250423;000000;311;312.75;303.78;307.66;4597870;1413473582.2
SBERP;D;20250424;000000;308.11;310.49;306.68;307.63;2339790;722321227.6
SBERP;D;20250425;000000;308.3;314.44;307.65;313.42;4369950;1360385233.1
SBERP;D;20250428;000000;314.03;316.98;310.52;311.73;6064180;1903583467.7
SBERP;D;20250429;000000;312.25;312.96;304.7;306.83;3381240;1043103023.7
SBERP;D;20250430;000000;306.8;307.11;300.81;305.5;3888300;1182978923.2
SBERP;D;20250502;000000;305.52;305.59;297;297.12;2643720;793630588.1
SBERP;D;20250505;000000;297.13;300.63;289.74;292.57;4990640;1469796808.9
SBERP;D;20250506;000000;293;302.57;290.01;299.5;3413140;1012579830.3
SBERP;D;20250507;000000;299.5;302.8;298;300.84;2401150;722218533.5
SBERP;D;20250508;000000;300.88;303.88;298.61;300.79;1626960;490541866.4
SBERP;D;20250512;000000;301.21;309.06;300.61;308.69;2988330;916703586.4
SBERP;D;20250513;000000;308.48;309.9;307.46;309.09;1534830;474090264.7
SBERP;D;20250514;000000;308.76;311.2;302.08;302.3;2352320;723747327.9
SBERP;D;20250515;000000;302;305.5;298.75;302.83;2870420;865434223.3
SBERP;D;20250516;000000;302.8;306.93;295.13;304.52;3986640;1202557526.6
SBERP;D;20250519;000000;304.49;311.25;304.16;306.74;4334580;1335320953.4
SBERP;D;20250520;000000;306.74;307.81;302.8;304.42;1213010;370139663.6
SBERP;D;20250521;000000;304.52;305.4;300.87;301.99;1376630;417223291.3
SBERP;D;20250522;000000;301.62;303.5;297.51;300.69;2352810;706008577.6
SBERP;D;20250523;000000;300.7;302.68;299.1;299.9;1322490;397250954.8
SBERP;D;20250526;000000;300;300.68;294;295.58;2595800;767928314.7
SBERP;D;20250527;000000;295.71;298;291.25;296.57;1901660;563037920.6
SBERP;D;20250528;000000;296.97;306.31;296.97;306.08;2939950;890769201
SBERP;D;20250529;000000;306.07;307.84;303.7;304.32;2700410;825350929.8
SBERP;D;20250530;000000;304.32;308;303.07;306.6;1698050;520067307
SBERP;D;20250602;000000;306.71;309.6;299.18;307.1;3629190;1103880886.9
SBERP;D;20250603;000000;307.5;312.69;307.41;311.22;2330300;725069682.9
SBERP;D;20250604;000000;312;316;309.75;311.29;3669950;1150567234.2
SBERP;D;20250605;000000;311.42;316.08;311.42;315.63;1930390;607510282.6
SBERP;D;20250606;000000;316;322.45;309.14;310.41;6390420;2016090506.4
SBERP;D;20250609;000000;312.83;313;308;309.15;2344330;726509282
SBERP;D;20250610;000000;309.77;310.91;305.53;306.82;1840160;565933942
SBERP;D;20250611;000000;307.03;311.64;306.51;310.01;1587850;491957172.6
SBERP;D;20250613;000000;311.12;311.39;307.71;308.09;1137890;351494530.4
SBERP;D;20250616;000000;308.13;311.89;305.8;309.12;1589060;491479333.5
SBERP;D;20250617;000000;309;312.9;308.48;311.79;1545390;481007009
SBERP;D;20250618;000000;312;313;310.41;310.93;1495630;466324825.9
SBERP;D;20250619;000000;311.16;314.25;308.93;309.35;3408340;1059925574.2
SBERP;D;20250620;000000;309.31;310.76;306.46;307.22;2618940;807840387.7
SBERP;D;20250623;000000;307.22;308.78;305.47;307.03;1961330;601835500.9
SBERP;D;20250624;000000;307.1;309.11;306.05;308.55;1642710;505070132.4
SBERP;D;20250625;000000;308.45;311.37;308.45;310.4;1478020;458533055
SBERP;D;20250626;000000;310.53;311.33;309.2;309.61;1056380;327639021.6
SBERP;D;20250627;000000;310.05;312.41;309.58;312.1;1394080;433634506.8
SBERP;D;20250630;000000;312.12;314.96;310.5;313.82;2752750;862608999.8
SBERP;D;20250701;000000;313.99;316.82;313.58;315.35;1724330;543582104.2
SBERP;D;20250702;000000;315.35;316.79;314.14;316.59;1632460;515275848.4
SBERP;D;20250703;000000;316.59;318.77;316;317.18;1492900;474109269
SBERP;D;20250704;000000;317.18;318.33;315.35;316.82;2439900;773106117.8
SBERP;D;20250707;000000;317.28;317.71;310.7;311.26;2323700;728148238.3
SBERP;D;20250708;000000;311.26;312.95;307.91;308.28;1728300;537149399.3
SBERP;D;20250709;000000;309.47;310.26;305.88;307.84;2516280;774072996.4
SBERP;D;20250710;000000;307.5;312.87;307.5;311.95;1390410;432604727.2
SBERP;D;20250711;000000;312.84;312.84;306.24;307.73;2362730;730652979.3
SBERP;D;20250714;000000;308;317;302.9;315.21;6311450;1950380072.2
SBERP;D;20250715;000000;315.21;317.46;314.46;317;2825350;893748814.6
SBERP;D;20250716;000000;317.06;318.8;316.86;318.5;3121800;992458923.4
SBERP;D;20250717;000000;318.5;325.7;318.21;324.15;8516380;2752189792.6
SBERP;D;20250718;000000;297;309.09;297;308.4;9871430;2986369866.4
SBERP;D;20250721;000000;308;312.62;307.04;307.4;6098580;1884046255.8
SBERP;D;20250722;000000;308;308.85;306.15;307.84;1741700;535604673.6
SBERP;D;20250723;000000;307.38;311.17;307.38;309.47;2185410;677695797.4
SBERP;D;20250724;000000;309.48;310.32;306.73;308;1674520;516156680.4
SBERP;D;20250725;000000;308.1;309;303.53;305.9;3835620;1176683456
SBERP;D;20250728;000000;306.34;306.77;300.41;300.47;4397020;1332361386.4
SBERP;D;20250729;000000;300.71;304.6;299.4;301.77;3092350;933161880.7
SBERP;D;20250730;000000;301.8;302.78;300.02;300.27;1128800;339756281.4
SBERP;D;20250731;000000;300.3;302.49;299.77;301.69;1180480;355500516.6
SBERP;D;20250801;000000;301.9;303.88;299.45;300.61;1532239;462114579.25
SBERP;D;20250804;000000;301.99;305.59;301.12;305.48;3100379;940905241.22
SBERP;D;20250805;000000;305.48;306.27;302.89;305.24;1772262;539829520.32
SBERP;D;20250806;000000;305.27;310;300.77;308.17;4646926;1420133895.73
SBERP;D;20250807;000000;308.17;313.29;306.05;310.22;5381691;1669611904.02
SBERP;D;20250808;000000;310.3;313.95;309.38;313.91;2385192;743504701.87
SBERP;D;20250811;000000;316;318.8;313.68;314.22;3462129;1094306565.02
SBERP;D;20250812;000000;314.22;316.15;313.28;314.87;1270130;400130729.95
SBERP;D;20250813;000000;314.87;316.77;314.16;314.36;1502817;474177317.83
SBERP;D;20250814;000000;314.36;317.33;312.03;316.45;3480436;1097294704.61
SBERP;D;20250815;000000;316.45;318;316.45;317.25;1837701;583388532.57
SBERP;D;20250818;000000;313.65;317.5;309;316;3230618;1015168288.13
SBERP;D;20250819;000000;317;317.43;314.02;314.02;1123906;355139299.33
SBERP;D;20250820;000000;314.06;315.43;311.08;312.01;1099609;343998035.65
SBERP;D;20250821;000000;311.56;313.07;307.78;308.33;1695135;525856301.88
SBERP;D;20250822;000000;309.2;310.84;308.3;310.47;1526202;472594947.62
SBERP;D;20250825;000000;310.42;310.98;306.86;309.35;1421528;438668504.83
SBERP;D;20250826;000000;309.1;311.99;308.59;310.07;814522;252826114.98
SBERP;D;20250827;000000;310.41;311.35;309.32;310.4;1001794;310983958.45
SBERP;D;20250828;000000;310.8;311.86;307.92;308.61;1546493;479229903.09
SBERP;D;20250829;000000;308.92;309.31;306.64;308.1;1141394;351743825.98
SBERP;D;20250901;000000;308.7;310.19;306.68;307.22;1190132;366747607.27
SBERP;D;20250902;000000;307.24;307.94;305;306.14;1307643;400406508.51
SBERP;D;20250903;000000;306.14;307.35;304.94;307;787411;241054874.27
SBERP;D;20250904;000000;307;308.67;305.33;306.57;929323;285409819.55
SBERP;D;20250905;000000;306.92;309.49;306.92;308.83;1172187;361412946.59
SBERP;D;20250908;000000;308.85;311.84;308.1;311.17;1966883;611108455.22
SBERP;D;20250909;000000;311.3;312.96;310.91;312.6;1822302;568509032.68
SBERP;D;20250910;000000;312.53;312.6;308.53;309.19;1190142;369739763.32
SBERP;D;20250911;000000;309;310.46;306.1;307.4;1615401;496942918.7
SBERP;D;20250912;000000;308.2;308.35;302.52;303.48;3027775;923453358.41
SBERP;D;20250915;000000;303.94;304.5;300.75;302.06;1926670;582807891.51
SBERP;D;20250916;000000;302.52;304.13;299.83;302.09;2300013;693665088.89
SBERP;D;20250917;000000;302.09;305.88;300.04;304.69;1790113;542462110.22
SBERP;D;20250918;000000;304.69;305.34;300.05;301.36;3285814;990186258.48
SBERP;D;20250919;000000;301.36;302.99;295.26;295.52;3083921;920681916.02
SBERP;D;20250922;000000;295.65;299.27;292.51;298.06;3308052;976672208.29
SBERP;D;20250923;000000;298.76;299.5;290.42;291.78;2768175;817638520.88
SBERP;D;20250924;000000;291.81;295.98;288.65;293.04;2462360;720631418.01
SBERP;D;20250925;000000;293.72;294.32;289;289.45;1485969;433006080.67
SBERP;D;20250926;000000;290.08;292.11;286.66;291.05;1637628;474686692.79
SBERP;D;20250929;000000;291.64;294.83;286.07;287.69;2149267;624703751.65
SBERP;D;20250930;000000;287.69;289.79;285.21;287.61;1872084;537941844.62
SBERP;D;20251001;000000;287.99;290.22;285;285.97;1605194;461010998.86
SBERP;D;20251002;000000;285.97;287.39;282.42;284.74;2287557;650100080.26
SBERP;D;20251003;000000;284.8;286.94;281.5;282;2222997;630196400.74
SBERP;D;20251006;000000;282.31;289.89;278.53;289.38;3087488;877179597.86
SBERP;D;20251007;000000;289;294.42;287.57;292.93;1897766;554019748.3
SBERP;D;20251008;000000;292.93;293.98;277.48;281.69;3466224;984766777.99
SBERP;D;20251009;000000;282.5;289.88;278.21;288.4;5302324;1514362997.83
SBERP;D;20251010;000000;288.4;289.47;283.22;284.38;2653678;759203553.73
SBERP;D;20251013;000000;284.5;287.99;281.25;284.5;3174343;903401096.43
SBERP;D;20251014;000000;285;285.95;281.16;282.2;2164444;612160161.35
SBERP;D;20251015;000000;281.76;284.44;281.03;282.1;1947915;550256191.83
SBERP;D;20251016;000000;282.12;302.22;281.23;301.3;6781212;1986152222.76
SBERP;D;20251017;000000;301.41;302.97;297.72;298.87;3146405;943199788.44
SBERP;D;20251020;000000;300.23;303.74;300.23;301.99;2267856;685795817.89
SBERP;D;20251021;000000;301.8;302.5;289.52;293.85;5616003;1657875088.17
SBERP;D;20251022;000000;293.85;294.17;285.41;288.71;3082272;895007468.71
SBERP;D;20251023;000000;285.82;289.54;282.03;289.26;8023878;2287665599.07
SBERP;D;20251024;000000;289.27;291.9;282.2;284.5;7691273;2197196204.6
SBERP;D;20251027;000000;285.39;285.39;280;280.77;3257652;917334931.73
SBERP;D;20251028;000000;280.77;287.85;278.78;286.59;2876975;820121769.31
SBERP;D;20251029;000000;286.7;288.73;285.53;287.84;1757743;504471110.62
SBERP;D;20251030;000000;287.84;294.52;286.96;292.92;2211010;645948694.18
SBERP;D;20251031;000000;292.54;294.5;286.39;288.03;2252936;653053706.39
SBERP;D;20251101;000000;288.03;290.65;287.28;289.9;796487;230878958.41
SBERP;D;20251103;000000;290.19;296.07;290.13;294.7;1334981;392502679.8
SBERP;D;20251105;000000;294.8;295.25;290;291.55;2143103;626618911.33
SBERP;D;20251106;000000;291.55;292.99;288.53;290.5;1526823;443307972.3
SBERP;D;20251107;000000;290.5;294.32;289.5;292.96;1559239;456427007.82
SBERP;D;20251110;000000;293.9;298.84;293.03;296.45;2766597;820505403.4
SBERP;D;20251111;000000;296.45;297.98;294.46;297.3;1060881;314351003.55
SBERP;D;20251112;000000;297.2;298.17;293.28;295.32;2099955;619989178.67
SBERP;D;20251113;000000;295.32;297.58;294.11;295.19;1416659;419014929.22
SBERP;D;20251114;000000;294.7;295.95;292.03;293.55;1570014;460974312.47
SBERP;D;20251117;000000;293.55;293.93;290.2;290.81;1982483;578066023.33
SBERP;D;20251118;000000;290.81;299;289.73;295.65;3757154;1111994581.15
SBERP;D;20251119;000000;296.98;305.98;294.98;300.69;5766189;1736326035.59
SBERP;D;20251120;000000;300.68;304.99;297.8;303.71;4261060;1283809780.74
SBERP;D;20251121;000000;304;304.8;300.1;303.13;3643445;1101659240.4
SBERP;D;20251124;000000;304.32;305.96;299.4;301.3;2822021;851741982.12
SBERP;D;20251125;000000;301.5;303.84;298.5;301.96;3006931;906847567.65
SBERP;D;20251126;000000;301.96;302.54;299.62;300.38;1154438;346925555
SBERP;D;20251127;000000;300.38;301.67;293.66;295.87;2533902;753576743.06
SBERP;D;20251128;000000;295.85;301.24;295.14;300.44;1915135;571677723.75
SBERP;D;20251201;000000;300;302.73;299.03;300.7;2000537;602226760.7
SBERP;D;20251202;000000;300.73;301.96;297.66;300.31;1861495;558648766.05
SBERP;D;20251203;000000;295.55;299.91;295.4;298.58;2269406;675016843.26
SBERP;D;20251204;000000;299.48;300.31;297.64;297.82;1427360;426684711.13
SBERP;D;20251205;000000;297.82;304.35;297.82;303.04;2763646;835401648.52
SBERP;D;20251208;000000;303.04;304.99;300.56;301.11;2049286;619809678.09
SBERP;D;20251209;000000;301.15;304.3;300.52;303.16;1908653;576952962.8
SBERP;D;20251210;000000;304.27;304.27;300.04;302.72;1453246;440163397.82
SBERP;D;20251211;000000;302.8;305.5;301.73;303.9;3597909;1094226061.74
SBERP;D;20251212;000000;303.9;304.78;300;300.24;2044058;618073345.62
SBERP;D;20251215;000000;300.84;302.68;300.09;301.88;2175574;655688049.98
SBERP;D;20251216;000000;301.46;303;300.94;302.29;1602292;484166134.76
SBERP;D;20251217;000000;302.22;303.19;299.56;300.8;2567378;772787777.13
SBERP;D;20251218;000000;300.8;301.59;298.09;299.81;3211626;961964282.77
SBERP;D;20251219;000000;299.81;301.19;296.62;298.1;3201173;956697668.41
SBERP;D;20251222;000000;298.56;299.66;295.69;296.18;2388563;710062222.37
SBERP;D;20251223;000000;296.18;299.61;296.02;298.66;1466593;436640574.55
SBERP;D;20251224;000000;298.66;300.76;297.32;299.84;1347013;403109869.2
SBERP;D;20251225;000000;299.84;300.77;297.5;297.62;1314054;392135439.24
SBERP;D;20251226;000000;297.62;300.1;297.62;300.09;1311924;392760509.17
SBERP;D;20251229;000000;300.12;304.67;297.53;299.18;5788600;1741070501.42
SBERP;D;20251230;000000;299.22;300.69;298.67;299.01;2698333;809038119.6
SBERP;D;20260105;000000;299.01;299.88;296.05;298.87;1291658;384654966.53
SBERP;D;20260106;000000;298.52;299.9;298.06;298.86;652926;195248303.74
SBERP;D;20260108;000000;297.74;298.4;296.5;297.21;783687;232944106.53
SBERP;D;20260109;000000;297.21;298.85;296.95;298.13;635859;189479484.68
SBERP;D;20260112;000000;298.03;300.9;298.02;298.21;1249348;373715850.83
SBERP;D;20260113;000000;298.9;299.2;296.33;296.89;999434;297037304.9
