<TICKER>;<PER>;<DATE>;<TIME>;<OPEN>;<HIGH>;<LOW>;<CLOSE>;<AMOUNT>;<VOLUME>
SELG;D;20110930;000000;16.17;16.17;16.17;16.17;4000000;64680000
SELG;D;20111003;000000;16.2;16.2;16.2;16.2;4000000;64800000
SELG;D;20111018;000000;16.39;16.39;16.39;16.39;610000;9997900
SELG;D;20111021;000000;18.845;18.845;17.745;18;800;14408
SELG;D;20111024;000000;18;25.081;17.77;17.77;9100;189967
SELG;D;20111025;000000;15.5;25.346;15.5;18.505;122600;2965718.4
SELG;D;20111026;000000;20.799;23.994;16.15;20.898;74500;1472948.3
SELG;D;20111027;000000;21.499;26;18.8;19.3;64800;1324026.6
SELG;D;20111028;000000;19.99;20;18.181;18.376;13300;263521.8
SELG;D;20111031;000000;18.999;19.995;17.3;17.3;164600;2852456.2
SELG;D;20111101;000000;17.002;17.957;16.501;16.983;7200;121062.4
SELG;D;20111102;000000;21.298;21.298;15.51;15.85;6200;102307.7
SELG;D;20111103;000000;16;17.394;15;16;4600;73420.3
SELG;D;20111107;000000;19.5;19.5;15.75;16;2500;40150.4
SELG;D;20111108;000000;16;16.999;14.999;15.05;16900;260203.7
SELG;D;20111109;000000;15;15.2;14.21;14.5;4000;59401.8
SELG;D;20111110;000000;14.5;15.19;13.1;14.9;13900;197919.1
SELG;D;20111111;000000;13.545;15;13.545;15;4700;70063.4
SELG;D;20111114;000000;15;15.7;14.001;14.001;3200;47267.5
SELG;D;20111115;000000;13.727;14.7;13.63;13.63;1200;16493.7
SELG;D;20111116;000000;13.997;14.94;13.997;14.3;1400;19897.2
SELG;D;20111117;000000;15;15;15;15;100;1500
SELG;D;20111118;000000;14.999;14.999;13.43;14.89;2500;34374.8
SELG;D;20111121;000000;13.462;14.7;13.462;14.7;300;4266.1
SELG;D;20111122;000000;13.478;15;12;13.998;33500;443008.2
SELG;D;20111123;000000;13;15;12.998;14;127600;1778028.9
SELG;D;20111124;000000;14.448;16.45;13.4;14.5;654900;10667195.8
SELG;D;20111125;000000;13.556;16.48;13.501;14.301;644900;10549641.2
SELG;D;20111128;000000;13.801;16.435;13.801;15;649800;10601325.8
SELG;D;20111129;000000;15.986;16.46;15.54;16.28;976000;16038374.3
SELG;D;20111130;000000;16.43;16.43;14.801;15.4;332700;5428766.9
SELG;D;20111201;000000;15.499;15.5;13.999;14.749;31300;464365.6
SELG;D;20111202;000000;15.348;15.348;12.832;13.683;31100;425838.5
SELG;D;20111205;000000;12.778;13.945;12.131;13.199;5800;73779.7
SELG;D;20111206;000000;12.6;13.31;12.59;13.31;500;6440
SELG;D;20111207;000000;13.929;13.929;12.56;13.411;2400;31533.6
SELG;D;20111208;000000;12.277;13.403;12;12.499;14700;179621.4
SELG;D;20111209;000000;11.5;11.5;9.3;9.496;527600;5086487.5
SELG;D;20111212;000000;9.979;9.979;8.888;9.545;75300;683689.1
SELG;D;20111213;000000;9.47;11.499;9.15;11.44;465000;4538878.8
SELG;D;20111214;000000;11.5;12.501;10.3;11;85000;955365.4
SELG;D;20111215;000000;10.128;10.5;10;10.292;220500;2261531.8
SELG;D;20111216;000000;10.699;10.699;9.5;9.75;91400;881258.1
SELG;D;20111219;000000;10.175;12.67;9.411;12.65;291800;3003152.4
SELG;D;20111220;000000;11.103;15;10.55;14.9;145300;1840467.1
SELG;D;20111221;000000;12.9;14.43;12.5;13.95;26400;365928.4
SELG;D;20111222;000000;13.4;14.5;13.13;13.301;16400;228079
SELG;D;20111223;000000;13.999;14.98;11.996;12.261;94700;1235539.3
SELG;D;20111226;000000;13.699;13.99;12.401;13.01;5600;72772.8
SELG;D;20111227;000000;13.01;14.2;13.01;14.2;71500;983413
SELG;D;20111228;000000;14;14;13.85;14;33400;466395.5
SELG;D;20111229;000000;14.249;14.99;12.011;12.201;806800;10313194.4
SELG;D;20111230;000000;11.333;11.333;10.209;10.256;223100;2364166.8
SELG;D;20120103;000000;10.75;11.039;10.302;10.499;19000;202645.6
SELG;D;20120104;000000;10.351;10.642;10.317;10.59;25500;268609.2
SELG;D;20120105;000000;10.319;10.479;9.85;10.477;5000;50929.4
SELG;D;20120106;000000;10.83;10.977;10.25;10.554;7400;79923.9
SELG;D;20120109;000000;10.12;10.3;10.12;10.3;4900;50347
SELG;D;20120110;000000;10.013;10.698;10.013;10.552;1600;16212.9
SELG;D;20120111;000000;10.846;10.846;9.504;9.676;7100;69439.2
SELG;D;20120112;000000;9.701;10.99;9.5;10;21000;213347
SELG;D;20120113;000000;9.854;11;9.853;11;17400;188752.5
SELG;D;20120116;000000;10.331;10.948;9.67;10.562;25500;263536.3
SELG;D;20120117;000000;10.699;10.699;10.15;10.3;14500;147765.8
SELG;D;20120118;000000;10.499;10.9;10.414;10.889;14800;160498
SELG;D;20120119;000000;11.249;11.249;10.432;10.8;5100;54841.3
SELG;D;20120120;000000;10.67;10.995;10.458;10.458;900;9539.5
SELG;D;20120123;000000;10.875;10.875;10;10.35;3200;32676.2
SELG;D;20120124;000000;10.006;10.58;10.006;10.498;4100;43019
SELG;D;20120125;000000;10.497;10.497;10.05;10.05;4500;45660.9
SELG;D;20120126;000000;10.25;10.495;10;10.059;18900;191722.8
SELG;D;20120127;000000;10.005;10.005;9.67;9.901;6200;61082.5
SELG;D;20120130;000000;9.902;9.999;9.557;9.85;7100;69593.3
SELG;D;20120131;000000;9.98;9.999;9.9;9.947;9000;89637.3
SELG;D;20120201;000000;10.379;11.948;10.373;10.7;49100;532120.1
SELG;D;20120202;000000;10.323;11.293;10.323;10.5;15200;160472.9
SELG;D;20120203;000000;11.499;11.5;10.626;10.99;8100;88945.4
SELG;D;20120206;000000;10.323;13.5;10.323;11.483;52900;624071.2
SELG;D;20120207;000000;11.996;11.996;10.744;10.934;11300;123807.4
SELG;D;20120208;000000;10.766;11.411;10.049;11.2;50000;526856.2
SELG;D;20120209;000000;11.362;11.887;10.316;11.497;22100;250375.5
SELG;D;20120210;000000;10.331;11.461;10.33;11;6900;74582
SELG;D;20120214;000000;10.999;11.5;10.801;10.801;5800;64115.1
SELG;D;20120217;000000;10.997;11.4;10.997;11.4;6100;68475.4
SELG;D;20120220;000000;11.975;13.198;11.005;11.199;50400;624582.5
SELG;D;20120221;000000;11.015;11.015;11.014;11.014;900;9912.7
SELG;D;20120222;000000;11.299;13;8.9;11.001;33900;385702.8
SELG;D;20120224;000000;11.39;12;11.203;12;20800;246353.4
SELG;D;20120227;000000;11.001;11.799;11;11.205;6100;67734.8
SELG;D;20120228;000000;11.31;11.31;10.56;10.85;21500;233963.9
SELG;D;20120229;000000;10.49;10.85;10.342;10.75;9900;107058.4
SELG;D;20120301;000000;10.9;10.9;10.9;10.9;100;1090
SELG;D;20120302;000000;10.28;11.001;10.28;10.9;3300;35916
SELG;D;20120305;000000;11;11.009;11;11;3000;33000.9
SELG;D;20120306;000000;11;11.854;11;11.205;1800;20507.2
SELG;D;20120307;000000;11.001;11.248;11;11.248;1200;13224.9
SELG;D;20120311;000000;10.5;11.328;9.8;11.328;9700;104419.9
SELG;D;20120312;000000;11.001;14.5;11;11.664;46800;594697.9
SELG;D;20120313;000000;11.502;12.465;11.225;12.15;12000;142221.5
SELG;D;20120314;000000;12.301;12.301;12.001;12.059;2100;25323.1
SELG;D;20120315;000000;12;12;11.745;11.745;24000;286198.7
SELG;D;20120316;000000;11.87;11.927;11.87;11.927;1000;11915.6
SELG;D;20120319;000000;11.209;11.209;11.209;11.209;200;2241.8
SELG;D;20120320;000000;11.204;11.5;11.204;11.5;600;6840.8
SELG;D;20120321;000000;11.511;11.511;10.166;10.9;6000;63617.8
SELG;D;20120322;000000;10.403;10.403;10.403;10.403;100;1040.3
SELG;D;20120323;000000;10.599;11.095;10.599;11.095;2500;26697.9
SELG;D;20120326;000000;11.142;11.183;10.848;10.848;900;9986.2
SELG;D;20120327;000000;11.294;11.911;10.893;10.893;3500;39301.7
SELG;D;20120328;000000;11.39;13.9;11.228;11.23;185600;2525744.3
SELG;D;20120329;000000;11.501;11.794;10.97;11;39400;445821.1
SELG;D;20120330;000000;11.686;11.951;10.9;11.397;10200;116185.4
SELG;D;20120402;000000;11.361;11.361;10.59;11;26900;295447.1
SELG;D;20120404;000000;11.001;11.411;10.997;10.998;4000;44080.7
SELG;D;20120405;000000;11.001;11.001;11;11;20900;229902
SELG;D;20120406;000000;11.001;11.001;11.001;11.001;300;3300.3
SELG;D;20120409;000000;11;11;10.545;11;3300;36117.8
SELG;D;20120410;000000;11.3;11.3;11.3;11.3;300;3390
SELG;D;20120411;000000;11.32;11.32;11.32;11.32;100;1132
SELG;D;20120412;000000;11;11;10.401;10.401;3400;36152.7
SELG;D;20120413;000000;10.799;10.799;10.799;10.799;900;9719.1
SELG;D;20120416;000000;10.603;11.3;10.603;11.3;300;3250.6
SELG;D;20120417;000000;11.3;11.3;10.51;10.51;23500;265155
SELG;D;20120418;000000;10.307;10.991;10.301;10.991;26600;279593.5
SELG;D;20120419;000000;10.9;10.9;10.9;10.9;200;2180
SELG;D;20120423;000000;10.501;10.501;10.5;10.501;1700;17850.3
SELG;D;20120424;000000;10.55;11;9.999;10.1;9100;92957.3
SELG;D;20120426;000000;10.488;10.488;10.488;10.488;100;1048.8
SELG;D;20120428;000000;10.85;10.85;10.551;10.551;1100;11659.7
SELG;D;20120502;000000;10.999;11.197;10.799;10.802;4900;53408.5
SELG;D;20120503;000000;10.998;11;10.499;10.998;5500;59942.8
SELG;D;20120504;000000;10.998;10.998;10;10;300;3109.9
SELG;D;20120505;000000;10.501;10.857;10.501;10.857;1300;14078.5
SELG;D;20120510;000000;10.65;10.65;10.438;10.438;300;3152.6
SELG;D;20120511;000000;10.1;10.1;10.1;10.1;500;5050
SELG;D;20120514;000000;10.74;10.74;10.74;10.74;4600;49404
SELG;D;20120515;000000;10.65;10.65;10.65;10.65;1500;15975
SELG;D;20120516;000000;10.647;10.648;10.647;10.648;500;5323.8
SELG;D;20120517;000000;10.9;10.9;10.85;10.851;5400;58850.1
SELG;D;20120518;000000;10.843;10.844;10.6;10.6;5600;59677
SELG;D;20120521;000000;10.751;11;10.751;11;1500;16350.3
SELG;D;20120522;000000;11.399;13.349;10.001;11.799;376800;4950956.8
SELG;D;20120523;000000;13.75;13.75;10.326;11.948;1000;11457.6
SELG;D;20120524;000000;11.999;11.999;10.81;11.45;2400;27771.2
SELG;D;20120525;000000;12.869;12.869;11.5;11.501;1300;15087.5
SELG;D;20120528;000000;12.299;12.299;11.7;12;7800;93298.3
SELG;D;20120529;000000;12;12;11.75;12;1600;19075
SELG;D;20120530;000000;13.75;13.75;12;12;11700;140615
SELG;D;20120531;000000;12;12;12;12;100;1200
SELG;D;20120601;000000;11.999;11.999;10.608;11.85;4400;52176.6
SELG;D;20120604;000000;10.384;11.848;10.377;10.781;4400;50662
SELG;D;20120605;000000;11.999;12;11.711;11.711;4900;58476.5
SELG;D;20120606;000000;12;12;11.8;11.8;2300;27480.4
SELG;D;20120613;000000;12;12.799;12;12;128500;1547818
SELG;D;20120614;000000;11.001;11.2;11;11.2;1100;12120.9
SELG;D;20120618;000000;10.623;10.623;10.611;10.611;1100;11678.9
SELG;D;20120620;000000;10.627;10.627;10.627;10.627;1600;17003.2
SELG;D;20120621;000000;10.777;10.777;10.777;10.777;100;1077.7
SELG;D;20120625;000000;10.35;11.45;10.299;11.45;13800;151707.4
SELG;D;20120626;000000;11.5;11.5;11.5;11.5;1000;11500
SELG;D;20120627;000000;11.998;11.998;11.998;11.998;100;1199.8
SELG;D;20120629;000000;11.07;11.07;11;11;50000;550109.1
SELG;D;20120702;000000;11.443;11.444;11.442;11.443;19900;227724.8
SELG;D;20120703;000000;10.663;11.134;10.625;11.134;4500;48024.5
SELG;D;20120705;000000;10.78;10.78;10.78;10.78;200;2156
SELG;D;20120709;000000;10.773;10.773;10.773;10.773;100;1077.3
SELG;D;20120712;000000;11.772;11.772;11.772;11.772;100;1177.2
SELG;D;20120713;000000;11.754;11.8;11.301;11.301;13500;158721
SELG;D;20120717;000000;11;11;11;11;800;8800
SELG;D;20120720;000000;11;11;11;11;2700;29700
SELG;D;20120730;000000;11;11;11;11;100;1100
SELG;D;20120801;000000;10.56;10.56;10.12;10.12;27150000;274758125.8
SELG;D;20120806;000000;10.5;10.5;10.5;10.5;12900;135450
SELG;D;20120807;000000;0;10.5;10.5;0;300;3150
SELG;D;20120808;000000;10.5;10.5;10.5;10.5;300;3150
SELG;D;20120810;000000;10.5;10.5;10.5;10.5;100;1050
SELG;D;20120813;000000;10.5;10.5;10.5;10.5;200;2100
SELG;D;20120815;000000;10.499;10.499;10.499;10.499;100;1049.9
SELG;D;20120816;000000;10.499;10.5;10.499;10.499;3100;32548
SELG;D;20120821;000000;9.802;9.802;9.802;9.802;900;8821.8
SELG;D;20120822;000000;10.011;10.307;10.011;10.011;2800;28060.4
SELG;D;20120823;000000;10.2;10.2;10.094;10.094;300;3038.8
SELG;D;20120830;000000;10;10;10;10;6600;66000
SELG;D;20120831;000000;9.999;9.999;9.999;9.999;1000;9999
SELG;D;20120906;000000;10;10;10;10;1000;10000
SELG;D;20120911;000000;10.598;11;10.598;11;2800;29975.6
SELG;D;20120912;000000;10.7;11.2;10.7;10.747;4300;46608.9
SELG;D;20120913;000000;11.371;11.371;10.319;11.292;2300;25085.5
SELG;D;20120914;000000;11.287;11.497;11.13;11.299;5300;59543.7
SELG;D;20120917;000000;11;11;11;11;10000;110000
SELG;D;20120918;000000;11;11;10.511;10.511;200;2151.1
SELG;D;20120920;000000;10.16;10.16;10.156;10.156;2700;27428.6
SELG;D;20120921;000000;10.156;10.156;10.106;10.106;1000;10115.9
SELG;D;20120925;000000;10.93;10.93;10.93;10.93;1000000;10930000
SELG;D;20120927;000000;10.8;10.8;10.8;10.8;100;1080
SELG;D;20120928;000000;10.85;10.85;10.492;10.492;2000;21664.2
SELG;D;20121001;000000;10.112;10.501;10.112;10.501;2800;29363.9
SELG;D;20121002;000000;10.602;10.602;10.5;10.5;5100;53831.1
SELG;D;20121003;000000;10.899;10.899;10.114;10.116;7100;71979.4
SELG;D;20121004;000000;10.11;10.11;10.11;10.11;780400;7889844
SELG;D;20121005;000000;10.5;10.5;10.5;10.5;100;1050
SELG;D;20121008;000000;10.111;10.111;8.555;9.899;6000;57344.9
SELG;D;20121009;000000;9.502;10.95;9.502;10.046;1400;14426.2
SELG;D;20121010;000000;10.95;11.117;10.5;10.6;3900;42578.9
SELG;D;20121012;000000;10.503;10.503;10.503;10.503;100;1050.3
SELG;D;20121015;000000;10.604;10.604;10.6;10.6;4200;44527.5
SELG;D;20121016;000000;10.599;10.599;10.595;10.595;300;3179
SELG;D;20121019;000000;10.157;10.499;8.36;9.406;11200;104279.8
SELG;D;20121022;000000;9.599;10.1;9.597;10.08;2200;21222.3
SELG;D;20121023;000000;10.496;10.497;10.496;10.497;200;2099.3
SELG;D;20121025;000000;9.668;9.668;9.507;9.507;300;2883.3
SELG;D;20121026;000000;9.799;9.801;9.799;9.801;5200;50964.9
SELG;D;20121029;000000;9.997;9.998;9.6;9.85;5002300;48522360.6
SELG;D;20121030;000000;9.699;9.72;9.699;9.72;5006800;48616008.7
SELG;D;20121031;000000;9.7;9.73;9.6;9.73;4500;43769
SELG;D;20121102;000000;0;9.73;9.73;0;100;973
SELG;D;20121107;000000;9.8;9.8;9.8;9.8;1000;9800
SELG;D;20121109;000000;9.27;11.1;8.501;11.01;54700;586650.1
SELG;D;20121112;000000;10;10;10;10;300;3000
SELG;D;20121113;000000;11.05;11.05;11;11;60100;662600
SELG;D;20121114;000000;10.2;10.2;10.2;10.2;100;1020
SELG;D;20121116;000000;10.501;10.501;10.501;10.501;200;2100.2
SELG;D;20121119;000000;11;11;10.8;10.8;400;4370
SELG;D;20121120;000000;11.06;11.06;10.8;11.054;7800;85927
SELG;D;20121122;000000;10.8;11.066;10.8;10.8;2100;23132.2
SELG;D;20121123;000000;10.83;10.83;10;10.3;4100;41743.4
SELG;D;20121127;000000;9.999;10.001;9.6;9.6;22600;224920
SELG;D;20121130;000000;9.995;9.995;9.995;9.995;300;2998.5
SELG;D;20121203;000000;10.779;11.03;10.779;11.03;10000;109565.7
SELG;D;20121204;000000;9.301;9.801;9.301;9.6;30300;286461.1
SELG;D;20121205;000000;9.789;9.789;9.6;9.6;400;3858.9
SELG;D;20121206;000000;9.79;9.79;9.774;9.774;300;2933.9
SELG;D;20121207;000000;9.71;10.5;9.71;9.9;4500;44106.3
SELG;D;20121212;000000;9.113;9.25;8.5;8.866;71400;623233.2
SELG;D;20121213;000000;8.944;9.4;8.802;9.287;7500;68812.5
SELG;D;20121214;000000;9.288;9.485;9.288;9.4;11100;104328.1
SELG;D;20121218;000000;8.783;9.999;8.665;9.504;32100;297629.8
SELG;D;20121219;000000;9.318;9.318;8.35;8.525;144400;1236460.4
SELG;D;20121220;000000;8.412;8.699;8.35;8.372;48500;408660.7
SELG;D;20121221;000000;8.4;8.575;6.802;7.399;243300;1845465.2
SELG;D;20121224;000000;7.726;7.726;6.999;7.1;85500;608543.1
SELG;D;20121225;000000;6.976;7.066;6.359;6.797;87100;572293.9
SELG;D;20121226;000000;6.825;7.51;6.561;6.75;178600;1244785.2
SELG;D;20121227;000000;6.725;8.752;6.699;8.75;794800;6127626.2
SELG;D;20121228;000000;8.631;10.91;8.205;8.699;772300;7731758.7
SELG;D;20130108;000000;9;10.143;8.122;10;92700;861884.5
SELG;D;20130109;000000;10.005;11;9.45;10.701;225500;2417707.8
SELG;D;20130110;000000;10.369;10.636;9.999;10;22900;233149.7
SELG;D;20130111;000000;10.017;10.017;9.101;9.596;56900;541660.8
SELG;D;20130114;000000;9.35;9.45;9.1;9.2;22900;212365.7
SELG;D;20130115;000000;9.176;9.324;8.35;8.425;111800;963909.1
SELG;D;20130116;000000;8.4;8.45;8.004;8.099;75600;624270.4
SELG;D;20130117;000000;8.014;8.014;7.556;7.997;336700;2629015.9
SELG;D;20130118;000000;8.002;8.2;7.75;7.8;232700;1834357.4
SELG;D;20130121;000000;7.886;8.049;7.052;7.15;569400;4169468.8
SELG;D;20130122;000000;7.101;7.19;6.95;7.123;173700;1219441
SELG;D;20130123;000000;7.013;7.496;6.826;7.07;507000;3578238
SELG;D;20130124;000000;7.07;7.95;6.971;7.032;17322700;125463324.3
SELG;D;20130125;000000;7.574;7.574;6.921;6.985;475000;3335760.2
SELG;D;20130128;000000;7;7.669;6.8;7.5;545100;3915094.7
SELG;D;20130129;000000;7.4;8.6;6.965;6.97;2748900;20604849.6
SELG;D;20130130;000000;7;9.025;6.997;7.8;9836700;79433889
SELG;D;20130131;000000;7.743;10.7;7.275;8.01;13005500;125950144.1
SELG;D;20130201;000000;8;9.23;7.895;8.1;2426800;20132423.9
SELG;D;20130204;000000;8.119;8.15;7.501;7.606;639200;4908766.9
SELG;D;20130205;000000;7.303;7.698;7.2;7.65;460400;3399220.6
SELG;D;20130206;000000;7.629;7.77;7.35;7.4;155200;1158547
SELG;D;20130207;000000;7.345;7.4;7.1;7.268;452900;3264596.6
SELG;D;20130208;000000;7.297;7.498;7.062;7.322;144400;1037909.8
SELG;D;20130211;000000;7.3;7.786;7.2;7.585;216700;1634449.2
SELG;D;20130212;000000;7.554;7.722;7.1;7.144;768100;5524062.9
SELG;D;20130213;000000;7.1;7.199;7.05;7.117;173700;1235629.4
SELG;D;20130214;000000;7.118;7.137;7.008;7.07;170100;1200783.5
SELG;D;20130215;000000;7.099;7.199;7;7.135;127700;900629.8
SELG;D;20130218;000000;7.111;7.143;7.042;7.118;137300;974059.5
SELG;D;20130219;000000;7.12;7.13;7.071;7.11;251200;1789365.1
SELG;D;20130220;000000;7.023;7.1;6.861;6.979;117300;823171.7
SELG;D;20130221;000000;6.943;6.943;6.556;6.58;242600;1635209.3
SELG;D;20130222;000000;6.697;7.235;6.51;7.21;436600;3042678.8
SELG;D;20130225;000000;7.21;7.27;6.99;6.99;171600;1211246
SELG;D;20130226;000000;6.97;7.5;6.874;7.09;11941100;89108374.6
SELG;D;20130227;000000;7.095;8.66;6.965;7.33;4078400;32156360.4
SELG;D;20130228;000000;7.2;9.44;7.066;7.707;14216400;119718569.8
SELG;D;20130301;000000;7.71;8.9;7.71;8.001;2437400;20902130.1
SELG;D;20130304;000000;8.238;8.798;8.031;8.699;9109200;78635965.4
SELG;D;20130305;000000;8.699;8.747;7.8;8.021;539200;4378768.8
SELG;D;20130306;000000;7.901;8.3;7.802;8.1;2285300;18924710.3
SELG;D;20130307;000000;8.013;8.19;7.865;7.99;73200;584620.1
SELG;D;20130311;000000;8;8.194;8;8.002;1237700;10046116.5
SELG;D;20130312;000000;7.977;7.977;7.801;7.9;48400;382959.5
SELG;D;20130313;000000;7.9;7.95;7.336;7.5;284300;2138997.2
SELG;D;20130314;000000;7.401;7.6;7.301;7.515;450200;3347671.5
SELG;D;20130315;000000;7.677;7.677;7.4;7.568;589900;4377261
SELG;D;20130318;000000;7.5;7.697;7.469;7.5;73500;553257.6
SELG;D;20130319;000000;7.471;7.587;7.405;7.407;161800;1204335
SELG;D;20130320;000000;7.449;7.597;7.402;7.474;13600;101469.4
SELG;D;20130321;000000;7.434;7.83;7.405;7.699;44000;333808.1
SELG;D;20130322;000000;7.612;7.978;7.612;7.887;179600;1403747.2
SELG;D;20130325;000000;7.808;8.439;7.808;8.08;290300;2362182.6
SELG;D;20130326;000000;8.08;8.199;7.55;7.925;5225200;39844487.4
SELG;D;20130327;000000;7.97;8.01;7.562;7.698;1752700;13527130.8
SELG;D;20130328;000000;8.048;8.048;7.427;7.6;108400;825782.6
SELG;D;20130329;000000;7.695;7.848;7.231;7.347;1887500;13978229.6
SELG;D;20130401;000000;7.224;7.37;7.061;7.287;257800;1841471.5
SELG;D;20130402;000000;7.27;7.27;6.993;7;589700;4186149.7
SELG;D;20130403;000000;7.03;7.085;6.902;6.961;261300;1831272
SELG;D;20130404;000000;6.902;7;6.75;6.94;89200;614482.1
SELG;D;20130405;000000;6.997;6.997;6.715;6.969;98200;672441.2
SELG;D;20130408;000000;6.985;6.99;6.59;6.7;286500;1922094.5
SELG;D;20130409;000000;6.653;6.988;6.423;6.591;495400;3260545.6
SELG;D;20130410;000000;6.505;6.59;6.3;6.333;4695500;30050316.8
SELG;D;20130411;000000;6.397;6.397;6.002;6.297;230900;1440317.1
SELG;D;20130412;000000;6.255;6.35;6.006;6.053;94000;585278.2
SELG;D;20130415;000000;6.002;6.085;5.5;5.501;1166000;6662230.1
SELG;D;20130416;000000;5.594;6.1;5.5;5.88;226500;1306969.3
SELG;D;20130417;000000;6.014;6.147;5.608;5.717;9900;57787.9
SELG;D;20130418;000000;5.651;5.998;5.542;5.927;15500;91307.9
SELG;D;20130419;000000;5.928;6.099;5.81;5.889;25700;153947.8
SELG;D;20130422;000000;5.946;5.946;5.801;5.85;16400;96075.8
SELG;D;20130423;000000;5.804;5.804;5.7;5.754;26600;152151
SELG;D;20130424;000000;5.75;5.8;5.611;5.725;97600;556312.1
SELG;D;20130425;000000;5.797;5.808;5.57;5.677;121400;688066.8
SELG;D;20130426;000000;5.508;5.997;5.5;5.791;155200;902932.3
SELG;D;20130429;000000;5.736;6.57;5.481;6.398;1635600;9902177.8
SELG;D;20130430;000000;6.411;7.555;6.314;7.49;4701100;34193642.1
SELG;D;20130502;000000;7.4;7.4;6.73;6.977;112300;776043.4
SELG;D;20130503;000000;6.955;6.98;6.505;6.699;45900;308188.1
SELG;D;20130506;000000;6.79;6.798;6.324;6.416;40800;264640.6
SELG;D;20130507;000000;6.351;6.999;6.055;6.58;693100;4472810.3
SELG;D;20130508;000000;6.56;7.335;6.311;6.888;877800;6347212.1
SELG;D;20130510;000000;6.888;6.9;6.7;6.711;8600;58539.7
SELG;D;20130513;000000;6.668;7.225;6.485;6.818;29600;201039.4
SELG;D;20130514;000000;6.785;7.045;6.707;6.95;21600;151037
SELG;D;20130515;000000;6.807;6.807;6.541;6.627;26600;174944.1
SELG;D;20130516;000000;6.558;6.67;6.38;6.399;66600;427680.9
SELG;D;20130517;000000;6.434;6.5;6.424;6.45;14100;91254.6
SELG;D;20130520;000000;6.437;6.437;6.3;6.33;17300;110236.1
SELG;D;20130521;000000;6.33;6.363;6.268;6.268;23500;148989
SELG;D;20130522;000000;6.273;6.36;6.273;6.31;9300;58446
SELG;D;20130523;000000;6.347;6.349;6.177;6.177;6000;37718.4
SELG;D;20130524;000000;6.159;6.319;6.1;6.26;11700;72359.8
SELG;D;20130527;000000;6.295;6.295;6.1;6.13;10900;66732.4
SELG;D;20130528;000000;6.14;6.215;6.108;6.195;15600;95860.8
SELG;D;20130529;000000;6.155;6.425;6.108;6.126;12800;79997.2
SELG;D;20130530;000000;6.177;6.199;6.119;6.15;5000;30704.8
SELG;D;20130531;000000;6.17;7.3;6.17;6.901;4251100;30876767.8
SELG;D;20130603;000000;6.686;6.75;6.355;6.63;63300;414744.1
SELG;D;20130604;000000;6.559;6.559;6.3;6.35;37100;236953
SELG;D;20130605;000000;6.328;6.333;6.328;6.333;1400;8864.2
SELG;D;20130606;000000;6.327;6.327;6.252;6.252;4600;28843.5
SELG;D;20130607;000000;6.299;6.353;6.299;6.353;1300;8199.5
SELG;D;20130610;000000;6.351;6.351;6.35;6.35;1800;11430.1
SELG;D;20130611;000000;6.347;6.397;6.3;6.397;5700;35967.2
SELG;D;20130613;000000;6.327;6.39;6.252;6.39;7300;45865.2
SELG;D;20130614;000000;6.389;6.39;6.35;6.35;2100;13359.1
SELG;D;20130617;000000;6.355;6.595;6.304;6.595;2800;18078.1
SELG;D;20130618;000000;6.428;6.468;6.4;6.468;800;5142.7
SELG;D;20130619;000000;6.402;6.777;6.402;6.681;19600;128161.3
SELG;D;20130620;000000;6.627;6.627;6.452;6.54;25800;167674.4
SELG;D;20130621;000000;6.588;6.63;6.507;6.63;5100;33773.6
SELG;D;20130624;000000;6.635;6.645;6.4;6.558;9500;62170.5
SELG;D;20130625;000000;6.59;6.885;6.56;6.718;21700;143776.9
SELG;D;20130626;000000;6.72;6.855;6.72;6.855;9900;66894.5
SELG;D;20130627;000000;6.854;7.04;6.725;6.814;33400;231668.9
SELG;D;20130628;000000;6.849;7.199;6.807;7.199;23500;167713.1
SELG;D;20130701;000000;7.073;7.073;6.7;6.703;17900;123052.5
SELG;D;20130702;000000;6.697;6.734;6.45;6.537;18000;117702.3
SELG;D;20130703;000000;6.565;6.599;6.414;6.414;8300;53451
SELG;D;20130704;000000;6.405;6.407;6.405;6.405;1000;6405.3
SELG;D;20130705;000000;6.397;6.439;6.388;6.388;800;5117.6
SELG;D;20130709;000000;6.42;6.599;6.419;6.599;3100;20030
SELG;D;20130711;000000;6.6;6.698;6.6;6.652;496300;3300399.2
SELG;D;20130712;000000;6.699;6.699;6.575;6.597;6300;41532.6
SELG;D;20130715;000000;6.53;6.53;6.402;6.402;5900;37818.5
SELG;D;20130716;000000;6.41;6.41;6.35;6.35;500;3190.9
SELG;D;20130717;000000;6.485;6.485;6.352;6.401;1300;8286.6
SELG;D;20130719;000000;6.485;6.535;6.411;6.411;400;2589.1
SELG;D;20130722;000000;6.497;6.544;6.483;6.483;5600;36489.8
SELG;D;20130723;000000;6.51;6.823;6.51;6.7;1007700;6701647.5
SELG;D;20130724;000000;6.637;6.987;6.547;6.547;23500;159996.8
SELG;D;20130725;000000;6.508;6.51;6.508;6.51;1100;7160.8
SELG;D;20130726;000000;6.52;6.895;6.52;6.6;3482400;22706165
SELG;D;20130729;000000;6.684;6.74;6.6;6.6;975200;6570913
SELG;D;20130730;000000;6.68;6.897;6.6;6.6;8300;56223.3
SELG;D;20130731;000000;6.685;7.26;6.63;6.9;265000;1890354.7
SELG;D;20130801;000000;6.777;7.149;6.523;6.687;45500;305678.5
SELG;D;20130802;000000;6.799;7.007;6.61;6.61;6800;45478.7
SELG;D;20130805;000000;6.697;6.697;6.61;6.625;3900;25803.1
SELG;D;20130806;000000;6.611;6.612;6.609;6.61;9200;60807.6
SELG;D;20130807;000000;6.675;7.33;6.675;6.925;5220300;38241239.6
SELG;D;20130808;000000;6.96;6.96;6.96;6.96;100;696
SELG;D;20130809;000000;6.84;6.995;6.84;6.985;2900;20053.2
SELG;D;20130812;000000;6.888;6.888;6.625;6.805;9500;63828.1
SELG;D;20130813;000000;6.92;7.018;6.845;6.885;1700;11848.5
SELG;D;20130815;000000;6.809;6.809;6.807;6.807;1400;9530.3
SELG;D;20130816;000000;6.895;7.035;6.816;6.816;1500;10417.5
SELG;D;20130819;000000;6.895;6.895;6.816;6.895;300;2060.6
SELG;D;20130821;000000;6.807;6.999;6.762;6.896;1800;12284.1
SELG;D;20130822;000000;6.887;6.887;6.887;6.887;100;688.7
SELG;D;20130826;000000;6.857;6.857;6.65;6.752;2700;18054.5
SELG;D;20130827;000000;6.799;6.8;6.799;6.8;1600;10879.8
SELG;D;20130828;000000;6.805;6.855;6.5;6.584;557700;3630264.3
SELG;D;20130829;000000;6.599;6.649;6.401;6.49;3321200;21666768.1
SELG;D;20130830;000000;6.405;6.5;6.115;6.115;231300;1486553.1
SELG;D;20130902;000000;6.195;6.25;6.165;6.249;700;4351
SELG;D;20130903;000000;6.25;6.299;6.149;6.299;7700;47998.8
SELG;D;20130904;000000;6.299;6.399;6.299;6.399;1100;6948.7
SELG;D;20130905;000000;6.405;6.455;6.405;6.455;200;1286
SELG;D;20130906;000000;6.495;6.535;6.4;6.492;6000;38459.7
SELG;D;20130909;000000;6.527;6.527;6.527;6.527;100;652.7
SELG;D;20130910;000000;6.53;6.53;6.19;6.35;24300;153267.3
SELG;D;20130912;000000;6.257;6.299;6.231;6.299;8200;51157.6
SELG;D;20130913;000000;6.217;6.281;6.097;6.281;1000;6190.7
SELG;D;20130916;000000;6.139;6.282;6.072;6.282;37800;232491.9
SELG;D;20130917;000000;6.28;6.3;6.2;6.2;30000;187800.1
SELG;D;20130918;000000;6.2;6.2;6.199;6.2;15100;93617.4
SELG;D;20130919;000000;6.2;6.2;6.062;6.188;22200;137519.5
SELG;D;20130920;000000;6.195;6.2;6.195;6.2;12800;79353.1
SELG;D;20130923;000000;6.199;6.199;6.026;6.194;16600;100811.6
SELG;D;20130924;000000;6.199;6.2;6;6.2;31000;191216.5
SELG;D;20130925;000000;6.861;6.861;6.18;6.2;21500;140967.1
SELG;D;20130926;000000;6.133;6.65;6.133;6.193;241900;1559145.7
SELG;D;20130927;000000;6.198;6.198;6.005;6.098;48700;295228
SELG;D;20130930;000000;6.145;6.395;5.95;6.182;72700;440309.2
SELG;D;20131001;000000;6.014;6.014;5.68;5.699;148100;857883.8
SELG;D;20131002;000000;5.671;5.671;5.465;5.498;93400;514971.2
SELG;D;20131003;000000;5.498;5.53;5.222;5.299;98700;520167.9
SELG;D;20131004;000000;5.206;5.303;5.125;5.303;27400;141774.2
SELG;D;20131007;000000;5.278;5.29;5.152;5.29;2800;14638.2
SELG;D;20131008;000000;5.335;5.343;5.219;5.33;1900;10086.5
SELG;D;20131009;000000;5.329;5.329;5.202;5.325;10700;56886.2
SELG;D;20131010;000000;5.201;5.424;5.201;5.424;10100;53958.7
SELG;D;20131011;000000;5.299;5.3;4.875;5;426500;2131641
SELG;D;20131014;000000;5.005;5.091;4.94;4.997;12200;60726.5
SELG;D;20131015;000000;4.99;5;4.91;4.987;14400;71420.6
SELG;D;20131016;000000;4.95;4.95;4.82;4.928;16700;81752.9
SELG;D;20131017;000000;4.94;4.94;4.8;4.88;58200;279846.2
SELG;D;20131018;000000;4.9;4.9;4.787;4.825;77200;370180.6
SELG;D;20131021;000000;4.84;4.947;4.795;4.947;5900;28855.2
SELG;D;20131022;000000;4.975;5.009;4.73;4.856;28900;139826.1
SELG;D;20131023;000000;4.989;4.989;4.81;4.83;800;3947.5
SELG;D;20131024;000000;4.843;4.877;4.72;4.865;19400;92733.2
SELG;D;20131025;000000;4.772;4.784;4.578;4.669;109900;508084.2
SELG;D;20131028;000000;4.653;4.653;4.568;4.625;800;3685.7
SELG;D;20131029;000000;4.6;5.145;4;4.8;131100;600210.6
SELG;D;20131030;000000;4.501;4.97;4.501;4.86;88400;435002.9
SELG;D;20131031;000000;4.603;4.99;4.603;4.917;21600;104886.4
SELG;D;20131101;000000;4.77;5;4.77;4.947;53100;262232.9
SELG;D;20131105;000000;4.999;4.999;4.8;4.833;1400;6798
SELG;D;20131106;000000;4.81;4.874;4.713;4.874;3500;16831
SELG;D;20131107;000000;4.831;4.877;4.5;4.6;143200;653376.7
SELG;D;20131108;000000;4.5;4.569;4.459;4.539;3100;13946.1
SELG;D;20131111;000000;4.544;4.544;4.4;4.499;61300;270827.2
SELG;D;20131112;000000;4.524;4.524;4.151;4.192;90600;381936.7
SELG;D;20131113;000000;4.129;4.129;3.608;3.979;143000;563321.4
SELG;D;20131114;000000;3.714;3.996;3.5;3.886;125500;457803
SELG;D;20131115;000000;3.88;3.88;3.7;3.88;700;2697.9
SELG;D;20131118;000000;3.628;3.8;3.58;3.8;1300;4778.8
SELG;D;20131119;000000;3.701;3.897;3.614;3.85;6100;22809.9
SELG;D;20131120;000000;3.7;3.7;3.601;3.69;23000;84211.1
SELG;D;20131121;000000;3.591;3.602;3.508;3.602;11200;39795
SELG;D;20131122;000000;3.599;3.684;3.535;3.645;2800;10232.8
SELG;D;20131125;000000;3.666;3.706;3.6;3.6;23600;85790.3
SELG;D;20131126;000000;3.64;3.8;3.64;3.7;11900;44509
SELG;D;20131127;000000;3.745;3.745;3.62;3.7;600;2199.5
SELG;D;20131129;000000;3.6;4.149;3.6;3.83;106700;426331.2
SELG;D;20131202;000000;3.899;4.001;3.88;3.95;29700;118198
SELG;D;20131203;000000;3.9;3.934;3.882;3.917;1700;6628.9
SELG;D;20131204;000000;3.89;3.89;3.88;3.89;200;777
SELG;D;20131205;000000;3.715;3.998;3.467;3.905;23400;89183.8
SELG;D;20131206;000000;3.814;3.814;2.7;2.908;928400;2914468
SELG;D;20131209;000000;2.9;2.98;2.15;2.229;2140300;4980452.4
SELG;D;20131210;000000;2.201;2.55;2.2;2.438;891300;2087067.6
SELG;D;20131211;000000;2.44;2.796;2.31;2.341;932100;2291838.7
SELG;D;20131212;000000;1.984;2.345;1.984;2.129;379200;819254.7
SELG;D;20131213;000000;2.153;2.174;2.025;2.079;436900;900309.8
SELG;D;20131216;000000;1.835;2.137;1.835;2.048;240600;494255.3
SELG;D;20131217;000000;1.91;2.866;1.91;2.046;2815600;5844591.3
SELG;D;20131218;000000;2.054;2.126;2.028;2.083;3774400;7687222
SELG;D;20131219;000000;2.105;2.154;2.023;2.044;704900;1440877.7
SELG;D;20131220;000000;2.051;2.051;2;2.04;101800;204757.7
SELG;D;20131223;000000;2.04;2.089;1.88;1.9;454400;891733.2
SELG;D;20131224;000000;1.909;2.15;1.85;2.05;14362100;27391865.9
SELG;D;20131225;000000;2.093;2.596;2.06;2.58;1931400;4545662.8
SELG;D;20131226;000000;2.635;3.188;2.5;3.112;3786800;11216070.5
SELG;D;20131227;000000;3.131;3.95;2.999;3.71;4620600;16368313.5
SELG;D;20131230;000000;3.701;5.185;3.6;4.8;8364300;38642606.9
SELG;D;20140106;000000;4.8;5.582;4.6;5.03;421000;2158929.6
SELG;D;20140108;000000;5.08;6.299;4.801;5.802;2418500;14291819.4
SELG;D;20140109;000000;5.99;6;5.23;5.28;1293500;7180669.9
SELG;D;20140110;000000;5.3;5.3;4.45;4.5;1432200;6729815
SELG;D;20140113;000000;4.402;4.54;4.171;4.248;484900;2074690.8
SELG;D;20140114;000000;3.615;4.497;3.615;4.048;1178500;4856548.9
SELG;D;20140115;000000;4.088;4.345;4.088;4.195;368300;1551794
SELG;D;20140116;000000;4.24;4.3;3.95;4.117;175900;725626.6
SELG;D;20140117;000000;4.109;4.16;3.98;4;744500;3003166.8
SELG;D;20140120;000000;3.991;4.195;3.902;3.996;875200;3517488.3
SELG;D;20140121;000000;3.962;4.09;3.851;3.851;217800;849180.8
SELG;D;20140122;000000;3.852;4.044;3.752;3.897;173400;679378.4
SELG;D;20140123;000000;3.898;4.4;3.6;4.267;791000;3179935.1
SELG;D;20140124;000000;4.131;4.58;4.05;4.5;450300;1940718.1
SELG;D;20140127;000000;4.45;4.835;4.302;4.777;346600;1618188
SELG;D;20140128;000000;4.777;4.8;4.505;4.8;289000;1377296
SELG;D;20140129;000000;4.8;5.123;4.651;5.098;537100;2683736.4
SELG;D;20140130;000000;5.042;5.167;5.007;5.089;559000;2822027.6
SELG;D;20140131;000000;5.088;5.2;5;5.144;1463200;7374634.1
SELG;D;20140203;000000;5.051;5.08;4.616;4.95;318000;1569808.6
SELG;D;20140204;000000;4.911;5.149;4.802;5.119;121900;612220.3
SELG;D;20140205;000000;5.05;5.17;5;5.17;94400;479088.2
SELG;D;20140206;000000;5.041;5.542;5.041;5.335;115000;614706
SELG;D;20140207;000000;5.335;5.433;4.799;5;390300;1956357.2
SELG;D;20140210;000000;5;5.01;4.801;4.89;65000;316143.9
SELG;D;20140211;000000;4.999;5.027;4.825;4.97;103700;514359.2
SELG;D;20140212;000000;4.918;5.188;4.81;4.82;240900;1187878.2
SELG;D;20140213;000000;4.83;4.961;4.82;4.827;148400;718046.5
SELG;D;20140214;000000;4.919;4.919;4.813;4.843;37500;182092
SELG;D;20140217;000000;4.85;5.045;4.83;5.045;90200;444084.6
SELG;D;20140218;000000;5;5.17;5;5.029;154100;782193.4
SELG;D;20140219;000000;4.981;5.014;4.832;4.86;30300;147649.2
SELG;D;20140220;000000;4.751;5.03;4.701;5.03;165100;806440
SELG;D;20140221;000000;5;5.084;5;5.03;200800;1011482.7
SELG;D;20140224;000000;5.017;5.093;4.982;5.075;7200;36133.8
SELG;D;20140225;000000;5.081;5.081;4.905;4.99;5800;28810.8
SELG;D;20140226;000000;5;5.059;4.932;5.059;46200;232440.4
SELG;D;20140227;000000;5.05;5.2;4.852;4.9;97000;497846.6
SELG;D;20140228;000000;4.877;5.244;4.452;5.136;417000;1982696.9
SELG;D;20140303;000000;4.871;4.871;4.1;4.104;137900;617300.8
SELG;D;20140304;000000;4.2;4.547;4.004;4.478;106700;450809.6
SELG;D;20140305;000000;4.4;4.95;4.4;4.643;50000;241765
SELG;D;20140306;000000;4.889;5.1;4.504;4.63;96100;470768.3
SELG;D;20140307;000000;4.666;4.974;4.401;4.77;39600;184407.5
SELG;D;20140311;000000;4.778;5.098;4.75;4.929;52600;258334.5
SELG;D;20140312;000000;4.997;4.999;4.72;4.999;33400;162715.6
SELG;D;20140313;000000;5.02;5.3;4.85;5.008;14700;74279
SELG;D;20140314;000000;4.99;5.001;4.21;5.001;119300;553123.4
SELG;D;20140317;000000;5.238;5.238;4.069;4.828;122500;589944.5
SELG;D;20140318;000000;4.804;4.804;4.802;4.802;400;1921.1
SELG;D;20140319;000000;4.753;4.894;4.753;4.894;5900;28072.7
SELG;D;20140320;000000;4.856;4.856;4.752;4.835;10400;49596.6
SELG;D;20140321;000000;4.799;4.8;4.2;4.775;80400;348438.4
SELG;D;20140324;000000;4.789;4.824;4.719;4.824;900;4264.6
SELG;D;20140325;000000;4.722;4.94;4.721;4.902;48900;234154.6
SELG;D;20140326;000000;4.829;4.919;4.828;4.918;17500;86014
SELG;D;20140327;000000;4.832;4.998;4.831;4.903;63900;318697.4
SELG;D;20140328;000000;4.891;4.989;4.753;4.901;11400;55463.6
SELG;D;20140331;000000;4.947;5.118;4.947;5.005;12500;62864.5
SELG;D;20140401;000000;4.951;5.083;4.91;5.082;31000;156905.1
SELG;D;20140402;000000;5.035;5.162;4.871;5.022;6700;33514.3
SELG;D;20140403;000000;5.021;5.3;4.872;5.101;114600;596738.5
SELG;D;20140404;000000;5.189;5.984;5.112;5.897;445600;2516182.2
SELG;D;20140407;000000;5.973;6.08;5.01;5.25;199600;1106371.7
SELG;D;20140408;000000;5.241;5.478;4.981;4.997;68800;353939.7
SELG;D;20140409;000000;5.097;5.196;4.942;5.025;12100;60593.9
SELG;D;20140410;000000;4.951;5.082;4.901;5.026;29100;144163
SELG;D;20140411;000000;4.99;4.997;4.881;4.881;11400;56050.7
SELG;D;20140414;000000;4.852;4.907;4.851;4.907;1200;5832.9
SELG;D;20140415;000000;4.889;5.039;4.341;4.398;113700;516734.2
SELG;D;20140416;000000;4.578;4.649;4.25;4.399;360500;1556861.7
SELG;D;20140417;000000;4.494;5.5;4.494;4.665;258500;1263894.5
SELG;D;20140418;000000;4.68;4.845;4.551;4.773;51800;242141.9
SELG;D;20140421;000000;4.701;4.769;4.401;4.53;224000;1008450.4
SELG;D;20140422;000000;4.462;4.529;4.431;4.529;3400;15149.4
SELG;D;20140424;000000;4.538;4.569;4.256;4.399;43400;187678
SELG;D;20140425;000000;4.328;4.429;4.281;4.388;3100;13402
SELG;D;20140428;000000;4.426;4.5;4.392;4.5;5200;23341.4
SELG;D;20140429;000000;4.406;4.469;4.401;4.451;18900;83992
SELG;D;20140430;000000;4.409;4.509;4.407;4.509;25800;114128.7
SELG;D;20140505;000000;4.537;4.537;4.351;4.353;2900;12792.5
SELG;D;20140506;000000;4.446;4.565;4.446;4.472;4200;19026.3
SELG;D;20140507;000000;4.435;4.679;4.435;4.537;46400;215625.1
SELG;D;20140508;000000;4.505;4.505;4.491;4.491;1000;4502.7
SELG;D;20140512;000000;4.461;4.525;4.242;4.524;15900;69189.9
SELG;D;20140513;000000;4.445;4.625;4.444;4.577;4500;20303.6
SELG;D;20140514;000000;4.599;4.619;4.302;4.5;24700;111937.4
SELG;D;20140515;000000;4.528;4.529;4.303;4.434;19900;87172.4
SELG;D;20140516;000000;4.439;4.524;4.3;4.524;88400;390384.7
SELG;D;20140519;000000;4.548;4.549;4.548;4.549;600;2728.9
SELG;D;20140520;000000;4.579;4.749;4.387;4.749;27300;123334.7
SELG;D;20140521;000000;4.643;4.657;4.498;4.501;22800;105108.3
SELG;D;20140522;000000;4.533;4.535;4.376;4.442;16500;72910.8
SELG;D;20140523;000000;4.479;4.529;4.461;4.461;4900;21887.3
SELG;D;20140526;000000;4.528;4.748;4.45;4.602;40500;189939.9
SELG;D;20140527;000000;4.562;4.716;4.562;4.632;60500;284412.5
SELG;D;20140528;000000;4.605;5.1;4.491;4.937;468900;2290828.6
SELG;D;20140529;000000;4.901;5.041;4.6;5.041;32100;155053.8
SELG;D;20140530;000000;5.03;5.55;5.008;5.32;1481600;7802392.8
SELG;D;20140602;000000;5.439;5.85;5;5.726;1867000;10303248.6
SELG;D;20140603;000000;5.504;5.959;5.25;5.503;108500;603789.7
SELG;D;20140604;000000;5.135;5.937;5.05;5.656;532600;2907575.9
SELG;D;20140605;000000;5.6;5.786;5.551;5.63;19000;106957
SELG;D;20140606;000000;5.7;5.962;5.599;5.748;35900;206095.1
SELG;D;20140609;000000;5.939;5.939;5.689;5.818;800;4626.2
SELG;D;20140610;000000;5.879;5.9;5.551;5.648;6500;36583.3
SELG;D;20140611;000000;5.688;5.688;5.501;5.595;6600;36764.5
SELG;D;20140616;000000;5.507;5.9;5.1;5.416;895700;5253648.6
SELG;D;20140617;000000;5.399;5.538;5.383;5.538;37900;206612.3
SELG;D;20140618;000000;5.478;5.538;5.477;5.538;1600;8776.6
SELG;D;20140619;000000;5.52;5.97;5.403;5.884;933900;5554394
SELG;D;20140620;000000;5.818;5.85;5.56;5.8;21300;123192.8
SELG;D;20140623;000000;5.838;5.85;5.741;5.745;2100;12159.9
SELG;D;20140624;000000;5.657;5.88;5.505;5.799;70600;401027.5
SELG;D;20140625;000000;5.798;5.799;5.798;5.799;200;1159.7
SELG;D;20140626;000000;5.783;5.87;5.783;5.866;40600;236609.6
SELG;D;20140627;000000;5.656;5.995;5.5;5.887;29100;164668.5
SELG;D;20140630;000000;5.899;5.899;4.999;4.999;305500;1563653.6
SELG;D;20140701;000000;4.999;5.076;4.452;4.735;165300;767521.5
SELG;D;20140702;000000;4.702;5;4.348;4.83;447600;2201092.4
SELG;D;20140703;000000;4.869;4.919;4.804;4.808;5400;25975.5
SELG;D;20140704;000000;4.867;4.939;4.7;4.898;50600;240798.8
SELG;D;20140707;000000;4.772;4.95;4.501;4.935;53200;252586.7
SELG;D;20140708;000000;4.947;4.95;4.773;4.898;22100;107657.7
SELG;D;20140709;000000;5.02;5.02;4.756;4.8;9300;44884.2
SELG;D;20140710;000000;5.048;5.048;4.771;4.913;24800;120677.2
SELG;D;20140711;000000;5.214;5.214;4.81;4.81;21300;103635.5
SELG;D;20140714;000000;5.054;5.054;4.855;4.92;29400;143647.9
SELG;D;20140715;000000;4.917;4.92;4.863;4.915;5200;25530.3
SELG;D;20140716;000000;4.813;4.871;4.813;4.867;700;3403.4
SELG;D;20140717;000000;4.804;4.804;4.801;4.802;1100;5282
SELG;D;20140718;000000;4.898;4.898;4.804;4.848;1800;8674.7
SELG;D;20140721;000000;4.811;4.938;4.75;4.75;16400;79370.5
SELG;D;20140722;000000;4.705;4.768;4.55;4.639;34100;158018.2
SELG;D;20140723;000000;4.7;4.95;4.571;4.7;105700;493067
SELG;D;20140724;000000;4.73;4.85;4.7;4.85;3100;14662.1
SELG;D;20140725;000000;4.724;4.724;4.6;4.6;15400;70957.6
SELG;D;20140728;000000;4.652;4.652;4.349;4.4;48000;212787.4
SELG;D;20140729;000000;4.4;4.538;4.35;4.5;161900;722149.5
SELG;D;20140730;000000;4.5;4.74;4.403;4.55;26600;121604.3
SELG;D;20140731;000000;4.548;4.699;4.501;4.699;13800;63829.9
SELG;D;20140801;000000;4.687;4.688;4.5;4.688;25300;115238.4
SELG;D;20140804;000000;5.093;5.093;4.551;4.6;3200;14737
SELG;D;20140805;000000;5.074;5.074;4.45;4.547;16200;72555.6
SELG;D;20140806;000000;4.922;4.922;4.429;4.544;800;3649.1
SELG;D;20140807;000000;4.549;4.549;4.4;4.45;6500;28785.6
SELG;D;20140808;000000;4.449;4.45;4.202;4.25;259400;1117492.5
SELG;D;20140811;000000;4.253;4.274;4.102;4.149;33200;138855.4
SELG;D;20140812;000000;4.25;4.25;3.9;3.949;36700;147284.1
SELG;D;20140813;000000;4;4.05;3.756;3.756;113700;441956.9
SELG;D;20140814;000000;3.768;3.84;3.58;3.61;631300;2295942.9
SELG;D;20140815;000000;3.61;3.699;3.571;3.599;147700;534693.9
SELG;D;20140818;000000;3.647;3.669;3.5;3.519;306100;1076694.4
SELG;D;20140819;000000;3.577;3.811;3.499;3.599;274100;968298.1
SELG;D;20140820;000000;3.59;3.869;3.571;3.817;262000;971062.2
SELG;D;20140821;000000;3.8;4.8;3.7;4.031;618600;2475426.9
SELG;D;20140822;000000;3.962;4.455;3.961;4.45;164300;698110.8
SELG;D;20140825;000000;4.499;4.736;4.451;4.5;98300;449308.9
SELG;D;20140826;000000;4.569;4.739;4.5;4.572;22100;102724.2
SELG;D;20140827;000000;4.45;4.601;4.35;4.56;87500;397043.8
SELG;D;20140828;000000;4.56;4.599;4.201;4.261;40400;172680.2
SELG;D;20140829;000000;4.264;4.519;4.264;4.454;6300;27814.3
SELG;D;20140901;000000;4.415;4.788;4.414;4.652;203100;954934.9
SELG;D;20140903;000000;4.602;4.602;4.569;4.598;22100;101347.7
SELG;D;20140904;000000;4.699;4.778;4.598;4.598;12000;56939.2
SELG;D;20140905;000000;4.572;4.616;4.545;4.616;3400;15615.8
SELG;D;20140908;000000;4.616;4.616;4.552;4.598;2100;9611.6
SELG;D;20140909;000000;4.562;4.562;4.401;4.479;18400;81915.4
SELG;D;20140910;000000;4.419;4.798;4.3;4.7;211700;993771.5
SELG;D;20140911;000000;4.677;4.677;4.461;4.461;25000;114015.3
SELG;D;20140912;000000;4.426;4.426;4.26;4.399;24700;107797.2
SELG;D;20140915;000000;4.45;4.508;4.252;4.258;25200;108337.7
SELG;D;20140916;000000;4.224;4.23;4.201;4.217;18400;77521.3
SELG;D;20140917;000000;4.16;4.21;3.756;4.07;52000;203235.3
SELG;D;20140918;000000;4.08;4.097;4.05;4.05;9400;38105
SELG;D;20140919;000000;3.923;4.044;3.923;4.044;1000;3950.5
SELG;D;20140922;000000;4.004;4.004;3.898;3.898;22100;87621.4
SELG;D;20140923;000000;3.802;3.855;3.502;3.763;17000;62978.8
SELG;D;20140924;000000;3.897;4.086;3.801;3.947;10600;41258.5
SELG;D;20140925;000000;3.939;3.999;3.939;3.999;400;1587.5
SELG;D;20140926;000000;4.004;4.004;3.9;3.91;25800;101080.2
SELG;D;20140929;000000;3.931;3.989;3.879;3.925;1900;7457.8
SELG;D;20140930;000000;3.829;3.979;3.824;3.879;2000;7706.2
SELG;D;20141001;000000;3.835;3.84;3.8;3.815;11800;45047
SELG;D;20141002;000000;3.805;3.815;3.62;3.67;6000;22622
SELG;D;20141003;000000;3.79;3.995;3.7;3.885;20200;79277
SELG;D;20141006;000000;3.84;3.91;3.83;3.91;3500;13481.5
SELG;D;20141007;000000;3.9;4.17;3.89;4.085;31400;125937
SELG;D;20141008;000000;3.985;3.99;3.95;3.955;2800;11139
SELG;D;20141009;000000;4.015;4.015;4.005;4.005;1000;4010
SELG;D;20141010;000000;4.015;4.16;3.725;4.02;37800;154327
SELG;D;20141013;000000;3.925;4.04;3.91;3.94;4700;18540
SELG;D;20141014;000000;3.99;3.995;3.99;3.995;200;798.5
SELG;D;20141015;000000;3.92;3.93;3.805;3.885;18100;69115.5
SELG;D;20141016;000000;3.86;3.99;3.86;3.99;15900;62282
SELG;D;20141017;000000;3.95;4.12;3.51;3.99;12600;48754
SELG;D;20141020;000000;4.015;4.015;3.995;4;1600;6400.5
SELG;D;20141021;000000;4;4.025;3.94;4.025;6400;25628
SELG;D;20141022;000000;4.04;4.1;4.04;4.1;1500;6099.5
SELG;D;20141023;000000;4.105;4.12;3.85;3.95;14500;57493.5
SELG;D;20141024;000000;3.905;4;3.83;3.955;9600;37914.5
SELG;D;20141027;000000;3.955;3.99;3.86;3.99;3100;12244.5
SELG;D;20141028;000000;3.935;4.38;3.9;4.11;16400;68266
SELG;D;20141029;000000;4;4.065;3.55;4;36500;141521.5
SELG;D;20141030;000000;4.01;4.01;3.925;3.99;5500;21837.5
SELG;D;20141031;000000;3.99;4;3.99;4;4400;17594
SELG;D;20141103;000000;4.3;4.3;4;4;8200;35200
SELG;D;20141105;000000;3.97;4.015;3.96;3.98;1700;6781
SELG;D;20141106;000000;4.005;4.005;3.65;3.66;95900;360902
SELG;D;20141107;000000;3.695;3.74;3.695;3.7;23400;86752
SELG;D;20141110;000000;3.7;3.825;3.7;3.825;35600;133160.5
SELG;D;20141111;000000;3.825;3.9;3.825;3.9;1800;6945
SELG;D;20141112;000000;3.81;3.955;3.64;3.905;31600;122892.5
SELG;D;20141113;000000;3.895;4.4;3.895;4.16;62200;264362
SELG;D;20141114;000000;4.09;4.225;4.03;4.1;5100;21176.5
SELG;D;20141117;000000;4.075;4.075;3.9;4.04;55600;220502
SELG;D;20141118;000000;3.985;4.375;3.97;4.36;2228900;9567566.5
SELG;D;20141119;000000;4.37;4.395;4.285;4.285;32500;142732
SELG;D;20141120;000000;4.255;4.4;4;4.395;1361100;5978565
SELG;D;20141121;000000;4.285;4.315;4.25;4.315;700;2988.5
SELG;D;20141124;000000;4.335;4.395;4.31;4.31;1600;6991.5
SELG;D;20141125;000000;4.255;4.395;4.24;4.39;5500;24113
SELG;D;20141126;000000;4.395;4.4;4.38;4.39;15700;69014
SELG;D;20141127;000000;4.28;4.285;4.08;4.225;5400;22715
SELG;D;20141128;000000;4.2;4.245;4.2;4.245;1600;6738
SELG;D;20141201;000000;4.215;4.215;4;4.005;13900;56553.5
SELG;D;20141202;000000;4.095;4.18;4.095;4.18;1900;7889
SELG;D;20141203;000000;4.15;4.195;4;4.195;5600;22854.5
SELG;D;20141204;000000;4.135;4.195;4.135;4.195;1300;5423.5
SELG;D;20141205;000000;4.155;4.155;4.05;4.15;6900;28178.5
SELG;D;20141208;000000;4.03;4.03;3.905;3.905;5700;22813
SELG;D;20141209;000000;4.01;4.44;3.8;4;108200;450531
SELG;D;20141210;000000;4;4.18;3.92;4;6000;24057
SELG;D;20141211;000000;4.005;4.005;2.5;3.8;46200;161846.5
SELG;D;20141212;000000;3.71;3.815;3.55;3.8;11200;41654.5
SELG;D;20141215;000000;3.495;3.745;3.495;3.745;5400;19773
SELG;D;20141216;000000;3.605;3.835;3.01;3.525;25900;88113.5
SELG;D;20141217;000000;3.69;3.695;3.69;3.695;300;1108
SELG;D;20141218;000000;3.74;4.07;3.66;3.9;10300;39572.5
SELG;D;20141219;000000;3.91;3.91;3.82;3.82;8900;34750.5
SELG;D;20141222;000000;3.97;3.975;3.6;3.85;3000;11323.5
SELG;D;20141223;000000;3.73;3.735;3.34;3.535;37800;138712
SELG;D;20141224;000000;3.51;3.585;3.405;3.405;191100;669610
SELG;D;20141225;000000;3.4;3.54;3.3;3.45;95800;325199
SELG;D;20141226;000000;3.495;4.82;3.495;4.82;20398300;72369653
SELG;D;20141229;000000;5.4;6.675;5;5.22;343400;1972031
SELG;D;20141230;000000;6.35;6.35;4.495;4.77;130000;632126.5
SELG;D;20150105;000000;4.99;4.99;4.08;4.595;200200;885828.5
SELG;D;20150106;000000;4.435;4.96;4.23;4.5;125000;554211.5
SELG;D;20150108;000000;4.495;4.77;4.415;4.595;101000;458978
SELG;D;20150109;000000;4.605;4.605;4.47;4.555;1300;5926
SELG;D;20150112;000000;4.55;4.92;4.35;4.65;129600;579814
SELG;D;20150113;000000;4.425;4.83;4.315;4.695;16900;75665
SELG;D;20150114;000000;4.79;4.79;4.275;4.48;205700;895879
SELG;D;20150115;000000;4.34;4.34;4.06;4.305;183200;771361.5
SELG;D;20150116;000000;3.66;4.3;3.66;4.275;57200;227143.5
SELG;D;20150119;000000;4.35;4.36;4.345;4.345;700;3047.5
SELG;D;20150120;000000;4.34;4.34;4.2;4.25;5300;22414.5
SELG;D;20150121;000000;4.25;4.25;3.81;3.935;226400;899351
SELG;D;20150122;000000;3.87;4.37;3.6;4.085;20420400;73820771
SELG;D;20150123;000000;4.125;4.265;3.87;3.98;181500;720844.5
SELG;D;20150126;000000;3.91;3.955;3.87;3.945;23700;92385
SELG;D;20150127;000000;3.86;4.02;3.805;4.015;38000;150708
SELG;D;20150128;000000;3.94;4.08;3.93;3.96;39400;156100
SELG;D;20150129;000000;3.955;3.965;3.84;3.9;30700;119974
SELG;D;20150130;000000;3.94;3.95;3.88;3.92;16200;62996
SELG;D;20150202;000000;3.92;3.975;3.83;3.85;34500;133866.5
SELG;D;20150203;000000;3.945;4.005;3.8;3.835;77100;299431.5
SELG;D;20150204;000000;3.895;3.965;3.805;3.855;65900;257581
SELG;D;20150205;000000;3.87;3.965;3.82;3.915;34800;135124
SELG;D;20150206;000000;3.91;3.93;3.815;3.88;82500;319592.5
SELG;D;20150209;000000;3.875;3.985;3.835;3.855;87400;339366
SELG;D;20150210;000000;3.875;4.42;3.86;4.15;1104000;4586526.5
SELG;D;20150211;000000;4.2;4.29;3.92;4.095;431400;1743031
SELG;D;20150212;000000;4.015;4.1;3.85;3.91;462900;1824423.5
SELG;D;20150213;000000;3.895;4.135;3.895;3.935;131900;526153.5
SELG;D;20150216;000000;3.92;4.05;3.865;3.995;296700;1173243.5
SELG;D;20150217;000000;3.965;3.995;3.9;3.945;91300;360918
SELG;D;20150218;000000;3.945;4;3.86;3.995;120100;476979.5
SELG;D;20150219;000000;4;4.15;3.9;3.98;462200;1832951
SELG;D;20150220;000000;3.955;4.085;3.94;4.035;60200;242307
SELG;D;20150224;000000;3.95;4.065;3.91;4;171600;682020
SELG;D;20150225;000000;4;4.55;3.965;4.125;667000;2905978
SELG;D;20150226;000000;4.145;5.7;4.145;4.895;1376200;7022556
SELG;D;20150227;000000;5.375;5.375;4.1;4.615;758500;3576778.5
SELG;D;20150302;000000;4.785;4.805;4.4;4.55;76800;346004.5
SELG;D;20150303;000000;4.515;4.58;4.315;4.445;83300;368886
SELG;D;20150304;000000;4.465;4.575;4.375;4.41;24200;106931
SELG;D;20150305;000000;4.495;4.75;4.4;4.445;117100;530639
SELG;D;20150306;000000;4.495;5.25;4.495;4.985;146000;716765
SELG;D;20150310;000000;4.79;5.095;4.305;4.49;85500;390284
SELG;D;20150311;000000;4.48;4.59;4.435;4.44;25000;112210.5
SELG;D;20150312;000000;4.505;4.58;4.4;4.475;23300;104217.5
SELG;D;20150313;000000;4.5;4.645;4.325;4.435;9700;43394.5
SELG;D;20150316;000000;4.415;4.425;3.855;4.17;333900;1351413
SELG;D;20150317;000000;4.195;4.2;4.105;4.2;9500;39275.5
SELG;D;20150318;000000;4.2;4.2;4.035;4.185;31400;130710
SELG;D;20150319;000000;4.2;4.25;4.185;4.185;107900;451988
SELG;D;20150320;000000;4.185;4.22;4.15;4.155;16100;67533.5
SELG;D;20150323;000000;4.195;4.76;4.195;4.335;186000;810531
SELG;D;20150324;000000;4.285;4.47;4.16;4.295;128000;550183
SELG;D;20150325;000000;4.65;4.65;4.215;4.295;5200;22399.5
SELG;D;20150326;000000;4.225;4.535;4.22;4.335;84700;370962.5
SELG;D;20150327;000000;4.28;4.65;4.28;4.48;69300;308938.5
SELG;D;20150330;000000;4.445;4.65;4.345;4.445;29000;131171.5
SELG;D;20150331;000000;4.41;4.55;4.285;4.38;50700;224667.5
SELG;D;20150401;000000;4.35;4.455;4.3;4.4;73200;317355.5
SELG;D;20150402;000000;4.4;4.4;4.31;4.37;11300;49038
SELG;D;20150403;000000;4.32;4.32;4.19;4.23;25600;108331.5
SELG;D;20150406;000000;4.295;4.93;4.15;4.77;331500;1506529.5
SELG;D;20150407;000000;4.515;4.6;4.2;4.44;51000;224452.5
SELG;D;20150408;000000;4.43;4.43;4.25;4.32;39200;169438
SELG;D;20150409;000000;4.215;4.425;4.215;4.26;104100;453101
SELG;D;20150410;000000;4.705;4.715;4.22;4.3;36700;162759.5
SELG;D;20150413;000000;4.37;4.4;4.26;4.4;10800;46624.5
SELG;D;20150414;000000;4.335;4.425;4.225;4.3;111000;469711.5
SELG;D;20150415;000000;4.3;4.3;4.2;4.25;33400;141291
SELG;D;20150416;000000;4.25;4.25;4.025;4.13;327900;1342879
SELG;D;20150417;000000;4.145;4.15;4.05;4.125;28800;118576
SELG;D;20150420;000000;4.115;4.14;4.1;4.13;5700;23522.5
SELG;D;20150421;000000;4.12;4.125;4.12;4.125;1400;5770
SELG;D;20150422;000000;4.1;4.15;4.075;4.075;20200;83309
SELG;D;20150423;000000;4.15;4.15;4.04;4.095;21800;88357
SELG;D;20150424;000000;4.04;4.1;4.035;4.04;54400;220016.5
SELG;D;20150427;000000;4.1;4.175;4.075;4.1;17900;73277.5
SELG;D;20150428;000000;4.095;4.095;4.07;4.09;8600;35164.5
SELG;D;20150429;000000;4.11;4.145;4.09;4.145;57900;237738.5
SELG;D;20150430;000000;4.125;4.14;4.075;4.095;29200;119700.5
SELG;D;20150505;000000;4.1;4.355;4.1;4.195;96900;407452
SELG;D;20150506;000000;4.155;4.23;4.15;4.2;6900;28940
SELG;D;20150507;000000;4.175;4.175;4.085;4.09;25000;102457.5
SELG;D;20150508;000000;4.09;4.14;4.09;4.095;15600;63977.5
SELG;D;20150512;000000;4.125;4.125;4;4.09;33000;133434.5
SELG;D;20150513;000000;3.955;4.125;3.955;4.11;13100;53466.5
SELG;D;20150514;000000;4.125;4.125;4.11;4.115;1600;6584.5
SELG;D;20150515;000000;4.11;4.19;3.005;4.15;81400;318588.5
SELG;D;20150518;000000;4.095;4.16;4.095;4.16;1100;4556.5
SELG;D;20150519;000000;4.1;4.15;4.01;4.15;3700;15092
SELG;D;20150520;000000;4.095;4.295;4.095;4.095;1000;4131.5
SELG;D;20150521;000000;4.055;4.15;3.93;4.14;11700;47271
SELG;D;20150522;000000;4.42;4.42;4.02;4.08;5400;22208
SELG;D;20150525;000000;4.09;4.15;3.985;4.02;42400;172900.5
SELG;D;20150526;000000;4.035;4.065;4.015;4.03;3100;12490.5
SELG;D;20150527;000000;4.08;4.11;4.05;4.11;5300;21634
SELG;D;20150528;000000;4.055;4.08;4;4.075;30500;122206
SELG;D;20150529;000000;4.04;4.11;4;4.09;27200;108970.5
SELG;D;20150601;000000;4.07;4.08;4.045;4.045;400;1627
SELG;D;20150602;000000;4.02;4.05;3.985;4.05;5800;23175.5
SELG;D;20150603;000000;4.04;4.1;4;4.05;19900;79693
SELG;D;20150604;000000;4.01;4.04;3.985;4.04;6300;25213.5
SELG;D;20150605;000000;4.01;4.075;3.995;4.05;12000;48070
SELG;D;20150608;000000;4.005;4.06;3.975;4.05;8100;32412
SELG;D;20150609;000000;4.005;4.045;3.9;4.03;31600;123993.5
SELG;D;20150610;000000;4.005;4.035;4.005;4.035;200;804
SELG;D;20150611;000000;4.04;4.1;4;4.07;12200;49020.5
SELG;D;20150615;000000;4.075;4.1;4.01;4.09;7400;29741
SELG;D;20150616;000000;4.055;4.09;4.055;4.09;300;1222
SELG;D;20150617;000000;4.015;4.04;3.985;4.015;2800;11208.5
SELG;D;20150618;000000;4.04;4.285;4.03;4.1;185600;758867.5
SELG;D;20150619;000000;4.1;4.165;4.095;4.165;26500;109376.5
SELG;D;20150622;000000;4.065;4.085;4.02;4.085;6300;25434.5
SELG;D;20150623;000000;4.07;4.09;4.07;4.09;400;1634
SELG;D;20150624;000000;4.03;4.065;4.03;4.035;300;1213
SELG;D;20150625;000000;4.095;4.115;4.095;4.115;145000;594542
SELG;D;20150626;000000;4.13;4.3;4.115;4.2;64600;271526
SELG;D;20150629;000000;4.19;4.205;4.1;4.15;60100;248513
SELG;D;20150630;000000;4.15;4.23;4.11;4.11;86500;357851
SELG;D;20150701;000000;4.125;4.135;4.09;4.09;30400;124887.5
SELG;D;20150702;000000;4.115;4.115;4.005;4.045;18900;75978.5
SELG;D;20150703;000000;4.025;4.095;4.02;4.095;2300;9254
SELG;D;20150706;000000;4.025;4.025;4.015;4.02;900;3617.5
SELG;D;20150707;000000;4.05;4.055;4.015;4.05;80400;325564.5
SELG;D;20150708;000000;4.01;4.015;4.01;4.01;300;1203.5
SELG;D;20150709;000000;4.08;4.09;4.005;4.09;500;2034.5
SELG;D;20150710;000000;4.07;4.075;4.07;4.075;400;1629.5
SELG;D;20150713;000000;4.02;4.02;3.955;4.02;1500;5991
SELG;D;20150714;000000;4.08;4.085;4;4.005;2100;8442.5
SELG;D;20150715;000000;4.05;4.055;3.965;4.005;2100;8398.5
SELG;D;20150716;000000;4;4.135;3.955;4.135;129200;529462
SELG;D;20150717;000000;4.1;4.27;4.1;4.19;456500;1939269
SELG;D;20150720;000000;4.245;4.36;4.245;4.3;800;3438.5
SELG;D;20150721;000000;4.215;4.25;4.085;4.23;13300;55230
SELG;D;20150722;000000;4.25;4.285;4.185;4.22;3400;14439.5
SELG;D;20150723;000000;4.2;4.2;4.2;4.2;200;840
SELG;D;20150724;000000;4.155;4.16;4.125;4.16;800;3319.5
SELG;D;20150727;000000;4.235;4.235;4.105;4.105;400;1670.5
SELG;D;20150728;000000;4.125;4.125;4.055;4.065;2600;10605.5
SELG;D;20150729;000000;4.045;4.18;4.015;4.18;1900;7736.5
SELG;D;20150730;000000;4.09;4.09;4.065;4.065;400;1633
SELG;D;20150731;000000;4.16;4.16;4.03;4.055;3700;14955
SELG;D;20150803;000000;4.07;4.07;3.99;4;39900;159733
SELG;D;20150804;000000;4.03;4.04;3.98;4;3400;13622
SELG;D;20150805;000000;4.04;4.08;3.99;4.08;8500;34380
SELG;D;20150806;000000;4.04;4.04;3.95;4.02;4200;16760
SELG;D;20150807;000000;4.06;4.06;3.91;3.98;18200;72730
SELG;D;20150810;000000;4.03;4.04;4.03;4.04;1000;4034
SELG;D;20150811;000000;4.05;4.05;3.98;3.98;800;3228
SELG;D;20150812;000000;3.97;4.06;3.96;4.04;13500;54138
SELG;D;20150813;000000;4.03;4.03;4;4.03;4400;17702
SELG;D;20150814;000000;4.03;4.04;4;4;3100;12453
SELG;D;20150817;000000;3.98;4;3.94;4;13000;51528
SELG;D;20150818;000000;3.96;4.02;3.96;4.02;9400;37540
SELG;D;20150819;000000;4;4;4;4;700;2800
SELG;D;20150820;000000;3.99;4.01;3.94;3.98;4500;17867
SELG;D;20150821;000000;4.02;4.19;4.02;4.15;11800;48525
SELG;D;20150824;000000;4.06;4.1;3.72;3.99;20600;81319
SELG;D;20150825;000000;4.09;4.2;4.09;4.1;60200;249227
SELG;D;20150826;000000;4.14;4.15;4.03;4.03;1700;7013
SELG;D;20150827;000000;4.03;4.03;4;4.02;2400;9625
SELG;D;20150828;000000;4.05;4.07;4.05;4.06;500;2030
SELG;D;20150831;000000;4.12;4.14;4.03;4.12;3400;13899
SELG;D;20150901;000000;4.14;4.14;4.04;4.04;5200;21368
SELG;D;20150902;000000;4.05;4.14;4.04;4.11;8400;34489
SELG;D;20150903;000000;4.11;4.12;4.11;4.12;1300;5354
SELG;D;20150904;000000;4.12;4.12;4.08;4.08;300;1229
SELG;D;20150907;000000;4.1;4.1;4.02;4.03;3100;12553
SELG;D;20150908;000000;4.08;4.08;4.08;4.08;300;1224
SELG;D;20150909;000000;4.09;4.14;4.09;4.1;1400;5767
SELG;D;20150910;000000;4.09;4.1;4.09;4.1;2300;9424
SELG;D;20150911;000000;4.09;4.1;4.02;4.09;10000;40684
SELG;D;20150914;000000;4.09;4.3;4.09;4.15;817000;3378671
SELG;D;20150915;000000;4.17;4.2;4.07;4.15;64700;267636
SELG;D;20150916;000000;4.11;4.11;4.06;4.06;2400;9782
SELG;D;20150917;000000;4.14;4.14;4.08;4.13;300;1235
SELG;D;20150918;000000;4.1;4.13;4;4.06;16100;65126
SELG;D;20150921;000000;4.08;4.08;4.07;4.07;200;815
SELG;D;20150922;000000;4.01;4.04;3.92;4.03;5100;20286
SELG;D;20150923;000000;4.01;4.01;3.91;4.01;3600;14257
SELG;D;20150924;000000;3.96;4;3.95;4;1500;5973
SELG;D;20150925;000000;3.95;4;3.9;3.95;7700;30462
SELG;D;20150928;000000;3.93;4.04;3.93;4.03;2000;7945
SELG;D;20150929;000000;4.02;4.02;4.02;4.02;100;402
SELG;D;20150930;000000;3.98;3.98;3.98;3.98;100;398
SELG;D;20151001;000000;3.95;3.95;3.9;3.9;4500;17576
SELG;D;20151002;000000;3.97;3.97;3.8;3.91;23800;91336
SELG;D;20151005;000000;3.93;3.98;3.78;3.91;5600;21868
SELG;D;20151006;000000;3.94;4.08;3.8;3.85;56600;218249
SELG;D;20151007;000000;3.9;4.09;3.74;3.8;28000;106327
SELG;D;20151008;000000;3.8;3.82;3.8;3.82;4100;15636
SELG;D;20151009;000000;3.84;3.84;3.8;3.83;3900;14865
SELG;D;20151012;000000;3.81;3.84;3.8;3.83;3500;13335
SELG;D;20151013;000000;3.78;3.98;3.77;3.86;25300;99115
SELG;D;20151014;000000;3.88;4.29;3.77;4.11;179200;726251
SELG;D;20151015;000000;4.12;4.42;4;4.13;415000;1739744
SELG;D;20151016;000000;4.07;4.17;4.04;4.1;38300;156246
SELG;D;20151019;000000;4.14;4.15;3.94;4;52200;209591
SELG;D;20151020;000000;4.02;4.13;4;4.1;152900;616484
SELG;D;20151021;000000;4.1;4.12;3.92;4.04;70900;283350
SELG;D;20151022;000000;3.95;4.04;3.9;4;59000;234904
SELG;D;20151023;000000;4;4.06;3.97;4.01;25400;101718
SELG;D;20151026;000000;4.01;4.08;3.92;4.01;14600;58426
SELG;D;20151027;000000;3.99;4.05;3.99;4;12800;51329
SELG;D;20151028;000000;4.01;4.05;3.94;4.01;208700;834395
SELG;D;20151029;000000;4.09;4.19;4.08;4.14;112200;463674
SELG;D;20151030;000000;4.07;4.07;3.99;4.05;5900;23581
SELG;D;20151102;000000;3.98;4.08;3.95;3.96;48000;190481
SELG;D;20151103;000000;4.04;4.15;4;4.03;9300;37603
SELG;D;20151105;000000;4.03;4.17;4.01;4.01;289200;1196703
SELG;D;20151106;000000;4.06;4.09;4.03;4.04;2900;11748
SELG;D;20151109;000000;4.04;4.04;4;4.02;15800;63425
SELG;D;20151110;000000;4.03;4.06;4;4;24200;97011
SELG;D;20151111;000000;4;4.01;3.99;4.01;12300;49137
SELG;D;20151112;000000;4;4.01;3.97;3.97;25700;102334
SELG;D;20151113;000000;3.97;4.07;3.96;4.01;27800;111889
SELG;D;20151116;000000;4.01;4.08;3.76;3.94;54500;212620
SELG;D;20151117;000000;3.96;4.05;3.95;4.04;82700;332763
SELG;D;20151118;000000;4.06;4.1;3.95;3.95;73800;299091
SELG;D;20151119;000000;3.99;4.05;3.99;4;8200;32980
SELG;D;20151120;000000;4.01;4.01;3.9;3.9;20800;81405
SELG;D;20151123;000000;3.93;4.02;3.74;3.95;52700;208909
SELG;D;20151124;000000;4;4;3.94;3.96;5600;22344
SELG;D;20151125;000000;3.93;3.93;3.86;3.87;9500;36860
SELG;D;20151126;000000;3.9;4.22;3.85;3.99;213900;846703
SELG;D;20151127;000000;3.93;4.72;3.91;4.5;1085000;4723582
SELG;D;20151130;000000;4.49;4.8;4.04;4.76;483300;2151501
SELG;D;20151201;000000;4.53;6.7;4.53;6.4;1470300;8859459
SELG;D;20151202;000000;6.4;6.7;5.31;5.77;977000;5940740
SELG;D;20151203;000000;5.86;8.8;5.83;6.94;2118600;15005038
SELG;D;20151204;000000;7;7.44;5.61;5.77;831000;5373249
SELG;D;20151207;000000;5.8;6.93;5.51;5.62;443800;2647371
SELG;D;20151208;000000;5.63;8.3;5.63;7.3;26083300;173697568
SELG;D;20151209;000000;7.3;7.85;6.63;6.78;931200;6618953
SELG;D;20151210;000000;6.98;7.4;5.7;6.67;1159700;7634205
SELG;D;20151211;000000;6.61;6.99;6.11;6.25;246900;1583090
SELG;D;20151214;000000;6.35;6.49;5.71;5.93;333200;1978336
SELG;D;20151215;000000;6.1;6.22;5.93;6;168400;1018428
SELG;D;20151216;000000;6.26;6.79;5.83;6.02;458000;2909291
SELG;D;20151217;000000;6.03;7;6.03;6.13;225200;1483926
SELG;D;20151218;000000;6.08;6.36;6.08;6.2;63800;397098
SELG;D;20151221;000000;6.14;6.79;6.12;6.48;175300;1138028
SELG;D;20151222;000000;6.47;6.68;6.12;6.15;199300;1242144
SELG;D;20151223;000000;6.2;6.49;5.76;5.96;850600;5145698
SELG;D;20151224;000000;5.86;6.1;5.2;5.39;2994300;17019192
SELG;D;20151225;000000;5.39;5.49;5.14;5.25;240600;1260198
SELG;D;20151228;000000;5.19;5.32;5.1;5.2;95300;497971
SELG;D;20151229;000000;5.22;5.34;4.98;5.12;191200;980329
SELG;D;20151230;000000;5.18;5.2;5.01;5.01;104100;531166
SELG;D;20160104;000000;5.04;5.29;5;5.15;69100;354392
SELG;D;20160105;000000;5.14;5.22;5.06;5.08;43400;223290
SELG;D;20160106;000000;5.12;5.2;5;5.14;48400;245817
SELG;D;20160111;000000;5.07;5.12;4.93;5;57800;290372
SELG;D;20160112;000000;5.01;5.01;4.82;4.97;82500;407806
SELG;D;20160113;000000;4.99;5.04;4.83;4.98;58500;288179
SELG;D;20160114;000000;4.9;4.9;4.5;4.63;217900;1011756
SELG;D;20160115;000000;4.59;4.59;4.3;4.45;285700;1266273
SELG;D;20160118;000000;4.41;4.97;4.08;4.79;208200;956105
SELG;D;20160119;000000;4.82;5.06;4.5;4.83;110800;531873
SELG;D;20160120;000000;4.82;5.44;4.5;4.54;239100;1143744
SELG;D;20160121;000000;4.6;4.76;4.5;4.57;62100;286385
SELG;D;20160122;000000;4.59;4.62;4.38;4.49;147300;655915
SELG;D;20160125;000000;4.5;4.7;4.48;4.51;72100;328884
SELG;D;20160126;000000;4.51;4.6;4.5;4.54;21300;96625
SELG;D;20160127;000000;4.51;4.57;4.22;4.45;59400;262050
SELG;D;20160128;000000;4.48;4.57;4.25;4.39;116300;507813
SELG;D;20160129;000000;4.39;4.78;4.36;4.52;123600;563898
SELG;D;20160201;000000;4.53;4.69;4.42;4.55;67000;303806
SELG;D;20160202;000000;4.51;5.15;4.43;4.79;834900;4076424
SELG;D;20160203;000000;4.84;4.99;4.52;4.83;158100;757438
SELG;D;20160204;000000;4.84;4.98;4.62;4.84;181300;885729
SELG;D;20160205;000000;4.79;5.38;4.63;5.12;15129200;72767244
SELG;D;20160208;000000;5.17;5.39;4.98;5.05;183500;947073
SELG;D;20160209;000000;5.05;5.19;4.98;5.09;79100;400568
SELG;D;20160210;000000;5.01;5.4;5;5.12;120800;624943
SELG;D;20160211;000000;5.07;5.12;4.85;5.04;7367400;35756015
SELG;D;20160212;000000;5;5.2;5;5.03;43200;222717
SELG;D;20160215;000000;5.04;5.13;5.04;5.05;8400;42502
SELG;D;20160216;000000;5.06;5.18;4.98;5.15;32900;166310
SELG;D;20160217;000000;5.04;5.2;5;5.2;61200;312040
SELG;D;20160218;000000;5.2;5.25;5.04;5.05;32800;167869
SELG;D;20160219;000000;5.05;5.25;5.05;5.16;25700;132513
SELG;D;20160220;000000;5.2;10.31;5.19;10.31;4447500;34591042
SELG;D;20160222;000000;10.98;13.63;8.2;8.79;4948100;52475739
SELG;D;20160224;000000;8.8;9.99;8.49;8.6;1412600;12831994
SELG;D;20160225;000000;8.57;8.88;8.12;8.5;864700;7326621
SELG;D;20160226;000000;8.33;8.68;7.32;7.66;1487500;11732175
SELG;D;20160229;000000;7.59;7.7;6.72;6.95;1264600;8887083
SELG;D;20160301;000000;6.95;8.65;6.95;8.21;2606500;20934337
SELG;D;20160302;000000;8.23;8.68;7.52;7.74;1893200;14933708
SELG;D;20160303;000000;7.77;8.2;7.52;7.79;1020000;7921501
SELG;D;20160304;000000;7.8;8.46;7.68;8.01;1309500;10436660
SELG;D;20160307;000000;8.14;8.4;7.8;7.95;571300;4573836
SELG;D;20160309;000000;7.96;10.22;7.7;9.49;3711900;33450422
SELG;D;20160310;000000;9.6;9.79;8.3;8.99;3423100;30616491
SELG;D;20160311;000000;9.09;9.43;8.51;8.61;2306500;20521306
SELG;D;20160314;000000;8.52;8.62;7.81;7.9;2134100;17169100
SELG;D;20160315;000000;7.95;7.99;7.13;7.43;1282900;9655429
SELG;D;20160316;000000;7.31;8;7.15;7.52;974900;7350297
SELG;D;20160317;000000;7.72;7.94;7.34;7.57;520000;3971925
SELG;D;20160318;000000;7.54;7.81;7.33;7.61;357400;2691250
SELG;D;20160321;000000;7.46;7.55;7.27;7.38;282300;2082836
SELG;D;20160322;000000;7.31;7.41;7.16;7.19;337900;2453516
SELG;D;20160323;000000;7.15;8.1;6.85;7.22;1664500;12540857
SELG;D;20160324;000000;7.16;7.28;6.5;6.85;2065300;14256888
SELG;D;20160325;000000;6.91;7.18;6.67;6.86;557100;3834563
SELG;D;20160328;000000;6.98;7;6.75;6.9;206000;1416569
SELG;D;20160329;000000;6.88;6.99;6.61;6.79;244400;1648967
SELG;D;20160330;000000;6.79;7.65;6.79;7.02;1228100;8927128
SELG;D;20160331;000000;7.2;7.43;6.8;6.9;345300;2425595
SELG;D;20160401;000000;6.83;6.92;6.7;6.88;289700;1961245
SELG;D;20160404;000000;6.91;6.95;6.7;6.71;156500;1054256
SELG;D;20160405;000000;6.72;6.9;6.54;6.8;183000;1230068
SELG;D;20160406;000000;6.75;7.28;6.61;6.9;596700;4138307
SELG;D;20160407;000000;6.93;7;6.7;6.98;343400;2344159
SELG;D;20160408;000000;6.93;7.04;6.78;6.86;82700;574482
SELG;D;20160411;000000;6.99;7.2;6.79;7.1;310800;2169081
SELG;D;20160412;000000;7.04;7.29;7.02;7.16;311500;2237378
SELG;D;20160413;000000;7.2;7.49;7.16;7.46;358800;2650364
SELG;D;20160414;000000;7.58;7.94;7.28;7.31;334200;2551998
SELG;D;20160415;000000;7.32;7.38;7.05;7.06;225600;1618363
SELG;D;20160418;000000;7.04;7.14;6.96;7.12;207200;1457473
SELG;D;20160419;000000;7.16;7.19;7;7.07;96500;682051
SELG;D;20160420;000000;7.12;7.75;7.06;7.44;744200;5554545
SELG;D;20160421;000000;7.4;7.41;7.1;7.24;259700;1886216
SELG;D;20160422;000000;7.12;7.54;7.12;7.37;284400;2091293
SELG;D;20160425;000000;7.33;7.43;7.14;7.16;257000;1855777
SELG;D;20160426;000000;7.15;7.3;7.11;7.15;103300;743791
SELG;D;20160427;000000;7.23;7.23;7.05;7.15;96700;685916
SELG;D;20160428;000000;7.19;8.53;7.1;7.72;6549700;49298846
SELG;D;20160429;000000;7.64;7.9;7.31;7.41;4806700;35979925
SELG;D;20160504;000000;7.38;7.63;7.26;7.37;266400;1971818
SELG;D;20160505;000000;7.39;7.5;7.25;7.26;117300;857186
SELG;D;20160506;000000;7.22;7.32;7.12;7.3;110400;793843
SELG;D;20160510;000000;7.19;7.19;7.1;7.13;131900;938572
SELG;D;20160511;000000;7.11;7.23;6.97;7.15;452900;3196461
SELG;D;20160512;000000;7.06;7.22;7;7.12;78400;557071
SELG;D;20160513;000000;7.09;7.09;6.97;6.98;101400;710215
SELG;D;20160516;000000;6.99;7.7;6.92;7.16;6518500;48197982
SELG;D;20160517;000000;7.21;7.55;7.11;7.47;411100;3047069
SELG;D;20160518;000000;7.47;7.88;7.39;7.65;508000;3893551
SELG;D;20160519;000000;7.81;7.9;7.35;7.36;268500;1999117
SELG;D;20160520;000000;7.39;7.79;7.16;7.48;249700;1877236
SELG;D;20160523;000000;7.41;7.78;7.41;7.51;162400;1240357
SELG;D;20160524;000000;7.55;7.55;7.28;7.41;118600;871465
SELG;D;20160525;000000;7.35;7.54;7.3;7.44;95200;706510
SELG;D;20160526;000000;7.37;7.77;7.25;7.5;469000;3497079
SELG;D;20160527;000000;7.41;7.67;7.4;7.67;797600;6070500
SELG;D;20160530;000000;7.68;8.69;7.68;7.77;1318400;10540372
SELG;D;20160531;000000;7.79;7.88;7.64;7.88;72700;561940
SELG;D;20160601;000000;7.8;7.95;7.67;7.82;37000;290222
SELG;D;20160602;000000;7.83;7.9;7.44;7.56;101000;767241
SELG;D;20160603;000000;7.46;7.88;7.25;7.49;497600;3765294
SELG;D;20160606;000000;7.53;7.57;7.32;7.37;235400;1730101
SELG;D;20160607;000000;7.41;7.66;7.37;7.5;265000;1981226
SELG;D;20160608;000000;7.54;7.55;7.37;7.39;39800;296594
SELG;D;20160609;000000;7.36;7.71;7.35;7.63;258200;1946004
SELG;D;20160610;000000;7.59;7.59;7.36;7.4;134400;996743
SELG;D;20160614;000000;7.49;7.99;7.38;7.54;160100;1221207
SELG;D;20160615;000000;7.64;7.65;7.4;7.43;32200;240867
SELG;D;20160616;000000;7.56;7.57;7.32;7.38;75900;565900
SELG;D;20160617;000000;7.4;7.57;7.35;7.49;141200;1047701
SELG;D;20160620;000000;7.43;7.46;7.35;7.4;40400;299498
SELG;D;20160621;000000;7.39;7.45;7.32;7.43;39500;290281
SELG;D;20160622;000000;7.4;7.47;7.25;7.34;210700;1545868
SELG;D;20160623;000000;7.4;7.55;7.3;7.39;103700;767289
SELG;D;20160624;000000;7.48;7.69;7.42;7.46;220200;1658766
SELG;D;20160627;000000;7.53;7.62;7.5;7.56;53000;400217
SELG;D;20160628;000000;7.53;7.58;7.37;7.4;21900;162828
SELG;D;20160629;000000;7.48;7.48;7.35;7.45;73200;539825
SELG;D;20160630;000000;7.47;7.49;7.3;7.38;122700;903572
SELG;D;20160701;000000;7.35;7.58;7.2;7.4;281200;2058337
SELG;D;20160704;000000;7.4;7.51;7.3;7.5;34100;252390
SELG;D;20160705;000000;7.47;7.48;7.3;7.48;81000;596869
SELG;D;20160706;000000;7.46;7.79;7.4;7.61;289700;2203201
SELG;D;20160707;000000;7.78;7.78;7.52;7.67;70100;533121
SELG;D;20160708;000000;7.57;7.68;7.55;7.6;34500;262938
SELG;D;20160711;000000;7.6;7.62;7.5;7.6;85600;647956
SELG;D;20160712;000000;7.58;7.61;7.56;7.61;180500;1371359
SELG;D;20160713;000000;7.59;7.61;7.56;7.6;73300;555678
SELG;D;20160714;000000;7.62;7.68;7.5;7.59;114900;866543
SELG;D;20160715;000000;7.56;7.63;7.56;7.62;121500;921241
SELG;D;20160718;000000;7.6;7.7;7.6;7.62;22900;175418
SELG;D;20160719;000000;7.6;7.73;7.6;7.6;58600;445499
SELG;D;20160720;000000;7.71;8.3;7.6;8;590200;4674057
SELG;D;20160721;000000;7.95;9.36;7.95;9;1467600;12692340
SELG;D;20160722;000000;9.09;9.5;8.43;8.65;942600;8326045
SELG;D;20160725;000000;9.04;9.04;7.75;7.8;1327400;10645957
SELG;D;20160726;000000;7.88;7.89;7.57;7.8;213600;1637106
SELG;D;20160727;000000;7.81;7.87;7.74;7.8;71600;559130
SELG;D;20160728;000000;7.8;8.19;7.8;8.02;140200;1118036
SELG;D;20160729;000000;8.03;8.14;7.98;8.14;46200;370336
SELG;D;20160801;000000;8.03;8.18;7.91;8.1;136600;1105028
SELG;D;20160802;000000;8.09;8.1;7.85;8.1;40200;322015
SELG;D;20160803;000000;8.15;8.15;7.89;7.95;119500;951282
SELG;D;20160804;000000;8.01;8.09;7.87;7.94;74900;595619
SELG;D;20160805;000000;7.9;7.98;7.86;7.92;6400;50594
SELG;D;20160808;000000;7.96;8.01;7.83;8.01;16700;131938
SELG;D;20160809;000000;8.03;8.04;7.9;8;93500;740269
SELG;D;20160810;000000;8;8.15;7.99;8.14;101800;821070
SELG;D;20160811;000000;8.17;8.42;8.03;8.25;216600;1783210
SELG;D;20160812;000000;8.1;8.13;8.05;8.11;49800;401809
SELG;D;20160815;000000;8.1;8.19;8.01;8.14;127500;1035250
SELG;D;20160816;000000;8.13;8.15;8.01;8.09;29000;233459
SELG;D;20160817;000000;8.12;8.13;7.95;8.04;170400;1362615
SELG;D;20160818;000000;8.04;8.5;7.86;8.06;104600;848551
SELG;D;20160819;000000;8.05;8.11;8;8.06;8600;68994
SELG;D;20160822;000000;8.01;8.08;8;8.04;66800;535725
SELG;D;20160823;000000;8;8.14;7.9;7.98;79600;632997
SELG;D;20160824;000000;8;8;7.9;7.98;19900;158276
SELG;D;20160825;000000;8;8.04;7.9;7.99;34800;276852
SELG;D;20160826;000000;7.93;8;7.65;8;217400;1708261
SELG;D;20160829;000000;7.98;7.98;7.97;7.97;200;1595
SELG;D;20160830;000000;7.98;7.98;7.67;7.86;179900;1401539
SELG;D;20160831;000000;7.8;7.92;7.77;7.9;62200;487700
SELG;D;20160901;000000;7.85;7.91;7.78;7.9;243300;1907620
SELG;D;20160902;000000;7.84;7.91;7.44;7.59;360300;2756733
SELG;D;20160905;000000;7.53;7.67;7.48;7.61;25800;194818
SELG;D;20160906;000000;7.61;7.7;7.51;7.52;95000;721869
SELG;D;20160907;000000;7.59;7.67;7.58;7.58;62300;473874
SELG;D;20160908;000000;7.57;7.67;7.5;7.5;53900;406735
SELG;D;20160909;000000;7.51;7.66;7.46;7.64;28300;214362
SELG;D;20160912;000000;7.66;7.67;7.47;7.54;20900;157262
SELG;D;20160913;000000;7.49;7.52;7.4;7.41;67600;502401
SELG;D;20160914;000000;7.42;7.42;7.4;7.41;37800;279917
SELG;D;20160915;000000;7.41;7.44;7.4;7.4;27800;205820
SELG;D;20160916;000000;7.41;7.43;7.37;7.41;57200;423389
SELG;D;20160919;000000;7.43;7.43;7.3;7.33;57700;423024
SELG;D;20160920;000000;7.3;7.38;7.25;7.38;60600;443320
SELG;D;20160921;000000;7.38;7.71;7.38;7.55;108600;821842
SELG;D;20160922;000000;7.52;8.8;7.49;7.81;1052200;8605747
SELG;D;20160923;000000;7.91;8.28;7.7;7.76;1876800;14900436
SELG;D;20160926;000000;7.76;7.83;7.45;7.49;194000;1464974
SELG;D;20160927;000000;7.5;7.6;7.49;7.52;42000;315931
SELG;D;20160928;000000;7.5;7.92;7.46;7.53;218800;1681285
SELG;D;20160929;000000;7.59;7.86;7.59;7.77;230600;1787789
SELG;D;20160930;000000;7.92;8.07;7.68;7.75;264500;2093602
SELG;D;20161003;000000;7.68;7.68;7.62;7.62;29600;226741
SELG;D;20161004;000000;7.61;7.64;7.52;7.52;45700;344363
SELG;D;20161005;000000;7.53;7.57;7.41;7.49;136100;1014947
SELG;D;20161006;000000;7.42;7.51;7.41;7.48;20500;153854
SELG;D;20161007;000000;7.47;7.52;7.44;7.52;12600;94362
SELG;D;20161010;000000;7.49;7.77;7.45;7.58;824300;6194155
SELG;D;20161011;000000;7.56;7.6;7.52;7.56;29600;224062
SELG;D;20161012;000000;7.55;7.57;7.54;7.57;31100;235098
SELG;D;20161013;000000;7.56;7.56;7.4;7.49;52700;393363
SELG;D;20161014;000000;7.5;7.5;7.4;7.48;46500;346610
SELG;D;20161017;000000;7.44;7.5;7.44;7.49;22800;170878
SELG;D;20161018;000000;7.5;7.5;7.4;7.47;60900;452477
SELG;D;20161019;000000;7.44;7.5;7.43;7.49;31600;235344
SELG;D;20161020;000000;7.46;7.5;7.46;7.48;4000;29905
SELG;D;20161021;000000;7.41;7.5;7.32;7.39;64500;478782
SELG;D;20161024;000000;7.4;7.42;7.33;7.4;97800;722074
SELG;D;20161025;000000;7.4;7.58;7.37;7.49;371900;2774185
SELG;D;20161026;000000;7.49;7.5;7.41;7.48;91800;685934
SELG;D;20161027;000000;7.47;8;7.47;7.5;248600;1911678
SELG;D;20161028;000000;7.57;7.59;7.47;7.55;62200;465938
SELG;D;20161031;000000;7.58;7.77;7.58;7.62;203300;1550132
SELG;D;20161101;000000;7.6;7.75;7.59;7.66;57200;437207
SELG;D;20161102;000000;7.64;7.81;7.6;7.73;50600;389606
SELG;D;20161103;000000;7.7;7.73;7.48;7.54;55400;418062
SELG;D;20161107;000000;7.58;7.6;7.41;7.51;60200;450432
SELG;D;20161108;000000;7.49;7.51;7.47;7.47;28100;210044
SELG;D;20161109;000000;7.49;7.61;7.47;7.6;40800;307471
SELG;D;20161110;000000;7.6;7.6;7.49;7.54;47700;359623
SELG;D;20161111;000000;7.49;7.56;7.45;7.47;27800;207708
SELG;D;20161114;000000;7.5;7.5;7.47;7.47;31800;238047
SELG;D;20161115;000000;7.5;9.18;7.5;7.73;17342900;131967939
SELG;D;20161116;000000;7.84;8.18;7.7;7.76;226100;1777579
SELG;D;20161117;000000;7.7;7.71;7.37;7.53;749800;5633314
SELG;D;20161118;000000;7.51;7.55;7.4;7.55;78900;588978
SELG;D;20161121;000000;7.55;7.63;7.51;7.53;30000;226355
SELG;D;20161122;000000;7.52;8.1;7.49;7.58;377100;2940902
SELG;D;20161123;000000;7.55;7.74;7.54;7.6;42400;323798
SELG;D;20161124;000000;7.7;7.77;7.5;7.59;227100;1712197
SELG;D;20161125;000000;7.54;7.66;7.53;7.55;19300;147012
SELG;D;20161128;000000;7.62;7.64;7.51;7.61;24000;181609
SELG;D;20161129;000000;7.64;8.24;7.64;7.93;514900;4079009
SELG;D;20161130;000000;7.97;8.27;7.88;8.21;125700;1012770
SELG;D;20161201;000000;8.17;8.68;8.04;8.4;380200;3209264
SELG;D;20161202;000000;8.42;11.2;8.42;9.95;3985300;39727289
SELG;D;20161205;000000;10.25;10.73;9.06;9.37;2343600;22994839
SELG;D;20161206;000000;9.31;9.87;8.68;8.77;764700;7011618
SELG;D;20161207;000000;8.88;9.07;8.54;8.94;218800;1924347
SELG;D;20161208;000000;8.98;9.46;8.92;9.27;378000;3492575
SELG;D;20161209;000000;9.28;10.07;9.13;9.91;656700;6271593
SELG;D;20161212;000000;10.03;10.25;9.5;9.71;483400;4707790
SELG;D;20161213;000000;9.82;9.82;9.44;9.51;227000;2178492
SELG;D;20161214;000000;9.47;9.56;8.8;9.48;405400;3714718
SELG;D;20161215;000000;9.35;9.49;9.15;9.39;60700;562290
SELG;D;20161216;000000;9.43;9.47;9.08;9.37;136500;1281741
SELG;D;20161219;000000;9.32;9.39;9.18;9.33;53900;500535
SELG;D;20161220;000000;9.14;9.4;9.11;9.23;102500;952687
SELG;D;20161221;000000;9.25;9.31;8.71;8.78;406500;3626479
SELG;D;20161222;000000;8.86;8.86;8.21;8.55;168500;1427207
SELG;D;20161223;000000;8.49;9.1;8.33;8.9;227400;1999121
SELG;D;20161226;000000;8.9;9.36;8.56;8.83;313500;2824626
SELG;D;20161227;000000;8.83;8.93;8.79;8.85;39400;350573
SELG;D;20161228;000000;8.88;9.15;8.73;8.9;120500;1073116
SELG;D;20161229;000000;8.92;9.29;8.71;9.11;216200;1947622
SELG;D;20161230;000000;9.08;9.18;8.92;9.14;56400;511352
SELG;D;20170103;000000;9.14;9.17;8.99;9.13;19200;175218
SELG;D;20170104;000000;9.14;9.24;9;9.22;98600;902813
SELG;D;20170105;000000;9.26;9.76;9.21;9.53;442300;4205286
SELG;D;20170106;000000;9.51;9.64;9.47;9.59;107700;1028719
SELG;D;20170109;000000;9.62;9.77;9.44;9.68;51100;489656
SELG;D;20170110;000000;9.68;10;9.44;9.52;381400;3718181
SELG;D;20170111;000000;9.62;9.89;9.32;9.34;149000;1410733
SELG;D;20170112;000000;9.45;9.54;9.12;9.39;197700;1830174
SELG;D;20170113;000000;9.44;9.44;9.11;9.34;55700;517237
SELG;D;20170116;000000;9.35;9.5;9.22;9.32;74500;696602
SELG;D;20170117;000000;9.3;9.37;9.17;9.31;73800;680414
SELG;D;20170118;000000;9.27;9.84;9.24;9.45;287100;2723124
SELG;D;20170119;000000;9.53;9.53;9.19;9.46;341200;3192496
SELG;D;20170120;000000;9.49;9.51;9.29;9.4;73400;690414
SELG;D;20170123;000000;9.44;10.78;9.35;10.2;1035600;10467894
SELG;D;20170124;000000;10.37;10.5;10.02;10.3;761900;7778058
SELG;D;20170125;000000;10.35;10.57;10.15;10.15;472000;4820802
SELG;D;20170126;000000;10.2;10.25;9.92;10.17;469700;4744889
SELG;D;20170127;000000;10.12;10.36;9.99;10.21;143900;1458978
SELG;D;20170130;000000;10.17;10.24;10.1;10.24;77500;784977
SELG;D;20170131;000000;10.18;12;10.15;11.9;488800;5467753
SELG;D;20170201;000000;12;12;10.87;11.47;334200;3747131
SELG;D;20170202;000000;11.49;11.55;11;11.3;61200;686724
SELG;D;20170203;000000;11.17;11.95;11.17;11.8;263300;3071800
SELG;D;20170206;000000;12;13.75;11.68;13.3;764500;9907054
SELG;D;20170207;000000;13.49;13.49;12.66;13.21;142500;1843932
SELG;D;20170208;000000;13.08;13.2;12.57;13.2;191700;2468747
SELG;D;20170209;000000;13.04;13.2;12.45;12.9;265300;3400073
SELG;D;20170210;000000;12.67;12.87;12.43;12.84;149900;1887225
SELG;D;20170213;000000;12.61;12.61;11.93;12.3;279500;3409432
SELG;D;20170214;000000;12.16;12.73;11.79;12.08;221300;2725849
SELG;D;20170215;000000;12.02;12.02;11.65;11.78;188500;2213044
SELG;D;20170216;000000;11.82;11.82;11.36;11.55;70500;808056
SELG;D;20170217;000000;11.41;11.41;11;11.11;179500;1995770
SELG;D;20170220;000000;11.02;11.09;10.53;10.65;186100;2000954
SELG;D;20170221;000000;10.59;10.72;10.5;10.72;73700;775354
SELG;D;20170222;000000;10.75;10.79;10.31;10.44;153000;1624496
SELG;D;20170224;000000;10.48;10.5;9.83;10;60500;608762
SELG;D;20170227;000000;10.01;11.18;10.01;11.18;272300;2844440
SELG;D;20170228;000000;11.05;11.18;10.36;10.91;115100;1219522
SELG;D;20170301;000000;10.91;10.91;10.5;10.68;41200;434582
SELG;D;20170302;000000;10.55;10.75;10.39;10.55;145800;1528726
SELG;D;20170303;000000;10.55;10.63;10.28;10.42;59700;620826
SELG;D;20170306;000000;10.42;10.61;10.36;10.43;18400;193922
SELG;D;20170307;000000;10.49;11.5;10.18;10.52;142100;1480665
SELG;D;20170309;000000;10.45;10.5;9.84;9.84;53700;545583
SELG;D;20170310;000000;9.8;11.82;9.39;9.99;418600;4132405
SELG;D;20170313;000000;10.02;10.19;9.77;9.77;68400;678960
SELG;D;20170314;000000;9.71;9.99;9.71;9.81;13200;130502
SELG;D;20170315;000000;9.94;10;9.75;9.9;33500;332474
SELG;D;20170316;000000;10;10.32;9.86;10.25;119000;1189570
SELG;D;20170317;000000;10.33;10.35;9.86;9.99;62100;618856
SELG;D;20170320;000000;9.97;10;9.84;9.98;13600;134055
SELG;D;20170321;000000;9.9;9.99;9.75;9.98;13100;129003
SELG;D;20170322;000000;9.82;9.82;9.69;9.78;54500;533746
SELG;D;20170323;000000;9.81;9.82;9.6;9.71;36300;349311
SELG;D;20170324;000000;9.72;10.39;9.35;9.52;194800;1888502
SELG;D;20170327;000000;9.55;9.64;9.05;9.3;61700;572804
SELG;D;20170328;000000;9.34;9.44;9.11;9.32;62000;577247
SELG;D;20170329;000000;9.12;9.47;9.12;9.47;16600;155860
SELG;D;20170330;000000;9.49;10.31;9.49;9.75;51000;501085
SELG;D;20170331;000000;9.78;9.98;9.57;9.8;16000;156948
SELG;D;20170403;000000;9.77;9.85;9.62;9.62;31000;302655
SELG;D;20170404;000000;9.74;9.76;9.6;9.7;40400;392000
SELG;D;20170405;000000;9.63;9.69;9.53;9.6;23200;221864
SELG;D;20170406;000000;9.62;10.29;9.62;9.73;127100;1260458
SELG;D;20170407;000000;9.84;10.01;9.41;9.75;15500;149837
SELG;D;20170410;000000;9.61;9.61;9.35;9.43;11500;108285
SELG;D;20170411;000000;9.3;10;9.3;9.62;70100;671541
SELG;D;20170412;000000;9.97;10.15;9.59;9.61;5523200;53752298
SELG;D;20170413;000000;9.65;9.65;9.01;9.44;20400;187176
SELG;D;20170414;000000;9.52;9.63;9.11;9.28;106800;1001354
SELG;D;20170417;000000;9.29;9.58;9.1;9.2;92700;857202
SELG;D;20170418;000000;9.15;9.26;9.11;9.11;6300;57413
SELG;D;20170419;000000;9.23;9.39;9.19;9.22;91900;853730
SELG;D;20170420;000000;9.2;9.2;8.2;8.54;55700;494670
SELG;D;20170421;000000;8.68;8.97;8.68;8.9;14300;127326
SELG;D;20170424;000000;8.93;9.15;8.93;9.02;13100;118375
SELG;D;20170425;000000;9.23;9.32;9.19;9.2;20300;186948
SELG;D;20170426;000000;9.37;9.78;9.04;9.78;132100;1227404
SELG;D;20170427;000000;9.58;9.96;9.5;9.74;5453600;53168316
SELG;D;20170428;000000;9.63;10.38;9.5;10.38;172300;1719562
SELG;D;20170502;000000;10.5;10.61;10.08;10.29;120100;1232666
SELG;D;20170503;000000;10.11;10.5;9.71;9.85;69600;720389
SELG;D;20170504;000000;9.94;10.19;9.77;9.95;81900;818331
SELG;D;20170505;000000;9.85;10.57;6.56;9.54;537500;5170810
SELG;D;20170510;000000;9.58;9.98;9.17;9.24;159800;1509626
SELG;D;20170511;000000;9.22;9.22;8.9;9.05;69600;627926
SELG;D;20170512;000000;9.08;9.2;9;9.2;1700;15514
SELG;D;20170515;000000;9.24;9.28;9.02;9.24;9100;83711
SELG;D;20170516;000000;9.13;9.5;9.05;9.5;141400;1325876
SELG;D;20170517;000000;9.37;9.4;9.1;9.2;85900;801796
SELG;D;20170518;000000;9.18;9.18;9.03;9.14;12300;111711
SELG;D;20170519;000000;9.16;9.17;9.16;9.16;400;3665
SELG;D;20170522;000000;9.06;9.15;8.99;9.15;23100;208465
SELG;D;20170523;000000;9.17;9.23;9.1;9.22;4700;43225
SELG;D;20170524;000000;9.24;9.3;9;9.05;14600;133278
SELG;D;20170525;000000;9.07;9.1;8.97;9.09;4900;44320
SELG;D;20170526;000000;9.09;9.16;9.09;9.16;7900;72202
SELG;D;20170529;000000;9.18;9.24;9.18;9.2;15100;138919
SELG;D;20170530;000000;9.22;9.6;9.22;9.58;26500;249589
SELG;D;20170531;000000;9.35;9.4;9.2;9.2;10819200;100617809
SELG;D;20170601;000000;9.17;9.27;9.06;9.06;27700;252648
SELG;D;20170602;000000;9.05;9.25;8.93;9.24;19500;175438
SELG;D;20170605;000000;9.14;9.24;9.01;9.2;24900;226040
SELG;D;20170606;000000;9.23;9.45;9.03;9.33;10447700;97476077
SELG;D;20170607;000000;9.29;9.33;9.07;9.18;120500;1117799
SELG;D;20170608;000000;9.25;9.26;8.87;9.1;36000;325513
SELG;D;20170609;000000;9.13;9.77;8.76;9.13;405600;3719748
SELG;D;20170613;000000;9.18;9.55;9.17;9.27;60300;565469
SELG;D;20170614;000000;9.19;9.35;9.02;9.04;49000;443717
SELG;D;20170615;000000;8.98;9.2;8.58;8.87;197000;1750483
SELG;D;20170616;000000;8.94;9.19;8.93;9.15;115300;1046057
SELG;D;20170619;000000;9.2;9.23;9.05;9.23;69800;637462
SELG;D;20170620;000000;9.16;9.16;9.01;9.15;55100;502389
SELG;D;20170621;000000;9.1;9.14;9.06;9.14;76200;692421
SELG;D;20170622;000000;9.13;9.3;9.1;9.21;23400;215265
SELG;D;20170623;000000;9.3;9.33;9.15;9.33;34300;318859
SELG;D;20170626;000000;9.25;9.25;9.16;9.16;6900;63393
SELG;D;20170627;000000;9.16;9.45;9.14;9.45;90600;831517
SELG;D;20170628;000000;9.21;9.25;9.16;9.16;6000;55274
SELG;D;20170629;000000;9.28;9.28;9.18;9.18;500;4601
SELG;D;20170630;000000;9.28;9.29;9.07;9.15;12200;111317
SELG;D;20170703;000000;9.1;9.32;9.1;9.15;27400;254459
SELG;D;20170704;000000;9.29;9.43;9.15;9.2;10400;95676
SELG;D;20170705;000000;9.15;9.4;9.15;9.3;95000;887208
SELG;D;20170706;000000;9.24;9.4;9.21;9.29;20700;193190
SELG;D;20170707;000000;9.31;9.38;9.15;9.27;33800;313881
SELG;D;20170710;000000;9.29;9.3;9.25;9.25;43800;407326
SELG;D;20170711;000000;9.22;9.29;9.2;9.28;7500;69071
SELG;D;20170712;000000;9.28;9.64;9.26;9.44;143700;1352821
SELG;D;20170713;000000;9.46;10.24;9.37;10;273100;2668781
SELG;D;20170714;000000;9.91;9.91;9.5;9.67;63100;610529
SELG;D;20170717;000000;9.83;9.88;9.56;9.66;79700;770842
SELG;D;20170718;000000;9.54;9.68;9.19;9.36;19900;188570
SELG;D;20170719;000000;9.33;9.39;9.16;9.25;218900;2024777
SELG;D;20170720;000000;9.3;10;9.3;9.48;88900;838398
SELG;D;20170721;000000;9.54;9.88;9.23;9.38;12200;116534
SELG;D;20170724;000000;9.31;9.37;9.31;9.37;700;6545
SELG;D;20170725;000000;9.44;9.48;9.28;9.46;3700;34791
SELG;D;20170726;000000;9.79;9.79;9.33;9.48;116200;1102797
SELG;D;20170727;000000;9.45;9.96;9.38;9.42;416800;4030858
SELG;D;20170728;000000;9.4;9.46;9.29;9.36;34500;321079
SELG;D;20170731;000000;9.36;9.36;9.21;9.21;61800;573956
SELG;D;20170801;000000;9.39;9.39;9.39;9.39;400;3756
SELG;D;20170802;000000;9.29;9.3;9.29;9.29;5500;51120
SELG;D;20170803;000000;9.36;9.36;9.36;9.36;100;936
SELG;D;20170804;000000;9.39;9.4;9.24;9.31;3300;30612
SELG;D;20170807;000000;9.29;9.93;9.2;9.58;173000;1635129
SELG;D;20170808;000000;9.63;9.78;9.4;9.77;153900;1471602
SELG;D;20170809;000000;9.78;9.98;9.25;9.41;163500;1531014
SELG;D;20170810;000000;9.43;9.5;9.4;9.4;9600;90718
SELG;D;20170811;000000;9.39;9.77;9.39;9.62;77200;742516
SELG;D;20170814;000000;9.61;9.71;9.47;9.71;11100;107516
SELG;D;20170815;000000;9.57;9.57;9.31;9.35;44600;419652
SELG;D;20170816;000000;9.35;9.46;9.33;9.33;12600;118411
SELG;D;20170817;000000;9.28;9.29;9.2;9.29;49600;460288
SELG;D;20170818;000000;9.26;9.41;9.22;9.41;3200;29663
SELG;D;20170821;000000;9.42;9.46;9.26;9.26;18900;177785
SELG;D;20170822;000000;9.26;9.31;9.17;9.31;25700;236470
SELG;D;20170823;000000;9.3;9.3;9.29;9.3;400;3719
SELG;D;20170824;000000;9.29;9.42;9.13;9.38;25800;239436
SELG;D;20170825;000000;9.39;9.66;9.36;9.36;86600;827688
SELG;D;20170828;000000;9.38;9.47;9.21;9.29;34100;316439
SELG;D;20170829;000000;9.38;9.53;9.34;9.5;18300;173208
SELG;D;20170830;000000;9.5;9.57;9.3;9.3;34900;327471
SELG;D;20170831;000000;9.41;9.41;9.18;9.3;49200;452526
SELG;D;20170901;000000;9.3;9.36;9.2;9.25;9100;84020
SELG;D;20170904;000000;9.28;9.29;9.14;9.23;17700;162545
SELG;D;20170905;000000;9.29;9.42;9.19;9.34;43600;404628
SELG;D;20170906;000000;9.37;9.38;9.32;9.32;800;7486
SELG;D;20170907;000000;9.3;9.73;9.2;9.38;187100;1773689
SELG;D;20170908;000000;9.45;9.89;9.37;9.46;218200;2098504
SELG;D;20170911;000000;9.49;9.63;9.36;9.63;27000;255734
SELG;D;20170912;000000;9.48;9.88;9.36;9.54;466100;4435299
SELG;D;20170913;000000;9.49;9.51;9.35;9.37;30800;290126
SELG;D;20170914;000000;9.34;9.42;9.32;9.39;10000;93363
SELG;D;20170915;000000;9.35;9.45;9.35;9.45;5200;48672
SELG;D;20170918;000000;9.44;9.44;9.26;9.39;107300;1003316
SELG;D;20170919;000000;9.35;9.35;9.28;9.34;106200;991663
SELG;D;20170920;000000;9.27;9.27;9.2;9.24;129200;1189489
SELG;D;20170921;000000;9.24;9.69;9.22;9.23;243400;2287906
SELG;D;20170922;000000;9.31;9.46;9.23;9.37;115800;1088289
SELG;D;20170925;000000;9.35;9.4;9.18;9.33;238400;2213895
SELG;D;20170926;000000;9.28;9.35;9.21;9.28;108700;1015371
SELG;D;20170927;000000;9.24;9.37;9.23;9.28;4712200;43833901
SELG;D;20170928;000000;9.3;9.31;9.21;9.21;14500;133778
SELG;D;20170929;000000;9.22;9.3;9.2;9.24;49900;463535
SELG;D;20171002;000000;9.3;9.35;9.18;9.25;40800;379541
SELG;D;20171003;000000;9.3;9.31;9.23;9.23;7300;67817
SELG;D;20171004;000000;9.31;9.44;9.27;9.34;22800;212172
SELG;D;20171005;000000;9.35;9.48;9.17;9.2;61200;563055
SELG;D;20171006;000000;9.2;9.2;9.19;9.2;35100;322919
SELG;D;20171009;000000;9.2;9.3;9.2;9.27;22100;204415
SELG;D;20171010;000000;9.22;9.76;9.22;9.26;259700;2456221
SELG;D;20171011;000000;9.3;9.32;9.24;9.25;21700;201299
SELG;D;20171012;000000;9.26;9.29;9.2;9.26;17600;162652
SELG;D;20171013;000000;9.25;9.3;9.2;9.26;122500;1131401
SELG;D;20171016;000000;9.29;9.41;9.29;9.36;53700;503065
SELG;D;20171017;000000;9.35;9.35;9.26;9.26;39000;362028
SELG;D;20171018;000000;9.25;9.29;9.2;9.28;72500;667560
SELG;D;20171019;000000;9.28;9.28;9.21;9.27;14500;133721
SELG;D;20171020;000000;9.21;9.34;9.21;9.31;4600;42822
SELG;D;20171023;000000;9.33;9.35;9.33;9.35;3000;28034
SELG;D;20171024;000000;9.24;9.38;9.22;9.36;3900;36179
SELG;D;20171025;000000;9.38;9.38;9.21;9.32;57700;536680
SELG;D;20171026;000000;9.25;9.35;9.18;9.25;68800;637475
SELG;D;20171027;000000;9.27;9.38;9.27;9.36;29500;275451
SELG;D;20171030;000000;9.31;9.46;9.28;9.39;21900;204466
SELG;D;20171031;000000;9.35;9.4;9.22;9.27;56300;523206
SELG;D;20171101;000000;9.3;9.33;9.25;9.3;29500;273753
SELG;D;20171102;000000;9.3;9.3;9.24;9.29;7100;65807
SELG;D;20171103;000000;9.24;9.33;9.17;9.33;88500;819656
SELG;D;20171107;000000;9.34;9.46;9.31;9.4;97300;914871
SELG;D;20171108;000000;9.35;9.77;9.24;9.76;285600;2704459
SELG;D;20171109;000000;9.61;10.99;9.6;10.31;614500;6376466
SELG;D;20171110;000000;10.17;10.56;10.02;10.15;67800;690238
SELG;D;20171113;000000;10.23;10.23;9.83;10.18;1133700;11336708
SELG;D;20171114;000000;10.07;10.5;10;10.32;1171300;11747444
SELG;D;20171115;000000;10.58;10.7;10.3;10.3;91700;951791
SELG;D;20171116;000000;10.3;10.32;9.8;10.29;131500;1312420
SELG;D;20171117;000000;10.12;10.54;10.12;10.42;46700;487112
SELG;D;20171120;000000;10.33;10.5;10.33;10.33;17100;177481
SELG;D;20171121;000000;10.33;10.54;10.3;10.5;51200;533873
SELG;D;20171122;000000;10.53;10.53;10.3;10.42;25100;260791
SELG;D;20171123;000000;10.28;10.45;10.21;10.45;20800;214393
SELG;D;20171124;000000;10.43;10.43;10.3;10.31;43200;445504
SELG;D;20171127;000000;10.32;10.34;10.26;10.34;4200;43166
SELG;D;20171128;000000;10.23;10.4;10.21;10.37;17300;178313
SELG;D;20171129;000000;10.23;10.36;10.2;10.28;968900;9979133
SELG;D;20171130;000000;10.39;10.39;10.1;10.2;40400;413355
SELG;D;20171201;000000;10.17;10.45;10.02;10.36;28400;292125
SELG;D;20171204;000000;10.29;10.4;10.2;10.4;16500;168597
SELG;D;20171205;000000;10.26;10.56;10.21;10.36;23700;248376
SELG;D;20171206;000000;10.49;10.5;10.23;10.5;49300;514909
SELG;D;20171207;000000;10.32;10.32;10.17;10.29;53400;545541
SELG;D;20171208;000000;10.23;10.36;10.23;10.36;5400;55676
SELG;D;20171211;000000;10.41;10.41;10.3;10.3;600;6192
SELG;D;20171212;000000;10.26;10.29;10.18;10.23;6800;69478
SELG;D;20171213;000000;10.19;10.29;10.16;10.19;7700;78536
SELG;D;20171214;000000;10.18;10.34;10.15;10.19;26300;270579
SELG;D;20171215;000000;10.13;10.48;10.04;10.2;108800;1106056
SELG;D;20171218;000000;10.13;10.14;10;10.03;15100;151817
SELG;D;20171219;000000;10.07;10.21;10.07;10.15;1600;16237
SELG;D;20171220;000000;10.15;10.2;9.95;10.13;161400;1617960
SELG;D;20171221;000000;10.01;10.15;9.73;9.76;547000;5526798
SELG;D;20171222;000000;9.8;9.81;9.67;9.72;12400;120574
SELG;D;20171225;000000;9.71;9.87;9.67;9.68;10300;100307
SELG;D;20171226;000000;9.78;9.83;9.72;9.73;20200;198086
SELG;D;20171227;000000;9.83;9.88;9.64;9.73;36600;358258
SELG;D;20171228;000000;9.67;9.79;9.64;9.73;26200;253558
SELG;D;20171229;000000;9.71;10;9.62;9.97;25500;251209
SELG;D;20180103;000000;9.91;9.91;9.8;9.89;7800;76540
SELG;D;20180104;000000;9.78;9.8;9.7;9.8;15900;154459
SELG;D;20180105;000000;9.81;9.91;9.7;9.7;25000;245257
SELG;D;20180109;000000;9.8;9.99;9.8;9.93;25400;250512
SELG;D;20180110;000000;9.84;9.92;9.73;9.8;26600;259816
SELG;D;20180111;000000;9.81;9.95;9.79;9.82;54800;540556
SELG;D;20180112;000000;9.79;9.93;9.69;9.9;100200;981290
SELG;D;20180115;000000;9.93;10.14;9.8;10;53100;532426
SELG;D;20180116;000000;10.04;10.04;9.96;9.97;161600;1610411
SELG;D;20180117;000000;9.98;10.05;9.8;9.97;29600;293846
SELG;D;20180118;000000;9.98;9.98;9.85;9.86;2200;21804
SELG;D;20180119;000000;9.87;10.4;9.87;10.19;204300;2085752
SELG;D;20180122;000000;10.19;10.25;10.08;10.25;21800;221265
SELG;D;20180123;000000;10.19;10.23;10.07;10.15;1490500;15128902
SELG;D;20180124;000000;10.15;10.2;10.08;10.2;2002400;20325200
SELG;D;20180125;000000;10.2;10.45;10.1;10.27;71900;732577
SELG;D;20180126;000000;10.2;10.35;10.2;10.35;15000;153160
SELG;D;20180129;000000;10.24;10.24;10.14;10.14;19200;195114
SELG;D;20180130;000000;10.14;10.18;10.08;10.08;11800;119509
SELG;D;20180131;000000;10.17;10.33;10.17;10.2;55400;567074
SELG;D;20180201;000000;10.19;10.3;10.1;10.24;50500;513330
SELG;D;20180202;000000;10.14;10.2;10.05;10.2;5800;59057
SELG;D;20180205;000000;10.09;10.16;10.05;10.05;20100;202063
SELG;D;20180206;000000;10.04;10.04;9.63;9.65;62400;614499
SELG;D;20180207;000000;9.83;9.83;9.82;9.83;1500;14742
SELG;D;20180208;000000;9.88;9.88;9.68;9.79;10900;106014
SELG;D;20180209;000000;9.5;9.63;9.3;9.57;143400;1349870
SELG;D;20180212;000000;9.6;9.6;9.26;9.29;78300;735783
SELG;D;20180213;000000;9.27;9.4;9.24;9.33;139300;1295931
SELG;D;20180214;000000;9.45;9.98;9.36;9.48;17900;171532
SELG;D;20180215;000000;9.49;9.49;9.34;9.49;1300;12277
SELG;D;20180216;000000;9.35;9.56;9.33;9.52;27100;255110
SELG;D;20180219;000000;9.52;9.6;9.3;9.35;42900;401911
SELG;D;20180220;000000;9.31;9.42;9.31;9.4;500;4693
SELG;D;20180221;000000;9.34;9.44;9.3;9.44;37600;350409
SELG;D;20180222;000000;9.45;9.87;9.37;9.75;11100;107001
SELG;D;20180226;000000;9.85;9.85;9.53;9.78;58100;560955
SELG;D;20180227;000000;9.62;9.7;9.61;9.7;215300;2088301
SELG;D;20180228;000000;9.65;9.65;9.6;9.6;75200;725599
SELG;D;20180301;000000;9.58;9.6;9.5;9.59;9900;94802
SELG;D;20180302;000000;9.59;9.6;9.58;9.58;3100;29748
SELG;D;20180305;000000;9.6;9.6;9.58;9.58;1500;14390
SELG;D;20180306;000000;9.59;9.59;9.46;9.47;5500;52109
SELG;D;20180307;000000;9.46;9.5;9.4;9.5;7200;67874
SELG;D;20180309;000000;9.48;9.52;9.43;9.52;16500;156373
SELG;D;20180312;000000;9.42;9.51;9.4;9.49;5800;54943
SELG;D;20180313;000000;9.49;9.5;9.42;9.48;694000;6576904
SELG;D;20180314;000000;9.48;9.48;9.44;9.47;4300;40750
SELG;D;20180316;000000;9.41;9.49;9.4;9.48;377900;3571055
SELG;D;20180319;000000;9.41;9.46;9.3;9.4;372600;3516683
SELG;D;20180320;000000;9.4;9.44;9.3;9.44;427600;4015185
SELG;D;20180321;000000;9.38;9.49;9.37;9.4;25000;234772
SELG;D;20180322;000000;9.39;9.39;9.25;9.25;38800;359510
SELG;D;20180323;000000;9.26;9.38;9.25;9.29;10200;94702
SELG;D;20180326;000000;9.34;9.44;9.28;9.28;42200;396174
SELG;D;20180327;000000;9.3;9.4;9.26;9.38;40800;382026
SELG;D;20180328;000000;9.3;9.37;9.25;9.35;5700;52940
SELG;D;20180329;000000;9.34;9.34;9.25;9.3;1700;15771
SELG;D;20180330;000000;9.31;9.53;9.31;9.45;87300;825894
SELG;D;20180402;000000;9.47;9.48;9.39;9.42;1300;12265
SELG;D;20180403;000000;9.38;9.39;9.29;9.35;10000;93243
SELG;D;20180404;000000;9.28;9.37;9.25;9.37;20800;193058
SELG;D;20180405;000000;9.37;9.39;9.21;9.26;111700;1038188
SELG;D;20180406;000000;9.31;9.32;9.31;9.31;19200;178753
SELG;D;20180409;000000;9.25;9.25;8.67;9;246200;2248274
SELG;D;20180410;000000;8.86;9.23;8.85;9.23;70300;637930
SELG;D;20180411;000000;9.19;9.27;8.9;9.08;108100;980063
SELG;D;20180412;000000;9.05;9.23;9.03;9.14;32600;298696
SELG;D;20180413;000000;9.03;9.2;8.98;9.18;43000;392491
SELG;D;20180416;000000;9.06;9.16;8.93;9.08;11200;100406
SELG;D;20180417;000000;8.99;9.11;8.97;9.11;22600;202856
SELG;D;20180418;000000;9.14;9.33;9.1;9.33;75800;696054
SELG;D;20180419;000000;9.33;9.35;9.23;9.24;1500;13917
SELG;D;20180420;000000;9.32;9.39;9.2;9.35;64800;600895
SELG;D;20180423;000000;9.22;9.44;9.17;9.41;29400;273093
SELG;D;20180424;000000;9.31;9.34;9.17;9.29;48900;449512
SELG;D;20180425;000000;9.24;9.33;9.24;9.33;6000;55782
SELG;D;20180426;000000;9.24;9.33;9.24;9.33;500;4633
SELG;D;20180427;000000;9.24;9.34;9.15;9.34;59000;541949
SELG;D;20180428;000000;9.33;9.33;9.17;9.23;2200;20213
SELG;D;20180430;000000;9.16;9.27;9.1;9.26;23500;215000
SELG;D;20180502;000000;9.14;9.22;9.14;9.22;200;1836
SELG;D;20180503;000000;9.14;9.14;9.08;9.14;21700;197122
SELG;D;20180504;000000;9.08;9.08;8.99;9.03;18100;163273
SELG;D;20180507;000000;9.09;9.24;9.03;9.11;5100;46454
SELG;D;20180508;000000;9.21;9.21;9.21;9.21;100;921
SELG;D;20180510;000000;9.2;9.2;9.02;9.18;22000;200546
SELG;D;20180511;000000;9.1;9.14;8.99;9.1;151200;1365127
SELG;D;20180514;000000;9.02;9.15;9;9;23000;208869
SELG;D;20180515;000000;9.08;9.12;9;9.1;2000;18108
SELG;D;20180516;000000;9.09;9.09;8.97;9.07;36800;330927
SELG;D;20180517;000000;9.07;9.08;8.95;9.08;33100;297011
SELG;D;20180518;000000;9.01;9.05;9;9.03;53300;481498
SELG;D;20180521;000000;9.05;9.05;9;9.04;42900;386160
SELG;D;20180522;000000;9.1;9.12;9.02;9.1;50700;457425
SELG;D;20180523;000000;9.13;9.13;9.13;9.13;200;1826
SELG;D;20180524;000000;9.14;9.14;9.03;9.1;700;6339
SELG;D;20180525;000000;9.02;9.14;8.97;9.08;170200;1534594
SELG;D;20180528;000000;9.11;9.12;9.02;9.09;4400;39819
SELG;D;20180529;000000;9.02;9.12;9;9.08;12100;109236
SELG;D;20180530;000000;9.06;9.12;9.04;9.05;4300;38959
SELG;D;20180531;000000;9.05;9.09;9.04;9.04;21200;191712
SELG;D;20180601;000000;9.08;9.1;9;9.08;64100;578710
SELG;D;20180604;000000;9.06;9.08;8.97;9.06;51700;465810
SELG;D;20180605;000000;9.02;9.18;9;9.12;169700;1531251
SELG;D;20180606;000000;9.15;9.23;9.05;9.05;5800;52772
SELG;D;20180607;000000;9.04;9.12;9.04;9.08;1300;11772
SELG;D;20180608;000000;9.04;9.09;9.02;9.08;7100;64118
SELG;D;20180609;000000;9.13;9.13;9.13;9.13;400;3652
SELG;D;20180611;000000;9.13;9.13;9.02;9.08;13600;123481
SELG;D;20180613;000000;9.02;9.08;9;9.08;83100;748279
SELG;D;20180614;000000;9.02;9.06;9;9.05;29900;270133
SELG;D;20180615;000000;9.03;9.22;8.96;9.22;229500;2076525
SELG;D;20180618;000000;9.03;9.64;9;9.6;314300;2904138
SELG;D;20180619;000000;9.44;10.07;9.44;10.07;377500;3695218
SELG;D;20180620;000000;9.8;10.7;9.8;10.69;261300;2707550
SELG;D;20180621;000000;10.62;11.28;10.6;11.1;416500;4578285
SELG;D;20180622;000000;11.09;11.73;11.05;11.58;265700;3010489
SELG;D;20180625;000000;11.46;12.47;11.45;12.26;273900;3267140
SELG;D;20180626;000000;12.35;12.78;12.2;12.75;286300;3556755
SELG;D;20180627;000000;12.85;13.38;12.57;13.3;347700;4565487
SELG;D;20180628;000000;13.32;13.94;13.25;13.3;252200;3383689
SELG;D;20180629;000000;13.45;13.45;12.72;13.03;316300;4139887
SELG;D;20180702;000000;12.96;13;12.53;12.9;225500;2889724
SELG;D;20180703;000000;12.58;13;12.45;12.45;1902400;24631260
SELG;D;20180704;000000;12.63;12.7;12.23;12.29;36300;454068
SELG;D;20180705;000000;12.14;12.37;11.13;11.14;131000;1519859
SELG;D;20180706;000000;11.31;11.31;10.35;10.35;148800;1584448
SELG;D;20180709;000000;10.57;11.2;10.43;10.73;207100;2246780
SELG;D;20180710;000000;10.88;10.94;10.5;10.63;42500;452350
SELG;D;20180711;000000;10.63;10.63;10.37;10.47;22900;239149
SELG;D;20180712;000000;10.58;10.58;10.23;10.4;20000;207650
SELG;D;20180713;000000;10.28;10.68;10.28;10.68;44300;465803
SELG;D;20180716;000000;10.74;10.74;10.33;10.53;40400;425632
SELG;D;20180717;000000;10.49;10.49;10.37;10.38;1100;11428
SELG;D;20180718;000000;10.49;10.5;10.27;10.47;17600;182531
SELG;D;20180719;000000;10.47;10.47;10.34;10.34;1500;15609
SELG;D;20180720;000000;10.34;10.47;10.16;10.21;12400;127382
SELG;D;20180723;000000;10.36;10.36;10.07;10.07;6200;62976
SELG;D;20180724;000000;10.23;10.23;10.08;10.23;1800;18337
SELG;D;20180725;000000;10.08;10.2;10.08;10.18;5500;56031
SELG;D;20180726;000000;10.2;10.3;10.02;10.29;11300;114589
SELG;D;20180730;000000;10.16;10.24;10.08;10.21;14200;144570
SELG;D;20180731;000000;10.1;10.18;10.08;10.18;5500;55456
SELG;D;20180801;000000;10.08;10.2;10.05;10.08;499100;5065971
SELG;D;20180802;000000;10.08;10.2;10.07;10.2;10400;106036
SELG;D;20180803;000000;10.08;10.08;10.08;10.08;500;5040
SELG;D;20180806;000000;10.08;10.08;10.05;10.07;900;9064
SELG;D;20180807;000000;10.06;10.17;10.06;10.07;4000;40327
SELG;D;20180808;000000;10.06;10.06;10;10;12000;120271
SELG;D;20180809;000000;10.09;10.13;9.85;10;17200;171687
SELG;D;20180810;000000;9.89;10;9.86;9.86;800;7946
SELG;D;20180813;000000;9.99;10;9.81;9.88;26500;261056
SELG;D;20180814;000000;10.02;10.07;9.88;10.07;11900;119004
SELG;D;20180815;000000;9.99;9.99;9.9;9.98;51000;505074
SELG;D;20180816;000000;9.96;10.08;9.96;10.08;19400;193818
SELG;D;20180817;000000;10.08;10.12;9.97;10.1;21300;213025
SELG;D;20180820;000000;10.09;10.09;9.99;9.99;600;6008
SELG;D;20180821;000000;9.99;10.09;9.97;10.09;8300;83096
SELG;D;20180822;000000;10.09;10.09;10.05;10.08;800;8051
SELG;D;20180823;000000;10.1;10.1;10.04;10.04;5900;59271
SELG;D;20180824;000000;10.09;10.09;9.97;9.99;1300;12991
SELG;D;20180827;000000;10;10;9.97;9.97;800;7987
SELG;D;20180828;000000;9.99;10;9.84;10;16500;164517
SELG;D;20180829;000000;10;10;9.96;9.96;30700;306980
SELG;D;20180830;000000;9.94;10.1;9.94;10.09;14000;140092
SELG;D;20180831;000000;9.97;9.97;9.78;9.86;4700;46492
SELG;D;20180903;000000;9.95;9.95;9.8;9.89;14200;140134
SELG;D;20180904;000000;9.9;9.9;9.76;9.88;8800;86825
SELG;D;20180905;000000;9.77;9.93;9.77;9.92;2700;26529
SELG;D;20180906;000000;9.94;10.99;9.83;10.07;39300;402220
SELG;D;20180907;000000;10;10;9.8;9.83;8900;88453
SELG;D;20180910;000000;9.86;10.08;9.86;10.08;10600;105788
SELG;D;20180911;000000;9.91;10.09;9.83;9.99;510800;5021979
SELG;D;20180912;000000;9.97;10.09;9.83;9.83;558100;5487616
SELG;D;20180913;000000;9.85;9.99;9.83;9.99;858900;8444808
SELG;D;20180914;000000;9.99;10;9.99;10;500;4997
SELG;D;20180917;000000;9.99;9.99;9.89;9.96;4600;45818
SELG;D;20180918;000000;9.88;10;9.88;10;18900;188206
SELG;D;20180919;000000;9.96;9.96;9.96;9.96;100;996
SELG;D;20180920;000000;9.98;10;9.98;10;300;2998
SELG;D;20180921;000000;9.98;10;9.98;10;800;7994
SELG;D;20180924;000000;9.99;10;9.9;9.9;6000;59870
SELG;D;20180925;000000;9.99;10;9.95;9.99;4700;46968
SELG;D;20180926;000000;9.99;9.99;9.85;9.95;108700;1071328
SELG;D;20180927;000000;9.86;10.04;9.86;10.04;105900;1059957
SELG;D;20180928;000000;9.98;10.18;9.97;10.14;113300;1144014
SELG;D;20181001;000000;10.24;10.24;9.99;10.13;15700;158543
SELG;D;20181002;000000;10.05;10.91;9.95;10.43;464400;4826167
SELG;D;20181003;000000;10.47;10.6;10.09;10.1;106200;1085359
SELG;D;20181004;000000;10.1;10.14;10.06;10.07;106100;1073330
SELG;D;20181005;000000;10.05;10.43;10.03;10.43;61900;628430
SELG;D;20181008;000000;10.21;10.89;10.12;10.12;25600;263014
SELG;D;20181009;000000;10.18;10.18;9.9;10.15;152400;1525204
SELG;D;20181010;000000;10.88;10.88;9.97;10;113600;1149974
SELG;D;20181011;000000;10.01;10.1;9.86;10.1;72100;722395
SELG;D;20181012;000000;10.1;10.1;9.95;10;46400;465589
SELG;D;20181015;000000;10;10;9.75;9.91;159200;1560699
SELG;D;20181016;000000;9.99;10;9.82;10;141800;1409724
SELG;D;20181017;000000;9.77;10;9.76;10;104000;1027265
SELG;D;20181018;000000;9.9;10.03;9.8;9.9;25800;255664
SELG;D;20181019;000000;9.89;9.89;9.77;9.77;4100;40292
SELG;D;20181022;000000;9.8;9.91;9.8;9.9;113300;1121104
SELG;D;20181023;000000;9.9;9.9;9.7;9.8;123800;1209189
SELG;D;20181024;000000;9.88;9.88;9.77;9.8;37400;366250
SELG;D;20181025;000000;9.8;10;9.75;10;111400;1095555
SELG;D;20181026;000000;10;10;9.78;9.85;106400;1049025
SELG;D;20181029;000000;9.78;9.9;9.78;9.85;111500;1098235
SELG;D;20181030;000000;9.85;9.85;9.8;9.85;101900;1003670
SELG;D;20181031;000000;9.9;9.9;9.71;9.75;22300;218061
SELG;D;20181101;000000;9.79;9.8;9.6;9.71;116000;1133421
SELG;D;20181102;000000;9.78;9.8;9.7;9.7;105300;1031576
SELG;D;20181106;000000;9.73;9.8;9.62;9.7;13300;129938
SELG;D;20181107;000000;9.71;9.77;9.63;9.74;2900;28157
SELG;D;20181108;000000;9.78;9.8;9.71;9.8;111200;1089540
SELG;D;20181109;000000;9.68;9.8;9.67;9.72;108400;1061832
SELG;D;20181112;000000;9.69;9.8;9.67;9.79;21700;210085
SELG;D;20181113;000000;9.67;9.8;9.67;9.7;111000;1087693
SELG;D;20181114;000000;9.79;9.84;9.08;9.63;33900;325339
SELG;D;20181115;000000;9.75;9.75;9.55;9.55;4800;46049
SELG;D;20181116;000000;9.56;9.8;9.56;9.79;104200;1020344
SELG;D;20181119;000000;9.65;9.8;9.59;9.75;119900;1168545
SELG;D;20181120;000000;9.65;9.74;9.56;9.56;6600;63515
SELG;D;20181121;000000;9.64;9.65;9.41;9.55;161800;1554597
SELG;D;20181122;000000;9.57;9.6;9.48;9.6;34500;331020
SELG;D;20181123;000000;9.6;9.6;9.28;9.46;29600;279715
SELG;D;20181126;000000;9.3;9.33;9.17;9.19;111000;1025827
SELG;D;20181127;000000;9.37;9.39;9.28;9.36;12000;111708
SELG;D;20181128;000000;9.41;9.85;9.4;9.79;16700;160510
SELG;D;20181129;000000;9.58;9.95;9.57;9.95;11000;106668
SELG;D;20181130;000000;9.84;10.2;9.59;9.6;117500;1162706
SELG;D;20181203;000000;9.6;9.87;9.6;9.87;13100;126861
SELG;D;20181204;000000;9.88;9.99;9.78;9.9;7600;75069
SELG;D;20181205;000000;9.97;9.97;9.62;9.66;105800;1024549
SELG;D;20181206;000000;9.77;9.78;9.67;9.77;6300;61388
SELG;D;20181207;000000;9.7;9.89;9.65;9.88;120600;1169842
SELG;D;20181210;000000;9.7;9.7;9.65;9.7;17900;173620
SELG;D;20181211;000000;9.63;9.75;9.63;9.75;5100;49691
SELG;D;20181212;000000;9.7;9.75;9.65;9.7;107300;1040389
SELG;D;20181213;000000;9.69;9.7;9.64;9.65;108000;1042293
SELG;D;20181214;000000;9.74;9.97;9.57;9.58;113000;1089493
SELG;D;20181217;000000;9.69;9.69;9.56;9.65;15900;153626
SELG;D;20181218;000000;9.66;9.95;9.55;9.6;128500;1235363
SELG;D;20181219;000000;9.55;9.55;9.3;9.46;15700;148282
SELG;D;20181220;000000;9.48;9.5;9.3;9.41;117300;1107439
SELG;D;20181221;000000;9.58;9.59;9.36;9.5;135200;1283937
SELG;D;20181224;000000;9.58;9.7;9.51;9.7;115100;1106821
SELG;D;20181225;000000;9.53;9.96;9.52;9.94;198000;1934368
SELG;D;20181226;000000;10.14;10.14;9.72;10;12800;126988
SELG;D;20181227;000000;10.07;10.07;9.77;9.9;140300;1378645
SELG;D;20181228;000000;9.98;9.98;9.73;9.94;11700;115351
SELG;D;20181229;000000;9.98;10.03;9.95;9.95;66000;659959
SELG;D;20190103;000000;9.93;10.14;9.92;9.99;3800;38274
SELG;D;20190104;000000;10.04;10.04;9.89;10;2500;24916
SELG;D;20190108;000000;9.9;10.05;9.85;10.05;14300;141787
SELG;D;20190109;000000;9.87;10.14;9.87;10.01;6500;65679
SELG;D;20190110;000000;9.95;10;9.9;9.9;107400;1063473
SELG;D;20190111;000000;9.96;10.08;9.85;9.85;108200;1070076
SELG;D;20190114;000000;9.85;9.95;9.83;9.85;105700;1041429
SELG;D;20190115;000000;9.95;10.05;9.82;9.82;120100;1193468
SELG;D;20190116;000000;9.92;9.95;9.8;9.9;106900;1053062
SELG;D;20190117;000000;9.72;9.9;9.71;9.8;108200;1063213
SELG;D;20190118;000000;9.79;9.85;9.65;9.74;127200;1237306
SELG;D;20190121;000000;9.69;9.86;9.69;9.8;11900;116674
SELG;D;20190122;000000;9.85;9.87;9.66;9.75;108300;1052426
SELG;D;20190123;000000;9.75;9.8;9.6;9.7;116900;1134359
SELG;D;20190124;000000;9.7;9.7;9.6;9.65;106500;1027910
SELG;D;20190125;000000;9.66;9.78;9.6;9.71;109400;1055377
SELG;D;20190128;000000;9.82;9.82;9.6;9.69;112600;1085544
SELG;D;20190129;000000;9.66;9.74;9.6;9.6;368200;3541802
SELG;D;20190130;000000;9.74;9.74;9.51;9.61;481200;4607646
SELG;D;20190131;000000;9.66;9.74;9.46;9.5;1046200;9956714
SELG;D;20190201;000000;9.54;9.56;9.45;9.45;805400;7621287
SELG;D;20190204;000000;9.45;9.56;9.38;9.45;386300;3640785
SELG;D;20190205;000000;9.38;9.53;9.33;9.4;226100;2117875
SELG;D;20190206;000000;9.49;9.55;9.35;9.44;255800;2401118
SELG;D;20190207;000000;9.45;9.47;9.38;9.47;150700;1415889
SELG;D;20190208;000000;9.45;9.52;9.4;9.48;38300;360860
SELG;D;20190211;000000;9.52;9.52;9.4;9.45;127200;1199257
SELG;D;20190212;000000;9.48;9.84;9.48;9.55;143600;1367863
SELG;D;20190213;000000;9.49;9.65;8.7;9.57;124600;1170416
SELG;D;20190214;000000;9.59;11.98;8.83;9.51;207400;2017033
SELG;D;20190215;000000;9.54;9.6;9.5;9.53;108800;1035804
SELG;D;20190218;000000;9.51;9.57;9.47;9.51;70000;665105
SELG;D;20190219;000000;9.5;9.59;9.5;9.55;78300;747204
SELG;D;20190220;000000;9.54;9.78;9.54;9.75;119600;1146039
SELG;D;20190221;000000;9.56;9.78;9.55;9.6;107500;1030523
SELG;D;20190222;000000;9.56;9.65;9.55;9.65;108400;1039252
SELG;D;20190225;000000;9.53;9.75;9.53;9.62;117300;1131169
SELG;D;20190226;000000;9.59;9.7;9.55;9.65;88900;857834
SELG;D;20190227;000000;9.64;9.73;9.6;9.7;109400;1056237
SELG;D;20190228;000000;9.53;9.75;9.53;9.7;108700;1049248
SELG;D;20190301;000000;9.66;9.7;9.61;9.64;108200;1044209
SELG;D;20190304;000000;9.72;9.72;9.57;9.6;23100;222829
SELG;D;20190305;000000;9.56;9.66;9.56;9.66;48000;461579
SELG;D;20190306;000000;9.69;9.69;9.58;9.64;52900;507887
SELG;D;20190307;000000;9.59;9.65;9.57;9.57;108100;1038934
SELG;D;20190311;000000;9.66;9.87;9.63;9.68;41400;404736
SELG;D;20190312;000000;9.63;9.77;9.63;9.65;63600;614118
SELG;D;20190313;000000;9.72;9.72;9.64;9.72;52800;510362
SELG;D;20190314;000000;9.73;9.75;9.65;9.65;110500;1069043
SELG;D;20190315;000000;9.66;9.79;9.66;9.66;111900;1081075
SELG;D;20190318;000000;9.65;9.73;9.63;9.73;120400;1162630
SELG;D;20190319;000000;9.71;9.78;9.65;9.71;62800;607530
SELG;D;20190320;000000;9.68;9.78;9.64;9.64;112600;1088873
SELG;D;20190321;000000;9.68;9.75;9.68;9.72;69400;673342
SELG;D;20190322;000000;9.71;9.82;9.71;9.8;102000;994029
SELG;D;20190325;000000;9.82;9.85;9.75;9.85;99300;973116
SELG;D;20190326;000000;9.85;9.88;9.75;9.85;121400;1191548
SELG;D;20190327;000000;9.85;9.99;9.82;9.94;91700;907325
SELG;D;20190328;000000;9.9;9.93;9.86;9.93;65400;648109
SELG;D;20190329;000000;9.91;9.98;9.9;9.92;58900;584940
SELG;D;20190401;000000;9.91;9.97;9.83;9.89;50300;497872
SELG;D;20190402;000000;10;10;9.7;9.75;85300;838222
SELG;D;20190403;000000;9.72;9.76;9.6;9.69;204100;1975087
SELG;D;20190404;000000;9.68;9.68;9.37;9.44;123700;1167505
SELG;D;20190405;000000;9.42;9.45;9.23;9.23;83000;774611
SELG;D;20190408;000000;9.24;9.37;9.23;9.28;44700;414669
SELG;D;20190409;000000;9.34;9.34;9.16;9.2;129200;1188198
SELG;D;20190410;000000;9.2;9.24;9.15;9.22;121000;1108622
SELG;D;20190411;000000;9.15;9.34;9.12;9.2;123300;1129406
SELG;D;20190412;000000;9.32;9.32;9.15;9.2;112800;1032646
SELG;D;20190415;000000;9.24;9.45;9.13;9.24;35300;325965
SELG;D;20190416;000000;9.18;9.27;9.18;9.27;121000;1119340
SELG;D;20190417;000000;9.33;9.34;9.27;9.3;12900;119952
SELG;D;20190418;000000;9.34;9.34;9.25;9.25;116400;1077927
SELG;D;20190419;000000;9.29;9.29;9.2;9.27;115100;1065827
SELG;D;20190422;000000;9.34;9.34;9.27;9.27;111300;1035069
SELG;D;20190423;000000;9.28;9.4;9.27;9.39;57000;534106
SELG;D;20190424;000000;9.39;9.44;9.25;9.27;5800;54010
SELG;D;20190425;000000;9.28;9.35;9.26;9.27;117500;1098348
SELG;D;20190426;000000;9.28;9.4;9.2;9.25;98900;921537
SELG;D;20190429;000000;9.25;9.33;9.22;9.33;110000;1020134
SELG;D;20190430;000000;9.33;9.34;9.26;9.3;118900;1105835
SELG;D;20190502;000000;9.3;9.3;9.3;9.3;100;930
SELG;D;20190503;000000;9.3;9.34;9.27;9.33;2300;21398
SELG;D;20190506;000000;9.29;9.43;9.29;9.39;48900;455473
SELG;D;20190507;000000;9.33;9.52;9.33;9.38;33800;320325
SELG;D;20190508;000000;9.53;9.53;9.34;9.38;18300;173396
SELG;D;20190510;000000;9.34;9.4;9.33;9.33;3500;32694
SELG;D;20190513;000000;9.31;9.44;9.31;9.41;110900;1042918
SELG;D;20190514;000000;9.33;9.53;9.32;9.53;123700;1163155
SELG;D;20190515;000000;9.33;9.5;9.3;9.4;110600;1040555
SELG;D;20190516;000000;9.43;9.47;9.43;9.45;110400;1043266
SELG;D;20190517;000000;9.43;9.43;9.4;9.43;40800;383535
SELG;D;20190520;000000;9.37;9.44;9.36;9.36;50900;478465
SELG;D;20190521;000000;9.45;9.47;9.35;9.35;112900;1061324
SELG;D;20190522;000000;9.35;9.53;9.35;9.5;168700;1591572
SELG;D;20190523;000000;9.51;9.55;9.4;9.47;150200;1421590
SELG;D;20190524;000000;9.47;9.56;9.46;9.49;126400;1201160
SELG;D;20190527;000000;9.56;9.56;9.5;9.5;107300;1019537
SELG;D;20190528;000000;9.56;9.56;9.47;9.54;57600;547046
SELG;D;20190529;000000;9.54;9.57;9.5;9.55;113100;1078627
SELG;D;20190530;000000;9.45;9.56;9.45;9.53;107600;1024029
SELG;D;20190531;000000;9.5;9.68;9.5;9.68;143400;1371657
SELG;D;20190603;000000;9.68;9.72;9.56;9.65;38600;369527
SELG;D;20190604;000000;9.64;9.64;9.5;9.6;112400;1079023
SELG;D;20190605;000000;9.51;9.7;9.51;9.65;116800;1129564
SELG;D;20190606;000000;9.7;9.81;9.61;9.8;121500;1184866
SELG;D;20190607;000000;9.83;9.87;9.74;9.86;116400;1141538
SELG;D;20190610;000000;9.87;9.88;9.74;9.85;138100;1361322
SELG;D;20190611;000000;9.87;9.88;9.77;9.85;40400;398782
SELG;D;20190613;000000;9.88;9.88;9.7;9.83;36400;356331
SELG;D;20190614;000000;9.71;9.8;9.6;9.75;107700;1047683
SELG;D;20190617;000000;9.87;9.88;9.72;9.72;50100;492321
SELG;D;20190618;000000;9.8;9.88;9.68;9.7;130200;1265653
SELG;D;20190619;000000;9.78;9.78;9.6;9.62;90700;878473
SELG;D;20190620;000000;9.74;10.03;9.74;9.91;140300;1384383
SELG;D;20190621;000000;9.3;9.92;9.3;9.85;40500;395838
SELG;D;20190624;000000;9.72;10;9.72;9.82;27300;270697
SELG;D;20190625;000000;9.98;10;9.85;9.94;19700;196055
SELG;D;20190626;000000;10.02;10.02;9.58;9.71;298500;2896296
SELG;D;20190627;000000;9.59;9.78;9.59;9.7;21700;210813
SELG;D;20190628;000000;9.7;9.78;9.63;9.78;24200;234090
SELG;D;20190701;000000;9.75;9.75;9.7;9.7;458000;4443097
SELG;D;20190702;000000;9.68;9.73;9.51;9.68;22600;217033
SELG;D;20190703;000000;9.68;9.75;9.6;9.7;149700;1439457
SELG;D;20190704;000000;9.55;9.78;9.51;9.66;212000;2051917
SELG;D;20190705;000000;9.83;9.83;9.46;9.53;122000;1165251
SELG;D;20190708;000000;9.51;9.64;9.4;9.57;43400;413932
SELG;D;20190709;000000;9.56;9.61;9.4;9.5;108100;1022932
SELG;D;20190710;000000;9.49;9.49;9.35;9.4;75200;706775
SELG;D;20190711;000000;9.37;9.57;9.36;9.49;13800;130835
SELG;D;20190712;000000;9.53;9.55;9.38;9.4;25700;242281
SELG;D;20190715;000000;9.41;9.45;9.4;9.4;33400;314282
SELG;D;20190716;000000;9.46;9.5;9.31;9.39;27600;259279
SELG;D;20190717;000000;9.35;9.39;9.35;9.39;12500;117004
SELG;D;20190718;000000;9.4;9.55;9.3;9.31;101300;948075
SELG;D;20190719;000000;9.42;9.46;9.31;9.31;27700;259047
SELG;D;20190722;000000;9.29;9.41;9.29;9.34;13800;129083
SELG;D;20190723;000000;9.4;9.46;9.33;9.46;4600;43321
SELG;D;20190724;000000;9.47;9.52;9.37;9.38;3300;31145
SELG;D;20190725;000000;9.34;9.4;9.33;9.4;29000;271987
SELG;D;20190726;000000;9.44;9.45;9.39;9.43;58900;554022
SELG;D;20190729;000000;9.44;9.47;9.39;9.46;25400;240234
SELG;D;20190730;000000;9.38;9.45;9.38;9.39;10500;99205
SELG;D;20190731;000000;9.44;9.45;9.35;9.45;19600;185129
SELG;D;20190801;000000;9.39;9.45;9.39;9.41;38900;365951
SELG;D;20190802;000000;9.41;9.54;9.35;9.5;130900;1237223
SELG;D;20190805;000000;9.45;9.56;9.4;9.5;179200;1693362
SELG;D;20190806;000000;9.51;9.57;9.4;9.48;246000;2330169
SELG;D;20190807;000000;9.46;9.57;9.39;9.57;302300;2867810
SELG;D;20190808;000000;9.5;9.55;9.42;9.44;112600;1069509
SELG;D;20190809;000000;9.43;9.57;9.39;9.5;291900;2766759
SELG;D;20190812;000000;9.5;9.5;9.4;9.42;203800;1923753
SELG;D;20190813;000000;9.45;9.6;9.4;9.45;1650400;15676632
SELG;D;20190814;000000;9.41;9.49;9.38;9.45;148000;1395324
SELG;D;20190815;000000;9.48;9.5;9.39;9.39;109400;1031568
SELG;D;20190816;000000;9.4;9.46;9.37;9.4;99000;931107
SELG;D;20190819;000000;9.38;9.44;9.31;9.4;114300;1070017
SELG;D;20190820;000000;9.36;9.42;9.32;9.4;77900;732535
SELG;D;20190821;000000;9.4;9.4;9.35;9.4;47500;445315
SELG;D;20190822;000000;9.41;9.41;9.34;9.34;27900;261504
SELG;D;20190823;000000;9.38;9.43;9.35;9.36;18800;176629
SELG;D;20190826;000000;9.42;9.46;9.35;9.4;43100;405908
SELG;D;20190827;000000;9.37;9.42;9.37;9.4;31900;299749
SELG;D;20190828;000000;9.4;9.5;9.32;9.39;234400;2208870
SELG;D;20190829;000000;9.39;9.42;9.3;9.3;191600;1790922
SELG;D;20190830;000000;9.38;9.39;9.3;9.3;31000;289797
SELG;D;20190902;000000;9.31;9.32;9.25;9.3;39000;362384
SELG;D;20190903;000000;9.33;9.38;9.27;9.37;57600;535987
SELG;D;20190904;000000;9.38;9.38;9.3;9.32;130300;1212791
SELG;D;20190905;000000;9.34;9.35;9.26;9.26;90900;845612
SELG;D;20190906;000000;9.29;9.32;9.2;9.26;113600;1050597
SELG;D;20190909;000000;9.34;9.37;9.26;9.31;109600;1022550
SELG;D;20190910;000000;9.36;9.38;9.27;9.3;60000;558519
SELG;D;20190911;000000;9.29;9.29;9.2;9.27;111700;1033940
SELG;D;20190912;000000;9.32;9.4;9.26;9.4;300500;2797236
SELG;D;20190913;000000;9.4;9.41;9.33;9.4;100200;940605
SELG;D;20190916;000000;9.33;9.4;9.25;9.4;190700;1776574
SELG;D;20190917;000000;9.39;9.4;9.34;9.35;29700;278501
SELG;D;20190918;000000;9.32;9.4;9.29;9.36;20000;187370
SELG;D;20190919;000000;9.32;9.45;9.32;9.35;73400;690048
SELG;D;20190920;000000;9.39;9.46;9.32;9.35;126200;1183525
SELG;D;20190923;000000;9.36;9.4;9.3;9.4;48600;455318
SELG;D;20190924;000000;9.4;9.47;9.35;9.46;237700;2239592
SELG;D;20190925;000000;9.4;9.4;9.35;9.35;10100;94780
SELG;D;20190926;000000;9.38;9.4;9.21;9.31;132700;1233759
SELG;D;20190927;000000;9.38;9.4;9.32;9.39;96400;904821
SELG;D;20190930;000000;9.34;9.38;9.31;9.37;51100;477338
SELG;D;20191001;000000;9.37;9.47;9.34;9.4;271700;2561023
SELG;D;20191002;000000;9.36;9.41;9.3;9.33;83100;778295
SELG;D;20191003;000000;9.33;9.39;9.26;9.33;149200;1388120
SELG;D;20191004;000000;9.33;9.33;9.28;9.29;5400;50321
SELG;D;20191007;000000;9.3;9.36;9.22;9.31;22500;209055
SELG;D;20191008;000000;9.33;9.33;9.25;9.29;27400;254449
SELG;D;20191009;000000;9.33;9.33;9.26;9.31;25200;234490
SELG;D;20191010;000000;9.28;9.34;9.28;9.34;12700;118516
SELG;D;20191011;000000;9.33;9.33;9.2;9.26;110500;1022284
SELG;D;20191014;000000;9.29;9.31;9.2;9.25;23900;221632
SELG;D;20191015;000000;9.26;9.67;9.26;9.57;730700;6940305
SELG;D;20191016;000000;9.68;9.76;9.5;9.55;201000;1928697
SELG;D;20191017;000000;9.49;9.6;9.49;9.54;25900;247597
SELG;D;20191018;000000;9.63;9.63;9.56;9.58;42100;403364
SELG;D;20191021;000000;9.64;9.68;9.39;9.42;162100;1529644
SELG;D;20191022;000000;9.6;9.6;9.34;9.43;224700;2128271
SELG;D;20191023;000000;9.46;9.78;9.46;9.68;315100;3050836
SELG;D;20191024;000000;9.75;9.79;9.6;9.79;129800;1262471
SELG;D;20191025;000000;9.82;9.94;9.52;9.57;254900;2478885
SELG;D;20191028;000000;9.57;9.6;9.45;9.45;138500;1320514
SELG;D;20191029;000000;9.46;9.58;9.46;9.49;84000;798864
SELG;D;20191030;000000;9.46;9.59;9.42;9.53;25000;237502
SELG;D;20191031;000000;9.52;9.68;9.52;9.6;728500;6996411
SELG;D;20191101;000000;9.54;9.65;9.49;9.62;2171700;20847216
SELG;D;20191105;000000;9.64;10.09;9.55;9.6;2652400;25659893
SELG;D;20191106;000000;9.6;9.7;9.5;9.6;2626300;25218692
SELG;D;20191107;000000;9.6;9.78;9.55;9.65;2395100;23058753
SELG;D;20191108;000000;9.82;9.82;9.53;9.6;1670200;16039148
SELG;D;20191111;000000;9.62;9.7;9.59;9.6;1559000;14994518
SELG;D;20191112;000000;9.6;9.9;9.6;9.75;1760300;17234615
SELG;D;20191113;000000;9.9;10.09;9.79;9.95;895600;8870604
SELG;D;20191114;000000;10.01;11.5;9.98;11.34;3404500;37318776
SELG;D;20191115;000000;11.6;11.94;10.69;10.91;1832900;20682045
SELG;D;20191118;000000;11.08;11.17;10.58;10.84;397400;4326718
SELG;D;20191119;000000;10.94;10.94;10.68;10.71;326200;3522598
SELG;D;20191120;000000;10.85;11.2;10.5;11.1;542800;5811758
SELG;D;20191121;000000;11.26;11.27;10.84;11.04;401700;4439853
SELG;D;20191122;000000;11.12;11.65;11.12;11.48;639100;7298427
SELG;D;20191125;000000;11.6;11.71;11.28;11.43;409000;4667649
SELG;D;20191126;000000;11.65;11.65;11;11.15;379700;4272094
SELG;D;20191127;000000;11.18;11.35;11.1;11.34;190900;2150573
SELG;D;20191128;000000;11.4;11.43;11.13;11.22;163800;1835780
SELG;D;20191129;000000;11.31;11.36;11.13;11.26;230300;2587635
SELG;D;20191202;000000;11.1;11.33;10.97;11.3;192900;2164673
SELG;D;20191203;000000;11.2;11.43;11.1;11.21;263900;2971870
SELG;D;20191204;000000;11.23;11.43;11.19;11.37;201300;2279850
SELG;D;20191205;000000;11.43;12.6;11.42;12.45;1825600;22232862
SELG;D;20191206;000000;12.49;12.97;12.21;12.52;1283200;16168834
SELG;D;20191209;000000;12.52;12.71;12.27;12.43;311500;3863444
SELG;D;20191210;000000;12.48;12.48;11.95;12.19;356700;4367893
SELG;D;20191211;000000;12.21;12.31;11.54;12.21;467900;5648672
SELG;D;20191212;000000;12.15;12.46;12.15;12.33;257700;3173658
SELG;D;20191213;000000;12.36;12.6;12.26;12.45;479900;5987354
SELG;D;20191216;000000;12.54;13.6;12.5;13.6;1841200;24372102
SELG;D;20191217;000000;13.67;13.89;13.31;13.53;931100;12592789
SELG;D;20191218;000000;13.42;13.55;13.07;13.31;681400;9045557
SELG;D;20191219;000000;13.38;13.49;13.28;13.37;811800;10874840
SELG;D;20191220;000000;13.3;13.5;13.11;13.31;1204300;16035077
SELG;D;20191223;000000;12.51;12.51;11.68;12.12;1220200;14755851
SELG;D;20191224;000000;12.28;12.3;12.01;12.18;1037500;12533503
SELG;D;20191225;000000;12.2;12.2;11.52;11.76;950200;11234396
SELG;D;20191226;000000;11.74;11.74;11.4;11.53;608200;7002267
SELG;D;20191227;000000;11.53;12.2;11.53;11.98;378900;4464245
SELG;D;20191230;000000;11.81;12.26;11.51;12.26;969100;11542830
SELG;D;20200103;000000;12.24;13;12.11;12.88;966800;12251519
SELG;D;20200106;000000;13.09;13.5;13;13.2;963700;12777301
SELG;D;20200108;000000;13.49;13.5;12.8;13.32;1654400;21951799
SELG;D;20200109;000000;13.3;13.4;13;13.13;535600;7044975
SELG;D;20200110;000000;13.26;13.26;12.99;13.05;286500;3748317
SELG;D;20200113;000000;13.06;13.28;12.94;13.1;273900;3582760
SELG;D;20200114;000000;13.11;13.2;13.02;13.11;311200;4078709
SELG;D;20200115;000000;12.98;13.18;11.51;13.08;351200;4565451
SELG;D;20200116;000000;13.03;13.22;12.96;13.15;154400;2027154
SELG;D;20200117;000000;13.2;13.2;12.81;13.13;287200;3759361
SELG;D;20200120;000000;13.1;13.28;12.96;13.05;669100;8722110
SELG;D;20200121;000000;13.05;13.16;12.85;12.97;143200;1858011
SELG;D;20200122;000000;12.97;13.09;12.87;13.01;348200;4511109
SELG;D;20200123;000000;13.05;13.2;12.91;12.96;255300;3340164
SELG;D;20200124;000000;13.09;13.16;12.96;13.09;333100;4365131
SELG;D;20200127;000000;13.14;13.44;13.11;13.37;867500;11550367
SELG;D;20200128;000000;13.21;13.4;13.02;13.2;319900;4219012
SELG;D;20200129;000000;13.06;13.28;13.05;13.18;211100;2781027
SELG;D;20200130;000000;13.18;14.58;13.15;14.4;2166800;30139816
SELG;D;20200131;000000;14.59;15;14.11;14.4;1693000;24566863
SELG;D;20200203;000000;14.68;14.8;14.05;14.12;389100;5569329
SELG;D;20200204;000000;14.17;14.45;14.04;14.33;218300;3129435
SELG;D;20200205;000000;14.41;14.7;14.2;14.39;417700;6035098
SELG;D;20200206;000000;14.26;14.6;14.2;14.51;231800;3352816
SELG;D;20200207;000000;14.62;14.62;14.4;14.54;240200;3493223
SELG;D;20200210;000000;14.57;15.19;14.48;15.13;1077300;16086580
SELG;D;20200211;000000;15.22;15.94;15;15.65;1257000;19631213
SELG;D;20200212;000000;15.51;15.95;15;15.22;895800;13780806
SELG;D;20200213;000000;15.48;15.65;15.21;15.46;493200;7652979
SELG;D;20200214;000000;15.25;15.55;15.1;15.5;145000;2236275
SELG;D;20200217;000000;15.44;15.6;15.03;15.36;445600;6794713
SELG;D;20200218;000000;15.59;15.75;15.29;15.6;516900;8024111
SELG;D;20200219;000000;15.74;15.95;15.41;15.69;443400;6985707
SELG;D;20200220;000000;15.45;15.85;15.42;15.78;338300;5294296
SELG;D;20200221;000000;15.83;16.5;15.67;16.4;968600;15630838
SELG;D;20200225;000000;16.42;16.82;16.4;16.62;828300;13769495
SELG;D;20200226;000000;16.8;16.8;16.15;16.3;809500;13304244
SELG;D;20200227;000000;16.57;16.57;15.05;15.6;1117800;17684820
SELG;D;20200228;000000;15.22;15.45;13.6;14.08;959300;13777652
SELG;D;20200302;000000;14.36;15.4;14.35;14.62;1011900;15103606
SELG;D;20200303;000000;14.67;15.15;14.52;15.06;504600;7485424
SELG;D;20200304;000000;15.35;15.47;14.9;15.18;412200;6227720
SELG;D;20200305;000000;15.2;15.5;14.75;15.27;481300;7239020
SELG;D;20200306;000000;15.35;15.5;14.63;14.79;607400;9144283
SELG;D;20200310;000000;13.26;15;13.2;14.5;696100;9975162
SELG;D;20200311;000000;14.84;14.99;14.2;14.2;590400;8609262
SELG;D;20200312;000000;14.01;14.05;12.8;13;592300;7889476
SELG;D;20200313;000000;13.26;13.6;12.6;13.4;429500;5686288
SELG;D;20200316;000000;13.56;13.56;12.52;13.03;374500;4805127
SELG;D;20200317;000000;12.62;13.08;12.5;13.07;218500;2769715
SELG;D;20200318;000000;13.07;13.1;12.58;12.63;190500;2446852
SELG;D;20200319;000000;12.87;12.87;10.55;12.5;231800;2858230
SELG;D;20200320;000000;12.66;13.08;12.46;12.77;582200;7404771
SELG;D;20200323;000000;12.52;12.98;12.5;12.88;84700;1069584
SELG;D;20200324;000000;13.22;13.94;13.22;13.65;235800;3220082
SELG;D;20200325;000000;13.83;14.19;13.66;13.89;313100;4361588
SELG;D;20200326;000000;13.99;14.7;13.96;14.53;312300;4487917
SELG;D;20200327;000000;14.99;15.33;14.5;15.09;537800;8034560
SELG;D;20200330;000000;15.24;16;15.01;15.7;331400;5202514
SELG;D;20200331;000000;15.93;15.96;15.6;15.71;216700;3421849
SELG;D;20200401;000000;16.09;19;15.72;17.98;4080600;72468391
SELG;D;20200402;000000;18.3;18.47;16.85;17.35;916100;15945592
SELG;D;20200403;000000;17.45;17.45;16.96;17.1;246400;4202666
SELG;D;20200406;000000;17.2;17.49;16.8;16.94;261000;4418528
SELG;D;20200407;000000;17.2;17.4;16.9;17.05;275600;4709610
SELG;D;20200408;000000;17.02;17.4;17.02;17.15;137900;2369967
SELG;D;20200409;000000;17.29;18.49;17.02;17.89;538100;9524751
SELG;D;20200410;000000;17.76;18.5;17.76;18.5;386500;7030761
SELG;D;20200413;000000;18.85;21;18.57;21;2785700;56522362
SELG;D;20200414;000000;21.42;25.9;21.16;25;3284300;77628302
SELG;D;20200415;000000;25.01;25.1;22.25;22.84;2864800;67089509
SELG;D;20200416;000000;23.09;24.38;23.09;23.5;1646100;39250948
SELG;D;20200417;000000;23.03;23.54;22.85;23;500800;11591267
SELG;D;20200420;000000;23.07;24;21.82;22.7;654900;14781653
SELG;D;20200421;000000;22;24.61;22;23.44;1608400;38046965
SELG;D;20200422;000000;24.3;24.48;23.06;23.5;845600;19848973
SELG;D;20200423;000000;23.7;23.84;22.71;23.31;489500;11381906
SELG;D;20200424;000000;23.06;23.52;22.9;23;221600;5122809
SELG;D;20200427;000000;22.93;23.14;22.04;22.68;392300;8852240
SELG;D;20200428;000000;22.59;22.8;22.03;22.38;382800;8545083
SELG;D;20200429;000000;22.4;22.49;20.8;21.52;603000;13035448
SELG;D;20200430;000000;21.52;22.98;21.1;21.3;413600;8882718
SELG;D;20200504;000000;21.47;21.98;21.12;21.53;266000;5755748
SELG;D;20200505;000000;21.6;21.87;21.02;21.81;260500;5595943
SELG;D;20200506;000000;21.81;23.4;21.71;22.89;994200;22542301
SELG;D;20200507;000000;22.97;23.69;22.71;23.38;631500;14714620
SELG;D;20200508;000000;23.5;24.39;23.5;24.35;1350700;32627203
SELG;D;20200512;000000;24.83;24.83;22.43;23.75;671700;15850195
SELG;D;20200513;000000;24.23;24.38;23.11;23.9;381300;9095151
SELG;D;20200514;000000;24.39;24.39;23.22;24.24;357600;8570252
SELG;D;20200515;000000;24.23;24.5;24.01;24.19;396000;9619132
SELG;D;20200518;000000;24.57;24.82;23.99;24.02;438900;10696721
SELG;D;20200519;000000;24;24.08;23;23.8;561100;13143528
SELG;D;20200520;000000;24.08;24.2;23.4;23.67;223400;5305783
SELG;D;20200521;000000;23.6;23.8;23.5;23.63;157300;3706832
SELG;D;20200522;000000;23.47;23.9;23.47;23.76;182600;4341868
SELG;D;20200525;000000;24.59;24.59;23.83;24.34;817100;19778725
SELG;D;20200526;000000;24.5;24.7;24.1;24.1;433600;10564885
SELG;D;20200527;000000;24.1;24.57;23.87;24;410900;9909040
SELG;D;20200528;000000;24.45;24.57;24.18;24.4;399500;9761527
SELG;D;20200529;000000;24.4;24.5;24.23;24.36;369700;9020234
SELG;D;20200601;000000;24.46;24.52;24.12;24.3;218700;5314584
SELG;D;20200602;000000;24.25;24.49;24.1;24.26;616400;14989764
SELG;D;20200603;000000;24.07;24.42;24.07;24.27;263900;6407704
SELG;D;20200604;000000;24.3;24.4;24.2;24.2;220300;5356520
SELG;D;20200605;000000;24.13;24.37;23.32;23.49;499600;11896687
SELG;D;20200608;000000;23.6;23.99;23.2;23.48;349500;8175652
SELG;D;20200609;000000;23.3;24.83;23.3;24.36;1016200;24695506
SELG;D;20200610;000000;24.63;24.63;24.3;24.3;179600;4395249
SELG;D;20200611;000000;24.59;24.99;24;24.4;400000;9849140
SELG;D;20200615;000000;24.41;24.41;21.31;23.89;568200;13524497
SELG;D;20200616;000000;24.26;24.97;24.09;24.46;500600;12315468
SELG;D;20200617;000000;25;25;24.53;24.89;286500;7117267
SELG;D;20200618;000000;24.96;25.96;24.7;25.26;855900;21545134
SELG;D;20200619;000000;25.49;26.05;25.49;25.9;396500;10245462
SELG;D;20200622;000000;26;26.9;26;26.42;1339800;35543352
SELG;D;20200623;000000;26.61;27.28;26.51;26.65;1052700;28108455
SELG;D;20200625;000000;25.39;26.47;24.55;25.7;944200;24377862
SELG;D;20200626;000000;25.7;26.2;25.26;25.6;390700;10088784
SELG;D;20200629;000000;25.61;25.9;24.5;24.57;909100;22686474
SELG;D;20200630;000000;24.8;24.87;23.9;24.59;601800;14602121
SELG;D;20200702;000000;24.58;24.97;23.02;24.15;339900;8140336
SELG;D;20200703;000000;24.56;24.61;24;24.2;149800;3622196
SELG;D;20200706;000000;24.23;25.83;24.23;25.48;496200;12466345
SELG;D;20200707;000000;25.02;25.93;24.9;25.69;336900;8619478
SELG;D;20200708;000000;24.6;26.64;24.55;26.25;393100;10222640
SELG;D;20200709;000000;26.24;26.7;26;26;496000;13079133
SELG;D;20200710;000000;26;26.7;26;26.45;389900;10305526
SELG;D;20200713;000000;26.43;26.71;26.3;26.38;393500;10449949
SELG;D;20200714;000000;26.5;26.64;25.45;25.7;219400;5677374
SELG;D;20200715;000000;26;26.49;26;26.34;155700;4096758
SELG;D;20200716;000000;26.62;26.75;26.16;26.55;274500;7282540
SELG;D;20200717;000000;25.97;26.55;25.97;26.42;122700;3235573
SELG;D;20200720;000000;26.54;26.68;26.27;26.6;151400;4023182
SELG;D;20200721;000000;26.69;26.88;26.49;26.62;199400;5323265
SELG;D;20200722;000000;26.93;28.89;26.68;27.81;502000;13690871
SELG;D;20200723;000000;27.82;34.77;27.82;30.9;2990800;92895677
SELG;D;20200724;000000;31.49;34.15;31.18;33.4;3001400;99085696
SELG;D;20200727;000000;35.5;41;34.5;38.9;5318700;198712601
SELG;D;20200728;000000;39.67;42.87;36.22;39;4413600;169022198
SELG;D;20200729;000000;39.32;41;39;39.42;2321300;92799356
SELG;D;20200730;000000;38.69;40.64;37.36;37.48;1249600;48330349
SELG;D;20200731;000000;39.58;39.98;38.2;39.2;1185800;46725688
SELG;D;20200803;000000;39.97;39.98;38.11;38.79;1085000;42279932
SELG;D;20200804;000000;38.86;39.23;36.81;38.4;1589900;59895748
SELG;D;20200805;000000;39.66;41;38.4;41;1967800;77717903
SELG;D;20200806;000000;41.21;48.94;40.15;47.19;5589700;252604791
SELG;D;20200807;000000;46.8;54.9;46.52;50.55;8497500;443294997
SELG;D;20200810;000000;50.7;54.84;50.6;53.3;3971000;210821383
SELG;D;20200811;000000;52.07;52.2;47;47.67;3607100;176794883
SELG;D;20200812;000000;45.66;49.97;43.14;48.79;4074900;193250442
SELG;D;20200813;000000;47.88;49.6;47.88;48.2;911900;44292667
SELG;D;20200814;000000;47.52;49.38;47;47.26;657300;31532207
SELG;D;20200817;000000;47.98;51.7;47.8;49.7;2741100;136356336
SELG;D;20200818;000000;50;51.7;49.19;49.98;1497900;75773535
SELG;D;20200819;000000;49.24;49.74;48.06;48.75;811200;39816272
SELG;D;20200820;000000;47.78;49.49;46.99;48.3;1285400;61820371
SELG;D;20200821;000000;48.57;49.84;46.55;47.16;1590100;75756878
SELG;D;20200824;000000;47;48.8;46.8;47.5;1027800;49196035
SELG;D;20200825;000000;47.51;47.8;46.53;46.6;938100;44148817
SELG;D;20200826;000000;46.5;46.51;44.28;46.09;1553200;70416900
SELG;D;20200827;000000;46.25;47.3;45.41;46.05;1197100;55985454
SELG;D;20200828;000000;46.31;48.5;46.31;47.88;1766300;84668629
SELG;D;20200831;000000;48.01;49;47.05;47.32;734700;35286407
SELG;D;20200901;000000;48.07;48.67;46.76;47.75;1240800;59474946
SELG;D;20200902;000000;48.15;48.17;46.31;46.65;1042400;49062488
SELG;D;20200903;000000;46.29;46.82;45.54;45.54;300700;13858331
SELG;D;20200904;000000;45.53;45.53;44.32;44.8;549800;24689872
SELG;D;20200907;000000;43.97;45.86;43.97;45.3;335100;15175476
SELG;D;20200908;000000;45.77;45.77;43.15;43.6;386400;17029889
SELG;D;20200909;000000;43.81;44.25;41.5;42.8;768500;32610651
SELG;D;20200910;000000;43.13;44.64;42.71;43.25;534900;23139604
SELG;D;20200911;000000;43.28;44;42.59;43.1;487400;21071682
SELG;D;20200914;000000;43.28;43.49;42.76;43.38;203700;8818505
SELG;D;20200915;000000;44.4;44.4;43.39;43.96;345200;15173728
SELG;D;20200916;000000;43.81;45.35;43.51;45.18;446900;20035881
SELG;D;20200917;000000;44;44.91;44;44.54;255800;11382418
SELG;D;20200918;000000;44.69;45.09;44.25;44.37;77300;3438942
SELG;D;20200921;000000;44.38;44.59;42.05;42.32;575800;24627184
SELG;D;20200922;000000;42.3;42.7;40.51;41.2;434600;18056399
SELG;D;20200923;000000;41;41.48;39.7;41.01;318300;12898691
SELG;D;20200924;000000;41.2;42.06;40.31;41;235000;9605312
SELG;D;20200925;000000;42.8;42.8;41.1;41.88;221900;9286144
SELG;D;20200928;000000;42.23;42.86;40.82;42.42;269100;11264205
SELG;D;20200929;000000;42.5;44.5;41.83;43.12;201600;8677048
SELG;D;20200930;000000;43.6;43.6;42.02;42.18;225500;9564114
SELG;D;20201001;000000;42.5;43.1;42.2;42.48;338200;14390323
SELG;D;20201002;000000;43.1;43.8;42.1;42.53;334700;14337541
SELG;D;20201005;000000;42.73;42.77;42.02;42.76;102200;4337237
SELG;D;20201006;000000;42.44;42.8;42.27;42.3;80100;3399082
SELG;D;20201007;000000;42.5;42.92;41.3;41.3;130100;5452713
SELG;D;20201008;000000;42.07;42.07;41.26;41.31;112100;4647512
SELG;D;20201009;000000;41.78;42.49;41.35;42.34;143500;6021917
SELG;D;20201012;000000;42.5;42.89;41.7;42.2;221300;9376178
SELG;D;20201013;000000;42.8;42.8;41.8;42.66;212500;9018949
SELG;D;20201014;000000;42.76;43.44;42.21;43.24;226700;9778631
SELG;D;20201015;000000;43.32;43.39;42.25;42.58;112800;4809651
SELG;D;20201016;000000;42.91;43.93;42.77;43.6;284600;12388634
SELG;D;20201019;000000;43.68;47;43.45;45;940900;42706279
SELG;D;20201020;000000;45;46.4;44.1;44.73;444200;20115259
SELG;D;20201021;000000;45.47;45.49;44.69;45.21;186100;8389440
SELG;D;20201022;000000;44.82;45.9;44.07;44.91;241000;10874164
SELG;D;20201023;000000;44.73;44.9;44.16;44.54;161600;7201704
SELG;D;20201026;000000;44.06;45.25;44.06;44.6;93700;4198444
SELG;D;20201027;000000;44.58;45.36;42.02;43.78;605500;26516267
SELG;D;20201028;000000;43.71;44;41.62;41.92;402300;17203721
SELG;D;20201029;000000;41.69;42.88;41.24;41.68;242000;10092729
SELG;D;20201030;000000;41.7;42.12;41.3;41.44;122900;5118739
SELG;D;20201102;000000;42.19;43.5;41.34;42.5;276900;11804759
SELG;D;20201103;000000;42.9;43.47;42.72;43.28;174200;7537297
SELG;D;20201105;000000;43.47;44.42;43.27;43.88;563200;24594604
SELG;D;20201106;000000;43.88;44.64;43.5;43.98;538000;23772240
SELG;D;20201109;000000;44.3;45.75;42.8;43.22;1763700;78102007
SELG;D;20201110;000000;43.55;44.19;43.01;43.72;358400;15684676
SELG;D;20201111;000000;43.8;44.18;43.44;43.9;311500;13675818
SELG;D;20201112;000000;43.61;44.14;43.61;44.05;284900;12537952
SELG;D;20201113;000000;44.05;44.65;44.05;44.6;344700;15321514
SELG;D;20201116;000000;44.69;45.5;44.47;45.25;519500;23461755
SELG;D;20201117;000000;45.41;46;45.37;46;534900;24419925
SELG;D;20201118;000000;45.99;47.9;45.9;47.77;1102900;51872473
SELG;D;20201119;000000;47.69;49.7;47.03;48.21;2001100;97227260
SELG;D;20201120;000000;48.5;49.4;48.36;49.4;1144500;56041672
SELG;D;20201123;000000;50.44;51.64;49.7;49.92;2319600;117924420
SELG;D;20201124;000000;50.4;50.93;47.52;48.5;1859700;90841685
SELG;D;20201125;000000;48.84;49.9;48.6;49.06;1400500;68951449
SELG;D;20201126;000000;49.3;49.99;48.9;49.8;1377100;68566335
SELG;D;20201127;000000;47.25;47.4;46.41;46.78;1049400;49297320
SELG;D;20201130;000000;46.69;46.69;45.02;45.04;546800;24990295
SELG;D;20201201;000000;45.03;47.5;45;47.1;834300;38603517
SELG;D;20201202;000000;47.55;48.4;46.28;47.94;737400;35067564
SELG;D;20201203;000000;47.95;48.7;47.2;47.51;402300;19342590
SELG;D;20201204;000000;47.81;48.18;46.39;46.56;352600;16521279
SELG;D;20201207;000000;46.59;46.78;45.5;46.71;340700;15667746
SELG;D;20201208;000000;46.9;47.59;46;46.3;303400;14159759
SELG;D;20201209;000000;46.3;47.16;45.69;46.17;254500;11816083
SELG;D;20201210;000000;45.51;47.14;45.32;46.5;335400;15581223
SELG;D;20201211;000000;46.32;46.58;45.23;45.54;217500;9966536
SELG;D;20201214;000000;45.72;45.9;45.32;45.51;180200;8230679
SELG;D;20201215;000000;45.6;46.47;45.41;46.14;222800;10288698
SELG;D;20201216;000000;46.39;46.84;45.8;46.46;152800;7075264
SELG;D;20201217;000000;46.69;48.2;46.08;48.07;1114600;52612433
SELG;D;20201218;000000;48.11;48.13;46.27;46.7;329100;15568668
SELG;D;20201221;000000;48.03;48.43;46.15;46.89;444800;21057123
SELG;D;20201222;000000;46.31;47.95;46.31;47.14;235500;11172907
SELG;D;20201223;000000;47.33;47.77;46.7;47.04;101400;4774320
SELG;D;20201224;000000;46.79;47.42;46.5;46.7;86000;4027343
SELG;D;20201225;000000;46.76;47.39;46.35;46.42;93800;4367214
SELG;D;20201228;000000;47;47.2;45.07;45.46;420400;19254494
SELG;D;20201229;000000;45.5;46.21;45.4;45.51;163600;7488379
SELG;D;20201230;000000;45.7;45.99;45.45;45.5;94600;4317071
SELG;D;20210104;000000;46.03;46.47;45.7;46.1;290800;13384533
SELG;D;20210105;000000;46.04;48;45.67;46.96;633100;29692573
SELG;D;20210106;000000;47.38;47.38;46.71;46.71;201800;9484979
SELG;D;20210108;000000;46.91;46.99;46.19;46.21;214200;9959698
SELG;D;20210111;000000;46.7;46.85;45.9;46;191600;8842788
SELG;D;20210112;000000;46.23;46.48;45.95;45.96;95500;4410619
SELG;D;20210113;000000;46;46.32;45.8;46.19;100900;4642981
SELG;D;20210114;000000;46;46.23;45.8;45.86;124400;5713369
SELG;D;20210115;000000;46.24;46.24;45.15;45.21;267600;12167961
SELG;D;20210118;000000;45.39;46;44.26;44.99;390900;17557154
SELG;D;20210119;000000;44.96;45.69;44.96;45;130400;5893149
SELG;D;20210120;000000;45.14;45.48;44.92;45.37;138700;6273956
SELG;D;20210121;000000;46;46;45.01;45.01;145000;6582004
SELG;D;20210122;000000;45.42;46;44.95;44.96;175600;7976199
SELG;D;20210125;000000;45.29;45.72;43.69;44.42;437700;19340905
SELG;D;20210126;000000;44.29;44.29;43.35;43.79;341300;14929973
SELG;D;20210127;000000;43.78;43.83;43.4;43.69;136100;5930235
SELG;D;20210128;000000;43.42;44.3;43.31;44.3;164000;7179365
SELG;D;20210129;000000;44.28;44.8;43.32;43.83;197900;8721315
SELG;D;20210201;000000;44.1;48.3;43.4;46.11;2804100;131145726
SELG;D;20210202;000000;46.12;46.98;45.1;45.6;682500;31321572
SELG;D;20210203;000000;46.47;50.34;45.16;48.41;7496300;366804689
SELG;D;20210204;000000;48.98;48.98;46.56;46.79;1420600;66893422
SELG;D;20210205;000000;47.4;47.4;45.33;45.47;1238500;57230399
SELG;D;20210208;000000;46;46.5;45.35;45.85;476100;21812048
SELG;D;20210209;000000;45.99;46.4;45;45.19;470700;21393858
SELG;D;20210210;000000;45.23;45.59;44.4;44.81;656300;29475168
SELG;D;20210211;000000;44.75;45.15;44.51;44.6;207300;9287587
SELG;D;20210212;000000;44.9;44.9;44.32;44.37;203400;9040264
SELG;D;20210215;000000;44.6;45.4;44.59;45.3;285100;12848828
SELG;D;20210216;000000;45.4;45.98;44.5;45.2;391300;17788182
SELG;D;20210217;000000;45.48;45.53;44.5;44.6;274800;12355208
SELG;D;20210218;000000;44.8;45.2;44.2;44.2;335600;15007675
SELG;D;20210219;000000;44.17;44.71;41.87;44.44;305200;13387391
SELG;D;20210220;000000;44.5;44.7;44.13;44.67;76900;3422505
SELG;D;20210222;000000;44.71;44.8;44.05;44.6;85000;3787112
SELG;D;20210224;000000;44.07;44.69;44.03;44.35;112400;4991076
SELG;D;20210225;000000;44.4;44.53;43.51;44.09;203000;8934617
SELG;D;20210226;000000;43.8;44.37;43.55;43.57;155600;6809422
SELG;D;20210301;000000;43.98;44.76;43.75;43.87;71800;3154829
SELG;D;20210302;000000;43.87;43.99;43.33;43.55;170000;7410132
SELG;D;20210303;000000;44.09;44.4;43.5;43.62;181600;7953863
SELG;D;20210304;000000;44.4;44.4;42.5;43;251500;10857830
SELG;D;20210305;000000;43.12;43.12;42.02;42.55;290600;12319679
SELG;D;20210309;000000;42.41;44.4;42.24;43.51;233300;10067033
SELG;D;20210310;000000;43.51;43.59;42.49;43.41;202600;8724378
SELG;D;20210311;000000;43.58;43.74;43.02;43.43;120400;5233959
SELG;D;20210312;000000;43.4;43.75;42.8;42.89;114100;4920661
SELG;D;20210315;000000;42.81;43.78;42.81;43.07;153000;6642715
SELG;D;20210316;000000;43.15;43.84;42.9;43.2;181700;7872426
SELG;D;20210317;000000;42.91;43.43;42.85;42.9;160900;6921827
SELG;D;20210318;000000;43.47;43.68;43.08;43.36;106800;4633798
SELG;D;20210319;000000;43.7;45.9;43.1;45.9;343500;15262762
SELG;D;20210322;000000;44.9;45.46;43.6;44.94;353000;15858839
SELG;D;20210323;000000;45.04;45.04;43.77;44.02;179400;7931571
SELG;D;20210324;000000;44.44;44.44;43.73;43.73;86300;3788638
SELG;D;20210325;000000;43.76;44.1;43.15;43.26;90700;3942307
SELG;D;20210326;000000;43.38;43.54;43.1;43.25;93800;4059121
SELG;D;20210329;000000;43.29;43.8;43.15;43.47;59300;2576172
SELG;D;20210330;000000;43.35;43.54;42.41;42.94;207300;8882943
SELG;D;20210331;000000;43.29;43.29;42.58;43.16;92600;3986094
SELG;D;20210401;000000;43.35;43.75;43.01;43.4;114000;4957637
SELG;D;20210402;000000;43.63;44.29;43.4;43.78;125600;5490155
SELG;D;20210405;000000;43.84;43.84;43.5;43.56;76700;3349290
SELG;D;20210406;000000;43.83;44;43.6;44;124700;5460664
SELG;D;20210407;000000;44;44;43.69;43.86;49100;2152090
SELG;D;20210408;000000;43.78;44;43.41;43.78;181000;7908961
SELG;D;20210409;000000;44.28;44.28;43.19;43.59;94400;4110109
SELG;D;20210412;000000;43.61;44.5;43.09;44.27;298500;13057499
SELG;D;20210413;000000;44.24;44.95;43.52;44.62;156900;6971471
SELG;D;20210414;000000;44.59;45.2;44.59;44.91;136800;6150670
SELG;D;20210415;000000;44.64;45;44.14;44.89;136100;6071379
SELG;D;20210416;000000;44.63;44.88;43.95;44.64;189300;8411722
SELG;D;20210419;000000;44.64;45.83;44.64;45.08;430100;19533580
SELG;D;20210420;000000;45.24;45.24;44.49;44.62;145800;6533206
SELG;D;20210421;000000;45.2;45.97;44.75;45.29;212500;9665329
SELG;D;20210422;000000;45.29;45.97;45.02;45.02;156700;7131864
SELG;D;20210423;000000;45;45.36;44.66;44.66;112200;5036749
SELG;D;20210426;000000;44.31;44.92;44.21;44.23;125500;5571536
SELG;D;20210427;000000;44.17;44.74;44.17;44.53;125200;5561204
SELG;D;20210428;000000;44.17;44.7;44;44.66;123800;5497687
SELG;D;20210429;000000;44.62;45.31;42.64;43.73;171200;7582962
SELG;D;20210430;000000;43.75;44.39;43.04;43.71;146500;6406660
SELG;D;20210504;000000;43.71;44.21;43.05;44.12;152300;6708996
SELG;D;20210505;000000;44.21;44.26;43.91;44.15;47500;2094177
SELG;D;20210506;000000;44.15;44.97;43.5;44.7;173400;7654363
SELG;D;20210507;000000;44.85;44.85;44.4;44.48;79700;3556995
SELG;D;20210510;000000;44.58;45.48;44.34;44.93;95400;4293728
SELG;D;20210511;000000;44.33;45.16;44.25;44.68;73700;3284055
SELG;D;20210512;000000;44.55;44.78;44.5;44.51;60500;2697652
SELG;D;20210513;000000;44.75;45.29;44.26;44.65;159200;7125274
SELG;D;20210514;000000;44.9;45.5;44.74;44.85;102300;4605227
SELG;D;20210517;000000;44.99;45.44;44.75;45.21;174000;7840188
SELG;D;20210518;000000;46;47.29;46;46.16;565300;26313728
SELG;D;20210519;000000;46.79;46.79;45.55;46;239400;11036678
SELG;D;20210520;000000;45.65;46.5;45.65;45.99;126600;5825409
SELG;D;20210521;000000;46.21;46.5;45.91;46;133000;6148918
SELG;D;20210524;000000;45.99;46.43;45.9;46.2;84700;3907781
SELG;D;20210525;000000;45.81;46.5;45.81;46.3;127400;5901927
SELG;D;20210526;000000;46.5;47.2;46.46;47.05;366600;17211994
SELG;D;20210527;000000;46.52;47.19;46.52;46.75;43500;2035105
SELG;D;20210528;000000;46.79;46.97;46.5;46.75;99600;4652580
SELG;D;20210531;000000;47;47.05;46.51;46.9;39400;1847324
SELG;D;20210601;000000;47.02;47.02;46.71;46.88;112200;5260466
SELG;D;20210602;000000;46.82;47;46.61;46.78;99600;4658951
SELG;D;20210603;000000;46.64;46.86;46.64;46.65;97600;4555367
SELG;D;20210604;000000;46.52;46.64;46.3;46.56;132600;6157002
SELG;D;20210607;000000;46.51;46.84;46.38;46.6;114000;5311627
SELG;D;20210608;000000;46.76;46.82;46.32;46.57;72400;3371031
SELG;D;20210609;000000;46.57;46.89;46.35;46.37;125300;5848161
SELG;D;20210610;000000;46.3;46.79;45.71;45.9;159200;7367024
SELG;D;20210611;000000;46.3;46.58;45.9;45.93;199300;9209636
SELG;D;20210614;000000;46.4;46.68;46.17;46.49;106900;4976392
SELG;D;20210615;000000;46.41;46.9;46.18;46.5;86600;4025617
SELG;D;20210616;000000;46.8;46.9;46.5;46.64;105600;4924177
SELG;D;20210617;000000;46.4;46.76;46.2;46.5;199100;9259077
SELG;D;20210618;000000;46.63;47.71;45.9;47.71;202000;9464249
SELG;D;20210621;000000;47.09;47.69;46.59;47.33;286000;13503374
SELG;D;20210622;000000;47.63;47.77;46.78;47.21;268300;12715960
SELG;D;20210623;000000;47.75;47.75;45.32;46.14;520900;24093995
SELG;D;20210624;000000;44.37;45.16;43.13;43.6;704900;31301900
SELG;D;20210625;000000;43.58;44.8;43.58;44.51;148200;6591535
SELG;D;20210628;000000;45.04;45.44;44.53;44.7;192600;8645135
SELG;D;20210629;000000;44.55;44.95;43.9;44.03;105600;4672745
SELG;D;20210630;000000;44.17;45.25;43.87;44.74;145700;6522507
SELG;D;20210701;000000;44.74;45.19;44.7;44.91;110000;4938336
SELG;D;20210702;000000;44.7;45.08;44.51;44.81;56300;2518825
SELG;D;20210705;000000;44.66;45;44.66;44.96;38900;1745534
SELG;D;20210706;000000;44.79;45.19;44.4;44.49;114600;5141612
SELG;D;20210707;000000;44.78;45;43.85;44.18;83000;3672174
SELG;D;20210708;000000;43.61;44.17;43.5;43.94;86300;3782160
SELG;D;20210709;000000;44.09;44.09;43.55;43.87;66400;2911306
SELG;D;20210712;000000;43.71;44.44;43.67;43.82;111900;4912249
SELG;D;20210713;000000;44.5;44.5;43.36;43.66;85400;3735468
SELG;D;20210714;000000;43.95;43.95;43;43.54;106700;4636124
SELG;D;20210715;000000;44.49;44.49;43.29;43.68;40400;1761233
SELG;D;20210716;000000;43.7;44.04;43.32;43.4;42700;1863063
SELG;D;20210719;000000;43.41;43.41;42.57;43.01;91000;3914031
SELG;D;20210720;000000;43.02;43.89;43.02;43.54;29600;1286554
SELG;D;20210721;000000;43.4;44;43.33;43.6;92600;4055657
SELG;D;20210722;000000;43.88;44;43.36;43.75;39200;1710406
SELG;D;20210723;000000;43.8;43.94;43.5;43.76;42000;1834350
SELG;D;20210726;000000;43.9;44;43.48;43.94;58400;2561838
SELG;D;20210727;000000;43.93;44.2;43.65;44;124500;5478272
SELG;D;20210728;000000;43.91;44.38;43.7;43.7;72700;3205498
SELG;D;20210729;000000;43.72;44.16;43.36;44.02;98100;4297113
SELG;D;20210730;000000;44.18;44.5;44;44.05;87700;3866682
SELG;D;20210802;000000;44.75;44.75;43.6;43.77;34800;1527454
SELG;D;20210803;000000;43.85;43.98;43.6;43.79;62200;2716587
SELG;D;20210804;000000;43.98;44.13;43.25;43.86;44000;1930283
SELG;D;20210805;000000;43.68;44.77;43.67;44.17;104300;4633646
SELG;D;20210806;000000;44.33;44.54;43.91;43.91;66000;2910842
SELG;D;20210809;000000;43.85;43.99;43.25;43.72;56000;2445531
SELG;D;20210810;000000;44;44.03;43.21;43.54;83600;3646299
SELG;D;20210811;000000;43.1;43.74;42.99;43.64;54900;2387441
SELG;D;20210812;000000;43.93;43.93;43.41;43.79;49900;2182780
SELG;D;20210813;000000;43.79;44.07;43.3;43.8;48600;2123198
SELG;D;20210816;000000;44.07;44.09;43.35;43.77;31600;1383463
SELG;D;20210817;000000;43.99;44.28;43.78;44.24;36700;1616372
SELG;D;20210818;000000;44.17;44.88;44.02;44.08;100400;4470698
SELG;D;20210819;000000;43.84;45;43.11;44.02;149700;6572720
SELG;D;20210820;000000;44.03;44.04;43.66;43.87;39100;1715170
SELG;D;20210823;000000;44.19;44.4;43.44;43.99;59300;2602175
SELG;D;20210824;000000;44.2;44.38;44;44.26;28600;1262018
SELG;D;20210825;000000;44.08;44.47;43.7;44;58500;2581971
SELG;D;20210826;000000;43.75;44.07;40.1;43.29;267500;11499248
SELG;D;20210827;000000;42.83;43.67;42.83;43.61;36000;1568385
SELG;D;20210830;000000;43.81;43.89;42.78;43.14;126200;5467532
SELG;D;20210831;000000;42.93;43.69;42.93;43.62;97700;4237740
SELG;D;20210901;000000;43.61;43.81;43.45;43.65;74200;3233040
SELG;D;20210902;000000;43.69;43.9;43.33;43.72;82400;3603731
SELG;D;20210903;000000;43.38;44.1;43.38;44;83800;3677382
SELG;D;20210906;000000;44.12;45.79;44.04;45;325300;14663472
SELG;D;20210907;000000;44.85;45.44;44.43;44.52;79400;3551069
SELG;D;20210908;000000;44.98;44.98;44.39;44.88;71900;3218970
SELG;D;20210909;000000;44.74;44.74;44.4;44.49;39400;1754433
SELG;D;20210910;000000;44.4;45.56;44.4;45.5;134500;6085344
SELG;D;20210913;000000;45.54;45.98;44.46;45.01;458300;20664697
SELG;D;20210914;000000;44.54;45.2;44.22;44.79;231700;10400356
SELG;D;20210915;000000;44.55;45.1;44.41;44.66;67400;3021515
SELG;D;20210916;000000;44.66;44.97;44.15;44.51;107300;4788345
SELG;D;20210917;000000;44.39;44.78;44;44;489500;21686028
SELG;D;20210920;000000;44.29;44.3;43.11;43.68;208300;9067510
SELG;D;20210921;000000;43.79;44.18;43.5;44;55500;2435718
SELG;D;20210922;000000;44.12;44.12;43.5;43.85;109900;4808426
SELG;D;20210923;000000;43.19;44.71;43.19;44.5;110500;4907756
SELG;D;20210924;000000;44.49;45.2;44.37;45.02;128200;5737453
SELG;D;20210927;000000;45.67;45.67;44.8;45.15;98100;4429743
SELG;D;20210928;000000;45.28;46.94;45.09;45.8;907300;41938218
SELG;D;20210929;000000;45.54;46.2;45.54;45.69;105700;4843363
SELG;D;20210930;000000;47.26;47.3;44.64;45.62;377300;17084201
SELG;D;20211001;000000;45.74;45.8;45.12;45.21;79400;3596507
SELG;D;20211004;000000;45.5;46.87;45;46.85;552000;25521671
SELG;D;20211005;000000;47.25;48.5;46.93;47.84;411800;19698247
SELG;D;20211006;000000;47.79;48.62;47.1;47.71;236100;11215092
SELG;D;20211007;000000;47.51;48.4;47.51;48.3;192900;9289458
SELG;D;20211008;000000;48.6;58;48.07;55.41;4058500;218345437
SELG;D;20211011;000000;55.9;65;55.49;62.67;4478300;274105965
SELG;D;20211012;000000;64.56;69;59.05;61.11;4906400;315583795
SELG;D;20211013;000000;60.4;60.8;55.42;57.6;3903100;223949883
SELG;D;20211014;000000;59.98;60;56.5;56.75;1220200;71019962
SELG;D;20211015;000000;57.38;57.38;55.01;55.64;601500;33572325
SELG;D;20211018;000000;55.71;63;55.31;62.5;3035600;183873456
SELG;D;20211019;000000;63.3;66.48;60.5;60.8;1606100;101754060
SELG;D;20211020;000000;60.8;62.59;59.05;59.1;666600;39839957
SELG;D;20211021;000000;59.2;64.5;58.99;60.68;1402400;86505170
SELG;D;20211022;000000;61.8;61.83;59.82;60.29;473000;28733980
SELG;D;20211025;000000;60.26;61;59.09;59.64;317200;18966690
SELG;D;20211026;000000;59.71;59.71;58;58;313000;18386355
SELG;D;20211027;000000;58.05;58.36;56.37;56.37;181800;10368106
SELG;D;20211028;000000;56.6;59.52;53.3;57.1;904900;50731762
SELG;D;20211029;000000;57.3;58.87;55.95;56.61;204900;11742819
SELG;D;20211101;000000;57.19;58.57;56.55;56.83;175100;10034194
SELG;D;20211102;000000;57.2;61.9;56.7;59;1296400;77893121
SELG;D;20211103;000000;59;62.26;57.6;59.59;1338300;80458151
SELG;D;20211105;000000;60.07;60.78;58.42;59.55;279000;16593784
SELG;D;20211108;000000;60.13;63.9;59.59;60.5;980300;60640677
SELG;D;20211109;000000;60.7;62.49;60.7;61.74;338000;20878248
SELG;D;20211110;000000;62.35;64.64;61.77;64.29;661600;41920614
SELG;D;20211111;000000;63.42;72.29;63.22;68.22;2611600;177275206
SELG;D;20211112;000000;68.23;71;66.14;67;564500;38283684
SELG;D;20211115;000000;68.27;69.67;65.02;66.9;488100;32534591
SELG;D;20211116;000000;67.23;69.98;66.56;69.09;659400;45336218
SELG;D;20211117;000000;69.17;71.5;67.39;68;348200;23955021
SELG;D;20211118;000000;69.21;69.39;65.17;66.5;312800;20934059
SELG;D;20211119;000000;66.93;66.93;61.99;63;644600;41244592
SELG;D;20211122;000000;63.95;64.64;60.51;61.5;453500;28264849
SELG;D;20211123;000000;61.19;61.49;59.3;60.01;276200;16677621
SELG;D;20211124;000000;60.8;63.63;59.25;60.97;630500;38854045
SELG;D;20211125;000000;62.47;62.47;60.9;62.2;179300;11130673
SELG;D;20211126;000000;62.32;65.97;62.18;63.66;438700;27937420
SELG;D;20211129;000000;64;65;59.71;60.68;310000;19166603
SELG;D;20211130;000000;61.8;62.68;60.38;61.7;251800;15477543
SELG;D;20211201;000000;61.85;62.5;61.13;62.18;164600;10204102
SELG;D;20211202;000000;62.22;62.5;61;62;135800;8409133
SELG;D;20211203;000000;62.94;62.94;61.43;61.6;167200;10360273
SELG;D;20211206;000000;61.66;61.66;60.68;60.78;166000;10128502
SELG;D;20211207;000000;61.01;61.43;60.35;60.56;118200;7193248
SELG;D;20211208;000000;61.25;63.22;60.66;61.14;235300;14495724
SELG;D;20211209;000000;60.78;62.99;60.62;60.62;62400;3828932
SELG;D;20211210;000000;60.6;62.1;59.4;59.46;135400;8126096
SELG;D;20211213;000000;60.65;60.65;57.36;59.1;229500;13514098
SELG;D;20211214;000000;58.18;59.1;57.93;58.59;169600;9881077
SELG;D;20211215;000000;58.8;60.71;57.65;58.4;174300;10259763
SELG;D;20211216;000000;58.86;61.32;58.58;59.78;148800;8910230
SELG;D;20211217;000000;61.48;61.55;59.27;59.8;240400;14602416
SELG;D;20211220;000000;59.8;62.39;59.25;60.21;140200;8450083
SELG;D;20211221;000000;59.94;61.43;59.94;60.1;90400;5471895
SELG;D;20211222;000000;59.81;60.64;58.52;59.22;80500;4791710
SELG;D;20211223;000000;59.51;60.04;59.31;59.55;48700;2906712
SELG;D;20211224;000000;60.04;60.04;58.57;58.63;80300;4744132
SELG;D;20211227;000000;58.63;59.91;57.9;58.2;192900;11264955
SELG;D;20211228;000000;59.27;59.4;58;58.21;83000;4868338
SELG;D;20211229;000000;59.08;59.08;57.2;57.6;101700;5878049
SELG;D;20211230;000000;57.6;58.6;57.55;57.71;72700;4213524
SELG;D;20220103;000000;58.72;60.15;57.5;57.98;162700;9503375
SELG;D;20220104;000000;58.3;58.4;57.58;58.19;121800;7067599
SELG;D;20220105;000000;58.24;58.7;57.62;57.74;83700;4871582
SELG;D;20220106;000000;57.76;57.99;56.05;56.44;182800;10411430
SELG;D;20220110;000000;57.2;57.39;54.5;55.02;164600;9223322
SELG;D;20220111;000000;56.77;57.1;55.1;57.09;162400;9129147
SELG;D;20220112;000000;57.1;57.45;56.6;57;124300;7085114
SELG;D;20220113;000000;57.76;57.76;54.9;55.56;207600;11722910
SELG;D;20220114;000000;55.05;56.41;53.61;55.63;217400;11966321
SELG;D;20220117;000000;56.33;56.95;53.26;54.24;191000;10455728
SELG;D;20220118;000000;53.69;53.69;48.8;51.52;436300;22384841
SELG;D;20220119;000000;51.6;53.85;49.72;53.22;172800;9130216
SELG;D;20220120;000000;53.64;55.2;52.66;54.1;475000;25737268
SELG;D;20220121;000000;54.05;54.54;52;53;214800;11447663
SELG;D;20220124;000000;54.14;54.27;50.06;50.6;313100;16011901
SELG;D;20220125;000000;50.7;52.84;50.06;51.19;186000;9446771
SELG;D;20220126;000000;51.01;52.36;49.42;50.1;597000;29900128
SELG;D;20220127;000000;50.07;50.68;48.36;49.1;320300;15921233
SELG;D;20220128;000000;49.99;50.34;48.4;49.26;297100;14641254
SELG;D;20220131;000000;50;51.19;49.6;49.6;162500;8172748
SELG;D;20220201;000000;51.08;57.79;49.73;51.74;1113700;59830989
SELG;D;20220202;000000;52.2;55.49;52.07;52.4;368200;19643053
SELG;D;20220203;000000;52.5;52.8;50.81;51;138700;7139032
SELG;D;20220204;000000;52.25;53.99;51.31;52.77;292600;15537435
SELG;D;20220207;000000;53.86;54.04;52.02;52.81;117700;6228765
SELG;D;20220208;000000;52.93;53.76;52.02;52.41;121600;6392049
SELG;D;20220209;000000;52.8;53.89;52.8;53.37;217100;11587574
SELG;D;20220210;000000;53.14;54.11;53.14;53.15;193000;10336125
SELG;D;20220211;000000;53;53;50.35;51.8;388000;19998740
SELG;D;20220214;000000;51.8;52.29;49.88;51.74;340400;17366675
SELG;D;20220215;000000;52;52.48;50.88;51.13;268900;13893303
SELG;D;20220216;000000;52.16;52.19;51.21;52.03;113000;5861019
SELG;D;20220217;000000;52.15;55.98;51.68;54.18;1086500;58791133
SELG;D;20220218;000000;54.99;55.98;53.51;53.99;580700;31775675
SELG;D;20220221;000000;53.99;55.92;48.78;48.78;633000;32481878
SELG;D;20220222;000000;48.39;49.96;42.98;48.93;450600;21115446
SELG;D;20220224;000000;44.14;48.87;35.69;40.48;1102000;45088980
SELG;D;20220225;000000;40.48;48;40.48;44.55;472200;21279115
SELG;D;20220328;000000;46.55;50;46;47.8;697910;33340393.9
SELG;D;20220329;000000;48.5;50.97;46.62;47.41;654820;31712901.2
SELG;D;20220330;000000;49;49.15;46.75;47.62;248920;11879788.5
SELG;D;20220331;000000;48.7;48.7;47.5;47.9;855130;40971652.2
SELG;D;20220401;000000;48.2;48.49;47;47.99;536600;25718655.5
SELG;D;20220404;000000;48.9;51;46.5;48.02;466230;22411274.6
SELG;D;20220405;000000;48.02;48.6;45.43;46.51;390180;18201730.2
SELG;D;20220406;000000;45.23;47.67;45.23;46.3;239950;11161023.3
SELG;D;20220407;000000;47.37;47.37;45.02;46.65;207000;9578519
SELG;D;20220408;000000;46.51;47;45.3;45.95;190630;8801412.5
SELG;D;20220411;000000;46.8;61.3;45.87;50.2;3187500;170561640.1
SELG;D;20220412;000000;51.85;57;51.12;52.29;4982940;268032453
SELG;D;20220413;000000;54.2;54.36;51;51.28;1292970;67448112.6
SELG;D;20220414;000000;51;53;50.04;51.18;1319950;68153815.6
SELG;D;20220415;000000;51.3;52.05;51.18;51.56;814240;42146047.1
SELG;D;20220418;000000;50.11;52.79;50.01;51.22;838860;43358203.1
SELG;D;20220419;000000;51.94;52.9;51;51.19;576090;29760354.6
SELG;D;20220420;000000;51.2;51.51;50.26;50.26;516290;26111835.4
SELG;D;20220421;000000;50.26;51.5;49.02;49.5;513510;25811980.1
SELG;D;20220422;000000;50.58;51.36;49.12;50;452120;22728665.9
SELG;D;20220425;000000;50.46;51.3;48;48.52;408290;20066041
SELG;D;20220426;000000;48.01;49.88;48.01;49.52;336960;16625452.4
SELG;D;20220427;000000;49.21;50.9;49.21;49.86;476050;23671715.2
SELG;D;20220428;000000;50.2;50.5;45.98;47.6;929210;45474169.4
SELG;D;20220429;000000;48.5;50.9;47.6;49.02;995760;49130508.7
SELG;D;20220504;000000;49.2;50;47.8;48.34;366220;17817099.2
SELG;D;20220505;000000;48.5;50;48.42;48.9;512140;25321444.2
SELG;D;20220506;000000;53.79;60.97;49.5;50.19;7175410;371105383.4
SELG;D;20220511;000000;50.44;50.8;49.57;49.81;723600;36261260.1
SELG;D;20220512;000000;49.87;49.98;48.52;48.9;516920;25479886.4
SELG;D;20220513;000000;48.53;49.4;48.04;48.77;395900;19287988.4
SELG;D;20220516;000000;49.9;50;48.8;48.8;571060;28118863.2
SELG;D;20220517;000000;49;49.68;49;49.21;401980;19820094.5
SELG;D;20220518;000000;49.45;49.46;46.74;49.01;792100;38844031.9
SELG;D;20220519;000000;49.2;49.34;48.8;48.91;446390;21873634.1
SELG;D;20220520;000000;49.27;49.27;47.88;48.73;440280;21365459.2
SELG;D;20220523;000000;48.93;49.07;47.42;47.91;552510;26631688.7
SELG;D;20220524;000000;48.18;48.18;46.13;47.02;483380;22648064.5
SELG;D;20220525;000000;47;48;46.27;47.98;396090;18792890.1
SELG;D;20220526;000000;47.98;48.83;46.81;47.86;617440;29652586.7
SELG;D;20220527;000000;48.27;48.79;47.72;48.07;323660;15585065.4
SELG;D;20220530;000000;48.15;48.99;47.72;48.03;433440;20940190.2
SELG;D;20220531;000000;48.1;48.34;47.8;48.01;312790;15018617
SELG;D;20220601;000000;48.32;48.39;47.7;47.98;316510;15201751.8
SELG;D;20220602;000000;48.25;48.39;47.5;48.08;311450;14956493.4
SELG;D;20220603;000000;48.15;48.25;47.7;48.15;478860;23001615.8
SELG;D;20220606;000000;48.38;48.48;48.2;48.3;424740;20533160.6
SELG;D;20220607;000000;48.45;48.48;48.1;48.38;489990;23677070.4
SELG;D;20220608;000000;48.39;48.57;48.2;48.41;562280;27218247.6
SELG;D;20220609;000000;48.41;48.62;47.88;48.47;655420;31638789.8
SELG;D;20220610;000000;48.59;50.55;48.33;49.69;2214300;110140583.1
SELG;D;20220614;000000;50;50.89;49.71;50;2246690;112468065.3
SELG;D;20220615;000000;50.17;50.3;49.8;50.09;1098430;54970870.2
SELG;D;20220616;000000;50.18;51.88;50.09;51.84;2408590;123175388.7
SELG;D;20220617;000000;51.52;52.68;50.52;52.04;2869800;149289386.7
SELG;D;20220620;000000;46.84;48.71;43.67;48.11;3820140;182673514.6
SELG;D;20220621;000000;47.96;48.11;46.15;46.38;1540240;72478060.3
SELG;D;20220622;000000;46.37;46.37;43.5;45.01;2114640;94319886.8
SELG;D;20220623;000000;45.1;46;44.56;45.23;824870;37369866.5
SELG;D;20220624;000000;45.23;45.8;44.84;44.84;560070;25276599.5
SELG;D;20220627;000000;44;44.18;43;43.58;1286620;55962705.7
SELG;D;20220628;000000;43.83;43.87;41;42.1;1101110;46658367.7
SELG;D;20220629;000000;42.1;42.4;41.1;41.67;951410;39631833.9
SELG;D;20220630;000000;41.64;41.99;38.66;40.79;1617980;65418743
SELG;D;20220701;000000;41.41;41.41;39.04;39.99;795430;31730514.9
SELG;D;20220704;000000;40;40.75;39.13;39.52;486590;19324929.1
SELG;D;20220705;000000;40.5;40.5;39;39.5;569310;22494943.8
SELG;D;20220706;000000;39.7;40.05;39.1;39.6;561000;22282242.5
SELG;D;20220707;000000;39.65;40.66;39.39;40.08;765260;30641199.7
SELG;D;20220708;000000;40.67;40.67;39.52;40.1;519350;20833645.9
SELG;D;20220711;000000;40.24;40.24;39.4;39.5;451440;17937155.4
SELG;D;20220712;000000;39.58;39.58;38.02;38.24;733600;28236537
SELG;D;20220713;000000;38.94;38.94;36.1;36.64;665030;24893725.5
SELG;D;20220714;000000;35.69;36.42;34.8;35;1215870;43038358.6
SELG;D;20220715;000000;35.05;35.95;34.24;35.31;517970;18311136.7
SELG;D;20220718;000000;35.7;36.92;35;36.01;620990;22439618.5
SELG;D;20220719;000000;36.74;36.74;35.24;35.73;529350;18949256.1
SELG;D;20220720;000000;35.73;36.03;35;35.09;486220;17115837
SELG;D;20220721;000000;35.2;35.29;33.88;34.17;472330;16166227.3
SELG;D;20220722;000000;34.31;34.95;34;34.5;300210;10362326.1
SELG;D;20220725;000000;34.9;35.91;33.5;35.46;1015030;35431289.9
SELG;D;20220726;000000;35.78;37.93;35.35;37.37;1299250;47873939.4
SELG;D;20220727;000000;37.44;39.8;37.39;38.27;1175810;45479983.6
SELG;D;20220728;000000;39.66;41.79;38.69;41.65;2494970;101369419.9
SELG;D;20220729;000000;42.07;45.97;41.82;44;3005370;131940296.5
SELG;D;20220801;000000;44.2;45.7;41.6;42.75;2490980;109778088.4
SELG;D;20220802;000000;43;43.4;40.4;41.01;1186380;49097411.1
SELG;D;20220803;000000;41.15;43.7;41.15;42.25;842280;35574761.9
SELG;D;20220804;000000;42.5;42.98;40.71;42.9;870140;36737012.5
SELG;D;20220805;000000;43.1;44.82;42.45;42.81;1759780;76677048.7
SELG;D;20220808;000000;43.9;44.28;42.87;43.88;545240;23757923.6
SELG;D;20220809;000000;44.7;44.7;43.5;43.93;759010;33520615.1
SELG;D;20220810;000000;44.53;44.53;43.08;44.16;497820;21900035.7
SELG;D;20220811;000000;44.32;44.49;43.27;43.75;366090;16043275.9
SELG;D;20220812;000000;44.4;44.4;43.4;43.78;397080;17330697.7
SELG;D;20220815;000000;45.5;45.5;43.49;44.2;472290;20863976.4
SELG;D;20220816;000000;44.4;45.15;44.04;44.9;506820;22707967.1
SELG;D;20220817;000000;45.1;45.29;44.22;44.54;240260;10736107.6
SELG;D;20220818;000000;44.73;46.4;44.61;45.73;948190;43246045.6
SELG;D;20220819;000000;46.52;49.49;45.73;48.39;3116910;149798731.3
SELG;D;20220822;000000;47.04;47.62;45.01;46.28;1842820;85122881.3
SELG;D;20220823;000000;45.93;47.87;45.8;46.52;879180;40960782
SELG;D;20220824;000000;45.96;47.16;45.96;46.16;350870;16307067.8
SELG;D;20220825;000000;46.3;47.8;46.2;46.6;1241440;58377618.7
SELG;D;20220826;000000;47;48.25;46.65;47.45;1074720;51098429.9
SELG;D;20220829;000000;47.8;48.33;43.67;47.23;1211190;57011640.4
SELG;D;20220830;000000;48.75;48.75;47.49;47.52;1515610;72428144.5
SELG;D;20220831;000000;47.32;47.9;46.07;46.95;1106380;52108908.4
SELG;D;20220901;000000;46.99;47;45.75;46.08;1163730;53962315.5
SELG;D;20220902;000000;46.11;47.47;45.06;46.53;2439580;112903277.6
SELG;D;20220905;000000;46.53;47.5;46.11;47.01;699020;32676301.9
SELG;D;20220906;000000;46.89;48.2;45.2;46.18;2313960;109075218.9
SELG;D;20220907;000000;46.04;46.4;45.5;45.85;335930;15474732.3
SELG;D;20220908;000000;45.95;46.4;45.9;45.94;282530;13024520.3
SELG;D;20220909;000000;46.2;46.32;45.46;45.84;529570;24336828.2
SELG;D;20220912;000000;45.85;46.26;45.09;45.8;614290;28199653.3
SELG;D;20220913;000000;46.11;46.96;46.05;46.4;1131420;52638200.7
SELG;D;20220914;000000;46.4;46.75;45.85;46.11;346450;15968276.1
SELG;D;20220915;000000;46.11;46.28;45.8;45.9;268810;12363744.8
SELG;D;20220916;000000;45.78;46.24;45;45.2;518240;23596689.9
SELG;D;20220919;000000;45.2;45.85;45.1;45.41;224380;10196826
SELG;D;20220920;000000;45.38;45.41;40.4;41.22;1106310;47689679.9
SELG;D;20220921;000000;37.1;40.48;33.02;39.98;1273020;48850020.9
SELG;D;20220922;000000;40;41.6;39.89;40.35;546920;22305733.6
SELG;D;20220923;000000;41.1;44;40;40.58;2335560;96895953.3
SELG;D;20220926;000000;40.12;40.39;34.53;35.11;1867700;67765690.9
SELG;D;20220927;000000;35;36.02;33.73;35.74;673420;23709559.9
SELG;D;20220928;000000;36.01;36.7;35.62;36.14;528160;19193197.2
SELG;D;20220929;000000;36.65;36.67;35.2;35.2;313070;11255727.7
SELG;D;20220930;000000;36.3;36.3;34.9;35.4;592030;20921721.8
SELG;D;20221003;000000;35.69;39.95;35.69;38.96;690850;26185530.6
SELG;D;20221004;000000;39.2;41.16;37.71;40.2;845880;33522177.6
SELG;D;20221005;000000;40.3;40.3;38;39.12;744680;29110130.3
SELG;D;20221006;000000;39.12;40.24;39.12;40.15;393860;15748539.3
SELG;D;20221007;000000;40.28;40.28;38.01;38.01;326510;12734505
SELG;D;20221010;000000;37.24;39.79;36;38.61;318410;12244285.1
SELG;D;20221011;000000;38.61;39.6;38.42;39.1;191890;7508080.9
SELG;D;20221012;000000;39.67;40.18;38.86;39.65;329260;13026675.4
SELG;D;20221013;000000;39.85;40.49;39.5;39.92;283710;11355557.6
SELG;D;20221014;000000;39.92;40.36;39.39;39.53;223570;8883635.6
SELG;D;20221017;000000;39.55;40.5;39.53;40.13;386430;15460299.7
SELG;D;20221018;000000;40.67;42.2;40.55;41.5;1023090;42459822.7
SELG;D;20221019;000000;41.3;41.3;38.52;40;727330;29266729.9
SELG;D;20221020;000000;40.01;40.95;40;40.44;419710;16970521.6
SELG;D;20221021;000000;40.41;40.75;39.63;40.31;331590;13317790.4
SELG;D;20221024;000000;40.46;41.41;40.36;40.66;291380;11933332.2
SELG;D;20221025;000000;40.87;41.9;40.4;41.75;519020;21394517.4
SELG;D;20221026;000000;41.99;43.2;41.38;41.94;862020;36443611.6
SELG;D;20221027;000000;42.07;43.19;41.91;42.49;565630;24039513.4
SELG;D;20221028;000000;42.53;42.91;41.86;42.07;213210;8981676.5
SELG;D;20221031;000000;42.99;42.99;42;42.56;283930;12073577.3
SELG;D;20221101;000000;42.93;42.94;41.48;42.45;218820;9276371.1
SELG;D;20221102;000000;42.3;42.65;42.01;42.22;152580;6454180.6
SELG;D;20221103;000000;42.2;42.2;40.42;41.3;393160;16221010.7
SELG;D;20221107;000000;41.98;42.21;41.61;42.01;306030;12854685.9
SELG;D;20221108;000000;42.68;43;41.69;42.9;331500;14062607.6
SELG;D;20221109;000000;44;46.75;43.1;44.15;3454860;156222217.9
SELG;D;20221110;000000;44.14;45.63;43.04;45.01;1347470;59931125.7
SELG;D;20221111;000000;45.06;45.8;44;44.28;964620;43091513.2
SELG;D;20221114;000000;44.61;44.97;43.8;44.28;495960;21975337.2
SELG;D;20221115;000000;44.12;44.63;43.4;43.75;511890;22514494.9
SELG;D;20221116;000000;43.74;44.14;43.21;43.62;290330;12740051
SELG;D;20221117;000000;43.62;44.07;42.55;43.01;423430;18295785.5
SELG;D;20221118;000000;42.7;43.72;42.7;42.92;355330;15331225.9
SELG;D;20221121;000000;42.76;43.6;42;42.5;638180;27198832.8
SELG;D;20221122;000000;42.9;43.74;42.21;43.2;383010;16504928.3
SELG;D;20221123;000000;43.15;45.02;43.06;44.21;1778680;79088133.8
SELG;D;20221124;000000;44.23;45.19;43.65;43.9;725500;32244290.6
SELG;D;20221125;000000;44.54;44.58;43.43;43.82;502780;22040401.3
SELG;D;20221128;000000;43.4;44.2;42.78;44.2;609240;26410628.8
SELG;D;20221129;000000;44.3;45.1;43.85;44.05;1251130;55580814.4
SELG;D;20221130;000000;44;45.25;43.98;44.25;1384890;61462380.8
SELG;D;20221201;000000;44.72;46.2;44.53;46.09;1813170;82188351.8
SELG;D;20221202;000000;46.3;47.49;45.01;45.8;2062720;96317304.4
SELG;D;20221205;000000;46.48;47.29;45;45.6;1024910;47435908.2
SELG;D;20221206;000000;46;46;45.1;45.35;493570;22391589.9
SELG;D;20221207;000000;45.35;46.15;45.15;45.66;779870;35440820.3
SELG;D;20221208;000000;46.33;46.8;45.22;45.71;1306260;59950690.4
SELG;D;20221209;000000;45.46;46.24;45.35;45.35;381570;17358339.3
SELG;D;20221212;000000;45.3;45.61;44.81;44.99;531370;23927296.2
SELG;D;20221213;000000;45.03;45.74;43.71;45.21;1117920;50097089.2
SELG;D;20221214;000000;45.23;45.58;44.5;44.9;416250;18773842.1
SELG;D;20221215;000000;44.92;44.92;42.89;43.5;509990;22332710.6
SELG;D;20221216;000000;43.07;44.28;43.04;43.5;290690;12629119.9
SELG;D;20221219;000000;43.96;44.29;43.24;43.38;541310;23572499.6
SELG;D;20221220;000000;43.31;45.5;43.31;45;1207380;54075164.5
SELG;D;20221221;000000;45.2;45.9;44.52;44.66;761510;34208087
SELG;D;20221222;000000;45.09;45.8;43.6;44.13;886130;39473785.8
SELG;D;20221223;000000;44.63;44.63;43.8;43.9;289750;12745821.5
SELG;D;20221226;000000;44.25;44.25;43.62;43.75;188050;8253658.3
SELG;D;20221227;000000;43.8;44.09;43.66;44;470050;20600355.2
SELG;D;20221228;000000;44;44.2;43.45;43.61;387960;16925544.8
SELG;D;20221229;000000;43.75;43.93;43.44;43.65;236430;10334542.4
SELG;D;20221230;000000;43.65;43.96;43.5;43.6;161790;7064124
SELG;D;20230104;000000;44.47;45.7;44.47;45.08;699490;31598716.4
SELG;D;20230105;000000;45.45;45.47;44.57;44.68;251340;11289757
SELG;D;20230106;000000;44.59;44.89;44.12;44.66;278290;12370877.8
SELG;D;20230109;000000;46.5;46.5;44.39;45.26;964490;43810378.5
SELG;D;20230110;000000;45.26;45.51;44.9;45.11;372840;16829102
SELG;D;20230111;000000;45.6;45.6;45.01;45.1;164250;7428852.3
SELG;D;20230112;000000;45.02;45.7;45;45.32;563430;25615005.8
SELG;D;20230113;000000;45.51;46.2;45.2;45.56;1047120;47989375.6
SELG;D;20230116;000000;46.19;48.29;46;47.2;2884510;136817692.5
SELG;D;20230117;000000;47.33;47.72;46.05;46.68;1267560;59530620.9
SELG;D;20230118;000000;46.85;47.38;46.08;46.87;684200;32092751.7
SELG;D;20230119;000000;46.9;48.15;46.11;46.43;908490;42600412.4
SELG;D;20230120;000000;46.89;47.04;46.5;46.73;288910;13513605.7
SELG;D;20230123;000000;46.73;47.72;46.52;46.93;574460;27114702.6
SELG;D;20230124;000000;47.2;47.8;47.04;47.48;773970;36734003.5
SELG;D;20230125;000000;47.63;49.16;47.31;48.3;3386560;163671563.7
SELG;D;20230126;000000;49.3;49.3;48;48.15;1968990;95584970.4
SELG;D;20230127;000000;48.94;49.26;47.7;47.98;2087620;101025687.5
SELG;D;20230130;000000;47.5;49.1;47.5;48.82;2096140;102057577.5
SELG;D;20230131;000000;48.72;49.3;48.1;48.48;779550;37831928.5
SELG;D;20230201;000000;48.48;49.14;47.88;48.18;1112410;54137012.7
SELG;D;20230202;000000;49.55;54.89;48.62;51.4;15235440;789695779.7
SELG;D;20230203;000000;51.81;51.9;49.79;50;3315010;168054304.1
SELG;D;20230206;000000;50.68;51.4;50.29;50.6;1728250;87919787.9
SELG;D;20230207;000000;50.76;50.89;49.54;49.92;1034190;51844252.8
SELG;D;20230208;000000;49.99;50.45;49.5;49.71;1008390;50453879.2
SELG;D;20230209;000000;50;50.2;48.31;49.56;1027910;50679560.3
SELG;D;20230210;000000;49.49;49.49;48.8;48.87;459720;22525812.3
SELG;D;20230213;000000;48.97;50.6;48.9;49.48;1295150;64472313.4
SELG;D;20230214;000000;49.7;50.07;48.2;48.29;1268200;62026552
SELG;D;20230215;000000;48.16;48.5;46.18;46.2;1989300;93509097.2
SELG;D;20230216;000000;46.76;48.49;46.5;46.6;1267610;59887556.6
SELG;D;20230217;000000;46.65;47.5;46.61;47.25;586720;27718111.9
SELG;D;20230220;000000;47.4;47.49;46.5;47.24;580620;27294645.7
SELG;D;20230221;000000;47.24;48.2;46.7;47.7;976730;46617701.2
SELG;D;20230222;000000;47.7;47.95;47.07;47.38;264860;12587738
SELG;D;20230224;000000;47.5;47.95;46.82;47.1;335700;15931070.2
SELG;D;20230227;000000;47.25;47.78;46.8;47.6;408230;19317003.8
SELG;D;20230228;000000;47.63;48.5;47.5;48.18;772560;37190372.9
SELG;D;20230301;000000;48.25;49;48.25;48.63;658790;32061971.1
SELG;D;20230302;000000;48.64;48.65;47.1;47.72;801520;38383661.9
SELG;D;20230303;000000;47.8;49.2;47.74;48.47;549290;26600013.7
SELG;D;20230306;000000;49;49;48.5;48.71;570590;27777391.6
SELG;D;20230307;000000;48.8;48.93;48.18;48.41;346930;16815394.7
SELG;D;20230309;000000;48.22;48.9;48.18;48.47;412090;19986846.6
SELG;D;20230310;000000;48.4;48.78;48.15;48.56;558720;27109909.6
SELG;D;20230313;000000;49.15;50.18;48.75;49.65;3500650;173174981.1
SELG;D;20230314;000000;50.04;53;49.49;49.59;13299340;679794208.1
SELG;D;20230315;000000;49.55;50.21;48.43;49.43;4001040;197873944.2
SELG;D;20230316;000000;49.45;49.59;48.53;48.89;1757640;86147477.6
SELG;D;20230317;000000;49.28;49.53;48.68;49.22;1788350;87953340
SELG;D;20230320;000000;49.61;51.19;49.61;49.8;3535510;177807403.3
SELG;D;20230321;000000;49.7;50;48.89;49.1;1842100;90781398
SELG;D;20230322;000000;49.27;49.47;48.64;49.26;898550;44191412
SELG;D;20230323;000000;50.02;50.5;49.29;49.38;1928000;95916394.1
SELG;D;20230324;000000;49.8;49.8;49.1;49.21;1227930;60690122.7
SELG;D;20230327;000000;49.49;49.59;49;49.23;1319830;65028853.1
SELG;D;20230328;000000;49.21;49.36;48.82;49.09;1080330;53050720.7
SELG;D;20230329;000000;49.1;49.29;48.9;49.03;742520;36410957.8
SELG;D;20230330;000000;49.04;49.58;48.9;49.1;1654460;81313754
SELG;D;20230331;000000;49.28;49.28;48.52;48.77;1002010;48957690.2
SELG;D;20230403;000000;48.45;49.47;48.03;49.28;1888380;92549636.8
SELG;D;20230404;000000;49.6;50.44;49;49.86;3007330;149304704.2
SELG;D;20230405;000000;50.32;50.33;48.5;49.76;2541730;126362574.3
SELG;D;20230406;000000;49.76;50;49.3;49.35;1110470;55122518
SELG;D;20230407;000000;49.5;49.5;49;49.07;786960;38754990.9
SELG;D;20230410;000000;49.08;49.84;49.07;49.54;1354370;67023073.9
SELG;D;20230411;000000;49.55;50.28;48.5;49.05;3778270;187755317
SELG;D;20230412;000000;49.3;49.85;49;49.26;924670;45655447.1
SELG;D;20230413;000000;49.3;50.45;49.2;49.93;4023030;201017550.6
SELG;D;20230414;000000;50;50.74;49.3;49.56;2564010;128161881
SELG;D;20230417;000000;50;50.97;49.61;50.63;3435620;173286607.1
SELG;D;20230418;000000;50.75;50.8;49.91;50.43;1954750;98317723.9
SELG;D;20230419;000000;50.49;50.63;49.64;50.04;1857220;93177230.3
SELG;D;20230420;000000;50.04;50.34;48.98;49.89;1357490;67591637.1
SELG;D;20230421;000000;50.14;53.89;49.6;52.13;21669000;1138771183.3
SELG;D;20230424;000000;52.92;52.92;51.52;51.71;2498990;130267332.2
SELG;D;20230425;000000;52.26;52.49;50.8;51.61;1549660;80424418.6
SELG;D;20230426;000000;51.14;53.55;51;52.06;4802110;252966673.2
SELG;D;20230427;000000;52.32;53.22;52.09;52.13;1683900;88533419.2
SELG;D;20230428;000000;52.34;52.8;51.2;51.34;1220120;63409501.9
SELG;D;20230502;000000;50.61;52.8;49.16;51;3959590;204293408.3
SELG;D;20230503;000000;51;51.28;49.29;49.6;1306160;65498235.5
SELG;D;20230504;000000;49.51;51.44;48.5;50.52;1449460;72860176.2
SELG;D;20230505;000000;50.68;52.89;49.02;49.4;4530580;230793576.8
SELG;D;20230508;000000;49.62;49.82;49.26;49.32;421580;20866514.8
SELG;D;20230510;000000;50.6;52;49.6;52;3036010;154878208.3
SELG;D;20230511;000000;52.7;53;50.5;51.46;4736030;247099589.8
SELG;D;20230512;000000;51.39;51.39;49.8;50.02;2418430;121716516.6
SELG;D;20230515;000000;48.11;49.83;48.07;49.35;4653020;228701063.4
SELG;D;20230516;000000;49.83;49.83;49.11;49.38;1210630;59809362
SELG;D;20230517;000000;49.63;49.63;48.6;48.97;1228670;60286392.4
SELG;D;20230518;000000;49.03;49.7;48.62;48.77;1192840;58377672.1
SELG;D;20230519;000000;48.77;48.77;48.1;48.13;790530;38319743.7
SELG;D;20230522;000000;48.28;48.76;48.15;48.52;967790;46909866
SELG;D;20230523;000000;48.52;48.81;48.21;48.67;642020;31117482.3
SELG;D;20230524;000000;48.6;49.95;48.6;49.39;3012040;149190631.8
SELG;D;20230525;000000;49.4;49.57;48.53;49.05;989630;48653187.3
SELG;D;20230526;000000;49.23;49.42;49.06;49.24;540380;26600998.8
SELG;D;20230529;000000;49.5;49.6;48.8;48.94;947500;46569147.4
SELG;D;20230530;000000;48.59;49.13;48.18;48.67;1081120;52756147
SELG;D;20230531;000000;48.9;51.7;48.67;50.23;9119340;461219280.4
SELG;D;20230601;000000;50.5;51.15;48.91;49.77;2042800;102216426.2
SELG;D;20230602;000000;49.99;50.57;49.59;49.86;1241360;62241863.4
SELG;D;20230605;000000;50.1;50.7;49.81;49.98;1393800;69977553
SELG;D;20230606;000000;49.81;50.26;49.02;50.2;1461860;72402161.2
SELG;D;20230607;000000;50.2;50.8;49.63;49.78;917190;45892980.3
SELG;D;20230608;000000;49.53;49.85;49.51;49.7;518660;25746141
SELG;D;20230609;000000;49.7;50.03;49.51;49.75;581960;28991511.9
SELG;D;20230613;000000;49.94;52;49.77;50.78;2807410;143344757.4
SELG;D;20230614;000000;51;51.01;49.2;50.31;1150180;57875649.5
SELG;D;20230615;000000;50.07;50.42;49.5;49.92;984460;49242527.7
SELG;D;20230616;000000;49.92;50.37;49.9;50.06;615880;30890605.5
SELG;D;20230619;000000;50;50.35;49.55;50.1;622070;31114434
SELG;D;20230620;000000;50.94;50.94;49.91;50.22;806890;40563020.5
SELG;D;20230621;000000;54.8;54.8;49.92;51.18;5242140;272633831.8
SELG;D;20230622;000000;51.59;52.74;51.2;51.85;2593640;135268476.5
SELG;D;20230623;000000;51.85;52;50.1;51.49;2182380;111344120.3
SELG;D;20230626;000000;50.7;51.29;50.14;50.4;1107870;56093191.1
SELG;D;20230627;000000;50.45;51.04;50.4;50.53;621010;31530099.7
SELG;D;20230628;000000;50.73;51.24;50.27;50.65;922850;46845736.7
SELG;D;20230629;000000;50.53;50.9;50.12;50.28;530380;26775264.2
SELG;D;20230630;000000;50.39;50.65;49.91;50.39;735660;36981354.9
SELG;D;20230703;000000;50.47;51.27;50.39;51.07;780560;39828526.3
SELG;D;20230704;000000;51.18;51.35;50.32;51.05;629960;32135675.4
SELG;D;20230705;000000;51.5;52.64;51.3;52.03;2053380;106964277.1
SELG;D;20230706;000000;52.25;53.2;52.04;52.34;1911120;100763182.3
SELG;D;20230707;000000;52.34;53.1;51.51;52.51;1032810;54132818.1
SELG;D;20230710;000000;52.7;56.04;52.7;53.91;7092940;385806585.5
SELG;D;20230711;000000;54.27;57.7;53.94;55.89;8596820;484648598.6
SELG;D;20230712;000000;55.5;57.26;55.5;56.99;3805380;216292308
SELG;D;20230713;000000;58;58.6;56.08;57.63;8793070;504999650.9
SELG;D;20230714;000000;58;58;56.78;57.19;2197370;125849938.7
SELG;D;20230717;000000;57.48;57.98;56;57.31;2499810;143545980.6
SELG;D;20230718;000000;57.54;58.67;57.5;58.58;2501870;145417770.3
SELG;D;20230719;000000;59.2;59.67;58.22;59.02;2864470;169379139.4
SELG;D;20230720;000000;59.29;61.19;58.57;60.09;8164970;491686941.7
SELG;D;20230721;000000;60.2;60.9;59.04;60.79;2057950;123773817.8
SELG;D;20230724;000000;60.98;67.24;60.85;67;14552420;940189890
SELG;D;20230725;000000;70;77.2;67.56;77.05;76361560;5682584655.7
SELG;D;20230726;000000;76.63;85;72.65;74.03;97133250;7678151195.9
SELG;D;20230727;000000;74.2;78;73.07;74;24221950;1821152281.4
SELG;D;20230728;000000;73.55;75;71.12;73.13;13317800;965947376.5
SELG;D;20230731;000000;74;74.47;72.8;73.1;4390460;322075620.6
SELG;D;20230801;000000;73.45;77.38;72;74.3;24486670;1845516513.9
SELG;D;20230802;000000;75.06;75.89;74;74.48;5158970;386167213.9
SELG;D;20230803;000000;74.48;76.43;73.98;76.01;7452920;563526666.1
SELG;D;20230804;000000;76.56;79.58;68.76;74.35;13287150;1018045567.7
SELG;D;20230807;000000;74.58;77.5;74.58;75.88;4927660;375187519.6
SELG;D;20230808;000000;76;77;72.08;75.1;3403570;254514882.9
SELG;D;20230809;000000;75.72;78.79;74.97;76.9;10799640;834954319.9
SELG;D;20230810;000000;77.45;81;77.1;79.11;17308970;1374717039.5
SELG;D;20230811;000000;80.3;80.3;77.8;78.48;5267130;414181657.1
SELG;D;20230814;000000;79;80;75;77.8;6901410;539880455.7
SELG;D;20230815;000000;76.2;78.88;73;76.57;4358200;334246335.8
SELG;D;20230816;000000;76.45;78.57;73.16;74.89;5779250;438180673.3
SELG;D;20230817;000000;75.39;77;73.78;76.06;3292570;249107057.7
SELG;D;20230818;000000;76.72;77.7;75.35;77.7;2261540;172601926.7
SELG;D;20230821;000000;78.06;79.3;77.56;77.68;3132530;245372680.7
SELG;D;20230822;000000;76.78;81.99;76.78;81.55;20815240;1668344737.2
SELG;D;20230823;000000;82.5;87;82.01;87;33479160;2826739316.2
SELG;D;20230824;000000;86;88;84.32;85.51;17071100;1471737323.5
SELG;D;20230825;000000;86.5;86.5;83.4;83.97;6901410;584936731.1
SELG;D;20230828;000000;84.36;89.98;84.28;89.5;18561000;1628760329.2
SELG;D;20230829;000000;90;90.62;86.19;87.01;13502130;1193509262.6
SELG;D;20230830;000000;87.5;88.86;84.9;87.3;10441500;908512665.3
SELG;D;20230831;000000;88;88.46;85.55;85.99;4509370;391066124.1
SELG;D;20230901;000000;86.18;87.94;86;86;6142390;533650279.9
SELG;D;20230904;000000;86.48;87.87;86.1;87.15;4319660;376279509.9
SELG;D;20230905;000000;87;92.35;87;91.2;27039890;2449718200.4
SELG;D;20230906;000000;91.59;91.88;89;89.4;7641250;688810534.5
SELG;D;20230907;000000;89.98;90;80.01;85.61;11344010;973601814.2
SELG;D;20230908;000000;85.61;86.41;82.5;82.9;5434580;457082795.7
SELG;D;20230911;000000;83.69;85.5;80.71;81.15;5669510;469562031.1
SELG;D;20230912;000000;81.3;83.8;81.2;82.35;4410320;363833550.3
SELG;D;20230913;000000;82.35;83.59;80.12;82;3603680;296143337.6
SELG;D;20230914;000000;82.01;82.09;65;78.66;27749150;2070153097.4
SELG;D;20230915;000000;78.3;81.45;75.5;79.61;9716540;763650554.9
SELG;D;20230918;000000;81.3;82.79;78.01;78.57;7770540;624465657.5
SELG;D;20230919;000000;79;79.07;73.32;76.2;11478480;870331878.7
SELG;D;20230920;000000;75.45;78.9;71.15;75.45;11601350;868462506.3
SELG;D;20230921;000000;74.5;78;73.75;77.46;8844660;675391910.4
SELG;D;20230922;000000;77.46;79.38;76.07;78.95;6822240;531023549.1
SELG;D;20230925;000000;79.5;79.72;76.61;78.42;4081450;320237651.8
SELG;D;20230926;000000;78.07;78.45;77.25;78.05;2059280;160297071
SELG;D;20230927;000000;78.29;79.3;76.9;77.99;2535490;198708310.7
SELG;D;20230928;000000;78.22;78.89;77.8;78.2;2166880;169855786.6
SELG;D;20230929;000000;78.98;81.5;77.5;79.44;11669370;935220714.6
SELG;D;20231002;000000;79.88;82.4;79.83;80.78;10658500;866367433.1
SELG;D;20231003;000000;80.55;80.74;78.2;79.15;5062260;400622811.1
SELG;D;20231004;000000;79.25;80.5;78.6;79.28;3088530;245379927.7
SELG;D;20231005;000000;79.3;80.11;78.8;79.59;2068000;164192205.5
SELG;D;20231006;000000;79.7;80.72;78.95;79.25;4235880;338225239.6
SELG;D;20231009;000000;79.51;80.38;79.4;80.1;2613140;208789019.9
SELG;D;20231010;000000;80.1;80.84;79.7;80.27;2081930;166913789
SELG;D;20231011;000000;80.39;82.97;77.11;78;9474110;767791927.7
SELG;D;20231012;000000;77.4;80.91;77.31;79.64;5155820;411966177.2
SELG;D;20231013;000000;79.66;80.72;79.35;80.12;2852180;228383662.6
SELG;D;20231016;000000;80.14;81.29;79.99;80.28;2170140;174520350.3
SELG;D;20231017;000000;80.3;81;80;80.3;2247100;180715238.8
SELG;D;20231018;000000;80.44;82;79.35;80.91;5165870;415875039.3
SELG;D;20231019;000000;82;83.3;81.23;83.15;12361980;1015839570.7
SELG;D;20231020;000000;83.55;83.55;80.34;81;6738010;550250145.1
SELG;D;20231023;000000;81.5;81.65;80;80.11;2669670;214967178.3
SELG;D;20231024;000000;80.01;80.29;78.35;79.46;2249130;178533073.1
SELG;D;20231025;000000;79.56;79.56;78.6;78.96;1339380;105895481.3
SELG;D;20231026;000000;78.97;79.06;75.7;76.97;2481150;193230950.2
SELG;D;20231027;000000;76.99;79.38;75.7;79.07;2696670;208919677.7
SELG;D;20231030;000000;79.3;79.78;78.08;78.29;1403890;110809059.9
SELG;D;20231031;000000;77.8;78.38;77.01;77.26;1131010;87676714.7
SELG;D;20231101;000000;77.26;79.3;77.02;78.75;1275280;99994644.1
SELG;D;20231102;000000;78.79;79.69;77.41;77.65;1278190;100522674.2
SELG;D;20231103;000000;77.65;78.3;77.41;77.64;816420;63468320.4
SELG;D;20231106;000000;77.65;78.3;77.35;78.12;646950;50404257.4
SELG;D;20231107;000000;78.22;78.22;77.65;77.99;486030;37865263.3
SELG;D;20231108;000000;77.9;78.05;77.26;77.54;710360;55163642.9
SELG;D;20231109;000000;77.54;77.8;76.44;77.17;954430;73549611.8
SELG;D;20231110;000000;77.17;77.22;75.01;76.09;1579140;119886800
SELG;D;20231113;000000;76.02;76.16;69.14;71.1;7348900;529046780
SELG;D;20231114;000000;71.12;71.23;66.12;68.65;8812000;603037207.8
SELG;D;20231115;000000;67.98;72.5;67.98;71.5;5752080;404822223.7
SELG;D;20231116;000000;70.99;71.48;69.5;69.66;2703990;190353955.8
SELG;D;20231117;000000;69.66;71.38;68.84;70.2;2440240;171068860.1
SELG;D;20231120;000000;70.2;71.01;69.2;70.53;2025120;142241908.2
SELG;D;20231121;000000;70.66;72.96;69.53;72.85;3034010;217542809.5
SELG;D;20231122;000000;73.04;74;71.36;71.96;2737220;199191443.1
SELG;D;20231123;000000;72.21;73;69.49;70.32;2046840;145429675.2
SELG;D;20231124;000000;70.51;71.49;70.1;70.57;1825530;129456912.2
SELG;D;20231127;000000;69.3;70;68.12;69.47;3207320;221695218.3
SELG;D;20231128;000000;69.75;70.45;68.4;69.87;1815550;125559466.5
SELG;D;20231129;000000;69.88;70;68.6;69.05;946500;65806580.1
SELG;D;20231130;000000;68.99;69.43;66.25;66.95;2715360;184250370.9
SELG;D;20231201;000000;63.62;66.01;63.62;65.3;3965790;257798187.1
SELG;D;20231204;000000;65.19;67.74;62.67;63.69;5708470;373563228.9
SELG;D;20231205;000000;63.68;64.98;61.53;63.27;2805490;176117701.8
SELG;D;20231206;000000;63.29;63.98;62;62;1440690;90351204.9
SELG;D;20231207;000000;62.16;62.24;59.85;60.2;2815600;171909002.8
SELG;D;20231208;000000;60.2;61.5;59.2;60.37;2525070;152429960.4
SELG;D;20231211;000000;60.2;60.2;55.8;56.96;4416010;254599930.4
SELG;D;20231212;000000;56.9;58.35;55.43;56.34;3899000;221532783.4
SELG;D;20231213;000000;56.1;57.6;55.8;57.49;2394380;135931483.7
SELG;D;20231214;000000;58;58.9;55.6;56.03;2828260;161690477.8
SELG;D;20231215;000000;56.19;58.3;55.72;58.02;2331340;133499399
SELG;D;20231218;000000;58.31;61.88;57.79;61.27;5550440;333095570
SELG;D;20231219;000000;61.39;62.92;60.5;62;2868770;176933189.1
SELG;D;20231220;000000;62;64.9;61.7;64.55;4412930;282271300.6
SELG;D;20231221;000000;64.91;66.73;63.81;65.7;6969170;456554456.3
SELG;D;20231222;000000;66.1;67.4;65.72;66;3624010;241427943.5
SELG;D;20231225;000000;66.2;66.63;64.2;65.57;2876240;188432430.3
SELG;D;20231226;000000;65.57;65.9;62.77;65.33;4628620;298995797.2
SELG;D;20231227;000000;65.6;67;64.04;65.81;4009880;262291456.3
SELG;D;20231228;000000;66.19;66.19;63.7;64;1974610;128494857.8
SELG;D;20231229;000000;64.05;64.5;62.32;62.39;2457920;155931389.3
SELG;D;20240103;000000;62.96;65.34;62.68;64.91;1527160;98278481.4
SELG;D;20240104;000000;64.95;66.07;64.45;65.37;1604780;104597269.5
SELG;D;20240105;000000;65.37;65.37;64.04;64.45;1393390;89862772
SELG;D;20240108;000000;64.47;65.49;64.3;65;1854450;120456543.6
SELG;D;20240109;000000;65.26;68.2;64.76;67.45;6106730;408578461.8
SELG;D;20240110;000000;67.5;69.95;67.5;68.54;5327880;367742150.8
SELG;D;20240111;000000;68.52;70.4;67.5;69.06;5232800;361812771.6
SELG;D;20240112;000000;69.5;69.87;68.52;69.24;1866350;129305772.4
SELG;D;20240115;000000;69.5;70.9;69.45;70.38;2672360;187531139.3
SELG;D;20240116;000000;70.42;70.71;69.25;69.65;1743680;121525978
SELG;D;20240117;000000;69.86;71.27;68.6;71.07;4974450;350398017.5
SELG;D;20240118;000000;71.2;71.7;70;70.22;2302760;163174044.8
SELG;D;20240119;000000;70.34;72.27;69.28;71.05;6399080;455873776.8
SELG;D;20240122;000000;71.05;71.84;70.8;71.34;2005280;143204626.5
SELG;D;20240123;000000;71.16;71.65;69.93;70.52;1700120;120635470.6
SELG;D;20240124;000000;70.76;70.76;69.41;69.83;1398560;97755609.9
SELG;D;20240125;000000;69.91;70.04;68.65;69.09;1564040;108234591.9
SELG;D;20240126;000000;69.1;69.38;68.72;69.19;601130;41479181
SELG;D;20240129;000000;69.25;70.65;69.04;70.1;1415860;99238692.4
SELG;D;20240130;000000;70.12;70.38;69.5;69.85;1085080;75861263.4
SELG;D;20240131;000000;70;70.59;69.71;69.93;1035610;72667428.1
SELG;D;20240201;000000;70.17;71.53;69.98;70.14;2051780;145202140.4
SELG;D;20240202;000000;70.02;70.31;69.52;69.61;1002630;69982918.3
SELG;D;20240205;000000;69.5;70.12;69.15;69.48;1186570;82521232.2
SELG;D;20240206;000000;69.49;69.67;69.02;69.2;862810;59766381.3
SELG;D;20240207;000000;69.2;69.4;67.64;68.27;1658280;113924754.7
SELG;D;20240208;000000;68.29;68.71;66.61;67.27;2271480;153641201.4
SELG;D;20240209;000000;67.15;68.35;66;67.24;2412050;161512024.1
SELG;D;20240212;000000;67.31;67.64;66.14;66.79;1157120;77155018
SELG;D;20240213;000000;66.79;67.52;66.29;67.39;1744980;116781757.7
SELG;D;20240214;000000;67.78;68;66.39;66.59;1365150;91522271.3
SELG;D;20240215;000000;66.74;68;66.6;67.32;2565880;172954397
SELG;D;20240216;000000;67.35;68.2;66.11;66.37;2002290;134297804.6
SELG;D;20240219;000000;66.37;67.5;64.55;64.95;3770110;248395125.3
SELG;D;20240220;000000;65;65.05;61.65;63.15;5129480;325753508.1
SELG;D;20240221;000000;63.15;63.89;60.86;63.22;2424990;151063965.7
SELG;D;20240222;000000;63.2;63.69;62.1;62.81;1228470;77402006.3
SELG;D;20240226;000000;63.77;64.47;63.15;64.06;1349130;86178063.7
SELG;D;20240227;000000;64.35;64.41;63.1;63.51;714220;45475502.4
SELG;D;20240228;000000;63.98;63.98;62.62;63.07;975130;61481096.7
SELG;D;20240229;000000;62.8;63.63;62.8;63.15;781020;49390107.7
SELG;D;20240301;000000;63.45;64.61;62.6;64.33;2318510;147756636.5
SELG;D;20240304;000000;64.51;66.66;64.22;66.31;4567060;299480321.7
SELG;D;20240305;000000;66.52;67.9;65.02;66.8;5180540;346268838.2
SELG;D;20240306;000000;66.8;68.74;66.74;68.37;3879630;263666927.2
SELG;D;20240307;000000;68.52;69.96;67.86;68.86;6326300;436622352.9
SELG;D;20240311;000000;69.44;70.33;68.45;68.66;3276120;227495699.5
SELG;D;20240312;000000;69;69;67.21;67.58;2986150;202288612
SELG;D;20240313;000000;67.7;68.6;67.32;67.87;2010060;136424318.5
SELG;D;20240314;000000;67.41;68.94;67.01;67.81;2053490;139451361.3
SELG;D;20240315;000000;68.28;69.18;67.6;68.17;2648690;181524269.5
SELG;D;20240318;000000;68.18;69.89;67.32;68.76;4101220;282634258.7
SELG;D;20240319;000000;68.99;70.7;66.78;68.41;7706530;535922270
SELG;D;20240320;000000;68.8;69.88;67.45;69.62;2623070;180007106.6
SELG;D;20240321;000000;70.2;70.47;68.3;69.37;3521300;244620364
SELG;D;20240322;000000;69.37;69.47;67.11;67.7;1591900;108752604.7
SELG;D;20240325;000000;68;68.35;67.03;68.21;1366670;92657030.3
SELG;D;20240326;000000;68.36;72;68.25;71.88;9869190;699920245.2
SELG;D;20240327;000000;71.88;73.2;70.88;72.91;5806990;419092409.7
SELG;D;20240328;000000;73.2;74.15;71.98;74;5645370;413510782.2
SELG;D;20240329;000000;74.61;74.96;72.64;73.34;6832950;504711176.7
SELG;D;20240401;000000;74.2;76.86;73.87;76.8;10438060;791067160.4
SELG;D;20240402;000000;76.89;79.79;75.8;78.81;9731360;763738804.3
SELG;D;20240403;000000;79.13;80.48;78.6;80;7869870;625734206.8
SELG;D;20240404;000000;80;80.75;78.3;78.56;5123550;409639643.6
SELG;D;20240405;000000;78.1;80.63;77.14;79.97;8990530;711052016
SELG;D;20240408;000000;80.21;82.09;80.21;81.61;4732760;384919148.8
SELG;D;20240409;000000;82.11;82.88;80.3;80.87;5994950;489302770
SELG;D;20240410;000000;81.02;81.27;78.3;79.98;3908060;313313569.9
SELG;D;20240411;000000;80.41;81.84;79.63;81.7;2760000;222496130.4
SELG;D;20240412;000000;82;85.1;81.94;83.28;14574110;1218594412.4
SELG;D;20240415;000000;82.89;83.82;80.11;81.8;8102180;659748055
SELG;D;20240416;000000;81.85;82.15;79.09;79.66;4974510;399343247.3
SELG;D;20240417;000000;79.81;79.81;75.32;75.61;8740530;674589140
SELG;D;20240418;000000;75.6;77.23;75;76.58;4426150;337258068.7
SELG;D;20240419;000000;77.3;77.61;76;76.29;2661360;204612382.4
SELG;D;20240422;000000;75.99;76.12;74.02;74.46;3754260;281414873.1
SELG;D;20240423;000000;74.29;74.98;73.5;74.05;3013910;223939006.8
SELG;D;20240424;000000;74.61;74.61;73.53;74.08;1648420;122131132.3
SELG;D;20240425;000000;74.11;75.65;73.41;75.35;2414620;180474105.1
SELG;D;20240426;000000;75.47;76.2;74.12;74.54;2270650;170644758
SELG;D;20240427;000000;74.85;75.13;73.71;74.39;1399210;104169167
SELG;D;20240429;000000;74.41;75.34;74.37;75.3;664430;49674026.4
SELG;D;20240430;000000;75.26;75.37;73.99;74.19;910950;67732699.1
SELG;D;20240502;000000;74.04;74.44;71.65;72.25;2659280;193690520.3
SELG;D;20240503;000000;72.25;73.84;72.25;73.57;2557480;187291576.1
SELG;D;20240506;000000;73.62;74.99;73.46;73.5;2103350;156236978.4
SELG;D;20240507;000000;73.83;75.41;73.51;74.39;1880130;139833569.7
SELG;D;20240508;000000;74.39;74.99;73.06;74.13;892590;66224555.7
SELG;D;20240510;000000;75.1;76.99;75.1;76.76;5483450;418148853.5
SELG;D;20240513;000000;76.7;76.8;74.84;75.72;1876700;142547799.8
SELG;D;20240514;000000;75.6;76.25;74.93;75.78;1032900;77980624.1
SELG;D;20240515;000000;75.94;77.61;75.32;77.01;3583480;274914320.1
SELG;D;20240516;000000;77.62;77.98;75.4;75.8;1868710;142999089.4
SELG;D;20240517;000000;75.8;76.48;75.51;76;956400;72752857.2
SELG;D;20240520;000000;76.57;79.6;76.57;79;9666630;756948324.7
SELG;D;20240521;000000;79;79;76.2;77.09;3005390;232643129.1
SELG;D;20240522;000000;76.31;78.1;73.8;74.34;3600480;273798977.8
SELG;D;20240523;000000;74;75.3;73.34;73.87;2034010;151204374.6
SELG;D;20240524;000000;74.07;75.87;71.01;71.29;3643680;264614197.8
SELG;D;20240527;000000;72.38;72.38;69.01;70.89;3225040;227352738.4
SELG;D;20240528;000000;70.1;72;68.34;70.03;2859690;202180044.6
SELG;D;20240529;000000;70.45;71.03;69.05;70.76;1490770;104684730.6
SELG;D;20240530;000000;70.7;71.28;68.8;68.97;1926890;134917792
SELG;D;20240531;000000;69.01;69.25;64.27;65.53;4146520;275243176.1
SELG;D;20240603;000000;65.56;66.66;57.86;65.2;9824070;607268980.9
SELG;D;20240604;000000;65.3;65.98;63.29;65.7;2709620;175803566.6
SELG;D;20240605;000000;66.48;69.08;65.8;68.42;4292010;290824346.7
SELG;D;20240606;000000;68.95;69.76;67.71;69.51;2459000;169353229.5
SELG;D;20240607;000000;69.99;71.71;69.4;70.22;2382300;168135715.2
SELG;D;20240610;000000;70.5;72.2;70.03;71.05;2944260;210353797.3
SELG;D;20240611;000000;70.97;72.5;70.43;71.37;2393910;170328202.7
SELG;D;20240613;000000;63.63;70.7;48.64;70.19;5349950;369166123.6
SELG;D;20240614;000000;68.9;69.69;67.92;69.26;2952060;203051429.7
SELG;D;20240617;000000;69.26;69.44;68.25;68.94;764810;52630146
SELG;D;20240618;000000;69.17;69.17;65.76;66.84;1846200;123977666.7
SELG;D;20240619;000000;66.85;67.28;64.52;65.5;1555510;102441682.4
SELG;D;20240620;000000;65.5;70.7;65.43;70.39;4307500;296623430.1
SELG;D;20240621;000000;70.39;70.97;69.29;69.75;1062410;74276758.4
SELG;D;20240624;000000;68.05;69;66.11;66.86;5043390;339819809.5
SELG;D;20240625;000000;66.18;66.57;64.55;65.2;4333360;282519690.4
SELG;D;20240626;000000;64.98;65.95;64.62;64.9;1919130;125088615.7
SELG;D;20240627;000000;64.8;65.48;63.43;65.08;2305280;148716663.2
SELG;D;20240628;000000;65;65.84;62.1;62.23;4767390;302981802.6
SELG;D;20240701;000000;62.65;62.81;61.7;62.4;2652130;164945365.9
SELG;D;20240702;000000;62.59;62.61;60.83;61.08;4687460;288239790.4
SELG;D;20240703;000000;61.36;61.36;58.87;59.2;5093130;305465531.2
SELG;D;20240704;000000;59.17;59.55;56.62;57.15;9548300;552372171.9
SELG;D;20240705;000000;56.77;58.3;56.69;57.5;3508470;201674472.7
SELG;D;20240708;000000;58.23;58.23;53.79;53.9;7458960;412741999.6
SELG;D;20240709;000000;53.9;54.28;50.75;51.39;11951630;620157241.3
SELG;D;20240710;000000;51.5;53.65;50.2;51.59;13340950;692674123.9
SELG;D;20240711;000000;51.35;56;51.35;55.92;10204700;553017338.2
SELG;D;20240712;000000;55.94;56.47;53.33;54.37;6896100;376384754.8
SELG;D;20240715;000000;55;55.18;52.08;53.5;5702250;306817154.7
SELG;D;20240716;000000;53.82;55.8;52.42;55.68;6185210;333806756
SELG;D;20240717;000000;55.74;58.6;54.36;56.7;13511430;773199222.8
SELG;D;20240718;000000;56.9;59.4;56.72;59.23;10407730;608979101.2
SELG;D;20240719;000000;59.1;60.5;58.11;59.41;7727520;458369983.7
SELG;D;20240722;000000;60.49;60.49;58.41;59.01;3444230;204095000.6
SELG;D;20240723;000000;59.03;59.85;58.44;59.61;1980470;117077889.4
SELG;D;20240724;000000;59.6;59.79;58.8;59.19;1740800;103059850
SELG;D;20240725;000000;59.12;59.12;58.11;58.34;1282060;74954921.8
SELG;D;20240726;000000;58.33;59.04;56.1;57.2;3821490;219373602.9
SELG;D;20240729;000000;56.7;57.41;55.55;56.02;4339910;244598442.5
SELG;D;20240730;000000;56.02;57.47;55.6;57.4;1765610;100268792.8
SELG;D;20240731;000000;57.67;58.99;57.36;58.69;3176460;184738876.2
SELG;D;20240801;000000;58.69;59.87;56.7;57.01;4404060;255600484.4
SELG;D;20240802;000000;57.66;57.66;56.37;57.25;3925430;223829155.2
SELG;D;20240805;000000;56;56.69;55.56;55.66;3567780;199989763.7
SELG;D;20240806;000000;56.2;56.44;55.06;55.74;1633510;90944115.8
SELG;D;20240807;000000;55.99;56.4;55;56.22;1142280;63829184.7
SELG;D;20240808;000000;56.31;56.48;55.55;55.71;1162120;65027880
SELG;D;20240809;000000;55.61;56.2;55.5;55.66;719670;40184741.9
SELG;D;20240812;000000;55.96;56.54;55.24;56.32;1822000;101955353.7
SELG;D;20240813;000000;56.7;56.87;56;56.51;1280990;72318175.5
SELG;D;20240814;000000;56.7;57.8;55.69;56.1;2007730;114024201.8
SELG;D;20240815;000000;56.03;56.5;54.55;54.85;1247870;69276551.9
SELG;D;20240816;000000;55;55.49;54.2;54.83;1722510;94356702.6
SELG;D;20240819;000000;54.83;55.1;51.34;52.42;4723820;249263133.1
SELG;D;20240820;000000;52.55;54.1;51.48;53.65;5140910;273023032.5
SELG;D;20240821;000000;53.65;53.91;51.9;52.79;4052590;213937763.7
SELG;D;20240822;000000;52.82;53.16;51;51.39;2658380;138810913
SELG;D;20240823;000000;51.41;52.57;50.62;51.22;2847010;146806360.6
SELG;D;20240826;000000;53;53.17;50.74;51.51;4243190;218538349
SELG;D;20240827;000000;51.72;52.35;50;50.51;3455210;176204583.4
SELG;D;20240828;000000;50.35;50.44;48.74;49.42;4307410;212710554.2
SELG;D;20240829;000000;50.74;52.39;50.39;51.37;9861210;503657698.2
SELG;D;20240830;000000;51;51.33;48.85;49.37;4120560;205416467.9
SELG;D;20240902;000000;49.37;49.37;43.78;46.6;23720410;1081704012.5
SELG;D;20240903;000000;46.6;48.29;45.5;46.32;6249030;292666495.5
SELG;D;20240904;000000;46.24;48.6;46.01;47.95;2632610;124499247.2
SELG;D;20240905;000000;48.2;49.46;47.5;47.87;2467590;119275298.6
SELG;D;20240906;000000;47.87;48.3;47.18;47.83;1391850;66507077
SELG;D;20240909;000000;48.06;49.49;47.94;49.43;1508100;73647767.9
SELG;D;20240910;000000;48.9;51.03;48.9;50.04;3992300;200041184.3
SELG;D;20240911;000000;50.11;50.97;49;49.11;2664390;133529448.6
SELG;D;20240912;000000;49.25;50.25;48.85;50.16;2650310;131663885.5
SELG;D;20240913;000000;50.43;51.4;49.2;51.27;3502930;176770149.6
SELG;D;20240916;000000;52.26;54.1;52.07;54;5263210;280378974.3
SELG;D;20240917;000000;54.2;54.95;53.05;54.12;2723300;147014438.5
SELG;D;20240918;000000;54.14;55.17;53.38;54.21;3561800;193321913
SELG;D;20240919;000000;54.4;55.5;54.01;54.7;3041470;166790326
SELG;D;20240920;000000;55.2;56.23;54.83;55.94;2748890;153210995.2
SELG;D;20240923;000000;57;57.79;56.02;57.73;3530590;201883512.3
SELG;D;20240924;000000;57.99;59.49;57.2;59.38;4699990;273729481.5
SELG;D;20240925;000000;59.18;59.29;57.06;57.92;3106320;181265378.5
SELG;D;20240926;000000;57.92;58.74;57.21;58;2231880;129634092.3
SELG;D;20240927;000000;58;58.34;57.63;58.09;1457530;84365236.2
SELG;D;20240930;000000;58.48;59;57.75;57.75;1737020;101518961.2
SELG;D;20241001;000000;58.18;58.68;56.98;58.47;3629090;210526737.9
SELG;D;20241002;000000;58.71;58.86;56.41;57.19;2275430;131224390.9
SELG;D;20241003;000000;57.19;57.93;56.49;57.59;2434960;139410129.3
SELG;D;20241004;000000;57.9;58.12;57.01;57.74;1867060;107652066.1
SELG;D;20241007;000000;58;58.41;57.17;57.57;1882750;108617749.8
SELG;D;20241008;000000;57.74;58.05;57.27;57.61;2340410;135065639
SELG;D;20241009;000000;57.61;57.8;56.39;56.78;3154680;179914019
SELG;D;20241010;000000;56.4;56.98;56.23;56.84;3931670;222693203.3
SELG;D;20241011;000000;52;52.8;51.76;51.92;8026070;418725194.9
SELG;D;20241014;000000;51.92;52.24;51.23;51.88;2297260;119110126.1
SELG;D;20241015;000000;51.88;52.06;51.74;51.85;1096240;56924175
SELG;D;20241016;000000;52.14;52.17;51.61;51.91;1314160;68262035.3
SELG;D;20241017;000000;51.91;52.15;51;51.07;1106170;57120649.3
SELG;D;20241018;000000;51.25;51.82;51.25;51.75;1203160;62098477.8
SELG;D;20241021;000000;52;53.4;51.76;52.38;4235080;222535475.9
SELG;D;20241022;000000;52.67;53.04;51.41;51.73;2549150;133010672.7
SELG;D;20241023;000000;51.76;51.87;49.07;49.46;3198200;160831861
SELG;D;20241024;000000;49.42;49.61;48.25;48.9;2383610;116489660.8
SELG;D;20241025;000000;49.03;49.24;46.9;47.52;2841920;136058888.5
SELG;D;20241028;000000;46.51;46.97;44.78;45.22;4123960;188143881
SELG;D;20241029;000000;45.22;47.35;43.62;46.95;5272170;239497819.4
SELG;D;20241030;000000;47.5;47.9;45.8;45.96;3587000;168114433
SELG;D;20241031;000000;45.81;46.74;45;45.4;2665530;121943760.9
SELG;D;20241101;000000;45.4;46.92;44.77;46.19;4357480;199596711.6
SELG;D;20241102;000000;46.25;46.28;45.21;45.46;1263630;57690140.6
SELG;D;20241105;000000;45.6;45.67;44.22;44.42;4742160;212364965.7
SELG;D;20241106;000000;44.7;45.85;44.21;44.54;3903180;175120630
SELG;D;20241107;000000;44.3;44.59;43.2;44.54;3545870;155576191
SELG;D;20241108;000000;44.55;44.72;43.8;44.44;3318700;146754284.8
SELG;D;20241111;000000;45.01;45.89;44.8;44.97;4251820;192293152
SELG;D;20241112;000000;44.97;45.99;43.87;45.11;6436760;290179533.7
SELG;D;20241113;000000;45.49;45.58;44.7;45.39;3034190;136957130.8
SELG;D;20241114;000000;44.96;45.9;44.96;45.21;2298580;104197217.2
SELG;D;20241115;000000;45.21;45.78;45.13;45.49;1937750;88104002.2
SELG;D;20241118;000000;44.6;45.15;44.29;44.69;2686730;120255554.8
SELG;D;20241119;000000;44.85;45;41.68;42.51;6675170;286856809.3
SELG;D;20241120;000000;42.89;43.02;40.53;41.05;4803790;200560982.4
SELG;D;20241121;000000;41.06;41.6;39.42;41.24;4484030;181623514.7
SELG;D;20241122;000000;41.5;41.87;40.77;41.09;1936770;79886276.5
SELG;D;20241125;000000;41;41.19;38.88;39.21;2807120;111826191.9
SELG;D;20241126;000000;39.1;39.21;36;36.75;6176610;230641923.1
SELG;D;20241127;000000;37.2;38.5;35.02;38.44;6673530;245204072.8
SELG;D;20241128;000000;38.71;39.4;36.51;36.98;6196970;234088464.7
SELG;D;20241129;000000;36.98;38.41;36.94;37.12;4122790;155276697.5
SELG;D;20241202;000000;36.6;38;36.6;37.56;1362060;51233262.5
SELG;D;20241203;000000;37.56;37.9;36.03;36.54;2227830;81850113.9
SELG;D;20241204;000000;36.99;37.38;35.5;35.6;2129470;77506759.4
SELG;D;20241205;000000;35.6;36.76;35.08;36.62;2576530;92479812.6
SELG;D;20241206;000000;37;37.59;36;36.68;2033630;74413983.7
SELG;D;20241209;000000;37;37.63;36.24;37.35;1696820;62949252.2
SELG;D;20241210;000000;37.25;37.83;36.34;37.33;2763840;102655713.2
SELG;D;20241211;000000;37.35;38.4;37.13;38.28;4327430;164250647.5
SELG;D;20241212;000000;38.38;38.7;36.84;37.05;3225310;121914046.6
SELG;D;20241213;000000;37.05;37.25;36.6;36.8;910170;33571938.4
SELG;D;20241216;000000;36.8;36.97;35.2;35.4;2287590;82078617.1
SELG;D;20241217;000000;35.7;36.21;35.42;35.95;1275780;45664190.9
SELG;D;20241218;000000;35.95;36.48;35.83;36.21;1179900;42666919.2
SELG;D;20241219;000000;36.21;36.99;35.95;36.4;2537420;92516797.9
SELG;D;20241220;000000;36.4;39.78;36.4;39.58;4926530;189808297.4
SELG;D;20241223;000000;41;41.92;40.42;41.54;4776010;197146403.6
SELG;D;20241224;000000;41.6;41.6;40.26;40.27;1900660;77645754.7
SELG;D;20241225;000000;39.93;41.01;39.5;40.83;1948910;78139407.4
SELG;D;20241226;000000;41.2;41.4;39.99;40.23;1819860;73822493.3
SELG;D;20241227;000000;40.25;40.57;39.62;40.28;1907700;76547948.7
SELG;D;20241228;000000;40.33;41.3;40.28;40.79;1747600;71652724.2
SELG;D;20241230;000000;41.3;42.64;40.88;41.65;2943370;122944510.7
SELG;D;20250103;000000;41.75;42;41.12;41.67;1312990;54667857.9
SELG;D;20250106;000000;41.68;42;41.32;41.88;696980;29126298.9
SELG;D;20250108;000000;42.14;43.36;42.06;42.78;2310820;99015984.2
SELG;D;20250109;000000;42.85;43.3;40.53;40.92;2467580;102868018.9
SELG;D;20250110;000000;41.01;42.15;40.57;41.57;2449150;101582804.7
SELG;D;20250113;000000;42;42.8;41.01;41.47;2759630;115894427.1
SELG;D;20250114;000000;41.8;42.13;41.22;41.74;866490;36178867.4
SELG;D;20250115;000000;42.1;42.27;41.55;42.23;1774590;74311512.6
SELG;D;20250116;000000;42.42;43.46;42.2;43.27;3898730;167783723.1
SELG;D;20250117;000000;43.49;43.94;42.89;43.31;2851750;123972773
SELG;D;20250120;000000;43.8;43.91;42.41;42.65;2144830;92518287.1
SELG;D;20250121;000000;42.7;44.49;42.5;44.19;3806700;166707943.1
SELG;D;20250122;000000;44.48;45;43.59;44.07;3460360;153756645.9
SELG;D;20250123;000000;44.07;44.75;43.04;43.98;2899330;127495148.4
SELG;D;20250124;000000;44.4;44.89;44.01;44.48;2199920;97854714.4
SELG;D;20250127;000000;44.5;45.39;42.91;43.16;5390680;237640522.1
SELG;D;20250128;000000;43.4;43.4;42.45;43.24;1938300;83190733.3
SELG;D;20250129;000000;43.36;44.28;42.02;42.83;16129470;693416609.2
SELG;D;20250130;000000;42.81;43.23;42.57;43.07;2147420;92278243
SELG;D;20250131;000000;43.2;43.58;42.5;42.59;2846730;122474367.5
SELG;D;20250203;000000;42.55;42.58;41.63;41.79;2350190;98688223
SELG;D;20250204;000000;42.05;45.25;41.8;45.19;30392240;1348636857
SELG;D;20250205;000000;45.21;52.05;45.21;51.94;220560360;10956092777
SELG;D;20250206;000000;52.2;56.3;48.2;50.14;533127360;27791825268.3
SELG;D;20250207;000000;50.58;52.98;49.96;51.88;185967810;9537916962.3
SELG;D;20250210;000000;52.3;53.26;50.92;52;85253880;4446980828.7
SELG;D;20250211;000000;52.43;52.85;51.59;52.12;23438350;1223427942.1
SELG;D;20250212;000000;52.12;54.5;50.77;53.01;41583300;2176126300.9
SELG;D;20250213;000000;53.08;56.44;53.01;53.64;26681540;1458923217
SELG;D;20250214;000000;53.64;54.29;52.05;53.26;9284430;496305763.8
SELG;D;20250217;000000;53.54;55.37;53.28;54.1;15091180;824222834.5
SELG;D;20250218;000000;54.13;54.69;53.35;54.38;8421300;454539016.5
SELG;D;20250219;000000;54.36;57.17;53.99;56.44;43854130;2453173980.1
SELG;D;20250220;000000;56.6;58.2;55.4;55.98;25285520;1442967076.5
SELG;D;20250221;000000;56.33;56.4;54.62;55.6;8573530;474779532.8
SELG;D;20250224;000000;55.55;56.58;54.66;55.85;9130780;507204615.3
SELG;D;20250225;000000;56;56.36;54.42;54.82;8360060;463510504
SELG;D;20250226;000000;54.88;55.25;51.52;52.06;13076670;691369832.7
SELG;D;20250227;000000;52.51;52.59;50.4;50.74;5723940;297259767.5
SELG;D;20250228;000000;50.35;51.28;49.12;50.4;9881280;494753426.2
SELG;D;20250303;000000;50.4;51.46;49.5;50.74;7042580;354579994.7
SELG;D;20250304;000000;51.09;52.35;50.74;52.19;4754650;245581902
SELG;D;20250305;000000;52.2;53.68;51.2;51.99;8409890;443485872
SELG;D;20250306;000000;52;53;51.76;52.48;4461750;234030922.9
SELG;D;20250307;000000;52.48;53.02;51.09;52.03;3045260;158846561.3
SELG;D;20250310;000000;52.13;52.63;51.25;51.49;3077080;160000018.7
SELG;D;20250311;000000;51.49;51.63;50.11;50.26;3636320;184453313.5
SELG;D;20250312;000000;50.26;50.71;49.5;50.04;1647330;82595027.4
SELG;D;20250313;000000;50.05;50.65;48.73;49.96;3288100;162987721.7
SELG;D;20250314;000000;49.9;53.89;49.64;53.7;38536800;2036836155.2
SELG;D;20250317;000000;53.69;54.89;52.7;53.05;11195520;599826503.5
SELG;D;20250318;000000;53.27;53.6;51.78;51.91;5409190;286145173.4
SELG;D;20250319;000000;51.95;53.33;51.91;52.42;7477320;395084396
SELG;D;20250320;000000;52.44;53.15;51.51;52.18;3936860;206029504.6
SELG;D;20250321;000000;52.02;52.38;50.98;51.31;1882570;97175327.5
SELG;D;20250324;000000;51.33;51.88;51;51.02;1559620;80076445.9
SELG;D;20250325;000000;51.03;51.65;50.5;51.13;1689340;86263462.8
SELG;D;20250326;000000;51.3;51.97;50;50.2;3065130;156867319.4
SELG;D;20250327;000000;50.5;50.88;49.83;49.97;3191090;160557826.9
SELG;D;20250328;000000;50.2;51.73;48.35;50.84;14076600;701901360.2
SELG;D;20250331;000000;50.84;51.36;48.57;50.29;5185190;260009451.2
SELG;D;20250401;000000;50.38;52.96;50.15;50.91;9530510;495744768.9
SELG;D;20250402;000000;51.33;51.55;50.7;51.25;2203550;112898445.3
SELG;D;20250403;000000;51.42;52.5;49.76;50.63;6745670;346057059.7
SELG;D;20250404;000000;51;51.72;48;48.84;6921440;342873062.7
SELG;D;20250407;000000;48.6;48.99;43.52;44.83;12293310;561599750.3
SELG;D;20250408;000000;45.1;47.09;44.64;45.53;5560660;255836826.2
SELG;D;20250409;000000;45.6;47.65;44.5;47.15;7867790;358657693
SELG;D;20250410;000000;47.7;47.77;45.67;46.27;4314940;200069553.4
SELG;D;20250411;000000;46.31;47.29;46.31;47.06;3639830;170919491.6
SELG;D;20250414;000000;47.07;47.65;46.02;46.5;2085920;98129239.4
SELG;D;20250415;000000;46.68;47.48;46.35;46.9;1675650;78609984.3
SELG;D;20250416;000000;47.05;48.84;46.91;48.67;8173140;394026436.6
SELG;D;20250417;000000;48.68;50.13;48.68;49.51;8789690;434565281.6
SELG;D;20250418;000000;49.5;49.85;48.24;49.02;3035530;149173374.7
SELG;D;20250421;000000;49.71;49.94;48.87;49.89;2452590;121486258.4
SELG;D;20250422;000000;50.18;51.97;49.94;51.6;5818730;295714656.9
SELG;D;20250423;000000;51.6;52.18;50.52;51.01;2489390;127162827.9
SELG;D;20250424;000000;51.19;52.05;50.85;51.3;2512910;129239939.1
SELG;D;20250425;000000;51.43;51.86;50.66;51.3;2022130;103416351.5
SELG;D;20250428;000000;51.44;52.88;51.09;52.45;5961720;309756326.7
SELG;D;20250429;000000;52.63;52.84;49.98;50.61;2822780;145472077.2
SELG;D;20250430;000000;50.61;50.88;49.01;49.32;2905200;144807874.9
SELG;D;20250502;000000;49.59;49.71;47.8;47.9;1036100;50449338
SELG;D;20250505;000000;47.76;48.91;46.77;47.08;2872580;136662522.9
SELG;D;20250506;000000;47.35;48.6;47;48.08;1940850;93275604.3
SELG;D;20250507;000000;48.34;48.68;47.47;47.95;1742310;83812767.3
SELG;D;20250508;000000;47.95;48.55;47.85;48.18;582980;28108116.7
SELG;D;20250512;000000;48.2;49.71;48.18;49.09;1749290;86196690.5
SELG;D;20250513;000000;49.28;49.56;49.04;49.33;1532910;75462125.1
SELG;D;20250514;000000;49.22;49.38;47.2;47.22;4036170;195407638.8
SELG;D;20250515;000000;47.24;47.63;46.2;46.77;1772670;82857339.5
SELG;D;20250516;000000;46.77;47.16;45.51;46.17;1397190;64634759.9
SELG;D;20250519;000000;46.31;47.25;46.19;46.69;1612550;75486689.4
SELG;D;20250520;000000;46.69;46.84;46.3;46.71;727710;33902348.6
SELG;D;20250521;000000;46.71;47.27;46.34;46.49;1331920;62241063.1
SELG;D;20250522;000000;46.49;46.66;44.65;45.15;3071340;138937619.1
SELG;D;20250523;000000;45;45.59;44.29;44.29;1344060;60620230.3
SELG;D;20250526;000000;44.29;44.49;42.81;42.98;1298590;56173276.2
SELG;D;20250527;000000;43.09;43.25;42;42.67;1398410;59579814.1
SELG;D;20250528;000000;42.53;43.8;42.53;43.79;1353040;58507046.8
SELG;D;20250529;000000;43.71;44.46;43.3;43.37;1527470;67015564
SELG;D;20250530;000000;42.99;43.84;42.99;43.41;1234340;53660515
SELG;D;20250602;000000;43.53;44.29;41.82;44.21;2713680;117088833.3
SELG;D;20250603;000000;44.3;46.89;43.85;46.45;4709250;215991083.3
SELG;D;20250604;000000;46.63;46.98;46.13;46.38;2709810;126131263.4
SELG;D;20250605;000000;46.44;46.82;45.61;45.89;1343610;62383181.1
SELG;D;20250606;000000;46;47.45;44;44.53;4160410;192510499.6
SELG;D;20250609;000000;44.71;45.8;44.28;45.13;2017330;90395445.6
SELG;D;20250610;000000;45.23;45.67;44.75;44.99;696540;31446658.9
SELG;D;20250611;000000;44.99;45.31;44.78;44.9;885490;39857817.8
SELG;D;20250613;000000;45.14;46.32;45.12;45.41;2083000;95433768.3
SELG;D;20250616;000000;45.98;45.98;44.02;44.15;1697410;76263767.4
SELG;D;20250617;000000;44.37;44.55;43.81;44.48;1127530;49987100.6
SELG;D;20250618;000000;44.55;45.09;44.26;44.38;1046180;46755558.3
SELG;D;20250619;000000;44.69;44.86;42.13;42.79;6759050;292172846.8
SELG;D;20250620;000000;42.77;43.25;42.18;42.7;3206620;137099406
SELG;D;20250623;000000;42.86;43;41.86;42.14;1569140;66334438.1
SELG;D;20250624;000000;42.14;42.39;41.81;42;1277530;53698273
SELG;D;20250625;000000;42.01;43.24;42;42.74;2059320;88065513.4
SELG;D;20250626;000000;42.63;43.41;42.51;42.81;2124610;91495208.7
SELG;D;20250627;000000;42.79;43.01;42.18;42.46;1792370;76146663.2
SELG;D;20250630;000000;42.44;43.89;42.33;43.61;3219860;139268767.4
SELG;D;20250701;000000;43.61;44.69;42.81;43.19;4456810;196074482.2
SELG;D;20250702;000000;43.37;44;42.81;43.28;2412050;104562990.7
SELG;D;20250703;000000;43.15;43.31;42.5;42.67;1791300;76760909.3
SELG;D;20250704;000000;42.68;42.7;42.16;42.4;758580;32216314.2
SELG;D;20250707;000000;42.49;43.09;42.23;42.45;1503030;64033024.3
SELG;D;20250708;000000;42.45;42.65;41.3;41.44;1320630;55410536
SELG;D;20250709;000000;41.29;41.61;40.15;40.75;3898490;158410979.7
SELG;D;20250710;000000;40.76;41.44;40.63;41.05;903540;37229496.4
SELG;D;20250711;000000;41.27;41.5;39.93;40.35;1902010;76646625.1
SELG;D;20250714;000000;40.33;44.67;39.54;44.65;29810830;1286218580.9
SELG;D;20250715;000000;44.65;46;43.67;45.07;19102000;858070098.4
SELG;D;20250716;000000;45.1;47;45.09;46.6;6725140;311947233.4
SELG;D;20250717;000000;46.89;46.96;44.45;45;4172000;190327681.1
SELG;D;20250718;000000;45;46.64;44.91;46.37;4142140;190770963.6
SELG;D;20250721;000000;46.66;51.88;46.53;51.38;33657400;1702325138.4
SELG;D;20250722;000000;51.4;51.68;49.62;50.06;13767010;693687420.2
SELG;D;20250723;000000;50.54;51.8;49.95;50.76;9116750;464741999.1
SELG;D;20250724;000000;50.84;50.98;49.31;50.14;7160870;357609277.5
SELG;D;20250725;000000;50.14;50.48;49.51;49.62;3050280;152082867.9
SELG;D;20250728;000000;49.62;50.26;47;48.2;5327930;258628335.1
SELG;D;20250729;000000;48.2;49.86;48;48.24;5988600;293441243.5
SELG;D;20250730;000000;48.24;49.04;47.53;47.74;2329750;112200230.9
SELG;D;20250731;000000;47.73;48.4;47.24;47.71;1451710;69260432.7
SELG;D;20250801;000000;47.77;49.15;47.76;48.38;2591180;125896848.8
SELG;D;20250804;000000;48.81;49.08;48.01;48.92;1772540;86291602.7
SELG;D;20250805;000000;48.92;49;48.52;48.86;886890;43235565.3
SELG;D;20250806;000000;49;49.31;48.06;48.68;2547680;124209582.4
SELG;D;20250807;000000;49;49.71;48.1;48.61;2807540;137565299.5
SELG;D;20250808;000000;48.61;49.2;48.35;48.62;4709550;229891675.3
SELG;D;20250811;000000;48.8;49.38;48.3;48.81;4112440;200915326.6
SELG;D;20250812;000000;48.84;48.86;48.33;48.55;645410;31329207
SELG;D;20250813;000000;48.55;48.8;48.09;48.42;805060;39003174.1
SELG;D;20250814;000000;48.42;48.54;47.31;48.16;1389100;66630695.5
SELG;D;20250815;000000;48.16;48.52;47.34;47.85;1273730;61027910.4
SELG;D;20250818;000000;47.49;50.44;47.04;48.97;7953490;391478515.8
SELG;D;20250819;000000;49.3;49.98;48.59;48.95;2251600;111065034
SELG;D;20250820;000000;48.95;49.49;47.08;47.44;3237590;154707088.8
SELG;D;20250821;000000;47.62;47.62;46.55;46.9;2336760;109848138.4
SELG;D;20250822;000000;46.97;47.64;46.74;47;806510;38076912.6
SELG;D;20250825;000000;47;49.55;46.85;49.16;8433360;410310851.6
SELG;D;20250826;000000;49.16;51.29;48.51;50.76;13291650;667090482.9
SELG;D;20250827;000000;50.76;51.23;49.6;50.78;8482200;428827117.3
SELG;D;20250828;000000;50.8;51.99;49.57;50.2;15020910;759488759.8
SELG;D;20250829;000000;50.3;50.69;47.8;48.13;12825070;623801921.8
SELG;D;20250901;000000;48.13;48.9;46.8;47.46;10730700;513945900.2
SELG;D;20250902;000000;47.5;47.74;45.9;47.1;4817630;224870682.5
SELG;D;20250903;000000;47.35;47.35;46;46.75;3588590;166841259
SELG;D;20250904;000000;46.65;46.97;45.6;46;4816590;221828924.7
SELG;D;20250905;000000;46.23;46.37;45.85;46.03;2415420;111402621.2
SELG;D;20250908;000000;46.03;47.55;45.71;46.97;7486990;350511848.5
SELG;D;20250909;000000;47.04;48.25;47.04;47.86;9585420;458046932.3
SELG;D;20250910;000000;48.13;48.47;47.25;47.27;3375030;161847611.9
SELG;D;20250911;000000;47.32;48.13;47.27;47.51;2345170;112135486.3
SELG;D;20250912;000000;47.52;48.08;46.01;46.71;3471570;163710248
SELG;D;20250915;000000;47.02;48.15;46.6;47.15;3824160;181341257.3
SELG;D;20250916;000000;47.15;47.63;45.65;46.65;2551030;119045114.7
SELG;D;20250917;000000;46.7;46.72;45.6;46.23;1651240;76105948.1
SELG;D;20250918;000000;46.22;46.55;45.69;45.9;949840;43753774.1
SELG;D;20250919;000000;45.75;46.24;45;45;1761430;80061239.2
SELG;D;20250922;000000;45;45.51;44.01;45.01;2431870;108888478.8
SELG;D;20250923;000000;45;45.46;43.82;44.03;1939230;86676243.8
SELG;D;20250924;000000;44.15;44.48;43.5;44.34;1355890;59677453.2
SELG;D;20250925;000000;44.4;44.93;43.88;44.09;987090;43759954.7
SELG;D;20250926;000000;44.08;44.76;43.5;44.29;1347830;59680785.9
SELG;D;20250929;000000;44.5;45.91;43.76;43.98;3139500;140651488.5
SELG;D;20250930;000000;44.14;44.73;43.34;43.54;1331430;58354229.1
SELG;D;20251001;000000;43.75;45.38;43.55;43.91;4653020;207041689.3
SELG;D;20251002;000000;44;44.36;43.35;43.46;1392500;60775048.6
SELG;D;20251003;000000;43.52;44.14;43.19;43.41;1376250;59952337
SELG;D;20251006;000000;43.05;46.49;42.02;45.85;19934480;894821251.9
SELG;D;20251007;000000;45.84;47.1;44.78;46.34;5542910;254566954.6
SELG;D;20251008;000000;46.5;47.26;44.57;45.56;3558100;163364386.2
SELG;D;20251009;000000;45.61;46.99;44.95;45.77;3198730;147379837.8
SELG;D;20251010;000000;45.77;45.77;44.12;44.42;1891240;85024888.3
SELG;D;20251013;000000;44.3;45.79;44.08;44.73;1589030;71232524.7
SELG;D;20251014;000000;44.81;45.05;43.5;43.9;1533040;67742706.3
SELG;D;20251015;000000;44;44.54;43.1;44.36;1015910;44529833.9
SELG;D;20251016;000000;44.49;45.9;44.22;45.69;3352340;151584226.6
SELG;D;20251017;000000;45.96;46.5;44.88;44.94;2387380;109040242.3
SELG;D;20251020;000000;45;46.1;44.79;45.63;2045200;92848989.1
SELG;D;20251021;000000;45.68;45.83;44;44.23;2641360;117702780.2
SELG;D;20251022;000000;44.33;45.08;44;44.38;1831980;81449204.9
SELG;D;20251023;000000;43.69;44.49;43.47;44.38;887300;39052035.1
SELG;D;20251024;000000;44.48;45.8;43.41;43.8;4023280;178611412.2
SELG;D;20251027;000000;43.88;44.42;42.1;42.25;2470660;105667807.2
SELG;D;20251028;000000;42.67;42.86;41.89;42.59;976790;41441342.7
SELG;D;20251029;000000;42.43;43.07;42.43;42.73;647480;27740105.1
SELG;D;20251030;000000;42.8;43.4;42.56;43.3;1133610;48863226
SELG;D;20251031;000000;43.4;43.54;42.35;42.49;833860;35680144.1
SELG;D;20251101;000000;42.51;42.85;42.35;42.38;307370;13063593.4
SELG;D;20251103;000000;42.38;42.94;42.36;42.79;331620;14166056.5
SELG;D;20251105;000000;42.72;42.93;42.36;42.47;486840;20724348.4
SELG;D;20251106;000000;42.72;43.09;42.35;42.65;996410;42508751.1
SELG;D;20251107;000000;42.65;43.19;42.51;42.99;994720;42700891.6
SELG;D;20251110;000000;42.96;43.55;42.78;42.92;1129530;48812132.6
SELG;D;20251111;000000;43.1;43.51;42.85;43.23;1216770;52513379.8
SELG;D;20251112;000000;43.14;44.27;43.04;44.03;3594640;157611704.2
SELG;D;20251113;000000;44.03;45.97;43.94;44.71;15622920;708324378.8
SELG;D;20251114;000000;44.73;45;42.84;43.22;3660130;160552882.3
SELG;D;20251117;000000;43.23;44.49;42.83;42.85;3184070;138825058.4
SELG;D;20251118;000000;43.5;43.69;42.61;43.42;1064330;46061880.8
SELG;D;20251119;000000;43.5;44.02;43.3;43.59;1659240;72510106.5
SELG;D;20251120;000000;43.7;43.98;43.25;43.8;1240420;54102020.7
SELG;D;20251121;000000;43.73;44.09;43.22;43.58;1337210;58246762
SELG;D;20251124;000000;43.57;43.97;43.03;43.29;933380;40573702
SELG;D;20251125;000000;43.33;43.71;42.9;43.07;1605890;69693927
SELG;D;20251126;000000;43.07;43.77;42.41;42.83;2559030;110277449.7
SELG;D;20251127;000000;43;43;42.29;42.3;949060;40410824.9
SELG;D;20251128;000000;42.48;43.12;42.3;42.71;1272070;54366447.3
SELG;D;20251201;000000;42.71;43.24;42.22;42.64;1636330;69823683.1
SELG;D;20251202;000000;42.64;42.8;42.29;42.45;550720;23395142
SELG;D;20251203;000000;42.47;43.25;41.81;43.08;1706220;72390886.2
SELG;D;20251204;000000;43.1;44.05;42.61;43.4;3682460;160326784.3
SELG;D;20251205;000000;43.31;44.18;43.05;43.38;2343610;102414195.6
SELG;D;20251208;000000;43.38;44.04;42.6;42.79;3004000;129368423.7
SELG;D;20251209;000000;42.93;43.06;42.56;42.91;821330;35195078.7
SELG;D;20251210;000000;42.91;43.19;42.83;43.18;531730;22841378.2
SELG;D;20251211;000000;43.42;43.5;42.94;43.26;1513520;65442066.4
SELG;D;20251212;000000;43.26;43.43;42.64;42.77;1117690;48040231.2
SELG;D;20251215;000000;42.75;43.3;42.5;42.91;994410;42664049.4
SELG;D;20251216;000000;43.01;43.11;42.56;42.96;1033680;44329022.5
SELG;D;20251217;000000;43;43.37;42.71;42.89;1174400;50474915.1
SELG;D;20251218;000000;42.89;43;42.6;42.79;796630;34111176.1
SELG;D;20251219;000000;42.79;44.63;42.28;42.44;6871400;298040295.9
SELG;D;20251222;000000;42.45;44.55;42.36;44.12;18999880;834583116.1
SELG;D;20251223;000000;44.44;45.27;43.05;45.2;12290920;543779719.9
SELG;D;20251224;000000;45.3;45.75;44.2;44.7;7684620;345703988.7
SELG;D;20251225;000000;44.61;44.97;43.19;43.85;4114210;180233733.8
SELG;D;20251226;000000;44.07;44.53;43.42;44.4;3532140;155574617.2
SELG;D;20251229;000000;44.4;44.8;43.17;43.28;5611850;246654627.4
SELG;D;20251230;000000;44;44;42.61;42.62;1570720;67915538.2
SELG;D;20260105;000000;43.13;43.94;42.89;43.44;2448550;106585932.6
SELG;D;20260106;000000;43.46;43.97;43.09;43.3;1042010;45366441
SELG;D;20260108;000000;43.3;43.38;42.91;43.06;951950;41060292.1
SELG;D;20260109;000000;43.18;43.35;43.08;43.17;405170;17512418.8
SELG;D;20260112;000000;43.5;45.76;43.5;44.61;15099140;676450056.2
SELG;D;20260113;000000;44.63;45.35;44.03;44.28;4005850;178703691.8
SELG;D;20260114;000000;44.43;46.97;44.41;46.35;18378500;846607016.8
