<TICKER>;<PER>;<DATE>;<TIME>;<OPEN>;<HIGH>;<LOW>;<CLOSE>;<AMOUNT>;<VOLUME>
TRMK;D;20070417;000000;265.3;265.3;230;232;11776;2715267.45
TRMK;D;20070418;000000;235;260;229.03;230.9;16727;3894282.01
TRMK;D;20070419;000000;237.87;237.87;223;224;5924;1346027.46
TRMK;D;20070420;000000;230;236.46;215.1;232;2712;625824.66
TRMK;D;20070423;000000;232.5;235;231.53;231.53;104;24170.21
TRMK;D;20070424;000000;232;236.78;231.85;236.78;197;46057.37
TRMK;D;20070425;000000;234.97;235;229.4;231.98;305;71224.71
TRMK;D;20070426;000000;230;236;230;236;267;62484.5
TRMK;D;20070427;000000;231.24;235.7;231.24;232.5;118;27353.8
TRMK;D;20070428;000000;236;236;236;236;227;53572
TRMK;D;20070502;000000;238.5;238.5;238.49;238.5;26;6200.9
TRMK;D;20070503;000000;238.8;239.53;238.8;239.53;1749;418730.65
TRMK;D;20070504;000000;240;240;239.1;239.1;75;17972.65
TRMK;D;20070507;000000;237.02;240.42;234.49;234.49;1047;247827.04
TRMK;D;20070508;000000;240;240.11;234.18;238.99;1972;467946.02
TRMK;D;20070510;000000;239.83;239.83;239.83;239.83;155;37173.65
TRMK;D;20070511;000000;235.3;235.5;230;230;543;125631.55
TRMK;D;20070514;000000;235.5;235.8;235.5;235.5;64;15078.6
TRMK;D;20070515;000000;235.35;235.35;233;235.35;902;212210.5
TRMK;D;20070516;000000;240;240;231.5;235;4497;1058929.62
TRMK;D;20070517;000000;235.01;240;232;234.21;1947;455867.23
TRMK;D;20070518;000000;231;236.35;206.35;230;100;22696.5
TRMK;D;20070522;000000;235.9;236;234;235.9;198;46649.4
TRMK;D;20070523;000000;236;236;234.26;234.26;26;6124.81
TRMK;D;20070528;000000;232.99;232.99;232.99;232.99;1;232.99
TRMK;D;20070529;000000;234.31;234.31;234.29;234.29;111;26007.83
TRMK;D;20070530;000000;234.42;235;234.42;234.42;1900;445456
TRMK;D;20070601;000000;234;234;232.97;234;81;18884.5
TRMK;D;20070604;000000;231.79;236.95;231.79;236.95;130;30174.5
TRMK;D;20070605;000000;236.91;236.91;236;236.7;30;7103.8
TRMK;D;20070606;000000;235;235;235;235;215;50525
TRMK;D;20070608;000000;235.1;235.1;235.1;235.1;2;470.2
TRMK;D;20070609;000000;235;236;231;236;41;9491.85
TRMK;D;20070613;000000;230.51;231.01;230.05;231;177;40870.85
TRMK;D;20070614;000000;235;235;229.17;229.2;1317;301859.8
TRMK;D;20070615;000000;231.81;231.81;229.1;231.81;4993;1157239.36
TRMK;D;20070618;000000;231.68;235.95;231.68;233.82;549;128370.77
TRMK;D;20070619;000000;231;232;231;232;877;202607
TRMK;D;20070620;000000;241;243.7;240.55;243.7;655;159409.31
TRMK;D;20070621;000000;243.8;243.8;243.6;243.6;454;110675.2
TRMK;D;20070626;000000;241.35;241.35;240.87;240.87;1112;268307.74
TRMK;D;20070627;000000;239.73;239.73;239.73;239.73;3;719.19
TRMK;D;20070628;000000;240.37;241.1;240.37;241.1;5041;1211735.1
TRMK;D;20070629;000000;237.32;237.32;237.32;237.32;5022;1191821.04
TRMK;D;20070702;000000;237.5;237.5;237.5;237.5;1;237.5
TRMK;D;20070703;000000;255;260;238.19;238.19;3229;811012.22
TRMK;D;20070704;000000;237.33;237.33;237.33;237.33;202;47940.66
TRMK;D;20070705;000000;246.97;246.98;246.92;246.98;11;2716.65
TRMK;D;20070706;000000;240;241.33;238;241.33;5635;1353308.2
TRMK;D;20070709;000000;249.99;259.99;239.29;244.33;6044;1450754.46
TRMK;D;20070710;000000;243.49;249.4;243.49;247;6023;1482924.38
TRMK;D;20070711;000000;250;255;246.32;255;3707;919707.8
TRMK;D;20070712;000000;259.32;268;253;268;2752;724285.16
TRMK;D;20070713;000000;261.54;261.78;261.54;261.77;895;234079.09
TRMK;D;20070716;000000;261.63;300;261.6;290;502;145598.21
TRMK;D;20070717;000000;289;290;265;267.46;5814;1556477.16
TRMK;D;20070718;000000;266;266;258.38;263.47;4812;1246954.47
TRMK;D;20070719;000000;262.03;270;261;262;2016;529685.36
TRMK;D;20070720;000000;260.71;269.98;236;268;837;220217.87
TRMK;D;20070723;000000;261.76;272;258;272;5529;1449514.98
TRMK;D;20070724;000000;265.03;275;261.47;267;6153;1618382.6
TRMK;D;20070725;000000;261.58;261.58;261.57;261.58;1120;292969.57
TRMK;D;20070726;000000;269.89;269.89;259.8;260;118;30747.66
TRMK;D;20070727;000000;258;262.63;257.02;262;587;152213.06
TRMK;D;20070730;000000;256.3;256.3;250;250;7277;1851514.21
TRMK;D;20070731;000000;263.63;263.63;257;257;5046;1297390.04
TRMK;D;20070801;000000;249.06;255.45;249.06;250.33;932;232421.68
TRMK;D;20070802;000000;255;260;252;252;251;64949.98
TRMK;D;20070803;000000;250.83;250.83;250.83;250.83;639;160280.37
TRMK;D;20070806;000000;248.91;248.91;242.77;243;550;134443.32
TRMK;D;20070807;000000;245;259.99;240;247.9;3472;860424.65
TRMK;D;20070808;000000;248.08;253;248.08;252.99;945;236912.99
TRMK;D;20070809;000000;252.99;259.5;247;247;27259;6900088.11
TRMK;D;20070810;000000;249.9;259.5;236.12;237;43825;10906072.22
TRMK;D;20070813;000000;251;259;238;243;16851;4133818.48
TRMK;D;20070814;000000;254;254;239.1;242.99;35474;8739362.09
TRMK;D;20070815;000000;239;243;232.34;233;15612;3668428.55
TRMK;D;20070816;000000;236.9;258;230;234.32;54034;12993796.53
TRMK;D;20070817;000000;231.64;231.64;227;229.07;4067;934015.71
TRMK;D;20070820;000000;237;238.99;220;223.01;9636;2170520.07
TRMK;D;20070821;000000;222.65;232;218.01;223.9;46215;10351666.73
TRMK;D;20070822;000000;224.99;227.98;217;226.9;60980;13523736.68
TRMK;D;20070823;000000;222.1;222.99;221.03;221.03;7492;1661787.63
TRMK;D;20070824;000000;225.46;236;219.01;222;18421;4158007.73
TRMK;D;20070827;000000;225;229;220;229;5233;1159622
TRMK;D;20070828;000000;221;222.3;219.5;222.3;13929;3071741.02
TRMK;D;20070829;000000;220.01;235;220.01;231.01;21739;4950339.65
TRMK;D;20070830;000000;228.2;233;228.2;230;395;91713.13
TRMK;D;20070831;000000;245;275;228;247;14187;3513636.56
TRMK;D;20070903;000000;265.77;270;238.02;241.4;2444;593788.14
TRMK;D;20070904;000000;241;263.18;240;242.5;7591;1843553.36
TRMK;D;20070905;000000;240;259;236.01;254.58;38851;9745187.12
TRMK;D;20070906;000000;254.1;254.5;248.2;254.4;6363;1588238.18
TRMK;D;20070907;000000;253.12;258.99;253;255.01;13186;3353142.23
TRMK;D;20070910;000000;247.8;250.9;247.8;250.89;3934;979014.11
TRMK;D;20070911;000000;247.01;258.91;247.01;252;11076;2801479.88
TRMK;D;20070912;000000;251.01;256.99;243.6;247.75;3798;947236.4
TRMK;D;20070913;000000;242.13;247.64;242.13;247.63;1048;257452.21
TRMK;D;20070914;000000;247.2;248.64;247.2;248.5;3018;748467.94
TRMK;D;20070917;000000;251.89;252.99;240.36;245;12059;2933657.35
TRMK;D;20070918;000000;245.77;252.95;237.01;241;5292;1281866.17
TRMK;D;20070919;000000;245.79;251.95;241.43;250.9;14767;3616319.78
TRMK;D;20070920;000000;245.33;252.55;245.33;251;6990;1752845.95
TRMK;D;20070921;000000;247.19;265;245;259.59;28491;7308308.57
TRMK;D;20070924;000000;261.01;261.46;257.01;261.46;616;159992.35
TRMK;D;20070925;000000;261.98;262;251.01;256.26;6367;1637250.57
TRMK;D;20070926;000000;261;264.99;247.02;256.01;3589;932365.36
TRMK;D;20070927;000000;256;258.89;255;255;3289;845059.47
TRMK;D;20070928;000000;258.99;259.98;255;259.67;1284;330753.91
TRMK;D;20071001;000000;259.99;268.99;250.02;258.88;1439;369723.95
TRMK;D;20071002;000000;258.94;269.61;258.94;260;1263;329619.43
TRMK;D;20071003;000000;267;278.98;250.93;267;17854;4729924.61
TRMK;D;20071004;000000;265;267;260;265;6262;1644636.11
TRMK;D;20071005;000000;260;271.14;260;271.14;14542;3895001.97
TRMK;D;20071008;000000;275;277.17;260.01;270.01;1360;372082.39
TRMK;D;20071009;000000;274.99;279.99;272.32;279.7;7565;2113065.28
TRMK;D;20071010;000000;280;280;274.15;277.22;3972;1101999.13
TRMK;D;20071011;000000;276;281.1;273;279.98;6286;1752285.9
TRMK;D;20071012;000000;282.43;295;273.01;290;30053;8510560.74
TRMK;D;20071015;000000;293;293;286.1;288.99;541;155444.55
TRMK;D;20071016;000000;290;290.32;283;290;7056;2004382.17
TRMK;D;20071017;000000;290;299.9;281.02;299.9;21264;6160588.12
TRMK;D;20071018;000000;300;318.61;288;308.99;16931;5034267.99
TRMK;D;20071019;000000;324.61;324.61;300.01;309.99;933;285101.76
TRMK;D;20071022;000000;290;300.84;283;287;36733;10720835.67
TRMK;D;20071023;000000;291;310;286.03;308.79;88775;26422571.64
TRMK;D;20071024;000000;304;309.9;291.32;297.9;6766;2056563.76
TRMK;D;20071025;000000;291.9;297;282;288.4;10984;3175175.84
TRMK;D;20071026;000000;291.89;316;291.89;316;52914;16413769.1
TRMK;D;20071029;000000;320;322.44;310.03;320;2116;676730.2
TRMK;D;20071030;000000;320.1;330;317;320;6069;1987529.57
TRMK;D;20071031;000000;325;327;282;308;26197;7877329.44
TRMK;D;20071101;000000;315.59;320;306;310.1;23558;7364259.53
TRMK;D;20071102;000000;300;325;300;322.9;128650;40330963.63
TRMK;D;20071106;000000;322.9;326.97;320;326;2804;909633.39
TRMK;D;20071107;000000;322.02;322.02;310;313;8154;2557374.24
TRMK;D;20071108;000000;312.5;315;307.1;309.99;27802;8619015.82
TRMK;D;20071109;000000;312.73;316;293.6;294;27034;8076333.19
TRMK;D;20071112;000000;299.98;311.77;295;301;266133;80713804.91
TRMK;D;20071113;000000;309.99;309.99;280;283;77848;22134715.95
TRMK;D;20071114;000000;298;298;268;274.96;78188;21350240.24
TRMK;D;20071115;000000;277;281;269;272.3;19905;5423582.48
TRMK;D;20071116;000000;278.96;278.96;260.52;263;35700;9548890.46
TRMK;D;20071119;000000;273.07;273.07;253.01;255;30042;7808687.72
TRMK;D;20071120;000000;260;263.95;251;257.99;23477;5998464.01
TRMK;D;20071121;000000;259;263;250;251.49;16004;4058412.32
TRMK;D;20071122;000000;251;253.97;245.35;248;20634;5146715.06
TRMK;D;20071123;000000;247.51;253.69;246.1;253.67;11475;2867465.64
TRMK;D;20071126;000000;254.14;270.7;254.14;261;117361;31018932.68
TRMK;D;20071127;000000;261.2;264.63;255.51;256;16033;4141033.92
TRMK;D;20071128;000000;260;261;253;255;12894;3292329.05
TRMK;D;20071129;000000;259.8;262.8;256.2;259.48;28355;7363559.95
TRMK;D;20071130;000000;259.99;273.73;259.15;272.95;25226;6732081.55
TRMK;D;20071203;000000;282.6;282.6;268.11;271.5;24556;6634130.64
TRMK;D;20071204;000000;272.5;275.95;269.34;274;24795;6762043.7
TRMK;D;20071205;000000;275;278.58;273.8;276.99;21659;5963869.11
TRMK;D;20071206;000000;277;278.99;271.02;275.33;23084;6345990.45
TRMK;D;20071207;000000;276.77;278.74;273;276;12766;3514104.91
TRMK;D;20071210;000000;275.07;286.5;272.9;282.5;46476;13184852.9
TRMK;D;20071211;000000;284.9;287;282.01;283.64;36432;10340385.79
TRMK;D;20071212;000000;282.01;287;275;282.49;37704;10594413.4
TRMK;D;20071213;000000;280.8;280.8;273.5;276.55;17842;4923066.97
TRMK;D;20071214;000000;275;277;270.01;275;12252;3346062.21
TRMK;D;20071217;000000;276;286;270.1;275.2;124178;33929386.65
TRMK;D;20071218;000000;276.88;279.71;273.04;276.02;25669;7101273.16
TRMK;D;20071219;000000;276.05;279.3;269.5;274.87;14039;3845319.39
TRMK;D;20071220;000000;276.2;276.79;271.15;276;9345;2569152.97
TRMK;D;20071221;000000;278;278;272.22;276.99;6991;1918675.23
TRMK;D;20071224;000000;277.49;278.9;273.7;275.9;7326;2013387.27
TRMK;D;20071225;000000;275;275;270.22;273.9;8328;2266703.89
TRMK;D;20071226;000000;274.96;279;271.01;274;30469;8386463.34
TRMK;D;20071227;000000;273;274.4;205;272.85;29320;7906016.83
TRMK;D;20071228;000000;277;277;269.75;271;12851;3490502.68
TRMK;D;20080109;000000;275;275;270.03;273;3276;888744.17
TRMK;D;20080110;000000;273;274.5;272;274.5;9539;2608930.84
TRMK;D;20080111;000000;273.5;276.5;271.5;274.01;15221;4181873.2
TRMK;D;20080114;000000;273;276.38;272.5;275.7;9380;2571972.91
TRMK;D;20080115;000000;272.51;275.49;265.5;272.1;22632;6166518.55
TRMK;D;20080116;000000;271;276;253;255.99;102580;27009181.64
TRMK;D;20080117;000000;258;263.89;246.1;256.9;55952;14202456.86
TRMK;D;20080118;000000;255;262.99;251.01;253.05;18280;4679195.97
TRMK;D;20080121;000000;252.05;252.05;240.15;243.5;31346;7715203.38
TRMK;D;20080122;000000;239.37;256.9;225.48;246.98;57377;13988319.34
TRMK;D;20080123;000000;254;258.18;231.02;235;35660;8586485.27
TRMK;D;20080124;000000;243.5;244.99;233.34;240;21223;5117024.75
TRMK;D;20080125;000000;245;245.97;241.12;245;11614;2823991.57
TRMK;D;20080128;000000;240;247;235;238;39740;9593493.93
TRMK;D;20080129;000000;239.99;246.2;239.3;246;16106;3892780.41
TRMK;D;20080130;000000;242.7;242.7;231.99;236.49;71883;16928754.74
TRMK;D;20080131;000000;236.55;236.55;222;224.99;41302;9454278.46
TRMK;D;20080201;000000;227.78;234.9;222.3;227.2;45359;10329800.32
TRMK;D;20080204;000000;230.69;243.19;223.22;230.89;22099;5069391.22
TRMK;D;20080205;000000;230.9;238.8;223;224;38536;8869702.04
TRMK;D;20080206;000000;225.25;227.15;219.51;225.99;33680;7495670.17
TRMK;D;20080207;000000;229.9;229.9;214;224.98;55982;12459144.56
TRMK;D;20080208;000000;221.91;224;210.27;213.1;81386;17379147.08
TRMK;D;20080211;000000;207.27;224.89;207.27;219;42910;9352367.37
TRMK;D;20080212;000000;220.02;235;220.02;223.8;60417;13599358.91
TRMK;D;20080213;000000;225;228.99;221.5;228.99;48807;10946416.39
TRMK;D;20080214;000000;230;234;224.91;228.01;55358;12695144.97
TRMK;D;20080215;000000;226.4;231;226;228;34738;7919058.9
TRMK;D;20080218;000000;228.5;240;228.5;240;126388;29629178.87
TRMK;D;20080219;000000;242.1;246.68;236.1;240.99;103804;25062194.49
TRMK;D;20080220;000000;238.87;242.9;235;236;35447;8441164.87
TRMK;D;20080221;000000;239.47;247;237;239;125754;30112409.27
TRMK;D;20080222;000000;241.4;241.4;230.18;233.86;41153;9638298.99
TRMK;D;20080226;000000;235;239.79;226.2;227.98;97035;22386858.31
TRMK;D;20080227;000000;235.68;235.68;223.61;224.89;41207;9303595.52
TRMK;D;20080228;000000;223.5;225.79;222.21;225;28070;6294195.69
TRMK;D;20080229;000000;225;228.7;215.05;216;43852;9692131.45
TRMK;D;20080303;000000;215;217.75;212;213.5;58062;12377502.36
TRMK;D;20080304;000000;215;219.97;213;213.25;46398;9973921.63
TRMK;D;20080305;000000;218.7;218.7;209;210;97935;20722195.62
TRMK;D;20080306;000000;211;213.87;205.07;207.99;56575;11835680.69
TRMK;D;20080307;000000;206;207.49;191;193.99;130621;26003487.81
TRMK;D;20080311;000000;192.02;196.9;179.54;182.62;266434;48799560.92
TRMK;D;20080312;000000;183;192;182.62;186.2;98084;18372555.83
TRMK;D;20080313;000000;186.2;196.99;185.01;192.99;210587;39709528.17
TRMK;D;20080314;000000;195.85;198;192.36;194.99;55487;10842023.55
TRMK;D;20080317;000000;194;194;181;184.9;53898;10081082.14
TRMK;D;20080318;000000;186.5;186.5;181;185.89;38521;7069879.6
TRMK;D;20080319;000000;188;189.95;182;184.4;28633;5292092.62
TRMK;D;20080320;000000;181;191.5;179.6;180.71;88826;16329369.83
TRMK;D;20080321;000000;182.11;183.99;180.08;181.1;35985;6542020.89
TRMK;D;20080324;000000;180;183.5;178;182.35;28853;5224382.26
TRMK;D;20080325;000000;181.5;183;176.2;177.99;86301;15382171.78
TRMK;D;20080326;000000;179.97;184.7;175.6;180.1;76750;13872845.83
TRMK;D;20080327;000000;180;190;180;185.8;97636;18175520.84
TRMK;D;20080328;000000;188.9;192;185.01;188.5;56500;10692057.4
TRMK;D;20080331;000000;193.45;193.45;185.11;185.8;17795;3320435.06
TRMK;D;20080401;000000;187.53;191.53;185.1;189;65201;12222578.2
TRMK;D;20080402;000000;190.64;192.55;187.9;187.9;21635;4112101.1
TRMK;D;20080403;000000;188.08;189.95;185.5;187;8840;1657866.03
TRMK;D;20080404;000000;185.57;190.5;185.54;187.17;28659;5383957.54
TRMK;D;20080407;000000;187.18;191.46;187.01;191.46;17717;3368480.38
TRMK;D;20080408;000000;190;193;189;189.61;16114;3068138.97
TRMK;D;20080409;000000;190.97;193.59;188;193;98354;18743628.36
TRMK;D;20080410;000000;195;195;187;189.5;57858;11023629.28
TRMK;D;20080411;000000;190;191.25;185;186;106527;19918219.66
TRMK;D;20080414;000000;186.99;187;182;182.8;26132;4810873.79
TRMK;D;20080415;000000;182.01;184.77;180.03;180.03;131438;23951593.37
TRMK;D;20080416;000000;180.2;181.77;179.07;180.3;56828;10241221.07
TRMK;D;20080417;000000;181.93;182;178;179;74577;13438510.54
TRMK;D;20080418;000000;179.01;183.5;176;182.3;34357;6223681.62
TRMK;D;20080421;000000;183.79;185;176.87;177;46889;8376854.74
TRMK;D;20080422;000000;178.44;179.99;176;177.89;57426;10170134.96
TRMK;D;20080423;000000;177.6;177.7;174.24;176.3;55877;9802685.14
TRMK;D;20080424;000000;176.9;178.96;176.4;177.1;32581;5789802.42
TRMK;D;20080425;000000;177.99;181.5;176.56;179.55;25148;4527286.93
TRMK;D;20080428;000000;182.85;189.8;177.7;189.75;88413;16415772.88
TRMK;D;20080429;000000;188.01;190.99;185;189.8;68625;12946152.33
TRMK;D;20080430;000000;192.1;194;190;192.49;96919;18593523.3
TRMK;D;20080504;000000;193;193.99;191.8;193.3;53257;10270626.69
TRMK;D;20080505;000000;192.13;194.75;188.12;191.39;39757;7608123.79
TRMK;D;20080506;000000;196.48;196.48;185;192.5;138196;25977051.1
TRMK;D;20080507;000000;193.85;198;190;194;182421;35553198.9
TRMK;D;20080512;000000;192;196;186.06;194.97;238589;46106432.79
TRMK;D;20080513;000000;195;199.99;195;197.1;56791;11214138.68
TRMK;D;20080514;000000;197.59;202;197;202;90828;18081590.42
TRMK;D;20080515;000000;200;201;196;197;94581;18739870.86
TRMK;D;20080516;000000;197;197.73;195;196;129875;25519558.73
TRMK;D;20080519;000000;194.05;204.99;194.05;202;144311;28809398.85
TRMK;D;20080520;000000;203;206.88;152.49;197.35;168205;33445535.73
TRMK;D;20080521;000000;195.01;197.5;190.05;197.5;65498;12767273.96
TRMK;D;20080522;000000;197.47;197.47;194.1;195.49;39423;7685960.24
TRMK;D;20080523;000000;194.01;197.98;193.55;197.3;19709;3861840.71
TRMK;D;20080526;000000;196;196;193.29;194;14082;2734256.06
TRMK;D;20080527;000000;194.5;195.5;191.21;192;41839;8082505.21
TRMK;D;20080528;000000;191.6;191.9;188.2;190;44478;8439075.63
TRMK;D;20080529;000000;190.79;195;190.51;191.95;32149;6160655.69
TRMK;D;20080530;000000;192.31;197.7;190.02;195.49;44500;8668404.17
TRMK;D;20080602;000000;195.49;195.49;191.06;192;35202;6766997.04
TRMK;D;20080603;000000;191;191.6;189;190.02;26672;5071092.79
TRMK;D;20080604;000000;189.51;190.8;185.95;186.51;59967;11270905.49
TRMK;D;20080605;000000;186.5;189.99;186.5;189.45;16339;3086787.17
TRMK;D;20080606;000000;191.01;191.94;187.3;188.85;31661;5967878.42
TRMK;D;20080607;000000;188.01;188.01;184.55;185.66;39004;7232284.5
TRMK;D;20080609;000000;185.2;186.45;184.15;186.36;37360;6923386.21
TRMK;D;20080610;000000;184.56;185.39;180;182.8;64826;11706967.82
TRMK;D;20080611;000000;181.5;185;181.2;184.25;24402;4450312.94
TRMK;D;20080616;000000;185.85;191.25;182.15;183.3;35158;6479766.3
TRMK;D;20080617;000000;183.99;188.99;182.3;183.99;36632;6751790.57
TRMK;D;20080618;000000;185.48;185.94;183.17;185;25537;4717147.76
TRMK;D;20080619;000000;183.18;188.75;182;187.79;65550;12214287.86
TRMK;D;20080620;000000;187.3;187.8;185.04;186.3;39181;7306625.64
TRMK;D;20080623;000000;185.89;192.33;184.51;191.7;44341;8394294.39
TRMK;D;20080624;000000;191.83;194.89;191.83;192.6;78621;15196173.91
TRMK;D;20080625;000000;192.3;222;188.02;214.99;1425050;301683656.74
TRMK;D;20080626;000000;214.75;215.5;196.25;202;385448;77647345.38
TRMK;D;20080627;000000;200.33;210;195.16;210;161611;32665147.58
TRMK;D;20080630;000000;211.9;211.9;202.25;203.03;46831;9556887.29
TRMK;D;20080701;000000;202;206.49;196.31;200.49;39162;7848106.88
TRMK;D;20080702;000000;200.4;204;198.62;203.88;23728;4768472.92
TRMK;D;20080703;000000;198;200.99;192.52;194.11;54054;10637376.07
TRMK;D;20080704;000000;194.17;198;193.99;195.01;19670;3876992.52
TRMK;D;20080707;000000;195.01;202.55;194.1;202;36327;7254500.39
TRMK;D;20080708;000000;200;200.11;194.02;198;27969;5498005.75
TRMK;D;20080709;000000;199.3;203.98;198;200.7;99782;20046002.82
TRMK;D;20080710;000000;196.02;201.5;195.19;198;120586;23914654.4
TRMK;D;20080711;000000;200;200.6;190.55;192;97384;18971388.92
TRMK;D;20080714;000000;193.92;196.55;192.1;192.95;20874;4035198.54
TRMK;D;20080715;000000;194.89;194.89;188.02;189;31587;5994726.03
TRMK;D;20080716;000000;189.98;197.77;187.01;193.48;144862;27853627.25
TRMK;D;20080717;000000;193.02;197;193;196;20973;4108075.9
TRMK;D;20080718;000000;197.77;200;189.19;189.5;35502;6855468.37
TRMK;D;20080721;000000;192.87;193.33;190.62;192.2;15061;2898517.15
TRMK;D;20080722;000000;196.99;197;185;186.09;24682;4616812.93
TRMK;D;20080723;000000;187.98;189.95;182.52;186.1;180944;33730128.78
TRMK;D;20080724;000000;187.99;189.96;183.14;189.39;24059;4487543.42
TRMK;D;20080725;000000;182.51;185;171.13;182;49983;8843508.54
TRMK;D;20080728;000000;178.2;184.88;171.05;174;26404;4653118.39
TRMK;D;20080729;000000;174;177.24;170;172;33655;5780109.52
TRMK;D;20080730;000000;175.46;184.5;167.84;183.49;85641;15326992.62
TRMK;D;20080731;000000;179.18;186;179.01;185;54967;10050822.85
TRMK;D;20080801;000000;187.19;192;182;187;22892;4234949.28
TRMK;D;20080804;000000;184;196.5;184;194;51559;9936647.93
TRMK;D;20080805;000000;191;195.5;181.11;181.11;101813;19343226.28
TRMK;D;20080806;000000;185.1;192.95;182.5;185;25110;4676542.02
TRMK;D;20080807;000000;185.57;192.8;181;184.52;77863;14628635.79
TRMK;D;20080808;000000;185.9;192;181.95;189.1;135482;25647304.07
TRMK;D;20080811;000000;192;193.5;175.02;192.5;52705;9876119.77
TRMK;D;20080812;000000;187.09;200.01;185.11;198;37782;7428241.15
TRMK;D;20080813;000000;185.07;196.95;185.07;196.8;8865;1712555.25
TRMK;D;20080814;000000;198.4;199.88;194.01;199.25;27118;5369905.14
TRMK;D;20080815;000000;199.95;200;196.85;199.65;17978;3567542.18
TRMK;D;20080818;000000;192.7;202.5;192.5;195;17411;3424909.67
TRMK;D;20080819;000000;197;197;182.1;183.5;57654;10673408.92
TRMK;D;20080820;000000;187.8;189.49;182.01;189.4;32806;6122054.82
TRMK;D;20080821;000000;189.99;194;179;179.7;52184;9577348.81
TRMK;D;20080822;000000;179.55;182.89;175.55;176;17036;3030011.83
TRMK;D;20080825;000000;177.99;178.97;170.01;172.01;16915;2940548.95
TRMK;D;20080826;000000;166.71;174.84;160.01;163.05;42611;7129954.1
TRMK;D;20080827;000000;163.47;179.35;154.2;157.8;28559;4642979.02
TRMK;D;20080828;000000;160.1;167.95;152.4;167.19;17529;2855414.34
TRMK;D;20080829;000000;165;167.7;159.99;161.99;17408;2852701.74
TRMK;D;20080901;000000;164;167;162.98;164.3;25561;4213193.56
TRMK;D;20080902;000000;160.81;165.91;158.96;161.12;44542;7169239.99
TRMK;D;20080903;000000;161;162;153.51;155.99;61830;9590494.65
TRMK;D;20080904;000000;155.01;158.9;150.25;151.69;7375;1149609.16
TRMK;D;20080905;000000;154.9;154.9;143.02;150;87069;13038435.18
TRMK;D;20080908;000000;152.99;158.9;146.37;158;41487;6303408.69
TRMK;D;20080909;000000;155.01;155.01;146.5;146.5;40861;6149121.21
TRMK;D;20080910;000000;144.11;151;139.24;140.91;87450;12675303.62
TRMK;D;20080911;000000;142.07;147.79;142.07;142.5;5863;841831.5
TRMK;D;20080912;000000;141.71;147.96;141.71;146.95;2745;398370.04
TRMK;D;20080915;000000;145.14;145.14;135;141;19392;2687890.26
TRMK;D;20080916;000000;135.01;139.76;115.15;120;10234;1251599.77
TRMK;D;20080917;000000;128.85;129.4;105;105;4309;475070.01
TRMK;D;20080919;000000;115;168;115;138;71116;10653251.25
TRMK;D;20080922;000000;146.7;163.99;146.7;151.88;37785;6016499.21
TRMK;D;20080923;000000;135.16;154.85;121.58;149.99;28363;4203116.68
TRMK;D;20080924;000000;136.06;149.87;136.06;148.5;4143;600885.69
TRMK;D;20080925;000000;145.52;153;138.05;149.9;17472;2583236.51
TRMK;D;20080926;000000;150.98;150.98;146;146;5011;737953.63
TRMK;D;20080929;000000;146.11;148;143.42;144.4;20338;2973943.91
TRMK;D;20080930;000000;128.01;150;111.47;149.07;8854;1220377.41
TRMK;D;20081001;000000;154.87;154.87;142.55;145.94;1737;254405.9
TRMK;D;20081002;000000;142.47;143.16;131;131;15539;2144598.63
TRMK;D;20081003;000000;134.34;134.34;120;128;27388;3343444.54
TRMK;D;20081006;000000;111.74;119.37;100;106;9459;999523.31
TRMK;D;20081007;000000;100.26;106.9;79.6;102;39716;4067778.67
TRMK;D;20081008;000000;82;100;81.95;94.99;1206;107082.11
TRMK;D;20081009;000000;110.83;110.83;91;99.89;3264;327533.01
TRMK;D;20081013;000000;95.51;95.51;81.23;89.9;18534;1656652.08
TRMK;D;20081014;000000;95;95;82;85.2;26623;2274903.62
TRMK;D;20081015;000000;81;85.77;77;82.95;12453;1005626.55
TRMK;D;20081016;000000;81.01;81.01;66.08;74.99;6985;517690.07
TRMK;D;20081017;000000;90;90;66.12;69.89;109349;7838481.25
TRMK;D;20081020;000000;72.99;74.95;60;61.68;11087;726400.58
TRMK;D;20081021;000000;64.26;65.5;61.5;63;89619;5683496.08
TRMK;D;20081022;000000;65;68.5;61;61.01;56224;3518598.18
TRMK;D;20081023;000000;61.3;61.3;57.5;58;16822;1000226.97
TRMK;D;20081024;000000;51.56;55.5;48.01;48.01;1356;71163.88
TRMK;D;20081028;000000;47.01;49.9;44.6;47.99;31431;1469370.72
TRMK;D;20081029;000000;52;54.8;47.14;52;55172;2864748.66
TRMK;D;20081030;000000;50.06;61;50.06;52.51;7583;404831.07
TRMK;D;20081031;000000;51.01;51.01;46.01;50;27220;1300400.71
TRMK;D;20081101;000000;46.15;54.5;46.15;54;3404;176668.56
TRMK;D;20081105;000000;56.15;61.4;51.17;52.75;29625;1588844.77
TRMK;D;20081106;000000;51.2;51.2;47.42;49;10886;532113.73
TRMK;D;20081107;000000;47;50.99;45.2;46.33;20277;962471.53
TRMK;D;20081110;000000;49.99;52.48;47.58;49.9;13715;697662.92
TRMK;D;20081111;000000;48.01;50.97;46.03;46.23;6880;328167.64
TRMK;D;20081113;000000;45.04;49.68;34.06;41;22568;919024.18
TRMK;D;20081114;000000;44.5;47.01;35;36.21;37794;1473695.96
TRMK;D;20081117;000000;37;37;27;28.18;52629;1580376.03
TRMK;D;20081119;000000;28.99;29.2;19.91;19.91;157424;3533702.09
TRMK;D;20081121;000000;20.22;21.85;13.99;13.99;494452;7471003.37
TRMK;D;20081125;000000;15.4;20.19;15.4;19.5;201961;3599395.09
TRMK;D;20081127;000000;20;24.93;19.8;24.7;413431;9543910.55
TRMK;D;20081201;000000;27;31.69;26.48;31;297208;9112252.95
TRMK;D;20081203;000000;32.28;38.59;30.89;34.6;474224;16060847.93
TRMK;D;20081204;000000;37;41.82;34;39.78;392464;14573955.18
TRMK;D;20081205;000000;38.83;46.7;38;43.11;504969;21788123.17
TRMK;D;20081208;000000;46.28;47.4;39.7;42.73;385027;16807864.2
TRMK;D;20081209;000000;41;44.3;38.01;42.01;158574;6717760.19
TRMK;D;20081210;000000;43.21;43.98;40.61;41.9;50100;2102877.45
TRMK;D;20081211;000000;42.3;45.98;41.8;45;192584;8533085.34
TRMK;D;20081212;000000;44.16;46;36.02;38;294193;11355275.06
TRMK;D;20081215;000000;39.6;40.26;38;38.7;63047;2453930.7
TRMK;D;20081216;000000;38.72;39.9;35.71;36.94;56881;2099563.71
TRMK;D;20081217;000000;35.72;38.47;33.56;34.15;130463;4527700.76
TRMK;D;20081218;000000;34.4;35.1;31.81;32.47;101187;3415161.89
TRMK;D;20081219;000000;31.64;33.87;30;32.8;266091;8428387.37
TRMK;D;20081222;000000;32;37.1;30.53;37.1;312595;10988775.33
TRMK;D;20081223;000000;37.18;38.69;31.02;35.15;422697;14888200.02
TRMK;D;20081224;000000;29.63;37.2;29.63;36.5;362892;12782472.15
TRMK;D;20081225;000000;36.3;36.5;34.7;35.7;76809;2732255.65
TRMK;D;20081226;000000;35;36.7;34;34.1;41535;1445784.76
TRMK;D;20081229;000000;34.97;36.49;32;33.4;33768;1161153.1
TRMK;D;20081230;000000;32.99;33;28.02;29.41;242600;7431902.33
TRMK;D;20081231;000000;30.49;30.49;28.61;29.65;40500;1190349.51
TRMK;D;20090111;000000;30;31.7;30;31.37;77781;2418273.18
TRMK;D;20090112;000000;31.26;34.5;31;32.68;137082;4483498.19
TRMK;D;20090113;000000;32.11;33.12;31.71;32.38;77639;2514883.17
TRMK;D;20090114;000000;32.6;33.4;30.24;30.5;504988;15672258.64
TRMK;D;20090115;000000;30.92;36.8;29.21;35.14;639821;21465899.51
TRMK;D;20090116;000000;36;39.9;31.4;32.49;856335;29168529.16
TRMK;D;20090119;000000;34.94;34.94;30.36;31.45;140115;4476223.13
TRMK;D;20090120;000000;31.97;31.97;27.16;30.8;134148;4014961.87
TRMK;D;20090121;000000;29.71;31.5;28.75;31.33;71947;2144242.83
TRMK;D;20090122;000000;31.74;31.74;27.5;28.2;251761;7244852.14
TRMK;D;20090123;000000;28.4;28.4;25.5;25.5;98351;2605486.37
TRMK;D;20090126;000000;26.22;28.85;25.05;27.5;718938;19665789.17
TRMK;D;20090127;000000;28.6;29.75;26.13;28.55;619109;17739092.18
TRMK;D;20090128;000000;31.5;33;30.01;32.39;423179;13529311.24
TRMK;D;20090129;000000;32.97;33;30.41;32.68;355967;11425881.49
TRMK;D;20090130;000000;32;35.34;30.25;34.3;398640;13430816.26
TRMK;D;20090202;000000;34.5;35.8;33.12;34.29;181264;6300551.03
TRMK;D;20090203;000000;34.6;35.09;33.71;34.4;129833;4454552.61
TRMK;D;20090204;000000;34.51;37;34.15;36.25;381390;13750724.69
TRMK;D;20090205;000000;36.67;38.4;34.51;37.2;685942;25541405.45
TRMK;D;20090206;000000;37.41;44.2;37.4;44;675787;27001456.17
TRMK;D;20090209;000000;44;47.48;42.49;44.35;832098;37911957.02
TRMK;D;20090210;000000;45.95;45.95;41.1;43;840029;37090689.53
TRMK;D;20090211;000000;42.3;44.35;40.26;41.72;285436;11871491.15
TRMK;D;20090212;000000;41.65;43.77;39.53;43.33;308200;12988508.26
TRMK;D;20090213;000000;44.02;45.42;43;44.6;741111;32713085.64
TRMK;D;20090216;000000;44.99;44.99;41.64;42.2;298360;12807190.73
TRMK;D;20090217;000000;41.71;42.16;36.12;37.88;173446;6876439.88
TRMK;D;20090218;000000;37.8;39.64;35;37.5;162543;6055548.22
TRMK;D;20090219;000000;39.19;39.19;36.99;37.55;228853;8639581.14
TRMK;D;20090220;000000;37.47;38;35.33;36.76;134535;4935315.34
TRMK;D;20090224;000000;35.71;36.59;33.4;35.29;197854;6854064.72
TRMK;D;20090225;000000;35.76;37.2;35.7;36.28;162861;5946101.64
TRMK;D;20090226;000000;36.71;39.7;36.37;38.92;322889;12289614.54
TRMK;D;20090227;000000;38.5;39.6;37.23;37.81;183850;7043064.3
TRMK;D;20090302;000000;39;39;35;37;29047;1071981.41
TRMK;D;20090303;000000;36.5;37.88;36.39;37.34;32918;1216329.18
TRMK;D;20090304;000000;37.34;38.55;37.34;38.28;176296;6663684.72
TRMK;D;20090305;000000;39.6;39.6;37;37.79;129573;4885134
TRMK;D;20090306;000000;37.31;38.11;36.41;36.96;121712;4506437.27
TRMK;D;20090310;000000;36.6;38.08;36.6;37.5;396082;14882720.98
TRMK;D;20090311;000000;37.9;38.5;36.7;37;110329;4146906.12
TRMK;D;20090312;000000;36.8;37.45;35.43;36.25;97942;3553914.28
TRMK;D;20090313;000000;37.89;37.89;34.83;35.34;349093;12413113.16
TRMK;D;20090316;000000;34.51;37.16;34.5;36.55;306476;11149700.23
TRMK;D;20090317;000000;36.98;37.34;35.78;36.5;274296;9996574.39
TRMK;D;20090318;000000;36.8;37;33.9;33.98;803955;28223677.53
TRMK;D;20090319;000000;34.83;35.66;33.96;34.65;452631;15748877.14
TRMK;D;20090320;000000;34.8;37.29;34.8;36.96;477552;17401674.98
TRMK;D;20090323;000000;36.93;47.3;36.85;41.3;1526761;63956345.95
TRMK;D;20090324;000000;42.68;43.7;37.95;41;482977;19337599.58
TRMK;D;20090325;000000;41.5;41.5;39.11;40.66;467813;18869533.62
TRMK;D;20090326;000000;41.07;41.48;38.12;39;384181;15392720.59
TRMK;D;20090327;000000;39.93;39.93;36.02;37.05;240407;8993220.23
TRMK;D;20090330;000000;36.31;37;35.61;37;142437;5162261.63
TRMK;D;20090331;000000;37;39.9;36.61;38.65;207683;7987340.31
TRMK;D;20090401;000000;38;39.62;37.39;37.5;100099;3790275.14
TRMK;D;20090402;000000;37.98;39.44;37.71;39.38;134335;5162656.54
TRMK;D;20090403;000000;39.14;41.52;38.5;40.78;990136;39848429.29
TRMK;D;20090406;000000;42;43.35;39.5;39.93;1060853;43459062.71
TRMK;D;20090407;000000;40.84;41.3;39.63;40.56;100531;4082084.94
TRMK;D;20090408;000000;40.48;41.29;38.21;41;630202;25428630.76
TRMK;D;20090409;000000;42;45.01;40.7;43.99;360655;15540263.07
TRMK;D;20090410;000000;44.86;48;42.75;47.49;464789;20757046.7
TRMK;D;20090413;000000;47;47.5;44.6;45;451682;20748117.07
TRMK;D;20090414;000000;46;49.86;44.31;48.5;561927;26531317.71
TRMK;D;20090415;000000;47.5;49.87;45.15;48;456588;21678592.2
TRMK;D;20090416;000000;48.99;50.5;47;49.44;392849;19243542.4
TRMK;D;20090417;000000;50.5;50.7;49.16;50.54;333366;16680473.87
TRMK;D;20090420;000000;50.54;51.5;45.2;45.2;541430;26059158.73
TRMK;D;20090421;000000;44.98;46.47;43.35;45.07;222791;10041347.73
TRMK;D;20090422;000000;46.2;49.48;44.8;49;953992;44523997.6
TRMK;D;20090423;000000;49.88;50.79;47.75;50;317960;15903519.27
TRMK;D;20090424;000000;50.47;53.49;50.32;53.4;236986;12282790.94
TRMK;D;20090427;000000;53;54;49.06;52.19;151122;7798524.03
TRMK;D;20090428;000000;52.2;63.7;50;55.25;732450;40107147.66
TRMK;D;20090429;000000;56;59.5;53.55;59;639582;36050352.4
TRMK;D;20090430;000000;59.02;66;57.06;65.7;963712;59110060.03
TRMK;D;20090504;000000;67.73;67.73;64.01;65.7;528291;34462984.45
TRMK;D;20090505;000000;67;67;64;66.5;330871;21667694.86
TRMK;D;20090506;000000;65.1;66;62.85;64.75;336323;21467035.16
TRMK;D;20090507;000000;65;73.96;65;70.1;747732;52096834.07
TRMK;D;20090508;000000;69.5;80;69;73;405768;30628311.03
TRMK;D;20090512;000000;72.45;79.96;70.1;77.97;434999;33702386.76
TRMK;D;20090513;000000;79.1;81.49;72.1;73;531434;39679597.31
TRMK;D;20090514;000000;72;74.5;69.52;73.2;422994;30115199.91
TRMK;D;20090515;000000;74.5;79.48;69.57;72;175756;12652111.41
TRMK;D;20090518;000000;72;72.82;69.05;71;238341;17042209.72
TRMK;D;20090519;000000;72;74.98;70;71;116415;8310149.6
TRMK;D;20090520;000000;71.01;74.3;71.01;73.7;110624;8051021.34
TRMK;D;20090521;000000;72.85;72.85;69.5;69.69;114860;8097694.46
TRMK;D;20090522;000000;69.7;71.49;68.58;69.5;51384;3614185.95
TRMK;D;20090525;000000;70.98;72.2;67;71.2;104018;7196173.66
TRMK;D;20090526;000000;71.3;72.2;65.53;69.29;182265;12417994.51
TRMK;D;20090527;000000;69.4;69.94;68;69.37;85193;5873843.8
TRMK;D;20090528;000000;72.2;72.2;67.11;67.88;93350;6387156.57
TRMK;D;20090529;000000;68.8;69;62.4;63.48;2373574;153234212.2
TRMK;D;20090601;000000;64;68.45;63.66;67.89;1222130;81258101
TRMK;D;20090602;000000;68;68.48;64.2;67.5;821746;54749326.24
TRMK;D;20090603;000000;68.86;71.25;65.42;70.03;516400;35657156.1
TRMK;D;20090604;000000;69.51;75.6;69.51;75.6;830269;61143542.53
TRMK;D;20090605;000000;76.57;77.6;74.1;76;320062;24282815.16
TRMK;D;20090608;000000;74.89;75.59;72.11;75;162314;12002151.07
TRMK;D;20090609;000000;75;88;74.99;85.22;681431;57011668.71
TRMK;D;20090610;000000;88;93.95;86.01;93.95;518242;46304223.84
TRMK;D;20090611;000000;91.25;103.67;89.01;98.03;957898;93905003.42
TRMK;D;20090615;000000;97.64;97.64;89;89.99;636800;58839901.01
TRMK;D;20090616;000000;89.88;93;89;91.2;847166;76504028.18
TRMK;D;20090617;000000;88.53;91.14;84.01;84.99;321122;27788482.17
TRMK;D;20090618;000000;85.56;87.5;78.55;80.5;578928;46237277.58
TRMK;D;20090619;000000;80.75;89;79.26;84;324599;27352625.46
TRMK;D;20090622;000000;83.2;84;76;76.5;253561;20034891.81
TRMK;D;20090623;000000;76.5;80;71;75;298377;22652612.69
TRMK;D;20090624;000000;79.09;82.03;76.36;81.6;205947;16342392.9
TRMK;D;20090625;000000;80.04;83;78.2;79;55684;4438521.81
TRMK;D;20090626;000000;81.6;83.5;79;80.99;108734;8913090.99
TRMK;D;20090629;000000;78.99;84.3;78;82;130172;10693683.07
TRMK;D;20090630;000000;84.4;84.5;76;77.05;376529;30165379.86
TRMK;D;20090701;000000;77.05;78.99;74.21;76;317503;24117909.21
TRMK;D;20090702;000000;75.51;78.57;74.59;75.4;115923;8860644.99
TRMK;D;20090703;000000;75.29;77.99;74.12;77;174689;13355021.72
TRMK;D;20090706;000000;76.05;76.05;72.87;73.3;123708;9128144.31
TRMK;D;20090707;000000;74.28;74.9;71.16;73;81418;5964285.19
TRMK;D;20090708;000000;70.77;73.01;69.69;72.87;79282;5696395.18
TRMK;D;20090709;000000;71.01;72;68.5;68.8;192576;13454055.29
TRMK;D;20090710;000000;68.75;69.5;63.52;63.9;195266;12839903.6
TRMK;D;20090713;000000;63.51;67;61.01;66;295764;19253853.97
TRMK;D;20090714;000000;67;69;65.99;65.99;59275;3994725.47
TRMK;D;20090715;000000;68.5;68.5;65.51;67.62;206210;13781854.4
TRMK;D;20090716;000000;67.99;68;64.02;66.63;216553;14415164.08
TRMK;D;20090717;000000;67;69.93;65.1;69.5;335624;22992234.7
TRMK;D;20090720;000000;69.97;75;69.97;71.6;252346;18288733.31
TRMK;D;20090721;000000;72.95;76.48;70;73.8;343499;25685246.33
TRMK;D;20090722;000000;73.8;75.4;73.02;73.2;45241;3354978.13
TRMK;D;20090723;000000;73.2;82;73.2;79.9;457354;35520610.6
TRMK;D;20090724;000000;81.71;81.71;76.7;77;206234;16059430.71
TRMK;D;20090727;000000;79.06;82;74.01;76.1;286363;22384796.13
TRMK;D;20090728;000000;76.99;78;74.5;75.55;106726;8182704.08
TRMK;D;20090729;000000;75;77.74;73.7;75.25;86543;6615794.35
TRMK;D;20090730;000000;76.99;77.77;75.3;77.77;83451;6349813.15
TRMK;D;20090731;000000;78.07;84.3;77;82.01;358934;28901257.21
TRMK;D;20090803;000000;82.1;88.5;80.84;84;678217;57435934.44
TRMK;D;20090804;000000;84.9;84.9;81.5;82.85;102457;8453863
TRMK;D;20090805;000000;83;84.7;81.5;81.97;222442;18520374.9
TRMK;D;20090806;000000;82;84.8;82;83.49;145240;12093777.18
TRMK;D;20090807;000000;83.18;84;81.31;83.73;130432;10809037.08
TRMK;D;20090810;000000;87.15;89.65;81.65;82.29;221826;18660781.8
TRMK;D;20090811;000000;83;83;78.66;79.7;155480;12621063.09
TRMK;D;20090812;000000;79;79.51;76;79.2;153670;11944455.42
TRMK;D;20090813;000000;80;81.1;77.03;78;171176;13675488.06
TRMK;D;20090814;000000;80.5;87.98;78.51;81;704486;58925743.17
TRMK;D;20090817;000000;77.4;85.9;76.01;80.6;411174;33213252.31
TRMK;D;20090818;000000;81.7;90.09;81.02;87.49;748541;64307319.17
TRMK;D;20090819;000000;87.05;87.08;81.7;83;417486;34898729.96
TRMK;D;20090820;000000;80.49;86.04;80.49;83;759177;63079972.06
TRMK;D;20090821;000000;83;91.5;81.99;90.69;781672;68434931.04
TRMK;D;20090824;000000;91;99.6;89.14;93;631683;59725208.93
TRMK;D;20090825;000000;92;99.8;90.61;91.45;620290;59230122.3
TRMK;D;20090826;000000;93;94.62;87.6;90.8;425628;38874195.17
TRMK;D;20090827;000000;90;93.05;86.2;87;417120;36897883.41
TRMK;D;20090828;000000;88.05;90.5;88.05;89;118969;10649622.93
TRMK;D;20090831;000000;90.99;90.99;85.15;86.5;153152;13310087.23
TRMK;D;20090901;000000;87;88.7;85;86;266395;23089134.53
TRMK;D;20090902;000000;85;87.21;83.12;85.33;194183;16569042.78
TRMK;D;20090903;000000;86.83;89.13;84.5;85.33;290861;25330339.93
TRMK;D;20090904;000000;86.83;86.86;80.5;82.1;784618;65298230.26
TRMK;D;20090907;000000;83.99;84.25;82.55;84.25;103348;8636783.07
TRMK;D;20090908;000000;84.5;87;84.15;86.45;245182;20974368.95
TRMK;D;20090909;000000;86.68;89.79;85;89.62;313760;27482994.81
TRMK;D;20090910;000000;90;97;90;94;519495;49067774.83
TRMK;D;20090911;000000;94.94;104.01;94.51;102;657542;65467927.76
TRMK;D;20090914;000000;100.28;104.9;97;101.05;469237;47850348.85
TRMK;D;20090915;000000;99.93;102.69;98.14;99.45;147696;14753232.81
TRMK;D;20090916;000000;97.09;101;95.98;96.7;306099;29841294.85
TRMK;D;20090917;000000;98.94;103;97.7;99.95;528256;52584064.91
TRMK;D;20090918;000000;98.48;107.8;96.63;104.35;339299;34893310.85
TRMK;D;20090921;000000;102.9;104;99.84;101.84;286858;28999971.22
TRMK;D;20090922;000000;101.02;106;100.99;105.5;191368;19709819.79
TRMK;D;20090923;000000;103.08;111.8;102;107.84;627306;67994797.22
TRMK;D;20090924;000000;106.11;113.7;103.13;106.4;252704;27496024.89
TRMK;D;20090925;000000;106.03;109.7;104.52;106.25;106042;11230277.69
TRMK;D;20090928;000000;103.44;111.98;102.29;111.8;125478;13374530.35
TRMK;D;20090929;000000;111.8;114.3;109.12;112.39;208408;23321572.63
TRMK;D;20090930;000000;112.36;115;111.03;111.03;346778;39178321.02
TRMK;D;20091001;000000;112.98;116.4;109.08;115.99;268673;30528811.71
TRMK;D;20091002;000000;116;117;111.6;114.8;187027;21399389.16
TRMK;D;20091005;000000;116;123;115.11;116.84;104604;12328207.96
TRMK;D;20091006;000000;119.5;119.7;114.21;118.55;175521;20604686.07
TRMK;D;20091007;000000;119.42;125;118.6;123.67;167513;20499001.25
TRMK;D;20091008;000000;122.77;132;122.77;125.93;52062;6600696.66
TRMK;D;20091009;000000;127.25;127.25;119.01;123.69;83635;10222765.08
TRMK;D;20091012;000000;127.5;130;124.19;126.44;498143;63114370.19
TRMK;D;20091013;000000;130.75;134.98;125.83;128.02;399301;52440510.09
TRMK;D;20091014;000000;130.74;139.24;130;137.75;199479;27156485.71
TRMK;D;20091015;000000;140.43;142;136.25;138.94;151676;21102860.79
TRMK;D;20091016;000000;140.93;141.7;131.51;134.49;147351;19955532.85
TRMK;D;20091019;000000;134.49;137.91;132;135.86;80549;10768165.18
TRMK;D;20091020;000000;136.08;138;133.52;135.95;67121;9092611.9
TRMK;D;20091021;000000;136;137;132.02;136;53574;7197235.05
TRMK;D;20091022;000000;136;136.62;131.01;133.32;30247;4037181.53
TRMK;D;20091023;000000;135.02;141;133.25;140.25;136005;18785256.19
TRMK;D;20091026;000000;144.13;147.61;136.02;145.99;86752;12602476.75
TRMK;D;20091027;000000;147.06;147.06;136.1;138.02;169662;23829044.12
TRMK;D;20091028;000000;138.99;138.99;125.95;125.95;175419;22783527.73
TRMK;D;20091029;000000;121.4;132.49;121.2;132.49;289765;36531759.53
TRMK;D;20091030;000000;130.99;135;125;132.98;95849;12270940.8
TRMK;D;20091102;000000;127.73;132.3;127.69;130.5;74019;9612267.86
TRMK;D;20091103;000000;130;130.4;124.17;130.4;32593;4120711.65
TRMK;D;20091105;000000;132.39;132.42;128.59;130.83;48068;6300204.93
TRMK;D;20091106;000000;132.1;133.15;129.8;130.97;51662;6769345.59
TRMK;D;20091109;000000;132.23;141.11;131.89;139.9;150290;20763080.86
TRMK;D;20091110;000000;140.94;143.8;138;141.34;188926;26587728.33
TRMK;D;20091111;000000;139.66;144;135;137.7;191655;26964994.95
TRMK;D;20091112;000000;138;138.34;133.15;133.36;49858;6780315.59
TRMK;D;20091113;000000;133.36;135.1;132.71;133.47;33432;4476634.59
TRMK;D;20091116;000000;134;139.1;134;138.86;46305;6371008.13
TRMK;D;20091117;000000;138;138.31;135.9;136.05;28621;3905789.68
TRMK;D;20091118;000000;139.93;139.93;134.06;134.75;50687;6938799.63
TRMK;D;20091119;000000;136;136;125;125.89;357243;45451734.6
TRMK;D;20091120;000000;126;130;126;128.48;225635;28799093.65
TRMK;D;20091123;000000;131.65;131.65;126.45;127.9;77536;9939021.71
TRMK;D;20091124;000000;127.95;128;124.94;124.94;85390;10738560.92
TRMK;D;20091125;000000;125.5;126.88;120.8;123;107818;13368189.19
TRMK;D;20091126;000000;123.15;123.15;117;119.59;129388;15496692.09
TRMK;D;20091127;000000;118.95;125.75;111.13;125;156410;18669285.52
TRMK;D;20091130;000000;127.44;128;120.1;123.9;86476;10665530.97
TRMK;D;20091201;000000;124;130.5;124;128.31;167809;21436792.76
TRMK;D;20091202;000000;128.99;129.85;127.05;127.05;40117;5147420.75
TRMK;D;20091203;000000;127.99;131;123.31;125.99;82418;10544592.24
TRMK;D;20091204;000000;124.03;128;122.47;127.6;31548;3950383.1
TRMK;D;20091207;000000;121.14;128.5;121.14;127.51;61906;7732308.42
TRMK;D;20091208;000000;125.9;128.49;124.02;126.99;43094;5478009.67
TRMK;D;20091209;000000;126;127.39;121.51;124.68;58720;7306225.98
TRMK;D;20091210;000000;124;126.5;123.02;125.05;24506;3058619.53
TRMK;D;20091211;000000;126;129;126;127.99;60631;7737395.21
TRMK;D;20091214;000000;128.32;130;126.58;130;171457;22081828.11
TRMK;D;20091215;000000;129.84;133.7;129.11;133.5;99571;13183808.34
TRMK;D;20091216;000000;130.99;137.94;130.99;137.8;203246;27647554.62
TRMK;D;20091217;000000;136.2;138.5;134.86;135.7;76227;10439130.98
TRMK;D;20091218;000000;136;139.8;135.62;136;101058;13911135.72
TRMK;D;20091221;000000;136.5;137.06;133.21;135.97;58673;7951753.1
TRMK;D;20091222;000000;135.41;135.54;127;130.82;110735;14527419.27
TRMK;D;20091223;000000;131.3;131.88;129.62;130.05;39996;5218247.43
TRMK;D;20091224;000000;129.98;131.4;126.06;127;63501;8152495.51
TRMK;D;20091225;000000;126.07;127.95;123.51;127;19395;2448161.33
TRMK;D;20091228;000000;128.25;128.25;125.9;125.9;21218;2680156.97
TRMK;D;20091229;000000;125.27;128.39;125.01;128.15;37198;4706261.97
TRMK;D;20091230;000000;127.96;129.84;125.29;128.9;30854;3969592.62
TRMK;D;20091231;000000;128;128.95;127;128.91;2410;307217.55
TRMK;D;20100111;000000;129;139.8;129;137;168192;22547782
TRMK;D;20100112;000000;137.18;139.8;135;139;169057;23421181.33
TRMK;D;20100113;000000;139;143.5;137;141.6;104141;14727273.54
TRMK;D;20100114;000000;141.94;148.88;140.77;148.7;363096;52335214.75
TRMK;D;20100115;000000;148.7;153.87;145.99;150.5;175299;26433094.1
TRMK;D;20100118;000000;150.05;160;148.27;157;196126;30523241.19
TRMK;D;20100119;000000;157.33;162.9;154.96;157;135572;21447181.11
TRMK;D;20100120;000000;158.74;161;148.61;153;353756;54551253.6
TRMK;D;20100121;000000;151.69;155.07;145.04;145.9;139500;20659095.56
TRMK;D;20100122;000000;144.67;146;139.12;143.7;176203;25195785.56
TRMK;D;20100125;000000;141.9;143.99;140;142.8;59743;8487681.94
TRMK;D;20100126;000000;141.97;142.85;138;138.94;138814;19421634.74
TRMK;D;20100127;000000;137.95;140.74;131.42;139.25;81893;11245213.18
TRMK;D;20100128;000000;140.81;148;140.81;144;113872;16558899.48
TRMK;D;20100129;000000;141.44;146.97;141;144.55;74180;10656540.74
TRMK;D;20100201;000000;142;146.47;140.01;142.65;103492;14807335.51
TRMK;D;20100202;000000;142.86;145;134.7;134.95;690803;94458539.76
TRMK;D;20100203;000000;136;139.85;135.41;139;416747;57524801.79
TRMK;D;20100204;000000;139;139.9;133.51;136.11;511544;69229081.57
TRMK;D;20100205;000000;133;133.83;129.88;131.21;152006;19928928.88
TRMK;D;20100208;000000;133;133.93;128.9;130;198177;26014195.44
TRMK;D;20100209;000000;130.84;133.1;129.68;133;47256;6180972.53
TRMK;D;20100210;000000;135;135;131.2;131.2;87430;11613047.46
TRMK;D;20100211;000000;132.56;134.93;130.8;132.55;95845;12791562.74
TRMK;D;20100212;000000;133.33;134.34;129.8;131.27;195362;25616875.53
TRMK;D;20100215;000000;130.77;134.87;129.53;130;274289;35919798.21
TRMK;D;20100216;000000;130.77;134.21;130.66;134;395060;52616829.39
TRMK;D;20100217;000000;135.13;138;134.89;136.05;520643;71220018.45
TRMK;D;20100218;000000;139.68;139.68;133.03;134.4;52836;7087298.8
TRMK;D;20100219;000000;130.48;134.68;130.48;134.68;47670;6359402.35
TRMK;D;20100224;000000;133.95;136.42;133.74;133.77;163153;21957658.35
TRMK;D;20100225;000000;135.49;135.59;131;133.98;105285;14059433.92
TRMK;D;20100226;000000;134.07;136;132.61;133.5;8340;1118903.17
TRMK;D;20100227;000000;133.7;133.88;132.06;132.8;11855;1575685
TRMK;D;20100301;000000;134;137.39;134;135.78;234099;31880302.59
TRMK;D;20100302;000000;135.8;138.99;135.27;137.5;243048;33401497.9
TRMK;D;20100303;000000;137.95;140.5;137.9;140.41;277784;38804294.46
TRMK;D;20100304;000000;132.76;141.9;132.76;139.58;180412;25278689.02
TRMK;D;20100305;000000;141;141.86;138.5;140.97;163670;22870184.18
TRMK;D;20100309;000000;139.46;140;137.01;137.15;868792;120046382.39
TRMK;D;20100310;000000;138.04;143.79;137.66;138.71;537482;75419111.34
TRMK;D;20100311;000000;139.79;142;139;139.83;108852;15229709.81
TRMK;D;20100312;000000;139.99;142;139.34;140;1109910;156709658.18
TRMK;D;20100315;000000;139.93;141.8;139;140.65;144234;20228528.28
TRMK;D;20100316;000000;140.65;143.98;140.52;143.93;213294;30324624.54
TRMK;D;20100317;000000;144.02;149.93;143.85;147.9;275071;40571074.08
TRMK;D;20100318;000000;146.06;154.9;146.06;149.69;310678;47271361.01
TRMK;D;20100319;000000;147.5;153;144;146.29;789738;116039585.85
TRMK;D;20100322;000000;144.33;146.49;142.72;144.01;200101;28845940.84
TRMK;D;20100323;000000;144.88;146.4;143.11;145.3;337256;48766367.8
TRMK;D;20100324;000000;145.89;147.29;144;144.9;136886;19868124.14
TRMK;D;20100325;000000;145.7;152;145.01;151.5;357949;53240648.79
TRMK;D;20100326;000000;152.22;153.26;150.07;153;176200;26842495.21
TRMK;D;20100329;000000;150;161.5;146.14;156;273077;42501589.8
TRMK;D;20100330;000000;158.75;158.75;148;152.44;508985;77584679.39
TRMK;D;20100331;000000;152.35;154.75;150;150.5;456222;69748142.87
TRMK;D;20100401;000000;151.62;157.98;150.1;156.97;183675;28726348.89
TRMK;D;20100402;000000;155.42;161;155.42;158.09;38130;5987338.01
TRMK;D;20100405;000000;162.35;162.35;156;157.27;111278;17410809.25
TRMK;D;20100406;000000;157.82;164.48;154.85;164;449884;72503015.99
TRMK;D;20100407;000000;160.72;165;160.72;162.7;112841;18265829.37
TRMK;D;20100408;000000;160;166.5;160;163.01;86844;14200560.75
TRMK;D;20100409;000000;166.5;168.5;163.24;164.64;793220;130208689.95
TRMK;D;20100412;000000;165.75;168.37;163;163.5;313058;51478572.86
TRMK;D;20100413;000000;163.25;166.07;162.14;164.6;345409;56954963.1
TRMK;D;20100414;000000;165.5;173.8;165.1;169.97;212581;35681150.15
TRMK;D;20100415;000000;171.06;173.64;168.7;171;248304;42126318.92
TRMK;D;20100416;000000;168;168.89;163.07;166.25;215250;35874869.14
TRMK;D;20100419;000000;163;163;151.01;161.83;285706;45348279.83
TRMK;D;20100420;000000;160.44;164.5;160.44;162.5;125069;20290403.27
TRMK;D;20100421;000000;164.06;164.97;161.5;161.7;87551;14251438.11
TRMK;D;20100422;000000;161.5;163.34;155.01;155.77;300908;48167605.05
TRMK;D;20100423;000000;158;162;156.05;159.9;97614;15604086.05
TRMK;D;20100426;000000;161;164.48;161;161.1;234737;38031710.89
TRMK;D;20100427;000000;161.35;161.85;157.12;158.08;35345;5600973.8
TRMK;D;20100428;000000;155.13;156.16;150.5;151.01;277648;42397994.35
TRMK;D;20100429;000000;153.26;157.7;152.11;155;122236;18893147.76
TRMK;D;20100430;000000;150.73;157;150.73;153.5;212115;32750875.2
TRMK;D;20100504;000000;154.5;155.7;143.86;145.8;128638;18932789.19
TRMK;D;20100505;000000;145;146.84;130.24;136.1;338153;46154617.94
TRMK;D;20100506;000000;135.78;139.8;132.33;136.1;118442;16303495.68
TRMK;D;20100507;000000;134.13;135.09;123.8;126.73;456199;60097934.4
TRMK;D;20100511;000000;139.75;139.75;131.39;138;142146;19358926.9
TRMK;D;20100512;000000;136.49;148;136.49;148;195133;28066966.13
TRMK;D;20100513;000000;152.5;152.5;143.21;147;88821;13061071.04
TRMK;D;20100514;000000;146.96;150;142.67;144.68;70559;10343173.6
TRMK;D;20100517;000000;140;145.9;137.1;139;238023;33538746.94
TRMK;D;20100518;000000;138.51;141.9;138.03;138.99;73575;10262614.49
TRMK;D;20100519;000000;137.48;140.88;130;132.55;161604;21764564.26
TRMK;D;20100520;000000;130.36;134.77;119.67;121.05;1002200;125765057.02
TRMK;D;20100521;000000;119.75;123;116;121;188610;22528529.64
TRMK;D;20100524;000000;122.36;125.83;120;124.98;195824;24016901.76
TRMK;D;20100525;000000;120.01;124.8;116.33;121.01;408921;49548638.97
TRMK;D;20100526;000000;122.47;127.7;121.58;127.7;332523;41698709.45
TRMK;D;20100527;000000;129.95;131.5;126.64;131.27;88401;11486243.1
TRMK;D;20100528;000000;131.3;131.74;128.18;131;40772;5300808.58
TRMK;D;20100531;000000;129.74;131.18;129.46;130.38;15294;1994584.6
TRMK;D;20100601;000000;129;133.1;123.27;125.63;178435;22433382.87
TRMK;D;20100602;000000;125;125.18;122;124.56;132993;16492466.13
TRMK;D;20100603;000000;125.88;129;124.25;126;129597;16485893.07
TRMK;D;20100604;000000;125;127.27;119;121.38;248397;30523799.1
TRMK;D;20100607;000000;119.01;121.58;116.49;120.51;206400;24365312.23
TRMK;D;20100608;000000;120.01;122.33;117.79;117.9;179386;21565080.31
TRMK;D;20100609;000000;119.29;124.11;118.7;123.26;81108;9902165.19
TRMK;D;20100610;000000;123.01;124.5;120.08;123.5;114199;13971207.11
TRMK;D;20100611;000000;123.5;125.18;121.55;122;44366;5458712.46
TRMK;D;20100615;000000;122.94;127.29;122.94;127.29;133415;16797932.41
TRMK;D;20100616;000000;128;128.58;124.14;125.35;509089;64125832.49
TRMK;D;20100617;000000;125.89;126.09;119.55;119.99;547636;67909593.34
TRMK;D;20100618;000000;118.96;121.4;118.02;119.26;717454;85655503.08
TRMK;D;20100621;000000;120.73;125.23;120.19;124.75;125467;15498544.56
TRMK;D;20100622;000000;124.22;124.3;121.2;121.53;81466;10054822.55
TRMK;D;20100623;000000;121.1;125.87;120.3;123;111918;13691132.73
TRMK;D;20100624;000000;120.51;125;120.51;121.31;53907;6599119.78
TRMK;D;20100625;000000;122.67;123.68;117.28;119.8;279322;33288837.03
TRMK;D;20100628;000000;119.98;122.8;119.4;120.37;39744;4795236.22
TRMK;D;20100629;000000;119.31;120.35;116.01;117.83;96372;11236770.82
TRMK;D;20100630;000000;117.75;119;115;117;227421;26400938.56
TRMK;D;20100701;000000;116.01;120.75;111.53;116;151413;17606568.49
TRMK;D;20100702;000000;116.67;127.64;116.67;124.43;50276;6038550.62
TRMK;D;20100705;000000;124.31;125.59;121.24;124.93;130199;16090184.36
TRMK;D;20100706;000000;126.12;126.12;123.5;124.5;107929;13473384.31
TRMK;D;20100707;000000;124.14;124.91;120.12;123.65;90227;11140030.18
TRMK;D;20100708;000000;124.21;126;124.11;124.8;43084;5383502.73
TRMK;D;20100709;000000;125.78;126.49;125.01;125.9;52424;6600061.34
TRMK;D;20100712;000000;124.53;128.5;124.11;128;99964;12768737.17
TRMK;D;20100713;000000;127.88;129.74;126.05;128;139963;17957297.74
TRMK;D;20100714;000000;129.2;129.2;125.62;126.7;60303;7701878.62
TRMK;D;20100715;000000;126.37;128.89;121.98;124.08;59662;7513543.72
TRMK;D;20100716;000000;125.61;129.4;124.57;124.7;202975;25535902.48
TRMK;D;20100719;000000;124.07;126.05;121.73;122.98;50654;6243226.54
TRMK;D;20100720;000000;126.79;126.79;122;124.95;63403;7818631.7
TRMK;D;20100721;000000;124.12;126.83;123.44;126.59;109664;13820121.81
TRMK;D;20100722;000000;124.78;126.4;124.69;126.39;135096;17024752.69
TRMK;D;20100723;000000;126.77;127.5;124.9;126.99;157920;19974192.63
TRMK;D;20100726;000000;127.5;128.7;126.21;127.3;535202;67853474.57
TRMK;D;20100727;000000;126.77;128.94;126.77;127.52;157266;20074385
TRMK;D;20100728;000000;128.11;128.11;125.12;126.89;303821;38405814.01
TRMK;D;20100729;000000;127.28;127.97;120.99;126.63;141048;17674876.74
TRMK;D;20100730;000000;124.85;125.72;124.15;124.31;37664;4704880.31
TRMK;D;20100802;000000;125.27;126.8;124.16;124.16;130488;16414147.97
TRMK;D;20100803;000000;124.9;127.59;124.45;126.89;289300;36613662.27
TRMK;D;20100804;000000;126.25;133.99;125.65;131.1;563764;73045269.66
TRMK;D;20100805;000000;130.1;134.76;130.1;132.44;176092;23323120.56
TRMK;D;20100806;000000;130.6;134.27;130.6;133;236740;31565830.4
TRMK;D;20100809;000000;130.74;135.83;130.74;133.84;105262;14134407.02
TRMK;D;20100810;000000;133.34;134.72;131.17;132;245569;32542089.95
TRMK;D;20100811;000000;132;132.7;129.37;130;34100;4455044.02
TRMK;D;20100812;000000;129.46;132;126.29;127.98;107487;13892869.61
TRMK;D;20100813;000000;128.79;129.85;125;126;151752;19262896.39
TRMK;D;20100816;000000;135.45;135.45;124;125.38;65898;8242929.44
TRMK;D;20100817;000000;134.81;134.81;123.11;126.14;173175;21880451.05
TRMK;D;20100818;000000;136.49;136.49;124.99;125.88;27125;3399777.74
TRMK;D;20100819;000000;126.34;127.94;125.46;127.6;174682;22175468.45
TRMK;D;20100820;000000;126.34;127.24;123.7;124.2;132404;16511074.76
TRMK;D;20100823;000000;125.19;126.9;122.1;122.5;99798;12297149.2
TRMK;D;20100824;000000;122.9;122.9;117;117.02;192136;22798492.1
TRMK;D;20100825;000000;117.02;118.26;112.33;113.3;209129;24071797.61
TRMK;D;20100826;000000;114.9;116.98;113.56;115.94;270175;31097028.13
TRMK;D;20100827;000000;114.91;117.4;113.6;116.73;326223;37713853.27
TRMK;D;20100830;000000;116.26;119.15;116.26;117.99;58027;6858523.87
TRMK;D;20100831;000000;115.61;120.03;114.2;119.58;174776;20557168.72
TRMK;D;20100901;000000;120.3;126;118.44;125.51;159822;19571839.23
TRMK;D;20100902;000000;124.8;127.48;124.8;125.01;165188;20719021.26
TRMK;D;20100903;000000;125.09;126.96;123.99;124.99;67201;8434771.16
TRMK;D;20100906;000000;127.5;127.5;124;124.99;36623;4572171.75
TRMK;D;20100907;000000;124.51;124.98;121.58;122.57;110458;13596478.37
TRMK;D;20100908;000000;122.14;126;121.56;124.24;94156;11714739.22
TRMK;D;20100909;000000;124.3;129.23;124;128.52;186203;23648746.69
TRMK;D;20100910;000000;129.83;135.04;129.7;132.2;402065;53354847.75
TRMK;D;20100913;000000;133.33;135.55;128.84;130;150327;19814442.45
TRMK;D;20100914;000000;129;130.38;127.5;128.38;173975;22409454.43
TRMK;D;20100915;000000;128.2;129.5;126.07;128.71;83807;10729391.61
TRMK;D;20100916;000000;128.88;130.5;128.64;130;43521;5630085.51
TRMK;D;20100917;000000;131.3;132.77;129.6;131.95;59723;7832500.78
TRMK;D;20100920;000000;130.08;132;128;130.07;68524;8875072.39
TRMK;D;20100921;000000;132;132.01;130.27;130.9;22554;2962433.93
TRMK;D;20100922;000000;130.69;131.08;129.36;130.44;29444;3842410.65
TRMK;D;20100923;000000;130.5;131.19;129.5;131.19;24175;3143781.55
TRMK;D;20100924;000000;130.5;131.99;129.5;129.9;36962;4842038.96
TRMK;D;20100927;000000;129.96;134;129.52;129.52;196775;25928498.72
TRMK;D;20100928;000000;129.95;130.2;126.46;128.02;26971;3469927.52
TRMK;D;20100929;000000;128.84;130;128.51;129.18;76378;9863760.57
TRMK;D;20100930;000000;129.38;132.7;128.85;130.52;120082;15672740.98
TRMK;D;20101001;000000;130.53;135.5;130.5;133.49;144817;19370857.56
TRMK;D;20101004;000000;135.95;138;131.5;133.84;186202;25124869.6
TRMK;D;20101005;000000;133.69;134.8;131.19;132.47;112318;14960806.34
TRMK;D;20101006;000000;132.74;134.68;131.03;131.81;62482;8247661.82
TRMK;D;20101007;000000;131.8;132.75;130.35;130.7;128871;16924976.62
TRMK;D;20101008;000000;130.87;131.89;128.11;130.48;86395;11197178.51
TRMK;D;20101011;000000;126.51;135;126.51;133.26;69852;9295999.99
TRMK;D;20101012;000000;132.99;133.9;131.6;133;19648;2606420.13
TRMK;D;20101013;000000;133.26;136;132.5;135.33;50328;6788528.85
TRMK;D;20101014;000000;135.35;138.86;134.14;138;146492;20045483.47
TRMK;D;20101015;000000;138.7;139.99;137.51;139;68957;9582269.33
TRMK;D;20101018;000000;134.52;143;133;142;146545;20530810.61
TRMK;D;20101019;000000;143.16;145.95;140.54;145;353788;50817092.69
TRMK;D;20101020;000000;145.71;148.95;143.04;147.45;531067;77383132.29
TRMK;D;20101021;000000;148.92;148.92;145.5;148.79;78438;11575716.11
TRMK;D;20101022;000000;149.39;149.39;143;144.66;62628;9113849.78
TRMK;D;20101025;000000;144.86;148.94;143.86;144.61;892770;129531925.93
TRMK;D;20101026;000000;144.06;146.64;142.5;146;139852;20271632.37
TRMK;D;20101027;000000;145.9;146.51;142.57;142.57;15798;2289134.55
TRMK;D;20101028;000000;143.88;147.49;143.75;145.08;224591;32860755.24
TRMK;D;20101029;000000;146.64;152.18;143.73;152.18;258103;38167127.9
TRMK;D;20101101;000000;151.95;151.95;148.12;149.5;51960;7794756.3
TRMK;D;20101102;000000;150.25;150.43;148;148.26;21066;3147027.52
TRMK;D;20101103;000000;147.6;152.1;147.21;152;165300;25019850.02
TRMK;D;20101108;000000;152;158.33;150.3;158.19;839996;130734234.88
TRMK;D;20101109;000000;157.91;160.94;157.43;160.29;982987;156805769.54
TRMK;D;20101110;000000;161.44;162;156.85;160.34;94324;15071055.82
TRMK;D;20101111;000000;161.94;161.94;158.59;160.03;128251;20494972.85
TRMK;D;20101112;000000;160.83;166;158.72;162.35;503015;81288660.04
TRMK;D;20101113;000000;162.49;162.49;158.99;160.7;11886;1899706.47
TRMK;D;20101115;000000;163.45;164.5;159.1;162.4;78014;12686257.27
TRMK;D;20101116;000000;162.87;162.87;157.3;157.69;54803;8741168
TRMK;D;20101117;000000;159.04;160.32;157.98;158;28577;4537699.76
TRMK;D;20101118;000000;161.89;161.89;158.75;160.01;39725;6353087.03
TRMK;D;20101119;000000;161;161;156.6;158.96;68165;10860351.17
TRMK;D;20101122;000000;146;161.3;146;156.96;17300;2747422.52
TRMK;D;20101123;000000;156.16;156.89;150.6;154.99;112600;17490372.42
TRMK;D;20101124;000000;159.97;159.97;151;154.9;112735;17265263.02
TRMK;D;20101125;000000;155.68;156.76;153.45;156.1;48162;7468294.61
TRMK;D;20101126;000000;157.06;157.06;154.03;155.49;17983;2784617.4
TRMK;D;20101129;000000;156.38;156.53;151.2;152.97;36157;5548175.44
TRMK;D;20101130;000000;146.3;157;146.3;156.5;58734;9119467.1
TRMK;D;20101201;000000;156.5;159.5;156;157.01;74192;11636265.32
TRMK;D;20101202;000000;158.29;160.17;156.39;157.38;138161;21740879.45
TRMK;D;20101203;000000;158.56;159.98;156.6;158.75;197430;31220791.22
TRMK;D;20101206;000000;158.75;159.86;157;158.86;32036;5063779.31
TRMK;D;20101207;000000;159.88;163;157.06;162.9;210831;33879335.04
TRMK;D;20101208;000000;163.21;163.49;158;159.98;76805;12256185.36
TRMK;D;20101209;000000;161.95;163.21;157.1;158.38;60226;9533096.29
TRMK;D;20101210;000000;160.89;160.89;156.12;158.1;17898;2813856.37
TRMK;D;20101213;000000;162.75;162.75;156.8;157.5;40030;6312820
TRMK;D;20101214;000000;157.42;157.5;153.05;154.5;43708;6739880.32
TRMK;D;20101215;000000;155.52;156.32;153.14;154;36779;5680285.43
TRMK;D;20101216;000000;154.81;154.82;151.43;154.2;103708;15886127.52
TRMK;D;20101217;000000;155.13;155.4;153.39;154.18;29717;4582038.84
TRMK;D;20101220;000000;155.12;157.7;152.52;156.67;88896;13914022.46
TRMK;D;20101221;000000;157.97;160.01;156.25;158.17;200796;31890973.85
TRMK;D;20101222;000000;158.67;160.5;157.5;157.9;22709;3604872.41
TRMK;D;20101223;000000;158.77;160.49;158.2;159.98;48519;7749988.47
TRMK;D;20101224;000000;160.99;160.99;156.12;157;40016;6312782.01
TRMK;D;20101227;000000;161.93;161.93;156.15;156.17;4351;683674.55
TRMK;D;20101228;000000;153.38;159.7;153.38;158;72079;11450007.25
TRMK;D;20101229;000000;157.75;159.47;152.75;154.29;46326;7178569.27
TRMK;D;20101230;000000;159.76;159.76;152.12;153.88;93903;14430318.24
TRMK;D;20110111;000000;159.95;165;154.51;164;192237;31091999.05
TRMK;D;20110112;000000;164;172;163.16;170.49;375149;62965871.13
TRMK;D;20110113;000000;171.49;172.69;167;168.97;131828;22359554.62
TRMK;D;20110114;000000;169.83;172.7;167;169.98;72330;12362974
TRMK;D;20110117;000000;170.69;170.69;166.52;168.32;134053;22558301.1
TRMK;D;20110118;000000;169.95;176.85;167.08;168.99;218779;37618311.09
TRMK;D;20110119;000000;170;172;167.04;167.15;75465;12757486.44
TRMK;D;20110120;000000;167;167;162.3;162.5;57318;9371863.55
TRMK;D;20110121;000000;162.75;164.98;161;164.88;31273;5115068.7
TRMK;D;20110124;000000;165.71;165.71;158;159.27;160665;25853861.57
TRMK;D;20110125;000000;160.44;160.79;158.32;158.52;98409;15663204.23
TRMK;D;20110126;000000;158.25;162;157.27;159.27;210718;33562983.41
TRMK;D;20110127;000000;160.13;160.45;155;156;216495;33968335.88
TRMK;D;20110128;000000;157.17;157.17;152.74;153.88;291808;45171600.08
TRMK;D;20110131;000000;154.31;154.48;149.02;150.49;150169;22551724.95
TRMK;D;20110201;000000;150.51;153.94;149.66;153.05;341380;52047504.71
TRMK;D;20110202;000000;154.41;156.84;153.01;154.99;262637;40597233.22
TRMK;D;20110203;000000;155.09;156.5;151.95;152.71;122625;18773240.22
TRMK;D;20110204;000000;152.7;153.72;151.3;151.81;101043;15350888.87
TRMK;D;20110207;000000;147.76;152.81;147.76;150.69;22842;3453318.07
TRMK;D;20110208;000000;150.99;151.28;147;147.51;59962;8927040.36
TRMK;D;20110209;000000;147.99;151;146.88;147.7;55298;8202690.27
TRMK;D;20110210;000000;147.6;149;144.98;145;73101;10676896.95
TRMK;D;20110211;000000;145.69;147.99;144;147;39415;5747344.36
TRMK;D;20110214;000000;147.79;150;144.91;145.78;86229;12669810.14
TRMK;D;20110215;000000;145.81;147.7;145;145;35855;5222293.26
TRMK;D;20110216;000000;145.09;145.92;142.47;144.99;35420;5093754.78
TRMK;D;20110217;000000;147.2;147.2;144.11;144.58;64472;9392774.54
TRMK;D;20110218;000000;145.18;146;142.4;143.48;24253;3485544.1
TRMK;D;20110221;000000;143.49;147.72;142.53;144.43;83618;12026491.05
TRMK;D;20110222;000000;144.45;144.45;138.03;138.5;200275;27872128.48
TRMK;D;20110224;000000;138;138.11;132.71;135.39;174044;23501933.9
TRMK;D;20110225;000000;137.59;142.97;136.21;142.5;188341;26269138.36
TRMK;D;20110228;000000;142.99;143.54;141.68;143.43;102623;14637603.65
TRMK;D;20110301;000000;143.71;147;142;143.85;87750;12668009.2
TRMK;D;20110302;000000;143.9;144.15;141.39;141.88;47400;6742082.1
TRMK;D;20110303;000000;142.93;143;138.55;138.98;95830;13509428.3
TRMK;D;20110304;000000;139.88;140.52;132.7;134;894270;120342507.2
TRMK;D;20110305;000000;134.73;138;133.93;134.95;465400;63420201.6
TRMK;D;20110309;000000;134.98;138.23;134.58;136.54;81850;11223928.9
TRMK;D;20110310;000000;136.39;137.77;134.12;134.62;42290;5742145.8
TRMK;D;20110311;000000;133.66;136;132.7;135.59;56630;7661251.4
TRMK;D;20110314;000000;134.64;137.56;134.04;136.99;323280;44103690.8
TRMK;D;20110315;000000;131.42;136.82;130.21;130.5;467200;61937798.2
TRMK;D;20110316;000000;131.06;134.84;129.3;129.3;207920;27212261.2
TRMK;D;20110317;000000;129.5;131.18;129;130.5;212930;27694431.5
TRMK;D;20110318;000000;130.99;134.4;129.29;130;634620;82845096.2
TRMK;D;20110321;000000;131.95;133.49;129;132;46730;6096947.2
TRMK;D;20110322;000000;133.53;133.53;129.8;131.04;105690;13843108.6
TRMK;D;20110323;000000;130.78;134.04;130.76;132.98;163040;21669201.2
TRMK;D;20110324;000000;132.68;137.49;132.58;137;181050;24471918
TRMK;D;20110325;000000;138;139.94;135.99;139.15;147100;20310579.2
TRMK;D;20110328;000000;139.16;140.84;136.38;140.55;355500;49884188.3
TRMK;D;20110329;000000;140.99;140.99;137.55;139.35;285420;39726786
TRMK;D;20110330;000000;138.73;147.1;138.73;144.61;533590;76235285.5
TRMK;D;20110331;000000;145;149.2;143;148.5;889360;129549513.6
TRMK;D;20110401;000000;148.99;149.9;146.25;148.46;268440;39718558.4
TRMK;D;20110404;000000;159.4;159.4;148.46;151.5;127140;19129137.5
TRMK;D;20110405;000000;152.32;152.32;149.99;151.04;167310;25183072.2
TRMK;D;20110406;000000;151;152.2;147.25;150;782740;117597638.4
TRMK;D;20110407;000000;149.61;149.65;144.08;145.9;195860;28718141
TRMK;D;20110408;000000;145.99;148.41;145.13;146.55;100860;14854850.1
TRMK;D;20110411;000000;146.78;148.66;143.61;143.71;142190;20637575.4
TRMK;D;20110412;000000;142.94;144;139.55;139.55;219510;31106148.3
TRMK;D;20110413;000000;141.5;143.9;139.33;140.73;59710;8413824.3
TRMK;D;20110414;000000;139.66;141.43;135.96;137.78;79010;10945843.9
TRMK;D;20110415;000000;137.45;140.88;137.3;137.99;49080;6772397.2
TRMK;D;20110418;000000;137.41;139.3;134;135;167230;22868725.8
TRMK;D;20110419;000000;135;139.22;134.99;138;73910;10218374.5
TRMK;D;20110420;000000;139.48;140.6;138.08;140.5;56400;7863238.8
TRMK;D;20110421;000000;140.97;145;138.15;144;89020;12615030.5
TRMK;D;20110422;000000;144.06;145.15;142.12;143.5;41310;5945116.5
TRMK;D;20110425;000000;144.04;145.49;140.58;141.13;89890;12991472.1
TRMK;D;20110426;000000;140.58;143.37;139.71;141;44290;6289552.6
TRMK;D;20110427;000000;141.96;143.26;136.61;138.7;19500;2738912.7
TRMK;D;20110428;000000;140.36;141.71;139.61;140.13;17470;2454537
TRMK;D;20110429;000000;139.63;140.5;138.12;139.02;107150;14958211.5
TRMK;D;20110503;000000;138.56;139.61;134.99;135;18580;2540560.9
TRMK;D;20110504;000000;134.02;135.31;128;128;139850;18213873.6
TRMK;D;20110505;000000;129.09;131;124.75;125.4;270000;34321672.1
TRMK;D;20110506;000000;124.75;129.72;124.75;127.15;45980;5857941.8
TRMK;D;20110510;000000;128.62;131;127;127.1;162000;20816783.5
TRMK;D;20110511;000000;127.67;128.69;123.98;125.73;824580;103198316.4
TRMK;D;20110512;000000;125.14;127;124.5;126;105840;13283599.4
TRMK;D;20110513;000000;126.99;133.89;126.99;132.45;445030;58653780.1
TRMK;D;20110516;000000;129.03;132.39;128.1;131.01;270270;35430862
TRMK;D;20110517;000000;129.9;132.8;129.9;132;107330;14151931.3
TRMK;D;20110518;000000;133;133.96;131.01;133.96;95540;12681682.3
TRMK;D;20110519;000000;132.88;138;132;137;150580;20516427.6
TRMK;D;20110520;000000;136.82;137.8;134.33;134.98;88140;11988169.3
TRMK;D;20110523;000000;134.51;134.65;128.08;129.64;269020;35199384.6
TRMK;D;20110524;000000;129.99;134;129.28;132.04;132940;17659930.8
TRMK;D;20110525;000000;130.07;133;130;130.97;116170;15261951.7
TRMK;D;20110526;000000;132.1;136.8;131.45;133.12;111140;14730329.3
TRMK;D;20110527;000000;134.79;135;131.15;133.89;237750;31581749.6
TRMK;D;20110530;000000;134;134;132.3;133;32460;4334026.2
TRMK;D;20110531;000000;132.57;133.9;131.67;132.25;236790;31437384.6
TRMK;D;20110601;000000;132.11;134.7;131.68;133.65;133000;17691292.2
TRMK;D;20110602;000000;131;132.85;129.2;129.95;73790;9623389.8
TRMK;D;20110603;000000;129.51;130.48;128.05;128.06;89890;11617034.8
TRMK;D;20110606;000000;128.55;131.95;128.55;131.32;37880;4937227.2
TRMK;D;20110607;000000;131.35;133.9;130.6;133.01;98090;13043546.4
TRMK;D;20110608;000000;133;134.26;132.51;134.1;37860;5052079.4
TRMK;D;20110609;000000;134.97;136.49;134.5;135.72;37680;5091227.7
TRMK;D;20110610;000000;134.7;136.85;134.61;136;58940;8005873.6
TRMK;D;20110614;000000;137;137;132.99;134.87;92200;12359909.2
TRMK;D;20110615;000000;134.95;136.5;134;135.29;74930;10120281.5
TRMK;D;20110616;000000;135.77;135.79;134;134;12950;1741307.8
TRMK;D;20110617;000000;132.92;133.85;131.67;132.29;16950;2242585.6
TRMK;D;20110620;000000;131.22;135.48;125.63;131.2;49110;6550857.7
TRMK;D;20110621;000000;132.03;133.72;130.45;130.99;32420;4266466.8
TRMK;D;20110622;000000;130.33;132;130.01;131.55;23360;3065986.6
TRMK;D;20110623;000000;130.51;131.98;129.54;130.48;17370;2274858.7
TRMK;D;20110624;000000;130.99;132.43;129.8;129.81;183340;24166329
TRMK;D;20110627;000000;129.7;129.86;127.35;128;41590;5343736
TRMK;D;20110628;000000;129.02;129.02;127;127.7;92740;11839087.1
TRMK;D;20110629;000000;128.82;129.02;127.05;128.46;117060;14984125.9
TRMK;D;20110630;000000;128.88;131.95;126.14;130.11;282090;36412268.1
TRMK;D;20110701;000000;129.59;131.09;128.85;130;115040;14974948.2
TRMK;D;20110704;000000;130.1;131.84;129.25;131.83;235620;30777391.5
TRMK;D;20110705;000000;131.49;134.49;130.14;133.95;406770;53578112.5
TRMK;D;20110706;000000;134.41;134.57;132.73;133.59;50860;6794751.6
TRMK;D;20110707;000000;134.25;135.5;133.13;134.25;124960;16839054.6
TRMK;D;20110708;000000;113.25;136;113.25;133;78670;10449445.8
TRMK;D;20110711;000000;132.01;134;126.7;127.49;414930;53492305.4
TRMK;D;20110712;000000;127.25;129.48;126.67;128.5;90600;11650236.7
TRMK;D;20110713;000000;129.5;132.79;129.5;130.71;305680;40402760.8
TRMK;D;20110714;000000;130.8;131.9;129.06;129.13;134720;17548899
TRMK;D;20110715;000000;128.83;130.01;127.37;128.37;353610;45339777.6
TRMK;D;20110718;000000;127.54;128.92;126.38;126.5;39870;5082048.1
TRMK;D;20110719;000000;126.99;128.17;125.99;127.39;77680;9859775
TRMK;D;20110720;000000;128.25;130.23;127.99;128.98;209920;27157251.4
TRMK;D;20110721;000000;128.5;130;126.6;127.2;184680;23660105.6
TRMK;D;20110722;000000;128.12;128.95;125.7;126.01;321420;40694753.5
TRMK;D;20110725;000000;126;126.75;125.11;126.1;45870;5787063.6
TRMK;D;20110726;000000;122.75;128.8;122.75;127.5;514380;65601092.5
TRMK;D;20110727;000000;126.99;127.9;123.65;123.65;903870;114015910.8
TRMK;D;20110728;000000;123.33;124.75;121.21;123;918190;112727725.1
TRMK;D;20110729;000000;123.94;123.94;121.9;122.45;115740;14215481.7
TRMK;D;20110801;000000;123.32;124.48;122;122.99;161780;19956321.9
TRMK;D;20110802;000000;123;123;122.03;122.5;44300;5426752.8
TRMK;D;20110803;000000;121.79;123;119.22;119.22;99360;12018456
TRMK;D;20110804;000000;122;122.29;116;116.47;1215440;142039605.9
TRMK;D;20110805;000000;111.63;115.04;108;112;474930;52909671.5
TRMK;D;20110808;000000;109.06;115;103.81;107.5;260450;28224764.5
TRMK;D;20110809;000000;104.6;109.6;100.8;104;2373450;241929322.4
TRMK;D;20110810;000000;106.5;112.11;100.1;100.1;1710960;172753383.6
TRMK;D;20110811;000000;100.06;103.66;90;95.99;779270;72245131.5
TRMK;D;20110812;000000;97.1;98.8;90.31;92.51;221020;20883468.6
TRMK;D;20110815;000000;98;98;93.01;95.96;287050;27230831.8
TRMK;D;20110816;000000;95;95.9;91;91.56;585780;54335904
TRMK;D;20110817;000000;92.1;96.36;90.24;94.1;1752400;164736715
TRMK;D;20110818;000000;94.1;95;91.66;92.01;898590;83077558.7
TRMK;D;20110819;000000;91;91.99;87;89.32;650660;57899925
TRMK;D;20110822;000000;88.2;90.53;87.12;89;175000;15590446.1
TRMK;D;20110823;000000;89.99;90.8;84.06;85.5;286630;24972315.4
TRMK;D;20110824;000000;86;86.95;84.67;86.08;86950;7466548.9
TRMK;D;20110825;000000;86.94;87.49;84.5;84.5;502880;42792760
TRMK;D;20110826;000000;84.88;84.94;80;80.4;676250;55997308
TRMK;D;20110829;000000;81.49;85.83;81.3;85.35;204420;17144087.9
TRMK;D;20110830;000000;86.04;87.45;84.11;87.45;414240;35459501.2
TRMK;D;20110831;000000;87.74;92.5;87.63;91.01;426890;38616923.8
TRMK;D;20110901;000000;92.12;95.5;91.89;94.2;1285280;120341866
TRMK;D;20110902;000000;94;97.29;93.4;94.44;261520;24925475
TRMK;D;20110905;000000;94;95;86.01;94.71;212930;19947249.4
TRMK;D;20110906;000000;94;97;94;96.33;410840;39449859.5
TRMK;D;20110907;000000;97.14;103.44;97;102.42;369170;37117296.2
TRMK;D;20110908;000000;103.48;106.4;101.65;105.68;341810;35533057.6
TRMK;D;20110909;000000;104.34;104.75;102.02;102.07;420170;43262604.4
TRMK;D;20110912;000000;98.86;99.7;96;97.5;327870;32259401
TRMK;D;20110913;000000;98.68;100.7;94.03;97;217570;20917461.6
TRMK;D;20110914;000000;96.99;98.5;94.21;98.1;38090;3681835.3
TRMK;D;20110915;000000;97.76;101.4;97.4;100.55;202990;20373342.5
TRMK;D;20110916;000000;101.47;103.97;99;102;439540;43979206.4
TRMK;D;20110919;000000;100.31;101.88;97.5;99.8;197520;19724065.8
TRMK;D;20110920;000000;100.98;101.74;99.2;99.97;55770;5580435.7
TRMK;D;20110921;000000;100.65;100.65;96;96.73;72100;7039186.3
TRMK;D;20110922;000000;93.83;95.58;85;85.48;901950;81089774.4
TRMK;D;20110923;000000;85.24;86.68;72.03;77.6;947900;72521751.5
TRMK;D;20110926;000000;76.57;79;70.02;76.3;196760;14831495.3
TRMK;D;20110927;000000;80.01;84.33;76.7;83.35;1353360;108292075.8
TRMK;D;20110928;000000;82;82.98;78;79.69;245870;19919747.1
TRMK;D;20110929;000000;78;80.03;76.14;78.2;750870;58183784.7
TRMK;D;20110930;000000;78;78.49;74;74.63;384290;29135560.4
TRMK;D;20111003;000000;72.02;74;69.01;70.5;438750;31113844.7
TRMK;D;20111004;000000;69;70.99;62.24;64.8;768420;50525843.4
TRMK;D;20111005;000000;66;68.38;61.61;67.01;511020;33080563.5
TRMK;D;20111006;000000;68;74.49;67.26;69.53;639220;44229325.9
TRMK;D;20111007;000000;70.71;75.49;70.5;74;493040;36413994.9
TRMK;D;20111010;000000;75.35;77.35;73.1;77;169480;12809009
TRMK;D;20111011;000000;77.2;80.5;72.65;73.6;265640;19843447.8
TRMK;D;20111012;000000;74;80.18;71.8;77;1199880;91115056.8
TRMK;D;20111013;000000;77.01;79.88;76.25;76.94;110750;8621500.5
TRMK;D;20111014;000000;77.91;84.75;75.5;84.65;593510;48857813.9
TRMK;D;20111017;000000;84.18;91.67;83.86;85.76;700210;62160420.9
TRMK;D;20111018;000000;85;89.89;82;88;324590;27762887.1
TRMK;D;20111019;000000;89;90.97;87.08;90.2;166960;14925288.9
TRMK;D;20111020;000000;88.55;91.5;85.85;90.5;207080;18639741.1
TRMK;D;20111021;000000;90.52;95;90.1;91.99;264380;24383727.6
TRMK;D;20111024;000000;93.99;99.01;92.97;98.2;302340;29260284.3
TRMK;D;20111025;000000;98.86;99.6;94.05;97.28;363180;35292770.4
TRMK;D;20111026;000000;96.2;100.2;95.38;99.6;397170;39362195.4
TRMK;D;20111027;000000;100.97;102;99.06;99.21;316850;31718403.2
TRMK;D;20111028;000000;99.5;100;95.55;98.29;101410;9891526.8
TRMK;D;20111031;000000;97.34;98.35;96;96.45;65130;6302349.7
TRMK;D;20111101;000000;96.01;96.01;89.21;91.02;390360;35761039.8
TRMK;D;20111102;000000;91.77;97.49;91;93.79;195990;18324621.1
TRMK;D;20111103;000000;92;97.97;90.22;95.52;82060;7724608.3
TRMK;D;20111107;000000;95.01;97.9;93;94.21;110830;10409507
TRMK;D;20111108;000000;94.45;95.98;93.75;94.76;145650;13835429.6
TRMK;D;20111109;000000;95.03;95.33;91.91;92.61;126960;11760364.6
TRMK;D;20111110;000000;91.51;95.4;89.19;92.02;197540;17946590.1
TRMK;D;20111111;000000;94;94;91;92.5;76800;7052683.2
TRMK;D;20111114;000000;94;96.96;91.11;92;50520;4718768.9
TRMK;D;20111115;000000;92.29;92.83;90.8;91.51;38970;3569090.7
TRMK;D;20111116;000000;90.61;92.91;90.6;91.05;93570;8591199.2
TRMK;D;20111117;000000;92.2;92.2;88.11;90.5;149110;13431904.5
TRMK;D;20111118;000000;89.1;89.97;87.78;88.18;74730;6637351.6
TRMK;D;20111121;000000;88;88.6;82.45;82.68;269400;23017261.5
TRMK;D;20111122;000000;83.37;88;83.37;83.7;65180;5546927.8
TRMK;D;20111123;000000;83.69;83.94;81.12;81.51;213630;17541790.4
TRMK;D;20111124;000000;81.5;82.5;81.09;81.74;62400;5123255
TRMK;D;20111125;000000;84.07;84.07;78.97;80;194910;15557326.6
TRMK;D;20111128;000000;81.56;84.91;81.53;83.49;178970;14894360.4
TRMK;D;20111129;000000;84;85.72;83.08;83.08;463350;39115368
TRMK;D;20111130;000000;83.3;85.74;83.14;85.74;149300;12587378
TRMK;D;20111201;000000;85.99;90;85.99;89;194670;17187605.2
TRMK;D;20111202;000000;89.89;95;88.22;93.5;557050;51610760.7
TRMK;D;20111205;000000;92.85;93.56;91.05;91.47;238730;21919397.5
TRMK;D;20111206;000000;90.31;90.87;89.01;89.8;145020;12958156.9
TRMK;D;20111207;000000;90.42;90.7;88.1;88.1;593030;52477429.4
TRMK;D;20111208;000000;88.99;92.06;88.39;91.9;149340;13656060.1
TRMK;D;20111209;000000;90.01;91.64;86.5;87.35;321790;28227801.2
TRMK;D;20111212;000000;87.91;90.06;82.9;82.9;260540;22513254.1
TRMK;D;20111213;000000;83.94;88.89;80.8;81.98;276790;22647466.8
TRMK;D;20111214;000000;81.58;82.78;78.71;79.3;309660;24733352
TRMK;D;20111215;000000;79.05;80.38;78.08;80.16;184470;14628571.1
TRMK;D;20111216;000000;80.72;80.96;77.14;79;122340;9605498.3
TRMK;D;20111219;000000;77.62;78.23;76.27;76.5;416680;32008450.3
TRMK;D;20111220;000000;76.5;77;76;76.85;63970;4897080.2
TRMK;D;20111221;000000;77.76;80.4;75.05;75.75;431840;33616562
TRMK;D;20111222;000000;76.1;76.1;73.6;74.75;76150;5704581.7
TRMK;D;20111223;000000;75.97;75.97;72.5;73;78900;5776598.6
TRMK;D;20111226;000000;73;73.75;71.61;72.69;51590;3753277.5
TRMK;D;20111227;000000;72.2;72.7;70.38;70.88;23080;1652417.6
TRMK;D;20111228;000000;73.36;73.5;70.71;71.14;85570;6153426.1
TRMK;D;20111229;000000;71;71.99;68.68;69.9;252300;17635117.1
TRMK;D;20111230;000000;70.03;73.89;70.01;72.8;68220;4891357.5
TRMK;D;20120103;000000;74;77.41;73.03;76.88;59300;4486735.4
TRMK;D;20120104;000000;77.44;79.48;72;78.96;174380;13606285.6
TRMK;D;20120105;000000;77.72;82.72;77.72;82.44;177780;14409941
TRMK;D;20120106;000000;81.41;83.46;81;83;67290;5555588.4
TRMK;D;20120109;000000;82.7;84.8;80.75;81.01;49350;4069504
TRMK;D;20120110;000000;82;83.35;81.25;82;135800;11132583.9
TRMK;D;20120111;000000;82.37;82.89;80.16;82.45;108570;8923274.9
TRMK;D;20120112;000000;83.38;85.51;81.79;85.25;265260;22155741
TRMK;D;20120113;000000;84.36;88.87;84.36;86.26;257430;22338164.8
TRMK;D;20120116;000000;85.8;88.04;82.07;87.17;172560;14808884.8
TRMK;D;20120117;000000;88;89.78;86.95;88.96;418450;37006574.4
TRMK;D;20120118;000000;89.59;89.84;88.52;89.4;746770;66981033.5
TRMK;D;20120119;000000;89.83;89.83;88.5;88.56;41430;3684554.2
TRMK;D;20120120;000000;89.34;89.34;86.37;88.17;36660;3220572.5
TRMK;D;20120123;000000;88.51;88.51;84.53;85.58;203530;17490830.2
TRMK;D;20120124;000000;85.6;86.74;84.08;84.75;38910;3314778.9
TRMK;D;20120125;000000;85.29;87.11;83.86;86.36;99220;8548638.4
TRMK;D;20120126;000000;86.74;88.88;86.02;88.06;72970;6373242.2
TRMK;D;20120127;000000;87.34;90.48;86.66;89.9;192870;17182018.3
TRMK;D;20120130;000000;88.03;90.95;88;89.05;152920;13753669.8
TRMK;D;20120131;000000;90.51;90.8;87.44;88.05;154250;13671212.6
TRMK;D;20120201;000000;87.65;89.19;87.5;87.98;53180;4696555.9
TRMK;D;20120202;000000;88.78;89.36;87.5;87.71;115900;10214386.8
TRMK;D;20120203;000000;87.53;89.97;87.5;89.51;78120;6969229.5
TRMK;D;20120206;000000;90;90.66;89;89.71;195350;17558809.9
TRMK;D;20120207;000000;89.71;90.66;88.5;88.51;174010;15506055.3
TRMK;D;20120208;000000;89.82;90.5;88.6;89.86;349080;31201896.5
TRMK;D;20120209;000000;89.35;90;87.36;87.36;93110;8277293.1
TRMK;D;20120210;000000;87.33;88.47;85.58;88.16;97200;8446683.9
TRMK;D;20120213;000000;88.78;89.97;87.91;89.8;451490;40119594.6
TRMK;D;20120214;000000;89.8;91.87;88.5;91.5;680910;61250806.2
TRMK;D;20120215;000000;91.75;93.9;91.4;93.7;782280;72928319.7
TRMK;D;20120216;000000;92.4;94.17;90.7;93.49;333370;31205302.9
TRMK;D;20120217;000000;93.35;95.24;93.35;95;393930;37153769.6
TRMK;D;20120220;000000;95.11;95.87;93.8;93.94;56710;5360105.3
TRMK;D;20120221;000000;93.94;94.87;91.05;94.7;104460;9755525
TRMK;D;20120222;000000;94.82;95.27;93.41;94;244240;23082445.9
TRMK;D;20120224;000000;94.79;97.27;93.99;96.25;692540;66789786.8
TRMK;D;20120227;000000;95.69;97.27;94.68;97.27;385080;37158481.3
TRMK;D;20120228;000000;97.01;98.97;96.56;98.36;938680;92136251.4
TRMK;D;20120229;000000;98.99;102.86;98.11;100;171690;17179423.8
TRMK;D;20120301;000000;99.07;99.5;96.21;96.99;142800;13945175.4
TRMK;D;20120302;000000;97;98.97;95.91;96.55;76210;7409873.8
TRMK;D;20120305;000000;97.96;99.17;96.83;98.9;75430;7425504.2
TRMK;D;20120306;000000;98.72;98.8;93.02;93.5;104740;9921860.6
TRMK;D;20120307;000000;93.37;94.5;93.01;93.66;16500;1546230.1
TRMK;D;20120311;000000;95.6;96.34;94.01;96.32;127610;12237049.3
TRMK;D;20120312;000000;94.71;97.67;94.68;96.77;171600;16591800.9
TRMK;D;20120313;000000;97.77;98.18;96.03;97.5;409030;39928155.4
TRMK;D;20120314;000000;97.99;98.16;96.01;97.11;131920;12760919.5
TRMK;D;20120315;000000;97.11;98.49;96.13;97.1;58580;5719094.6
TRMK;D;20120316;000000;97.88;97.88;93.45;93.96;110240;10441211.4
TRMK;D;20120319;000000;94.68;94.68;91.01;93.11;79320;7379687.1
TRMK;D;20120320;000000;94;94.35;92.86;93.91;45080;4232806.4
TRMK;D;20120321;000000;93.14;95.76;93.1;93.97;77730;7361701.2
TRMK;D;20120322;000000;94.04;94.4;92.1;92.85;101460;9458055.6
TRMK;D;20120323;000000;94;94.34;92.22;92.5;26230;2428842.2
TRMK;D;20120326;000000;94;94;92.54;93.5;31210;2917182.6
TRMK;D;20120327;000000;94;94.43;93;93.26;83860;7847620.6
TRMK;D;20120328;000000;93.39;93.96;92.03;93.96;35300;3286412.8
TRMK;D;20120329;000000;92.36;93.39;90.31;91.57;50970;4678894
TRMK;D;20120330;000000;92.37;93;90.79;91.1;25230;2323239.6
TRMK;D;20120402;000000;92.85;92.85;89.81;91.47;36790;3342346.9
TRMK;D;20120403;000000;91.79;92;91.32;91.75;20190;1851026
TRMK;D;20120404;000000;91;92.51;89.29;91.5;37440;3434492.5
TRMK;D;20120405;000000;92.49;92.49;90.29;91.16;31210;2846510.8
TRMK;D;20120406;000000;91;91;90.4;90.62;10030;909099.7
TRMK;D;20120409;000000;89.95;90.79;89.05;89.81;20040;1803910.6
TRMK;D;20120410;000000;90.02;91.75;89.36;90.58;72140;6539191
TRMK;D;20120411;000000;90.56;91.63;89.06;91.16;90120;8180406
TRMK;D;20120412;000000;91.99;92.96;90.53;90.93;26440;2410523.6
TRMK;D;20120413;000000;91;92;90.57;91.95;41120;3763307.5
TRMK;D;20120416;000000;92;92.34;90.12;90.6;30840;2814969.3
TRMK;D;20120417;000000;90.85;92.49;90;90.26;34630;3131777.9
TRMK;D;20120418;000000;91;91.38;90.28;91;21970;1992313.9
TRMK;D;20120419;000000;91.82;92.37;90.28;92.37;37510;3433742
TRMK;D;20120420;000000;92;92.8;91.1;91.83;22330;2057588.3
TRMK;D;20120423;000000;91.1;91.9;90.25;90.27;19580;1775683.7
TRMK;D;20120424;000000;91.47;91.48;89.44;90.22;40540;3658283.5
TRMK;D;20120425;000000;91;92.6;88.66;92.6;69540;6244259.5
TRMK;D;20120426;000000;81.58;92.6;81.58;89.31;46990;4214366
TRMK;D;20120427;000000;89.97;91.06;88.8;90.14;10960;987412.8
TRMK;D;20120428;000000;91.53;91.98;91.37;91.9;2120;194457.6
TRMK;D;20120502;000000;91.89;93;91;91;28050;2584850.1
TRMK;D;20120503;000000;91.01;92;90.77;90.77;23330;2130087
TRMK;D;20120504;000000;91.8;91.8;85.72;86.65;48230;4279722.4
TRMK;D;20120505;000000;86.66;88;83.71;85.5;6470;552243.3
TRMK;D;20120507;000000;84.7;85.07;83.3;84.85;5490;461668.1
TRMK;D;20120508;000000;84.85;87;81.27;86;44740;3782882.5
TRMK;D;20120510;000000;81.35;86.84;81.35;85.56;153390;12963863.3
TRMK;D;20120511;000000;84.61;84.95;81.59;83.98;18520;1546051.4
TRMK;D;20120512;000000;84;85.5;84;84.88;14590;1241070.3
TRMK;D;20120514;000000;83.01;83.76;79.61;79.65;325070;25973355.8
TRMK;D;20120515;000000;79.84;80.46;75.81;77.4;173630;13396866.8
TRMK;D;20120516;000000;75.71;82;73.7;79.51;63140;4934266.8
TRMK;D;20120517;000000;80.89;81.86;77;77;21620;1678794.6
TRMK;D;20120518;000000;77.77;81;74.11;78.99;18200;1417716.5
TRMK;D;20120521;000000;79.01;81.45;78.47;80.01;55340;4447692.2
TRMK;D;20120522;000000;81;82.45;80.75;81.11;47250;3837737.5
TRMK;D;20120523;000000;81;81;77.7;77.71;53590;4210571.4
TRMK;D;20120524;000000;78.99;81;78.81;80.99;93950;7570031.3
TRMK;D;20120525;000000;80.3;85.98;80.3;84.15;53960;4425769.3
TRMK;D;20120528;000000;85.44;87;83.68;85.97;12130;1037917.9
TRMK;D;20120529;000000;85.97;89.88;85.68;89.87;17060;1499235.5
TRMK;D;20120530;000000;86.75;89.02;86.75;88;12310;1088447.5
TRMK;D;20120531;000000;87.47;92.5;87;90.34;101590;9174822.9
TRMK;D;20120601;000000;90.9;92;88;91;119360;10835146.3
TRMK;D;20120604;000000;89.1;90.86;87;88.52;9440;833627.7
TRMK;D;20120605;000000;89.05;91;89.03;90.99;6610;596830.4
TRMK;D;20120606;000000;89.06;92.62;89.06;92.62;75170;6917902.7
TRMK;D;20120607;000000;91.82;92.94;91.1;92.23;56150;5211538.4
TRMK;D;20120608;000000;90.61;93.57;90.6;91.41;64670;6005190.6
TRMK;D;20120609;000000;92.99;93.27;91.49;91.5;330;30417.3
TRMK;D;20120613;000000;91.5;91.68;89;89.48;26380;2383019
TRMK;D;20120614;000000;90;90;88;89.7;5920;525785.9
TRMK;D;20120615;000000;88.16;91.98;88.16;91.5;83090;7545730.6
TRMK;D;20120618;000000;92;93.96;90.11;93;96500;8950385.5
TRMK;D;20120619;000000;92.01;93.71;91;93.25;31500;2910347.7
TRMK;D;20120620;000000;93.2;93.2;87.21;88.23;23180;2086855.9
TRMK;D;20120621;000000;82.96;88.5;82.96;86.06;44380;3830391.2
TRMK;D;20120622;000000;86.06;86.06;83.35;83.4;45480;3848472.1
TRMK;D;20120625;000000;85;85.35;84;84;9350;788815
TRMK;D;20120626;000000;84.73;86;84.5;85.37;8160;696718.8
TRMK;D;20120627;000000;84.56;85.44;83.64;83.8;33510;2816644.2
TRMK;D;20120628;000000;85.8;85.8;83.13;85;54670;4578620.7
TRMK;D;20120629;000000;85.42;87.51;85.42;86.5;6100;526486.2
TRMK;D;20120702;000000;86;88;86;87.69;9790;852517.2
TRMK;D;20120703;000000;88;89.4;86.65;89.4;94650;8302812.6
TRMK;D;20120704;000000;88.01;89.85;88.01;88.62;45440;4070360.6
TRMK;D;20120705;000000;88.53;92;88;89.81;87350;7827489.8
TRMK;D;20120706;000000;89.53;92.51;89.53;92.5;92250;8467345.5
TRMK;D;20120709;000000;92.4;93.86;91.8;91.84;7320;677868.8
TRMK;D;20120710;000000;91.5;94;91.32;93.79;15840;1479251.8
TRMK;D;20120711;000000;93.3;93.3;91.01;91.69;2200;202130.6
TRMK;D;20120712;000000;93.87;93.97;90.79;93;58580;5389645.6
TRMK;D;20120713;000000;93.97;100.92;93.07;98.51;132830;12812574.7
TRMK;D;20120716;000000;98.01;99.95;98;98.51;25570;2540123
TRMK;D;20120717;000000;98.52;99.9;98.47;99.9;7330;730123.3
TRMK;D;20120718;000000;99.04;99.04;96.13;98.5;17770;1740810.7
TRMK;D;20120719;000000;95.78;98.59;95.3;97.36;29340;2831624.8
TRMK;D;20120720;000000;96.03;96.33;94;96.01;14710;1404650.1
TRMK;D;20120723;000000;94.99;95.99;93.08;95.11;80950;7717383.8
TRMK;D;20120724;000000;93.15;96;93.06;95.98;80350;7607834.9
TRMK;D;20120725;000000;94.79;96.4;94.65;96.4;1470;141040.4
TRMK;D;20120726;000000;97;97.18;95;95.34;8540;818136.8
TRMK;D;20120727;000000;95;99;95;98.86;106920;10319900.5
TRMK;D;20120730;000000;99.97;100;98.22;98.92;16250;1620587.5
TRMK;D;20120731;000000;99;99.02;97.38;97.97;4570;447435.5
TRMK;D;20120801;000000;97.9;101;97.8;99.07;26980;2684803.5
TRMK;D;20120802;000000;100.55;100.88;97.99;100;24920;2474116.8
TRMK;D;20120803;000000;99.96;99.96;98.3;99.94;790;78100
TRMK;D;20120806;000000;100;102.27;99.57;102.27;47780;4830624.6
TRMK;D;20120807;000000;102.35;106.93;101.7;105.99;36730;3829059.2
TRMK;D;20120808;000000;105.48;106.4;103.93;104.96;10210;1072528.1
TRMK;D;20120809;000000;105.7;106.92;104.01;104.31;4390;464806.6
TRMK;D;20120810;000000;104;104.72;101.02;104;3940;402789.6
TRMK;D;20120813;000000;104;105;102;102.27;2550;262573.6
TRMK;D;20120814;000000;103.46;103.46;100.02;102.89;58280;5851514.7
TRMK;D;20120815;000000;102.97;103;101;103;18260;1858754.5
TRMK;D;20120816;000000;104;104;100.98;101.98;12020;1229968.5
TRMK;D;20120817;000000;102;102.98;98.07;99.47;16500;1659669.9
TRMK;D;20120820;000000;99.95;100;98;100;10830;1074376.7
TRMK;D;20120821;000000;100;100.8;98.62;99.3;12940;1295746
TRMK;D;20120822;000000;99;99.92;99;99.92;1990;197234.8
TRMK;D;20120823;000000;99.92;100.3;98.8;99.4;159890;15905024.4
TRMK;D;20120824;000000;99.19;99.39;95.7;98.99;89590;8727925.8
TRMK;D;20120827;000000;98.41;103;98;103;46530;4693766.4
TRMK;D;20120828;000000;103;103;99.35;102;29030;2922090.1
TRMK;D;20120829;000000;101.99;101.99;96.21;97.01;49880;4863456.2
TRMK;D;20120830;000000;96.77;96.77;95.1;95.52;15230;1458601
TRMK;D;20120831;000000;96.65;96.65;94.52;95.67;15260;1459039.6
TRMK;D;20120903;000000;95.95;97.03;95.6;96.75;1110;106867
TRMK;D;20120904;000000;97.93;97.93;96.47;97.18;730;70955.2
TRMK;D;20120905;000000;96.84;96.84;94.71;95.99;7530;717870.4
TRMK;D;20120906;000000;96.5;97.49;95.5;97.2;7110;685792.1
TRMK;D;20120907;000000;97.97;99.47;97.93;99.3;26460;2612453.6
TRMK;D;20120910;000000;98.54;99.79;98.54;99.79;3100;307571.9
TRMK;D;20120911;000000;98.82;100.78;98.53;99.99;15990;1588242.7
TRMK;D;20120912;000000;99.5;100.36;98.99;99.49;6810;677974.6
TRMK;D;20120913;000000;99;99.8;97.79;98.97;5540;544319.8
TRMK;D;20120914;000000;101.09;105.87;99.1;105;85030;8869035.5
TRMK;D;20120917;000000;104.79;113;104;104.75;18760;2017009.2
TRMK;D;20120918;000000;103.01;104;101.4;103.46;30060;3085040.9
TRMK;D;20120919;000000;103;103.29;101.29;103.2;22500;2294582.6
TRMK;D;20120920;000000;102.28;103.45;101.11;101.81;48670;5004804.8
TRMK;D;20120921;000000;102.01;104.67;102.01;104.4;27580;2868539
TRMK;D;20120924;000000;104.4;104.4;102.12;102.12;5040;519704.6
TRMK;D;20120925;000000;103.11;103.11;99.52;99.52;22790;2305887.6
TRMK;D;20120926;000000;99;100.9;98.25;100;86070;8578551
TRMK;D;20120927;000000;101;101.5;98.98;99.82;97170;9706653
TRMK;D;20120928;000000;99.03;99.69;97.82;98.37;29960;2951662
TRMK;D;20121001;000000;98;101;98;100.9;15890;1577998.3
TRMK;D;20121002;000000;100.18;100.5;99.87;100.01;10470;1047473.1
TRMK;D;20121003;000000;99.51;100.01;99.48;99.51;2230;222789.5
TRMK;D;20121004;000000;100.47;100.48;98.04;100;1840;182940.6
TRMK;D;20121005;000000;100;100.9;98.21;100.4;55700;5582016.6
TRMK;D;20121008;000000;100.99;102;99.9;101.46;31710;3189200.7
TRMK;D;20121009;000000;100.98;102.29;100.98;102.29;17120;1745629.5
TRMK;D;20121010;000000;101.69;102.5;101.61;102;24080;2453714.5
TRMK;D;20121011;000000;101.72;102.33;101.71;102;74070;7555324.6
TRMK;D;20121012;000000;102;102.35;99.51;100.92;153210;15592559
TRMK;D;20121015;000000;100.87;101.96;100.86;101;84560;8544304.3
TRMK;D;20121016;000000;101.01;101.01;100;100.98;6580;659851.8
TRMK;D;20121017;000000;100.92;103.19;100.58;103;15180;1558165
TRMK;D;20121018;000000;103;103.4;101.51;101.51;7880;806454.8
TRMK;D;20121019;000000;101.36;101.5;101;101.2;350;35410.9
TRMK;D;20121022;000000;101.16;101.16;98.54;98.68;9230;920874.9
TRMK;D;20121023;000000;98.66;98.98;96.02;96.03;37300;3617542.1
TRMK;D;20121024;000000;96.94;97.97;96;96;1470;142245.8
TRMK;D;20121025;000000;96.94;96.94;95.99;96.3;2220;213868.2
TRMK;D;20121026;000000;95.52;95.53;91.13;94.17;58320;5428759.7
TRMK;D;20121029;000000;94.65;94.67;91;91.6;28690;2645980.6
TRMK;D;20121030;000000;91.5;95.45;91.5;94.26;47950;4551634.2
TRMK;D;20121031;000000;94.95;96.17;94.02;96;23610;2253243.8
TRMK;D;20121101;000000;95.99;96;93.5;95.5;50840;4829864.8
TRMK;D;20121102;000000;96.26;96.26;95.01;95.5;1180;112561.8
TRMK;D;20121106;000000;96.27;96.27;95.2;96;120720;11588636.9
TRMK;D;20121107;000000;96.26;96.26;92.71;92.83;23890;2236258.2
TRMK;D;20121108;000000;91.96;92.82;90.75;91;43340;3963434.2
TRMK;D;20121109;000000;90.7;91.64;89.11;91.63;25770;2331145
TRMK;D;20121112;000000;92;92.78;91.4;92.58;8770;802173.3
TRMK;D;20121113;000000;91.72;93;90;90;26550;2433239.6
TRMK;D;20121114;000000;91.48;91.91;90.1;90.56;4970;451436.8
TRMK;D;20121115;000000;90.01;92.49;88.15;92.49;53260;4897234.3
TRMK;D;20121116;000000;92.79;93.67;90.11;91.53;52780;4835027.5
TRMK;D;20121119;000000;91.19;92.99;91.01;91.86;7080;652538.1
TRMK;D;20121120;000000;91.71;92.28;90.58;90.6;16480;1503799.3
TRMK;D;20121121;000000;90.04;94;90.04;92.55;108600;10039501.2
TRMK;D;20121122;000000;92.31;94.2;92;92.06;83970;7849165.9
TRMK;D;20121123;000000;92.08;93.69;92.08;93.51;11700;1093373.1
TRMK;D;20121126;000000;93.15;93.98;91.52;93.01;10220;949143.2
TRMK;D;20121127;000000;93.85;94.7;92.19;92.79;2980;279023.3
TRMK;D;20121128;000000;92.72;93.8;90.5;92.79;9860;914899.1
TRMK;D;20121129;000000;92.8;94.6;90.79;94.4;28430;2684852.9
TRMK;D;20121130;000000;94.61;95.5;94.02;95.5;200810;19069385.9
TRMK;D;20121203;000000;95.99;96;95.62;95.98;1360;130387.8
TRMK;D;20121204;000000;95.36;96.85;95;96.1;153880;14772159.3
TRMK;D;20121205;000000;96.47;96.51;93.79;93.8;157660;14999532.9
TRMK;D;20121206;000000;94.24;94.61;93.99;94.23;9510;896407.9
TRMK;D;20121207;000000;94.01;94.08;91.34;93.51;14140;1318174.3
TRMK;D;20121210;000000;92.86;94.54;92.47;92.56;14940;1388525.1
TRMK;D;20121211;000000;92.98;94.37;91.02;92.11;24990;2302670.1
TRMK;D;20121212;000000;92.49;93.93;92.49;93.03;12370;1152672.7
TRMK;D;20121213;000000;92.8;93.5;91.11;92.07;8660;805085.9
TRMK;D;20121214;000000;92.09;92.41;91.1;91.7;24650;2257274.7
TRMK;D;20121217;000000;91.7;92.5;91.53;92.4;28160;2595195.3
TRMK;D;20121218;000000;92.57;93;92.05;92.97;28940;2680410.8
TRMK;D;20121219;000000;93.14;95.2;92.53;93.99;21770;2045388.7
TRMK;D;20121220;000000;93.98;93.98;92.96;93;9360;872071.6
TRMK;D;20121221;000000;93.47;94.3;91.13;92.42;19430;1807572.3
TRMK;D;20121224;000000;91.72;92.14;89.92;90.01;100460;9109263.5
TRMK;D;20121225;000000;89.32;90.92;89.1;90.59;9560;861936.7
TRMK;D;20121226;000000;90.85;91.56;90;91.02;15900;1448064.9
TRMK;D;20121227;000000;90.7;92.2;90.37;91.77;8820;806282.1
TRMK;D;20121228;000000;91.23;92.37;90.05;91.86;8480;776929.5
TRMK;D;20130108;000000;93;94.95;93;94.56;4690;443804.7
TRMK;D;20130109;000000;92.07;94.92;92.07;94.75;12500;1180934.2
TRMK;D;20130110;000000;94.25;96.2;93.14;94.01;11910;1135280.7
TRMK;D;20130111;000000;94.01;95.35;94.01;95.16;5470;519672.6
TRMK;D;20130114;000000;95.1;96.59;95;95.77;3250;312468.4
TRMK;D;20130115;000000;95.72;97;94;94;14160;1355953.8
TRMK;D;20130116;000000;94.6;94.61;93.5;94.6;12340;1158523.4
TRMK;D;20130117;000000;94.6;95.48;94.22;94.98;3740;355276.8
TRMK;D;20130118;000000;95;96.5;94.13;95.35;40560;3875680
TRMK;D;20130121;000000;95.15;95.15;94.36;94.89;3410;323214.6
TRMK;D;20130122;000000;95.08;95.08;92.27;92.91;14130;1316218.5
TRMK;D;20130123;000000;92.53;94.67;92.46;94;15290;1429477.8
TRMK;D;20130124;000000;93.93;94.49;93.02;93.52;8540;798141.5
TRMK;D;20130125;000000;93.51;93.78;93.35;93.35;6360;594147
TRMK;D;20130128;000000;93.87;94.75;93.5;94.23;79510;7464308.2
TRMK;D;20130129;000000;93.84;94.6;93.65;94;49350;4636189.5
TRMK;D;20130130;000000;94.24;94.6;94.24;94.47;28270;2666537.8
TRMK;D;20130131;000000;93.88;94.97;93.08;94.11;60120;5652124.3
TRMK;D;20130201;000000;94.6;94.6;94;94;3300;311618.4
TRMK;D;20130204;000000;94.59;94.79;91.2;92;100170;9336986.4
TRMK;D;20130205;000000;92.99;94.66;91.72;93.23;175330;16467753.2
TRMK;D;20130206;000000;93.87;95.74;93.5;93.55;39310;3722057.3
TRMK;D;20130207;000000;93.88;94.1;93.1;94.1;7680;717929.3
TRMK;D;20130208;000000;94.2;95.14;93.57;94.44;14780;1401010.3
TRMK;D;20130211;000000;95.17;98.06;93.13;96;128200;12304868
TRMK;D;20130212;000000;96.01;98.77;95;98.5;677140;66392193.1
TRMK;D;20130213;000000;98.84;99.1;97.1;99.07;51130;5028851.8
TRMK;D;20130214;000000;99.07;99.2;98.2;98.8;89030;8778104.4
TRMK;D;20130215;000000;99.4;100;97.55;97.85;93410;9205306.5
TRMK;D;20130218;000000;97;98.44;96.51;96.51;12890;1250699.8
TRMK;D;20130219;000000;97.47;101.9;96.01;99.99;212260;21353064.3
TRMK;D;20130220;000000;101.38;101.38;100;100.47;13060;1310747.6
TRMK;D;20130221;000000;96.26;100.48;96.26;97.28;19130;1886807.8
TRMK;D;20130222;000000;102.01;102.34;97.1;99.47;30630;3059905.6
TRMK;D;20130225;000000;99.87;101.82;99.37;99.99;9860;989200.3
TRMK;D;20130226;000000;99.23;100;95.06;99.99;105690;10437552.2
TRMK;D;20130227;000000;100;100.01;99.16;99.16;54010;5397068.3
TRMK;D;20130228;000000;99.16;99.16;96;96;40240;3903880
TRMK;D;20130301;000000;96.98;97;95;95.41;65790;6290642.8
TRMK;D;20130304;000000;94.22;96;90.99;92;68730;6382894.5
TRMK;D;20130305;000000;93;95.24;93;94.56;40360;3825733.1
TRMK;D;20130306;000000;94.6;95.67;93.11;93.15;29530;2776017.5
TRMK;D;20130307;000000;94.42;95.85;92.51;95.69;61680;5763556.3
TRMK;D;20130311;000000;95.04;96.84;95;95;20090;1922297.6
TRMK;D;20130312;000000;94.37;95.04;94.11;94.63;2070;195434.1
TRMK;D;20130313;000000;94.28;94.28;91.27;92.74;48420;4483726.5
TRMK;D;20130314;000000;92.55;92.55;90;90.5;42950;3892572.1
TRMK;D;20130315;000000;93.78;93.78;90.5;90.8;24450;2218946.9
TRMK;D;20130318;000000;88.48;90.97;87.97;87.97;81570;7214439.1
TRMK;D;20130319;000000;88.57;89;84.5;85.3;113040;9799621.4
TRMK;D;20130320;000000;85.04;86.72;84.01;84.5;70740;5997598.7
TRMK;D;20130321;000000;84.99;85.86;84.22;84.7;4890;415270.3
TRMK;D;20130322;000000;85.3;86;83.53;86;76370;6516916.9
TRMK;D;20130325;000000;92.99;92.99;85.5;85.84;37640;3249452.8
TRMK;D;20130326;000000;85.49;85.49;80.1;81.08;47880;3911156.4
TRMK;D;20130327;000000;81.99;82.74;79;81.49;58770;4739647.9
TRMK;D;20130328;000000;81.96;82.92;80.03;82.81;10740;874408.3
TRMK;D;20130329;000000;82.02;83.99;82;83.72;21460;1790550.6
TRMK;D;20130401;000000;83.86;83.9;83;83.3;9050;757413.4
TRMK;D;20130402;000000;83.05;85.99;81;85;13970;1174361.3
TRMK;D;20130403;000000;84.55;86.95;81.65;84.61;26050;2224679.8
TRMK;D;20130404;000000;84.03;86;83.31;86;238880;20340979.7
TRMK;D;20130405;000000;86.59;86.72;83;83.99;2990;251481.5
TRMK;D;20130408;000000;84.74;86.68;83.29;83.98;1630;137412.3
TRMK;D;20130409;000000;83.25;84.66;79.07;83.97;56690;4723315.3
TRMK;D;20130410;000000;83.59;86.35;83.59;85.08;47020;3978277.6
TRMK;D;20130411;000000;84.01;86.4;83.85;85.27;33980;2918383.4
TRMK;D;20130412;000000;85.42;86.86;84.02;86;89270;7664555
TRMK;D;20130415;000000;85.05;85.5;80;82.43;72300;5941618.7
TRMK;D;20130416;000000;81.02;83.46;81.02;81.5;262660;21547262.1
TRMK;D;20130417;000000;81.5;82;79.53;82;31210;2527934.1
TRMK;D;20130418;000000;80.57;83.16;80.57;82;8320;682894
TRMK;D;20130419;000000;80.95;84.48;80.95;83.63;28710;2330588.4
TRMK;D;20130422;000000;84.07;84.07;82.17;83.38;17660;1465956.7
TRMK;D;20130423;000000;83;89;82.17;86.47;88370;7655102.8
TRMK;D;20130424;000000;86.99;86.99;83.18;84.12;39750;3331795.4
TRMK;D;20130425;000000;84.89;84.89;82.23;83.89;59860;4972814.8
TRMK;D;20130426;000000;83.02;84.88;82.3;84.49;9850;828516.6
TRMK;D;20130429;000000;81.51;85;81.51;83.4;17030;1408041.4
TRMK;D;20130430;000000;83.69;84;82;82.23;26940;2219435.3
TRMK;D;20130502;000000;82.41;87.07;82.41;83.29;10350;878204.1
TRMK;D;20130503;000000;82.85;82.99;81.81;82.5;20950;1727367.3
TRMK;D;20130506;000000;82.98;83.88;82.2;83.4;33760;2789382.7
TRMK;D;20130507;000000;83.4;83.95;82.56;83;188950;15664632.2
TRMK;D;20130508;000000;83;84;82.81;83.76;51220;4265334.9
TRMK;D;20130510;000000;83.03;84.59;82.1;83.37;9780;812683.6
TRMK;D;20130513;000000;83.62;83.8;82.25;83;101070;8407565.5
TRMK;D;20130514;000000;83.47;86.97;82;83.4;109970;9223121
TRMK;D;20130515;000000;82.35;82.59;80.07;80.12;235580;19054148
TRMK;D;20130516;000000;80.6;84.23;79.56;82.02;689650;56231750.5
TRMK;D;20130517;000000;82.36;83.9;81.19;82;203580;16698470.9
TRMK;D;20130520;000000;81.61;82.89;79.83;80.2;76130;6137578.6
TRMK;D;20130521;000000;80.1;81.7;80.1;81.09;13020;1054085
TRMK;D;20130522;000000;80.62;81.7;79.5;79.91;282080;22554070.4
TRMK;D;20130523;000000;79.51;79.51;76.06;76.78;132270;10264997.1
TRMK;D;20130524;000000;76.99;80.3;76.08;77.54;85250;6682669.9
TRMK;D;20130527;000000;77.51;77.52;76.18;77.3;7700;590012
TRMK;D;20130528;000000;78.01;78.99;76.59;77.81;26860;2089156.2
TRMK;D;20130529;000000;77.41;77.41;75.3;75.32;16440;1248177.5
TRMK;D;20130530;000000;75.11;76.5;75.07;75.4;100630;7693807.6
TRMK;D;20130531;000000;75.62;76.6;73.25;74.1;76390;5718637.9
TRMK;D;20130603;000000;74.74;75.39;73.27;74.6;8370;625615.3
TRMK;D;20130604;000000;75.23;75.87;73.55;75.87;6060;453512.3
TRMK;D;20130605;000000;74.84;74.93;71.08;74.5;6110;446616.5
TRMK;D;20130606;000000;74.25;80;72;77.28;54070;3949719.5
TRMK;D;20130607;000000;75.87;77.5;75;77;14070;1070934.4
TRMK;D;20130610;000000;77.4;77.4;75.01;76.74;3700;281961.9
TRMK;D;20130611;000000;75.51;75.8;73.7;74;3570;267245.2
TRMK;D;20130613;000000;74;74;69;71.91;42680;3009987.7
TRMK;D;20130614;000000;72;73.86;71.57;73.86;101680;7321714
TRMK;D;20130617;000000;73.01;78;73.01;77.28;73210;5446111.1
TRMK;D;20130618;000000;76.5;78.98;75.02;77.58;24530;1899555.2
TRMK;D;20130619;000000;77.97;79.91;77.59;79.91;56060;4444117.8
TRMK;D;20130620;000000;79.41;79.41;77;77.25;25120;1954630.4
TRMK;D;20130621;000000;77.24;79.19;76.91;77.4;10860;847758
TRMK;D;20130624;000000;77.99;79.24;75.08;75.44;17530;1347154.3
TRMK;D;20130625;000000;75.85;77.97;75.56;77.07;11080;850349.7
TRMK;D;20130626;000000;77.07;79.9;77.07;77.73;22670;1791674.3
TRMK;D;20130627;000000;77.5;80.17;76.5;77.74;13600;1072539.2
TRMK;D;20130628;000000;77.44;80.14;77.18;79;5510;434494.3
TRMK;D;20130701;000000;79.6;79.6;76.82;77.5;12150;951844.3
TRMK;D;20130702;000000;78.88;80.05;77.7;78.39;8420;665823.2
TRMK;D;20130703;000000;79.1;79.79;78.02;79.3;91020;7232554.1
TRMK;D;20130704;000000;79.8;80.39;78.58;80.26;8150;648396.4
TRMK;D;20130705;000000;80.34;80.65;78.78;78.82;3250;259122.3
TRMK;D;20130708;000000;78.99;79.5;78.05;79.45;45420;3598123.4
TRMK;D;20130709;000000;79.79;80.1;78.53;79.01;26440;2091858.7
TRMK;D;20130710;000000;78.54;79.09;76.03;77;22590;1760872.9
TRMK;D;20130711;000000;77.5;79.89;77.5;79.08;43590;3462479.7
TRMK;D;20130712;000000;79.5;79.88;78.5;79.1;13430;1063816.7
TRMK;D;20130715;000000;79.41;80;78.94;79.67;16110;1279988.9
TRMK;D;20130716;000000;79.72;80.25;79.41;80.1;66790;5344387.8
TRMK;D;20130717;000000;80.41;83.23;79.9;83.23;209820;17043762.5
TRMK;D;20130718;000000;83.65;84.59;82.85;83.52;31000;2592905.4
TRMK;D;20130719;000000;82.25;85;82.22;84.8;136960;11550769.5
TRMK;D;20130722;000000;84.31;84.78;82.28;84.5;82130;6904694.3
TRMK;D;20130723;000000;84.8;86;84.05;84.7;72470;6153492
TRMK;D;20130724;000000;84.3;85.4;84.27;85.4;42270;3606935.5
TRMK;D;20130725;000000;85.88;85.88;83.48;83.49;36440;3064719.3
TRMK;D;20130726;000000;83.79;84.65;83.5;84.23;6870;576803
TRMK;D;20130729;000000;84.12;84.5;83;83.49;13090;1098766
TRMK;D;20130730;000000;83.99;85;82.34;85;38300;3242861.9
TRMK;D;20130731;000000;85.51;85.75;83.9;85.5;128370;10941580.3
TRMK;D;20130801;000000;86;86.99;85.52;86.4;62330;5386784.5
TRMK;D;20130802;000000;86.49;89.01;85.38;87;361460;31582981.8
TRMK;D;20130805;000000;86.81;88.25;86.01;87.1;140800;12301995.3
TRMK;D;20130806;000000;87.09;88.48;86.5;86.87;50350;4415128.3
TRMK;D;20130807;000000;86.51;87.98;85.92;87.27;110050;9630440.2
TRMK;D;20130808;000000;87.87;88.88;86.62;87.7;53480;4689000.9
TRMK;D;20130809;000000;86.82;88.73;86.82;88.25;35910;3157507.9
TRMK;D;20130812;000000;88.88;90.63;87.66;90.63;113020;10170562.1
TRMK;D;20130813;000000;89.5;90.95;89.5;90.22;36740;3334279.6
TRMK;D;20130814;000000;89.9;91.44;89.9;91.3;108080;9823520.5
TRMK;D;20130815;000000;89.72;91.6;89.26;89.45;14260;1284519.6
TRMK;D;20130816;000000;90.25;91.4;87;87;10310;919760.9
TRMK;D;20130819;000000;87.88;91;83.11;85.5;114360;9667638.9
TRMK;D;20130820;000000;85.28;86.77;83.07;85.36;30970;2636525.2
TRMK;D;20130821;000000;85.59;87;83.22;86.9;103020;8848852.3
TRMK;D;20130822;000000;86.12;89;84.01;88.8;68120;5908407.2
TRMK;D;20130823;000000;88.02;88.04;85.48;87.29;36040;3119396.7
TRMK;D;20130826;000000;87;87.49;84.62;84.85;16290;1387465.4
TRMK;D;20130827;000000;85;86.58;84.92;85.01;50720;4342855.7
TRMK;D;20130828;000000;85.44;85.98;80;83.1;88040;7427743.3
TRMK;D;20130829;000000;83.01;84.48;81.14;81.94;84840;6995624.2
TRMK;D;20130830;000000;81.51;82.5;79.98;82.26;162740;13130901.1
TRMK;D;20130902;000000;80.5;84.68;80.5;84;201080;16739757.2
TRMK;D;20130903;000000;84.41;84.48;80.1;81.6;128230;10464428.3
TRMK;D;20130904;000000;80.82;83.4;80.16;82.52;41840;3454453.3
TRMK;D;20130905;000000;82.98;84.53;81.03;84.5;80180;6702473
TRMK;D;20130906;000000;83.13;86.68;83.13;84.55;103470;8828468.3
TRMK;D;20130909;000000;84.9;86.25;83.26;84.03;145350;12343353.4
TRMK;D;20130910;000000;84.84;85.8;84.05;85;215280;18328363.1
TRMK;D;20130911;000000;85.17;86.37;83.93;85;51820;4396636.2
TRMK;D;20130912;000000;84.54;85.15;84.03;84.76;47460;4024755.9
TRMK;D;20130913;000000;85.48;85.89;82.27;83;30200;2525529
TRMK;D;20130916;000000;84.24;88.63;84;87.99;335230;29196752.8
TRMK;D;20130917;000000;89;89;85.85;87.33;107580;9261000.3
TRMK;D;20130918;000000;86.52;87.45;85.98;85.98;75080;6507723.2
TRMK;D;20130919;000000;86.47;89.98;86;86;95230;8267638
TRMK;D;20130920;000000;86.45;87.8;85.56;85.84;51570;4464716
TRMK;D;20130923;000000;84.93;86.97;84.23;84.26;31770;2703474.1
TRMK;D;20130924;000000;84.5;85.03;84;85.03;30600;2596949.4
TRMK;D;20130925;000000;80.6;84.51;80.6;84.4;91760;7700565.5
TRMK;D;20130926;000000;83.86;85.45;83.86;85;33790;2870487.4
TRMK;D;20130927;000000;84.79;85.08;81.22;83;501660;42069198.4
TRMK;D;20130930;000000;82.56;83.81;81.51;83.66;74420;6182372.4
TRMK;D;20131001;000000;86.87;86.87;82.94;83.2;78930;6619822.2
TRMK;D;20131002;000000;84.18;84.49;83.56;83.56;32880;2763645.3
TRMK;D;20131003;000000;83.52;84.9;83.1;84.7;261200;21980698.6
TRMK;D;20131004;000000;84.23;85.5;84.04;84.89;82170;6974974.5
TRMK;D;20131007;000000;84.93;85.89;84.11;85.48;132430;11293979.6
TRMK;D;20131008;000000;86.55;86.59;84.71;86;40760;3488607.4
TRMK;D;20131009;000000;85.99;86;84.75;85.4;53740;4590918.6
TRMK;D;20131010;000000;85.78;86.37;84.71;85.44;158450;13609394
TRMK;D;20131011;000000;84.7;86;83.3;84.35;177290;15112175.9
TRMK;D;20131014;000000;85.13;85.13;83.5;84.1;414690;34932238.7
TRMK;D;20131015;000000;84.45;86.5;83.43;85;557440;47689557.9
TRMK;D;20131016;000000;84.55;87.04;84.4;86.69;559660;48133546.9
TRMK;D;20131017;000000;86.5;87.63;85.18;87.49;76010;6582158.2
TRMK;D;20131018;000000;87.99;89.43;85.36;87.6;298020;26026970.7
TRMK;D;20131021;000000;87.52;89;87.25;88.1;24410;2162127.1
TRMK;D;20131022;000000;88.59;89.9;87.43;89.25;85080;7583990.9
TRMK;D;20131023;000000;89.09;90.32;87.31;88.55;429990;38639701.8
TRMK;D;20131024;000000;88.11;90.83;88.11;90.83;99610;8958397.8
TRMK;D;20131025;000000;89.53;89.53;88.77;88.8;4920;437550.6
TRMK;D;20131028;000000;89.27;89.43;88.1;89;20390;1805106.9
TRMK;D;20131029;000000;90.49;90.49;89;89.02;40920;3651376.2
TRMK;D;20131030;000000;89.01;92.83;89;90.87;472660;43206983.6
TRMK;D;20131031;000000;90.34;93;89;91.5;612030;55564656.3
TRMK;D;20131101;000000;92.34;95.7;90.9;92.58;404560;37604224.2
TRMK;D;20131105;000000;91.48;93.97;89;89.01;88160;7895990.4
TRMK;D;20131106;000000;89.11;90.84;87.11;87.36;148610;13109421.4
TRMK;D;20131107;000000;87.03;88.4;85.7;88.32;82490;7170702.5
TRMK;D;20131108;000000;87.89;88.11;85.75;87.21;150560;13128678.5
TRMK;D;20131111;000000;87.77;88.01;86.52;86.71;49220;4280713.8
TRMK;D;20131112;000000;86.99;89.61;86.99;88.37;148200;13140293.6
TRMK;D;20131113;000000;88.05;91.43;86.75;90.15;390470;35105118
TRMK;D;20131114;000000;88.79;91;87.61;90;212830;19187941.7
TRMK;D;20131115;000000;90;92.87;88.27;89.99;318710;28525786
TRMK;D;20131118;000000;90.87;93.88;89.5;92.71;118320;10909030.5
TRMK;D;20131119;000000;93.79;94.45;91;91.59;261080;24327244.3
TRMK;D;20131120;000000;91.5;93.7;89.49;92.25;637460;58977981.4
TRMK;D;20131121;000000;90.5;92.85;90.5;92.27;76380;7032466.3
TRMK;D;20131122;000000;91.01;94.75;91.01;94.29;117670;11055881.7
TRMK;D;20131125;000000;93.48;97.19;92.51;95.51;487450;46454677.8
TRMK;D;20131126;000000;94.53;96.77;93.05;93.27;217370;20602332.8
TRMK;D;20131127;000000;93.46;95.9;90.11;95.48;281130;26642487.6
TRMK;D;20131128;000000;95.49;97.64;94;94.24;142170;13514302.1
TRMK;D;20131129;000000;93.11;94.2;92.07;93.83;61550;5755013.9
TRMK;D;20131202;000000;93.99;95;92;92;21250;1979183.4
TRMK;D;20131203;000000;91.15;93.41;90.14;90.4;49300;4493132.5
TRMK;D;20131204;000000;91.46;92.11;89.4;89.4;18270;1647083.6
TRMK;D;20131205;000000;90.27;91.87;90.03;90.74;14540;1318826.2
TRMK;D;20131206;000000;90.09;92;89.4;89.67;68560;6188123.5
TRMK;D;20131209;000000;89.99;90.98;88.02;90.2;20690;1855053.6
TRMK;D;20131210;000000;91.67;91.68;84.99;90.1;12920;1152564.5
TRMK;D;20131211;000000;89.51;91;88.1;90.25;9260;834831.3
TRMK;D;20131212;000000;89.51;90.48;88.7;90.47;18260;1633228.1
TRMK;D;20131213;000000;90.02;90.44;89.11;89.11;14540;1306600.7
TRMK;D;20131216;000000;89.73;96.73;89.33;93.8;77770;7126839.4
TRMK;D;20131217;000000;93;95.01;92;94.05;167580;15719799.1
TRMK;D;20131218;000000;93.46;95.39;93.46;95;139640;13239650.4
TRMK;D;20131219;000000;94.44;95.83;93.05;95.12;256640;24387244.4
TRMK;D;20131220;000000;95.05;95.1;90.02;94.81;44470;4133835.1
TRMK;D;20131223;000000;94.74;94.75;91.1;92.78;551930;51739800.8
TRMK;D;20131224;000000;92.49;93.45;90.16;93.43;47930;4430444.9
TRMK;D;20131225;000000;92.36;95;91.21;93.49;28700;2671960.7
TRMK;D;20131226;000000;93.01;93.5;92.98;93.15;6780;632219
TRMK;D;20131227;000000;93.44;93.44;91.85;92.75;91880;8520025.1
TRMK;D;20131230;000000;93;94.25;91.8;93.83;42690;3993001.3
TRMK;D;20140106;000000;93.07;96.01;89.73;91.04;36350;3360808.1
TRMK;D;20140108;000000;90.83;92.86;89.28;91.98;16720;1530533.3
TRMK;D;20140109;000000;90.14;92.98;90.09;91.8;157530;14474767.8
TRMK;D;20140110;000000;91.5;95;90.18;93;52690;4890852.5
TRMK;D;20140113;000000;93;95.3;91.22;94.45;28370;2662913.6
TRMK;D;20140114;000000;93.46;94.9;91.48;94.9;53170;4991787.6
TRMK;D;20140115;000000;94.75;97.98;94.48;95.16;611220;58963163.5
TRMK;D;20140116;000000;96.14;98.4;95.65;96.73;112980;11002247.3
TRMK;D;20140117;000000;96.38;99.8;95.51;99.32;73310;7221329.4
TRMK;D;20140120;000000;99.6;101.3;98.9;100.9;190170;19146320.4
TRMK;D;20140121;000000;101.29;102.48;100.01;102;169530;17289050.2
TRMK;D;20140122;000000;102.01;105;101.8;104.3;461700;47637144
TRMK;D;20140123;000000;104.7;108.6;104.2;107.16;329320;34877411.7
TRMK;D;20140124;000000;104.74;109.85;103.81;103.81;55260;5801451.2
TRMK;D;20140127;000000;104.47;106.79;102.4;102.56;61110;6368766.6
TRMK;D;20140128;000000;103;105.3;100;100.7;120880;12404664.5
TRMK;D;20140129;000000;100.6;105;96.55;97;342820;34447671
TRMK;D;20140130;000000;97.95;98.29;93.28;96.15;117440;11311011
TRMK;D;20140131;000000;95.54;97.99;93.69;94.76;129590;12378891
TRMK;D;20140203;000000;94.97;97.6;92.44;93.7;60430;5737282.6
TRMK;D;20140204;000000;92.5;93.73;90.55;93.72;31310;2893348.2
TRMK;D;20140205;000000;92.01;96.5;92.01;95.76;43310;4096772.2
TRMK;D;20140206;000000;95;96.5;94.03;95.52;48170;4591492.8
TRMK;D;20140207;000000;95.98;96.5;94.92;95.73;40130;3838264.7
TRMK;D;20140210;000000;96;96;95.1;95.1;14080;1346288.8
TRMK;D;20140211;000000;95.17;96.56;95.02;95.02;51970;4988986.6
TRMK;D;20140212;000000;95.99;99.32;95.94;99.2;87550;8542832.1
TRMK;D;20140213;000000;98.23;101.41;97.7;100.75;94690;9447181.7
TRMK;D;20140214;000000;100.97;101.7;99.04;99.92;91440;9235071.2
TRMK;D;20140217;000000;100.25;103.2;99.9;102.82;19590;2004695.8
TRMK;D;20140218;000000;103.24;103.5;101;101.48;20010;2048452.7
TRMK;D;20140219;000000;101.49;102.13;89.55;90.54;401590;37510170.3
TRMK;D;20140220;000000;89.99;93.27;88.06;92.31;191470;17564648.4
TRMK;D;20140221;000000;92.5;93.75;91.06;91.64;37420;3455364.7
TRMK;D;20140224;000000;91.01;91.63;89.8;90.22;63840;5778876.8
TRMK;D;20140225;000000;90.49;91.03;88.2;89;73350;6566663.8
TRMK;D;20140226;000000;88.98;90.5;88.65;90.48;16510;1479279.4
TRMK;D;20140227;000000;89.76;90.71;87.87;89.47;59350;5274938.1
TRMK;D;20140228;000000;88.52;90.25;86.18;90.25;68240;6115107.2
TRMK;D;20140303;000000;89.41;89.41;72.59;75;248260;19594415.2
TRMK;D;20140304;000000;80.77;81.45;73.12;77.65;324750;25034799.2
TRMK;D;20140305;000000;78.98;79.8;73.22;75.51;112640;8513402.6
TRMK;D;20140306;000000;76.27;79.57;72.5;74.01;116190;8775028.6
TRMK;D;20140307;000000;73.98;76.65;73.98;74.8;39960;3012908.2
TRMK;D;20140311;000000;75.77;75.77;70.7;71.51;73650;5281128.2
TRMK;D;20140312;000000;70.62;70.94;68.56;68.91;41770;2909359.1
TRMK;D;20140313;000000;69.78;69.87;64.98;65.2;53480;3607815
TRMK;D;20140314;000000;64.01;65.99;58.05;64.99;61430;3813317.6
TRMK;D;20140317;000000;65;70.96;64.08;69.41;23000;1579180.3
TRMK;D;20140318;000000;69;72.27;68.6;70.51;37540;2651013.1
TRMK;D;20140319;000000;71.4;75.73;69.54;73.36;98140;7101213.3
TRMK;D;20140320;000000;73.01;73.01;71;71.95;29310;2094241.2
TRMK;D;20140321;000000;70.8;70.8;67.02;70;74560;5112106.4
TRMK;D;20140324;000000;70.69;73.76;68.99;69.79;55790;3943455.8
TRMK;D;20140325;000000;69.94;71.77;68.6;71.49;58540;4118381.4
TRMK;D;20140326;000000;70.58;74.96;70.56;73.7;64820;4744733.7
TRMK;D;20140327;000000;72.21;75.35;72.15;73.41;50640;3721603.3
TRMK;D;20140328;000000;73.98;78.87;73.98;76.3;60440;4637459.5
TRMK;D;20140331;000000;76.98;78.25;75.52;76.29;25550;1960969.1
TRMK;D;20140401;000000;76.99;77.01;75.59;76.2;44590;3408426.8
TRMK;D;20140402;000000;73.97;76.76;73.97;75.43;35000;2635891.6
TRMK;D;20140403;000000;75.48;76.84;74.59;75.49;42900;3265080.3
TRMK;D;20140404;000000;75.99;76;74.55;75.7;45500;3424881.9
TRMK;D;20140407;000000;75.03;77.3;74;76;66010;4963283.6
TRMK;D;20140408;000000;76;77.76;74.53;76.29;41510;3133581.1
TRMK;D;20140409;000000;76.4;76.87;74;76.18;135160;10146585.6
TRMK;D;20140410;000000;76;78.48;74.33;75.38;186810;14081646.9
TRMK;D;20140411;000000;75.38;76.68;74.5;75.98;74270;5601727.9
TRMK;D;20140414;000000;75.11;76.05;74.5;74.95;17760;1332240.2
TRMK;D;20140415;000000;74.66;75.65;72.99;74.39;99140;7341467.4
TRMK;D;20140416;000000;74.35;75.97;72.17;74.29;56170;4152811.6
TRMK;D;20140417;000000;74.25;74.74;73.2;74.7;31150;2310443.7
TRMK;D;20140418;000000;75.87;76.1;75;75.6;6490;491918.3
TRMK;D;20140421;000000;75.26;76.7;75.22;75.97;10650;807608.7
TRMK;D;20140422;000000;71.85;76.4;71.85;74.3;34990;2596771.9
TRMK;D;20140423;000000;76.66;76.66;73.15;73.15;2830;207559.7
TRMK;D;20140424;000000;72.96;75.44;70.03;70.12;24910;1790166.5
TRMK;D;20140425;000000;70.12;70.49;69;69.1;4260;296809.2
TRMK;D;20140428;000000;69.96;69.96;67.01;68.92;35410;2439239.4
TRMK;D;20140429;000000;69.66;71.39;69.42;70.43;20420;1439393.2
TRMK;D;20140430;000000;70.54;71.9;69.19;69.6;30330;2134138.2
TRMK;D;20140502;000000;69.81;71.4;69.75;71.11;8670;611672
TRMK;D;20140505;000000;70.28;71.71;70.28;70.7;3610;255067.7
TRMK;D;20140506;000000;71.69;71.99;70.54;71.88;44770;3197119.5
TRMK;D;20140507;000000;72.73;72.73;69.69;71.23;64870;4577021.6
TRMK;D;20140508;000000;71.22;73.85;70.1;73.85;51460;3681091.9
TRMK;D;20140512;000000;73.01;73.3;70.7;71;65140;4659316.6
TRMK;D;20140513;000000;70.78;71.83;70.01;70.04;47050;3321711.2
TRMK;D;20140514;000000;70.03;70.7;69.21;69.21;75170;5241960.6
TRMK;D;20140515;000000;69.6;70.67;68.05;68.79;55740;3857476.9
TRMK;D;20140516;000000;68.27;70;68.23;68.4;60540;4173679.4
TRMK;D;20140519;000000;68.98;70.46;68.23;69.73;88340;6103127.5
TRMK;D;20140520;000000;69.87;69.87;67.1;67.84;191820;12998656
TRMK;D;20140521;000000;67.8;70.45;66.98;70.36;185640;12804206.8
TRMK;D;20140522;000000;70.33;73.44;70.06;73.3;271180;19440199.3
TRMK;D;20140523;000000;73.58;79.99;72.5;77.92;468890;35715241.5
TRMK;D;20140526;000000;78.95;83.99;78.15;79.43;435180;35488168.7
TRMK;D;20140527;000000;79.38;79.67;77.1;78.25;209950;16405590.9
TRMK;D;20140528;000000;78.87;79.28;77.83;78.94;40720;3198036.5
TRMK;D;20140529;000000;79.94;79.96;78.59;79.1;25030;1983698.8
TRMK;D;20140530;000000;78.99;79.5;77.42;79.5;140390;11110984.9
TRMK;D;20140602;000000;79.02;81.78;78.8;80.29;138920;11150479.1
TRMK;D;20140603;000000;80.15;82.38;60.16;81.89;205990;16264571
TRMK;D;20140604;000000;81.86;84.65;80.63;81.39;119810;9929394.7
TRMK;D;20140605;000000;81.01;83.22;80.05;81.4;61250;5036231.3
TRMK;D;20140606;000000;81.35;85.96;81.32;85.58;153260;12873974.7
TRMK;D;20140609;000000;85.31;87.96;84.53;87.08;128900;11140823
TRMK;D;20140610;000000;86.75;90.21;86.51;89.69;399660;35600315.1
TRMK;D;20140611;000000;89.99;91.75;87.33;87.58;68710;6114840.3
TRMK;D;20140616;000000;88.48;90.83;83.39;89.54;321260;28290588.6
TRMK;D;20140617;000000;89;90.94;86.13;87.35;137360;12147138.8
TRMK;D;20140618;000000;86.78;88;85.64;85.65;32090;2784751.7
TRMK;D;20140619;000000;86.3;87.53;84.11;84.3;87930;7491585
TRMK;D;20140620;000000;84.32;85.3;81.79;82.21;123550;10211231.8
TRMK;D;20140623;000000;78.04;84.7;78.04;83.98;92740;7727260.6
TRMK;D;20140624;000000;84.3;86.5;84.14;85.66;71900;6149026.8
TRMK;D;20140625;000000;84.92;87.39;84.92;86.56;50100;4332854.2
TRMK;D;20140626;000000;87.2;87.2;85.19;86;12110;1041848.4
TRMK;D;20140627;000000;85.68;86.91;80.71;81.89;229260;18811408.3
TRMK;D;20140630;000000;81.94;82.74;80.83;82.22;20380;1669941.1
TRMK;D;20140701;000000;82.04;82.77;81.9;82.76;52180;4294121.6
TRMK;D;20140702;000000;82.73;85;82;84.99;91960;7711690.4
TRMK;D;20140703;000000;85.49;86.3;84.69;85;16520;1411121.2
TRMK;D;20140704;000000;84.85;85.96;84.32;84.32;26420;2254214.4
TRMK;D;20140707;000000;83.88;87.11;83.88;85.5;75680;6497544.7
TRMK;D;20140708;000000;85.98;87.97;85.51;87.13;165210;14453400.9
TRMK;D;20140709;000000;87;88.48;86.1;87.96;74820;6527568.1
TRMK;D;20140710;000000;88.87;88.87;82.02;84.69;98880;8415413.9
TRMK;D;20140711;000000;84.75;85.82;82.71;83.51;16950;1424755.7
TRMK;D;20140714;000000;83.96;85.14;82.62;83.99;80800;6855035.2
TRMK;D;20140715;000000;83.6;84.76;83;83.72;25340;2130109.4
TRMK;D;20140716;000000;83.84;85.1;83.75;85.1;19480;1647510
TRMK;D;20140717;000000;84.38;84.38;81;82.5;479470;40035135.4
TRMK;D;20140718;000000;81.15;82.33;80.22;80.8;29970;2430511.9
TRMK;D;20140721;000000;80.19;83.74;79.21;82;27940;2283373.3
TRMK;D;20140722;000000;82.28;84.7;81.45;81.72;28660;2394137.1
TRMK;D;20140723;000000;81.51;82.56;80.01;82.1;27110;2202116.2
TRMK;D;20140724;000000;82.45;82.45;81.13;82.25;1190;97546.9
TRMK;D;20140725;000000;81.71;82.36;80.47;81.63;27360;2218377.4
TRMK;D;20140728;000000;81.43;82.01;80;80.01;44580;3576561.8
TRMK;D;20140729;000000;80.48;80.92;79.46;79.6;29450;2363980
TRMK;D;20140730;000000;79;83;78.97;81.19;26330;2136733
TRMK;D;20140731;000000;81.3;81.97;80.72;80.95;20210;1639207.8
TRMK;D;20140801;000000;80.13;80.95;77.47;78.78;29260;2302446.5
TRMK;D;20140804;000000;79.09;79.42;77.2;78.55;85350;6639932.3
TRMK;D;20140805;000000;77.41;79.4;76.4;78.16;379890;29662804.6
TRMK;D;20140806;000000;77.07;77.99;76.39;76.55;15970;1228075.3
TRMK;D;20140807;000000;76.3;78.17;75.34;78.17;31800;2439529.5
TRMK;D;20140808;000000;78;79.9;77.45;78.77;36750;2889242.8
TRMK;D;20140811;000000;79.02;79.72;78.52;79.48;31540;2500076.1
TRMK;D;20140812;000000;79.52;81.81;78.81;79.99;62350;4993463.8
TRMK;D;20140813;000000;79.5;81.5;79.47;80.13;56430;4548916.7
TRMK;D;20140814;000000;80.15;81.49;79.08;80.48;763880;61076207.2
TRMK;D;20140815;000000;78.06;81.48;78.06;81.47;48700;3909624
TRMK;D;20140818;000000;81.52;82.6;80.71;80.72;20090;1639949.3
TRMK;D;20140819;000000;80.99;84.49;80.99;84.02;319430;26155218.2
TRMK;D;20140820;000000;84.03;87.99;83.56;84.47;188620;15981000.8
TRMK;D;20140821;000000;84.24;87;84.11;87;658820;56320927
TRMK;D;20140822;000000;86.01;88.28;84.51;88.28;88410;7664206.7
TRMK;D;20140825;000000;88.4;88.87;87.29;87.91;17360;1526823.2
TRMK;D;20140826;000000;88;89;86.82;87.73;288060;25421097.6
TRMK;D;20140827;000000;87.89;90.89;87.58;89.97;542180;48072645
TRMK;D;20140828;000000;89.29;90.9;86.57;88.5;372260;33316725.5
TRMK;D;20140829;000000;87.42;89;85.93;88.38;142630;12545639.4
TRMK;D;20140901;000000;89.5;90.9;86.41;90;134600;11988152.8
TRMK;D;20140902;000000;89.8;90.75;88.47;90.7;56990;5129678
TRMK;D;20140903;000000;90.94;92.5;88.15;91.53;192430;17435897.9
TRMK;D;20140904;000000;90.53;92.22;90;91.5;25500;2319993.3
TRMK;D;20140905;000000;91.76;91.76;90.7;91.5;47280;4317984.9
TRMK;D;20140908;000000;91.5;93.49;90.89;92.44;84960;7844776.7
TRMK;D;20140909;000000;92.67;92.81;89.01;89.81;65240;5947444.8
TRMK;D;20140910;000000;89.03;91.2;88.6;90.39;96140;8669402.5
TRMK;D;20140911;000000;90.77;91.8;90;90.79;61050;5523566.6
TRMK;D;20140912;000000;90;91.74;90;90.64;27530;2499708.3
TRMK;D;20140915;000000;90.99;93.98;85.05;85.76;262550;22796427.6
TRMK;D;20140916;000000;86.46;89;86.18;87.97;94900;8288631.8
TRMK;D;20140917;000000;87.52;89.34;84.86;87;53680;4629715.3
TRMK;D;20140918;000000;87.99;88.88;86.32;87.6;31770;2778086.2
TRMK;D;20140919;000000;87.6;88;85.08;87.4;120410;10395412.1
TRMK;D;20140922;000000;87.59;88;86.1;86.1;31790;2767496.4
TRMK;D;20140923;000000;86.13;88.66;86;88.65;98830;8649663.3
TRMK;D;20140924;000000;88.63;90;88.4;88.4;65550;5849201.1
TRMK;D;20140925;000000;88.61;90;87.53;87.53;75960;6779263.4
TRMK;D;20140926;000000;87.97;89.49;85.55;86.25;57690;5023890.6
TRMK;D;20140929;000000;86.46;91;86.08;87.49;124190;11060976.9
TRMK;D;20140930;000000;87.84;89;86.51;88.6;45450;3985950.8
TRMK;D;20141001;000000;89.6;89.6;87.8;88.6;14570;1291771
TRMK;D;20141002;000000;88.2;89;83.7;86.3;196530;16959219
TRMK;D;20141003;000000;85.6;87;83.2;84.5;55220;4665689
TRMK;D;20141006;000000;84.9;86.1;83;84;86040;7272155
TRMK;D;20141007;000000;84.4;84.9;82.3;82.8;163200;13645273
TRMK;D;20141008;000000;82.3;83.9;81.5;81.5;83580;6897218
TRMK;D;20141009;000000;82;83.9;81.5;82.7;62570;5178683
TRMK;D;20141010;000000;82.2;82.5;79;79;37090;3003894
TRMK;D;20141013;000000;79.4;80;79.3;79.6;20940;1672836
TRMK;D;20141014;000000;79.3;79.6;78.1;78.3;33530;2640060
TRMK;D;20141015;000000;78.8;78.8;75.7;76.7;88210;6772411
TRMK;D;20141016;000000;77.4;78;74;74.1;81950;6227598
TRMK;D;20141017;000000;74.1;78.6;73.9;77.7;132450;10083882
TRMK;D;20141020;000000;78.3;79.3;76.8;77.8;31120;2420780
TRMK;D;20141021;000000;77;80;76.4;79.5;51730;4090432
TRMK;D;20141022;000000;79.3;81.2;77;78;60760;4793898
TRMK;D;20141023;000000;77.3;79.8;76.6;79.8;80180;6225741
TRMK;D;20141024;000000;80.4;81.7;79;80.1;6550;521884
TRMK;D;20141027;000000;80.4;83;79.3;82.5;62300;5104258
TRMK;D;20141028;000000;82;83;81.1;82.4;58520;4813152
TRMK;D;20141029;000000;82;85.8;81.6;83.4;217380;18026562
TRMK;D;20141030;000000;83.6;84.8;81.4;82.6;73250;6094016
TRMK;D;20141031;000000;83;84.2;82.6;83.4;20250;1684400
TRMK;D;20141103;000000;86;86;81.8;81.9;25200;2089473
TRMK;D;20141105;000000;82.4;82.8;81.2;81.9;12480;1020224
TRMK;D;20141106;000000;80.7;83;80.7;83;52850;4345391
TRMK;D;20141107;000000;82.5;82.8;76.5;81.3;510990;41037039
TRMK;D;20141110;000000;80.6;81.8;78.9;79.7;45750;3647253
TRMK;D;20141111;000000;79.3;79.8;79.2;79.8;11170;887860
TRMK;D;20141112;000000;79.8;79.8;78.7;79;13270;1050275
TRMK;D;20141113;000000;78.9;79.1;77;77.7;24710;1927365
TRMK;D;20141114;000000;77.8;77.9;75.5;76;97910;7488598
TRMK;D;20141117;000000;76.3;77.2;75.2;75.5;26350;2004560
TRMK;D;20141118;000000;75.6;76.8;73.2;76.3;442620;33405116
TRMK;D;20141119;000000;76.5;80.6;75;78;1866580;145730198
TRMK;D;20141120;000000;77.9;78.5;74.3;74.8;218730;16546485
TRMK;D;20141121;000000;74.9;75.3;71;71.9;223430;16217362
TRMK;D;20141124;000000;71.9;72.8;70;70.2;151820;10814260
TRMK;D;20141125;000000;70.4;72;69.9;71.1;73170;5207533
TRMK;D;20141126;000000;70.7;71.9;68.3;69.8;169190;11803214
TRMK;D;20141127;000000;70;70.7;65.6;66.7;469690;31563329
TRMK;D;20141128;000000;66.7;66.8;63.6;64.2;411840;26656337
TRMK;D;20141201;000000;63.5;64.7;60;61;530330;32766882
TRMK;D;20141202;000000;60.9;64.3;58.5;59.2;728980;43697456
TRMK;D;20141203;000000;59.2;61.3;58.6;59.8;266970;15967860
TRMK;D;20141204;000000;59.9;61.3;59.2;59.4;308360;18498806
TRMK;D;20141205;000000;59.4;59.8;56.3;56.8;178950;10362791
TRMK;D;20141208;000000;57;58.3;54;54;179730;10096044
TRMK;D;20141209;000000;55.1;55.2;51.1;51.2;184540;9665405
TRMK;D;20141210;000000;50.9;53.1;46.6;47.4;307980;15201788
TRMK;D;20141211;000000;47.5;48.9;40.6;43.4;502790;22385082
TRMK;D;20141212;000000;43;46.8;36.7;38.1;966640;39108079
TRMK;D;20141215;000000;38.6;40.4;36.4;38.1;401410;15657102
TRMK;D;20141216;000000;37.9;38.7;28.7;36.9;452080;15784937
TRMK;D;20141217;000000;37.7;42;34.1;37;367160;14159683
TRMK;D;20141218;000000;38;41.3;36.7;37.4;654960;25598477
TRMK;D;20141219;000000;37.6;40.8;35.6;35.6;487450;18238882
TRMK;D;20141222;000000;35.6;37.8;34.2;36.7;706910;25163270
TRMK;D;20141223;000000;35.4;38.5;34.9;35.7;392970;14301565
TRMK;D;20141224;000000;35.7;35.8;33.4;34.1;169040;5821751
TRMK;D;20141225;000000;32;35.3;32;33.8;383450;12825915
TRMK;D;20141226;000000;35.4;36.2;33.9;34.3;559160;19406758
TRMK;D;20141229;000000;34.2;35.6;34.2;35;123590;4306631
TRMK;D;20141230;000000;35.1;35.2;34.1;35;133140;4598322
TRMK;D;20150105;000000;35.4;38.2;34.7;37.5;139940;5094732
TRMK;D;20150106;000000;37.5;39.6;36.9;37.9;231830;8886729
TRMK;D;20150108;000000;38.5;39.9;37.6;38;372540;14240395
TRMK;D;20150109;000000;38;39.5;37.2;39.2;206440;7892286
TRMK;D;20150112;000000;38.5;39.9;38.2;38.4;258580;10034208
TRMK;D;20150113;000000;38.1;38.5;36.1;37.8;806460;29895916
TRMK;D;20150114;000000;37.5;39.2;37.1;38.7;216040;8256690
TRMK;D;20150115;000000;39.1;40.3;38.3;38.5;468940;18344991
TRMK;D;20150116;000000;38.5;39;37.6;38.8;173040;6657558
TRMK;D;20150119;000000;34.3;40.7;34.3;38.9;353380;13893064
TRMK;D;20150120;000000;38.6;40;38.2;38.6;391500;15208122
TRMK;D;20150121;000000;38.9;39.2;38;38.5;357290;13758791
TRMK;D;20150122;000000;38.9;39.5;38.1;39.3;321100;12548643
TRMK;D;20150123;000000;39.5;54;39.2;50.1;4218360;198592523
TRMK;D;20150126;000000;50.2;57.4;47.3;51;3699890;194066083
TRMK;D;20150127;000000;49;52;48.1;50;1249130;63023428
TRMK;D;20150128;000000;50.5;51;47.8;48;581070;28832192
TRMK;D;20150129;000000;48.3;48.3;45.2;47;951800;44551697
TRMK;D;20150130;000000;48.5;48.5;46;46.9;405170;18989410
TRMK;D;20150202;000000;48;54.7;45.2;45.3;3294480;160446958
TRMK;D;20150203;000000;45.4;46.3;43.5;44.7;1461370;64998844
TRMK;D;20150204;000000;44.7;44.8;43.1;43.7;1013950;44161968
TRMK;D;20150205;000000;43.7;43.7;42;42.8;885840;37873984
TRMK;D;20150206;000000;42.9;44.5;42.4;43.1;1651910;71382198
TRMK;D;20150209;000000;44;45.2;42.5;43.1;2375830;103822835
TRMK;D;20150210;000000;42.9;43.1;42;42.3;1160990;49322149
TRMK;D;20150211;000000;43.2;43.2;40.7;40.8;1760790;73004103
TRMK;D;20150212;000000;41;42.7;40.3;41.2;2259800;92978309
TRMK;D;20150213;000000;42;43.4;41.3;42.4;2757880;116085657
TRMK;D;20150216;000000;42.6;43.3;41.6;42.9;1253540;53065186
TRMK;D;20150217;000000;41.9;46;41.9;44.2;2767340;122635618
TRMK;D;20150218;000000;44.6;50.2;44.3;50.2;5325770;252644960
TRMK;D;20150219;000000;50.2;51;46.9;47.7;3741270;180945690
TRMK;D;20150220;000000;48;49.3;47.2;48.4;1736730;83600214
TRMK;D;20150224;000000;46.8;47.9;46.4;47.3;965340;45542026
TRMK;D;20150225;000000;47.5;47.6;45.4;45.6;1422700;66179479
TRMK;D;20150226;000000;46.1;49.5;45.9;48.4;2055600;97999533
TRMK;D;20150227;000000;48.3;50;48.1;49.3;1394940;69000171
TRMK;D;20150302;000000;49.3;54;49.2;52.8;3665060;191357013
TRMK;D;20150303;000000;50;55.4;50;54.6;3304500;180057859
TRMK;D;20150304;000000;55;57;54.1;56;2301990;127790078
TRMK;D;20150305;000000;56.5;57.1;52;54.6;1973640;108543580
TRMK;D;20150306;000000;54.6;54.9;51.1;52.3;1901130;100287228
TRMK;D;20150310;000000;46.2;51.5;46.2;48.5;1679210;83181270
TRMK;D;20150311;000000;48.1;51.8;47;51;2483980;122251164
TRMK;D;20150312;000000;51.9;52.4;50;51.8;987590;50524855
TRMK;D;20150313;000000;51.5;51.9;48.5;49.7;1104960;54918425
TRMK;D;20150316;000000;49.7;50.2;47.6;48.3;761110;37067651
TRMK;D;20150317;000000;48.5;48.9;46.4;46.8;1325580;62731982
TRMK;D;20150318;000000;47;47.4;46;47.1;621590;29185988
TRMK;D;20150319;000000;47.7;48.3;46.7;46.9;1008570;48198191
TRMK;D;20150320;000000;47.2;47.2;45;45.2;729960;33786612
TRMK;D;20150323;000000;45.4;45.9;43.6;43.7;739350;33021220
TRMK;D;20150324;000000;43.8;43.9;42.6;43.1;636020;27424478
TRMK;D;20150325;000000;43.4;45.5;42.8;43.8;1134060;50098189
TRMK;D;20150326;000000;44.1;44.6;42.7;43.3;738630;32120835
TRMK;D;20150327;000000;43.5;44.2;42.7;42.9;431310;18680959
TRMK;D;20150330;000000;42.9;43.9;42.2;43.8;315010;13655289
TRMK;D;20150331;000000;43.6;43.7;42.9;43.4;383720;16555736
TRMK;D;20150401;000000;43.2;46.3;42.8;45.2;1171680;51813111
TRMK;D;20150402;000000;45.2;46.9;45.2;46;1075790;49787374
TRMK;D;20150403;000000;46.5;46.7;45;45.6;770910;35119379
TRMK;D;20150406;000000;45.5;46.6;45.3;46.3;265700;12208386
TRMK;D;20150407;000000;46.2;47.8;44.6;46.7;1011010;47245348
TRMK;D;20150408;000000;46.9;47;45;46;462460;21286073
TRMK;D;20150409;000000;46.8;47.5;45.5;47.4;1276640;59771201
TRMK;D;20150410;000000;47.5;49.4;45.7;48.7;1241010;58897811
TRMK;D;20150413;000000;49;50.6;48;50;643320;31864045
TRMK;D;20150414;000000;50.7;50.7;48.2;48.2;675810;33305890
TRMK;D;20150415;000000;48;51;47.6;49.5;2670200;133526375
TRMK;D;20150416;000000;50;52.2;49.7;52;2405390;122701099
TRMK;D;20150417;000000;52;53.4;50.4;52;1472570;76792456
TRMK;D;20150420;000000;52.2;52.5;50.5;51.3;904780;46407828
TRMK;D;20150421;000000;51.4;52.7;50.9;52.5;601570;31283424
TRMK;D;20150422;000000;54;54;51.9;52.3;757750;40049201
TRMK;D;20150423;000000;52.3;53.5;50.2;50.9;1056960;54641811
TRMK;D;20150424;000000;50.6;51.8;49.9;51.2;628450;31923034
TRMK;D;20150427;000000;51;52;51;51.3;328320;16895048
TRMK;D;20150428;000000;51;52.1;51;51.9;494980;25612281
TRMK;D;20150429;000000;52;52.4;50.8;51.2;391980;20218290
TRMK;D;20150430;000000;51.5;51.7;50.2;51.4;298420;15228167
TRMK;D;20150505;000000;51.2;51.9;50.2;51.6;373710;19166029
TRMK;D;20150506;000000;51.7;52.1;51;51.8;376070;19436599
TRMK;D;20150507;000000;51.4;52.3;50.6;50.9;227290;11627133
TRMK;D;20150508;000000;50.7;52.9;50.5;52.6;516730;26873649
TRMK;D;20150512;000000;52.8;53.8;52.2;53.1;476070;25341043
TRMK;D;20150513;000000;53.2;53.7;52.4;52.6;358300;19045057
TRMK;D;20150514;000000;52.5;53.1;51.7;52.5;189520;9955039
TRMK;D;20150515;000000;52.7;53.5;52.2;52.9;182370;9646267
TRMK;D;20150518;000000;52;53.5;52;53.5;311900;16530029
TRMK;D;20150519;000000;53.2;53.8;51.8;52.7;503440;26500255
TRMK;D;20150520;000000;52.4;52.7;51.2;51.7;247480;12796384
TRMK;D;20150521;000000;51.8;52;50.7;52;367530;18866548
TRMK;D;20150522;000000;52;53.8;51.6;53;487580;25768640
TRMK;D;20150525;000000;53;54;51.5;52.4;300330;15744069
TRMK;D;20150526;000000;52.3;53.2;51.8;52.9;359470;18867209
TRMK;D;20150527;000000;53;53.7;52.3;53.5;305820;16208792
TRMK;D;20150528;000000;46.5;53.4;46.5;52.8;272110;14458287
TRMK;D;20150529;000000;52.9;53.4;51.4;52.6;287910;15085444
TRMK;D;20150601;000000;52.6;53.3;51.4;52.9;354960;18708769
TRMK;D;20150602;000000;52.8;52.9;52.3;52.8;134050;7050439
TRMK;D;20150603;000000;52.7;53;52;52.9;670200;35224342
TRMK;D;20150604;000000;52.6;54.8;51.8;52.1;1478760;78617450
TRMK;D;20150605;000000;52.4;53;51.5;52.6;599270;31429118
TRMK;D;20150608;000000;52.6;53.4;52.3;53.2;538950;28559617
TRMK;D;20150609;000000;53.2;53.6;52.4;53.2;133050;7032878
TRMK;D;20150610;000000;53.1;53.1;52.5;53.1;178470;9443869
TRMK;D;20150611;000000;53.3;53.3;52.5;52.9;210620;11120625
TRMK;D;20150615;000000;53;53.8;52.8;53.5;254080;13543037
TRMK;D;20150616;000000;53.6;54.4;53.4;53.8;325600;17588685
TRMK;D;20150617;000000;54.1;54.3;53.3;53.4;252550;13573894
TRMK;D;20150618;000000;53.5;55.3;52.9;54.5;670100;36356438
TRMK;D;20150619;000000;54.6;55.8;54.4;55.3;545220;29996630
TRMK;D;20150622;000000;55.4;56.9;55.3;56.4;359450;20241382
TRMK;D;20150623;000000;57;59.3;55.7;56;1164200;66425706
TRMK;D;20150624;000000;55.7;57.9;55.7;57.4;596520;34132828
TRMK;D;20150625;000000;57.3;59.4;57.2;57.2;736690;42732596
TRMK;D;20150626;000000;57.5;59.1;56.2;57.5;800790;46600316
TRMK;D;20150629;000000;57.5;59.1;57.2;57.5;360670;20932439
TRMK;D;20150630;000000;57.5;58.5;57.4;58.3;157310;9133960
TRMK;D;20150701;000000;58.2;58.4;57.5;57.6;107650;6233940
TRMK;D;20150702;000000;57.5;58.8;57.5;58;178570;10356380
TRMK;D;20150703;000000;57.8;58.2;57.2;57.5;111530;6417776
TRMK;D;20150706;000000;57.2;58;53.5;55.4;573450;31760684
TRMK;D;20150707;000000;55.1;56.9;52;53.5;635330;34649385
TRMK;D;20150708;000000;53.3;53.5;51;52.5;445200;23320060
TRMK;D;20150709;000000;52.3;54.8;52.2;54;312150;16854348
TRMK;D;20150710;000000;54.5;56.5;54.4;55.9;366420;20294637
TRMK;D;20150713;000000;55.9;58.3;55.9;58.1;608310;35065323
TRMK;D;20150714;000000;58;59;55.9;58.5;582780;33416390
TRMK;D;20150715;000000;58.2;59.5;56.8;57.9;333020;19307498
TRMK;D;20150716;000000;57.5;57.9;56.7;57;156220;8961290
TRMK;D;20150717;000000;57.2;57.8;56.2;57;174990;9965368
TRMK;D;20150720;000000;56.9;57.7;55.8;56.8;163530;9293005
TRMK;D;20150721;000000;55.7;56.7;55.1;56.2;177590;9949304
TRMK;D;20150722;000000;56.2;56.2;55;55;145070;8034073
TRMK;D;20150723;000000;54.9;56.3;54.9;55.4;154170;8543464
TRMK;D;20150724;000000;55.1;56;54;55.8;215150;11776368
TRMK;D;20150727;000000;55.2;56.2;54;54.6;179960;9851393
TRMK;D;20150728;000000;54.1;55.4;54.1;55.1;138470;7599092
TRMK;D;20150729;000000;55.6;55.6;54.1;54.7;140270;7650976
TRMK;D;20150730;000000;54.7;55.3;54.2;55;91540;5021933
TRMK;D;20150731;000000;54.3;56;54.3;55.4;113410;6275430
TRMK;D;20150803;000000;55.1;55.6;54.5;55;70350;3860247
TRMK;D;20150804;000000;54.9;55.9;54.7;55.6;121660;6734140
TRMK;D;20150805;000000;55.7;57.7;55.5;56.8;277420;15630836
TRMK;D;20150806;000000;57.3;57.3;55.4;55.9;105080;5883092
TRMK;D;20150807;000000;55.5;56.3;55.5;56.3;74380;4171619
TRMK;D;20150810;000000;56.3;56.4;55.3;55.7;211730;11804646
TRMK;D;20150811;000000;55.8;56.2;54.6;55.1;255860;14163183
TRMK;D;20150812;000000;55;55.4;54.1;54.8;200620;10985134
TRMK;D;20150813;000000;54.9;55.8;54.2;54.6;288560;15787268
TRMK;D;20150814;000000;54.7;55;54.3;54.9;224510;12270709
TRMK;D;20150817;000000;55.3;55.5;54.5;55.1;185330;10186461
TRMK;D;20150818;000000;54.8;54.8;54.3;54.6;55120;3004607
TRMK;D;20150819;000000;54.6;56;54;55.1;526900;29151077
TRMK;D;20150820;000000;54.5;55.3;54.2;55.1;208460;11379187
TRMK;D;20150821;000000;55;55.5;54.3;54.6;206280;11298951
TRMK;D;20150824;000000;53.5;54.4;51.5;52.3;505280;26713185
TRMK;D;20150825;000000;52.4;53.3;52;53.3;185380;9789608
TRMK;D;20150826;000000;53;53.3;51.5;52.1;260060;13590707
TRMK;D;20150827;000000;52.3;52.7;51.5;52.3;377500;19600557
TRMK;D;20150828;000000;52.5;54;52;53.5;525340;27752448
TRMK;D;20150831;000000;53.8;54.7;53.4;54.3;366000;19810518
TRMK;D;20150901;000000;54.2;55.5;53;53.4;430140;23288967
TRMK;D;20150902;000000;53.3;54;52.9;53.7;202380;10843323
TRMK;D;20150903;000000;53.5;54.4;53.5;54.1;192300;10382964
TRMK;D;20150904;000000;54.1;54.4;53.3;53.4;149420;8016657
TRMK;D;20150907;000000;53.1;54.1;53;53.5;81320;4352453
TRMK;D;20150908;000000;53.5;54;53;53.6;188940;10099753
TRMK;D;20150909;000000;53.7;53.8;53;53.7;187210;10002707
TRMK;D;20150910;000000;53.3;53.7;52;52.9;236570;12535391
TRMK;D;20150911;000000;52.6;53.7;52.6;53.3;175800;9377738
TRMK;D;20150914;000000;53.6;54;53;53.7;229930;12304878
TRMK;D;20150915;000000;53.3;53.7;53;53.2;136680;7272597
TRMK;D;20150916;000000;53.4;53.5;52.6;53.2;310190;16425818
TRMK;D;20150917;000000;53;53.2;52.4;52.8;187170;9880170
TRMK;D;20150918;000000;52.9;53.1;51.5;51.9;416440;21702142
TRMK;D;20150921;000000;51.9;52.6;51.8;52.3;91390;4770061
TRMK;D;20150922;000000;52.4;52.5;50.5;52;220960;11352404
TRMK;D;20150923;000000;51.9;51.9;50.5;51.1;242160;12437584
TRMK;D;20150924;000000;51.1;52.5;50.5;51.4;309190;15806810
TRMK;D;20150925;000000;51.5;52.6;51.4;52.4;197920;10273835
TRMK;D;20150928;000000;52.5;52.8;51.2;51.9;172260;8986330
TRMK;D;20150929;000000;51.4;52.4;51.3;51.5;120030;6186947
TRMK;D;20150930;000000;52.1;52.1;50.4;50.9;264950;13561735
TRMK;D;20151001;000000;51.4;51.6;50.1;50.8;194900;9872100
TRMK;D;20151002;000000;51.1;51.1;50.2;50.7;253620;12811680
TRMK;D;20151005;000000;51.2;51.4;49.7;50.2;413670;20879184
TRMK;D;20151006;000000;50.3;50.6;48.6;49.5;946300;46870737
TRMK;D;20151007;000000;49.5;50;48;48.2;857340;41734666
TRMK;D;20151008;000000;48.4;49.3;48;48.4;541470;26241076
TRMK;D;20151009;000000;48.5;49;47.6;48.9;841670;40551920
TRMK;D;20151012;000000;48.9;50.6;48.8;50.5;590610;29570144
TRMK;D;20151013;000000;50.4;51.9;50.3;51.1;444190;22760921
TRMK;D;20151014;000000;51;51.7;50.9;51.3;301180;15449347
TRMK;D;20151015;000000;51.5;52.7;51.3;52.4;789640;41184243
TRMK;D;20151016;000000;52.6;53.7;52.3;53.7;929690;49491506
TRMK;D;20151019;000000;53.8;54.6;52.2;52.5;988770;52788039
TRMK;D;20151020;000000;52.3;53.5;52.3;53.1;492150;26091276
TRMK;D;20151021;000000;53.3;53.8;52.7;53.8;967050;51466122
TRMK;D;20151022;000000;51.3;52.1;50.8;51.8;672630;34700146
TRMK;D;20151023;000000;51.6;51.9;51;51.1;239400;12278606
TRMK;D;20151026;000000;51.3;51.9;50.2;51.3;264210;13526044
TRMK;D;20151027;000000;51.5;52.9;51.2;52.9;700310;36528156
TRMK;D;20151028;000000;52.8;53;52.4;52.6;291510;15311276
TRMK;D;20151029;000000;52.8;53;52.3;52.9;256170;13473948
TRMK;D;20151030;000000;52.7;53.7;52.6;53.4;465680;24786432
TRMK;D;20151102;000000;53.3;54.1;52.6;53.55;382270;20490255.5
TRMK;D;20151103;000000;53.75;54.4;52.8;52.85;276090;14710872.5
TRMK;D;20151105;000000;53.05;53.4;52.55;53.2;242990;12838266.5
TRMK;D;20151106;000000;53.3;53.3;52.5;52.95;90890;4784966.5
TRMK;D;20151109;000000;52.4;53;51.6;52.1;149520;7808160
TRMK;D;20151110;000000;52;52.35;51.35;52.2;101310;5256932
TRMK;D;20151111;000000;51.8;52.9;51.45;52.8;137310;7181448
TRMK;D;20151112;000000;52.7;52.9;52;52.1;134140;7018656
TRMK;D;20151113;000000;51.9;52.2;50.8;50.8;184850;9533099
TRMK;D;20151116;000000;50.55;51.55;50.3;50.55;143240;7287143.5
TRMK;D;20151117;000000;50.6;55.6;50.6;51.35;178550;9268282.5
TRMK;D;20151118;000000;51.3;52.65;51.3;52;290420;15078907.5
TRMK;D;20151119;000000;52.05;52.95;51.2;51.55;243460;12631881
TRMK;D;20151120;000000;51.75;51.8;50.85;51.45;111950;5743614
TRMK;D;20151123;000000;51.55;51.9;51.1;51.8;97920;5046673.5
TRMK;D;20151124;000000;51.8;52.7;49;50;652840;32903209.5
TRMK;D;20151125;000000;49.9;51;49.9;50.35;192320;9672800
TRMK;D;20151126;000000;50.3;50.75;50.15;50.35;84240;4254567
TRMK;D;20151127;000000;50.25;50.85;49.8;50.45;164640;8282178
TRMK;D;20151130;000000;50.45;50.6;49.6;50.05;310040;15513826.5
TRMK;D;20151201;000000;50.25;50.7;49.35;49.95;115180;5725600.5
TRMK;D;20151202;000000;50.1;50.6;49.3;50.2;98340;4893041
TRMK;D;20151203;000000;50;50;49.05;49.3;141720;6993467.5
TRMK;D;20151204;000000;49.3;50;49.25;50;153040;7581920
TRMK;D;20151207;000000;49.8;50.4;49.55;50;146010;7308443.5
TRMK;D;20151208;000000;49.95;50.35;49.6;50;102060;5096105
TRMK;D;20151209;000000;50.15;50.65;49.05;50.35;267380;13336434.5
TRMK;D;20151210;000000;50.2;50.6;49.65;50.4;47310;2373375.5
TRMK;D;20151211;000000;50.45;51.4;49.7;50.95;246010;12491295
TRMK;D;20151214;000000;50.75;51;50.25;50.35;109020;5510713
TRMK;D;20151215;000000;50.3;50.6;49.95;50.35;57560;2891543
TRMK;D;20151216;000000;50.6;55;49.75;55;1912580;101333767.5
TRMK;D;20151217;000000;55.1;59;54.7;58.7;2178620;123278662
TRMK;D;20151218;000000;58.5;64;56;64;2418720;146197307
TRMK;D;20151221;000000;64;65.9;62.05;65.9;1398940;88986340.5
TRMK;D;20151222;000000;66.1;67.2;60.7;62.85;1033430;65124379.5
TRMK;D;20151223;000000;62.2;62.6;60;62.4;650170;40026904.5
TRMK;D;20151224;000000;62.7;66.5;60.7;66.5;1734170;111339847
TRMK;D;20151225;000000;66.7;69.5;63.45;63.55;2805620;189527618.5
TRMK;D;20151228;000000;64.15;64.45;61.3;61.5;467640;29162613
TRMK;D;20151229;000000;61.6;62;60.5;61.8;112610;6877875
TRMK;D;20151230;000000;61.85;61.95;60.4;60.55;160570;9748347.5
TRMK;D;20160104;000000;60.5;60.85;58.85;59.85;63770;3797244
TRMK;D;20160105;000000;60.25;60.5;58.6;59;123810;7345669
TRMK;D;20160106;000000;59.1;61.6;59.05;60;111710;6734707.5
TRMK;D;20160111;000000;58.45;58.5;56.5;57.6;204480;11809637.5
TRMK;D;20160112;000000;57.55;60;55.55;57.85;134120;7689170
TRMK;D;20160113;000000;58;58.6;55.5;56.2;231910;13136420
TRMK;D;20160114;000000;55.65;56.3;54.35;55.25;223270;12313593.5
TRMK;D;20160115;000000;54.35;55.4;51.3;52.15;457900;24115195.5
TRMK;D;20160118;000000;52;53;50;52.75;152110;7823225
TRMK;D;20160119;000000;52.9;53.5;52.55;52.6;116380;6176453
TRMK;D;20160120;000000;52.4;52.4;50.8;51.7;53980;2773680.5
TRMK;D;20160121;000000;52;52.85;50.8;52.65;339360;17496539
TRMK;D;20160122;000000;53;54.5;51.6;53.7;214160;11395832
TRMK;D;20160125;000000;54.05;54.85;52.8;53;104160;5583173
TRMK;D;20160126;000000;52.35;52.8;51.85;52.75;104890;5488867
TRMK;D;20160127;000000;52.25;53.85;52.25;53.3;167920;8941793
TRMK;D;20160128;000000;53.8;55.7;52.8;54.35;423330;22997932.5
TRMK;D;20160129;000000;54;54.8;52.5;52.9;389020;20728393
TRMK;D;20160201;000000;53.3;53.6;52.15;53;114750;6082047.5
TRMK;D;20160202;000000;53.1;54;52.85;53.3;209890;11219537
TRMK;D;20160203;000000;53.9;53.9;52.25;52.65;267660;14175854
TRMK;D;20160204;000000;53;53.4;51;52;645330;33608612
TRMK;D;20160205;000000;52.45;52.5;51.9;52;154450;8043411
TRMK;D;20160208;000000;52;52.5;51.7;52.05;95080;4952899
TRMK;D;20160209;000000;51.75;52.15;50.85;51.55;128500;6621270.5
TRMK;D;20160210;000000;51.7;51.8;51.2;51.8;49110;2537309.5
TRMK;D;20160211;000000;51.55;51.8;51;51.45;101270;5192340
TRMK;D;20160212;000000;51.4;52.2;50.95;51.35;241950;12415312
TRMK;D;20160215;000000;51.6;51.7;50.85;51.15;186530;9547433
TRMK;D;20160216;000000;51.15;51.75;51;51.1;341670;17492546
TRMK;D;20160217;000000;51.3;51.9;51.1;51.2;200780;10294422
TRMK;D;20160218;000000;51.25;52.7;51.15;52.65;456560;23698179
TRMK;D;20160219;000000;52.4;52.65;51.75;51.95;49390;2576037
TRMK;D;20160220;000000;52.7;52.7;51.9;52;17910;932756
TRMK;D;20160222;000000;52.55;53;52;52.6;206970;10876159
TRMK;D;20160224;000000;52.1;52.45;51.45;52.3;140150;7274837
TRMK;D;20160225;000000;52.25;52.5;51.5;52;111420;5785479.5
TRMK;D;20160226;000000;51.9;52.65;51.85;52.05;162900;8503986
TRMK;D;20160229;000000;52.05;52.35;51.95;52.2;87850;4575208.5
TRMK;D;20160301;000000;52.25;52.5;51.85;52.1;175960;9167709
TRMK;D;20160302;000000;52;52.25;51.9;52.05;70520;3672030
TRMK;D;20160303;000000;51.9;52.7;51.9;52.35;281820;14768767
TRMK;D;20160304;000000;52.3;53.8;52.1;52.15;611400;32384592.5
TRMK;D;20160307;000000;52.4;52.7;52.3;52.6;54850;2879542
TRMK;D;20160309;000000;52.4;52.7;52.05;52.35;170230;8901656.5
TRMK;D;20160310;000000;52.3;52.65;52.15;52.6;79560;4173879
TRMK;D;20160311;000000;52.9;54.75;52.6;54.7;688080;37188191.5
TRMK;D;20160314;000000;54.8;56.9;54.8;56.15;1118000;62929036
TRMK;D;20160315;000000;56.15;56.15;54.4;55.3;354740;19554181.5
TRMK;D;20160316;000000;55.85;55.85;54.65;54.95;356570;19668048.5
TRMK;D;20160317;000000;54.95;55.5;53.9;54.3;286000;15616305.5
TRMK;D;20160318;000000;54.6;55;53.05;53.1;321430;17283441
TRMK;D;20160321;000000;53.3;53.8;52.15;52.65;249220;13183545
TRMK;D;20160322;000000;52.5;52.95;52.1;52.3;220460;11552694.5
TRMK;D;20160323;000000;52.6;53.45;52.25;52.7;194350;10253589.5
TRMK;D;20160324;000000;52.6;53;51.75;52.3;230170;12013451
TRMK;D;20160325;000000;52.4;52.6;52;52.4;51170;2678315
TRMK;D;20160328;000000;52.65;52.85;52.25;52.5;57790;3036355
TRMK;D;20160329;000000;52.55;52.65;51.35;52.05;240820;12486229.5
TRMK;D;20160330;000000;52.1;55.35;51.65;52.5;736060;39193556.5
TRMK;D;20160331;000000;52.55;52.65;51.35;51.5;317820;16452370
TRMK;D;20160401;000000;51.6;51.7;51.1;51.4;189940;9756764.5
TRMK;D;20160404;000000;51.6;51.7;50.65;51.1;226250;11558099.5
TRMK;D;20160405;000000;51.1;51.3;50.65;50.9;113830;5791696.5
TRMK;D;20160406;000000;51.25;51.65;50.05;51.65;212450;10822710
TRMK;D;20160407;000000;51.9;51.95;50.7;51.35;192630;9857946
TRMK;D;20160408;000000;51.6;51.65;51;51.2;63910;3273199
TRMK;D;20160411;000000;51.2;51.45;50.55;50.85;187170;9533609.5
TRMK;D;20160412;000000;50.95;50.95;50.35;50.6;613130;31030577
TRMK;D;20160413;000000;50.75;51.85;50.65;51;538720;27509486.5
TRMK;D;20160414;000000;51;51.8;50.75;50.95;197370;10089658.5
TRMK;D;20160415;000000;51.15;51.45;50.75;51.15;149960;7666514
TRMK;D;20160418;000000;50.7;51.3;50.55;50.9;92210;4691820
TRMK;D;20160419;000000;51;51;50;50.1;1034280;52017036
TRMK;D;20160420;000000;50.45;50.8;49.65;50.5;464760;23387729.5
TRMK;D;20160421;000000;50.8;50.85;50.1;50.2;278850;14041097.5
TRMK;D;20160422;000000;50.7;50.7;50.05;50.2;96750;4858945.5
TRMK;D;20160425;000000;50.2;50.4;49.85;49.9;192740;9650954
TRMK;D;20160426;000000;49.5;49.95;49.15;49.6;220080;10906987
TRMK;D;20160427;000000;49.6;49.65;48.55;49;243830;11937627
TRMK;D;20160428;000000;49.4;49.4;48.75;48.9;76020;3722745.5
TRMK;D;20160429;000000;48.95;49.95;47.9;49.95;1273590;62162131.5
TRMK;D;20160504;000000;49.85;50.05;48.25;49.2;209870;10328080
TRMK;D;20160505;000000;49.65;49.65;48.6;48.75;80090;3919018.5
TRMK;D;20160506;000000;48.85;48.85;47.8;48.15;163040;7880738.5
TRMK;D;20160510;000000;48.45;49.15;47.85;48.75;140250;6780428
TRMK;D;20160511;000000;48.75;49.15;48.05;48.1;155440;7511807
TRMK;D;20160512;000000;48.45;49.2;47.4;47.8;428700;20493176.5
TRMK;D;20160513;000000;47.35;48;47.3;47.5;243750;11625934.5
TRMK;D;20160516;000000;47.8;49.6;47.8;49.1;402340;19662230
TRMK;D;20160517;000000;49.5;49.5;48.5;48.6;71430;3482555
TRMK;D;20160518;000000;49;49.2;48.5;48.8;80820;3958419
TRMK;D;20160519;000000;49.1;49.1;48.2;48.4;124660;6053002.5
TRMK;D;20160520;000000;48.2;48.5;47.5;48.1;293620;14070190.5
TRMK;D;20160523;000000;48.45;49.2;48;48.6;234550;11429590.5
TRMK;D;20160524;000000;48.55;49.7;48.5;48.75;613400;30171319
TRMK;D;20160525;000000;48.95;50.2;48.8;49.05;524320;25838174.5
TRMK;D;20160526;000000;49;49.25;48.2;48.45;119670;5837266
TRMK;D;20160527;000000;48.45;48.8;48.3;48.55;69910;3398207
TRMK;D;20160530;000000;48.7;49.05;48.65;48.75;23290;1136201.5
TRMK;D;20160531;000000;48.85;49.2;47.6;47.8;140500;6803073
TRMK;D;20160601;000000;47.8;48.4;47.8;48.4;43480;2091372.5
TRMK;D;20160602;000000;48.15;48.7;47.3;47.45;232040;11058841.5
TRMK;D;20160603;000000;47.75;47.9;47.15;47.4;70940;3367243
TRMK;D;20160606;000000;47.5;48.45;47.4;47.65;118240;5658215
TRMK;D;20160607;000000;47.55;47.85;47.35;47.8;86600;4125982
TRMK;D;20160608;000000;47.85;48.1;47.5;47.7;157620;7520171.5
TRMK;D;20160609;000000;47.7;47.7;47.35;47.45;78450;3731805.5
TRMK;D;20160610;000000;47.3;47.5;46.6;46.85;153390;7206087.5
TRMK;D;20160614;000000;47;47.5;46.7;47.25;62030;2923978.5
TRMK;D;20160615;000000;47.1;47.3;46.6;47.2;58640;2753377.5
TRMK;D;20160616;000000;46.95;47.2;46.8;47.2;30440;1428711.5
TRMK;D;20160617;000000;47.05;48.1;46.9;47.1;142920;6788244
TRMK;D;20160620;000000;47.15;47.65;47;47.25;53620;2531927
TRMK;D;20160621;000000;47;47.15;46.5;46.75;67380;3158955.5
TRMK;D;20160622;000000;46.75;46.95;46.55;46.75;38840;1814781.5
TRMK;D;20160623;000000;47.1;47.1;46.1;46.5;131050;6095195
TRMK;D;20160624;000000;45.8;46.45;45.15;45.6;121620;5572551.5
TRMK;D;20160627;000000;45.6;46;44.95;45.05;162000;7335462
TRMK;D;20160628;000000;45.35;45.75;45.05;45.3;70190;3174933.5
TRMK;D;20160629;000000;45.25;46;44.7;45;160140;7236550.5
TRMK;D;20160630;000000;45.05;45.3;44.55;44.85;133200;5974554
TRMK;D;20160701;000000;45.05;45.05;44.6;44.9;48190;2160383.5
TRMK;D;20160704;000000;44.9;47.7;44.7;47.5;382640;17915066
TRMK;D;20160705;000000;47.3;47.65;46.8;47.15;121530;5740030
TRMK;D;20160706;000000;47.1;47.2;46.3;47.2;133900;6237479
TRMK;D;20160707;000000;46.95;47.5;46.4;46.7;120610;5640393.5
TRMK;D;20160708;000000;46.35;47.15;45.75;46.85;139920;6494233.5
TRMK;D;20160711;000000;46.65;46.75;46.2;46.6;44650;2077560.5
TRMK;D;20160712;000000;46.4;46.85;46.25;46.65;43970;2050981.5
TRMK;D;20160713;000000;46.55;46.95;45.8;46.05;87720;4052494.5
TRMK;D;20160714;000000;46.05;46.25;45.1;46.25;161460;7381125.5
TRMK;D;20160715;000000;46.9;48.4;46.1;47.3;425640;20106676
TRMK;D;20160718;000000;46.9;47.3;46.2;46.3;163400;7596241
TRMK;D;20160719;000000;46.6;46.6;45.75;46;78390;3618478
TRMK;D;20160720;000000;46;46.35;45.6;46.1;42610;1959064
TRMK;D;20160721;000000;46.2;46.65;45.95;46.65;59860;2775522
TRMK;D;20160722;000000;46.45;47.45;45.7;47;183820;8554656.5
TRMK;D;20160725;000000;46.95;47.9;46.95;47.15;132050;6248210.5
TRMK;D;20160726;000000;47.35;48.3;47.3;47.95;284010;13577186.5
TRMK;D;20160727;000000;48;48;47;47.3;172300;8173871.5
TRMK;D;20160728;000000;47.7;47.7;46.75;47.1;201670;9520230.5
TRMK;D;20160729;000000;47.1;48.95;46.85;48.45;403160;19428551.5
TRMK;D;20160801;000000;50;50;46.3;46.8;732860;34583690
TRMK;D;20160802;000000;47.1;47.1;45;45.25;486960;22241099.5
TRMK;D;20160803;000000;45.45;45.85;44.85;45.4;357140;16153770.5
TRMK;D;20160804;000000;45.45;45.6;44.55;45.1;645010;28994856
TRMK;D;20160805;000000;45;45;44.1;44.2;867780;38546271
TRMK;D;20160808;000000;44.45;45.05;44;44.7;526630;23435672.5
TRMK;D;20160809;000000;44.8;45.3;44.1;44.35;694260;31024424.5
TRMK;D;20160810;000000;44.35;44.7;43.65;44.15;800830;35308686
TRMK;D;20160811;000000;44.1;44.4;43.6;44.05;538640;23715610.5
TRMK;D;20160812;000000;44.2;44.6;43.5;44.2;1086840;47949508
TRMK;D;20160815;000000;44.5;44.5;43.6;44.15;647460;28429303
TRMK;D;20160816;000000;44.1;45.65;43.6;45.5;1061810;47375387
TRMK;D;20160817;000000;45.45;45.5;44.1;44.25;1001560;44725313.5
TRMK;D;20160818;000000;44.5;50;44.4;50;2792480;132798616.5
TRMK;D;20160819;000000;50.3;51.95;49.2;50.25;2650530;133033625.5
TRMK;D;20160822;000000;49.95;51.55;48.4;51.35;1413410;71703240
TRMK;D;20160823;000000;51.3;52.3;50.4;51.35;1004060;51879345.5
TRMK;D;20160824;000000;51.15;51.6;49.9;51;338550;17178847
TRMK;D;20160825;000000;50.9;53.6;50.25;53.45;1121710;59099234.5
TRMK;D;20160826;000000;53.4;54.75;52.65;53.9;1255160;67689129
TRMK;D;20160829;000000;54;54;53.3;53.5;108110;5794036.5
TRMK;D;20160830;000000;54;54.2;51;53.55;373940;19843289.5
TRMK;D;20160831;000000;53.65;56;53.55;55.8;1310160;72143139.5
TRMK;D;20160901;000000;54;55.5;54;54.95;310520;17040020.5
TRMK;D;20160902;000000;54.55;55.3;54.3;55.25;316720;17418001.5
TRMK;D;20160905;000000;55.7;55.7;54;54.9;237780;12979327.5
TRMK;D;20160906;000000;55;55.25;53.8;53.85;360150;19451546
TRMK;D;20160907;000000;53.7;54.9;52.05;54.9;494530;26690674.5
TRMK;D;20160908;000000;54.4;55.1;53.8;54.5;566840;30773184.5
TRMK;D;20160909;000000;54.5;54.85;53.9;54.5;363140;19764983
TRMK;D;20160912;000000;53.5;54.9;53.5;54.5;378600;20500148
TRMK;D;20160913;000000;54.55;55.2;54.25;54.6;226360;12371105
TRMK;D;20160914;000000;54.8;58.75;54.45;58.7;1507250;85432275.5
TRMK;D;20160915;000000;58.7;59.5;57.5;57.9;1338330;77750744
TRMK;D;20160916;000000;57.8;60.6;57.7;59.6;2184260;130350205.5
TRMK;D;20160919;000000;60.45;62.25;59.6;61.85;1400790;86072710
TRMK;D;20160920;000000;61.8;63.4;61;61.5;1143920;71015736.5
TRMK;D;20160921;000000;61.65;62.65;60.8;62.65;465220;28608057.5
TRMK;D;20160922;000000;62.65;62.8;61.2;62;793430;49131968.5
TRMK;D;20160923;000000;62.6;62.6;61.35;61.75;500250;30931293
TRMK;D;20160926;000000;61.65;62.45;61.5;61.85;125630;7749998.5
TRMK;D;20160927;000000;61.55;62.45;61.2;61.35;237070;14582411.5
TRMK;D;20160928;000000;61.45;62.3;56.65;61.95;697890;42345830
TRMK;D;20160929;000000;62.7;63.25;61.85;62;159230;9961431.5
TRMK;D;20160930;000000;62.4;62.45;61.1;61.55;205580;12620438
TRMK;D;20161003;000000;62.3;62.3;61.25;61.7;213550;13153990.5
TRMK;D;20161004;000000;61.75;62.5;61.75;62;270970;16826713.5
TRMK;D;20161005;000000;62.05;62.2;61.15;61.5;366920;22619699
TRMK;D;20161006;000000;61.9;61.9;61.35;61.55;449190;27630311
TRMK;D;20161007;000000;60.05;61.3;59.45;60.9;488350;29672288
TRMK;D;20161010;000000;60.9;61.35;59.6;60.95;328300;19897900
TRMK;D;20161011;000000;61;62.7;60.95;61.55;260080;16116488.5
TRMK;D;20161012;000000;61.7;61.85;60.6;61;135370;8260620.5
TRMK;D;20161013;000000;60.5;61.3;59.3;59.4;326760;19824254.5
TRMK;D;20161014;000000;60.3;60.35;58;59.75;192510;11489502.5
TRMK;D;20161017;000000;60.75;62.35;59.35;61.7;293550;17803753.5
TRMK;D;20161018;000000;61.75;62.3;61.5;62.25;281470;17427037
TRMK;D;20161019;000000;62;64.7;62;63.2;1068120;68092600.5
TRMK;D;20161020;000000;63.2;63.8;61.2;61.6;234560;14764163
TRMK;D;20161021;000000;61.6;63.65;61.5;63.55;477370;29908821
TRMK;D;20161024;000000;62.8;64.5;62.8;64.45;413920;26527653.5
TRMK;D;20161025;000000;65;65;64.05;64.45;136370;8784119.5
TRMK;D;20161026;000000;64.4;66.55;64.2;66.25;468180;30756702
TRMK;D;20161027;000000;66.25;67;66.1;66.45;454240;30269879
TRMK;D;20161028;000000;66.15;66.7;65.25;66.7;303870;20127511.5
TRMK;D;20161031;000000;66.25;68.9;66;68.9;363080;24411022
TRMK;D;20161101;000000;68.9;68.95;67.5;67.8;387460;26298854
TRMK;D;20161102;000000;67.55;67.85;67;67.25;149050;10031018.5
TRMK;D;20161103;000000;67.25;68.25;65.55;67.7;265170;17849191.5
TRMK;D;20161107;000000;68.15;68.2;67.25;67.5;87830;5929648.5
TRMK;D;20161108;000000;67.95;68.25;66.9;67.45;182150;12281205
TRMK;D;20161109;000000;67.4;68.35;65.95;67.8;162370;10957823.5
TRMK;D;20161110;000000;67.1;69.7;67.1;69.2;607470;41771127
TRMK;D;20161111;000000;69.4;69.8;68.6;69.6;300210;20804461.5
TRMK;D;20161114;000000;69.8;70.8;69.1;70;648040;45205684.5
TRMK;D;20161115;000000;70.1;71.1;69.85;70.95;170590;12014485.5
TRMK;D;20161116;000000;71;72.25;69.7;70.35;329220;23317949.5
TRMK;D;20161117;000000;70.35;70.95;67.45;68.75;209110;14522931
TRMK;D;20161118;000000;69.05;69.7;68.2;69.05;189090;13069639
TRMK;D;20161121;000000;69;70.35;69;70.25;262530;18324786
TRMK;D;20161122;000000;70.5;71.45;70.1;71;974720;69181217
TRMK;D;20161123;000000;71.05;73;71.05;73;392190;28350259.5
TRMK;D;20161124;000000;73;73.85;72.85;73.3;123050;9023676
TRMK;D;20161125;000000;73.85;73.85;69;72.9;187430;13534454
TRMK;D;20161128;000000;73.4;73.5;72.2;72.35;73960;5386560
TRMK;D;20161129;000000;72.75;73.85;71;73.8;241790;17560720
TRMK;D;20161130;000000;73.8;75.55;73.5;73.9;853740;63700697.5
TRMK;D;20161201;000000;74;76.5;73.7;76.3;941890;70940314
TRMK;D;20161202;000000;76.3;77.4;74.3;76.9;227940;17298854
TRMK;D;20161205;000000;77.2;77.95;76.45;77;65310;5027165
TRMK;D;20161206;000000;76.25;78.1;74.7;78.1;129540;10013862.5
TRMK;D;20161207;000000;78.15;79.5;77.65;79.15;651840;51587732.5
TRMK;D;20161208;000000;79.25;80;78.7;80;683990;54527059.5
TRMK;D;20161209;000000;79.85;80;79.75;79.8;406020;32452405.5
TRMK;D;20161212;000000;80;81;79.15;81;382260;30580352.5
TRMK;D;20161213;000000;80.55;80.55;79.25;80.05;281160;22470113.5
TRMK;D;20161214;000000;80.05;81;80;81;418600;33800275
TRMK;D;20161215;000000;80.75;82;80.4;82;2023940;164208790
TRMK;D;20161216;000000;81.9;82.9;79.95;79.95;531910;43531604.5
TRMK;D;20161219;000000;81;81.85;80;80.4;258610;20934369.5
TRMK;D;20161220;000000;80.15;81.25;77.7;80.55;250640;20038175
TRMK;D;20161221;000000;80.5;81.15;79;79.9;147390;11876826
TRMK;D;20161222;000000;79.8;80.3;79;79.9;679010;54235469.5
TRMK;D;20161223;000000;79.3;80.5;78;78.45;501030;39959364
TRMK;D;20161226;000000;77.75;79;76.05;78.9;679840;52833067.5
TRMK;D;20161227;000000;78.9;79;78.4;78.75;377310;29738451
TRMK;D;20161228;000000;73.15;79.95;73.15;78.05;1324540;104277622
TRMK;D;20161229;000000;77.65;78.35;77.25;77.25;397550;31004012.5
TRMK;D;20161230;000000;78;79;74;79;407460;31719474.5
TRMK;D;20170103;000000;78.35;82;78.1;79.5;619430;49460621
TRMK;D;20170104;000000;79.5;81.8;79.05;79.45;353380;28358477.5
TRMK;D;20170105;000000;79.45;79.95;78;78;113410;8958901
TRMK;D;20170106;000000;78.5;79.5;78.45;78.95;202540;15985780.5
TRMK;D;20170109;000000;79.85;80;78.7;79.1;46800;3709827
TRMK;D;20170110;000000;78.55;79.5;77.95;79;1568320;123812832
TRMK;D;20170111;000000;79.1;79.65;78.6;79.15;267730;21149588
TRMK;D;20170112;000000;79.05;79.9;78.6;78.8;604580;47753951
TRMK;D;20170113;000000;79.6;80;79.25;79.45;406070;32391672
TRMK;D;20170116;000000;80;80.45;79.3;79.95;244370;19508821
TRMK;D;20170117;000000;80;80.1;79.05;79.95;194070;15470714
TRMK;D;20170118;000000;79.95;80;79.2;79.35;300140;23945217.5
TRMK;D;20170119;000000;79.85;80.8;79.7;80.8;271720;21744388.5
TRMK;D;20170120;000000;81;81.95;79.75;80.5;639620;51333969
TRMK;D;20170123;000000;80.1;81.75;79.95;81.5;525810;42462719
TRMK;D;20170124;000000;81.5;82.3;81.15;82.3;518390;42337492.5
TRMK;D;20170125;000000;82.5;82.8;81.4;82;461120;37845762.5
TRMK;D;20170126;000000;82.25;84.35;82.25;84.25;1047190;87323619
TRMK;D;20170127;000000;84.25;85;83.1;83.8;711310;59599004.5
TRMK;D;20170130;000000;84.75;84.75;81.65;82.9;1282780;106082479.5
TRMK;D;20170131;000000;82.9;83.05;80.1;82.95;1999600;162126973
TRMK;D;20170201;000000;80.25;80.25;77.4;78.3;1760270;137923889
TRMK;D;20170202;000000;78.7;81.05;78.2;78.8;2179040;173951125.5
TRMK;D;20170203;000000;79.55;79.75;75.55;76.4;6938060;529211529.5
TRMK;D;20170206;000000;76.7;77.85;76.7;77;3377250;260448601.5
TRMK;D;20170207;000000;77.75;77.75;75.65;77.1;2375440;181519132
TRMK;D;20170208;000000;77.3;77.5;76.7;77.5;1498990;115521958.5
TRMK;D;20170209;000000;77.6;78.25;76.35;77.95;742680;57423341
TRMK;D;20170210;000000;77.5;78.2;76.55;76.55;1189780;92136717.5
TRMK;D;20170213;000000;77.7;77.75;76.05;76.45;658760;50583234
TRMK;D;20170214;000000;76.05;77;76.05;76.95;430340;32989161
TRMK;D;20170215;000000;76.9;78.05;75.65;77.55;1016740;78564873.5
TRMK;D;20170216;000000;77.9;77.9;76.9;77.35;184810;14289326.5
TRMK;D;20170217;000000;77.2;77.45;76.05;77;977480;75217533
TRMK;D;20170220;000000;77;77.25;76.75;77.2;375020;28894574.5
TRMK;D;20170221;000000;76.85;78.8;76.55;78.5;1222890;95349220
TRMK;D;20170222;000000;77.75;79.6;76.8;76.85;783380;60807604.5
TRMK;D;20170224;000000;77.4;78.35;77;77.95;722370;56199175.5
TRMK;D;20170227;000000;77.95;77.95;76.6;76.95;4064710;313054842
TRMK;D;20170228;000000;76.75;76.75;73.2;75.6;1870370;141819054
TRMK;D;20170301;000000;76.4;76.55;74;75.55;680440;51500577
TRMK;D;20170302;000000;76.5;76.85;72.5;73.7;1151460;85066575.5
TRMK;D;20170303;000000;73.7;76.5;72.9;75.5;724410;53947244
TRMK;D;20170306;000000;75.5;76;74.2;74.5;182600;13723980
TRMK;D;20170307;000000;74.9;74.9;73;74;357870;26373857
TRMK;D;20170309;000000;73;74.8;72.5;74.8;1591320;116410248.5
TRMK;D;20170310;000000;74.8;74.8;72.05;73;527460;38445753
TRMK;D;20170313;000000;72.95;74.45;72.5;73.9;249900;18436992
TRMK;D;20170314;000000;74.35;74.8;73.5;74.25;382790;28446073.5
TRMK;D;20170315;000000;74.5;75;74.1;74.7;149290;11172558.5
TRMK;D;20170316;000000;74.7;75;73.05;74;334520;24826802.5
TRMK;D;20170317;000000;73.8;76.95;73.25;73.25;2211680;166558995.5
TRMK;D;20170320;000000;74;74.55;73.6;74.1;258330;19155983
TRMK;D;20170321;000000;75;76.25;74;75.8;490050;36909968
TRMK;D;20170322;000000;75.95;76.15;74.2;75.75;1028950;77895086.5
TRMK;D;20170323;000000;75.7;76;75;75.3;362000;27289344
TRMK;D;20170324;000000;75.05;76.05;75.05;75.25;501920;37876156.5
TRMK;D;20170327;000000;75.2;76;72.6;72.6;1198370;90043882
TRMK;D;20170328;000000;73.45;75.5;73.05;75;406620;30496070
TRMK;D;20170329;000000;75.85;75.9;74.8;74.8;367790;27728392
TRMK;D;20170330;000000;74.4;75.15;74.15;74.95;167260;12530529
TRMK;D;20170331;000000;74.6;74.6;73.5;73.5;41250;3054394.5
TRMK;D;20170403;000000;73.5;74.75;73.45;74.15;59510;4419845
TRMK;D;20170404;000000;74.55;75.65;74;74.05;419070;31416655
TRMK;D;20170405;000000;75;75.35;74.7;75;1253740;94061043
TRMK;D;20170406;000000;74.8;76.45;74.8;76;3276830;248439815.5
TRMK;D;20170407;000000;75.4;75.95;74.65;75.75;465700;35117460
TRMK;D;20170410;000000;75.9;75.95;72.85;73;512340;37805216.5
TRMK;D;20170411;000000;72.9;74.7;72.85;73.95;769910;56963500.5
TRMK;D;20170412;000000;73.95;74.45;73.1;73.7;295540;21760506.5
TRMK;D;20170413;000000;73.55;74.05;72.95;73.6;313110;23020215.5
TRMK;D;20170414;000000;73.35;73.5;73;73;42380;3101308.5
TRMK;D;20170417;000000;72.95;73.65;72.8;73.3;52040;3809664
TRMK;D;20170418;000000;73.9;73.9;71.15;71.7;896830;65070160.5
TRMK;D;20170419;000000;71.7;73;71.5;71.85;335990;24371432.5
TRMK;D;20170420;000000;71.8;73.45;71.5;71.5;239810;17412362
TRMK;D;20170421;000000;71.8;73.3;71.8;72.55;474950;34625756
TRMK;D;20170424;000000;72.65;74.5;72.65;74.5;139240;10275483.5
TRMK;D;20170425;000000;74.2;75.3;73.5;74.75;219760;16310794
TRMK;D;20170426;000000;75;75.75;74.25;74.6;1121780;84164394.5
TRMK;D;20170427;000000;75.55;75.55;73;75.1;329390;24681128.5
TRMK;D;20170428;000000;73.8;75.3;73.45;73.5;588820;43816363
TRMK;D;20170502;000000;74.39;75.2;73.92;74;105160;7839688.9
TRMK;D;20170503;000000;74.24;75.42;73.36;74.7;255710;19082245.9
TRMK;D;20170504;000000;75.1;76.24;74.88;76.12;791930;60035902.7
TRMK;D;20170505;000000;75.54;78.5;75.1;75.83;1914550;146030192.5
TRMK;D;20170510;000000;76.11;76.35;75.42;75.75;517260;39209117.2
TRMK;D;20170511;000000;75.75;76;75.5;76;470520;35587500.3
TRMK;D;20170512;000000;75.68;76.15;74.57;75.26;415830;31295071.6
TRMK;D;20170515;000000;75.26;75.64;74.78;74.87;152410;11445319
TRMK;D;20170516;000000;75.15;75.6;74.87;75.01;890350;66853659.1
TRMK;D;20170517;000000;75.05;75.37;74.27;74.27;1545780;116111711.7
TRMK;D;20170518;000000;74.5;76;74.48;74.8;3705550;279577705.2
TRMK;D;20170519;000000;74.6;76.87;74.6;75.08;1086400;81742856.2
TRMK;D;20170522;000000;75.51;75.65;74.74;75.6;263100;19805138.1
TRMK;D;20170523;000000;75.68;78.49;75.56;78.1;1211420;93830000.1
TRMK;D;20170524;000000;78.19;79.4;78.1;78.15;931670;73432275.2
TRMK;D;20170525;000000;78.56;81.55;78.54;81.1;746730;60097257.1
TRMK;D;20170526;000000;81.19;84;81.1;83.98;804260;66448592.8
TRMK;D;20170529;000000;83.98;84;80.51;81.49;541800;44275194.9
TRMK;D;20170530;000000;81.49;83;80.56;81.2;245540;20128923.4
TRMK;D;20170531;000000;81.21;83.46;81.21;81.99;835320;68830696.7
TRMK;D;20170601;000000;82;83.73;80.96;82;389900;31940602.6
TRMK;D;20170602;000000;81.64;82.7;80.65;82.25;839450;68704313.5
TRMK;D;20170605;000000;82.4;82.5;81.75;82.12;378040;31044454.2
TRMK;D;20170606;000000;82;82.19;81.05;81.4;508700;41457268.4
TRMK;D;20170607;000000;81;81.8;77.86;77.86;709250;56759356.6
TRMK;D;20170608;000000;78.15;81.6;77.6;81.6;1075390;85603177.5
TRMK;D;20170609;000000;81.01;81.36;79.45;81;457910;36855203.8
TRMK;D;20170613;000000;80.21;82.29;80.21;81;332730;27092342.7
TRMK;D;20170614;000000;80.8;81.09;78.95;79.5;236440;18883594.5
TRMK;D;20170615;000000;80.48;80.48;75.5;77.15;409040;31406906.1
TRMK;D;20170616;000000;76.9;78.32;74.97;74.97;277700;21112132.4
TRMK;D;20170619;000000;73.01;75.3;73.01;74.3;182200;13483646
TRMK;D;20170620;000000;74.16;76.11;74.16;75.48;170650;12887513
TRMK;D;20170621;000000;74.16;75.34;71.95;71.95;342070;25084604.5
TRMK;D;20170622;000000;72.65;74.65;71.42;72.89;321930;23538544.5
TRMK;D;20170623;000000;73.23;75.16;73.04;74.64;221540;16466080.6
TRMK;D;20170626;000000;75.47;76.83;75.01;76.17;166760;12701046
TRMK;D;20170627;000000;76.17;77.73;76.17;77.66;374220;28902627.4
TRMK;D;20170628;000000;77.13;78.5;76.59;76.76;208690;16286092.7
TRMK;D;20170629;000000;76.8;78.91;76;76.1;745610;57486823.1
TRMK;D;20170630;000000;75.96;78.35;75.96;76.4;442460;34134853.3
TRMK;D;20170703;000000;76.65;76.8;75.92;75.94;224830;17136870.4
TRMK;D;20170704;000000;75.63;76.4;74.76;74.8;116780;8823752
TRMK;D;20170705;000000;74.7;76.28;74.55;75;298730;22475646.8
TRMK;D;20170706;000000;75;75;74.3;74.79;40250;3010196.5
TRMK;D;20170707;000000;74.5;76.31;74.47;74.96;71230;5373445.6
TRMK;D;20170710;000000;75.83;76.28;74.58;75.21;190750;14330108.9
TRMK;D;20170711;000000;75;76.28;73.9;73.95;515230;38495132.4
TRMK;D;20170712;000000;74.95;74.95;73.03;73.14;505980;37326271.2
TRMK;D;20170713;000000;73.42;76.3;73.26;76.3;495960;37241168.5
TRMK;D;20170714;000000;75.74;78.96;75.15;77.55;1018650;78939750.7
TRMK;D;20170717;000000;77.64;78.5;76.65;77.65;169950;13189211.2
TRMK;D;20170718;000000;77.65;77.9;76.63;77.84;114480;8852145.6
TRMK;D;20170719;000000;77.98;79.5;77.62;79.2;337620;26648923.9
TRMK;D;20170720;000000;79;79.45;78.1;78.6;3107380;245657370.7
TRMK;D;20170721;000000;79.02;79.1;77.72;78;1396250;110234173.8
TRMK;D;20170724;000000;77.6;78.83;77.51;78;70010;5472893.6
TRMK;D;20170725;000000;78.1;79.15;77.4;78.1;350840;27643211.4
TRMK;D;20170726;000000;78.07;78.7;76.6;76.6;300250;23327593.9
TRMK;D;20170727;000000;77.36;77.36;76.36;76.36;264790;20349696
TRMK;D;20170728;000000;76.26;79.82;76.03;78.5;510720;39953278.4
TRMK;D;20170731;000000;78.39;79.48;77.5;77.9;745420;58340172.4
TRMK;D;20170801;000000;78.85;79.23;78.11;78.65;407880;32071604.9
TRMK;D;20170802;000000;78.67;79.5;78.42;78.73;407560;32266613.5
TRMK;D;20170803;000000;79.38;79.5;78.59;79.28;193550;15309525.8
TRMK;D;20170804;000000;79.33;80.21;78.85;79;138600;10984103.3
TRMK;D;20170807;000000;79.55;79.64;78.9;78.95;170020;13446348.5
TRMK;D;20170808;000000;78.11;79.5;76.84;77.1;615840;47965623.5
TRMK;D;20170809;000000;77;77.5;76.87;77.48;101350;7822756.5
TRMK;D;20170810;000000;77.65;78.46;76.93;78.46;352460;27312180.4
TRMK;D;20170811;000000;78.09;78.64;76.8;76.87;86610;6704833.9
TRMK;D;20170814;000000;76.87;78.39;76.52;77.68;118540;9195373.1
TRMK;D;20170815;000000;77.5;78.2;76.8;77.25;162170;12549313.4
TRMK;D;20170816;000000;77.3;77.3;76.06;76.09;133800;10258065
TRMK;D;20170817;000000;76.3;77.76;74.7;77;272070;20809656
TRMK;D;20170818;000000;76.4;76.63;71.58;71.99;1267340;92582516.1
TRMK;D;20170821;000000;71.99;73.1;69.63;70.04;742280;52763466.3
TRMK;D;20170822;000000;69.7;71.44;69.7;70.22;540530;38074553.5
TRMK;D;20170823;000000;70.1;72.04;69.86;71.19;550290;39230396.6
TRMK;D;20170824;000000;71.51;72.75;71.5;72.5;336470;24324652
TRMK;D;20170825;000000;72.55;73.1;71.39;71.45;177520;12799940.1
TRMK;D;20170828;000000;71.59;71.88;70.01;70.08;404540;28641903.9
TRMK;D;20170829;000000;70.08;70.65;67.66;69.13;1294760;88965420.8
TRMK;D;20170830;000000;69.1;72.35;68.01;68.63;958710;66465828.2
TRMK;D;20170831;000000;68.2;70.5;68.2;68.89;1667220;115751113.5
TRMK;D;20170901;000000;69.09;69.28;67.03;67.46;517510;35162285.4
TRMK;D;20170904;000000;67.93;68.4;67.28;67.9;264570;17951788.1
TRMK;D;20170905;000000;68.6;68.73;67.1;67.9;558970;38063471.9
TRMK;D;20170906;000000;67.41;69;66.15;68.9;1144660;77304072.2
TRMK;D;20170907;000000;68.8;69.85;67.55;67.55;968920;66396217.8
TRMK;D;20170908;000000;67.89;68.7;67.82;68;430780;29385086
TRMK;D;20170911;000000;68.11;68.13;67.06;67.07;885600;59816270.9
TRMK;D;20170912;000000;67.04;67.7;66.7;67.7;657790;44249528.5
TRMK;D;20170913;000000;67.6;68.43;67.37;67.88;580190;39518767.3
TRMK;D;20170914;000000;67.89;69.99;67.58;69.99;746830;51113338.8
TRMK;D;20170915;000000;69.9;69.9;66.97;66.97;1819890;124092489.1
TRMK;D;20170918;000000;67.26;68.15;67.11;68.14;818550;55467472.4
TRMK;D;20170919;000000;68.35;68.63;67.73;68.6;223090;15246765.2
TRMK;D;20170920;000000;68.69;69;67.88;67.88;144630;9882040
TRMK;D;20170921;000000;68.16;68.25;67.33;67.33;534870;36317846.4
TRMK;D;20170922;000000;67.3;67.78;67.11;67.45;155690;10506193.9
TRMK;D;20170925;000000;67.4;68.52;67.3;68.41;322620;21989262.1
TRMK;D;20170926;000000;68.4;68.9;68.06;68.15;408480;28044551.9
TRMK;D;20170927;000000;68.15;69.29;67.9;67.9;424540;29148875.9
TRMK;D;20170928;000000;68.06;68.6;67.89;67.94;352910;24062870.1
TRMK;D;20170929;000000;68.3;68.9;67.8;68.01;265910;18208582.8
TRMK;D;20171002;000000;68.35;69;68.33;68.61;354120;24353013.3
TRMK;D;20171003;000000;68.79;69.7;68.66;69.42;568150;39429205.5
TRMK;D;20171004;000000;69.2;71.5;69.11;71.19;1038840;73089011.6
TRMK;D;20171005;000000;70.82;71.84;70.17;71.15;553200;39241486.8
TRMK;D;20171006;000000;71.09;71.91;70.81;71.84;283230;20311013.5
TRMK;D;20171009;000000;71.9;72.42;71.19;72.31;269900;19393440.9
TRMK;D;20171010;000000;72.26;72.88;72.26;72.76;202570;14715340.3
TRMK;D;20171011;000000;72.49;72.77;72.07;72.08;144920;10495365.8
TRMK;D;20171012;000000;72.08;73.7;72.08;73.7;646170;47215119
TRMK;D;20171013;000000;73.7;75;73.47;74.81;519730;38791765.1
TRMK;D;20171016;000000;74.81;76.27;74.8;75.82;476180;36050102.7
TRMK;D;20171017;000000;76.2;76.6;75;75.25;538300;40748608
TRMK;D;20171018;000000;75;76.35;75;75.34;184300;13959141.3
TRMK;D;20171019;000000;75.37;76.3;73.24;74.5;392140;29215780.5
TRMK;D;20171020;000000;74.8;76.05;73.84;75.93;548060;41370483.2
TRMK;D;20171023;000000;75.9;77;74.17;74.5;278370;21151277.8
TRMK;D;20171024;000000;74.1;74.95;72.55;73.68;558820;41084099.6
TRMK;D;20171025;000000;73.65;75.14;73.2;73.99;524670;39003200.7
TRMK;D;20171026;000000;74.2;76.48;74.2;76;1003360;76079386.2
TRMK;D;20171027;000000;76;77.19;75.71;76.19;764780;58764664
TRMK;D;20171030;000000;76.95;78.89;76.5;78.4;821000;64102974
TRMK;D;20171031;000000;78.51;79.61;78.13;79.5;570700;45185271.7
TRMK;D;20171101;000000;78.98;79.48;78.98;79.22;179340;14212960.6
TRMK;D;20171102;000000;78.99;80.28;77.2;79.92;774930;61694166.7
TRMK;D;20171103;000000;79.92;81.93;79.92;81.63;2558110;208389717.8
TRMK;D;20171107;000000;82.5;83.4;80.66;83.2;2395180;195981684.7
TRMK;D;20171108;000000;82.95;85;81.01;85;1218270;102517068
TRMK;D;20171109;000000;85.94;85.94;83.32;84.8;614360;51791646.6
TRMK;D;20171110;000000;84.77;84.77;81.1;81.48;1311470;108176935.7
TRMK;D;20171113;000000;81.48;81.9;80.12;81.1;689810;56106797.8
TRMK;D;20171114;000000;81.08;81.75;78.71;78.71;406610;32735462.9
TRMK;D;20171115;000000;78.74;79.89;77.4;78.29;382460;30055829.4
TRMK;D;20171116;000000;78.94;79.8;77.51;78;484850;38090210
TRMK;D;20171117;000000;78.88;79.4;77.64;78.3;260940;20508274.9
TRMK;D;20171120;000000;78.08;78.88;77.94;78.26;94350;7390251.2
TRMK;D;20171121;000000;78.68;78.79;78.01;78.2;261030;20426958.3
TRMK;D;20171122;000000;78.78;80.5;78.4;80.5;257370;20522906.1
TRMK;D;20171123;000000;81;82.47;80.79;81.49;284570;23203547.3
TRMK;D;20171124;000000;81.6;81.88;78.06;80.09;328310;26257843.3
TRMK;D;20171127;000000;79.9;80.5;79.15;80;129800;10370477.9
TRMK;D;20171128;000000;79.8;80.29;79.35;79.99;329060;26295314.3
TRMK;D;20171129;000000;79.75;81.14;78.54;79.2;1142010;91161159
TRMK;D;20171130;000000;78.87;79.87;76.47;78.9;578850;45146168.1
TRMK;D;20171201;000000;78.79;78.94;77.7;77.7;57300;4476564.8
TRMK;D;20171204;000000;77.7;78.91;76.4;78.02;130010;10112696.5
TRMK;D;20171205;000000;77.9;77.9;76.11;76.2;146500;11228607.1
TRMK;D;20171206;000000;76.02;80.12;75.31;78.3;792990;61960458.5
TRMK;D;20171207;000000;78.56;81.47;76.1;78.8;449100;35589956.1
TRMK;D;20171208;000000;79.2;79.9;78.93;79.5;83680;6648736.7
TRMK;D;20171211;000000;79.51;79.99;78.87;79.03;133280;10593791.8
TRMK;D;20171212;000000;79.03;79.88;76.82;78.99;228170;17976613.8
TRMK;D;20171213;000000;78.36;78.6;76.27;77.49;137280;10578256.7
TRMK;D;20171214;000000;77.49;78.3;76.57;78.3;272550;21129022.6
TRMK;D;20171215;000000;77.84;79.42;77.23;79.42;226550;17884178
TRMK;D;20171218;000000;79.42;79.42;76.4;76.61;179020;13916326.3
TRMK;D;20171219;000000;76.6;77.07;75.01;77;428170;32492027.6
TRMK;D;20171220;000000;76.55;77.4;74.08;76.86;215290;16384412.8
TRMK;D;20171221;000000;76.79;78;75.25;76.1;204280;15591073.1
TRMK;D;20171222;000000;76;76.13;74.51;75.11;511160;38605972
TRMK;D;20171225;000000;75.11;75.45;74.2;74.51;33600;2508115.6
TRMK;D;20171226;000000;74.5;75.57;74.12;75.3;63280;4732232.1
TRMK;D;20171227;000000;75.44;76.1;74.6;74.9;203980;15436498.9
TRMK;D;20171228;000000;75.04;75.73;74.17;74.17;42350;3164528.8
TRMK;D;20171229;000000;74.38;74.8;73.61;73.9;56220;4162508.6
TRMK;D;20180103;000000;74.26;75;74.26;75;22370;1672063
TRMK;D;20180104;000000;75.2;77.65;75.19;77.27;188060;14472671.1
TRMK;D;20180105;000000;77.43;78.5;77.37;77.85;90390;7039824.8
TRMK;D;20180109;000000;77.6;79.04;76.72;77;262080;20347939.3
TRMK;D;20180110;000000;77.69;77.69;75.5;75.5;148180;11275933.5
TRMK;D;20180111;000000;75.4;77.45;75.4;77;295150;22608958.7
TRMK;D;20180112;000000;76.95;77.5;75.9;76.02;103900;7980624
TRMK;D;20180115;000000;75.85;76.79;75.1;76;104000;7889248.6
TRMK;D;20180116;000000;75.65;77.18;75.65;77.18;120180;9186586.6
TRMK;D;20180117;000000;77;77.16;75.43;76.6;411710;31639876.8
TRMK;D;20180118;000000;77.26;78.47;77;77.27;917760;71583581.5
TRMK;D;20180119;000000;77.25;77.99;77;77.9;84450;6549511.1
TRMK;D;20180122;000000;78;78.9;77.68;78.9;228590;17906562
TRMK;D;20180123;000000;78.99;80.34;78.16;80.18;298200;23661453.9
TRMK;D;20180124;000000;80.18;81.85;78.79;81.79;317210;25607262.1
TRMK;D;20180125;000000;81.8;83.5;81.78;83.38;479880;39608190.7
TRMK;D;20180126;000000;83.38;84.19;81.6;83.32;665200;55412528.7
TRMK;D;20180129;000000;83;84;82.1;83.89;268030;22350936.7
TRMK;D;20180130;000000;83.94;84.25;83;84.25;285570;23950880.3
TRMK;D;20180131;000000;84.26;84.26;82.06;83;460420;38475235.6
TRMK;D;20180201;000000;82.65;83.85;80.9;83.8;228820;18909108
TRMK;D;20180202;000000;83.5;84.5;82.7;84.5;214140;17989002
TRMK;D;20180205;000000;84.3;84.7;81.05;84.1;205400;17273579
TRMK;D;20180206;000000;83;83.4;80.9;82.5;514660;42442048.5
TRMK;D;20180207;000000;82.55;83.7;82.3;83.7;42310;3514505
TRMK;D;20180208;000000;83.85;83.85;81.5;82;737990;60636606
TRMK;D;20180209;000000;80.75;80.95;76.8;79.3;919770;72199578.5
TRMK;D;20180212;000000;79.6;80.9;78;79.65;218040;17348734.5
TRMK;D;20180213;000000;79.65;80.1;79.4;79.85;80660;6422613.5
TRMK;D;20180214;000000;79.2;80.55;79.2;80.25;62440;4996457.5
TRMK;D;20180215;000000;81;81.35;80.2;81;115130;9274879
TRMK;D;20180216;000000;81.1;81.35;79.35;79.95;73940;5924823.5
TRMK;D;20180219;000000;79.8;80.75;79.3;80.4;375570;30191600.5
TRMK;D;20180220;000000;80.45;80.6;78.95;80;255600;20389670.5
TRMK;D;20180221;000000;79.95;80.5;79.3;80;664220;53126104.5
TRMK;D;20180222;000000;79.4;80.35;79.35;80.3;85440;6833480
TRMK;D;20180226;000000;81;81.6;79.4;81.05;206070;16645541.5
TRMK;D;20180227;000000;81.3;82.6;80.4;82.1;347050;28331340.5
TRMK;D;20180228;000000;82;82.8;80.15;80.8;1338170;108131526.5
TRMK;D;20180301;000000;80.2;81.15;79.6;80.5;110150;8861947.5
TRMK;D;20180302;000000;80.35;80.8;79.05;80.45;162020;13001922.5
TRMK;D;20180305;000000;80.15;80.15;79.05;79.15;105060;8353453.5
TRMK;D;20180306;000000;79.15;80.05;77.85;79.9;609890;48059791.5
TRMK;D;20180307;000000;79.4;80.95;78.5;78.5;274730;22002248
TRMK;D;20180309;000000;78.8;79.95;78.75;79.7;74970;5949902.5
TRMK;D;20180312;000000;80.05;80.95;79.8;80.6;150530;12100280
TRMK;D;20180313;000000;80.1;80.55;79.95;80.45;43400;3480678
TRMK;D;20180314;000000;80.3;80.3;78.4;79.3;169930;13501964.5
TRMK;D;20180315;000000;79.3;79.95;78.55;79.95;52370;4156517.5
TRMK;D;20180316;000000;79.95;84;79.5;84;325340;26512006
TRMK;D;20180319;000000;83.9;83.9;81.1;83.4;187930;15525664.5
TRMK;D;20180320;000000;83.25;83.6;81.2;82;291760;24157484
TRMK;D;20180321;000000;82;83.65;81.95;83.3;153690;12743214
TRMK;D;20180322;000000;83.25;83.45;82.9;83.2;85930;7146191
TRMK;D;20180323;000000;82.05;83.7;82.05;83.1;282030;23408145
TRMK;D;20180326;000000;83.15;83.4;82.6;82.7;38720;3209181
TRMK;D;20180327;000000;82.75;83.2;81.95;83.2;77890;6445521.5
TRMK;D;20180328;000000;83.35;83.35;82.05;82.5;85690;7069735.5
TRMK;D;20180329;000000;80.5;82.8;80.5;82.8;116650;9570423
TRMK;D;20180330;000000;82.6;83.95;80.2;83.95;214310;17590569.5
TRMK;D;20180402;000000;82.95;83.6;82.3;82.85;71070;5917572
TRMK;D;20180403;000000;82.45;83;81.1;82.4;71230;5831432.5
TRMK;D;20180404;000000;81.95;81.95;81.05;81.35;85220;6940303
TRMK;D;20180405;000000;81.4;82.85;80.75;82.45;176630;14465848
TRMK;D;20180406;000000;81.6;82.2;80.05;81.45;206280;16657310.5
TRMK;D;20180409;000000;81.4;81.4;64;74;752890;55133717.5
TRMK;D;20180410;000000;72.3;77.45;71.35;74.4;327860;24127433
TRMK;D;20180411;000000;74.3;76.35;73.3;75.25;416130;31104505
TRMK;D;20180412;000000;75.1;76.4;73.75;74.3;215890;16190230.5
TRMK;D;20180413;000000;74.3;75.8;73.85;74.5;524200;39128064
TRMK;D;20180416;000000;73.1;74.8;71.55;73;167460;12203153.5
TRMK;D;20180417;000000;73.3;75.5;72.15;74.4;159130;11677126.5
TRMK;D;20180418;000000;74.4;74.4;72.7;74.15;441040;32371501
TRMK;D;20180419;000000;74.15;75.5;73.35;75.35;169200;12639420
TRMK;D;20180420;000000;75.9;77.5;75.5;77.3;89600;6845490
TRMK;D;20180423;000000;77.1;80;77.1;79.4;415220;32878572
TRMK;D;20180424;000000;79.45;79.85;77;78.35;200590;15722718
TRMK;D;20180425;000000;77.8;79.45;77.4;79;54150;4256839
TRMK;D;20180426;000000;78.2;80.5;78.2;79.35;173930;13823026.5
TRMK;D;20180427;000000;79.35;80.15;78.5;79.15;88900;7041909
TRMK;D;20180428;000000;79.4;79.5;78.95;79.2;16570;1312290.5
TRMK;D;20180430;000000;79.3;80.2;76.55;76.55;334320;26071348.5
TRMK;D;20180502;000000;76.9;79.5;76.65;78.3;733990;57777599.5
TRMK;D;20180503;000000;78.6;79;77.15;77.8;125480;9753935
TRMK;D;20180504;000000;77.45;79;77.45;78.3;355110;27856386.5
TRMK;D;20180507;000000;78.4;78.8;77.9;78.3;67740;5307720
TRMK;D;20180508;000000;78.3;78.65;77.65;78.55;198740;15581077.5
TRMK;D;20180510;000000;78.7;79.1;77;77;303760;23739470.5
TRMK;D;20180511;000000;77.35;78.1;77.15;77.8;109130;8469287
TRMK;D;20180514;000000;77.85;78.35;77.5;77.95;19850;1547384
TRMK;D;20180515;000000;77.95;78.95;77.5;77.75;76740;5982485.5
TRMK;D;20180516;000000;77.4;78.25;77.05;78.2;231450;18071253
TRMK;D;20180517;000000;78.55;78.55;77.5;78;113400;8828408.5
TRMK;D;20180518;000000;77.2;78.5;77.2;77.75;498580;38986646
TRMK;D;20180521;000000;78.25;83.2;78.05;83;1221340;97562170.5
TRMK;D;20180522;000000;83;85.4;82.25;84.8;951110;79933450.5
TRMK;D;20180523;000000;84.6;86.4;84.25;85.6;467700;40015198
TRMK;D;20180524;000000;85.2;86.05;84.7;85.5;233580;19960500
TRMK;D;20180525;000000;85;85.7;84.45;85.6;240470;20432444.5
TRMK;D;20180528;000000;85.05;85.3;84.4;84.6;29870;2529133.5
TRMK;D;20180529;000000;85;85;82.6;83.65;228320;19065148.5
TRMK;D;20180530;000000;83.95;84.2;82.85;83.75;124300;10393277.5
TRMK;D;20180531;000000;83.8;83.8;80.7;82.5;623340;51213309.5
TRMK;D;20180601;000000;81.65;83.7;81.55;82.55;575490;47311962.5
TRMK;D;20180604;000000;82.6;84.65;82.25;83.5;255230;21310424.5
TRMK;D;20180605;000000;83.6;84.15;83.3;83.5;145120;12119807
TRMK;D;20180606;000000;83.8;83.8;81.95;83;172560;14288268.5
TRMK;D;20180607;000000;83.3;83.3;82.25;82.8;121490;10063788
TRMK;D;20180608;000000;82.8;84.1;81.1;82.85;179210;14762314.5
TRMK;D;20180609;000000;83;83.55;82.65;83.1;3050;253521
TRMK;D;20180611;000000;83.75;84;82.05;82.3;61770;5101706.5
TRMK;D;20180613;000000;82.3;82.85;80.8;81.5;128820;10486798
TRMK;D;20180614;000000;80.7;81;80.35;80.9;61700;4982481.5
TRMK;D;20180615;000000;80.85;81.55;78.55;81.55;386620;31375615
TRMK;D;20180618;000000;80.6;82.5;79.5;80.4;210980;17001971
TRMK;D;20180619;000000;80.1;80.1;78.15;79.1;100200;7906701.5
TRMK;D;20180620;000000;78.7;80;78;78;177360;13917704
TRMK;D;20180621;000000;78.05;78.3;77.05;77.35;132430;10282295
TRMK;D;20180622;000000;77.75;79.05;77.75;78.8;112360;8818972
TRMK;D;20180625;000000;78.4;78.75;76.8;77.4;70480;5471914
TRMK;D;20180626;000000;77.6;78.25;76.65;77.2;75550;5834398
TRMK;D;20180627;000000;77.2;78.3;76.75;77.6;119050;9233949
TRMK;D;20180628;000000;78;78.3;76.95;77.7;197140;15311338
TRMK;D;20180629;000000;76.05;77.4;76;76.15;197400;15123314.5
TRMK;D;20180702;000000;76.05;76.6;75.2;75.9;227110;17320040
TRMK;D;20180703;000000;76.4;76.7;75.35;75.75;218640;16658045
TRMK;D;20180704;000000;75.25;78;75.25;75.6;80260;6099309
TRMK;D;20180705;000000;75.4;75.95;75.35;75.5;102780;7772593.5
TRMK;D;20180706;000000;75.3;76.35;75;75.2;59750;4508467
TRMK;D;20180709;000000;75.2;75.55;75.1;75.3;52750;3977663.5
TRMK;D;20180710;000000;75.3;76.5;74.95;75.6;110200;8316958.5
TRMK;D;20180711;000000;75.5;75.7;73.65;74.65;136260;10126905
TRMK;D;20180712;000000;74.25;74.45;71.8;71.8;256530;18686412
TRMK;D;20180713;000000;72.2;73.3;72;72;222990;16255057.5
TRMK;D;20180716;000000;72.5;73.4;71.85;72.35;99670;7256777.5
TRMK;D;20180717;000000;72.9;73.25;72.75;72.75;114590;8354625
TRMK;D;20180718;000000;72.95;73.3;72;72.6;559210;40601752.5
TRMK;D;20180719;000000;72.6;72.7;71.9;72.2;97020;7018572.5
TRMK;D;20180720;000000;72.65;72.9;72.15;72.3;36210;2622030.5
TRMK;D;20180723;000000;72.1;73;71.6;72.15;110730;7989966.5
TRMK;D;20180724;000000;71.9;72.7;71.9;72.25;65830;4764291.5
TRMK;D;20180725;000000;72.95;72.95;72;72.25;30400;2198168.5
TRMK;D;20180726;000000;72.2;72.5;71.8;72.5;38800;2803661
TRMK;D;20180727;000000;71.95;72.6;71.95;72.1;22540;1631027
TRMK;D;20180730;000000;71.8;72.45;71.8;71.8;37340;2692001.5
TRMK;D;20180731;000000;71.8;72.3;70.35;70.35;306350;21827134.5
TRMK;D;20180801;000000;71.05;72.2;71;71.3;168700;12079351.5
TRMK;D;20180802;000000;71.5;72.1;71.1;71.5;115900;8312229
TRMK;D;20180803;000000;72.2;72.2;71.1;71.7;40980;2939685
TRMK;D;20180806;000000;71.8;72.1;71.75;71.95;16210;1166124
TRMK;D;20180807;000000;72;72.25;71.75;72.25;173500;12510709
TRMK;D;20180808;000000;72.1;72.35;71.75;72.1;300870;21678332.5
TRMK;D;20180809;000000;71.8;72.6;70.2;71.2;188000;13452182.5
TRMK;D;20180810;000000;71.5;71.5;70.7;70.7;25660;1822440
TRMK;D;20180813;000000;70.95;71.35;70.7;71.15;10730;762656
TRMK;D;20180814;000000;71.4;71.65;71.35;71.45;11080;792120.5
TRMK;D;20180815;000000;71.4;71.6;71.3;71.35;28880;2060598
TRMK;D;20180816;000000;72.2;75.5;71.65;73.75;416130;30521078
TRMK;D;20180817;000000;74.45;74.45;72.85;73.25;57440;4209805.5
TRMK;D;20180820;000000;73.3;73.6;72.25;72.6;43770;3197783.5
TRMK;D;20180821;000000;72;73.65;72;73.65;224170;16374842.5
TRMK;D;20180822;000000;73.35;73.4;71.8;71.8;96360;6980353
TRMK;D;20180823;000000;71.9;72.3;70.5;71.25;112550;8041308.5
TRMK;D;20180824;000000;71.45;71.95;69.3;71.35;274290;19519931
TRMK;D;20180827;000000;71.4;71.6;70.6;71.6;21690;1541082
TRMK;D;20180828;000000;71.55;72;71.35;71.55;43220;3097425
TRMK;D;20180829;000000;71.7;71.9;70.7;71.5;52580;3747579
TRMK;D;20180830;000000;71.35;71.65;70.85;71.65;80030;5700240.5
TRMK;D;20180831;000000;71.05;71.1;70.2;70.6;179310;12655603.5
TRMK;D;20180903;000000;71.95;71.95;70.55;70.9;14250;1010122.5
TRMK;D;20180904;000000;70.75;71.35;70.5;71.35;18010;1279540
TRMK;D;20180905;000000;71.05;71.05;70.3;70.3;33750;2385098.5
TRMK;D;20180906;000000;70.5;71;70.3;70.3;17670;1248802.5
TRMK;D;20180907;000000;70.75;70.85;70.4;70.45;32640;2307093.5
TRMK;D;20180910;000000;70.65;71.05;70.3;70.3;28020;1979882
TRMK;D;20180911;000000;70;71.2;70;71.2;117300;8304421.5
TRMK;D;20180912;000000;72.3;72.9;70.25;70.35;169230;12059540.5
TRMK;D;20180913;000000;70.4;71.1;69.15;69.15;123490;8649349.5
TRMK;D;20180914;000000;69.5;70.25;69.3;69.9;56960;3980860.5
TRMK;D;20180917;000000;70.3;70.8;70;70.25;33200;2336882.5
TRMK;D;20180918;000000;70.55;70.8;69.6;70;163210;11437763
TRMK;D;20180919;000000;70.1;70.1;69.15;69.85;114170;7947254.5
TRMK;D;20180920;000000;69.9;70.05;68.3;68.8;528320;36510172
TRMK;D;20180921;000000;68.8;71.15;68.65;71.15;791960;56101551.5
TRMK;D;20180924;000000;70.6;71.05;68.5;69.7;416920;28803219.5
TRMK;D;20180925;000000;69.35;69.55;68.2;68.2;182730;12549151
TRMK;D;20180926;000000;68.2;68.75;68;68.15;215350;14724306
TRMK;D;20180927;000000;68.45;69.9;67.45;69.9;224810;15396282.5
TRMK;D;20180928;000000;68.95;68.95;67.7;67.7;144200;9829531.5
TRMK;D;20181001;000000;68.4;68.7;68;68.05;283570;19364869.5
TRMK;D;20181002;000000;68.05;68.45;68;68;168960;11523918.5
TRMK;D;20181003;000000;67.95;68.15;67.3;67.75;198960;13452716
TRMK;D;20181004;000000;67.75;68.25;67.3;67.95;383380;25928827
TRMK;D;20181005;000000;67.8;67.8;66.4;67;517260;34706942
TRMK;D;20181008;000000;66.7;67;65.75;66.95;92350;6135267.5
TRMK;D;20181009;000000;66.6;68.2;66.6;67.1;367020;24673497.5
TRMK;D;20181010;000000;67.75;67.75;66.5;66.8;67350;4502344.5
TRMK;D;20181011;000000;66;66.8;64.75;64.85;245060;16020120
TRMK;D;20181012;000000;65.95;65.95;64.5;65.35;83760;5446089
TRMK;D;20181015;000000;65.7;65.7;64.6;64.75;102650;6659994.5
TRMK;D;20181016;000000;65.05;65.2;64.55;65.2;125930;8175401
TRMK;D;20181017;000000;65.3;65.5;64.6;64.75;179770;11656101
TRMK;D;20181018;000000;64.85;65;62.4;62.8;522220;33129822
TRMK;D;20181019;000000;63.1;63.15;61.5;62;552840;34299839
TRMK;D;20181022;000000;62.3;62.85;62.05;62.4;198510;12389894
TRMK;D;20181023;000000;62.9;62.9;59.9;62.4;1307990;80480906
TRMK;D;20181024;000000;62.15;62.8;61.55;62.1;257990;15986913
TRMK;D;20181025;000000;61.55;61.8;60.95;61.6;124580;7645303.5
TRMK;D;20181026;000000;61.35;61.55;60.85;61.3;373370;22849963
TRMK;D;20181029;000000;61.25;62.15;61.05;61.55;78510;4830854.5
TRMK;D;20181030;000000;62;62.45;61.35;62.05;124950;7752480.5
TRMK;D;20181031;000000;62.45;62.5;61.1;61.1;303920;18775708.5
TRMK;D;20181101;000000;61.35;61.75;61.2;61.4;170400;10468099.5
TRMK;D;20181102;000000;61.75;62.7;61.25;62.2;144150;8927720
TRMK;D;20181106;000000;62.25;62.75;62.05;62.3;125710;7832513
TRMK;D;20181107;000000;62.3;62.85;61.85;62.65;99070;6178895
TRMK;D;20181108;000000;63;63.15;62;62.05;347610;21683019
TRMK;D;20181109;000000;62.15;62.3;61.25;61.8;144710;8938727.5
TRMK;D;20181112;000000;62;62.5;61;61.4;217600;13362991
TRMK;D;20181113;000000;61.45;61.55;60.5;60.75;183290;11141501.5
TRMK;D;20181114;000000;61.05;61.05;59.9;60;244270;14723037
TRMK;D;20181115;000000;60;61.15;60;60.25;170650;10334159
TRMK;D;20181116;000000;60.45;61.15;60.3;61;199960;12138629
TRMK;D;20181119;000000;60.75;61;60.05;60.3;125790;7603512.5
TRMK;D;20181120;000000;60.1;60.35;59.15;59.65;93070;5556438.5
TRMK;D;20181121;000000;59.3;59.85;59;59.05;124130;7357539.5
TRMK;D;20181122;000000;59.35;59.55;58.7;58.75;89770;5305675
TRMK;D;20181123;000000;58.95;59.15;58.25;58.95;127110;7445280.5
TRMK;D;20181126;000000;59.05;59.2;58.4;59.2;100780;5930935.5
TRMK;D;20181127;000000;59.3;59.3;58.8;59;103030;6078707.5
TRMK;D;20181128;000000;58.9;59.15;58.6;59.15;126880;7477683
TRMK;D;20181129;000000;59.3;59.7;58.4;58.45;190870;11250055.5
TRMK;D;20181130;000000;58.75;59.3;55.05;55.05;625670;35728323
TRMK;D;20181203;000000;56.8;57.7;55.4;56.35;437270;24741163.5
TRMK;D;20181204;000000;56.6;57.65;56.6;57;173430;9918934.5
TRMK;D;20181205;000000;57;57.45;56.75;57.2;107660;6148165.5
TRMK;D;20181206;000000;57.15;57.15;56.45;57.15;48080;2731928
TRMK;D;20181207;000000;57.2;57.5;55.5;57;236720;13346510.5
TRMK;D;20181210;000000;56.85;57.45;55.3;56;350370;19603405
TRMK;D;20181211;000000;56.3;56.35;55.15;55.5;124330;6918881.5
TRMK;D;20181212;000000;55.25;55.8;54;55;597120;32623259
TRMK;D;20181213;000000;55;55.25;54.05;54.05;228180;12425321.5
TRMK;D;20181214;000000;54.15;54.35;53.5;53.9;158020;8508372.5
TRMK;D;20181217;000000;54.1;54.1;53.75;54.1;64540;3483637
TRMK;D;20181218;000000;54.15;54.2;53.6;54.05;45840;2470950.5
TRMK;D;20181219;000000;54.1;54.15;53.8;54;136360;7370793
TRMK;D;20181220;000000;54;54.8;53.05;54.8;238130;12780857.5
TRMK;D;20181221;000000;54.35;54.7;53.85;54.7;169850;9259585
TRMK;D;20181224;000000;54.45;55;54;55;77800;4237671
TRMK;D;20181225;000000;54.5;54.85;53.6;53.7;120390;6488419
TRMK;D;20181226;000000;54.15;54.15;53;53;184070;9840641.5
TRMK;D;20181227;000000;53.3;53.75;53;53.35;211020;11251182
TRMK;D;20181228;000000;53.5;53.65;53;53.6;165450;8834468.5
TRMK;D;20181229;000000;53.6;54.1;53.35;53.65;40930;2197371
TRMK;D;20190103;000000;53.9;54.6;53.65;54.6;67830;3677809
TRMK;D;20190104;000000;54.9;55.5;54.75;55;73810;4065703
TRMK;D;20190108;000000;55.25;55.45;54;54.2;132120;7201390
TRMK;D;20190109;000000;54.2;54.65;54;54.4;110130;5993731
TRMK;D;20190110;000000;54.35;54.7;54.15;54.7;91220;4962772
TRMK;D;20190111;000000;54.9;55.1;54.45;54.9;170630;9338684
TRMK;D;20190114;000000;55;55.65;55;55.35;140400;7778345
TRMK;D;20190115;000000;55.6;55.75;54.55;54.7;210210;11526796
TRMK;D;20190116;000000;54.9;55.1;54;54.3;123890;6749750
TRMK;D;20190117;000000;54.8;54.8;54.15;54.35;102770;5597771
TRMK;D;20190118;000000;54.65;55;54.05;54.15;130710;7114013
TRMK;D;20190121;000000;54.5;54.7;54.15;54.2;105330;5729645
TRMK;D;20190122;000000;54.35;56.65;54.05;55.4;881760;48941303.5
TRMK;D;20190123;000000;55.75;56.1;54.55;54.65;698400;38498126.5
TRMK;D;20190124;000000;54.95;55.25;53.75;55.25;604870;33072247.5
TRMK;D;20190125;000000;54.95;55.05;53.7;54.9;517880;28322583
TRMK;D;20190128;000000;54.9;54.9;54.2;54.4;133440;7279799.5
TRMK;D;20190129;000000;54.55;55.2;54.4;54.9;236410;12946518.5
TRMK;D;20190130;000000;54.95;55.05;41.15;54.9;1885110;101961883
TRMK;D;20190131;000000;54.75;55.05;53.65;53.7;845270;45582929
TRMK;D;20190201;000000;53.76;54.12;53.7;53.7;436790;23536231.2
TRMK;D;20190204;000000;53.98;55.02;52;53.54;1868590;100102916.8
TRMK;D;20190205;000000;53.6;54.28;52.88;53.88;526960;28340443.2
TRMK;D;20190206;000000;54;54.08;52.36;53.3;687170;36515902
TRMK;D;20190207;000000;53.06;53.76;51.24;51.78;2188610;115202904.2
TRMK;D;20190208;000000;52;52.12;50.04;51;1060070;53907068.4
TRMK;D;20190211;000000;51;51.18;48;49.3;3429220;168169693.4
TRMK;D;20190212;000000;49.76;49.76;48.88;49.4;547380;26973638.2
TRMK;D;20190213;000000;49.18;49.8;49;49.32;357030;17637062.2
TRMK;D;20190214;000000;48.9;49.98;47.7;49.5;904310;44244587.8
TRMK;D;20190215;000000;49.52;49.78;49.18;49.5;309680;15339362
TRMK;D;20190218;000000;49.64;49.84;48.72;48.94;310310;15235889.6
TRMK;D;20190219;000000;48.72;49.36;48.34;48.78;476700;23285306.4
TRMK;D;20190220;000000;48.76;49;48.6;48.82;192210;9383283.6
TRMK;D;20190221;000000;49;49;48.58;48.64;475930;23239418.4
TRMK;D;20190222;000000;48.66;48.9;48.48;48.8;403950;19681255
TRMK;D;20190225;000000;48.78;48.9;48.16;48.18;783790;38148450.8
TRMK;D;20190226;000000;48.18;48.56;48.16;48.38;513300;24838621.8
TRMK;D;20190227;000000;48.32;48.76;48.2;48.42;259080;12540112
TRMK;D;20190228;000000;48.72;49;48.2;48.34;326460;15824045.2
TRMK;D;20190301;000000;48.6;48.74;48.02;48.1;504990;24455555
TRMK;D;20190304;000000;48.26;48.38;47.7;47.7;175840;8449098.6
TRMK;D;20190305;000000;47.66;48;46.9;46.92;297380;14102012.4
TRMK;D;20190306;000000;47.06;47.3;46.72;46.9;181270;8518743.6
TRMK;D;20190307;000000;47;47.18;46.9;47.1;186010;8746593.8
TRMK;D;20190311;000000;47.1;47.3;46.62;46.68;148940;6967271.6
TRMK;D;20190312;000000;46.86;47.1;46.5;46.56;302650;14130256.8
TRMK;D;20190313;000000;46.7;46.94;46.22;46.4;644100;29917503.8
TRMK;D;20190314;000000;46.66;46.68;45.54;45.88;294670;13548600.6
TRMK;D;20190315;000000;45.64;45.96;45.32;45.32;2153340;97851519.2
TRMK;D;20190318;000000;45.5;45.96;44.82;45.12;1200000;54276260.6
TRMK;D;20190319;000000;45.28;47.2;45.1;46.5;1301560;59749309.2
TRMK;D;20190320;000000;46.88;47.74;46.66;46.96;1359890;63979641.2
TRMK;D;20190321;000000;46.96;47.68;46.16;47.2;970950;45715644.8
TRMK;D;20190322;000000;47.4;59.08;47.2;55.2;13196990;720483141
TRMK;D;20190325;000000;55.78;62.8;55.18;59.1;8345140;494945260.2
TRMK;D;20190326;000000;59.02;61.74;58;58.6;5243430;309980578
TRMK;D;20190327;000000;58.58;59.24;56.32;57.54;1789400;102931371.2
TRMK;D;20190328;000000;57.98;59.6;57.3;57.74;1939900;112686676.2
TRMK;D;20190329;000000;58.26;58.58;55.62;57.74;1572050;90143586.4
TRMK;D;20190401;000000;57.88;57.98;55.68;56.06;1076550;60801712.4
TRMK;D;20190402;000000;56.06;57;55.42;56.62;799130;44791521.8
TRMK;D;20190403;000000;56.78;56.84;55.28;56.4;839180;46979316.2
TRMK;D;20190404;000000;56.04;56.38;55.52;56.38;429170;24014810
TRMK;D;20190405;000000;56.4;56.56;55.5;56.2;254230;14267457.4
TRMK;D;20190408;000000;56.48;56.58;56;56.44;290780;16361863
TRMK;D;20190409;000000;56.18;56.74;55.58;55.74;704900;39539374.4
TRMK;D;20190410;000000;55.56;55.94;54.56;55.14;1540350;85001282.4
TRMK;D;20190411;000000;55.3;59.34;53.18;56.74;2642540;145651031.8
TRMK;D;20190412;000000;56.38;58.9;56.02;57.52;798190;46181895.6
TRMK;D;20190415;000000;57.76;57.9;56.04;56.5;922760;52534281
TRMK;D;20190416;000000;56.5;59.36;56.5;58;910350;53030834.8
TRMK;D;20190417;000000;57.74;58.9;56.88;57.8;433550;25041525.8
TRMK;D;20190418;000000;57.8;58.06;57.2;57.74;454850;26255126.8
TRMK;D;20190419;000000;57.76;59.44;57.56;58;457090;26712256.2
TRMK;D;20190422;000000;58.1;59;57.66;58.5;762500;44432612.2
TRMK;D;20190423;000000;58.7;59.5;57.5;58.72;910660;53510987.2
TRMK;D;20190424;000000;58.88;59.08;58;58.26;406620;23875706.4
TRMK;D;20190425;000000;58.54;59.42;58.3;58.78;790280;46613632
TRMK;D;20190426;000000;58.74;59.08;57.94;58.5;459140;26867435.6
TRMK;D;20190429;000000;58.76;60.8;56.74;59.6;1787680;105693899.4
TRMK;D;20190430;000000;60;60.16;59.04;59.1;284130;16886010.2
TRMK;D;20190502;000000;59.68;60.28;58.54;59.1;587900;34872586
TRMK;D;20190503;000000;59.46;59.46;58.84;59.1;165890;9797573.4
TRMK;D;20190506;000000;58.5;59.12;57.96;58.64;192020;11240225.2
TRMK;D;20190507;000000;58.58;59.48;58.56;59;361810;21367611
TRMK;D;20190508;000000;59.34;59.36;58.2;58.96;211150;12392982
TRMK;D;20190510;000000;58.4;59.1;57.06;57.48;383510;22129698
TRMK;D;20190513;000000;58;58.14;56.32;56.7;290770;16637818.8
TRMK;D;20190514;000000;56.9;57.16;56.62;57.08;259500;14762756.2
TRMK;D;20190515;000000;57.14;59.38;57.14;58.68;567540;33232196.4
TRMK;D;20190516;000000;58.88;59.28;57.32;58.72;495150;28861355
TRMK;D;20190517;000000;58.4;58.88;57.96;58.5;147940;8614942.6
TRMK;D;20190520;000000;58.08;59.2;58.02;58.94;609580;35898193.8
TRMK;D;20190521;000000;59.4;60.28;58.5;59.9;1172510;69476903.4
TRMK;D;20190522;000000;60;60.5;58.94;59.12;837000;50148589.6
TRMK;D;20190523;000000;59;59.1;58.1;58.32;381850;22404978.4
TRMK;D;20190524;000000;58.7;59.88;57.86;58.6;715520;42021045.4
TRMK;D;20190527;000000;58.94;61.48;58.56;59.4;937590;56073523.8
TRMK;D;20190528;000000;59.52;59.94;58.64;59.1;423260;25083485
TRMK;D;20190529;000000;59;59.48;57.78;58.7;586700;34392250.2
TRMK;D;20190530;000000;58.58;58.82;57.98;58.5;276860;16181772
TRMK;D;20190531;000000;58.56;59.18;58.24;59;582170;34129062
TRMK;D;20190603;000000;59;59.56;57.94;59.48;574900;33676914.2
TRMK;D;20190604;000000;59.5;61.3;59.16;60.3;975580;58882844.6
TRMK;D;20190605;000000;60.16;61.1;60.04;60.26;456230;27627180
TRMK;D;20190606;000000;60.2;63.4;60.2;63;853720;52331873.8
TRMK;D;20190607;000000;63;63.3;61.64;62.14;575340;35886883.4
TRMK;D;20190610;000000;62.4;62.8;61.56;61.84;258430;16021445.2
TRMK;D;20190611;000000;62.24;62.86;62;62;538730;33615919.8
TRMK;D;20190613;000000;62.58;62.58;61.62;62.2;372960;23085274.4
TRMK;D;20190614;000000;62.1;62.3;61.04;61.5;486030;30017160.4
TRMK;D;20190617;000000;61.52;61.84;60.62;60.64;571520;34813270
TRMK;D;20190618;000000;60.64;62.2;60.36;61.5;636290;39166032.6
TRMK;D;20190619;000000;61.8;63.96;61.66;62.7;2945620;185042136.4
TRMK;D;20190620;000000;63.4;63.8;61.82;61.82;1246790;78416130
TRMK;D;20190621;000000;62.12;62.66;61;61;928990;57285521.4
TRMK;D;20190624;000000;61.46;61.98;60.18;60.66;879220;53736870.4
TRMK;D;20190625;000000;60.36;61.28;60.16;60.34;688740;41638485
TRMK;D;20190626;000000;60.5;61.34;59.66;60.38;526620;31872339.6
TRMK;D;20190627;000000;60.44;61;60;60.14;521780;31506777.6
TRMK;D;20190628;000000;60;60.6;59.92;59.96;217370;13085809.8
TRMK;D;20190701;000000;60.24;60.84;59.9;60.5;564320;34072715.8
TRMK;D;20190702;000000;60.74;62.26;60.5;62.02;858310;52787731
TRMK;D;20190703;000000;61.86;62;61.06;61.32;856190;52578817.2
TRMK;D;20190704;000000;61.6;62.4;61.32;61.4;697250;43099072.8
TRMK;D;20190705;000000;61.7;62.1;61.16;61.4;601010;37037533.2
TRMK;D;20190708;000000;61.38;61.68;60.64;60.96;661750;40357382.6
TRMK;D;20190709;000000;61.14;61.4;60.6;60.62;259460;15826104.2
TRMK;D;20190710;000000;60.62;61.08;60.4;60.5;559980;33986528.6
TRMK;D;20190711;000000;60.88;61;59.82;60.28;821810;49483818.2
TRMK;D;20190712;000000;60.66;60.66;59.84;60;295910;17772371.6
TRMK;D;20190715;000000;60.46;60.86;60.02;60.34;716530;43388461.4
TRMK;D;20190716;000000;60.6;60.84;59.52;60;688140;41261182
TRMK;D;20190717;000000;57.92;58.78;57.7;58.06;700920;40842329.8
TRMK;D;20190718;000000;58.2;58.7;57.4;57.5;597610;34663333.8
TRMK;D;20190719;000000;57.66;58.18;56.82;57.28;616050;35343169.4
TRMK;D;20190722;000000;57.7;58.52;57.5;58.1;584930;33965946
TRMK;D;20190723;000000;58.5;58.56;57.7;57.7;264370;15353677.6
TRMK;D;20190724;000000;57.72;58.2;57.66;58;282750;16388475.6
TRMK;D;20190725;000000;58.24;58.6;57.58;57.84;399550;23179846.6
TRMK;D;20190726;000000;57.6;57.84;57;57;913230;52301348.6
TRMK;D;20190729;000000;57.02;58.04;57.02;57.9;485800;28072205
TRMK;D;20190730;000000;58.02;58.5;57.92;58.1;536040;31164365.2
TRMK;D;20190731;000000;58.2;58.52;57.94;58.38;433410;25252628.8
TRMK;D;20190801;000000;58.02;58.7;58.02;58.32;705140;41131649.4
TRMK;D;20190802;000000;57.88;58.28;57.16;57.26;873060;50516761.4
TRMK;D;20190805;000000;57.16;57.5;56.3;56.3;506130;28799892
TRMK;D;20190806;000000;56.66;57.24;56.18;56.8;505920;28700630.4
TRMK;D;20190807;000000;56.68;56.8;56.16;56.3;644860;36417366.8
TRMK;D;20190808;000000;56.34;56.66;55.98;56.2;685260;38541792
TRMK;D;20190809;000000;56.16;56.2;55.7;55.74;248770;13932845
TRMK;D;20190812;000000;56.14;56.2;54.5;54.76;788120;43415686.6
TRMK;D;20190813;000000;54.96;55.84;53.5;55.32;1991910;108503133.8
TRMK;D;20190814;000000;55.3;55.9;52.6;53.24;1531660;83107520.2
TRMK;D;20190815;000000;53.58;54.64;53.14;53.32;621240;33375884
TRMK;D;20190816;000000;53.6;56.3;53.6;55.4;1011230;56012111.8
TRMK;D;20190819;000000;55.9;56.62;55.42;55.7;589130;32951343.2
TRMK;D;20190820;000000;55.7;56.32;55.68;55.9;241020;13503511.2
TRMK;D;20190821;000000;57;57.04;55.8;55.88;201240;11309037.6
TRMK;D;20190822;000000;55.86;56.12;54.72;54.9;462980;25499572.8
TRMK;D;20190823;000000;54.96;55.16;52.9;53;916440;49206010.2
TRMK;D;20190826;000000;53;53.78;52.84;53.62;238240;12712840.6
TRMK;D;20190827;000000;53.78;53.98;53.42;53.58;289700;15565523.8
TRMK;D;20190828;000000;53.64;55.08;53.42;53.56;454570;24541422
TRMK;D;20190829;000000;53.7;54.46;53.54;54.3;178800;9676405
TRMK;D;20190830;000000;54.2;55.76;54.2;55;375950;20635807.6
TRMK;D;20190902;000000;55;55.4;54.6;54.76;338920;18642976.6
TRMK;D;20190903;000000;54.76;55.1;54.42;54.5;478260;26123723.6
TRMK;D;20190904;000000;54.72;56;54.6;55.2;909510;50242479.8
TRMK;D;20190905;000000;55.34;55.7;54.72;54.74;719260;39696493.8
TRMK;D;20190906;000000;54.12;55.14;54.1;54.66;408390;22295970.4
TRMK;D;20190909;000000;54.92;55.18;54.48;54.9;245460;13473360
TRMK;D;20190910;000000;55.04;55.4;54.84;55.22;392070;21671147.2
TRMK;D;20190911;000000;55.14;56;55;55.4;840760;46668361.2
TRMK;D;20190912;000000;55.32;55.98;55.1;55.86;748630;41594886.4
TRMK;D;20190913;000000;55.8;55.94;55.16;55.32;353550;19595397.8
TRMK;D;20190916;000000;55.4;56.5;55.4;56.2;870050;48819911.2
TRMK;D;20190917;000000;56.64;56.88;55.44;55.52;1164890;65297386
TRMK;D;20190918;000000;55.94;56.24;55.66;56.1;280000;15695460.2
TRMK;D;20190919;000000;56.24;56.44;55.68;55.76;873840;48977431.2
TRMK;D;20190920;000000;55.8;56.08;54.6;54.7;922970;50791971.2
TRMK;D;20190923;000000;55.06;55.46;54.4;54.42;886200;48543427.8
TRMK;D;20190924;000000;54.82;54.94;54.3;54.6;523250;28590200.8
TRMK;D;20190925;000000;54.9;56.38;54.68;55.2;2906390;161395702.4
TRMK;D;20190926;000000;55.2;56.78;55.2;56.2;991020;55688271.4
TRMK;D;20190927;000000;56.4;57.06;55.8;56.08;985340;55577038
TRMK;D;20190930;000000;56.08;56.56;55.36;55.74;500460;28018855.8
TRMK;D;20191001;000000;56.06;56.18;55.18;55.48;296320;16480406
TRMK;D;20191002;000000;55.78;55.78;54.2;54.2;677940;37085085.4
TRMK;D;20191003;000000;54.5;54.5;53.02;53.3;830020;44308285.6
TRMK;D;20191004;000000;53.32;54.68;52.6;52.84;1301190;69301418.4
TRMK;D;20191007;000000;53.06;53.36;51.64;52.2;1271410;66386109.8
TRMK;D;20191008;000000;52.06;52.58;51;51.5;1198430;61983600.6
TRMK;D;20191009;000000;51.98;51.98;50.3;50.46;1168770;59236226.2
TRMK;D;20191010;000000;50.4;52.08;50.3;51.06;1285450;65841324.4
TRMK;D;20191011;000000;51.5;51.56;50.44;50.52;1033080;52745088
TRMK;D;20191014;000000;50.54;51.1;49.16;50.18;2343930;117056160.6
TRMK;D;20191015;000000;50.3;50.58;50.02;50.3;949630;47729984.8
TRMK;D;20191016;000000;50.64;50.68;49.8;50.08;831310;41640437.8
TRMK;D;20191017;000000;50.16;50.64;50.04;50.3;657340;33096320.2
TRMK;D;20191018;000000;50.5;50.7;49.96;50.18;695090;34919763.4
TRMK;D;20191021;000000;50.38;50.62;50.08;50.24;498370;25079202.6
TRMK;D;20191022;000000;50.5;50.58;50.2;50.46;447500;22580510
TRMK;D;20191023;000000;50.64;50.68;49.94;50.42;1816000;91411149
TRMK;D;20191024;000000;50.5;51.76;50.32;51.2;2267960;115775602.6
TRMK;D;20191025;000000;51.2;51.54;47.86;49.8;6625380;327979946.4
TRMK;D;20191028;000000;50.12;50.24;49.26;50;969000;48393775.6
TRMK;D;20191029;000000;50;54.04;49.96;53.64;4349460;225946568.6
TRMK;D;20191030;000000;53.7;54.2;52.22;53.38;2511590;133939762.2
TRMK;D;20191031;000000;53.4;53.74;52.68;53.2;1272290;67827493.6
TRMK;D;20191101;000000;53.5;54.76;53.1;53.2;2544590;136701644.6
TRMK;D;20191105;000000;53.88;54.76;53.04;53.34;2868320;154519540.4
TRMK;D;20191106;000000;53.4;54.68;53.4;54.62;5854930;316910823
TRMK;D;20191107;000000;54.8;56.24;54.56;55.04;4251410;233930143.6
TRMK;D;20191108;000000;54.8;55.42;53.84;54.06;2114420;115076183.6
TRMK;D;20191111;000000;54.64;54.9;53.46;54.1;1760190;94986154.8
TRMK;D;20191112;000000;54.3;54.52;54;54;1296130;70326100
TRMK;D;20191113;000000;54.2;54.82;53.58;53.78;1168590;63041674.8
TRMK;D;20191114;000000;53.88;54.6;53.6;53.9;1481720;79930311.8
TRMK;D;20191115;000000;54.1;54.48;53.52;54.04;2391510;128730145.2
TRMK;D;20191118;000000;54.04;54.46;53.2;53.28;1954810;105202850.2
TRMK;D;20191119;000000;53.3;54.2;53.3;54.06;1147450;61807241.8
TRMK;D;20191120;000000;54.18;54.58;53.12;53.46;2246370;120458104.4
TRMK;D;20191121;000000;53.64;53.84;52.66;52.9;2252420;120142905.4
TRMK;D;20191122;000000;52.9;53.3;52.08;52.34;1960080;102981314.2
TRMK;D;20191125;000000;52.58;52.72;52;52.04;1191140;62188274.6
TRMK;D;20191126;000000;52.04;52.78;51.82;52.58;1026130;53776228.8
TRMK;D;20191127;000000;52.72;52.74;51.94;51.94;992260;51758758.8
TRMK;D;20191128;000000;52.18;52.46;51.62;52.06;964050;50079237.6
TRMK;D;20191129;000000;52.1;52.28;51.72;51.9;776290;40325530.2
TRMK;D;20191202;000000;51.8;52.46;51.6;51.62;1857150;96605716.6
TRMK;D;20191203;000000;51.66;52.28;50.5;50.6;2470730;126430476.2
TRMK;D;20191204;000000;50.5;50.98;50.2;50.22;1517140;76544104.2
TRMK;D;20191205;000000;50.2;51.8;50.14;50.48;2345400;119323728.6
TRMK;D;20191206;000000;50.84;52.8;50.36;52.26;4193420;217550250.4
TRMK;D;20191209;000000;52;53.54;51.98;52.26;2070390;108642850.6
TRMK;D;20191210;000000;52.46;52.5;51.64;51.7;1144280;59467908.8
TRMK;D;20191211;000000;51.64;52.58;51.64;52;934610;48683977.2
TRMK;D;20191212;000000;52.24;52.6;51.66;52.02;2388240;124250693
TRMK;D;20191213;000000;52.24;52.34;51.2;51.3;2819660;145419337
TRMK;D;20191216;000000;51.54;51.9;51.24;51.46;1846140;95248515
TRMK;D;20191217;000000;51.7;51.78;51.32;51.5;1468140;75753960
TRMK;D;20191218;000000;56.64;61.26;55.6;56;41786800;2389402201
TRMK;D;20191219;000000;56.48;56.98;55.8;56;6831200;384962298.6
TRMK;D;20191220;000000;56.2;56.2;54.76;55.86;5803100;321460401.4
TRMK;D;20191223;000000;56.08;56.76;55.76;56.26;2012720;113067581.4
TRMK;D;20191224;000000;55.9;56.5;55.8;56;2751090;154370609.8
TRMK;D;20191225;000000;56.38;57.74;55.92;57.4;5760590;327270875.8
TRMK;D;20191226;000000;57.86;58.2;57.18;57.64;2574700;148692755.2
TRMK;D;20191227;000000;57.98;58;57.3;57.9;2453430;141463751.8
TRMK;D;20191230;000000;57.92;58.88;57.9;58;2479280;144458575.2
TRMK;D;20200103;000000;59.2;60.5;58.6;58.7;3826560;226435840.4
TRMK;D;20200106;000000;58.3;58.76;57.5;58.08;1452420;84427775.2
TRMK;D;20200108;000000;58.04;58.52;57.06;57.9;2887900;167458830.6
TRMK;D;20200109;000000;58.2;58.84;57.7;58.16;2443500;141994473.8
TRMK;D;20200110;000000;58.4;58.6;57.62;57.68;1360610;78992547
TRMK;D;20200113;000000;57.98;58.24;57.6;57.92;2179000;126073456
TRMK;D;20200114;000000;58.3;58.38;57.72;58.1;2645130;153684074.4
TRMK;D;20200115;000000;58.46;58.88;57.92;58.22;4605650;268840974.2
TRMK;D;20200116;000000;58.3;58.88;58;58.44;3334990;195039896
TRMK;D;20200117;000000;58.66;58.82;57.28;58.32;5840020;339586990.2
TRMK;D;20200120;000000;58.6;60.28;58.18;59;7580180;451113539.8
TRMK;D;20200121;000000;59.3;59.3;58.34;58.88;2937730;172670279.2
TRMK;D;20200122;000000;59.02;59.48;58.32;58.52;3699490;217543398.2
TRMK;D;20200123;000000;58.38;58.68;57.62;58.04;2217210;128982117.2
TRMK;D;20200124;000000;58.48;58.68;57.54;58;2593820;150258918.2
TRMK;D;20200127;000000;57.4;57.4;55.4;55.88;4709090;265145572.4
TRMK;D;20200128;000000;56.06;56.32;54.34;55.3;3688890;203837264.8
TRMK;D;20200129;000000;55.4;56.3;55.34;55.68;2167580;121036042.6
TRMK;D;20200130;000000;55.68;58.24;55.2;56.58;5609680;319188652.8
TRMK;D;20200131;000000;57.36;57.8;55.44;55.66;5877040;332295197.8
TRMK;D;20200203;000000;55.4;56.6;54.58;55.66;6342200;352041775.2
TRMK;D;20200204;000000;56.1;56.8;55.76;56.62;1859510;104891281.2
TRMK;D;20200205;000000;56.8;57.66;56.32;57.04;3145050;179203722.4
TRMK;D;20200206;000000;57.3;58.26;56.5;56.9;2929360;168687340.2
TRMK;D;20200207;000000;57.48;57.48;56.7;57.36;1178350;67269512.2
TRMK;D;20200210;000000;57.12;57.9;56.76;57.02;1702070;97252164.8
TRMK;D;20200211;000000;57.08;57.68;56.62;57.4;1756030;100355446.8
TRMK;D;20200212;000000;57.48;59.44;57.2;58.74;6246590;366327051
TRMK;D;20200213;000000;58.74;59.26;58.12;58.58;2338860;137473330
TRMK;D;20200214;000000;58.98;59.28;57.68;57.78;3015830;176344039
TRMK;D;20200217;000000;58.26;58.6;57.76;58.18;1157010;67294255.8
TRMK;D;20200218;000000;58.2;58.8;57.56;57.6;1495860;86604398.4
TRMK;D;20200219;000000;57.8;58.22;57.5;57.92;1270320;73584726.4
TRMK;D;20200220;000000;58.18;58.66;57.7;58.3;2067260;120749641.6
TRMK;D;20200221;000000;57.8;58.28;57.62;58.08;1958560;113561543
TRMK;D;20200225;000000;57.16;57.4;55.72;55.92;3455810;195831075.4
TRMK;D;20200226;000000;55.6;57.16;54.4;56.52;7812440;434927818
TRMK;D;20200227;000000;55.54;56.44;53.74;53.9;4998800;275609081
TRMK;D;20200228;000000;52.88;52.96;48.52;51.26;8347420;428339304.2
TRMK;D;20200302;000000;53.4;53.46;50.16;51.72;5233470;271648702.2
TRMK;D;20200303;000000;52.5;52.9;51.9;52.52;1759900;92050776
TRMK;D;20200304;000000;52;53.94;51.86;53.44;2445630;130041927.6
TRMK;D;20200305;000000;53.9;54.26;52.04;53.34;2371430;125929005.4
TRMK;D;20200306;000000;51.96;53.32;50.12;50.5;8113220;419437514.8
TRMK;D;20200310;000000;45.46;48.5;40.4;45;13539980;610567959.6
TRMK;D;20200311;000000;46.8;46.8;43.8;44.86;4353560;195862658.2
TRMK;D;20200312;000000;42.5;42.96;38.64;39.26;10092940;409939621.8
TRMK;D;20200313;000000;39.7;42.06;38.38;39.34;5805580;235363027.8
TRMK;D;20200316;000000;40.1;40.1;36;38;6669170;251453961
TRMK;D;20200317;000000;38.9;39.44;36.58;37.46;2420320;90810960.2
TRMK;D;20200318;000000;36.98;38.62;35.62;36.5;7147350;263818378
TRMK;D;20200319;000000;36.06;39.52;35;38.56;8694940;329647232.6
TRMK;D;20200320;000000;39;48;38.74;40.6;8217850;340752011.8
TRMK;D;20200323;000000;38.44;42.2;37.42;39.92;4731210;189180849.2
TRMK;D;20200324;000000;41.98;43.06;41.26;42.2;3314650;139183808
TRMK;D;20200325;000000;43;45;41.16;42.12;5548550;238375164.2
TRMK;D;20200326;000000;43.5;43.5;41.5;42.06;4024070;168746975.4
TRMK;D;20200327;000000;42.7;42.7;40.16;40.4;3265260;133898672.2
TRMK;D;20200330;000000;39.52;41.6;38.1;40.66;1985590;79962570.6
TRMK;D;20200331;000000;42.84;42.84;41.08;42.3;2726460;114670063.4
TRMK;D;20200401;000000;41.46;42.32;41.32;41.52;2104030;88231455
TRMK;D;20200402;000000;42.48;42.8;41.62;42.12;3723110;156891749.2
TRMK;D;20200403;000000;42.12;43.24;41.62;42.3;1968900;83558341.4
TRMK;D;20200406;000000;43.1;45.58;42.72;45.4;3712260;163884263.8
TRMK;D;20200407;000000;45.76;47.76;45.36;46.66;7752660;363341187.8
TRMK;D;20200408;000000;46.78;58;46.76;57.24;46256460;2544875437.8
TRMK;D;20200409;000000;57.5;57.76;56.68;57.26;34229000;1960850592.8
TRMK;D;20200410;000000;57.2;58;57.06;58;8180400;472280739.2
TRMK;D;20200413;000000;58;58.14;57.76;58.02;6661950;385548059.2
TRMK;D;20200414;000000;58;58.1;57.82;58;12436610;721075979.8
TRMK;D;20200415;000000;57.96;57.96;57.32;57.5;5518410;317633102
TRMK;D;20200416;000000;57.78;57.8;57.4;57.46;3932970;226434186.8
TRMK;D;20200417;000000;57.7;57.8;57.16;57.44;5491290;315597437.6
TRMK;D;20200420;000000;57.44;57.6;57.3;57.44;2763400;158791342.4
TRMK;D;20200421;000000;57.4;57.52;55.62;55.72;9193740;520410073.8
TRMK;D;20200422;000000;55.72;56.92;55.5;56.88;6150550;347526950.6
TRMK;D;20200423;000000;56.6;57.12;53.5;56.5;18058560;998139143
TRMK;D;20200424;000000;56;56.84;55.82;56.5;5434160;306685209.8
TRMK;D;20200427;000000;56.8;56.84;56.28;56.4;1047010;59171945.6
TRMK;D;20200428;000000;56.8;56.9;56.42;56.64;1835460;104074686.6
TRMK;D;20200429;000000;56.96;57.18;56.68;57;3170240;180403680.2
TRMK;D;20200430;000000;57.3;57.3;56.62;56.62;2905740;165107264
TRMK;D;20200504;000000;56.64;56.88;56.54;56.56;1734860;98495875.6
TRMK;D;20200505;000000;56.84;57.18;56.7;56.9;1223080;69672857
TRMK;D;20200506;000000;56.96;57.18;56.84;56.98;1058190;60317879.8
TRMK;D;20200507;000000;57.16;57.16;56.92;57.1;791430;45168803.6
TRMK;D;20200508;000000;56.94;57.52;56.92;57.28;993040;56942599.4
TRMK;D;20200512;000000;57.28;57.46;57.02;57.02;2259850;129372121.6
TRMK;D;20200513;000000;57.04;57.28;56.86;56.94;2698140;153857430.6
TRMK;D;20200514;000000;56.82;57.28;56.64;57;2198030;125199322.8
TRMK;D;20200515;000000;57.04;57.5;56.72;57.46;1853300;105909320.8
TRMK;D;20200518;000000;57.1;59.4;57.02;58.82;20332530;1193877417.4
TRMK;D;20200519;000000;58.92;59.28;58.7;59.2;9947010;586182830.8
TRMK;D;20200520;000000;59.02;59.2;58.92;59.2;10254170;605509016.4
TRMK;D;20200521;000000;59.2;59.36;59;59.36;6538370;387264332.6
TRMK;D;20200522;000000;59.38;59.38;59.1;59.3;4605340;273097037.8
TRMK;D;20200525;000000;59.4;59.46;59.24;59.32;3543300;210273279.4
TRMK;D;20200526;000000;59.26;59.46;59.24;59.28;5574240;330657087
TRMK;D;20200527;000000;59.28;59.4;59.04;59.36;7594150;450537891
TRMK;D;20200528;000000;59.36;59.38;59.26;59.36;2347050;139249482.6
TRMK;D;20200529;000000;59.28;59.38;59.24;59.24;1622170;96235994.8
TRMK;D;20200601;000000;59.26;59.42;59.24;59.36;2350730;139466836
TRMK;D;20200602;000000;59.32;59.42;59.26;59.38;2647690;157130563.4
TRMK;D;20200603;000000;59.34;59.46;59.28;59.4;4882550;289945493.6
TRMK;D;20200604;000000;59.42;59.54;59.28;59.46;17623800;1046923391.8
TRMK;D;20200605;000000;59.4;59.8;59.4;59.8;7811500;465668596.4
TRMK;D;20200608;000000;59.8;59.96;59.52;59.96;4689120;280492974.8
TRMK;D;20200609;000000;59.96;59.96;59.64;59.9;1863830;111456360.6
TRMK;D;20200610;000000;59.76;59.9;59.64;59.74;2013330;120348030
TRMK;D;20200611;000000;59.72;59.86;59.32;59.86;3903570;233109318
TRMK;D;20200615;000000;59.64;59.8;59.46;59.8;1744750;104169991.4
TRMK;D;20200616;000000;59.7;59.78;59.4;59.64;2982040;177956645.6
TRMK;D;20200617;000000;59.64;59.84;59.6;59.68;3711500;221673112
TRMK;D;20200618;000000;59.82;59.82;59.62;59.7;1029890;61501722.2
TRMK;D;20200619;000000;59.66;59.78;59.56;59.78;3592440;214426451.8
TRMK;D;20200622;000000;59.7;59.78;59.58;59.68;2296070;137106145.4
TRMK;D;20200623;000000;59.8;59.86;59.58;59.8;5932920;354655361.8
TRMK;D;20200625;000000;59.82;59.86;59.58;59.82;2228290;133276293.2
TRMK;D;20200626;000000;59.8;59.9;59.72;59.86;2415260;144544731.8
TRMK;D;20200629;000000;59.82;60.06;59.82;60;3664740;219856187.6
TRMK;D;20200630;000000;60.08;60.08;59.96;60.02;1460840;87669616.6
TRMK;D;20200702;000000;60.04;60.2;59.92;60.02;2428220;145988475
TRMK;D;20200703;000000;60.02;60.2;59.96;60.08;943810;56749459.6
TRMK;D;20200706;000000;60.2;60.2;59.94;60;2513540;150974896
TRMK;D;20200707;000000;59.96;60.06;59.8;59.9;454250;27243464.2
TRMK;D;20200708;000000;59.9;60;59.9;59.9;943220;56543073.2
TRMK;D;20200709;000000;60;60.08;59.94;59.94;511640;30693941.8
TRMK;D;20200710;000000;59.94;60.06;59.94;59.98;529830;31787641.8
TRMK;D;20200713;000000;60.08;60.08;56.14;60;1271370;76133215.6
TRMK;D;20200714;000000;59.96;60.02;59.82;59.98;1545100;92639774.8
TRMK;D;20200715;000000;59.96;60;59.78;59.86;1235800;73986115
TRMK;D;20200716;000000;59.86;59.98;59.82;59.88;804610;48210696
TRMK;D;20200717;000000;59.98;60.6;59.54;59.94;2471420;148693961.8
TRMK;D;20200720;000000;59.94;60;59.84;59.94;810240;48553654.8
TRMK;D;20200721;000000;59.96;60.02;59.26;59.3;1222160;72961268.2
TRMK;D;20200722;000000;59.26;59.6;58.5;59.22;635260;37628537.4
TRMK;D;20200723;000000;59;59.42;56.84;58.08;716510;41898356.2
TRMK;D;20200724;000000;58.08;58.38;54.68;55;1699960;94319606
TRMK;D;20200727;000000;55.96;58.16;55.34;57.6;742890;42050614.2
TRMK;D;20200728;000000;57.3;58.2;56.74;57.06;345890;19855839.8
TRMK;D;20200729;000000;58.8;59.2;58;58.4;825980;48269149.6
TRMK;D;20200730;000000;58.56;59.4;58.4;59.38;286750;16952187.6
TRMK;D;20200731;000000;59.38;60.38;58.28;60.38;568190;34058613.6
TRMK;D;20200803;000000;60.1;60.1;59.24;59.9;384390;22953693.6
TRMK;D;20200804;000000;59.12;59.88;58.2;58.3;298850;17565800.4
TRMK;D;20200805;000000;58.2;58.6;57.26;58.44;801620;46381045.2
TRMK;D;20200806;000000;58.5;58.8;56.3;58.1;245840;14193768.4
TRMK;D;20200807;000000;57.78;58.98;57.78;58.22;323620;18895210
TRMK;D;20200810;000000;58.08;59.16;58.02;58.68;129600;7612327.6
TRMK;D;20200811;000000;58.5;58.94;57.82;58.36;1071700;62323066.6
TRMK;D;20200812;000000;58.62;58.66;58.04;58.5;108000;6314858.4
TRMK;D;20200813;000000;58.68;58.76;58.14;58.7;725100;42398984.6
TRMK;D;20200814;000000;58.8;59;58.44;58.7;936690;54987496
TRMK;D;20200817;000000;58.7;59.2;58.08;58.54;121770;7149037.6
TRMK;D;20200818;000000;58.2;58.98;58.08;58.98;105610;6187848.6
TRMK;D;20200819;000000;58.54;59.02;58.06;58.5;443850;26043165.8
TRMK;D;20200820;000000;58.56;58.64;58.1;58.46;242160;14154115
TRMK;D;20200821;000000;58.6;58.6;58.26;58.52;230090;13456008.4
TRMK;D;20200824;000000;58.54;58.98;58.18;58.48;86770;5075246.2
TRMK;D;20200825;000000;58.8;58.94;58.4;58.6;159100;9319325.4
TRMK;D;20200826;000000;58.58;58.8;58.4;58.8;113210;6639249.8
TRMK;D;20200827;000000;58.56;58.9;58.4;58.88;24160;1417844.2
TRMK;D;20200828;000000;58.62;58.8;58.5;58.6;243260;14256034.4
TRMK;D;20200831;000000;58.44;58.8;58.44;58.5;195250;11424563.8
TRMK;D;20200901;000000;58.64;58.8;58.4;58.8;174820;10234104
TRMK;D;20200902;000000;58.78;58.96;57.8;58.88;702960;41107035
TRMK;D;20200903;000000;58.1;58.8;58.1;58.8;62110;3640404.8
TRMK;D;20200904;000000;58.76;58.8;58.3;58.58;157310;9209180.8
TRMK;D;20200907;000000;58.3;58.8;58.24;58.6;95190;5576788.8
TRMK;D;20200908;000000;58.86;59;58.22;58.68;85180;4988431.2
TRMK;D;20200909;000000;58.36;58.84;58.16;58.84;253350;14870222
TRMK;D;20200910;000000;58.56;59.2;58;59.18;192200;11300184.4
TRMK;D;20200911;000000;59.2;59.2;58.46;58.46;185000;10907467.8
TRMK;D;20200914;000000;58.52;59.06;58.2;58.34;179370;10514472.6
TRMK;D;20200915;000000;60.66;61.3;60.66;60.86;2689510;163500157.2
TRMK;D;20200916;000000;60.92;60.92;60.76;60.82;418210;25433405.8
TRMK;D;20200917;000000;60.82;60.88;60.76;60.84;1478890;89941058.8
TRMK;D;20200918;000000;60.84;60.96;60.8;60.96;627090;38165846.2
TRMK;D;20200921;000000;60.96;60.98;60.82;60.88;554440;33745312.8
TRMK;D;20200922;000000;60.88;60.98;60.86;60.92;545690;33238689
TRMK;D;20200923;000000;60.9;61.1;60.9;60.96;246750;15042018.6
TRMK;D;20200924;000000;60.56;60.98;60.54;60.98;248340;15120827.2
TRMK;D;20200925;000000;60.86;61;60.86;60.9;505630;30805630
TRMK;D;20200928;000000;60.56;61;60.56;60.96;82770;5043326.8
TRMK;D;20200929;000000;60.9;61.04;60.84;60.92;449210;27378830
TRMK;D;20200930;000000;60.68;60.98;60.68;60.9;348720;21244480.8
TRMK;D;20201001;000000;60.96;61.08;60.88;60.92;210920;12859191.8
TRMK;D;20201002;000000;61;61.04;60.9;60.9;217900;13272116.8
TRMK;D;20201005;000000;60.92;61;60.88;61;136770;8337274.2
TRMK;D;20201006;000000;60.9;61.02;60.88;60.92;120350;7335160.4
TRMK;D;20201007;000000;60.9;61;60.82;60.88;369200;22480228.8
TRMK;D;20201008;000000;60.96;61.14;60.88;60.94;154220;9399532.4
TRMK;D;20201009;000000;60.92;61.04;60.88;60.92;661250;40291039.4
TRMK;D;20201012;000000;60.64;60.94;60.54;60.9;128810;7825981.2
TRMK;D;20201013;000000;60.9;60.9;60.26;60.7;471950;28604941.8
TRMK;D;20201014;000000;60.28;60.58;59.4;60.4;310310;18730542.6
TRMK;D;20201015;000000;60.4;60.6;58.06;58.06;251080;14806539
TRMK;D;20201016;000000;58;58.66;57.3;57.92;118210;6823846.8
TRMK;D;20201019;000000;58.64;58.64;57.98;57.98;28450;1652354.4
TRMK;D;20201020;000000;57.4;58.6;57.2;57.4;107630;6238714.6
TRMK;D;20201021;000000;57.9;59.78;57.4;59.3;162240;9509985.2
TRMK;D;20201022;000000;60;61.4;59.52;60.72;453060;27589520
TRMK;D;20201023;000000;60.7;61.7;60;60;302980;18482074.8
TRMK;D;20201026;000000;60.8;61.16;60.22;60.5;91380;5548504.2
TRMK;D;20201027;000000;60.42;61.12;59.28;60.32;136330;8175122
TRMK;D;20201028;000000;60.32;60.32;58.1;58.1;163760;9687692.8
TRMK;D;20201029;000000;58.08;59.56;57.76;57.76;287180;16698676.8
TRMK;D;20201030;000000;58.6;58.6;56.02;56.06;486510;27833694.8
TRMK;D;20201102;000000;56.96;57.6;56.06;57.16;181190;10351151.4
TRMK;D;20201103;000000;57.42;58.24;56.74;57.78;182460;10483116.4
TRMK;D;20201105;000000;58.08;58.66;57.26;58;153920;8953323
TRMK;D;20201106;000000;58.32;58.34;57.76;57.9;130260;7555932.2
TRMK;D;20201109;000000;58.34;58.78;57.9;58.52;180080;10537485.6
TRMK;D;20201110;000000;58.8;59.5;58.4;58.68;217390;12839856
TRMK;D;20201111;000000;59.16;59.7;58.7;59;282700;16764605.4
TRMK;D;20201112;000000;58.86;59.62;58.86;59;125710;7448494.6
TRMK;D;20201113;000000;59.26;59.5;59.14;59.28;135420;8047733.6
TRMK;D;20201116;000000;59.12;60.48;59.12;60;210680;12638325.6
TRMK;D;20201117;000000;60.4;60.5;58.82;60.5;328500;19821745.8
TRMK;D;20201118;000000;60.2;61.58;60.2;61.36;292190;17825852.6
TRMK;D;20201119;000000;60.6;62.9;60.6;62.82;319230;19789632
TRMK;D;20201120;000000;63.1;64.3;62.4;63.18;644780;41072918.2
TRMK;D;20201123;000000;63.8;64.52;63.26;63.84;274120;17578878.2
TRMK;D;20201124;000000;64.04;65.8;64;65.34;369870;23990128.6
TRMK;D;20201125;000000;65.9;69.82;65.58;69.28;887540;60254939.8
TRMK;D;20201126;000000;69.34;70.82;68.92;70;600580;41994575.8
TRMK;D;20201127;000000;70.3;70.9;67.6;68.3;953380;65607187.4
TRMK;D;20201130;000000;69.18;70.18;68.08;68.9;782860;54214474
TRMK;D;20201201;000000;69.86;69.86;68.08;69.16;501060;34598149
TRMK;D;20201202;000000;68.98;70;68.96;69.28;629410;43669604.2
TRMK;D;20201203;000000;69.2;69.98;68.5;69.8;924500;64117716.2
TRMK;D;20201204;000000;66.5;67;64.8;64.8;1180600;77507413.2
TRMK;D;20201207;000000;64.6;66.6;63.5;64.02;721080;46597994.2
TRMK;D;20201208;000000;64.5;64.8;62;62.02;619940;38760913
TRMK;D;20201209;000000;62.34;64.4;62.02;63;522580;33119808.6
TRMK;D;20201210;000000;63.2;63.74;62.94;63.08;113050;7150149
TRMK;D;20201211;000000;63.08;64.1;62.92;63;198990;12594980.8
TRMK;D;20201214;000000;63.14;64;62.92;63.5;435420;27562370.8
TRMK;D;20201215;000000;63.4;63.46;62.78;63.06;191140;12056111.2
TRMK;D;20201216;000000;62.98;63.9;62.52;63.06;232590;14736610
TRMK;D;20201217;000000;63.02;63.8;61.3;61.7;535230;33561770.4
TRMK;D;20201218;000000;62.08;63.8;61.42;63.8;886930;55775625.2
TRMK;D;20201221;000000;63.5;63.5;60.78;60.82;345210;21280912.4
TRMK;D;20201222;000000;60.9;62;60.9;61.04;151140;9280676.6
TRMK;D;20201223;000000;61.5;62.46;61.12;61.28;229420;14143357.8
TRMK;D;20201224;000000;62;62;61.12;61.12;107890;6616957.2
TRMK;D;20201225;000000;61.12;62;61.02;61.4;70110;4304505.6
TRMK;D;20201228;000000;61.2;62.3;61.2;61.58;262810;16231918.4
TRMK;D;20201229;000000;61.88;61.92;61.06;61.12;126770;7770995.4
TRMK;D;20201230;000000;61.28;61.86;61.06;61.16;374200;23023136
TRMK;D;20210104;000000;61.4;63;61.18;62.32;337260;20968416.6
TRMK;D;20210105;000000;62.4;62.76;61.84;61.92;158780;9878741.8
TRMK;D;20210106;000000;62.28;64;62.06;63.24;281010;17746569.4
TRMK;D;20210108;000000;63.8;64.4;63.36;63.62;242230;15494138.8
TRMK;D;20210111;000000;63.74;64.48;61.5;61.96;454570;28387990.2
TRMK;D;20210112;000000;62.2;62.98;61.96;62.2;200610;12538881.8
TRMK;D;20210113;000000;62.2;62.8;61.5;61.78;140660;8700959.6
TRMK;D;20210114;000000;62;62.5;61.5;61.86;183010;11335978.8
TRMK;D;20210115;000000;61.6;62.38;61.6;61.6;132580;8201023.2
TRMK;D;20210118;000000;61.7;62.28;61.56;61.88;159820;9882808.2
TRMK;D;20210119;000000;61.94;62.42;61.18;61.18;286720;17657747
TRMK;D;20210120;000000;61.5;62.1;61.2;61.24;215630;13257242.6
TRMK;D;20210121;000000;61.4;61.7;60.3;60.54;248990;15175619
TRMK;D;20210122;000000;60.5;60.58;59.62;59.9;300240;17994375.2
TRMK;D;20210125;000000;59.9;61.14;59.8;59.92;164130;9859692.2
TRMK;D;20210126;000000;60.16;60.54;59.66;59.66;182400;10938197.2
TRMK;D;20210127;000000;59.8;60.5;59.5;59.68;313840;18803240
TRMK;D;20210128;000000;58.46;59.88;58.3;59.72;230580;13731024
TRMK;D;20210129;000000;59.46;59.74;57.1;57.1;895620;51967978.6
TRMK;D;20210201;000000;57.36;59.3;57;59.3;712110;41287398.6
TRMK;D;20210202;000000;59.9;60.22;59.16;59.4;461090;27595857.8
TRMK;D;20210203;000000;60;60;57.84;58.24;487740;28491662.2
TRMK;D;20210204;000000;58.4;58.68;58.18;58.4;188290;10999969.4
TRMK;D;20210205;000000;58.68;58.98;58.26;58.74;115490;6771803.8
TRMK;D;20210208;000000;59;59.76;58.72;59.18;221530;13102839.4
TRMK;D;20210209;000000;59.56;59.72;58.34;58.44;161340;9469545.2
TRMK;D;20210210;000000;58.46;59.1;58.2;58.2;225830;13241937
TRMK;D;20210211;000000;58.54;58.68;58.1;58.44;39050;2278074.4
TRMK;D;20210212;000000;58.5;58.5;57.56;58.26;133990;7777185
TRMK;D;20210215;000000;58.6;60;58.2;58.76;93270;5488998
TRMK;D;20210216;000000;58.56;59.06;58;58.68;318910;18727801
TRMK;D;20210217;000000;58.76;58.9;58.42;58.48;97190;5694628
TRMK;D;20210218;000000;58.4;58.8;58.18;58.6;85170;4982295
TRMK;D;20210219;000000;58.6;59.5;57.42;58.96;253980;14937316.4
TRMK;D;20210220;000000;59;59.58;58.7;58.7;31600;1863658.8
TRMK;D;20210222;000000;59.36;59.36;58;58;325240;18947142.6
TRMK;D;20210224;000000;58;58.5;57.88;57.9;353110;20504428.6
TRMK;D;20210225;000000;58.1;58.58;57.68;57.7;253040;14638969.8
TRMK;D;20210226;000000;57.66;58.2;57.52;57.54;151060;8713618
TRMK;D;20210301;000000;59.98;59.98;57.62;57.66;611830;35721250.8
TRMK;D;20210302;000000;57.66;59.72;57.66;58.96;448650;26487017.8
TRMK;D;20210303;000000;59;60.9;58.94;60.14;461900;27712755.4
TRMK;D;20210304;000000;60.16;61.2;59.46;59.78;481720;28915020
TRMK;D;20210305;000000;59.12;60.96;59.12;59.82;169140;10107187
TRMK;D;20210309;000000;61.1;61.28;59.9;60.54;448430;27273154.6
TRMK;D;20210310;000000;61.26;63.76;61;62.44;837020;52455983.8
TRMK;D;20210311;000000;63;63.44;61.54;61.76;297290;18413329.8
TRMK;D;20210312;000000;62.3;82;61.56;80.32;16786490;1269682767.8
TRMK;D;20210315;000000;82.3;98.6;81.08;93.3;16465430;1496085640.8
TRMK;D;20210316;000000;95.52;98;88.4;90.14;5687720;532114678.8
TRMK;D;20210317;000000;90.22;90.74;85.12;86.96;3240640;284341533.6
TRMK;D;20210318;000000;87.2;91.7;87.06;90.26;1687920;151661638.4
TRMK;D;20210319;000000;88.8;90.68;87;90.68;1259210;112041269.8
TRMK;D;20210322;000000;89.56;90.86;88.36;88.92;1266340;113288973.2
TRMK;D;20210323;000000;88.9;90.86;87.04;87.22;1368000;120593922.6
TRMK;D;20210324;000000;87.4;87.7;85.16;85.94;1374300;118166372
TRMK;D;20210325;000000;86.4;86.5;82.34;83;2305430;193069329.2
TRMK;D;20210326;000000;83.38;84.9;81.5;82;2430690;200299857.4
TRMK;D;20210329;000000;81.82;84.4;80.4;81.6;2458050;201780451.8
TRMK;D;20210330;000000;82.74;82.74;80.52;80.98;2035660;165435734.6
TRMK;D;20210331;000000;81;81.3;79.5;80.54;1948580;156085532.6
TRMK;D;20210401;000000;81;83.46;79.5;80.7;3694620;298769512.2
TRMK;D;20210402;000000;81.16;83.98;80.7;83.02;4208940;348345116.6
TRMK;D;20210405;000000;83.98;87.88;83.6;87.84;4886600;421458689.4
TRMK;D;20210406;000000;88.22;88.6;85.44;86.5;3547880;308152823.4
TRMK;D;20210407;000000;86.9;87.44;85;86.3;1624460;140304858.6
TRMK;D;20210408;000000;86.94;87.1;85.78;86.36;1161020;100057328.4
TRMK;D;20210409;000000;86.4;89.5;85.92;86.56;1466680;126970084.4
TRMK;D;20210412;000000;87.5;88.5;86;87.9;2223710;195034718
TRMK;D;20210413;000000;87.9;90.6;87.9;89.8;3085630;276761164.8
TRMK;D;20210414;000000;90;94.82;89.98;92.26;4723460;434376231
TRMK;D;20210415;000000;94.26;94.26;90.8;92;2349090;216647587.6
TRMK;D;20210416;000000;92.78;93.88;88.5;92.04;4186010;384195218.6
TRMK;D;20210419;000000;93.2;93.5;91;92.8;3932010;364291180.6
TRMK;D;20210420;000000;93.2;93.3;91.86;92;2271180;209770071
TRMK;D;20210421;000000;92;92.2;89.2;90.2;3293680;299255455.8
TRMK;D;20210422;000000;90;92.1;88.02;91.72;5531740;504056252.8
TRMK;D;20210423;000000;82.56;83.76;79.62;80.94;8278450;678208269.8
TRMK;D;20210426;000000;81;81.5;76.34;76.8;4287790;333994241.2
TRMK;D;20210427;000000;75.1;77;73.62;73.72;2975300;223217752.8
TRMK;D;20210428;000000;73.7;80.72;73.7;77.16;4804400;371810819.8
TRMK;D;20210429;000000;78.18;78.86;77;77.02;1229560;95644913.2
TRMK;D;20210430;000000;77.9;78.4;75.62;76.24;574750;44084390.4
TRMK;D;20210504;000000;76.64;77.88;75.02;75.6;1106110;84204359.2
TRMK;D;20210505;000000;76.1;76.1;75;75.5;498240;37539984.4
TRMK;D;20210506;000000;75.6;75.76;75;75.08;375680;28232459.8
TRMK;D;20210507;000000;75.3;75.78;74.7;74.98;604710;45414075.8
TRMK;D;20210510;000000;74.76;75.4;74.26;74.3;563800;42004818.2
TRMK;D;20210511;000000;74;74.8;73.6;73.78;618490;45755099
TRMK;D;20210512;000000;73.6;74.36;73.6;74.12;457870;33856941.6
TRMK;D;20210513;000000;74.3;74.82;71.7;72.02;861390;62472099.2
TRMK;D;20210514;000000;72.06;72.48;71.06;71.22;398130;28424747
TRMK;D;20210517;000000;71.7;72.34;70.16;70.5;443400;31483871.8
TRMK;D;20210518;000000;70.56;76.12;70.02;74.28;1556150;113749776
TRMK;D;20210519;000000;74.28;74.88;71.14;72;448170;32708042.6
TRMK;D;20210520;000000;72.1;72.1;70.02;71.2;494410;35089288
TRMK;D;20210521;000000;71.48;72.44;71.2;72.18;479690;34541437.4
TRMK;D;20210524;000000;72.14;73;71;71.66;397390;28676700.6
TRMK;D;20210525;000000;71.66;72.7;71.3;72.44;417840;30101888
TRMK;D;20210526;000000;72.44;72.8;71.06;71.52;342490;24568994
TRMK;D;20210527;000000;71.52;71.94;71.3;71.84;215980;15487167.6
TRMK;D;20210528;000000;71.72;72.68;71.3;71.92;240140;17253238.4
TRMK;D;20210531;000000;72;72.94;72;72.52;342650;24816832.4
TRMK;D;20210601;000000;72.3;74.24;71.5;74.1;521560;38123610.6
TRMK;D;20210602;000000;73.52;76.8;73.52;76.5;1055170;80148537
TRMK;D;20210603;000000;77.2;77.2;74.3;74.98;479410;36293486
TRMK;D;20210604;000000;74.5;76;74.5;74.9;307910;23151247.8
TRMK;D;20210607;000000;74.3;77.72;74.04;77.48;888300;68308747.6
TRMK;D;20210608;000000;78.5;78.5;75.3;75.6;573290;43898210.8
TRMK;D;20210609;000000;76;76.32;74.06;74.42;349650;26132362.4
TRMK;D;20210610;000000;74.14;74.9;72.24;73.34;485290;35663456.4
TRMK;D;20210611;000000;73.36;73.74;73;73.1;342440;25083920.2
TRMK;D;20210614;000000;73.1;73.74;72.9;73.3;193400;14174478.8
TRMK;D;20210615;000000;73.02;75.48;73.02;73.86;577430;42947148.4
TRMK;D;20210616;000000;75.1;75.1;72;73.22;208880;15339505.6
TRMK;D;20210617;000000;72.44;73.82;72.12;73.14;231690;16929104.4
TRMK;D;20210618;000000;73.66;73.68;72;72.12;410130;29602145.8
TRMK;D;20210621;000000;72.72;72.72;70.32;71.28;395910;28143974.2
TRMK;D;20210622;000000;71.7;71.98;70.92;71.4;194700;13913380.4
TRMK;D;20210623;000000;71.76;72.18;70.9;71.1;251730;17959006
TRMK;D;20210624;000000;71.7;71.7;70.06;70.58;284120;20098838.4
TRMK;D;20210625;000000;70.22;71.02;68.3;69.74;503340;34841252.2
TRMK;D;20210628;000000;68.68;70.38;68.68;69.88;164680;11536065.2
TRMK;D;20210629;000000;69.94;70.06;68;68.3;407110;27948599
TRMK;D;20210630;000000;68.68;69;67.56;67.56;352290;23959309.4
TRMK;D;20210701;000000;68.58;69.18;67.86;68.72;322860;22165685.8
TRMK;D;20210702;000000;68.3;70.7;68.3;70.06;411580;28719609.4
TRMK;D;20210705;000000;70.4;73.56;70.4;73;988040;71649267.6
TRMK;D;20210706;000000;73.38;74.38;72;72;473220;34452205.8
TRMK;D;20210707;000000;72.1;73.18;71.24;71.5;247050;17819403.4
TRMK;D;20210708;000000;71.8;72;69.4;70.28;292890;20549509
TRMK;D;20210709;000000;70.3;71;69.84;69.94;170300;11976763.8
TRMK;D;20210712;000000;69.94;70.54;69.8;70.22;105600;7403792.2
TRMK;D;20210713;000000;70.32;70.58;69.82;70;140450;9834860
TRMK;D;20210714;000000;69.5;70;68.34;68.6;463570;31935648.8
TRMK;D;20210715;000000;68.6;69.28;67.7;68.02;368710;25134881.8
TRMK;D;20210716;000000;68.78;68.78;67.6;67.74;348560;23729619.8
TRMK;D;20210719;000000;68.08;68.14;63.4;65.1;918420;60303508.8
TRMK;D;20210720;000000;65.1;66.84;64.7;64.9;360970;23608118.8
TRMK;D;20210721;000000;65.82;68.2;63.6;66.12;712980;46685358.4
TRMK;D;20210722;000000;66.64;72.8;66.04;72.8;2074330;146750103.8
TRMK;D;20210723;000000;71.54;72.38;71;71.36;847200;60652791.2
TRMK;D;20210726;000000;71.12;71.9;70.72;71.04;344520;24539055.8
TRMK;D;20210727;000000;71.02;72.48;70.8;71.82;374460;26811425.8
TRMK;D;20210728;000000;71.84;72.98;71.22;72.56;435660;31500667.8
TRMK;D;20210729;000000;72.82;73.88;72;72.68;529700;38585473.2
TRMK;D;20210730;000000;73.4;101;73.06;99.7;23161100;2147123120
TRMK;D;20210802;000000;109.66;117.66;100.5;101.88;18095010;1932491834.8
TRMK;D;20210803;000000;101.32;103.48;99.8;100.48;3422680;345031324.4
TRMK;D;20210804;000000;100.6;102.8;100.6;102.1;1676530;170211431.6
TRMK;D;20210805;000000;102.86;106.98;102.02;106.66;3185720;335066741.2
TRMK;D;20210806;000000;106.9;107.5;104;105;1782380;187981386.8
TRMK;D;20210809;000000;105.5;106.58;104.9;104.9;1105790;116631755.8
TRMK;D;20210810;000000;104.14;105.72;103.02;103.56;1578990;164373743.6
TRMK;D;20210811;000000;104.1;104.96;103.5;104.18;915460;95590154.6
TRMK;D;20210812;000000;104.3;104.84;103;104.36;1141890;118796329.4
TRMK;D;20210813;000000;104.6;105.02;103.8;103.9;854700;89208919.6
TRMK;D;20210816;000000;104.2;105.5;104.2;104.6;1169640;122655844
TRMK;D;20210817;000000;103.88;105;103.88;104.22;719300;75217046.4
TRMK;D;20210818;000000;104.42;105.16;104.42;104.62;659830;69106379
TRMK;D;20210819;000000;104.04;104.76;103.06;103.36;994400;103115418
TRMK;D;20210820;000000;103.84;104.3;103.38;104.22;662980;68856018.6
TRMK;D;20210823;000000;104.9;105.04;104.26;104.66;794920;83241149.4
TRMK;D;20210824;000000;104.96;105.6;104.7;105;738190;77656808.8
TRMK;D;20210825;000000;105.8;110;105.04;106.16;4298810;461158155.6
TRMK;D;20210826;000000;106.1;107.7;105.22;106;1610630;171403041.4
TRMK;D;20210827;000000;106.86;108.7;105.66;108.5;1676590;179910465.2
TRMK;D;20210830;000000;109.36;117;108.3;115.7;5923170;669415321.4
TRMK;D;20210831;000000;116.58;120;113.22;116.4;4310680;503914892.4
TRMK;D;20210901;000000;117.98;117.98;114.74;116.4;1638410;190498059.2
TRMK;D;20210902;000000;117.18;117.86;114.8;115.8;1540110;178922070.2
TRMK;D;20210903;000000;116.04;119.98;116.04;118.7;4126830;487280262.8
TRMK;D;20210906;000000;119;125.5;118.48;124.6;6928080;849638205.4
TRMK;D;20210907;000000;124.5;125.42;122;122.62;3488310;430358749.2
TRMK;D;20210908;000000;123.48;123.48;119.22;122.1;2901210;351524201.6
TRMK;D;20210909;000000;122.98;125;119.6;123.08;2641840;322979763
TRMK;D;20210910;000000;123.6;124.6;122.24;123.38;2255580;278812358
TRMK;D;20210913;000000;123.38;123.92;120.9;121.8;3057520;375316219.2
TRMK;D;20210914;000000;121.7;121.8;116.5;120.14;4233170;507381429.8
TRMK;D;20210915;000000;120;120;116;117.08;4234680;498638133.6
TRMK;D;20210916;000000;105.38;105.38;94.8;98.82;8302350;817071324.8
TRMK;D;20210917;000000;99.98;99.98;95.02;95.1;2309340;223832277
TRMK;D;20210920;000000;94.04;94.18;89;89.36;2957700;271590250.4
TRMK;D;20210921;000000;90.38;90.98;88.9;90.4;977900;88168719.8
TRMK;D;20210922;000000;91;98.4;90.8;96.6;4566210;434776847.2
TRMK;D;20210923;000000;96.6;97.28;93.1;93.68;1596850;151050649.4
TRMK;D;20210924;000000;94.76;95.48;92.66;94;891380;83710515.6
TRMK;D;20210927;000000;95.54;96.2;93.38;94;1271600;120145173.8
TRMK;D;20210928;000000;95.2;95.2;93.6;93.96;730250;68869915.8
TRMK;D;20210929;000000;94.48;94.48;93;93.5;395630;37074036.2
TRMK;D;20210930;000000;94.64;94.64;92.2;92.2;775280;72256014.6
TRMK;D;20211001;000000;92.4;98.78;92.04;97.6;2528070;243574244
TRMK;D;20211004;000000;98;98.12;95.02;95.06;923750;88920014
TRMK;D;20211005;000000;95.94;98.48;95.34;96.84;1315150;127505036
TRMK;D;20211006;000000;97.4;99.48;92.8;93.02;2028950;192114467.6
TRMK;D;20211007;000000;94;96;93.34;94.3;893460;84974188.6
TRMK;D;20211008;000000;95.3;97.32;94.76;95.76;910040;87713702
TRMK;D;20211011;000000;96;97.94;95;95.8;768720;73822259.6
TRMK;D;20211012;000000;96;97.5;94.66;96.3;830580;79992454.2
TRMK;D;20211013;000000;96.76;97.1;95.04;95.32;474730;45558812
TRMK;D;20211014;000000;95.8;95.92;94.46;94.64;413960;39413782.6
TRMK;D;20211015;000000;94.7;95.84;94.52;94.68;260080;24718819
TRMK;D;20211018;000000;94.46;95;93.72;94.04;331140;31298911.6
TRMK;D;20211019;000000;94.04;96;94.04;95.04;608120;57795479
TRMK;D;20211020;000000;95.46;95.52;94.24;94.44;220480;20874629
TRMK;D;20211021;000000;94.56;95.1;93.22;93.3;337590;31727659.4
TRMK;D;20211022;000000;93;94.1;92.7;93.08;366660;34258263.8
TRMK;D;20211025;000000;93.3;94;90.36;90.9;1009790;92756765.6
TRMK;D;20211026;000000;90.34;91.48;88;88.36;1347600;120155849.4
TRMK;D;20211027;000000;88.5;88.5;85.5;86.68;793220;68809792.4
TRMK;D;20211028;000000;86.2;87.34;84.62;85.98;488460;41895564
TRMK;D;20211029;000000;85.98;89.98;85.8;86.7;780100;68849078
TRMK;D;20211101;000000;88;89.4;87.5;88.44;512300;45323648.4
TRMK;D;20211102;000000;88.24;90.3;88.2;89.06;406090;36309436.8
TRMK;D;20211103;000000;89.58;89.58;87.9;88.42;188680;16692186.6
TRMK;D;20211105;000000;87.46;90.88;86.1;86.78;410100;35733462.4
TRMK;D;20211108;000000;87.04;87.98;86.34;86.5;320830;27902244.4
TRMK;D;20211109;000000;87.3;87.64;85.9;86.16;513720;44376937.2
TRMK;D;20211110;000000;86.22;86.88;85.02;86.32;440470;37818992.6
TRMK;D;20211111;000000;85.14;87.3;85.14;85.98;288480;24819003.6
TRMK;D;20211112;000000;85.28;86.72;84.04;84.6;501200;42532652.2
TRMK;D;20211115;000000;84.6;85.7;84.22;84.9;420450;35705828
TRMK;D;20211116;000000;85.5;85.58;83.22;83.22;415240;34964527.2
TRMK;D;20211117;000000;83.2;84.98;82.7;83.02;408100;34095928.4
TRMK;D;20211118;000000;82.5;84;82.38;83;379250;31565932.8
TRMK;D;20211119;000000;83.18;83.56;80.7;81.52;466600;38185817
TRMK;D;20211122;000000;80.6;81.88;75;77.54;792950;62326169
TRMK;D;20211123;000000;78.36;81.32;75.1;79.24;891410;69723120.4
TRMK;D;20211124;000000;79.06;81.78;78.2;79;406790;32210245
TRMK;D;20211125;000000;79.08;86.64;78.94;85.2;2582440;215960853.8
TRMK;D;20211126;000000;83.9;83.9;78.38;80;1941590;156397332.8
TRMK;D;20211129;000000;80.72;82.46;78.8;79.56;761450;60903809.2
TRMK;D;20211130;000000;78.38;79.76;75.5;75.5;1297680;99932487.4
TRMK;D;20211201;000000;76;78.5;76;77.4;793780;61575393.6
TRMK;D;20211202;000000;77.74;77.98;75.66;75.76;927590;70786413.6
TRMK;D;20211203;000000;76.96;77.24;76;76.12;320270;24483207.4
TRMK;D;20211206;000000;76.12;76.6;74.5;75.1;428510;32287229.8
TRMK;D;20211207;000000;75.48;75.98;74.5;75.2;508830;38124522.2
TRMK;D;20211208;000000;75.2;76.48;73.8;73.9;597460;44967831
TRMK;D;20211209;000000;73.72;75.38;73.72;74.14;402150;29938773.8
TRMK;D;20211210;000000;74.6;75.3;73.52;74.96;389090;29034042
TRMK;D;20211213;000000;74.96;76.98;72.18;72.24;699910;51891866.4
TRMK;D;20211214;000000;71.92;73.16;69.4;70.3;919880;65236809.2
TRMK;D;20211215;000000;70.6;74.58;70.4;73.14;611990;44353145.6
TRMK;D;20211216;000000;73.8;77;73.56;76.38;726490;55030267.4
TRMK;D;20211217;000000;76.98;76.98;74.84;75.1;418210;31683952.4
TRMK;D;20211220;000000;73.58;74.66;72.34;73.14;335840;24635649.6
TRMK;D;20211221;000000;74;74.84;73.14;73.44;217790;16084670
TRMK;D;20211222;000000;73.44;74.38;70.9;72.38;825490;60092982.4
TRMK;D;20211223;000000;73.5;73.76;71.92;72.48;324840;23592748.6
TRMK;D;20211224;000000;73.1;73.1;70.44;71.42;406400;29146226.6
TRMK;D;20211227;000000;71.98;73.3;71.06;72.24;597580;43258680.2
TRMK;D;20211228;000000;72.26;73.1;71.4;72;827570;59842919.8
TRMK;D;20211229;000000;72.04;73.2;71.34;72.18;460700;33268593
TRMK;D;20211230;000000;72.2;73.18;72.2;72.56;392740;28630251.4
TRMK;D;20220103;000000;73.34;77.3;73.28;76.8;1091570;83070905.2
TRMK;D;20220104;000000;77.02;88.44;77.02;86;4960500;414136365
TRMK;D;20220105;000000;84.8;86.78;80.3;80.78;2014720;168753812.8
TRMK;D;20220106;000000;81.32;83.78;80;80.82;927160;75688826.4
TRMK;D;20220110;000000;81.16;84.8;81;81.6;1159430;96099257.8
TRMK;D;20220111;000000;82.08;83.58;79.02;79.6;1291170;105323210.6
TRMK;D;20220112;000000;80.5;81.78;80;80.8;543880;44059015
TRMK;D;20220113;000000;80.8;81.68;77.52;77.52;977550;77659414.4
TRMK;D;20220114;000000;77.56;79.56;73.1;76.4;1098130;84082712.4
TRMK;D;20220117;000000;77.44;78.4;74;74.5;503950;38316165
TRMK;D;20220118;000000;74.4;76;70.98;71.56;828210;60347410.2
TRMK;D;20220119;000000;72.34;77.68;70.12;75.58;1115150;83322281.4
TRMK;D;20220120;000000;76.18;78.46;74.8;76.28;501090;38247770.6
TRMK;D;20220121;000000;76.18;78;75.2;77.32;649720;49927262
TRMK;D;20220124;000000;78;78.88;70.16;72.52;1317680;96605724.4
TRMK;D;20220125;000000;74.84;75.5;71.82;73;477030;35050668.2
TRMK;D;20220126;000000;73.2;75.74;73;74.5;540500;40199354.2
TRMK;D;20220127;000000;74.5;76.6;73.1;75.38;717240;54287422.6
TRMK;D;20220128;000000;76.38;77.68;74.92;75.6;459400;34979219.4
TRMK;D;20220131;000000;76;77.86;74.5;75.26;646140;49153917.8
TRMK;D;20220201;000000;75.5;76.6;74.7;75.42;318850;24050704.8
TRMK;D;20220202;000000;76;76.38;75.42;75.7;181330;13765934.4
TRMK;D;20220203;000000;75;75.9;73.68;75;292040;21876260
TRMK;D;20220204;000000;75.98;77.56;75.28;76.9;414760;31675454
TRMK;D;20220207;000000;77.48;81.8;77.04;81.78;798320;62918049
TRMK;D;20220208;000000;81.8;84.78;80.78;81.72;900300;73967781
TRMK;D;20220209;000000;82;83.38;80.6;81.72;544810;44458389.4
TRMK;D;20220210;000000;81.98;85.46;80.78;85.34;1001070;82825576.4
TRMK;D;20220211;000000;84.7;84.7;81.18;82.26;556890;45835916.4
TRMK;D;20220214;000000;81.08;82.18;79.02;79.98;834980;67123174.4
TRMK;D;20220215;000000;84.38;84.38;80.64;81.32;561100;45827227.8
TRMK;D;20220216;000000;83.1;83.5;81.46;82.54;531180;43732498.2
TRMK;D;20220217;000000;82.54;82.54;80.2;80.7;445840;36288865.6
TRMK;D;20220218;000000;81.66;82.1;75.54;77;778710;61342399.8
TRMK;D;20220221;000000;79.46;79.78;68.6;71;1858820;136405908
TRMK;D;20220222;000000;70;74.6;65;73.84;1215220;84312300.6
TRMK;D;20220224;000000;66.48;66.48;40;51.96;2490120;129269345.6
TRMK;D;20220225;000000;52;63.12;52;60.54;869320;51389485.4
TRMK;D;20220328;000000;59.98;60.36;50.04;55;516660;28551876.6
TRMK;D;20220329;000000;55.18;57.56;50.42;53.1;933030;50495378.4
TRMK;D;20220330;000000;54;62;53.6;60.52;566080;32296450.6
TRMK;D;20220331;000000;64.98;69.98;62.2;67.5;1118040;74813433
TRMK;D;20220401;000000;67.6;70.58;67.4;69.58;506980;35044134.2
TRMK;D;20220404;000000;69.98;72;66.1;69.08;513660;35524700.4
TRMK;D;20220405;000000;69;70.1;63.2;64.66;663010;43606000
TRMK;D;20220406;000000;64.66;71.96;62.62;68.3;903770;61918352
TRMK;D;20220407;000000;68;70.2;66;67.42;390380;26477074
TRMK;D;20220408;000000;67.78;76.44;67.32;69;2899800;210247241.8
TRMK;D;20220411;000000;68.9;69.3;64.02;66.6;687430;46251029.6
TRMK;D;20220412;000000;66.8;68;63.02;66.2;426150;27814209
TRMK;D;20220413;000000;66.4;67.98;63.4;65.46;310710;20367384.4
TRMK;D;20220414;000000;65.82;67;63.2;64.64;511640;33283550.8
TRMK;D;20220415;000000;65;66.88;63.56;64.72;391230;25434361.8
TRMK;D;20220418;000000;64.78;64.82;63.16;63.68;276560;17727688.8
TRMK;D;20220419;000000;63.72;63.98;58.66;60.1;791070;47885746.8
TRMK;D;20220420;000000;60;62.5;59.6;60.06;315550;19166392
TRMK;D;20220421;000000;61.14;61.66;60;60.02;227860;13787878.6
TRMK;D;20220422;000000;60.24;60.5;59.36;60;183620;11023657.2
TRMK;D;20220425;000000;59.98;59.98;57.66;58;224880;13145142.2
TRMK;D;20220426;000000;58.48;59.22;56.3;58.1;373380;21676025.6
TRMK;D;20220427;000000;59.48;59.86;57.64;59.8;353370;20948429.8
TRMK;D;20220428;000000;59.9;60.6;58.24;58.52;289440;17295614.2
TRMK;D;20220429;000000;58;59.56;58;59.38;147370;8690521.4
TRMK;D;20220504;000000;59.44;61.8;58.54;58.8;466480;27973926.2
TRMK;D;20220505;000000;58.98;59.74;58.58;58.78;156770;9238426.8
TRMK;D;20220506;000000;58.92;59.42;57.8;58.22;177460;10336222
TRMK;D;20220511;000000;58.34;58.68;58;58;119310;6951566.4
TRMK;D;20220512;000000;57.84;58.18;56;56.18;281870;15942157.4
TRMK;D;20220513;000000;56.18;57.98;55.7;57.68;244840;13942102.8
TRMK;D;20220516;000000;58;58.78;57.38;58.26;200430;11693162.6
TRMK;D;20220517;000000;58.32;59.24;58.04;58.6;130010;7631348.6
TRMK;D;20220518;000000;58.62;64.8;58.62;62.08;861390;53801359.6
TRMK;D;20220519;000000;62.1;63.62;58.3;61;622120;38002423.4
TRMK;D;20220520;000000;61;62.2;58.1;58.86;780540;46220745.4
TRMK;D;20220523;000000;59.04;59.08;56.02;56.5;513090;29305767.6
TRMK;D;20220524;000000;56.54;56.88;55;56.06;273590;15255207.6
TRMK;D;20220525;000000;56.06;58.4;54.5;55.7;538310;30416452.2
TRMK;D;20220526;000000;55.5;56.66;54.9;56.2;361680;20246105
TRMK;D;20220527;000000;56.6;56.88;55.62;56.2;239450;13480679.2
TRMK;D;20220530;000000;56.2;56.6;55.22;55.8;197760;11033917.8
TRMK;D;20220531;000000;55.3;55.64;54;54;277880;15185034.6
TRMK;D;20220601;000000;54.5;54.6;53.62;53.9;169410;9156026.4
TRMK;D;20220602;000000;53.9;54.16;52.6;52.64;111210;5933429.2
TRMK;D;20220603;000000;53;53;51.48;51.74;244410;12688715.4
TRMK;D;20220606;000000;51.74;52.44;51.4;51.7;98380;5112885.6
TRMK;D;20220607;000000;51.8;52.38;50.3;52.02;241670;12346006.6
TRMK;D;20220608;000000;52.3;52.88;51.7;51.88;122520;6410191.6
TRMK;D;20220609;000000;51.88;52.08;50;50.22;223850;11312008.2
TRMK;D;20220610;000000;50.3;51.98;49.62;51;199790;10167502.4
TRMK;D;20220614;000000;51.2;51.2;49.44;49.78;292140;14649043.6
TRMK;D;20220615;000000;50.2;51.1;49.78;51.04;174660;8791599.4
TRMK;D;20220616;000000;51.18;54.56;51.04;52.76;474750;24869710.4
TRMK;D;20220617;000000;52.6;53.82;52.5;53.3;191900;10236785.4
TRMK;D;20220620;000000;53.68;55.54;52.98;54.86;321960;17535893.2
TRMK;D;20220621;000000;55.04;55.5;54.02;54.02;238880;13111509.6
TRMK;D;20220622;000000;54.16;58.5;53.06;57.3;1128490;64102925.2
TRMK;D;20220623;000000;57.58;59.14;57.3;58.1;453670;26527279.2
TRMK;D;20220624;000000;58.4;59.28;57.22;57.78;266680;15518289.4
TRMK;D;20220627;000000;57.76;57.78;56.1;57.02;185970;10578021.8
TRMK;D;20220628;000000;57.3;57.76;56.52;56.64;118500;6728270.2
TRMK;D;20220629;000000;57.02;58.2;56.62;57.46;201290;11539743.4
TRMK;D;20220630;000000;57.28;59.02;54.08;55.72;692850;38697723
TRMK;D;20220701;000000;55.44;61.94;54.56;59.64;1076510;64165135.4
TRMK;D;20220704;000000;61.14;64.3;59.1;62.02;1528600;95804756.6
TRMK;D;20220705;000000;65.5;65.5;58.3;59.36;584180;35805653.2
TRMK;D;20220706;000000;59.58;60.58;58;58.7;545540;32140087.4
TRMK;D;20220707;000000;58.72;60.38;58.7;59.42;225860;13461971.4
TRMK;D;20220708;000000;59.84;62.12;58.98;61.02;384200;23407645
TRMK;D;20220711;000000;61.76;62.88;60.2;60.56;442510;27207312.6
TRMK;D;20220712;000000;61.3;70.48;59.5;68.52;4089560;274437264.4
TRMK;D;20220713;000000;69;72.58;66.32;67;2783650;192264543.4
TRMK;D;20220714;000000;67.02;71;67.02;70.5;2227040;154686994.6
TRMK;D;20220715;000000;70.5;72.28;69.86;71.12;1496110;106332482.2
TRMK;D;20220718;000000;71.88;72.8;69;70.38;1213430;85358570.6
TRMK;D;20220719;000000;73.3;84;71.4;75.88;8040640;624179516.8
TRMK;D;20220720;000000;75.94;78.4;72.02;76.66;4456860;332063838.4
TRMK;D;20220721;000000;76.28;80.82;73.84;77.48;4448130;346279915
TRMK;D;20220722;000000;77.66;78.6;75.5;75.8;1270040;97446419.2
TRMK;D;20220725;000000;75.8;76.32;74.22;74.72;884580;66410869.2
TRMK;D;20220726;000000;75;77.5;74.74;76.48;795500;60729609.2
TRMK;D;20220727;000000;76.5;77.5;75.8;76.58;669790;51474360.4
TRMK;D;20220728;000000;76.66;76.96;75.4;76;325760;24820744.4
TRMK;D;20220729;000000;75.9;77;75.46;75.78;448140;34121973
TRMK;D;20220801;000000;75.84;76.4;74.46;74.84;316220;23781679.8
TRMK;D;20220802;000000;74.96;75.44;73;73.14;355730;26294719
TRMK;D;20220803;000000;73.14;73.86;69.5;71;670790;47965809.6
TRMK;D;20220804;000000;71.04;73.6;70.5;72.76;545430;39350528
TRMK;D;20220805;000000;73.56;73.88;70.2;71.66;418680;30095338.4
TRMK;D;20220808;000000;73.4;73.78;72.2;73.62;351580;25733795.6
TRMK;D;20220809;000000;73.9;75;73.06;75;362870;26962827.4
TRMK;D;20220810;000000;75.3;75.68;74.38;75.24;245450;18434045.6
TRMK;D;20220811;000000;75.6;75.7;74.52;75.2;227030;17034493.4
TRMK;D;20220812;000000;74.6;75.5;74.52;75.12;160750;12077836.4
TRMK;D;20220815;000000;75.42;75.88;74.9;75.68;190910;14398657.8
TRMK;D;20220816;000000;75.9;76.86;75.7;76.48;279870;21386056.2
TRMK;D;20220817;000000;76.46;76.92;76.46;76.58;130070;9961322.2
TRMK;D;20220818;000000;76.58;80.98;75.5;80.68;1479800;117383375.6
TRMK;D;20220819;000000;80.98;81;77.42;78.46;724390;57235727
TRMK;D;20220822;000000;79.7;81.76;78.52;79.9;939950;75428808.8
TRMK;D;20220823;000000;80.9;80.9;79.02;79.68;319050;25468790.2
TRMK;D;20220824;000000;80;80.68;78.98;80.1;332750;26578514
TRMK;D;20220825;000000;80.7;82;80.12;81.4;760340;61793302.4
TRMK;D;20220826;000000;81.4;84.5;81.3;83.82;3164300;263099865
TRMK;D;20220829;000000;84.9;88.96;84;87.68;3836350;331797342.2
TRMK;D;20220830;000000;88;96.56;88;91.4;9419640;867805416.2
TRMK;D;20220831;000000;89.5;91.78;87.4;89.3;2045360;183633475.2
TRMK;D;20220901;000000;89.54;90.76;89.1;89.9;1179500;106116291.6
TRMK;D;20220902;000000;90.32;90.32;89.34;89.84;868000;77843060.8
TRMK;D;20220905;000000;90.7;90.8;88.14;89.78;2000270;179780739.2
TRMK;D;20220906;000000;89.8;90;85;88.52;1942230;172224140.6
TRMK;D;20220907;000000;88.5;88.5;85.76;86.22;2212300;192710477.2
TRMK;D;20220908;000000;77.6;81.94;73.5;78.02;6425180;503601038
TRMK;D;20220909;000000;78.14;79.48;77.8;77.98;857750;67114372.2
TRMK;D;20220912;000000;77.6;79.98;77.12;78.88;1213920;96028613
TRMK;D;20220913;000000;79.1;79.42;76.5;77.7;569330;44479670.4
TRMK;D;20220914;000000;77.7;77.98;74.2;75.3;1065710;80523556.4
TRMK;D;20220915;000000;75.8;78.98;75.42;78.3;1213110;94360896.8
TRMK;D;20220916;000000;78.66;81;78.4;78.84;2070370;165098978.4
TRMK;D;20220919;000000;79.08;79.24;76.5;77.84;693470;54070426.2
TRMK;D;20220920;000000;78.2;78.2;69;70.88;1907810;141594455.6
TRMK;D;20220921;000000;63.8;69.96;60.4;66.32;1542270;101447531
TRMK;D;20220922;000000;65.22;69;65.14;68.38;626550;42672093.8
TRMK;D;20220923;000000;68.44;68.88;62.2;65.06;685420;44571713.6
TRMK;D;20220926;000000;65.04;65.88;54.08;58.52;1291110;75963508
TRMK;D;20220927;000000;58.86;60.42;54.56;56.22;785930;44968789.2
TRMK;D;20220928;000000;57.02;59.78;55.72;55.9;894190;51330502.6
TRMK;D;20220929;000000;56.26;58;55;55.82;640790;36240220.4
TRMK;D;20220930;000000;55.82;68.4;53;60.02;2599000;157842947.6
TRMK;D;20221003;000000;62.48;64.04;61.04;62.72;851840;53559023.2
TRMK;D;20221004;000000;63.2;63.86;58.24;60.76;750720;45972840.2
TRMK;D;20221005;000000;60;63.16;57.64;62.38;1052870;64174820
TRMK;D;20221006;000000;62;65.5;60.62;60.92;818340;51848571.4
TRMK;D;20221007;000000;61;63.3;58.6;58.6;600700;36443274.8
TRMK;D;20221010;000000;57.8;61.24;55.66;60.38;662710;39507995
TRMK;D;20221011;000000;62;63.48;60.24;62.8;348750;21635490.4
TRMK;D;20221012;000000;62.8;64;61.42;62.78;307060;19187813.6
TRMK;D;20221013;000000;63.06;67.2;62.78;65.96;888030;58044544
TRMK;D;20221014;000000;66.64;68.68;66.22;67.4;901100;60679762.2
TRMK;D;20221017;000000;68.08;69;67.04;68.6;591780;40490414.8
TRMK;D;20221018;000000;69.16;69.24;66.6;67.28;446420;30317161.4
TRMK;D;20221019;000000;66.62;67;65;65.5;378770;25089318.8
TRMK;D;20221020;000000;66.12;67.66;65.1;65.9;392710;26005541.2
TRMK;D;20221021;000000;66.76;66.76;64.04;65.02;501520;32723169.8
TRMK;D;20221024;000000;66.48;67.4;65.6;66.4;324500;21601979
TRMK;D;20221025;000000;67;68.6;66.24;68.4;665960;45181621
TRMK;D;20221026;000000;68.5;68.52;67;67.66;379950;25775704.2
TRMK;D;20221027;000000;67.82;68.5;66.8;68.06;480080;32659758.8
TRMK;D;20221028;000000;68.06;68.24;66.8;67.5;320660;21633007.4
TRMK;D;20221031;000000;67.96;69.88;67.5;69.1;696050;48059923.2
TRMK;D;20221101;000000;69.5;70.8;69.08;69.54;610790;42716368.6
TRMK;D;20221102;000000;69.78;70.2;67.84;68.7;378210;26071056.4
TRMK;D;20221103;000000;68.32;68.56;67.5;68.36;243130;16542565.8
TRMK;D;20221107;000000;68.52;69.8;68.42;69.54;340110;23597358.8
TRMK;D;20221108;000000;69.6;69.9;68.4;68.94;294930;20377425.4
TRMK;D;20221109;000000;69.06;70.26;68.2;68.5;656930;45517010.6
TRMK;D;20221110;000000;68.64;68.98;67.54;68.54;445360;30383576.2
TRMK;D;20221111;000000;69.04;69.08;68;68.22;285590;19526115.8
TRMK;D;20221114;000000;68.22;68.9;68.04;68.86;199990;13737179.8
TRMK;D;20221115;000000;69;71.9;68.16;70.92;826940;57944927.2
TRMK;D;20221116;000000;70.92;74.8;67.06;74.52;1309030;94799562.4
TRMK;D;20221117;000000;75;79.5;74.54;78.02;2774240;215177544.4
TRMK;D;20221118;000000;78.04;78.48;75.1;76.24;858440;65650902.2
TRMK;D;20221121;000000;76.22;76.66;72.7;75.86;948290;70835163.8
TRMK;D;20221122;000000;76.1;76.96;74.78;75.88;345730;26200994.4
TRMK;D;20221123;000000;76.9;77.28;75.5;76.64;402140;30751089.2
TRMK;D;20221124;000000;76.64;79.38;76.64;77.1;880550;68823100.6
TRMK;D;20221125;000000;77.48;77.48;75.76;77;329800;25248280
TRMK;D;20221128;000000;76.5;76.96;75.52;75.98;166100;12649180.4
TRMK;D;20221129;000000;76.08;77.78;75.88;77.12;345270;26585525.6
TRMK;D;20221130;000000;77.36;78.5;77.02;77.64;416500;32425980.4
TRMK;D;20221201;000000;77.8;78.34;77.6;77.74;154740;12050824.2
TRMK;D;20221202;000000;77.78;78.32;77.7;78;268370;20935139
TRMK;D;20221205;000000;78.56;79.98;78.02;78.52;666700;52759412.2
TRMK;D;20221206;000000;78.52;78.94;76.98;78.06;223410;17400398.8
TRMK;D;20221207;000000;77.72;77.98;77.22;77.5;168040;13014068.6
TRMK;D;20221208;000000;77.5;77.92;77;77.66;169640;13115617.2
TRMK;D;20221209;000000;77.68;79.42;77.58;78.98;379730;29878630.8
TRMK;D;20221212;000000;79;79.52;78.28;78.42;206450;16273080.8
TRMK;D;20221213;000000;78.4;79.44;78.34;78.76;341990;26943502.2
TRMK;D;20221214;000000;78.74;82;76.48;81.54;1640930;131632135.2
TRMK;D;20221215;000000;82.12;84.72;78.04;81.16;2757460;226194036.8
TRMK;D;20221216;000000;81.74;82.68;80.14;81.08;571460;46680441.6
TRMK;D;20221219;000000;81.48;82.08;78.6;79.54;615330;49273230.2
TRMK;D;20221220;000000;79.78;81;78.98;79.82;517450;41474067.6
TRMK;D;20221221;000000;79.82;80.48;78.82;78.84;476140;37860245.2
TRMK;D;20221222;000000;79;79.54;78.86;79.18;210140;16664167.8
TRMK;D;20221223;000000;79.2;79.4;78.62;79.08;240880;19025327.4
TRMK;D;20221226;000000;79.18;80.98;79.18;80.46;615040;49463507.4
TRMK;D;20221227;000000;80.76;81.74;80.14;81.3;447570;36251701.2
TRMK;D;20221228;000000;81.9;83;81.3;81.7;721390;59092262.8
TRMK;D;20221229;000000;81.94;82.6;81.7;82.24;571460;46965863.2
TRMK;D;20221230;000000;82.94;82.98;82.32;82.8;562460;46518663.2
TRMK;D;20230104;000000;85.4;89;85;88.74;1393390;122545544.2
TRMK;D;20230105;000000;89;91.3;88.8;90;1812980;163410299.6
TRMK;D;20230106;000000;90;90.44;88.34;89.44;743030;66282267.6
TRMK;D;20230109;000000;89.5;91;89.5;90.46;776070;70139590.4
TRMK;D;20230110;000000;91;91;89.5;89.9;544700;49032808.8
TRMK;D;20230111;000000;90.1;90.98;89.9;90.66;798590;72285183.2
TRMK;D;20230112;000000;90.98;92.24;90.5;91.74;1176270;107576104.2
TRMK;D;20230113;000000;91.98;94.86;91.66;93.86;2058780;192916197.8
TRMK;D;20230116;000000;94.48;96.32;94.16;95.86;1741450;166558329
TRMK;D;20230117;000000;96.2;97.94;93.3;94.6;1948020;185911680.8
TRMK;D;20230118;000000;92.6;95;91.06;94.38;1049840;98222827.2
TRMK;D;20230119;000000;94.9;94.9;93;93.56;844140;78895110
TRMK;D;20230120;000000;93.88;96.3;93.42;95.62;2721560;259015727.8
TRMK;D;20230123;000000;97.04;97.84;95;95.96;1689860;162786760.2
TRMK;D;20230124;000000;96.36;96.36;93.72;93.9;1596590;151543625.2
TRMK;D;20230125;000000;93.5;93.56;91.1;91.88;2019450;185928971
TRMK;D;20230126;000000;91.88;92.96;91.6;91.9;1033570;95230232.4
TRMK;D;20230127;000000;91.9;92.22;90.62;92.2;2250000;205487012
TRMK;D;20230130;000000;85.4;86.28;84.56;84.6;4310060;366882951
TRMK;D;20230131;000000;84.4;84.56;83.38;83.58;1521830;127894650.8
TRMK;D;20230201;000000;83.5;86.2;83.48;85.4;2485070;211374577.8
TRMK;D;20230202;000000;85.6;87.66;85.6;87.44;1751750;152508337.6
TRMK;D;20230203;000000;87.8;87.8;86.1;86.98;789930;68621904.6
TRMK;D;20230206;000000;86.98;87.94;85;87.2;925080;80596422.2
TRMK;D;20230207;000000;87.1;89.5;87.04;88.4;1365990;121102051.2
TRMK;D;20230208;000000;88.4;89.2;87.2;88.06;725540;64108481.8
TRMK;D;20230209;000000;87.6;88.48;87.1;87.14;488960;42837090.6
TRMK;D;20230210;000000;87;87.3;85;87.02;635220;54982578.2
TRMK;D;20230213;000000;87.86;87.86;86.86;87.16;334810;29221101.4
TRMK;D;20230214;000000;87.16;87.32;85.5;86;542910;46790535.8
TRMK;D;20230215;000000;85.9;85.96;83.42;83.48;875510;73924876
TRMK;D;20230216;000000;83.62;85.78;83.62;84.6;593400;50458230.4
TRMK;D;20230217;000000;85.18;85.34;84.5;84.94;263990;22438336.2
TRMK;D;20230220;000000;84.9;84.9;83.5;84.28;506200;42565490.6
TRMK;D;20230221;000000;84.86;86.74;84.3;85.72;816710;70149335.4
TRMK;D;20230222;000000;85.7;85.76;84.6;85.74;341200;29076089.8
TRMK;D;20230224;000000;85.88;86.36;85.46;85.74;224160;19263423.6
TRMK;D;20230227;000000;86.12;87.5;85.52;87.14;769030;66924288.4
TRMK;D;20230228;000000;87.42;88.88;87.16;88.08;629420;55468233
TRMK;D;20230301;000000;88.42;88.58;87.84;88.18;450850;39768505
TRMK;D;20230302;000000;88.46;88.46;86.2;86.92;552560;48252781.2
TRMK;D;20230303;000000;87.12;88.04;86.92;87.78;241310;21154056.4
TRMK;D;20230306;000000;88.16;89.98;88.08;89.86;1048840;93531066.6
TRMK;D;20230307;000000;90;90.72;89.04;90.6;863090;77640589.2
TRMK;D;20230309;000000;90.74;92;90.5;91.6;991710;90489080.4
TRMK;D;20230310;000000;91.6;91.6;90.06;90.64;584030;53081695.4
TRMK;D;20230313;000000;90.64;91.32;88.1;89.42;1017510;91402554.2
TRMK;D;20230314;000000;89.5;90.74;88.82;90.52;567170;51138104.4
TRMK;D;20230315;000000;90.78;94.58;89.82;90.92;3518970;324877497
TRMK;D;20230316;000000;92.18;93.12;90.22;91.16;750980;68765599.8
TRMK;D;20230317;000000;91.9;92.88;90.92;92.12;969900;89360450.2
TRMK;D;20230320;000000;92.78;95.78;92.26;94.7;1796080;168790642.8
TRMK;D;20230321;000000;94.7;96.2;93.5;94.62;1425350;135428144.2
TRMK;D;20230322;000000;95.38;95.9;93.88;95.04;616890;58485128.2
TRMK;D;20230323;000000;95.3;96.2;94.9;95.42;578020;55153031.4
TRMK;D;20230324;000000;95.7;96.4;95.12;95.9;795390;76169809.8
TRMK;D;20230327;000000;96;105.5;96;104.48;5154850;526924022.4
TRMK;D;20230328;000000;104.48;108.52;101.5;103;7030270;731103224.2
TRMK;D;20230329;000000;103.92;105.5;102.1;102.7;2464200;255308335
TRMK;D;20230330;000000;102.8;102.8;100.32;100.72;1830800;185412498.4
TRMK;D;20230331;000000;100.72;101;98.62;100.08;2034020;203500338
TRMK;D;20230403;000000;101.1;103.02;100.08;101.48;1612570;163578279
TRMK;D;20230404;000000;102.1;104;101.3;101.6;1765160;180684311.6
TRMK;D;20230405;000000;101.6;102.6;101;101.94;707800;71963730.8
TRMK;D;20230406;000000;102;102.62;101.44;101.54;614580;62636603.2
TRMK;D;20230407;000000;101.6;102.2;101;101.86;415930;42305431.8
TRMK;D;20230410;000000;102.7;103.8;101.92;102.7;1152530;118661284.4
TRMK;D;20230411;000000;103;103.5;98.66;100.5;1343850;136677695.4
TRMK;D;20230412;000000;100.42;102.56;99.9;100.66;651860;65804726.2
TRMK;D;20230413;000000;104.1;109.7;103.76;107.48;12906970;1372893101.2
TRMK;D;20230414;000000;107.78;108;105.82;107.58;2199670;234883854.6
TRMK;D;20230417;000000;108.28;120.7;108.04;117.6;15825700;1848655123.4
TRMK;D;20230418;000000;119.6;119.6;115.06;117.12;4217080;493314236.2
TRMK;D;20230419;000000;117;119.48;110.16;114.4;3990910;461841931.8
TRMK;D;20230420;000000;114.52;117.9;103.06;103.22;15787060;1702409104.2
TRMK;D;20230421;000000;103.24;104.9;101.4;101.7;4167250;426754620.2
TRMK;D;20230424;000000;101.6;106.5;101.1;103.5;3759900;390853208.8
TRMK;D;20230425;000000;103.88;104.74;102.02;103;856560;88610321.8
TRMK;D;20230426;000000;104.5;105.06;103.3;103.52;1059250;110177356.4
TRMK;D;20230427;000000;103.52;104.18;101.5;102.14;788930;80824112.8
TRMK;D;20230428;000000;101.88;102.2;100.92;101.22;756430;76623609.6
TRMK;D;20230502;000000;100.52;101.36;99.3;100;1184820;118731175.2
TRMK;D;20230503;000000;100;100.48;96.6;97.46;1103310;109018022.8
TRMK;D;20230504;000000;97.58;100;97;98.3;469500;46475718.4
TRMK;D;20230505;000000;98.48;99.92;98.14;99.04;326850;32442333.2
TRMK;D;20230508;000000;99.46;99.46;96.8;96.8;252750;24666987.4
TRMK;D;20230510;000000;97.2;101.62;96.5;100.4;709250;70828577.6
TRMK;D;20230511;000000;100;103.42;99.34;100.9;792440;80519997
TRMK;D;20230512;000000;99.84;101.22;99.02;100.44;314270;31518525.8
TRMK;D;20230515;000000;100.9;104.5;100.5;104.5;819690;84331984
TRMK;D;20230516;000000;104.98;107.96;103.78;106.3;2978820;316776128.8
TRMK;D;20230517;000000;106.88;107.42;105.4;106.52;641920;68198299.4
TRMK;D;20230518;000000;106.5;107.18;105.5;106.08;794440;84579108.8
TRMK;D;20230519;000000;105.02;106.38;100.3;103.52;1266620;131681474.6
TRMK;D;20230522;000000;104.06;109.52;104;107.78;2409020;258795413.8
TRMK;D;20230523;000000;108;109.4;105.7;107.9;1115750;120154458.2
TRMK;D;20230524;000000;108.1;114.7;108.1;113.4;3480420;390122197.4
TRMK;D;20230525;000000;113.5;114.28;109.2;112.22;1300250;145223116.2
TRMK;D;20230526;000000;112.22;118.08;109.5;112.04;2344220;265377713.8
TRMK;D;20230529;000000;113.2;116.38;112.04;116.34;1406110;161285857.8
TRMK;D;20230530;000000;115.6;116.98;113;115;975990;112489924.4
TRMK;D;20230531;000000;114;116.48;113.32;116;776790;89772611.2
TRMK;D;20230601;000000;116.1;126.4;116.1;126.4;7466130;916446005.8
TRMK;D;20230602;000000;126.4;135;123.36;132.52;6020170;788950969
TRMK;D;20230605;000000;133.5;138.54;125.26;127.02;4483870;589606621.4
TRMK;D;20230606;000000;127.3;132;122;131.8;2375360;304705576.2
TRMK;D;20230607;000000;132.2;132.8;129;131.3;902670;118000123.8
TRMK;D;20230608;000000;131.2;133.88;129.98;131.7;686410;90650847.2
TRMK;D;20230609;000000;131.8;132.44;129.08;129.96;447640;58452284
TRMK;D;20230613;000000;130.02;134.8;129.02;131.16;1537530;203770388.8
TRMK;D;20230614;000000;131.4;132.4;130.26;131;673700;88416517.8
TRMK;D;20230615;000000;131.6;135.6;130.5;133.26;2179530;291026228.2
TRMK;D;20230616;000000;134;149.38;133.58;149;7041750;999446836
TRMK;D;20230619;000000;151.22;179.8;147.5;178.3;18905400;3094834677.8
TRMK;D;20230620;000000;178.3;183;166.2;172.62;15908140;2770073293
TRMK;D;20230621;000000;173.9;177.64;170;170.26;3865380;669587454.6
TRMK;D;20230622;000000;170.1;179.9;168.26;173.92;5533080;971819356.2
TRMK;D;20230623;000000;172;182.44;170.66;176.16;8620560;1540091805.2
TRMK;D;20230626;000000;177;180;172.12;173.04;2595830;455838418.2
TRMK;D;20230627;000000;174;176.76;170.16;171.8;1744840;302357364
TRMK;D;20230628;000000;171.88;173.5;166.54;171.5;2059750;349836418
TRMK;D;20230629;000000;171.5;175.4;169.1;171.34;1515650;261257213.6
TRMK;D;20230630;000000;171.44;171.78;168.1;168.88;1022300;173422605.8
TRMK;D;20230703;000000;167.6;172.5;167.6;169.6;835780;142270921.2
TRMK;D;20230704;000000;168.8;169.98;160.9;162.8;2660180;437531999
TRMK;D;20230705;000000;164.36;164.36;154.16;154.18;4452830;696349246.6
TRMK;D;20230706;000000;155;158.9;154.18;154.52;2270580;354701430.2
TRMK;D;20230707;000000;154.94;158.54;154.58;155.4;1144020;179220262
TRMK;D;20230710;000000;158.9;166.88;156.32;165.3;4068590;660657620.6
TRMK;D;20230711;000000;165.28;167.6;162;164.3;1672670;274630724.6
TRMK;D;20230712;000000;164.3;166.1;162.5;164.1;1343250;220754441.6
TRMK;D;20230713;000000;164.8;168.54;164.14;166.62;2139140;357209501.6
TRMK;D;20230714;000000;167.48;167.48;163.7;164.68;1173490;193550770.8
TRMK;D;20230717;000000;163;165.7;162.62;164.1;723110;118973309.8
TRMK;D;20230718;000000;164.42;165.68;163;163.8;1119850;183558458
TRMK;D;20230719;000000;163.8;174.88;160.6;172.86;7603980;1297842868
TRMK;D;20230720;000000;173.9;179.88;168;168.1;5033230;875367670.6
TRMK;D;20230721;000000;168.1;170.48;166;169.16;1314670;221292240.6
TRMK;D;20230724;000000;169.9;176.18;168.76;174.38;2554720;443150626.4
TRMK;D;20230725;000000;175.5;175.5;168.74;172.2;2024530;349308170.4
TRMK;D;20230726;000000;172.84;180.82;166.26;172.92;13086340;2260179654.4
TRMK;D;20230727;000000;174.8;178.34;173.72;176.36;4017180;705055494.6
TRMK;D;20230728;000000;177.8;186.32;177.26;185.46;7528180;1383532488.6
TRMK;D;20230731;000000;190.8;209.88;187.26;208.02;17216940;3464378551.4
TRMK;D;20230801;000000;209.2;227.5;208.5;219.5;23220310;5100655189.8
TRMK;D;20230802;000000;220.02;222;211.4;216.5;7923200;1710550188.4
TRMK;D;20230803;000000;218;221.78;216.5;219;3887590;854027131.8
TRMK;D;20230804;000000;221;223.68;213;215.9;4468260;977558685.4
TRMK;D;20230807;000000;220;225.6;216;220.64;5418160;1201823740
TRMK;D;20230808;000000;221.8;230.88;217.02;220.96;10411500;2324576308.4
TRMK;D;20230809;000000;222;222.64;219;220.46;1618640;356915100
TRMK;D;20230810;000000;221.24;223.88;219.7;222;1910710;423682460.2
TRMK;D;20230811;000000;223;237.72;222.68;233.5;16097160;3728648047.8
TRMK;D;20230814;000000;239.3;249.46;231.04;237.98;13315440;3222235939.4
TRMK;D;20230815;000000;235;249.2;225.04;245.5;7770580;1892099537.4
TRMK;D;20230816;000000;245.34;247.74;227;238.96;6342930;1508013233.8
TRMK;D;20230817;000000;243;243;233.02;237.02;2070800;491805431.6
TRMK;D;20230818;000000;237;242.76;237;242.7;1954780;468939666.6
TRMK;D;20230821;000000;243;249;242.04;244.46;3116160;764835244.4
TRMK;D;20230822;000000;246;247.9;242.54;244.4;1816050;443752187.4
TRMK;D;20230823;000000;245.1;246;237.7;242.48;2636990;638405340.4
TRMK;D;20230824;000000;241.98;248;238.2;244.8;5239670;1282335802.4
TRMK;D;20230825;000000;246.5;248.98;241.86;243.6;2216950;542678472
TRMK;D;20230828;000000;245;252.4;244;250.46;7041780;1749337052.2
TRMK;D;20230829;000000;251.5;263.4;250.46;260.8;10276630;2652686707
TRMK;D;20230830;000000;263;277.82;260.8;270.4;12643950;3428491498.4
TRMK;D;20230831;000000;270.6;276.6;262.46;265.8;4943020;1330777464.2
TRMK;D;20230901;000000;264.8;264.8;257;261.46;4189720;1091748466.2
TRMK;D;20230904;000000;260.8;271.98;260.1;271;6599980;1768892831.2
TRMK;D;20230905;000000;258;264;256;260.1;8791590;2285214142.4
TRMK;D;20230906;000000;260.1;263.3;251;255.8;3821170;981309184.8
TRMK;D;20230907;000000;255.8;255.8;239.5;243.72;3277370;811200473.2
TRMK;D;20230908;000000;243.72;249.5;231;246;4269610;1021651343.4
TRMK;D;20230911;000000;246;246;237.36;239.3;1622420;390766551.8
TRMK;D;20230912;000000;239.32;245.9;239.32;242.18;1227140;298163139
TRMK;D;20230913;000000;244.98;245.86;240.24;240.6;875140;212440792
TRMK;D;20230914;000000;240.68;240.98;216;234;3025740;700330331.4
TRMK;D;20230915;000000;234;244;230;243.02;1309340;310422188.4
TRMK;D;20230918;000000;245;252.44;242.1;244.84;2997770;745741013.6
TRMK;D;20230919;000000;244.56;250;234;238.7;3119790;754841661.4
TRMK;D;20230920;000000;238.7;241.24;222.6;227.98;3801550;882968109
TRMK;D;20230921;000000;215.04;225.68;212.14;222.7;7580330;1673168890.4
TRMK;D;20230922;000000;223;227;220.1;221.5;2604900;581215216.2
TRMK;D;20230925;000000;222.18;233.4;220.5;230;2929040;663956925.6
TRMK;D;20230926;000000;231.62;232.3;222.6;224.9;1769460;400614600.4
TRMK;D;20230927;000000;225;228.6;224.42;226.36;1586310;359637348.8
TRMK;D;20230928;000000;227.5;227.5;220.58;220.68;2359520;528136900.6
TRMK;D;20230929;000000;220.72;227.5;217.24;220.98;5153360;1144804891.8
TRMK;D;20231002;000000;223.5;224.2;217.72;219.58;2186980;483552993.2
TRMK;D;20231003;000000;221.5;221.5;215;218.46;1351820;293491725.2
TRMK;D;20231004;000000;219.3;219.3;215;215.32;938090;203180989.6
TRMK;D;20231005;000000;215.32;216.76;208.5;209.34;2517090;531458244
TRMK;D;20231006;000000;209.3;219.8;202.22;215;8078740;1705727753.6
TRMK;D;20231009;000000;217;220.8;211.42;216.48;4426660;959818404.6
TRMK;D;20231010;000000;217.16;217.9;214;216.1;1403720;303157365.6
TRMK;D;20231011;000000;216;224.76;214.28;221.8;7248340;1610239953.4
TRMK;D;20231012;000000;216.26;220.56;211.38;217.7;3388450;736889484.8
TRMK;D;20231013;000000;218.62;219.8;216.62;217.9;969050;211610372.2
TRMK;D;20231016;000000;223.68;225;220.2;222.42;4100110;912752262.8
TRMK;D;20231017;000000;223.28;230;222.04;229.9;5554690;1262029810
TRMK;D;20231018;000000;230.4;239;230.3;235.8;9915320;2338986789.2
TRMK;D;20231019;000000;236.2;236.5;231.58;232.5;2288290;533746252.6
TRMK;D;20231020;000000;232.5;233;227;231.2;2539980;582466713.4
TRMK;D;20231023;000000;231.6;233.1;225;228.72;1456570;333684261.4
TRMK;D;20231024;000000;228.72;232.4;226;231;2592190;593244274.4
TRMK;D;20231025;000000;231.02;233;228.68;228.8;1056470;243301554
TRMK;D;20231026;000000;228.5;230.5;221.36;221.5;1758450;397573488.4
TRMK;D;20231027;000000;222;226;217.6;222;2399350;531811896.6
TRMK;D;20231030;000000;223.8;227.4;221.28;224.7;1556830;350410603.2
TRMK;D;20231031;000000;224;225.24;215.18;219;2870070;628702730
TRMK;D;20231101;000000;217.9;225;215.7;220;1023860;224945934.8
TRMK;D;20231102;000000;220.16;221.84;217;217.5;874140;191747543.8
TRMK;D;20231103;000000;217.52;219.36;216.32;217.1;612090;133323213.2
TRMK;D;20231106;000000;217.2;220;217;219.28;385010;84342854.8
TRMK;D;20231107;000000;219.26;223.8;218.8;221.92;1500020;332551072
TRMK;D;20231108;000000;222.74;228;222.2;226.96;2257080;509414911.4
TRMK;D;20231109;000000;228;228;222.02;223.34;1001490;224360202
TRMK;D;20231110;000000;223.06;224.44;217.5;221.48;1720660;380678775.2
TRMK;D;20231113;000000;221.96;223.5;218.02;218.3;1283850;283975377
TRMK;D;20231114;000000;218;219.08;212.1;213.8;1749150;376883322.6
TRMK;D;20231115;000000;212.96;219.38;210;217.78;1568140;337226795.6
TRMK;D;20231116;000000;217.78;221.58;214;214.76;1544660;337019396.8
TRMK;D;20231117;000000;214;218.24;214;216;792460;171405423.8
TRMK;D;20231120;000000;216.58;218.64;215.98;216.6;491600;106753445.8
TRMK;D;20231121;000000;216.6;219.9;215;218.9;783280;170130963.6
TRMK;D;20231122;000000;218.6;221.66;217;219;960850;210737067.2
TRMK;D;20231123;000000;218.7;218.7;215.62;216.2;593260;128871773.6
TRMK;D;20231124;000000;215.7;216.8;212.52;214.06;755130;161922905.8
TRMK;D;20231127;000000;213.76;213.88;205.26;208.88;2236810;468019082.8
TRMK;D;20231128;000000;208.5;214.78;206.06;211.74;2130710;449556620.8
TRMK;D;20231129;000000;212;213.82;206.72;208.92;538010;112820377.4
TRMK;D;20231130;000000;208.2;209.32;202;203.5;1263020;259798183
TRMK;D;20231201;000000;202.12;202.92;188.04;189.84;5787240;1126900303.4
TRMK;D;20231204;000000;189.8;190.9;180;180.12;3634430;673552272.2
TRMK;D;20231205;000000;180.3;196.8;180.3;196.5;5208730;984656866
TRMK;D;20231206;000000;196.98;198.2;184.1;189.02;3945620;748745162.4
TRMK;D;20231207;000000;188.32;198.56;180.9;195.8;5489890;1050797738
TRMK;D;20231208;000000;197.76;201;192.06;193.8;3770450;741433754.2
TRMK;D;20231211;000000;193.16;196;186.36;189.06;1858920;354443782
TRMK;D;20231212;000000;190.38;194;187.2;189.64;1360300;258884620.4
TRMK;D;20231213;000000;190.9;190.96;188.06;189.84;987660;187143088
TRMK;D;20231214;000000;190.02;193.7;184.6;187.94;1531620;291618508.2
TRMK;D;20231215;000000;187.02;195;187.02;194.16;1248140;239999789.6
TRMK;D;20231218;000000;195;203.48;194.36;203.46;3520580;702145051
TRMK;D;20231219;000000;203.46;204.5;197;200.52;2918120;583873620
TRMK;D;20231220;000000;201.14;201.96;197.92;199.18;1493080;297946155.6
TRMK;D;20231221;000000;198.86;199.46;192.42;197.92;1535480;302547546.2
TRMK;D;20231222;000000;197.5;201.72;196.74;199.72;1401290;280162452.8
TRMK;D;20231225;000000;199.72;205.9;199.72;204.44;3083560;625565153.2
TRMK;D;20231226;000000;204.44;205.3;200;201.2;1854910;374868012.4
TRMK;D;20231227;000000;201.96;204;199.5;200.22;1560020;314648459.2
TRMK;D;20231228;000000;200;201;195.62;197.52;1460820;289610711.8
TRMK;D;20231229;000000;197.3;198.24;196.14;197.28;879270;173552133.4
TRMK;D;20240103;000000;198;204.5;197.32;204;1155210;233191525.4
TRMK;D;20240104;000000;205.88;219.84;204.92;218.32;8738420;1870698764.2
TRMK;D;20240105;000000;218.54;227;216.02;222.38;10192820;2276975950.8
TRMK;D;20240108;000000;223.02;226.2;220.2;221.12;4314850;961026502
TRMK;D;20240109;000000;220.72;222.98;218.5;221.44;2019370;445869486
TRMK;D;20240110;000000;222;222;216.3;217.36;1973140;431655201.6
TRMK;D;20240111;000000;216.34;224.4;216.34;223.4;3769740;835962682
TRMK;D;20240112;000000;223;224.6;220.5;221.2;1827430;405544782.8
TRMK;D;20240115;000000;222.32;223.5;220.52;222;1532060;340147767
TRMK;D;20240116;000000;221.6;232.5;219.2;228.5;8299580;1890652850.6
TRMK;D;20240117;000000;229;233;226.46;232.5;4526340;1043451343.2
TRMK;D;20240118;000000;232.5;234.28;225.2;227.1;3552090;816638908.4
TRMK;D;20240119;000000;226.7;226.92;222.88;224.74;2914240;654765853
TRMK;D;20240122;000000;224.74;229.08;222.3;225.2;6162860;1393035561.6
TRMK;D;20240123;000000;224.9;228.56;224.38;226.6;1654320;374571292.4
TRMK;D;20240124;000000;226.2;227.76;223.24;223.66;1262740;284133874.2
TRMK;D;20240125;000000;223.6;225.5;221;223.02;2400890;535175306.8
TRMK;D;20240126;000000;223;224;221.78;222.1;1116140;248568512.2
TRMK;D;20240129;000000;223.02;226.78;222.3;224.64;1601960;360044840.2
TRMK;D;20240130;000000;225.3;228;224.5;226.64;1451510;328548193.6
TRMK;D;20240131;000000;226.64;228.4;226.12;226.78;1167050;265019541
TRMK;D;20240201;000000;227.02;229.98;226.1;226.52;1112880;253467378
TRMK;D;20240202;000000;226.98;227.2;223.62;224.52;877030;197143136.2
TRMK;D;20240205;000000;224.26;225.36;219.38;221.5;1697870;377319954.4
TRMK;D;20240206;000000;221.5;223.5;220;223.38;1125700;250364906.4
TRMK;D;20240207;000000;223.72;229.7;223.52;227.18;4503510;1022426785.8
TRMK;D;20240208;000000;228;229.8;222.36;224.24;1751620;395211778
TRMK;D;20240209;000000;224.2;226.06;223.08;224.6;680230;153114960.8
TRMK;D;20240212;000000;225.18;225.4;222.7;223.56;597800;133698736
TRMK;D;20240213;000000;223.56;229.44;223.5;227.74;1713170;387849454.2
TRMK;D;20240214;000000;228;228.5;224.92;225.46;1364220;308844578.8
TRMK;D;20240215;000000;225.46;235;223.96;232.7;8185960;1895011110.8
TRMK;D;20240216;000000;232.76;236.7;228.42;231.8;5760530;1342546682
TRMK;D;20240219;000000;231.8;237;226.4;227.84;3956500;920423616.8
TRMK;D;20240220;000000;227.82;227.82;215.2;217.54;4552190;1010650864.8
TRMK;D;20240221;000000;219;219.76;208;216.42;4098410;878112580.2
TRMK;D;20240222;000000;216.5;221;215.16;217.7;1668570;364338624
TRMK;D;20240226;000000;211.5;221;209.2;220.62;2816160;610802986.8
TRMK;D;20240227;000000;221;223.74;218.12;219.1;1984340;439025983.6
TRMK;D;20240228;000000;220;222.9;218.92;221.5;1458760;322433875.6
TRMK;D;20240229;000000;222.4;224.64;217.42;219.86;3905580;860008450.6
TRMK;D;20240301;000000;220.5;221.48;217.5;217.5;2475230;542265294
TRMK;D;20240304;000000;217.5;218.9;214.48;217.1;2110560;458185943.8
TRMK;D;20240305;000000;217.5;217.5;215;215.42;1095950;236382216
TRMK;D;20240306;000000;216;216.2;213;213.14;1906520;407550119
TRMK;D;20240307;000000;213;219.98;211.76;217.86;4071620;882656935.6
TRMK;D;20240311;000000;221;223.3;218;220.44;3268170;722896491
TRMK;D;20240312;000000;220.48;223;218;222.08;2385960;527410351.8
TRMK;D;20240313;000000;222.7;223.7;219.24;220.36;1654280;365913907.4
TRMK;D;20240314;000000;220.36;220.36;215.52;218.48;1317440;286972043.2
TRMK;D;20240315;000000;218.54;219.68;216.66;217.6;931950;203452692.4
TRMK;D;20240318;000000;219.6;221.26;218.1;220;1293390;284167657.8
TRMK;D;20240319;000000;220.04;220.62;217.5;218;1117670;244655113.6
TRMK;D;20240320;000000;218.68;220.2;217.14;218.54;1004130;219751156
TRMK;D;20240321;000000;218.6;219.66;214;218.26;1231890;268602177
TRMK;D;20240322;000000;218.9;219.44;212.98;214.9;1427180;308321854.4
TRMK;D;20240325;000000;215;220.66;215;218.78;1698990;370085456.6
TRMK;D;20240326;000000;218.8;219.14;216.02;216.92;1026470;223033650.2
TRMK;D;20240327;000000;217.5;217.9;215.92;216.6;1046570;226929925.2
TRMK;D;20240328;000000;216.7;217.2;215.04;216.42;1034730;223632910.8
TRMK;D;20240329;000000;216.42;218.94;216.2;216.4;1107250;240561393.8
TRMK;D;20240401;000000;216.5;222.68;216.5;220.68;2848320;624989052.8
TRMK;D;20240402;000000;220.5;222.88;218.5;219.86;1872940;412011346.6
TRMK;D;20240403;000000;220.56;222.5;217.82;220.98;2097850;462830826
TRMK;D;20240404;000000;221.68;226.5;220.2;223.82;5241510;1175183602.8
TRMK;D;20240405;000000;224.1;226.8;223;223.98;1759740;395031291.4
TRMK;D;20240408;000000;224.54;234.5;224.42;234.5;7166920;1651695113
TRMK;D;20240409;000000;234.96;235;226.4;228.8;4235440;980047830.4
TRMK;D;20240410;000000;229.16;229.46;225.52;228.34;1723010;392113790.4
TRMK;D;20240411;000000;229;234.1;228.36;231.1;2388790;553356968.4
TRMK;D;20240412;000000;231.3;231.92;230;230;1032690;238130930.2
TRMK;D;20240415;000000;231.96;242.98;231.34;242.92;6110720;1452344943.8
TRMK;D;20240416;000000;242.92;242.92;236;239.4;4176810;999552497.2
TRMK;D;20240417;000000;240.32;241.78;237.62;238.8;1548820;370635601.2
TRMK;D;20240418;000000;238.8;239.88;230.5;233.2;3853360;901481781.2
TRMK;D;20240419;000000;234.9;236.58;227.1;229.34;3354350;773689764.6
TRMK;D;20240422;000000;229.84;232.76;228.9;229.24;1757690;405890179.2
TRMK;D;20240423;000000;229;230.8;225.36;226.22;1487490;339441192
TRMK;D;20240424;000000;226.06;228.14;223.16;223.3;1313090;295898290.2
TRMK;D;20240425;000000;224;226.96;220.14;222.24;1441820;321127470
TRMK;D;20240426;000000;222.92;224.1;219.56;221.06;1710990;379136520.6
TRMK;D;20240427;000000;221.48;221.64;219.52;220.22;1358940;299725764.6
TRMK;D;20240429;000000;221.18;227.22;220.64;226.58;1957390;440387821.2
TRMK;D;20240430;000000;227.36;229;225.16;226.14;950520;215462189.8
TRMK;D;20240502;000000;226.2;226.36;221.48;222.5;1343620;300207920.6
TRMK;D;20240503;000000;222.5;222.5;220;221.42;853610;188838396.8
TRMK;D;20240506;000000;222;224.6;221;222.32;834560;186307891.8
TRMK;D;20240507;000000;223.6;224;221.5;222.6;793460;176609640.8
TRMK;D;20240508;000000;222.6;223.9;221.9;223.44;531390;118557650.6
TRMK;D;20240510;000000;223.26;224.88;222.04;223.9;624680;139557062.8
TRMK;D;20240513;000000;224.1;228.28;224.06;225.46;1497390;338704937
TRMK;D;20240514;000000;226.24;227.66;222.56;224.9;1117750;251591445.4
TRMK;D;20240515;000000;225;225.5;222.4;223.46;845290;188992589
TRMK;D;20240516;000000;223.54;223.82;218.2;220.38;2053200;453313903.4
TRMK;D;20240517;000000;221.14;222;217;217.76;2636060;576789451
TRMK;D;20240520;000000;217.78;218.5;214.22;215.04;1479770;319802894.8
TRMK;D;20240521;000000;215.04;215.28;210;214.54;2165920;459559244.2
TRMK;D;20240522;000000;214.98;223.66;214.66;222.92;3889550;860251861.8
TRMK;D;20240523;000000;222.38;224;218.5;220.9;1809350;398962121.2
TRMK;D;20240524;000000;220.12;221.06;217.02;218.7;1265470;277045721.8
TRMK;D;20240527;000000;219;220.14;209.1;211.94;2206290;472475843.8
TRMK;D;20240528;000000;212;215;207.38;208.34;1810930;382796220.8
TRMK;D;20240529;000000;208.34;209.84;199;200;4401720;894135169.8
TRMK;D;20240530;000000;198;203.38;186.8;190.28;10210960;1990865521.4
TRMK;D;20240531;000000;187.1;189.2;180.64;183.88;4457250;822864530.6
TRMK;D;20240603;000000;185.22;192.6;180;187.44;8371880;1565000575
TRMK;D;20240604;000000;179;198.42;177.58;196.1;8304360;1556812551.4
TRMK;D;20240605;000000;196;205.96;191.16;203.68;9047890;1812710137.8
TRMK;D;20240606;000000;205.5;205.5;200.1;203.96;1838070;372475697.2
TRMK;D;20240607;000000;203.96;210;202.62;206.42;2669060;550625717.2
TRMK;D;20240610;000000;206.44;208.88;204;205.34;1908850;393972115.8
TRMK;D;20240611;000000;204.56;205.94;200.5;205.84;1869510;381049886.6
TRMK;D;20240613;000000;194.56;205.36;194;203.16;2620580;533066083.4
TRMK;D;20240614;000000;203.9;210;201.66;209.62;1163890;241397834.6
TRMK;D;20240617;000000;210.46;215;206.82;206.82;1597260;336154601.6
TRMK;D;20240618;000000;206.74;209.56;202.1;203;1345600;276748151.8
TRMK;D;20240619;000000;203;203.38;191.62;195.06;1964550;388503527.6
TRMK;D;20240620;000000;195.06;206.5;193.12;204.7;1345980;269440016.4
TRMK;D;20240621;000000;205.3;206.28;198.26;199.32;963900;194114352.2
TRMK;D;20240624;000000;200;201.46;196.66;197.16;432190;85880706.8
TRMK;D;20240625;000000;196.66;200.94;194.2;200.7;633190;125228335.4
TRMK;D;20240626;000000;200.7;203.48;199.34;200.52;490730;98787539
TRMK;D;20240627;000000;202.4;202.4;198.7;200.8;476440;95566485.4
TRMK;D;20240628;000000;200.64;201.3;197.8;198.8;540130;107453567.2
TRMK;D;20240701;000000;200;200.96;198.84;199.4;377620;75474302.2
TRMK;D;20240702;000000;198.84;199.94;194.6;196.08;812470;160032627.4
TRMK;D;20240703;000000;196.88;196.88;190.34;192.68;899190;173649526.6
TRMK;D;20240704;000000;192.68;192.68;185.54;187.8;1320810;249036037.8
TRMK;D;20240705;000000;188.12;188.92;185;186.58;950160;177349137.2
TRMK;D;20240708;000000;186.58;186.58;180;180.28;1262170;229586758.6
TRMK;D;20240709;000000;181.5;184.46;170.82;171.68;3789610;667904163.8
TRMK;D;20240710;000000;172.48;172.48;157.1;160.48;3834350;632572633
TRMK;D;20240711;000000;161;174.74;161;173.74;3028660;512187262.8
TRMK;D;20240712;000000;176.48;176.48;164.46;172.36;3284820;560015544.2
TRMK;D;20240715;000000;172.4;174.28;165;167;2651560;444233084.2
TRMK;D;20240716;000000;166.5;172.1;161.84;170.8;3487400;581653907.6
TRMK;D;20240717;000000;172.88;173.82;168.1;170.08;1959100;335362178.2
TRMK;D;20240718;000000;170;175.44;168;173.84;1351760;232185922
TRMK;D;20240719;000000;173.84;182.24;172.96;180.1;2081120;371665817.6
TRMK;D;20240722;000000;181.88;184.78;177.24;179;1567290;283437222.8
TRMK;D;20240723;000000;178.08;179.78;175.92;178.18;674740;119708297.6
TRMK;D;20240724;000000;177.88;181.98;176.48;180.08;853590;153295286.8
TRMK;D;20240725;000000;180.22;182;178.02;178.38;755300;136257476.2
TRMK;D;20240726;000000;177.5;180.6;173;174.7;1462220;257583498
TRMK;D;20240729;000000;173.6;174.32;165.96;166.44;1791130;302348510.6
TRMK;D;20240730;000000;165.76;168.9;163;167.5;1629980;269874198
TRMK;D;20240731;000000;167.72;169.98;165;167.7;683320;114425500.2
TRMK;D;20240801;000000;167.8;169.48;164.68;166.42;700520;117023623.2
TRMK;D;20240802;000000;166.38;166.38;161.5;165.12;876290;143986993.8
TRMK;D;20240805;000000;163.24;163.94;159.04;160.38;1148160;184760504.2
TRMK;D;20240806;000000;162;163.92;159;159.96;986340;158727682.8
TRMK;D;20240807;000000;160;161.9;154.48;160.22;4015440;637415028.2
TRMK;D;20240808;000000;160.82;160.82;155.3;156.2;2262810;357379663
TRMK;D;20240809;000000;155.58;158.26;154.28;154.6;1844740;288473243.4
TRMK;D;20240812;000000;154;154;150.62;151.5;3396250;515800297
TRMK;D;20240813;000000;149.7;149.7;147.16;147.76;5616450;832883257.2
TRMK;D;20240814;000000;147.78;150.88;145.04;145.2;3737110;551461663
TRMK;D;20240815;000000;145;145;139;139.44;4550080;644831032.4
TRMK;D;20240816;000000;139.6;141.3;137;138.08;3995850;557905711.2
TRMK;D;20240819;000000;138;138.48;130.8;134.32;6921950;925322113.6
TRMK;D;20240820;000000;134.2;134.2;129.5;131.08;4041410;532024320.4
TRMK;D;20240821;000000;130.5;133.12;129.54;131.86;3270790;428997843.4
TRMK;D;20240822;000000;132;132.9;121.6;124.52;5269890;672940832.2
TRMK;D;20240823;000000;124.54;124.96;113.24;120.48;7244640;867032860.2
TRMK;D;20240826;000000;125;127.78;120.74;126.86;4313210;535982565.4
TRMK;D;20240827;000000;127.6;127.6;117.18;118.64;4174200;505628220
TRMK;D;20240828;000000;118.48;118.6;108;113.1;7331160;831339571.6
TRMK;D;20240829;000000;113.2;114.38;105.1;108.54;11530860;1249019657.4
TRMK;D;20240830;000000;108.5;109.88;102.56;103.66;5861170;616573783.4
TRMK;D;20240902;000000;103;103;95.7;97.78;9385940;917646721.8
TRMK;D;20240903;000000;97.5;104.38;93.12;100.78;16710810;1651908624.6
TRMK;D;20240904;000000;101.5;110;99.1;108.62;12501080;1299953662.4
TRMK;D;20240905;000000;110;112.78;104.24;108.26;12396680;1355664657
TRMK;D;20240906;000000;108.12;109.44;105.02;107.94;4938950;528967800.2
TRMK;D;20240909;000000;108.96;111.88;107.5;110.92;5268910;577490113
TRMK;D;20240910;000000;111.96;113.48;108.5;109.98;5483150;606294346.4
TRMK;D;20240911;000000;109.7;110.74;103.3;104.18;5857460;627183226.6
TRMK;D;20240912;000000;102.6;104.06;100;101.5;6658890;676186775.8
TRMK;D;20240913;000000;102.36;102.86;94.94;101.62;11127600;1111697678.4
TRMK;D;20240916;000000;102.9;106.44;102.84;105.86;5466800;573165959.4
TRMK;D;20240917;000000;106.5;107.64;102.86;106.72;4690330;493372191.6
TRMK;D;20240918;000000;107.32;107.34;103.22;103.9;3013330;316420700.8
TRMK;D;20240919;000000;104.72;107.32;103.36;106.48;2949140;310902879.4
TRMK;D;20240920;000000;106.5;108.82;105.88;108.5;2884860;310715341.8
TRMK;D;20240923;000000;110.82;119.66;110.66;119.52;21960800;2556086231.8
TRMK;D;20240924;000000;120.88;122.8;116.72;121.34;14818530;1780509257.4
TRMK;D;20240925;000000;120.94;122.98;117.3;118.32;8755890;1051204101
TRMK;D;20240926;000000;118.18;120.44;115.32;119.2;5692650;672105594.4
TRMK;D;20240927;000000;119.16;121.5;118.38;120.38;2333570;279393660.2
TRMK;D;20240930;000000;122.46;123.88;117.44;117.8;4372970;529787160
TRMK;D;20241001;000000;117.74;118.68;114.1;115.12;5379600;623442448.2
TRMK;D;20241002;000000;115.14;116.38;109.5;110.48;5679900;638009074.2
TRMK;D;20241003;000000;110.4;114.74;108.02;114.36;6201070;689187654.6
TRMK;D;20241004;000000;114.44;114.48;111.8;113.94;3406960;385915474.6
TRMK;D;20241007;000000;114.8;116.74;112.32;113.3;6949210;797740400.8
TRMK;D;20241008;000000;113.3;113.56;111.02;112.54;2119820;238014424.4
TRMK;D;20241009;000000;112.58;113.38;111.1;112.4;2424600;271351310.6
TRMK;D;20241010;000000;112.8;112.96;110.06;111.32;2204820;245955398
TRMK;D;20241011;000000;111.68;112;110.1;111.84;1857540;206468792
TRMK;D;20241014;000000;111.8;114.94;110.44;114.08;2844910;321234375.4
TRMK;D;20241015;000000;114.1;117.52;113.92;114.54;4516920;522577981
TRMK;D;20241016;000000;115.78;116.36;112.48;113.1;2089800;238180047
TRMK;D;20241017;000000;113.52;113.96;111.1;111.2;1950980;219263160.2
TRMK;D;20241018;000000;111.1;113.4;110.22;113.2;2434680;272302388
TRMK;D;20241021;000000;113.2;114.46;111.5;111.84;1855270;210181141.8
TRMK;D;20241022;000000;112;112.26;108.36;108.84;2929760;323283829.6
TRMK;D;20241023;000000;108.8;108.8;105.06;105.36;2509680;267826803.2
TRMK;D;20241024;000000;105;107.64;104;106.4;3612480;382515150.8
TRMK;D;20241025;000000;105.9;108;103.12;105.24;5659900;595124654.6
TRMK;D;20241028;000000;103.86;103.86;101.3;102.64;3293400;337632119
TRMK;D;20241029;000000;102.7;105.44;101.5;104.84;3363910;347937577.6
TRMK;D;20241030;000000;104.86;106.34;102.44;102.82;2128280;221706656
TRMK;D;20241031;000000;101.5;103.08;101.04;101.5;2005000;204474863.8
TRMK;D;20241101;000000;101.5;104.88;100.28;104.2;1788690;183224371.6
TRMK;D;20241102;000000;103.78;105.44;102.66;104.48;922800;95875265.8
TRMK;D;20241105;000000;104.44;105.34;103.52;105.34;1108870;115953245.8
TRMK;D;20241106;000000;108;108.92;104.86;106.54;2469520;263946464.8
TRMK;D;20241107;000000;106.94;109.62;105.82;109.42;1437600;154398100.6
TRMK;D;20241108;000000;110;110.58;107.46;110.38;2195440;239230302.2
TRMK;D;20241111;000000;111;111.6;109.5;110.3;1638140;181156167
TRMK;D;20241112;000000;110.3;110.8;108.02;108.32;1754650;190921986.4
TRMK;D;20241113;000000;108.3;111;107.3;108.02;2733140;297933849.4
TRMK;D;20241114;000000;108;108.84;105.8;106.52;1343180;143859842.6
TRMK;D;20241115;000000;106.5;109.5;105.32;109.46;1419090;152506095.2
TRMK;D;20241118;000000;106.8;108.32;105.9;107.4;1002250;107497385.4
TRMK;D;20241119;000000;107.24;107.92;103.24;104.68;1990710;208904699
TRMK;D;20241120;000000;104.48;105.94;101.28;102.58;1979350;204926508
TRMK;D;20241121;000000;102.74;104.08;100.02;103.5;1806740;184105303.8
TRMK;D;20241122;000000;103.5;104;101.12;101.5;1133290;115503314.2
TRMK;D;20241125;000000;101.5;101.92;96.7;97.98;2164760;213860841
TRMK;D;20241126;000000;97.38;100.96;95;98.84;4813780;474858248.4
TRMK;D;20241127;000000;98.5;100;90.5;99.76;4965860;472383277.6
TRMK;D;20241128;000000;100.5;102;96.94;100.76;1847830;182910587
TRMK;D;20241129;000000;100.56;101.34;98.8;100.3;1921730;192378735.8
TRMK;D;20241202;000000;100.3;101.98;99.38;100.06;1038960;104425893.8
TRMK;D;20241203;000000;100.08;100.18;95.88;96.1;1530850;148951467.6
TRMK;D;20241204;000000;96;97.74;92;92.98;2268350;215087647
TRMK;D;20241205;000000;93.16;96.2;91.52;95.7;3474950;326282121.2
TRMK;D;20241206;000000;95.8;96.2;93.32;94.76;1148270;108819509.8
TRMK;D;20241209;000000;94.78;96.64;94.1;94.66;1246450;118394048
TRMK;D;20241210;000000;94.7;94.9;93.14;93.84;989730;92806668.6
TRMK;D;20241211;000000;93.78;94.88;91.56;93.98;2243730;209067538.8
TRMK;D;20241212;000000;94.26;94.54;91.2;91.98;1250320;115912293.8
TRMK;D;20241213;000000;91.9;92.26;90;90.56;956130;87033643
TRMK;D;20241216;000000;90;90.28;87;87.24;1552690;136702062.2
TRMK;D;20241217;000000;87.02;87.66;82.76;85.28;3886440;329136735.4
TRMK;D;20241218;000000;85.1;87;82.96;86.06;2763330;234395854.6
TRMK;D;20241219;000000;86.52;87.08;84.04;85.42;1662360;142299858.2
TRMK;D;20241220;000000;85.42;97.8;84.52;96.5;5905510;551787651
TRMK;D;20241223;000000;98.5;101.94;95.94;97.6;2641760;259818145.2
TRMK;D;20241224;000000;98;98.8;94.8;96.32;1877830;181159248.8
TRMK;D;20241225;000000;96.32;98.72;95.14;98.56;1755110;170157988.4
TRMK;D;20241226;000000;98.12;100;96.9;97.06;1669760;164281350.8
TRMK;D;20241227;000000;97.04;98.08;96.16;97.46;989900;96009489.4
TRMK;D;20241228;000000;97.7;100.72;97.48;100;1728010;172053093.8
TRMK;D;20241230;000000;101.7;103.7;101.18;102.84;2475790;253502257.2
TRMK;D;20250103;000000;104.72;105.96;101.64;102.42;1539610;158161813.2
TRMK;D;20250106;000000;101.92;102.96;100.28;101.96;871210;88590748.4
TRMK;D;20250108;000000;102;104.98;101.92;104.54;949150;98482584.8
TRMK;D;20250109;000000;104.1;105.94;100;100.96;1608610;163642800.6
TRMK;D;20250110;000000;101;105.62;99.58;103.56;2133820;217983927
TRMK;D;20250113;000000;104.7;105.48;103.1;103.8;1400240;145980650.2
TRMK;D;20250114;000000;103.68;104.36;102;103.76;1615350;166797532.8
TRMK;D;20250115;000000;104.1;104.5;101.58;103.62;2047130;210664426
TRMK;D;20250116;000000;104.2;106.5;101.4;105.62;3871750;405575789.2
TRMK;D;20250117;000000;105.2;109.3;104.6;108.7;2951690;317967121
TRMK;D;20250120;000000;110.8;111.2;105.5;106.18;2536610;274746646.8
TRMK;D;20250121;000000;107.98;108.6;105.96;108.46;1079480;115999447.8
TRMK;D;20250122;000000;109.56;109.78;106.56;106.86;1743610;188665965.4
TRMK;D;20250123;000000;107.3;110.4;106.04;110.3;1199420;129307705.4
TRMK;D;20250124;000000;109.98;110.2;107.68;108.72;1520690;165677903.2
TRMK;D;20250127;000000;109.28;109.28;105.54;105.8;927440;99143078
TRMK;D;20250128;000000;105.8;108.14;103.7;107.1;2098000;222589458
TRMK;D;20250129;000000;107.84;108.34;106.64;106.98;600410;64512980.6
TRMK;D;20250130;000000;107.38;107.98;105.54;107.14;1202570;128584886.6
TRMK;D;20250131;000000;107.5;108;105.2;105.58;1108420;118165428.6
TRMK;D;20250203;000000;105.58;105.88;102.5;103.3;1321340;136802447
TRMK;D;20250204;000000;103.94;103.94;101.02;102.08;1058370;108638027.4
TRMK;D;20250205;000000;102;104.66;100.6;104.04;1036710;106626607
TRMK;D;20250206;000000;104.88;105.2;103.38;103.9;648350;67545445.8
TRMK;D;20250207;000000;104.5;104.5;103;103.46;348860;36163350
TRMK;D;20250210;000000;104.2;105.42;102.5;102.96;1605310;167461666.6
TRMK;D;20250211;000000;103.62;104.62;102.98;104.54;909680;94546916.6
TRMK;D;20250212;000000;105;115;104.5;111.1;10275490;1120128372.6
TRMK;D;20250213;000000;113;113.6;109.18;112.84;3344980;373325848
TRMK;D;20250214;000000;113.02;121;110.36;115.76;9615700;1121433931
TRMK;D;20250217;000000;117.22;126.04;117.22;126.04;7558760;927543094
TRMK;D;20250218;000000;123.72;125.14;117.8;120.2;3734660;456247172.6
TRMK;D;20250219;000000;120.52;124.18;119.16;123.46;1780870;216758271.8
TRMK;D;20250220;000000;124.5;125.62;121.5;122.8;1584480;195430617.8
TRMK;D;20250221;000000;122.8;132.16;122.72;131.18;16971190;2194969507.4
TRMK;D;20250224;000000;132.26;136.5;131.18;135.9;7700890;1026633809.4
TRMK;D;20250225;000000;137.7;147;135.02;145.66;13743250;1948691570
TRMK;D;20250226;000000;145.3;145.3;136.78;138.68;7812860;1099414417.4
TRMK;D;20250227;000000;137.36;138.26;129;129.3;8606720;1151503930.8
TRMK;D;20250228;000000;129.72;133.52;125;132.1;12081360;1560813853.4
TRMK;D;20250303;000000;127;128.08;123.26;126.66;12665070;1585983144
TRMK;D;20250304;000000;127.5;131.18;126.32;129.74;3934330;506981378.8
TRMK;D;20250305;000000;128.1;136.3;128.1;132.18;6935430;922954532.6
TRMK;D;20250306;000000;133.7;135.54;130.88;132.32;3327640;443422918.4
TRMK;D;20250307;000000;133.92;134.9;127.5;131.06;2645240;347692555.2
TRMK;D;20250310;000000;131.06;131.26;127.16;128.3;2132130;275592527.4
TRMK;D;20250311;000000;127.54;129.18;126.56;127.04;1727990;221113733.6
TRMK;D;20250312;000000;126.2;127.36;123.9;124.56;1684800;210448183.4
TRMK;D;20250313;000000;123;125.5;120.1;123.72;3262390;399700775.4
TRMK;D;20250314;000000;123.16;128.36;122.9;126.8;1686870;212716090.6
TRMK;D;20250317;000000;130;132.68;129.7;131.84;2547660;334806059.4
TRMK;D;20250318;000000;133.94;134;129.28;129.7;1652730;217797124
TRMK;D;20250319;000000;129.8;132.6;127.54;131.62;1386080;180946458.6
TRMK;D;20250320;000000;132.48;136.78;130.5;135.56;2886780;388252779.6
TRMK;D;20250321;000000;136.24;140.58;133.48;133.56;4986830;682433066
TRMK;D;20250324;000000;133.56;133.72;128.62;129.64;2202680;288765217.4
TRMK;D;20250325;000000;129.4;131.86;125.06;129.72;2535840;324866889.6
TRMK;D;20250326;000000;129.92;131.14;125.2;125.8;1631480;207561627.2
TRMK;D;20250327;000000;125.8;126.98;122.62;123.02;1889460;235903770.4
TRMK;D;20250328;000000;123;125.66;118.96;119.92;2556650;311321731.8
TRMK;D;20250331;000000;119.82;121.92;115.6;121.6;2400030;285233247
TRMK;D;20250401;000000;121.92;126;119.1;120.96;3211380;394098329.6
TRMK;D;20250402;000000;120.02;124.5;117.9;121.48;5182320;628940959.8
TRMK;D;20250403;000000;121.32;123.2;116.48;119.1;2288860;273119435.4
TRMK;D;20250404;000000;119.42;120.56;111.6;111.96;2693250;312022199.4
TRMK;D;20250407;000000;111.7;114.14;101.66;105.32;5552030;587624827.4
TRMK;D;20250408;000000;108.04;108.04;99.14;99.42;2182950;227767218
TRMK;D;20250409;000000;99.74;109.12;96.2;109;6301940;650885931.4
TRMK;D;20250410;000000;109.12;114.6;108.02;110.78;3230170;357114977.2
TRMK;D;20250411;000000;111;114.38;110.94;113.32;2246380;253784908.8
TRMK;D;20250414;000000;113.32;115.6;109.52;110.44;2391690;269088890.2
TRMK;D;20250415;000000;110.18;112.04;107.56;110.14;1832670;201039944
TRMK;D;20250416;000000;110;112.6;107.92;110.1;2000420;220687262.4
TRMK;D;20250417;000000;110.62;112.9;105.5;109.2;6485520;708115516.8
TRMK;D;20250418;000000;108.96;110.26;106.54;109.16;2045880;221643085.2
TRMK;D;20250421;000000;110.2;114.8;109.84;113.36;3181870;358840547.6
TRMK;D;20250422;000000;113.38;117.82;113.38;115.86;2747160;317380462.2
TRMK;D;20250423;000000;116.3;116.4;112.22;113.32;2116360;240366382.4
TRMK;D;20250424;000000;113.22;114.84;112.54;113;1053900;119638992.6
TRMK;D;20250425;000000;113;115.12;113;114.52;1398940;159950803.2
TRMK;D;20250428;000000;115;116.46;111.4;113.46;2387730;271689968.4
TRMK;D;20250429;000000;113.48;113.64;109.5;110.58;1497310;166834081.8
TRMK;D;20250430;000000;110.5;111.54;108.78;110.28;1301190;143018759.4
TRMK;D;20250502;000000;110.28;110.28;106.04;106.52;778290;83474174.2
TRMK;D;20250505;000000;106.48;109.7;101.98;103.48;1892950;198181698
TRMK;D;20250506;000000;102.9;106.46;101.42;105.34;1164420;121653501.2
TRMK;D;20250507;000000;105.32;107.6;104.3;106.04;1159720;123068743.6
TRMK;D;20250508;000000;106.1;108.2;105.78;106.6;908010;97165575.2
TRMK;D;20250512;000000;106.38;110;105.52;107.82;1553000;168175120
TRMK;D;20250513;000000;108.26;108.56;106.66;107.1;612630;65769060.8
TRMK;D;20250514;000000;107.08;107.9;104.76;105.1;672860;71912460.8
TRMK;D;20250515;000000;105.22;106.36;102.42;104.02;1333390;138699151.2
TRMK;D;20250516;000000;103.68;105.84;102.4;104.32;978990;102057626
TRMK;D;20250519;000000;104.46;107.28;104.28;105.4;1035350;109916851.2
TRMK;D;20250520;000000;105.5;105.9;103.42;104.02;778080;81101476
TRMK;D;20250521;000000;104.02;104.56;102.98;102.98;368510;38196904.8
TRMK;D;20250522;000000;103;103.32;101;101.42;944300;96259257.8
TRMK;D;20250523;000000;101.42;102.88;101.14;101.72;349830;35605375
TRMK;D;20250526;000000;101.72;101.82;96.88;97.42;1419250;139846193.6
TRMK;D;20250527;000000;97.66;99.24;95.22;99;2122960;207729753.8
TRMK;D;20250528;000000;99.16;103.34;98.72;101.66;2344510;236040319.8
TRMK;D;20250529;000000;101.7;101.82;99.04;99.42;2185410;218606613.6
TRMK;D;20250530;000000;99.4;101.82;99.06;100.4;1161220;116985287.6
TRMK;D;20250602;000000;99.98;110.2;97.62;109.66;24407280;2615707838.6
TRMK;D;20250603;000000;108.82;110.42;107.22;108.18;5610110;610031139.4
TRMK;D;20250604;000000;108.66;109.36;107.02;107.64;2438530;262981891.8
TRMK;D;20250605;000000;108;108.86;107.56;108.38;727620;78739889.6
TRMK;D;20250606;000000;108.6;110.16;104.82;106.26;2924930;315086885.2
TRMK;D;20250609;000000;106.32;107.3;105.34;106.7;844880;89697766
TRMK;D;20250610;000000;106.82;112.96;106.68;111.7;6298080;695087651.4
TRMK;D;20250611;000000;111.7;112.4;108.28;109.02;2950120;323790198.6
TRMK;D;20250613;000000;109.14;110.78;108.36;110.2;742800;81271721.4
TRMK;D;20250616;000000;110.02;112.9;108.6;111.28;2323770;258032617.4
TRMK;D;20250617;000000;111.56;113.44;108.8;109.32;3455260;382732447.8
TRMK;D;20250618;000000;109.58;110.4;107.72;108.46;1039490;113632992.4
TRMK;D;20250619;000000;108.46;109.72;108.3;108.68;504940;54964157.2
TRMK;D;20250620;000000;108.7;109.42;107.52;107.62;627410;68014846.6
TRMK;D;20250623;000000;107.7;108.46;106.34;107.28;884530;95087575.6
TRMK;D;20250624;000000;107.32;108.34;106.84;107.82;593900;64049776.2
TRMK;D;20250625;000000;107.82;108.96;107.82;108.3;619240;67211655.2
TRMK;D;20250626;000000;108.3;110.9;107.3;107.52;3202470;349934847
TRMK;D;20250627;000000;106.98;107.4;105.42;106.58;1619390;172513368.4
TRMK;D;20250630;000000;106.98;107.64;106.1;107.36;800410;85655582.2
TRMK;D;20250701;000000;107.5;108.36;105.96;106.52;994060;106418446
TRMK;D;20250702;000000;106.9;107.38;105.24;106.18;474330;50386112.8
TRMK;D;20250703;000000;106.12;106.68;105.62;106.14;412820;43847794.2
TRMK;D;20250704;000000;106.02;106.4;105.22;106.02;430040;45506289.6
TRMK;D;20250707;000000;105.86;108.3;103.64;104.78;1099410;115233684.8
TRMK;D;20250708;000000;104.36;105.44;102.72;104.46;1260480;131474945.6
TRMK;D;20250709;000000;104.2;105.24;103.88;104.86;615900;64380437.2
TRMK;D;20250710;000000;105.14;108.2;104.52;104.72;839680;89032831.6
TRMK;D;20250711;000000;104.64;104.88;101.68;102.68;1532310;157828625.2
TRMK;D;20250714;000000;102.56;104.28;98.24;103.82;1915050;193665607.4
TRMK;D;20250715;000000;103.96;104.3;103.04;103.14;359560;37257390.6
TRMK;D;20250716;000000;103.2;104.28;103.1;103.74;565620;58684397.8
TRMK;D;20250717;000000;104;104.76;102.22;102.46;523530;54118541.2
TRMK;D;20250718;000000;102.34;104.06;102.3;103.9;824120;85218984.4
TRMK;D;20250721;000000;104.38;106.72;103.14;104.9;2213480;231611342.4
TRMK;D;20250722;000000;105.04;105.52;103.42;104.82;923850;96500588.6
TRMK;D;20250723;000000;104.94;106.72;104.76;104.86;1550940;164019492.8
TRMK;D;20250724;000000;104.96;105.38;104.38;104.92;488810;51255231.2
TRMK;D;20250725;000000;105.14;105.96;103.84;104.4;756640;79262843.4
TRMK;D;20250728;000000;104.6;104.96;102.46;102.92;792040;82093447.6
TRMK;D;20250729;000000;102.86;103.8;102.66;103.14;323590;33418908.4
TRMK;D;20250730;000000;103.1;103.58;101.12;102.4;410320;42061658
TRMK;D;20250731;000000;102.58;103.4;101;101.54;1107540;112738932.2
TRMK;D;20250801;000000;102.04;106.72;100.56;102.88;8652460;897355870.8
TRMK;D;20250804;000000;102.9;103.58;102.26;102.88;765660;78824467.4
TRMK;D;20250805;000000;102.82;103.84;102;103.68;836700;86147299.6
TRMK;D;20250806;000000;103.98;105.72;102.3;104.12;1073510;111657986
TRMK;D;20250807;000000;104.2;106.5;104.08;105.16;1118600;117871294.2
TRMK;D;20250808;000000;105.16;107.56;105.16;106.92;997690;105787165.8
TRMK;D;20250811;000000;108.1;110.3;107.22;107.4;1940660;210554668.4
TRMK;D;20250812;000000;107.9;108.18;106;107.06;831810;89165731.8
TRMK;D;20250813;000000;107.06;107.98;106.52;106.78;582440;62464579.8
TRMK;D;20250814;000000;106.7;108.22;103.8;108.06;1971700;209336234.6
TRMK;D;20250815;000000;108;108.84;107.22;108.02;655910;70938857.4
TRMK;D;20250818;000000;107;108.78;104.82;108.1;1004270;107296712.6
TRMK;D;20250819;000000;108;109.42;106.9;107.54;553130;59942881.2
TRMK;D;20250820;000000;107.52;108.08;105.8;106.12;396570;42305169.6
TRMK;D;20250821;000000;106.38;106.74;104.1;104.28;822180;86350501.6
TRMK;D;20250822;000000;104.54;105.14;104.22;104.94;242240;25353721
TRMK;D;20250825;000000;105.06;105.5;104.32;105.28;315450;33071333.8
TRMK;D;20250826;000000;105.54;106.1;104.72;105.46;232400;24542549.6
TRMK;D;20250827;000000;105.52;107.34;105.16;107.28;513010;54635375.8
TRMK;D;20250828;000000;107.28;107.82;105.08;105.6;379830;40527150
TRMK;D;20250829;000000;105.6;108.5;105.52;107.74;1150690;123788494
TRMK;D;20250901;000000;107.74;108.36;106;106.42;514930;55328523
TRMK;D;20250902;000000;106.76;113.38;106.44;113.04;26631570;2973502835.4
TRMK;D;20250903;000000;113.04;115.98;111.3;115.18;13016490;1483091557.6
TRMK;D;20250904;000000;115.18;115.7;114.1;114.64;4278640;491614304.6
TRMK;D;20250905;000000;114.56;118.76;114.56;118.7;8167540;955244249
TRMK;D;20250908;000000;119.04;122.08;118.42;119.36;16206650;1950817717.8
TRMK;D;20250909;000000;119.14;119.38;117.7;119.18;3641630;431460349.6
TRMK;D;20250910;000000;119.4;122.44;118.04;118.48;9704140;1170715450.6
TRMK;D;20250911;000000;118.92;120.84;118.1;119.34;4034700;481081399.8
TRMK;D;20250912;000000;119.5;120.16;116.6;118.78;3514730;416266622.2
TRMK;D;20250915;000000;118.7;118.7;115.84;116.5;2613150;305876475
TRMK;D;20250916;000000;116.8;121.1;116.46;120.14;3849600;458781126.8
TRMK;D;20250917;000000;120.3;123.36;119.14;122.1;6836820;832976326
TRMK;D;20250918;000000;122.1;122.44;119.52;120.5;2171890;262123894.8
TRMK;D;20250919;000000;120.16;120.68;117.4;118.32;2421170;287131315.4
TRMK;D;20250922;000000;118.2;121;116.86;120.22;2411840;286862309.6
TRMK;D;20250923;000000;120.06;122.64;118.2;119.78;3952150;477510736.6
TRMK;D;20250924;000000;119.8;121.08;118.5;120.08;1739060;208442100.8
TRMK;D;20250925;000000;120.06;120.96;118.82;119.32;751470;89921533
TRMK;D;20250926;000000;119.8;119.98;118.38;119.5;762110;90812996.2
TRMK;D;20250929;000000;119.2;120.64;116.62;118.4;1673790;197631548.8
TRMK;D;20250930;000000;118.4;118.66;115;117.36;2279780;265562580.2
TRMK;D;20251001;000000;117.02;117.96;115.12;115.92;1005930;116905815
TRMK;D;20251002;000000;116.1;116.1;114.1;114.62;1136980;130687800.2
TRMK;D;20251003;000000;114.62;115.48;113.78;114.6;924480;105713888.6
TRMK;D;20251006;000000;114.48;120.18;113.62;119.4;2177410;256230081.8
TRMK;D;20251007;000000;119.42;120.88;115.96;116.82;2657240;313577336.2
TRMK;D;20251008;000000;117;117.98;112.6;115.02;2082370;238134420.6
TRMK;D;20251009;000000;115.02;117.26;111.66;114.68;3181690;366648787.8
TRMK;D;20251010;000000;114.68;115.6;112.22;112.92;1124430;128037923.2
TRMK;D;20251013;000000;112.98;116;112.3;113.16;893220;101679337.4
TRMK;D;20251014;000000;113.6;113.96;111.64;112.5;493880;55506665.6
TRMK;D;20251015;000000;113;113.16;110.32;111.34;857580;95372254
TRMK;D;20251016;000000;111.34;117.28;108.7;116.7;1734960;197233220.6
TRMK;D;20251017;000000;116.7;117.2;114.92;116.18;992110;114859847
TRMK;D;20251020;000000;116;118.04;114.2;116.08;866030;100806074.6
TRMK;D;20251021;000000;116.18;116.18;112.64;113.96;1005050;114722934.6
TRMK;D;20251022;000000;113.84;114.64;112.7;113.86;479890;54550036.4
TRMK;D;20251023;000000;112.16;113.04;111.56;112.52;440760;49467789.6
TRMK;D;20251024;000000;112.5;114.5;110.62;112.6;649320;72741301.8
TRMK;D;20251027;000000;112.36;112.38;106.72;107.28;1197020;129690583.6
TRMK;D;20251028;000000;107.28;109.08;106.24;107.5;565710;60878937.2
TRMK;D;20251029;000000;107.82;108.5;106.84;108.08;300760;32440840.6
TRMK;D;20251030;000000;108.28;109.46;107.3;108.96;428090;46508080
TRMK;D;20251031;000000;108.66;109.72;106.58;107.42;456660;49061721.8
TRMK;D;20251101;000000;107.76;107.82;106.88;107.22;146590;15745421.6
TRMK;D;20251103;000000;107.4;108.9;107.38;108.22;147810;15979747
TRMK;D;20251105;000000;107.86;108.5;107;107.76;229600;24720156.6
TRMK;D;20251106;000000;107.42;109.04;104.62;105.74;1071760;113734345.8
TRMK;D;20251107;000000;105.32;106.68;104.9;106.02;438400;46541530
TRMK;D;20251110;000000;106.18;107.28;105.12;105.44;353720;37512206.4
TRMK;D;20251111;000000;105.48;106.04;105.08;105.78;225260;23784502.8
TRMK;D;20251112;000000;105.78;108.32;105.78;106.36;1488950;159096950.2
TRMK;D;20251113;000000;106.74;107.02;105.02;105.5;587420;62183894.6
TRMK;D;20251114;000000;105.66;105.68;102.32;103.52;1016830;105303960.4
TRMK;D;20251117;000000;103.5;104.5;101.94;102.48;702160;72297673.2
TRMK;D;20251118;000000;102.7;104.2;101.28;103.12;483020;49765968
TRMK;D;20251119;000000;103.3;105.36;102.66;104.26;815150;84981234.8
TRMK;D;20251120;000000;104.5;106.8;103.4;105.68;872230;91606431.8
TRMK;D;20251121;000000;105.9;106.96;104.02;104.76;484160;50825740
TRMK;D;20251124;000000;105.2;107.58;105.2;105.54;937660;99770858.6
TRMK;D;20251125;000000;105.78;107.4;105.14;106.72;644620;68745820.8
TRMK;D;20251126;000000;106.72;107.02;105.9;106.38;201700;21458714
TRMK;D;20251127;000000;106.46;106.64;102.58;103.68;611510;64036748.6
TRMK;D;20251128;000000;103.76;105.6;103.46;105.18;310520;32458467.8
TRMK;D;20251201;000000;105.98;106.78;104.54;104.86;729650;77304073.8
TRMK;D;20251202;000000;105.06;105.62;104.04;104.44;470020;49126548.2
TRMK;D;20251203;000000;103.12;103.76;101.02;102.7;737450;75471615.2
TRMK;D;20251204;000000;102.72;103.48;102.16;102.56;348750;35897705.6
TRMK;D;20251205;000000;102.52;104.54;102.52;103.38;1061940;110061361
TRMK;D;20251208;000000;103.1;104.48;102.02;102.24;949420;97823763.2
TRMK;D;20251209;000000;102.1;103.32;101.44;102.84;863810;88365347.6
TRMK;D;20251210;000000;102.58;103.62;102.4;102.6;326290;33580188.4
TRMK;D;20251211;000000;102.62;103.8;102.52;102.96;634730;65562364.8
TRMK;D;20251212;000000;102.76;104.68;102.02;102.48;838090;86741126.2
TRMK;D;20251215;000000;102.64;104.04;102.2;103.82;690940;71292724.4
TRMK;D;20251216;000000;104;106.7;104;105.78;2053950;217180195
TRMK;D;20251217;000000;105.78;107;104.02;104.74;1305430;137320123
TRMK;D;20251218;000000;104.98;105.86;104.24;104.92;411500;43254096
TRMK;D;20251219;000000;104.92;105.48;103.34;104.36;506160;52796802.2
TRMK;D;20251222;000000;104.38;106;102.44;102.94;708750;73565697.2
TRMK;D;20251223;000000;102.82;103.96;102.26;103.32;324300;33470005
TRMK;D;20251224;000000;103.1;103.84;102.46;102.82;286260;29461928.6
TRMK;D;20251225;000000;102.84;104.32;102.72;103.08;588350;60795718.2
TRMK;D;20251226;000000;102.88;104;102.88;103.26;405340;41942293.4
TRMK;D;20251229;000000;103.34;107.24;102;102.68;2843040;297388832.4
TRMK;D;20251230;000000;103.08;103.46;102;102.42;415440;42634400
TRMK;D;20260105;000000;102.2;102.52;100.54;101.64;383340;38888943.6
TRMK;D;20260106;000000;102.2;102.6;101.22;101.26;279790;28465954
TRMK;D;20260108;000000;100.78;101.98;100.02;100.8;370500;37367785.6
TRMK;D;20260109;000000;100.8;101.48;100.8;101.2;94410;9560854.2
TRMK;D;20260112;000000;101.2;102.06;100.78;101.12;360020;36502012.8
TRMK;D;20260113;000000;101;101.46;100.08;100.14;323680;32525813
