<TICKER>;<PER>;<DATE>;<TIME>;<OPEN>;<HIGH>;<LOW>;<CLOSE>;<AMOUNT>;<VOLUME>
URKA;D;20071120;000000;115;146.9;115;120;4433;564053.72
URKA;D;20071121;000000;124;135.57;120;124.5;5124;643170.74
URKA;D;20071122;000000;165;165;126.81;126.81;3279;432038.41
URKA;D;20071123;000000;126;134.99;120;124;4827;610618.98
URKA;D;20071126;000000;118.51;129.97;118.51;124.24;17311;2085870.46
URKA;D;20071127;000000;122;122.99;110.5;116;18309;2109742.91
URKA;D;20071128;000000;116.4;116.4;103;105.5;15219;1605635.6
URKA;D;20071129;000000;109;114.54;106.2;110.33;12426;1364615.65
URKA;D;20071130;000000;114.9;126;105.62;120;79602;9348237.43
URKA;D;20071203;000000;121;121.09;118.01;120.6;15559;1873310.97
URKA;D;20071204;000000;119;120;114.14;119;28375;3365091.68
URKA;D;20071205;000000;118.99;128.5;117.5;126.5;64582;7969088.24
URKA;D;20071206;000000;126;132;125;131;49148;6450097.39
URKA;D;20071207;000000;131;141.5;125.1;140.99;97175;12963042.68
URKA;D;20071210;000000;141.31;145;141.1;143.09;13538;1933366.25
URKA;D;20071211;000000;144;146;141;141;17355;2476870.06
URKA;D;20071212;000000;137.1;144.95;136.01;143.37;42786;6098130.92
URKA;D;20071213;000000;142.07;156.5;137.2;155.97;30604;4505350.78
URKA;D;20071214;000000;160;175;155;158.7;182373;29626942.56
URKA;D;20071217;000000;158.93;158.93;147.5;148.6;129147;19406979.95
URKA;D;20071218;000000;150;154.49;148.55;151.5;120683;18326972.65
URKA;D;20071219;000000;152.58;153;149.1;151.5;167330;25307823.89
URKA;D;20071220;000000;151;152.92;150.11;152.1;104069;15786180.57
URKA;D;20071221;000000;152;164.32;151.7;163.54;236445;37721262.38
URKA;D;20071224;000000;165;181;162;180.97;500569;86437871
URKA;D;20071225;000000;180.96;186.99;178;181;206742;37873378.79
URKA;D;20071226;000000;178.6;181.8;175.15;178.98;145820;26073666.07
URKA;D;20071227;000000;179.25;182.5;173.31;175;164952;29504131.74
URKA;D;20071228;000000;175;187;174.5;183.99;80724;14423663
URKA;D;20080109;000000;182.5;187;179.51;183.65;81142;14873990.1
URKA;D;20080110;000000;189.92;189.92;181.04;183.55;161807;29737759.7
URKA;D;20080111;000000;182;183.3;176.3;177;124718;22359690.81
URKA;D;20080114;000000;179.49;180;166;167;155028;26377635.69
URKA;D;20080115;000000;169.25;179;163.88;172.89;222355;38248997.87
URKA;D;20080116;000000;171.05;172;163.01;169;224613;37541230.56
URKA;D;20080117;000000;169.1;173;160;164.9;184822;30630669.56
URKA;D;20080118;000000;161;165;157.5;159.8;261145;41671791.83
URKA;D;20080121;000000;159.9;159.9;146.1;149.99;201645;30552150.74
URKA;D;20080122;000000;144;157;135;151.49;378009;55903954.03
URKA;D;20080123;000000;152;158;150;150.01;252247;38529808.16
URKA;D;20080124;000000;155.15;175;154.2;174.3;344737;57975496.24
URKA;D;20080125;000000;180;183;170;177.81;498609;88052272.68
URKA;D;20080128;000000;170.01;176;168.51;173.25;183965;31838775.78
URKA;D;20080129;000000;176.12;178.8;174.2;176;230531;40643584.85
URKA;D;20080130;000000;174.25;175;166;166.1;90979;15481484.76
URKA;D;20080131;000000;171.7;171.7;155.7;157;230519;37562880.89
URKA;D;20080201;000000;158;171.7;158;171.7;309576;51271189.01
URKA;D;20080204;000000;171.51;182.37;171.51;182.1;278596;49693182.77
URKA;D;20080205;000000;181;204.4;180;188;792177;151838626.14
URKA;D;20080206;000000;179.31;193.72;176.01;185;400128;74213733.57
URKA;D;20080207;000000;186.85;186.85;176.1;182;229019;41628907.71
URKA;D;20080208;000000;184.46;189.79;182.12;184.59;186132;34287545.44
URKA;D;20080211;000000;184.25;192.01;183.99;189;291353;55206930.85
URKA;D;20080212;000000;189.5;195.5;189.5;195;306165;59010633.9
URKA;D;20080213;000000;194;197;188.28;191;412437;79195926.98
URKA;D;20080214;000000;193;194.72;189;194;287016;55133075.59
URKA;D;20080215;000000;192.78;202.5;190.01;196.9;263048;51631406.24
URKA;D;20080218;000000;199;199.95;195;199.79;161235;31891505.53
URKA;D;20080219;000000;199.93;205;197.88;201.8;185944;37387507.85
URKA;D;20080220;000000;199.52;201.99;196.9;198.96;143921;28612581.18
URKA;D;20080221;000000;203.49;203.49;198.5;200;140210;28188087.83
URKA;D;20080222;000000;199.31;199.31;194;196.9;170036;33270651.65
URKA;D;20080226;000000;198.83;201.99;198;198.99;197632;39428988.22
URKA;D;20080227;000000;199;199.25;193.29;195;128920;25305115.67
URKA;D;20080228;000000;180.6;197;180.6;196.89;123519;24225781.73
URKA;D;20080229;000000;195.1;197.2;189.3;193.8;247188;47498065.63
URKA;D;20080303;000000;191;193.5;189.9;193.35;134408;25792079.25
URKA;D;20080304;000000;193.4;199.5;192.52;194.1;132622;25976195.66
URKA;D;20080305;000000;194.99;197.52;193.17;197.52;126033;24680808.74
URKA;D;20080306;000000;198.6;201;191.11;195;285027;56378281.05
URKA;D;20080307;000000;193.5;193.5;175.6;184.99;246475;45944770.62
URKA;D;20080311;000000;177.26;178.5;170.5;178.5;415962;72279062.32
URKA;D;20080312;000000;180;182.75;175.76;177.45;182322;32857954.56
URKA;D;20080313;000000;176.3;176.3;170.1;173.18;88793;15279499.65
URKA;D;20080314;000000;174.85;182;174.65;178.5;238312;42550309.32
URKA;D;20080317;000000;172;176;172;175.94;109648;19167732.03
URKA;D;20080318;000000;178.49;178.49;174.52;176.49;170031;30024527.6
URKA;D;20080319;000000;178.5;180.34;175.9;178.76;215093;38512512.73
URKA;D;20080320;000000;178.22;179;170.8;173.2;162217;28288956.58
URKA;D;20080321;000000;177.01;180.71;177;177.12;203224;36297100.72
URKA;D;20080324;000000;178.6;179.69;176;178.5;92624;16432897.07
URKA;D;20080325;000000;178.6;179.5;175.1;177.4;89598;15928425.49
URKA;D;20080326;000000;177.1;179.5;175.03;175.55;108414;19221363.53
URKA;D;20080327;000000;177.49;186.22;176;185.99;320249;58361860.33
URKA;D;20080328;000000;180.65;198;180.65;197.48;411348;77617421.86
URKA;D;20080331;000000;195;196.29;190.77;191.98;63674;12326025.64
URKA;D;20080401;000000;192.65;199.45;188.49;196.02;211432;41151191.81
URKA;D;20080402;000000;198.1;205.49;197.3;203.9;324658;65678397.33
URKA;D;20080403;000000;205;216.75;205;214.7;583620;124161817.37
URKA;D;20080404;000000;215.5;219;198;218.02;299984;64997873.03
URKA;D;20080407;000000;220;223.98;218;221;201526;44613659.42
URKA;D;20080408;000000;217.2;222;212.03;217.95;85800;18806571.07
URKA;D;20080409;000000;218.9;220.05;214.79;217.18;116812;25325116.18
URKA;D;20080410;000000;207.5;218;207.5;216.65;286517;61778449.28
URKA;D;20080411;000000;217.9;228.5;217.4;225.5;271508;60790831.45
URKA;D;20080414;000000;220;248;219;240;358271;82955554.32
URKA;D;20080415;000000;240.25;245;235.05;239;558195;133206685.22
URKA;D;20080416;000000;240;259.79;237.95;255;893608;222547407.72
URKA;D;20080417;000000;259;261.94;247;254.94;551935;141938869.07
URKA;D;20080418;000000;259;272;257.01;268.9;544463;144483405.19
URKA;D;20080421;000000;269;284.99;269;277.6;715737;197045425.77
URKA;D;20080422;000000;274.75;280;267.3;270.21;603832;164328479.45
URKA;D;20080423;000000;273;288;272.65;274;1137279;317594400.38
URKA;D;20080424;000000;275;277;262;268.3;669511;180944498.92
URKA;D;20080425;000000;269.95;272;255.05;263.07;390350;102978450.36
URKA;D;20080428;000000;265.5;282.5;256;282.5;1497602;411008315.67
URKA;D;20080429;000000;280;285;260.4;262.4;1022020;277542790.76
URKA;D;20080430;000000;262;262;245.5;251.1;1283250;323949843.15
URKA;D;20080504;000000;255;262;253;257.25;457073;117557088.25
URKA;D;20080505;000000;256.01;256.01;250.17;253.5;245618;61980375.59
URKA;D;20080506;000000;254.75;259.42;251;258.45;369681;95216251.35
URKA;D;20080507;000000;260.04;274.8;260.04;269.51;641968;172461930.29
URKA;D;20080512;000000;272.5;274.9;264;267.06;321368;86267992.46
URKA;D;20080513;000000;267.18;269.99;252.5;255;839863;217152342.75
URKA;D;20080514;000000;257;265.98;252.68;263.75;926612;239725455.99
URKA;D;20080515;000000;265;275.24;264.3;268.89;844417;228489866.91
URKA;D;20080516;000000;268;274.3;265.2;274;2277913;615747293.94
URKA;D;20080519;000000;274.68;284.47;270.18;282.5;638061;178496759.54
URKA;D;20080520;000000;282.08;283.5;269.22;270.5;515149;141219433.65
URKA;D;20080521;000000;273;276.9;264.2;276.9;402658;109351372.91
URKA;D;20080522;000000;275.95;276;270.72;273;378747;103639458.49
URKA;D;20080523;000000;273;282;268;279.98;541811;149205101.46
URKA;D;20080526;000000;279;279;272.25;277.25;190324;52626620.17
URKA;D;20080527;000000;260.26;291.45;260.26;284;966123;274923105.98
URKA;D;20080528;000000;285;285;279;280.88;387808;109571482.39
URKA;D;20080529;000000;281.8;286.99;276.55;277.4;719999;202066364.6
URKA;D;20080530;000000;279.15;285.25;277.4;284.8;1064154;299130463.44
URKA;D;20080602;000000;284.9;305;282.6;294.5;951987;280100019.17
URKA;D;20080603;000000;294.75;296.49;286.38;288.95;482583;140738169.51
URKA;D;20080604;000000;287.06;294.5;284;292;307095;88538353.44
URKA;D;20080605;000000;290.11;296.94;289.51;294;436610;127988577.7
URKA;D;20080606;000000;297.6;306.95;294;296.93;756197;228073660.56
URKA;D;20080607;000000;294;299.44;293.88;295.99;195636;57970467.61
URKA;D;20080609;000000;290.25;300;290.25;297;161979;48161359.37
URKA;D;20080610;000000;297.3;308.8;294.5;307.75;794797;241208754.58
URKA;D;20080611;000000;309.4;328;309.4;327.1;762715;242534922.01
URKA;D;20080616;000000;331;354;331;350;979103;337696204.18
URKA;D;20080617;000000;350.66;377.9;350.66;377;1340855;489629785.37
URKA;D;20080618;000000;380.9;388;355.24;373.88;1058873;393496436.31
URKA;D;20080619;000000;370.09;378.56;363;375.36;393957;146351336.58
URKA;D;20080620;000000;386.01;386.01;368;368.5;4558003;1692251229.93
URKA;D;20080623;000000;366.97;368.5;356.5;357.02;398656;143462250.59
URKA;D;20080624;000000;359.5;359.5;340.1;345;523922;181959943.98
URKA;D;20080625;000000;344.85;353.45;335.5;339.5;360973;125022112.16
URKA;D;20080626;000000;339.35;341.98;333.33;339.39;383544;129659378.55
URKA;D;20080627;000000;331.51;340;321;337.5;300977;100625543.57
URKA;D;20080630;000000;337.3;344.3;335;338.45;191572;64547562.53
URKA;D;20080701;000000;338.5;358.8;338.5;355;473143;165707281.71
URKA;D;20080702;000000;354;355;347;351;311254;109291962.33
URKA;D;20080703;000000;346.77;346.77;317.51;319.8;1014100;328625080.49
URKA;D;20080704;000000;322.2;325.8;305;308;351649;109096399.89
URKA;D;20080707;000000;308.75;325;307;317.1;331337;104570772.17
URKA;D;20080708;000000;313.95;315;308.5;312.1;157689;49044138.91
URKA;D;20080709;000000;315;318.99;303.52;314.2;500216;155432573.66
URKA;D;20080710;000000;312.02;337.96;311.01;331.49;748363;244005634.27
URKA;D;20080711;000000;332;340;318;320.49;449833;147705291.39
URKA;D;20080714;000000;321.63;334.5;321.63;334;315555;104049867.37
URKA;D;20080715;000000;333.75;333.75;321;328.24;236187;77468813.53
URKA;D;20080716;000000;330;330;314;323.5;474178;152070780.33
URKA;D;20080717;000000;325;329.97;314.6;319.49;475282;152847351.66
URKA;D;20080718;000000;307.76;326.98;293.5;295.03;1077598;330744581.98
URKA;D;20080721;000000;293.25;301.89;271.21;291;666496;190390485.44
URKA;D;20080722;000000;292.5;305.09;289.02;298;457002;135269699.3
URKA;D;20080723;000000;301.5;304.89;285;286.59;432397;127300696.29
URKA;D;20080724;000000;279.25;283;270.8;274.95;531159;146545803.11
URKA;D;20080725;000000;270;273.3;238;246.71;866516;216262455.31
URKA;D;20080728;000000;250;259.95;240;243.01;454408;115060891.64
URKA;D;20080729;000000;242.51;246.8;227.06;238;437912;105204372.79
URKA;D;20080730;000000;241.5;245.1;176.75;242.9;299798;71424554.57
URKA;D;20080731;000000;244.06;269.4;243.6;265.5;930570;241027601.91
URKA;D;20080801;000000;264.5;284;259;270;600816;164941452.06
URKA;D;20080804;000000;268.45;274.98;244.8;246.55;452801;116780546.63
URKA;D;20080805;000000;240.2;250;211.72;224.8;1306335;295636435.81
URKA;D;20080806;000000;230;234.27;215.15;224;769690;174289227.83
URKA;D;20080807;000000;222.6;233;219.57;223.99;670851;153218912.73
URKA;D;20080808;000000;222.53;228;207;211;700508;152330102.63
URKA;D;20080811;000000;212;230;203.5;227;880837;193141464.9
URKA;D;20080812;000000;226.96;239.3;224;237.96;1008754;235578707.4
URKA;D;20080813;000000;236.04;237.88;232.5;235.85;559945;131396811.41
URKA;D;20080814;000000;235.4;258.2;233;253.45;1041989;260446646.35
URKA;D;20080815;000000;255;259.8;241.01;247.5;557362;138825910.46
URKA;D;20080818;000000;247.98;252.68;244.51;245.55;395019;97762166.6
URKA;D;20080819;000000;243.77;243.77;225.55;231.5;766533;178168727.56
URKA;D;20080820;000000;231;236.99;227.22;234;561926;130918990.81
URKA;D;20080821;000000;235;236;218.3;224.3;699117;158921691.9
URKA;D;20080822;000000;226.8;229.7;222;225.3;452582;102644894.09
URKA;D;20080825;000000;225.9;227;220.57;223;238651;53220540.23
URKA;D;20080826;000000;217.5;220;203.1;207;496176;104875844.62
URKA;D;20080827;000000;210;214.48;200.3;206.5;411391;85736628.09
URKA;D;20080828;000000;207.8;221.3;207.8;217.02;713979;155228091.43
URKA;D;20080829;000000;218;221.26;204.97;206.47;655346;138574897.4
URKA;D;20080901;000000;206.52;222.51;205;220.9;801915;174524473.29
URKA;D;20080902;000000;224.19;232;220.92;224.25;1400102;316827879.1
URKA;D;20080903;000000;224;227.6;212.5;214;581139;127095089.32
URKA;D;20080904;000000;213.64;218.9;201.31;202.5;595429;125721981.99
URKA;D;20080905;000000;195;197;177.18;186;1514959;279549921.78
URKA;D;20080908;000000;194.01;201.64;191.9;201.49;1386308;272581576.06
URKA;D;20080909;000000;197.05;202.3;186.1;190.1;1289460;251546358.75
URKA;D;20080910;000000;184.05;191.3;162.1;167.48;1079556;185470949.67
URKA;D;20080911;000000;166.5;173.3;160.48;160.55;659986;111075165.52
URKA;D;20080912;000000;163.9;175.31;160.51;172;699841;118668685.99
URKA;D;20080915;000000;168.26;170.95;160.57;162.98;395909;65675337.17
URKA;D;20080916;000000;160;160;130;130.5;1291536;186696798.2
URKA;D;20080917;000000;141.5;148.5;107;115;278030;36886231.32
URKA;D;20080919;000000;145;180.5;120.1;177;602949;101385740.52
URKA;D;20080922;000000;188;212.5;188;200.88;1403748;284010451.27
URKA;D;20080923;000000;200;200;177.03;190;383719;74312312.86
URKA;D;20080924;000000;190.61;198.45;184.01;186;613245;117221415.05
URKA;D;20080925;000000;188;188.5;174.11;179.5;286458;51378346.79
URKA;D;20080926;000000;179.5;181;170;170.99;488078;84494782.7
URKA;D;20080929;000000;176;176;146;153.99;953941;149199881.18
URKA;D;20080930;000000;135.5;159.99;135.5;155.9;1104861;159327507.35
URKA;D;20081001;000000;160.29;165.6;146.4;148.99;826331;127322802.74
URKA;D;20081002;000000;146.09;152.3;125;128.65;1120680;155260793.53
URKA;D;20081003;000000;121;128;108.55;122;1987008;228704901.04
URKA;D;20081006;000000;113.3;114.77;93;102;1087912;108999619.86
URKA;D;20081007;000000;110.25;114.98;95;104.02;1729992;178793481.3
URKA;D;20081008;000000;95;95;81.5;86.8;143477;12520796.38
URKA;D;20081009;000000;99.95;118.68;90.09;111;1533725;170139282.74
URKA;D;20081013;000000;111;117.71;100;109.99;1038057;113795701.56
URKA;D;20081014;000000;120;128;115.5;124.25;1373966;166320705.95
URKA;D;20081015;000000;124.5;127.2;116.92;120.51;1348485;164522409.95
URKA;D;20081016;000000;113;120.5;108.11;117.51;738113;86057824.12
URKA;D;20081017;000000;122;125;95;98.33;1420693;145912862.08
URKA;D;20081020;000000;104;108.97;97.5;100.98;778710;79149602.17
URKA;D;20081021;000000;104;117.3;101.66;111;953074;103765850.98
URKA;D;20081022;000000;107.5;108;99.01;101;698375;72468932.24
URKA;D;20081023;000000;98;105;95;98.9;1002643;98786439.34
URKA;D;20081024;000000;96.08;96.08;86.01;87.99;296726;26897719.56
URKA;D;20081028;000000;92.25;96;89;91;622785;57485643.33
URKA;D;20081029;000000;97.45;109;94.59;109;1671648;170214759.09
URKA;D;20081030;000000;112.2;125;112.2;116.02;1710572;205950055.02
URKA;D;20081031;000000;114.9;115;104.6;112.55;970918;108603913.27
URKA;D;20081101;000000;112.58;119.89;112;119.2;631892;73851461.43
URKA;D;20081105;000000;126.03;133.79;115.01;118.5;600137;73537835.97
URKA;D;20081106;000000;111.15;112;105.5;106.6;1034620;111562203.9
URKA;D;20081107;000000;103.53;118;86.9;94.99;5111291;487744316.58
URKA;D;20081110;000000;95;95;65.55;70.39;8952875;713075750
URKA;D;20081111;000000;67.7;67.7;42.23;45.89;10260125;496272973.06
URKA;D;20081113;000000;41.11;45;33.05;41.9;12111994;457791581.53
URKA;D;20081114;000000;43.47;49.49;41.16;43.6;8614467;379960621.43
URKA;D;20081117;000000;43;44.99;35.8;39.38;5653838;226508892.4
URKA;D;20081118;000000;37.01;38.45;31.55;36;8343316;292090908.27
URKA;D;20081119;000000;36.48;36.48;31.61;32.35;3844153;126385073.52
URKA;D;20081120;000000;29.99;29.99;21.5;25.09;7920628;204775748.48
URKA;D;20081121;000000;25.23;30.51;25.23;27.84;6972600;195202584.3
URKA;D;20081124;000000;29.03;35.9;27.02;34.17;13655346;437702723.78
URKA;D;20081125;000000;36.83;37.99;33.1;33.77;11535356;412987946.28
URKA;D;20081126;000000;32.74;34.75;30.5;33.32;8574793;282551394.4
URKA;D;20081127;000000;35;35.79;33.85;35.2;6243259;217529494.46
URKA;D;20081128;000000;36.4;46.77;35;45;22823000;940863755.1
URKA;D;20081201;000000;46;54.98;41.5;41.62;25540604;1252325372.26
URKA;D;20081202;000000;37.04;46.86;36.31;46.3;19283430;826390532.75
URKA;D;20081203;000000;48;48.4;42.5;43.2;10887353;482811359.33
URKA;D;20081204;000000;43.3;49.97;38.1;48.2;29057842;1344637352.04
URKA;D;20081205;000000;48.3;50.5;44.51;45.51;15604558;740061307.23
URKA;D;20081208;000000;48.99;52;46.79;51.99;19533305;971378171.54
URKA;D;20081209;000000;51.94;51.99;49.01;50.91;11575261;585913036.23
URKA;D;20081210;000000;51.32;51.86;50.4;51.54;5568067;285596454.24
URKA;D;20081211;000000;51.91;53.98;50;50.84;8642303;448908266.85
URKA;D;20081212;000000;48;49.76;46.12;48.13;7514630;358325997.24
URKA;D;20081215;000000;49.55;50.75;48.16;48.9;8185359;403114331.63
URKA;D;20081216;000000;48.5;49.17;46.63;47.11;4471804;213555386.06
URKA;D;20081217;000000;47.8;50.45;46.5;49;8246257;402807356.2
URKA;D;20081218;000000;49.74;51.7;46.8;48.23;6917146;343065595.33
URKA;D;20081219;000000;47.25;51.2;44.61;50.6;8250417;394753375.74
URKA;D;20081222;000000;50.99;54.23;49.12;53.2;8788812;461218766.32
URKA;D;20081223;000000;52.01;60.41;51.26;58.9;17131655;971901206.89
URKA;D;20081224;000000;58.01;65;58.01;60.39;11701807;716094707.44
URKA;D;20081225;000000;60.5;60.74;58.7;59.4;2976550;177515194.31
URKA;D;20081226;000000;60.74;64.9;45.2;49;18896884;1097087721.37
URKA;D;20081229;000000;50;56.48;49.5;52.1;9289048;496996491.33
URKA;D;20081230;000000;52.1;54;50.07;52.99;3763885;197572876.23
URKA;D;20081231;000000;53.15;53.99;52.11;53.1;838435;44475313.4
URKA;D;20090111;000000;57.48;57.48;54.17;56.63;4179452;235727900.23
URKA;D;20090112;000000;56.63;59.21;55.5;56.4;5656529;326582050.25
URKA;D;20090113;000000;56.16;58.5;55.16;57.71;3471345;198005664.97
URKA;D;20090114;000000;58.2;59.46;51.82;51.82;5132703;290338955.64
URKA;D;20090115;000000;51.01;54.98;49.25;51.99;7259604;378914734.82
URKA;D;20090116;000000;53.5;54.2;49.83;50.62;5501331;285548855.07
URKA;D;20090119;000000;50.15;51.4;40.58;42.75;11961599;537301326.67
URKA;D;20090120;000000;42.75;42.75;37.16;40;9883588;392266212.05
URKA;D;20090121;000000;38.8;41.44;37.3;40.3;8025867;313439385.96
URKA;D;20090122;000000;41.73;42;37.86;38.25;5135688;206069242.78
URKA;D;20090123;000000;38;38.56;34.25;37;4900928;179467490.67
URKA;D;20090126;000000;37.11;39.7;35.5;39.3;8080433;305949444.96
URKA;D;20090127;000000;39.9;41.58;38.15;39.5;8252274;327489371.75
URKA;D;20090128;000000;39.7;41.44;39.7;40.92;4931952;200274352.93
URKA;D;20090129;000000;41;49.58;40.35;44.97;21795350;982012918.76
URKA;D;20090130;000000;44.92;46.5;43.7;45.05;8641419;389883121.91
URKA;D;20090202;000000;44;45.1;38.4;39.75;16062190;648973758.78
URKA;D;20090203;000000;39.98;41.1;37.35;37.9;7884618;309508265.84
URKA;D;20090204;000000;38.65;39.98;36.93;37.55;12478860;474730601.24
URKA;D;20090205;000000;37.2;38.68;35.04;35.25;11747158;426721530.24
URKA;D;20090206;000000;35.9;37.45;35.1;35.99;11161490;402534667.06
URKA;D;20090209;000000;36.01;37.76;35.42;36.9;13852924;507904219.75
URKA;D;20090210;000000;36.49;40.89;36.17;39.72;22598587;874480499.06
URKA;D;20090211;000000;38.75;40.69;38.01;39.1;12613062;497660263.82
URKA;D;20090212;000000;39.1;40.8;37.5;38.25;9583855;375179189.93
URKA;D;20090213;000000;39.3;44.96;39.25;44.5;36888983;1579107105.56
URKA;D;20090216;000000;44.89;47.69;43.7;46.25;20943616;962562311.47
URKA;D;20090217;000000;45.99;46.45;42;42.69;15835995;688017180.55
URKA;D;20090218;000000;42.02;44.49;38.97;43.7;15853603;663829387.07
URKA;D;20090219;000000;44.58;46.31;43.3;44.85;10675921;479520160.31
URKA;D;20090220;000000;44;44.09;41.91;43.14;5362431;230028055.07
URKA;D;20090224;000000;42;44.38;40.71;43.74;4032584;173919037.59
URKA;D;20090225;000000;44.82;45.48;43.92;44.38;4565224;203065461.95
URKA;D;20090226;000000;44.85;45.95;44.65;45.75;5710508;259387301.74
URKA;D;20090227;000000;45.95;46.21;44.2;45.9;5894394;268439759
URKA;D;20090302;000000;44.76;45.53;43.91;44.8;2285111;102626952.63
URKA;D;20090303;000000;44.13;45.99;44.13;45.5;3350395;152301664.74
URKA;D;20090304;000000;45.55;49.6;45.55;48.9;8887193;423104858.29
URKA;D;20090305;000000;49.65;51.35;48.5;49.2;8244478;409941068.09
URKA;D;20090306;000000;48.59;54.83;48.2;54.05;12040912;629448144.03
URKA;D;20090310;000000;55.53;70;55;67.4;26421130;1670452559.28
URKA;D;20090311;000000;68.4;73.5;62.51;63.6;27175438;1846749742.1
URKA;D;20090312;000000;63.5;69.5;61.55;66.1;26358145;1732442411.61
URKA;D;20090313;000000;69;71.4;66.2;66.58;14945158;1014025675.4
URKA;D;20090316;000000;66.63;67.5;65.2;66.63;7388493;489721949.49
URKA;D;20090317;000000;66.15;67.4;65.2;65.85;8327003;551637715.62
URKA;D;20090318;000000;66.35;66.75;62.2;63.55;5069949;327346221.27
URKA;D;20090319;000000;64.6;65.9;63.85;64.4;5257472;340755263.71
URKA;D;20090320;000000;64.5;65.15;61.85;62;4051096;258531365.82
URKA;D;20090323;000000;62.83;68.7;62.83;68.48;13216222;885373181.83
URKA;D;20090324;000000;69.99;76.2;66;75.1;27321777;1982863729.59
URKA;D;20090325;000000;75.1;91.8;74;90.95;30379368;2549385163.4
URKA;D;20090326;000000;92.28;101;83.06;87.7;24525684;2267889712.14
URKA;D;20090327;000000;89;90.95;79.1;81.01;15127427;1278950383.23
URKA;D;20090330;000000;78.98;80.51;73.7;75.96;9871306;761473529.28
URKA;D;20090331;000000;77;82.9;76.56;79.7;12174224;981563377.91
URKA;D;20090401;000000;80.5;82.7;76.49;81.87;12554481;1005986931.31
URKA;D;20090402;000000;85;85.77;83;84.68;10554987;892838532.7
URKA;D;20090403;000000;84.7;84.91;81.94;83.2;4902200;407497736.17
URKA;D;20090406;000000;85;87.2;81.55;82.26;5156535;439878031.62
URKA;D;20090407;000000;82.85;84.69;79.06;81.14;4808123;390451168.05
URKA;D;20090408;000000;79.01;83.34;77.8;83;7022819;568054832.91
URKA;D;20090409;000000;84.99;85.4;81.47;84.9;9219455;772070153.54
URKA;D;20090410;000000;85.5;87.37;82.54;86.5;8977669;769665316.37
URKA;D;20090413;000000;86.5;86.5;83.6;84.24;3700030;315894070.5
URKA;D;20090414;000000;84.15;86.95;81.5;83.75;7007453;595254587.12
URKA;D;20090415;000000;83;87.87;81.5;86.63;9014635;777217825.27
URKA;D;20090416;000000;87.53;89.5;85.6;88.61;6598690;577567060.53
URKA;D;20090417;000000;89.33;93.05;89.1;91.9;7114768;651710669.77
URKA;D;20090420;000000;92.05;93.8;85.07;85.8;6648092;583635087.85
URKA;D;20090421;000000;84.1;87.9;80;87.1;6500778;556060905.95
URKA;D;20090422;000000;88.5;89.5;86.21;88.7;5114407;450438261.88
URKA;D;20090423;000000;88.6;88.6;85.35;86.5;8444949;732391598.22
URKA;D;20090424;000000;86.49;86.49;80.8;82.69;11081268;919797234.62
URKA;D;20090427;000000;82;82;78;79.45;6353120;506820215.96
URKA;D;20090428;000000;79;79;76.25;77.74;5330862;411963612.55
URKA;D;20090429;000000;78.5;81.48;78.15;79.35;6799589;540690753.02
URKA;D;20090430;000000;80;81.96;78.8;79.4;5356547;429970168.3
URKA;D;20090504;000000;80.91;82.23;80.23;82.19;4885283;398002429.15
URKA;D;20090505;000000;82.78;83.25;79.75;82.5;4968238;408577871.71
URKA;D;20090506;000000;81.85;92.89;81;92.2;13913250;1215454826.11
URKA;D;20090507;000000;94;101.9;93.4;96.8;21390184;2098339077.55
URKA;D;20090508;000000;97;100.5;95.68;97.5;6316970;618770414.35
URKA;D;20090512;000000;97;115.7;96.1;115.06;17853574;1942446849.43
URKA;D;20090513;000000;118.53;129.5;105.55;109.3;20966580;2431612257.94
URKA;D;20090514;000000;106.61;118.19;106.1;117.2;13280992;1498753359.76
URKA;D;20090515;000000;120;123;113.61;119.01;9873574;1172240119.65
URKA;D;20090518;000000;117.95;118.7;112.45;115.3;5060443;581758626.23
URKA;D;20090519;000000;118;119;113.55;117.1;6207858;724429798.94
URKA;D;20090520;000000;117.5;120.3;116.02;119.01;5473309;647765073.61
URKA;D;20090521;000000;117.51;119.72;107.65;108.21;5877625;663389133.13
URKA;D;20090522;000000;108.31;113;108.25;109.21;8666643;959083433.96
URKA;D;20090525;000000;111.4;112.45;107.7;109.8;2405570;264902678.31
URKA;D;20090526;000000;110.5;112.75;104.03;106.8;7869662;845675837.12
URKA;D;20090527;000000;110;111.11;106.81;107.76;4112262;448401357.1
URKA;D;20090528;000000;107;108;104.92;106.59;5236027;555810479.12
URKA;D;20090529;000000;108;116.4;106.8;116.3;12570246;1410715390.78
URKA;D;20090601;000000;119.45;123.7;118.5;123.48;11745619;1423625310.58
URKA;D;20090602;000000;125;125;116.5;122.2;10534718;1285702720.74
URKA;D;20090603;000000;123.75;123.75;113.31;113.93;3664339;433188797.7
URKA;D;20090604;000000;112.5;118.5;110.17;116.85;3643078;422309683.35
URKA;D;20090605;000000;119;120.97;114.92;116.5;3927884;465509310.3
URKA;D;20090608;000000;109.75;116.8;109.75;116.01;1344118;154442260.16
URKA;D;20090609;000000;117.45;119.95;115.61;118.02;2312643;272812053.93
URKA;D;20090610;000000;119.88;121.49;118.01;119;3356427;402900606.31
URKA;D;20090611;000000;119.54;120.6;116.12;119.24;2778909;329788643.83
URKA;D;20090615;000000;118.57;118.57;111.9;112.76;2937989;336214281.62
URKA;D;20090616;000000;112.21;115.57;112;114.7;2082403;237999078.76
URKA;D;20090617;000000;114;114.69;99.6;102.2;8212511;867554523.59
URKA;D;20090618;000000;104;105;92.38;104.13;8954484;881364397.02
URKA;D;20090619;000000;105.2;110.12;101.3;108.77;5673234;598771228.96
URKA;D;20090622;000000;107.41;108.45;100.01;100.2;4611088;475734878.5
URKA;D;20090623;000000;97;109;90.2;99;6165098;612999779.5
URKA;D;20090624;000000;100;104.91;100;104.35;4291433;442401768.01
URKA;D;20090625;000000;104.35;105.54;98.01;99;4822746;483106217.54
URKA;D;20090626;000000;100.82;101.96;97.1;98;3105128;308890209.7
URKA;D;20090629;000000;97;102.3;96.04;101.8;3707051;373304809.98
URKA;D;20090630;000000;102.3;106.21;99.41;99.98;4509961;467510456.84
URKA;D;20090701;000000;100.97;103.79;99.51;103;2520964;256159464.33
URKA;D;20090702;000000;102;103.75;100.26;103.53;2467670;251668426.39
URKA;D;20090703;000000;103;113;103;110.7;7642062;831471265.31
URKA;D;20090706;000000;109.95;110.2;102.5;103.37;5120391;536664888.57
URKA;D;20090707;000000;104.94;105.85;100.71;103.6;2421490;251673341.1
URKA;D;20090708;000000;100;102.63;97.42;98.14;3153465;313917229.32
URKA;D;20090709;000000;98.03;101.3;97.57;98.59;2563814;254249029.08
URKA;D;20090710;000000;98.5;99.15;93.62;95.24;1715136;164588228.91
URKA;D;20090713;000000;91.51;95.37;89.7;93.32;3272542;301580250.99
URKA;D;20090714;000000;95;97.4;94;94.23;1905514;182979698.13
URKA;D;20090715;000000;96;97.3;95.19;96.77;1524276;146680921.27
URKA;D;20090716;000000;98.05;102.43;94.65;98;2834029;277655241.25
URKA;D;20090717;000000;98.55;100.78;97.43;99.03;1538534;152414898.97
URKA;D;20090720;000000;100.43;101.6;99.64;100.02;1999938;201145668.74
URKA;D;20090721;000000;100.05;101.92;96.81;100.01;2187247;219136948.06
URKA;D;20090722;000000;100;101.27;95.69;96;2976383;290357832.23
URKA;D;20090723;000000;96.81;100.69;94.15;100.5;3727310;362817049.04
URKA;D;20090724;000000;100.51;108.94;99.31;105.7;7287924;766991023.7
URKA;D;20090727;000000;108.26;113.99;107.01;113.89;5693475;635468149.9
URKA;D;20090728;000000;114.11;116.5;107.5;107.77;5044515;562001591.92
URKA;D;20090729;000000;107;110.79;103.72;107.29;3693675;393705748.69
URKA;D;20090730;000000;108;114.5;107.29;114.45;2834661;315467606.61
URKA;D;20090731;000000;114.45;115.6;109.71;115.05;2614179;294625150.06
URKA;D;20090803;000000;116;118.18;115.06;117.29;2849305;333612194.18
URKA;D;20090804;000000;117;117.3;112.77;114.81;1644086;188331429.61
URKA;D;20090805;000000;115;115.8;109.83;110;3222144;366756172.39
URKA;D;20090806;000000;111.98;120;110.1;118;5708199;661178986.37
URKA;D;20090807;000000;118;120.5;114.5;119.26;3518539;413244643.61
URKA;D;20090810;000000;120;125.44;118.37;122.35;5009029;615205504.29
URKA;D;20090811;000000;122.88;123.59;116.97;118.68;3506282;421642660.98
URKA;D;20090812;000000;116.81;122.61;115.5;122.31;2000579;238979956.78
URKA;D;20090813;000000;123.27;125.94;122.25;123.5;2741691;340135104.77
URKA;D;20090814;000000;123.5;124.5;119.05;119.66;1289643;157351715.01
URKA;D;20090817;000000;117;118.97;111.11;116;2876074;331636742.09
URKA;D;20090818;000000;113.8;124.8;113.8;121.15;2679870;323742673.11
URKA;D;20090819;000000;121;122.37;117.52;118.12;1053379;125653355.44
URKA;D;20090820;000000;119.1;121.5;118.5;121.2;1032282;123895855.19
URKA;D;20090821;000000;121;123.3;118.54;123.01;1188867;143495305.05
URKA;D;20090824;000000;123.32;124.7;121.5;123.81;1848886;228187145.49
URKA;D;20090825;000000;123.5;124.2;121.12;121.98;1314235;160888945.87
URKA;D;20090826;000000;121.99;122.77;119.4;120.79;663039;80181448.14
URKA;D;20090827;000000;120.06;122.25;118.04;122.01;1054821;127220086.23
URKA;D;20090828;000000;122.4;123.4;119.33;120.88;1515900;183498944.94
URKA;D;20090831;000000;119;120.77;118.71;120.54;531449;63692460.61
URKA;D;20090901;000000;120.85;122.4;115.7;119.8;3059642;361162641.74
URKA;D;20090902;000000;116.37;118.85;114.02;115.4;1982258;231397680.02
URKA;D;20090903;000000;115.91;117.11;115.6;116.35;1275883;148251740.33
URKA;D;20090904;000000;117;117.2;109.85;111.92;3816996;429510373.52
URKA;D;20090907;000000;113.04;114.99;112.01;112.8;1826708;206605233.47
URKA;D;20090908;000000;113.5;115.48;113.31;114.8;2594265;297369717.13
URKA;D;20090909;000000;114.5;115.94;113.41;115.6;1923105;220692847.4
URKA;D;20090910;000000;116;117.7;115.2;116.83;1809030;210462066.59
URKA;D;20090911;000000;117.39;118.45;116.5;118.44;1743469;204675332
URKA;D;20090914;000000;115.1;118.2;113.77;116;2593609;300943607.2
URKA;D;20090915;000000;116.4;117.39;115.2;115.35;3404864;395285435.71
URKA;D;20090916;000000;116;121.25;115.93;116.5;5742670;681590615.31
URKA;D;20090917;000000;120.64;120.64;114.11;115.69;3908109;454107640.84
URKA;D;20090918;000000;115;115;112.02;113.2;3180039;359752539.41
URKA;D;20090921;000000;111.89;113.5;104.8;105.29;7478152;801905957.69
URKA;D;20090922;000000;106.56;107.97;105.7;106.88;4368714;466671418.14
URKA;D;20090923;000000;107.37;110;106.1;109.21;3934152;428204598.95
URKA;D;20090924;000000;108.48;115.29;106.97;112.39;9288853;1048086431.85
URKA;D;20090925;000000;113.5;114.19;111;112.05;3414214;383648106.88
URKA;D;20090928;000000;111;113.98;110.4;113.9;2807672;315971654.2
URKA;D;20090929;000000;114.94;114.94;112.37;113.4;1939814;220135994.6
URKA;D;20090930;000000;113.02;116.35;113.01;113.96;2768390;317948701.84
URKA;D;20091001;000000;114.36;118;114.1;116.97;2969788;346376878.66
URKA;D;20091002;000000;114.95;115.48;110;111.57;3790694;427037546.98
URKA;D;20091005;000000;112;113.17;111.02;111.79;1385412;154986854.63
URKA;D;20091006;000000;112.68;113.57;111.72;113.1;2489311;280639138.91
URKA;D;20091007;000000;113.4;116.99;113.11;115.9;4724251;544863331.2
URKA;D;20091008;000000;115.91;127;115.7;126;6928871;835964805
URKA;D;20091009;000000;126.31;126.31;122.05;122.71;3727937;461217694.51
URKA;D;20091012;000000;123.52;126;122.05;124.31;2883940;357114809.59
URKA;D;20091013;000000;126.5;132;125.28;126;6929143;892892864.83
URKA;D;20091014;000000;128.27;134.99;128.27;133.85;4739158;622014378.79
URKA;D;20091015;000000;136;137;125.21;128.82;3587494;465883889.49
URKA;D;20091016;000000;131;131;126.32;128.8;1876463;242045302.32
URKA;D;20091019;000000;129.95;134.84;129.54;134.18;3465424;460892288.22
URKA;D;20091020;000000;136.5;141.77;135;139.5;4438973;613875668.46
URKA;D;20091021;000000;139.01;143.49;134.28;143;3156194;444481833.55
URKA;D;20091022;000000;141.5;145.25;138.61;144.22;2347457;333337674.96
URKA;D;20091023;000000;145.3;154.75;145.3;153.91;4060247;607977217.74
URKA;D;20091026;000000;153.13;156.9;147.7;149.99;2935602;446663877.46
URKA;D;20091027;000000;148.03;149.88;144;147.3;3360421;494443436.08
URKA;D;20091028;000000;145.05;147.11;129.7;130.11;5421009;733849978.9
URKA;D;20091029;000000;129;137.5;126.93;137;4102299;544000974.13
URKA;D;20091030;000000;139;139.13;131.53;132;3201743;433338617.79
URKA;D;20091102;000000;111.35;133.8;111.35;131.49;1814607;237617118.92
URKA;D;20091103;000000;131;131;123.7;126.2;1988011;250214028.99
URKA;D;20091105;000000;129.04;136.75;127;136.67;2559884;338191153.76
URKA;D;20091106;000000;137.83;137.83;129.06;131.67;1872472;249743349.56
URKA;D;20091109;000000;133;137.5;132.97;137.5;1577917;214407709.38
URKA;D;20091110;000000;137.65;141.7;136.25;140.39;2114615;295116461.46
URKA;D;20091111;000000;140;141.1;138.5;138.9;872054;121833357.16
URKA;D;20091112;000000;138;138;135;137.1;895638;122302298.18
URKA;D;20091113;000000;135.94;139.52;134;137.5;1252590;171548344.33
URKA;D;20091116;000000;139.01;146.7;138.51;143.99;2399327;344024343.6
URKA;D;20091117;000000;143.1;144;141;141.4;1549452;220055770.7
URKA;D;20091118;000000;142;146.44;141.07;143.47;2835109;408618490.91
URKA;D;20091119;000000;143.1;143.1;137.01;137.6;1942916;271128840.18
URKA;D;20091120;000000;138.5;140.1;132.44;135.7;2250874;303988823.95
URKA;D;20091123;000000;136.1;138.97;136;137.18;1489168;204287930.35
URKA;D;20091124;000000;135;136.31;132.3;136.31;1266263;169601168.48
URKA;D;20091125;000000;138.25;138.25;133.11;135;843641;113614684.59
URKA;D;20091126;000000;129.2;135;129.2;133.7;1417738;188312401.99
URKA;D;20091127;000000;129.37;136.9;123.7;135.15;1719410;226687387.21
URKA;D;20091130;000000;136.44;137.71;130.79;132.64;920944;122935773.72
URKA;D;20091201;000000;133.5;141.82;132.5;140.36;2343144;323121172.06
URKA;D;20091202;000000;140.59;144;137.77;143.25;2384602;338775447.79
URKA;D;20091203;000000;146.46;149.9;143.5;143.54;3243149;478386345.53
URKA;D;20091204;000000;142.69;147.2;139.7;144.33;1682478;242644319.42
URKA;D;20091207;000000;143.5;143.9;139;140.75;1514401;213306237.84
URKA;D;20091208;000000;140;142;137.37;139.6;2264280;316125683.87
URKA;D;20091209;000000;138.76;141.3;138;138.8;1049223;146819734.83
URKA;D;20091210;000000;137.42;142;136;141.21;1392240;194707637.71
URKA;D;20091211;000000;141.77;143;140;141.6;1343834;190048926.48
URKA;D;20091214;000000;142;143.3;139.51;140.46;714557;101091843.95
URKA;D;20091215;000000;140.81;141;136.59;138.26;1440045;199271096.22
URKA;D;20091216;000000;138.26;141.98;138;140.44;1867514;262299964.26
URKA;D;20091217;000000;140.4;141.5;133.95;134.33;2982906;409874824.01
URKA;D;20091218;000000;136.5;137.83;125.5;129.54;9328144;1209449711.81
URKA;D;20091221;000000;130.06;130.69;125.85;129.8;3001154;385156098.38
URKA;D;20091222;000000;130.67;130.67;126.6;126.9;1973173;252286986.22
URKA;D;20091223;000000;127.5;129.7;126.12;126.41;2077438;265237445.65
URKA;D;20091224;000000;127.5;128.2;124.13;125.14;1484555;186562458.62
URKA;D;20091225;000000;125.7;125.93;123.51;125.8;795267;98981007.69
URKA;D;20091228;000000;126.63;126.8;125.11;125.68;900797;113488739.89
URKA;D;20091229;000000;128.98;128.98;122.67;125.6;1928782;239954684.49
URKA;D;20091230;000000;125.85;126.37;124.51;126.2;1093400;137359476.78
URKA;D;20091231;000000;126.12;126.18;124.72;125.5;333670;41865936.08
URKA;D;20100111;000000;138.19;145.06;135;143.4;9264828;1320407965.27
URKA;D;20100112;000000;143.15;144;139.25;143.8;2323775;329713090.85
URKA;D;20100113;000000;141.5;146.18;140.5;142.26;2946076;423665037.3
URKA;D;20100114;000000;145.63;146.1;141.57;143.99;2179021;313725741.43
URKA;D;20100115;000000;143.11;144.3;142;142;1397625;200551612.57
URKA;D;20100118;000000;141.67;145.93;141.6;145.9;1305771;188191217.11
URKA;D;20100119;000000;144.4;145.79;142.55;145.25;1196688;172238760.23
URKA;D;20100120;000000;144.45;145.6;136.11;141.87;1340186;192261006.54
URKA;D;20100121;000000;142;142.47;137.05;139.73;3464824;482572924.25
URKA;D;20100122;000000;137.5;138.71;132.12;135.4;2863420;386856850.24
URKA;D;20100125;000000;133.46;134.99;130.4;131.12;1890368;251281707.99
URKA;D;20100126;000000;130;132;128.31;129;2337631;303686119.41
URKA;D;20100127;000000;130;134.5;128.5;130.4;2924700;384095480.93
URKA;D;20100128;000000;132;134.59;129.69;130.5;4291523;566089117.58
URKA;D;20100129;000000;129.45;131.5;128.1;130.97;2225057;288396162.91
URKA;D;20100201;000000;129.8;131.94;128.22;130.1;2132266;276236799.49
URKA;D;20100202;000000;131;133;130.2;132.25;2989942;394393055.93
URKA;D;20100203;000000;133.64;140.06;133.13;137.99;6379179;879890489.68
URKA;D;20100204;000000;138.45;140.54;132.31;134;3773557;518013449.58
URKA;D;20100205;000000;130.06;136.89;128.9;131.72;6856276;907142289.92
URKA;D;20100208;000000;132.1;134;128.1;128.7;2341147;306842845.75
URKA;D;20100209;000000;130.75;132.5;128.2;132.38;1816817;236349872.92
URKA;D;20100210;000000;133;137.6;129.51;131.84;3106959;416016511.63
URKA;D;20100211;000000;133;135.94;131.5;135;2442043;326123668.51
URKA;D;20100212;000000;136;137.2;131.99;133.5;2666662;360016228.54
URKA;D;20100215;000000;134;136.75;133.23;136.52;1209910;163821159.09
URKA;D;20100216;000000;136.95;144.89;136.2;141.49;4968758;699860367.58
URKA;D;20100217;000000;142.69;142.79;140;140.99;2001998;282773935.64
URKA;D;20100218;000000;139.12;139.12;134.62;137.19;3067022;419366486.18
URKA;D;20100219;000000;134;134;129.8;132.2;5523832;726488546.46
URKA;D;20100224;000000;130.75;132.17;126.5;128.43;4648258;597009609.12
URKA;D;20100225;000000;128.23;129.53;126.6;127.42;1569774;201043772
URKA;D;20100226;000000;128.49;129.28;126.18;126.76;2275975;289349807.97
URKA;D;20100227;000000;126.99;128.7;126.99;128.05;695082;89050448.47
URKA;D;20100301;000000;128.8;130.44;128.04;129.45;2737305;353887536.44
URKA;D;20100302;000000;129.5;130.44;120.11;122.2;13946751;1725745447.93
URKA;D;20100303;000000;122;125.68;120.01;125.14;7972140;980916109.62
URKA;D;20100304;000000;125;127;123;124.88;6148127;767044339.84
URKA;D;20100305;000000;125.08;125.9;122.64;124.19;5926605;735642741.8
URKA;D;20100309;000000;124.8;124.8;121.3;121.9;2977145;364015014.56
URKA;D;20100310;000000;121.9;123.66;120.65;123.3;3466682;423188123.31
URKA;D;20100311;000000;123.5;128.5;123;125.14;12735490;1605342171.06
URKA;D;20100312;000000;125.33;127.51;125.3;126.17;4158042;526800712.98
URKA;D;20100315;000000;126;126.55;124.51;124.9;2625243;329645144.61
URKA;D;20100316;000000;125;126.8;124.72;126.5;2239854;281189425.14
URKA;D;20100317;000000;127.5;128;126.86;127.26;2976528;378897506.82
URKA;D;20100318;000000;126.91;128.89;126.41;127.25;2648074;338353491.32
URKA;D;20100319;000000;127.25;127.3;124.02;125.48;3417217;429306147.4
URKA;D;20100322;000000;125;125.2;122.4;123.2;3505801;432610629.24
URKA;D;20100323;000000;123.7;123.9;118.18;120.5;4904643;595728396.94
URKA;D;20100324;000000;121;122.88;119.2;121.68;2674900;324329930.59
URKA;D;20100325;000000;123;123;120.68;122.45;1469755;179453710.46
URKA;D;20100326;000000;122.03;123.66;121.31;122.49;1623872;198930496.83
URKA;D;20100329;000000;122.22;123.47;122;122.7;1392584;170832465.62
URKA;D;20100330;000000;123;123.5;121.5;122.75;2187777;268219276.95
URKA;D;20100331;000000;122.23;124.37;122.2;123.67;2161299;266016961.52
URKA;D;20100401;000000;123.17;125.8;123.17;123.26;6462925;804135831.43
URKA;D;20100402;000000;123.4;123.71;122.55;122.96;1793478;220614204.3
URKA;D;20100405;000000;122.76;123.44;121.42;122.66;2224515;272557344.14
URKA;D;20100406;000000;122.33;125.1;122.33;124.22;3956980;491162274.05
URKA;D;20100407;000000;124.99;132.27;123.04;127.88;11880291;1523567145.71
URKA;D;20100408;000000;126.91;130.03;125.79;128.8;5253625;675106762.74
URKA;D;20100409;000000;130;134.9;129.53;134;6759538;900330948.18
URKA;D;20100412;000000;134;136.5;130.8;132.25;3432332;456768846.37
URKA;D;20100413;000000;131.25;131.73;130.07;130.6;1472086;192578947.43
URKA;D;20100414;000000;131;137.22;128.05;133.5;8567405;1137960876.15
URKA;D;20100415;000000;134;134.93;132.06;133.48;2691530;359569377.66
URKA;D;20100416;000000;133.01;133.48;130.5;130.5;1717959;226486515.31
URKA;D;20100419;000000;128.76;128.8;124;125.35;4769232;598373880.15
URKA;D;20100420;000000;126.25;127.77;125.25;127.71;2100271;265577428.02
URKA;D;20100421;000000;128.82;129.9;126.51;126.9;2092360;268636700.45
URKA;D;20100422;000000;126.45;127.93;124.11;124.11;1699204;214695708.05
URKA;D;20100423;000000;125;127;124.29;126.55;1599339;201757690.34
URKA;D;20100426;000000;127.1;129.71;127.1;128.43;1285545;165200976.43
URKA;D;20100427;000000;127.89;128.74;127.05;128.02;1456342;186189928.65
URKA;D;20100428;000000;125.5;127;123.1;123.33;3122708;390600986.94
URKA;D;20100429;000000;121.51;127.91;121.51;127.01;1739355;219281880.44
URKA;D;20100430;000000;127.5;127.89;125.12;125.5;1704119;215791263.88
URKA;D;20100504;000000;125.61;128.15;123.1;124;1089007;135818353.52
URKA;D;20100505;000000;121.5;125.3;117.02;120.32;4192507;508868528.92
URKA;D;20100506;000000;120.74;121.05;118.1;120;1668870;200184523.15
URKA;D;20100507;000000;115.08;118.5;108.5;109.86;3992669;456498876.55
URKA;D;20100511;000000;115.77;115.77;112;113.4;3542900;402658250.2
URKA;D;20100512;000000;112.02;117.19;112.02;117.19;3125789;358983073.02
URKA;D;20100513;000000;118.6;119.1;114.05;116.18;1486153;173128072.86
URKA;D;20100514;000000;115.68;117.5;112.86;114.91;1100959;126900681.5
URKA;D;20100517;000000;112.78;115;110.99;114.01;1762040;199293214.42
URKA;D;20100518;000000;114.1;115.24;111.8;112.5;1558746;176798218.28
URKA;D;20100519;000000;111.2;111.61;106.15;107.5;2099796;227518296.02
URKA;D;20100520;000000;108.38;108.99;99.5;101;3430671;355965817.17
URKA;D;20100521;000000;102;103;95.3;97.9;4325695;424179472.75
URKA;D;20100524;000000;98.4;100.04;96;99.8;1562943;154106135.95
URKA;D;20100525;000000;95;97.2;93.3;94.49;2334120;221382883.41
URKA;D;20100526;000000;96;102.19;95.3;100.25;3136090;310752887.75
URKA;D;20100527;000000;102.98;112.3;102.5;106.02;7708843;830100078.3
URKA;D;20100528;000000;108;116.5;106.8;114.5;4654058;518016096
URKA;D;20100531;000000;115.75;117.99;114.7;117.99;2143183;248849176.26
URKA;D;20100601;000000;118.51;122.45;112.15;117.45;5311228;619299709.45
URKA;D;20100602;000000;115.31;124.8;114.07;123.42;3971760;478797857.96
URKA;D;20100603;000000;125;126.44;119.85;121.28;2866503;350889999.65
URKA;D;20100604;000000;121.29;122.39;115.35;117.21;2253881;267312664.47
URKA;D;20100607;000000;114;117;111.1;116.8;1984979;227444496.72
URKA;D;20100608;000000;117.51;118.44;112.3;113.02;1091726;125534646.81
URKA;D;20100609;000000;113.92;117.19;113.4;115.87;1320391;152126000.15
URKA;D;20100610;000000;115.64;117;112.01;116.49;1458436;167300009.99
URKA;D;20100611;000000;117.25;121.6;115.55;119.2;2383932;284713002.4
URKA;D;20100615;000000;123;125.6;118.53;121.15;4028298;488804968.6
URKA;D;20100616;000000;122;123;118.7;119.1;1215225;146513807.24
URKA;D;20100617;000000;119.62;121.19;116.56;120.78;1958329;234502842.35
URKA;D;20100618;000000;120.08;121.21;117.43;118.8;2126227;254321042.44
URKA;D;20100621;000000;120.01;123.39;119.9;122.56;1430431;174628718.4
URKA;D;20100622;000000;121.53;122.44;120.1;121.71;861001;104378535.25
URKA;D;20100623;000000;121.33;123.45;117.07;118.07;1619145;194337356.77
URKA;D;20100624;000000;119.23;120.21;116.17;117.45;831098;97759471.65
URKA;D;20100625;000000;117;118;115.55;116.92;1867135;217646914.18
URKA;D;20100628;000000;116.9;117.38;115.61;116.73;868272;101133793.67
URKA;D;20100629;000000;115.53;116.69;112.11;114.07;2574252;293075791.15
URKA;D;20100630;000000;113.02;114.07;112.01;113.2;3088261;349159365.64
URKA;D;20100701;000000;112;114.35;110.02;111.7;2246117;251888567.98
URKA;D;20100702;000000;111.75;115.7;110.54;114.86;1128666;126954374.65
URKA;D;20100705;000000;114.98;116.38;114.01;115;701930;80743747.57
URKA;D;20100706;000000;115.79;118;115.13;118;1768124;206327112.54
URKA;D;20100707;000000;116.37;118.3;115.25;116.39;965057;112256088.81
URKA;D;20100708;000000;118.5;118.99;116.97;117.77;1454507;171006644.79
URKA;D;20100709;000000;117.9;118.25;117.3;117.92;732817;86381599.76
URKA;D;20100712;000000;118.56;118.9;117.5;118.5;1639222;193675717.97
URKA;D;20100713;000000;118.3;118.8;117.51;118.33;1084226;128152315.08
URKA;D;20100714;000000;119;119;117.01;117.5;995509;117255109.48
URKA;D;20100715;000000;116;121.27;115.35;119.45;2378832;284452210.15
URKA;D;20100716;000000;119.6;123.8;119.6;122.48;3032166;369977474.34
URKA;D;20100719;000000;122.05;124.8;121.3;122.4;1594159;196304374.93
URKA;D;20100720;000000;122.4;122.4;119.21;119.72;656738;78934410.49
URKA;D;20100721;000000;120.82;123;120.12;122.75;1130689;138006167.13
URKA;D;20100722;000000;121.78;125.02;121.01;124.19;1502514;186361007.06
URKA;D;20100723;000000;124.1;125;122;123.89;1035820;128151006.94
URKA;D;20100726;000000;124;125.49;121.12;123;891956;110292231.71
URKA;D;20100727;000000;123.17;125.1;121.6;122.55;1527772;188764144.78
URKA;D;20100728;000000;124.67;128.2;124;125.59;4792144;603079048.14
URKA;D;20100729;000000;125.85;128;125.23;127.4;2724553;345520316.37
URKA;D;20100730;000000;126.51;128.9;125.25;127.36;2546983;324145725.37
URKA;D;20100802;000000;129.75;140.01;128.5;139.8;9176822;1246926648.27
URKA;D;20100803;000000;141;142;133.42;134.38;4736020;642337306.74
URKA;D;20100804;000000;134.97;137.4;134.05;135.3;2303745;312081450.97
URKA;D;20100805;000000;137;142.39;136.65;138.69;4035576;558868733.77
URKA;D;20100806;000000;138.36;139.6;136.16;137;2253142;310127944.33
URKA;D;20100809;000000;136.61;139;136.61;138.45;1535257;212589548.2
URKA;D;20100810;000000;138.08;138.16;135.1;136.3;2221176;302737182.73
URKA;D;20100811;000000;135.56;137;131.65;136.8;2780053;375781033.43
URKA;D;20100812;000000;135.29;142.1;134.8;139.3;5469453;758373219.36
URKA;D;20100813;000000;140.6;140.93;137.87;139.8;2785475;388727476.44
URKA;D;20100816;000000;141.01;141.89;137.08;139.85;2655336;370692123.81
URKA;D;20100817;000000;139.8;150.92;137.91;149.4;11126067;1620897904.83
URKA;D;20100818;000000;149.4;151.02;145.7;146.97;3386588;498177447.31
URKA;D;20100819;000000;149.5;149.5;142.81;143.48;2014783;294437877.17
URKA;D;20100820;000000;144;144.83;140.05;141.86;2731010;386167183.34
URKA;D;20100823;000000;142;142.89;140.14;140.76;1300732;183554061.11
URKA;D;20100824;000000;139.83;140.8;136.01;136.5;2642810;365432459.7
URKA;D;20100825;000000;136.75;139.68;135.01;135.6;1634253;224353247.43
URKA;D;20100826;000000;136.4;139.5;136.01;138.02;1874462;258056840.99
URKA;D;20100827;000000;137.81;142.39;136.89;142.19;1969915;275093248.81
URKA;D;20100830;000000;146.65;146.65;140;140.48;1292646;183888209.31
URKA;D;20100831;000000;139.89;144.25;137;142.3;1978610;277400474.21
URKA;D;20100901;000000;143;146.4;141.72;146.1;2622178;380075849.05
URKA;D;20100902;000000;146;146.98;144.01;146.02;1499767;218372588.11
URKA;D;20100903;000000;146.15;148;144.7;145.54;1516628;222315381.93
URKA;D;20100906;000000;147.98;147.98;141.9;142.81;2248243;323427090.3
URKA;D;20100907;000000;142.95;143;141.2;142.7;936102;132955661.4
URKA;D;20100908;000000;144.3;148.4;144.1;146.6;3226697;474346794.48
URKA;D;20100909;000000;147.01;148.9;145.01;146.54;1713482;252647718.12
URKA;D;20100910;000000;144.2;147.5;144.2;146.5;419810;61478981.09
URKA;D;20100913;000000;147.24;148.34;146.5;146.85;1111351;163614996.94
URKA;D;20100914;000000;146.01;147.42;144.2;146.19;1069860;155790924.68
URKA;D;20100915;000000;146.99;147;144.01;147;1124248;163179574.42
URKA;D;20100916;000000;146.9;147.37;143.89;144.22;1016931;147727135.97
URKA;D;20100917;000000;144.5;145.62;142.39;142.71;1590011;228445431.83
URKA;D;20100920;000000;143;143.54;140.8;143.5;1038408;147766666.13
URKA;D;20100921;000000;143.5;144.4;142.76;143.4;603599;86531468.06
URKA;D;20100922;000000;143.69;143.8;141.07;142.84;663460;94178181.27
URKA;D;20100923;000000;141;143.11;138.02;139.1;1600682;223680854.18
URKA;D;20100924;000000;139;139.9;136.02;137.5;2050669;281711364.57
URKA;D;20100927;000000;137.83;139.9;136.06;137.75;1440059;198454273.88
URKA;D;20100928;000000;137.67;138.99;136.07;137;1070088;146943840.8
URKA;D;20100929;000000;137.38;137.6;135.26;135.38;1176049;160109903.54
URKA;D;20100930;000000;135.03;136.24;132.27;133.69;2514575;337356863.14
URKA;D;20101001;000000;130.01;136.5;130.01;134.2;3108717;419033325.25
URKA;D;20101004;000000;136;136;132.39;133.06;1650856;220313969.1
URKA;D;20101005;000000;134;134.19;132.55;133.06;1436520;191471876
URKA;D;20101006;000000;134.84;137.55;133;135.8;2961932;400040417.32
URKA;D;20101007;000000;136;136.91;134.6;135.84;1609864;218417438.43
URKA;D;20101008;000000;135.36;135.97;132.5;134.8;1710731;228617524.92
URKA;D;20101011;000000;135.61;139.55;134.81;139.5;3175356;437771010.69
URKA;D;20101012;000000;138;139.38;137.33;139;1671818;231331900.94
URKA;D;20101013;000000;139;143.68;139;143.1;2806097;399469053.6
URKA;D;20101014;000000;143.68;144.68;141.51;144;1784174;255982843.12
URKA;D;20101015;000000;143.91;145;141.02;141.89;1476168;211905491.99
URKA;D;20101018;000000;141.5;144;140.01;141;1558380;221095817.32
URKA;D;20101019;000000;139.75;141.5;138.5;140;2131505;298087305.25
URKA;D;20101020;000000;139.76;143.6;138.22;142.61;1674456;236425183.32
URKA;D;20101021;000000;143;144.5;141.5;142.12;2440984;349862366.39
URKA;D;20101022;000000;141.84;142.98;140.49;142;792889;112267456.21
URKA;D;20101025;000000;142.74;142.81;139.2;139.6;1160994;163354676.56
URKA;D;20101026;000000;141;148;140.8;147.98;6141898;888768964.24
URKA;D;20101027;000000;147.5;149.65;144;145.2;4242289;623250158.86
URKA;D;20101028;000000;145.2;151.95;145.2;150.84;7224422;1082929066.76
URKA;D;20101029;000000;150.5;153;148.3;153;2979768;451174742.45
URKA;D;20101101;000000;153.95;154.2;152.64;153.6;1911804;293408315.1
URKA;D;20101102;000000;153.13;154.69;152.11;154.07;1158029;177953708.57
URKA;D;20101103;000000;154.65;163.5;154.48;163.49;7234326;1157389282.37
URKA;D;20101108;000000;167.5;168.47;164.1;165.8;2740076;455012014.25
URKA;D;20101109;000000;166.63;178.32;165.91;178.19;5409670;936166254.12
URKA;D;20101110;000000;175;180.8;173.51;177.6;5448029;966357614.43
URKA;D;20101111;000000;180.47;183.14;176.35;177.5;3291466;590397741.41
URKA;D;20101112;000000;175.73;176.77;170.01;173.6;2784742;484021851.51
URKA;D;20101113;000000;172.31;174.57;171.21;174.57;418234;72049085.33
URKA;D;20101115;000000;175;176.75;169.7;173.74;2433421;418874072.44
URKA;D;20101116;000000;173;173.3;168.56;170.25;1727788;295381987.51
URKA;D;20101117;000000;169.51;177.44;166.71;175.9;4911257;856883274.9
URKA;D;20101118;000000;177.5;183.5;175.18;177.7;4961324;889231936.78
URKA;D;20101119;000000;178;180;173.8;177.15;1869319;330695259.76
URKA;D;20101122;000000;176.05;179.9;173.06;174.6;1944273;341676563.49
URKA;D;20101123;000000;173.26;174.5;168.27;171.95;2401896;411266778.35
URKA;D;20101124;000000;171.83;178.79;170.2;177.01;3856253;678391501.09
URKA;D;20101125;000000;175.99;177.39;172.6;174.01;4134763;721173381.37
URKA;D;20101126;000000;173.01;179.42;172.14;179.03;2816941;498050241.71
URKA;D;20101129;000000;178.02;178.39;172.77;174.5;3318028;581316687.31
URKA;D;20101130;000000;174.01;175;170.62;170.71;3116694;535661254.7
URKA;D;20101201;000000;172;175.48;171.91;175.44;3247761;566166360.17
URKA;D;20101202;000000;176.3;182.5;173.12;182.01;4863281;867845001.54
URKA;D;20101203;000000;182.85;195.7;182;194.74;8217904;1563337299.31
URKA;D;20101206;000000;195.85;199.43;191.52;196.8;5106194;998813213.04
URKA;D;20101207;000000;197;201.75;196.55;199.25;4194699;834746211.11
URKA;D;20101208;000000;198.5;201.98;196;199.99;2508286;500620501.76
URKA;D;20101209;000000;201.98;211;201.43;209;4635802;965834949.08
URKA;D;20101210;000000;209;209.87;205.26;206.89;1572014;325711564.41
URKA;D;20101213;000000;208.75;208.75;202.69;203.47;3135574;642580003.69
URKA;D;20101214;000000;203.49;204.95;201.25;204.5;1547378;313570769.41
URKA;D;20101215;000000;203.86;211.97;202.6;210.98;4861257;1013362411.86
URKA;D;20101216;000000;209.94;227.88;209.01;220.98;9711658;2120553417.84
URKA;D;20101217;000000;222.57;225.94;212.8;215.09;4316185;941089392.33
URKA;D;20101220;000000;214.05;221.61;203.13;212.48;10199617;2145692980.4
URKA;D;20101221;000000;212;217.55;212;214.65;4682422;1006674155.68
URKA;D;20101222;000000;215.4;216;213;213.8;2425152;520227251.99
URKA;D;20101223;000000;211.35;214.5;211.35;213.75;2383499;508144666.53
URKA;D;20101224;000000;212.59;214.38;212.14;213.2;1167800;249041641.78
URKA;D;20101227;000000;213.9;213.9;209.72;210.3;786849;165554092.82
URKA;D;20101228;000000;210;213.2;207.14;213.1;1303098;274160786.68
URKA;D;20101229;000000;213.24;214.4;210.3;213.95;954216;202913793.24
URKA;D;20101230;000000;213.2;219.92;212.1;219.92;4278898;931791252.36
URKA;D;20110111;000000;222;226.48;221.15;225.5;2519652;564864372.4
URKA;D;20110112;000000;225.48;226.68;219.3;220;2723193;606035647.56
URKA;D;20110113;000000;220;225.79;219.79;224;4246854;950667842.36
URKA;D;20110114;000000;224;224;221.85;223.75;1379018;307428701.81
URKA;D;20110117;000000;224.29;229.97;222.5;229.31;2796296;632399113.28
URKA;D;20110118;000000;229;232.98;227.42;232.43;3312912;763500926.13
URKA;D;20110119;000000;234;239.81;232.52;235.48;3096878;731574519.27
URKA;D;20110120;000000;234;234;227.45;228;2696473;620470650.07
URKA;D;20110121;000000;228.93;239.5;228.15;236.25;2634394;614794281.38
URKA;D;20110124;000000;236.25;237.49;228;230.5;2481195;575626401.64
URKA;D;20110125;000000;232;233.4;221.5;225.03;3757112;849609938.44
URKA;D;20110126;000000;225.52;228;224.55;225.67;2335790;528495859.37
URKA;D;20110127;000000;227;233.58;223;231.16;4085632;936180674.87
URKA;D;20110128;000000;231.73;232.28;225.71;227.94;1437047;328171292
URKA;D;20110131;000000;226.42;226.7;220.1;225.6;1927867;430536675.02
URKA;D;20110201;000000;225.8;233.5;224.65;231.3;3477230;795887754.76
URKA;D;20110202;000000;233.13;234.5;228.91;231.33;2696455;625506134.88
URKA;D;20110203;000000;232;232.39;226.41;229.74;1597286;365762546.5
URKA;D;20110204;000000;230.11;232.5;227.8;230.05;1189667;273425831.49
URKA;D;20110207;000000;232;233.07;228.88;230.12;1485272;342823480.83
URKA;D;20110208;000000;230.32;230.76;219.5;219.89;2376080;535373625.28
URKA;D;20110209;000000;222;223.8;209.71;209.8;4839634;1037260811.01
URKA;D;20110210;000000;209;212.95;201.9;209;5599760;1154895845.61
URKA;D;20110211;000000;209.39;213.75;207.82;211.52;2069121;436642154.12
URKA;D;20110214;000000;212.15;218.55;211.01;217.94;3016138;647622081.4
URKA;D;20110215;000000;218.2;225.9;217.2;222.07;4939401;1099776892.67
URKA;D;20110216;000000;221.98;224.83;218.4;224.28;2886120;641030903.44
URKA;D;20110217;000000;224.51;225.96;221.02;223.75;2081579;464132391.12
URKA;D;20110218;000000;223.6;224.9;221.6;224.11;1562775;348854656.28
URKA;D;20110221;000000;224.75;226.33;222.13;224.34;1184429;266446477.09
URKA;D;20110222;000000;223.5;223.5;218.31;221.14;1940533;426777913.74
URKA;D;20110224;000000;218.08;218.08;209.32;212.98;3659748;779839115.9
URKA;D;20110225;000000;214.03;233.95;213.5;232.35;6958774;1570012294.95
URKA;D;20110228;000000;231.01;235.6;228.1;234;3800142;880437684.48
URKA;D;20110301;000000;233.25;242.84;231.86;240;5093200;1219817730.6
URKA;D;20110302;000000;238.07;245.07;235.03;235.8;4187240;1006221034.8
URKA;D;20110303;000000;238.35;240.21;236.15;237.6;1649260;393027637.7
URKA;D;20110304;000000;237.95;242.16;237.49;239.63;1888850;451457792.3
URKA;D;20110305;000000;238.76;241.5;238.51;239.81;620310;149015236.5
URKA;D;20110309;000000;238.98;238.98;229.75;230.88;3040570;709788857.2
URKA;D;20110310;000000;232;232;223.44;224;3706220;842643820.9
URKA;D;20110311;000000;223.1;226.72;219.8;219.96;3355810;747937929.3
URKA;D;20110314;000000;219;227;216.62;218.1;5137860;1143459027.5
URKA;D;20110315;000000;215;219.69;211.2;214.45;6275250;1346294919.7
URKA;D;20110316;000000;218;225.62;215;216.64;4363550;951684262.5
URKA;D;20110317;000000;217;223;214.63;222.92;4102370;897895760
URKA;D;20110318;000000;224;226.9;222.95;225;2642180;594385883.1
URKA;D;20110321;000000;227.76;227.76;223.6;225.79;1391520;313826143.2
URKA;D;20110322;000000;226.03;226.03;218.78;220.79;2434550;538016879.3
URKA;D;20110323;000000;220.4;225;218.5;224.7;2170300;480325305.9
URKA;D;20110324;000000;224.6;228.44;223.22;226.38;3399210;770186953.6
URKA;D;20110325;000000;227.9;235;225.51;232.09;3606540;828342324.4
URKA;D;20110328;000000;232.16;236.97;231.1;235.01;1962780;461076436
URKA;D;20110329;000000;235;235.07;227.8;230.5;2532340;582985386.6
URKA;D;20110330;000000;231.6;236.11;231.5;235.12;1849380;433373217.1
URKA;D;20110331;000000;235.12;236.57;231.23;234.95;2173210;507879000.1
URKA;D;20110401;000000;234.95;243.14;234.3;240.01;5739720;1380255399.2
URKA;D;20110404;000000;239.15;242.42;238.5;240.8;2954930;711252988.6
URKA;D;20110405;000000;237.81;241.5;236.5;240.33;2013550;480594455.1
URKA;D;20110406;000000;240.03;247.18;238.62;245.72;2784000;674964867
URKA;D;20110407;000000;246;250;242;243.48;4444270;1096799283.2
URKA;D;20110408;000000;245.83;247.57;243.19;244.01;3016220;741029058.2
URKA;D;20110411;000000;245;246.88;232.34;237.44;6217220;1472048054.3
URKA;D;20110412;000000;234.1;237.4;231.34;234.89;3183140;744709637
URKA;D;20110413;000000;234.99;239.89;231.64;237.09;2257090;533211829.6
URKA;D;20110414;000000;237.6;239.06;229.35;230.15;2837470;658670588.2
URKA;D;20110415;000000;231;231.13;224.45;227;1955020;447258227.5
URKA;D;20110418;000000;228.45;229;218.61;220.8;2882100;641701337.1
URKA;D;20110419;000000;220;232.4;218.22;230.21;3357400;762217998.8
URKA;D;20110420;000000;232.51;237;231.8;234.99;2379010;557801065.3
URKA;D;20110421;000000;235.31;237.86;231.41;233.51;1575490;368934611.2
URKA;D;20110422;000000;234;235.43;233.5;234.3;683180;160173041.7
URKA;D;20110425;000000;234.5;238.5;228.94;230.03;2259580;530456106.3
URKA;D;20110426;000000;230.08;233.34;227.48;230.77;2708750;625223832
URKA;D;20110427;000000;232.38;232.38;227.08;229.21;1614890;369964255.4
URKA;D;20110428;000000;230.9;232.64;227;232.28;1959510;450348979.6
URKA;D;20110429;000000;232.28;232.28;226.19;228.6;1245740;284920512.9
URKA;D;20110503;000000;228.56;230.38;221.5;222.74;1505670;338987439.5
URKA;D;20110504;000000;222.01;223.58;216.05;216.53;3523140;768774217.2
URKA;D;20110505;000000;216.77;218.5;210.5;213.08;2917210;622555328.3
URKA;D;20110506;000000;211.15;218.99;210;215.54;4694090;1002997397.5
URKA;D;20110510;000000;215.09;220.4;212.3;219.41;2816980;613339811.8
URKA;D;20110511;000000;220.95;224.89;220.22;221.05;3802000;846039086.1
URKA;D;20110512;000000;219.27;220.98;214.5;215.58;3391420;736542224.7
URKA;D;20110513;000000;217.06;220.5;215.54;218.15;2089550;455109243
URKA;D;20110516;000000;216.98;218.1;212.01;217.6;2132220;459550359
URKA;D;20110517;000000;218.85;220.2;214.12;214.9;2826810;611060228.1
URKA;D;20110518;000000;215.95;219.1;212.58;215;2666520;575703071.2
URKA;D;20110519;000000;215.72;220.6;214.54;217.2;3057950;666862457.9
URKA;D;20110520;000000;218.35;224.44;215.03;217.18;4105010;902665875.4
URKA;D;20110523;000000;215;217.5;212;212;3021310;650200007.6
URKA;D;20110524;000000;215;225.65;214.1;222.55;6403330;1410045429.8
URKA;D;20110525;000000;218.48;224.5;216.95;223.63;4145850;918594164.2
URKA;D;20110526;000000;224.72;229.09;220.2;229;4627660;1044283811.9
URKA;D;20110527;000000;229.9;235;227.21;233;3690070;857868678.8
URKA;D;20110530;000000;233;237.5;232;237.01;1221360;286797364.5
URKA;D;20110531;000000;237.3;258.62;237.09;239.54;7155340;1722891047.1
URKA;D;20110601;000000;243.54;245.4;238.11;240.7;3845150;925587114.9
URKA;D;20110602;000000;238;247.22;236.5;245.52;3834910;922513748.1
URKA;D;20110603;000000;245.51;246.95;237;239.32;4157730;1003114894.1
URKA;D;20110606;000000;239.35;240.7;234.45;238.5;1847300;439804109.4
URKA;D;20110607;000000;237.44;240;236.21;239.48;2088380;498278466.9
URKA;D;20110608;000000;239.95;243.99;237.37;240.6;2984800;717807447.9
URKA;D;20110609;000000;244.25;252;243;245.5;7181660;1770771587
URKA;D;20110610;000000;245.05;251.5;244.09;248.7;4320560;1076867657.5
URKA;D;20110614;000000;250.1;254.47;248.12;252.71;3307370;830715855.7
URKA;D;20110615;000000;252.82;258.18;251.7;256.69;4676750;1199855632
URKA;D;20110616;000000;254.03;255.9;242.6;243.65;5203450;1295668091.9
URKA;D;20110617;000000;243.6;244.9;232.55;232.77;7581770;1796940175.7
URKA;D;20110620;000000;232;234.96;225.5;233.77;4738210;1093144574.5
URKA;D;20110621;000000;234.63;238.9;234.15;236.92;2969140;704745585.3
URKA;D;20110622;000000;222.51;241;222.51;239.35;2990270;710651415.2
URKA;D;20110623;000000;239.17;239.17;233;233.67;2744230;647627667
URKA;D;20110624;000000;235.75;238.96;234.6;237.75;2619520;619617912.8
URKA;D;20110627;000000;236.02;238.39;232.41;236.37;2233210;524768035.8
URKA;D;20110628;000000;238.06;248.87;237.03;248.31;4461230;1085249972.5
URKA;D;20110629;000000;249.65;253.77;246.62;251.12;5324570;1331442557.9
URKA;D;20110630;000000;251.86;253.8;249.02;250.31;3272830;822677798.6
URKA;D;20110701;000000;250.31;250.89;243.46;245.5;4587990;1130933212.4
URKA;D;20110704;000000;245.3;248.52;241.26;242.69;3132600;764240857.9
URKA;D;20110705;000000;245;257.45;245;256.7;9655890;2434725586.6
URKA;D;20110706;000000;257;269.5;256.8;269.5;20163340;5286797018.3
URKA;D;20110707;000000;264.1;266.48;260.7;262.81;6686190;1755901397
URKA;D;20110708;000000;263.69;263.69;259;260.3;3524350;922688284.8
URKA;D;20110711;000000;259.29;263.42;257.8;259;2828870;733797467.2
URKA;D;20110712;000000;256.79;260.9;256.01;258.97;3331120;860627733.3
URKA;D;20110713;000000;260;268.99;260;268.75;3917080;1034601874.7
URKA;D;20110714;000000;268;271.31;264.81;270.01;3453160;928843417.9
URKA;D;20110715;000000;267.66;270;266.1;269.4;1519550;408322094.9
URKA;D;20110718;000000;266.63;269.89;265.32;268.03;1918190;513894257.8
URKA;D;20110719;000000;268.03;268.8;264.12;266.01;2188940;582938356.6
URKA;D;20110720;000000;268.25;271.28;267.01;270.05;2512860;678458697.7
URKA;D;20110721;000000;270.1;274.77;269.27;274.29;4064390;1106210005.6
URKA;D;20110722;000000;275.5;278.25;274;277.8;2380180;657035816.2
URKA;D;20110725;000000;276.21;276.41;271.87;275.4;2463450;675705055.9
URKA;D;20110726;000000;275.86;276.39;271.3;274.5;2226110;609806509.8
URKA;D;20110727;000000;275.14;275.8;270.2;271.1;1567620;426953843.1
URKA;D;20110728;000000;271.1;276.34;268.13;275.03;2961290;809018311.3
URKA;D;20110729;000000;273.74;273.98;268.51;270.45;2400820;650787228.8
URKA;D;20110801;000000;273.5;277.5;273.5;276.27;2374690;655547337.8
URKA;D;20110802;000000;275.22;277.4;273;276.5;2774880;763720497.8
URKA;D;20110803;000000;274.05;276.3;261.3;262.13;4165160;1122629067.1
URKA;D;20110804;000000;265;269.9;254.13;256.96;5720230;1501763111.4
URKA;D;20110805;000000;250;263;243.01;253.2;7792260;1984034937.6
URKA;D;20110808;000000;246;252;240;240.96;6173980;1516495344.5
URKA;D;20110809;000000;235;245.49;225.75;244.19;9249090;2187470936.8
URKA;D;20110810;000000;249.5;259.2;246;247.35;8638510;2176629864.2
URKA;D;20110811;000000;250.29;257.35;234.01;250.51;8619120;2149106884.7
URKA;D;20110812;000000;252.54;261.61;249.39;255.32;4893940;1250753840.5
URKA;D;20110815;000000;259.55;260.56;255.02;255.18;3863450;994930104.1
URKA;D;20110816;000000;254;257.78;250;254.85;4087360;1040967879.8
URKA;D;20110817;000000;255.74;258.58;252;255.53;3071920;783594933.8
URKA;D;20110818;000000;255;259.48;246.11;253;4415120;1120395653.6
URKA;D;20110819;000000;248.67;254.36;241.11;252.51;5416320;1341254643.6
URKA;D;20110822;000000;248.63;259;248.21;253.05;3076820;784021441.3
URKA;D;20110823;000000;256.45;261.43;255.3;261.09;3481910;899688533.2
URKA;D;20110824;000000;263;267.35;260;267.1;3849830;1019858389.1
URKA;D;20110825;000000;267.93;271.76;260.1;262.1;3455140;922461701.6
URKA;D;20110826;000000;264.25;265.99;258.12;264.5;3934890;1032781449.3
URKA;D;20110829;000000;271.03;272.45;268.71;270.5;2047790;553713783.8
URKA;D;20110830;000000;272.33;276.99;268.11;273.99;3706700;1011791472.2
URKA;D;20110831;000000;276;290.75;274.11;283.79;5739310;1627062683.5
URKA;D;20110901;000000;285.85;289;283;287.65;3738590;1068952513.1
URKA;D;20110902;000000;285.13;286.98;278.5;281.16;2259580;638260432.2
URKA;D;20110905;000000;277.29;280.79;269.26;271.7;3153810;867288985.9
URKA;D;20110906;000000;269.5;278.3;269.5;274.22;3203730;881438545
URKA;D;20110907;000000;278.02;282.86;277.29;280.7;2602550;731940184.7
URKA;D;20110908;000000;282;282;275.25;280.11;2668040;744153778.7
URKA;D;20110909;000000;278.54;281.99;274.05;276.03;2436170;676710621.7
URKA;D;20110912;000000;273.95;277;267.13;275.79;2754700;748044911.4
URKA;D;20110913;000000;278;282.95;272.77;276.92;3219170;890123504.2
URKA;D;20110914;000000;272.94;279.15;270.55;274.75;2589770;717435316.9
URKA;D;20110915;000000;277.23;292.69;277;286.42;8079220;2324799988.9
URKA;D;20110916;000000;288.5;291.2;283.02;289.65;3430260;985768409.5
URKA;D;20110919;000000;286;289.73;283.77;287.4;3049230;872509057.4
URKA;D;20110920;000000;285;297.45;285;295;3329030;978728246.1
URKA;D;20110921;000000;296.88;296.9;286;286.93;2854090;829039445.8
URKA;D;20110922;000000;282.5;283.45;260;261.67;8395150;2283462956.1
URKA;D;20110923;000000;261.37;261.37;227.55;236;11913780;2895046356.8
URKA;D;20110926;000000;236;252.48;225.71;243.5;8886760;2140960475.7
URKA;D;20110927;000000;250;256.5;248.5;252.9;5025290;1273431610.9
URKA;D;20110928;000000;249.1;257.98;246.6;251.4;4978850;1254098894.4
URKA;D;20110929;000000;248.95;251.79;240.21;245;9042770;2220789931.3
URKA;D;20110930;000000;245;245.89;221.04;223;9614750;2204379167.8
URKA;D;20111003;000000;217.43;217.43;202.6;207.82;12360240;2577601118.8
URKA;D;20111004;000000;204.5;210.31;180.77;207;14329380;2816547767
URKA;D;20111005;000000;206.45;208.89;191.21;202.5;11402830;2281553562.9
URKA;D;20111006;000000;207;227;205.5;225;12469250;2699858787.8
URKA;D;20111007;000000;228;247.95;228;238.82;15135970;3621338307.6
URKA;D;20111010;000000;243.32;244.99;228.33;242.02;13376470;3159444816.7
URKA;D;20111011;000000;243.39;243.9;232.5;241.19;8362300;1980812720.7
URKA;D;20111012;000000;240.05;245.95;236.32;241.42;6758220;1637115998.8
URKA;D;20111013;000000;240.84;242.45;235;241.55;9906020;2364696783.5
URKA;D;20111014;000000;240.8;248.5;238.07;247.08;6811350;1660567888.1
URKA;D;20111017;000000;248.1;250;240.2;245.84;7236100;1766890522.9
URKA;D;20111018;000000;240.37;252;240.02;249.27;4959410;1227590478.3
URKA;D;20111019;000000;252.1;252.3;239;240.5;6405360;1568030990.7
URKA;D;20111020;000000;238;241.99;235.28;238.55;3456030;823854089.1
URKA;D;20111021;000000;241.05;249.34;237.57;247.58;4439670;1078788429.4
URKA;D;20111024;000000;249.43;257.87;248.31;255.64;5023550;1274646471.7
URKA;D;20111025;000000;257;257;248.51;253.2;4199480;1064338049.3
URKA;D;20111026;000000;252.57;268;252.57;265.5;7419680;1941315424.1
URKA;D;20111027;000000;269.7;278.29;268.57;272.97;5844620;1595305549.6
URKA;D;20111028;000000;277.5;278;271.39;272.19;4017390;1104490153.2
URKA;D;20111031;000000;276.5;279.3;266.11;268.98;6268790;1713563288.4
URKA;D;20111101;000000;266.55;275.42;252.55;257;8798510;2300313573.8
URKA;D;20111102;000000;258.1;267.62;253.12;265;5790390;1509870024.7
URKA;D;20111103;000000;254.7;266.94;247.6;262.53;9672170;2478017893
URKA;D;20111107;000000;263.09;265.5;253.7;259.86;4710030;1219010338.3
URKA;D;20111108;000000;259.83;262;254.72;258.81;3720600;963759012.7
URKA;D;20111109;000000;256.95;261.3;248;250.45;5070330;1281939222.4
URKA;D;20111110;000000;244.9;253.25;243.4;248.63;6222860;1540475463.1
URKA;D;20111111;000000;249.17;250.01;241.17;246.75;3737440;918281673
URKA;D;20111114;000000;249.98;254.77;244;248.01;3640860;910675413.6
URKA;D;20111115;000000;248.97;254;237.5;246;6144350;1506223405.2
URKA;D;20111116;000000;243.65;247.29;239.45;246;6180900;1508193849
URKA;D;20111117;000000;244.94;248;240.81;246.5;5055640;1233708968.4
URKA;D;20111118;000000;242.36;245.5;238;245.02;2958430;717616395.3
URKA;D;20111121;000000;243.5;245;232.76;233.3;5294750;1251809918.6
URKA;D;20111122;000000;233.29;238.75;230.01;232.5;3366350;793901257.3
URKA;D;20111123;000000;230;232;222;230;11973190;2727474679.2
URKA;D;20111124;000000;231.85;239.39;230.45;235.93;7061340;1660769371.5
URKA;D;20111125;000000;234.95;235.9;225.33;233.35;9111030;2108019996.8
URKA;D;20111128;000000;235.77;244;235.77;240.99;5771640;1390347113.5
URKA;D;20111129;000000;241;245.1;240.3;242.09;6562360;1594907969
URKA;D;20111130;000000;241.05;249;241.05;246.51;7156020;1764427286
URKA;D;20111201;000000;248.25;251.5;239.65;241.99;5136980;1265967887.9
URKA;D;20111202;000000;242;244.46;238.01;239.63;3565540;863130448.5
URKA;D;20111205;000000;240.05;240.74;235.37;237.82;2661430;632786777.2
URKA;D;20111206;000000;236.35;241.05;226.2;228;6862090;1593341566.2
URKA;D;20111207;000000;231.73;231.73;225.6;226.01;5357970;1223750210
URKA;D;20111208;000000;226.95;229.87;222.3;222.99;4974250;1128409159.4
URKA;D;20111209;000000;220;220;210.6;214.52;8964120;1922500016.2
URKA;D;20111212;000000;218;221.74;206.15;208;10526310;2245463821.8
URKA;D;20111213;000000;206.5;213.74;201;211;7615030;1592096915.1
URKA;D;20111214;000000;208.6;214.75;205.51;209.75;8135330;1707840029.6
URKA;D;20111215;000000;207.85;219.33;202.27;217.5;13472380;2815912947.5
URKA;D;20111216;000000;218;224.75;214.92;223.2;7007820;1536777551.5
URKA;D;20111219;000000;221;231.58;216.44;229.05;7528060;1698444621.9
URKA;D;20111220;000000;228.02;239.98;225.12;237.92;7164440;1665210364.4
URKA;D;20111221;000000;238.29;242.85;234.15;236.59;8141520;1939912580
URKA;D;20111222;000000;237;238.7;228.11;235.4;10098060;2384361264.2
URKA;D;20111223;000000;237.19;237.19;225.77;226.38;2958650;683014336.2
URKA;D;20111226;000000;227.01;230.98;227;228.97;1794420;411072579.7
URKA;D;20111227;000000;230.5;230.85;226.61;230.41;1501590;343713745.1
URKA;D;20111228;000000;229;232.98;227;229.24;1960120;450954048.5
URKA;D;20111229;000000;229.02;231.5;221.88;229.25;2854510;645784219.2
URKA;D;20111230;000000;229.25;237.71;228.2;231.5;2761830;645021755
URKA;D;20120103;000000;235.11;241.8;235.11;239.51;2444150;585746903.7
URKA;D;20120104;000000;239.5;241.98;238.05;241.25;1365560;327614871.4
URKA;D;20120105;000000;240.99;244.59;233.09;233.24;2441290;585316531.3
URKA;D;20120106;000000;235;237.71;230.22;230.27;2805690;655962898.9
URKA;D;20120109;000000;233.5;233.5;224.18;226.91;3025150;686569202.8
URKA;D;20120110;000000;228.91;229.8;223.1;225.66;5747520;1303878372.1
URKA;D;20120111;000000;225;227.86;220.65;223.16;4430890;995108343.7
URKA;D;20120112;000000;223.58;227.85;221.1;225.36;8016170;1802569285.8
URKA;D;20120113;000000;225.18;227.53;223.46;224.51;3125600;705239874.7
URKA;D;20120116;000000;224;227.84;221.99;226.7;1984310;448182687.7
URKA;D;20120117;000000;228.17;231.5;225.17;227.11;4833340;1106960380.3
URKA;D;20120118;000000;227.87;227.87;224.51;226.99;2469410;557948101.4
URKA;D;20120119;000000;227.77;228.8;223.15;225.1;4447260;998334377.3
URKA;D;20120120;000000;225.5;225.51;221.64;222.49;3379600;753883608.4
URKA;D;20120123;000000;221.1;223.75;217.56;220.15;4161820;914601518.3
URKA;D;20120124;000000;220;221;216.9;219.7;3863930;845302842.2
URKA;D;20120125;000000;220.1;221.69;215.65;217;4463700;972135321.6
URKA;D;20120126;000000;218;218.89;212.36;212.9;6745610;1451845309.8
URKA;D;20120127;000000;212.9;216.4;210.25;215.3;7352030;1575196650.1
URKA;D;20120130;000000;214.95;218.15;213.1;216.5;4415320;952550241.4
URKA;D;20120131;000000;217.21;218.75;214.24;215.51;4774310;1033722594.6
URKA;D;20120201;000000;215.95;221.51;214.43;221.07;3963660;864971906
URKA;D;20120202;000000;221.98;223.2;219.44;221.99;4220470;934695101.5
URKA;D;20120203;000000;221;229.4;221;228.93;4543540;1023224007
URKA;D;20120206;000000;229.66;230.37;227.77;229.21;4030990;923647550.3
URKA;D;20120207;000000;229;229.65;221.81;224.97;4040050;909019027.4
URKA;D;20120208;000000;226;227.51;222.02;223.45;3092920;694921094.5
URKA;D;20120209;000000;226.2;226.2;220.05;221.71;2790870;620776313
URKA;D;20120210;000000;221;222.8;215.82;221.99;3351280;738515828.2
URKA;D;20120213;000000;224;228.95;221.05;228.88;3128840;709991160.2
URKA;D;20120214;000000;228.75;230;226.7;228.4;3265960;745600942.2
URKA;D;20120215;000000;229.93;238.88;229.25;237.98;9514380;2232570865.9
URKA;D;20120216;000000;236.03;241;233.12;239.65;5848130;1387573959.4
URKA;D;20120217;000000;242.7;242.8;237.22;239.5;4799120;1145076079.7
URKA;D;20120220;000000;240.75;241.5;239.17;239.85;1927770;463090474.8
URKA;D;20120221;000000;240.33;240.33;235.07;239.5;2811090;669687636.1
URKA;D;20120222;000000;239.75;240.9;236.7;237.79;3911610;933040402.6
URKA;D;20120224;000000;239.55;244.02;235.3;243;5695100;1368149106.4
URKA;D;20120227;000000;243;244.25;240;241.4;2878840;696153350.9
URKA;D;20120228;000000;241.84;241.97;236;236;3099220;738342798.2
URKA;D;20120229;000000;236.95;239.78;235.2;237.75;2729940;649246732.9
URKA;D;20120301;000000;236.39;239.7;235.55;239.11;2874640;681641660
URKA;D;20120302;000000;240.3;241.5;233.22;236.15;4063600;963957778.1
URKA;D;20120305;000000;236.92;239.96;234.2;239.79;2926260;694441168.5
URKA;D;20120306;000000;239.58;239.58;227.8;228.19;4273340;992533716.9
URKA;D;20120307;000000;228.19;230.19;224.5;229.11;3054640;694761614.2
URKA;D;20120311;000000;231.16;235.71;230.95;235.26;1450260;338842264.8
URKA;D;20120312;000000;233.24;236.37;231.91;235;3079690;719491907.4
URKA;D;20120313;000000;235.36;236.75;223.11;225.69;8910440;2026183584.7
URKA;D;20120314;000000;227;227.79;222.31;223.9;4836290;1085349972.7
URKA;D;20120315;000000;223.98;228.68;221.01;225.93;9215970;2085997722
URKA;D;20120316;000000;233.75;233.75;223.7;225.73;2495680;562305749.6
URKA;D;20120319;000000;227;227.99;218.6;224;4106370;913682306.4
URKA;D;20120320;000000;223.99;229.8;220.55;229.6;6644180;1506028901.7
URKA;D;20120321;000000;229.9;231;225.5;226.97;4234940;968346933.9
URKA;D;20120322;000000;225.48;229.62;224.37;226;2418470;547441082
URKA;D;20120323;000000;227.63;227.63;221.51;224.85;2440490;545680965.4
URKA;D;20120326;000000;225.84;227.9;224.2;227;2265070;512362568.9
URKA;D;20120327;000000;228;228.9;223.53;226.05;2078820;469923576.8
URKA;D;20120328;000000;225.64;227;222.02;223.06;2819410;632094849.9
URKA;D;20120329;000000;222.12;223.9;218.5;221.4;3432980;758369912.3
URKA;D;20120330;000000;222.97;224;220.03;222.5;3940350;877466618.9
URKA;D;20120402;000000;223.05;226.4;222.56;224.79;2623500;589165085
URKA;D;20120403;000000;226;226.92;224.5;225.48;3707210;837232223.5
URKA;D;20120404;000000;224;224.3;217.1;218.31;4198520;923681372.4
URKA;D;20120405;000000;219.35;220.96;215.67;220.03;3027130;660022990.1
URKA;D;20120406;000000;233.58;233.58;215;215.98;1587190;344954325.9
URKA;D;20120409;000000;214.72;219.5;213;219;1972580;427435908.7
URKA;D;20120410;000000;217.43;223.12;216.1;220.54;2640730;582128882.5
URKA;D;20120411;000000;218.99;224.72;216.98;221.48;3448060;763406405.7
URKA;D;20120412;000000;222.58;223.5;219.1;222.3;3524970;780379888.1
URKA;D;20120413;000000;222.45;225;221.22;221.78;2027430;452046433.5
URKA;D;20120416;000000;220.15;224.6;217.5;218;2850940;628192851.4
URKA;D;20120417;000000;248.38;248.38;216.18;218.26;2672330;584318465.1
URKA;D;20120418;000000;219.18;220.18;216.1;218.5;1663850;363225470.9
URKA;D;20120419;000000;218.55;223.97;217.58;223.59;4686500;1041149960
URKA;D;20120420;000000;222;222.99;218.33;222.98;3211140;708305974.4
URKA;D;20120423;000000;222.05;222.5;216.8;218.45;3526410;769909650.3
URKA;D;20120424;000000;219.2;219.89;217.35;218;2469800;539587824.8
URKA;D;20120425;000000;218.97;220.99;218.1;220;2423240;532304910.1
URKA;D;20120426;000000;218.08;222.43;217.5;218.27;3340600;733272552.9
URKA;D;20120427;000000;215;221.36;212.3;221.14;3986030;868848202
URKA;D;20120428;000000;221;221.97;219.22;221.96;650550;143791565.5
URKA;D;20120502;000000;222.43;226.45;219.5;220.87;3104310;693942573.6
URKA;D;20120503;000000;220.98;222.49;219;220.5;2033200;448547140.1
URKA;D;20120504;000000;221.46;221.46;212;213.68;4228870;910492956.6
URKA;D;20120505;000000;213.68;214.99;210.03;212.6;858900;182515790.2
URKA;D;20120507;000000;210.31;212.8;204.5;211.12;1155590;241981715.9
URKA;D;20120508;000000;212.94;215.94;211.23;215.24;1430480;305200181.3
URKA;D;20120510;000000;215;219.43;214.19;218.64;3856610;839573483.2
URKA;D;20120511;000000;218.25;219.24;214.21;218.87;2090100;452791978
URKA;D;20120512;000000;218.32;218.75;215.25;218.01;728640;158073843
URKA;D;20120514;000000;217.01;217.5;214.44;215.99;2444560;527531044.8
URKA;D;20120515;000000;216;221.5;213.11;220.79;3212050;700026841.5
URKA;D;20120516;000000;218.5;220.98;216.1;219.5;2343060;511716502.3
URKA;D;20120517;000000;219.6;221;211.39;217.98;4076290;888781837.1
URKA;D;20120518;000000;215;217.61;211.41;217.61;5733900;1232564655.8
URKA;D;20120521;000000;218.65;218.65;211.7;216.2;2468750;530154661.5
URKA;D;20120522;000000;217.27;217.27;211.8;214.82;3118980;666996961.4
URKA;D;20120523;000000;213;216.99;210.13;216.95;5191540;1108717861.4
URKA;D;20120524;000000;216.98;220.99;214.4;220.87;5930790;1289227395.4
URKA;D;20120525;000000;219.13;223.17;217.57;223.01;3895700;861494613.9
URKA;D;20120528;000000;223.01;224.53;221;222.53;1769760;394720837.7
URKA;D;20120529;000000;226.46;226.46;221.56;223.61;2394890;536880741.9
URKA;D;20120530;000000;223;225.77;220.05;225.44;8089600;1814630163.4
URKA;D;20120531;000000;225;232;221.55;231.29;8254620;1889599937.2
URKA;D;20120601;000000;230.11;234;225.94;233.92;6281550;1453475657.8
URKA;D;20120604;000000;230.05;235;230.05;232.57;2507550;585527961
URKA;D;20120605;000000;233.12;233.5;229.21;229.53;1755840;405845682.5
URKA;D;20120606;000000;231;231.37;227.22;229;4819640;1105165001.4
URKA;D;20120607;000000;229.9;230.6;222.25;228.6;4789130;1089209712.4
URKA;D;20120608;000000;225.18;230.1;225.18;229.89;2229050;510464310.9
URKA;D;20120609;000000;230;231;229;229.6;702210;161580559.1
URKA;D;20120613;000000;228.8;234;228.8;233.54;2651070;615331218.5
URKA;D;20120614;000000;233.49;234;230.1;233.79;1645170;381682263.5
URKA;D;20120615;000000;234;246.15;232.33;238.25;20694830;4964973987.8
URKA;D;20120618;000000;240;241.54;237.12;238.77;4498740;1074401186.1
URKA;D;20120619;000000;238.77;242.9;238.03;240.8;3212820;772107054.9
URKA;D;20120620;000000;238.12;240.67;234.3;234.3;2964070;702518298.2
URKA;D;20120621;000000;234.11;237.2;226.43;227.64;2733190;635430541.6
URKA;D;20120622;000000;226.98;231.42;223.43;228.07;2170350;496357502.2
URKA;D;20120625;000000;227.6;231.13;223.88;229.85;3768590;860494546.2
URKA;D;20120626;000000;230.1;234.97;229.2;233.65;2329380;540002134.1
URKA;D;20120627;000000;234;239;232.18;238.22;2501570;592268236.6
URKA;D;20120628;000000;239.49;239.56;236.12;238.87;2731260;650207843.9
URKA;D;20120629;000000;239.74;249.59;239.5;248.42;5657230;1390191379.2
URKA;D;20120702;000000;247.52;250.99;246.15;250.5;2409460;601001143.2
URKA;D;20120703;000000;251.06;257.11;249.22;257;3933750;995871611.5
URKA;D;20120704;000000;257;264.34;255.52;263.85;3168240;822749222.4
URKA;D;20120705;000000;263.2;265.48;259.05;261;4061810;1069164632.2
URKA;D;20120706;000000;259.17;263;255.74;259;2380640;616143843.7
URKA;D;20120709;000000;258;260;254.3;257.68;1782470;457891451.1
URKA;D;20120710;000000;255.51;268;254.1;264.09;5395290;1419219798.7
URKA;D;20120711;000000;265.01;265.97;259.25;263.97;4131250;1086584870.3
URKA;D;20120712;000000;263.65;263.65;255.26;258.97;2531690;655117593.2
URKA;D;20120713;000000;260.03;261.99;256.1;259.5;2049170;531055969.2
URKA;D;20120716;000000;259.1;261.28;256.98;261;1841980;478738429
URKA;D;20120717;000000;262.94;268.5;260.29;267.6;3918750;1039037071.8
URKA;D;20120718;000000;267.8;268;264.24;266.5;1291730;343941592.9
URKA;D;20120719;000000;267.14;272.9;267;269.49;4228140;1143046351.4
URKA;D;20120720;000000;268.95;275.7;264.5;272.59;3519020;955989398.2
URKA;D;20120723;000000;270.26;275.1;262.55;265.28;3943810;1055672521.1
URKA;D;20120724;000000;266.81;269.33;264.28;267.01;1965520;524411010.1
URKA;D;20120725;000000;266.5;272.65;264.49;267.78;2429530;654247652.8
URKA;D;20120726;000000;267.7;270.95;264;265.1;2317660;617103460.4
URKA;D;20120727;000000;265.54;270.75;264.05;267.75;2476940;662176912.2
URKA;D;20120730;000000;242.06;276;242.06;272.45;2686800;731626137.6
URKA;D;20120731;000000;271.47;275.28;267.5;270.7;2917010;793774873.8
URKA;D;20120801;000000;268.91;274.41;268.55;270.85;1458270;395315004.6
URKA;D;20120802;000000;270.93;270.93;259.77;264;3812270;1011418716.9
URKA;D;20120803;000000;263.75;269.5;261.43;267.9;2072350;553059984.8
URKA;D;20120806;000000;268.94;269.31;262;262.05;4033210;1073764780.8
URKA;D;20120807;000000;263;266.75;257.62;258.9;3815680;1002271036.4
URKA;D;20120808;000000;261.8;261.85;254.56;257;2011850;518865542.8
URKA;D;20120809;000000;257.35;262.27;257.35;262;2397560;623875771
URKA;D;20120810;000000;261;261.77;255.25;258.11;2415350;622315251.5
URKA;D;20120813;000000;260.48;263.5;258.11;258.73;2887660;751920501.6
URKA;D;20120814;000000;258.35;261.47;256.65;259.53;2173400;564590219.6
URKA;D;20120815;000000;259.3;259.39;253.03;257.5;2085200;533409832.6
URKA;D;20120816;000000;258;261;257.01;259.5;2007710;519950422.9
URKA;D;20120817;000000;260.99;262.05;257;257.12;1442630;373776888.6
URKA;D;20120820;000000;258.38;258.66;251.5;252.55;1897310;480907859.8
URKA;D;20120821;000000;252.9;259.98;252.9;254.36;3089590;792464329.3
URKA;D;20120822;000000;253.18;255.14;251.11;254.13;1767950;446847138.5
URKA;D;20120823;000000;255.5;259.44;255.49;257.75;2340500;603838886.9
URKA;D;20120824;000000;255.63;259.5;253.1;258.57;1932820;495259229.6
URKA;D;20120827;000000;259.23;260.57;253.55;255.52;1224170;313706164
URKA;D;20120828;000000;254.95;260.98;254.73;259.76;1966710;508814413.8
URKA;D;20120829;000000;259.6;263.7;255;255;2117920;545601285.7
URKA;D;20120830;000000;254.49;255.52;251.1;252.52;1608660;407478018
URKA;D;20120831;000000;253;255.43;246.53;247;3710250;927039974.4
URKA;D;20120903;000000;246.38;251.43;246.01;249.81;1928930;480562915.4
URKA;D;20120904;000000;263.68;263.68;245.41;247.18;1922860;477964039.6
URKA;D;20120905;000000;247.22;249.99;243.88;245.16;2032810;501135849.8
URKA;D;20120906;000000;247;256.5;244.35;256.45;3558510;894417572.9
URKA;D;20120907;000000;256.43;262.75;255.51;257.68;4266490;1108258341.8
URKA;D;20120910;000000;257.67;261;256.2;258.15;1652390;426870746.1
URKA;D;20120911;000000;257.14;257.65;254.2;256.01;2515890;643848463.3
URKA;D;20120912;000000;257;257.5;250.77;257.35;5992770;1523408714.6
URKA;D;20120913;000000;257;258.24;254;256.3;2387700;612196007.6
URKA;D;20120914;000000;259;263.96;257;257.01;10287370;2666278045.2
URKA;D;20120917;000000;256.78;259;255.35;257;6757180;1739874966.1
URKA;D;20120918;000000;256.94;262;255.63;259.79;3730380;970058816
URKA;D;20120919;000000;260.99;271.7;260.22;271.49;7677380;2046699310
URKA;D;20120920;000000;270;277.95;269.26;272;14353920;3918970745.5
URKA;D;20120921;000000;272.1;276;265.8;265.81;8075430;2196296912.5
URKA;D;20120924;000000;266;268.11;263.04;267;2529190;671452544.7
URKA;D;20120925;000000;267.8;269.75;263.8;264.5;2741820;729635650.7
URKA;D;20120926;000000;263.97;265.24;256.08;256.61;3919350;1017030233.8
URKA;D;20120927;000000;257.1;259.49;256;258.42;1812780;468093610.3
URKA;D;20120928;000000;260;260.79;256.65;257.53;1784580;461646918.9
URKA;D;20121001;000000;252.5;265;252.5;264.99;2595340;678515112.4
URKA;D;20121002;000000;261.65;264.68;259.27;260.22;2038680;535000099.3
URKA;D;20121003;000000;260.11;260.11;251;251.17;3556420;906272730.2
URKA;D;20121004;000000;253.5;255.75;250.8;252.58;3308050;838006287.2
URKA;D;20121005;000000;255;259.49;255;256.05;2319860;597843198.2
URKA;D;20121008;000000;256;256.5;252.55;256.45;1109990;282097876.2
URKA;D;20121009;000000;258.55;260.38;255.15;258.98;1789460;462035211
URKA;D;20121010;000000;257.68;259.38;253.71;254.05;1314150;337047292.4
URKA;D;20121011;000000;253.66;258.25;251.97;256.4;1801410;460133407.9
URKA;D;20121012;000000;256.4;256.53;250.08;251.25;2337820;590909376.3
URKA;D;20121015;000000;251.23;253.26;246.1;248;3740620;937678543.7
URKA;D;20121016;000000;250;250.97;245.23;248.17;2934200;727844050.4
URKA;D;20121017;000000;247.9;249.45;243.25;244.51;4745240;1167051064.5
URKA;D;20121018;000000;244.51;248.05;243.23;244.42;2861790;701784212.8
URKA;D;20121019;000000;243.88;245.89;236.92;240.01;6841810;1642822198.6
URKA;D;20121022;000000;238.7;244.8;238;244;3115610;755040913.1
URKA;D;20121023;000000;244.5;244.69;239.41;240.75;2704350;654145820.2
URKA;D;20121024;000000;242.26;243.94;238.22;241.49;2799120;675726175.1
URKA;D;20121025;000000;242.5;244;239.5;240.47;1710150;413036852.2
URKA;D;20121026;000000;239;244.52;238;242.79;2113810;510708892.6
URKA;D;20121029;000000;240.55;243.75;240.07;242.49;744950;179896831.8
URKA;D;20121030;000000;240.74;244.43;240.68;243.4;1609520;391121876.2
URKA;D;20121031;000000;243.86;249.97;242;247.38;5226840;1296745355.3
URKA;D;20121101;000000;247;248.99;245.25;246.11;2496790;617239326
URKA;D;20121102;000000;246.96;249.5;246.07;247.02;2027430;502254851.3
URKA;D;20121106;000000;248.22;250;245.45;248.7;2650170;657359432.1
URKA;D;20121107;000000;248;248;239.59;239.59;3410290;832000692.3
URKA;D;20121108;000000;239.51;239.59;235.06;238.99;2880070;682348553.2
URKA;D;20121109;000000;238;242.5;227.25;230.5;4468220;1049176706.6
URKA;D;20121112;000000;231.04;236.69;226.14;234.9;3050860;705549954.8
URKA;D;20121113;000000;234.1;237.37;233;235.25;2603090;611029992.2
URKA;D;20121114;000000;238.06;239.79;231.52;233.8;2386860;559929120.2
URKA;D;20121115;000000;233.5;235.99;233;235.5;4135260;972834453.8
URKA;D;20121116;000000;235.5;235.67;228.66;229;1964290;454210796
URKA;D;20121119;000000;230.5;231.5;228.28;228.39;1936210;444952343.8
URKA;D;20121120;000000;229;230.9;227.11;230;2415770;552031692.4
URKA;D;20121121;000000;228.13;231.5;228.13;230.55;1904480;438664227.1
URKA;D;20121122;000000;231.27;233;230.26;230.99;1451110;336609906.6
URKA;D;20121123;000000;231.33;234;231.33;233.89;1664890;388145711.4
URKA;D;20121126;000000;233.15;235.48;230.31;232.73;1409090;328348372.9
URKA;D;20121127;000000;233;235.1;232.15;233.16;1291110;301785841
URKA;D;20121128;000000;233.08;233.39;227.13;227.75;2235740;512928366.7
URKA;D;20121129;000000;229.99;229.99;227.7;229.62;1031220;236401513.7
URKA;D;20121130;000000;229.01;235;227.51;230.2;2188740;502633659
URKA;D;20121203;000000;230.66;233.99;227.5;233.99;1811420;418637477.7
URKA;D;20121204;000000;233.5;233.8;228.52;229;2052680;472919379.8
URKA;D;20121205;000000;229.49;232.72;227.52;228.33;3729470;857932876.6
URKA;D;20121206;000000;229;231.28;228.75;230.28;2227400;511974134.4
URKA;D;20121207;000000;230.5;235.32;229.01;234.5;3752890;874279389.8
URKA;D;20121210;000000;235.48;239.9;233.78;238.65;4067240;964537611.5
URKA;D;20121211;000000;238;238.4;235.59;236;1826650;432430527.5
URKA;D;20121212;000000;238;243.45;237.7;242.16;2769720;667771086.5
URKA;D;20121213;000000;243.44;245.17;241.6;243.51;2685450;654303367.4
URKA;D;20121214;000000;243.5;245.48;242.6;244.45;1107530;270669998.9
URKA;D;20121217;000000;244.6;247;242.25;245.23;3299640;806736287.6
URKA;D;20121218;000000;246.1;249.25;244.5;248.9;1920280;475487468.2
URKA;D;20121219;000000;249;250;244.62;245;2065680;509659520.3
URKA;D;20121220;000000;243.94;247;243;247;2093190;512852335
URKA;D;20121221;000000;244;244.5;236;236;3383400;811069171.4
URKA;D;20121224;000000;236;237.99;234.5;234.75;1238080;291861404.3
URKA;D;20121225;000000;234.37;236.55;232.04;235.2;513480;120582460.8
URKA;D;20121226;000000;235.2;237.97;233.8;237.1;1039930;246059072.1
URKA;D;20121227;000000;237.73;238.41;236.02;236.6;993930;235816152.6
URKA;D;20121228;000000;236.79;238;233.3;234.75;1903780;447997424.7
URKA;D;20130108;000000;237.93;240.51;234.12;236;3367960;796792178.9
URKA;D;20130109;000000;236;236.92;232.4;233.3;2910350;680805733.9
URKA;D;20130110;000000;233.23;234.7;230.35;231;1920380;446255228.1
URKA;D;20130111;000000;232;232.1;230.03;231.38;1666810;385087590.5
URKA;D;20130114;000000;231.44;236.4;231.39;233.1;2884360;675568373.2
URKA;D;20130115;000000;234;234.55;229.11;229.21;2571930;595403532.6
URKA;D;20130116;000000;229.97;230.37;225.21;227.81;3419310;777890681
URKA;D;20130117;000000;228;229;226.15;228.96;1600220;364295498.6
URKA;D;20130118;000000;229.95;232.44;229.3;230;2257690;521004204.5
URKA;D;20130121;000000;230.43;231.16;227.13;228.1;1262540;288878234.7
URKA;D;20130122;000000;228.69;228.96;224.6;226.72;2725060;616535083.9
URKA;D;20130123;000000;227.36;228.22;225.8;227.51;1737400;394500627.1
URKA;D;20130124;000000;228;231.8;225.4;231.2;3455600;791797919
URKA;D;20130125;000000;234.97;234.97;229.89;231.08;2004600;462735380.5
URKA;D;20130128;000000;231.23;233.68;230.23;232.66;2747170;638853402.8
URKA;D;20130129;000000;236.38;236.38;228.54;229.65;2333290;539951336.4
URKA;D;20130130;000000;230.5;231.95;227.55;229.03;1893940;435385060.4
URKA;D;20130131;000000;229.03;233;227.8;228.38;2470000;567792912.1
URKA;D;20130201;000000;228.51;236;228.39;235.5;13037870;3052510283.9
URKA;D;20130204;000000;236.09;237.98;234.13;234.88;6517050;1538118789.2
URKA;D;20130205;000000;233.03;237.11;233.03;235.56;1944330;457859553.6
URKA;D;20130206;000000;237;237.47;232;233.13;2515530;591475718.8
URKA;D;20130207;000000;233.16;234.5;231.01;233.55;1474720;343253965.1
URKA;D;20130208;000000;233.51;233.97;229.27;231;2359300;545150351.9
URKA;D;20130211;000000;231.48;233.49;229.65;230.9;1561440;362138550.1
URKA;D;20130212;000000;230.94;232.39;228.25;230.9;1544160;356438458.3
URKA;D;20130213;000000;232.6;233.5;229.3;233.14;3788820;875965279.4
URKA;D;20130214;000000;233.09;236.45;229.61;231.17;5123280;1195298488.9
URKA;D;20130215;000000;231.17;232.48;229.3;231.57;1747730;403762121.4
URKA;D;20130218;000000;231.74;231.74;228.23;229.73;1822720;419285057.9
URKA;D;20130219;000000;229.75;231.29;229.22;230.3;1239390;285510965.6
URKA;D;20130220;000000;231;231.11;228.66;229.28;1778060;408438608.2
URKA;D;20130221;000000;226.5;228.97;225.65;227.28;3496930;795825489.6
URKA;D;20130222;000000;227.39;230;227.39;228.82;1507710;345291230.5
URKA;D;20130225;000000;229;231.85;229;229.57;1600530;368999783.2
URKA;D;20130226;000000;228.95;229.64;227.06;228.58;1820220;415999448.4
URKA;D;20130227;000000;228.89;231.55;228.89;231;1726130;398032182.4
URKA;D;20130228;000000;231.49;232.87;227.5;227.5;1926320;445303547.1
URKA;D;20130301;000000;228.55;233.66;228.55;233.37;3126410;724269772.2
URKA;D;20130304;000000;233.12;234;230.7;232;1532410;355496059.9
URKA;D;20130305;000000;232.79;232.8;230.79;232.2;2427040;562437548.1
URKA;D;20130306;000000;232.88;232.93;230;230.15;1680550;389482859.1
URKA;D;20130307;000000;230.29;232.48;230.29;231.19;1100360;255038779
URKA;D;20130311;000000;231.5;235.25;231.2;233.3;2898610;678275437.4
URKA;D;20130312;000000;234;235.5;233.3;234;1861100;436530761.3
URKA;D;20130313;000000;234.5;234.99;230.75;231.74;2131280;496348410.2
URKA;D;20130314;000000;230.51;233.29;230.51;232.57;1826500;423977861.3
URKA;D;20130315;000000;232.59;234.98;230.54;231.57;4120270;958870424
URKA;D;20130318;000000;230;230.75;226;228.5;4763030;1085429572.7
URKA;D;20130319;000000;227.13;229.8;227.13;228.28;2635470;601639190.5
URKA;D;20130320;000000;229.42;229.98;226.71;228.78;2674020;610697115.8
URKA;D;20130321;000000;227.59;229.99;227.52;229.5;1652180;377710329.9
URKA;D;20130322;000000;229.5;230.39;227.6;229.81;2100660;481455109.4
URKA;D;20130325;000000;230.71;231.43;226.9;227.01;1557770;357027232
URKA;D;20130326;000000;232.63;232.63;226.35;229.3;2635740;602237401.3
URKA;D;20130327;000000;229.33;231.1;227.92;230.92;1703850;392191737.7
URKA;D;20130328;000000;232.02;232.02;229.1;230.66;1846820;425243269.1
URKA;D;20130329;000000;230.66;232.4;230.66;231.87;553910;128173294.7
URKA;D;20130401;000000;231.84;232.1;230.2;230.2;561870;129846097.8
URKA;D;20130402;000000;230.74;232.15;229.45;232.15;1149790;265686899.8
URKA;D;20130403;000000;232;234.64;231.39;233.83;2820660;658914558.6
URKA;D;20130404;000000;233.74;234.59;233.01;234.19;1922300;449839298.6
URKA;D;20130405;000000;234.19;235.91;232.42;235.44;2292910;536948119.4
URKA;D;20130408;000000;235.73;237.49;232.51;232.68;1822880;427531149.2
URKA;D;20130409;000000;233.03;234;230.52;234;1622590;377498926.6
URKA;D;20130410;000000;234.01;234.5;229.41;233.5;5225080;1211892674.8
URKA;D;20130411;000000;233.92;234.33;228.55;231;4195080;968828032.3
URKA;D;20130412;000000;230.5;231.71;225.06;227.04;3306410;753240639.6
URKA;D;20130415;000000;225.42;227.98;220.1;225.02;7778620;1741226822
URKA;D;20130416;000000;223.78;229.19;223.1;229;6400960;1453664936.3
URKA;D;20130417;000000;229.03;235.2;226.26;235;12630580;2914805456.6
URKA;D;20130418;000000;235;237;233.09;234.1;7791840;1835813956.8
URKA;D;20130419;000000;235;235.37;231.35;233.2;2300320;535744925.8
URKA;D;20130422;000000;234.93;234.99;226.43;229.72;3897430;896753860.8
URKA;D;20130423;000000;229.31;232.7;227.13;232.5;3703390;855368594.4
URKA;D;20130424;000000;232.5;233.9;230.67;233.86;2781540;646513250.8
URKA;D;20130425;000000;234.75;237;232;233.39;9454580;2206441370.1
URKA;D;20130426;000000;231.4;231.4;225.6;227.3;6701470;1522326383.2
URKA;D;20130429;000000;227;228.48;223.62;226;3253410;734042997.6
URKA;D;20130430;000000;227.36;227.94;223.31;225.78;3329950;750623887.8
URKA;D;20130502;000000;225.78;227.41;224.51;225.1;3049670;689892236.8
URKA;D;20130503;000000;238.55;238.55;225.12;226.99;1257650;284912481.2
URKA;D;20130506;000000;226.99;229.79;226.92;228.98;1883010;431138313.8
URKA;D;20130507;000000;228.98;232.1;227.1;232.1;2673190;615201664.3
URKA;D;20130508;000000;231.7;233;229.74;232.24;1802740;416966171.7
URKA;D;20130510;000000;231.86;234;227.55;228.81;1467420;337716634.6
URKA;D;20130513;000000;228.81;228.87;226.01;228.71;1731330;393453995.3
URKA;D;20130514;000000;228.71;230.5;225.8;226.95;2843660;646322220.8
URKA;D;20130515;000000;227.45;228.42;225.3;228.42;1144150;260058876.8
URKA;D;20130516;000000;228.3;228.9;225.5;225.6;1302430;295726631.7
URKA;D;20130517;000000;229.94;229.94;225.87;226.81;1116400;253644468.8
URKA;D;20130520;000000;228.26;229.78;225.5;226.19;1354370;307449004
URKA;D;20130521;000000;243.89;243.89;223.77;226.52;5448490;1225988158.9
URKA;D;20130522;000000;226.41;227.7;225.46;226.9;6068570;1373187098.4
URKA;D;20130523;000000;224.96;228.5;224.2;227.01;7490190;1701376884.3
URKA;D;20130524;000000;226.26;228.2;226.25;227.6;5475040;1244529628.8
URKA;D;20130527;000000;227.7;228.17;226.86;227.5;1917920;436392633.6
URKA;D;20130528;000000;226.37;229.06;226.37;228;7141870;1626314474
URKA;D;20130529;000000;228;228.2;225.73;227.22;5585470;1269582889.4
URKA;D;20130530;000000;227.37;229.4;226.77;228.18;4835820;1103447286.8
URKA;D;20130531;000000;228.94;232.26;228.82;230.62;31055930;7164737702
URKA;D;20130603;000000;230.52;231.42;227.62;229.34;4945980;1139542452.7
URKA;D;20130604;000000;229.92;232.71;229.34;231;2468840;571321071.5
URKA;D;20130605;000000;231;233.3;228.11;231.27;3887680;899451916.2
URKA;D;20130606;000000;230.54;233.29;228.79;232.5;12133360;2815098914
URKA;D;20130607;000000;231.42;234.66;230.14;230.6;5303850;1227300548.1
URKA;D;20130610;000000;229.45;231.52;226;227.41;4469670;1019275256.1
URKA;D;20130611;000000;227.46;228.5;222.7;225.55;7036730;1582012020
URKA;D;20130613;000000;225;225;221.21;222.71;7394840;1649176598.4
URKA;D;20130614;000000;223.98;226;221.33;223.75;4578540;1025335043.5
URKA;D;20130617;000000;225.67;226;220.25;223;4126330;917763623.4
URKA;D;20130618;000000;223;224.08;219.03;219.5;4237610;937192072.7
URKA;D;20130619;000000;219.26;221.49;217.25;219.45;5692660;1246645565
URKA;D;20130620;000000;217.1;219.77;215;219;6656050;1446353273.2
URKA;D;20130621;000000;218.11;223.98;217.62;222.97;7492960;1659966556.5
URKA;D;20130624;000000;219;222.95;218.36;222.33;3589780;795000144.3
URKA;D;20130625;000000;222.33;223.7;220.12;222;17917920;3980090212.2
URKA;D;20130626;000000;222;223.37;221.12;222.76;4091640;909661285.2
URKA;D;20130627;000000;221.73;222.76;218.01;218.9;9189460;2017562826.3
URKA;D;20130628;000000;218.99;219.75;216.88;219.75;3795070;828636143.9
URKA;D;20130701;000000;219.75;219.8;216.97;219.01;3300280;720311879.6
URKA;D;20130702;000000;224.34;224.34;217.06;218.52;4126680;900037779.7
URKA;D;20130703;000000;218.51;219.72;217.54;219.01;3797890;830727352.5
URKA;D;20130704;000000;219.11;220;217.84;219.81;1979180;433249060.6
URKA;D;20130705;000000;219.81;221.08;218.02;220.39;9337270;2052792416.9
URKA;D;20130708;000000;220.2;220.59;218.52;218.52;2026570;444331755.5
URKA;D;20130709;000000;219.59;219.59;216.21;217.47;7541140;1638117744.7
URKA;D;20130710;000000;217.47;217.96;216.03;217.14;2475670;537177856.1
URKA;D;20130711;000000;218.35;218.35;215.5;217.46;4959450;1073708202.3
URKA;D;20130712;000000;218.79;218.79;216.5;217.3;7907590;1718890196.6
URKA;D;20130715;000000;217.41;217.9;214.67;215.49;6472820;1395776807.3
URKA;D;20130716;000000;220.74;220.74;212.53;214.48;4074290;872659598.1
URKA;D;20130717;000000;214.09;214.99;213.51;213.88;2624040;561690947.1
URKA;D;20130718;000000;214.5;214.94;212.74;213.93;4244900;906446496.8
URKA;D;20130719;000000;214;215.39;213.12;215.32;12037790;2587232919.1
URKA;D;20130722;000000;215.3;215.66;212.7;212.93;2091860;446315756.5
URKA;D;20130723;000000;213.4;213.88;197.1;198.5;12658400;2583816904.4
URKA;D;20130724;000000;199.27;199.38;188.13;193.96;10147910;1956905114.7
URKA;D;20130725;000000;192.41;194.1;185.55;186.37;7154850;1347070793
URKA;D;20130726;000000;187.11;194.4;183.56;190.4;11476160;2185327106.9
URKA;D;20130729;000000;190;190.83;184.5;187.18;6431380;1204176554.6
URKA;D;20130730;000000;187.3;187.9;140;151.75;77831270;12307067258.4
URKA;D;20130731;000000;153.71;153.71;140.01;144.03;23938250;3501705989.4
URKA;D;20130801;000000;144.95;151.84;141.73;150.78;19828950;2921255780.4
URKA;D;20130802;000000;152;159.2;151;158.91;29514800;4621282809.2
URKA;D;20130805;000000;159.21;161.97;151.25;152;14258560;2225273842.6
URKA;D;20130806;000000;150.62;152.79;148.11;150.45;11490510;1723628866.3
URKA;D;20130807;000000;150.03;157.45;148.55;156.43;18926570;2932848489.1
URKA;D;20130808;000000;157.35;163.67;155.82;163;22732800;3622932514
URKA;D;20130809;000000;164;165.75;162.41;165.36;8716990;1430937472.3
URKA;D;20130812;000000;164.98;167;159.01;161.38;8730630;1415893988
URKA;D;20130813;000000;160.42;162.77;160.03;161.9;5284530;854169971.2
URKA;D;20130814;000000;162;164.62;161.08;163.28;3934210;640921746.9
URKA;D;20130815;000000;163.01;163.88;160.76;160.99;4493280;727460582.2
URKA;D;20130816;000000;161.1;161.9;159.26;160.01;3607280;578351849.8
URKA;D;20130819;000000;159.57;162.52;158.31;161.69;2897060;464466876.5
URKA;D;20130820;000000;160.37;161.58;156.16;157.49;4936010;783769721.8
URKA;D;20130821;000000;157;159.27;155.86;157.41;4442890;701129739.8
URKA;D;20130822;000000;158.14;162.01;156.53;161.85;5501180;879806658.9
URKA;D;20130823;000000;162.37;164.14;160.74;163.18;4288580;699238660.8
URKA;D;20130826;000000;164.5;164.5;157.14;157.7;6718970;1073911188.7
URKA;D;20130827;000000;156;160.19;153.07;158.87;8984240;1405872026.8
URKA;D;20130828;000000;158.75;159.98;156.52;157.89;2861760;453526806.1
URKA;D;20130829;000000;157.64;159.15;157.55;157.82;1697690;268870686.4
URKA;D;20130830;000000;158.85;158.85;153.97;158.5;3653100;570754701.9
URKA;D;20130902;000000;158.8;158.8;155.17;156.5;1740070;272592337.8
URKA;D;20130903;000000;157;159.9;155.52;159.7;3691960;584735575.6
URKA;D;20130904;000000;159.69;162.84;158.4;162.04;2772950;446723715.1
URKA;D;20130905;000000;162.05;166.4;162;165.7;6042940;996359015.4
URKA;D;20130906;000000;160.06;166.93;160.01;162.8;5387340;883315271.1
URKA;D;20130909;000000;163;178.22;163;176.95;20753000;3601161496.8
URKA;D;20130910;000000;178;190.43;177.24;186.98;26822910;4932885222.1
URKA;D;20130911;000000;188;192.3;181.3;186.7;13055580;2438806763.8
URKA;D;20130912;000000;185.93;187.98;180.18;181;7610680;1393273893.6
URKA;D;20130913;000000;180.52;183.36;175.6;177.8;7814680;1392462311
URKA;D;20130916;000000;183.08;190.75;181.01;188.88;11825920;2217681371.6
URKA;D;20130917;000000;188;190.49;182.2;183.46;8064380;1495890445.2
URKA;D;20130918;000000;184;184.96;181.12;182.35;4282600;785471848.3
URKA;D;20130919;000000;185.5;187.99;177.03;179.9;10494570;1900838399.6
URKA;D;20130920;000000;179.9;181.9;177.28;177.62;6302320;1129612909.2
URKA;D;20130923;000000;177.62;179.85;170.15;174.01;5968780;1044472207.7
URKA;D;20130924;000000;171.87;176.79;170.9;171;9070410;1574572071.2
URKA;D;20130925;000000;171.25;176.27;169.76;174.71;8922900;1544235601.2
URKA;D;20130926;000000;176.01;179.39;175.21;176.87;9744740;1726451212.7
URKA;D;20130927;000000;176.7;177.18;170.24;171.51;6702340;1158652884.3
URKA;D;20130930;000000;169.79;171;168;169.86;4888960;828383704.7
URKA;D;20131001;000000;169.94;170.59;168.06;170;3608170;611430812.1
URKA;D;20131002;000000;169.97;170.89;166.88;167.57;3161680;532201538.2
URKA;D;20131003;000000;168.54;170.29;168.03;169.96;5837690;989841161.9
URKA;D;20131004;000000;169.8;170;168.6;169.35;2233000;378769360.2
URKA;D;20131007;000000;168.95;170.65;167.79;169.42;3752590;635150283.3
URKA;D;20131008;000000;169.8;170.2;168.81;170.1;3957590;671241809.2
URKA;D;20131009;000000;169;169.85;167.86;169.58;3857140;652314354
URKA;D;20131010;000000;169.63;169.82;167.12;167.73;5875150;988363132.6
URKA;D;20131011;000000;168.94;168.94;165.25;167.93;4782000;801207635.3
URKA;D;20131014;000000;167.97;169.09;166.57;167.51;1827850;306956080.1
URKA;D;20131015;000000;168;170;168;169.6;6647260;1125663960.5
URKA;D;20131016;000000;169.6;175.38;168.31;174.02;6125610;1052897110.1
URKA;D;20131017;000000;174.74;175.98;171.25;172.99;4918490;850511886
URKA;D;20131018;000000;173.19;173.99;171.12;173.76;3828290;661277777.8
URKA;D;20131021;000000;173.83;180.68;173.41;179.5;7312170;1301313559.5
URKA;D;20131022;000000;180.6;180.6;174.5;174.9;5344130;945963765.8
URKA;D;20131023;000000;174.5;177.85;172.79;173.79;5160780;903317386.6
URKA;D;20131024;000000;174.67;174.7;171.75;172.73;4293110;742944290.8
URKA;D;20131025;000000;172.67;174;169.25;173.85;7362210;1261551661.6
URKA;D;20131028;000000;173.82;175.5;173.52;175.46;2557650;445636988.9
URKA;D;20131029;000000;175.35;176.9;174.37;175.29;2293050;402804869.5
URKA;D;20131030;000000;175.4;175.92;171.52;173.8;3036160;527607467.4
URKA;D;20131031;000000;172.04;172.51;170.11;170.55;2750980;470353340.7
URKA;D;20131101;000000;170.55;172.38;170.42;170.95;4298660;735832954.5
URKA;D;20131105;000000;173.5;176.73;170.79;172.85;7919780;1374728564
URKA;D;20131106;000000;173.25;173.49;170.7;170.82;2258680;387501829.6
URKA;D;20131107;000000;170.9;171.5;167.39;167.85;5711220;964213448.3
URKA;D;20131108;000000;166.91;168.75;165.5;168.75;3807720;638015284.6
URKA;D;20131111;000000;169;169.99;167.59;168.6;3160560;533870577.1
URKA;D;20131112;000000;168.95;169.99;167.82;169.37;2917110;493503031.6
URKA;D;20131113;000000;168.98;168.98;160.01;164;3285040;546548030.3
URKA;D;20131114;000000;165;167.27;164.5;166.91;2324290;386521719.5
URKA;D;20131115;000000;167.6;176.7;167.6;175.28;9413450;1628773657.4
URKA;D;20131118;000000;176.61;181.47;175.94;179.2;11993860;2149325660.3
URKA;D;20131119;000000;179.5;179.5;175.12;175.77;4959010;874528761.4
URKA;D;20131120;000000;175.49;175.49;168.53;169.1;6574590;1124526891.8
URKA;D;20131121;000000;168;170.68;166.81;168.82;4623550;779138651.1
URKA;D;20131122;000000;170;170;167.72;168.71;2883370;486572381.2
URKA;D;20131125;000000;167.88;170.58;167.88;168.25;3333700;565592345.7
URKA;D;20131126;000000;167.88;169.29;163.5;164.64;6116450;1012856393.2
URKA;D;20131127;000000;164.99;165.93;163;164.05;3951820;649544678.3
URKA;D;20131128;000000;164.45;166.33;164.21;165.45;2114320;349938520
URKA;D;20131129;000000;165;165.72;163.51;164.98;2908880;478648274.3
URKA;D;20131202;000000;164.64;169.79;164.05;169.09;5063030;847168089.6
URKA;D;20131203;000000;169.09;171;168.1;169;7441770;1261048770.4
URKA;D;20131204;000000;168.71;170.45;167.03;168.39;4711760;796631654
URKA;D;20131205;000000;168.6;169.91;165;165.44;4812670;803803218.5
URKA;D;20131206;000000;165.49;168.48;164.61;167.78;3939270;656226137.4
URKA;D;20131209;000000;168;168.44;165.75;166.55;2812860;469220381
URKA;D;20131210;000000;166.78;167.97;165.72;167.89;3422730;572632428.7
URKA;D;20131211;000000;167;167.83;166.05;167.05;2431570;405643956.3
URKA;D;20131212;000000;166.04;166.28;163.8;164.57;3520840;581421595.9
URKA;D;20131213;000000;164.57;167.22;163.65;166.38;2702020;448696266.8
URKA;D;20131216;000000;166.39;168.74;166.13;167.81;2430390;407319573.3
URKA;D;20131217;000000;167.34;168.5;167.3;167.92;1997220;335301439.7
URKA;D;20131218;000000;167.92;169.33;167.31;169.05;2403810;404531322.1
URKA;D;20131219;000000;169.84;170.99;168.83;170.8;4046890;688293675
URKA;D;20131220;000000;170.65;175.99;169.03;175.44;8051680;1392542951.6
URKA;D;20131223;000000;175.92;175.92;172.03;173.13;3806120;660063675.5
URKA;D;20131224;000000;173;174.23;172.13;173.7;2355580;408374032.6
URKA;D;20131225;000000;174.24;174.7;171.54;171.6;949920;164351316.3
URKA;D;20131226;000000;171.55;172.65;170.72;171;1420140;243658390.7
URKA;D;20131227;000000;171;173.5;170.57;172.49;3185330;550469846.2
URKA;D;20131230;000000;172.49;173.58;171.65;172;3222240;555458243.8
URKA;D;20140106;000000;171;172.31;166.63;167;3326170;562214073.4
URKA;D;20140108;000000;167.07;168.9;165;165;2573580;428985668.3
URKA;D;20140109;000000;161.38;166.87;161.38;165.52;1474590;244692199.5
URKA;D;20140110;000000;164.76;167.99;164.76;167.38;2180080;362744560.5
URKA;D;20140113;000000;167.64;169.8;166.79;169;1518390;256298522.5
URKA;D;20140114;000000;167.99;169;166;167.65;2675760;448128656.7
URKA;D;20140115;000000;169.42;179.5;169.23;179.35;17371430;3069589978.7
URKA;D;20140116;000000;180.1;183.3;178.44;180.7;11455380;2071391846.9
URKA;D;20140117;000000;180.95;187.9;180;183;13027270;2403642073
URKA;D;20140120;000000;182.19;187.48;180.92;185.7;5971610;1102622694.5
URKA;D;20140121;000000;187;187.8;184.23;184.7;4056360;753450689.3
URKA;D;20140122;000000;185;185;182.5;183.24;3535000;647409352.2
URKA;D;20140123;000000;182;184.62;182;183.35;3595340;659386133.2
URKA;D;20140124;000000;182.36;183.8;181;182.65;5126950;936855212.7
URKA;D;20140127;000000;181.3;182.75;176.75;177.16;7799480;1397445155.5
URKA;D;20140128;000000;177.13;178.64;175;175.21;7328410;1294582951.2
URKA;D;20140129;000000;176.7;177.31;172.22;172.5;6522440;1141401354.7
URKA;D;20140130;000000;172.5;174.41;170;170.82;7395030;1272116581.9
URKA;D;20140131;000000;171.55;172.48;168.89;171.06;4566990;779078093.8
URKA;D;20140203;000000;169.97;173.84;169.88;172.5;5070350;872725145.7
URKA;D;20140204;000000;170.1;172.97;168.05;172.65;4276620;731992063.1
URKA;D;20140205;000000;172.75;176.88;172.06;176.2;3641880;636928840.1
URKA;D;20140206;000000;176.22;177.19;174.77;176.01;2164470;380735461.2
URKA;D;20140207;000000;177;178.29;176.05;178.08;1942380;344433106.4
URKA;D;20140210;000000;178.5;178.83;176.28;177;2416640;429611501.3
URKA;D;20140211;000000;176.65;177.7;174.77;175.37;1551760;273220711.7
URKA;D;20140212;000000;175.62;176.86;174.88;175.52;2006630;352372902.3
URKA;D;20140213;000000;175.5;175.5;170.72;171.62;4021680;694484752.6
URKA;D;20140214;000000;172;172.79;170.82;171.73;2742500;471251046.5
URKA;D;20140217;000000;172.32;174.38;171.62;172.75;2279970;393920029.8
URKA;D;20140218;000000;172.89;174;171.5;172.29;1404770;242575498.5
URKA;D;20140219;000000;171;172.23;169;170.47;2480040;423408607.1
URKA;D;20140220;000000;169.9;170.29;167.06;168.42;2847600;479624247.7
URKA;D;20140221;000000;169.22;170.94;169.15;170.3;1995250;339625146
URKA;D;20140224;000000;170.3;171.69;168.82;171.21;1680250;286081895.8
URKA;D;20140225;000000;171.21;171.99;169.34;171.21;1800800;307412061.6
URKA;D;20140226;000000;171.06;171.98;168.37;168.64;2263610;384828232
URKA;D;20140227;000000;168.93;169.04;164.5;165.91;3594050;597369263.3
URKA;D;20140228;000000;166.8;167.3;163.12;164.3;2941670;484856764.3
URKA;D;20140303;000000;160;160.99;141;157.12;11394100;1735423764.7
URKA;D;20140304;000000;157.84;162.89;157;159.47;6213500;992484239.3
URKA;D;20140305;000000;160.38;160.38;154.01;158.05;4620760;724092850.5
URKA;D;20140306;000000;160.74;163.68;153.15;161.69;9334120;1483795821.1
URKA;D;20140307;000000;161.41;170.8;160.15;166.01;7471530;1247519203.9
URKA;D;20140311;000000;166.1;168;161.5;163.74;3741010;613603041.2
URKA;D;20140312;000000;161.76;162.78;158;160;3767130;605064113.9
URKA;D;20140313;000000;161.41;162.05;156.67;157;3083610;490713076.3
URKA;D;20140314;000000;154.51;157.84;148.25;156.2;7727850;1180578474.2
URKA;D;20140317;000000;158.68;164;155.12;163.49;10111270;1616056753.7
URKA;D;20140318;000000;164.02;170.16;160.67;169.16;6288490;1048202030.1
URKA;D;20140319;000000;170.15;171.46;165.55;165.55;4091100;687557687.2
URKA;D;20140320;000000;163.85;168.98;162.65;167.49;2568890;425264195.3
URKA;D;20140321;000000;163;164.59;160.51;161.21;7713410;1248509422.8
URKA;D;20140324;000000;161.2;164.65;160.88;161.3;4360990;709065782.8
URKA;D;20140325;000000;162;162.3;157.27;159.3;6787350;1081065691.3
URKA;D;20140326;000000;160;164.4;159.18;161.89;4945630;803668415.3
URKA;D;20140327;000000;161;164.4;161;164.4;2973410;485216342.5
URKA;D;20140328;000000;164.67;168.4;164.67;166.05;3760000;628139866.7
URKA;D;20140331;000000;165.21;167.74;164.52;167.74;3129190;519338448.6
URKA;D;20140401;000000;168.5;168.61;163.61;164.39;6024140;993413490.1
URKA;D;20140402;000000;164.73;167;163.8;167;3368170;557731819.3
URKA;D;20140403;000000;169.5;169.5;163.9;164.89;2402240;397466662
URKA;D;20140404;000000;164.9;167.5;164.5;166.78;2084720;346973149.3
URKA;D;20140407;000000;164.52;166.2;161.11;164.15;4204510;688760739.1
URKA;D;20140408;000000;164.23;165.22;162.06;165;2979560;486332035.3
URKA;D;20140409;000000;165;166.7;163.89;166;2154170;356863090.2
URKA;D;20140410;000000;166.5;167.9;164.54;165.92;2983770;495815696.7
URKA;D;20140411;000000;165;167.18;164.22;166.13;1983470;329576608.7
URKA;D;20140414;000000;165.94;166.97;164.49;166.1;1767560;292027955.3
URKA;D;20140415;000000;164.78;166.67;158.72;160.94;2637080;429151708.3
URKA;D;20140416;000000;161.04;162.3;158.51;159.9;2820260;451480382.8
URKA;D;20140417;000000;159.15;161.94;157.52;159.97;1524710;243650481.8
URKA;D;20140418;000000;161;163.8;160.67;160.67;1568430;254872507.2
URKA;D;20140421;000000;161.88;162.95;160.21;161.2;1698050;274563772.8
URKA;D;20140422;000000;161.49;162.11;159.31;160.98;1944470;312276694
URKA;D;20140423;000000;160.32;161.04;158;158;1834700;292016271.6
URKA;D;20140424;000000;158.74;159.26;150;152.13;5985850;916128654.2
URKA;D;20140425;000000;151.8;152.13;148.13;150.7;3413770;512038421.5
URKA;D;20140428;000000;150.01;156.3;148.58;155.39;2495810;380788897.8
URKA;D;20140429;000000;155.66;159.5;155.42;157;2728070;430956019.7
URKA;D;20140430;000000;156.41;157.91;155.3;157.5;2177390;341464270.7
URKA;D;20140502;000000;160.75;160.75;155;158.94;1709920;270738521
URKA;D;20140505;000000;155.65;159.14;155.65;158.25;780580;123262684.2
URKA;D;20140506;000000;158.23;159.48;156.27;157.03;2170650;343140272.4
URKA;D;20140507;000000;155.61;161.18;155.05;158.87;3342340;527991711.3
URKA;D;20140508;000000;159.46;160.87;155.8;156.3;3312920;522870064.3
URKA;D;20140512;000000;155.15;157.63;155.02;156.49;1481150;232190656
URKA;D;20140513;000000;156.08;157.57;154.23;154.96;2892460;449588592
URKA;D;20140514;000000;155.74;157.41;154.41;156.49;2148060;334765390.6
URKA;D;20140515;000000;156.01;163.39;156;162.4;5360420;862406397.5
URKA;D;20140516;000000;162;163.63;160.27;163.5;2764050;449048291.4
URKA;D;20140519;000000;163.53;165.49;163.27;165.38;2065290;340503851.8
URKA;D;20140520;000000;165.44;166.63;164.59;165.5;3217850;533303700.5
URKA;D;20140521;000000;165.28;167.88;164.85;167.3;4758430;793239288.1
URKA;D;20140522;000000;168.76;168.76;163.15;164.9;1677970;276295007.2
URKA;D;20140523;000000;164.89;164.89;162.45;163.32;2791400;455653856
URKA;D;20140526;000000;162.85;164.6;162.85;163.08;961600;157706519.3
URKA;D;20140527;000000;162.28;163.41;157.02;157.15;3628220;579055420.9
URKA;D;20140528;000000;158.14;158.59;156;157.54;2478320;390086427.8
URKA;D;20140529;000000;157.79;159.42;157.08;157.69;1248770;197625700.5
URKA;D;20140530;000000;157.69;157.73;155.06;155.06;2046110;320232867.2
URKA;D;20140602;000000;156.02;157.9;156.02;157;3360530;528358279.4
URKA;D;20140603;000000;157.5;157.74;154.57;157.5;2155760;336170292.1
URKA;D;20140604;000000;157.3;158.6;156;157.01;1510740;237491270.5
URKA;D;20140605;000000;157.9;157.9;154.2;154.5;2107360;329472562.6
URKA;D;20140606;000000;155.44;156.99;154.02;156.99;1519020;236154931
URKA;D;20140609;000000;156.86;157.25;154;154.05;2192210;340968568.6
URKA;D;20140610;000000;158.11;159.5;153.01;157.18;7258940;1143391930.6
URKA;D;20140611;000000;157.9;158;154.21;155.28;3573590;555400074.6
URKA;D;20140616;000000;155.28;156.65;152.57;153.08;7490100;1160286789.8
URKA;D;20140617;000000;152.7;154.75;152.23;152.53;3061440;469725507.4
URKA;D;20140618;000000;153;153.94;151.42;151.85;5974760;913838245
URKA;D;20140619;000000;152.01;154.37;151.52;152.69;3600260;549736726.5
URKA;D;20140620;000000;157.45;157.45;150.52;151.6;5882600;890426015.7
URKA;D;20140623;000000;151.74;153.59;150.01;150.01;2576730;389685157
URKA;D;20140624;000000;150.2;151.38;149.5;150.82;4164840;626392348.2
URKA;D;20140625;000000;150.41;155.6;149.81;155.3;6951160;1069545489.8
URKA;D;20140626;000000;155.39;156.75;153.13;155.01;5342440;826907255.2
URKA;D;20140627;000000;155.33;158.18;154.61;157.1;5230060;822422110.1
URKA;D;20140630;000000;155.63;158;155.45;156;2978110;466010548.6
URKA;D;20140701;000000;156.1;157.96;155.05;157.96;3249540;509473249.2
URKA;D;20140702;000000;157.83;158.97;157;158;3790670;598260552.9
URKA;D;20140703;000000;157.12;159.88;157.12;159.55;4670570;742699889.2
URKA;D;20140704;000000;159.87;159.87;157.47;158.25;2246970;357816398.9
URKA;D;20140707;000000;158;159.39;158;158.75;1531850;243288014.4
URKA;D;20140708;000000;158.5;159.33;157.02;158.16;3105590;491810143.6
URKA;D;20140709;000000;157.53;158.57;156.06;158.16;2555400;402377954.6
URKA;D;20140710;000000;158.09;158.59;153.15;154.9;3291070;510432202.3
URKA;D;20140711;000000;154.89;154.89;151.86;154;1657560;254427473.5
URKA;D;20140714;000000;153.55;154.2;151.27;151.31;1569130;238707486.9
URKA;D;20140715;000000;151.95;153.39;150.84;151.42;1888460;287059690
URKA;D;20140716;000000;151.51;153.44;150.74;153.3;1788600;272768022
URKA;D;20140717;000000;152.87;152.87;148.61;150.24;3936150;591986667.7
URKA;D;20140718;000000;149;149;144.61;145.94;3556380;521564964.5
URKA;D;20140721;000000;145.93;146.51;141.58;142.18;2857680;409932670.4
URKA;D;20140722;000000;143.09;144.89;141.35;141.41;4575950;655217728.2
URKA;D;20140723;000000;141.99;143.18;141;142.74;2163760;307431572.8
URKA;D;20140724;000000;142.29;147.19;141.44;146.56;3229480;466402427
URKA;D;20140725;000000;146.15;146.3;143.67;144;2205100;319879733.7
URKA;D;20140728;000000;143.39;143.7;139.07;139.6;2973700;419482192.6
URKA;D;20140729;000000;139.95;142.14;137.52;138.65;2934510;410272564.7
URKA;D;20140730;000000;137.69;141.6;137.69;138.55;2313750;324149833.6
URKA;D;20140731;000000;138.99;140.25;135.98;136.36;3468450;477490945.3
URKA;D;20140801;000000;135.01;136.9;133.4;135.37;2278990;307138360.1
URKA;D;20140804;000000;135.29;137.26;133.7;134.41;1783760;241753953.3
URKA;D;20140805;000000;134.84;135.68;133.5;133.65;1542090;207253044.7
URKA;D;20140806;000000;133.25;136.39;133.14;135.7;2289250;309145848.5
URKA;D;20140807;000000;135.47;137.9;133.83;136.26;2446400;332093681.7
URKA;D;20140808;000000;138.05;140.98;135.39;138.36;2258390;313465848.3
URKA;D;20140811;000000;139.51;142;138.62;140.3;1744350;243911277.7
URKA;D;20140812;000000;141;141.7;139.55;140.52;1790930;251865436.3
URKA;D;20140813;000000;140.87;143.53;140.72;143.49;2631470;375402474.9
URKA;D;20140814;000000;143.99;144.59;141.7;142.39;2624840;375866177.2
URKA;D;20140815;000000;143.31;143.99;141.65;142.63;1154240;164735558.3
URKA;D;20140818;000000;142.76;144.5;142.51;144.23;1166080;167958468.5
URKA;D;20140819;000000;144.39;146.31;143.57;146.31;1668590;241986598.6
URKA;D;20140820;000000;146.2;147.18;145.06;146.6;1358970;198558113.7
URKA;D;20140821;000000;146.75;147.1;143.15;145;2501110;364614104.6
URKA;D;20140822;000000;144.69;144.95;143.32;143.51;1557360;224381789.4
URKA;D;20140825;000000;143.87;145;143.35;145;856030;123663418.2
URKA;D;20140826;000000;145.62;145.62;142.91;143.47;1616290;232520029.7
URKA;D;20140827;000000;143.91;144.19;141.36;141.89;1488520;212346647.7
URKA;D;20140828;000000;142;142.58;138.38;142.41;3766750;527851726
URKA;D;20140829;000000;142.31;143.04;133.57;133.57;3891530;536677247.3
URKA;D;20140901;000000;135.92;136.19;133.63;133.8;3312940;447358229.2
URKA;D;20140902;000000;134.01;136.19;133.57;135.97;1466620;197743467.2
URKA;D;20140903;000000;136.63;141.73;135.79;139.9;5871850;815116935.6
URKA;D;20140904;000000;140.44;140.97;136.91;139.35;4916130;680973181.2
URKA;D;20140905;000000;138.58;142.1;138.35;141.79;2154020;302796109.6
URKA;D;20140908;000000;141.72;142.86;140.42;141.01;2101180;298174188.6
URKA;D;20140909;000000;142;142.55;140.21;140.21;1158210;163774326.9
URKA;D;20140910;000000;140.07;142.48;139.21;142.4;1360080;192361291.4
URKA;D;20140911;000000;142.47;142.5;138.79;138.79;1866660;263282772.4
URKA;D;20140912;000000;139.01;140.29;137.88;139.52;2249070;313675031.4
URKA;D;20140915;000000;139.51;140.08;137.13;138.69;3600300;497055452.9
URKA;D;20140916;000000;137.49;141.4;137.4;139.9;2106750;295194119.3
URKA;D;20140917;000000;139.69;141.57;136.14;139.07;3955550;547292898.2
URKA;D;20140918;000000;139.04;146.21;138.37;145;5860990;840558215.6
URKA;D;20140919;000000;145.29;150;142.65;145.91;10756060;1582754262
URKA;D;20140922;000000;144.99;146.7;141.61;141.61;2391090;344166142.3
URKA;D;20140923;000000;142.29;143.47;139.51;140.36;3119240;440277387.1
URKA;D;20140924;000000;140.48;142.75;139.3;140;2976220;419656000.9
URKA;D;20140925;000000;141;142.75;139.74;140.1;4139950;584984822.8
URKA;D;20140926;000000;139.59;140.88;138.07;140;3581630;499400457.4
URKA;D;20140929;000000;140.3;141.25;139.25;139.7;2406380;337625639.2
URKA;D;20140930;000000;140.06;142.5;138.85;139.85;4384250;617021814.8
URKA;D;20141001;000000;140.1;141.45;139.5;140.95;2761410;388628047.5
URKA;D;20141002;000000;140.65;141.1;136.55;138.55;2780210;386801043.5
URKA;D;20141003;000000;139.15;141.25;138.25;140.5;2477950;346576720.5
URKA;D;20141006;000000;140.7;145;140.7;144.55;3373640;483837846.5
URKA;D;20141007;000000;145;145.2;141.65;144.7;2551420;366934623
URKA;D;20141008;000000;144;144.75;142.4;142.6;4771300;686820078.5
URKA;D;20141009;000000;143.55;145.2;142.35;142.45;1995110;286346877.5
URKA;D;20141010;000000;141.2;142.75;138;138;2605830;365960442
URKA;D;20141013;000000;138.15;141.25;137.7;138.4;2012610;280570652.5
URKA;D;20141014;000000;137.85;140.75;137.85;139;2686480;375382600.5
URKA;D;20141015;000000;139;140.75;138.15;138.5;1280490;178675543
URKA;D;20141016;000000;138.7;141.4;136.85;137.15;3605440;501624946
URKA;D;20141017;000000;138;141.25;137.95;139;2620560;365806188.5
URKA;D;20141020;000000;139.5;140.25;138.5;138.8;1839050;256495602
URKA;D;20141021;000000;138.95;139.2;138.1;138.65;1784940;247370162.5
URKA;D;20141022;000000;139.05;140;136.45;136.6;2682720;370196920.5
URKA;D;20141023;000000;136.6;138.5;135.35;137.95;2577640;353112110.5
URKA;D;20141024;000000;138.5;138.7;137.05;137.5;1342590;184759198
URKA;D;20141027;000000;139;141.5;138.2;140.9;3320650;466556534.5
URKA;D;20141028;000000;141.35;144.85;140.55;144.05;3384430;485730603
URKA;D;20141029;000000;144.5;149.55;143.15;149;4138520;604725572
URKA;D;20141030;000000;147.3;151.2;145.5;150.5;4668250;695529904.5
URKA;D;20141031;000000;150.5;154.3;149.7;154;5177750;791924891
URKA;D;20141103;000000;153.35;155.1;152;154.95;1459160;224622752.5
URKA;D;20141105;000000;153.45;155.5;152.55;155.3;3054460;471597352
URKA;D;20141106;000000;155.45;159.1;155.35;158.5;5591270;883913826
URKA;D;20141107;000000;159.05;166.85;158.15;164.1;8822100;1445519758.5
URKA;D;20141110;000000;165.6;167.7;162.8;167.5;5221400;863651313
URKA;D;20141111;000000;167.55;175.9;167;174.85;5385990;930033052
URKA;D;20141112;000000;176;176.4;170;172.15;6478050;1117692943
URKA;D;20141113;000000;172.15;175.55;171.5;173;3081760;536809593
URKA;D;20141114;000000;173;175.45;172.05;174.2;2020480;351984941.5
URKA;D;20141117;000000;174.05;180.25;173.75;179.5;4557830;815197111.5
URKA;D;20141118;000000;179.55;186.65;161.5;163;20939070;3647459936.5
URKA;D;20141119;000000;158.1;158.5;129.1;129.1;35775520;5150688983.5
URKA;D;20141120;000000;127.5;138.45;125.6;133.9;22057750;2975214162.5
URKA;D;20141121;000000;135.5;138.95;127.5;129.55;16095440;2118747081.5
URKA;D;20141124;000000;132;137.2;129;134.5;15331380;2038546516
URKA;D;20141125;000000;134.5;137.7;133.1;135;8160110;1107438784
URKA;D;20141126;000000;135.6;136.95;132.3;134.9;5455640;734364132
URKA;D;20141127;000000;134.9;135.75;133.2;133.6;2894650;390327521.5
URKA;D;20141128;000000;133.5;135.5;131.4;132.8;4966160;662928859
URKA;D;20141201;000000;132.5;136.6;132.3;136.2;5550180;749252680
URKA;D;20141202;000000;136.2;136.65;132.8;133.55;5280240;709547810.5
URKA;D;20141203;000000;133.6;135.6;133.25;134.7;3001110;404388538.5
URKA;D;20141204;000000;134.3;136.1;134;134.7;4041030;546804673
URKA;D;20141205;000000;134.85;135.5;133.55;134;3067330;413116388
URKA;D;20141208;000000;134;135.3;130.4;131.6;3985700;530026422.5
URKA;D;20141209;000000;131.15;133.55;129.25;130.55;2360830;308693990
URKA;D;20141210;000000;127.3;134.75;127.3;130.45;3333800;439183939
URKA;D;20141211;000000;130.5;131.4;118;119.35;6395560;791432505.5
URKA;D;20141212;000000;119.35;122;110;116.7;8314900;970419390.5
URKA;D;20141215;000000;110.35;121.7;110.35;118.05;4943610;591427807
URKA;D;20141216;000000;117;129.6;111.2;126.15;9101040;1101729790
URKA;D;20141217;000000;126.15;128.45;118.75;123.55;6488710;808047513
URKA;D;20141218;000000;124.85;142.8;123.65;141.5;11287570;1550005931
URKA;D;20141219;000000;140.75;144.75;132.1;136.3;4611130;627923093.5
URKA;D;20141222;000000;137;139;134.05;134.85;4185660;573754497.5
URKA;D;20141223;000000;135.55;137.55;129;132.8;2612710;349645043.5
URKA;D;20141224;000000;132.4;136;130.05;134.3;1738500;233192556
URKA;D;20141225;000000;134.3;134.75;129.8;131.5;996940;131462957
URKA;D;20141226;000000;132.4;134.5;131.45;133.25;1032660;137556768
URKA;D;20141229;000000;133;139.9;132.05;135.5;2181820;297892585
URKA;D;20141230;000000;135;135.9;127.6;128.4;2543420;330737618
URKA;D;20150105;000000;128.45;130.4;126.2;130;1316150;169277609.5
URKA;D;20150106;000000;128.8;132.85;128.7;132.05;1389380;182354679.5
URKA;D;20150108;000000;132.5;140.25;132.5;137.95;2765740;380747261.5
URKA;D;20150109;000000;138.35;140.5;133.85;135.75;3012130;410691724.5
URKA;D;20150112;000000;136;137.95;133.5;134;1215840;164688519
URKA;D;20150113;000000;133.5;139;133.5;135.5;2436870;334035857.5
URKA;D;20150114;000000;134;140.4;133.65;139.1;3094570;427935266
URKA;D;20150115;000000;139.85;140.5;135.15;135.7;2667700;368592566
URKA;D;20150116;000000;135.75;137.35;134.55;136;1652330;224821096
URKA;D;20150119;000000;133;138.75;133;136.45;1874720;257154004
URKA;D;20150120;000000;136.1;137.1;134.8;136.2;1652220;224299042.5
URKA;D;20150121;000000;135.85;138.5;135.2;138;1543990;211605669
URKA;D;20150122;000000;138;146.95;137.5;145.85;6671290;961006887.5
URKA;D;20150123;000000;146.9;159.7;146.6;156;9069060;1416129443.5
URKA;D;20150126;000000;153.75;162.35;151;159;7580750;1193982103
URKA;D;20150127;000000;157.55;178.9;155.6;178;11097910;1892203783
URKA;D;20150128;000000;179;184.4;177;181.2;9537590;1718577477
URKA;D;20150129;000000;181.15;182.7;171.5;175;8047220;1424307751.5
URKA;D;20150130;000000;175.6;178.95;172.5;174.7;4253980;741424676
URKA;D;20150202;000000;176;177.7;165.2;165.2;3564390;612026103
URKA;D;20150203;000000;165.2;171.95;162.5;168.5;4292580;717074739
URKA;D;20150204;000000;168.95;174;166.2;173.5;3641160;624852776
URKA;D;20150205;000000;173.05;179.3;171.45;174.2;3276360;575990659.5
URKA;D;20150206;000000;175.5;179.7;170;173.05;7474880;1308009996
URKA;D;20150209;000000;174.65;180.4;173;174.55;4657740;821518780
URKA;D;20150210;000000;175.5;178.9;174.65;178.75;1999160;354109648
URKA;D;20150211;000000;179.55;184.5;177.95;177.95;3600980;652284984
URKA;D;20150212;000000;179.35;185.4;177.5;185;4732480;862324402
URKA;D;20150213;000000;185.55;189;185.2;185.7;2957040;553390293.5
URKA;D;20150216;000000;186.8;188.5;179.65;181;2421580;444237834.5
URKA;D;20150217;000000;179.25;185;177.9;181.75;3658040;665426692.5
URKA;D;20150218;000000;182.3;185.25;181.25;182.35;1750840;320684027.5
URKA;D;20150219;000000;182.35;183.75;168.5;176.9;5172520;906276762
URKA;D;20150220;000000;178;179.9;174.1;177.8;1852930;328125571.5
URKA;D;20150224;000000;172.65;173.6;162.8;170.2;2302970;393192015.5
URKA;D;20150225;000000;170.65;171.95;166.9;170;2211900;373033560.5
URKA;D;20150226;000000;170.95;173.45;167.55;168.5;2549350;433736318.5
URKA;D;20150227;000000;168.5;171.8;167;169.75;2567310;435005380
URKA;D;20150302;000000;171.7;175;170.15;171;2404890;415432706
URKA;D;20150303;000000;171;179.05;170.7;177.4;2604320;458054851.5
URKA;D;20150304;000000;178;180.3;175.15;175.95;2241850;398585396
URKA;D;20150305;000000;177.15;188.8;174;187.45;7482280;1373888598
URKA;D;20150306;000000;187.45;189.9;180.5;180.55;3679890;676415868.5
URKA;D;20150310;000000;178.55;183.3;169;169;4784120;837214334
URKA;D;20150311;000000;171;174;168;171.9;2944810;504276257
URKA;D;20150312;000000;172.5;173;166.25;166.25;2495250;420122731
URKA;D;20150313;000000;166.3;167.55;160.3;161.2;3377960;553158708.5
URKA;D;20150316;000000;159.5;162.95;154.5;154.5;3931850;617862824.5
URKA;D;20150317;000000;154.55;157.45;151.4;153.4;2858360;441177553
URKA;D;20150318;000000;153.85;157.7;152.95;154.1;1984320;309296941.5
URKA;D;20150319;000000;155.65;157.7;154.25;154.45;1841990;286379876
URKA;D;20150320;000000;153.95;158;153.3;158;2863840;445887560.5
URKA;D;20150323;000000;158;158;151.7;152.5;1988830;307866875.5
URKA;D;20150324;000000;152.15;155.75;152.05;152.05;1339470;205607961
URKA;D;20150325;000000;151.9;154.25;150.6;153;2006240;306167563
URKA;D;20150326;000000;153.6;155.35;148;148.75;2049680;309847808
URKA;D;20150327;000000;148.9;150.8;146.05;146.05;1399010;207670556.5
URKA;D;20150330;000000;146.8;151.35;146.4;150;1338020;200109559
URKA;D;20150331;000000;150.45;156.5;148.5;156.5;2232130;339192874.5
URKA;D;20150401;000000;155.6;159;154.25;158.2;2165850;340017747.5
URKA;D;20150402;000000;158.5;158.6;155.2;158;1730030;271644293.5
URKA;D;20150403;000000;158;163.2;157.65;161.7;2045970;329959273.5
URKA;D;20150406;000000;161.25;167;161.25;166.15;2203680;363709640.5
URKA;D;20150407;000000;167;167.75;163.15;164.6;1616490;266894202.5
URKA;D;20150408;000000;164;164.55;160.2;163.05;1543850;250447425.5
URKA;D;20150409;000000;161.85;162.15;157;158.7;2104420;334473021.5
URKA;D;20150410;000000;158.7;162.85;155.35;162;2769870;439385693.5
URKA;D;20150413;000000;162.75;166.4;160.75;162.75;3109840;510270061
URKA;D;20150414;000000;162.05;164.55;160.9;163.65;1729950;281600872
URKA;D;20150415;000000;163.1;165.5;160.2;164;2439310;397354421
URKA;D;20150416;000000;164.95;164.95;160.1;163.5;3331460;539552821
URKA;D;20150417;000000;163;163.5;154.5;154.5;4064870;641924641
URKA;D;20150420;000000;155.4;158.25;153.85;154.55;2708560;422362983.5
URKA;D;20150421;000000;156;157.75;155.2;156.9;1609010;251913658.5
URKA;D;20150422;000000;156.9;158;153.1;155.6;2290360;355201717.5
URKA;D;20150423;000000;155.9;159.6;152;158;3686150;577338675
URKA;D;20150424;000000;160.4;161.95;151.25;154.5;8554710;1329671653.5
URKA;D;20150427;000000;155.7;155.75;152.3;152.3;1866980;286744433
URKA;D;20150428;000000;152.5;153;148.5;149.4;2847830;428272329.5
URKA;D;20150429;000000;149;152.75;148.2;150.7;2124830;321831383
URKA;D;20150430;000000;150.7;152.75;150.5;151.05;1720640;261083925.5
URKA;D;20150505;000000;152.05;153.75;151.25;153.5;2282900;348906337
URKA;D;20150506;000000;153.5;153.5;151;152.25;2153950;327466485.5
URKA;D;20150507;000000;151.8;152.7;150.1;151.4;2114750;320268174
URKA;D;20150508;000000;152.25;155;151.7;154.15;1781590;273053097
URKA;D;20150512;000000;156;158.5;154.8;158;2711510;426711197.5
URKA;D;20150513;000000;158;158.2;153.6;154.5;2891940;449668441
URKA;D;20150514;000000;154.5;156.25;151.6;154.75;1731650;267253977.5
URKA;D;20150515;000000;154.45;156.95;154.15;156.9;1152790;179867108.5
URKA;D;20150518;000000;157.05;157.2;151.3;151.3;1440050;220977432
URKA;D;20150519;000000;152;153.45;151.25;153;1655470;252094073.5
URKA;D;20150520;000000;153.8;153.8;148.5;150.5;4343670;651718949.5
URKA;D;20150521;000000;151.65;152.3;148.7;151;2929090;439855960
URKA;D;20150522;000000;151;156.4;150.6;155.4;2569000;394593311.5
URKA;D;20150525;000000;155.4;160.45;152.2;158.5;4468340;706502492
URKA;D;20150526;000000;158.6;162.8;158.05;161.5;3108900;500501451
URKA;D;20150527;000000;162.25;164.8;158.35;161;4351400;697504548.5
URKA;D;20150528;000000;159.95;161.8;156.6;156.6;2175760;345459248.5
URKA;D;20150529;000000;154.55;159.95;140.4;140.4;35067410;5140497404
URKA;D;20150601;000000;143.85;146.4;141;142.4;9173050;1317997597.5
URKA;D;20150602;000000;142.8;143.55;139.4;142.25;5303590;752103299.5
URKA;D;20150603;000000;142.25;147;142;143.5;9576300;1390239553.5
URKA;D;20150604;000000;144.1;150.25;144;149;6886860;1019304533
URKA;D;20150605;000000;149.25;150.9;147.35;150.6;3767430;562613083.5
URKA;D;20150608;000000;150.75;154;150.4;152;3650490;555360357
URKA;D;20150609;000000;151.1;152;148.5;150;2023820;303228604.5
URKA;D;20150610;000000;150.05;151.65;147.05;148.7;2547380;379130611.5
URKA;D;20150611;000000;149;150.55;148.25;150.3;1637390;244862945.5
URKA;D;20150615;000000;150.5;153.5;149.5;151.9;3121140;473613294.5
URKA;D;20150616;000000;151.6;152.5;149.55;150.5;2108290;318195315
URKA;D;20150617;000000;150.4;151.55;149.55;150.6;1891150;284869802
URKA;D;20150618;000000;150.25;150.25;148.65;149.25;1460140;217848219
URKA;D;20150619;000000;149.35;151.65;147.8;149.4;4460890;667404775
URKA;D;20150622;000000;148;151.65;148;149.5;3424120;514601311
URKA;D;20150623;000000;149.8;151.2;147.4;147.4;2522650;376485973.5
URKA;D;20150624;000000;147.55;147.9;140.8;142.5;5480010;787423296
URKA;D;20150625;000000;142.05;143.4;138.3;139;3892680;545023799.5
URKA;D;20150626;000000;140;144.8;139.4;144.35;4516330;643167198.5
URKA;D;20150629;000000;143;146.35;142.5;146.35;2104830;304674325
URKA;D;20150630;000000;145.6;146.45;142.35;146.45;2318770;334669023.5
URKA;D;20150701;000000;145.8;146.05;142.8;142.8;1367290;197295259
URKA;D;20150702;000000;143.2;145.2;143.2;144.75;1367020;197606778.5
URKA;D;20150703;000000;144.8;146.75;143.85;146.05;1945380;283112007.5
URKA;D;20150706;000000;145.1;148.2;144.6;146.4;2087030;306383304
URKA;D;20150707;000000;147.15;148.25;143.15;145.95;3068800;445459486
URKA;D;20150708;000000;146.2;146.95;142.1;144;3033860;436544939
URKA;D;20150709;000000;144.8;146.2;143.15;145.6;1480250;214033065.5
URKA;D;20150710;000000;146.15;146.95;143.85;145.85;2201070;319655565
URKA;D;20150713;000000;146.8;147;144.8;147;1106080;161538449
URKA;D;20150714;000000;147;149;145.6;148.95;1778090;262171185
URKA;D;20150715;000000;149;152.25;147.55;152.25;2579290;389319264.5
URKA;D;20150716;000000;152.25;152.85;150.65;152.05;1699560;257860987
URKA;D;20150717;000000;152;154.3;151.5;153.6;1863330;285325880
URKA;D;20150720;000000;153.9;153.9;149.6;150.1;1801050;272562534.5
URKA;D;20150721;000000;150;152.25;148.55;151.25;1093430;164112814
URKA;D;20150722;000000;151;151;148.2;150.85;1872780;279783882
URKA;D;20150723;000000;150.45;150.45;147.4;147.4;936970;139076801
URKA;D;20150724;000000;147.4;149.65;146.25;146.55;1918400;283216655
URKA;D;20150727;000000;146.55;149.5;146.05;147.5;1405680;207892023.5
URKA;D;20150728;000000;146.55;152.15;146.55;150.85;1951050;293311397
URKA;D;20150729;000000;151.95;155.3;149.4;154.45;2299270;350624178
URKA;D;20150730;000000;154.9;156.95;154.5;156.5;1323790;206648687
URKA;D;20150731;000000;155.9;162.3;155.75;162.3;2890880;460867941
URKA;D;20150803;000000;161.85;162.9;158.95;161.5;2010990;323659381.5
URKA;D;20150804;000000;160.7;163.05;159.75;162.95;1813070;292994963.5
URKA;D;20150805;000000;162.65;170.8;161.7;169.8;5487440;919102877
URKA;D;20150806;000000;169.5;174.5;167.5;173;4159440;715575054
URKA;D;20150807;000000;173.5;182.15;170.6;180.45;8213440;1474243539
URKA;D;20150810;000000;180.55;185.55;180;183.7;3146350;576608583
URKA;D;20150811;000000;183.35;186.9;181.8;186.9;4326200;800537527
URKA;D;20150812;000000;185.9;189.2;183.25;188.95;3267520;611338026.5
URKA;D;20150813;000000;189.4;190.7;186.85;188;3642930;685976402.5
URKA;D;20150814;000000;187.1;191.95;187.1;190.75;3316140;630431463
URKA;D;20150817;000000;190.5;196.3;189.2;194.85;3390620;655856104
URKA;D;20150818;000000;195.95;197.45;192.7;192.7;2110630;410293183
URKA;D;20150819;000000;191.05;195.25;190.1;191.95;1974370;380960351.5
URKA;D;20150820;000000;192.5;197.95;192.5;197.95;4332910;847589223.5
URKA;D;20150821;000000;196.8;200;193.7;197.25;3970270;784124255
URKA;D;20150824;000000;193.6;212.95;193.55;203.5;9069080;1855733027.5
URKA;D;20150825;000000;205.1;215.25;201.15;203.3;9317340;1936106853
URKA;D;20150826;000000;203.35;212.4;201.65;209.35;9353380;1951283279
URKA;D;20150827;000000;209.8;209.8;203.65;205.05;3926660;810739626.5
URKA;D;20150828;000000;204.2;206.45;201.7;201.7;2303790;468777248
URKA;D;20150831;000000;202.25;205.7;200.45;204;2346330;478357939
URKA;D;20150901;000000;202.95;204.55;198.55;202.7;3224860;649176044
URKA;D;20150902;000000;203;205.8;201.8;205;2169290;442973333.5
URKA;D;20150903;000000;204.55;205.45;202.65;203.5;969000;197508251
URKA;D;20150904;000000;203.55;206;203.05;204.9;2003830;411040981.5
URKA;D;20150907;000000;204.6;208.55;204.55;208.15;1098720;227974727.5
URKA;D;20150908;000000;208;209.8;206.25;206.25;1617400;337018017.5
URKA;D;20150909;000000;206;207.75;205.05;206.15;1147970;236816179.5
URKA;D;20150910;000000;207;208.5;206.25;206.35;1408860;292586519.5
URKA;D;20150911;000000;209.1;209.1;203.3;207.45;1472060;304168468
URKA;D;20150914;000000;207.5;208.7;205.8;207.45;1457970;302562815.5
URKA;D;20150915;000000;207.65;208.4;203.7;204.7;1858490;380690894
URKA;D;20150916;000000;203.05;205.9;202.3;204.85;1303360;266357461
URKA;D;20150917;000000;203.95;205;202.65;205;1280770;261208486.5
URKA;D;20150918;000000;204.5;205.55;200;200.7;3869110;783179769
URKA;D;20150921;000000;202;204.2;198.45;204.05;1368500;276677952.5
URKA;D;20150922;000000;204.05;204.3;200;203;1260480;254326593.5
URKA;D;20150923;000000;203.4;203.4;187.15;188.85;2652870;515840498.5
URKA;D;20150924;000000;188.9;190;178.6;181.35;3845610;699792722.5
URKA;D;20150925;000000;181.35;189.75;181.35;185.05;5098410;950335697
URKA;D;20150928;000000;186.3;195;184.35;194.95;4069930;770633883
URKA;D;20150929;000000;195;203.15;190.35;196;4483340;890595767
URKA;D;20150930;000000;196.8;198.6;191.15;193.55;2980150;578386465
URKA;D;20151001;000000;194.95;194.95;187.75;188.5;2025190;385205399.5
URKA;D;20151002;000000;188.05;188.5;179.25;182.75;3651710;667974106
URKA;D;20151005;000000;183.7;183.7;178.25;179.15;2716690;490754234
URKA;D;20151006;000000;179.6;185.6;179.15;185.4;2927340;536502473.5
URKA;D;20151007;000000;185.4;188.05;183.55;187.95;2565890;477186740
URKA;D;20151008;000000;187.5;187.9;184.1;185.7;1363230;253653008.5
URKA;D;20151009;000000;186.7;189.7;183.15;186.1;2130060;395776465
URKA;D;20151012;000000;184.8;186.55;178.7;182;1797910;327917966.5
URKA;D;20151013;000000;182;186.9;178.95;186.9;1848640;339453128
URKA;D;20151014;000000;186.7;187.6;183.25;185.5;1288980;238421250.5
URKA;D;20151015;000000;185.95;185.95;182.85;183.4;1693690;312083075.5
URKA;D;20151016;000000;183.8;184.85;175.35;175.35;3788950;678267721
URKA;D;20151019;000000;172.35;173.35;159.05;159.7;14148080;2318879580
URKA;D;20151020;000000;160.2;168.5;158.1;165.1;29970930;4879453548
URKA;D;20151021;000000;166;167.1;163.55;166.05;6738780;1115272757.5
URKA;D;20151022;000000;166.6;166.6;159.5;159.75;9724110;1573504131
URKA;D;20151023;000000;158.6;160.95;154.55;156.15;4739530;746669627.5
URKA;D;20151026;000000;156;156.75;151.25;153.9;4897040;750116029.5
URKA;D;20151027;000000;153.5;158;152.8;157.5;3781870;590127723
URKA;D;20151028;000000;157.65;157.95;154.25;156.05;1827030;285300803
URKA;D;20151029;000000;155.4;157.65;154.65;155.25;2138080;333265288.5
URKA;D;20151030;000000;154.8;157.05;154.65;155;2176590;338942217.5
URKA;D;20151102;000000;154.6;157.75;154.5;156.5;1769140;276945697.5
URKA;D;20151103;000000;156.6;158;155.7;155.8;3946970;619710408.5
URKA;D;20151105;000000;155.8;157.5;155.8;156.2;1614460;252870592.5
URKA;D;20151106;000000;156.25;157.6;156.25;156.35;1858860;291290242
URKA;D;20151109;000000;156.75;157.35;156.25;157;1390810;218006292.5
URKA;D;20151110;000000;157.3;157.3;156.25;156.55;1686970;264137269.5
URKA;D;20151111;000000;156.65;157.85;156.05;157;2194460;343688069
URKA;D;20151112;000000;156.75;162.6;156.75;161.7;3984700;640180373
URKA;D;20151113;000000;162.25;164.7;162.25;164.5;3089650;504600723.5
URKA;D;20151116;000000;164.95;165.6;163.25;165.05;2636760;434413194.5
URKA;D;20151117;000000;165;165.75;163.25;165.75;2440500;402392189.5
URKA;D;20151118;000000;165.3;169.9;165.25;168.6;3971170;666792307
URKA;D;20151119;000000;169.15;171.75;167;168;4040450;683169421.5
URKA;D;20151120;000000;168.2;169.75;160.45;169;3873080;651339896
URKA;D;20151123;000000;169.45;174;168.2;170.05;3621330;622852616.5
URKA;D;20151124;000000;170.25;173.75;170.25;173;6230820;1073779286
URKA;D;20151125;000000;173.55;176.1;173;173;4846370;843973235
URKA;D;20151126;000000;173;176.3;173;175.05;3640820;637462304
URKA;D;20151127;000000;175.85;176.65;174.35;175.7;2556810;448709493
URKA;D;20151130;000000;175.5;176.15;168.75;170.8;2446520;420669996
URKA;D;20151201;000000;171;175.5;171;174.05;2050320;357605496.5
URKA;D;20151202;000000;174.9;175.75;170.7;173.5;1688480;292708258
URKA;D;20151203;000000;173.6;177.5;172.85;177.1;3269260;575712086.5
URKA;D;20151204;000000;177.95;177.95;175.4;177.5;2477750;437970589.5
URKA;D;20151207;000000;177.5;179.95;177.1;179.95;1598960;285837199.5
URKA;D;20151208;000000;178.95;185.6;178.65;185.6;2691730;490644342.5
URKA;D;20151209;000000;185.6;186.4;181.55;182.25;2199430;402631987
URKA;D;20151210;000000;181.95;184;181;181.5;982970;179388518.5
URKA;D;20151211;000000;181.5;183.45;180.1;181.95;1652320;301809970.5
URKA;D;20151214;000000;182.05;187.75;181.05;186.8;2917630;542336806
URKA;D;20151215;000000;186.5;188.2;185.15;185.75;2295110;429378414.5
URKA;D;20151216;000000;186.1;187.2;183.85;184.45;1319910;244564890
URKA;D;20151217;000000;184.1;187.95;184.05;187.9;1434860;267635876.5
URKA;D;20151218;000000;187.9;187.9;182.6;184.05;3531900;656664454.5
URKA;D;20151221;000000;184.05;188.5;184.05;187;1360030;254209046
URKA;D;20151222;000000;181;186.5;180.35;180.35;1499630;273660759
URKA;D;20151223;000000;180.55;182.7;175.15;179.15;1519240;270872198.5
URKA;D;20151224;000000;179.35;180.95;177.5;178.5;750550;134761087
URKA;D;20151225;000000;178.15;179.55;176.2;178.95;565560;100426211
URKA;D;20151228;000000;178.8;179.2;176.65;178.05;494770;87873270
URKA;D;20151229;000000;178.05;180.35;177.2;180.2;495180;88493994.5
URKA;D;20151230;000000;180.15;180.95;176.7;177;876260;156040226
URKA;D;20160104;000000;176.85;177.05;174;175.05;503490;88442876
URKA;D;20160105;000000;175;177;174.75;175.55;496390;87365345.5
URKA;D;20160106;000000;175.9;181.4;175.3;178;1246040;221720765.5
URKA;D;20160111;000000;177.5;181.95;177.5;180;1648070;297152819
URKA;D;20160112;000000;181.75;182.95;177.3;177.7;1637040;293925792
URKA;D;20160113;000000;177.7;178.75;177.25;178;1036540;184558948
URKA;D;20160114;000000;178.05;179;177.25;177.65;612750;108757814
URKA;D;20160115;000000;178;178.65;176.5;178.35;2389600;423903071
URKA;D;20160118;000000;178.8;179.9;175.75;177.35;1758040;311828883.5
URKA;D;20160119;000000;177.35;178.75;171.65;172.95;1629490;285493040.5
URKA;D;20160120;000000;172.95;172.95;165;168.35;1614170;271194128.5
URKA;D;20160121;000000;169;174.75;167.7;174;1163360;200586167
URKA;D;20160122;000000;173.8;175.55;173.25;173.75;1230370;214217622
URKA;D;20160125;000000;173.8;174.15;168.4;169;1195090;203908181.5
URKA;D;20160126;000000;167.5;169.9;166.3;168.95;800280;134658281.5
URKA;D;20160127;000000;169.95;170.95;168.5;169.25;922840;156392939.5
URKA;D;20160128;000000;169.15;171.75;168.7;171.15;784630;134292393.5
URKA;D;20160129;000000;171.65;172.75;169.95;172.55;718590;123444956
URKA;D;20160201;000000;172.55;172.55;170.2;170.2;583200;99818351
URKA;D;20160202;000000;169.9;171;167.55;169.7;746220;126710195
URKA;D;20160203;000000;169.7;170.7;168.3;168.5;464130;78690932.5
URKA;D;20160204;000000;169.25;171.55;169.15;170.8;697950;119071758
URKA;D;20160205;000000;170.8;171.75;169.55;170.9;692190;118095263.5
URKA;D;20160208;000000;171.75;171.75;168.25;168.5;785010;133216156.5
URKA;D;20160209;000000;168.25;169.75;167.25;169.1;711040;119924187
URKA;D;20160210;000000;168.15;168.7;166.55;168.05;756240;126652761
URKA;D;20160211;000000;167.25;167.8;163.05;163.5;1429620;235018220.5
URKA;D;20160212;000000;164.1;164.9;163.5;163.95;443460;72743279.5
URKA;D;20160215;000000;165;166.4;163.65;164.3;891640;147162642
URKA;D;20160216;000000;164.85;166.15;161.8;162.55;1447490;236720511
URKA;D;20160217;000000;162.85;165;162.4;162.85;689280;112827696.5
URKA;D;20160218;000000;162.55;163.95;159.75;160.35;1951970;314407588
URKA;D;20160219;000000;159.5;160.55;159;160.2;1096960;175518310
URKA;D;20160220;000000;160.7;161.25;160.05;160.5;256830;41286977
URKA;D;20160222;000000;160.75;160.95;159.9;160.05;596300;95498508
URKA;D;20160224;000000;160;161.1;158.05;160.1;4449840;708509630
URKA;D;20160225;000000;161;162.7;159.3;161.5;1521300;245271420
URKA;D;20160226;000000;161.9;163.45;161.2;161.85;1158910;188017697.5
URKA;D;20160229;000000;161.5;162.85;160;162.3;1345670;216968318
URKA;D;20160301;000000;162.5;164.45;161;162;1792180;291455625.5
URKA;D;20160302;000000;162.05;163.45;161.1;163;2340540;380282889
URKA;D;20160303;000000;163;164.05;161.2;161.65;1314970;213123672
URKA;D;20160304;000000;161.6;162.95;161.2;162.3;753510;122150796
URKA;D;20160307;000000;162.8;163.5;161.8;162.35;660130;107155571
URKA;D;20160309;000000;162.35;163.1;162;163;829310;134790583.5
URKA;D;20160310;000000;163.05;166.55;162.9;165.6;1963940;323885758
URKA;D;20160311;000000;166;169.6;165.7;168.85;2424960;407000795
URKA;D;20160314;000000;169;169.8;165.4;166;1247360;208796748
URKA;D;20160315;000000;166.05;168.8;163.3;163.3;2190730;364987240
URKA;D;20160316;000000;163.95;165.25;162.9;164.05;1065290;174466337.5
URKA;D;20160317;000000;164.75;165.5;163.2;163.25;1614070;264803454.5
URKA;D;20160318;000000;163.2;164.6;159.2;159.2;2717900;439019759
URKA;D;20160321;000000;159.2;160.7;158.9;160.2;1668380;266974659
URKA;D;20160322;000000;160.65;164.3;159.25;164;2325110;378120753.5
URKA;D;20160323;000000;164;165.7;163.8;165;2491910;411056044
URKA;D;20160324;000000;165;166.45;164.65;166;834880;138192452
URKA;D;20160325;000000;165.8;166.25;164.55;165.45;518220;85576078
URKA;D;20160328;000000;164.45;166.2;160;166.05;2607120;429379537.5
URKA;D;20160329;000000;166.2;168.5;164.6;167;2146240;356557221
URKA;D;20160330;000000;167;170.8;166.55;170;3331080;565412958
URKA;D;20160331;000000;169.85;170.25;168.95;170.1;6152160;1045220395.5
URKA;D;20160401;000000;170;170;163.1;163.95;3096980;512915871.5
URKA;D;20160404;000000;164;165.5;161.55;164.9;1184160;194463523
URKA;D;20160405;000000;163.7;165.95;163.3;164.95;951380;157178720.5
URKA;D;20160406;000000;165;165.75;163.15;165.5;1105870;182082777.5
URKA;D;20160407;000000;165.05;166.5;164.05;164.05;574430;94747412
URKA;D;20160408;000000;164;165.9;163.9;164.35;504860;83228941
URKA;D;20160411;000000;165;165.8;163.85;164.9;662780;109219427
URKA;D;20160412;000000;164.95;165.45;162.05;163;1359900;221766099
URKA;D;20160413;000000;162.35;164.95;162.35;163.4;950690;155861527
URKA;D;20160414;000000;165.5;165.5;162.9;163.5;815910;133513073
URKA;D;20160415;000000;163.2;164;163.2;163.7;651700;106723442
URKA;D;20160418;000000;161.25;163.4;161.25;162.3;1255670;203382716
URKA;D;20160419;000000;162.2;163.35;161.7;162.5;905210;147030321
URKA;D;20160420;000000;162;163.3;162;162.85;713470;115950338.5
URKA;D;20160421;000000;163.3;164.45;162.35;164;685450;112005343.5
URKA;D;20160422;000000;164.5;164.9;163.2;164.7;771580;126570613
URKA;D;20160425;000000;165;165.35;163.85;164;1040250;171284694.5
URKA;D;20160426;000000;163.8;165.2;163.3;164.9;450040;73834920
URKA;D;20160427;000000;164.9;166;163.1;163.25;612400;100194659.5
URKA;D;20160428;000000;163.15;164.1;163;163.8;570970;93267596.5
URKA;D;20160429;000000;164.05;164.45;163.2;163.4;691720;113088391.5
URKA;D;20160504;000000;163.25;164.4;160.5;161.15;1835310;300004209
URKA;D;20160505;000000;161.95;164.15;160.5;164.05;1003570;163485921.5
URKA;D;20160506;000000;163.35;164.75;163.3;164.3;791650;130056130.5
URKA;D;20160510;000000;164.3;165.5;161.75;162.8;777290;126934301.5
URKA;D;20160511;000000;164.45;165.1;163;165.1;774940;127533674.5
URKA;D;20160512;000000;164.4;164.45;162.85;163.75;718770;117684910.5
URKA;D;20160513;000000;163.05;164.7;162.1;163.75;562260;91850064.5
URKA;D;20160516;000000;163.9;165.1;163.5;164.75;565770;93233486
URKA;D;20160517;000000;165.25;166.5;164;166.1;950840;157020909.5
URKA;D;20160518;000000;166.1;173.65;165.3;173.35;2665270;453800542.5
URKA;D;20160519;000000;173.35;173.5;168.5;170;2791140;475185293
URKA;D;20160520;000000;170.1;170.9;167;169;1669250;281526383.5
URKA;D;20160523;000000;168.5;171.25;168.3;170.9;2149440;365442994.5
URKA;D;20160524;000000;170.65;171.75;169.6;171.1;1513410;258922289.5
URKA;D;20160525;000000;171.2;172.25;170.5;172;2115680;362584823.5
URKA;D;20160526;000000;172.15;172.4;171.15;171.65;604930;103925527.5
URKA;D;20160527;000000;171.35;171.85;171;171.05;755950;129431993
URKA;D;20160530;000000;171.1;171.35;170.7;171.1;620580;106164074
URKA;D;20160531;000000;170.9;172;170.75;171;879550;150728260
URKA;D;20160601;000000;171.45;172.65;170.9;172.1;1099550;188480739.5
URKA;D;20160602;000000;172.5;180;171.5;172.6;1204650;208022831.5
URKA;D;20160603;000000;172.8;173.7;172;173.45;1056670;182713223.5
URKA;D;20160606;000000;173.25;177;173.25;174.5;946190;166049333
URKA;D;20160607;000000;176.9;178.65;174.65;176.85;1658460;294302571.5
URKA;D;20160608;000000;176.5;177.75;175.8;177.25;463480;81788434
URKA;D;20160609;000000;177.9;178.05;176.05;176.55;364280;64355565.5
URKA;D;20160610;000000;175.85;176.35;172.45;175.4;1134010;197946125.5
URKA;D;20160614;000000;173;179.5;173;178.7;1458880;258071079
URKA;D;20160615;000000;177.9;180.9;176.05;180;1345790;240367124.5
URKA;D;20160616;000000;179;186.45;179;185.4;3830750;706083004.5
URKA;D;20160617;000000;185.45;192;185.45;190;8239420;1561716515
URKA;D;20160620;000000;192;194.4;190.35;193.15;1461120;281762505
URKA;D;20160621;000000;194.3;194.65;187.55;189.55;647340;123060706
URKA;D;20160622;000000;190.5;190.5;183.5;183.55;730090;136236982
URKA;D;20160623;000000;183.95;187.5;181.35;181.85;652370;119640377.5
URKA;D;20160624;000000;176;182.85;175.75;180;620570;111949475
URKA;D;20160627;000000;180;181.75;177.65;177.85;540910;96896736
URKA;D;20160628;000000;178;179.95;178;179.65;679670;121868074
URKA;D;20160629;000000;180;180.6;178.1;178.45;394390;70507769.5
URKA;D;20160630;000000;179.35;179.35;174.8;174.8;1055700;185865356.5
URKA;D;20160701;000000;175.5;178.75;172.6;177;431620;75590674
URKA;D;20160704;000000;177.25;179;177.05;178.5;411200;73213635.5
URKA;D;20160705;000000;177.9;180.45;177.2;178.9;987410;176687388
URKA;D;20160706;000000;179.55;183;179;181;934940;169453856.5
URKA;D;20160707;000000;181.5;182.35;180.15;180.5;574210;103811969
URKA;D;20160708;000000;179.7;182.85;177.4;182;591890;106963124
URKA;D;20160711;000000;182.55;183.8;179.3;179.3;521330;94391501.5
URKA;D;20160712;000000;179.35;181.95;178.55;180.5;478490;86390868
URKA;D;20160713;000000;181.3;182;180;181;1017580;183877382
URKA;D;20160714;000000;180.05;182.7;180.05;182.5;460250;83507685.5
URKA;D;20160715;000000;182.45;182.45;179.95;180.65;380560;68666483.5
URKA;D;20160718;000000;180.6;181.75;180;181.3;196380;35459743.5
URKA;D;20160719;000000;182.5;182.5;180;180.05;353960;64136010
URKA;D;20160720;000000;180;181.4;179.95;180.6;327470;59118489.5
URKA;D;20160721;000000;179.3;180.25;178.75;179.9;557740;100247696
URKA;D;20160722;000000;179.05;181.3;179.05;181.2;151460;27364088
URKA;D;20160725;000000;181.2;181.95;179.45;180;480330;86843938
URKA;D;20160726;000000;180.05;188;179.2;186.4;2224660;406456424
URKA;D;20160727;000000;187;188.55;184.5;186.4;1344820;249259683
URKA;D;20160728;000000;186.35;186.8;185.45;186.6;445060;82936151.5
URKA;D;20160729;000000;186.05;190;186;186.1;879750;164859601
URKA;D;20160801;000000;187.45;187.75;184;185;408350;75669478
URKA;D;20160802;000000;184.65;185.75;182.05;183;704410;129243114
URKA;D;20160803;000000;183.6;185.7;183;185.15;431590;79329248
URKA;D;20160804;000000;185.5;186.95;184;184.1;590480;109262269.5
URKA;D;20160805;000000;184;185.9;183.7;184.85;470960;87086322.5
URKA;D;20160808;000000;184.9;185.3;183.5;184.25;477100;87897966.5
URKA;D;20160809;000000;184.3;186.95;183.9;186.75;852680;158418020
URKA;D;20160810;000000;186.8;188.25;184.95;186.1;739270;138293943
URKA;D;20160811;000000;185.45;188.05;185.45;187.75;538110;100622825.5
URKA;D;20160812;000000;187.95;189.05;186.6;187.85;866760;162951640.5
URKA;D;20160815;000000;187.05;188.9;186.25;188.85;265610;50017585.5
URKA;D;20160816;000000;189;189.5;187.95;188.05;748240;140939067.5
URKA;D;20160817;000000;188.4;188.4;184.1;187.6;823030;153923804
URKA;D;20160818;000000;187.6;188.4;186.35;188.2;1447760;272075274
URKA;D;20160819;000000;188.2;191.55;188.15;190.15;1141870;216693656
URKA;D;20160822;000000;189.45;190.1;187.3;189.95;428790;81041231.5
URKA;D;20160823;000000;189.5;192.5;189.3;191.75;1184400;226299699
URKA;D;20160824;000000;190.85;192;190.1;190.3;585410;111817891.5
URKA;D;20160825;000000;190.1;191.55;189.15;191.15;561900;107107930.5
URKA;D;20160826;000000;190.55;192.25;190.4;191.4;511150;97602937.5
URKA;D;20160829;000000;191.8;191.8;189.05;190.35;801960;152844424.5
URKA;D;20160830;000000;190;190.7;186.45;189;614820;116371069.5
URKA;D;20160831;000000;188.9;190.2;188.5;188.7;560850;106036973.5
URKA;D;20160901;000000;190;192.45;188.05;192;682650;129958365
URKA;D;20160902;000000;190.2;194.35;190.2;194;635160;122323871
URKA;D;20160905;000000;194.3;203.5;192.7;203.35;1839170;367056487.5
URKA;D;20160906;000000;203;204.15;199.3;200.7;1055950;212058445.5
URKA;D;20160907;000000;202;202;195.1;195.1;735200;145848438.5
URKA;D;20160908;000000;195.05;195.45;190.55;194;1557060;299540529.5
URKA;D;20160909;000000;192.7;194;190;190;1195340;227861920.5
URKA;D;20160912;000000;185;187.85;182.55;185.15;3312070;612358171.5
URKA;D;20160913;000000;184.9;187.75;184;185.65;964260;179433131.5
URKA;D;20160914;000000;184.35;186;182.55;183.4;2039920;375691801
URKA;D;20160915;000000;182.65;184.8;182.65;184.25;1995200;367224183
URKA;D;20160916;000000;184;184.5;179.8;184;12032000;2204794710.5
URKA;D;20160919;000000;183.15;184.75;182.35;183.2;1499890;275598053
URKA;D;20160920;000000;184.5;184.5;182.25;182.25;737240;135099784
URKA;D;20160921;000000;183.4;183.55;180;182.75;1370430;248818290
URKA;D;20160922;000000;182.75;182.9;178.95;180.3;464580;83769052
URKA;D;20160923;000000;180.2;181.3;179.25;181.05;401310;72479349.5
URKA;D;20160926;000000;180.35;181.45;177.75;179.95;353950;63433295
URKA;D;20160927;000000;179.9;179.9;177.95;179;459720;82196381.5
URKA;D;20160928;000000;179.3;181.9;177.85;180.9;575710;103714080.5
URKA;D;20160929;000000;180.75;181.45;179;180;124470;22404436
URKA;D;20160930;000000;180.85;182.75;177.1;178.2;693180;124127061
URKA;D;20161003;000000;178.75;181.95;177.55;180.4;480560;86674329.5
URKA;D;20161004;000000;180.1;181;178.3;180.1;260020;46715799
URKA;D;20161005;000000;179.35;180.5;176.6;180.35;345920;61810204
URKA;D;20161006;000000;180.75;180.75;174.25;176.5;903540;160350970
URKA;D;20161007;000000;176.2;177.45;174.35;174.35;472900;83061495.5
URKA;D;20161010;000000;174.05;176.15;166.05;166.8;1415390;238240383.5
URKA;D;20161011;000000;166.8;167.2;165.25;165.8;937830;155368346.5
URKA;D;20161012;000000;166.15;167.5;165.6;167;421060;70215172.5
URKA;D;20161013;000000;166.85;166.85;164;165.75;287950;47728069.5
URKA;D;20161014;000000;165.45;167.45;165.25;166;1071640;177994422
URKA;D;20161017;000000;166.2;169.35;166.2;168;485530;81526394
URKA;D;20161018;000000;168.35;172.5;167.6;172.45;712960;122097111
URKA;D;20161019;000000;172.8;172.95;167.7;168;437870;74241580.5
URKA;D;20161020;000000;167.75;169;166;167;535850;89900562.5
URKA;D;20161021;000000;167;167.95;165.25;165.6;163610;27147528.5
URKA;D;20161024;000000;165.45;169.4;165.45;168;310050;52082411
URKA;D;20161025;000000;167.85;168.95;165.75;168;312760;52429683
URKA;D;20161026;000000;168;169.1;165.25;166.3;706530;117592964
URKA;D;20161027;000000;166.65;167.7;165.5;166;151460;25169118
URKA;D;20161028;000000;166.25;166.75;165.25;166;105710;17554290.5
URKA;D;20161031;000000;165.75;166.75;165.25;165.8;411130;68316943
URKA;D;20161101;000000;166;168.45;165.8;167.5;328910;54999221
URKA;D;20161102;000000;167.4;168;166.1;166.95;223240;37211040.5
URKA;D;20161103;000000;167.05;167.05;165.55;166.2;504620;83803836
URKA;D;20161107;000000;166;167.6;165.85;166.95;180800;30164893
URKA;D;20161108;000000;167;168.45;166.6;166.8;654960;109426608
URKA;D;20161109;000000;166;167.55;166;166.75;851580;142016958.5
URKA;D;20161110;000000;167.9;168.75;165.5;167.95;1140160;190524385
URKA;D;20161111;000000;168.2;168.7;166.65;167.4;431440;72216324.5
URKA;D;20161114;000000;167.5;168.45;165.7;166.95;285340;47855148.5
URKA;D;20161115;000000;167.8;168;166.25;166.85;211670;35283997.5
URKA;D;20161116;000000;167.35;168.5;166.7;166.75;371720;62287246
URKA;D;20161117;000000;167.8;167.8;166.6;167.7;293920;49220223
URKA;D;20161118;000000;167.4;168;166.6;167;211730;35393125.5
URKA;D;20161121;000000;167.35;167.95;167;167.15;266570;44638324
URKA;D;20161122;000000;167.3;167.85;166.55;167.3;222920;37312566
URKA;D;20161123;000000;167.75;168;166.75;167.25;229040;38370729
URKA;D;20161124;000000;167.75;167.75;167;167.35;179550;30027403
URKA;D;20161125;000000;167.65;167.65;167.1;167.4;105020;17567449
URKA;D;20161128;000000;167.55;167.55;166.95;167;220350;36812171
URKA;D;20161129;000000;167;167.45;166.35;167.4;184350;30770740.5
URKA;D;20161130;000000;167.45;175.8;167;167;1231010;208631212.5
URKA;D;20161201;000000;167;168.3;166;167.55;358920;59997673
URKA;D;20161202;000000;167.55;167.55;166.7;167.2;177900;29715006.5
URKA;D;20161205;000000;167.2;167.2;161.15;167;434150;72309697
URKA;D;20161206;000000;167;167.25;166.1;167;477780;79663607.5
URKA;D;20161207;000000;167;167.1;166.4;166.65;320650;53508314
URKA;D;20161208;000000;166.5;167.75;166.5;167.75;580050;96998074
URKA;D;20161209;000000;167;169.9;167;167.85;503770;84829195
URKA;D;20161212;000000;167.85;169.2;166.85;166.85;698040;117068606
URKA;D;20161213;000000;166.65;167.8;166.65;166.75;389560;65060405.5
URKA;D;20161214;000000;167.15;167.5;166.25;167;1094850;182340707.5
URKA;D;20161215;000000;167.5;167.75;166.25;167;1757050;293347886.5
URKA;D;20161216;000000;167.3;168.6;166.35;168.6;2700220;452204588.5
URKA;D;20161219;000000;168.05;171.2;166.9;166.9;921320;155607407
URKA;D;20161220;000000;167.1;167.75;166.7;167;168480;28156660
URKA;D;20161221;000000;167.75;167.75;166.25;166.4;202510;33758459
URKA;D;20161222;000000;166.4;167;165.55;166.2;291550;48509192.5
URKA;D;20161223;000000;166.5;166.9;165.25;166.25;285150;47287959
URKA;D;20161226;000000;165.5;166.3;165.5;165.55;50110;8305501
URKA;D;20161227;000000;166.15;166.15;164.6;165.8;144110;23858768
URKA;D;20161228;000000;165.7;166;165;165.25;132330;21883656
URKA;D;20161229;000000;164.9;165.7;164.3;165.1;155340;25645517
URKA;D;20161230;000000;164.15;165.8;164.15;165.2;259890;42934997.5
URKA;D;20170103;000000;165.3;168;165.3;166.75;150610;25132074
URKA;D;20170104;000000;165.4;167.2;165.1;165.8;110730;18354970.5
URKA;D;20170105;000000;166;166.25;165.5;165.55;85620;14208047
URKA;D;20170106;000000;165.5;165.7;164.95;165;111330;18383431
URKA;D;20170109;000000;165.55;165.55;164.75;165.15;141770;23401971
URKA;D;20170110;000000;165.05;165.75;165.05;165.2;147260;24355670
URKA;D;20170111;000000;165.65;165.65;165;165.2;78110;12906552.5
URKA;D;20170112;000000;165.65;167.9;165.05;167.9;376510;62675709
URKA;D;20170113;000000;166.75;166.9;165;165.25;220120;36438118
URKA;D;20170116;000000;165.25;167.45;164.9;167.1;381460;63552236.5
URKA;D;20170117;000000;166.95;168.1;166.4;167.1;616530;103301625
URKA;D;20170118;000000;167.1;167.55;166.5;167;424920;71000848.5
URKA;D;20170119;000000;167.05;167.55;166.75;167.4;265020;44280559
URKA;D;20170120;000000;167.7;169.75;166.8;169.75;600030;100662951
URKA;D;20170123;000000;169.65;171.5;167.65;168.45;628990;106301684
URKA;D;20170124;000000;168.85;168.95;167.25;167.3;182720;30655098
URKA;D;20170125;000000;167.4;168.15;165.3;168;367920;61677173.5
URKA;D;20170126;000000;168;170.25;167.25;169.75;337270;56983196.5
URKA;D;20170127;000000;169.35;170;168.55;170;212240;35966196
URKA;D;20170130;000000;169.05;170.5;169.05;169.95;133700;22718852.5
URKA;D;20170131;000000;169.55;171.3;168.7;170.5;381090;64986409
URKA;D;20170201;000000;171.2;171.2;169;169.25;220610;37475336.5
URKA;D;20170202;000000;169.25;169.6;168.7;168.75;160440;27138252.5
URKA;D;20170203;000000;169.5;169.5;168.25;168.25;104610;17623779
URKA;D;20170206;000000;168.75;169.25;168;169;153230;25810974.5
URKA;D;20170207;000000;168.75;169.25;168.25;169.1;242570;40931956
URKA;D;20170208;000000;168.75;169;168.35;168.75;204180;34425060
URKA;D;20170209;000000;168.65;170;168.35;170;444760;75268987
URKA;D;20170210;000000;169.95;170.8;168.95;169;180290;30562305
URKA;D;20170213;000000;169.85;169.85;167.15;167.9;273120;45952747.5
URKA;D;20170214;000000;168;168.35;167.05;167.1;229380;38395678.5
URKA;D;20170215;000000;167.05;167.9;166.4;167.05;274560;45834732.5
URKA;D;20170216;000000;167.05;167.25;166.55;167;70060;11697431
URKA;D;20170217;000000;166.8;167.45;166.5;167.1;83110;13885059
URKA;D;20170220;000000;167.3;167.4;166.8;167;205440;34313368.5
URKA;D;20170221;000000;166.8;167.4;166.55;167;406490;67887407.5
URKA;D;20170222;000000;166.8;167.45;166.2;167.05;1308780;218564165.5
URKA;D;20170224;000000;167.4;167.4;166.05;166.3;44500;7409434.5
URKA;D;20170227;000000;166.45;167.3;166.05;167.05;345230;57653707.5
URKA;D;20170228;000000;167.25;167.55;166.15;167.05;404150;67493142.5
URKA;D;20170301;000000;167.05;167.4;166.35;167.1;332820;55572426
URKA;D;20170302;000000;167.1;167.3;166.45;167;182970;30528474.5
URKA;D;20170303;000000;166.55;168;166.5;167;1001820;167353112
URKA;D;20170306;000000;167;167.45;166.75;166.85;112960;18870954.5
URKA;D;20170307;000000;167.8;167.8;166.85;167;263520;44013897
URKA;D;20170309;000000;166.85;170;166.75;170;498590;83403303
URKA;D;20170310;000000;168.7;168.95;166.8;167.15;185380;30995103.5
URKA;D;20170313;000000;166.55;168.75;166.45;168.55;315660;52903425.5
URKA;D;20170314;000000;168.55;168.75;167;167.45;153550;25700600
URKA;D;20170315;000000;168.1;168.75;167.25;168.7;145160;24419740
URKA;D;20170316;000000;168.65;168.75;166.05;167;349820;58425473
URKA;D;20170317;000000;167.35;168.75;166.95;168.75;201650;33851035
URKA;D;20170320;000000;168.5;168.5;166.9;167.05;169820;28433230.5
URKA;D;20170321;000000;168.35;168.35;166.8;167.2;182170;30507932.5
URKA;D;20170322;000000;167.7;168.5;167;168.25;140590;23597037
URKA;D;20170323;000000;167.15;168.35;167;167;119150;19948960
URKA;D;20170324;000000;166.9;167.55;166.85;167;253860;42406742.5
URKA;D;20170327;000000;166.6;167.2;166.5;167.05;2894140;483250737.5
URKA;D;20170328;000000;167.55;167.6;165;165.1;153710;25498375.5
URKA;D;20170329;000000;165.95;165.95;165.25;165.25;132070;21879325.5
URKA;D;20170330;000000;165.15;165.85;162.45;163.6;226860;37204772
URKA;D;20170331;000000;163.95;164.2;161.2;163.1;234640;38216752
URKA;D;20170403;000000;162.5;163.1;161;162.2;329700;53316786.5
URKA;D;20170404;000000;161.25;162.3;160.25;160.9;155910;25107903.5
URKA;D;20170405;000000;160.55;161;160;160.1;306810;49194309
URKA;D;20170406;000000;160;161;159.5;160.8;263540;42280526
URKA;D;20170407;000000;160.1;162.05;159.7;160.95;153860;24742519
URKA;D;20170410;000000;161;162.6;158.2;159.7;317150;50571569
URKA;D;20170411;000000;159.75;160.5;159.55;160.3;165200;26437711.5
URKA;D;20170412;000000;161;161.55;159.6;160;287810;46167955.5
URKA;D;20170413;000000;159.85;161.8;157.7;161.1;573690;91429178
URKA;D;20170414;000000;160.05;161.3;160.05;160.05;34490;5524553.5
URKA;D;20170417;000000;161.45;161.45;159.3;159.5;89730;14345731.5
URKA;D;20170418;000000;159.75;159.95;156.4;157.6;214580;33988145
URKA;D;20170419;000000;157.5;157.5;154.65;155.85;233940;36491170
URKA;D;20170420;000000;155.95;155.95;150.4;150.8;197050;30044771.5
URKA;D;20170421;000000;152.15;152.45;151;151.8;84960;12908674.5
URKA;D;20170424;000000;152;152.35;150.1;150.1;158340;23893702
URKA;D;20170425;000000;150.25;150.3;148.55;149.55;217170;32477016
URKA;D;20170426;000000;149.6;149.8;147.6;148.2;269930;40040051
URKA;D;20170427;000000;148.2;150;147.8;149.6;262410;39035578.5
URKA;D;20170428;000000;149.6;152;149.25;149.9;386260;58153064
URKA;D;20170502;000000;149.9;150.25;147.75;148;222650;33235360
URKA;D;20170503;000000;147.6;148.1;145.2;146;153580;22467226
URKA;D;20170504;000000;146;148.05;146;147.9;134090;19729628.5
URKA;D;20170505;000000;148.85;157.1;148.25;156.95;811830;124382030
URKA;D;20170510;000000;156.7;157.7;149.55;151;696530;106496863.5
URKA;D;20170511;000000;152.4;152.65;148.05;149;541360;81139906.5
URKA;D;20170512;000000;148.6;149.3;148.1;148.55;176290;26216963.5
URKA;D;20170515;000000;144.75;145.65;142;142.8;465750;66857138
URKA;D;20170516;000000;142.9;144.35;142.5;143.8;272280;39079664
URKA;D;20170517;000000;143.4;144.1;140.4;142.3;438590;62499068
URKA;D;20170518;000000;142.05;143.4;140.25;142.4;234440;33330867.5
URKA;D;20170519;000000;142.25;143.35;141.55;141.55;189180;26970680
URKA;D;20170522;000000;141.45;141.7;141;141.1;130880;18497422
URKA;D;20170523;000000;141.4;142.8;141.15;141.15;297620;42310718
URKA;D;20170524;000000;141.25;142.5;141.1;141.7;178420;25295081
URKA;D;20170525;000000;142.15;143;141;141.05;123310;17463302
URKA;D;20170526;000000;140.75;141.15;139.55;139.65;293810;41258386
URKA;D;20170529;000000;139.65;139.7;137.2;137.55;190190;26305881
URKA;D;20170530;000000;137.45;138.5;137.35;137.4;343690;47317871.5
URKA;D;20170531;000000;137.1;137.45;135;135.3;405570;55062517.5
URKA;D;20170601;000000;135.05;135.5;129.55;130.45;745090;97848980.5
URKA;D;20170602;000000;130.7;130.9;129.5;129.55;222680;28976512.5
URKA;D;20170605;000000;129.6;130.15;128.65;128.8;160030;20698087
URKA;D;20170606;000000;128.9;128.9;128.5;128.7;141490;18221558.5
URKA;D;20170607;000000;129.8;132.3;128.5;128.65;316310;41078571
URKA;D;20170608;000000;128.8;129.95;128.2;129.95;278930;35940019.5
URKA;D;20170609;000000;131.3;131.3;128.7;130;517010;66873549.5
URKA;D;20170613;000000;130.1;130.1;128.55;128.8;441450;57036497
URKA;D;20170614;000000;128.9;129.3;128;128;230850;29696700
URKA;D;20170615;000000;128;128.1;124.65;126.4;1011130;127834265
URKA;D;20170616;000000;126.5;127.3;126.45;127.3;154210;19570941
URKA;D;20170619;000000;127.35;127.65;126.9;127;96890;12329270
URKA;D;20170620;000000;127.1;127.55;125;125;234740;29636944
URKA;D;20170621;000000;125;125.4;122;122;352500;43646315.5
URKA;D;20170622;000000;122.9;125.5;121.85;123;269330;33207621
URKA;D;20170623;000000;123.5;129.85;123.5;128.3;544300;69742970
URKA;D;20170626;000000;129.95;129.95;124;124.05;288550;36347022
URKA;D;20170627;000000;125.15;126.6;124;126;172780;21733013.5
URKA;D;20170628;000000;125.9;126.05;124.8;125.05;188600;23644166.5
URKA;D;20170629;000000;125.15;125.45;124.45;125;243010;30386871
URKA;D;20170630;000000;125.05;126;124.45;124.45;213910;26745562.5
URKA;D;20170703;000000;125;125.6;124.5;125.25;140750;17589207
URKA;D;20170704;000000;125.25;125.25;124.75;125;173710;21707943
URKA;D;20170705;000000;125.1;125.45;124.9;124.9;146840;18365541
URKA;D;20170706;000000;124.95;125.2;124.95;125;109760;13724106.5
URKA;D;20170707;000000;125.05;125.45;124.95;125;207570;25962889
URKA;D;20170710;000000;124.9;125.3;124.65;125;353850;44204403.5
URKA;D;20170711;000000;125;128;124.85;127.7;290390;36687864
URKA;D;20170712;000000;127.8;129.65;127.8;128.85;224540;28945051
URKA;D;20170713;000000;128.85;131.8;128.85;131.8;397090;51982812.5
URKA;D;20170714;000000;131.95;133.7;130.55;132.2;169390;22464102
URKA;D;20170717;000000;132.55;133;127.95;131.5;211480;27757096
URKA;D;20170718;000000;130.95;132;129.4;131.35;146530;19189511.5
URKA;D;20170719;000000;130.85;133.4;130.25;131.5;200670;26559954
URKA;D;20170720;000000;132;132.75;131.55;131.55;188810;24953301.5
URKA;D;20170721;000000;131.55;132;131.2;131.45;140790;18530977.5
URKA;D;20170724;000000;131.6;131.7;130.7;131.5;179010;23512212.5
URKA;D;20170725;000000;131.45;131.5;128.85;129.55;270360;35123158
URKA;D;20170726;000000;129.6;130.1;128.6;128.85;162210;20956417.5
URKA;D;20170727;000000;128.85;130;128.7;129.9;125800;16316154
URKA;D;20170728;000000;130.05;130.4;129.4;129.95;140240;18220133
URKA;D;20170731;000000;130.1;130.8;129.65;130.4;192280;25023970.5
URKA;D;20170801;000000;130.8;131.2;130.35;131;124250;16248524.5
URKA;D;20170802;000000;131;132.45;130.9;131.8;189290;24941043.5
URKA;D;20170803;000000;131.95;131.95;130.5;130.8;101510;13322178
URKA;D;20170804;000000;130.8;131.4;130.65;131.3;60390;7911372.5
URKA;D;20170807;000000;131.5;133.5;131.15;131.2;101310;13371565
URKA;D;20170808;000000;131.3;131.85;130.95;131.6;115160;15105639.5
URKA;D;20170809;000000;131.65;131.9;130.05;130.85;96130;12591863.5
URKA;D;20170810;000000;130.85;131.45;130.65;131.1;163380;21411945.5
URKA;D;20170811;000000;131.1;131.95;130.15;131.5;65640;8581867.5
URKA;D;20170814;000000;131.4;132.85;131.3;132.8;165010;21798830.5
URKA;D;20170815;000000;132.7;135.9;132.7;135.85;451100;60824540
URKA;D;20170816;000000;136;137.5;135.3;135.3;255650;34955985
URKA;D;20170817;000000;135.4;137.55;133.65;136.85;196770;26875265.5
URKA;D;20170818;000000;137.4;140;135.1;138.6;225360;31045028
URKA;D;20170821;000000;138.7;144.25;138.7;143.45;483700;68671726.5
URKA;D;20170822;000000;143.9;147.85;143.3;145.5;452140;66187981
URKA;D;20170823;000000;145.55;146.25;140.05;140.15;533630;75978878
URKA;D;20170824;000000;141;145;138.5;144.75;395030;56382165
URKA;D;20170825;000000;144.15;147.05;142.25;144.9;261540;37883959
URKA;D;20170828;000000;144.1;145.4;140.7;141.15;252100;35901654.5
URKA;D;20170829;000000;140.35;144.8;140.1;140.25;181620;25604141
URKA;D;20170830;000000;142;142;138.45;140;307740;43066557
URKA;D;20170831;000000;140.55;141.35;136.4;136.4;329040;45630102.5
URKA;D;20170901;000000;136.75;140.05;135.1;138.45;435630;60107365.5
URKA;D;20170904;000000;139.2;140.3;137.2;137.55;252070;34998137.5
URKA;D;20170905;000000;137.7;138.25;136.15;136.7;248510;34057121.5
URKA;D;20170906;000000;136.7;138.35;135.55;137.4;218510;29941548
URKA;D;20170907;000000;138.05;138.85;136.05;137.5;272430;37377082.5
URKA;D;20170908;000000;136.65;138.5;136.15;137.7;199770;27541292.5
URKA;D;20170911;000000;138;141.9;138;141.15;355920;49806408.5
URKA;D;20170912;000000;141.5;143.6;140.5;141;415410;58841365.5
URKA;D;20170913;000000;141.9;144;138.6;139.25;372310;52748060.5
URKA;D;20170914;000000;139.8;144;138.1;144;381580;54108382
URKA;D;20170915;000000;143.95;148.7;141.75;145;859490;125038162.5
URKA;D;20170918;000000;145;146.6;143.05;144.1;229640;33160880.5
URKA;D;20170919;000000;144.5;144.95;141.75;141.9;231600;33326032.5
URKA;D;20170920;000000;142.95;144.8;139.05;143.95;530290;75643759.5
URKA;D;20170921;000000;143;146.5;143;144.5;374270;54226159
URKA;D;20170922;000000;144.05;146;144;145.85;130910;19002853
URKA;D;20170925;000000;146.25;147;144.35;145;158460;23081604
URKA;D;20170926;000000;144.95;145.55;142.25;144.45;179340;25799695.5
URKA;D;20170927;000000;144.5;145.25;142.2;142.2;294870;42413515
URKA;D;20170928;000000;143.25;144.45;142.55;144.3;144680;20818228.5
URKA;D;20170929;000000;144.3;144.6;137.05;137.5;896980;124848665
URKA;D;20171002;000000;137.7;138.5;135.3;137.4;238020;32633013
URKA;D;20171003;000000;137.85;137.9;136.1;136.4;130400;17844799.5
URKA;D;20171004;000000;136.95;137;135;135;142400;19338779.5
URKA;D;20171005;000000;135.95;136.9;134.05;136.5;212260;28826377
URKA;D;20171006;000000;136.75;137.95;136.5;137.1;226890;31098182
URKA;D;20171009;000000;137.6;137.95;137;137.05;50820;6979084
URKA;D;20171010;000000;137.25;137.5;135.85;136.9;203250;27766385.5
URKA;D;20171011;000000;137.3;137.3;135.15;135.5;157150;21370881.5
URKA;D;20171012;000000;136.65;137.4;135.5;137.4;82340;11215260.5
URKA;D;20171013;000000;136.5;137.75;136.05;136.5;108300;14798399.5
URKA;D;20171016;000000;136.75;136.75;134;135;263950;35710183.5
URKA;D;20171017;000000;135;135.05;134;134.2;116860;15711701.5
URKA;D;20171018;000000;134.85;134.95;133.5;134.5;242080;32456468
URKA;D;20171019;000000;133.15;134.5;132.25;132.45;174820;23266683
URKA;D;20171020;000000;133.35;133.35;131.25;131.45;107190;14154695
URKA;D;20171023;000000;131.2;132.15;130.3;130.6;184210;24148393
URKA;D;20171024;000000;130.6;132;130.05;132;130010;17015626
URKA;D;20171025;000000;132.45;132.9;130.35;130.35;144250;19017776.5
URKA;D;20171026;000000;130.75;135.3;129.4;132.65;368740;48696144.5
URKA;D;20171027;000000;133.3;133.3;129.05;131.25;492090;64191588.5
URKA;D;20171030;000000;131.25;132.6;130.25;130.6;84710;11117361
URKA;D;20171031;000000;131.7;131.85;130.25;130.3;85740;11227143
URKA;D;20171101;000000;130.95;132;130.05;130.65;82430;10821348.5
URKA;D;20171102;000000;130.7;130.95;128.5;129.25;115050;14914254.5
URKA;D;20171103;000000;130.3;130.3;129.05;129.65;69530;9020651.5
URKA;D;20171107;000000;128.75;129.1;126.15;128.3;482940;61631438.5
URKA;D;20171108;000000;128.15;132.25;127.2;129.5;1299170;169508442.5
URKA;D;20171109;000000;130.15;132;130;131;322590;42158421
URKA;D;20171110;000000;129.75;131.55;129.75;130.3;138330;18082009
URKA;D;20171113;000000;130.2;131;129.55;130.15;345440;44928864
URKA;D;20171114;000000;130.35;130.45;129.65;129.8;360990;46925340.5
URKA;D;20171115;000000;129.65;130;129.15;129.7;258830;33568159
URKA;D;20171116;000000;129.55;130;129.05;129.2;655970;84840339
URKA;D;20171117;000000;129;130.6;128.95;130.45;460210;59795559.5
URKA;D;20171120;000000;130.5;131;130.45;130.8;185380;24230974.5
URKA;D;20171121;000000;130.95;131.35;130.65;131;241400;31606192.5
URKA;D;20171122;000000;130.5;130.5;128;129.1;217000;28041335.5
URKA;D;20171123;000000;129.1;131.25;129.1;130;419330;54641317.5
URKA;D;20171124;000000;129.8;131;129.6;129.75;53860;6993916
URKA;D;20171127;000000;129.8;130.75;129.8;130;73900;9614559.5
URKA;D;20171128;000000;130.3;130.3;129.5;129.5;72040;9346594.5
URKA;D;20171129;000000;129.5;129.95;129.35;129.6;71580;9272955
URKA;D;20171130;000000;129.75;130;128.55;128.65;218740;28214135
URKA;D;20171201;000000;129.25;129.35;128.35;128.5;214650;27611225
URKA;D;20171204;000000;128.15;128.7;128.1;128.25;146380;18766860
URKA;D;20171205;000000;128.25;128.75;128.05;128.1;135270;17384139
URKA;D;20171206;000000;128;128.3;127.7;128.2;98480;12603599
URKA;D;20171207;000000;128.6;128.6;127.6;127.6;227110;29031660.5
URKA;D;20171208;000000;127.7;128.1;127.7;127.75;152760;19549271
URKA;D;20171211;000000;128;128.5;128;128;89180;11416057
URKA;D;20171212;000000;128;128.25;127.75;127.75;125930;16101892
URKA;D;20171213;000000;127.75;127.8;126.55;126.55;252380;32121755.5
URKA;D;20171214;000000;127.05;127.05;126.2;126.2;125870;15924673.5
URKA;D;20171215;000000;126.55;127.15;124.65;127.15;398880;50237392
URKA;D;20171218;000000;126.1;126.65;125.25;125.5;196470;24703906.5
URKA;D;20171219;000000;125.8;126;124.65;124.65;144610;18139172.5
URKA;D;20171220;000000;124.55;125.4;122.8;123;256740;31837708.5
URKA;D;20171221;000000;124;126;117.65;117.65;829230;100094041.5
URKA;D;20171222;000000;118.1;121.6;116.1;121.4;289440;34384864.5
URKA;D;20171225;000000;121;122.35;119.05;119.8;251020;30188508
URKA;D;20171226;000000;119.3;121.4;117.85;118.5;333150;39694171
URKA;D;20171227;000000;118;119.2;117.05;117.15;317770;37305357.5
URKA;D;20171228;000000;117.35;118.15;116.15;116.3;195990;22924810
URKA;D;20171229;000000;116.85;117.95;116.55;117.5;131800;15432465
URKA;D;20180103;000000;117.45;119.9;117.45;118.6;29520;3503998
URKA;D;20180104;000000;118.5;119.65;118.45;118.95;60060;7153882
URKA;D;20180105;000000;119.5;121.5;118.9;121;111590;13445628.5
URKA;D;20180109;000000;120.55;127.55;120.55;126.9;285800;35648364.5
URKA;D;20180110;000000;126.95;127.5;124.6;127.5;276090;34730974
URKA;D;20180111;000000;125.8;126.9;124.1;124.65;242790;30254242.5
URKA;D;20180112;000000;124.65;126.4;124.1;124.15;148250;18488824.5
URKA;D;20180115;000000;124.6;124.6;122.85;123.85;216940;26742436
URKA;D;20180116;000000;124.1;125.8;123.85;125.6;124870;15574523.5
URKA;D;20180117;000000;125.6;126.5;124.95;125.35;210610;26474159
URKA;D;20180118;000000;125.75;126.5;124;125;322740;40203438.5
URKA;D;20180119;000000;123.35;124.1;123.05;123.8;195700;24168266.5
URKA;D;20180122;000000;123.7;126.05;123.7;126;257750;32034804.5
URKA;D;20180123;000000;126.4;127.4;125.35;126.7;183670;23167215
URKA;D;20180124;000000;126.05;128.45;125.75;128.45;132220;16860116
URKA;D;20180125;000000;128.55;130.1;127.95;130;362780;46856655.5
URKA;D;20180126;000000;130;130;126.9;128;234970;30047237
URKA;D;20180129;000000;127.7;128.3;123.2;123.3;134670;16795120.5
URKA;D;20180130;000000;123.15;123.3;119.15;119.15;214430;25776108
URKA;D;20180131;000000;119.2;119.4;117.45;117.5;206930;24430003.5
URKA;D;20180201;000000;118.4;118.4;116.55;116.7;203680;23935842.5
URKA;D;20180202;000000;116.65;116.9;115.75;115.85;164620;19123964
URKA;D;20180205;000000;115.8;115.85;113.4;113.65;192330;22001829
URKA;D;20180206;000000;114.35;114.35;109;109.1;298700;32952691
URKA;D;20180207;000000;109.3;110.3;109;109.05;122760;13454532.5
URKA;D;20180208;000000;109.9;109.95;108.25;109.05;155050;16852881.5
URKA;D;20180209;000000;108.2;108.75;107.2;107.65;99870;10781894
URKA;D;20180212;000000;108.3;110.6;107.1;110.6;123900;13495523.5
URKA;D;20180213;000000;111.1;114.3;110.5;110.9;138470;15542842.5
URKA;D;20180214;000000;111;111.9;109.05;109.5;99500;10969170
URKA;D;20180215;000000;110.3;110.4;108.45;108.5;106670;11611803.5
URKA;D;20180216;000000;109.3;109.3;107.7;107.7;78270;8455063
URKA;D;20180219;000000;107.95;108.5;105.4;105.5;134810;14321784.5
URKA;D;20180220;000000;105.5;106.65;104.75;106.15;137570;14497975
URKA;D;20180221;000000;106.3;107.6;103.1;103.1;92150;9686897.5
URKA;D;20180222;000000;103.8;105.6;103.45;105.4;153790;16079064
URKA;D;20180226;000000;105.3;109.65;105.3;106.35;231930;24886929.5
URKA;D;20180227;000000;106.35;107;105;105;99050;10437967
URKA;D;20180228;000000;105;107.35;103;103.55;227870;23647546
URKA;D;20180301;000000;103.45;104.45;102.25;103.05;114390;11800096.5
URKA;D;20180302;000000;103;104.3;102.2;102.5;113560;11699760
URKA;D;20180305;000000;102.85;105.8;102.7;103.95;159760;16634182.5
URKA;D;20180306;000000;104.6;104.75;102.4;102.45;381250;39352968.5
URKA;D;20180307;000000;102.35;103.45;101.85;101.85;149070;15270803.5
URKA;D;20180309;000000;102.6;103.75;101.55;102.05;102300;10448090.5
URKA;D;20180312;000000;102;102.85;101.5;101.65;118640;12095018.5
URKA;D;20180313;000000;100.7;101.8;100.2;100.6;142830;14391006
URKA;D;20180314;000000;100.3;100.4;99;99;223030;22259153
URKA;D;20180315;000000;99.65;104.85;99.65;100;401410;41016307
URKA;D;20180316;000000;100.65;101.45;96.6;100;986910;97804483.5
URKA;D;20180319;000000;98.75;103.75;98.35;103;380800;38845017.5
URKA;D;20180320;000000;103;109.6;102.2;108.45;585240;62441599.5
URKA;D;20180321;000000;109.55;116.95;109.55;113.7;633610;71840871.5
URKA;D;20180322;000000;112.55;115.35;110;110;234840;26136430
URKA;D;20180323;000000;110;113.65;109;111.05;194020;21574557
URKA;D;20180326;000000;111.55;112.65;105;105.05;156780;16952270.5
URKA;D;20180327;000000;105.2;105.45;102.25;104;141670;14658391.5
URKA;D;20180328;000000;104.15;107.65;103.5;103.85;149970;15799551.5
URKA;D;20180329;000000;104.05;111.65;104.05;111.65;466910;51320626
URKA;D;20180330;000000;111.65;115.4;109.5;113.25;312750;35403320.5
URKA;D;20180402;000000;113;115.2;111.2;111.6;272380;30727335.5
URKA;D;20180403;000000;111.6;114;111.05;111.35;110850;12507582.5
URKA;D;20180404;000000;110.55;114.4;110.55;112.05;87180;9841181.5
URKA;D;20180405;000000;112.95;115.4;111.5;115.4;471160;53677906
URKA;D;20180406;000000;114.5;118.9;113.8;117.5;397420;46575263.5
URKA;D;20180409;000000;116.8;118.7;107.45;113.1;338180;38530562
URKA;D;20180410;000000;113.9;118;111.6;115.05;95070;10901510
URKA;D;20180411;000000;119;119;112.05;112.45;111080;12687360
URKA;D;20180412;000000;114.1;121.3;112.95;119;505940;60227756.5
URKA;D;20180413;000000;118;124.4;117.75;121.9;376340;45723902
URKA;D;20180416;000000;121.1;124.6;121.1;122;102290;12599283
URKA;D;20180417;000000;123.15;124;115.05;115.6;258620;30722977
URKA;D;20180418;000000;118.2;118.2;109;113.05;478120;54174309
URKA;D;20180419;000000;113.75;114.9;111.6;111.65;162290;18266208.5
URKA;D;20180420;000000;112.45;113.95;111.35;111.6;127560;14331260
URKA;D;20180423;000000;112.35;112.9;111.6;111.85;61160;6861812.5
URKA;D;20180424;000000;111.95;113.1;111.6;112;115020;12905424.5
URKA;D;20180425;000000;112.05;113;111.5;112;115550;12947989
URKA;D;20180426;000000;112.15;112.45;110.6;111.7;84770;9471877
URKA;D;20180427;000000;111.5;112.2;110.5;111.1;72570;8085623
URKA;D;20180428;000000;111.15;112;111;111.75;25210;2809181
URKA;D;20180430;000000;111.25;112;110.8;112;78890;8810349
URKA;D;20180502;000000;111.05;112.95;111;111.05;51310;5750348.5
URKA;D;20180503;000000;111.1;111.95;110.5;110.5;97170;10805519.5
URKA;D;20180504;000000;110.45;111.4;110.2;110.65;48260;5351587
URKA;D;20180507;000000;111.15;111.5;110.1;110.1;38760;4286773
URKA;D;20180508;000000;110.4;110.6;108.15;108.55;106990;11706520
URKA;D;20180510;000000;110;110;106.1;106.6;239290;25663195.5
URKA;D;20180511;000000;107;107.6;105.25;106.05;108960;11574249
URKA;D;20180514;000000;106.5;107.55;105.5;106.9;52470;5611874
URKA;D;20180515;000000;106.95;107.45;106.5;106.75;23760;2542411.5
URKA;D;20180516;000000;107.1;107.4;105.55;106.35;58650;6235392.5
URKA;D;20180517;000000;106.1;106.7;105.5;106;54370;5757456.5
URKA;D;20180518;000000;105.65;106.1;103.5;104.1;68160;7151361
URKA;D;20180521;000000;104.05;107.45;103.1;106.8;108770;11536481.5
URKA;D;20180522;000000;107;108.95;105.65;106.05;130080;13938037.5
URKA;D;20180523;000000;106.75;108.75;105.85;106.8;82580;8860662
URKA;D;20180524;000000;106.55;107.5;106.25;106.5;23660;2530268.5
URKA;D;20180525;000000;106.45;107.9;105.15;105.3;80160;8520514.5
URKA;D;20180528;000000;105.45;106.8;104;105;43310;4551702.5
URKA;D;20180529;000000;104.7;105.8;104.15;104.55;56330;5912056
URKA;D;20180530;000000;104.9;108;104.3;107.95;107920;11483250
URKA;D;20180531;000000;107.95;108.45;103.7;103.7;157920;16694059
URKA;D;20180601;000000;103.75;105.3;103.75;104.65;35640;3734413
URKA;D;20180604;000000;105;105.3;103.35;104.2;119580;12463844
URKA;D;20180605;000000;104.3;104.75;104;104.25;26440;2758275.5
URKA;D;20180606;000000;104.85;104.95;103.65;104.95;53470;5578000.5
URKA;D;20180607;000000;104.7;105;103.8;103.8;117950;12261568
URKA;D;20180608;000000;103.55;104.5;103.5;104.35;75170;7804335
URKA;D;20180609;000000;104.7;105.05;103.85;104.3;12390;1294737.5
URKA;D;20180611;000000;104.25;104.85;103.1;103.15;32980;3416137
URKA;D;20180613;000000;103.25;103.45;102.6;102.85;24940;2568041
URKA;D;20180614;000000;102.8;103.1;102.05;102.2;39920;4084378
URKA;D;20180615;000000;102.4;107;102.3;107;300720;31895497
URKA;D;20180618;000000;106.8;106.8;103.35;105.5;44380;4667970
URKA;D;20180619;000000;105;105.5;103.45;104.4;116870;12223271.5
URKA;D;20180620;000000;104.35;106;103.1;103.1;88510;9249367
URKA;D;20180621;000000;103.7;103.9;102.55;103.3;34010;3507029.5
URKA;D;20180622;000000;103.05;103.8;102.55;102.55;49980;5143007.5
URKA;D;20180625;000000;102.65;102.9;102.1;102.5;22270;2282690
URKA;D;20180626;000000;102.8;103.9;102.15;103.9;50170;5177674.5
URKA;D;20180627;000000;103.8;104.9;103.5;103.7;68870;7181569
URKA;D;20180628;000000;103.9;104.8;103.15;103.15;25290;2625775
URKA;D;20180629;000000;103.15;104.15;103.15;104.05;29680;3077289
URKA;D;20180702;000000;104.35;104.4;102.6;102.95;41380;4275813.5
URKA;D;20180703;000000;103.6;103.85;102;102;32980;3382634
URKA;D;20180704;000000;102.8;102.85;101.15;101.35;62180;6318566
URKA;D;20180705;000000;101.5;101.95;101.2;101.7;51610;5238455.5
URKA;D;20180706;000000;101.5;102;101.35;101.45;25650;2606983.5
URKA;D;20180709;000000;102.15;103.1;101.2;101.35;38600;3928774
URKA;D;20180710;000000;102.1;102.15;101.5;101.75;21100;2149069
URKA;D;20180711;000000;101.4;101.95;101;101.1;34370;3481496
URKA;D;20180712;000000;100.5;102.9;100.2;100.2;73040;7390104.5
URKA;D;20180713;000000;100.4;103.4;100.4;102.65;70680;7226328
URKA;D;20180716;000000;102.75;103.9;102.1;102.85;91570;9450723
URKA;D;20180717;000000;103.15;103.2;101.55;102.85;60670;6229001
URKA;D;20180718;000000;103.15;104.65;100.4;104.45;319890;32594067
URKA;D;20180719;000000;104.25;104.85;101.35;102;83190;8586410.5
URKA;D;20180720;000000;102;102.75;101.3;101.9;33770;3438842.5
URKA;D;20180723;000000;101.35;103;101.1;103;45870;4684785.5
URKA;D;20180724;000000;102.45;102.45;101;101.9;82910;8430416
URKA;D;20180725;000000;101;102.5;100.9;101.25;29660;3012196.5
URKA;D;20180726;000000;101.7;102.25;100.9;101.9;27720;2811686
URKA;D;20180727;000000;101.55;102;100.9;101;24770;2508842.5
URKA;D;20180730;000000;101.15;101.6;100.85;101.05;27280;2759937
URKA;D;20180731;000000;101.4;101.55;100.5;100.55;46740;4708535.5
URKA;D;20180801;000000;100.8;101.15;100.55;100.55;14610;1473619
URKA;D;20180802;000000;100.75;101.2;100.3;100.3;22120;2220976
URKA;D;20180803;000000;100.3;101.1;99.15;99.5;139100;13899517
URKA;D;20180806;000000;99.65;100.6;99.4;99.4;24620;2459126
URKA;D;20180807;000000;99.85;101;98.8;98.8;66650;6623850
URKA;D;20180808;000000;99;99.5;93.05;94.45;173150;16636935
URKA;D;20180809;000000;93.25;95.75;91.05;93.9;221800;20561833
URKA;D;20180810;000000;93.15;94.25;91.75;91.75;79020;7327876.5
URKA;D;20180813;000000;91.6;91.6;90.25;90.5;81550;7390633
URKA;D;20180814;000000;90.65;92.7;90.3;90.35;32980;2998769.5
URKA;D;20180815;000000;90.3;91.1;89.3;89.5;46470;4182910
URKA;D;20180816;000000;90.2;90.8;87.8;88;98020;8677965
URKA;D;20180817;000000;88.35;88.95;83.55;84.9;181910;15704288
URKA;D;20180820;000000;86.55;86.9;84.55;85;158390;13519073
URKA;D;20180821;000000;85.3;87.85;84.2;87.8;171710;14712845
URKA;D;20180822;000000;87.35;88.1;84.9;87.05;48740;4231899
URKA;D;20180823;000000;86.25;87.6;85;85.5;64550;5550639.5
URKA;D;20180824;000000;85.55;85.75;83.65;84.1;50070;4219682.5
URKA;D;20180827;000000;87;87;81.25;81.25;211150;17469479.5
URKA;D;20180828;000000;82.1;83.95;82;82;142790;11830634.5
URKA;D;20180829;000000;82.4;83.5;82.15;82.45;58940;4877260
URKA;D;20180830;000000;83.1;83.1;81.3;81.3;66790;5470677.5
URKA;D;20180831;000000;81.5;81.8;80.15;80.85;176330;14264198.5
URKA;D;20180903;000000;80.85;80.95;80;80.5;48370;3887733
URKA;D;20180904;000000;80.05;81.05;80.05;81.05;50970;4112369
URKA;D;20180905;000000;81.1;82.5;80.7;80.8;66670;5455938
URKA;D;20180906;000000;81.15;82;80.05;80.05;36480;2940676.5
URKA;D;20180907;000000;80.25;80.55;79.55;79.9;31810;2546108
URKA;D;20180910;000000;79.95;80.7;79.5;79.95;30440;2429059
URKA;D;20180911;000000;80.35;80.4;78.5;79.3;41130;3262735
URKA;D;20180912;000000;79.15;80.15;78.65;79.65;122570;9742127
URKA;D;20180913;000000;79.8;80.95;79.1;79.1;88310;7064836.5
URKA;D;20180914;000000;79.2;79.5;78.55;78.95;60230;4757479
URKA;D;20180917;000000;78.85;90.15;78.85;85.35;600470;51429978
URKA;D;20180918;000000;85.1;90;85.1;88;369950;32759824
URKA;D;20180919;000000;87.5;97.5;87.5;95.4;912960;86200319
URKA;D;20180920;000000;95.45;99.4;89.2;89.3;970300;91689155
URKA;D;20180921;000000;89.3;94.5;84;84;1550060;135793141.5
URKA;D;20180924;000000;84.95;88.25;84.95;87;722850;62748334
URKA;D;20180925;000000;88.8;88.9;84.8;85;409070;35345402.5
URKA;D;20180926;000000;85.95;86.05;82.5;82.8;285430;23946587
URKA;D;20180927;000000;83.4;84.8;82.1;83.3;232360;19293464.5
URKA;D;20180928;000000;83.35;83.8;82.05;83;71840;5948128
URKA;D;20181001;000000;82.8;83.95;82.8;83.75;135330;11285892
URKA;D;20181002;000000;83.85;83.85;82.6;82.65;73880;6136850
URKA;D;20181003;000000;82.75;84.2;82.25;82.85;264420;21981893.5
URKA;D;20181004;000000;83.45;83.7;81.5;81.5;141650;11692914.5
URKA;D;20181005;000000;82.5;82.5;81.5;81.6;73760;6038337.5
URKA;D;20181008;000000;82;82;80.55;81;80200;6503623
URKA;D;20181009;000000;81.1;81.6;80.55;80.6;56010;4527818
URKA;D;20181010;000000;81;81;80;80.1;138440;11136972
URKA;D;20181011;000000;79.95;85.9;78.95;85.9;799420;67153329
URKA;D;20181012;000000;85.55;89.95;83.65;86.45;500380;42892926.5
URKA;D;20181015;000000;85.65;86.4;83.75;83.75;306550;26011624
URKA;D;20181016;000000;84.85;84.85;82.5;83.25;496240;41369738
URKA;D;20181017;000000;83.35;84.8;82.85;84.35;283240;23737744
URKA;D;20181018;000000;84.55;87.45;84.55;87;423790;36764876
URKA;D;20181019;000000;87.2;88.85;85.15;85.25;663680;58069481
URKA;D;20181022;000000;85.05;87.75;84.4;85.5;572070;49674321
URKA;D;20181023;000000;85.2;85.3;84.35;85;137070;11619561
URKA;D;20181024;000000;85;87;84.15;84.15;126830;10834091.5
URKA;D;20181025;000000;84.6;85.3;83.15;84.3;155230;13121781.5
URKA;D;20181026;000000;83.9;85.35;83.9;84;90110;7621912.5
URKA;D;20181029;000000;83.8;84;83.15;84;79220;6629146.5
URKA;D;20181030;000000;84.75;84.8;83.3;83.95;39450;3313322
URKA;D;20181031;000000;83.35;84.7;83.35;84.3;29810;2512406.5
URKA;D;20181101;000000;84.5;85.5;84.44;84.7;76370;6483958
URKA;D;20181102;000000;85.2;85.46;84.14;84.22;39570;3349346.8
URKA;D;20181106;000000;85;85.1;83.04;83.12;117220;9804187.4
URKA;D;20181107;000000;83.14;84;83.14;83.76;25190;2108877.2
URKA;D;20181108;000000;83.76;84.22;83;83;66720;5562775.2
URKA;D;20181109;000000;83.1;83.8;82.06;82.28;72070;5957328.2
URKA;D;20181112;000000;82.28;82.88;82.06;82.22;47200;3892587.8
URKA;D;20181113;000000;82.8;83.06;81.7;81.82;53100;4367723.4
URKA;D;20181114;000000;84.48;85.54;83.64;85.2;344810;29236206
URKA;D;20181115;000000;85.06;88.6;83.7;85.06;426570;36496244
URKA;D;20181116;000000;85.06;87;84.2;84.2;296110;25348594.6
URKA;D;20181119;000000;84.8;84.86;84.2;84.6;1055240;89182916.2
URKA;D;20181120;000000;84.98;84.98;84.5;84.66;119200;10093416.8
URKA;D;20181121;000000;84.8;85;84.48;84.48;83990;7110786
URKA;D;20181122;000000;84.56;84.96;84.5;84.72;224200;19007194
URKA;D;20181123;000000;84.68;85;84.68;84.9;111060;9431472.2
URKA;D;20181126;000000;84.36;85;84.34;85;201680;17103505.4
URKA;D;20181127;000000;84.98;85.8;84.7;84.8;266060;22582081.8
URKA;D;20181128;000000;84.58;85.3;84.58;84.82;189290;16069635
URKA;D;20181129;000000;85.16;85.48;84.78;84.92;65390;5556669.2
URKA;D;20181130;000000;84.6;84.96;83.58;84;114710;9663837.8
URKA;D;20181203;000000;84;85.36;83.86;85.36;82100;6943140.4
URKA;D;20181204;000000;83.9;87.92;83.9;86.92;328510;28395579.4
URKA;D;20181205;000000;85.64;87.22;84.6;84.7;70960;6076585.8
URKA;D;20181206;000000;84.6;87.3;84.56;86.7;159810;13761030
URKA;D;20181207;000000;86.7;87.78;85.64;85.64;217770;18885468.8
URKA;D;20181210;000000;85.06;85.9;84.72;85.08;60340;5139436
URKA;D;20181211;000000;85.56;85.6;84.52;84.86;90430;7687103.4
URKA;D;20181212;000000;85;85.86;84.52;84.8;22230;1886913.8
URKA;D;20181213;000000;85.14;85.48;84.62;84.62;22780;1934938.8
URKA;D;20181214;000000;85.16;85.16;84.7;85.04;42860;3642059
URKA;D;20181217;000000;85.16;85.54;84.6;85;28230;2404231
URKA;D;20181218;000000;85.1;85.18;83.76;84.44;99870;8427394.8
URKA;D;20181219;000000;84.84;84.84;83.26;83.26;67830;5677973.8
URKA;D;20181220;000000;83.32;83.86;82.5;83.02;72950;6063811.4
URKA;D;20181221;000000;83;83.46;82.3;82.5;55590;4591316.8
URKA;D;20181224;000000;82.3;82.3;80.22;81.64;77840;6343261.2
URKA;D;20181225;000000;81.7;83.5;80;80.72;137330;11079027.4
URKA;D;20181226;000000;80.82;81.5;80.5;80.72;49780;4031521.6
URKA;D;20181227;000000;81.5;82.82;80.62;81.64;66150;5418733.8
URKA;D;20181228;000000;81.8;83.1;81.62;82.4;67170;5526650.8
URKA;D;20181229;000000;82.52;84.98;82.42;84.46;48890;4097723.6
URKA;D;20190103;000000;85;85.38;84.5;85.38;37040;3146410.2
URKA;D;20190104;000000;85.06;85.3;84.5;85.2;16110;1367964
URKA;D;20190108;000000;84.86;86;84.38;85.56;52460;4479843.8
URKA;D;20190109;000000;86.18;86.2;85.04;85.66;41120;3524598
URKA;D;20190110;000000;85.7;86.08;85.12;85.5;140300;11998484.6
URKA;D;20190111;000000;85.92;85.92;84.54;85.5;72510;6203008.8
URKA;D;20190114;000000;85.84;85.98;85.5;85.7;170140;14573023.4
URKA;D;20190115;000000;85.94;86.2;85.62;85.86;53260;4575785
URKA;D;20190116;000000;85.7;86;85.1;85.6;33610;2876038.2
URKA;D;20190117;000000;85.94;85.94;83;85.54;54290;4618871.4
URKA;D;20190118;000000;85.16;85.96;85.16;85.6;90700;7750750.6
URKA;D;20190121;000000;85.98;86.4;85.5;86.04;80570;6933804
URKA;D;20190122;000000;85.4;86.2;85;86.02;74370;6382618.6
URKA;D;20190123;000000;85.94;86.34;85.84;86.1;61950;5337226.6
URKA;D;20190124;000000;86.2;86.4;85.8;86.3;76070;6561837.4
URKA;D;20190125;000000;85.72;86.4;85.5;86.3;67370;5797198.6
URKA;D;20190128;000000;85.48;86.48;85.48;86;107940;9294544.4
URKA;D;20190129;000000;85.3;86.3;85.3;86.3;66140;5688782.8
URKA;D;20190130;000000;86.34;86.42;85.84;86.42;35640;3070254.4
URKA;D;20190131;000000;86.32;87.9;86.32;87.62;107870;9385506.4
URKA;D;20190201;000000;87.3;87.7;86.7;86.9;96820;8434631.2
URKA;D;20190204;000000;86.92;87.3;86.1;87.24;111720;9695294.6
URKA;D;20190205;000000;86.94;87.68;86.66;87.5;68270;5967891.6
URKA;D;20190206;000000;86.98;87.8;86.98;87.78;30820;2700091.8
URKA;D;20190207;000000;87.8;87.88;86.54;87.1;410870;35943263.2
URKA;D;20190208;000000;86.9;87.6;84;86.98;128570;11086969
URKA;D;20190211;000000;86.22;86.98;85.62;86.66;42240;3658150.6
URKA;D;20190212;000000;86.74;87;86.12;87;26010;2249144
URKA;D;20190213;000000;86.4;86.58;85.66;85.7;67240;5786672.6
URKA;D;20190214;000000;85.8;85.82;84.6;84.9;98540;8384359.2
URKA;D;20190215;000000;84.44;85.74;84.04;85.52;48700;4139002.8
URKA;D;20190218;000000;86;86.46;85.14;85.24;32540;2786037.4
URKA;D;20190219;000000;85.66;85.66;84.36;84.5;44410;3764908.6
URKA;D;20190220;000000;84.04;85.34;83.5;84.02;78230;6595116.8
URKA;D;20190221;000000;84.02;84.34;81.62;81.62;348680;28763653.6
URKA;D;20190222;000000;81.64;82.9;81.36;81.52;153720;12602509
URKA;D;20190225;000000;83;85.48;82.6;85.02;420170;35576360.4
URKA;D;20190226;000000;85;86.42;84.52;85.26;167750;14333263.6
URKA;D;20190227;000000;85.1;85.5;85.04;85.22;49700;4233517.2
URKA;D;20190228;000000;85.82;85.96;85.1;85.54;55060;4704153.6
URKA;D;20190301;000000;85.96;85.96;85.34;85.34;81790;6994203.4
URKA;D;20190304;000000;85.12;85.68;85.12;85.42;35560;3038217
URKA;D;20190305;000000;85.22;98.9;85.22;85.7;155550;13463154.2
URKA;D;20190306;000000;85.7;86.18;85.34;85.46;85530;7316446
URKA;D;20190307;000000;85.28;85.8;84.12;84.64;286300;24278104.2
URKA;D;20190311;000000;84.64;85.9;84.52;84.94;115630;9828670.6
URKA;D;20190312;000000;84.8;85.48;84.72;85;66990;5692459.4
URKA;D;20190313;000000;84.68;85.24;84.68;85;59250;5035316.4
URKA;D;20190314;000000;84.86;85.16;84.58;85.1;39950;3395575.2
URKA;D;20190315;000000;85;85.3;82.5;82.5;5714580;474222843.4
URKA;D;20190318;000000;83.7;85.76;83.3;85.08;346590;29328895.4
URKA;D;20190319;000000;84.92;85.68;84.92;85.62;225740;19274385.2
URKA;D;20190320;000000;85.64;86.86;85.38;86.2;200490;17274540.4
URKA;D;20190321;000000;85.92;87.3;85.92;87.22;99660;8665713.2
URKA;D;20190322;000000;87.3;87.54;86.74;87.2;160840;14031266.6
URKA;D;20190325;000000;87.48;87.48;86.5;87.18;84870;7379075
URKA;D;20190326;000000;87.06;88.06;86.64;87.46;61720;5399335.8
URKA;D;20190327;000000;87.12;88.5;87;88.5;115580;10161903.8
URKA;D;20190328;000000;88.16;88.16;85;87.2;215950;18826972.8
URKA;D;20190329;000000;87.2;87.86;86.16;87.3;37260;3255188
URKA;D;20190401;000000;87.16;88.44;87.08;88.4;101290;8916421.6
URKA;D;20190402;000000;88.46;89.9;86.9;86.9;414090;36545007.8
URKA;D;20190403;000000;87.48;87.92;86.88;87.1;2032360;177452146.6
URKA;D;20190404;000000;86.78;87.42;86.78;87.22;209460;18262727
URKA;D;20190405;000000;87.02;87.28;87;87;391590;34107673.6
URKA;D;20190408;000000;86.96;87.68;86.96;87.42;146260;12766446.2
URKA;D;20190409;000000;87.46;87.98;87.02;87.5;88540;7746250.6
URKA;D;20190410;000000;87.4;87.9;87.12;87.14;127060;11073904.8
URKA;D;20190411;000000;87.1;87.3;87.1;87.2;80950;7054819.8
URKA;D;20190412;000000;87.12;88;87.12;87.2;110410;9640237
URKA;D;20190415;000000;87.78;87.82;87.26;87.36;105470;9222125.8
URKA;D;20190416;000000;87.36;88.1;87.36;87.36;682700;60032911
URKA;D;20190417;000000;87.38;87.7;87.38;87.5;69170;6051687.4
URKA;D;20190418;000000;87.62;88.04;87.46;87.54;65810;5767100
URKA;D;20190419;000000;87.94;88.36;87.5;88.06;29260;2576123
URKA;D;20190422;000000;88.1;88.88;88.1;88.5;29880;2648356.2
URKA;D;20190423;000000;88.24;88.42;88;88.42;79900;7035175.4
URKA;D;20190424;000000;88.06;88.72;87.78;88.5;119260;10553932
URKA;D;20190425;000000;88.22;88.86;88.22;88.86;31660;2801549.8
URKA;D;20190426;000000;88.28;88.82;87.48;88.54;95260;8419407.8
URKA;D;20190429;000000;88.76;88.76;88;88;75600;6657088.6
URKA;D;20190430;000000;88.7;88.7;87.7;87.9;18680;1641478.6
URKA;D;20190502;000000;87.64;88.18;87.56;88.14;8640;758226
URKA;D;20190503;000000;88.32;88.42;87.68;88.42;18710;1646596.2
URKA;D;20190506;000000;87.5;88.8;87.5;87.74;44570;3937462
URKA;D;20190507;000000;88.02;89.16;87.78;87.78;108880;9652574.4
URKA;D;20190508;000000;88.06;88.48;87.8;87.86;39060;3434392.2
URKA;D;20190510;000000;87.96;88.2;87.86;87.86;49070;4314216.4
URKA;D;20190513;000000;87.98;88.08;86.6;87.84;199910;17580154.6
URKA;D;20190514;000000;87.24;88.38;87.24;88.22;60290;5312035
URKA;D;20190515;000000;87.76;89;87.72;88.26;74700;6592913.2
URKA;D;20190516;000000;88.2;88.86;88.12;88.24;84030;7419504.8
URKA;D;20190517;000000;88.7;88.88;88;88.3;23620;2088102.6
URKA;D;20190520;000000;88.4;88.76;88.24;88.4;45560;4024981.8
URKA;D;20190521;000000;88.54;88.54;88.26;88.44;65740;5806254.8
URKA;D;20190522;000000;88.6;88.6;88.28;88.32;69360;6131286
URKA;D;20190523;000000;88.36;88.48;88.24;88.42;22720;2006369.2
URKA;D;20190524;000000;88.5;88.7;88.32;88.5;30700;2714405.8
URKA;D;20190527;000000;88.58;88.6;87.84;88.5;35070;3099067.2
URKA;D;20190528;000000;88.54;88.6;88.36;88.4;40390;3573166.6
URKA;D;20190529;000000;88.12;88.7;88.12;88.52;125320;11098364.4
URKA;D;20190530;000000;88.28;88.8;88.26;88.32;94100;8320481.6
URKA;D;20190531;000000;88.24;88.94;87.72;87.72;83970;7405600
URKA;D;20190603;000000;87.94;88.2;87.34;88.02;42130;3701932.8
URKA;D;20190604;000000;87.7;89.08;87.7;88.88;38780;3436684
URKA;D;20190605;000000;88.88;88.88;88.24;88.32;17330;1532517.8
URKA;D;20190606;000000;88.48;88.86;88.1;88.16;26700;2360063.6
URKA;D;20190607;000000;88.16;88.72;88;88.24;8280;731445
URKA;D;20190610;000000;89.24;89.24;88.08;88.3;27540;2438608.8
URKA;D;20190611;000000;87.74;88.78;87.72;88.12;27240;2406134.4
URKA;D;20190613;000000;88;88.5;87.38;88.12;37280;3281781.8
URKA;D;20190614;000000;87.74;88.36;87.5;87.64;24180;2121798.2
URKA;D;20190617;000000;87.54;87.96;87.02;87.46;24950;2178412.2
URKA;D;20190618;000000;87.56;87.84;87.38;87.52;17680;1548280.6
URKA;D;20190619;000000;87.34;87.84;87.34;87.36;41120;3596590.2
URKA;D;20190620;000000;87.76;88.2;87.34;87.92;54720;4813814.6
URKA;D;20190621;000000;87.98;88.6;87.7;88.38;42090;3713754.2
URKA;D;20190624;000000;88.48;88.6;87.8;88.2;21260;1872517.2
URKA;D;20190625;000000;88.02;88.18;87.8;87.84;48260;4242392.2
URKA;D;20190626;000000;87.84;87.9;87.4;87.9;18670;1637725.2
URKA;D;20190627;000000;87.62;88.1;87.6;87.92;9320;819134.2
URKA;D;20190628;000000;87.98;88;87.32;87.76;35050;3070540.6
URKA;D;20190701;000000;87.64;87.94;87.24;87.62;47760;4186785.4
URKA;D;20190702;000000;87.8;87.8;87.16;87.44;36980;3232735.4
URKA;D;20190703;000000;87.66;87.8;87.5;87.7;31410;2752125.6
URKA;D;20190704;000000;87.62;88.1;87.5;88.08;27850;2444331.4
URKA;D;20190705;000000;88;88.16;87.6;88;69890;6147375.2
URKA;D;20190708;000000;88.24;88.34;87.7;88.28;38620;3406103.4
URKA;D;20190709;000000;88.26;88.38;87.64;87.82;53570;4711706.2
URKA;D;20190710;000000;87.7;88.3;87.7;88.08;24220;2133309
URKA;D;20190711;000000;88.06;88.16;87.72;87.8;27630;2428852.2
URKA;D;20190712;000000;87.72;88.02;87.6;87.76;52140;4573835.8
URKA;D;20190715;000000;87.5;87.9;87.2;87.72;48530;4244267.2
URKA;D;20190716;000000;88.12;88.38;87.5;87.76;20880;1835237
URKA;D;20190717;000000;88;88.4;87.6;87.8;24120;2122653.6
URKA;D;20190718;000000;87.64;88.28;87.2;88.06;126230;11094897.4
URKA;D;20190719;000000;88.1;93;88;92;436570;39799935.2
URKA;D;20190722;000000;91.96;116.1;90.64;112.9;2562840;273411119.6
URKA;D;20190723;000000;112.9;120;103.02;109;3925730;435219301.6
URKA;D;20190724;000000;111.74;111.74;101.14;101.72;933600;98333617.2
URKA;D;20190725;000000;101.24;101.7;96.12;99.98;985150;97500491.4
URKA;D;20190726;000000;99.5;102.7;97.62;98.9;395420;39766694.6
URKA;D;20190729;000000;97.68;104.9;97.02;104.7;797170;82122284.6
URKA;D;20190730;000000;105.28;108;100;103.12;464870;48922739.4
URKA;D;20190731;000000;104.14;105.4;101.04;102.4;345690;35590377.8
URKA;D;20190801;000000;101.46;103.94;101.46;103.1;107850;11121459.4
URKA;D;20190802;000000;103;103.88;102;102.88;63290;6496737.4
URKA;D;20190805;000000;102.26;102.82;100.3;100.4;104160;10501689.4
URKA;D;20190806;000000;110.44;119.26;110.44;117.54;1719380;201717965.4
URKA;D;20190807;000000;117.66;117.96;117.54;117.72;337440;39709052.8
URKA;D;20190808;000000;117.64;118;117.64;117.72;468460;55147158.4
URKA;D;20190809;000000;117.22;118;117.22;117.86;83250;9811986
URKA;D;20190812;000000;117.5;118;117.42;117.92;73340;8644353
URKA;D;20190813;000000;117.98;118.5;117.72;117.94;84390;9960728.6
URKA;D;20190814;000000;117.96;118.24;117.92;118.02;61560;7265452.8
URKA;D;20190815;000000;118.2;118.2;117.86;118.02;104340;12313018.4
URKA;D;20190816;000000;118.06;118.1;118;118.06;50980;6017687.2
URKA;D;20190819;000000;118.06;118.2;118.02;118.12;57360;6771595.8
URKA;D;20190820;000000;118.18;118.34;118.04;118.22;64620;7634790.4
URKA;D;20190821;000000;118.18;118.24;118.04;118.16;31160;3681218
URKA;D;20190822;000000;118.22;118.36;118.06;118.3;35270;4169613.8
URKA;D;20190823;000000;118.2;118.34;118.16;118.34;46370;5482929.4
URKA;D;20190826;000000;118.32;118.38;118.2;118.28;54240;6416283.4
URKA;D;20190827;000000;118.46;118.9;118.26;118.74;220190;26117945.8
URKA;D;20190828;000000;118.7;118.8;118.44;118.66;151990;18012134.6
URKA;D;20190829;000000;118.68;118.78;118.26;118.76;126740;15048536.8
URKA;D;20190830;000000;118.88;118.92;118.66;118.82;16970;2015919.8
URKA;D;20190902;000000;118.96;118.96;118.66;118.8;56980;6762795.8
URKA;D;20190903;000000;118.98;118.98;118.68;118.8;50890;6042345.2
URKA;D;20190904;000000;118.76;119.08;118.74;118.74;82020;9753570.6
URKA;D;20190905;000000;118.98;119.04;118.7;118.72;64690;7683938.4
URKA;D;20190906;000000;118.54;118.88;118.54;118.74;25470;3024681.2
URKA;D;20190909;000000;118.84;119.12;118.16;119;161200;19179555.8
URKA;D;20190910;000000;119;119.1;118.92;118.96;112030;13341139.2
URKA;D;20190911;000000;118.9;119.02;118.76;118.96;60610;7209711.6
URKA;D;20190912;000000;119.3;119.3;118.92;119;28280;3365123.2
URKA;D;20190913;000000;119.32;119.32;118.1;118.96;43740;5205836.2
URKA;D;20190916;000000;118.9;119.2;118.9;119.06;122540;14585318.4
URKA;D;20190917;000000;119.1;119.14;118.94;119.04;121230;14431735.6
