<TICKER>;<PER>;<DATE>;<TIME>;<OPEN>;<HIGH>;<LOW>;<CLOSE>;<AMOUNT>;<VOLUME>
UWGN;D;20150430;000000;715;725;701;710;86237;60863565.7
UWGN;D;20150505;000000;740;740;709;734.9;156;115167.8
UWGN;D;20150506;000000;715;717;711.2;711.3;149;106548.2
UWGN;D;20150507;000000;712.2;714.9;705;714.8;276;195342.3
UWGN;D;20150508;000000;720;720;714.9;714.9;10;7186.4
UWGN;D;20150512;000000;706.6;729.9;700.5;712.6;53;37470.1
UWGN;D;20150513;000000;712.6;712.6;675;704.1;956;670328.1
UWGN;D;20150514;000000;703;707.9;703;703;321;225667.9
UWGN;D;20150515;000000;702.3;707.7;685;706.9;13;9105.4
UWGN;D;20150518;000000;702.3;715;700.2;715;9409;6682547.9
UWGN;D;20150519;000000;705;705;700.8;700.8;116;81725.1
UWGN;D;20150520;000000;705.1;712.5;702.4;702.4;10924;7767759.7
UWGN;D;20150521;000000;709.8;735;700.1;721;24091;17239406.5
UWGN;D;20150522;000000;705;727;705;727;4505;3263047
UWGN;D;20150525;000000;727;850;720;739.9;714901;514764532.5
UWGN;D;20150526;000000;740;750;720;729;495;365209.3
UWGN;D;20150527;000000;729;850;720;777.7;716012;515597522.7
UWGN;D;20150528;000000;777;777;730;757;235;176309.9
UWGN;D;20150529;000000;777.7;900;721;740;741706;537707348.9
UWGN;D;20150601;000000;813;813;702.3;729;144573;104674347.6
UWGN;D;20150602;000000;721;725;721;724;18978;13732084.3
UWGN;D;20150603;000000;728;732.8;725;732.8;317;230603.8
UWGN;D;20150604;000000;725;735;720;720;463;335635.7
UWGN;D;20150605;000000;780;780;720;740;13;9619.7
UWGN;D;20150608;000000;725;726;724;724;1550;1124398
UWGN;D;20150609;000000;725;725;724;725;93;67352
UWGN;D;20150610;000000;724;724;724;724;48;34752
UWGN;D;20150611;000000;725;725;724;724;55;39847
UWGN;D;20150615;000000;724;725;445;724;1826;1311626.9
UWGN;D;20150616;000000;725;725;724;724;16;11589
UWGN;D;20150617;000000;725;725;724;725;8;5794
UWGN;D;20150618;000000;724;725;724;724;4;2897
UWGN;D;20150619;000000;725;725;725;725;659;477775
UWGN;D;20150622;000000;725;725;724;725;3719432;2692868770
UWGN;D;20150623;000000;726;727;724;727;257240;186244480
UWGN;D;20150624;000000;728;747;723;730;1026;746928
UWGN;D;20150625;000000;723;723.1;723;723;208;150384.1
UWGN;D;20150626;000000;724.1;727;724.1;727;16;11629.1
UWGN;D;20150629;000000;727;727;725;725;77;55905
UWGN;D;20150630;000000;725;728;725;728;3;2178
UWGN;D;20150706;000000;725;725;725;725;6;4350
UWGN;D;20150707;000000;725;732;725;731.8;8;5848.4
UWGN;D;20150708;000000;725.2;725.2;723;723;239;173014.4
UWGN;D;20150709;000000;723.2;723.2;723.2;723.2;2;1446.4
UWGN;D;20150713;000000;723.1;723.1;723.1;723.1;1;723.1
UWGN;D;20150714;000000;723.1;729;723.1;723.3;21;15244.3
UWGN;D;20150715;000000;723;723.2;723;723.2;36;26028.3
UWGN;D;20150716;000000;723.2;725;723.1;725;13;9404.2
UWGN;D;20150717;000000;725;725;725;725;3;2175
UWGN;D;20150720;000000;725;725;723.1;723.5;2630;1904195.5
UWGN;D;20150721;000000;723.1;725;723.1;725;1933;1400384.3
UWGN;D;20150722;000000;724;725;724;725;2799;2027275
UWGN;D;20150723;000000;723.5;723.5;721.3;722;2252;1626414.1
UWGN;D;20150724;000000;725;726;724;724;2002;1452450
UWGN;D;20150727;000000;725;725;720.8;721;2075;1498870.5
UWGN;D;20150728;000000;723.1;723.1;719;719;2110;1520256.9
UWGN;D;20150729;000000;724;725;721.5;722;1859;1342556.6
UWGN;D;20150730;000000;725;726;723;724.1;1632;1183047.6
UWGN;D;20150731;000000;722.5;722.5;720;720;1141;822038.5
UWGN;D;20150803;000000;721;725;719;720.9;2135;1539601.4
UWGN;D;20150804;000000;724.5;725;722.1;722.1;1702;1231563.3
UWGN;D;20150805;000000;725;726;724.9;725;1641;1190356.9
UWGN;D;20150806;000000;724;724;722;722;960;693551
UWGN;D;20150807;000000;726;728.8;724;726;2856;2073523.8
UWGN;D;20150810;000000;726.5;728.5;723.5;728.5;2591;1882267.6
UWGN;D;20150811;000000;735;735;727;727;1965;1430040
UWGN;D;20150812;000000;723;725;719;724;2433;1753209.4
UWGN;D;20150813;000000;723;728.8;723;723.1;2237;1622710.2
UWGN;D;20150814;000000;723.2;727;721;724;2370;1715318.1
UWGN;D;20150817;000000;723;724;721;721;2080;1502044.9
UWGN;D;20150818;000000;722;724.3;720;723;2261;1630975.3
UWGN;D;20150819;000000;722;725;720;720;2218;1603267.5
UWGN;D;20150820;000000;721;725;719;725;2015;1453503
UWGN;D;20150821;000000;724;727.9;720.1;720.1;2038;1478266.2
UWGN;D;20150824;000000;719;719;713;714;2056;1471336.2
UWGN;D;20150825;000000;711.1;723;711.1;718;2280;1641816.5
UWGN;D;20150826;000000;723;723;715.5;720.4;2194;1577679.3
UWGN;D;20150827;000000;722;729.9;722;727.1;2123;1540953.8
UWGN;D;20150828;000000;728.3;734.9;727;734;2411;1760018.1
UWGN;D;20150831;000000;728.8;739.5;728.8;736;46073;33916181
UWGN;D;20150901;000000;734;738.5;728.1;728.1;50430;37066299.6
UWGN;D;20150902;000000;729;732;725.1;730.1;45975;33479508.6
UWGN;D;20150903;000000;732;735;729.7;735;45555;33358564.9
UWGN;D;20150904;000000;734.6;736.1;732;733;44822;32935658.8
UWGN;D;20150907;000000;733.5;736.5;731;733.5;46106;33840001.5
UWGN;D;20150908;000000;735;740;734.9;738;44251;32639343.9
UWGN;D;20150909;000000;739;744;737.9;739;50573;37481396
UWGN;D;20150910;000000;737;742;737;738.9;45462;33622787.5
UWGN;D;20150911;000000;739.8;741.9;737;740;46852;34655690.8
UWGN;D;20150914;000000;738.9;742;738.9;741;4727;3502355.6
UWGN;D;20150915;000000;740;740.3;738;739;47800;35346900
UWGN;D;20150916;000000;739;742;739;741.5;4910;3635298.9
UWGN;D;20150917;000000;740;742;739.3;740;5205;3855565
UWGN;D;20150918;000000;739.5;741.5;737;740;5390;3979586.1
UWGN;D;20150921;000000;738.9;741;738;739.4;4788;3540273.7
UWGN;D;20150922;000000;739.5;739.5;737;737.3;6551;4832608.9
UWGN;D;20150923;000000;736.9;737.5;735;735.1;4942;3636990
UWGN;D;20150924;000000;736;737;735;736.4;4782;3520594.9
UWGN;D;20150925;000000;736.5;738.3;735.4;738;4199;3091151.4
UWGN;D;20150928;000000;738;738;733;733.5;4398;3227572.9
UWGN;D;20150929;000000;734;735.8;732.5;734.2;33823;24842805.1
UWGN;D;20150930;000000;735.9;736;735.4;735.7;8111;5967940.7
UWGN;D;20151001;000000;735;735.7;734.2;735.4;11039;8115294.7
UWGN;D;20151002;000000;735;735;730.8;732.2;141902;103935182.7
UWGN;D;20151005;000000;734.1;738.5;732;735.5;128753;94684722
UWGN;D;20151006;000000;735;737.2;733;734.8;107004;78728921.1
UWGN;D;20151007;000000;734;736;730.5;735.6;94501;69324837.3
UWGN;D;20151008;000000;735.1;736;730.5;732.4;48271;35412150.2
UWGN;D;20151009;000000;733.1;737.1;730.1;737;111899;82270545.8
UWGN;D;20151012;000000;736;737.5;732.1;732.3;115154;84585823.2
UWGN;D;20151013;000000;735;735;729.7;730.1;111951;81917974.2
UWGN;D;20151014;000000;733;735;727.2;732.8;138390;101304435
UWGN;D;20151015;000000;731.5;736.8;731.5;736.7;109544;80518662.6
UWGN;D;20151016;000000;734.9;737.4;734.9;735.3;122620;90215688
UWGN;D;20151019;000000;733;735;730;733.1;116452;85320843.7
UWGN;D;20151020;000000;735.9;736;730.2;733.1;2827;2073691.6
UWGN;D;20151021;000000;735.1;738.5;730.3;731.1;205393;150717815.4
UWGN;D;20151022;000000;730;734.1;726.2;734.1;113164;82676844.5
UWGN;D;20151023;000000;732.1;736.8;732;735;126648;93048416.3
UWGN;D;20151026;000000;734;736.9;732;736.9;107760;79172651.9
UWGN;D;20151027;000000;733;734.5;730;733;5465;3999469.3
UWGN;D;20151028;000000;735.1;737.1;728;728.7;5122;3741802
UWGN;D;20151029;000000;729.5;730.1;727.2;729.5;18885;13777031.7
UWGN;D;20151030;000000;729.3;734.3;729.3;733.9;4961;3638733.5
UWGN;D;20151102;000000;734;736.5;731;735.5;5127;3767124
UWGN;D;20151103;000000;734.5;738.5;734.5;737.5;5177;3814875
UWGN;D;20151105;000000;737.5;741;735.5;737.5;4923;3631362
UWGN;D;20151106;000000;737;740;734;734;5053;3721896.5
UWGN;D;20151109;000000;736;737;734.5;734.5;10814;7958861.5
UWGN;D;20151110;000000;733;734.5;730.5;732;11004;8069116
UWGN;D;20151111;000000;733.5;733.5;730;732.5;5097;3732684.5
UWGN;D;20151112;000000;731.5;732;728;729;3427;2504395
UWGN;D;20151113;000000;727.5;729.5;725.5;727;3511;2552519.5
UWGN;D;20151116;000000;729;733.5;728.5;731;3985;2910512.5
UWGN;D;20151117;000000;731;736;731;736;3531;2588316
UWGN;D;20151118;000000;736;739;734.5;739;3757;2765478.5
UWGN;D;20151119;000000;738;742.5;737;741.5;3657;2703404.5
UWGN;D;20151120;000000;737;741;736;740;3720;2748083
UWGN;D;20151123;000000;738;740.5;738;739;2979;2201458
UWGN;D;20151124;000000;738.5;742;730.5;731.5;6402;4698687.5
UWGN;D;20151125;000000;730;735.5;730;735;4897;3596907.5
UWGN;D;20151126;000000;735.5;737;730;734.5;43925;32130106
UWGN;D;20151127;000000;734.5;735.5;730;731;4962;3642287.5
UWGN;D;20151130;000000;731;734;727;729;5147;3763609
UWGN;D;20151201;000000;730;734;728;729.5;4733;3453178.5
UWGN;D;20151202;000000;729.5;733.5;727;728;4320;3149341.5
UWGN;D;20151203;000000;728;730.5;726;730.5;4850;3528840.5
UWGN;D;20151204;000000;730;732.5;725.5;725.5;4970;3616083.5
UWGN;D;20151207;000000;728;732.5;725.5;726;4827;3517432.5
UWGN;D;20151208;000000;728;730.5;726;726.5;4506;3276394.5
UWGN;D;20151209;000000;728;732.5;728;732.5;3984;2914039
UWGN;D;20151210;000000;728.5;734;728.5;732.5;4794;3509908
UWGN;D;20151211;000000;732.5;737;732;734.5;5668;4165083
UWGN;D;20151214;000000;735;735;730.5;733;5006;3665938
UWGN;D;20151215;000000;732.5;738.5;731;737.5;5015;3691467
UWGN;D;20151216;000000;737;740;736;739;5216;3851728.5
UWGN;D;20151217;000000;738;742.5;736.5;740.5;6287;4652030
UWGN;D;20151218;000000;739;740;733.5;734;4971;3654600
UWGN;D;20151221;000000;736;739.5;734.5;736.5;4550;3351228.5
UWGN;D;20151222;000000;737.5;740;735.5;738;5133;3786107.5
UWGN;D;20151223;000000;736;742;736;740;5152;3810986.5
UWGN;D;20151224;000000;739.5;741;736.5;739;4799;3544287.5
UWGN;D;20151225;000000;738;741;736;737;4462;3295648
UWGN;D;20151228;000000;740;740;735.5;738;4267;3149495
UWGN;D;20151229;000000;739;744;737.5;743.5;5006;3714182
UWGN;D;20151230;000000;741.5;745;739;743;4601;3416835.5
UWGN;D;20160104;000000;740.5;743;740.5;743;3001;2225613
UWGN;D;20160105;000000;743;743;740.5;740.5;3002;2225236
UWGN;D;20160106;000000;740;743.5;740;742;3033;2249730.5
UWGN;D;20160111;000000;737.5;737.5;730;731.5;4889;3575053.5
UWGN;D;20160112;000000;728;733;725.5;732;4865;3551949.5
UWGN;D;20160113;000000;731;733.5;728.5;731;4678;3419161.5
UWGN;D;20160114;000000;730;730;724.5;728;5250;3821437.5
UWGN;D;20160115;000000;729;729;723.5;726;4822;3497160
UWGN;D;20160118;000000;722;724;719;724;4704;3400363
UWGN;D;20160119;000000;720;727;720;725.5;4064;2947911.5
UWGN;D;20160120;000000;725;725;719;724;5498;3971770
UWGN;D;20160121;000000;724;727;720;725;5314;3851442.5
UWGN;D;20160122;000000;724.5;734;724.5;732.5;4997;3655568
UWGN;D;20160125;000000;732.5;737.5;732;735.5;4682;3441620.5
UWGN;D;20160126;000000;732;735;730;734;4566;3348986
UWGN;D;20160127;000000;732.5;737.5;730;737;5000;3677602.5
UWGN;D;20160128;000000;735;741;734;740.5;3475;2568296.5
UWGN;D;20160129;000000;739.5;742.5;738;742;7967;5906609
UWGN;D;20160201;000000;740;742.5;735;740;4903;3624499
UWGN;D;20160202;000000;738;741.5;736.5;737.5;4670;3446540.5
UWGN;D;20160203;000000;736.5;740.5;735;738.5;6428;4747103
UWGN;D;20160204;000000;737.5;742;736;741.5;4903;3630543
UWGN;D;20160205;000000;737;744;736.5;740;5051;3736981.5
UWGN;D;20160208;000000;738;742;735;736;5044;3716417.5
UWGN;D;20160209;000000;734;738.5;733;734.5;6214;4564723
UWGN;D;20160210;000000;734.5;739;733;738.5;4810;3545542.5
UWGN;D;20160211;000000;735;739.5;734;734.5;5073;3731435
UWGN;D;20160212;000000;737.5;741;735.5;738;3615;2668438
UWGN;D;20160215;000000;737;742;735.5;741;1726;1276375
UWGN;D;20160216;000000;738;743;737;741;8070;5983490
UWGN;D;20160217;000000;739;745;738;745;4056;3010959
UWGN;D;20160218;000000;740;745;739.5;744.5;4890;3635412.5
UWGN;D;20160219;000000;742.5;743;735.5;737;7046;5203149.5
UWGN;D;20160220;000000;737;740.5;736;739;4942;3650759
UWGN;D;20160222;000000;737;738.5;737;738.5;3142;2318109
UWGN;D;20160224;000000;736.5;742;736.5;737.5;4744;3500847
UWGN;D;20160225;000000;738;743;737;738.5;5009;3704267
UWGN;D;20160226;000000;738;743.5;737.5;742;5098;3781519.5
UWGN;D;20160229;000000;740.5;743;738.5;742.5;5256;3896776
UWGN;D;20160301;000000;742.5;745.5;742;744;4638;3450911.5
UWGN;D;20160302;000000;742;745.5;741;744.5;5107;3801560.5
UWGN;D;20160303;000000;743.5;745.5;740;743.5;3478;2585600.5
UWGN;D;20160304;000000;743;746.5;741;744.5;6252;4655867.5
UWGN;D;20160307;000000;745;745.5;744;745;3081;2294629
UWGN;D;20160309;000000;743;750;742.5;750;5325;3978840
UWGN;D;20160310;000000;749.5;752.5;746.5;751.5;5305;3982640.5
UWGN;D;20160311;000000;749;755;749;754;5032;3788653.5
UWGN;D;20160314;000000;752;756;750;750.5;4955;3724099
UWGN;D;20160315;000000;751;751;746.5;746.5;4796;3586358.5
UWGN;D;20160316;000000;748;751;746;747.5;233338;174314777.5
UWGN;D;20160317;000000;748;755.5;747;753;7463;5607940.5
UWGN;D;20160318;000000;749;755;748.5;755;583486;439946610.5
UWGN;D;20160321;000000;751.5;754.5;749;752;6654;5003845
UWGN;D;20160322;000000;753;755;750.5;752.5;4900;3686256
UWGN;D;20160323;000000;753;754.5;749;749.5;5213;3917623
UWGN;D;20160324;000000;747.5;748.5;745;746;3452;2575992.5
UWGN;D;20160325;000000;749;749.5;746;747.5;7008;5240105.5
UWGN;D;20160328;000000;748.5;752;744.5;745.5;5008;3738827.5
UWGN;D;20160329;000000;746;747;741;741;4895;3631598
UWGN;D;20160330;000000;743;749.5;743;748.5;4836;3614525.5
UWGN;D;20160331;000000;747;749.5;744;749;5025;3758745.5
UWGN;D;20160401;000000;746;747;741.5;742;6609;4911075.5
UWGN;D;20160404;000000;743.5;747.5;742.5;746.5;5135;3830497.5
UWGN;D;20160405;000000;742;743.5;741;742;4780;3546621.5
UWGN;D;20160406;000000;741;747.5;741;744.5;4908;3649822
UWGN;D;20160407;000000;742;744.5;742;744;5006;3722164
UWGN;D;20160408;000000;742;748.5;741.5;748;5539;4137066.5
UWGN;D;20160411;000000;749;755;748;755;5102;3841185.5
UWGN;D;20160412;000000;754.5;756;751.5;753;4139;3117335.5
UWGN;D;20160413;000000;750.5;757;750.5;756;5773;4358960
UWGN;D;20160414;000000;756;758;751.5;751.5;5139;3874255
UWGN;D;20160415;000000;752;753.5;750;750.5;4747;3565319.5
UWGN;D;20160418;000000;747.5;748;744;745.5;4846;3612884.5
UWGN;D;20160419;000000;746;752.5;746;752.5;5026;3773661.5
UWGN;D;20160420;000000;751;756.5;750;755.5;6801;5130053
UWGN;D;20160421;000000;754;759;750;751;5660;4261812.5
UWGN;D;20160422;000000;748.5;750.5;747.5;750.5;5201;3897760.5
UWGN;D;20160425;000000;747;747.5;739;739.5;7101;5262881
UWGN;D;20160426;000000;740.5;740.5;729.5;730;5253;3846613.5
UWGN;D;20160427;000000;731;732.5;728.5;731;5177;3781944
UWGN;D;20160428;000000;729;732.5;728;731;5118;3738951.5
UWGN;D;20160429;000000;731.5;731.5;725;726;5248;3816637.5
UWGN;D;20160504;000000;724;724;719;719;5671;4085408.5
UWGN;D;20160505;000000;720;720;716;716;5184;3717278.5
UWGN;D;20160506;000000;718;718;713.5;715;5053;3612632
UWGN;D;20160510;000000;720;720;709;710.5;4975;3538004.5
UWGN;D;20160511;000000;712;716;711;715.5;5174;3694018
UWGN;D;20160512;000000;715;715;712.5;714;5102;3644025.5
UWGN;D;20160513;000000;714;714;705;707;5554;3937555
UWGN;D;20160516;000000;709;711;709;710;5034;3575474.5
UWGN;D;20160517;000000;710;710;706;707;4704;3327161
UWGN;D;20160518;000000;706;709.5;705;706.5;5038;3561188.5
UWGN;D;20160519;000000;706;706.5;702.5;703.5;4799;3377975
UWGN;D;20160520;000000;706;706;702;703;4824;3392975.5
UWGN;D;20160523;000000;703;737;700;709.5;6356;4518184.5
UWGN;D;20160524;000000;650;650;645;647;7006;4529885.5
UWGN;D;20160525;000000;646;647;644;645;5242;3383025.5
UWGN;D;20160526;000000;646;661;644.5;658.5;10190;6650311.5
UWGN;D;20160527;000000;660;701;660;701;12691;8710946.5
UWGN;D;20160530;000000;701.5;714;701.5;713;21987;15611999
UWGN;D;20160531;000000;712;713.5;709.5;709.5;4777;3393972
UWGN;D;20160601;000000;710.5;715;707;707;7986;5682539.5
UWGN;D;20160602;000000;709;711;707;710;20005;14187570
UWGN;D;20160603;000000;709.5;715.5;709;712;9282;6617889.5
UWGN;D;20160606;000000;713.5;726.5;713.5;726;13979;10063841
UWGN;D;20160607;000000;724;737;723;727;7150;5213111.5
UWGN;D;20160608;000000;728.5;729;725;725;3469;2519074
UWGN;D;20160609;000000;727;727;721.5;721.5;67824;49002084
UWGN;D;20160610;000000;723;725;721;724;6846;4954404
UWGN;D;20160614;000000;724;724;719;722.5;7404;5338500
UWGN;D;20160615;000000;720;726.5;720;726;7475;5414386
UWGN;D;20160616;000000;726;726;718;721.5;8498;6120091
UWGN;D;20160617;000000;721;729;721;729;7715;5608974
UWGN;D;20160620;000000;727;737;727;737;8499;6237477
UWGN;D;20160621;000000;736.5;736.5;732;735.5;7390;5422439.5
UWGN;D;20160622;000000;734.5;738.5;733;738;8764;6441266.5
UWGN;D;20160623;000000;735;739;733.5;738;7436;5480731
UWGN;D;20160624;000000;725.5;726;721;723;7342;5305580.5
UWGN;D;20160627;000000;724;725;719;720.5;7275;5247680
UWGN;D;20160628;000000;718;727.5;718;727;8712;6315558.5
UWGN;D;20160629;000000;726;730;725.5;730;7556;5501378
UWGN;D;20160630;000000;728.5;731;728;731;7727;5640107.5
UWGN;D;20160701;000000;729.5;732.5;728;732.5;7208;5267099.5
UWGN;D;20160704;000000;732;735.5;732;735;8626;6336368
UWGN;D;20160705;000000;734;734;730.5;731;7335;5363579.5
UWGN;D;20160706;000000;731;732;729;729;6925;5053685.5
UWGN;D;20160707;000000;729;733.5;728.5;732.5;13246;9672261
UWGN;D;20160708;000000;731;733.5;730;733;7433;5445450
UWGN;D;20160711;000000;733;737;733;737;6354;4674875.5
UWGN;D;20160712;000000;736;739.5;735.5;739.5;7538;5562287
UWGN;D;20160713;000000;737.5;741;737;741;7262;5369706.5
UWGN;D;20160714;000000;739;743.5;739;743.5;15246;11296195
UWGN;D;20160715;000000;741;742.5;740;742;13748;10192220
UWGN;D;20160718;000000;742;744;741;743;19265;14309763
UWGN;D;20160719;000000;741.5;743.5;737.5;742;28662;21216878
UWGN;D;20160720;000000;742.5;746;741.5;743.5;13852;10300708.5
UWGN;D;20160721;000000;743;747;743;745.5;17118;12765695
UWGN;D;20160722;000000;747;748.5;746;746.5;12777;9544485
UWGN;D;20160725;000000;746.5;748.5;746;746.5;14470;10813704
UWGN;D;20160726;000000;745.5;746.5;743.5;743.5;27854;20727428
UWGN;D;20160727;000000;743.5;745;742.5;744.5;11280;8393923
UWGN;D;20160728;000000;744;751;743;750;19359;14492750.5
UWGN;D;20160729;000000;751;753;749.5;750.5;15479;11618674.5
UWGN;D;20160801;000000;751.5;753.5;750;753.5;15196;11418657
UWGN;D;20160802;000000;750.5;754.5;750;750.5;14414;10829306.5
UWGN;D;20160803;000000;752;752;750;751;13713;10295854
UWGN;D;20160804;000000;751.5;752;750;750.5;15387;11548384
UWGN;D;20160805;000000;752.5;760.5;751.5;760;20142;15219389.5
UWGN;D;20160808;000000;760;768;760;766;14941;11445948
UWGN;D;20160809;000000;764.5;767.5;764;766.5;15237;11665653
UWGN;D;20160810;000000;765.5;767.5;762;763;14694;11234108
UWGN;D;20160811;000000;763.5;764.5;762;764;15750;12018914
UWGN;D;20160812;000000;764.5;766.5;764.5;765.5;14889;11395092.5
UWGN;D;20160815;000000;766;766;764.5;765;8959;6857072.5
UWGN;D;20160816;000000;765.5;766.5;764;765;16003;12240852.5
UWGN;D;20160817;000000;765;766;763.5;764;14858;11356033
UWGN;D;20160818;000000;764;764.5;763;763.5;14152;10810265.5
UWGN;D;20160819;000000;764.5;766;763.5;764;14070;10757563.5
UWGN;D;20160822;000000;764.5;767;762.5;766.5;14645;11202966.5
UWGN;D;20160823;000000;767;768;765.5;768;14243;10913106.5
UWGN;D;20160824;000000;767;768;765.5;766.5;8897;6818471.5
UWGN;D;20160825;000000;766;766;763;764.5;14144;10812769.5
UWGN;D;20160826;000000;765;767.5;764.5;766.5;14441;11061064.5
UWGN;D;20160829;000000;765;766.5;764.5;765.5;13961;10686992
UWGN;D;20160830;000000;766;766.5;764.5;765;15089;11549081
UWGN;D;20160831;000000;763;767.5;763;766;12184;9317994
UWGN;D;20160901;000000;765;768.5;764;766;14712;11277240.5
UWGN;D;20160902;000000;765.5;766.5;765;766;14342;10983948
UWGN;D;20160905;000000;766;768.5;765;765;18110;13889120.5
UWGN;D;20160906;000000;766;767.5;765;766.5;11486;8796844
UWGN;D;20160907;000000;766;768;766;768;12181;9337141.5
UWGN;D;20160908;000000;766.5;767.5;766;767;11204;8588769.5
UWGN;D;20160909;000000;766.5;767;765.5;766.5;10240;7846649.5
UWGN;D;20160912;000000;765;766.5;764.5;765.5;15614;11952738
UWGN;D;20160913;000000;765;766;764.5;764.5;12462;9535692.5
UWGN;D;20160914;000000;765.5;769;765;765.5;14217;10894928.5
UWGN;D;20160915;000000;765;766.5;762;764.5;11019;8410910.5
UWGN;D;20160916;000000;763.5;764.5;760;761.5;14382;10969844
UWGN;D;20160919;000000;762.5;764;760;763.5;13860;10578912
UWGN;D;20160920;000000;764;765;762.5;765;13705;10465185
UWGN;D;20160921;000000;769;769;764;765;12776;9781513
UWGN;D;20160922;000000;764;775;764;774;14585;11219818
UWGN;D;20160923;000000;769;773.5;768.5;768.5;11430;8811756
UWGN;D;20160926;000000;768.5;774.5;767.5;770;12281;9484814.5
UWGN;D;20160927;000000;773;774;767.5;774;15117;11659105.5
UWGN;D;20160928;000000;773;775;770.5;773;13070;10106140
UWGN;D;20160929;000000;773.5;780;773.5;775;13001;10095324
UWGN;D;20160930;000000;779.5;781.5;776;777.5;13361;10412347
UWGN;D;20161003;000000;780;781.5;776.5;776.5;12021;9365421
UWGN;D;20161004;000000;777.5;777.5;774;774;12198;9459729.5
UWGN;D;20161005;000000;773.5;774.5;764;765;10682;8183442
UWGN;D;20161006;000000;767;769;765;765.5;13033;9995186
UWGN;D;20161007;000000;767;773;767;772.5;9231;7119896
UWGN;D;20161010;000000;774.5;775.5;772;773;12961;10027148.5
UWGN;D;20161011;000000;774.5;782;773;775.5;14487;11213782
UWGN;D;20161012;000000;774.5;776;774.5;775.5;12590;9758006
UWGN;D;20161013;000000;776;776.5;770;775.5;12545;9721158.5
UWGN;D;20161014;000000;775;775.5;770.5;770.5;10508;8132222
UWGN;D;20161017;000000;771.5;772.5;768;769;11585;8931928
UWGN;D;20161018;000000;770.5;774;769.5;771;13081;10098125
UWGN;D;20161019;000000;773.5;774.5;772.5;774.5;11731;9074587
UWGN;D;20161020;000000;774;775.5;771.5;775;11166;8639834.5
UWGN;D;20161021;000000;774;774.5;769;771;10085;7782522
UWGN;D;20161024;000000;771.5;772;769.5;770;9555;7363250
UWGN;D;20161025;000000;770.5;774;769.5;770;9780;7535574
UWGN;D;20161026;000000;771;774;769;770;9739;7514520.5
UWGN;D;20161027;000000;770;771;769;771;6764;5208647.5
UWGN;D;20161028;000000;770.5;771.5;768.5;768.5;13143;10122337
UWGN;D;20161031;000000;769;785;769;782;9776;7635559
UWGN;D;20161101;000000;785;794.5;785;794;12764;10082362
UWGN;D;20161102;000000;793.5;793.5;790.5;792.5;11393;9028329
UWGN;D;20161103;000000;793;795.5;790;790;13291;10529900.5
UWGN;D;20161107;000000;791;795;790;794.5;10628;8420758
UWGN;D;20161108;000000;797.5;800;794;800;12747;10140632
UWGN;D;20161109;000000;797;801;787.5;801;11685;9283377.5
UWGN;D;20161110;000000;802.5;802.5;793.5;793.5;14526;11597679
UWGN;D;20161111;000000;796.5;801.5;796.5;801.5;12027;9628389
UWGN;D;20161114;000000;801.5;801.5;798.5;799;13186;10554079.5
UWGN;D;20161115;000000;802;802;800;800;11231;8992095
UWGN;D;20161116;000000;802;802;796;796.5;16742;13367156
UWGN;D;20161117;000000;797.5;801;796.5;796.5;12947;10329259.5
UWGN;D;20161118;000000;801;801;788.5;788.5;12971;10277774
UWGN;D;20161121;000000;789;790.5;788.5;789;14469;11428991
UWGN;D;20161122;000000;790.5;791;789;791;14596;11533354
UWGN;D;20161123;000000;789.5;795;788.5;792;27472;21740571.5
UWGN;D;20161124;000000;792.5;797;792.5;796;15998;12709171
UWGN;D;20161125;000000;793.5;799;793;799;10461;8342898
UWGN;D;20161128;000000;795.5;800.5;786.5;793.5;16845;13390906
UWGN;D;20161129;000000;787.5;790;785.5;788;16445;12951643
UWGN;D;20161130;000000;785;790;782.5;787;12072;9484164
UWGN;D;20161201;000000;786.5;787.5;782.5;783;12197;9574796.5
UWGN;D;20161202;000000;785.5;788.5;783;785.5;17369;13662132.5
UWGN;D;20161205;000000;785.5;788.5;783;787.5;18118;14251181
UWGN;D;20161206;000000;787;787;783.5;783.5;15047;11814267
UWGN;D;20161207;000000;785;786.5;783.5;783.5;16623;13047879
UWGN;D;20161208;000000;784;786;783.5;785.5;26124;20500529.5
UWGN;D;20161209;000000;784;788;783;784.5;31641;24877247
UWGN;D;20161212;000000;787;788;785;786.5;20914;16444864.5
UWGN;D;20161213;000000;786.5;787.5;786;786;18376;14457075.5
UWGN;D;20161214;000000;785;788;785;785.5;24028;18889190
UWGN;D;20161215;000000;786;787.5;783;786.5;26214;20601685
UWGN;D;20161216;000000;787;789;785.5;785.5;23400;18428975.5
UWGN;D;20161219;000000;785;787.5;785;785.5;26516;20844346.5
UWGN;D;20161220;000000;787.5;787.5;783;783;30974;24327298
UWGN;D;20161221;000000;783;788;782.5;783.5;23618;18547524.5
UWGN;D;20161222;000000;783.5;787.5;783;787;17945;14114343.5
UWGN;D;20161223;000000;785.5;792.5;784;792;18647;14691192.5
UWGN;D;20161226;000000;790;791.5;790;791;15296;12088730
UWGN;D;20161227;000000;791;792.5;789;791;20633;16329860
UWGN;D;20161228;000000;791.5;795.5;790.5;795;15522;12292216
UWGN;D;20161229;000000;792;796;791;795;12018;9546575
UWGN;D;20161230;000000;795;797;793.5;795;12486;9935348.5
UWGN;D;20170103;000000;793;794.5;792;794.5;6014;4769838.5
UWGN;D;20170104;000000;791.5;794.5;789;792;16149;12810019
UWGN;D;20170105;000000;792.5;795.5;791.5;791.5;16329;12958806
UWGN;D;20170106;000000;793;796;791.5;791.5;16158;12832782.5
UWGN;D;20170109;000000;794;796;794;795.5;14637;11637465.5
UWGN;D;20170110;000000;796;800.5;796;797.5;19741;15758670
UWGN;D;20170111;000000;795;800;794;800;14724;11724847
UWGN;D;20170112;000000;796.5;800;795;797;19963;15931267.5
UWGN;D;20170113;000000;796.5;801;795;800.5;17260;13787545
UWGN;D;20170116;000000;798;801;796.5;800;18393;14695914.5
UWGN;D;20170117;000000;796.5;800.5;796;800.5;18012;14394729
UWGN;D;20170118;000000;797;802.5;796;801.5;22995;18406230.5
UWGN;D;20170119;000000;796.5;802.5;795.5;799.5;21930;17529785.5
UWGN;D;20170120;000000;796.5;800.5;795.5;799;16217;12959177
UWGN;D;20170123;000000;796.5;801;796;800;26157;20906058.5
UWGN;D;20170124;000000;796.5;802.5;796.5;800;22581;18047716
UWGN;D;20170125;000000;796.5;801;796.5;801;22872;18275221
UWGN;D;20170126;000000;803.5;803.5;797;802.5;27197;21782019.5
UWGN;D;20170127;000000;804;804.5;801.5;803;21315;17134184
UWGN;D;20170130;000000;798.5;803;797;799;25282;20251875
UWGN;D;20170131;000000;801.5;803.5;801;802.5;13010;10438993
UWGN;D;20170201;000000;802.5;803.5;802;803;18540;14883163
UWGN;D;20170202;000000;801.5;805;801;803.5;21957;17625802
UWGN;D;20170203;000000;803.5;803.5;801;802;21282;17073608
UWGN;D;20170206;000000;800.5;803.5;800.5;803;16761;13451425.5
UWGN;D;20170207;000000;801;804;801;802.5;19707;15818592.5
UWGN;D;20170208;000000;801.5;805;801;805;15019;12069636.5
UWGN;D;20170209;000000;805;806.5;803;805.5;23010;18529663
UWGN;D;20170210;000000;804.5;806.5;803.5;806;19675;15842671.5
UWGN;D;20170213;000000;808;810;805;805.5;20899;16897010.5
UWGN;D;20170214;000000;805.5;808;804;804;18881;15214891
UWGN;D;20170215;000000;804;808.5;803;807.5;23718;19107164.5
UWGN;D;20170216;000000;809;809;806.5;807;16696;13482909.5
UWGN;D;20170217;000000;806;808.5;805;807.5;15319;12365144.5
UWGN;D;20170220;000000;807.5;813.5;807.5;811.5;15606;12666455.5
UWGN;D;20170221;000000;813.5;814.5;808.5;809;17359;14077130
UWGN;D;20170222;000000;808.5;830;808;830;14577;11993706.5
UWGN;D;20170224;000000;828.5;830;814;815;5841;4804431
UWGN;D;20170227;000000;815;816;810;811.5;20530;16673615.5
UWGN;D;20170228;000000;812;812;809.5;810;17017;13788186.5
UWGN;D;20170301;000000;810;811;809;811;18712;15157847
UWGN;D;20170302;000000;809;811;809;810.5;16075;13028371.5
UWGN;D;20170303;000000;810.5;811.5;808.5;810;17132;13884174
UWGN;D;20170306;000000;810;813;810;810;16871;13699257
UWGN;D;20170307;000000;809;812.5;809;812.5;16547;13426685
UWGN;D;20170309;000000;811.5;811.5;804;804.5;17565;14225413
UWGN;D;20170310;000000;807;811.5;807;809.5;18442;14920652.5
UWGN;D;20170313;000000;811;811;807;809;290607;235114407
UWGN;D;20170314;000000;812;814;809;813;16695;13570738
UWGN;D;20170315;000000;814;817.5;812.5;813.5;24539;19967560.5
UWGN;D;20170316;000000;814.5;817;804;811.5;17985;14617852.5
UWGN;D;20170317;000000;813.5;814.5;811.5;812.5;18014;14645884.5
UWGN;D;20170320;000000;811.5;814.5;811.5;814.5;15697;12758570.5
UWGN;D;20170321;000000;815;815;812;812;12846;10451013
UWGN;D;20170322;000000;812.5;815;811;811;15832;12883131
UWGN;D;20170323;000000;815.5;816;811.5;816;15781;12839642.5
UWGN;D;20170324;000000;813.5;815;810.5;811.5;16810;13659631
UWGN;D;20170327;000000;811.5;812.5;808;808;21137;17146687
UWGN;D;20170328;000000;811;811;806;807;13594;10980639.5
UWGN;D;20170329;000000;810;810;803;803.5;17734;14285010.5
UWGN;D;20170330;000000;803.5;805;800.5;801;11792;9456315
UWGN;D;20170331;000000;801.5;803;801;802.5;17210;13800551.5
UWGN;D;20170403;000000;803;805.5;799.5;802.5;18915;15154130
UWGN;D;20170404;000000;801.5;803.5;800;801;18845;15120803
UWGN;D;20170405;000000;801;803;799.5;801;16596;13300130.5
UWGN;D;20170406;000000;803;803;798;799;16888;13508082.5
UWGN;D;20170407;000000;800;800;798;799;12759;10198122
UWGN;D;20170410;000000;801.5;802;799.5;801.5;17146;13733806
UWGN;D;20170411;000000;801.5;801.5;799;800.5;17380;13916432.5
UWGN;D;20170412;000000;800.5;802.5;799;800.5;19086;15287515
UWGN;D;20170413;000000;801.5;803;799;800;18380;14717577.5
UWGN;D;20170414;000000;801.5;801.5;798;799;18415;14729925
UWGN;D;20170417;000000;800;800;796.5;797;20889;16674289
UWGN;D;20170418;000000;798.5;798.5;794;795.5;18379;14626773
UWGN;D;20170419;000000;796.5;799.5;795;795;19016;15157249
UWGN;D;20170420;000000;796;796.5;793.5;794.5;21919;17422178
UWGN;D;20170421;000000;796;796;792.5;792.5;20723;16458171.5
UWGN;D;20170424;000000;795.5;795.5;792.5;794;18405;14612382
UWGN;D;20170425;000000;794.5;795;792;793.5;17170;13632676
UWGN;D;20170426;000000;794.5;795.5;725;740;23626;17701410
UWGN;D;20170427;000000;726;729;720;727;20576;14943140
UWGN;D;20170428;000000;731.5;732;718;722.5;20717;14963266
UWGN;D;20170502;000000;720.5;724.5;720;721;21415;15470099
UWGN;D;20170503;000000;722.5;723.5;720.5;722.5;21368;15422952
UWGN;D;20170504;000000;722;726;721.5;725;20147;14574311.5
UWGN;D;20170505;000000;734.5;734.5;721.5;728;23492;17056674.5
UWGN;D;20170510;000000;729;732.5;724.5;728;28700;20928578
UWGN;D;20170511;000000;729;730.5;726.5;730;29173;21267478.5
UWGN;D;20170512;000000;730;730;724;727;26907;19577850
UWGN;D;20170515;000000;731.5;732;726.5;726.5;24236;17666614.5
UWGN;D;20170516;000000;728.5;730.5;724.5;727;35199;25627072
UWGN;D;20170517;000000;725.5;733;723.5;729.5;40844;29782085
UWGN;D;20170518;000000;733;737.5;729.5;729.5;44482;32584793.5
UWGN;D;20170519;000000;732;759;731;758;81521;60753016.5
UWGN;D;20170522;000000;759;760;748;748;35971;27155591.5
UWGN;D;20170523;000000;748;770;740.5;769;147969;111232180.5
UWGN;D;20170524;000000;761.5;775;752.5;764.5;116274;88478134
UWGN;D;20170525;000000;773;773;726.5;761.5;174264;130146516
UWGN;D;20170526;000000;759.5;771;759;761.5;35204;26914378
UWGN;D;20170529;000000;762.5;764.5;751;753;19316;14589718.5
UWGN;D;20170530;000000;752;777;752;765;38449;29464365.5
UWGN;D;20170531;000000;766.5;775;761.5;775;38349;29383743
UWGN;D;20170601;000000;774.5;780;760;768.5;47488;36721304
UWGN;D;20170602;000000;768.5;774;767.5;773;31725;24496648.5
UWGN;D;20170605;000000;776;783;771.5;780;29721;23151468
UWGN;D;20170606;000000;785;788;782;787;31807;25001172
UWGN;D;20170607;000000;787.5;793.5;787;792.5;37388;29614227
UWGN;D;20170608;000000;793.5;794;788;788;15978;12650110
UWGN;D;20170609;000000;792;802;787.5;796;70388;55960073
UWGN;D;20170613;000000;795.5;799;793;795;9145;7270582
UWGN;D;20170614;000000;793.5;794;790;791;24867;19707974.5
UWGN;D;20170615;000000;795;799;767;799;42624;33469020
UWGN;D;20170616;000000;797.5;797.5;786;786;23233;18394098
UWGN;D;20170619;000000;790;798;789;795;49887;39648204
UWGN;D;20170620;000000;796;802.5;794.5;796;125516;100427645
UWGN;D;20170621;000000;799;802.5;796.5;798.5;52484;41961999.5
UWGN;D;20170622;000000;800;800;796.5;796.5;22512;17983702.5
UWGN;D;20170623;000000;796.5;798;795;796.5;14842;11815780.5
UWGN;D;20170626;000000;802.5;802.5;795;795.5;22364;17820781
UWGN;D;20170627;000000;797;798.5;794;794;10901;8675074
UWGN;D;20170628;000000;796.5;798.5;794;795.5;20185;16066377
UWGN;D;20170629;000000;797;797;793;794.5;19528;15519059.5
UWGN;D;20170630;000000;797.5;799.5;793.5;794.5;20642;16410706
UWGN;D;20170703;000000;800;800;793.5;795;15587;12394994.5
UWGN;D;20170704;000000;797;797;793;793.5;18476;14677775
UWGN;D;20170705;000000;798.5;798.5;793.5;794;20875;16585016.5
UWGN;D;20170706;000000;795;797.5;791.5;792.5;1409392;1123559084.5
UWGN;D;20170707;000000;793;793.5;790;790;23508;18609823.5
UWGN;D;20170710;000000;790.5;795;789;793.5;130686;103554832
UWGN;D;20170711;000000;796;796;788;788.5;20263;16003561
UWGN;D;20170712;000000;790.5;795;787;790;27631;21839772
UWGN;D;20170713;000000;790.5;793.5;787;790;54728;43254705.5
UWGN;D;20170714;000000;793;793;788;792.5;34170;26983087
UWGN;D;20170717;000000;789;790;788.5;790;32106;25352742.5
UWGN;D;20170718;000000;788.5;790;788;789.5;20034;15810784.5
UWGN;D;20170719;000000;793;794;789.5;790;11726;9275115.5
UWGN;D;20170720;000000;789.5;789.5;788;789.5;18378;14498337.5
UWGN;D;20170721;000000;791;791;787;787.5;20591;16244562.5
UWGN;D;20170724;000000;786;790;786;788;17776;14024545.5
UWGN;D;20170725;000000;788;789.5;778.5;784.5;25273;19857090
UWGN;D;20170726;000000;785;789;784;785;43384;34122881.5
UWGN;D;20170727;000000;785;785;781;781;23015;18043646
UWGN;D;20170728;000000;782;787.5;782;783.5;17161;13463393.5
UWGN;D;20170731;000000;783.5;787;775;787;71900;56445636
UWGN;D;20170801;000000;784;789;782;785;62038;48778662
UWGN;D;20170802;000000;784;787;783.5;785.5;18231;14309984.5
UWGN;D;20170803;000000;784;786.5;784;785;17899;14058061
UWGN;D;20170804;000000;785.5;789;784.5;785;20850;16380827
UWGN;D;20170807;000000;784.5;788.5;784.5;785.5;18940;14884050.5
UWGN;D;20170808;000000;786;786;712;781;20927;16394081
UWGN;D;20170809;000000;782;800;781;800;23547;18494183.5
UWGN;D;20170810;000000;784.5;791.5;784.5;791.5;18754;14745880
UWGN;D;20170811;000000;786;800;786;800;27901;22003186.5
UWGN;D;20170814;000000;789;789.5;784.5;784.5;20087;15835859
UWGN;D;20170815;000000;783.5;789;783.5;786.5;19077;15023966
UWGN;D;20170816;000000;788;790;787;787;20087;15849807.5
UWGN;D;20170817;000000;786.5;789;786.5;789;20489;16147670.5
UWGN;D;20170818;000000;785;789.5;785;786.5;15703;12378561.5
UWGN;D;20170821;000000;787.5;787.5;786;787;21204;16674457
UWGN;D;20170822;000000;788.5;789.5;784.5;785.5;22312;17537584
UWGN;D;20170823;000000;789.5;789.5;786;786.5;19737;15533359
UWGN;D;20170824;000000;785.5;789;785.5;788.5;24693;19420697.5
UWGN;D;20170825;000000;785;787.5;785;787.5;22030;17336139
UWGN;D;20170828;000000;788;788.5;785.5;785.5;24865;19567768.5
UWGN;D;20170829;000000;785.5;786;784.5;785;26377;20714863.5
UWGN;D;20170830;000000;783.5;787.5;783.5;786;25006;19623364.5
UWGN;D;20170831;000000;783.5;786;782;782;27881;21871452.5
UWGN;D;20170901;000000;780.5;784;773;773;22225;17346395.5
UWGN;D;20170904;000000;774;781.5;774;779.5;23316;18186718
UWGN;D;20170905;000000;777;780;777;779.5;22701;17684294.5
UWGN;D;20170906;000000;775.5;779;761.5;762.5;19712;15273972
UWGN;D;20170907;000000;762;775;762;771.5;22754;17565507
UWGN;D;20170908;000000;770.5;773;768.5;772.5;19805;15257962.5
UWGN;D;20170911;000000;773;773;768;768.5;21605;16657827
UWGN;D;20170912;000000;773;773;765;770;19453;14967891
UWGN;D;20170913;000000;768;768.5;745;755.5;18187;13870636.5
UWGN;D;20170914;000000;764.5;766.5;751.5;751.5;19257;14585139
UWGN;D;20170915;000000;764;767.5;733.5;733.5;37010;27912614.5
UWGN;D;20170918;000000;756;756;723.5;735.5;22733;16672295
UWGN;D;20170919;000000;735.5;735.5;727;732.5;23945;17538765.5
UWGN;D;20170920;000000;730.5;732;728;728.5;18749;13679872.5
UWGN;D;20170921;000000;730;731;722;730;26167;19026118.5
UWGN;D;20170922;000000;731.5;731.5;723;728;23995;17454631.5
UWGN;D;20170925;000000;726;730;725.5;730;31107;22629402
UWGN;D;20170926;000000;730;731.5;728.5;728.5;20967;15305326.5
UWGN;D;20170927;000000;729;731;725.5;730;20077;14636271.5
UWGN;D;20170928;000000;731.5;733;729.5;730.5;21096;15406242.5
UWGN;D;20170929;000000;730;731;728;729;15441;11268212
UWGN;D;20171002;000000;729;731.5;726.5;730.5;21548;15721531
UWGN;D;20171003;000000;731;741;727;741;20012;14624120
UWGN;D;20171004;000000;740.5;750;740;750;23945;17775720
UWGN;D;20171005;000000;747.5;760;743;755;23198;17377165
UWGN;D;20171006;000000;759;768.5;751;767.5;21185;16059167.5
UWGN;D;20171009;000000;767;769;764;769;20292;15562179.5
UWGN;D;20171010;000000;767.5;771.5;767.5;771;20596;15827677
UWGN;D;20171011;000000;766.5;772;766.5;771.5;17853;13774068
UWGN;D;20171012;000000;769.5;772;766;766;17615;13581495
UWGN;D;20171013;000000;770;773;765;767;18609;14317408.5
UWGN;D;20171016;000000;768.5;773;767.5;770.5;18988;14619263.5
UWGN;D;20171017;000000;771.5;776;768;776;18607;14338497
UWGN;D;20171018;000000;775;779;771.5;778.5;20444;15814620.5
UWGN;D;20171019;000000;779;781.5;776;781.5;20084;15655993.5
UWGN;D;20171020;000000;778;780.5;776.5;776.5;20784;16190059.5
UWGN;D;20171023;000000;779.5;781;779;779.5;19272;15029891.5
UWGN;D;20171024;000000;777;781.5;777;780;19265;15033803
UWGN;D;20171025;000000;780;784;780;784;18151;14177627.5
UWGN;D;20171026;000000;782;805;781;805;18653;14622929
UWGN;D;20171027;000000;785.5;790;779;786;25050;19701492
UWGN;D;20171030;000000;786;787;784.5;784.5;22094;17346633
UWGN;D;20171031;000000;786;786;783;783.5;21034;16501517.5
UWGN;D;20171101;000000;785;786.5;784.5;785;16875;13254375.5
UWGN;D;20171102;000000;786.5;786.5;784;784;16779;13177738.5
UWGN;D;20171103;000000;785.5;785.5;783.5;784;19080;14960115
UWGN;D;20171107;000000;788;788;783.5;783.5;16253;12749075
UWGN;D;20171108;000000;785.5;785.5;780.5;781.5;21270;16632171
UWGN;D;20171109;000000;781.5;783;777.5;779.5;19915;15536089
UWGN;D;20171110;000000;783;785;780.5;785;19822;15510050.5
UWGN;D;20171113;000000;783.5;783.5;779.5;781.5;19293;15064921
UWGN;D;20171114;000000;782;782;774;778;21612;16819813
UWGN;D;20171115;000000;778.5;779;772.5;775.5;19597;15191949.5
UWGN;D;20171116;000000;776.5;776.5;773.5;776;17095;13259596.5
UWGN;D;20171117;000000;778;778.5;773.5;775.5;18946;14695415.5
UWGN;D;20171120;000000;778;778;765.5;769;22635;17419712.5
UWGN;D;20171121;000000;771;773.5;768;773.5;18226;14056899.5
UWGN;D;20171122;000000;772.5;790;771.5;790;39540;30758137
UWGN;D;20171123;000000;787;793;781.5;782.5;3605766;2842716481.5
UWGN;D;20171124;000000;787;787.5;768.5;776.5;512160;402069802
UWGN;D;20171127;000000;777;778;774;777.5;19396;15071407
UWGN;D;20171128;000000;778;778;772;775.5;19824;15375257.5
UWGN;D;20171129;000000;776;777;773;777;16696;12944870.5
UWGN;D;20171130;000000;776.5;777.5;775.5;777;18505;14366557
UWGN;D;20171201;000000;777;778.5;776.5;777;24679;19184892
UWGN;D;20171204;000000;781;784;776.5;782;21032;16409124
UWGN;D;20171205;000000;779.5;781.5;778;780;18437;14380602
UWGN;D;20171206;000000;783.5;783.5;778.5;779.5;18250;14273207.5
UWGN;D;20171207;000000;780;785;777.5;777.5;19048;14902061
UWGN;D;20171208;000000;779.5;782;778;780;19799;15428524.5
UWGN;D;20171211;000000;780;781.5;776.5;781.5;18981;14796429
UWGN;D;20171212;000000;781;786.5;780;785;20249;15875048
UWGN;D;20171213;000000;786;786;782.5;784.5;19327;15154976.5
UWGN;D;20171214;000000;785;785;779.5;783.5;18674;14619367.5
UWGN;D;20171215;000000;785;790;780;790;20183;15804118.5
UWGN;D;20171218;000000;783;788;781;785;22146;17388543.5
UWGN;D;20171219;000000;782.5;785.5;780.5;783;19944;15618862.5
UWGN;D;20171220;000000;786.5;786.5;780.5;781.5;20047;15697777
UWGN;D;20171221;000000;783.5;790;781;790;20377;15949030
UWGN;D;20171222;000000;786.5;786.5;780.5;783.5;19519;15285928.5
UWGN;D;20171225;000000;786.5;786.5;779;779;19574;15309023
UWGN;D;20171226;000000;784;784;780.5;783;21845;17095750.5
UWGN;D;20171227;000000;784.5;789.5;783.5;789.5;19105;15003068
UWGN;D;20171228;000000;789.5;790;784;790;18763;14778768.5
UWGN;D;20171229;000000;789.5;790;784.5;789.5;20222;15933826
UWGN;D;20180103;000000;789.5;790;785;790;15163;11962885
UWGN;D;20180104;000000;789;790;784;789.5;18353;14468278.5
UWGN;D;20180105;000000;784;790;784;786.5;14198;11193845.5
UWGN;D;20180109;000000;789.5;790;786.5;788;19242;15159131.5
UWGN;D;20180110;000000;789.5;789.5;786;789;24499;19314751
UWGN;D;20180111;000000;789;789;783.5;788.5;19951;15709841
UWGN;D;20180112;000000;788.5;789;784.5;786;20607;16223714
UWGN;D;20180115;000000;787.5;790;784;788.5;20979;16514912.5
UWGN;D;20180116;000000;789;790;778.5;788;23789;18733605
UWGN;D;20180117;000000;784;789;783.5;787;20777;16365421.5
UWGN;D;20180118;000000;787;811;783;811;21366;16836751.5
UWGN;D;20180119;000000;789.5;811;786.5;811;25415;20045474
UWGN;D;20180122;000000;788.5;789.5;785.5;788.5;26566;20924501
UWGN;D;20180123;000000;789.5;789.5;783.5;787;25732;20270612
UWGN;D;20180124;000000;787;789;785.5;788.5;24131;19007404
UWGN;D;20180125;000000;789;789;784.5;788.5;205725;162115032.5
UWGN;D;20180126;000000;788.5;788.5;783.5;788.5;23018;18115293.5
UWGN;D;20180129;000000;789.5;789.5;785.5;789;27151;21376343.5
UWGN;D;20180130;000000;789.5;789.5;787;789;22898;18054662
UWGN;D;20180131;000000;789.5;790;787;790;23710;18685425
UWGN;D;20180201;000000;789.5;790.5;787.5;790.5;27541;21720611
UWGN;D;20180202;000000;787.5;789;783.5;789;24544;19318563
UWGN;D;20180205;000000;788;789;783.5;788.5;25761;20276133
UWGN;D;20180206;000000;789.5;789.5;783.5;788.5;20113;15857487
UWGN;D;20180207;000000;789;789.5;783.5;789.5;26149;20583280
UWGN;D;20180208;000000;789;789.5;785.5;789.5;26507;20887322
UWGN;D;20180209;000000;787.5;788.5;781;781;27523;21675343
UWGN;D;20180212;000000;787.5;789;783.5;786.5;28970;22817697.5
UWGN;D;20180213;000000;788.5;789;783.5;789;25346;19942312
UWGN;D;20180214;000000;789.5;789.5;780;787;26585;20930435.5
UWGN;D;20180215;000000;785;789.5;784;786;21473;16910684
UWGN;D;20180216;000000;787;788.5;780.5;788;23234;18283808
UWGN;D;20180219;000000;789;789;785;788;22432;17670282.5
UWGN;D;20180220;000000;789.5;789.5;784;786.5;29003;22832102
UWGN;D;20180221;000000;789;789;786;788;24888;19596634
UWGN;D;20180222;000000;786;788;786;787;23237;18292372.5
UWGN;D;20180226;000000;788;788.5;786;787.5;38655;30444593.5
UWGN;D;20180227;000000;787.5;788.5;765;765;22324;17565679.5
UWGN;D;20180228;000000;783;788;783;788;24325;19140853.5
UWGN;D;20180301;000000;785;788;760.5;775.5;24773;19455408.5
UWGN;D;20180302;000000;780;780;747;751.5;33322;25128235
UWGN;D;20180305;000000;754.5;754.5;744.5;753.5;27979;21071343.5
UWGN;D;20180306;000000;775.5;779;725;727;29727;21957878
UWGN;D;20180307;000000;730.5;743.5;723.5;728;29426;21730877
UWGN;D;20180309;000000;732;790;711;741;13887;10278847.5
UWGN;D;20180312;000000;752;817.5;752;817.5;55043;42804974.5
UWGN;D;20180313;000000;817.5;817.5;775.5;789.5;56562;44595652.5
UWGN;D;20180314;000000;789;790;760.5;790;52905;41664421.5
UWGN;D;20180315;000000;790;812;777;812;190383;150364593.5
UWGN;D;20180316;000000;785.5;789.5;761.5;761.5;81473;62882227.5
UWGN;D;20180319;000000;788;795;766.5;795;49523;39018276
UWGN;D;20180320;000000;795;800;779.5;783.5;22135;17396183.5
UWGN;D;20180321;000000;780.5;789;780;789;25527;20057032
UWGN;D;20180322;000000;783;787;766;774;28563;22335124.5
UWGN;D;20180323;000000;779;788;753;768;23018;17897420.5
UWGN;D;20180326;000000;783;783.5;741.5;748;31019;23477318.5
UWGN;D;20180327;000000;762;762;737;740;34798;25902151
UWGN;D;20180328;000000;732.5;748;731;747;29701;21911663.5
UWGN;D;20180329;000000;745;750.5;732.5;738;32293;23821377
UWGN;D;20180330;000000;739;740.5;731;735;22871;16791048.5
UWGN;D;20180402;000000;739;745.5;731;735;31469;23123702
UWGN;D;20180403;000000;731;753;728.5;739;31692;23292864
UWGN;D;20180404;000000;743;745;732;732;30339;22311162
UWGN;D;20180405;000000;733;742.5;729.5;729.5;25167;18540347
UWGN;D;20180406;000000;732.5;745;725;736;22608;16604595.5
UWGN;D;20180409;000000;735.5;744.5;650;720;29313;21724793.5
UWGN;D;20180410;000000;757.5;757.5;710.5;716.5;27988;20213685.5
UWGN;D;20180411;000000;724.5;724.5;674;678.5;316918;228051076
UWGN;D;20180412;000000;695;729.5;671.5;680;206348;139283512.5
UWGN;D;20180413;000000;680.5;689;612;631;44827;28950933.5
UWGN;D;20180416;000000;640.5;640.5;552.5;589.5;32877;18974070
UWGN;D;20180417;000000;609.5;672;580.5;672;27785;18134097.5
UWGN;D;20180418;000000;671.5;700;655;684.5;34114;23100187.5
UWGN;D;20180419;000000;680;698;670;675;30077;20900825
UWGN;D;20180420;000000;675;698;670;686.5;31061;21534873.5
UWGN;D;20180423;000000;651.5;752;624;720;30580;21591529
UWGN;D;20180424;000000;701;760;681;741.5;26151;19200255
UWGN;D;20180425;000000;726.5;759;726.5;746;27152;20398137
UWGN;D;20180426;000000;745;790;743.5;788;44442;34781679
UWGN;D;20180427;000000;788;817;763.5;767.5;22017;17157066
UWGN;D;20180428;000000;789;809;748.5;750;16236;12604188
UWGN;D;20180430;000000;795.5;795.5;720.5;720.5;15955;11789067
UWGN;D;20180502;000000;720.5;751;681;749;18379;12906728.5
UWGN;D;20180503;000000;721.5;777.5;721.5;770;30616;22797368.5
UWGN;D;20180504;000000;784.5;790;742;790;30117;23465395.5
UWGN;D;20180507;000000;787.5;788;755;766.5;22108;17142907
UWGN;D;20180508;000000;769.5;788;734;737;54324;42079990
UWGN;D;20180510;000000;749;749;711;739.5;21672;15936253
UWGN;D;20180511;000000;739.5;745;718;721.5;21332;15581152
UWGN;D;20180514;000000;724;732;706;721.5;21654;15493950.5
UWGN;D;20180515;000000;728.5;749;724.5;729.5;28247;20726676.5
UWGN;D;20180516;000000;737.5;789;737.5;753;610759;465473431
UWGN;D;20180517;000000;775;775;731.5;750;27463;20639395.5
UWGN;D;20180518;000000;750;754.5;730;754.5;18980;14103800
UWGN;D;20180521;000000;774;774;722.5;722.5;39144;29136556
UWGN;D;20180522;000000;723.5;723.5;688;694;34300;23866143
UWGN;D;20180523;000000;695;695;671;671;33620;22750326.5
UWGN;D;20180524;000000;674.5;689;671.5;673;25468;17152183.5
UWGN;D;20180525;000000;685.5;685.5;671;674.5;20549;13841715.5
UWGN;D;20180528;000000;686;686;670;672;31574;21247393
UWGN;D;20180529;000000;672;685;671.5;671.5;31326;21112070.5
UWGN;D;20180530;000000;667;682;667;670.5;23312;15643355
UWGN;D;20180531;000000;668;668.5;657.5;664;22724;15032233
UWGN;D;20180601;000000;669.5;670;644.5;650;33090;21817676.5
UWGN;D;20180604;000000;640.5;790;640.5;687;72277;52874004.5
UWGN;D;20180605;000000;699;699.5;655;655;37496;24962944.5
UWGN;D;20180606;000000;657.5;669;643.5;659;32706;21430881.5
UWGN;D;20180607;000000;651.5;666.5;651.5;656.5;8342;5488007.5
UWGN;D;20180608;000000;657;673;643;644;32827;21596699.5
UWGN;D;20180609;000000;665.5;666;641;649;31564;20500685
UWGN;D;20180611;000000;665.5;665.5;640.5;647;12678;8199196
UWGN;D;20180613;000000;647.5;698.5;647.5;668;10231;6888811
UWGN;D;20180614;000000;660;680;648.5;656.5;23158;15326925
UWGN;D;20180615;000000;657.5;673;650;673;29836;19548452.5
UWGN;D;20180618;000000;669;680;660;670;33347;22517003
UWGN;D;20180619;000000;649;680;649;674.5;32918;22243914
UWGN;D;20180620;000000;663.5;676;662;670;23408;15675774
UWGN;D;20180621;000000;652.5;671.5;652.5;671.5;27359;18167602
UWGN;D;20180622;000000;669.5;673;659;669;30649;20435843.5
UWGN;D;20180625;000000;652;667.5;650.5;659;33147;21759510.5
UWGN;D;20180626;000000;659;659.5;643.5;651.5;28712;18708536.5
UWGN;D;20180627;000000;647.5;659.5;646.5;651;11717;7634443
UWGN;D;20180628;000000;644.5;655;636;642.5;17159;11093069
UWGN;D;20180629;000000;638.5;649;636.5;644.5;10179;6533902
UWGN;D;20180702;000000;635.5;660;631.5;660;30620;19699698.5
UWGN;D;20180703;000000;646;657;633.5;638;31342;20193684.5
UWGN;D;20180704;000000;638.5;640;624;633.5;28420;18079776.5
UWGN;D;20180705;000000;634;645;620.5;645;33258;21105639.5
UWGN;D;20180706;000000;631;667;631;660;23229;15095131
UWGN;D;20180709;000000;655.5;658.5;610.5;613;38029;24133071
UWGN;D;20180710;000000;620;627.5;611;612;30713;18971284.5
UWGN;D;20180711;000000;617.5;617.5;596.5;598.5;32608;19645013
UWGN;D;20180712;000000;600;600;578.5;582.5;13255;7754356.5
UWGN;D;20180713;000000;579.5;588.5;572;572;9899;5728002
UWGN;D;20180716;000000;576.5;605;566.5;601.5;18565;10853113.5
UWGN;D;20180717;000000;602.5;633;596;623.5;33439;20604701.5
UWGN;D;20180718;000000;591;632;590;599;77885;46823473.5
UWGN;D;20180719;000000;596;600;575.5;575.5;54961;32548865.5
UWGN;D;20180720;000000;586;595.5;573.5;585;21395;12460228.5
UWGN;D;20180723;000000;582;593;566;568;27900;16224048
UWGN;D;20180724;000000;589;590;570;570;12022;6889899.5
UWGN;D;20180725;000000;574.5;577;556.5;565.5;18601;10556804
UWGN;D;20180726;000000;570;571;553;555.5;29726;16810797
UWGN;D;20180727;000000;555.5;579;550;553.5;30097;17194966.5
UWGN;D;20180730;000000;553.5;578;553.5;555;28068;15826969
UWGN;D;20180731;000000;555.5;564;550.5;552;14478;8053524
UWGN;D;20180801;000000;558;559;529.5;532;28955;16086567
UWGN;D;20180802;000000;533.5;536.5;502;533.5;36438;19051575.5
UWGN;D;20180803;000000;535;548;506;520.5;30499;16340038
UWGN;D;20180806;000000;542.5;568;542;563;129097;72785379.5
UWGN;D;20180807;000000;557.5;558;543;558;13758;7641121.5
UWGN;D;20180808;000000;556;559.5;539;540.5;28910;16050962
UWGN;D;20180809;000000;543.5;555;522;522;10652;5740115.5
UWGN;D;20180810;000000;526;550;516;535;30328;16222600.5
UWGN;D;20180813;000000;549.5;550;520.5;528;17200;9189390.5
UWGN;D;20180814;000000;535.5;549.5;521;523.5;20012;10558748
UWGN;D;20180815;000000;527.2;529.8;523.2;523.2;32150;16917383.4
UWGN;D;20180816;000000;523;553.6;516.2;541.4;31787;17277080.2
UWGN;D;20180817;000000;539.4;568;538;568;30361;16676276.6
UWGN;D;20180820;000000;571.4;573.8;558;568.6;28493;16175592.2
UWGN;D;20180821;000000;568.8;571.8;558.2;558.4;14324;8135435.8
UWGN;D;20180822;000000;554.6;568.6;540.4;551.8;74277;40850513.2
UWGN;D;20180823;000000;566.2;566.2;539;540.4;27619;15347062.4
UWGN;D;20180824;000000;547.2;560;523.6;533.4;12421;6654040.4
UWGN;D;20180827;000000;539.4;567.8;530;543.4;30378;16606020.4
UWGN;D;20180828;000000;554.4;554.4;533;537.4;16202;8718664.2
UWGN;D;20180829;000000;541.8;565;526.2;537;20557;11228230.4
UWGN;D;20180830;000000;542;558.8;530;549.8;24104;12922055.4
UWGN;D;20180831;000000;535.4;548.6;528.8;541.4;15509;8452668.2
UWGN;D;20180903;000000;537.6;541.6;537.6;541;19458;10521058.2
UWGN;D;20180904;000000;538;541.6;533;537.6;29040;15636118.6
UWGN;D;20180905;000000;539.8;541.2;531.6;541.2;13806;7363317.8
UWGN;D;20180906;000000;531.4;541.4;531.4;532;16155;8660387.6
UWGN;D;20180907;000000;531.6;539.8;518;525;31647;16578719.6
UWGN;D;20180910;000000;525;528.8;519.2;521.8;15990;8365881.4
UWGN;D;20180911;000000;522;522.8;501;501.2;32186;16256032.2
UWGN;D;20180912;000000;503;505;498.2;498.6;31025;15588168.4
UWGN;D;20180913;000000;499.4;499.4;475.8;481.8;32362;15764174.8
UWGN;D;20180914;000000;485.8;518.8;465;512;34473;17293205.8
UWGN;D;20180917;000000;518.8;523;500;523;31584;16085282.4
UWGN;D;20180918;000000;520.8;534;516.6;516.6;49258;25750672.2
UWGN;D;20180919;000000;520;531;510.8;518.4;32295;17011936.6
UWGN;D;20180920;000000;519;531;512.8;518.6;34012;17818710.6
UWGN;D;20180921;000000;519.4;525.4;516.4;525.4;19892;10316563
UWGN;D;20180924;000000;523.4;523.4;492.6;500;12502;6313885
UWGN;D;20180925;000000;519.2;519.2;465;465;40663;19468761.4
UWGN;D;20180926;000000;476.4;489.8;475.4;477;33652;16160578.8
UWGN;D;20180927;000000;478.2;482.2;464.4;470;21831;10256178
UWGN;D;20180928;000000;465.8;481.2;453.2;459;36388;16819007
UWGN;D;20181001;000000;461.2;464;449;455;34131;15562092
UWGN;D;20181002;000000;464.8;469.8;449;460.2;45914;21312818.6
UWGN;D;20181003;000000;465;496;456;470.2;46074;22059134.8
UWGN;D;20181004;000000;493.8;493.8;465;471;32338;15232308
UWGN;D;20181005;000000;469;479;454.2;460;32266;15011627
UWGN;D;20181008;000000;466.8;466.8;455.4;457;32911;15147244
UWGN;D;20181009;000000;456.2;467.6;452.8;460.2;44852;20692739.6
UWGN;D;20181010;000000;464.4;467.4;453.4;460;142879;65857974.8
UWGN;D;20181011;000000;452.4;463;444.6;451.2;51487;23430289.4
UWGN;D;20181012;000000;450;452.2;448.4;449;34306;15468927.8
UWGN;D;20181015;000000;454.6;464.8;446.2;448.6;27309;12430332.8
UWGN;D;20181016;000000;446.8;457.2;435;435.2;57273;25661397.2
UWGN;D;20181017;000000;435.6;459.6;435.4;457.2;34497;15649987
UWGN;D;20181018;000000;459.8;474.4;452.2;452.2;313451;144208795.2
UWGN;D;20181019;000000;454;463;418.6;418.6;37381;16845736.2
UWGN;D;20181022;000000;435;445;418;429.6;32691;14097061.2
UWGN;D;20181023;000000;439;448.6;422.2;427.6;19205;8279545
UWGN;D;20181024;000000;428.8;435;422.2;425.6;19004;8124614.4
UWGN;D;20181025;000000;424.8;430.2;422.2;423;1065141;456043098
UWGN;D;20181026;000000;423;427.2;419.4;423;19790;8344861.2
UWGN;D;20181029;000000;423.4;439.2;420.6;434;24574;10556466.6
UWGN;D;20181030;000000;425.6;438.8;425.6;430.8;17561;7607861.2
UWGN;D;20181031;000000;439;441.4;432.4;435.6;21200;9252400.8
UWGN;D;20181101;000000;426.2;430.8;425;428.6;20104;8605387
UWGN;D;20181102;000000;425;449;423.4;444.4;18214;7826580.8
UWGN;D;20181106;000000;441.2;460;425.8;425.8;27353;12186871.6
UWGN;D;20181107;000000;431.4;440;425.6;436.6;28059;12110691
UWGN;D;20181108;000000;431.2;436.4;429.6;433;26149;11374130.2
UWGN;D;20181109;000000;436;436;422;424.8;115238;49604965.6
UWGN;D;20181112;000000;433;433;421;422;27010;11484687
UWGN;D;20181113;000000;427.8;427.8;421.2;426.4;23798;10081773.4
UWGN;D;20181114;000000;439.2;439.2;420.4;422.2;29945;12749055.8
UWGN;D;20181115;000000;424.2;427.4;420;424.6;24209;10280550.8
UWGN;D;20181116;000000;424;427.2;422;424.8;329783;139825636.2
UWGN;D;20181119;000000;427;430;420;424;15973;6777777.6
UWGN;D;20181120;000000;422.4;431.8;420.4;430;13128;5576223
UWGN;D;20181121;000000;425.4;432.2;425;428;25258;10897486.6
UWGN;D;20181122;000000;435.6;435.6;425.4;425.4;24013;10343988.4
UWGN;D;20181123;000000;426;426;414.6;414.8;25952;10841162.8
UWGN;D;20181126;000000;415;418;400.2;406.8;24903;10176174.6
UWGN;D;20181127;000000;424.6;424.6;406.2;408;15591;6421748.8
UWGN;D;20181128;000000;423.4;423.4;400.8;414;21025;8655232.8
UWGN;D;20181129;000000;421;426.4;410;411;15330;6305518.6
UWGN;D;20181130;000000;408.4;414.4;403.8;411.2;16323;6709495
UWGN;D;20181203;000000;409.2;415.2;403.8;412;15468;6344482.8
UWGN;D;20181204;000000;412.2;420;405.4;406.2;24806;10100285.8
UWGN;D;20181205;000000;405;408.8;402.4;402.6;27346;11059365.6
UWGN;D;20181206;000000;409;409;396;398;77897;30945209.6
UWGN;D;20181207;000000;400.2;405.6;396.2;396.2;25968;10378804
UWGN;D;20181210;000000;398.2;409;396.6;399.2;25055;10028079.2
UWGN;D;20181211;000000;401.6;407.6;384;389.8;26023;10322877.6
UWGN;D;20181212;000000;395;395;380;384.8;16237;6216125.6
UWGN;D;20181213;000000;378;381.4;363;363;21584;7990281
UWGN;D;20181214;000000;371.4;376;354.2;375.6;21982;7991982
UWGN;D;20181217;000000;376;395;371.4;391;2667;1026049.8
UWGN;D;20181218;000000;388.2;407;383.4;407;342867;132818090.6
UWGN;D;20181219;000000;406.8;414.4;393;410;25265;10266245.2
UWGN;D;20181220;000000;403.4;420;381.6;381.6;26754;10984712.4
UWGN;D;20181221;000000;392.8;417.8;385;417.8;20512;8020743.2
UWGN;D;20181224;000000;413.8;420;403.2;407;18605;7615932.8
UWGN;D;20181225;000000;401.8;401.8;387.6;392;15805;6215541.6
UWGN;D;20181226;000000;392.2;418;386.8;401.8;15415;6228268.6
UWGN;D;20181227;000000;407.2;412.6;398.2;399.4;25196;10141319.6
UWGN;D;20181228;000000;400.6;414.4;395.8;401.6;15954;6477351.4
UWGN;D;20181229;000000;399.4;408.8;395.8;397;9985;4026072.2
UWGN;D;20190103;000000;405;407.6;395.2;400.6;10111;4053973.8
UWGN;D;20190104;000000;404.6;404.6;394;398.6;10181;4061305.4
UWGN;D;20190108;000000;399.6;404.8;394.4;398.8;10272;4111885.2
UWGN;D;20190109;000000;399.4;412;391.6;394.8;19002;7576486.2
UWGN;D;20190110;000000;399;399.2;394;395.2;25314;10045594.2
UWGN;D;20190111;000000;390.6;398.8;390.6;393.2;23791;9422542
UWGN;D;20190114;000000;392.4;397.2;390.2;396.8;21187;8314070.4
UWGN;D;20190115;000000;392.8;404.6;390.4;395;26905;10749836.2
UWGN;D;20190116;000000;402;402;393.4;395.8;22362;8859436.6
UWGN;D;20190117;000000;401.2;401.6;395.6;397.8;18060;7224744.2
UWGN;D;20190118;000000;398.4;400.8;397;397.6;13789;5507541.2
UWGN;D;20190121;000000;400;400.8;397.4;400.8;13186;5256519.6
UWGN;D;20190122;000000;396.2;402;396.2;400;16451;6571426.8
UWGN;D;20190123;000000;399.4;402;398.2;399.8;25815;10327711
UWGN;D;20190124;000000;401;407.4;399;404;27147;10970520
UWGN;D;20190125;000000;401;406.6;400;403.2;13150;5302505
UWGN;D;20190128;000000;405;410.6;403.2;403.8;18112;7339603.2
UWGN;D;20190129;000000;409.8;409.8;398;400.4;14713;5899891.6
UWGN;D;20190130;000000;401;401;396;399;26457;10560081.6
UWGN;D;20190131;000000;401.4;401.4;394;394.8;13344;5296787
UWGN;D;20190201;000000;394.9;400;390;399.9;27627;10917926.5
UWGN;D;20190204;000000;401;410.1;397.5;399.9;129815;51868986.1
UWGN;D;20190205;000000;403.4;460.5;402;449.9;33831;14769990.3
UWGN;D;20190206;000000;461.1;541.8;423.4;522.5;71882;35622071.5
UWGN;D;20190207;000000;532.9;748;525;641.2;227264;149803343.7
UWGN;D;20190208;000000;616.5;717.8;550;550;112552;69447403.8
UWGN;D;20190211;000000;561;583;504.5;506.5;39546;20731357.6
UWGN;D;20190212;000000;507.2;578;481.3;522.1;43375;23376362.1
UWGN;D;20190213;000000;525.5;540;513;516.9;19791;10348603
UWGN;D;20190214;000000;507.9;529;498.2;504.1;20696;10564192.3
UWGN;D;20190215;000000;504.1;524.7;470;488.2;21781;10727176.8
UWGN;D;20190218;000000;498;525;473.6;497;13671;6852443.6
UWGN;D;20190219;000000;501.1;515;494;496.3;5813;2910082.7
UWGN;D;20190220;000000;490.4;515.3;471.3;496.3;16312;8176226.1
UWGN;D;20190221;000000;500.2;509.9;494;494;14126;7019678.4
UWGN;D;20190222;000000;476.1;519.9;476.1;493.3;12703;6310071.9
UWGN;D;20190225;000000;537.9;537.9;490;494.4;17276;8567346.6
UWGN;D;20190226;000000;501;504;488.6;493.7;21538;10633645.3
UWGN;D;20190227;000000;497.9;500;486.4;489.1;20445;10056123.9
UWGN;D;20190228;000000;489.9;493.2;486.1;493.2;13788;6751117.9
UWGN;D;20190301;000000;488;501.6;487;487.1;16471;8066334.8
UWGN;D;20190304;000000;488;493.8;477.2;487;21517;10409531.4
UWGN;D;20190305;000000;480;489;477;488.6;13149;6414346
UWGN;D;20190306;000000;479;489;477;483.3;16718;8101053.7
UWGN;D;20190307;000000;480;490;479;480;13621;6635564.9
UWGN;D;20190311;000000;484.5;490;398.3;481.3;15605;7501726.4
UWGN;D;20190312;000000;483;484.4;479.9;482.5;13637;6595236.2
UWGN;D;20190313;000000;483.6;485.1;475.3;484.9;10819;5239354.9
UWGN;D;20190314;000000;485;485;481.3;482.5;11414;5518910.1
UWGN;D;20190315;000000;480.4;488.3;476.3;476.3;9426;4543869
UWGN;D;20190318;000000;477;489;475.3;477.2;15670;7556857.2
UWGN;D;20190319;000000;479.6;490;478;483;11010;5327241.1
UWGN;D;20190320;000000;480;485;478;479.3;10790;5180071.5
UWGN;D;20190321;000000;479.4;485;468;478.6;11191;5362653.3
UWGN;D;20190322;000000;485;485;475.1;480;11684;5609977
UWGN;D;20190325;000000;510;520;465;471.8;11429;5505184.4
UWGN;D;20190326;000000;471.8;474.7;464.6;466.4;11330;5339083.1
UWGN;D;20190327;000000;464.5;467.1;444.1;444.4;11444;5146365.3
UWGN;D;20190328;000000;444.7;462.9;428.9;449;12095;5323471.4
UWGN;D;20190329;000000;405.5;449.9;405.5;428.5;14933;6424917.7
UWGN;D;20190401;000000;432;440.6;422.1;425;11960;5104253.9
UWGN;D;20190402;000000;429.7;439.9;422.8;432.1;11738;5065198.5
UWGN;D;20190403;000000;428.1;438.7;426.3;431.3;11835;5108361.1
UWGN;D;20190404;000000;430;432.5;423.4;429.8;11768;5048200.1
UWGN;D;20190405;000000;437.9;437.9;427.8;428.1;11868;5136208.2
UWGN;D;20190408;000000;442.6;509;430.7;445.8;42904;20113308.1
UWGN;D;20190409;000000;469.8;489.9;442.4;459;10463;4908180.7
UWGN;D;20190410;000000;468.9;480;441.4;447.6;5254;2363753.7
UWGN;D;20190411;000000;458;458;428;431.3;11944;5177147
UWGN;D;20190412;000000;431;436;428;429;9444;4070042.9
UWGN;D;20190415;000000;428.5;437;427.8;428.3;12273;5298678.8
UWGN;D;20190416;000000;427.7;439;427;427.8;11538;4943423.7
UWGN;D;20190417;000000;430.7;436.3;424.1;430.4;12140;5235033
UWGN;D;20190418;000000;430;433.2;426;428.9;10984;4723777.1
UWGN;D;20190419;000000;440;440;427.4;430;11061;4786067.3
UWGN;D;20190422;000000;439;439;427.8;431.2;11339;4889440.4
UWGN;D;20190423;000000;430.6;432.6;425;432;11253;4813193.7
UWGN;D;20190424;000000;434;444;426.5;444;12273;5307441.3
UWGN;D;20190425;000000;444;451;433.1;451;13610;5934165
UWGN;D;20190426;000000;442.2;442.2;428.7;438;13008;5671787.8
UWGN;D;20190429;000000;439;454.9;433;454.9;11727;5140226.8
UWGN;D;20190430;000000;437.1;448.5;422.8;425.7;14377;6180726.7
UWGN;D;20190502;000000;428;428;412.5;420.5;5308;2237393.2
UWGN;D;20190503;000000;421.6;424.3;410.4;415.9;12529;5291150.3
UWGN;D;20190506;000000;416.9;416.9;405;406;4713;1924288.9
UWGN;D;20190507;000000;405.2;406.4;402.3;405.9;536;216803.9
UWGN;D;20190508;000000;406.3;407.3;400.9;403.4;338;136687.7
UWGN;D;20190510;000000;401.2;404.9;400;403.4;607;243149.2
UWGN;D;20190513;000000;407.2;408.2;402.3;403.8;558;225762.5
UWGN;D;20190514;000000;401.2;409;400.7;402.2;2128;864512.5
UWGN;D;20190515;000000;400.3;405.5;400.2;404;1275;512993
UWGN;D;20190516;000000;405.7;429.8;405.7;408.9;1561;640182.7
UWGN;D;20190517;000000;409.8;409.9;398.6;404;806;326348.2
UWGN;D;20190520;000000;403.3;408;402;402;562;226762.5
UWGN;D;20190521;000000;411.9;411.9;390;396.6;1914;760182.3
UWGN;D;20190522;000000;398.5;404.8;395;403;1557;619387.3
UWGN;D;20190523;000000;403;403.9;399;403.7;732;294357.7
UWGN;D;20190524;000000;404.6;407;396.4;401.8;2006;807863.2
UWGN;D;20190527;000000;405.9;406.8;399.3;401.2;568;227713.3
UWGN;D;20190528;000000;401.4;406.8;401.4;406.8;363;146945.1
UWGN;D;20190529;000000;408.9;409;400;401.8;1033;415633.3
UWGN;D;20190530;000000;404.6;404.6;400.1;403;154;61921.7
UWGN;D;20190531;000000;400.2;405.6;400.1;403.5;121;48736
UWGN;D;20190603;000000;401.3;404.6;399.8;402;709;284528.5
UWGN;D;20190604;000000;401.7;404.9;400.1;401.7;554;221966.9
UWGN;D;20190605;000000;402.1;404.3;402.1;404.2;411;165968.3
UWGN;D;20190606;000000;399.6;406.9;399.5;404.4;420;169318.6
UWGN;D;20190607;000000;400.8;403.3;400.1;402.6;637;255302.1
UWGN;D;20190610;000000;404;404;401.1;403.4;203;81743.3
UWGN;D;20190611;000000;400.6;403;399.7;399.7;926;370721.1
UWGN;D;20190613;000000;400;402.8;399.6;401.5;250;100171.8
UWGN;D;20190614;000000;399.9;403;398.8;400.7;533;213313.1
UWGN;D;20190617;000000;399.1;402.8;394;402.8;2734;1090649.2
UWGN;D;20190618;000000;402.9;406;400.2;406;1973;799177.5
UWGN;D;20190619;000000;405.9;408;402.9;408;2511;1020942.8
UWGN;D;20190620;000000;408.9;409.9;400.5;403.1;883;356931.3
UWGN;D;20190621;000000;406.8;406.8;402.6;405.4;170;68898.1
UWGN;D;20190624;000000;405.2;405.2;401.2;404.4;339;136710.9
UWGN;D;20190625;000000;401.2;406.9;398.2;406.6;562;225768.9
UWGN;D;20190626;000000;406.6;407.7;401.1;402.6;605;244069.1
UWGN;D;20190627;000000;404.1;405.1;401.9;404;385;155419.3
UWGN;D;20190628;000000;406.4;417;401.2;417;2011;835208.4
UWGN;D;20190701;000000;408.7;417;396.6;400.9;5057;2030526.1
UWGN;D;20190702;000000;400.1;401.1;400.1;400.1;831;333019.4
UWGN;D;20190703;000000;400;404.5;398.7;404.3;2499;1004188.3
UWGN;D;20190704;000000;401.4;407.6;399.6;403.5;604;242745.1
UWGN;D;20190705;000000;403.5;404.5;400.2;401.9;166;66655.5
UWGN;D;20190708;000000;402;403.2;398.4;402.6;1786;716771.7
UWGN;D;20190709;000000;402.6;410.5;396.6;401.4;4828;1930673.4
UWGN;D;20190710;000000;400.2;401.6;395.2;401.6;2624;1050957.3
UWGN;D;20190711;000000;401;401.4;400.2;400.4;3252;1303154
UWGN;D;20190712;000000;400;403.7;400;400.8;441;176658.2
UWGN;D;20190715;000000;403.8;403.8;397.5;401.2;174;69689.6
UWGN;D;20190716;000000;400.1;403.5;399.1;400.7;2415;966827.6
UWGN;D;20190717;000000;400.5;402.8;400.5;401.9;311;124603.8
UWGN;D;20190718;000000;397.1;403.8;397.1;401.6;761;304861.2
UWGN;D;20190719;000000;399.1;402.8;399.1;401.6;485;194794.6
UWGN;D;20190722;000000;399.6;403;397.6;400;2192;877735.7
UWGN;D;20190723;000000;403.6;403.6;401;401.9;1517;608866.5
UWGN;D;20190724;000000;400.6;402;400.5;401.5;522;209267
UWGN;D;20190725;000000;402.3;403.2;400;401;738;296510
UWGN;D;20190726;000000;401.3;403.2;400.2;400.2;265;106379
UWGN;D;20190729;000000;400.4;402.8;400.1;400.7;371;148902.7
UWGN;D;20190730;000000;400.7;401;400;400.4;246;98535.5
UWGN;D;20190731;000000;401.2;426;401;408.5;23021903;9783120004.1
UWGN;D;20190801;000000;410.1;410.1;399.4;402.3;6998;2822226.1
UWGN;D;20190802;000000;402.2;403.1;399.5;399.5;2779;1113314.6
UWGN;D;20190805;000000;402.6;402.8;395.4;397.9;1223;488855.3
UWGN;D;20190806;000000;399.6;399.6;390;394.7;2407;947365.4
UWGN;D;20190807;000000;394.9;395;385;387.7;2387;928587.1
UWGN;D;20190808;000000;390.1;397.8;383;397;5149;2013873.9
UWGN;D;20190809;000000;397.6;400.2;388;392.7;1133;447809.2
UWGN;D;20190812;000000;398.4;398.4;388;395.5;2305;905024.3
UWGN;D;20190813;000000;390.7;396.7;390.7;394.5;282;110684.9
UWGN;D;20190814;000000;392.6;397.9;388.2;388.5;339;132602.2
UWGN;D;20190815;000000;385.3;392.2;380.3;383.9;4728;1819745.8
UWGN;D;20190816;000000;381.1;381.1;358.8;360;13194;4867671.3
UWGN;D;20190819;000000;366;388;360.2;386.4;7445;2785405.5
UWGN;D;20190820;000000;383.8;383.8;373.5;376;1896;713895.2
UWGN;D;20190821;000000;381.9;381.9;372.2;372.8;454;169911.4
UWGN;D;20190822;000000;372.2;374.6;361;361;3510;1291205.7
UWGN;D;20190823;000000;364.6;375;361.9;371.9;2833;1048267
UWGN;D;20190826;000000;373.8;374;366.6;369.9;575;213161.6
UWGN;D;20190827;000000;369.1;376.1;367;373.3;766;283643
UWGN;D;20190828;000000;369.5;373.1;369.3;371.1;1109;412404.8
UWGN;D;20190829;000000;371.5;373;368.4;370;1286;475685.1
UWGN;D;20190830;000000;371.6;378.1;365.6;371.9;1907;707111.8
UWGN;D;20190902;000000;373;373;360;364.3;7105;2582153.5
UWGN;D;20190903;000000;365;374.8;361.4;371.8;3187;1169913.9
UWGN;D;20190904;000000;371.8;374.7;369.9;372.8;1577;587703.9
UWGN;D;20190905;000000;369.6;373;362.3;372.5;810;298727.7
UWGN;D;20190906;000000;372.6;374;366.6;368.7;1395;516373.7
UWGN;D;20190909;000000;372.8;380;367.8;369.4;1453;540078.9
UWGN;D;20190910;000000;370;370;362;366;2374;867488.6
UWGN;D;20190911;000000;365.5;369.5;365.5;368.7;421;154805.8
UWGN;D;20190912;000000;367.8;388;360.5;367.2;9073489;3322979571.2
UWGN;D;20190913;000000;378.8;378.8;368;372.9;1855;690219
UWGN;D;20190916;000000;370;370;364.1;369.1;2418;887052.2
UWGN;D;20190917;000000;369.1;371;367.5;368.5;1296;478729.6
UWGN;D;20190918;000000;367.3;370.5;366.2;368;758;278759.7
UWGN;D;20190919;000000;369;369.8;365.5;367.8;980;360101.9
UWGN;D;20190920;000000;366.2;369.2;356.2;356.2;9613;3430633
UWGN;D;20190923;000000;367.7;370.8;362.1;369.8;2041;748158.2
UWGN;D;20190924;000000;369.9;369.9;365;367.5;533;195486.6
UWGN;D;20190925;000000;368.8;368.8;362;364.5;640;232813.5
UWGN;D;20190926;000000;363.1;367;362;365.8;480;174538.1
UWGN;D;20190927;000000;365.8;365.8;349.6;352.7;14204;5032019.1
UWGN;D;20190930;000000;357.7;360;351.6;355.9;10749;3832448.1
UWGN;D;20191001;000000;358.5;360;356.6;358.4;2783;997224.9
UWGN;D;20191002;000000;358.1;359.8;353.3;355.9;791;281300.5
UWGN;D;20191003;000000;352.1;357.7;351;353.2;787;277205.3
UWGN;D;20191004;000000;356.2;356.2;350.4;352.6;571;201147.7
UWGN;D;20191007;000000;355.3;355.3;348;351.3;2126;747107.4
UWGN;D;20191008;000000;348.8;352.4;348.2;350;2366;828051.7
UWGN;D;20191009;000000;351.6;351.8;350;351.6;135;47344.4
UWGN;D;20191010;000000;351.2;351.2;348.4;350;736;257334.9
UWGN;D;20191011;000000;349.8;350.7;341.1;341.1;1029;356463.5
UWGN;D;20191014;000000;347.7;347.7;330;330.4;3819;1278442.3
UWGN;D;20191015;000000;331.8;339.7;331.6;338;793;265845.6
UWGN;D;20191016;000000;335.3;370;335.3;346.6;13767;4921445.2
UWGN;D;20191017;000000;346.5;351.9;344.1;347.5;1393;484419.3
UWGN;D;20191018;000000;346.6;348.2;342;346.3;606;208944.4
UWGN;D;20191021;000000;341.6;346.2;341.2;342.9;440;151028.2
UWGN;D;20191022;000000;342.9;344.8;335;339;3068;1041588.2
UWGN;D;20191023;000000;337.1;344.6;337.1;340.9;992;337742.4
UWGN;D;20191024;000000;340.5;342.6;333.2;337.7;2708;912306.3
UWGN;D;20191025;000000;336.1;340.7;335.2;336.2;487;163643.4
UWGN;D;20191028;000000;339;339;335;336.5;288;97066.9
UWGN;D;20191029;000000;339;340.7;333.3;337.4;1120;377000.5
UWGN;D;20191030;000000;337.5;359;335.8;351.8;6890;2406714.7
UWGN;D;20191031;000000;358;358.9;345.2;351.1;1594;559743.5
UWGN;D;20191101;000000;344.4;352;344.2;349;1329;460619.9
UWGN;D;20191105;000000;350;350;345;349.4;694;241356.6
UWGN;D;20191106;000000;345.7;352;345.7;349.6;530;186002
UWGN;D;20191107;000000;349.5;355;342;348;2979;1031052.1
UWGN;D;20191108;000000;347.2;359;347;354.6;5569;1969083.2
UWGN;D;20191111;000000;355.6;363;354.6;355.9;6479;2317431.3
UWGN;D;20191112;000000;354.6;363;350;352.8;1075;382500.3
UWGN;D;20191113;000000;350.2;358;344.1;344.1;2577;902223.1
UWGN;D;20191114;000000;359.5;359.7;344.2;348.2;2275;793799.5
UWGN;D;20191115;000000;344.2;350;344;348.9;549;191609.9
UWGN;D;20191118;000000;350;355;344.4;354.3;599;211653.7
UWGN;D;20191119;000000;345.6;354.9;345.5;349.9;1006;353839
UWGN;D;20191120;000000;355;355;347.7;348.5;656;228958.7
UWGN;D;20191121;000000;350.6;350.6;345.5;348.3;730;254241.2
UWGN;D;20191122;000000;349.5;349.5;343.7;347.4;1038;359613.4
UWGN;D;20191125;000000;348;352.2;347.3;349;398;139018.8
UWGN;D;20191126;000000;349.5;349.5;342.1;344.2;1363;470739
UWGN;D;20191127;000000;348.8;349.2;345.2;347.4;739;256691.7
UWGN;D;20191128;000000;345.3;347.5;343.2;345.8;617;212905.4
UWGN;D;20191129;000000;344.1;348.8;344.1;345.1;1019;352171.2
UWGN;D;20191202;000000;344.1;346.6;337;340.7;2287;779739.6
UWGN;D;20191203;000000;342.9;343;337.1;338.4;1961;665617.5
UWGN;D;20191204;000000;337.4;344.8;337.4;343.2;1242;423144.6
UWGN;D;20191205;000000;343.5;343.6;338.3;342.9;369;126120.5
UWGN;D;20191206;000000;344.7;344.7;339;340.3;502;171685.9
UWGN;D;20191209;000000;339;340;332;337.5;2765;930070.4
UWGN;D;20191210;000000;335.3;339.4;335.3;338.4;1576;531925.5
UWGN;D;20191211;000000;339.2;339.2;335.6;337;863;291424.4
UWGN;D;20191212;000000;338.9;344.9;333.3;336.9;1785;601745.7
UWGN;D;20191213;000000;338.8;338.8;331;334.2;3977;1332218.7
UWGN;D;20191216;000000;333.5;344.9;331.2;334;4136;1397135.9
UWGN;D;20191217;000000;333.3;337.1;329;329.9;7704;2552174.6
UWGN;D;20191218;000000;332.8;332.8;324.1;328;6174;2025708.7
UWGN;D;20191219;000000;327.4;330.2;323.8;324;2791;909299.3
UWGN;D;20191220;000000;326.7;326.7;321.9;323.7;2518;813506.5
UWGN;D;20191223;000000;323;323;320.3;320.6;2887;927563.3
UWGN;D;20191224;000000;324;324;316.5;319.2;6023;1927324.6
UWGN;D;20191225;000000;317.9;324;317.1;322.3;3921;1257774.3
UWGN;D;20191226;000000;321.7;333.8;321;328;6572;2148835.5
UWGN;D;20191227;000000;323.1;328;320;320.5;7042;2263934.5
UWGN;D;20191230;000000;323.2;326.3;313.3;313.3;19269;6078152.8
UWGN;D;20200103;000000;315.9;321;313;321;7026;2225684.1
UWGN;D;20200106;000000;321.2;326;318.7;318.7;2233;719955.2
UWGN;D;20200108;000000;319.1;321.5;307.8;318.5;5366;1688622.4
UWGN;D;20200109;000000;317;318.7;315.4;318.4;3429;1090084.5
UWGN;D;20200110;000000;319.9;321.6;317.1;321.3;2516;802387.6
UWGN;D;20200113;000000;319.2;327.7;319.2;322.5;5561;1796601.6
UWGN;D;20200114;000000;325.1;334.3;322.1;332.7;7711;2543546.1
UWGN;D;20200115;000000;334;335;327.1;331.5;13104;4371051.8
UWGN;D;20200116;000000;334.9;334.9;329;329;3285;1090131.9
UWGN;D;20200117;000000;333.9;333.9;321;325;13681;4436301.5
UWGN;D;20200120;000000;324.5;330;324.4;328.4;9774;3196445.6
UWGN;D;20200121;000000;324.5;335;324.5;334;4363;1440110.3
UWGN;D;20200122;000000;335;335;328.1;329;7521;2504002.1
UWGN;D;20200123;000000;329;335;328;333;6019;2006012.7
UWGN;D;20200124;000000;330.9;334.4;329.1;331;6637;2194709.6
UWGN;D;20200127;000000;331;332.9;320;328.9;9376;3057840.2
UWGN;D;20200128;000000;330;331;327;328;2429;797605.5
UWGN;D;20200129;000000;330.7;331.4;324.7;326.2;1478;482605.8
UWGN;D;20200130;000000;328.9;330.9;327.1;329.3;3188;1048608.1
UWGN;D;20200131;000000;329.3;331.4;326;326.6;888;290613.9
UWGN;D;20200203;000000;324.8;328.8;320;326.7;1321;432351
UWGN;D;20200204;000000;329.4;329.7;323.1;326.6;1170;382174.4
UWGN;D;20200205;000000;327.5;331.7;326.9;327.3;1154;379554.7
UWGN;D;20200206;000000;328.9;331.9;327.9;327.9;684;225039.2
UWGN;D;20200207;000000;330;330;324.5;326;1953;638798.7
UWGN;D;20200210;000000;323.6;329.1;323.3;327.6;946;308284.4
UWGN;D;20200211;000000;325.2;329;325.2;326.2;175;57180.5
UWGN;D;20200212;000000;328.9;328.9;323.1;325.6;3010;978619.8
UWGN;D;20200213;000000;324.9;326.2;322.7;325;1042;338574.8
UWGN;D;20200214;000000;325;326;322.5;324.5;5885;1916357.8
UWGN;D;20200217;000000;323.1;326;322.3;325;4064;1322144.6
UWGN;D;20200218;000000;325.9;326;324;325.8;4748;1545879.7
UWGN;D;20200219;000000;326;326;324.5;325.9;4903;1597033.7
UWGN;D;20200220;000000;328.5;328.5;324;325;3648;1187774.4
UWGN;D;20200221;000000;325.9;325.9;319.2;319.2;9353;3007647.3
UWGN;D;20200225;000000;319.3;325.4;315.9;316.6;2690;854934.2
UWGN;D;20200226;000000;316.2;316.5;307;313.5;5061;1574638.9
UWGN;D;20200227;000000;311.1;315;295;298.9;7610;2308963
UWGN;D;20200228;000000;293.7;293.7;280;290.5;7361;2114378
UWGN;D;20200302;000000;293.7;302.2;293.7;294.2;1467;435442.6
UWGN;D;20200303;000000;302.7;305;294.6;300;599;180242.8
UWGN;D;20200304;000000;305.7;306;299;299;2087;631803.9
UWGN;D;20200305;000000;305.9;307.1;294;296;1268;380712.5
UWGN;D;20200306;000000;295.3;306.9;282.2;288.9;5393;1599263.2
UWGN;D;20200310;000000;260;283;257.5;276;3661;994000.2
UWGN;D;20200311;000000;280;282.7;269;274;2911;810611.7
UWGN;D;20200312;000000;271.5;271.5;250;250;3761;961145.6
UWGN;D;20200313;000000;248.1;260;240;260;4849;1225895.8
UWGN;D;20200316;000000;260;260;232.3;242;4449;1095261
UWGN;D;20200317;000000;247;247.9;237.1;241.2;2693;648452.7
UWGN;D;20200318;000000;237.5;243.6;203;209.9;13713;2990897.9
UWGN;D;20200319;000000;213.2;217.5;209.1;217.4;2695;572559.9
UWGN;D;20200320;000000;219.3;230.3;209.3;221;5857;1308011
UWGN;D;20200323;000000;218.1;221.9;210.1;218.7;1222;266397.2
UWGN;D;20200324;000000;222;229;217.6;228.7;2572;579931.1
UWGN;D;20200325;000000;230.8;234;224;227.7;2852;659783.2
UWGN;D;20200326;000000;225;230.9;225;226;1446;329892.7
UWGN;D;20200327;000000;226;231.1;226;227.8;795;181219.9
UWGN;D;20200330;000000;222.1;229;222;224.3;2137;481583.5
UWGN;D;20200331;000000;224.6;233.2;224.1;227.6;2159;491300.7
UWGN;D;20200401;000000;227.5;232.6;225.3;232.6;925;213530.6
UWGN;D;20200402;000000;235;238;230;232.7;3014;708952.6
UWGN;D;20200403;000000;237.3;245;234.9;239.8;1551;371375.1
UWGN;D;20200406;000000;239.7;244.9;236.6;244;1268;306974.5
UWGN;D;20200407;000000;245;267;245;252.1;11155;2870061
UWGN;D;20200408;000000;252.1;257.4;244.5;251.9;4993;1245409
UWGN;D;20200409;000000;251.7;267;251;267;7963;2092372.4
UWGN;D;20200410;000000;267.9;284.9;242.5;251.7;47532;12254941.4
UWGN;D;20200413;000000;256.7;257;243.5;246.5;21261;5269942.4
UWGN;D;20200414;000000;245.1;249.4;243.4;246.7;3933;971100.6
UWGN;D;20200415;000000;244.9;248.9;241.1;241.1;3282;795725.4
UWGN;D;20200416;000000;241.1;248;239.2;241.5;2801;675231
UWGN;D;20200417;000000;239.4;245.7;237.2;242.3;2197;528063.4
UWGN;D;20200420;000000;242.3;246.2;240.1;241.9;676;163980.6
UWGN;D;20200421;000000;241.1;241.1;234;239;1909;451212.1
UWGN;D;20200422;000000;237;247;235.2;242.1;4280;1033930.2
UWGN;D;20200423;000000;244;245;238.8;244.9;2016;487509.1
UWGN;D;20200424;000000;244;245;240.2;240.2;1477;359393.6
UWGN;D;20200427;000000;240.6;246.1;235.4;242.9;1191;285906.6
UWGN;D;20200428;000000;240.9;246.6;240.9;243.7;1069;262325.4
UWGN;D;20200429;000000;247.8;247.8;240.7;243.9;2573;624302.2
UWGN;D;20200430;000000;243.9;248.4;241.5;242.9;6277;1544062.7
UWGN;D;20200504;000000;247.7;247.7;240.3;240.9;1267;306230.4
UWGN;D;20200505;000000;241.4;246.4;240.5;243.9;1050;254998.6
UWGN;D;20200506;000000;245;257.9;241;250.7;24170;5993933.3
UWGN;D;20200507;000000;258.7;269.9;246.1;249.5;20378;5139760
UWGN;D;20200508;000000;249.9;253;243.3;251.2;10730;2668318.2
UWGN;D;20200512;000000;251.9;257.8;245;249.6;3215;800416.9
UWGN;D;20200513;000000;249.6;253.3;246;246;1405;348983.7
UWGN;D;20200514;000000;249;249;243.9;245.1;1732;425995
UWGN;D;20200515;000000;244.6;248.7;240.2;243.9;3281;801703.3
UWGN;D;20200518;000000;243.3;245.9;241;243;1556;377541.5
UWGN;D;20200519;000000;245.4;248.7;243;244.2;4884;1197127.9
UWGN;D;20200520;000000;246.1;246.1;239;244.4;8822;2136317.7
UWGN;D;20200521;000000;243.5;245;241.1;244;1854;451260.3
UWGN;D;20200522;000000;242.4;243.6;239;240.6;5720;1374370.6
UWGN;D;20200525;000000;240.5;244.3;240.1;242;3446;835396.8
UWGN;D;20200526;000000;244.9;251;241;243.7;10474;2568964.8
UWGN;D;20200527;000000;245;245;240;242.7;4277;1034921.6
UWGN;D;20200528;000000;242.9;243;240;242.6;2532;613309
UWGN;D;20200529;000000;242.4;243.3;240.1;242.4;4718;1140649.2
UWGN;D;20200601;000000;246.3;246.4;238;244;2374;573021.9
UWGN;D;20200602;000000;242.9;243.7;240;242.3;5123;1239335.9
UWGN;D;20200603;000000;245;245.3;241.7;243.7;14556;3547879
UWGN;D;20200604;000000;242.8;244;241.8;243;2594;631651.3
UWGN;D;20200605;000000;246.6;246.6;241.5;242.2;3550;861639.5
UWGN;D;20200608;000000;242;245;240.3;243.5;9011;2188310.8
UWGN;D;20200609;000000;244.8;244.8;239.2;242.1;4658;1132032.1
UWGN;D;20200610;000000;241.1;245;241.1;243.2;4824;1174441.7
UWGN;D;20200611;000000;246;246;240.4;241.4;3135;760476
UWGN;D;20200615;000000;240.5;245.2;240;241.7;1110;268235.8
UWGN;D;20200616;000000;244.9;244.9;238.5;240.2;16368;3936532.7
UWGN;D;20200617;000000;241.2;241.2;237;237.4;7116;1700478.8
UWGN;D;20200618;000000;237.9;238.7;237.1;237.9;2992;711920
UWGN;D;20200619;000000;236.5;241.8;235.5;235.5;7057;1676325.1
UWGN;D;20200622;000000;241.9;242.5;237.1;240;2849;684036.7
UWGN;D;20200623;000000;235.2;242.2;235.2;238;2209;526197.5
UWGN;D;20200625;000000;237.6;239;236;237.7;2150;511267.9
UWGN;D;20200626;000000;237;238.5;234.3;237.1;2561;605666.4
UWGN;D;20200629;000000;234;237.8;234;237.5;1838;434570.8
UWGN;D;20200630;000000;237;239.6;235.2;237.7;2467;584855.5
UWGN;D;20200702;000000;241.8;241.8;236.3;236.5;1714;406799.9
UWGN;D;20200703;000000;237.5;240.8;235.2;240;2101;499150.9
UWGN;D;20200706;000000;240;240;235.2;235.2;2837;671442.2
UWGN;D;20200707;000000;235.4;239;235.4;236.2;1394;330109.6
UWGN;D;20200708;000000;235.7;237.7;234.1;236;1049;247283.2
UWGN;D;20200709;000000;238;238.9;234.1;236.2;2316;546470.8
UWGN;D;20200710;000000;236.3;237;234;235.8;1078;254177.1
UWGN;D;20200713;000000;235.2;236.7;234.6;236.2;573;134771
UWGN;D;20200714;000000;235;236.3;234.6;235.7;3523;830251.3
UWGN;D;20200715;000000;235.8;236.3;233;234.5;3552;832742.2
UWGN;D;20200716;000000;234.5;235.5;233;234.2;2084;486658.6
UWGN;D;20200717;000000;233.1;234;230.6;233.9;4183;972945.1
UWGN;D;20200720;000000;233;235;230;231.6;6257;1449696.2
UWGN;D;20200721;000000;234;234;230;232.1;3160;732921.9
UWGN;D;20200722;000000;232.2;232.8;231.1;232.1;1101;255421.9
UWGN;D;20200723;000000;232.9;246;232;242.5;16536;3995503.3
UWGN;D;20200724;000000;242.5;242.7;181.3;237.9;20346;4666598.7
UWGN;D;20200727;000000;237;240.3;237;238;3778;900499.1
UWGN;D;20200728;000000;242.4;242.4;235;236.9;4428;1046968.6
UWGN;D;20200729;000000;238.9;238.9;234.6;237.7;4241;1006337
UWGN;D;20200730;000000;237.7;239.7;232;236;2617;620191.5
UWGN;D;20200731;000000;238.3;239.5;236.2;238.3;4039;961111.6
UWGN;D;20200803;000000;237.1;237.8;234.4;237.6;2527;596476.8
UWGN;D;20200804;000000;238.5;239.5;235.7;237.7;1651;391718.2
UWGN;D;20200805;000000;236.7;237.5;234.8;237;3942;931197.4
UWGN;D;20200806;000000;241.7;241.7;231;236.6;3572;839207.8
UWGN;D;20200807;000000;236.6;241.5;232.6;236;6969;1664922.5
UWGN;D;20200810;000000;232.2;239.9;232.2;238.7;2830;670647.7
UWGN;D;20200811;000000;240.5;240.5;234.5;237.6;5284;1254422
UWGN;D;20200812;000000;241.4;241.4;234.7;237.7;5252;1248205.8
UWGN;D;20200813;000000;237.2;240.5;235.4;237.2;4309;1022628.6
UWGN;D;20200814;000000;237.8;240.6;235.7;236.3;3841;911911.6
UWGN;D;20200817;000000;234.9;237.7;234.5;235.8;8785;2065354
UWGN;D;20200818;000000;234.5;236;232.1;233.4;5448;1276472.6
UWGN;D;20200819;000000;239.1;239.1;231;234.4;5904;1374485.8
UWGN;D;20200820;000000;235.6;235.7;232.2;233;898;209287.3
UWGN;D;20200821;000000;231.6;233.8;230;232;1820;423057.4
UWGN;D;20200824;000000;233.7;233.7;232.4;232.4;2192;511174.5
UWGN;D;20200825;000000;232.5;234.8;229.1;231.2;2554;593268.5
UWGN;D;20200826;000000;230.2;233.2;230.2;232.1;1520;353021.8
UWGN;D;20200827;000000;232.6;235.1;232;232;5207;1218201.5
UWGN;D;20200828;000000;232.3;234.4;231.5;232.1;1511;350835.7
UWGN;D;20200831;000000;234.8;234.8;230;231.9;3000;694038.7
UWGN;D;20200901;000000;230.3;231.8;229;230;3524;810532.7
UWGN;D;20200902;000000;230.8;231.4;229;230.9;2458;565444.2
UWGN;D;20200903;000000;229;230.3;227.5;228;3239;739431.5
UWGN;D;20200904;000000;228.9;228.9;227.1;227.8;1775;404779.9
UWGN;D;20200907;000000;228.7;233;226.4;230;6382;1474518.5
UWGN;D;20200908;000000;230;230;225;226;4254;964829.8
UWGN;D;20200909;000000;229.9;229.9;225;226;1277;288421.8
UWGN;D;20200910;000000;225;227.6;225;226.5;774;174950.4
UWGN;D;20200911;000000;227;227;224.1;225.2;2280;513295.2
UWGN;D;20200914;000000;227.9;237;222;224.1;16226;3708751
UWGN;D;20200915;000000;228.8;228.8;211.2;218;36928;8094286.9
UWGN;D;20200916;000000;220;220.1;218;218.3;5926;1299092.5
UWGN;D;20200917;000000;220;220;216.8;217.8;7387;1605451.9
UWGN;D;20200918;000000;216.9;218.1;209.9;218.1;31732;6728360.6
UWGN;D;20200921;000000;215;219.3;212.5;212.7;4458;954581.7
UWGN;D;20200922;000000;217.9;217.9;210.4;210.7;4921;1041686.2
UWGN;D;20200923;000000;216.1;216.1;205.3;206.2;8678;1806066.7
UWGN;D;20200924;000000;210;210;200.1;203;8424;1705373.6
UWGN;D;20200925;000000;200.6;208.8;200.1;200.1;2974;602221.3
UWGN;D;20200928;000000;207.9;207.9;200.1;206.8;8428;1712762.9
UWGN;D;20200929;000000;212;212;200;201.6;4585;925595.8
UWGN;D;20200930;000000;201.1;201.8;200;201;7915;1584958.3
UWGN;D;20201001;000000;201;202;200.2;202;7863;1586554
UWGN;D;20201002;000000;200.5;203.8;200.5;201.9;3104;626676.6
UWGN;D;20201005;000000;209.8;210;201;202;8018;1635183.9
UWGN;D;20201006;000000;206;206.7;202.9;204;8499;1740047.1
UWGN;D;20201007;000000;205.8;208.9;201;201.4;12369;2512169.4
UWGN;D;20201008;000000;203.5;203.5;198;200;5488;1103785.2
UWGN;D;20201009;000000;202;202;197.2;199;4017;796893.5
UWGN;D;20201012;000000;196.7;200.9;196.7;199.2;1623;322206.5
UWGN;D;20201013;000000;200.6;200.6;196.3;196.9;2349;465187.7
UWGN;D;20201014;000000;196.7;196.9;195;196.9;4898;959088.3
UWGN;D;20201015;000000;195.8;200;195.4;196.3;6739;1334722.7
UWGN;D;20201016;000000;196;197.9;191.1;192.2;5109;982517.5
UWGN;D;20201019;000000;192.4;196.2;191.5;191.5;4465;861039.8
UWGN;D;20201020;000000;195;195;181.9;183;25894;4803201.4
UWGN;D;20201021;000000;184;186.8;182.1;183.3;10905;1999907.2
UWGN;D;20201022;000000;184.8;185.5;173.6;179.8;20468;3684776.1
UWGN;D;20201023;000000;184;184;178;179.8;5307;954243.5
UWGN;D;20201026;000000;183;183;176.3;176.4;4811;856151.4
UWGN;D;20201027;000000;176.3;180;174.1;175.1;10909;1917198.4
UWGN;D;20201028;000000;177;180.9;170;170.8;9692;1674071
UWGN;D;20201029;000000;175;175;170.1;172.5;5802;993109.1
UWGN;D;20201030;000000;172.5;175;169;170;7646;1304063
UWGN;D;20201102;000000;171.1;171.1;167;169.5;9457;1598109.2
UWGN;D;20201103;000000;169.5;177.5;167.1;173.3;25672;4397261.1
UWGN;D;20201105;000000;168.5;182;167.7;179.8;25385;4516110.1
UWGN;D;20201106;000000;177.4;180;177.2;177.8;7381;1319167.3
UWGN;D;20201109;000000;177.2;182;177.2;180.1;25572;4624736.3
UWGN;D;20201110;000000;181.5;183.8;178.1;180.4;23698;4255445.3
UWGN;D;20201111;000000;180;180;177.5;179;8520;1528057
UWGN;D;20201112;000000;178;179.6;176.6;178.8;6629;1178412.6
UWGN;D;20201113;000000;176.9;182;176.3;182;21414;3831103.1
UWGN;D;20201116;000000;180;188.9;179.6;182.8;41747;7654789.2
UWGN;D;20201117;000000;188;188;182.1;183;8250;1514824.1
UWGN;D;20201118;000000;182.1;185.9;182.1;182.8;9325;1712504
UWGN;D;20201119;000000;182.2;185.3;182;182.9;4951;907152.9
UWGN;D;20201120;000000;184.7;184.8;178;183;16253;2947286.2
UWGN;D;20201123;000000;180.9;184.5;179;181.6;10331;1869495
UWGN;D;20201124;000000;179.4;182.5;179;181.8;10333;1865567.8
UWGN;D;20201125;000000;179.6;183.5;179.6;181.7;24127;4364379
UWGN;D;20201126;000000;183.8;183.8;180.1;181.3;4869;883976
UWGN;D;20201127;000000;183.8;183.8;179.2;180.8;8925;1614477
UWGN;D;20201130;000000;183;213;179.2;190.5;118923;23613883.5
UWGN;D;20201201;000000;192;198.9;189.1;194.1;25926;5028774.7
UWGN;D;20201202;000000;195.1;196.9;193.2;194.6;12767;2481327.9
UWGN;D;20201203;000000;192;200.5;191.7;196.6;20307;3992246.8
UWGN;D;20201204;000000;196.6;200;192.8;196;14443;2815457.4
UWGN;D;20201207;000000;196.9;197.8;194.8;195.9;7273;1424573.5
UWGN;D;20201208;000000;197.9;198;192.4;192.5;3731;729770.3
UWGN;D;20201209;000000;192.5;194;188.2;190.5;20100;3826130.1
UWGN;D;20201210;000000;191.7;191.8;186.2;187.5;5227;983288.7
UWGN;D;20201211;000000;188.1;188.2;185.5;187;6634;1243083.7
UWGN;D;20201214;000000;188.7;191.3;185.3;186.4;12463;2330667.3
UWGN;D;20201215;000000;187;189.9;181;181.3;13886;2547180.8
UWGN;D;20201216;000000;182.2;189.2;180;181.7;18450;3358881.2
UWGN;D;20201217;000000;182;186.4;179.9;180.6;25892;4683029.4
UWGN;D;20201218;000000;180.7;186.4;179;180;15440;2783527
UWGN;D;20201221;000000;180.5;182.1;175;177;11137;1978300.9
UWGN;D;20201222;000000;177;179.3;175.8;176.9;10916;1930148.7
UWGN;D;20201223;000000;177;179.5;175.8;176.2;16166;2865521.1
UWGN;D;20201224;000000;176.2;177.7;171.9;172.5;34558;6045539.9
UWGN;D;20201225;000000;173;177.9;167.5;168.8;176099;30004543.3
UWGN;D;20201228;000000;169.6;169.9;158.2;159;217925;35067243.1
UWGN;D;20201229;000000;158.9;159.1;145.3;145.9;219693;33143593.6
UWGN;D;20201230;000000;146.4;149.5;141.1;142;148897;21452686.7
UWGN;D;20210104;000000;142;165.4;142;148.5;326383;50519274.2
UWGN;D;20210105;000000;135;152.9;135;149.9;92276;13596536.1
UWGN;D;20210106;000000;150.4;152.6;147.9;148.9;78339;11686559.6
UWGN;D;20210108;000000;149.4;150;144.9;146.2;107679;15820608.9
UWGN;D;20210111;000000;146.2;154.9;143.3;144;205149;29860856.3
UWGN;D;20210112;000000;144.5;145;141.6;141.9;103253;14714359.1
UWGN;D;20210113;000000;142.4;144.4;139.7;140;166579;23539642.4
UWGN;D;20210114;000000;140.5;141.7;135.9;139;132336;18356185.7
UWGN;D;20210115;000000;137.8;146.1;137;140;131805;18586295.3
UWGN;D;20210118;000000;140.6;148.9;139.7;145;184766;26704823.2
UWGN;D;20210119;000000;145;147.8;143.9;144.3;61629;8992128.4
UWGN;D;20210120;000000;146.9;146.9;142.6;144.4;35881;5170800.5
UWGN;D;20210121;000000;144.3;144.3;140;141.2;52022;7355425.5
UWGN;D;20210122;000000;141.2;141.3;139;139.7;43444;6087068.2
UWGN;D;20210125;000000;140.2;145;139.6;141.5;59982;8566881.3
UWGN;D;20210126;000000;142;142.8;139.4;141.4;42650;5994903.4
UWGN;D;20210127;000000;141;141.5;139.3;139.3;49270;6912349
UWGN;D;20210128;000000;125.4;139.3;125.4;137.5;84460;11466981.7
UWGN;D;20210129;000000;137.9;139.9;134;134.1;56281;7629571.3
UWGN;D;20210201;000000;134.6;137;133.6;136.3;34823;4718710.9
UWGN;D;20210202;000000;136;138.4;135.1;136;35598;4867986.1
UWGN;D;20210203;000000;136.5;138.6;135.5;137.2;14434;1969565.3
UWGN;D;20210204;000000;136.6;138.7;136;136.8;17844;2448782.6
UWGN;D;20210205;000000;137.3;141.9;136.6;140.1;82444;11546701.9
UWGN;D;20210208;000000;140.9;143.7;139;140;55555;7841861.2
UWGN;D;20210209;000000;140.2;140.9;136;137;63080;8669032.1
UWGN;D;20210210;000000;137.4;137.4;136.6;137;16538;2267459.6
UWGN;D;20210211;000000;137;138.5;135.9;136.8;52982;7284342.2
UWGN;D;20210212;000000;136.4;158.5;136;139.5;19846286;2721816459.5
UWGN;D;20210215;000000;140;143.4;139.7;140.5;163173;23060294.6
UWGN;D;20210216;000000;141;141.2;138;138.7;64762;9032903
UWGN;D;20210217;000000;139.2;139.3;136.1;137;77783;10675226.4
UWGN;D;20210218;000000;136.6;137.8;135.5;136.2;87494;11925400.7
UWGN;D;20210219;000000;136;137.4;134.1;136.3;74728;10160459.8
UWGN;D;20210220;000000;135.8;136.9;133.8;135.2;87396;11796252.1
UWGN;D;20210222;000000;135;135.7;134.3;134.9;25213;3406212.4
UWGN;D;20210224;000000;135.4;136.2;134;134.6;43970;5941048
UWGN;D;20210225;000000;135.1;135.5;132;133.3;42401;5670581.6
UWGN;D;20210226;000000;133.8;133.8;131.2;132;38906;5140064.3
UWGN;D;20210301;000000;131.5;132.9;130.8;131.3;38232;5032416.7
UWGN;D;20210302;000000;130.9;136.4;130.4;133.2;76884;10244092.6
UWGN;D;20210303;000000;133.4;134.9;131.2;132;27117;3581895
UWGN;D;20210304;000000;131.8;131.8;129;129.6;28280;3685293
UWGN;D;20210305;000000;129.6;133.4;125.9;130.2;30952;4023918.2
UWGN;D;20210309;000000;130.7;133.7;129.2;129.8;27047;3529423.3
UWGN;D;20210310;000000;130.3;132;128.3;130.7;39883;5215263
UWGN;D;20210311;000000;131.1;131.1;128.7;129.6;30379;3934817.6
UWGN;D;20210312;000000;130.1;130.7;128.5;129.9;30470;3950168.9
UWGN;D;20210315;000000;130.4;130.8;127.9;129.1;87126;11267143
UWGN;D;20210316;000000;129.6;130.2;127;128;32205;4129817
UWGN;D;20210317;000000;128.1;128.4;126.8;127.2;21494;2742671.9
UWGN;D;20210318;000000;127;128.2;126;126.6;62408;7928396.6
UWGN;D;20210319;000000;125.1;126.5;123.5;125.5;70643;8832871.8
UWGN;D;20210322;000000;125;127.9;124.7;125.7;29184;3663942.1
UWGN;D;20210323;000000;125.8;125.9;121.4;121.6;111532;13739934.9
UWGN;D;20210324;000000;122;123.9;116.6;117;191162;23061481.2
UWGN;D;20210325;000000;117.2;118.4;113.7;114.7;85976;9891841.4
UWGN;D;20210326;000000;115;115.3;111.9;112.9;91366;10315981.6
UWGN;D;20210329;000000;112.6;119.4;112;115.8;234781;27418952.9
UWGN;D;20210330;000000;115.8;116.2;110;111.2;141333;15834590.5
UWGN;D;20210331;000000;111.6;113.5;110.4;111;57476;6420203.7
UWGN;D;20210401;000000;111.8;112.9;110.8;112.5;64825;7265431.4
UWGN;D;20210402;000000;113;114.3;112.1;113.1;69722;7922075.8
UWGN;D;20210405;000000;113;114.9;110.9;111.5;37804;4238554.4
UWGN;D;20210406;000000;111.5;112.4;109.9;110.3;65904;7289048.5
UWGN;D;20210407;000000;111;116;110;112;167365;18947802
UWGN;D;20210408;000000;112;115.5;111.3;114.7;68200;7772091.9
UWGN;D;20210409;000000;114.9;129.9;114;121.7;558618;69106931.8
UWGN;D;20210412;000000;121.8;127.7;121.1;124.5;157358;19599837.3
UWGN;D;20210413;000000;124;126.9;123.3;124.6;99255;12448822
UWGN;D;20210414;000000;124.9;125;119.1;120.6;76594;9291350.1
UWGN;D;20210415;000000;120.6;127;119;123.5;103781;12812516
UWGN;D;20210416;000000;122.8;124.3;116;116.6;147470;17567243.8
UWGN;D;20210419;000000;117.1;117.1;111.7;112.9;163986;18615723.8
UWGN;D;20210420;000000;112.5;115.1;108.9;109.6;168162;18631763.8
UWGN;D;20210421;000000;109.4;111.1;104.6;107.1;163415;17461358
UWGN;D;20210422;000000;106.8;111.8;106.5;110.9;176303;19366037.8
UWGN;D;20210423;000000;112.5;112.5;107.9;110.7;63631;7010659.2
UWGN;D;20210426;000000;110.9;114.6;106;106.1;133871;14520590.4
UWGN;D;20210427;000000;106.8;109.5;99.5;99.9;595230;60862152.9
UWGN;D;20210428;000000;100.1;101.5;89.6;89.9;642648;60501419.3
UWGN;D;20210429;000000;90;91.2;78.5;80;912106;75813173.7
UWGN;D;20210430;000000;80.5;83.1;79.6;81.5;279922;22803698.6
UWGN;D;20210504;000000;82;91.5;82;88.5;512932;45040211.5
UWGN;D;20210505;000000;89.2;93.3;85.5;87.2;371216;33427843.2
UWGN;D;20210506;000000;87.2;89.8;84.4;84.9;154244;13325976.9
UWGN;D;20210507;000000;85;85.8;82.1;83.1;122372;10204269.2
UWGN;D;20210510;000000;83.1;89;81.6;84.8;212482;18201191.5
UWGN;D;20210511;000000;85.1;85.9;83;84;82495;6922335.5
UWGN;D;20210512;000000;84.3;84.8;83.3;84;103547;8709087
UWGN;D;20210513;000000;84.6;84.6;83;84;38095;3186574.5
UWGN;D;20210514;000000;84.1;85.2;82.5;84.4;294010;24652402.8
UWGN;D;20210517;000000;84.9;85.6;82.3;83.4;122872;10231613.3
UWGN;D;20210518;000000;84;84;81.5;82;170330;14041036.8
UWGN;D;20210519;000000;82.5;82.9;79.8;80;145004;11755469.9
UWGN;D;20210520;000000;80.5;81.9;77.8;78.1;257952;20522559.3
UWGN;D;20210521;000000;78;78.1;74.3;74.8;512465;38752207.1
UWGN;D;20210524;000000;75.3;81.4;75;78.2;353378;27789920.3
UWGN;D;20210525;000000;80;80.5;77.5;79.2;128188;10108887.7
UWGN;D;20210526;000000;79.5;80.7;74.9;75.1;386449;29500569.5
UWGN;D;20210527;000000;75.6;76.4;74.8;75;275220;20712213.8
UWGN;D;20210528;000000;75.4;76.9;74.6;76.9;130068;9778661.8
UWGN;D;20210531;000000;76.9;76.9;74.9;75.2;174961;13193154.8
UWGN;D;20210601;000000;75.3;76.2;74.6;75.9;163528;12290428.5
UWGN;D;20210602;000000;75.2;77.8;74.7;74.9;185911;14034664.4
UWGN;D;20210603;000000;75;75.6;74.6;75.1;145370;10903485
UWGN;D;20210604;000000;75.4;75.5;74.7;75;71595;5372873.6
UWGN;D;20210607;000000;75.2;75.3;74.6;74.9;142020;10645378.9
UWGN;D;20210608;000000;75.2;75.4;74.3;74.5;116308;8694115.5
UWGN;D;20210609;000000;74;74.2;69.4;70;631526;44867077.4
UWGN;D;20210610;000000;70;70.9;68.1;70;224537;15545817.1
UWGN;D;20210611;000000;69.9;70.5;68.5;70;125818;8772447.6
UWGN;D;20210614;000000;70;74.5;69.1;69.7;223197;15966965.9
UWGN;D;20210615;000000;69.9;71.3;69.5;69.9;91483;6429768.5
UWGN;D;20210616;000000;70.1;70.4;68.6;69.7;70255;4877578.3
UWGN;D;20210617;000000;69.8;72.1;69;69.9;164490;11601839.1
UWGN;D;20210618;000000;69.9;70.3;68.5;69.1;80962;5634255
UWGN;D;20210621;000000;69.4;72.2;68.7;70.4;306333;21711824
UWGN;D;20210622;000000;70.9;71.7;69.5;69.8;137884;9714580.7
UWGN;D;20210623;000000;69.8;70.2;69.3;70.1;92383;6458382.2
UWGN;D;20210624;000000;70.2;70.7;69.5;70.7;193833;13613684.7
UWGN;D;20210625;000000;70.8;71.6;68.7;69.8;284448;20042382
UWGN;D;20210628;000000;69.9;71;69;71;162558;11440258.1
UWGN;D;20210629;000000;71;71.5;69;70.1;348334;24538108.7
UWGN;D;20210630;000000;70.6;71.3;69.5;69.9;220683;15552532.5
UWGN;D;20210701;000000;70.1;70.5;69.8;70;59154;4151718
UWGN;D;20210702;000000;70.1;70.5;69.7;70;76530;5366386.8
UWGN;D;20210705;000000;70.1;70.7;70;70.4;84161;5915205.7
UWGN;D;20210706;000000;70.5;71.5;69.9;70.2;361478;25589131.7
UWGN;D;20210707;000000;70.3;71;69.9;70.2;178738;12582930.4
UWGN;D;20210708;000000;70.1;70.5;68.9;69.8;109866;7652137.1
UWGN;D;20210709;000000;70;70.4;69.3;69.7;73677;5152843
UWGN;D;20210712;000000;69.7;71;69.5;70.3;236107;16591905.4
UWGN;D;20210713;000000;70.3;70.5;68.8;69.9;356188;24834379.9
UWGN;D;20210714;000000;69.8;70.7;69.6;70.1;102091;7163296.5
UWGN;D;20210715;000000;70;70.2;69.1;69.9;97540;6805691.5
UWGN;D;20210716;000000;70;70.2;69.5;70;79885;5589391.4
UWGN;D;20210719;000000;70;70;67.2;68.1;172412;11815537.6
UWGN;D;20210720;000000;68.1;70;67.9;69.4;145080;10032497
UWGN;D;20210721;000000;69.4;71.3;69.2;71.3;201980;14242802.7
UWGN;D;20210722;000000;71.3;78.2;70;72.8;467720;34542184.3
UWGN;D;20210723;000000;74;75.5;72.8;73.5;617274;45951909.4
UWGN;D;20210726;000000;73.7;77.6;72.6;75;537422;40805184.8
UWGN;D;20210727;000000;75.5;79.2;72;72.5;757454;57830349
UWGN;D;20210728;000000;72.5;73.6;69.9;70.5;302640;21513533.5
UWGN;D;20210729;000000;70.6;71.5;70;70.6;151857;10756054.9
UWGN;D;20210730;000000;70.5;70.9;69.5;69.9;181628;12723143.1
UWGN;D;20210802;000000;70.4;71.5;69.7;71.1;201818;14312742.6
UWGN;D;20210803;000000;71.4;71.5;69.9;70.8;196518;13903474.7
UWGN;D;20210804;000000;70.8;72.1;69.9;70.6;428327;30397979.1
UWGN;D;20210805;000000;70.3;71.4;70;70.8;193683;13722994
UWGN;D;20210806;000000;70.8;71;69.9;70.3;138749;9739490.6
UWGN;D;20210809;000000;70.6;71.6;69.9;70.2;561762;39692431.9
UWGN;D;20210810;000000;70.3;70.7;69.9;69.9;481054;33766417
UWGN;D;20210811;000000;70.2;70.4;69.9;70.3;151081;10601050.6
UWGN;D;20210812;000000;71.3;71.3;69.9;70;141367;9934873
UWGN;D;20210813;000000;70;70.3;69.9;70.1;104339;7309933.2
UWGN;D;20210816;000000;70.1;70.6;69.9;70;165087;11573485.1
UWGN;D;20210817;000000;70.4;70.4;69.6;70;148532;10391698.5
UWGN;D;20210818;000000;69.9;70.3;69.8;70.1;60925;4267340.2
UWGN;D;20210819;000000;70;70;68.9;69.5;168566;11704026.1
UWGN;D;20210820;000000;69.8;70;69;70;78168;5436774
UWGN;D;20210823;000000;70.1;70.6;69.9;70.2;186031;13080805.5
UWGN;D;20210824;000000;70.3;70.9;70;70.2;198598;13956257
UWGN;D;20210825;000000;70.3;70.9;69.9;70.2;265331;18683361.6
UWGN;D;20210826;000000;70.3;76.9;69.7;69.9;749296;53550541.5
UWGN;D;20210827;000000;70.1;70.8;69.7;70;377440;26496004.2
UWGN;D;20210830;000000;70.3;84.7;70;84;3466941;277286798.5
UWGN;D;20210831;000000;85;100.6;84;90.2;3554568;333433428.8
UWGN;D;20210901;000000;90.9;95;82.8;85.9;1111851;96667099.3
UWGN;D;20210902;000000;86.2;95.9;85;93.4;999396;90655097
UWGN;D;20210903;000000;92.1;96;90.1;91.7;496379;46301492.9
UWGN;D;20210906;000000;92.2;100;92.2;97.9;952777;92598659.4
UWGN;D;20210907;000000;99.7;134;98.7;134;3930523;449352119.8
UWGN;D;20210908;000000;137.3;139.9;114.1;126.4;3999119;500572330.4
UWGN;D;20210909;000000;126.5;126.5;110.1;114.7;1570339;182140604.3
UWGN;D;20210910;000000;114.9;118.1;107;109;783648;87146415.3
UWGN;D;20210913;000000;110.8;118.6;108.9;113.5;807047;92159553.7
UWGN;D;20210914;000000;115.9;116.8;109;111;328331;36727906.4
UWGN;D;20210915;000000;111.7;113.5;100.4;101.1;1052331;109789237.7
UWGN;D;20210916;000000;102.8;102.8;93.3;97.4;1308470;126141632.2
UWGN;D;20210917;000000;97.5;108;97.5;103.1;1212232;125518807.5
UWGN;D;20210920;000000;100.5;103.3;95.3;96.4;547109;53828613.9
UWGN;D;20210921;000000;96.6;119.8;94.2;108.6;3101838;338798499.9
UWGN;D;20210922;000000;109.9;113.4;106;109.1;779675;85307355
UWGN;D;20210923;000000;112.5;112.5;107;108.1;360980;39075462.3
UWGN;D;20210924;000000;108.6;108.6;103.2;105.5;329276;34816356
UWGN;D;20210927;000000;106.2;109.9;102.1;107;427047;45792342.2
UWGN;D;20210928;000000;107.1;109.1;105.5;106.8;174689;18846223.4
UWGN;D;20210929;000000;107;109.2;102.4;106.5;287086;30531204.4
UWGN;D;20210930;000000;106.9;107.4;105.1;105.8;148495;15776792.5
UWGN;D;20211001;000000;105.5;107;102.3;103.7;268093;27963781.6
UWGN;D;20211004;000000;104.9;106.6;99;101;343518;35142380.3
UWGN;D;20211005;000000;101;105.1;100.3;102.5;336458;34588811.6
UWGN;D;20211006;000000;103.2;104.5;99.6;103.6;239187;24388154.5
UWGN;D;20211007;000000;104.9;107.8;101.2;102.8;195734;20129237.7
UWGN;D;20211008;000000;103.5;103.6;101;101.6;250942;25603026.9
UWGN;D;20211011;000000;101.9;104.4;100.5;102.3;231511;23639461.7
UWGN;D;20211012;000000;102.3;104;101;101.8;178447;18181813
UWGN;D;20211013;000000;102.1;102.8;100.5;101.7;175969;17867892.7
UWGN;D;20211014;000000;101.7;102.5;101;101.6;134699;13676559.8
UWGN;D;20211015;000000;101.9;102.5;100;101.1;188496;19012759.5
UWGN;D;20211018;000000;101.8;102.5;100.7;101.1;147308;14951446.6
UWGN;D;20211019;000000;102.1;102.1;100.3;101.2;150881;15282386.6
UWGN;D;20211020;000000;101.3;112.7;101.2;107.3;1502247;162758110.5
UWGN;D;20211021;000000;108;111.6;104.9;105.6;385542;41492428.1
UWGN;D;20211022;000000;106.4;107.1;102.1;102.6;203308;21156223.1
UWGN;D;20211025;000000;103.5;109.6;102.3;104.2;262388;27684033.9
UWGN;D;20211026;000000;103.5;106.5;103.5;104.6;105337;11032440
UWGN;D;20211027;000000;105;105;102.6;103;130497;13490732.9
UWGN;D;20211028;000000;103.1;103.1;99.5;100.6;235858;23797589.5
UWGN;D;20211029;000000;100.3;103;97.2;98.7;172473;17099524.8
UWGN;D;20211101;000000;98.7;103;97.9;100.9;185670;18737730.6
UWGN;D;20211102;000000;101.4;111;100.7;103;1233163;131911533
UWGN;D;20211103;000000;102.3;106.3;101.9;104.3;207562;21554977.2
UWGN;D;20211105;000000;104.3;105.5;102.6;102.7;108835;11265857.2
UWGN;D;20211108;000000;103.4;104.8;102.8;103.3;82313;8525254.2
UWGN;D;20211109;000000;103.3;109.3;103;105.7;304628;32307463.2
UWGN;D;20211110;000000;106.5;106.5;103.6;104.2;146757;15350043.3
UWGN;D;20211111;000000;104.2;106.1;102;102.4;280409;29223415.9
UWGN;D;20211112;000000;103.1;104.5;99.6;102.5;187382;19150729.2
UWGN;D;20211115;000000;102.5;106.1;102.5;104;137326;14322539.7
UWGN;D;20211116;000000;103.8;108.3;103.8;104.7;274783;29235639.9
UWGN;D;20211117;000000;105;107.4;104.3;106.3;158365;16776975.3
UWGN;D;20211118;000000;105.6;106.9;102.1;103;144724;15186016.6
UWGN;D;20211119;000000;104;104.8;98.4;101.4;283240;28502320.9
UWGN;D;20211122;000000;101.4;101.5;90.1;94;460869;43902379.1
UWGN;D;20211123;000000;94.1;99.3;91;96.1;224964;21552926.9
UWGN;D;20211124;000000;96.7;106;96.7;99.1;389254;39583760
UWGN;D;20211125;000000;100.6;100.6;87.2;92.1;2189022;200981985.3
UWGN;D;20211126;000000;91.8;91.8;80.3;81.5;1027356;86565217.9
UWGN;D;20211129;000000;80.6;85.3;78.1;81.3;510493;41474526.4
UWGN;D;20211130;000000;81;81;75.5;77.5;307712;24175003.6
UWGN;D;20211201;000000;77.5;83.9;75.9;78.5;411891;32919355.2
UWGN;D;20211202;000000;78.3;82.4;78.2;81.2;253767;20454997.6
UWGN;D;20211203;000000;81;82.3;79.4;80;109736;8847358.2
UWGN;D;20211206;000000;80.5;84.9;79.5;80.3;178288;14634495.7
UWGN;D;20211207;000000;81;81.6;78.9;80.2;91984;7360447.1
UWGN;D;20211208;000000;80.2;81.8;75.9;76.8;144415;11384737.2
UWGN;D;20211209;000000;76.8;79.5;74;75;227538;17085062.5
UWGN;D;20211214;000000;69.3;70;64;68.8;226031;15328739.3
UWGN;D;20211215;000000;67.9;73.4;67.9;71.7;105760;7549542.2
UWGN;D;20211216;000000;72.2;81.6;71.9;78.7;272850;21124032.1
UWGN;D;20211217;000000;78.7;79;73;76.5;62628;4775377.4
UWGN;D;20211220;000000;76.9;77;71.2;72;110100;8053088.9
UWGN;D;20211221;000000;72.5;75;72.2;72.9;57641;4225618.8
UWGN;D;20211222;000000;72.9;74.8;71.3;73;49478;3619428.5
UWGN;D;20211223;000000;73;76.9;72;75.2;139883;10367399.3
UWGN;D;20211224;000000;75.1;76;72.1;75.5;97637;7194565.3
UWGN;D;20211227;000000;75.5;77.3;73;74.4;148513;11104482.5
UWGN;D;20211228;000000;74.8;75;71.6;72.1;189734;13895289.9
UWGN;D;20211229;000000;72.6;74.5;72.1;73.2;96144;7047323
UWGN;D;20211230;000000;73.6;74.5;71.5;73.8;90303;6606977.3
UWGN;D;20220103;000000;74.9;77.6;73.8;76.1;70245;5333404
UWGN;D;20220104;000000;76.1;80.4;74.5;79.2;168798;13312389.5
UWGN;D;20220105;000000;79.5;83.6;78.7;80;169454;13704255.8
UWGN;D;20220106;000000;80;80.4;76.3;77.2;48106;3754951.4
UWGN;D;20220110;000000;77.2;81;77.2;78.2;84316;6699449.3
UWGN;D;20220111;000000;78.6;81;78.2;80.2;66526;5325390.4
UWGN;D;20220112;000000;80.2;82.7;78.2;81;82563;6695547.4
UWGN;D;20220113;000000;83.9;83.9;79;79;78914;6364325.7
UWGN;D;20220114;000000;80.3;81.2;72.5;76;126125;9635476.5
UWGN;D;20220117;000000;76.8;78;71.6;74.4;98726;7300214.4
UWGN;D;20220118;000000;74;74.5;70;71;80031;5736440.4
UWGN;D;20220119;000000;70.9;74.2;69.3;72.5;81460;5864943.7
UWGN;D;20220120;000000;76.8;76.8;72.4;73.9;47438;3503399.1
UWGN;D;20220121;000000;77.3;77.3;70.5;71;63258;4546159
UWGN;D;20220124;000000;71.8;72.6;62.6;67.5;155073;10361343.4
UWGN;D;20220125;000000;67.5;70;66;68.4;43549;2974034
UWGN;D;20220126;000000;68.4;70.9;66.1;69.6;70230;4820012.1
UWGN;D;20220127;000000;69.1;74;68;72.8;90490;6463383.6
UWGN;D;20220128;000000;72.8;74;71.1;72.2;57338;4152833.6
UWGN;D;20220131;000000;72.7;74.8;72;73.1;39869;2940526.5
UWGN;D;20220201;000000;73.3;73.8;71;72.4;36293;2617575.1
UWGN;D;20220202;000000;72.4;72.5;70.2;70.8;58067;4141160.7
UWGN;D;20220203;000000;70.4;70.6;67.3;69.8;66822;4620107.4
UWGN;D;20220204;000000;69.9;71.3;68.6;70.3;52166;3659698.9
UWGN;D;20220207;000000;69.8;71.4;68;69.1;69314;4817314
UWGN;D;20220208;000000;69.2;70;68.4;69.8;39618;2736569.3
UWGN;D;20220209;000000;69.9;72.4;69;70.1;101198;7155219.4
UWGN;D;20220210;000000;70.4;72.1;68.9;69.7;64624;4509247.2
UWGN;D;20220211;000000;70;70.7;67.8;68.5;80551;5534576.6
UWGN;D;20220214;000000;68.4;69.4;66.4;68.3;74201;5041122.1
UWGN;D;20220215;000000;68.8;72.5;68;69.9;95440;6690217.6
UWGN;D;20220216;000000;69.9;72.5;69.2;70.8;99829;7107791.9
UWGN;D;20220217;000000;70.8;71.2;69;69.8;52671;3684254.6
UWGN;D;20220218;000000;70.1;71;67.2;67.6;62776;4334558.8
UWGN;D;20220221;000000;68;70.9;51.3;55.6;426483;25557661.6
UWGN;D;20220222;000000;52;58.5;42;57;387737;19354412.7
UWGN;D;20220224;000000;51.3;51.3;34.3;34.4;698494;25550710.8
UWGN;D;20220225;000000;35.4;45;34.7;41.7;305794;12319036.2
UWGN;D;20220328;000000;41.5;42;35.4;40;139815;5563056
UWGN;D;20220329;000000;40;50;39.4;46.5;324028;15331429.9
UWGN;D;20220330;000000;46.8;56;46.6;53.9;262331;13909112.6
UWGN;D;20220331;000000;54;59.3;54;57.5;304184;17354409.4
UWGN;D;20220401;000000;58.1;58.1;54;56.1;272025;15281458.1
UWGN;D;20220404;000000;56.1;58.7;52;55.4;157845;8676860
UWGN;D;20220405;000000;55.4;57.3;52;54.1;122773;6666893.5
UWGN;D;20220406;000000;52.3;54.7;52.3;53;75714;4047312.6
UWGN;D;20220407;000000;53.2;54.3;52.1;53.9;146202;7785616.2
UWGN;D;20220408;000000;54;54.6;51;52.8;57283;3031785.9
UWGN;D;20220411;000000;52.1;57;50;52.7;136706;7275704.4
UWGN;D;20220412;000000;52.7;52.7;46;46.8;491638;23789479.8
UWGN;D;20220413;000000;48;48.4;45;48.1;249836;11843188.8
UWGN;D;20220414;000000;48.5;49.8;46.1;46.7;111119;5286767.2
UWGN;D;20220415;000000;47.1;47.1;44.1;45.8;71554;3257075.7
UWGN;D;20220418;000000;45.9;46.4;44.5;45.5;66856;3033760.4
UWGN;D;20220419;000000;45.5;45.5;42.8;44.4;86858;3797313.1
UWGN;D;20220420;000000;43.9;47.5;43.6;45.2;91349;4146069.6
UWGN;D;20220421;000000;45.2;47.2;44.6;46.2;137095;6317273.8
UWGN;D;20220422;000000;46.3;47.2;45.9;47.2;155496;7228424.1
UWGN;D;20220425;000000;47.2;47.2;44.2;45;84637;3822334.7
UWGN;D;20220426;000000;46;47.7;44;46.4;106635;4869168.5
UWGN;D;20220427;000000;46.1;54.1;45.7;53;441738;22456681.4
UWGN;D;20220428;000000;52.8;56;49.5;51.5;395010;20949538.2
UWGN;D;20220429;000000;51.5;53.5;49.1;50.7;104472;5320685.1
UWGN;D;20220504;000000;51;57.4;50.9;53;299633;16167482.9
UWGN;D;20220505;000000;53.1;54.9;50.5;52;371355;19493570.3
UWGN;D;20220506;000000;52;52;49.5;50.9;121484;6157546.1
UWGN;D;20220511;000000;51;52.3;49.5;50.1;119254;6048794.8
UWGN;D;20220512;000000;50.2;50.4;44.4;45.7;315885;14659857
UWGN;D;20220513;000000;45.6;47;45;45.1;227396;10372167.3
UWGN;D;20220516;000000;45.7;46.4;45.3;46;98520;4527176.5
UWGN;D;20220517;000000;46;50;45.7;46.9;241058;11456561.2
UWGN;D;20220518;000000;47.7;48.7;46.3;48;256691;12161368
UWGN;D;20220519;000000;48;49.9;46.5;47.9;194029;9273939
UWGN;D;20220520;000000;48.1;49.8;47.4;48.3;180516;8747144.4
UWGN;D;20220523;000000;48.5;49.1;44.4;45;225538;10438566.6
UWGN;D;20220524;000000;45.4;45.4;43.7;44.5;128466;5682910.3
UWGN;D;20220525;000000;44.4;46;43.8;44;117507;5210742.5
UWGN;D;20220526;000000;44.2;44.8;43.5;44;133210;5872470.5
UWGN;D;20220527;000000;44;44.7;42.3;43.5;134029;5879793.9
UWGN;D;20220530;000000;43.9;45;43.6;44.8;160361;7108280.8
UWGN;D;20220531;000000;44.8;45.8;43.9;44.2;180461;8019587.8
UWGN;D;20220601;000000;44.5;44.6;43.2;43.3;95904;4191216.6
UWGN;D;20220602;000000;43.3;43.4;41.7;42.1;105387;4453374.6
UWGN;D;20220603;000000;42.4;42.4;41;41.4;48168;2007016.7
UWGN;D;20220606;000000;42;42.3;40.7;41;98236;4064917.9
UWGN;D;20220607;000000;41.4;41.4;38.6;40;267676;10685492.7
UWGN;D;20220608;000000;40.3;40.5;39.3;39.5;57672;2300591.8
UWGN;D;20220609;000000;39.9;39.9;38.8;39.1;49811;1952010.5
UWGN;D;20220610;000000;39.1;39.5;37.2;39;172445;6635924.4
UWGN;D;20220614;000000;38.9;45.3;38;42.7;349542;14610427.4
UWGN;D;20220615;000000;43.5;43.7;41.1;42.6;140789;5983097.9
UWGN;D;20220616;000000;42.6;43.5;42.3;43.2;75858;3250404.5
UWGN;D;20220617;000000;43.9;44.5;42.4;43.5;126776;5503730.6
UWGN;D;20220620;000000;43.1;50.5;43.1;48.4;507551;24408666
UWGN;D;20220621;000000;49.7;49.7;45.9;48.2;157430;7468397.2
UWGN;D;20220622;000000;48.8;48.9;46.6;47.8;87652;4216735.2
UWGN;D;20220623;000000;47.9;49.8;47;49.4;148922;7285257.9
UWGN;D;20220624;000000;49.9;49.9;48;48.6;105754;5184845.6
UWGN;D;20220627;000000;48.6;48.9;47.2;47.4;45229;2164321.4
UWGN;D;20220628;000000;48.5;48.5;46;46.8;75300;3532006.5
UWGN;D;20220629;000000;47.1;47.1;45;45.5;69341;3171598.1
UWGN;D;20220630;000000;45.5;45.7;42.9;43.5;90912;3990292.5
UWGN;D;20220701;000000;44;45.4;41.4;45.2;109095;4762322.4
UWGN;D;20220704;000000;45.8;48.9;44.4;46.8;151246;7163933.5
UWGN;D;20220705;000000;47;49;46;47.5;89138;4232491
UWGN;D;20220706;000000;47.5;47.5;45;46;85565;3940806.9
UWGN;D;20220707;000000;46.7;47.1;45.8;46;44691;2071768.7
UWGN;D;20220708;000000;46.5;49.1;45.7;47.3;96149;4561257.7
UWGN;D;20220711;000000;46.1;47.2;45.2;46.2;29099;1352109.2
UWGN;D;20220712;000000;46.2;47.3;44.8;46.2;86192;4013489.3
UWGN;D;20220713;000000;46.1;46.4;43.2;43.7;55676;2484748.8
UWGN;D;20220714;000000;44;47.2;43;44.1;101825;4585406
UWGN;D;20220715;000000;44.3;45.7;42.5;44.1;111677;4896103.2
UWGN;D;20220718;000000;46.5;46.5;42.2;43.1;195741;8546357.3
UWGN;D;20220719;000000;43.2;43.3;42.2;42.6;51976;2218872.3
UWGN;D;20220720;000000;43;46;42.6;45;139844;6221524.4
UWGN;D;20220721;000000;45.2;45.3;43;43.7;33909;1481115.6
UWGN;D;20220722;000000;44.1;44.6;43.4;44;17142;756171.2
UWGN;D;20220725;000000;44.1;44.3;42.1;43.1;167117;7205873.7
UWGN;D;20220726;000000;43.7;45.3;42.9;44.2;90833;3990947.3
UWGN;D;20220727;000000;44.3;44.5;43.3;44.1;46698;2052690.7
UWGN;D;20220728;000000;44.1;44.4;43.5;43.9;35005;1536247.4
UWGN;D;20220729;000000;43.9;44.9;43.6;44.2;102651;4527575.7
UWGN;D;20220801;000000;44.7;44.7;43.9;44.1;33506;1478265.9
UWGN;D;20220802;000000;44.2;44.2;43.3;43.8;47899;2095713.6
UWGN;D;20220803;000000;43.9;44;43.5;43.7;34578;1512591.7
UWGN;D;20220804;000000;43.7;44.2;43.7;44;14463;635305.3
UWGN;D;20220805;000000;44;44;43.5;43.8;46761;2046076.8
UWGN;D;20220808;000000;43.8;44.9;43.7;44.8;54960;2436559.7
UWGN;D;20220809;000000;44.8;50;44.8;47.8;366943;17424796.8
UWGN;D;20220810;000000;47.3;52.3;47.3;48.5;341573;17085516.5
UWGN;D;20220811;000000;48.9;54.4;48.4;54.1;423242;21732517.3
UWGN;D;20220812;000000;52.6;57.6;50.7;52.5;359757;19464143.3
UWGN;D;20220815;000000;52.4;54.9;50.8;51.3;247115;13112859.6
UWGN;D;20220816;000000;50.8;53;50.2;50.8;258397;13264591.9
UWGN;D;20220817;000000;51.3;52;49.4;50.8;151310;7684500.8
UWGN;D;20220818;000000;50.2;51.6;49.5;51.1;149029;7550647.6
UWGN;D;20220819;000000;51.3;51.3;49.6;50.2;63294;3185759.9
UWGN;D;20220822;000000;49.9;50.9;48.5;49.6;229564;11450466
UWGN;D;20220823;000000;50;50.2;49.3;49.5;89694;4450093.8
UWGN;D;20220824;000000;49.8;49.8;48.7;49;137153;6740185.9
UWGN;D;20220825;000000;49.4;49.6;48.8;49;81361;4005931
UWGN;D;20220826;000000;49.4;50;49;49.4;116880;5798057.1
UWGN;D;20220829;000000;49.4;51;49.4;50.8;134369;6754981.6
UWGN;D;20220830;000000;51.5;51.5;49.7;49.8;81957;4138621.9
UWGN;D;20220831;000000;50.5;50.5;49;49.5;93874;4635524.2
UWGN;D;20220901;000000;51;51;48.7;49.5;91091;4503178.6
UWGN;D;20220902;000000;49.7;51.7;49.5;51.3;112488;5677566.6
UWGN;D;20220905;000000;51.3;53.9;51.1;52.5;218982;11519877.7
UWGN;D;20220906;000000;52.5;65;51;58.9;2133812;125419592.6
UWGN;D;20220907;000000;60;69;59.5;64;2324300;148812792.8
UWGN;D;20220908;000000;64.9;64.9;59;59;494223;30029326
UWGN;D;20220909;000000;59.4;65;59;61.1;634431;39330897
UWGN;D;20220912;000000;60.5;63.6;58.3;60.6;323475;19833074.8
UWGN;D;20220913;000000;60.7;61.8;59.1;60.2;176724;10738169.1
UWGN;D;20220914;000000;60.3;60.5;58;59.3;169114;9931669
UWGN;D;20220915;000000;59.8;59.8;58.2;58.4;117607;6911104.1
UWGN;D;20220916;000000;58.5;59.3;57.8;58;91677;5354036.7
UWGN;D;20220919;000000;58.1;61.4;57.9;59.9;234179;14046386.7
UWGN;D;20220920;000000;60.3;60.4;51.9;53.8;411219;22929140.6
UWGN;D;20220921;000000;48.4;52.4;44.4;50.9;484396;24045924.8
UWGN;D;20220922;000000;50.1;51.6;46.6;46.8;939035;45480345.9
UWGN;D;20220923;000000;47.7;48;42.4;43.5;335122;14912217.8
UWGN;D;20220926;000000;44;44.5;35;37.8;459300;17843300.6
UWGN;D;20220927;000000;38.5;39.5;36.8;37.7;171372;6549831.9
UWGN;D;20220928;000000;38.7;40.5;36.9;37.4;308345;11772985.5
UWGN;D;20220929;000000;38.8;38.9;35;36;199548;7346841.6
UWGN;D;20220930;000000;37.3;37.7;34.5;36.5;335787;12042541.6
UWGN;D;20221003;000000;37;37.9;36;37.8;325919;12151069.1
UWGN;D;20221004;000000;38.7;39.4;36.5;38.3;457280;17239728.6
UWGN;D;20221005;000000;38.8;39.6;36.5;37.3;231602;8593377.9
UWGN;D;20221006;000000;37.4;38;36.8;37.4;110937;4143552.2
UWGN;D;20221007;000000;37.6;38;35.1;36.1;235647;8631130.3
UWGN;D;20221010;000000;34.3;37;32.1;36.5;245159;8783605.9
UWGN;D;20221011;000000;36.9;37.5;36.4;37.3;125960;4654584.8
UWGN;D;20221012;000000;37.4;38;36.7;37.5;105877;3947383.1
UWGN;D;20221013;000000;37.5;42.2;37.3;40.5;732274;29424074.8
UWGN;D;20221014;000000;41;43.4;39.8;40.9;407773;16888004
UWGN;D;20221017;000000;41;43.8;41;42.4;353811;14955123.9
UWGN;D;20221018;000000;42.9;43.2;41.6;42.6;135471;5733347.1
UWGN;D;20221019;000000;42.4;42.4;40;41;230031;9410440.6
UWGN;D;20221020;000000;41.4;42.9;40.4;41.4;200194;8317024.3
UWGN;D;20221021;000000;41.5;42.5;40.8;41.5;168778;7048858.6
UWGN;D;20221024;000000;42.4;51.9;41.7;48.2;1548801;72386874.7
UWGN;D;20221025;000000;48.9;49;46.6;47.1;714017;34059813
UWGN;D;20221026;000000;47.1;47.7;46.3;46.7;178495;8380806.3
UWGN;D;20221027;000000;46.7;50.5;46.4;48;827223;40335289.7
UWGN;D;20221028;000000;48.9;52.5;48.1;50.2;958178;48598032.2
UWGN;D;20221031;000000;51.5;53.7;50;52.7;843971;44256099.6
UWGN;D;20221101;000000;53.5;54.6;52.8;54.6;506093;27328687.2
UWGN;D;20221102;000000;54.7;56.9;53.6;55.5;793942;44094697.5
UWGN;D;20221103;000000;55.8;55.8;51.6;53.1;863755;46139700.5
UWGN;D;20221107;000000;53.7;55.9;52.9;55.6;538363;29699550
UWGN;D;20221108;000000;55.7;57;54.9;55.3;619081;34660369.4
UWGN;D;20221109;000000;55;55.4;53.1;53.1;401202;21821539.8
UWGN;D;20221110;000000;53.4;54.7;53.1;54.1;161668;8716445.4
UWGN;D;20221111;000000;54.2;54.7;53;53.1;189871;10176222.4
UWGN;D;20221114;000000;53.8;54.1;52;52.5;234717;12409319.1
UWGN;D;20221115;000000;52.5;52.9;50.1;51.8;382786;19601738.8
UWGN;D;20221116;000000;52;52.1;51;51.4;127957;6588645.4
UWGN;D;20221117;000000;51.5;53.5;51.4;51.5;238432;12485384.6
UWGN;D;20221118;000000;51.5;52;50;50.5;227338;11517793.5
UWGN;D;20221121;000000;50.9;51;49.4;49.8;148846;7465403.7
UWGN;D;20221122;000000;49.8;50.8;49.8;50.6;71560;3601588.8
UWGN;D;20221123;000000;50.9;51;50.2;51;98776;5007081.9
UWGN;D;20221124;000000;51.1;51.2;50.4;50.7;70519;3583722.7
UWGN;D;20221125;000000;51;51;50.1;50.6;93638;4730894.5
UWGN;D;20221128;000000;50.1;50.8;49.8;50.5;88468;4457031
UWGN;D;20221129;000000;50.6;54;50.4;53.1;591922;31151433
UWGN;D;20221130;000000;53.9;55;52.8;52.9;383195;20633095.3
UWGN;D;20221201;000000;53.5;53.7;52.1;52.5;141063;7420699.8
UWGN;D;20221202;000000;52.5;52.8;50.6;51.1;167396;8597908.5
UWGN;D;20221205;000000;51.5;54.9;50.9;52.3;735890;39088673.4
UWGN;D;20221206;000000;52.5;54;51.7;52.4;345067;18199920.9
UWGN;D;20221207;000000;52.4;52.6;50.9;51.4;220554;11377265.1
UWGN;D;20221208;000000;51.5;54.3;50.1;51.8;352632;18392788
UWGN;D;20221209;000000;51.9;52.4;51.1;51.5;129811;6707029.1
UWGN;D;20221212;000000;51.6;53.1;51.4;51.7;218973;11431043
UWGN;D;20221213;000000;52.2;53.5;51.7;52.7;263507;13853358.1
UWGN;D;20221214;000000;52.8;52.8;51.6;51.9;100146;5214764.4
UWGN;D;20221215;000000;51.8;52;51;51.5;113752;5848417.1
UWGN;D;20221216;000000;51.9;52;51;51.6;112420;5795987.5
UWGN;D;20221219;000000;51.8;52;50.1;50.6;159122;8075421.6
UWGN;D;20221220;000000;50.5;64.3;50.4;62;4351114;255524206.7
UWGN;D;20221221;000000;65.4;86.6;64.9;86.6;9198569;720945498.5
UWGN;D;20221222;000000;95.3;121.1;90;111;19102785;2123080904.9
UWGN;D;20221223;000000;105.5;115.8;84.1;84.5;7874984;758195679.5
UWGN;D;20221226;000000;85;92.8;77.5;89.9;7960425;684721546.2
UWGN;D;20221227;000000;91.8;96;85;86.8;6081030;557310079.7
UWGN;D;20221228;000000;87.9;88.5;78;78.6;2776697;227131811.8
UWGN;D;20221229;000000;76.4;84.4;75.6;79;1640688;131521153.9
UWGN;D;20221230;000000;79.1;84;78.5;78.6;1548922;125945274.2
UWGN;D;20230104;000000;92.8;94.8;88;94.8;4974640;460198151.3
UWGN;D;20230105;000000;96.2;102.7;91;95.8;6524458;642518113.5
UWGN;D;20230106;000000;94;97.5;89.6;93;3752133;348557773.9
UWGN;D;20230109;000000;94.9;97.7;91.3;92.6;1921548;180184354.6
UWGN;D;20230110;000000;92.5;95.3;89;91.1;1856223;169961586.1
UWGN;D;20230111;000000;91.2;93.9;89.6;90.8;1253652;114638023.1
UWGN;D;20230112;000000;92.9;97.5;90.5;94.1;3098172;292607176.3
UWGN;D;20230113;000000;95.8;110.9;95.2;103.4;13481980;1407377393.9
UWGN;D;20230116;000000;108;113.9;105.2;109.9;5911097;650600596.8
UWGN;D;20230117;000000;111;113;103.1;104.8;3172788;338823246.9
UWGN;D;20230118;000000;100.6;106.2;100.6;104.6;1325689;137969248
UWGN;D;20230119;000000;105.8;110.9;103.5;105.5;3300395;353902828.3
UWGN;D;20230120;000000;106.7;107.2;105;105.1;628937;66485256.7
UWGN;D;20230123;000000;107.7;107.7;105.2;106.2;777036;82622087.4
UWGN;D;20230124;000000;107;107;105.5;106;376080;39918813.4
UWGN;D;20230125;000000;106.6;106.7;101.4;102.5;815039;84811407.4
UWGN;D;20230126;000000;102.7;103.2;91;99.9;1121944;111617359.8
UWGN;D;20230127;000000;99.8;104.7;95.6;101.3;1239596;123890678.1
UWGN;D;20230130;000000;102;103;97.8;99.8;539220;53770749
UWGN;D;20230131;000000;103;107;101;104.1;2010281;209851217
UWGN;D;20230201;000000;106;106;101.6;103.4;440048;45683793.3
UWGN;D;20230202;000000;103.7;103.8;101.8;102.2;318123;32712686.3
UWGN;D;20230203;000000;102.5;102.8;101.2;101.5;173137;17660789
UWGN;D;20230206;000000;102.3;103.6;101.4;102.8;273396;27939747.2
UWGN;D;20230207;000000;103;103.2;101.2;101.8;355265;36309342
UWGN;D;20230208;000000;101.8;114.5;100.4;106.6;4863609;528731329.7
UWGN;D;20230209;000000;107;108.8;103.8;106.1;878158;92761843.6
UWGN;D;20230210;000000;106.5;106.5;102.6;105;473324;49498574.7
UWGN;D;20230213;000000;106.7;110.8;105.2;107.3;1570610;170013553.3
UWGN;D;20230214;000000;107.7;107.9;102;104.5;735123;76778657.3
UWGN;D;20230215;000000;104.3;104.3;95;97;1409228;138993051.3
UWGN;D;20230216;000000;94.3;101;93.9;98.7;561468;54947449.9
UWGN;D;20230217;000000;98;99;97.5;97.5;209094;20570458
UWGN;D;20230220;000000;98;98;92.8;95.8;544736;51769801
UWGN;D;20230221;000000;96.2;105;95.4;99.9;823902;82419958.2
UWGN;D;20230222;000000;101;101;98.1;98.5;174187;17269015
UWGN;D;20230224;000000;98.9;101.3;97.8;99.2;302889;30270096.5
UWGN;D;20230227;000000;99.3;102.8;98.4;101.9;351731;35457317.5
UWGN;D;20230228;000000;102;104.5;101.2;102.7;438338;45101130.9
UWGN;D;20230301;000000;102.9;103.9;102;103.5;285900;29446790.1
UWGN;D;20230302;000000;104.3;104.3;96.1;100.2;506262;51001174.9
UWGN;D;20230303;000000;101.3;102.1;100.1;102.1;203283;20651880.5
UWGN;D;20230306;000000;102.5;109.5;102.4;106.1;3246589;346048764.8
UWGN;D;20230307;000000;106.9;108.4;104.3;105.9;703566;74773320.4
UWGN;D;20230309;000000;106;108.6;102;106.8;1209554;129214702.7
UWGN;D;20230310;000000;107.1;107.1;104.5;105;259751;27400537
UWGN;D;20230313;000000;105.9;106.1;103;103.9;326875;34177288.6
UWGN;D;20230314;000000;104.1;110.2;103.6;105.8;2829996;305136983.2
UWGN;D;20230315;000000;106.8;111.4;106;108.4;3024008;328816069.8
UWGN;D;20230316;000000;109;109;104.4;107.3;906996;97160356.1
UWGN;D;20230317;000000;108.4;110.4;107;107.8;1849558;201118279.5
UWGN;D;20230320;000000;108.8;114;107.9;114;2354731;262217328.2
UWGN;D;20230321;000000;115.5;120;113.5;117.7;4128092;483692107.3
UWGN;D;20230322;000000;118.3;119.5;116.5;118.6;1221620;144106670.4
UWGN;D;20230323;000000;118.6;143.8;117.2;137.1;14383088;1956674479.8
UWGN;D;20230324;000000;139.1;143.6;134;136.8;3448346;475178301.6
UWGN;D;20230327;000000;139.1;142.8;137.1;139.6;2529800;353521340
UWGN;D;20230328;000000;141;141.2;134.5;137.1;1059969;145731576.6
UWGN;D;20230329;000000;137.2;139.9;134.7;138.1;873430;120626359.2
UWGN;D;20230330;000000;138.8;189.9;137.1;175.4;20700488;3402034937
UWGN;D;20230331;000000;179.9;185;166.6;174.7;6904531;1211306905.3
UWGN;D;20230403;000000;175.5;201.4;171.7;196.4;14320386;2765216008.3
UWGN;D;20230404;000000;198;207;194.8;204.2;7156680;1453033410.1
UWGN;D;20230405;000000;204.3;204.8;177.4;197;5280393;1044373206.3
UWGN;D;20230406;000000;197.6;201.4;186.2;189.3;3823393;738890545
UWGN;D;20230407;000000;181.1;201.4;181.1;191.7;5549149;1085695718.9
UWGN;D;20230410;000000;194.9;199.4;191.5;195.4;2594584;508942783
UWGN;D;20230411;000000;196.1;196.4;186.6;190.2;1029249;197730120.6
UWGN;D;20230412;000000;191;195.9;190;191.4;726354;139784190.1
UWGN;D;20230413;000000;193.4;206.6;189.7;201.4;10886512;2179121564.5
UWGN;D;20230414;000000;203;211.6;202.3;204.7;8305566;1725360387
UWGN;D;20230417;000000;207.8;209.9;203.1;206.1;2913818;600034755.4
UWGN;D;20230418;000000;205.5;207.5;203.6;204.8;1993558;409835681.6
UWGN;D;20230419;000000;205.3;206;193;199;2166466;433592860.2
UWGN;D;20230420;000000;199;200.4;192;196;1212429;237259930
UWGN;D;20230421;000000;195.4;195.8;191.4;193;666860;129282292.7
UWGN;D;20230424;000000;192.6;192.9;185.7;189.5;1444504;274810350.7
UWGN;D;20230425;000000;189.5;190.6;183.3;184;1430512;266630546.9
UWGN;D;20230426;000000;184.5;197.8;180.7;195.9;3915756;754540380.8
UWGN;D;20230427;000000;196.6;197.2;188.1;189.2;1616579;311002961.3
UWGN;D;20230428;000000;189.4;192.9;185.6;186;1061295;199564708.3
UWGN;D;20230502;000000;186;189.7;143.8;156.6;6898750;1126310807.8
UWGN;D;20230503;000000;157.9;169.3;137.9;150.6;10072032;1544008364
UWGN;D;20230504;000000;150.5;163.5;150;154.7;4668285;734558407.3
UWGN;D;20230505;000000;156.8;159.3;148;148.5;1946625;299297433.2
UWGN;D;20230508;000000;148.5;154.1;146.4;146.7;1079172;162334971.2
UWGN;D;20230510;000000;148.9;158.4;146.9;158;2090843;321124078.4
UWGN;D;20230511;000000;162;165.5;159.4;165;2442306;398214290.7
UWGN;D;20230512;000000;163.4;164.2;156.1;159.7;1238156;199316267.1
UWGN;D;20230515;000000;163;163.4;158.4;160.5;930978;149969817
UWGN;D;20230516;000000;162;163.2;156.7;158.9;761941;121378594.8
UWGN;D;20230517;000000;159;159.5;153;155.8;665005;103999098.2
UWGN;D;20230518;000000;155.9;166.4;155;159.4;2623608;425438266.9
UWGN;D;20230519;000000;160.2;160.4;154.1;155;521978;81954009.3
UWGN;D;20230522;000000;156.4;163.2;156.3;159.9;1399534;224429207
UWGN;D;20230523;000000;160;164.3;155;158.3;906849;144876932
UWGN;D;20230524;000000;161;161.5;156;159.1;419399;66791268.2
UWGN;D;20230525;000000;158;159.3;153;156.4;599162;93707019.3
UWGN;D;20230526;000000;156.4;161.4;156.3;157.7;605387;96111162.8
UWGN;D;20230529;000000;162;162;155;158.7;478978;75762074.1
UWGN;D;20230530;000000;156.1;158.2;153.2;154.5;625442;97475321.4
UWGN;D;20230531;000000;154.5;155.6;148.7;151.6;653699;99326035.9
UWGN;D;20230601;000000;152;153.5;148.7;149.7;311711;46992996.3
UWGN;D;20230602;000000;149.8;154.6;146.2;150.5;498853;75098446
UWGN;D;20230605;000000;150.7;158.2;150;152.4;1290477;200041662.9
UWGN;D;20230606;000000;150.6;158.9;148.5;156.3;1221199;189879444.9
UWGN;D;20230607;000000;157;157.5;152;153;942959;145064310.1
UWGN;D;20230608;000000;153.9;157.5;152.4;154.2;744259;115545132.6
UWGN;D;20230609;000000;154.9;158.5;152.7;153.5;906057;141335570.9
UWGN;D;20230613;000000;155;165.1;154.5;164.8;2027483;324910323.7
UWGN;D;20230614;000000;167.2;173.7;165.5;171;3398679;580120052.7
UWGN;D;20230615;000000;171.5;171.6;166.2;168;848156;143141833.7
UWGN;D;20230616;000000;168.8;168.9;163.4;165;624367;103307336.5
UWGN;D;20230619;000000;165.4;172;165;169.2;1123420;189862204
UWGN;D;20230620;000000;169.4;171.1;158.1;165.9;850525;141113625.3
UWGN;D;20230621;000000;167.6;173;165.1;170;1115876;189549222.3
UWGN;D;20230622;000000;171.7;180.4;167.9;177.4;3320059;586350968.2
UWGN;D;20230623;000000;175.1;176.5;170.4;173;926120;160327985.3
UWGN;D;20230626;000000;171.7;172.5;167;168.5;637748;108327608.3
UWGN;D;20230627;000000;169;173.8;168.1;171.9;622228;106811662.2
UWGN;D;20230628;000000;172.6;174.3;168.2;169.6;414146;70815916.1
UWGN;D;20230629;000000;169.6;172;168.2;168.5;472432;80261429.5
UWGN;D;20230630;000000;169;169.8;165.7;166.1;420408;70367275.4
UWGN;D;20230703;000000;167;176.5;166.6;172.5;1848774;319772309.2
UWGN;D;20230704;000000;173.1;174.9;171;171.7;477315;82259193.7
UWGN;D;20230705;000000;171.9;173;168.8;169.3;531083;90614013.7
UWGN;D;20230706;000000;169.6;172.4;166.9;168.7;393500;67086301.9
UWGN;D;20230707;000000;168.9;171.5;167.7;168.9;313362;53081254.8
UWGN;D;20230710;000000;170;173.7;168.9;171.9;423544;72595082.9
UWGN;D;20230711;000000;172.8;174.6;170.1;172.4;524043;90664642.6
UWGN;D;20230712;000000;172.9;177.4;172.6;175;1551992;273022819.6
UWGN;D;20230713;000000;176.5;176.7;170.9;173.2;771780;133856074.9
UWGN;D;20230714;000000;173.7;180.1;172.6;174.7;1918304;338664386.3
UWGN;D;20230717;000000;174.4;183.1;172.3;180;3089837;556894663.5
UWGN;D;20230718;000000;181.6;185;180.1;181;1660371;303252680.9
UWGN;D;20230719;000000;182.6;182.9;175;179.4;1129643;202840740
UWGN;D;20230720;000000;180.3;180.5;176.1;176.1;682558;121294480.9
UWGN;D;20230721;000000;176.1;180.2;175.4;175.6;738088;130981037.9
UWGN;D;20230724;000000;177;181;176;180.5;860686;154292865.3
UWGN;D;20230725;000000;181.7;183.9;180.1;180.9;1233749;224574884.9
UWGN;D;20230726;000000;182.1;192.3;178.9;192;4562183;850972700.9
UWGN;D;20230727;000000;195;196;192;193;2856016;553299602.7
UWGN;D;20230728;000000;194;194.2;185.6;188.5;1205721;229034403.2
UWGN;D;20230731;000000;190.5;194.5;189;192.1;1276532;245480450.4
UWGN;D;20230801;000000;192.2;206.9;189.5;198.2;5786651;1158781509.1
UWGN;D;20230802;000000;199.4;205.8;196.6;201;2595906;524131436.9
UWGN;D;20230803;000000;201.1;231;200.3;227.9;15862505;3489399836.3
UWGN;D;20230804;000000;231;245.8;209;223.1;12337799;2925747378.4
UWGN;D;20230807;000000;232.4;238.4;224.7;229;2934378;679869073.9
UWGN;D;20230808;000000;231.1;231.1;215;218.8;2216904;489231914.8
UWGN;D;20230809;000000;223;235.8;222.7;228.1;3118643;718329212.3
UWGN;D;20230810;000000;232;232.6;228;228.9;872334;200864138.1
UWGN;D;20230811;000000;230.9;245.3;228.1;244;8651161;2080666347.8
UWGN;D;20230814;000000;249;250;235;238;5724128;1400307264
UWGN;D;20230815;000000;232.1;246.8;223.2;236.3;5654143;1351802914
UWGN;D;20230816;000000;236.5;240;214.2;220.2;3729491;842141322.5
UWGN;D;20230817;000000;225;233.3;222.2;227.5;2446528;556984676.5
UWGN;D;20230818;000000;231;231;225.1;227.4;642591;146061148
UWGN;D;20230821;000000;230.8;241.9;228.6;240.6;2550752;606256603.8
UWGN;D;20230822;000000;242.2;251.3;236.5;247.9;4953626;1215066814.7
UWGN;D;20230823;000000;243.9;248.5;236.3;239.9;2739013;664360132.3
UWGN;D;20230824;000000;231.5;243.9;230.8;239.8;1508660;360287732.2
UWGN;D;20230825;000000;240.1;246.6;239;243.7;2122770;517017709.8
UWGN;D;20230828;000000;243;255.5;242.6;251.5;4999005;1258062642.8
UWGN;D;20230829;000000;252.1;269;247.1;260.7;7581187;1985200885.3
UWGN;D;20230830;000000;263;277.4;261.4;268.4;5793558;1570337605.4
UWGN;D;20230831;000000;271;273.7;255.7;260.2;2571218;680404324.3
UWGN;D;20230901;000000;260.7;281.9;257.9;275.8;4478889;1222483942.3
UWGN;D;20230904;000000;283.3;302;278.1;296.6;7444959;2192292172.1
UWGN;D;20230905;000000;299.1;301;264.6;286.2;3999799;1164363236.6
UWGN;D;20230906;000000;286;289;274;274;2843440;797336292
UWGN;D;20230907;000000;274;277.9;245.1;252.5;8665943;2243891819.4
UWGN;D;20230908;000000;253.3;259.1;233;233;6611874;1607192395.3
UWGN;D;20230911;000000;229.8;230;196.3;202;14849830;3157961649.5
UWGN;D;20230912;000000;194.9;214;182;183;12844591;2520871142.9
UWGN;D;20230913;000000;179.9;180;110;125.7;69995363;9886166282.3
UWGN;D;20230914;000000;113.1;116.7;82;95.2;97916723;9460660698.6
UWGN;D;20230915;000000;100.8;120.7;96.6;117.6;40154781;4502362459.9
UWGN;D;20230918;000000;121;162.5;118.2;134.9;79571421;10928951771
UWGN;D;20230919;000000;145.7;146;127.1;130;22323661;3019552874.5
UWGN;D;20230920;000000;129;129.3;115.7;116.3;8679427;1053935679.3
UWGN;D;20230921;000000;112.1;123;104;106.1;6982574;793744044.6
UWGN;D;20230922;000000;109;121.5;98;115;13476293;1498960218.1
UWGN;D;20230925;000000;118.8;122;108.2;111.8;5564152;637807324.5
UWGN;D;20230926;000000;114;118;110.1;111.6;3776169;428501224.4
UWGN;D;20230927;000000;111.7;113.9;110.5;111.3;1714709;191417403.1
UWGN;D;20230928;000000;111.9;127.5;110.3;122.6;11239652;1358722452.6
UWGN;D;20230929;000000;123.9;126;116.3;118;3523600;423635881.5
UWGN;D;20231002;000000;124;124;117.5;118.2;1937542;232220510.2
UWGN;D;20231003;000000;119;119.7;113;116.5;1092311;126782714.1
UWGN;D;20231004;000000;116.1;121;113.1;118.5;1669315;197081055.6
UWGN;D;20231005;000000;118.6;120;114;115.2;1172162;136104348.7
UWGN;D;20231006;000000;115.9;117.4;111.7;112.5;1459551;166815589
UWGN;D;20231009;000000;113.9;114.4;102.3;108.5;2386954;259791062.6
UWGN;D;20231010;000000;108.5;113.4;108;109;1746823;192736033.5
UWGN;D;20231011;000000;109.2;110.6;108.1;108.6;480650;52290046.1
UWGN;D;20231012;000000;108;109.6;101.6;105.8;1103362;117544221.6
UWGN;D;20231013;000000;105.8;106.9;102.6;103.9;1509389;157180140.7
UWGN;D;20231016;000000;103.9;108.7;102.7;106.2;2244585;239332090.3
UWGN;D;20231017;000000;107.6;107.6;104.3;104.3;861063;91055177.4
UWGN;D;20231018;000000;104.3;105.5;103.4;104.3;736085;76887205.7
UWGN;D;20231019;000000;104;104.8;102;103.1;946134;97541457.7
UWGN;D;20231020;000000;93.6;101.5;91.4;92.2;4727755;451854883.8
UWGN;D;20231023;000000;84.3;89.8;77.5;79;5910361;485676532.9
UWGN;D;20231024;000000;78;88.3;71.2;80.1;9439853;774210597.4
UWGN;D;20231025;000000;81.4;86.8;81.4;85;4032611;342019330.6
UWGN;D;20231026;000000;86.3;89.7;80.2;82.8;2863634;246603796.4
UWGN;D;20231027;000000;82;84;79.3;81.6;995628;81573467.2
UWGN;D;20231030;000000;82.4;83.1;79.3;79.7;799762;64397163.3
UWGN;D;20231031;000000;81.2;81.2;75;75.6;1743577;133838714.7
UWGN;D;20231101;000000;75.6;77.7;75.6;76.3;751019;57530806.9
UWGN;D;20231102;000000;76.4;83.8;76.4;80.1;3951407;320563945.9
UWGN;D;20231103;000000;80.1;88.4;79.1;83.5;3287395;275377748.8
UWGN;D;20231106;000000;83.8;85;79.5;80.5;1029914;83429447.6
UWGN;D;20231107;000000;81;81.1;77;78.3;1152439;90638521.8
UWGN;D;20231108;000000;78.6;79.3;75.4;77;1080299;83539644.2
UWGN;D;20231109;000000;74;75.2;70.2;72.7;2175083;158761763.4
UWGN;D;20231110;000000;73;73.7;62.4;63;2674367;180991865.9
UWGN;D;20231113;000000;63;64.5;39.2;39.8;17702839;868498512.8
UWGN;D;20231114;000000;39;39.5;23.9;29;66386387;1881613476.4
UWGN;D;20231115;000000;29.5;35.3;26.3;35.3;39153662;1277724411.3
UWGN;D;20231116;000000;36.7;38.7;35.9;38.7;15999579;608328967.3
UWGN;D;20231117;000000;41.5;42.5;36.7;40;16225876;658890115
UWGN;D;20231120;000000;39.2;42.1;34.3;38.1;11359678;451345020.5
UWGN;D;20231121;000000;38.4;40.9;29.1;37.9;41009620;1445739485.4
UWGN;D;20231122;000000;40;41.5;33.9;35.8;19904015;758696691.3
UWGN;D;20231123;000000;32.2;32.2;21.3;22.6;148541205;3734789209.2
UWGN;D;20231124;000000;20.5;24.7;20.2;21.3;89380093;1987176111.7
UWGN;D;20231127;000000;21.6;23.2;21.2;23.2;33273777;749039349.3
UWGN;D;20231128;000000;25.1;25.4;24.6;25.4;5378060;135624548.7
UWGN;D;20231129;000000;27.9;27.9;27.9;27.9;3127419;87254990.1
UWGN;D;20231130;000000;30.6;30.6;24.3;27;148266503;4079928753.1
UWGN;D;20231201;000000;27.7;28.4;25.6;26.5;33877560;894154476.9
UWGN;D;20231204;000000;26.3;26.7;23.8;23.9;25189379;636823557.3
UWGN;D;20231205;000000;23.9;26.3;22.2;26.3;45556780;1085746158.5
UWGN;D;20231206;000000;26.8;28.2;24.8;26.6;64895523;1710651865.9
UWGN;D;20231207;000000;27.2;27.6;25.9;26.3;29066735;779732857.8
UWGN;D;20231208;000000;26.2;26.8;25.5;26.2;10928341;286617289.2
UWGN;D;20231211;000000;26.2;26.2;24.8;24.9;12816798;327198531
UWGN;D;20231212;000000;24.9;26.4;24.4;25.5;15414801;394524337.9
UWGN;D;20231213;000000;28.1;31.1;26.7;31.1;61890951;1799044893.3
UWGN;D;20231214;000000;32;34.1;30.2;31.7;91243830;2977870333.5
UWGN;D;20231215;000000;32.1;33.1;31;31.9;24375261;784707402.7
UWGN;D;20231218;000000;32.4;35;31.9;35;86045964;2943506892.1
UWGN;D;20231219;000000;35.6;38.4;35.2;38.4;48165371;1818626516.6
UWGN;D;20231220;000000;40;42.2;39.2;42.2;35391004;1471377676.7
UWGN;D;20231221;000000;45.9;46.3;44.6;46.3;16633120;765957444.3
UWGN;D;20231222;000000;50.7;50.8;42.3;45.9;131330644;6284358852.7
UWGN;D;20231225;000000;47.4;49.1;41.8;45.1;59929086;2736502779.1
UWGN;D;20231226;000000;45;47.4;42.5;45.1;53296584;2391223182.6
UWGN;D;20231227;000000;44;46;40.7;41;29974181;1306069381.9
UWGN;D;20231228;000000;41.2;44.9;39.1;41;42471622;1792273051.2
UWGN;D;20231229;000000;41.4;42.9;40;41.2;11450429;470197546.5
UWGN;D;20240103;000000;42.3;45.1;41.2;45.1;36943954;1621768823.1
UWGN;D;20240104;000000;47;49.3;46.4;47.4;55251987;2654475645.4
UWGN;D;20240105;000000;47.6;48.4;45.5;47.3;23439038;1096717035.6
UWGN;D;20240108;000000;47.6;49.7;47;49.5;25472802;1232211271.3
UWGN;D;20240109;000000;49.7;54.4;49.5;54.4;66529719;3487311966.9
UWGN;D;20240110;000000;55.6;59.7;55.5;59.7;68654698;4030866444.6
UWGN;D;20240111;000000;63.7;64.3;55.7;58.9;100124407;6061741792.3
UWGN;D;20240112;000000;59.1;62.2;57.2;61.7;48184609;2896011763.2
UWGN;D;20240115;000000;62.7;67.7;61.1;67.7;81940641;5371286812.5
UWGN;D;20240116;000000;68;73.7;62.4;69.7;95690753;6772595126.1
UWGN;D;20240117;000000;69.1;72.2;66.5;68.8;44101737;3085618267.4
UWGN;D;20240118;000000;69.1;70.2;63.5;66.7;55278077;3682387506
UWGN;D;20240119;000000;67;69.5;64.5;68.1;41915031;2813966565.3
UWGN;D;20240122;000000;68.5;74.1;68.1;72.6;70032763;5019664572.4
UWGN;D;20240123;000000;73.2;77;72.6;76.1;73570574;5550231123.8
UWGN;D;20240124;000000;76.5;78;73.5;75.7;44741194;3389227511.2
UWGN;D;20240125;000000;75.6;76.3;70.8;73.5;44534447;3300874642.4
UWGN;D;20240126;000000;73.3;75.3;72;73.3;15194556;1123099866.5
UWGN;D;20240129;000000;73.5;74.1;70;70.4;23817687;1711276829.7
UWGN;D;20240130;000000;70.4;74.6;65.3;71.7;81261706;5642847280.7
UWGN;D;20240131;000000;72.1;73.6;70.1;71.7;32117074;2320830781.7
UWGN;D;20240201;000000;72;72.4;68.7;68.9;24300558;1707462958.9
UWGN;D;20240202;000000;68.8;69.9;67.6;68.9;14296573;983718932.6
UWGN;D;20240205;000000;69;69.6;67;67;15659498;1062273653.5
UWGN;D;20240206;000000;67;71.4;66.4;68.6;44679453;3113445148
UWGN;D;20240207;000000;68.9;70.1;67.8;68.3;14170202;974323448.4
UWGN;D;20240208;000000;68.3;68.5;66.7;67.2;13122647;887283597.3
UWGN;D;20240209;000000;68.4;70.3;67.4;67.8;23198804;1595907978.4
UWGN;D;20240212;000000;68.4;68.9;67.3;68.3;9061874;615946820.8
UWGN;D;20240213;000000;68.5;69;64.2;65.9;17299067;1149614812.7
UWGN;D;20240214;000000;66;66;60.4;61.2;31976434;2024667801.6
UWGN;D;20240215;000000;61.1;67.2;59.5;66.3;53045713;3397507820.2
UWGN;D;20240216;000000;66.9;67.2;62.6;62.8;24028612;1551418085.2
UWGN;D;20240219;000000;63;64.6;61.8;63.1;10712864;676225204.2
UWGN;D;20240220;000000;63.1;63.5;60.3;60.9;9173473;565165535.2
UWGN;D;20240221;000000;60.3;60.3;54.1;54.8;29907611;1692643673.1
UWGN;D;20240222;000000;54.4;59.4;54.3;55.8;23128798;1317608771.2
UWGN;D;20240226;000000;57.5;61.1;57;61.1;29102517;1730344551.1
UWGN;D;20240227;000000;62.2;64.8;61.5;62.4;27216507;1720039379
UWGN;D;20240228;000000;62.9;62.9;60.2;60.9;10515559;644238562.1
UWGN;D;20240229;000000;60.6;62.1;59.4;59.9;9824971;597504136.9
UWGN;D;20240301;000000;59.9;60.5;58.3;58.9;7592172;448543698.3
UWGN;D;20240304;000000;59.3;61.5;59.1;60.6;10311025;623546024.4
UWGN;D;20240305;000000;60.8;62;59.4;60.5;12233369;744231286.9
UWGN;D;20240306;000000;60.5;61.2;58.4;59.2;6887078;413728330
UWGN;D;20240307;000000;59.5;60.4;59;59.7;4755874;283565186.2
UWGN;D;20240311;000000;60.7;62.5;60.1;61.6;21033067;1291339817.2
UWGN;D;20240312;000000;61.6;61.7;60.2;60.3;7471423;454408941
UWGN;D;20240313;000000;60.5;60.8;59.1;60;4605920;276340552.5
UWGN;D;20240314;000000;59.9;60.4;57.2;58.2;9603578;563806819.6
UWGN;D;20240315;000000;58.5;60.3;58;59.3;6379106;376162609.5
UWGN;D;20240319;000000;59.4;59.5;57.2;57.8;8391118;488772149.2
UWGN;D;20240320;000000;57.8;58.3;55;56.5;8777186;495908878.3
UWGN;D;20240321;000000;56.5;58.2;55.8;56.7;7235655;411874690.6
UWGN;D;20240322;000000;56.8;57.2;53.2;55.2;6768913;373625066.8
UWGN;D;20240325;000000;55;57.8;54.5;56.6;11738781;655302521.1
UWGN;D;20240326;000000;56.9;57;55.9;56.3;3958552;222960110.5
UWGN;D;20240327;000000;56.4;56.4;55;56.1;3337443;185681944.4
UWGN;D;20240328;000000;56;56.2;55;55.4;2952914;163898801
UWGN;D;20240329;000000;55.4;55.4;54.1;54.6;3438072;187347860.9
UWGN;D;20240401;000000;54.7;56.5;54.1;56.3;7573109;419276214.1
UWGN;D;20240402;000000;56.5;58.8;55.3;58.8;14782489;850120735.5
UWGN;D;20240403;000000;59;59.9;57.1;58.5;8836793;515843042
UWGN;D;20240404;000000;58.8;58.9;57.2;57.6;3665021;211762153.5
UWGN;D;20240405;000000;57.4;57.5;56;56.9;3975203;225908405.9
UWGN;D;20240408;000000;57.3;58.5;56.1;57.4;6841131;393681083.6
UWGN;D;20240409;000000;57.4;57.4;56.2;56.5;2994105;169847497.6
UWGN;D;20240410;000000;56.7;56.7;55.4;56;2746605;153737928.3
UWGN;D;20240411;000000;56.1;56.2;55.5;55.6;1667827;93081199.8
UWGN;D;20240412;000000;55.8;56.7;55.2;55.8;3563524;199043401.6
UWGN;D;20240415;000000;55.8;56.3;55.4;56.1;3222439;179952018
UWGN;D;20240416;000000;56.3;56.4;55.4;55.6;2187265;121697163.1
UWGN;D;20240417;000000;55.7;55.7;55;55.1;1966862;108454212
UWGN;D;20240418;000000;55.1;55.3;54.6;54.9;1923054;105613005.8
UWGN;D;20240419;000000;55.1;57.5;54.9;56;10786356;607327915.3
UWGN;D;20240422;000000;56.5;56.7;55.5;55.7;3125589;174662142.9
UWGN;D;20240423;000000;55.7;56.2;54.7;55.3;3868659;213775139.9
UWGN;D;20240424;000000;55.3;55.4;54.2;55;3017271;165114914.6
UWGN;D;20240425;000000;55.3;55.5;54.2;54.7;3807275;208170946.5
UWGN;D;20240426;000000;54.6;54.6;51;52.7;5067301;270335368.9
UWGN;D;20240427;000000;52.9;53;51.2;52.2;5091006;264751663.6
UWGN;D;20240429;000000;52.4;56.3;50.6;54.8;13424573;724680461.1
UWGN;D;20240430;000000;54.8;54.9;53.1;53.9;3151221;169135899.5
UWGN;D;20240502;000000;53.9;61.5;52.55;60.3;51116705;2991059390.25
UWGN;D;20240503;000000;60.85;60.9;55.25;56.1;18304932;1055083348.55
UWGN;D;20240506;000000;56.75;56.9;54.05;54.6;9082563;503017064.05
UWGN;D;20240507;000000;54.8;55.65;54.35;54.9;4330246;237808150.8
UWGN;D;20240508;000000;54.9;54.95;53.6;54.1;4055018;219815386.55
UWGN;D;20240510;000000;54;54.4;53.35;53.7;2153929;115998940.3
UWGN;D;20240513;000000;54;54.55;53.1;53.4;3810270;204543644.9
UWGN;D;20240514;000000;53.1;53.45;52.55;53.1;3464692;183304911.75
UWGN;D;20240515;000000;53.25;53.25;51.6;52.7;2860559;150593588.15
UWGN;D;20240516;000000;52.7;52.75;51.5;51.95;3235976;168408879.3
UWGN;D;20240517;000000;51.9;54.45;51.3;51.7;8553589;450636995.7
UWGN;D;20240520;000000;51.9;53.2;51.25;51.4;6156592;321109384.5
UWGN;D;20240521;000000;51.4;52;50.15;50.65;3532132;179752276.6
UWGN;D;20240522;000000;50.8;51.8;50.6;50.65;2055532;104970213.95
UWGN;D;20240523;000000;50.75;51.4;50.15;50.3;2315206;116931008
UWGN;D;20240524;000000;50.3;50.8;46.1;46.95;9738163;468243061.85
UWGN;D;20240527;000000;47.7;47.85;42.35;43.05;13747312;609731165.1
UWGN;D;20240528;000000;43.2;46.4;41.35;43.75;12418398;548761054.95
UWGN;D;20240529;000000;43.75;44.15;42.6;43.65;3774975;163304800.05
UWGN;D;20240530;000000;44;44.65;40.85;41.4;4902354;210651631.05
UWGN;D;20240531;000000;41.4;42.4;37.7;40.8;9972171;397383952.1
UWGN;D;20240603;000000;41;42.5;37.9;41.45;14214482;567925139.75
UWGN;D;20240604;000000;41.5;45.5;40.6;45;16637147;717880679.5
UWGN;D;20240605;000000;44.95;46;43.2;43.85;9121321;405536058.95
UWGN;D;20240606;000000;44.25;44.3;42.3;42.85;4530161;196481602.25
UWGN;D;20240607;000000;42.5;45.65;42.5;45;8995734;399798506.8
UWGN;D;20240610;000000;45.8;48.6;44;46.2;14778934;692773842.3
UWGN;D;20240611;000000;46;46.35;43.4;44.7;7509614;334916035.85
UWGN;D;20240613;000000;42.3;45.1;40;44.8;6798683;295616731.3
UWGN;D;20240614;000000;44.8;46.1;44.35;44.75;3933365;177653365.8
UWGN;D;20240617;000000;44.85;45.35;43.4;43.8;3826205;170182282.15
UWGN;D;20240618;000000;43.85;44.3;41.7;42.25;4621425;198074192.55
UWGN;D;20240619;000000;42.3;43;39.5;40.4;9725206;399274506.5
UWGN;D;20240620;000000;40.4;42.25;39.95;41.55;7361825;302823583.7
UWGN;D;20240621;000000;41.55;42.45;41.1;41.4;2605716;108751129.45
UWGN;D;20240624;000000;41.3;42.6;41.1;41.55;3802641;158826969.9
UWGN;D;20240625;000000;41.5;41.8;40.8;41.35;2879534;118724660.05
UWGN;D;20240626;000000;41.35;42.65;41.3;41.8;3880075;162615658.2
UWGN;D;20240627;000000;41.95;43.85;41.25;43;5416625;230514406.55
UWGN;D;20240628;000000;43.15;44.6;42.6;43.1;4550689;198761107.75
UWGN;D;20240701;000000;43.3;43.9;42.8;43.75;2812890;121944507.05
UWGN;D;20240702;000000;43.75;44.45;43.1;43.3;3410031;149233237.35
UWGN;D;20240703;000000;43.35;43.7;41.9;42.4;3215224;137701812
UWGN;D;20240704;000000;42.4;43.3;41.25;41.5;2837248;119774017.2
UWGN;D;20240705;000000;41.5;41.9;40.75;41.2;1960428;80662805
UWGN;D;20240708;000000;41.25;41.9;40.2;40.6;3723777;152894545.65
UWGN;D;20240709;000000;40.7;40.75;38;38.8;7792610;306468609.15
UWGN;D;20240710;000000;38.7;39.1;35.05;35.25;11691012;432035919.35
UWGN;D;20240711;000000;35.2;38.9;35.1;38.9;7247208;271611880.7
UWGN;D;20240712;000000;39.2;40.45;38.15;38.95;8187058;320062649.55
UWGN;D;20240715;000000;39.35;39.9;37.25;37.55;6233047;241936029.8
UWGN;D;20240716;000000;37.8;38.95;36.15;38.35;10167634;378314757.45
UWGN;D;20240717;000000;38.7;39.8;37.8;38;5588581;215475940.95
UWGN;D;20240718;000000;38;38.75;37.7;38.45;2755974;105152117.05
UWGN;D;20240719;000000;38.5;39.35;38.3;38.65;5337717;206993414.3
UWGN;D;20240722;000000;39;40.4;38.55;39.7;5886563;232412127.55
UWGN;D;20240723;000000;39.75;44.35;39.7;43.95;26093728;1106995530.65
UWGN;D;20240724;000000;44;44;41.7;41.85;7777047;331729429.05
UWGN;D;20240725;000000;41.95;42.4;41.05;41.35;5422334;225828422.55
UWGN;D;20240726;000000;41.4;42.4;39.8;40.65;6362280;262392261.8
UWGN;D;20240729;000000;40.65;40.85;39.2;40.75;3467503;138808554.95
UWGN;D;20240730;000000;40.7;42.95;40.65;42.05;6284404;263684892.8
UWGN;D;20240731;000000;42.2;42.3;40.6;41.7;2844980;117739377.8
UWGN;D;20240801;000000;41.7;42.25;41;41.05;2318945;96424721.3
UWGN;D;20240802;000000;41.05;41.45;40.2;40.3;2294577;93399406.2
UWGN;D;20240805;000000;40.1;40.2;38.65;39.15;3293411;130027598.65
UWGN;D;20240806;000000;39.5;40.75;39.3;40;3148643;125395336.85
UWGN;D;20240807;000000;40.5;40.8;39.2;40.3;3224584;128818748.05
UWGN;D;20240808;000000;40.45;41.15;40.1;40.3;3874571;157379455.45
UWGN;D;20240809;000000;40.3;40.9;40.2;40.5;1121902;45476672.5
UWGN;D;20240812;000000;40.4;40.8;39.55;40.7;2654634;106633794.9
UWGN;D;20240813;000000;40.75;42.6;40.55;42.15;5922763;246814646.65
UWGN;D;20240814;000000;42.45;42.55;40.7;41.05;4165486;173902390.6
UWGN;D;20240815;000000;41.05;41.8;40.85;40.95;2563166;105965256.4
UWGN;D;20240816;000000;40.9;41.05;40.05;40.3;2014220;81880435.05
UWGN;D;20240819;000000;40.5;40.7;39.55;40;3124171;125200893.65
UWGN;D;20240820;000000;40;40.6;39.55;39.95;2593690;103758088.05
UWGN;D;20240821;000000;39.8;40.3;39.5;39.75;1967653;78329767.2
UWGN;D;20240822;000000;39.85;40.25;37.6;37.95;3865471;150412997.4
UWGN;D;20240823;000000;37.95;38.75;35.6;37.7;4561423;168891161.4
UWGN;D;20240826;000000;38.5;39.2;37.75;39;3902285;150042012.45
UWGN;D;20240827;000000;39.1;39.2;37.5;37.8;2121622;81277402.7
UWGN;D;20240828;000000;37.8;37.8;36.25;37.4;4685252;173909100.55
UWGN;D;20240829;000000;37.4;44.3;36.6;43.15;17673233;726059255.75
UWGN;D;20240830;000000;42.95;47.35;42.6;44.7;27819028;1282677844.2
UWGN;D;20240902;000000;46.5;47;41;42.2;12517527;542835073.8
UWGN;D;20240903;000000;42.5;42.9;39.85;40.9;8561205;354079916.15
UWGN;D;20240904;000000;41;43.85;38.75;41.95;11205227;459998560.05
UWGN;D;20240905;000000;42.5;43.05;40.75;41.1;6553259;274547897
UWGN;D;20240906;000000;41.9;44.4;41.45;43.55;9193974;392135417
UWGN;D;20240909;000000;44;45.55;43.6;45.15;8490812;377340263.55
UWGN;D;20240910;000000;45.4;45.7;43.15;43.6;8496011;373625565.7
UWGN;D;20240911;000000;43.6;44.2;42.15;42.25;4196660;180913248.9
UWGN;D;20240912;000000;42.1;42.4;41;41.75;3537348;147361700.3
UWGN;D;20240913;000000;41.9;43.65;41.2;43.15;6751611;287543370.9
UWGN;D;20240916;000000;44.1;52.8;44.05;52.2;71082245;3557874604.5
UWGN;D;20240917;000000;53.1;53.6;49.1;51.9;33571528;1724734210.05
UWGN;D;20240918;000000;52;55.45;51.1;54.15;36050701;1953431598.15
UWGN;D;20240919;000000;54.55;55.8;51.7;52.3;17952488;965635917.15
UWGN;D;20240920;000000;52.75;54.25;52.05;52.8;10518197;559931752.8
UWGN;D;20240923;000000;53.55;54;52.6;53.75;8733399;465167806
UWGN;D;20240924;000000;54.1;54.75;51.7;53;7919232;419002303.75
UWGN;D;20240925;000000;52.95;53.6;50.65;51.1;10719464;558876967.1
UWGN;D;20240926;000000;50.8;50.8;49;49.75;7773675;388084160.05
UWGN;D;20240927;000000;50;54.3;49.85;53.7;23333863;1230793975.15
UWGN;D;20240930;000000;54.45;56.5;53.45;53.9;28317951;1560542420.25
UWGN;D;20241001;000000;53.6;54.8;52.25;52.65;12173305;649014835.65
UWGN;D;20241002;000000;52.85;54.6;51.45;52.25;12455565;664105129.6
UWGN;D;20241003;000000;52.65;53.25;50.65;52.4;7426206;385751799.3
UWGN;D;20241004;000000;52.7;54;51.8;52.75;7319155;388794157.85
UWGN;D;20241007;000000;53.5;58.15;53.3;58.15;49978500;2811776782.3
UWGN;D;20241008;000000;58.95;61.95;56.1;58.1;58166457;3454478847.05
UWGN;D;20241009;000000;58.45;60.8;56.5;58.65;31697544;1861966093.1
UWGN;D;20241010;000000;58.95;60.45;57.45;58.4;12088628;711176641.35
UWGN;D;20241011;000000;58.5;60.7;58.15;59.8;24612708;1466682804.05
UWGN;D;20241014;000000;60.55;63.65;59.3;62.7;47662819;2959951314.4
UWGN;D;20241015;000000;63.1;65.35;62.3;63.45;34833347;2229978747.55
UWGN;D;20241016;000000;63.6;64.4;58.55;59.85;30835290;1884671563.25
UWGN;D;20241017;000000;59.7;61.8;57.65;58.25;17170451;1032246212
UWGN;D;20241018;000000;58.1;59.05;54.7;56.75;21148789;1191727816.65
UWGN;D;20241021;000000;56.35;58.5;55.25;57.25;13793812;787875188
UWGN;D;20241022;000000;57.45;57.65;55.05;55.25;9490716;534759051.05
UWGN;D;20241023;000000;54.95;54.95;50.15;51.7;23626406;1242455649.95
UWGN;D;20241024;000000;51.9;54.15;50.35;52.6;15581577;814742388.2
UWGN;D;20241025;000000;52.6;54.8;50.25;51.4;15196746;796128248.65
UWGN;D;20241028;000000;50.7;55.95;49.2;55.15;38743083;2090485081.95
UWGN;D;20241029;000000;55.3;57;53.25;55;19717735;1085970166.25
UWGN;D;20241030;000000;55.5;57.8;55.15;56.9;27132015;1538486536
UWGN;D;20241031;000000;57.15;57.4;53.25;54;17625437;973448492.8
UWGN;D;20241101;000000;54.05;55;52.3;54.15;9063846;486797112.2
UWGN;D;20241102;000000;54.2;54.6;53.25;53.85;3104995;166925817.15
UWGN;D;20241105;000000;54;55.25;53.25;54;5072085;275257596.9
UWGN;D;20241106;000000;54.65;56.1;54;55.2;11908402;656138948.45
UWGN;D;20241107;000000;55.2;56.4;53.6;56.4;7668318;421205523.95
UWGN;D;20241108;000000;56.9;58.1;55.8;57.55;19911390;1133729539
UWGN;D;20241111;000000;59;60.3;57.8;58.4;16812048;986819644.85
UWGN;D;20241112;000000;58.6;59.35;57.45;58.25;11970974;700715686.6
UWGN;D;20241113;000000;58.1;59.3;57.6;57.75;9223887;539934828.25
UWGN;D;20241114;000000;57.9;58.6;56.35;56.9;6580114;378774557.4
UWGN;D;20241115;000000;56.9;57.65;56.45;57.5;5073445;289725970
UWGN;D;20241118;000000;55.85;57.05;55.05;55.35;6844745;383566532.05
UWGN;D;20241119;000000;55.35;55.75;51.6;52.65;12420932;661296082.7
UWGN;D;20241120;000000;53.4;53.45;50.15;51.1;7560295;392062006.6
UWGN;D;20241121;000000;51.2;54.5;49.2;54.2;17039800;879866135.6
UWGN;D;20241122;000000;54.35;54.85;51.65;51.95;8334975;442663664.1
UWGN;D;20241125;000000;51.85;52.45;49.05;49.6;10474983;527418022.5
UWGN;D;20241126;000000;49.5;49.5;44.3;45.65;21869663;1021544632.6
UWGN;D;20241127;000000;45.75;49.55;41.15;48.85;36534301;1638294132.8
UWGN;D;20241128;000000;48.45;49.9;46.1;47.3;17830103;851102714.75
UWGN;D;20241129;000000;47.3;48.65;46.65;47.8;7214434;345480672.45
UWGN;D;20241202;000000;48;50.25;48;48.95;13630183;670000270
UWGN;D;20241203;000000;49.1;49.1;46.25;47;9397105;445363722.5
UWGN;D;20241204;000000;46.95;48.2;45.05;45.4;10331253;483958906.65
UWGN;D;20241205;000000;45.65;47.45;44.05;46.85;13070591;599212238.55
UWGN;D;20241206;000000;46.95;47.2;45.8;46.6;7110305;330923136.5
UWGN;D;20241209;000000;47.2;48.6;47.1;47.9;7539444;361754909.85
UWGN;D;20241210;000000;47.8;47.8;45.8;46;4915082;229759199.25
UWGN;D;20241211;000000;45.95;46.75;45.2;46.6;4928411;226386806.8
UWGN;D;20241212;000000;46.6;46.9;45;45.6;3331411;153205807.35
UWGN;D;20241213;000000;45.35;45.75;44.1;45;3798079;170307399.45
UWGN;D;20241216;000000;45;45;42.75;43.15;6091568;265281006.95
UWGN;D;20241217;000000;43.05;44.4;42.85;44;4300621;187938913.85
UWGN;D;20241218;000000;44.35;46.25;43.95;46.05;9779845;444038695.75
UWGN;D;20241219;000000;46.15;46.95;45.2;45.65;6771599;311565631.5
UWGN;D;20241220;000000;45.85;52.2;45.45;52.05;20787767;1031609150.05
UWGN;D;20241223;000000;54;54.45;51.05;52.5;16288335;859129256.85
UWGN;D;20241224;000000;52.2;52.3;50.3;50.6;7486484;382096333.65
UWGN;D;20241225;000000;50.55;52.1;49.65;50.8;11239986;572174683.8
UWGN;D;20241226;000000;51;51.6;50.2;50.5;7005061;355972348.05
UWGN;D;20241227;000000;50.45;50.7;45.75;46.35;38536229;1819406927.25
UWGN;D;20241228;000000;46.6;46.8;44.35;45.6;15367920;703857346.8
UWGN;D;20241230;000000;46.25;47.3;45.8;46.9;10338689;483673752.1
UWGN;D;20250103;000000;47.85;48.5;46.45;47.1;6553776;309754471.4
UWGN;D;20250106;000000;46.95;47.5;46.25;47.25;4034219;189746177.5
UWGN;D;20250108;000000;47.35;49;46.8;48.45;13697727;661454443.25
UWGN;D;20250109;000000;48.4;49;46.45;46.75;6584831;311909498.2
UWGN;D;20250110;000000;46.95;47.4;45.8;46.95;8696339;406041530.95
UWGN;D;20250113;000000;47.65;48.3;46.9;47.05;9772957;464220061.05
UWGN;D;20250114;000000;47.1;47.8;46.4;46.95;4076551;191262109.4
UWGN;D;20250115;000000;46.95;47.95;46.35;47.8;5880739;276250360.65
UWGN;D;20250116;000000;47.85;48.15;47.05;47.5;9431925;448851559.25
UWGN;D;20250117;000000;47.4;49.9;47.15;48.85;17248918;836213206.6
UWGN;D;20250120;000000;49.35;50.75;47.25;48.25;16847060;826659419.5
UWGN;D;20250121;000000;48.15;48.45;47.35;48.1;4406913;211170582.8
UWGN;D;20250122;000000;48.1;49.25;47.65;47.9;8985292;435660307.55
UWGN;D;20250123;000000;47.9;48.2;47.15;48.1;4038746;192877730.55
UWGN;D;20250124;000000;48;48.6;47.5;47.9;6603146;317415510
UWGN;D;20250127;000000;48.05;48.15;47.2;47.5;3724967;177002938.6
UWGN;D;20250128;000000;47.7;49.85;46.45;49.6;15525465;751478791.5
UWGN;D;20250129;000000;49.55;49.75;48.5;48.85;7930671;389001584.7
UWGN;D;20250130;000000;49;50.2;48.65;49.2;12261376;606577063.7
UWGN;D;20250131;000000;49.3;49.55;47.45;48.05;9009205;437132905.6
UWGN;D;20250203;000000;47.82;48.04;47.02;47.84;3721172;176686858.2
UWGN;D;20250204;000000;47.9;48.36;47.2;47.58;2573256;123118178.12
UWGN;D;20250205;000000;47.4;48.18;46.6;47.88;4336453;205761780.34
UWGN;D;20250206;000000;47.94;48.8;47.5;47.74;4185257;201261106.18
UWGN;D;20250207;000000;48.1;48.1;47.06;47.32;2972783;141183870.9
UWGN;D;20250210;000000;48;48.06;46.7;46.92;4152102;197393130.12
UWGN;D;20250211;000000;47.2;47.8;47;47.36;4687372;222222869.08
UWGN;D;20250212;000000;47.56;49.48;47.28;48.8;21357777;1031642130.74
UWGN;D;20250213;000000;49.3;49.4;48.02;48.28;6511610;316284412.58
UWGN;D;20250214;000000;48.8;49.68;47.44;48;10761702;522306096.62
UWGN;D;20250217;000000;48.82;52.36;48.5;52.08;42419910;2163815045.74
UWGN;D;20250218;000000;51.3;51.3;47.42;49.38;14672953;733403845.04
UWGN;D;20250219;000000;49.72;51;49.06;50.7;9024678;454630214.22
UWGN;D;20250220;000000;50.98;52.26;49.7;50.04;12910719;658817501.28
UWGN;D;20250221;000000;50.46;51.2;49.76;50.6;5156908;260330986.52
UWGN;D;20250224;000000;51.12;52;50.58;51.78;8196531;419676221.1
UWGN;D;20250225;000000;52;57.9;51.8;57.8;74126454;4111947992.28
UWGN;D;20250226;000000;57.8;61.38;55;55.4;64664232;3748010602.84
UWGN;D;20250227;000000;55.92;61.68;55.8;58.38;90447257;5312160840.94
UWGN;D;20250228;000000;58.84;61.4;58.1;59.5;61570754;3682821305.44
UWGN;D;20250303;000000;59;59.28;56.1;57.22;23187561;1332784106.78
UWGN;D;20250304;000000;58.22;60.36;57.5;58.32;26054929;1537096753.1
UWGN;D;20250305;000000;57.94;59.26;57;57.26;12652297;735104857.94
UWGN;D;20250306;000000;57.48;58.04;55.08;56.5;9527475;540221588.96
UWGN;D;20250307;000000;56.88;58;55.02;56.02;9718923;548460775.78
UWGN;D;20250310;000000;56.36;56.86;55.4;55.72;4007523;224226022.84
UWGN;D;20250311;000000;55.5;56.08;55.02;55.24;6490260;359752557.08
UWGN;D;20250312;000000;55.2;55.76;53.5;53.62;7235340;393776953.72
UWGN;D;20250313;000000;53.14;55.26;52.36;55.08;11895323;639719170.24
UWGN;D;20250314;000000;54.6;56.24;53.9;55.74;9807008;541818453.2
UWGN;D;20250317;000000;56.6;57.28;55.7;56.46;6742525;380558500.34
UWGN;D;20250318;000000;56.64;56.74;54.88;55.48;7247082;405155429.26
UWGN;D;20250319;000000;55.3;56.2;54.38;56;5063678;281111273.9
UWGN;D;20250320;000000;56.96;56.96;54.52;55.44;5136514;285668813.36
UWGN;D;20250321;000000;55.22;55.98;54.8;55.02;4153501;229789040.08
UWGN;D;20250324;000000;55.02;55.44;53.2;53.48;3675412;199263090.86
UWGN;D;20250325;000000;53.5;55;53.34;54.02;3540790;191515537.62
UWGN;D;20250326;000000;54.1;54.5;52.68;52.98;3712191;198527692.9
UWGN;D;20250327;000000;52.98;52.98;50.84;51;5728532;296156552.76
UWGN;D;20250328;000000;50.16;51.4;49.06;49.24;6724232;336669613.5
UWGN;D;20250331;000000;48.1;50.5;44.8;47.66;17642357;839910155.76
UWGN;D;20250401;000000;47.34;49.38;46.42;46.82;9417717;450956085.12
UWGN;D;20250402;000000;46.82;48.36;46.68;47.4;5346908;253478783.52
UWGN;D;20250403;000000;47.6;49.14;45.66;46.78;9406139;446121270.86
UWGN;D;20250404;000000;46.86;47.32;43.1;43.54;12713561;565550722.26
UWGN;D;20250407;000000;43.14;43.38;39.44;42.06;12929199;532258059.66
UWGN;D;20250408;000000;42.14;43.86;40.2;40.28;5398782;228740446.78
UWGN;D;20250409;000000;40.6;42.74;37.1;42.74;14397390;572765083.62
UWGN;D;20250410;000000;42.74;43.78;41.18;42.36;5859578;247227590.2
UWGN;D;20250411;000000;42.36;43.88;41.98;43.58;7239098;311812547.12
UWGN;D;20250414;000000;44.2;44.84;42.5;42.68;4079582;177408946.54
UWGN;D;20250415;000000;42.8;43.5;42.5;43.2;1804237;77447883.58
UWGN;D;20250416;000000;43.3;43.72;41.84;42.88;3663323;156926201.88
UWGN;D;20250417;000000;42.8;43.6;42.8;43.34;3328023;143823092.94
UWGN;D;20250418;000000;42.98;43.4;42.6;42.86;2117712;90903371.74
UWGN;D;20250421;000000;42.9;43.78;42.72;43.6;2579202;111752694.38
UWGN;D;20250422;000000;43.6;45.44;43.6;44.68;9546008;424713817.2
UWGN;D;20250423;000000;44.68;45.06;43.1;43.82;4667365;205228406.3
UWGN;D;20250424;000000;44.02;45.28;43.7;44.16;6686679;297723298.32
UWGN;D;20250425;000000;44.16;45.5;43.9;44.86;6580735;295078651.38
UWGN;D;20250428;000000;45.04;48.96;43.52;44.02;13045974;596292299.4
UWGN;D;20250429;000000;44.12;44.5;41.5;42.08;5952277;254663053.94
UWGN;D;20250430;000000;42.08;42.22;40.62;41.4;2402705;99721203.18
UWGN;D;20250502;000000;41.42;41.74;40.3;40.6;3251853;133997354.78
UWGN;D;20250505;000000;40.52;41.26;39.24;40.4;5705201;229140378.76
UWGN;D;20250506;000000;40.6;41.58;40;41.02;2870207;117746088.2
UWGN;D;20250507;000000;41.24;41.86;40.62;40.88;2520374;103544019.76
UWGN;D;20250508;000000;41.06;41.74;40.84;41.34;2692991;111322599.02
UWGN;D;20250512;000000;41.7;43.14;41.64;42.58;3785406;160836286.2
UWGN;D;20250513;000000;42.66;43.3;41.74;42;3090395;130969339.78
UWGN;D;20250514;000000;42.14;42.54;40.32;40.4;2209407;92204334.14
UWGN;D;20250515;000000;40.4;41.8;40.4;41.5;1857672;76306847.94
UWGN;D;20250516;000000;41.74;41.96;40.5;41.04;1846715;76035419.2
UWGN;D;20250519;000000;42.4;42.4;40.9;41.18;2424492;100543924.04
UWGN;D;20250520;000000;41.2;41.36;40.12;40.52;2273232;92057212.78
UWGN;D;20250521;000000;40.54;40.88;39.82;40.14;1432115;57836505.24
UWGN;D;20250522;000000;40.14;40.36;39.04;39.26;3770916;149328307.02
UWGN;D;20250523;000000;39.38;43.2;39.24;40.28;16032949;658372432.12
UWGN;D;20250526;000000;40.32;40.32;38.66;38.82;3085691;120707762.16
UWGN;D;20250527;000000;39.04;39.38;37.48;38.88;3977890;153771241.12
UWGN;D;20250528;000000;38.9;40;38.9;39.84;4230099;167182023.62
UWGN;D;20250529;000000;39.86;40.36;38.7;38.78;3475330;138183779.72
UWGN;D;20250530;000000;38.6;39.58;38.5;39.06;1904215;74572986.92
UWGN;D;20250602;000000;37.56;40;37.04;39.12;3140665;122180321.34
UWGN;D;20250603;000000;39.4;40.9;39.06;40.52;5399325;217610404.78
UWGN;D;20250604;000000;40.66;41.46;39.6;40.12;3972966;161381944.72
UWGN;D;20250605;000000;40.18;41.04;40.16;40.58;1683071;68179108.02
UWGN;D;20250606;000000;40.7;41.4;39.6;39.8;3042069;123434538.18
UWGN;D;20250609;000000;39.9;40.18;39.3;39.82;2001222;79486312.16
UWGN;D;20250610;000000;39.82;40.2;39.52;39.98;836288;33313361.88
UWGN;D;20250611;000000;39.9;40.22;39.64;39.76;1113188;44446929
UWGN;D;20250613;000000;39.8;40.38;39.24;39.3;832367;33027162.82
UWGN;D;20250616;000000;39.48;39.7;39.06;39.18;908867;35802072.62
UWGN;D;20250617;000000;39.2;39.54;38.28;39.42;1549152;60629590.12
UWGN;D;20250618;000000;39.58;40.66;39.04;39.54;1984694;78845600.08
UWGN;D;20250619;000000;39.64;39.96;38.78;39.1;1792377;70460206.44
UWGN;D;20250620;000000;39.36;39.42;38.22;38.38;3659483;141110334.48
UWGN;D;20250623;000000;38.64;38.64;37.5;37.7;2127910;80580263.14
UWGN;D;20250624;000000;37.88;38.62;37.5;38.52;1564683;59376760.56
UWGN;D;20250625;000000;38.54;38.76;37.9;38.22;2118620;81266473.12
UWGN;D;20250626;000000;38.22;39.16;38.22;38.36;2588292;100058517.06
UWGN;D;20250627;000000;38.42;38.6;38.04;38.34;1570539;60192540.88
UWGN;D;20250630;000000;38.38;39.1;38.38;38.84;3095136;119937003.94
UWGN;D;20250701;000000;38.92;39.5;38.6;38.68;2236132;87222316.76
UWGN;D;20250702;000000;38.72;41.32;38.64;41;16864742;678870812.34
UWGN;D;20250703;000000;41.28;41.38;39.58;39.74;5675123;228275546.24
UWGN;D;20250704;000000;39.96;39.96;38.9;39.12;2183392;85786028.94
UWGN;D;20250707;000000;39.14;39.78;38.5;38.54;1971504;77130974.2
UWGN;D;20250708;000000;38.48;39.1;37.6;37.78;2779436;106420275.5
UWGN;D;20250709;000000;37.9;38.3;37.62;37.88;1487692;56473163.4
UWGN;D;20250710;000000;37.84;39.02;37.54;37.72;3581325;135806245.6
UWGN;D;20250711;000000;37.88;37.88;35.9;36.12;4286476;157864277.06
UWGN;D;20250714;000000;36.12;37.38;34.14;37.12;9325095;332663867.04
UWGN;D;20250715;000000;37.46;37.74;36.64;37.18;3610143;134192966.78
UWGN;D;20250716;000000;37.18;37.66;36.98;37.16;2096309;78155254.9
UWGN;D;20250717;000000;37.16;37.58;36.34;36.62;2128528;78714389.74
UWGN;D;20250718;000000;36.82;37.7;36.68;37.38;3395744;126170340.62
UWGN;D;20250721;000000;37.38;38.68;37.32;38.14;4051982;154222012.02
UWGN;D;20250722;000000;38.08;38.38;37.54;37.9;1644707;62306258.42
UWGN;D;20250723;000000;37.98;38.18;37.58;37.66;1698812;64374148.9
UWGN;D;20250724;000000;37.66;37.84;37.24;37.58;1116962;41950660.3
UWGN;D;20250725;000000;37.64;39.14;37.08;37.28;10784163;411866184.98
UWGN;D;20250728;000000;37.28;39.34;36.5;37.12;11705063;444821983.84
UWGN;D;20250729;000000;37.3;37.5;36.86;36.96;3868161;143687742.9
UWGN;D;20250730;000000;37;37.78;36.4;37.14;3873786;143835037.34
UWGN;D;20250731;000000;37.16;37.66;36.76;36.88;2122146;78649743.84
UWGN;D;20250801;000000;37.06;37.22;36.5;36.58;2390475;88025241.7
UWGN;D;20250804;000000;36.66;37.5;36.42;36.88;2554645;94217610.06
UWGN;D;20250805;000000;36.96;37.3;36.72;36.94;2544928;94201718.32
UWGN;D;20250806;000000;36.98;37.54;36.56;37.12;4013713;148901624.46
UWGN;D;20250807;000000;37.1;38.22;36.9;37.48;6203951;233511747.76
UWGN;D;20250808;000000;37.5;38.26;37.36;38.2;4137331;156812203
UWGN;D;20250811;000000;38.3;41.78;38.22;40.28;18832881;765891773.28
UWGN;D;20250812;000000;40.38;40.42;39.46;40.1;3812956;152175803.06
UWGN;D;20250813;000000;40.38;40.6;38.92;39.24;6220014;244978326.56
UWGN;D;20250814;000000;39.3;41.18;38.62;40.56;7752546;310600506.92
UWGN;D;20250815;000000;40.6;41.78;39.9;40.12;7852399;318194935.26
UWGN;D;20250818;000000;39.98;40.38;38.94;40.08;4669042;184604375.3
UWGN;D;20250819;000000;40.4;41.3;39.7;40.12;6059995;245446007.8
UWGN;D;20250820;000000;40.46;40.46;39.38;39.56;3006685;120041457.08
UWGN;D;20250821;000000;39.56;39.72;38.58;38.7;3892503;152553880.76
UWGN;D;20250822;000000;38.7;39.1;38.62;38.88;1667402;64838886.4
UWGN;D;20250825;000000;38.94;39.22;38.52;38.84;1514500;58805363.16
UWGN;D;20250826;000000;38.82;39.48;38.8;39.08;1577555;61763626.68
UWGN;D;20250827;000000;39.2;40.36;39.02;40.16;3469020;137725315.3
UWGN;D;20250828;000000;40.08;40.28;38.78;38.9;3600439;141629887.26
UWGN;D;20250829;000000;39.06;39.34;38.78;39.16;2298060;89784410.52
UWGN;D;20250901;000000;39.14;39.96;39.02;39.38;2304048;90826156.86
UWGN;D;20250902;000000;39.46;39.62;38.52;38.9;2453320;95703349.44
UWGN;D;20250903;000000;38.9;39.1;38.52;38.78;3577367;138676448.52
UWGN;D;20250904;000000;38.78;39.04;38.6;38.7;1840776;71444854.98
UWGN;D;20250905;000000;38.76;39.82;38.54;38.98;1886485;73548067.78
UWGN;D;20250908;000000;39;39.92;38.9;39.6;3050887;120401454.84
UWGN;D;20250909;000000;39.86;40.2;39.3;39.5;2813346;111792958.18
UWGN;D;20250910;000000;39.58;39.58;38.86;38.92;1607759;63018986.08
UWGN;D;20250911;000000;38.92;39.4;38.6;39.3;1448417;56562758.5
UWGN;D;20250912;000000;39.34;39.42;37.7;38.14;2722361;104921011.52
UWGN;D;20250915;000000;38.16;38.32;37.5;37.6;1728305;65423291.18
UWGN;D;20250916;000000;37.56;38.14;37.2;37.92;1446263;54549554.48
UWGN;D;20250917;000000;37.98;37.98;37.54;37.78;1225161;46295175.98
UWGN;D;20250918;000000;37.9;37.92;36.7;37.1;1683999;62828199.42
UWGN;D;20250919;000000;37.1;37.2;36.5;36.66;1992039;73356424.7
UWGN;D;20250922;000000;36.68;37.04;36.04;36.5;1841958;67291725.34
UWGN;D;20250923;000000;36.5;36.9;35.64;35.88;2028465;73678983.88
UWGN;D;20250924;000000;35.72;36.2;35.22;36.16;2119228;75994003.28
UWGN;D;20250925;000000;36.16;36.3;35.64;35.84;1158735;41696391.92
UWGN;D;20250926;000000;35.84;35.98;35.34;35.62;1916748;68299005.88
UWGN;D;20250929;000000;35.58;35.74;34.8;34.9;2223283;78294257.26
UWGN;D;20250930;000000;35.06;35.22;34.56;34.64;2118251;73579835.78
UWGN;D;20251001;000000;34.64;35.02;33.66;33.86;2769932;95114868.06
UWGN;D;20251002;000000;33.86;33.86;32.3;32.4;4889470;160852376.36
UWGN;D;20251003;000000;32.56;33;29;29.4;6347572;197663472.68
UWGN;D;20251006;000000;29.56;30.9;28.4;30.18;15148271;447787135.98
UWGN;D;20251007;000000;30.26;30.76;29.74;30.3;3953136;119634828.14
UWGN;D;20251008;000000;30.3;32.24;29;29.7;15468369;475101275.38
UWGN;D;20251009;000000;29.54;30.7;28.42;29.9;8726589;260239737.64
UWGN;D;20251010;000000;29.9;30.12;28.94;29.04;3055175;89810338.96
UWGN;D;20251013;000000;29.04;30.12;28.78;29.62;3804516;112160676.42
UWGN;D;20251014;000000;29.62;29.82;28.84;29.2;1731032;50495996.56
UWGN;D;20251015;000000;29.2;29.48;28.9;29.02;2814742;82088062.06
UWGN;D;20251016;000000;29.02;30.64;28.74;30.56;8038285;237734452.3
UWGN;D;20251017;000000;30.78;31.9;30.58;31.28;6414959;199952957.86
UWGN;D;20251020;000000;31.18;32;31.18;31.46;3689997;116610062.2
UWGN;D;20251021;000000;31.58;31.66;30.06;30.2;5001736;152811421.34
UWGN;D;20251022;000000;30.48;30.64;29.16;29.52;5907521;178013417.8
UWGN;D;20251023;000000;29.26;29.54;28.94;29.42;2279160;66604406.8
UWGN;D;20251024;000000;29.42;29.96;29.06;29.28;2138082;62757913.74
UWGN;D;20251027;000000;29.18;29.38;28.4;28.54;2908436;83288968.34
UWGN;D;20251028;000000;28.54;29.24;28.24;28.84;6982481;201187468.32
UWGN;D;20251029;000000;28.82;29.16;28.54;28.64;4303733;124267873.76
UWGN;D;20251030;000000;28.64;29.96;28.5;29.64;9768056;286103269.98
UWGN;D;20251031;000000;29.6;30.44;29.46;29.6;7016399;210147843.3
UWGN;D;20251101;000000;29.66;30.22;29.14;29.22;2949430;87756038.1
UWGN;D;20251103;000000;29.28;30.16;29.28;29.7;1991103;59328131.68
UWGN;D;20251105;000000;29.76;29.84;29.08;29.34;2500266;73487475.78
UWGN;D;20251106;000000;29.38;29.84;29.16;29.46;1683540;49566727.58
UWGN;D;20251107;000000;29.46;31.4;29.26;30.08;9895868;300976040.62
UWGN;D;20251110;000000;30.16;30.64;29.74;29.94;2615978;78878962.68
UWGN;D;20251111;000000;30.04;30.04;29.48;29.86;3933464;116842976.96
UWGN;D;20251112;000000;29.86;31;29.48;30.2;11102950;334731664.16
UWGN;D;20251113;000000;30.32;30.68;29.88;30;5746725;174123826.96
UWGN;D;20251114;000000;30;30.14;29.4;29.7;3472172;103205433.06
UWGN;D;20251117;000000;29.76;29.82;29.06;29.16;2051904;60330435.3
UWGN;D;20251118;000000;29.24;29.9;28.92;29.5;2559363;75592338.22
UWGN;D;20251119;000000;29.66;30.28;29.56;29.92;4403173;131982684.82
UWGN;D;20251120;000000;29.98;30.28;29.58;30.18;3148066;94383830.8
UWGN;D;20251121;000000;30.18;30.56;29.7;30.1;3901366;117403069.86
UWGN;D;20251124;000000;30.4;31.18;30.06;30.26;3857568;117686414.98
UWGN;D;20251125;000000;30.28;30.5;29.8;30.38;4461436;134412915.54
UWGN;D;20251126;000000;30.32;30.44;30;30.18;737154;22239454.92
UWGN;D;20251127;000000;30.18;30.2;29.6;29.82;1388872;41502894.34
UWGN;D;20251128;000000;29.86;30.36;29.76;30.24;1844434;55496056.56
UWGN;D;20251201;000000;30.22;30.42;30;30.08;1963075;59212087.58
UWGN;D;20251202;000000;30.04;30.2;29.86;30;1565386;47003082.84
UWGN;D;20251203;000000;29.78;30.16;29.4;30.12;1678932;49992814.76
UWGN;D;20251204;000000;30.2;30.9;30.02;30.46;2636964;80367634.6
UWGN;D;20251205;000000;30.5;31.38;30.4;31.04;4960406;153779218.8
UWGN;D;20251208;000000;31.18;32.6;30.84;30.92;10125593;321285122.38
UWGN;D;20251209;000000;31.04;31.6;30.56;31.42;3580887;111672182.56
UWGN;D;20251210;000000;31.42;31.88;31.36;31.5;1873239;59101354.98
UWGN;D;20251211;000000;31.48;32.4;31.48;31.88;4064658;130086078.02
UWGN;D;20251212;000000;31.88;32.12;31.24;31.38;1757227;55608071.42
UWGN;D;20251215;000000;31.3;31.78;31.24;31.58;2037325;64277478.36
UWGN;D;20251216;000000;31.58;32.5;31.56;32.08;2634056;84372730.96
UWGN;D;20251217;000000;32.12;32.36;31.52;31.86;2502332;79703965.14
UWGN;D;20251218;000000;31.8;32.3;31.8;32.14;2312772;74172189.04
UWGN;D;20251219;000000;32.14;32.9;31.32;31.78;6859446;221013729.28
UWGN;D;20251222;000000;31.74;32.26;30.72;31.04;3383511;106611164.34
UWGN;D;20251223;000000;31.1;31.18;30;30.58;3472901;105750057.92
UWGN;D;20251224;000000;30.58;30.9;30.1;30.34;2141047;65102412
UWGN;D;20251225;000000;30.24;30.6;30.02;30.16;1653031;49943691.42
UWGN;D;20251226;000000;30.18;30.9;30.12;30.58;2228291;67933149.22
UWGN;D;20251229;000000;30.8;30.98;30.26;30.26;3367535;103136858.42
UWGN;D;20251230;000000;30.4;30.56;30.06;30.08;1430490;43314165.18
UWGN;D;20260105;000000;30.12;30.16;29.48;29.9;1401203;41798054.12
UWGN;D;20260106;000000;29.92;30.46;29.92;30.1;883550;26634927.96
UWGN;D;20260108;000000;30.08;30.12;29.6;30.12;1120223;33413861.64
UWGN;D;20260109;000000;30.1;30.44;29.92;29.92;1060624;31973324.46
UWGN;D;20260112;000000;30.02;31.1;29.9;30.22;3917476;119382144.18
UWGN;D;20260113;000000;30.28;30.48;29.92;30.16;1935695;58472765.02
