<TICKER>;<PER>;<DATE>;<TIME>;<OPEN>;<HIGH>;<LOW>;<CLOSE>;<AMOUNT>;<VOLUME>
VSMO;D;20150731;000000;9180;9180;9110;9150;57;520470
VSMO;D;20150803;000000;9160;9220;9020;9060;127;1156090
VSMO;D;20150804;000000;9120;9160;9080;9080;84;765540
VSMO;D;20150805;000000;9020;9140;9020;9100;30;272890
VSMO;D;20150806;000000;9030;9100;9020;9030;97;878420
VSMO;D;20150807;000000;9070;9140;9000;9100;117;1059180
VSMO;D;20150810;000000;9100;9580;9070;9550;1220;11208810
VSMO;D;20150811;000000;9590;9690;9550;9600;119;1141290
VSMO;D;20150812;000000;9780;11010;9740;10460;1651;17017840
VSMO;D;20150813;000000;10620;12680;10620;11500;3114;35885420
VSMO;D;20150814;000000;11730;12370;11510;12020;1993;24052460
VSMO;D;20150817;000000;12030;12330;12030;12160;565;6874240
VSMO;D;20150818;000000;12250;12320;11610;11800;528;6289420
VSMO;D;20150819;000000;11740;11740;11090;11280;1571;17799650
VSMO;D;20150820;000000;11280;11500;11080;11200;692;7761790
VSMO;D;20150821;000000;11290;11370;11180;11330;232;2619550
VSMO;D;20150824;000000;11330;11560;11010;11510;691;7854730
VSMO;D;20150825;000000;11560;11780;11500;11690;501;5815670
VSMO;D;20150826;000000;11680;12050;11340;11910;393;4613460
VSMO;D;20150827;000000;11890;12000;11820;12000;146;1738270
VSMO;D;20150828;000000;12000;13300;12000;12940;1275;16429130
VSMO;D;20150831;000000;12950;12950;12250;12400;608;7605690
VSMO;D;20150901;000000;12400;12940;12270;12530;256;3222480
VSMO;D;20150902;000000;12530;12750;12450;12680;158;1996720
VSMO;D;20150903;000000;12840;13000;12730;12930;168;2168490
VSMO;D;20150904;000000;12990;12990;12580;12800;124;1582100
VSMO;D;20150907;000000;12700;12880;12680;12690;82;1044600
VSMO;D;20150908;000000;12890;12890;12700;12800;197;2515630
VSMO;D;20150909;000000;12860;13140;12800;13020;277;3592610
VSMO;D;20150910;000000;13190;13190;12710;12880;301;3901050
VSMO;D;20150911;000000;12910;13090;12880;13020;1231;15998290
VSMO;D;20150914;000000;13080;13500;13050;13300;317;4223970
VSMO;D;20150915;000000;13330;13400;13040;13100;505;6725830
VSMO;D;20150916;000000;13250;13250;12940;13050;489;6406020
VSMO;D;20150917;000000;13090;13100;12900;12930;267;3460910
VSMO;D;20150918;000000;12990;13090;12870;12970;186;2415690
VSMO;D;20150921;000000;12940;13090;12860;12900;176;2276410
VSMO;D;20150922;000000;12970;12970;12730;12750;472;6047990
VSMO;D;20150923;000000;12730;12830;12430;12630;463;5821740
VSMO;D;20150924;000000;12680;12850;12300;12520;481;6001800
VSMO;D;20150925;000000;12520;12520;12430;12440;665;8316670
VSMO;D;20150928;000000;12480;12570;12300;12410;274;3406650
VSMO;D;20150929;000000;12480;12550;12370;12470;374;4664770
VSMO;D;20150930;000000;12480;12570;12440;12450;540;6762670
VSMO;D;20151001;000000;12450;12580;12380;12390;328;4080180
VSMO;D;20151002;000000;12490;12490;12390;12490;196;2438680
VSMO;D;20151005;000000;12500;12920;12450;12850;319;4030450
VSMO;D;20151006;000000;12850;13200;12750;12980;986;12805730
VSMO;D;20151007;000000;13000;13100;12810;13000;1611;20826030
VSMO;D;20151008;000000;12390;12390;12010;12060;1556;18861770
VSMO;D;20151009;000000;12130;12250;12100;12140;730;8897740
VSMO;D;20151012;000000;12130;12130;11820;11850;421;5010970
VSMO;D;20151013;000000;11880;11990;11880;11960;67;799900
VSMO;D;20151014;000000;11970;12000;11760;11810;247;2919340
VSMO;D;20151015;000000;11780;11820;11650;11750;1027;11995710
VSMO;D;20151016;000000;11750;11790;11670;11760;91;1069240
VSMO;D;20151019;000000;11740;11850;11720;11760;63;740630
VSMO;D;20151020;000000;11710;11750;11610;11610;250;2929050
VSMO;D;20151021;000000;11650;11700;11100;11330;521;5888630
VSMO;D;20151022;000000;11230;11330;11030;11310;197;2206450
VSMO;D;20151023;000000;11200;11680;11200;11540;88;1013950
VSMO;D;20151026;000000;11510;11510;11110;11250;176;1978310
VSMO;D;20151027;000000;11410;11500;11360;11500;250;2860900
VSMO;D;20151028;000000;11550;11720;11510;11710;155;1804840
VSMO;D;20151029;000000;11720;11780;11590;11610;139;1623090
VSMO;D;20151030;000000;11550;11700;11550;11670;87;1010200
VSMO;D;20151102;000000;11780;11780;11550;11550;204;2365370
VSMO;D;20151103;000000;11620;11700;11620;11650;94;1098140
VSMO;D;20151105;000000;11650;11990;11220;11720;430;5058150
VSMO;D;20151106;000000;11730;11900;11720;11860;184;2184570
VSMO;D;20151109;000000;11980;12030;11910;11930;302;3625200
VSMO;D;20151110;000000;11970;12010;11860;11860;79;942960
VSMO;D;20151111;000000;11850;11930;11800;11810;1208;14372470
VSMO;D;20151112;000000;11810;11950;11700;11950;55;650490
VSMO;D;20151113;000000;11990;11990;11780;11780;100;1184130
VSMO;D;20151116;000000;11840;11920;11760;11780;72;851410
VSMO;D;20151117;000000;11930;12000;11850;11850;387;4629810
VSMO;D;20151118;000000;11840;11970;11790;11790;133;1578160
VSMO;D;20151119;000000;11820;11820;11700;11720;253;2976730
VSMO;D;20151120;000000;11800;11980;11680;11680;211;2490860
VSMO;D;20151123;000000;11690;11920;11610;11850;383;4488940
VSMO;D;20151124;000000;11870;11960;11700;11770;170;2014780
VSMO;D;20151125;000000;11900;11950;11600;11760;179;2108510
VSMO;D;20151126;000000;11770;11870;11660;11710;57;670310
VSMO;D;20151127;000000;11620;11820;11610;11620;189;2209400
VSMO;D;20151130;000000;11680;11690;11500;11570;309;3574020
VSMO;D;20151201;000000;11670;11670;11550;11600;29;335770
VSMO;D;20151202;000000;11700;11720;11490;11570;133;1539680
VSMO;D;20151203;000000;11500;11640;11480;11640;116;1340860
VSMO;D;20151204;000000;11600;11800;11600;11640;190;2222960
VSMO;D;20151207;000000;11600;11720;11580;11620;118;1371990
VSMO;D;20151208;000000;11600;11780;11510;11780;216;2512570
VSMO;D;20151209;000000;11790;11810;11560;11700;76;891690
VSMO;D;20151210;000000;11680;11800;11680;11780;65;763640
VSMO;D;20151211;000000;11790;12080;11700;11970;631;7536540
VSMO;D;20151214;000000;11990;12170;11810;12130;179;2159150
VSMO;D;20151215;000000;12150;12400;12110;12220;551;6744480
VSMO;D;20151216;000000;12300;12380;12260;12360;133;1640860
VSMO;D;20151217;000000;12440;12500;12400;12470;49;610610
VSMO;D;20151218;000000;12160;12400;12160;12370;458;5638040
VSMO;D;20151221;000000;12300;12450;12150;12240;381;4676530
VSMO;D;20151222;000000;12300;12370;12070;12070;109;1330890
VSMO;D;20151223;000000;12200;12200;11740;11830;148;1760800
VSMO;D;20151224;000000;11730;12110;11700;11910;243;2894450
VSMO;D;20151225;000000;11990;12180;11620;11950;73;870210
VSMO;D;20151228;000000;11830;12100;11700;11890;160;1909610
VSMO;D;20151229;000000;12090;12290;12030;12210;97;1179480
VSMO;D;20151230;000000;12220;12360;12200;12360;158;1947150
VSMO;D;20160104;000000;12210;12460;12210;12420;28;347970
VSMO;D;20160105;000000;12470;12480;12300;12420;38;471570
VSMO;D;20160106;000000;12320;12450;12310;12450;13;160630
VSMO;D;20160111;000000;12230;12500;12230;12360;112;1392870
VSMO;D;20160112;000000;12390;12500;12010;12300;170;2087540
VSMO;D;20160113;000000;12500;12640;12460;12620;262;3285020
VSMO;D;20160114;000000;12640;12870;12460;12520;235;2964540
VSMO;D;20160115;000000;12670;12680;11940;12150;359;4409610
VSMO;D;20160118;000000;12190;12410;12090;12380;90;1108790
VSMO;D;20160119;000000;12480;12550;12420;12470;38;474320
VSMO;D;20160120;000000;12500;12500;12030;12150;268;3254030
VSMO;D;20160121;000000;12270;12370;12150;12350;193;2374050
VSMO;D;20160122;000000;12350;12500;12260;12410;191;2364480
VSMO;D;20160125;000000;12420;12720;12420;12680;250;3158070
VSMO;D;20160126;000000;12210;12620;12210;12600;163;2035530
VSMO;D;20160127;000000;12560;12670;12530;12630;26;327450
VSMO;D;20160128;000000;12650;12750;12370;12450;161;2028410
VSMO;D;20160129;000000;12620;12790;12550;12750;189;2390960
VSMO;D;20160201;000000;12720;12750;12720;12750;76;968790
VSMO;D;20160202;000000;12750;12870;12660;12840;226;2893210
VSMO;D;20160203;000000;12890;13030;12750;12790;360;4661480
VSMO;D;20160204;000000;12850;13000;12820;13000;136;1754290
VSMO;D;20160205;000000;13070;13070;12720;12820;262;3367860
VSMO;D;20160208;000000;12830;12840;12780;12780;35;448520
VSMO;D;20160209;000000;12770;12830;12650;12710;52;662320
VSMO;D;20160210;000000;12740;12740;12660;12720;889;11272700
VSMO;D;20160211;000000;12720;12720;12570;12590;49;619160
VSMO;D;20160212;000000;12710;12740;12620;12710;17;215910
VSMO;D;20160215;000000;12770;12900;12760;12890;31;397720
VSMO;D;20160216;000000;12880;12880;12710;12710;54;691880
VSMO;D;20160217;000000;12790;12800;12700;12700;15;191090
VSMO;D;20160218;000000;12850;12850;12740;12760;17;217840
VSMO;D;20160219;000000;12710;12820;12650;12820;69;876240
VSMO;D;20160220;000000;12810;12810;12810;12810;2;25620
VSMO;D;20160222;000000;12760;12800;12760;12800;10;127740
VSMO;D;20160224;000000;12800;12800;12490;12510;240;3022860
VSMO;D;20160225;000000;12600;12770;12600;12660;32;405570
VSMO;D;20160226;000000;12680;12750;12510;12600;142;1792200
VSMO;D;20160229;000000;12650;12650;12530;12580;94;1180060
VSMO;D;20160301;000000;12690;12690;12540;12560;43;541840
VSMO;D;20160302;000000;12640;12640;12570;12630;20;252380
VSMO;D;20160303;000000;12600;12640;12500;12580;40;503090
VSMO;D;20160304;000000;12550;12620;12540;12620;47;591250
VSMO;D;20160307;000000;12640;12670;12570;12580;30;378450
VSMO;D;20160309;000000;12710;12710;12550;12700;127;1601660
VSMO;D;20160310;000000;12720;12750;12640;12680;80;1015420
VSMO;D;20160311;000000;12700;12700;12610;12680;105;1329110
VSMO;D;20160314;000000;12740;12780;12530;12530;77;969360
VSMO;D;20160315;000000;12600;12650;12400;12410;246;3079610
VSMO;D;20160316;000000;12570;12610;12480;12520;26;326280
VSMO;D;20160317;000000;12510;12660;12510;12660;22;277650
VSMO;D;20160318;000000;12690;12700;12530;12530;63;793470
VSMO;D;20160321;000000;12510;12510;12410;12450;59;734680
VSMO;D;20160322;000000;12490;12530;12420;12460;68;846860
VSMO;D;20160323;000000;12550;12800;12420;12600;177;2234670
VSMO;D;20160324;000000;12750;12750;12550;12550;39;491910
VSMO;D;20160325;000000;12740;12740;12440;12670;59;742160
VSMO;D;20160328;000000;12770;13030;12750;12890;582;7505610
VSMO;D;20160329;000000;12900;12960;12730;12730;127;1628220
VSMO;D;20160330;000000;12790;12800;12660;12700;104;1322150
VSMO;D;20160331;000000;12740;12800;12670;12670;69;878020
VSMO;D;20160401;000000;12650;12860;12630;12740;85;1084390
VSMO;D;20160404;000000;12630;12780;12520;12570;77;970420
VSMO;D;20160405;000000;12530;12550;12430;12550;49;612510
VSMO;D;20160406;000000;12610;12610;12480;12560;38;476010
VSMO;D;20160407;000000;12560;12660;12450;12560;27;338360
VSMO;D;20160408;000000;12560;12690;12550;12620;73;924280
VSMO;D;20160411;000000;12680;12690;12430;12500;119;1489740
VSMO;D;20160412;000000;12450;12630;12450;12630;41;512800
VSMO;D;20160413;000000;12610;12680;12380;12410;224;2791450
VSMO;D;20160414;000000;12470;12530;12400;12480;797;9899470
VSMO;D;20160415;000000;12560;12560;12410;12420;143;1781400
VSMO;D;20160418;000000;12430;12490;12410;12470;90;1120880
VSMO;D;20160419;000000;12580;12580;12450;12490;69;863520
VSMO;D;20160420;000000;12500;12500;12420;12480;66;822250
VSMO;D;20160421;000000;12500;12500;12430;12440;88;1095860
VSMO;D;20160422;000000;12490;12600;12480;12600;400;5025290
VSMO;D;20160425;000000;12560;12760;12430;12550;298;3739310
VSMO;D;20160426;000000;12510;12590;12500;12540;77;965330
VSMO;D;20160427;000000;12520;12550;12150;12240;384;4724610
VSMO;D;20160428;000000;12300;12390;12240;12330;98;1207490
VSMO;D;20160429;000000;12300;12340;12250;12260;126;1548790
VSMO;D;20160504;000000;12290;12300;12250;12300;46;564940
VSMO;D;20160505;000000;12330;12430;12310;12370;137;1697560
VSMO;D;20160506;000000;12330;12400;12160;12330;96;1180250
VSMO;D;20160510;000000;12340;12420;12330;12350;102;1260350
VSMO;D;20160511;000000;12390;12390;12280;12280;127;1565400
VSMO;D;20160512;000000;12370;12390;12280;12310;88;1083120
VSMO;D;20160513;000000;12360;12540;12360;12520;625;7809140
VSMO;D;20160516;000000;12560;12620;12440;12450;314;3931180
VSMO;D;20160517;000000;12590;12590;12360;12400;310;3843900
VSMO;D;20160518;000000;12440;12490;12390;12410;104;1292100
VSMO;D;20160519;000000;12410;12520;12400;12460;55;684710
VSMO;D;20160520;000000;12520;12650;12360;12540;275;3436570
VSMO;D;20160523;000000;12520;12630;12450;12610;140;1751630
VSMO;D;20160524;000000;12620;12740;12530;12640;322;4084060
VSMO;D;20160525;000000;12580;12700;12520;12700;580;7336650
VSMO;D;20160526;000000;12120;12400;12120;12290;266;3266460
VSMO;D;20160527;000000;12290;12310;12150;12290;189;2319520
VSMO;D;20160530;000000;12340;12340;12190;12200;120;1467200
VSMO;D;20160531;000000;12200;12220;12040;12050;354;4289000
VSMO;D;20160601;000000;12100;12140;12080;12080;40;484190
VSMO;D;20160602;000000;12090;12140;12020;12050;113;1364020
VSMO;D;20160603;000000;12110;12120;12050;12100;39;471150
VSMO;D;20160606;000000;12150;12180;12050;12060;114;1381710
VSMO;D;20160607;000000;12050;12150;12010;12150;76;916800
VSMO;D;20160608;000000;12040;12100;12030;12040;76;916110
VSMO;D;20160609;000000;12070;12090;12020;12050;30;361530
VSMO;D;20160610;000000;12100;12130;12000;12010;206;2475030
VSMO;D;20160614;000000;12010;12030;11900;11900;166;1985120
VSMO;D;20160615;000000;11950;11990;11820;11850;51;605610
VSMO;D;20160616;000000;11830;11890;11800;11850;103;1216500
VSMO;D;20160617;000000;11800;11990;11800;11950;210;2503270
VSMO;D;20160620;000000;12060;12060;11800;12000;87;1035630
VSMO;D;20160621;000000;11840;12030;11800;12020;105;1246160
VSMO;D;20160622;000000;12030;12030;11910;11910;54;645790
VSMO;D;20160623;000000;11910;11950;11910;11930;8;95370
VSMO;D;20160624;000000;11790;11910;11750;11860;172;2032070
VSMO;D;20160627;000000;11850;11990;11850;11950;156;1858480
VSMO;D;20160628;000000;11880;11940;11880;11900;12;142900
VSMO;D;20160629;000000;11950;11970;11910;11910;18;215020
VSMO;D;20160630;000000;11860;11880;11810;11850;49;580210
VSMO;D;20160701;000000;11820;11940;11810;11820;50;593210
VSMO;D;20160704;000000;11820;11880;11810;11830;42;497380
VSMO;D;20160705;000000;11830;11840;11800;11810;114;1348010
VSMO;D;20160706;000000;11850;11870;11800;11800;30;355000
VSMO;D;20160707;000000;11860;11860;11780;11840;77;909120
VSMO;D;20160708;000000;11790;11860;11760;11800;46;543540
VSMO;D;20160711;000000;11760;11850;11700;11830;361;4248160
VSMO;D;20160712;000000;11780;11820;11760;11760;100;1178570
VSMO;D;20160713;000000;11800;11830;11760;11770;119;1402080
VSMO;D;20160714;000000;11880;11940;11700;11780;236;2779830
VSMO;D;20160715;000000;11880;11900;11780;11850;96;1136530
VSMO;D;20160718;000000;11840;11980;11840;11970;134;1594860
VSMO;D;20160719;000000;11910;11980;11910;11940;48;573900
VSMO;D;20160720;000000;11940;12040;11910;12040;79;947430
VSMO;D;20160721;000000;12040;12090;11970;12090;147;1768570
VSMO;D;20160722;000000;12050;12200;12050;12120;58;704810
VSMO;D;20160725;000000;12240;12290;12150;12150;76;930310
VSMO;D;20160726;000000;12250;12320;12130;12240;79;968520
VSMO;D;20160727;000000;12300;12300;12240;12260;41;502810
VSMO;D;20160728;000000;12320;12370;12210;12280;41;504360
VSMO;D;20160729;000000;12360;12410;12160;12400;183;2247480
VSMO;D;20160801;000000;12300;12480;12300;12460;109;1355350
VSMO;D;20160802;000000;12480;12480;12300;12400;77;953600
VSMO;D;20160803;000000;12400;12400;12330;12350;18;222640
VSMO;D;20160804;000000;12380;12410;12300;12390;144;1775650
VSMO;D;20160805;000000;12350;12500;12340;12410;48;596750
VSMO;D;20160808;000000;12440;12470;12380;12460;39;484250
VSMO;D;20160809;000000;12460;12510;12260;12260;449;5545260
VSMO;D;20160810;000000;12440;12670;12200;12200;232;2853630
VSMO;D;20160811;000000;12490;12500;12200;12200;563;6960110
VSMO;D;20160812;000000;12220;12300;12140;12250;2180;26598480
VSMO;D;20160815;000000;12380;12550;12230;12230;1404;17228160
VSMO;D;20160816;000000;12270;12300;12230;12250;1269;15550550
VSMO;D;20160817;000000;12270;12290;12240;12240;253;3103070
VSMO;D;20160818;000000;12300;12550;12270;12380;243;3013580
VSMO;D;20160819;000000;12550;12900;12450;12810;4084;51508280
VSMO;D;20160822;000000;12790;12850;12730;12800;143;1829610
VSMO;D;20160823;000000;12830;12910;12830;12860;186;2397290
VSMO;D;20160824;000000;12920;12920;12700;12800;168;2145330
VSMO;D;20160825;000000;12790;12830;12710;12820;71;904470
VSMO;D;20160826;000000;12800;12850;12800;12840;103;1319420
VSMO;D;20160829;000000;12830;13060;12790;12980;587;7601240
VSMO;D;20160830;000000;13020;13500;12920;13400;770;10212840
VSMO;D;20160831;000000;13490;13970;13400;13630;525;7176980
VSMO;D;20160901;000000;13850;13850;13510;13570;82;1113970
VSMO;D;20160902;000000;13510;13570;13500;13550;52;703250
VSMO;D;20160905;000000;13560;13940;13560;13800;141;1938630
VSMO;D;20160906;000000;13800;13850;13530;13560;180;2467360
VSMO;D;20160907;000000;13610;13660;13570;13570;60;817170
VSMO;D;20160908;000000;13560;13690;13550;13620;185;2518850
VSMO;D;20160909;000000;13620;13650;13600;13600;219;2979170
VSMO;D;20160912;000000;13610;13740;13600;13650;171;2333540
VSMO;D;20160913;000000;13750;13890;13660;13750;875;12067570
VSMO;D;20160914;000000;13800;13840;13700;13750;156;2149120
VSMO;D;20160915;000000;13700;13700;13370;13510;225;3048300
VSMO;D;20160916;000000;13460;13580;13450;13570;113;1530060
VSMO;D;20160919;000000;13570;13800;13570;13800;293;4003670
VSMO;D;20160920;000000;13800;13810;13750;13800;92;1268140
VSMO;D;20160921;000000;13810;13890;13750;13800;338;4671480
VSMO;D;20160922;000000;13790;13810;13700;13790;175;2413080
VSMO;D;20160923;000000;13800;13870;13800;13830;389;5383880
VSMO;D;20160926;000000;13850;14340;13810;14340;768;10810650
VSMO;D;20160927;000000;14370;14500;13820;13900;528;7522880
VSMO;D;20160928;000000;13980;14250;13890;14150;973;13784150
VSMO;D;20160929;000000;14150;14470;14110;14360;1092;15596680
VSMO;D;20160930;000000;13650;13790;13220;13250;881;11841470
VSMO;D;20161003;000000;13210;13490;13190;13470;446;5980020
VSMO;D;20161004;000000;13200;13490;13200;13330;160;2144870
VSMO;D;20161005;000000;13270;13280;12900;13140;313;4109930
VSMO;D;20161006;000000;13030;13030;12900;13000;268;3473440
VSMO;D;20161007;000000;13000;13000;12790;12800;265;3406640
VSMO;D;20161010;000000;12970;12970;12760;12850;210;2689330
VSMO;D;20161011;000000;12850;13140;12850;12980;169;2193810
VSMO;D;20161012;000000;12990;13000;12870;12900;96;1239780
VSMO;D;20161013;000000;12910;12930;12860;12860;50;644370
VSMO;D;20161014;000000;12880;13050;12880;12990;75;973290
VSMO;D;20161017;000000;13080;13230;13060;13110;91;1193810
VSMO;D;20161018;000000;13220;13240;13100;13160;41;540720
VSMO;D;20161019;000000;13140;13290;13090;13200;206;2720010
VSMO;D;20161020;000000;13250;13250;13180;13180;107;1413360
VSMO;D;20161021;000000;13190;13240;13060;13060;135;1774310
VSMO;D;20161024;000000;13220;13280;12900;12910;196;2563130
VSMO;D;20161025;000000;12940;13090;12940;13090;84;1093540
VSMO;D;20161026;000000;13070;13090;12890;13000;158;2044550
VSMO;D;20161027;000000;12920;12970;12900;12900;140;1807890
VSMO;D;20161028;000000;12910;12960;12870;12950;33;426380
VSMO;D;20161031;000000;12950;12980;12820;12850;220;2836920
VSMO;D;20161101;000000;12860;12930;12860;12870;164;2112370
VSMO;D;20161102;000000;12910;13030;12860;12860;137;1773800
VSMO;D;20161103;000000;12820;12890;12820;12860;72;924400
VSMO;D;20161107;000000;12850;12910;12820;12880;109;1400160
VSMO;D;20161108;000000;12880;12910;12800;12910;152;1952290
VSMO;D;20161109;000000;12800;12980;12800;12940;114;1471890
VSMO;D;20161110;000000;12910;12990;12800;12960;293;3777770
VSMO;D;20161111;000000;12920;13040;12910;12920;121;1570950
VSMO;D;20161114;000000;12930;13150;12930;13120;145;1892490
VSMO;D;20161115;000000;13170;13380;13120;13380;167;2214650
VSMO;D;20161116;000000;13390;13470;13390;13430;131;1758180
VSMO;D;20161117;000000;13400;13430;13350;13430;55;737390
VSMO;D;20161118;000000;13410;13430;13310;13430;64;855590
VSMO;D;20161121;000000;13430;13500;13430;13500;193;2602900
VSMO;D;20161122;000000;13480;13630;13470;13600;91;1235750
VSMO;D;20161123;000000;13570;13740;13570;13740;74;1012570
VSMO;D;20161124;000000;13730;13820;13690;13800;113;1553230
VSMO;D;20161125;000000;13730;13820;13050;13650;343;4640030
VSMO;D;20161128;000000;13700;13770;13600;13720;118;1616030
VSMO;D;20161129;000000;13720;13950;13720;13870;206;2855450
VSMO;D;20161130;000000;13870;14190;13870;14000;264;3696110
VSMO;D;20161201;000000;14140;14140;13500;13800;385;5306340
VSMO;D;20161202;000000;13800;13950;13800;13950;79;1095640
VSMO;D;20161205;000000;13940;14080;13920;13920;98;1371870
VSMO;D;20161206;000000;13950;14030;13950;13950;85;1187680
VSMO;D;20161207;000000;14020;14020;13600;13720;187;2586960
VSMO;D;20161208;000000;13730;13900;13710;13850;126;1739640
VSMO;D;20161209;000000;13970;13990;13710;13800;140;1929690
VSMO;D;20161212;000000;13780;13790;13660;13660;102;1398820
VSMO;D;20161213;000000;13650;13690;13500;13560;242;3287620
VSMO;D;20161214;000000;13560;13750;13560;13610;99;1353600
VSMO;D;20161215;000000;13740;13740;13320;13320;438;5956870
VSMO;D;20161216;000000;13360;13650;13360;13600;158;2132200
VSMO;D;20161219;000000;13610;13610;13410;13480;69;931890
VSMO;D;20161220;000000;13470;13480;13400;13400;83;1114280
VSMO;D;20161221;000000;13400;13590;13380;13470;184;2480850
VSMO;D;20161222;000000;13470;13640;13450;13450;74;998730
VSMO;D;20161223;000000;13430;13570;13400;13460;103;1385500
VSMO;D;20161226;000000;13490;13770;13490;13700;185;2534270
VSMO;D;20161227;000000;13700;13730;13680;13730;41;561990
VSMO;D;20161228;000000;13750;13900;13740;13750;225;3117310
VSMO;D;20161229;000000;13840;13890;13670;13690;192;2638780
VSMO;D;20161230;000000;13660;13880;13600;13880;106;1453440
VSMO;D;20170103;000000;13900;14000;13900;13990;41;572690
VSMO;D;20170104;000000;14000;14130;14000;14050;103;1448530
VSMO;D;20170105;000000;14140;14160;14000;14100;143;2011790
VSMO;D;20170106;000000;14110;14300;14040;14300;155;2202460
VSMO;D;20170109;000000;14330;14490;14260;14420;199;2862140
VSMO;D;20170110;000000;14470;14520;14280;14360;164;2360010
VSMO;D;20170111;000000;14360;14500;14350;14440;210;3038390
VSMO;D;20170112;000000;14500;14750;14500;14670;242;3551850
VSMO;D;20170113;000000;14690;14880;14660;14700;221;3258780
VSMO;D;20170116;000000;14800;14880;14500;14770;254;3729980
VSMO;D;20170117;000000;14800;14800;14640;14710;37;544650
VSMO;D;20170118;000000;14760;14770;14520;14650;153;2237990
VSMO;D;20170119;000000;14660;14790;14620;14700;72;1060970
VSMO;D;20170120;000000;14700;14700;14660;14660;33;484400
VSMO;D;20170123;000000;14690;14730;14600;14700;169;2478260
VSMO;D;20170124;000000;14730;14740;14580;14700;66;970850
VSMO;D;20170125;000000;14630;14690;14580;14690;86;1258160
VSMO;D;20170126;000000;14660;14680;14540;14580;93;1358120
VSMO;D;20170127;000000;14600;14700;14550;14700;97;1416890
VSMO;D;20170130;000000;14710;14750;14670;14730;401;5913040
VSMO;D;20170131;000000;14710;14790;14610;14670;87;1279990
VSMO;D;20170201;000000;14700;14750;14670;14690;199;2932940
VSMO;D;20170202;000000;14740;14750;14600;14600;162;2374100
VSMO;D;20170203;000000;14620;14700;14610;14680;31;454430
VSMO;D;20170206;000000;14660;14700;14590;14630;85;1244380
VSMO;D;20170207;000000;14660;14750;14430;14500;333;4846500
VSMO;D;20170208;000000;14510;14510;14200;14200;317;4557640
VSMO;D;20170209;000000;14180;14260;13870;14260;616;8623230
VSMO;D;20170210;000000;14230;14300;14000;14160;103;1460820
VSMO;D;20170213;000000;14120;14200;14060;14140;125;1767590
VSMO;D;20170214;000000;14190;14210;14100;14140;69;975520
VSMO;D;20170215;000000;14170;14200;13910;14130;152;2139760
VSMO;D;20170216;000000;14100;14180;13900;14000;157;2205350
VSMO;D;20170217;000000;13990;14140;13970;14140;83;1165480
VSMO;D;20170220;000000;14290;14290;13980;14000;130;1829360
VSMO;D;20170221;000000;13990;14070;13990;14030;57;799370
VSMO;D;20170222;000000;14030;14170;14000;14170;105;1476230
VSMO;D;20170224;000000;14120;14120;13980;14100;54;758550
VSMO;D;20170227;000000;14120;14130;13620;13800;408;5642720
VSMO;D;20170228;000000;13780;13850;13500;13730;226;3098330
VSMO;D;20170301;000000;13730;13990;13730;13950;193;2668830
VSMO;D;20170302;000000;13990;14050;13840;13880;98;1366360
VSMO;D;20170303;000000;13800;13990;13800;13920;88;1225080
VSMO;D;20170306;000000;13990;14000;13840;13850;148;2057730
VSMO;D;20170307;000000;13760;14100;13720;13940;178;2482390
VSMO;D;20170309;000000;14000;14000;13600;13650;230;3156350
VSMO;D;20170310;000000;13650;13650;13330;13520;294;3976820
VSMO;D;20170313;000000;13520;14050;13410;13880;297;4063870
VSMO;D;20170314;000000;13930;14230;13890;14070;180;2541530
VSMO;D;20170315;000000;14160;14200;14000;14170;310;4389340
VSMO;D;20170316;000000;14150;14150;13800;14030;97;1354030
VSMO;D;20170317;000000;14060;14090;13810;13990;316;4408690
VSMO;D;20170320;000000;13990;14200;13940;14020;419;5917500
VSMO;D;20170321;000000;13970;14050;13950;14040;88;1232720
VSMO;D;20170322;000000;14030;14080;13950;13970;80;1120130
VSMO;D;20170323;000000;13990;14200;13970;14000;155;2182990
VSMO;D;20170324;000000;14060;14100;14020;14090;29;408330
VSMO;D;20170327;000000;14060;14200;13660;13820;251;3493270
VSMO;D;20170328;000000;13830;13930;13800;13930;25;346620
VSMO;D;20170329;000000;13850;13930;13730;13740;56;773050
VSMO;D;20170330;000000;13800;14010;13740;13810;109;1514380
VSMO;D;20170331;000000;13850;13970;13820;13950;125;1740470
VSMO;D;20170403;000000;13950;14320;13880;14300;290;4102030
VSMO;D;20170404;000000;14270;14680;14270;14400;694;10045010
VSMO;D;20170405;000000;14250;14500;14250;14480;349;5028900
VSMO;D;20170406;000000;14430;14490;14360;14390;91;1312120
VSMO;D;20170407;000000;14270;14480;14240;14240;120;1717670
VSMO;D;20170410;000000;14450;14550;13760;14080;340;4761640
VSMO;D;20170411;000000;14050;14100;13730;13910;165;2288320
VSMO;D;20170412;000000;13910;14060;13910;13950;43;601050
VSMO;D;20170413;000000;14070;14070;13440;13690;512;6971210
VSMO;D;20170414;000000;13990;14500;13800;14450;640;9194020
VSMO;D;20170417;000000;14780;14900;14420;14500;942;13701250
VSMO;D;20170418;000000;14500;15580;14500;15100;975;14639900
VSMO;D;20170419;000000;15100;15910;15100;15600;568;8869480
VSMO;D;20170420;000000;15710;15730;15210;15550;458;7078790
VSMO;D;20170421;000000;15550;15690;15200;15400;579;8897420
VSMO;D;20170424;000000;15400;15980;15300;15840;495;7707680
VSMO;D;20170425;000000;15980;15980;15540;15760;201;3147430
VSMO;D;20170426;000000;15800;15800;15600;15660;122;1916230
VSMO;D;20170427;000000;15640;15750;15460;15640;264;4110280
VSMO;D;20170428;000000;15520;15790;15490;15640;87;1356230
VSMO;D;20170502;000000;15810;15900;15670;15890;98;1546460
VSMO;D;20170503;000000;15730;16000;15660;15660;181;2878630
VSMO;D;20170504;000000;15800;15900;15690;15690;51;803810
VSMO;D;20170505;000000;15610;15760;15610;15710;33;518390
VSMO;D;20170510;000000;15700;16180;15700;15970;151;2413470
VSMO;D;20170511;000000;16010;16200;15930;16040;100;1608340
VSMO;D;20170512;000000;16100;16100;15880;15990;111;1772690
VSMO;D;20170515;000000;15880;16170;15650;15790;282;4475100
VSMO;D;20170516;000000;15690;15800;15380;15450;315;4911460
VSMO;D;20170517;000000;15550;15870;15550;15660;213;3336890
VSMO;D;20170518;000000;15560;15650;15530;15600;116;1807420
VSMO;D;20170519;000000;15630;15900;15600;15890;84;1322960
VSMO;D;20170522;000000;15940;16050;15620;15620;140;2208210
VSMO;D;20170523;000000;15690;15810;15440;15790;361;5642470
VSMO;D;20170524;000000;15780;15850;15410;15790;171;2691280
VSMO;D;20170525;000000;15800;15860;15590;15690;180;2826190
VSMO;D;20170526;000000;15690;15970;15670;15670;325;5144510
VSMO;D;20170529;000000;15850;16000;15790;15960;340;5413000
VSMO;D;20170530;000000;15980;16130;15850;15970;502;8022920
VSMO;D;20170531;000000;15920;16050;15880;15940;376;5999600
VSMO;D;20170601;000000;15940;16090;15780;15880;693;11052320
VSMO;D;20170602;000000;14580;14740;14260;14370;624;9051620
VSMO;D;20170605;000000;14370;14800;14370;14720;416;6122620
VSMO;D;20170606;000000;14700;14710;14300;14540;468;6794070
VSMO;D;20170607;000000;14540;14700;14400;14420;258;3738650
VSMO;D;20170608;000000;14410;14500;14330;14420;122;1761750
VSMO;D;20170609;000000;14430;14500;14220;14450;222;3205190
VSMO;D;20170613;000000;14400;14540;14400;14450;138;1991690
VSMO;D;20170614;000000;14450;14520;14350;14360;200;2879310
VSMO;D;20170615;000000;14390;14490;14010;14370;546;7774550
VSMO;D;20170616;000000;14480;14520;14380;14440;178;2574770
VSMO;D;20170619;000000;14320;14630;14320;14590;204;2955720
VSMO;D;20170620;000000;14590;14790;14510;14790;129;1892850
VSMO;D;20170621;000000;14700;14900;14700;14900;181;2693540
VSMO;D;20170622;000000;14980;14980;14800;14920;140;2082780
VSMO;D;20170623;000000;14920;15180;14830;14850;144;2148450
VSMO;D;20170626;000000;14990;15000;14880;14930;97;1447980
VSMO;D;20170627;000000;14950;14950;14860;14890;251;3736490
VSMO;D;20170628;000000;14900;14970;14840;14840;452;6732050
VSMO;D;20170629;000000;14890;15010;14880;14920;828;12341240
VSMO;D;20170630;000000;14930;15010;14870;14930;911;13603300
VSMO;D;20170703;000000;14930;15390;14890;15320;151;2292310
VSMO;D;20170704;000000;15480;15580;15460;15470;97;1503240
VSMO;D;20170705;000000;15460;15520;15200;15410;123;1892640
VSMO;D;20170706;000000;15410;15480;15330;15400;69;1062360
VSMO;D;20170707;000000;15450;15510;15350;15510;64;989030
VSMO;D;20170710;000000;15500;15560;15440;15500;99;1534370
VSMO;D;20170711;000000;15500;15550;15470;15490;370;5732960
VSMO;D;20170712;000000;15470;15500;15400;15500;83;1283680
VSMO;D;20170713;000000;15420;15570;15150;15490;289;4447950
VSMO;D;20170714;000000;15480;15680;15480;15670;287;4467800
VSMO;D;20170717;000000;15660;15890;15590;15760;190;2992740
VSMO;D;20170718;000000;15750;15900;15700;15800;160;2529290
VSMO;D;20170719;000000;15840;15920;15740;15770;177;2802110
VSMO;D;20170720;000000;15950;16490;15770;16260;526;8494600
VSMO;D;20170721;000000;16200;16490;15710;16140;612;9843900
VSMO;D;20170724;000000;16110;16240;15860;16190;123;1984080
VSMO;D;20170725;000000;16260;16770;16080;16490;368;6071070
VSMO;D;20170726;000000;16420;16500;16050;16280;238;3878750
VSMO;D;20170727;000000;16250;16260;16030;16090;271;4360270
VSMO;D;20170728;000000;16090;16090;15810;16090;447;7136300
VSMO;D;20170731;000000;16100;16340;16030;16270;294;4773040
VSMO;D;20170801;000000;16280;16330;16130;16150;61;990090
VSMO;D;20170802;000000;16180;16300;16030;16180;158;2557790
VSMO;D;20170803;000000;16140;16290;16140;16200;207;3353080
VSMO;D;20170804;000000;16160;16280;16110;16140;134;2164970
VSMO;D;20170807;000000;16150;16150;15500;15940;674;10712730
VSMO;D;20170808;000000;16090;16150;15900;16050;1328;21272650
VSMO;D;20170809;000000;16040;16130;15920;15960;225;3599150
VSMO;D;20170810;000000;14500;15950;14330;15710;977;15058750
VSMO;D;20170811;000000;15590;15690;15200;15650;349;5381280
VSMO;D;20170814;000000;15650;16000;15630;15750;230;3631030
VSMO;D;20170815;000000;15790;15830;15750;15800;116;1832060
VSMO;D;20170816;000000;15760;15790;15720;15760;42;661860
VSMO;D;20170817;000000;15800;15990;15630;15650;154;2431860
VSMO;D;20170818;000000;15700;15700;15620;15680;40;626140
VSMO;D;20170821;000000;15660;15680;15650;15680;60;939830
VSMO;D;20170822;000000;15690;15720;15580;15670;124;1938410
VSMO;D;20170823;000000;15590;15700;15560;15690;54;846190
VSMO;D;20170824;000000;15700;15930;15690;15910;165;2598770
VSMO;D;20170825;000000;16000;16030;15860;15950;216;3441420
VSMO;D;20170828;000000;16190;16290;15900;16090;279;4476310
VSMO;D;20170829;000000;16080;16100;15990;16000;150;2402850
VSMO;D;20170830;000000;16000;16000;15870;15940;239;3807620
VSMO;D;20170831;000000;15980;16020;15870;15870;280;4468340
VSMO;D;20170901;000000;15870;16000;15870;15970;311;4964140
VSMO;D;20170904;000000;15910;16040;15910;15960;157;2507980
VSMO;D;20170905;000000;16000;16030;15930;15970;237;3782830
VSMO;D;20170906;000000;15980;16100;15960;16050;288;4619900
VSMO;D;20170907;000000;16050;16060;16000;16040;134;2148730
VSMO;D;20170908;000000;16000;16050;15920;15990;473;7563890
VSMO;D;20170911;000000;16100;16100;15900;15980;151;2413090
VSMO;D;20170912;000000;16000;16090;15990;16050;397;6361570
VSMO;D;20170913;000000;16060;16130;16040;16100;356;5725610
VSMO;D;20170914;000000;16130;16180;16000;16050;239;3845260
VSMO;D;20170915;000000;16040;16100;16000;16030;213;3416150
VSMO;D;20170918;000000;16000;16200;16000;16180;144;2322730
VSMO;D;20170919;000000;16140;16150;16060;16150;96;1547800
VSMO;D;20170920;000000;16150;16160;16110;16150;235;3792890
VSMO;D;20170921;000000;16140;16200;16100;16200;528;8532240
VSMO;D;20170922;000000;16150;16180;16130;16150;185;2987020
VSMO;D;20170925;000000;16160;16170;16120;16130;279;4500470
VSMO;D;20170926;000000;16150;16480;16120;16140;256;4132910
VSMO;D;20170927;000000;16110;16150;16110;16130;276;4456100
VSMO;D;20170928;000000;16110;16370;16110;16210;470;7598120
VSMO;D;20170929;000000;16210;16390;16200;16340;531;8670210
VSMO;D;20171002;000000;16340;16490;16340;16470;413;6800250
VSMO;D;20171003;000000;16490;16960;16480;16860;631;10575280
VSMO;D;20171004;000000;16940;16940;16730;16850;995;16719370
VSMO;D;20171005;000000;16840;16890;16640;16670;356;5942820
VSMO;D;20171006;000000;16730;17050;16730;16980;624;10552130
VSMO;D;20171009;000000;17060;17070;16960;17030;422;7183070
VSMO;D;20171010;000000;17080;17110;17000;17080;489;8353610
VSMO;D;20171011;000000;17100;17150;17080;17110;584;9991750
VSMO;D;20171012;000000;17150;17600;17130;17450;1358;23551410
VSMO;D;20171013;000000;17500;17990;17400;17800;1342;23776690
VSMO;D;20171016;000000;17990;18010;17800;17890;1333;23806860
VSMO;D;20171017;000000;17990;18020;17830;17970;1867;33423100
VSMO;D;20171018;000000;17050;17380;17000;17250;1583;27288460
VSMO;D;20171019;000000;17390;17390;17070;17220;674;11584270
VSMO;D;20171020;000000;17170;17220;17000;17100;699;11946770
VSMO;D;20171023;000000;17140;17240;17110;17170;245;4209720
VSMO;D;20171024;000000;17270;17270;17150;17210;220;3785100
VSMO;D;20171025;000000;17220;17240;17200;17200;244;4201720
VSMO;D;20171026;000000;17170;17200;17000;17090;222;3788560
VSMO;D;20171027;000000;17170;17190;16710;16840;563;9501920
VSMO;D;20171030;000000;16840;16840;16400;16500;863;14288390
VSMO;D;20171031;000000;16540;16620;16430;16530;513;8479410
VSMO;D;20171101;000000;16480;16990;16420;16910;680;11338450
VSMO;D;20171102;000000;16990;16990;16640;16950;381;6448550
VSMO;D;20171103;000000;16900;17200;16900;16990;493;8422500
VSMO;D;20171107;000000;17110;17180;16670;17110;336;5697150
VSMO;D;20171108;000000;17080;17130;16950;17050;181;3085370
VSMO;D;20171109;000000;17080;17090;17000;17050;234;3983140
VSMO;D;20171110;000000;17000;17160;17000;17160;267;4561410
VSMO;D;20171113;000000;17190;17450;17010;17230;255;4396900
VSMO;D;20171114;000000;17200;17410;17200;17410;246;4265490
VSMO;D;20171115;000000;17350;17350;17150;17180;175;3009920
VSMO;D;20171116;000000;17110;17110;16940;17050;196;3337220
VSMO;D;20171117;000000;17120;17120;17040;17090;62;1058830
VSMO;D;20171120;000000;17070;17070;16940;16980;108;1836380
VSMO;D;20171121;000000;17030;17080;17000;17020;135;2300740
VSMO;D;20171122;000000;17050;17050;17000;17050;204;3474500
VSMO;D;20171123;000000;17020;17120;16800;16950;236;4005840
VSMO;D;20171124;000000;17010;17030;16910;16910;107;1814250
VSMO;D;20171127;000000;16810;17000;16760;16900;362;6107580
VSMO;D;20171128;000000;16910;17000;16850;17000;161;2726070
VSMO;D;20171129;000000;16970;17180;16970;17040;359;6129250
VSMO;D;20171130;000000;17100;17200;16980;17170;446;7638200
VSMO;D;20171201;000000;17270;17280;17070;17230;228;3918720
VSMO;D;20171204;000000;17240;17240;17000;17150;185;3164220
VSMO;D;20171205;000000;17100;17150;16930;17000;263;4473030
VSMO;D;20171206;000000;16980;17040;16880;16940;100;1694040
VSMO;D;20171207;000000;16970;16970;16800;16820;303;5109990
VSMO;D;20171208;000000;16820;16830;16560;16760;1220;20401530
VSMO;D;20171211;000000;16820;16850;16670;16720;322;5393640
VSMO;D;20171212;000000;16770;16810;16660;16770;155;2594320
VSMO;D;20171213;000000;16820;17030;16680;16760;664;11138590
VSMO;D;20171214;000000;16940;16940;16630;16770;178;2976910
VSMO;D;20171215;000000;16780;16890;16700;16890;358;6025780
VSMO;D;20171218;000000;16890;16970;16740;16860;496;8373240
VSMO;D;20171219;000000;16830;16920;16780;16890;153;2579570
VSMO;D;20171220;000000;16930;16950;16710;16800;139;2335420
VSMO;D;20171221;000000;16700;16930;16660;16700;347;5831780
VSMO;D;20171222;000000;16710;16930;16700;16850;183;3081110
VSMO;D;20171225;000000;16870;16870;16730;16790;683;11466280
VSMO;D;20171226;000000;16730;16800;16730;16750;102;1709070
VSMO;D;20171227;000000;16760;16810;16700;16810;128;2144910
VSMO;D;20171228;000000;16780;16880;16780;16820;79;1329000
VSMO;D;20171229;000000;16850;16930;16820;16910;96;1619840
VSMO;D;20180103;000000;16930;17000;16930;17000;86;1457760
VSMO;D;20180104;000000;17070;17390;17070;17250;188;3244540
VSMO;D;20180105;000000;17160;17400;17150;17300;100;1730250
VSMO;D;20180109;000000;17350;17450;17290;17430;301;5234640
VSMO;D;20180110;000000;17380;17450;17350;17450;137;2385360
VSMO;D;20180111;000000;17480;17600;17430;17460;147;2571200
VSMO;D;20180112;000000;17600;17600;17290;17400;167;2900470
VSMO;D;20180115;000000;17510;17510;17230;17380;89;1545000
VSMO;D;20180116;000000;17460;17530;17250;17380;170;2952850
VSMO;D;20180117;000000;17370;17400;17200;17280;159;2747070
VSMO;D;20180118;000000;17360;17390;17310;17380;86;1492710
VSMO;D;20180119;000000;17380;17410;17260;17350;99;1716630
VSMO;D;20180122;000000;17200;17400;17200;17390;60;1041170
VSMO;D;20180123;000000;17370;17560;17300;17500;409;7124980
VSMO;D;20180124;000000;17400;17460;17250;17450;89;1548410
VSMO;D;20180125;000000;17480;17600;17470;17590;279;4900880
VSMO;D;20180126;000000;17580;17580;17390;17520;366;6414920
VSMO;D;20180129;000000;17590;17600;17180;17490;168;2939810
VSMO;D;20180130;000000;17500;17610;17320;17460;80;1394490
VSMO;D;20180131;000000;17390;17460;17340;17420;53;923450
VSMO;D;20180201;000000;17480;17520;17400;17520;102;1779180
VSMO;D;20180202;000000;17520;17560;17500;17510;241;4224900
VSMO;D;20180205;000000;17500;17670;17430;17540;104;1825570
VSMO;D;20180206;000000;17350;17420;17050;17200;500;8632620
VSMO;D;20180207;000000;17420;17450;17190;17240;302;5214830
VSMO;D;20180208;000000;17220;17270;17200;17200;255;4401700
VSMO;D;20180209;000000;17150;17160;17000;17050;359;6128640
VSMO;D;20180212;000000;17330;17330;17090;17160;130;2235630
VSMO;D;20180213;000000;17160;17220;17160;17220;72;1238310
VSMO;D;20180214;000000;17150;17190;17070;17070;207;3549570
VSMO;D;20180215;000000;17150;17150;17050;17090;363;6201040
VSMO;D;20180216;000000;17100;17260;17070;17130;132;2267580
VSMO;D;20180219;000000;17150;17150;17010;17100;114;1945850
VSMO;D;20180220;000000;17160;17210;17110;17210;111;1905880
VSMO;D;20180221;000000;17210;17500;17210;17320;227;3935720
VSMO;D;20180222;000000;17330;17470;17330;17410;119;2072360
VSMO;D;20180226;000000;17410;17490;17370;17420;162;2824280
VSMO;D;20180227;000000;17410;17420;17280;17330;91;1576490
VSMO;D;20180228;000000;17320;17390;17190;17200;82;1415980
VSMO;D;20180301;000000;17270;17270;17080;17220;163;2793240
VSMO;D;20180302;000000;17230;17340;17210;17310;90;1552910
VSMO;D;20180305;000000;17360;17560;17300;17520;152;2653640
VSMO;D;20180306;000000;17500;17830;17470;17690;248;4382240
VSMO;D;20180307;000000;17710;17790;17620;17720;121;2140320
VSMO;D;20180309;000000;17770;17890;17730;17890;137;2443830
VSMO;D;20180312;000000;17900;17910;17670;17770;140;2491890
VSMO;D;20180313;000000;17840;17850;17750;17810;107;1904480
VSMO;D;20180314;000000;17970;17970;17600;17690;293;5202510
VSMO;D;20180315;000000;17690;17740;17430;17510;279;4903310
VSMO;D;20180316;000000;17470;17730;17470;17610;359;6326840
VSMO;D;20180319;000000;17600;17690;17530;17630;228;4006560
VSMO;D;20180320;000000;17620;17800;17470;17550;148;2597820
VSMO;D;20180321;000000;17700;17700;17520;17550;183;3220280
VSMO;D;20180322;000000;17620;17620;17530;17600;52;914330
VSMO;D;20180323;000000;17530;17680;17240;17450;238;4151540
VSMO;D;20180326;000000;17450;17560;17290;17390;136;2369130
VSMO;D;20180327;000000;17660;17800;17330;17500;126;2203210
VSMO;D;20180328;000000;17470;17490;17360;17440;179;3114450
VSMO;D;20180329;000000;17450;17590;17380;17430;144;2521590
VSMO;D;20180330;000000;17420;17570;17410;17500;60;1049490
VSMO;D;20180402;000000;17520;17590;17490;17490;108;1893510
VSMO;D;20180403;000000;17490;17600;17200;17450;574;9959510
VSMO;D;20180404;000000;17470;17590;17440;17580;89;1556720
VSMO;D;20180405;000000;17530;17600;17430;17510;91;1593480
VSMO;D;20180406;000000;17520;17580;17480;17510;110;1927130
VSMO;D;20180409;000000;17510;17720;16600;16890;1317;22437670
VSMO;D;20180410;000000;16770;17310;16750;17290;407;6941660
VSMO;D;20180411;000000;17180;17290;16860;16860;403;6865850
VSMO;D;20180412;000000;17150;17600;17000;17440;371;6425450
VSMO;D;20180413;000000;17540;17580;15900;16350;2949;49090700
VSMO;D;20180416;000000;16000;16750;15590;16420;1198;19517060
VSMO;D;20180417;000000;16640;16920;16600;16700;509;8511930
VSMO;D;20180418;000000;16700;17300;16700;17030;889;15165200
VSMO;D;20180419;000000;17200;17800;17100;17270;658;11385530
VSMO;D;20180420;000000;17300;17300;17150;17190;91;1566530
VSMO;D;20180423;000000;17280;17300;17100;17200;275;4727180
VSMO;D;20180424;000000;17290;17480;17210;17250;358;6205480
VSMO;D;20180425;000000;17230;17350;17200;17230;418;7213060
VSMO;D;20180426;000000;17190;17330;17160;17300;341;5882680
VSMO;D;20180427;000000;17300;17370;17290;17350;219;3797610
VSMO;D;20180428;000000;17350;17400;17200;17200;487;8438210
VSMO;D;20180430;000000;17210;17320;17210;17300;50;862420
VSMO;D;20180502;000000;17350;17350;17210;17350;157;2715130
VSMO;D;20180503;000000;17280;17350;17200;17210;231;3983130
VSMO;D;20180504;000000;17210;17210;17050;17120;349;5968910
VSMO;D;20180507;000000;17150;17160;17000;17130;162;2766310
VSMO;D;20180508;000000;17030;17140;17000;17100;134;2286800
VSMO;D;20180510;000000;17120;17180;17090;17100;74;1265820
VSMO;D;20180511;000000;17140;17250;17140;17180;73;1254560
VSMO;D;20180514;000000;17170;17250;17170;17190;146;2513850
VSMO;D;20180515;000000;17230;17240;17190;17200;64;1100540
VSMO;D;20180516;000000;17220;17220;17160;17180;68;1169200
VSMO;D;20180517;000000;17180;17300;17110;17210;998;17226540
VSMO;D;20180518;000000;17200;17300;17160;17240;183;3150140
VSMO;D;20180521;000000;17290;17290;17220;17240;48;828810
VSMO;D;20180522;000000;17250;17280;17150;17180;95;1633250
VSMO;D;20180523;000000;17120;17270;17100;17190;86;1477840
VSMO;D;20180524;000000;17160;17180;17130;17130;62;1063550
VSMO;D;20180525;000000;17180;17240;17120;17200;104;1787250
VSMO;D;20180528;000000;17290;17350;17210;17350;241;4168620
VSMO;D;20180529;000000;17340;17400;17260;17260;115;1994260
VSMO;D;20180530;000000;17240;17380;17240;17380;136;2359080
VSMO;D;20180531;000000;17360;17400;17210;17300;215;3727860
VSMO;D;20180601;000000;17370;17600;17290;17420;463;8080610
VSMO;D;20180604;000000;17500;17690;17430;17640;828;14574270
VSMO;D;20180605;000000;16870;17150;16810;17090;954;16206670
VSMO;D;20180606;000000;17070;17070;16900;16900;215;3645600
VSMO;D;20180607;000000;16850;16960;16850;16930;171;2891580
VSMO;D;20180608;000000;16920;16990;16750;16830;267;4504080
VSMO;D;20180609;000000;16840;16940;16700;16700;212;3560540
VSMO;D;20180611;000000;16870;16870;16500;16670;100;1661940
VSMO;D;20180613;000000;16800;16890;16700;16840;153;2574770
VSMO;D;20180614;000000;16880;17100;16700;16840;138;2330720
VSMO;D;20180615;000000;16750;16790;16000;16660;376;6240510
VSMO;D;20180618;000000;16460;16750;16460;16500;168;2792940
VSMO;D;20180619;000000;16470;16470;16120;16300;231;3757630
VSMO;D;20180620;000000;16250;16590;16210;16390;135;2215470
VSMO;D;20180621;000000;16580;16760;16000;16550;231;3801060
VSMO;D;20180622;000000;16590;16590;16390;16470;145;2388900
VSMO;D;20180625;000000;16410;16490;16330;16430;76;1246910
VSMO;D;20180626;000000;16520;16540;16330;16350;145;2374990
VSMO;D;20180627;000000;16480;16500;16200;16390;109;1783240
VSMO;D;20180628;000000;16470;16500;16360;16450;77;1267180
VSMO;D;20180629;000000;16450;16460;16420;16420;44;723290
VSMO;D;20180702;000000;16420;16580;16380;16440;225;3705730
VSMO;D;20180703;000000;16370;16460;16360;16400;127;2083050
VSMO;D;20180704;000000;16540;16540;16300;16390;145;2371610
VSMO;D;20180705;000000;16400;16410;16290;16360;194;3169600
VSMO;D;20180706;000000;16360;16400;16200;16350;333;5418620
VSMO;D;20180709;000000;16380;16400;16090;16230;419;6780930
VSMO;D;20180710;000000;16230;16250;16100;16160;226;3651450
VSMO;D;20180711;000000;16130;16170;16090;16120;79;1274000
VSMO;D;20180712;000000;16210;16220;16120;16200;48;775480
VSMO;D;20180713;000000;16310;16390;16290;16340;96;1568560
VSMO;D;20180716;000000;16240;16510;16240;16490;206;3386970
VSMO;D;20180717;000000;16450;16490;16360;16450;98;1609160
VSMO;D;20180718;000000;16450;16690;16450;16590;170;2825020
VSMO;D;20180719;000000;16560;16570;16480;16480;72;1189170
VSMO;D;20180720;000000;16510;16510;16320;16380;183;2999900
VSMO;D;20180723;000000;16380;16480;16380;16480;45;739790
VSMO;D;20180724;000000;16480;17110;16340;16700;316;5285180
VSMO;D;20180725;000000;16740;16740;16550;16600;109;1814410
VSMO;D;20180726;000000;16560;16690;16490;16590;102;1692340
VSMO;D;20180727;000000;16600;16650;16560;16620;42;697890
VSMO;D;20180730;000000;16550;16650;16500;16580;77;1278190
VSMO;D;20180731;000000;16630;16670;16530;16600;140;2325620
VSMO;D;20180801;000000;16560;16660;16530;16600;192;3185440
VSMO;D;20180802;000000;16640;16680;16500;16530;132;2186280
VSMO;D;20180803;000000;16520;16600;16340;16500;107;1763800
VSMO;D;20180806;000000;16500;16580;16500;16540;96;1587380
VSMO;D;20180807;000000;16550;16610;16500;16530;49;811160
VSMO;D;20180808;000000;16600;16650;16400;16460;194;3204410
VSMO;D;20180809;000000;16430;16470;16250;16460;487;7947270
VSMO;D;20180810;000000;16370;16440;16120;16190;359;5846820
VSMO;D;20180813;000000;16300;16360;16210;16300;86;1400770
VSMO;D;20180814;000000;16330;16580;16270;16470;150;2456830
VSMO;D;20180815;000000;16470;16470;16330;16430;37;607660
VSMO;D;20180816;000000;16320;16390;16170;16200;191;3100300
VSMO;D;20180817;000000;16300;16310;16210;16280;62;1008190
VSMO;D;20180820;000000;16280;16280;16180;16260;65;1055610
VSMO;D;20180821;000000;16340;16390;16300;16390;52;850050
VSMO;D;20180822;000000;16350;16520;16330;16450;89;1465170
VSMO;D;20180823;000000;16450;16670;16410;16470;123;2034560
VSMO;D;20180824;000000;16490;16490;16360;16450;101;1659210
VSMO;D;20180827;000000;16450;16580;16450;16550;53;876160
VSMO;D;20180828;000000;16590;16680;16510;16630;167;2770750
VSMO;D;20180829;000000;16630;17090;16610;16890;173;2893410
VSMO;D;20180830;000000;16810;16960;16700;16780;93;1565120
VSMO;D;20180831;000000;16750;16900;16690;16850;172;2889400
VSMO;D;20180903;000000;16870;16990;16850;16960;105;1778430
VSMO;D;20180904;000000;16970;16980;16760;16910;232;3915260
VSMO;D;20180905;000000;16880;16950;16850;16870;59;996380
VSMO;D;20180906;000000;16880;16880;16670;16830;254;4275470
VSMO;D;20180907;000000;16830;16830;16410;16450;360;5951520
VSMO;D;20180910;000000;16500;16600;16330;16350;422;6934570
VSMO;D;20180911;000000;16420;16420;16160;16220;357;5803060
VSMO;D;20180912;000000;16320;16320;16090;16150;682;11007480
VSMO;D;20180913;000000;16100;16330;16000;16100;1043;16860210
VSMO;D;20180914;000000;16100;16170;16040;16140;426;6852550
VSMO;D;20180917;000000;16140;16240;16100;16180;389;6289630
VSMO;D;20180918;000000;16150;16350;16130;16340;132;2144400
VSMO;D;20180919;000000;16350;16590;16350;16520;347;5732290
VSMO;D;20180920;000000;16470;16880;16470;16700;286;4768800
VSMO;D;20180921;000000;16670;16790;16670;16710;163;2729890
VSMO;D;20180924;000000;16750;16830;16670;16670;198;3315300
VSMO;D;20180925;000000;16700;16740;16600;16670;124;2064570
VSMO;D;20180926;000000;16710;16750;16500;16710;308;5122850
VSMO;D;20180927;000000;16690;16770;16600;16710;96;1603700
VSMO;D;20180928;000000;16700;17390;16470;16740;738;12320990
VSMO;D;20181001;000000;16820;16860;16700;16750;1059;17763710
VSMO;D;20181002;000000;16820;16820;16750;16790;75;1259460
VSMO;D;20181003;000000;16800;16830;16700;16780;377;6317400
VSMO;D;20181004;000000;16780;16830;16720;16720;194;3254330
VSMO;D;20181005;000000;16800;16840;16680;16700;219;3664450
VSMO;D;20181008;000000;16700;17000;16620;16690;412;6886010
VSMO;D;20181009;000000;16720;16770;16600;16700;693;11571380
VSMO;D;20181010;000000;16690;16780;16620;16660;1218;20329590
VSMO;D;20181011;000000;15900;16150;15740;16000;1041;16625180
VSMO;D;20181012;000000;16000;16100;15940;15950;324;5187630
VSMO;D;20181015;000000;15950;15950;15800;15910;443;7038830
VSMO;D;20181016;000000;16010;16010;15940;16010;177;2827940
VSMO;D;20181017;000000;16040;16040;15900;15950;144;2296850
VSMO;D;20181018;000000;15980;16060;15920;15930;308;4925470
VSMO;D;20181019;000000;15950;16010;15900;15940;210;3347480
VSMO;D;20181022;000000;15910;15930;15800;15910;141;2235450
VSMO;D;20181023;000000;15840;15840;15750;15760;148;2337300
VSMO;D;20181024;000000;15760;15870;15740;15800;295;4655930
VSMO;D;20181025;000000;15760;15800;15700;15800;119;1877450
VSMO;D;20181026;000000;15800;15810;15680;15700;210;3301760
VSMO;D;20181029;000000;15770;15770;15350;15670;166;2597750
VSMO;D;20181030;000000;15670;15730;15580;15650;196;3071560
VSMO;D;20181031;000000;15760;15760;15600;15690;296;4644420
VSMO;D;20181101;000000;15740;15760;15620;15680;92;1445160
VSMO;D;20181102;000000;15700;15720;15660;15660;108;1695200
VSMO;D;20181106;000000;15640;15800;15640;15720;161;2528360
VSMO;D;20181107;000000;15740;15740;15640;15680;134;2102540
VSMO;D;20181108;000000;15700;15720;15620;15620;138;2162160
VSMO;D;20181109;000000;15620;15660;15440;15620;231;3594640
VSMO;D;20181112;000000;15680;15700;15580;15680;196;3070440
VSMO;D;20181113;000000;15680;15680;15600;15660;221;3456780
VSMO;D;20181114;000000;15620;15680;15600;15620;42;656520
VSMO;D;20181115;000000;15680;15680;15600;15680;115;1801900
VSMO;D;20181116;000000;15700;15700;15600;15640;84;1315980
VSMO;D;20181119;000000;15680;15680;15580;15600;261;4080260
VSMO;D;20181120;000000;15600;15680;15500;15520;199;3099460
VSMO;D;20181121;000000;15720;15740;15540;15620;237;3696380
VSMO;D;20181122;000000;15600;15620;15480;15600;86;1336740
VSMO;D;20181123;000000;15580;15600;15520;15580;62;965960
VSMO;D;20181126;000000;15540;15580;15440;15540;735;11405760
VSMO;D;20181127;000000;15560;15600;15560;15580;77;1200220
VSMO;D;20181128;000000;15620;15700;15600;15640;141;2209800
VSMO;D;20181129;000000;15680;15680;15520;15680;117;1832380
VSMO;D;20181130;000000;15660;15680;15520;15600;131;2046060
VSMO;D;20181203;000000;15720;15740;15620;15660;36;564300
VSMO;D;20181204;000000;15660;15680;15640;15680;130;2037900
VSMO;D;20181205;000000;15720;15740;15560;15620;99;1548680
VSMO;D;20181206;000000;15620;15800;15580;15800;211;3309540
VSMO;D;20181207;000000;15820;16540;15800;16280;574;9374640
VSMO;D;20181210;000000;16380;16400;15680;15800;421;6663400
VSMO;D;20181211;000000;15820;16100;15700;15840;221;3522500
VSMO;D;20181212;000000;15820;15860;15760;15760;64;1010540
VSMO;D;20181213;000000;15700;15740;15620;15620;82;1285020
VSMO;D;20181214;000000;15720;15840;15520;15680;194;3037060
VSMO;D;20181217;000000;15580;16000;15580;15820;176;2777260
VSMO;D;20181218;000000;15780;15840;15500;15720;215;3380660
VSMO;D;20181219;000000;15720;15840;15660;15840;53;836520
VSMO;D;20181220;000000;15780;15820;15720;15760;42;662200
VSMO;D;20181221;000000;15680;15760;15640;15760;35;550200
VSMO;D;20181224;000000;15780;15860;15700;15700;158;2495760
VSMO;D;20181225;000000;15640;15640;15360;15580;371;5733160
VSMO;D;20181226;000000;15700;15700;15440;15580;85;1322240
VSMO;D;20181227;000000;15620;15760;15540;15580;102;1593600
VSMO;D;20181228;000000;15700;15760;15600;15680;111;1737480
VSMO;D;20181229;000000;15580;15820;15520;15520;187;2933920
VSMO;D;20190103;000000;15580;15620;15540;15580;88;1370280
VSMO;D;20190104;000000;15680;15720;15560;15600;57;891480
VSMO;D;20190108;000000;15660;15680;15560;15620;44;687580
VSMO;D;20190109;000000;15580;15760;15580;15700;74;1159540
VSMO;D;20190110;000000;15640;15960;15640;15900;123;1944540
VSMO;D;20190111;000000;15940;15980;15740;15860;107;1698940
VSMO;D;20190114;000000;15920;15940;15620;15880;129;2042000
VSMO;D;20190115;000000;15940;15980;15900;15900;46;733220
VSMO;D;20190116;000000;15920;16000;15880;15920;50;796280
VSMO;D;20190117;000000;15960;15980;15900;15900;81;1288760
VSMO;D;20190118;000000;16000;16000;15860;15960;207;3295500
VSMO;D;20190121;000000;15980;16240;15540;15980;177;2826880
VSMO;D;20190122;000000;16000;16140;15800;16000;308;4919760
VSMO;D;20190123;000000;16000;16020;15860;15960;110;1754140
VSMO;D;20190124;000000;16060;16060;15800;16000;141;2250600
VSMO;D;20190125;000000;16000;16020;15920;16020;176;2810240
VSMO;D;20190128;000000;16040;16060;15900;16000;80;1279140
VSMO;D;20190129;000000;16080;16100;15880;16000;127;2026880
VSMO;D;20190130;000000;16040;16040;15960;16000;25;399640
VSMO;D;20190131;000000;16000;16020;15920;16020;41;655240
VSMO;D;20190201;000000;15900;16060;15880;15940;100;1597240
VSMO;D;20190204;000000;15980;16000;15940;15940;39;622880
VSMO;D;20190205;000000;16040;16100;15960;16000;93;1490960
VSMO;D;20190206;000000;16000;16080;16000;16080;106;1699260
VSMO;D;20190207;000000;16060;16360;16060;16300;247;4016220
VSMO;D;20190208;000000;16160;16300;16040;16200;114;1845040
VSMO;D;20190211;000000;16240;16240;16000;16020;124;2001520
VSMO;D;20190212;000000;16100;16180;16040;16180;77;1240380
VSMO;D;20190213;000000;16100;16140;16080;16100;45;724000
VSMO;D;20190214;000000;16000;16300;16000;16140;161;2592120
VSMO;D;20190215;000000;16080;16180;16060;16140;59;950580
VSMO;D;20190218;000000;16140;16300;16140;16240;137;2224440
VSMO;D;20190219;000000;16220;16460;16220;16340;163;2661940
VSMO;D;20190220;000000;16360;16400;16100;16240;169;2747720
VSMO;D;20190221;000000;16240;16400;16180;16240;118;1919940
VSMO;D;20190222;000000;16180;16240;16180;16240;29;470160
VSMO;D;20190225;000000;16320;16340;16200;16280;36;585300
VSMO;D;20190226;000000;16360;16400;16240;16300;39;635320
VSMO;D;20190227;000000;16320;16360;16240;16280;87;1416900
VSMO;D;20190228;000000;16300;16300;16240;16240;50;813000
VSMO;D;20190301;000000;16220;16300;16200;16240;62;1007700
VSMO;D;20190304;000000;16180;16280;16120;16220;66;1070800
VSMO;D;20190305;000000;16300;16540;16160;16260;117;1904600
VSMO;D;20190306;000000;16120;16280;16120;16200;102;1652800
VSMO;D;20190307;000000;16220;16240;16180;16180;83;1345020
VSMO;D;20190311;000000;16260;16360;16160;16320;135;2201180
VSMO;D;20190312;000000;16320;16320;16220;16260;30;488360
VSMO;D;20190313;000000;16240;16300;16100;16180;436;7062720
VSMO;D;20190314;000000;16240;16300;16180;16220;53;860080
VSMO;D;20190315;000000;16260;16320;16180;16220;208;3388640
VSMO;D;20190318;000000;16280;16340;16220;16300;35;569860
VSMO;D;20190319;000000;16300;16340;16260;16260;25;407520
VSMO;D;20190320;000000;16280;16340;16220;16320;47;764780
VSMO;D;20190321;000000;16340;16360;16280;16300;50;816500
VSMO;D;20190322;000000;16400;16400;16280;16300;64;1043240
VSMO;D;20190325;000000;16320;16320;16200;16240;54;877000
VSMO;D;20190326;000000;16200;16360;16200;16320;87;1417820
VSMO;D;20190327;000000;16240;16300;16240;16260;26;423100
VSMO;D;20190328;000000;16220;16300;16220;16260;93;1512300
VSMO;D;20190329;000000;16360;16360;16240;16260;29;472120
VSMO;D;20190401;000000;16300;16300;16140;16300;95;1544560
VSMO;D;20190402;000000;16300;16300;16240;16280;29;472240
VSMO;D;20190403;000000;16300;16400;16240;16380;117;1911560
VSMO;D;20190404;000000;16400;16440;16360;16440;63;1033620
VSMO;D;20190405;000000;16460;16560;16420;16540;125;2062480
VSMO;D;20190408;000000;16600;17920;16000;16480;247;4083680
VSMO;D;20190409;000000;16300;16480;16280;16460;58;950500
VSMO;D;20190410;000000;16460;16720;16380;16580;120;1984040
VSMO;D;20190411;000000;16540;16580;16400;16500;79;1300760
VSMO;D;20190412;000000;16480;16780;16480;16700;101;1683600
VSMO;D;20190415;000000;16760;16920;16720;16740;151;2537280
VSMO;D;20190416;000000;16800;16880;16700;16880;157;2639060
VSMO;D;20190417;000000;16940;17300;16840;17080;303;5178800
VSMO;D;20190418;000000;17160;17360;17140;17300;204;3518500
VSMO;D;20190419;000000;17280;17300;17040;17100;239;4112420
VSMO;D;20190422;000000;17080;17240;16940;17160;96;1639940
VSMO;D;20190423;000000;17260;17260;16940;17120;65;1113240
VSMO;D;20190424;000000;17200;17280;17120;17180;91;1563100
VSMO;D;20190425;000000;17080;17180;17060;17180;36;617100
VSMO;D;20190426;000000;17140;17200;17100;17140;123;2109300
VSMO;D;20190429;000000;17180;17220;17120;17140;71;1218360
VSMO;D;20190430;000000;17180;17340;17180;17260;141;2436140
VSMO;D;20190502;000000;17340;17480;17320;17420;167;2905440
VSMO;D;20190503;000000;17400;17560;17400;17520;334;5848600
VSMO;D;20190506;000000;17440;17600;17340;17520;103;1801060
VSMO;D;20190507;000000;17560;17620;17500;17520;95;1665860
VSMO;D;20190508;000000;17500;17580;17480;17580;73;1280700
VSMO;D;20190510;000000;17580;17740;17500;17500;122;2143420
VSMO;D;20190513;000000;17380;17640;17380;17500;432;7574920
VSMO;D;20190514;000000;17580;17620;17520;17520;66;1158080
VSMO;D;20190515;000000;17540;17600;17540;17540;161;2827760
VSMO;D;20190516;000000;17520;17580;16840;17160;1675;28805800
VSMO;D;20190517;000000;17140;17620;17140;17260;250;4343020
VSMO;D;20190520;000000;17500;17500;16940;17100;243;4161080
VSMO;D;20190521;000000;17140;17220;16940;17120;245;4177260
VSMO;D;20190522;000000;17200;17320;17200;17200;172;2964940
VSMO;D;20190523;000000;17280;17360;17200;17200;104;1795080
VSMO;D;20190524;000000;17240;17420;17220;17240;150;2598000
VSMO;D;20190527;000000;17280;17500;17200;17400;474;8227440
VSMO;D;20190528;000000;17460;17760;17060;17520;923;16129700
VSMO;D;20190529;000000;17480;17800;17440;17500;429;7539060
VSMO;D;20190530;000000;17520;17760;17380;17600;342;6002360
VSMO;D;20190531;000000;16700;17000;16680;16920;1114;18746740
VSMO;D;20190603;000000;16920;16920;16620;16840;366;6147660
VSMO;D;20190604;000000;16860;16860;16680;16760;128;2141460
VSMO;D;20190605;000000;16780;16780;16620;16760;159;2656740
VSMO;D;20190606;000000;16740;16800;16700;16800;165;2765900
VSMO;D;20190607;000000;16820;16940;16420;16580;449;7470520
VSMO;D;20190610;000000;16540;16700;16540;16640;103;1711960
VSMO;D;20190611;000000;16700;16920;16640;16820;157;2630980
VSMO;D;20190613;000000;16820;16900;16800;16820;144;2423220
VSMO;D;20190614;000000;16820;16900;16800;16860;75;1264160
VSMO;D;20190617;000000;16920;16920;16640;16880;376;6317040
VSMO;D;20190618;000000;16840;16860;16780;16800;87;1464680
VSMO;D;20190619;000000;16820;16860;16780;16780;186;3128520
VSMO;D;20190620;000000;16780;16940;16760;16860;133;2238940
VSMO;D;20190621;000000;16880;16900;16800;16880;140;2361300
VSMO;D;20190624;000000;16860;16860;16740;16780;160;2685800
VSMO;D;20190625;000000;16800;16900;16700;16760;118;1977820
VSMO;D;20190626;000000;16820;16900;16700;16740;75;1259620
VSMO;D;20190627;000000;16740;16860;16740;16800;72;1209540
VSMO;D;20190628;000000;16800;16860;16700;16760;132;2215560
VSMO;D;20190701;000000;16840;16880;16720;16800;274;4610560
VSMO;D;20190702;000000;16840;16860;16760;16840;77;1295740
VSMO;D;20190703;000000;16820;16860;16820;16860;99;1667720
VSMO;D;20190704;000000;16860;17200;16840;16900;112;1893820
VSMO;D;20190705;000000;16880;17000;16840;16940;101;1708440
VSMO;D;20190708;000000;16920;17200;16900;17020;222;3788700
VSMO;D;20190709;000000;17160;17240;17040;17100;211;3623180
VSMO;D;20190710;000000;17260;17260;16700;16800;309;5242180
VSMO;D;20190711;000000;17060;17060;16760;16880;107;1807140
VSMO;D;20190712;000000;16820;17120;16740;17040;191;3249360
VSMO;D;20190715;000000;16980;17120;16940;16960;95;1614620
VSMO;D;20190716;000000;17000;17040;16860;16940;144;2442260
VSMO;D;20190717;000000;16920;17400;16800;16940;870;14804680
VSMO;D;20190718;000000;16940;16980;16840;16960;106;1791380
VSMO;D;20190719;000000;16940;17000;16900;16900;1459;24797420
VSMO;D;20190722;000000;16920;17000;16840;16980;410;6960200
VSMO;D;20190723;000000;16980;17000;16920;16960;100;1698860
VSMO;D;20190724;000000;17000;17000;16900;16940;65;1101900
VSMO;D;20190725;000000;16980;16980;16920;16980;45;762620
VSMO;D;20190726;000000;17000;17000;16920;16940;107;1814580
VSMO;D;20190729;000000;16920;16940;16820;16940;182;3075300
VSMO;D;20190730;000000;16900;17000;16880;16940;966;16413240
VSMO;D;20190731;000000;16900;17000;16900;17000;100;1697840
VSMO;D;20190801;000000;16960;17000;16920;16940;528;8974520
VSMO;D;20190802;000000;16980;17000;16820;16940;814;13817880
VSMO;D;20190805;000000;16900;16980;16840;16920;127;2148580
VSMO;D;20190806;000000;16900;16960;16840;16940;84;1419800
VSMO;D;20190807;000000;16900;17000;16900;16980;144;2441960
VSMO;D;20190808;000000;16980;17000;16900;16900;98;1658980
VSMO;D;20190809;000000;16920;17000;16780;16800;604;10231600
VSMO;D;20190812;000000;16820;16980;16680;16700;563;9459860
VSMO;D;20190813;000000;16780;16980;16040;16640;707;11766920
VSMO;D;20190814;000000;16620;17000;16380;16460;408;6788940
VSMO;D;20190815;000000;16520;16560;16320;16340;614;10130300
VSMO;D;20190816;000000;16380;16520;16120;16260;575;9366880
VSMO;D;20190819;000000;16340;16600;16280;16420;655;10763740
VSMO;D;20190820;000000;16720;16720;16340;16460;461;7592260
VSMO;D;20190821;000000;16500;16520;16380;16460;245;4026960
VSMO;D;20190822;000000;16460;16500;15960;16380;654;10637500
VSMO;D;20190823;000000;16480;16500;16380;16400;189;3111920
VSMO;D;20190826;000000;16460;16560;16180;16400;256;4187820
VSMO;D;20190827;000000;16660;16800;16520;16580;683;11407400
VSMO;D;20190828;000000;16760;16760;16560;16620;254;4225640
VSMO;D;20190829;000000;16700;16820;16660;16780;614;10290460
VSMO;D;20190830;000000;16840;17000;16840;16940;471;7962560
VSMO;D;20190902;000000;17000;17200;16520;16780;1519;25697620
VSMO;D;20190903;000000;16760;16900;16620;16800;525;8803560
VSMO;D;20190904;000000;16800;17000;16760;16980;634;10719280
VSMO;D;20190905;000000;17000;17080;16880;17000;352;5962740
VSMO;D;20190906;000000;17000;17020;16880;16900;272;4609700
VSMO;D;20190909;000000;16920;17000;16900;16980;268;4541780
VSMO;D;20190910;000000;17060;17080;16900;16980;158;2677320
VSMO;D;20190911;000000;16980;17200;16960;17060;355;6047860
VSMO;D;20190912;000000;17020;17240;17020;17200;406;6964100
VSMO;D;20190913;000000;17100;17280;17000;17200;470;8054720
VSMO;D;20190916;000000;17200;17360;17180;17260;279;4827660
VSMO;D;20190917;000000;17320;17380;17080;17260;499;8604720
VSMO;D;20190918;000000;17320;17340;17240;17240;104;1798860
VSMO;D;20190919;000000;17280;17320;17180;17260;152;2621800
VSMO;D;20190920;000000;17300;17300;17220;17260;99;1709000
VSMO;D;20190923;000000;17300;17380;17220;17300;255;4412800
VSMO;D;20190924;000000;17380;17380;17260;17280;184;3184020
VSMO;D;20190925;000000;17280;17300;17120;17180;211;3633160
VSMO;D;20190926;000000;17280;17360;17200;17240;120;2074100
VSMO;D;20190927;000000;17340;17380;17240;17320;217;3757520
VSMO;D;20190930;000000;17380;17380;17280;17380;199;3449700
VSMO;D;20191001;000000;17360;17380;17260;17320;302;5236820
VSMO;D;20191002;000000;17380;17460;17280;17440;353;6130960
VSMO;D;20191003;000000;17380;17680;17320;17380;1081;18954060
VSMO;D;20191004;000000;17420;17680;17400;17660;500;8800080
VSMO;D;20191007;000000;17780;17780;17380;17720;726;12801900
VSMO;D;20191008;000000;17700;17800;17400;17660;692;12255540
VSMO;D;20191009;000000;17500;17800;17500;17740;1147;20321360
VSMO;D;20191010;000000;17020;17020;16680;16960;1307;22003060
VSMO;D;20191011;000000;17100;17180;16980;17020;579;9894480
VSMO;D;20191014;000000;17060;17100;16840;16960;332;5619760
VSMO;D;20191015;000000;16920;17000;16700;16820;439;7379340
VSMO;D;20191016;000000;16800;16900;16740;16880;149;2507400
VSMO;D;20191017;000000;16900;17080;16840;16900;219;3710760
VSMO;D;20191018;000000;17000;17100;16900;16940;232;3950920
VSMO;D;20191021;000000;17100;17240;16980;17200;358;6144220
VSMO;D;20191022;000000;17180;17300;17100;17280;240;4128440
VSMO;D;20191023;000000;17280;17300;17200;17280;202;3485380
VSMO;D;20191024;000000;17280;17300;17140;17300;442;7622480
VSMO;D;20191025;000000;17300;17380;17160;17220;245;4221560
VSMO;D;20191028;000000;17280;17280;17180;17200;153;2636620
VSMO;D;20191029;000000;17200;17260;17080;17140;269;4615240
VSMO;D;20191030;000000;17140;17200;17000;17140;428;7317340
VSMO;D;20191031;000000;17180;17260;17140;17180;177;3042600
VSMO;D;20191101;000000;17260;17280;17120;17260;132;2276240
VSMO;D;20191105;000000;17320;17600;17200;17320;607;10592560
VSMO;D;20191106;000000;17480;17500;17260;17500;171;2978280
VSMO;D;20191107;000000;17560;17620;17420;17620;268;4704980
VSMO;D;20191108;000000;17620;17800;17560;17800;450;7976480
VSMO;D;20191111;000000;17800;17900;17720;17860;389;6940780
VSMO;D;20191112;000000;17960;18000;17820;17980;344;6169820
VSMO;D;20191113;000000;17860;17900;17740;17820;271;4832480
VSMO;D;20191114;000000;17800;17800;17400;17680;380;6711680
VSMO;D;20191115;000000;17800;17820;17660;17740;113;2006600
VSMO;D;20191118;000000;17780;17860;17680;17700;343;6094880
VSMO;D;20191119;000000;17840;17860;17740;17800;106;1886240
VSMO;D;20191120;000000;17800;17900;17800;17820;148;2642040
VSMO;D;20191121;000000;17840;18000;17760;17820;206;3684860
VSMO;D;20191122;000000;17860;18080;17840;18000;405;7285300
VSMO;D;20191125;000000;18020;18340;18020;18260;315;5741600
VSMO;D;20191126;000000;18380;18600;18220;18320;342;6308300
VSMO;D;20191127;000000;18480;18480;18040;18300;347;6326260
VSMO;D;20191128;000000;18480;19020;18220;18240;496;9161400
VSMO;D;20191129;000000;18260;18500;18100;18240;298;5435800
VSMO;D;20191202;000000;18280;18720;18280;18500;643;11921520
VSMO;D;20191203;000000;18760;18780;18400;18500;354;6565960
VSMO;D;20191204;000000;18540;19000;18500;18880;315;5894860
VSMO;D;20191205;000000;19000;19000;18500;18740;491;9222020
VSMO;D;20191206;000000;18900;18900;18740;18840;180;3387600
VSMO;D;20191209;000000;18840;19100;18840;18980;344;6519700
VSMO;D;20191210;000000;19080;19600;19020;19360;424;8194260
VSMO;D;20191211;000000;19560;19980;19080;19360;949;18430640
VSMO;D;20191212;000000;19140;19640;19120;19560;372;7216000
VSMO;D;20191213;000000;19660;19900;19280;19780;317;6205440
VSMO;D;20191216;000000;19960;20300;19680;20160;490;9787680
VSMO;D;20191217;000000;20380;20680;20120;20620;659;13462460
VSMO;D;20191218;000000;20480;20780;20280;20600;458;9387360
VSMO;D;20191219;000000;20580;20700;20200;20200;681;13882640
VSMO;D;20191220;000000;20200;20400;19700;20040;843;16805780
VSMO;D;20191223;000000;19800;20360;19800;20200;174;3524320
VSMO;D;20191224;000000;20220;20440;20020;20200;272;5507620
VSMO;D;20191225;000000;20120;20200;19900;20160;418;8384620
VSMO;D;20191226;000000;20180;20200;19980;20120;431;8638080
VSMO;D;20191227;000000;20220;20220;19980;20080;402;8077700
VSMO;D;20191230;000000;20180;20380;19940;20340;214;4320080
VSMO;D;20200103;000000;20360;20500;20160;20400;230;4698820
VSMO;D;20200106;000000;20500;20640;20360;20420;246;5038000
VSMO;D;20200108;000000;20640;21480;20460;21300;551;11556260
VSMO;D;20200109;000000;21740;24740;21360;23060;4082;95011020
VSMO;D;20200110;000000;23380;25200;23380;24960;4019;98975640
VSMO;D;20200113;000000;24960;25220;24060;24400;2261;55583140
VSMO;D;20200114;000000;24580;25300;24420;24740;988;24461020
VSMO;D;20200115;000000;24760;24960;24720;24800;699;17352200
VSMO;D;20200116;000000;24800;25540;24800;25220;732;18446600
VSMO;D;20200117;000000;25220;25560;25160;25200;792;20031300
VSMO;D;20200120;000000;25500;25740;25160;25440;969;24634060
VSMO;D;20200121;000000;25540;25900;25440;25620;848;21727900
VSMO;D;20200122;000000;25680;26100;25620;25860;861;22246200
VSMO;D;20200123;000000;25920;26000;25780;25780;412;10642100
VSMO;D;20200124;000000;25780;25860;25440;25640;739;18945900
VSMO;D;20200127;000000;25640;25640;23320;24800;2361;57931180
VSMO;D;20200128;000000;24720;25000;24140;24680;677;16659260
VSMO;D;20200129;000000;24840;25020;24700;24920;575;14344040
VSMO;D;20200130;000000;24700;24880;24400;24420;364;8937920
VSMO;D;20200131;000000;24400;24500;23780;24100;790;19098460
VSMO;D;20200203;000000;23920;23980;23040;23920;1486;34744100
VSMO;D;20200204;000000;24100;24520;23480;24520;730;17698460
VSMO;D;20200205;000000;24560;24960;24440;24560;667;16482920
VSMO;D;20200206;000000;24800;24960;24360;24460;295;7284860
VSMO;D;20200207;000000;24260;24460;24020;24120;297;7198060
VSMO;D;20200210;000000;24380;24380;23800;24080;651;15633820
VSMO;D;20200211;000000;23900;24400;23900;24300;465;11243260
VSMO;D;20200212;000000;24100;24500;24100;24460;288;7037840
VSMO;D;20200213;000000;24320;24320;23940;24100;594;14297740
VSMO;D;20200214;000000;24320;24400;24000;24200;235;5700140
VSMO;D;20200217;000000;24380;24800;23900;24000;1079;26200840
VSMO;D;20200218;000000;24280;24400;23900;23980;281;6743540
VSMO;D;20200219;000000;24180;24180;23600;24000;440;10546640
VSMO;D;20200220;000000;24120;24120;23820;23980;220;5274500
VSMO;D;20200221;000000;23880;24200;23860;24000;428;10284340
VSMO;D;20200225;000000;23980;24000;23600;23720;490;11692460
VSMO;D;20200226;000000;23720;23720;22500;23340;1102;25441760
VSMO;D;20200227;000000;23000;23580;21220;21980;1045;23161620
VSMO;D;20200228;000000;21900;21900;20160;20620;2013;41665180
VSMO;D;20200302;000000;21460;22980;21020;22000;1395;30908860
VSMO;D;20200303;000000;22140;22800;22000;22140;501;11173240
VSMO;D;20200304;000000;22380;22760;22100;22500;564;12604820
VSMO;D;20200305;000000;22940;22960;22140;22200;550;12332660
VSMO;D;20200306;000000;22140;22380;21520;21920;518;11317400
VSMO;D;20200310;000000;20540;22500;19400;21580;1497;32190340
VSMO;D;20200311;000000;21900;22100;20500;20780;633;13673380
VSMO;D;20200312;000000;20020;20380;18020;19120;1708;32971320
VSMO;D;20200313;000000;18420;20360;18400;19000;1216;23567280
VSMO;D;20200316;000000;18400;18740;16800;17260;1996;35050740
VSMO;D;20200317;000000;17260;17280;16500;16980;1103;18577500
VSMO;D;20200318;000000;16720;17020;16420;16580;548;9129300
VSMO;D;20200319;000000;16660;17540;16540;17400;1049;17851780
VSMO;D;20200320;000000;18080;19460;17720;18780;1484;27827860
VSMO;D;20200323;000000;17600;18820;17600;18520;664;12188560
VSMO;D;20200324;000000;19100;19800;19000;19260;730;14119220
VSMO;D;20200325;000000;19300;22200;19200;19840;1782;36543880
VSMO;D;20200326;000000;19760;20620;19520;19940;386;7696680
VSMO;D;20200327;000000;20320;20320;18820;19200;949;18472880
VSMO;D;20200330;000000;19000;19180;18600;19020;545;10341700
VSMO;D;20200331;000000;19180;19700;18600;19200;802;15473440
VSMO;D;20200401;000000;18760;19400;18580;19080;499;9556680
VSMO;D;20200402;000000;19260;19500;19120;19420;474;9196540
VSMO;D;20200403;000000;19500;20000;19480;19600;615;12153260
VSMO;D;20200406;000000;19020;20320;19020;19880;650;12944640
VSMO;D;20200407;000000;20100;20600;19840;19880;1120;22540760
VSMO;D;20200408;000000;19780;19960;19560;19960;598;11797680
VSMO;D;20200409;000000;20140;20500;19920;20140;880;17758420
VSMO;D;20200410;000000;20140;20460;20000;20360;452;9133880
VSMO;D;20200413;000000;20980;20980;20120;20260;442;8987460
VSMO;D;20200414;000000;20460;20500;19980;20040;538;10813140
VSMO;D;20200415;000000;20200;20200;19580;19660;396;7813420
VSMO;D;20200416;000000;19740;19900;19340;19860;210;4138240
VSMO;D;20200417;000000;19940;20260;18800;19440;627;12257240
VSMO;D;20200420;000000;19200;19400;14560;18940;1427;26705440
VSMO;D;20200421;000000;18740;18900;18040;18720;489;9078800
VSMO;D;20200422;000000;18620;18780;18500;18760;734;13756300
VSMO;D;20200423;000000;18980;19000;18500;18680;984;18452660
VSMO;D;20200424;000000;18620;18880;18560;18580;1028;19158640
VSMO;D;20200427;000000;18680;18700;18460;18500;517;9627620
VSMO;D;20200428;000000;18640;18640;18140;18480;449;8292100
VSMO;D;20200429;000000;18740;18740;18420;18580;684;12681220
VSMO;D;20200430;000000;18600;18620;18400;18460;639;11827900
VSMO;D;20200504;000000;18660;18660;18040;18280;468;8542480
VSMO;D;20200505;000000;18400;18520;18220;18400;273;5018220
VSMO;D;20200506;000000;18380;18540;18280;18340;348;6410660
VSMO;D;20200507;000000;18220;18360;18000;18100;1100;19912780
VSMO;D;20200508;000000;18020;18200;17980;18000;691;12451480
VSMO;D;20200512;000000;18000;18000;17520;17660;1061;18827960
VSMO;D;20200513;000000;17540;17640;17440;17580;744;13056780
VSMO;D;20200514;000000;17600;17600;17400;17500;456;7962660
VSMO;D;20200515;000000;17580;17960;17440;17740;413;7279720
VSMO;D;20200518;000000;17680;18040;17680;17900;484;8670520
VSMO;D;20200519;000000;18060;18440;18000;18260;594;10843860
VSMO;D;20200520;000000;18260;18500;18220;18460;1117;20541600
VSMO;D;20200521;000000;18320;18800;18180;18380;587;10835320
VSMO;D;20200522;000000;18260;18500;18000;18500;314;5773880
VSMO;D;20200525;000000;18560;19120;18200;18980;753;14198460
VSMO;D;20200526;000000;19060;19100;18740;18840;856;16283720
VSMO;D;20200527;000000;18960;19200;18500;18560;862;16069580
VSMO;D;20200528;000000;18700;19080;18620;19020;623;11781720
VSMO;D;20200529;000000;19000;19120;18700;18960;440;8317540
VSMO;D;20200601;000000;19160;19180;18740;18900;344;6521440
VSMO;D;20200602;000000;18880;18940;18680;18840;550;10355080
VSMO;D;20200603;000000;19040;19040;18780;18820;336;6337480
VSMO;D;20200604;000000;18920;18920;18600;18640;407;7609440
VSMO;D;20200605;000000;18600;18780;18340;18560;762;14154920
VSMO;D;20200608;000000;18480;18920;18420;18880;735;13750500
VSMO;D;20200609;000000;18900;20140;18560;19600;5285;103099120
VSMO;D;20200610;000000;19660;20860;19660;20420;2985;60398940
VSMO;D;20200611;000000;20380;20420;19200;19660;1322;26037920
VSMO;D;20200615;000000;19480;19900;19000;19600;935;18100840
VSMO;D;20200616;000000;20980;24540;19560;20400;2108;43384580
VSMO;D;20200617;000000;20400;20920;20020;20020;705;14294600
VSMO;D;20200618;000000;19600;19620;19020;19360;1728;33368420
VSMO;D;20200619;000000;19360;19760;19020;19400;1527;29407280
VSMO;D;20200622;000000;19320;19560;19240;19380;379;7352200
VSMO;D;20200623;000000;19500;19500;19240;19280;229;4423860
VSMO;D;20200625;000000;19220;19220;18720;19000;550;10421580
VSMO;D;20200626;000000;19100;19120;18760;19080;408;7753480
VSMO;D;20200629;000000;19140;19140;18640;18920;467;8854800
VSMO;D;20200630;000000;19000;19060;18560;18680;575;10782080
VSMO;D;20200702;000000;18560;19100;18540;18940;741;13955200
VSMO;D;20200703;000000;18940;19100;18820;18900;363;6876160
VSMO;D;20200706;000000;18960;19060;18800;18920;501;9476160
VSMO;D;20200707;000000;18700;18920;18700;18800;513;9647420
VSMO;D;20200708;000000;18940;18940;18700;18760;263;4933760
VSMO;D;20200709;000000;18740;18860;18360;18380;1235;22869180
VSMO;D;20200710;000000;18500;18500;18300;18360;585;10756940
VSMO;D;20200713;000000;18400;18520;18340;18360;502;9257120
VSMO;D;20200714;000000;18220;18400;18000;18320;585;10618160
VSMO;D;20200715;000000;18320;18400;18200;18260;319;5845480
VSMO;D;20200716;000000;18220;18300;18180;18240;81;1478620
VSMO;D;20200717;000000;18240;18360;18240;18300;231;4230400
VSMO;D;20200720;000000;18340;18400;18240;18320;226;4141800
VSMO;D;20200721;000000;18360;18380;18220;18280;676;12362360
VSMO;D;20200722;000000;18240;18340;18140;18280;480;8772060
VSMO;D;20200723;000000;18240;18560;18100;18480;1064;19643440
VSMO;D;20200724;000000;18480;18480;18200;18300;735;13461740
VSMO;D;20200727;000000;18300;18460;18300;18300;485;8901480
VSMO;D;20200728;000000;18320;18460;18300;18300;664;12184500
VSMO;D;20200729;000000;18360;18500;18300;18320;525;9637200
VSMO;D;20200730;000000;18360;18360;18240;18240;292;5343640
VSMO;D;20200731;000000;18360;18400;18240;18260;303;5544700
VSMO;D;20200803;000000;18120;18200;17940;17940;1796;32388600
VSMO;D;20200804;000000;18000;18000;17880;17900;893;16011280
VSMO;D;20200805;000000;17900;18000;17860;17920;856;15367700
VSMO;D;20200806;000000;17900;18000;17880;17960;537;9654840
VSMO;D;20200807;000000;17960;18000;17960;17980;380;6833920
VSMO;D;20200810;000000;18000;18080;17680;17900;787;14095740
VSMO;D;20200811;000000;18020;18020;17860;17900;684;12239060
VSMO;D;20200812;000000;17760;18240;17760;17900;1235;22182000
VSMO;D;20200813;000000;18020;18160;17900;18080;962;17363880
VSMO;D;20200814;000000;18140;18180;17940;17960;469;8444740
VSMO;D;20200817;000000;17960;18100;17960;18000;621;11201280
VSMO;D;20200818;000000;17980;17980;17740;17820;1876;33413240
VSMO;D;20200819;000000;17800;17800;17760;17800;540;9607520
VSMO;D;20200820;000000;17780;17880;17700;17740;351;6241840
VSMO;D;20200821;000000;17760;17800;17580;17700;791;13996300
VSMO;D;20200824;000000;17700;17940;17700;17740;374;6644080
VSMO;D;20200825;000000;17780;17840;17660;17700;397;7045940
VSMO;D;20200826;000000;17600;17700;17600;17700;332;5866000
VSMO;D;20200827;000000;17620;17780;17620;17620;431;7616260
VSMO;D;20200828;000000;17760;17760;17600;17620;582;10279280
VSMO;D;20200831;000000;17580;17700;17580;17640;371;6550120
VSMO;D;20200901;000000;17580;17700;17580;17620;328;5786480
VSMO;D;20200902;000000;17620;17680;17500;17580;514;9040560
VSMO;D;20200903;000000;17520;17600;17500;17500;389;6824160
VSMO;D;20200904;000000;17500;17660;17360;17500;871;15242480
VSMO;D;20200907;000000;17480;17680;17480;17660;396;6964400
VSMO;D;20200908;000000;17600;17680;17360;17400;591;10342600
VSMO;D;20200909;000000;17360;17460;17300;17400;276;4794900
VSMO;D;20200910;000000;17420;17440;17000;17160;1048;17949620
VSMO;D;20200911;000000;17260;17460;17120;17380;440;7626680
VSMO;D;20200914;000000;17600;17780;17360;17380;502;8766180
VSMO;D;20200915;000000;17340;17540;17340;17540;373;6522400
VSMO;D;20200916;000000;17560;17560;17320;17340;350;6097640
VSMO;D;20200917;000000;17440;17440;17300;17400;240;4174820
VSMO;D;20200918;000000;17460;17600;17420;17440;606;10625720
VSMO;D;20200921;000000;17580;17580;17100;17120;792;13713880
VSMO;D;20200922;000000;17160;17420;17120;17160;268;4623180
VSMO;D;20200923;000000;17280;17280;17000;17180;394;6773500
VSMO;D;20200924;000000;17020;17180;17020;17080;229;3913900
VSMO;D;20200925;000000;17080;17160;17000;17080;653;11150180
VSMO;D;20200928;000000;17040;17140;17000;17100;562;9583720
VSMO;D;20200929;000000;17060;17200;17040;17180;345;5916460
VSMO;D;20200930;000000;17220;17240;17020;17040;367;6278200
VSMO;D;20201001;000000;17260;17260;17000;17080;200;3421760
VSMO;D;20201002;000000;17060;17120;16860;17000;524;8917980
VSMO;D;20201005;000000;17080;17140;17020;17120;333;5690460
VSMO;D;20201006;000000;17140;17140;17060;17100;186;3179620
VSMO;D;20201007;000000;17040;17120;17040;17080;218;3725620
VSMO;D;20201008;000000;17020;17140;17000;17100;275;4705400
VSMO;D;20201009;000000;17100;17140;17000;17060;315;5381480
VSMO;D;20201012;000000;17180;17180;17020;17040;224;3821740
VSMO;D;20201013;000000;17060;17060;16920;16980;348;5916460
VSMO;D;20201014;000000;16960;17120;16840;16860;558;9436920
VSMO;D;20201015;000000;16980;16980;16020;16520;1184;19584220
VSMO;D;20201016;000000;16200;16600;16040;16400;430;7038560
VSMO;D;20201019;000000;16400;16620;16280;16360;630;10333500
VSMO;D;20201020;000000;16400;16500;16140;16180;886;14359040
VSMO;D;20201021;000000;16220;16320;16160;16300;1129;18312420
VSMO;D;20201022;000000;16400;16420;16180;16240;305;4964900
VSMO;D;20201023;000000;16240;16600;16240;16540;700;11518640
VSMO;D;20201026;000000;16700;16880;16300;16400;344;5703280
VSMO;D;20201027;000000;16340;16540;16020;16200;371;6028840
VSMO;D;20201028;000000;16160;16340;16020;16120;442;7115220
VSMO;D;20201029;000000;16140;16180;16040;16100;191;3072160
VSMO;D;20201030;000000;16220;16220;16000;16060;218;3506520
VSMO;D;20201102;000000;16020;16380;15480;16140;706;11255840
VSMO;D;20201103;000000;16020;16440;16000;16280;379;6170160
VSMO;D;20201105;000000;16420;16420;16200;16340;489;7970560
VSMO;D;20201106;000000;16340;16480;16200;16260;471;7679660
VSMO;D;20201109;000000;16400;17840;16300;17280;4858;83994500
VSMO;D;20201110;000000;17280;18080;17240;17780;3216;56994020
VSMO;D;20201111;000000;17600;17980;17400;17560;1483;26327940
VSMO;D;20201112;000000;17560;18260;17560;18100;2262;40826860
VSMO;D;20201113;000000;18100;18140;17720;18060;669;12002640
VSMO;D;20201116;000000;17800;18500;17800;18340;1257;23021800
VSMO;D;20201117;000000;18460;18680;18200;18400;1590;29367860
VSMO;D;20201118;000000;19100;20320;18900;20000;9189;181978560
VSMO;D;20201119;000000;20100;20100;19280;19760;2077;40853860
VSMO;D;20201120;000000;19820;20260;19820;19860;1161;23203840
VSMO;D;20201123;000000;19940;20100;19700;19720;785;15574920
VSMO;D;20201124;000000;19720;20380;19720;19960;2239;45055640
VSMO;D;20201125;000000;20000;20040;19520;19700;832;16460340
VSMO;D;20201126;000000;19860;19860;19420;19420;872;17043560
VSMO;D;20201127;000000;19440;19460;19140;19340;823;15889620
VSMO;D;20201130;000000;19240;19860;19200;19840;959;18842620
VSMO;D;20201201;000000;19880;20380;19880;20120;2657;53733860
VSMO;D;20201202;000000;20100;20100;19820;19900;401;7989600
VSMO;D;20201203;000000;19900;20160;19700;19780;670;13388280
VSMO;D;20201204;000000;20040;20040;19740;19780;295;5870160
VSMO;D;20201207;000000;19880;20020;19560;19840;634;12551160
VSMO;D;20201208;000000;19920;19980;19700;19760;320;6359220
VSMO;D;20201209;000000;19740;19960;19740;19880;253;5024500
VSMO;D;20201210;000000;19820;19980;19720;19920;294;5840300
VSMO;D;20201211;000000;19900;20000;19780;19820;471;9365120
VSMO;D;20201214;000000;19920;21520;19800;21080;6064;126250280
VSMO;D;20201215;000000;21200;22000;21080;21560;2506;54271660
VSMO;D;20201216;000000;21500;21500;20900;21300;1012;21521560
VSMO;D;20201217;000000;21400;21400;20560;20860;1199;25117460
VSMO;D;20201218;000000;21080;21080;20500;20500;622;12839880
VSMO;D;20201221;000000;20840;20840;20020;20260;1863;37889780
VSMO;D;20201222;000000;19980;20660;18940;20300;2473;49283540
VSMO;D;20201223;000000;20260;21000;20160;20740;1553;32355800
VSMO;D;20201224;000000;20600;20860;20340;20400;498;10298180
VSMO;D;20201225;000000;20660;20740;20220;20400;886;18147780
VSMO;D;20201228;000000;20480;20700;20260;20300;455;9263420
VSMO;D;20201229;000000;20460;20880;20320;20880;731;15002280
VSMO;D;20201230;000000;20800;21500;20740;20860;1038;21914240
VSMO;D;20210104;000000;21000;21240;20840;21040;306;6439580
VSMO;D;20210105;000000;21020;21080;20600;20800;563;11726280
VSMO;D;20210106;000000;20400;20940;20400;20680;679;14053100
VSMO;D;20210108;000000;20740;20840;20500;20620;472;9755220
VSMO;D;20210111;000000;20680;20720;20520;20580;667;13744740
VSMO;D;20210112;000000;20580;20680;20520;20560;344;7080800
VSMO;D;20210113;000000;20520;20760;20520;20680;1249;25823160
VSMO;D;20210114;000000;20740;21600;20680;21140;4026;85647600
VSMO;D;20210115;000000;21100;21560;20920;21380;7108;152210840
VSMO;D;20210118;000000;21400;21400;20920;20980;987;20832420
VSMO;D;20210119;000000;21260;21720;20760;21020;7987;170426940
VSMO;D;20210120;000000;21100;21360;21040;21180;333;7038040
VSMO;D;20210121;000000;21200;21200;20800;21040;1126;23651520
VSMO;D;20210122;000000;20880;21980;20880;21120;5076;109565540
VSMO;D;20210125;000000;21040;21420;21040;21260;372;7937820
VSMO;D;20210126;000000;21540;22000;21200;21980;1684;36804560
VSMO;D;20210127;000000;22280;22540;21980;22100;1296;28877020
VSMO;D;20210128;000000;22020;22280;21240;21500;1141;24689660
VSMO;D;20210129;000000;21500;22200;21260;21720;1043;22497680
VSMO;D;20210201;000000;21700;21980;21300;21780;727;15797640
VSMO;D;20210202;000000;21620;21900;21600;21820;400;8726320
VSMO;D;20210203;000000;21820;21880;21680;21780;279;6078500
VSMO;D;20210204;000000;21780;22940;21660;21980;4045;90957240
VSMO;D;20210205;000000;22180;22200;21920;22040;417;9183220
VSMO;D;20210208;000000;22160;22800;21960;22560;725;16268940
VSMO;D;20210209;000000;22800;22980;22020;22200;744;16637680
VSMO;D;20210210;000000;22480;22620;22240;22500;314;7045220
VSMO;D;20210211;000000;22480;22880;22480;22880;557;12639980
VSMO;D;20210212;000000;22880;23100;22500;23000;882;20117680
VSMO;D;20210215;000000;23000;23980;22840;23560;1450;33900080
VSMO;D;20210216;000000;23300;23960;23300;23800;650;15487160
VSMO;D;20210217;000000;23820;23960;23000;23000;785;18441900
VSMO;D;20210218;000000;23580;23580;22000;22700;1408;32047520
VSMO;D;20210219;000000;22700;23100;22700;23100;356;8180780
VSMO;D;20210220;000000;23220;23820;22840;23560;498;11704760
VSMO;D;20210222;000000;23600;23640;22940;23000;435;10082900
VSMO;D;20210224;000000;23400;23900;23000;23100;588;13695460
VSMO;D;20210225;000000;23060;23780;22700;23280;806;18653060
VSMO;D;20210226;000000;23200;23340;22840;23280;558;12900800
VSMO;D;20210301;000000;23420;23440;22520;23080;572;13207720
VSMO;D;20210302;000000;23040;23400;22640;23200;519;12001700
VSMO;D;20210303;000000;23080;23300;22900;22980;872;20080040
VSMO;D;20210304;000000;23000;23800;22700;23440;1212;28283360
VSMO;D;20210305;000000;23520;24000;23200;23600;1168;27712320
VSMO;D;20210309;000000;24000;24680;23660;24600;1339;32442560
VSMO;D;20210310;000000;24600;25120;24600;24980;1360;33973320
VSMO;D;20210311;000000;24960;25240;24180;25120;1031;25753720
VSMO;D;20210312;000000;25080;25360;25080;25100;1032;26004480
VSMO;D;20210315;000000;25100;25540;24700;25000;1087;27532120
VSMO;D;20210316;000000;25260;25880;25260;25500;1559;39868220
VSMO;D;20210317;000000;25400;25500;24920;25220;757;19109120
VSMO;D;20210318;000000;25320;25600;24300;25300;2792;70476640
VSMO;D;20210319;000000;25140;25880;25000;25080;1535;39159980
VSMO;D;20210322;000000;25200;25660;24980;25100;189;4741560
VSMO;D;20210323;000000;25100;26200;25000;26020;2272;58501360
VSMO;D;20210324;000000;25880;26960;25840;26100;3054;81328440
VSMO;D;20210325;000000;25980;27020;25980;26300;926;24638460
VSMO;D;20210326;000000;26820;27000;26420;26860;1803;48338680
VSMO;D;20210329;000000;27080;27500;26580;27160;933;25331860
VSMO;D;20210330;000000;27220;27540;26800;26820;332;9014740
VSMO;D;20210331;000000;26980;27000;26280;26700;366;9794560
VSMO;D;20210401;000000;26900;26900;26620;26620;132;3539520
VSMO;D;20210402;000000;26640;26780;26100;26380;281;7424300
VSMO;D;20210405;000000;26420;26780;26040;26080;374;9901700
VSMO;D;20210406;000000;26180;26900;25560;25880;438;11427980
VSMO;D;20210407;000000;25900;26100;25020;25120;1072;27149860
VSMO;D;20210408;000000;25120;26600;24360;25220;939;23836180
VSMO;D;20210409;000000;25260;25680;25240;25320;237;6032400
VSMO;D;20210412;000000;25780;25800;25300;25620;306;7832160
VSMO;D;20210413;000000;25880;25880;25160;25300;251;6385420
VSMO;D;20210414;000000;25680;25780;25200;25280;299;7595900
VSMO;D;20210415;000000;24840;25360;24820;25020;430;10787640
VSMO;D;20210416;000000;25320;25380;25040;25060;204;5130180
VSMO;D;20210419;000000;25160;25160;24440;24500;844;20868200
VSMO;D;20210420;000000;24480;24760;24480;24680;233;5747660
VSMO;D;20210421;000000;24600;24880;24020;24080;672;16357400
VSMO;D;20210422;000000;24240;24380;24000;24000;605;14585140
VSMO;D;20210423;000000;24080;24080;23520;23520;455;10794440
VSMO;D;20210426;000000;23520;24100;23040;24000;820;19245280
VSMO;D;20210427;000000;24100;24460;23720;24100;1387;33489140
VSMO;D;20210428;000000;24100;24480;24040;24100;307;7432060
VSMO;D;20210429;000000;24080;24500;23720;24200;1148;27807800
VSMO;D;20210430;000000;24220;24440;23920;24140;504;12190540
VSMO;D;20210504;000000;24160;25200;24160;25120;861;21393580
VSMO;D;20210505;000000;24880;25280;24880;25080;237;5957840
VSMO;D;20210506;000000;24940;25240;24860;24960;301;7549560
VSMO;D;20210507;000000;25200;25240;24900;25100;289;7250380
VSMO;D;20210510;000000;25260;25300;24540;25300;480;12011020
VSMO;D;20210511;000000;25160;25600;24860;25540;972;24539480
VSMO;D;20210512;000000;25840;25840;25220;25700;1106;28432660
VSMO;D;20210513;000000;25560;26500;25320;26500;934;24473860
VSMO;D;20210514;000000;26520;27240;26100;27100;893;23951360
VSMO;D;20210517;000000;27200;27940;26720;27180;1378;37921360
VSMO;D;20210518;000000;27500;27980;26780;27560;2718;75045840
VSMO;D;20210519;000000;27640;28000;27000;27420;2007;55750540
VSMO;D;20210520;000000;27480;27700;27040;27060;149;4077020
VSMO;D;20210521;000000;27480;27500;26860;27040;355;9602120
VSMO;D;20210524;000000;27020;27520;27000;27000;192;5205260
VSMO;D;20210525;000000;27100;27120;25760;27000;881;23372920
VSMO;D;20210526;000000;26460;27060;26460;27000;341;9163160
VSMO;D;20210527;000000;27060;27060;26760;27000;320;8630900
VSMO;D;20210528;000000;26920;27700;26700;27460;1597;43798460
VSMO;D;20210531;000000;27180;27360;27000;27040;346;9377360
VSMO;D;20210601;000000;27020;27280;26960;27000;146;3954160
VSMO;D;20210602;000000;27020;27200;27000;27100;183;4951480
VSMO;D;20210603;000000;27120;27280;26800;27120;535;14464100
VSMO;D;20210604;000000;27280;27660;26680;27500;1081;29672800
VSMO;D;20210607;000000;27580;27580;26940;27080;368;9968180
VSMO;D;20210608;000000;27000;27220;26960;27020;396;10711180
VSMO;D;20210609;000000;26900;27180;26880;27140;584;15820500
VSMO;D;20210610;000000;26980;27600;26900;27460;1871;51195740
VSMO;D;20210611;000000;27500;27600;27120;27480;1209;33236900
VSMO;D;20210614;000000;27340;27900;27340;27760;127;3521100
VSMO;D;20210615;000000;27700;27700;27000;27000;212;5778240
VSMO;D;20210616;000000;27020;27500;26960;27080;476;12912960
VSMO;D;20210617;000000;27060;27140;26740;27100;712;19239380
VSMO;D;20210618;000000;27100;27700;26700;27420;1986;53982540
VSMO;D;20210621;000000;27420;27500;26940;27300;856;23389900
VSMO;D;20210622;000000;27300;28300;27260;28200;3725;104175760
VSMO;D;20210623;000000;28260;28280;27900;27940;161;4506180
VSMO;D;20210624;000000;27660;28200;27660;28200;586;16407640
VSMO;D;20210625;000000;28280;28280;27940;28080;195;5471220
VSMO;D;20210628;000000;28080;28560;28080;28400;632;17974040
VSMO;D;20210629;000000;28360;28900;28200;28780;596;17035960
VSMO;D;20210630;000000;28920;29820;28500;29300;1415;41145400
VSMO;D;20210701;000000;29060;29600;29020;29420;983;28909700
VSMO;D;20210702;000000;29440;30160;29220;29940;1006;30014080
VSMO;D;20210705;000000;30000;30480;29660;30100;534;16043660
VSMO;D;20210706;000000;30280;30680;29980;30580;1976;60158980
VSMO;D;20210707;000000;30680;31000;30600;30600;1092;33477920
VSMO;D;20210708;000000;30840;30840;29720;29820;958;29130320
VSMO;D;20210709;000000;29800;30000;29020;29100;295;8657720
VSMO;D;20210712;000000;29200;29840;28800;29620;216;6343580
VSMO;D;20210713;000000;29620;30280;29620;29620;193;5773000
VSMO;D;20210714;000000;29560;30100;29560;29680;130;3873600
VSMO;D;20210715;000000;29700;29840;29260;29260;122;3602740
VSMO;D;20210716;000000;29220;29900;29140;29760;314;9271460
VSMO;D;20210719;000000;29820;30000;29260;29700;820;24422220
VSMO;D;20210720;000000;30000;30200;29460;30200;775;23254780
VSMO;D;20210721;000000;29820;30980;29800;30880;1542;47413680
VSMO;D;20210722;000000;30880;31100;29820;29820;3042;93291520
VSMO;D;20210723;000000;29840;30800;29840;30040;1277;38324800
VSMO;D;20210726;000000;29940;30200;29420;30200;301;9031060
VSMO;D;20210727;000000;30020;31100;29800;30940;2178;67041600
VSMO;D;20210728;000000;30900;31320;30520;30980;730;22623400
VSMO;D;20210729;000000;31060;31160;30600;30700;495;15282140
VSMO;D;20210730;000000;30800;30960;30560;30620;164;5048340
VSMO;D;20210802;000000;30640;30700;30180;30180;136;4138760
VSMO;D;20210803;000000;31120;31140;29960;30320;334;10098920
VSMO;D;20210804;000000;30180;30500;30180;30220;83;2520020
VSMO;D;20210805;000000;30640;30800;30220;30320;120;3640280
VSMO;D;20210806;000000;30620;30620;29500;29940;667;19959060
VSMO;D;20210809;000000;29920;30140;29600;30020;495;14850280
VSMO;D;20210810;000000;30100;30160;29920;30000;141;4235980
VSMO;D;20210811;000000;29900;30280;29900;30040;433;13007740
VSMO;D;20210812;000000;29820;30280;29780;30060;417;12541300
VSMO;D;20210813;000000;30000;30600;30000;30400;391;11882640
VSMO;D;20210816;000000;30420;31660;30120;31260;2665;83045980
VSMO;D;20210817;000000;31340;31660;31000;31100;1379;43323400
VSMO;D;20210818;000000;31500;31500;30120;30400;388;11928540
VSMO;D;20210819;000000;30080;30680;30080;30500;289;8799100
VSMO;D;20210820;000000;30500;30880;30480;30480;130;3977900
VSMO;D;20210823;000000;30840;30980;30420;30700;274;8409240
VSMO;D;20210824;000000;30700;31000;30660;30840;185;5709640
VSMO;D;20210825;000000;31160;31160;30600;30800;119;3670520
VSMO;D;20210826;000000;30800;31000;30740;30800;159;4900000
VSMO;D;20210827;000000;30940;30940;30580;30920;467;14407620
VSMO;D;20210830;000000;30940;30940;30540;30900;457;14083060
VSMO;D;20210831;000000;31480;31480;30700;31220;398;12330240
VSMO;D;20210901;000000;31100;31880;31060;31300;379;11963880
VSMO;D;20210902;000000;30740;31700;30740;31380;153;4788940
VSMO;D;20210903;000000;31420;31680;31100;31480;237;7461700
VSMO;D;20210906;000000;31700;32280;31480;31800;1116;35330720
VSMO;D;20210907;000000;32060;32080;31160;31340;1115;35400200
VSMO;D;20210908;000000;31960;33000;31620;31900;1161;37464780
VSMO;D;20210909;000000;31880;32800;31620;31680;1279;41453920
VSMO;D;20210910;000000;31620;32580;31620;32440;171;5524120
VSMO;D;20210913;000000;32520;33000;32320;32360;371;12127720
VSMO;D;20210914;000000;32360;32920;32360;32640;139;4535260
VSMO;D;20210915;000000;32800;33180;32560;32760;190;6226900
VSMO;D;20210916;000000;32700;33000;32100;32760;352;11452220
VSMO;D;20210917;000000;32260;32780;32220;32500;208;6768640
VSMO;D;20210920;000000;32500;33000;31600;31780;696;22376620
VSMO;D;20210921;000000;31780;32800;31320;31980;442;14199420
VSMO;D;20210922;000000;32520;32520;31120;31920;250;7977080
VSMO;D;20210923;000000;32400;32400;31920;32060;198;6379720
VSMO;D;20210924;000000;32040;32120;31960;32100;145;4648080
VSMO;D;20210927;000000;32140;32400;31920;32080;272;8740260
VSMO;D;20210928;000000;32560;32620;32040;32400;281;9119460
VSMO;D;20210929;000000;32400;32980;32200;32600;297;9697440
VSMO;D;20210930;000000;32200;35100;32160;34300;2098;71832860
VSMO;D;20211001;000000;33820;38000;33360;36240;2891;105279740
VSMO;D;20211004;000000;36920;38500;35040;36100;1495;54702620
VSMO;D;20211005;000000;36360;37880;35720;37320;1565;57912180
VSMO;D;20211006;000000;37100;38100;37080;37840;694;26073760
VSMO;D;20211007;000000;38420;39300;37400;37480;908;34771380
VSMO;D;20211008;000000;37540;38560;37080;37600;678;25583720
VSMO;D;20211011;000000;38260;38460;37500;37500;393;14855780
VSMO;D;20211012;000000;38300;38300;36020;36020;563;20803120
VSMO;D;20211013;000000;36540;37660;36500;36680;496;18320320
VSMO;D;20211014;000000;37000;37420;36800;37000;314;11655260
VSMO;D;20211015;000000;37280;37320;37040;37140;140;5207740
VSMO;D;20211018;000000;37160;37420;36360;36460;198;7323940
VSMO;D;20211019;000000;36900;36900;34580;34960;1081;38295020
VSMO;D;20211020;000000;35800;35860;34900;35000;527;18687520
VSMO;D;20211021;000000;35200;36020;33680;34700;833;28974520
VSMO;D;20211022;000000;34940;34940;33660;34000;551;18808560
VSMO;D;20211025;000000;34720;35460;34020;34980;746;25935020
VSMO;D;20211026;000000;34820;37920;34600;37200;2994;110060640
VSMO;D;20211027;000000;37400;37980;36020;37420;1141;42243960
VSMO;D;20211028;000000;36960;37600;36820;37220;421;15662980
VSMO;D;20211029;000000;36500;37700;36460;37380;705;26122320
VSMO;D;20211101;000000;37260;37600;37000;37420;300;11197840
VSMO;D;20211102;000000;37580;37600;36680;37320;293;10908620
VSMO;D;20211103;000000;37000;37600;37000;37320;219;8169600
VSMO;D;20211105;000000;36880;37500;36820;37300;335;12482560
VSMO;D;20211108;000000;36900;37500;36900;37440;222;8291960
VSMO;D;20211109;000000;37620;38920;37380;37380;231;8692360
VSMO;D;20211110;000000;37960;37960;37100;37400;266;9942340
VSMO;D;20211111;000000;37020;37600;36700;37400;245;9158160
VSMO;D;20211112;000000;37220;37600;36920;37360;235;8762060
VSMO;D;20211115;000000;37780;39900;36720;39900;1311;50213160
VSMO;D;20211116;000000;39900;45000;39160;44180;9618;419853540
VSMO;D;20211117;000000;44220;47960;43340;46020;9198;419895420
VSMO;D;20211118;000000;46880;47240;44100;45500;2839;129205740
VSMO;D;20211119;000000;46400;46960;45100;46060;3212;147916240
VSMO;D;20211122;000000;46080;46080;41600;43740;1980;86968540
VSMO;D;20211123;000000;43940;47500;43560;45940;2605;119522920
VSMO;D;20211124;000000;46480;47380;45220;45220;972;44955600
VSMO;D;20211125;000000;44320;46880;44120;46080;1879;87023820
VSMO;D;20211126;000000;46080;46240;45200;45620;935;42813160
VSMO;D;20211129;000000;45860;45980;44680;44800;608;27448140
VSMO;D;20211130;000000;44080;44860;43120;44000;1864;82161620
VSMO;D;20211201;000000;44000;45160;44000;44260;542;24223160
VSMO;D;20211202;000000;44560;45140;44220;45000;866;38835300
VSMO;D;20211203;000000;44420;46100;44420;45420;481;22019800
VSMO;D;20211206;000000;45000;47240;44440;46000;1925;89721340
VSMO;D;20211207;000000;46220;48300;45360;46680;2322;109533660
VSMO;D;20211208;000000;46720;47660;46260;46260;335;15625300
VSMO;D;20211209;000000;46900;46980;44680;44860;506;23080640
VSMO;D;20211210;000000;44800;45580;43860;44000;619;27380420
VSMO;D;20211213;000000;44520;45320;44000;45200;1032;46220680
VSMO;D;20211214;000000;45040;46700;44340;46240;2034;92388780
VSMO;D;20211215;000000;46940;48200;45960;47460;2360;111412660
VSMO;D;20211216;000000;47160;48020;46640;46700;1502;71524960
VSMO;D;20211217;000000;46620;48500;46600;48040;1922;92354180
VSMO;D;20211220;000000;48020;48300;47100;47820;1202;57632600
VSMO;D;20211221;000000;48200;48280;47560;47640;790;37844300
VSMO;D;20211222;000000;47920;48000;47120;47140;613;29209200
VSMO;D;20211223;000000;47660;47700;46660;46660;349;16375440
VSMO;D;20211224;000000;46260;46400;44400;46000;555;25357400
VSMO;D;20211227;000000;46440;47380;45100;46000;787;36315780
VSMO;D;20211228;000000;46300;46300;45560;46000;1385;63658960
VSMO;D;20211229;000000;45880;48400;45740;46340;4763;226304040
VSMO;D;20211230;000000;46500;48000;46500;46900;1996;94874660
VSMO;D;20220103;000000;47920;47920;46800;46860;208;9793900
VSMO;D;20220104;000000;46580;47020;46200;46500;261;12141600
VSMO;D;20220105;000000;46520;46520;45820;46060;388;17883180
VSMO;D;20220106;000000;45060;46500;45060;46240;340;15632000
VSMO;D;20220110;000000;46840;46840;46020;46240;204;9458780
VSMO;D;20220111;000000;46240;46400;45640;46020;536;24696820
VSMO;D;20220112;000000;46000;46240;45800;46240;1009;46390500
VSMO;D;20220113;000000;46000;46600;46000;46000;152;7004380
VSMO;D;20220114;000000;46040;46260;45620;46260;747;34388480
VSMO;D;20220117;000000;46280;47900;45740;46800;1937;90750440
VSMO;D;20220118;000000;47780;49020;46080;48520;5196;248983280
VSMO;D;20220119;000000;48500;49500;47720;48940;2007;98032040
VSMO;D;20220120;000000;49180;49760;48120;49160;1535;75690240
VSMO;D;20220121;000000;48920;49240;47660;48180;294;14250140
VSMO;D;20220124;000000;48060;48500;46520;47200;952;44920280
VSMO;D;20220125;000000;47020;47760;46820;47320;509;24006960
VSMO;D;20220126;000000;47500;47540;47240;47320;237;11230920
VSMO;D;20220127;000000;47440;47440;46600;47300;592;27941300
VSMO;D;20220128;000000;47480;47700;47120;47220;261;12339720
VSMO;D;20220131;000000;47060;47580;46700;47500;726;34324480
VSMO;D;20220201;000000;47500;47900;47380;47640;289;13744780
VSMO;D;20220202;000000;47640;47780;47400;47480;170;8083920
VSMO;D;20220203;000000;47280;47660;47180;47660;185;8774520
VSMO;D;20220204;000000;47880;47880;46040;47520;276;13090500
VSMO;D;20220207;000000;47520;47560;47300;47500;485;23024660
VSMO;D;20220208;000000;47200;49000;46680;48980;1731;83789500
VSMO;D;20220209;000000;48800;48880;48260;48660;247;12012020
VSMO;D;20220210;000000;48680;48760;47620;48680;152;7346300
VSMO;D;20220211;000000;48440;48620;47500;48000;362;17374340
VSMO;D;20220214;000000;47980;48320;47280;48320;301;14425540
VSMO;D;20220215;000000;47900;48900;47900;48680;383;18558680
VSMO;D;20220216;000000;49000;49980;48660;49620;812;39939340
VSMO;D;20220217;000000;49480;50000;49080;49760;614;30609980
VSMO;D;20220218;000000;49780;50320;49320;49800;1201;59973840
VSMO;D;20220221;000000;50240;51000;47300;49260;4601;231244220
VSMO;D;20220222;000000;51000;51000;49000;49840;4167;210163280
VSMO;D;20220224;000000;49700;49700;34160;38300;1601;64181560
VSMO;D;20220225;000000;38300;48940;38300;44000;1061;47673220
VSMO;D;20220328;000000;43000;47000;37040;46900;2095;87282520
VSMO;D;20220329;000000;47980;55800;44420;49260;4737;244091920
VSMO;D;20220330;000000;53960;53960;49300;49520;447;22557080
VSMO;D;20220331;000000;49620;51100;49620;50000;540;27084080
VSMO;D;20220401;000000;50680;50960;47140;48300;573;27998740
VSMO;D;20220404;000000;48600;49760;47600;48300;291;14053260
VSMO;D;20220405;000000;47920;57500;47000;53220;5999;312873000
VSMO;D;20220406;000000;53500;53580;50020;51000;1756;89439280
VSMO;D;20220407;000000;50500;52300;49040;52100;2246;116067360
VSMO;D;20220408;000000;51900;56000;51520;54400;3574;194979580
VSMO;D;20220411;000000;54380;56000;53920;54720;854;47268060
VSMO;D;20220412;000000;54900;56000;54880;55760;759;42285560
VSMO;D;20220413;000000;56000;56000;53580;54420;818;44921000
VSMO;D;20220414;000000;54200;55200;52000;53240;477;25702240
VSMO;D;20220415;000000;53220;53300;50060;51400;669;34376240
VSMO;D;20220418;000000;51400;52680;49460;49560;442;22479560
VSMO;D;20220419;000000;49580;49900;45060;48020;1222;57864660
VSMO;D;20220420;000000;47680;53460;47340;51980;1929;98753980
VSMO;D;20220421;000000;52640;53980;51000;53180;1262;66433080
VSMO;D;20220422;000000;53500;59400;52020;56960;6671;380520240
VSMO;D;20220425;000000;57300;58160;55460;56900;730;41651000
VSMO;D;20220426;000000;57000;58400;56720;57620;1802;104078540
VSMO;D;20220427;000000;57620;59840;57020;58840;1637;95911000
VSMO;D;20220428;000000;59480;59800;58020;58720;523;31018880
VSMO;D;20220429;000000;58740;59500;57500;57760;486;28474060
VSMO;D;20220504;000000;58620;58620;56060;57060;348;20037540
VSMO;D;20220505;000000;56960;58000;56220;57480;451;25741480
VSMO;D;20220506;000000;57740;57740;56600;56900;184;10516720
VSMO;D;20220511;000000;56900;57620;56900;57140;229;13120160
VSMO;D;20220512;000000;57220;59000;56180;58500;854;49243460
VSMO;D;20220513;000000;58660;58880;57600;57960;159;9252600
VSMO;D;20220516;000000;57860;58320;57760;57860;149;8650100
VSMO;D;20220517;000000;56960;58400;56960;57560;491;28326060
VSMO;D;20220518;000000;57460;57920;57000;57440;448;25739700
VSMO;D;20220519;000000;57840;57840;57100;57300;194;11142980
VSMO;D;20220520;000000;57300;57840;57120;57180;361;20753900
VSMO;D;20220523;000000;57180;57780;56520;57400;855;48915140
VSMO;D;20220524;000000;57100;57820;56540;57060;600;34393920
VSMO;D;20220525;000000;57060;57500;56720;57140;711;40664480
VSMO;D;20220526;000000;57340;58000;57060;57200;474;27225920
VSMO;D;20220527;000000;57140;59980;57000;58700;1326;77734540
VSMO;D;20220530;000000;58700;58920;58260;58600;455;26646140
VSMO;D;20220531;000000;58360;58980;58360;58640;227;13347880
VSMO;D;20220601;000000;58800;60760;57900;58680;1155;68627260
VSMO;D;20220602;000000;59080;61000;58720;61000;3054;183823300
VSMO;D;20220603;000000;61000;61000;60040;60600;377;22939480
VSMO;D;20220606;000000;60600;61000;60200;60820;898;54692500
VSMO;D;20220607;000000;60680;61200;59860;60660;1212;73726160
VSMO;D;20220608;000000;60660;61120;59960;60480;964;58570260
VSMO;D;20220609;000000;60480;60640;60400;60600;108;6539400
VSMO;D;20220610;000000;60420;60540;58020;59300;397;23657260
VSMO;D;20220614;000000;59300;59600;56320;56940;460;26503680
VSMO;D;20220615;000000;57100;57140;54320;55200;853;47265340
VSMO;D;20220616;000000;55100;59600;55100;59520;941;53763760
VSMO;D;20220617;000000;58700;60040;57580;58580;776;45595480
VSMO;D;20220620;000000;58080;60000;57820;59580;594;35457440
VSMO;D;20220621;000000;59980;60000;59560;59600;333;19949620
VSMO;D;20220622;000000;59600;60040;56520;60000;1375;81563920
VSMO;D;20220623;000000;60000;60200;59080;59720;467;27911740
VSMO;D;20220624;000000;59960;60000;59720;59720;113;6770420
VSMO;D;20220627;000000;59740;60000;59400;59600;370;22129100
VSMO;D;20220628;000000;59600;59920;58960;58980;148;8805260
VSMO;D;20220629;000000;59520;59520;58340;58860;175;10271120
VSMO;D;20220630;000000;58200;60000;56140;58000;1208;70712100
VSMO;D;20220701;000000;57240;58960;57200;57940;360;20910460
VSMO;D;20220704;000000;57980;58460;57580;57900;236;13690420
VSMO;D;20220705;000000;57960;57960;56060;56240;467;26509680
VSMO;D;20220706;000000;56200;59720;55120;56840;727;41870740
VSMO;D;20220707;000000;57640;57880;57120;57820;200;11503020
VSMO;D;20220708;000000;57820;58300;56800;57180;299;17198300
VSMO;D;20220711;000000;57320;57800;57020;57060;168;9622400
VSMO;D;20220712;000000;57480;57480;56060;56700;194;10963200
VSMO;D;20220713;000000;56780;56900;55200;55700;401;22385880
VSMO;D;20220714;000000;55260;58860;53160;57720;1200;66915200
VSMO;D;20220715;000000;57780;58180;57180;57440;250;14451700
VSMO;D;20220718;000000;57860;57980;56920;57180;112;6439440
VSMO;D;20220719;000000;57180;58280;56240;57340;539;30924940
VSMO;D;20220720;000000;57020;58000;57020;57280;171;9869180
VSMO;D;20220721;000000;57060;57660;56660;57440;283;16189760
VSMO;D;20220722;000000;58400;60800;57700;58580;1443;84960480
VSMO;D;20220725;000000;58580;58980;57500;58060;433;25169200
VSMO;D;20220726;000000;57960;58280;56320;57020;456;26185020
VSMO;D;20220727;000000;57020;58100;56720;57340;450;25879520
VSMO;D;20220728;000000;57680;57800;57000;57000;233;13336480
VSMO;D;20220729;000000;57260;57580;57000;57320;215;12333220
VSMO;D;20220801;000000;57320;57600;57000;57120;204;11671920
VSMO;D;20220802;000000;57100;57860;56640;57000;352;20144420
VSMO;D;20220803;000000;57020;57820;56960;57280;328;18839280
VSMO;D;20220804;000000;57020;57820;57020;57400;226;12990600
VSMO;D;20220805;000000;57080;57880;57080;57100;298;17116140
VSMO;D;20220808;000000;57580;58540;57140;57600;617;35623200
VSMO;D;20220809;000000;57240;57760;57140;57200;519;29762820
VSMO;D;20220810;000000;57200;57940;57200;57580;244;14063900
VSMO;D;20220811;000000;57700;57820;57280;57480;331;19021680
VSMO;D;20220812;000000;57240;57520;57240;57260;100;5732320
VSMO;D;20220815;000000;57400;57900;57220;57480;307;17680800
VSMO;D;20220816;000000;57640;57700;57320;57340;305;17527900
VSMO;D;20220817;000000;57300;57680;57260;57260;256;14704400
VSMO;D;20220818;000000;57220;57500;56640;57000;212;12122060
VSMO;D;20220819;000000;56920;57060;56560;56700;99;5614400
VSMO;D;20220822;000000;56440;57660;56060;57000;600;34296360
VSMO;D;20220823;000000;56680;57620;56500;57140;595;34134520
VSMO;D;20220824;000000;57000;57520;57000;57160;290;16639980
VSMO;D;20220825;000000;57160;57360;56920;56920;90;5138300
VSMO;D;20220826;000000;57020;57500;57020;57100;330;18917440
VSMO;D;20220829;000000;57340;57400;57100;57260;81;4636300
VSMO;D;20220830;000000;57200;57400;57100;57380;169;9679700
VSMO;D;20220831;000000;57160;57600;57000;57280;480;27539440
VSMO;D;20220901;000000;57580;57580;56900;57060;296;16923720
VSMO;D;20220902;000000;57220;57240;56900;56980;168;9583300
VSMO;D;20220905;000000;57020;57580;56540;57060;706;40323480
VSMO;D;20220906;000000;57500;57520;56880;57140;395;22631520
VSMO;D;20220907;000000;57400;57500;57160;57300;143;8209420
VSMO;D;20220908;000000;57400;57540;57000;57340;480;27510680
VSMO;D;20220909;000000;57480;57480;56960;57040;184;10497660
VSMO;D;20220912;000000;56980;57460;56800;57060;353;20177120
VSMO;D;20220913;000000;57100;57400;56960;57060;440;25159080
VSMO;D;20220914;000000;57060;57460;56920;57080;449;25708780
VSMO;D;20220915;000000;57000;57280;57000;57000;72;4111840
VSMO;D;20220916;000000;57020;57220;56780;57000;132;7525520
VSMO;D;20220919;000000;57000;57300;56580;56900;360;20555680
VSMO;D;20220920;000000;56860;57440;55500;55500;543;30960340
VSMO;D;20220921;000000;55500;56860;50000;56020;663;36488200
VSMO;D;20220922;000000;54960;57000;54960;55980;211;11873580
VSMO;D;20220923;000000;56360;56360;53600;56000;614;34003260
VSMO;D;20220926;000000;56860;56960;54180;56020;822;45955560
VSMO;D;20220927;000000;56600;56600;55600;56280;204;11428000
VSMO;D;20220928;000000;56260;56400;55760;56300;199;11170400
VSMO;D;20220929;000000;56060;56400;55020;55580;385;21556180
VSMO;D;20220930;000000;55440;56400;54120;56000;672;37497880
VSMO;D;20221003;000000;56020;56380;55560;55960;185;10361620
VSMO;D;20221004;000000;56500;56540;55640;56260;241;13540260
VSMO;D;20221005;000000;56060;56180;55600;55720;215;12029340
VSMO;D;20221006;000000;55800;56160;55500;56060;278;15566500
VSMO;D;20221007;000000;55740;56100;55700;55700;193;10805140
VSMO;D;20221010;000000;55700;56120;54620;56100;511;28554320
VSMO;D;20221011;000000;56120;56120;55800;56020;40;2238940
VSMO;D;20221012;000000;55900;56100;55800;55920;114;6391380
VSMO;D;20221013;000000;55700;56080;55600;55740;204;11418140
VSMO;D;20221014;000000;55640;56000;55400;55720;206;11484360
VSMO;D;20221017;000000;55800;56100;55800;56000;248;13892580
VSMO;D;20221018;000000;55920;56100;55000;55840;536;29955100
VSMO;D;20221019;000000;55820;56080;54520;55280;815;45349680
VSMO;D;20221020;000000;55680;56080;55140;55340;783;43665680
VSMO;D;20221021;000000;55460;56040;55340;55400;492;27408160
VSMO;D;20221024;000000;55680;56000;55560;55680;438;24458900
VSMO;D;20221025;000000;55720;55880;55500;55600;248;13814820
VSMO;D;20221026;000000;55620;55880;55400;55840;363;20224740
VSMO;D;20221027;000000;55700;55840;55000;55520;370;20563680
VSMO;D;20221028;000000;55500;55540;55100;55340;126;6980520
VSMO;D;20221031;000000;55200;55500;55180;55180;120;6636740
VSMO;D;20221101;000000;55260;55360;54300;54320;246;13504020
VSMO;D;20221102;000000;54620;54620;53020;53320;420;22523940
VSMO;D;20221103;000000;53620;53620;50940;52560;272;14220820
VSMO;D;20221107;000000;53500;53500;51060;51240;674;34771760
VSMO;D;20221108;000000;51320;52200;49300;49440;682;34492720
VSMO;D;20221109;000000;46100;49860;45720;45760;1262;59517280
VSMO;D;20221110;000000;45760;53880;43220;49800;5338;265419300
VSMO;D;20221111;000000;51680;53200;50500;51100;1809;93994200
VSMO;D;20221114;000000;52620;52620;51000;51480;558;28764300
VSMO;D;20221115;000000;51780;51780;49700;50720;580;29377660
VSMO;D;20221116;000000;50000;51480;48720;50800;466;23596280
VSMO;D;20221117;000000;50540;50860;49600;49780;467;23375480
VSMO;D;20221118;000000;49960;50180;49600;50060;369;18433940
VSMO;D;20221121;000000;50060;50080;49020;49440;383;19052420
VSMO;D;20221122;000000;49100;50040;48400;49780;1115;55432480
VSMO;D;20221123;000000;50000;50000;49120;49300;773;38217900
VSMO;D;20221124;000000;49300;49900;47940;48340;984;48298860
VSMO;D;20221125;000000;48400;49960;48000;48980;749;36704520
VSMO;D;20221128;000000;48980;49280;48000;48640;907;44094000
VSMO;D;20221129;000000;48940;48960;48340;48340;192;9327400
VSMO;D;20221130;000000;48340;49960;47300;48240;427;20763840
VSMO;D;20221201;000000;48660;48660;48200;48300;153;7400780
VSMO;D;20221202;000000;47920;48980;46040;47420;1672;79391760
VSMO;D;20221205;000000;48100;48100;46820;46820;470;22154300
VSMO;D;20221206;000000;46860;50100;46560;49340;1949;94898560
VSMO;D;20221207;000000;48760;49480;48500;48520;272;13269180
VSMO;D;20221208;000000;48080;49480;48020;48580;410;20030200
VSMO;D;20221209;000000;48920;49340;48500;48660;209;10207420
VSMO;D;20221212;000000;48520;49280;48500;48660;171;8336020
VSMO;D;20221213;000000;48540;48780;48120;48300;109;5275720
VSMO;D;20221214;000000;48400;48420;48000;48100;169;8140720
VSMO;D;20221215;000000;47580;48120;46880;47520;291;13836000
VSMO;D;20221216;000000;47200;49080;47100;48240;510;24655780
VSMO;D;20221219;000000;48240;49180;47840;48540;422;20568840
VSMO;D;20221220;000000;48720;49000;48180;48620;285;13878260
VSMO;D;20221221;000000;48900;48940;48400;48420;115;5590540
VSMO;D;20221222;000000;48420;48440;48000;48200;230;11094100
VSMO;D;20221223;000000;48160;48460;47820;48460;336;16172360
VSMO;D;20221226;000000;48640;48900;47780;48020;303;14662400
VSMO;D;20221227;000000;48000;48320;47360;47420;246;11761660
VSMO;D;20221228;000000;47300;48700;47300;47780;563;27058040
VSMO;D;20221229;000000;48040;48500;47620;48100;188;9052540
VSMO;D;20221230;000000;48160;48420;48000;48040;112;5395300
VSMO;D;20230104;000000;48380;48820;48200;48240;119;5775900
VSMO;D;20230105;000000;48240;48800;48240;48800;141;6852160
VSMO;D;20230106;000000;48880;48880;48340;48500;58;2817520
VSMO;D;20230109;000000;49000;49900;48380;49160;299;14733120
VSMO;D;20230110;000000;49340;49340;48900;48980;123;6046120
VSMO;D;20230111;000000;49080;49160;49000;49100;83;4072720
VSMO;D;20230112;000000;49020;51000;49020;50220;440;22023580
VSMO;D;20230113;000000;50420;52900;50180;51000;983;50593400
VSMO;D;20230116;000000;51060;52780;51060;51700;583;30335100
VSMO;D;20230117;000000;52040;52100;50880;50900;412;21189200
VSMO;D;20230118;000000;50700;51160;50060;51160;126;6400380
VSMO;D;20230119;000000;51460;51460;50000;50400;169;8530540
VSMO;D;20230120;000000;49720;50340;49120;49700;232;11556400
VSMO;D;20230123;000000;49940;50480;49720;50080;194;9720100
VSMO;D;20230124;000000;50080;50700;49320;49980;194;9723720
VSMO;D;20230125;000000;49340;50040;49340;49760;157;7817420
VSMO;D;20230126;000000;49940;50260;49700;49960;159;7942660
VSMO;D;20230127;000000;50220;50700;48460;49300;551;27422860
VSMO;D;20230130;000000;49600;49880;49400;49400;159;7877900
VSMO;D;20230131;000000;49680;50160;49140;49720;218;10841680
VSMO;D;20230201;000000;49940;50180;49740;50060;208;10409620
VSMO;D;20230202;000000;50300;50500;49580;49980;127;6352180
VSMO;D;20230203;000000;49960;49980;48380;49520;201;9909360
VSMO;D;20230206;000000;49240;49840;49120;49600;171;8472220
VSMO;D;20230207;000000;49740;49740;49200;49460;151;7454320
VSMO;D;20230208;000000;49300;49480;49240;49240;114;5624980
VSMO;D;20230209;000000;49400;49500;49140;49340;194;9566100
VSMO;D;20230210;000000;49360;49400;49140;49180;106;5222120
VSMO;D;20230213;000000;49340;49380;49100;49120;83;4087840
VSMO;D;20230214;000000;49120;49120;48400;48720;245;11948780
VSMO;D;20230215;000000;48700;49000;48020;48940;283;13767900
VSMO;D;20230216;000000;48860;48900;48300;48300;162;7873460
VSMO;D;20230217;000000;48380;48600;48280;48380;81;3919640
VSMO;D;20230220;000000;48520;48520;47800;48100;133;6388720
VSMO;D;20230221;000000;48080;48700;48060;48320;207;10018760
VSMO;D;20230222;000000;48480;48480;47980;47980;78;3753200
VSMO;D;20230224;000000;47980;48080;47800;47800;75;3592180
VSMO;D;20230227;000000;47780;48400;47780;48120;175;8426840
VSMO;D;20230228;000000;48620;48620;47740;48080;226;10841960
VSMO;D;20230301;000000;47960;48100;47500;47820;277;13269580
VSMO;D;20230302;000000;48040;48040;47440;47540;277;13196340
VSMO;D;20230303;000000;47540;47800;47220;47740;160;7609960
VSMO;D;20230306;000000;47880;48080;47820;47920;141;6759520
VSMO;D;20230307;000000;47900;48240;47360;47780;225;10728520
VSMO;D;20230309;000000;48180;48180;47400;47500;173;8234460
VSMO;D;20230310;000000;47560;47740;47400;47440;214;10167300
VSMO;D;20230313;000000;47440;47880;47160;47600;421;20008120
VSMO;D;20230314;000000;47420;47680;47120;47160;407;19249900
VSMO;D;20230315;000000;47180;47280;46800;46860;262;12318300
VSMO;D;20230316;000000;46800;46800;45000;46180;1075;49553640
VSMO;D;20230317;000000;46180;46240;45500;45980;458;21037140
VSMO;D;20230320;000000;45960;46900;45700;46220;743;34394500
VSMO;D;20230321;000000;46260;47360;46260;46800;814;38148940
VSMO;D;20230322;000000;46820;46820;45940;46600;299;13895340
VSMO;D;20230323;000000;46020;46960;46020;46500;289;13491960
VSMO;D;20230324;000000;46440;46880;46440;46680;147;6860740
VSMO;D;20230327;000000;46840;47300;46680;47040;351;16468840
VSMO;D;20230328;000000;47180;47180;46300;46500;311;14510740
VSMO;D;20230329;000000;46560;46880;46420;46580;247;11518140
VSMO;D;20230330;000000;46580;47700;46300;47020;844;39727240
VSMO;D;20230331;000000;47500;47500;46440;46560;386;18056000
VSMO;D;20230403;000000;47080;47080;46080;46280;509;23634720
VSMO;D;20230404;000000;46220;46940;46160;46280;514;23903920
VSMO;D;20230405;000000;46640;46640;46000;46360;203;9392240
VSMO;D;20230406;000000;46420;47060;46380;46620;451;21083220
VSMO;D;20230407;000000;46700;47940;46700;46980;1259;59580580
VSMO;D;20230410;000000;47400;47400;46800;46980;327;15411620
VSMO;D;20230411;000000;47060;47340;46340;46820;728;34169300
VSMO;D;20230412;000000;47140;65580;46360;64000;61303;3679490440
VSMO;D;20230413;000000;62340;64000;53700;53980;23631;1355715220
VSMO;D;20230414;000000;53860;56400;52140;52900;9197;497623740
VSMO;D;20230417;000000;53360;55800;53220;54060;5698;309243040
VSMO;D;20230418;000000;54300;54560;52940;53120;1937;103529000
VSMO;D;20230419;000000;53500;54200;52000;52640;1954;103602000
VSMO;D;20230420;000000;52860;52980;51200;51920;1181;61476240
VSMO;D;20230421;000000;51920;52900;50900;52020;1351;69957400
VSMO;D;20230424;000000;52200;54900;52200;52660;5758;309303280
VSMO;D;20230425;000000;53180;53180;52000;52160;1173;61563420
VSMO;D;20230426;000000;51900;52200;51620;51820;564;29283760
VSMO;D;20230427;000000;51780;54000;51400;52660;3905;207090880
VSMO;D;20230428;000000;52740;55600;52660;52820;6417;347685240
VSMO;D;20230502;000000;53200;54420;48200;50120;2777;143241520
VSMO;D;20230503;000000;50000;51580;48800;49620;1493;74671320
VSMO;D;20230504;000000;50080;50440;48940;49800;648;32276920
VSMO;D;20230505;000000;50000;52580;49820;50700;1903;97817960
VSMO;D;20230508;000000;50740;52200;50740;51160;430;22136940
VSMO;D;20230510;000000;50620;51760;50620;51340;887;45456160
VSMO;D;20230511;000000;51720;52460;51020;51900;862;44670100
VSMO;D;20230512;000000;51900;51900;51000;51180;398;20410220
VSMO;D;20230515;000000;51200;51600;50000;50580;840;42708020
VSMO;D;20230516;000000;51100;51120;50440;50660;480;24370460
VSMO;D;20230517;000000;50620;50620;50080;50300;356;17904720
VSMO;D;20230518;000000;50240;50580;50040;50160;278;13990500
VSMO;D;20230519;000000;50120;50120;48300;49120;641;31600860
VSMO;D;20230522;000000;49420;51300;49360;50200;1392;70023080
VSMO;D;20230523;000000;51000;51000;49540;49820;605;30254620
VSMO;D;20230524;000000;49960;50040;49620;49700;219;10900040
VSMO;D;20230525;000000;49900;49940;49000;49000;375;18504360
VSMO;D;20230526;000000;49000;49800;49000;49100;686;33878480
VSMO;D;20230529;000000;49760;49760;49120;49220;480;23684700
VSMO;D;20230530;000000;49380;49700;48660;49440;748;36874600
VSMO;D;20230531;000000;49860;49860;49080;49680;439;21706480
VSMO;D;20230601;000000;49980;50060;49160;49160;336;16657660
VSMO;D;20230602;000000;49140;49660;49000;49320;358;17659280
VSMO;D;20230605;000000;49700;49700;49020;49040;311;15314620
VSMO;D;20230606;000000;49100;49100;48200;48640;684;33138480
VSMO;D;20230607;000000;48660;49020;48320;48440;368;17879520
VSMO;D;20230608;000000;48340;48600;48320;48400;211;10220840
VSMO;D;20230609;000000;48400;49080;48300;48560;350;17053400
VSMO;D;20230613;000000;48620;49000;48600;48900;285;13921920
VSMO;D;20230614;000000;50160;51160;49060;49960;1279;63917100
VSMO;D;20230615;000000;50020;50180;49000;49500;327;16218060
VSMO;D;20230616;000000;49660;49700;49000;49440;415;20488600
VSMO;D;20230619;000000;49840;49840;48800;49040;397;19513120
VSMO;D;20230620;000000;49120;50800;49040;49440;914;45383520
VSMO;D;20230621;000000;49480;50300;49360;49560;600;29880840
VSMO;D;20230622;000000;49840;50500;49420;50080;517;25782740
VSMO;D;20230623;000000;50080;50220;49140;49380;346;17126000
VSMO;D;20230626;000000;49300;49500;48920;49040;401;19719860
VSMO;D;20230627;000000;49300;49500;49120;49220;279;13743180
VSMO;D;20230628;000000;49460;49460;49060;49200;215;10578680
VSMO;D;20230629;000000;49200;51360;49000;49100;3222;161263920
VSMO;D;20230630;000000;49420;50020;49020;49020;1014;50045860
VSMO;D;20230703;000000;49020;49200;48940;49000;383;18779480
VSMO;D;20230704;000000;49000;49080;48360;48800;382;18621540
VSMO;D;20230705;000000;48800;49500;48680;49100;625;30701460
VSMO;D;20230706;000000;49280;49800;48920;49040;401;19740500
VSMO;D;20230707;000000;49020;49100;48900;48940;115;5631980
VSMO;D;20230710;000000;49060;49280;48920;49120;284;13943020
VSMO;D;20230711;000000;49120;49240;49000;49100;337;16549280
VSMO;D;20230712;000000;49220;49900;49000;49240;821;40585740
VSMO;D;20230713;000000;49360;49540;49100;49200;310;15276600
VSMO;D;20230714;000000;49220;49380;49100;49220;287;14139700
VSMO;D;20230717;000000;49080;49360;49020;49080;308;15149540
VSMO;D;20230718;000000;49080;49320;49040;49220;390;19195200
VSMO;D;20230719;000000;49260;49500;49100;49380;483;23838820
VSMO;D;20230720;000000;49760;49760;47000;48940;1532;75043600
VSMO;D;20230721;000000;48940;49260;48780;49200;334;16373820
VSMO;D;20230724;000000;49000;49200;49000;49140;282;13857020
VSMO;D;20230725;000000;49040;49320;49020;49240;363;17862620
VSMO;D;20230726;000000;49280;49320;49160;49180;255;12558240
VSMO;D;20230727;000000;50820;51540;49440;51400;6539;331150220
VSMO;D;20230728;000000;51620;51820;50120;50580;2057;104686860
VSMO;D;20230731;000000;50860;51000;50020;50480;1194;60167700
VSMO;D;20230801;000000;50500;50820;50100;50180;801;40306080
VSMO;D;20230802;000000;50240;52360;50040;50740;4039;206828720
VSMO;D;20230803;000000;50760;54080;50700;52640;6133;323239780
VSMO;D;20230804;000000;52820;55960;51000;51280;7040;377423840
VSMO;D;20230807;000000;52280;52800;51360;51380;1254;65323080
VSMO;D;20230808;000000;51300;51700;50060;50820;1207;61202280
VSMO;D;20230809;000000;50820;52720;50820;51340;902;46709380
VSMO;D;20230810;000000;51420;53400;51420;52340;1175;61698000
VSMO;D;20230811;000000;52660;53860;52440;52740;1596;84690560
VSMO;D;20230814;000000;53400;53700;51140;52080;1783;94247840
VSMO;D;20230815;000000;52000;52960;50880;52120;1602;83167820
VSMO;D;20230816;000000;52100;54460;51120;51880;5191;275619000
VSMO;D;20230817;000000;52560;52560;51240;51760;938;48598860
VSMO;D;20230818;000000;52000;52880;51720;51860;1088;56719860
VSMO;D;20230821;000000;52200;52640;51860;52440;821;42959020
VSMO;D;20230822;000000;52620;52740;52140;52480;601;31529560
VSMO;D;20230823;000000;52440;52620;51380;51800;665;34602180
VSMO;D;20230824;000000;51720;51820;51160;51580;461;23716700
VSMO;D;20230825;000000;51320;51780;51320;51420;474;24426700
VSMO;D;20230828;000000;51580;52800;51420;52420;1643;85713180
VSMO;D;20230829;000000;52640;52780;51520;51840;1475;76835560
VSMO;D;20230830;000000;52180;52180;51720;51980;613;31834000
VSMO;D;20230831;000000;52380;52600;51980;52080;1058;55297840
VSMO;D;20230901;000000;52320;52360;51840;52140;620;32321220
VSMO;D;20230904;000000;52440;54880;52400;52880;2948;156874180
VSMO;D;20230905;000000;53000;53880;52180;52800;1509;79524060
VSMO;D;20230906;000000;52800;54380;52000;53220;1813;96134320
VSMO;D;20230907;000000;53260;56600;52200;53120;9912;540377660
VSMO;D;20230908;000000;52940;53480;51440;52040;1607;83869860
VSMO;D;20230911;000000;52400;52660;51460;51880;732;38025880
VSMO;D;20230912;000000;51860;52680;51860;52500;999;52250340
VSMO;D;20230913;000000;52540;53900;52460;52840;2740;145267320
VSMO;D;20230914;000000;53480;53700;49480;51120;2342;119431140
VSMO;D;20230915;000000;51260;51900;50520;51440;504;25770620
VSMO;D;20230918;000000;52020;52100;50700;50900;667;34250860
VSMO;D;20230919;000000;50900;51080;49800;50000;545;27409320
VSMO;D;20230920;000000;50000;50300;48520;49900;811;40116980
VSMO;D;20230921;000000;49880;50020;49440;49600;364;18119060
VSMO;D;20230922;000000;48600;49760;48560;48680;989;48404440
VSMO;D;20230925;000000;48680;48960;47040;47080;2605;124734340
VSMO;D;20230926;000000;47020;47060;45000;45100;2661;122116360
VSMO;D;20230927;000000;45260;47300;44800;45160;4054;186665360
VSMO;D;20230928;000000;45220;47240;44860;45100;8089;371033880
VSMO;D;20230929;000000;45500;45500;43200;43260;6530;288619080
VSMO;D;20231002;000000;43460;43820;42040;42320;4046;172787840
VSMO;D;20231003;000000;42500;42580;40760;41080;2739;113689800
VSMO;D;20231004;000000;41160;43840;40880;43680;4483;191238260
VSMO;D;20231005;000000;43040;43560;42340;42600;1921;82288820
VSMO;D;20231006;000000;43100;43200;42500;42600;684;29244620
VSMO;D;20231009;000000;42760;43360;42320;42660;849;36258900
VSMO;D;20231010;000000;42500;42640;42020;42480;896;37971380
VSMO;D;20231011;000000;42680;42700;42140;42300;644;27358560
VSMO;D;20231012;000000;42000;42060;41020;41620;867;36155440
VSMO;D;20231013;000000;41640;41900;41620;41800;539;22511440
VSMO;D;20231016;000000;42140;42600;41880;42260;967;40893280
VSMO;D;20231017;000000;42480;42520;41860;42160;657;27711580
VSMO;D;20231018;000000;42280;42340;41960;42160;484;20384400
VSMO;D;20231019;000000;42160;42580;41920;42460;1434;60611520
VSMO;D;20231020;000000;42460;42560;42000;42220;439;18548940
VSMO;D;20231023;000000;42300;42420;41820;41960;581;24414340
VSMO;D;20231024;000000;42100;42180;41900;42000;384;16138300
VSMO;D;20231025;000000;42000;42260;42000;42020;310;13039060
VSMO;D;20231026;000000;41920;42300;41080;41440;679;28403300
VSMO;D;20231027;000000;41660;41700;41000;41200;660;27240160
VSMO;D;20231030;000000;41300;41440;40600;40680;690;28250400
VSMO;D;20231031;000000;40600;40660;39880;40200;1254;50338120
VSMO;D;20231101;000000;40200;40800;39060;39100;1887;75034240
VSMO;D;20231102;000000;39100;41240;39000;40220;3559;143558920
VSMO;D;20231103;000000;40460;40580;39600;39980;520;20814280
VSMO;D;20231106;000000;40160;40300;39940;40160;318;12740080
VSMO;D;20231107;000000;40160;40220;40000;40060;324;12980060
VSMO;D;20231108;000000;40000;40180;39740;39880;381;15238600
VSMO;D;20231109;000000;39880;39920;39600;39740;368;14614460
VSMO;D;20231110;000000;39760;39960;38060;38420;1221;47593640
VSMO;D;20231113;000000;38600;39060;38520;38880;789;30570220
VSMO;D;20231114;000000;38900;39000;35600;36620;2654;97890180
VSMO;D;20231115;000000;36740;38160;36000;37920;1250;46487680
VSMO;D;20231116;000000;37920;41200;37920;39020;2759;110371480
VSMO;D;20231117;000000;39460;39460;38200;38680;522;20218440
VSMO;D;20231120;000000;38740;39200;38220;38340;357;13798720
VSMO;D;20231121;000000;38880;38880;37500;37500;749;28243540
VSMO;D;20231122;000000;37740;38100;36920;37020;1042;38829920
VSMO;D;20231123;000000;37100;37100;36000;36000;1502;54449960
VSMO;D;20231124;000000;36540;36540;35100;35500;990;35274960
VSMO;D;20231127;000000;35580;35580;33640;33640;2600;88877240
VSMO;D;20231128;000000;33640;35700;33040;35460;1612;56063200
VSMO;D;20231129;000000;35720;36460;34060;34060;1536;53697000
VSMO;D;20231130;000000;34560;34660;33940;34100;726;24797320
VSMO;D;20231201;000000;34340;34340;32740;32820;1659;55294440
VSMO;D;20231204;000000;32780;34260;31860;33020;1526;50171040
VSMO;D;20231205;000000;33380;33380;31380;32000;1841;58911380
VSMO;D;20231206;000000;32000;32280;30120;30340;3832;117284900
VSMO;D;20231207;000000;30340;30780;29520;30500;1534;46042880
VSMO;D;20231208;000000;31840;31840;30440;30800;575;17746920
VSMO;D;20231211;000000;30820;30860;29740;30000;797;24014400
VSMO;D;20231212;000000;30040;30120;28880;29120;1805;53029800
VSMO;D;20231213;000000;29000;29200;27980;28300;3153;89796540
VSMO;D;20231214;000000;28560;28980;28000;28560;1491;42570100
VSMO;D;20231215;000000;28240;28880;27820;28560;2664;75755080
VSMO;D;20231218;000000;28980;29960;28740;29260;2976;87559780
VSMO;D;20231219;000000;29340;31960;29260;31900;13286;409014100
VSMO;D;20231220;000000;32000;36880;31500;35860;27899;977213180
VSMO;D;20231221;000000;36500;37480;33500;34340;11352;401589460
VSMO;D;20231222;000000;34980;35960;34260;34360;6260;219740160
VSMO;D;20231225;000000;35360;35800;34000;34300;2940;102483800
VSMO;D;20231226;000000;34600;34600;33140;33600;2453;82833720
VSMO;D;20231227;000000;34060;34180;33060;33460;2115;71049660
VSMO;D;20231228;000000;33580;33640;33020;33040;1550;51503000
VSMO;D;20231229;000000;33060;33700;32520;33000;1606;52993840
VSMO;D;20240103;000000;33200;34480;33000;33940;1762;59707760
VSMO;D;20240104;000000;33980;37300;33900;36960;15081;544489800
VSMO;D;20240105;000000;37000;37440;35700;36600;5315;194319020
VSMO;D;20240108;000000;37000;37000;36580;36700;1968;72282100
VSMO;D;20240109;000000;37120;39860;35840;39580;15117;587713740
VSMO;D;20240110;000000;39560;43820;38280;41700;24105;1011977900
VSMO;D;20240111;000000;41700;42880;40820;41740;4181;175333300
VSMO;D;20240112;000000;41820;41820;40060;40700;2561;104966020
VSMO;D;20240115;000000;40880;42000;40540;41060;1921;79492780
VSMO;D;20240116;000000;41260;41840;40580;40660;1367;56025660
VSMO;D;20240117;000000;40460;40940;40140;40160;1306;52883980
VSMO;D;20240118;000000;40300;40560;39240;39440;2559;101567600
VSMO;D;20240119;000000;39440;39640;38800;39540;1828;71477260
VSMO;D;20240122;000000;39700;41500;39640;41260;3933;161125620
VSMO;D;20240123;000000;41560;42120;40260;40740;2569;105748520
VSMO;D;20240124;000000;40620;40920;39720;39960;991;40051980
VSMO;D;20240125;000000;39660;40860;39560;39820;1513;60759140
VSMO;D;20240126;000000;40500;40820;39860;39880;981;39462020
VSMO;D;20240129;000000;39920;40260;39840;40120;605;24265540
VSMO;D;20240130;000000;40120;41480;40120;41480;3879;158583820
VSMO;D;20240131;000000;41480;42060;40580;41820;3389;140805560
VSMO;D;20240201;000000;41820;41820;40540;40860;1166;47926400
VSMO;D;20240202;000000;40820;41580;40620;40960;1238;50903280
VSMO;D;20240205;000000;40960;41220;40700;40860;735;30075020
VSMO;D;20240206;000000;40960;40960;40340;40520;724;29384920
VSMO;D;20240207;000000;40580;40700;40120;40220;702;28299980
VSMO;D;20240208;000000;40380;41920;40240;40580;3235;132734480
VSMO;D;20240209;000000;41060;41060;40180;40200;1090;44156420
VSMO;D;20240212;000000;40260;40480;39680;40040;967;38591560
VSMO;D;20240213;000000;40020;40820;39860;40100;1250;50350660
VSMO;D;20240214;000000;40220;40560;40040;40280;522;20985860
VSMO;D;20240215;000000;40280;40300;39600;39900;1228;49016560
VSMO;D;20240216;000000;40100;40140;38940;39240;855;33891300
VSMO;D;20240219;000000;39260;39700;38820;39340;923;36231120
VSMO;D;20240220;000000;39340;39340;38020;38220;1708;65867240
VSMO;D;20240221;000000;38200;38580;36400;36840;2215;82535680
VSMO;D;20240222;000000;36840;37460;36720;37020;886;32896320
VSMO;D;20240226;000000;37020;38840;37020;38400;1001;38261480
VSMO;D;20240227;000000;38800;38800;37820;38000;574;21978140
VSMO;D;20240228;000000;37640;38200;37020;37540;912;34205320
VSMO;D;20240229;000000;37320;38300;37320;38120;750;28441580
VSMO;D;20240301;000000;38260;38400;37800;37960;543;20692540
VSMO;D;20240304;000000;37900;38180;37460;37460;690;26120960
VSMO;D;20240305;000000;37800;38700;37680;38340;1988;76351580
VSMO;D;20240306;000000;38780;38780;37880;37980;612;23349760
VSMO;D;20240307;000000;38380;38380;38020;38180;371;14154240
VSMO;D;20240311;000000;38580;38580;38160;38160;519;19885900
VSMO;D;20240312;000000;38320;38380;37820;37920;365;13903600
VSMO;D;20240313;000000;38140;38140;37620;37620;516;19535580
VSMO;D;20240314;000000;37640;37700;37040;37100;684;25483840
VSMO;D;20240315;000000;37020;37460;36840;37280;657;24450880
VSMO;D;20240318;000000;37320;37440;36920;37060;415;15434520
VSMO;D;20240319;000000;37060;37100;36420;36760;801;29457960
VSMO;D;20240320;000000;36780;36780;36420;36440;338;12364760
VSMO;D;20240321;000000;36400;37440;36400;37400;832;30663880
VSMO;D;20240322;000000;37800;37940;36820;36900;1411;52864680
VSMO;D;20240325;000000;36860;37200;36760;37060;607;22430620
VSMO;D;20240326;000000;37580;37580;36880;37100;366;13582500
VSMO;D;20240327;000000;37080;37100;36680;36940;347;12793660
VSMO;D;20240328;000000;36760;36920;36620;36700;316;11613020
VSMO;D;20240329;000000;36760;36760;36100;36460;1348;48919980
VSMO;D;20240401;000000;36580;37880;36040;37540;2743;101565840
VSMO;D;20240402;000000;37700;39880;37580;39500;6808;264838380
VSMO;D;20240403;000000;39680;39680;38580;38780;1499;58387700
VSMO;D;20240404;000000;39280;39280;38420;38700;1255;48546600
VSMO;D;20240405;000000;38700;42840;38420;42280;39140;1618042740
VSMO;D;20240408;000000;42480;44840;42320;42960;24932;1089884960
VSMO;D;20240409;000000;42960;43960;40380;41480;12549;528514680
VSMO;D;20240410;000000;41600;42480;40800;42120;7476;311107740
VSMO;D;20240411;000000;42360;42540;40800;41480;5667;235268480
VSMO;D;20240412;000000;41640;41640;40000;40200;3319;134956120
VSMO;D;20240415;000000;40060;40460;39200;39840;2002;79872740
VSMO;D;20240416;000000;39860;40000;39220;39640;1298;51266340
VSMO;D;20240417;000000;39700;41000;39280;40820;4330;174652720
VSMO;D;20240418;000000;41180;41580;40280;40340;2460;100508120
VSMO;D;20240419;000000;40360;40520;39460;39760;2079;83000220
VSMO;D;20240422;000000;39760;40120;38880;39260;3795;149632140
VSMO;D;20240423;000000;39300;39500;39000;39000;2775;108850340
VSMO;D;20240424;000000;40100;41840;39820;41280;11012;450108440
VSMO;D;20240425;000000;41280;41340;40480;40500;5337;217525700
VSMO;D;20240426;000000;40960;40980;40080;40280;3622;146569180
VSMO;D;20240427;000000;40480;40500;39440;39820;2530;101121820
VSMO;D;20240429;000000;40180;40360;39480;39660;2199;87373400
VSMO;D;20240430;000000;39760;39880;39340;39680;2297;91063380
VSMO;D;20240502;000000;39780;40700;39780;40100;4942;199342020
VSMO;D;20240503;000000;40300;40380;39760;39800;3193;127472420
VSMO;D;20240506;000000;40240;40320;39560;39560;3159;125503240
VSMO;D;20240507;000000;39680;39980;39540;39760;713;28313120
VSMO;D;20240508;000000;39940;39940;39400;39480;528;20927480
VSMO;D;20240510;000000;39500;39660;39380;39420;366;14438260
VSMO;D;20240513;000000;39420;39880;39340;39520;768;30331320
VSMO;D;20240514;000000;39720;39720;39340;39460;699;27570040
VSMO;D;20240515;000000;39480;39640;39320;39440;594;23435840
VSMO;D;20240516;000000;39500;39560;39260;39380;385;15154900
VSMO;D;20240517;000000;39380;39400;38940;38980;796;31167080
VSMO;D;20240520;000000;39000;39280;37860;38320;1897;73329840
VSMO;D;20240521;000000;38440;38480;37320;37740;942;35716940
VSMO;D;20240522;000000;37700;38420;37640;37660;1228;46686480
VSMO;D;20240523;000000;37880;38140;37340;37520;965;36437980
VSMO;D;20240524;000000;37820;37820;36500;36940;1088;40383200
VSMO;D;20240527;000000;36960;37120;34020;34540;3101;109618080
VSMO;D;20240528;000000;34560;35420;34220;35380;1698;59556300
VSMO;D;20240529;000000;35440;35600;34800;35260;982;34486840
VSMO;D;20240530;000000;35460;39520;35160;35700;7483;278205360
VSMO;D;20240531;000000;35700;37340;34900;34980;3334;120812460
VSMO;D;20240603;000000;34900;35520;32800;34220;2244;76404480
VSMO;D;20240604;000000;34460;34980;34080;34900;925;32028700
VSMO;D;20240605;000000;35180;35480;34960;35120;821;28960960
VSMO;D;20240606;000000;35060;35220;34120;34700;421;14652000
VSMO;D;20240607;000000;34380;35240;33820;35040;970;33688840
VSMO;D;20240610;000000;35440;35520;34600;34600;716;25219000
VSMO;D;20240611;000000;34840;35380;34600;35120;797;27908720
VSMO;D;20240613;000000;34300;35700;32140;35080;1376;48015280
VSMO;D;20240614;000000;35000;35360;33540;34880;621;21569880
VSMO;D;20240617;000000;35000;35080;34340;34420;478;16636220
VSMO;D;20240618;000000;34500;34500;33280;33600;1083;36612200
VSMO;D;20240619;000000;34000;34000;32000;33000;873;28772020
VSMO;D;20240620;000000;33140;33900;32500;33780;1007;33568900
VSMO;D;20240621;000000;33880;34100;33120;33680;492;16450860
VSMO;D;20240624;000000;33500;33500;32920;33200;332;11011820
VSMO;D;20240625;000000;33040;33880;32560;33580;1095;36369760
VSMO;D;20240626;000000;33600;33760;33360;33500;275;9225160
VSMO;D;20240627;000000;33700;34080;33120;33180;576;19260680
VSMO;D;20240628;000000;33240;33480;33220;33360;239;7965280
VSMO;D;20240701;000000;33400;33640;33260;33640;773;25867440
VSMO;D;20240702;000000;33800;33960;33560;33620;400;13503560
VSMO;D;20240703;000000;33860;33880;33120;33180;283;9460700
VSMO;D;20240704;000000;33300;33420;32640;32700;545;17987920
VSMO;D;20240705;000000;32640;33200;32540;32940;289;9506280
VSMO;D;20240708;000000;32980;33300;32540;32540;267;8790480
VSMO;D;20240709;000000;32740;32760;30380;30600;1281;40237760
VSMO;D;20240710;000000;31080;31080;28900;29020;1836;54288460
VSMO;D;20240711;000000;29020;30580;28820;30540;1329;39831040
VSMO;D;20240712;000000;30600;30600;29800;30000;716;21517940
VSMO;D;20240715;000000;30000;30280;29100;29300;968;28643680
VSMO;D;20240716;000000;29320;29800;28920;29680;1359;40064120
VSMO;D;20240717;000000;30000;30160;29640;29820;771;23026000
VSMO;D;20240718;000000;29820;31860;29420;30440;3325;101746600
VSMO;D;20240719;000000;30560;30700;30100;30640;804;24498960
VSMO;D;20240722;000000;30800;30880;30300;30760;725;22165440
VSMO;D;20240723;000000;30540;30800;30220;30780;1041;31767200
VSMO;D;20240724;000000;30600;30920;30400;30880;769;23621840
VSMO;D;20240725;000000;30880;30900;30220;30380;531;16209200
VSMO;D;20240726;000000;30480;30760;29500;29860;1152;34689780
VSMO;D;20240729;000000;29840;29840;29220;29320;584;17168260
VSMO;D;20240730;000000;29200;29620;29200;29540;432;12705080
VSMO;D;20240731;000000;29560;29620;29060;29500;381;11183240
VSMO;D;20240801;000000;29600;30040;29020;29040;1039;30685920
VSMO;D;20240802;000000;29180;29680;29120;29240;669;19610080
VSMO;D;20240805;000000;29060;29200;27880;27940;1887;53756420
VSMO;D;20240806;000000;28420;28700;28000;28100;614;17350540
VSMO;D;20240807;000000;28140;28600;27940;28380;768;21712880
VSMO;D;20240808;000000;28580;28820;28320;28420;582;16635280
VSMO;D;20240809;000000;28600;28620;28320;28400;263;7489660
VSMO;D;20240812;000000;28420;28620;28120;28480;463;13143480
VSMO;D;20240813;000000;28480;29340;28480;29140;1202;34848960
VSMO;D;20240814;000000;29240;29460;28560;28960;836;24321060
VSMO;D;20240815;000000;29100;29420;28500;29200;1315;38181200
VSMO;D;20240816;000000;29080;29600;28800;28880;846;24701140
VSMO;D;20240819;000000;29200;29520;28860;28940;875;25564420
VSMO;D;20240820;000000;29020;29020;28300;28440;538;15452020
VSMO;D;20240821;000000;28340;28680;28100;28260;529;14953860
VSMO;D;20240822;000000;28300;28520;27620;28000;896;25097120
VSMO;D;20240823;000000;27940;27940;26480;27080;1809;49017400
VSMO;D;20240826;000000;27120;27780;27120;27500;508;13989540
VSMO;D;20240827;000000;27540;27740;26840;27060;458;12462400
VSMO;D;20240828;000000;26840;26980;26320;26920;678;18084420
VSMO;D;20240829;000000;27000;27380;26780;26960;639;17259080
VSMO;D;20240830;000000;26920;27180;26380;26400;793;21271240
VSMO;D;20240902;000000;26400;26920;24480;24500;1528;38849100
VSMO;D;20240903;000000;24520;25240;24460;24720;1032;25621640
VSMO;D;20240904;000000;24700;25500;24500;25360;910;22857600
VSMO;D;20240905;000000;25720;26140;25360;25440;707;18204240
VSMO;D;20240906;000000;25440;25500;25020;25420;427;10788560
VSMO;D;20240909;000000;25520;26600;25440;26200;2579;67324480
VSMO;D;20240910;000000;26420;26420;25800;26080;889;23139520
VSMO;D;20240911;000000;25960;26080;25360;25580;941;24151780
VSMO;D;20240912;000000;25580;25580;25000;25220;537;13502440
VSMO;D;20240913;000000;25220;25780;24760;25740;837;21178920
VSMO;D;20240916;000000;25840;26180;25560;26000;1147;29752300
VSMO;D;20240917;000000;26120;26440;25580;26440;1367;35614240
VSMO;D;20240918;000000;26600;26600;26080;26120;726;19122620
VSMO;D;20240919;000000;26380;26420;26120;26160;569;14950820
VSMO;D;20240920;000000;26240;27820;26220;27020;3976;108203420
VSMO;D;20240923;000000;27300;28680;27060;28380;4437;122821000
VSMO;D;20240924;000000;28560;28720;27800;27860;1555;43734720
VSMO;D;20240925;000000;27980;28240;26540;27000;2223;60751520
VSMO;D;20240926;000000;27000;27000;26280;26860;928;24728340
VSMO;D;20240927;000000;26800;27720;26400;27420;1494;40501500
VSMO;D;20240930;000000;27600;27860;26660;26920;1836;49959700
VSMO;D;20241001;000000;27240;27240;26520;26760;827;22140540
VSMO;D;20241002;000000;26800;27080;26000;26140;885;23583100
VSMO;D;20241003;000000;26240;26440;25820;26280;571;14939680
VSMO;D;20241004;000000;26240;26780;26080;26220;483;12780200
VSMO;D;20241007;000000;26360;26440;26120;26140;338;8886780
VSMO;D;20241008;000000;26380;26860;26200;26820;554;14701600
VSMO;D;20241009;000000;26740;27000;26320;26660;655;17491220
VSMO;D;20241010;000000;27160;27160;26340;26540;631;16825500
VSMO;D;20241011;000000;26440;26540;25860;26060;529;13847020
VSMO;D;20241014;000000;26080;26780;25620;26580;1114;29245120
VSMO;D;20241015;000000;26620;26720;26380;26420;643;17064900
VSMO;D;20241016;000000;26520;26520;25920;25940;645;16878580
VSMO;D;20241017;000000;26000;26120;25600;25860;482;12443320
VSMO;D;20241018;000000;25860;25880;25500;25700;528;13542420
VSMO;D;20241021;000000;25860;26620;25740;26000;1061;27703540
VSMO;D;20241022;000000;25860;26120;25600;25660;490;12661460
VSMO;D;20241023;000000;25740;25820;25260;25420;544;13889880
VSMO;D;20241024;000000;25400;25420;24960;25040;995;24957740
VSMO;D;20241025;000000;25020;25340;24260;24320;1281;31773500
VSMO;D;20241028;000000;24260;24320;22360;23080;6256;142961940
VSMO;D;20241029;000000;23240;23680;22540;23560;1329;30703480
VSMO;D;20241030;000000;23540;23720;22820;22820;807;18817780
VSMO;D;20241031;000000;22940;23240;22840;22920;642;14795980
VSMO;D;20241101;000000;23140;23300;22620;22920;583;13372920
VSMO;D;20241102;000000;23140;23200;22980;23180;248;5725620
VSMO;D;20241105;000000;23220;23640;23100;23260;742;17351720
VSMO;D;20241106;000000;23520;24100;23400;24100;1202;28627180
VSMO;D;20241107;000000;24220;24300;23500;24180;752;17969180
VSMO;D;20241108;000000;24300;24560;24100;24540;1053;25625340
VSMO;D;20241111;000000;24720;25580;24700;25040;1434;35929020
VSMO;D;20241112;000000;25200;25300;24880;24920;657;16434340
VSMO;D;20241113;000000;24880;25360;24480;24720;870;21767640
VSMO;D;20241114;000000;24740;24780;24040;24180;679;16571980
VSMO;D;20241115;000000;24220;24360;23740;24360;819;19736740
VSMO;D;20241118;000000;24000;24500;23560;24080;466;11234520
VSMO;D;20241119;000000;24340;24340;23200;23400;823;19388220
VSMO;D;20241120;000000;23520;23660;22800;22920;772;17889440
VSMO;D;20241121;000000;23140;23460;22700;23000;661;15157800
VSMO;D;20241122;000000;22860;23360;22760;22800;486;11142540
VSMO;D;20241125;000000;22900;23140;22100;22260;928;20835740
VSMO;D;20241126;000000;22320;22320;20500;21660;2540;54321280
VSMO;D;20241127;000000;21680;22320;20040;22300;2002;42004360
VSMO;D;20241128;000000;22300;22320;21740;22220;657;14541720
VSMO;D;20241129;000000;22300;22700;22040;22560;554;12472740
VSMO;D;20241202;000000;22720;22960;22620;22880;599;13648440
VSMO;D;20241203;000000;22860;22860;22100;22200;492;10995980
VSMO;D;20241204;000000;22200;22440;21220;21600;921;20163720
VSMO;D;20241205;000000;21540;22220;21200;22080;1088;23598720
VSMO;D;20241206;000000;22120;22400;21900;22100;479;10603700
VSMO;D;20241209;000000;22160;22380;22160;22340;332;7398540
VSMO;D;20241210;000000;22380;22380;21800;21860;478;10508300
VSMO;D;20241211;000000;22100;22100;21700;21860;419;9161120
VSMO;D;20241212;000000;21900;22080;21740;21820;435;9520520
VSMO;D;20241213;000000;21940;21940;21640;21740;427;9277580
VSMO;D;20241216;000000;21620;21700;20520;20960;1230;25814620
VSMO;D;20241217;000000;20880;21080;20520;20780;914;18953460
VSMO;D;20241218;000000;20820;21380;20660;21140;655;13705840
VSMO;D;20241219;000000;21120;21560;20960;21220;966;20564420
VSMO;D;20241220;000000;21040;22600;20980;22320;4260;93627280
VSMO;D;20241223;000000;22500;23140;22140;22480;1747;39422720
VSMO;D;20241224;000000;22480;22500;21880;22120;1413;31285380
VSMO;D;20241225;000000;22120;22880;21760;22740;2119;47369560
VSMO;D;20241226;000000;22740;22760;21740;22180;2008;44977380
VSMO;D;20241227;000000;22200;22500;22020;22200;1293;28808840
VSMO;D;20241228;000000;22180;22600;21980;22460;1835;40885200
VSMO;D;20241230;000000;22680;24360;22600;23920;3864;91242840
VSMO;D;20250103;000000;24000;24440;23500;23840;1425;33975180
VSMO;D;20250106;000000;23780;23780;23280;23660;946;22265740
VSMO;D;20250108;000000;23720;24560;23720;24420;1451;35115060
VSMO;D;20250109;000000;24440;24800;23500;23560;2176;51854140
VSMO;D;20250110;000000;23400;24040;23280;23820;2089;49527420
VSMO;D;20250113;000000;23960;24340;23600;23860;1707;40825820
VSMO;D;20250114;000000;23920;24200;23760;24040;799;19169060
VSMO;D;20250115;000000;24040;25800;23840;25460;8123;204014640
VSMO;D;20250116;000000;25740;29940;25600;28840;26084;742715000
VSMO;D;20250117;000000;29000;31160;28620;28960;24206;724692460
VSMO;D;20250120;000000;29760;29920;28160;28700;4672;135133640
VSMO;D;20250121;000000;28660;30300;28660;29760;9747;289312980
VSMO;D;20250122;000000;29980;29980;29240;29420;2971;87887380
VSMO;D;20250123;000000;29480;29480;28660;29120;1876;54442540
VSMO;D;20250124;000000;29120;29580;28900;29120;1564;45739260
VSMO;D;20250127;000000;29240;29240;27920;28160;1687;48150580
VSMO;D;20250128;000000;28220;28220;26920;28040;2847;78553060
VSMO;D;20250129;000000;28200;28920;27860;28300;2676;76010200
VSMO;D;20250130;000000;28360;28520;27920;28120;1060;29880180
VSMO;D;20250131;000000;28140;28220;27560;27660;1520;42386480
VSMO;D;20250203;000000;27540;28860;27120;28360;3782;106934720
VSMO;D;20250204;000000;28520;28660;28340;28440;1627;46396440
VSMO;D;20250205;000000;28280;28700;28000;28640;1278;36209240
VSMO;D;20250206;000000;28720;29500;28540;29040;1636;47613340
VSMO;D;20250207;000000;29040;29240;28140;28840;1241;35685540
VSMO;D;20250210;000000;29020;29420;28080;28620;2539;72871520
VSMO;D;20250211;000000;28660;29000;28320;28940;1342;38622840
VSMO;D;20250212;000000;29020;31000;28980;30580;4336;129847240
VSMO;D;20250213;000000;30680;31300;29700;30300;2313;70110860
VSMO;D;20250214;000000;30600;31160;29480;30160;3178;96774740
VSMO;D;20250217;000000;31020;33960;30980;33660;12893;424103460
VSMO;D;20250218;000000;33700;33860;32160;32540;4322;142982440
VSMO;D;20250219;000000;32840;35800;32840;35800;9962;344041120
VSMO;D;20250220;000000;36860;43200;36700;42020;57790;2363603160
VSMO;D;20250221;000000;42100;43400;39500;40580;20045;819222520
VSMO;D;20250224;000000;40980;42860;39500;41900;15533;637987860
VSMO;D;20250225;000000;42640;43140;41060;41120;12260;513061580
VSMO;D;20250226;000000;41380;42580;38700;39400;13468;547809020
VSMO;D;20250227;000000;39220;40680;38320;38340;6443;254931100
VSMO;D;20250228;000000;38780;39280;36400;38120;8540;321990840
VSMO;D;20250303;000000;37980;39300;36080;37780;7486;280385400
VSMO;D;20250304;000000;38640;41180;38120;40260;8556;341467980
VSMO;D;20250305;000000;40200;40660;39080;39700;3385;135526500
VSMO;D;20250306;000000;39980;40100;39180;39540;1824;72118780
VSMO;D;20250307;000000;39760;40140;38500;39120;2607;102832140
VSMO;D;20250310;000000;39220;39460;38840;38980;1005;39402360
VSMO;D;20250311;000000;38920;39340;38440;38680;1305;50721100
VSMO;D;20250312;000000;38680;38700;37020;37200;2720;102450560
VSMO;D;20250313;000000;37200;38460;36060;37800;4068;152197740
VSMO;D;20250314;000000;37960;38680;37460;38120;2796;106780420
VSMO;D;20250317;000000;38940;39880;38000;38720;5291;206656300
VSMO;D;20250318;000000;38980;40740;38000;39160;14332;571156440
VSMO;D;20250319;000000;39280;41000;38700;40340;9162;366414320
VSMO;D;20250320;000000;40360;40500;39340;39700;2183;87007500
VSMO;D;20250321;000000;39760;40360;39040;39400;2612;103314160
VSMO;D;20250324;000000;39080;39440;38340;38560;1798;69765000
VSMO;D;20250325;000000;39120;39300;37000;38360;2350;90016500
VSMO;D;20250326;000000;38560;39100;36640;37480;3480;131844960
VSMO;D;20250327;000000;37400;38000;36740;36740;2639;98679520
VSMO;D;20250328;000000;36740;36980;35180;35200;2482;89608880
VSMO;D;20250331;000000;34900;36460;33440;35540;3345;118474740
VSMO;D;20250401;000000;35440;36600;34080;34220;2767;98345860
VSMO;D;20250402;000000;34280;34760;34060;34400;1461;50248860
VSMO;D;20250403;000000;34520;35500;33520;34140;3145;108576560
VSMO;D;20250404;000000;34600;34600;30360;31240;5085;163433860
VSMO;D;20250407;000000;31260;31640;27900;29660;6857;201105380
VSMO;D;20250408;000000;30080;31460;29840;30100;3627;111620620
VSMO;D;20250409;000000;30160;31660;28460;31560;4512;137029800
VSMO;D;20250410;000000;32160;32220;31220;31400;2120;67149140
VSMO;D;20250411;000000;31960;32180;31020;31600;1809;57409680
VSMO;D;20250414;000000;32100;32560;30760;31120;1618;50992240
VSMO;D;20250415;000000;31280;31700;31060;31400;734;23015360
VSMO;D;20250416;000000;31080;32360;31080;31800;2935;93479280
VSMO;D;20250417;000000;31800;32080;31580;31900;1241;39514040
VSMO;D;20250418;000000;31800;31920;31600;31600;513;16259060
VSMO;D;20250421;000000;31940;32060;31420;31900;891;28352180
VSMO;D;20250422;000000;32000;33520;31820;32900;2981;97491520
VSMO;D;20250423;000000;32920;33080;32020;32380;1205;39068860
VSMO;D;20250424;000000;32500;33380;32300;32920;1762;57961020
VSMO;D;20250425;000000;32900;36180;32740;35220;8270;288675580
VSMO;D;20250428;000000;35220;35920;34800;35700;2434;86043860
VSMO;D;20250429;000000;35700;35700;33340;33840;3223;111474800
VSMO;D;20250430;000000;33940;34040;33040;33280;2574;86222000
VSMO;D;20250502;000000;33040;33440;31440;31440;1399;44796660
VSMO;D;20250505;000000;31880;31880;30140;30680;1321;40679660
VSMO;D;20250506;000000;30680;32160;30340;31740;1584;49823260
VSMO;D;20250507;000000;31780;32240;31300;32080;981;31227320
VSMO;D;20250508;000000;32200;33180;32160;33080;1007;32887480
VSMO;D;20250512;000000;33520;34240;33500;34180;1186;40349160
VSMO;D;20250513;000000;34240;34300;32900;33200;1395;46674120
VSMO;D;20250514;000000;33320;33360;32180;32180;893;29339060
VSMO;D;20250515;000000;32220;32580;31720;32280;917;29525160
VSMO;D;20250516;000000;32380;32500;31520;32020;868;27853440
VSMO;D;20250519;000000;32440;33880;32240;32680;2152;70952400
VSMO;D;20250520;000000;32660;33360;32420;32640;1916;63115620
VSMO;D;20250521;000000;32720;33000;32040;32160;721;23429380
VSMO;D;20250522;000000;32380;32600;31380;32060;1423;45464560
VSMO;D;20250523;000000;32000;32360;31680;31780;834;26650320
VSMO;D;20250526;000000;31740;31820;30260;30740;1116;34403040
VSMO;D;20250527;000000;30560;30900;29880;30800;910;27782600
VSMO;D;20250528;000000;30780;31500;30720;31260;1051;32813440
VSMO;D;20250529;000000;31400;31420;30640;30740;759;23582400
VSMO;D;20250530;000000;30740;31280;30660;30860;929;28735660
VSMO;D;20250602;000000;30520;31140;30240;30800;817;25132460
VSMO;D;20250603;000000;30860;31220;30680;31180;964;29874720
VSMO;D;20250604;000000;31020;31680;30520;30720;1829;57094900
VSMO;D;20250605;000000;30740;31240;30700;30980;688;21307300
VSMO;D;20250606;000000;31000;31420;30520;30540;1002;31030260
VSMO;D;20250609;000000;30680;30700;29320;29720;1793;53374480
VSMO;D;20250610;000000;29860;30120;28880;29180;1643;48143720
VSMO;D;20250611;000000;29180;29320;29000;29120;463;13516860
VSMO;D;20250613;000000;29180;29460;29060;29180;309;9034580
VSMO;D;20250616;000000;29000;29920;29000;29400;1042;30873480
VSMO;D;20250617;000000;29280;29600;29220;29460;620;18238020
VSMO;D;20250618;000000;29500;29620;29260;29360;527;15502080
VSMO;D;20250619;000000;29460;29560;29060;29180;454;13297480
VSMO;D;20250620;000000;29220;29300;28620;28640;1052;30453280
VSMO;D;20250623;000000;28860;28900;27960;28080;1167;32941680
VSMO;D;20250624;000000;28200;28280;27560;28040;834;23248720
VSMO;D;20250625;000000;28080;28700;27920;28660;664;18824300
VSMO;D;20250626;000000;28620;28780;28360;28540;487;13898400
VSMO;D;20250627;000000;28560;28860;27700;28820;2368;66964660
VSMO;D;20250630;000000;28760;29120;28600;28800;810;23374100
VSMO;D;20250701;000000;28760;29280;28640;28920;1211;35101540
VSMO;D;20250702;000000;28940;29600;28500;28620;1322;38462140
VSMO;D;20250703;000000;28680;28780;28160;28680;1331;37924700
VSMO;D;20250704;000000;28520;28520;27600;27780;1359;38186660
VSMO;D;20250707;000000;27780;27980;27180;27300;1056;28991920
VSMO;D;20250708;000000;27340;27580;25960;26480;1937;51780380
VSMO;D;20250709;000000;26560;27140;25920;26220;1164;30765040
VSMO;D;20250710;000000;26300;26800;26240;26360;543;14383680
VSMO;D;20250711;000000;26480;26500;24720;25260;2351;59839600
VSMO;D;20250714;000000;25280;26840;24260;26480;2839;72424140
VSMO;D;20250715;000000;26580;26960;26500;26700;718;19159560
VSMO;D;20250716;000000;26820;27920;26500;27900;3499;96152300
VSMO;D;20250717;000000;27880;27900;27200;27360;896;24689560
VSMO;D;20250718;000000;27360;27780;26800;27140;1829;49677400
VSMO;D;20250721;000000;27140;28940;26940;28620;4018;113984160
VSMO;D;20250722;000000;28820;29400;28000;28540;2094;59866100
VSMO;D;20250723;000000;28540;28780;28200;28340;790;22515800
VSMO;D;20250724;000000;28280;28340;27720;27860;1066;29817260
VSMO;D;20250725;000000;27860;28300;27800;28200;878;24650500
VSMO;D;20250728;000000;28200;28600;27020;27320;2106;58691980
VSMO;D;20250729;000000;27460;28360;27220;28000;1981;55477140
VSMO;D;20250730;000000;28100;28100;27500;27660;589;16313620
VSMO;D;20250731;000000;27680;27780;27140;27320;639;17521080
VSMO;D;20250801;000000;27420;27480;26980;27080;458;12453580
VSMO;D;20250804;000000;27220;27360;27000;27260;931;25345040
VSMO;D;20250805;000000;27400;28580;27400;27820;2156;60235900
VSMO;D;20250806;000000;27960;28980;27440;28560;3405;96147060
VSMO;D;20250807;000000;28680;31700;28440;30080;13605;411908760
VSMO;D;20250808;000000;30140;31700;29240;31320;9966;302946620
VSMO;D;20250811;000000;33000;35460;32280;34180;19198;653267040
VSMO;D;20250812;000000;34220;34380;33420;33720;4091;138043940
VSMO;D;20250813;000000;33780;35400;33780;35020;7750;269132220
VSMO;D;20250814;000000;35020;36340;34440;36220;9400;332718120
VSMO;D;20250815;000000;36760;36780;35300;35940;6740;243760920
VSMO;D;20250818;000000;35000;35460;33300;35220;8151;282226100
VSMO;D;20250819;000000;35200;35740;34280;34580;3999;140177400
VSMO;D;20250820;000000;34380;35000;33640;34180;2575;88293100
VSMO;D;20250821;000000;34180;34180;32000;32380;5763;190448620
VSMO;D;20250822;000000;32480;33680;32240;33520;4097;135786120
VSMO;D;20250825;000000;33500;33560;31440;32500;9746;313776420
VSMO;D;20250826;000000;32540;35720;32460;35180;24841;866679820
VSMO;D;20250827;000000;35180;36060;34200;35600;11969;421682780
VSMO;D;20250828;000000;35700;35740;33920;34320;6003;209052400
VSMO;D;20250829;000000;34380;35420;34320;35120;4570;159858660
VSMO;D;20250901;000000;35120;35380;34600;34940;2917;102196760
VSMO;D;20250902;000000;34820;34980;34020;34660;2356;81592140
VSMO;D;20250903;000000;34680;34880;34020;34540;1438;49378220
VSMO;D;20250904;000000;34360;34960;34360;34600;1099;38123260
VSMO;D;20250905;000000;34620;34800;34580;34680;653;22672820
VSMO;D;20250908;000000;34760;35600;34260;34940;3997;139842440
VSMO;D;20250909;000000;35080;35200;34020;34500;2631;90959060
VSMO;D;20250910;000000;34660;34820;34060;34540;1178;40586380
VSMO;D;20250911;000000;34460;35000;34200;34460;1526;52734480
VSMO;D;20250912;000000;34540;34560;33500;33700;1805;61352240
VSMO;D;20250915;000000;33720;34180;32920;33120;1479;49349480
VSMO;D;20250916;000000;33240;33880;33040;33640;918;30669380
VSMO;D;20250917;000000;33740;34100;33600;33900;734;24857580
VSMO;D;20250918;000000;34080;34120;33320;33340;850;28606640
VSMO;D;20250919;000000;33460;33460;31780;31860;1959;63667180
VSMO;D;20250922;000000;31680;32020;30820;31600;2173;68199260
VSMO;D;20250923;000000;31540;32280;30620;30880;1756;55334160
VSMO;D;20250924;000000;30900;31420;30320;31100;1488;46056760
VSMO;D;20250925;000000;31100;31100;30540;30600;534;16482000
VSMO;D;20250926;000000;30560;30900;30480;30840;542;16640240
VSMO;D;20250929;000000;31020;31020;30020;30140;1102;33596800
VSMO;D;20250930;000000;30180;30480;29860;30200;1072;32336300
VSMO;D;20251001;000000;30420;30420;29000;29380;1377;40899480
VSMO;D;20251002;000000;29380;29480;28000;28160;1402;40059740
VSMO;D;20251003;000000;28160;29120;27280;27760;3354;93902000
VSMO;D;20251006;000000;27760;29660;27300;29560;3612;103835360
VSMO;D;20251007;000000;29480;30120;29100;29960;1478;43959700
VSMO;D;20251008;000000;29960;30300;28020;28760;2266;66112200
VSMO;D;20251009;000000;28780;29460;28080;29060;1664;48097660
VSMO;D;20251010;000000;29360;29360;28580;28780;962;27821960
VSMO;D;20251013;000000;28600;29240;28300;28380;932;26775540
VSMO;D;20251014;000000;28560;28620;27820;28100;813;22873120
VSMO;D;20251015;000000;28280;28320;27480;27860;907;25309900
VSMO;D;20251016;000000;28000;30600;27600;30580;5044;147114140
VSMO;D;20251017;000000;30600;31820;30240;30740;3584;110676460
VSMO;D;20251020;000000;30940;31680;30640;30860;2922;90806600
VSMO;D;20251021;000000;30960;30960;28800;29480;3207;95256340
VSMO;D;20251022;000000;29600;30020;28380;28800;1529;44768440
VSMO;D;20251023;000000;28660;28680;28080;28500;1523;43178480
VSMO;D;20251024;000000;28600;29200;28100;28480;876;24943640
VSMO;D;20251027;000000;28880;28880;27700;27720;952;26630440
VSMO;D;20251028;000000;27720;28560;27500;28560;875;24726100
VSMO;D;20251029;000000;28460;28680;28460;28580;346;9880240
VSMO;D;20251030;000000;28740;29000;28340;28920;573;16503500
VSMO;D;20251031;000000;28760;29180;28120;28280;626;17888680
VSMO;D;20251101;000000;28200;28660;28200;28360;393;11176960
VSMO;D;20251103;000000;28420;28900;28420;28800;331;9518440
VSMO;D;20251105;000000;28560;28980;28460;28620;372;10657760
VSMO;D;20251106;000000;28700;28820;28360;28600;373;10636400
VSMO;D;20251107;000000;28440;29100;28440;28740;858;24767040
VSMO;D;20251110;000000;28740;29060;28600;28700;1036;29887520
VSMO;D;20251111;000000;28760;28880;28540;28660;477;13671220
VSMO;D;20251112;000000;28720;28740;28440;28540;727;20749440
VSMO;D;20251113;000000;28600;28760;28440;28640;793;22658440
VSMO;D;20251114;000000;28820;28820;28280;28600;847;24093580
VSMO;D;20251117;000000;28520;28640;28240;28300;629;17861500
VSMO;D;20251118;000000;28260;29760;28260;29520;3294;96177120
VSMO;D;20251119;000000;29680;30500;29300;29700;3096;92668000
VSMO;D;20251120;000000;29780;30600;29560;30500;2491;74842500
VSMO;D;20251121;000000;30500;30920;30140;30280;2058;62625580
VSMO;D;20251124;000000;30660;31660;30640;31040;3656;114350140
VSMO;D;20251125;000000;31060;32100;30920;31920;3327;105071580
VSMO;D;20251126;000000;31920;31920;31540;31740;944;29914760
VSMO;D;20251127;000000;31740;31900;30100;30760;2138;66126060
VSMO;D;20251128;000000;30400;31700;30400;31400;1585;49378720
VSMO;D;20251201;000000;31380;31800;31320;31640;1245;39314720
VSMO;D;20251202;000000;31560;31740;31240;31400;927;29126540
VSMO;D;20251203;000000;31040;31040;30240;30980;1027;31554400
VSMO;D;20251204;000000;31100;31380;31020;31140;723;22566200
VSMO;D;20251205;000000;31040;31820;31040;31580;1038;32810420
VSMO;D;20251208;000000;31760;32000;31380;31520;1267;40145960
VSMO;D;20251209;000000;31560;31960;31240;31740;829;26206720
VSMO;D;20251210;000000;31740;31860;31600;31700;326;10341080
VSMO;D;20251211;000000;31800;32520;31700;32180;2353;75700580
VSMO;D;20251212;000000;32200;32400;31340;31360;1431;45600420
VSMO;D;20251215;000000;31540;32140;31440;32040;1343;42775220
VSMO;D;20251216;000000;31980;32340;31980;32280;681;21950420
VSMO;D;20251217;000000;32300;32900;31800;32300;3486;112984780
VSMO;D;20251218;000000;32340;32460;32120;32280;727;23479400
VSMO;D;20251219;000000;32260;32540;31920;32260;1295;41763340
VSMO;D;20251222;000000;32200;32880;31800;32320;3291;106697880
VSMO;D;20251223;000000;32180;32540;32100;32340;1220;39430440
VSMO;D;20251224;000000;32260;32360;32020;32240;666;21443820
VSMO;D;20251225;000000;32340;32340;31080;31420;1487;47149060
VSMO;D;20251226;000000;31460;32140;31220;31980;1624;51749440
VSMO;D;20251229;000000;31960;32340;31160;31480;2385;75817800
VSMO;D;20251230;000000;31380;31600;31280;31360;696;21881380
VSMO;D;20260105;000000;31320;31500;30700;30920;949;29380940
VSMO;D;20260106;000000;30860;31100;30820;30960;489;15152100
VSMO;D;20260108;000000;30820;30920;30060;30260;1007;30515400
VSMO;D;20260109;000000;30300;31160;30060;30920;1353;41566860
VSMO;D;20260112;000000;30900;31180;30720;30820;801;24794920
VSMO;D;20260113;000000;30780;30980;30400;30620;656;20086560
